ContentsCode_kode,år_kode,bydel_kode,sosialhjelpsmottakere og berørte_kode,statistikkvariabel_kode,ContentsCode_navn,år_navn,bydel_navn,sosialhjelpsmottakere og berørte_navn,statistikkvariabel_navn,verdi
EliminatedValue,0,0,0,0,Sosialhjelpsmottakere og berørte etter bydel (B),2005,Oslo i alt,Sosialhjelpsmottakere i alt,Antall,18788
EliminatedValue,0,0,1,0,Sosialhjelpsmottakere og berørte etter bydel (B),2005,Oslo i alt,Berørte av sosialhjelp,Antall,32078
EliminatedValue,0,0,2,0,Sosialhjelpsmottakere og berørte etter bydel (B),2005,Oslo i alt,Berørte ektefeller/samboere,Antall,4157
EliminatedValue,0,0,3,0,Sosialhjelpsmottakere og berørte etter bydel (B),2005,Oslo i alt,Berørte barn i alt,Antall,9133
EliminatedValue,0,0,4,0,Sosialhjelpsmottakere og berørte etter bydel (B),2005,Oslo i alt,Barn av par,Antall,5024
EliminatedValue,0,0,5,0,Sosialhjelpsmottakere og berørte etter bydel (B),2005,Oslo i alt,Barn av enslig forsørger,Antall,4109
EliminatedValue,0,1,0,0,Sosialhjelpsmottakere og berørte etter bydel (B),2005,Sum bydeler,Sosialhjelpsmottakere i alt,Antall,20114
EliminatedValue,0,1,1,0,Sosialhjelpsmottakere og berørte etter bydel (B),2005,Sum bydeler,Berørte av sosialhjelp,Antall,34265
EliminatedValue,0,1,2,0,Sosialhjelpsmottakere og berørte etter bydel (B),2005,Sum bydeler,Berørte ektefeller/samboere,Antall,4448
EliminatedValue,0,1,3,0,Sosialhjelpsmottakere og berørte etter bydel (B),2005,Sum bydeler,Berørte barn i alt,Antall,9703
EliminatedValue,0,1,4,0,Sosialhjelpsmottakere og berørte etter bydel (B),2005,Sum bydeler,Barn av par,Antall,5364
EliminatedValue,0,1,5,0,Sosialhjelpsmottakere og berørte etter bydel (B),2005,Sum bydeler,Barn av enslig forsørger,Antall,4339
EliminatedValue,0,2,0,0,Sosialhjelpsmottakere og berørte etter bydel (B),2005,Bydel Gamle Oslo,Sosialhjelpsmottakere i alt,Antall,2795
EliminatedValue,0,2,1,0,Sosialhjelpsmottakere og berørte etter bydel (B),2005,Bydel Gamle Oslo,Berørte av sosialhjelp,Antall,4975
EliminatedValue,0,2,2,0,Sosialhjelpsmottakere og berørte etter bydel (B),2005,Bydel Gamle Oslo,Berørte ektefeller/samboere,Antall,698
EliminatedValue,0,2,3,0,Sosialhjelpsmottakere og berørte etter bydel (B),2005,Bydel Gamle Oslo,Berørte barn i alt,Antall,1482
EliminatedValue,0,2,4,0,Sosialhjelpsmottakere og berørte etter bydel (B),2005,Bydel Gamle Oslo,Barn av par,Antall,822
EliminatedValue,0,2,5,0,Sosialhjelpsmottakere og berørte etter bydel (B),2005,Bydel Gamle Oslo,Barn av enslig forsørger,Antall,660
EliminatedValue,0,3,0,0,Sosialhjelpsmottakere og berørte etter bydel (B),2005,Bydel Grünerløkka,Sosialhjelpsmottakere i alt,Antall,2501
EliminatedValue,0,3,1,0,Sosialhjelpsmottakere og berørte etter bydel (B),2005,Bydel Grünerløkka,Berørte av sosialhjelp,Antall,3961
EliminatedValue,0,3,2,0,Sosialhjelpsmottakere og berørte etter bydel (B),2005,Bydel Grünerløkka,Berørte ektefeller/samboere,Antall,528
EliminatedValue,0,3,3,0,Sosialhjelpsmottakere og berørte etter bydel (B),2005,Bydel Grünerløkka,Berørte barn i alt,Antall,932
EliminatedValue,0,3,4,0,Sosialhjelpsmottakere og berørte etter bydel (B),2005,Bydel Grünerløkka,Barn av par,Antall,528
EliminatedValue,0,3,5,0,Sosialhjelpsmottakere og berørte etter bydel (B),2005,Bydel Grünerløkka,Barn av enslig forsørger,Antall,404
EliminatedValue,0,4,0,0,Sosialhjelpsmottakere og berørte etter bydel (B),2005,Bydel Sagene,Sosialhjelpsmottakere i alt,Antall,1832
EliminatedValue,0,4,1,0,Sosialhjelpsmottakere og berørte etter bydel (B),2005,Bydel Sagene,Berørte av sosialhjelp,Antall,2678
EliminatedValue,0,4,2,0,Sosialhjelpsmottakere og berørte etter bydel (B),2005,Bydel Sagene,Berørte ektefeller/samboere,Antall,296
EliminatedValue,0,4,3,0,Sosialhjelpsmottakere og berørte etter bydel (B),2005,Bydel Sagene,Berørte barn i alt,Antall,550
EliminatedValue,0,4,4,0,Sosialhjelpsmottakere og berørte etter bydel (B),2005,Bydel Sagene,Barn av par,Antall,259
EliminatedValue,0,4,5,0,Sosialhjelpsmottakere og berørte etter bydel (B),2005,Bydel Sagene,Barn av enslig forsørger,Antall,291
EliminatedValue,0,5,0,0,Sosialhjelpsmottakere og berørte etter bydel (B),2005,Bydel St.Hanshaugen,Sosialhjelpsmottakere i alt,Antall,1124
EliminatedValue,0,5,1,0,Sosialhjelpsmottakere og berørte etter bydel (B),2005,Bydel St.Hanshaugen,Berørte av sosialhjelp,Antall,1558
EliminatedValue,0,5,2,0,Sosialhjelpsmottakere og berørte etter bydel (B),2005,Bydel St.Hanshaugen,Berørte ektefeller/samboere,Antall,173
EliminatedValue,0,5,3,0,Sosialhjelpsmottakere og berørte etter bydel (B),2005,Bydel St.Hanshaugen,Berørte barn i alt,Antall,261
EliminatedValue,0,5,4,0,Sosialhjelpsmottakere og berørte etter bydel (B),2005,Bydel St.Hanshaugen,Barn av par,Antall,127
EliminatedValue,0,5,5,0,Sosialhjelpsmottakere og berørte etter bydel (B),2005,Bydel St.Hanshaugen,Barn av enslig forsørger,Antall,134
EliminatedValue,0,6,0,0,Sosialhjelpsmottakere og berørte etter bydel (B),2005,Bydel Frogner,Sosialhjelpsmottakere i alt,Antall,1323
EliminatedValue,0,6,1,0,Sosialhjelpsmottakere og berørte etter bydel (B),2005,Bydel Frogner,Berørte av sosialhjelp,Antall,1780
EliminatedValue,0,6,2,0,Sosialhjelpsmottakere og berørte etter bydel (B),2005,Bydel Frogner,Berørte ektefeller/samboere,Antall,149
EliminatedValue,0,6,3,0,Sosialhjelpsmottakere og berørte etter bydel (B),2005,Bydel Frogner,Berørte barn i alt,Antall,308
EliminatedValue,0,6,4,0,Sosialhjelpsmottakere og berørte etter bydel (B),2005,Bydel Frogner,Barn av par,Antall,132
EliminatedValue,0,6,5,0,Sosialhjelpsmottakere og berørte etter bydel (B),2005,Bydel Frogner,Barn av enslig forsørger,Antall,176
EliminatedValue,0,7,0,0,Sosialhjelpsmottakere og berørte etter bydel (B),2005,Bydel Ullern,Sosialhjelpsmottakere i alt,Antall,371
EliminatedValue,0,7,1,0,Sosialhjelpsmottakere og berørte etter bydel (B),2005,Bydel Ullern,Berørte av sosialhjelp,Antall,554
EliminatedValue,0,7,2,0,Sosialhjelpsmottakere og berørte etter bydel (B),2005,Bydel Ullern,Berørte ektefeller/samboere,Antall,72
EliminatedValue,0,7,3,0,Sosialhjelpsmottakere og berørte etter bydel (B),2005,Bydel Ullern,Berørte barn i alt,Antall,111
EliminatedValue,0,7,4,0,Sosialhjelpsmottakere og berørte etter bydel (B),2005,Bydel Ullern,Barn av par,Antall,60
EliminatedValue,0,7,5,0,Sosialhjelpsmottakere og berørte etter bydel (B),2005,Bydel Ullern,Barn av enslig forsørger,Antall,51
EliminatedValue,0,8,0,0,Sosialhjelpsmottakere og berørte etter bydel (B),2005,Bydel Vestre Aker,Sosialhjelpsmottakere i alt,Antall,611
EliminatedValue,0,8,1,0,Sosialhjelpsmottakere og berørte etter bydel (B),2005,Bydel Vestre Aker,Berørte av sosialhjelp,Antall,949
EliminatedValue,0,8,2,0,Sosialhjelpsmottakere og berørte etter bydel (B),2005,Bydel Vestre Aker,Berørte ektefeller/samboere,Antall,106
EliminatedValue,0,8,3,0,Sosialhjelpsmottakere og berørte etter bydel (B),2005,Bydel Vestre Aker,Berørte barn i alt,Antall,232
EliminatedValue,0,8,4,0,Sosialhjelpsmottakere og berørte etter bydel (B),2005,Bydel Vestre Aker,Barn av par,Antall,111
EliminatedValue,0,8,5,0,Sosialhjelpsmottakere og berørte etter bydel (B),2005,Bydel Vestre Aker,Barn av enslig forsørger,Antall,121
EliminatedValue,0,9,0,0,Sosialhjelpsmottakere og berørte etter bydel (B),2005,Bydel Nordre Aker,Sosialhjelpsmottakere i alt,Antall,1143
EliminatedValue,0,9,1,0,Sosialhjelpsmottakere og berørte etter bydel (B),2005,Bydel Nordre Aker,Berørte av sosialhjelp,Antall,1705
EliminatedValue,0,9,2,0,Sosialhjelpsmottakere og berørte etter bydel (B),2005,Bydel Nordre Aker,Berørte ektefeller/samboere,Antall,232
EliminatedValue,0,9,3,0,Sosialhjelpsmottakere og berørte etter bydel (B),2005,Bydel Nordre Aker,Berørte barn i alt,Antall,330
EliminatedValue,0,9,4,0,Sosialhjelpsmottakere og berørte etter bydel (B),2005,Bydel Nordre Aker,Barn av par,Antall,161
EliminatedValue,0,9,5,0,Sosialhjelpsmottakere og berørte etter bydel (B),2005,Bydel Nordre Aker,Barn av enslig forsørger,Antall,169
EliminatedValue,0,10,0,0,Sosialhjelpsmottakere og berørte etter bydel (B),2005,Bydel Bjerke,Sosialhjelpsmottakere i alt,Antall,971
EliminatedValue,0,10,1,0,Sosialhjelpsmottakere og berørte etter bydel (B),2005,Bydel Bjerke,Berørte av sosialhjelp,Antall,1961
EliminatedValue,0,10,2,0,Sosialhjelpsmottakere og berørte etter bydel (B),2005,Bydel Bjerke,Berørte ektefeller/samboere,Antall,288
EliminatedValue,0,10,3,0,Sosialhjelpsmottakere og berørte etter bydel (B),2005,Bydel Bjerke,Berørte barn i alt,Antall,702
EliminatedValue,0,10,4,0,Sosialhjelpsmottakere og berørte etter bydel (B),2005,Bydel Bjerke,Barn av par,Antall,435
EliminatedValue,0,10,5,0,Sosialhjelpsmottakere og berørte etter bydel (B),2005,Bydel Bjerke,Barn av enslig forsørger,Antall,267
EliminatedValue,0,11,0,0,Sosialhjelpsmottakere og berørte etter bydel (B),2005,Bydel Grorud,Sosialhjelpsmottakere i alt,Antall,1309
EliminatedValue,0,11,1,0,Sosialhjelpsmottakere og berørte etter bydel (B),2005,Bydel Grorud,Berørte av sosialhjelp,Antall,2293
EliminatedValue,0,11,2,0,Sosialhjelpsmottakere og berørte etter bydel (B),2005,Bydel Grorud,Berørte ektefeller/samboere,Antall,308
EliminatedValue,0,11,3,0,Sosialhjelpsmottakere og berørte etter bydel (B),2005,Bydel Grorud,Berørte barn i alt,Antall,676
EliminatedValue,0,11,4,0,Sosialhjelpsmottakere og berørte etter bydel (B),2005,Bydel Grorud,Barn av par,Antall,368
EliminatedValue,0,11,5,0,Sosialhjelpsmottakere og berørte etter bydel (B),2005,Bydel Grorud,Barn av enslig forsørger,Antall,308
EliminatedValue,0,12,0,0,Sosialhjelpsmottakere og berørte etter bydel (B),2005,Bydel Stovner,Sosialhjelpsmottakere i alt,Antall,1015
EliminatedValue,0,12,1,0,Sosialhjelpsmottakere og berørte etter bydel (B),2005,Bydel Stovner,Berørte av sosialhjelp,Antall,2070
EliminatedValue,0,12,2,0,Sosialhjelpsmottakere og berørte etter bydel (B),2005,Bydel Stovner,Berørte ektefeller/samboere,Antall,289
EliminatedValue,0,12,3,0,Sosialhjelpsmottakere og berørte etter bydel (B),2005,Bydel Stovner,Berørte barn i alt,Antall,766
EliminatedValue,0,12,4,0,Sosialhjelpsmottakere og berørte etter bydel (B),2005,Bydel Stovner,Barn av par,Antall,470
EliminatedValue,0,12,5,0,Sosialhjelpsmottakere og berørte etter bydel (B),2005,Bydel Stovner,Barn av enslig forsørger,Antall,296
EliminatedValue,0,13,0,0,Sosialhjelpsmottakere og berørte etter bydel (B),2005,Bydel Alna,Sosialhjelpsmottakere i alt,Antall,1173
EliminatedValue,0,13,1,0,Sosialhjelpsmottakere og berørte etter bydel (B),2005,Bydel Alna,Berørte av sosialhjelp,Antall,2303
EliminatedValue,0,13,2,0,Sosialhjelpsmottakere og berørte etter bydel (B),2005,Bydel Alna,Berørte ektefeller/samboere,Antall,323
EliminatedValue,0,13,3,0,Sosialhjelpsmottakere og berørte etter bydel (B),2005,Bydel Alna,Berørte barn i alt,Antall,807
EliminatedValue,0,13,4,0,Sosialhjelpsmottakere og berørte etter bydel (B),2005,Bydel Alna,Barn av par,Antall,499
EliminatedValue,0,13,5,0,Sosialhjelpsmottakere og berørte etter bydel (B),2005,Bydel Alna,Barn av enslig forsørger,Antall,308
EliminatedValue,0,14,0,0,Sosialhjelpsmottakere og berørte etter bydel (B),2005,Bydel Østensjø,Sosialhjelpsmottakere i alt,Antall,1328
EliminatedValue,0,14,1,0,Sosialhjelpsmottakere og berørte etter bydel (B),2005,Bydel Østensjø,Berørte av sosialhjelp,Antall,2358
EliminatedValue,0,14,2,0,Sosialhjelpsmottakere og berørte etter bydel (B),2005,Bydel Østensjø,Berørte ektefeller/samboere,Antall,303
EliminatedValue,0,14,3,0,Sosialhjelpsmottakere og berørte etter bydel (B),2005,Bydel Østensjø,Berørte barn i alt,Antall,727
EliminatedValue,0,14,4,0,Sosialhjelpsmottakere og berørte etter bydel (B),2005,Bydel Østensjø,Barn av par,Antall,374
EliminatedValue,0,14,5,0,Sosialhjelpsmottakere og berørte etter bydel (B),2005,Bydel Østensjø,Barn av enslig forsørger,Antall,353
EliminatedValue,0,15,0,0,Sosialhjelpsmottakere og berørte etter bydel (B),2005,Bydel Nordstrand,Sosialhjelpsmottakere i alt,Antall,1026
EliminatedValue,0,15,1,0,Sosialhjelpsmottakere og berørte etter bydel (B),2005,Bydel Nordstrand,Berørte av sosialhjelp,Antall,1657
EliminatedValue,0,15,2,0,Sosialhjelpsmottakere og berørte etter bydel (B),2005,Bydel Nordstrand,Berørte ektefeller/samboere,Antall,215
EliminatedValue,0,15,3,0,Sosialhjelpsmottakere og berørte etter bydel (B),2005,Bydel Nordstrand,Berørte barn i alt,Antall,416
EliminatedValue,0,15,4,0,Sosialhjelpsmottakere og berørte etter bydel (B),2005,Bydel Nordstrand,Barn av par,Antall,214
EliminatedValue,0,15,5,0,Sosialhjelpsmottakere og berørte etter bydel (B),2005,Bydel Nordstrand,Barn av enslig forsørger,Antall,202
EliminatedValue,0,16,0,0,Sosialhjelpsmottakere og berørte etter bydel (B),2005,Bydel Søndre Nordstrand,Sosialhjelpsmottakere i alt,Antall,1592
EliminatedValue,0,16,1,0,Sosialhjelpsmottakere og berørte etter bydel (B),2005,Bydel Søndre Nordstrand,Berørte av sosialhjelp,Antall,3463
EliminatedValue,0,16,2,0,Sosialhjelpsmottakere og berørte etter bydel (B),2005,Bydel Søndre Nordstrand,Berørte ektefeller/samboere,Antall,468
EliminatedValue,0,16,3,0,Sosialhjelpsmottakere og berørte etter bydel (B),2005,Bydel Søndre Nordstrand,Berørte barn i alt,Antall,1403
EliminatedValue,0,16,4,0,Sosialhjelpsmottakere og berørte etter bydel (B),2005,Bydel Søndre Nordstrand,Barn av par,Antall,804
EliminatedValue,0,16,5,0,Sosialhjelpsmottakere og berørte etter bydel (B),2005,Bydel Søndre Nordstrand,Barn av enslig forsørger,Antall,599
EliminatedValue,1,0,0,0,Sosialhjelpsmottakere og berørte etter bydel (B),2006,Oslo i alt,Sosialhjelpsmottakere i alt,Antall,18477
EliminatedValue,1,0,1,0,Sosialhjelpsmottakere og berørte etter bydel (B),2006,Oslo i alt,Berørte av sosialhjelp,Antall,32073
EliminatedValue,1,0,2,0,Sosialhjelpsmottakere og berørte etter bydel (B),2006,Oslo i alt,Berørte ektefeller/samboere,Antall,4040
EliminatedValue,1,0,3,0,Sosialhjelpsmottakere og berørte etter bydel (B),2006,Oslo i alt,Berørte barn i alt,Antall,9556
EliminatedValue,1,0,4,0,Sosialhjelpsmottakere og berørte etter bydel (B),2006,Oslo i alt,Barn av par,Antall,5236
EliminatedValue,1,0,5,0,Sosialhjelpsmottakere og berørte etter bydel (B),2006,Oslo i alt,Barn av enslig forsørger,Antall,4320
EliminatedValue,1,1,0,0,Sosialhjelpsmottakere og berørte etter bydel (B),2006,Sum bydeler,Sosialhjelpsmottakere i alt,Antall,19952
EliminatedValue,1,1,1,0,Sosialhjelpsmottakere og berørte etter bydel (B),2006,Sum bydeler,Berørte av sosialhjelp,Antall,34486
EliminatedValue,1,1,2,0,Sosialhjelpsmottakere og berørte etter bydel (B),2006,Sum bydeler,Berørte ektefeller/samboere,Antall,4382
EliminatedValue,1,1,3,0,Sosialhjelpsmottakere og berørte etter bydel (B),2006,Sum bydeler,Berørte barn i alt,Antall,10152
EliminatedValue,1,1,4,0,Sosialhjelpsmottakere og berørte etter bydel (B),2006,Sum bydeler,Barn av par,Antall,5599
EliminatedValue,1,1,5,0,Sosialhjelpsmottakere og berørte etter bydel (B),2006,Sum bydeler,Barn av enslig forsørger,Antall,4553
EliminatedValue,1,2,0,0,Sosialhjelpsmottakere og berørte etter bydel (B),2006,Bydel Gamle Oslo,Sosialhjelpsmottakere i alt,Antall,2628
EliminatedValue,1,2,1,0,Sosialhjelpsmottakere og berørte etter bydel (B),2006,Bydel Gamle Oslo,Berørte av sosialhjelp,Antall,4751
EliminatedValue,1,2,2,0,Sosialhjelpsmottakere og berørte etter bydel (B),2006,Bydel Gamle Oslo,Berørte ektefeller/samboere,Antall,666
EliminatedValue,1,2,3,0,Sosialhjelpsmottakere og berørte etter bydel (B),2006,Bydel Gamle Oslo,Berørte barn i alt,Antall,1457
EliminatedValue,1,2,4,0,Sosialhjelpsmottakere og berørte etter bydel (B),2006,Bydel Gamle Oslo,Barn av par,Antall,822
EliminatedValue,1,2,5,0,Sosialhjelpsmottakere og berørte etter bydel (B),2006,Bydel Gamle Oslo,Barn av enslig forsørger,Antall,635
EliminatedValue,1,3,0,0,Sosialhjelpsmottakere og berørte etter bydel (B),2006,Bydel Grünerløkka,Sosialhjelpsmottakere i alt,Antall,2444
EliminatedValue,1,3,1,0,Sosialhjelpsmottakere og berørte etter bydel (B),2006,Bydel Grünerløkka,Berørte av sosialhjelp,Antall,3882
EliminatedValue,1,3,2,0,Sosialhjelpsmottakere og berørte etter bydel (B),2006,Bydel Grünerløkka,Berørte ektefeller/samboere,Antall,506
EliminatedValue,1,3,3,0,Sosialhjelpsmottakere og berørte etter bydel (B),2006,Bydel Grünerløkka,Berørte barn i alt,Antall,932
EliminatedValue,1,3,4,0,Sosialhjelpsmottakere og berørte etter bydel (B),2006,Bydel Grünerløkka,Barn av par,Antall,488
EliminatedValue,1,3,5,0,Sosialhjelpsmottakere og berørte etter bydel (B),2006,Bydel Grünerløkka,Barn av enslig forsørger,Antall,444
EliminatedValue,1,4,0,0,Sosialhjelpsmottakere og berørte etter bydel (B),2006,Bydel Sagene,Sosialhjelpsmottakere i alt,Antall,1895
EliminatedValue,1,4,1,0,Sosialhjelpsmottakere og berørte etter bydel (B),2006,Bydel Sagene,Berørte av sosialhjelp,Antall,2877
EliminatedValue,1,4,2,0,Sosialhjelpsmottakere og berørte etter bydel (B),2006,Bydel Sagene,Berørte ektefeller/samboere,Antall,332
EliminatedValue,1,4,3,0,Sosialhjelpsmottakere og berørte etter bydel (B),2006,Bydel Sagene,Berørte barn i alt,Antall,650
EliminatedValue,1,4,4,0,Sosialhjelpsmottakere og berørte etter bydel (B),2006,Bydel Sagene,Barn av par,Antall,328
EliminatedValue,1,4,5,0,Sosialhjelpsmottakere og berørte etter bydel (B),2006,Bydel Sagene,Barn av enslig forsørger,Antall,322
EliminatedValue,1,5,0,0,Sosialhjelpsmottakere og berørte etter bydel (B),2006,Bydel St.Hanshaugen,Sosialhjelpsmottakere i alt,Antall,1141
EliminatedValue,1,5,1,0,Sosialhjelpsmottakere og berørte etter bydel (B),2006,Bydel St.Hanshaugen,Berørte av sosialhjelp,Antall,1546
EliminatedValue,1,5,2,0,Sosialhjelpsmottakere og berørte etter bydel (B),2006,Bydel St.Hanshaugen,Berørte ektefeller/samboere,Antall,165
EliminatedValue,1,5,3,0,Sosialhjelpsmottakere og berørte etter bydel (B),2006,Bydel St.Hanshaugen,Berørte barn i alt,Antall,240
EliminatedValue,1,5,4,0,Sosialhjelpsmottakere og berørte etter bydel (B),2006,Bydel St.Hanshaugen,Barn av par,Antall,126
EliminatedValue,1,5,5,0,Sosialhjelpsmottakere og berørte etter bydel (B),2006,Bydel St.Hanshaugen,Barn av enslig forsørger,Antall,114
EliminatedValue,1,6,0,0,Sosialhjelpsmottakere og berørte etter bydel (B),2006,Bydel Frogner,Sosialhjelpsmottakere i alt,Antall,1272
EliminatedValue,1,6,1,0,Sosialhjelpsmottakere og berørte etter bydel (B),2006,Bydel Frogner,Berørte av sosialhjelp,Antall,1749
EliminatedValue,1,6,2,0,Sosialhjelpsmottakere og berørte etter bydel (B),2006,Bydel Frogner,Berørte ektefeller/samboere,Antall,157
EliminatedValue,1,6,3,0,Sosialhjelpsmottakere og berørte etter bydel (B),2006,Bydel Frogner,Berørte barn i alt,Antall,320
EliminatedValue,1,6,4,0,Sosialhjelpsmottakere og berørte etter bydel (B),2006,Bydel Frogner,Barn av par,Antall,154
EliminatedValue,1,6,5,0,Sosialhjelpsmottakere og berørte etter bydel (B),2006,Bydel Frogner,Barn av enslig forsørger,Antall,166
EliminatedValue,1,7,0,0,Sosialhjelpsmottakere og berørte etter bydel (B),2006,Bydel Ullern,Sosialhjelpsmottakere i alt,Antall,376
EliminatedValue,1,7,1,0,Sosialhjelpsmottakere og berørte etter bydel (B),2006,Bydel Ullern,Berørte av sosialhjelp,Antall,573
EliminatedValue,1,7,2,0,Sosialhjelpsmottakere og berørte etter bydel (B),2006,Bydel Ullern,Berørte ektefeller/samboere,Antall,74
EliminatedValue,1,7,3,0,Sosialhjelpsmottakere og berørte etter bydel (B),2006,Bydel Ullern,Berørte barn i alt,Antall,123
EliminatedValue,1,7,4,0,Sosialhjelpsmottakere og berørte etter bydel (B),2006,Bydel Ullern,Barn av par,Antall,68
EliminatedValue,1,7,5,0,Sosialhjelpsmottakere og berørte etter bydel (B),2006,Bydel Ullern,Barn av enslig forsørger,Antall,55
EliminatedValue,1,8,0,0,Sosialhjelpsmottakere og berørte etter bydel (B),2006,Bydel Vestre Aker,Sosialhjelpsmottakere i alt,Antall,557
EliminatedValue,1,8,1,0,Sosialhjelpsmottakere og berørte etter bydel (B),2006,Bydel Vestre Aker,Berørte av sosialhjelp,Antall,914
EliminatedValue,1,8,2,0,Sosialhjelpsmottakere og berørte etter bydel (B),2006,Bydel Vestre Aker,Berørte ektefeller/samboere,Antall,109
EliminatedValue,1,8,3,0,Sosialhjelpsmottakere og berørte etter bydel (B),2006,Bydel Vestre Aker,Berørte barn i alt,Antall,248
EliminatedValue,1,8,4,0,Sosialhjelpsmottakere og berørte etter bydel (B),2006,Bydel Vestre Aker,Barn av par,Antall,116
EliminatedValue,1,8,5,0,Sosialhjelpsmottakere og berørte etter bydel (B),2006,Bydel Vestre Aker,Barn av enslig forsørger,Antall,132
EliminatedValue,1,9,0,0,Sosialhjelpsmottakere og berørte etter bydel (B),2006,Bydel Nordre Aker,Sosialhjelpsmottakere i alt,Antall,1052
EliminatedValue,1,9,1,0,Sosialhjelpsmottakere og berørte etter bydel (B),2006,Bydel Nordre Aker,Berørte av sosialhjelp,Antall,1513
EliminatedValue,1,9,2,0,Sosialhjelpsmottakere og berørte etter bydel (B),2006,Bydel Nordre Aker,Berørte ektefeller/samboere,Antall,190
EliminatedValue,1,9,3,0,Sosialhjelpsmottakere og berørte etter bydel (B),2006,Bydel Nordre Aker,Berørte barn i alt,Antall,271
EliminatedValue,1,9,4,0,Sosialhjelpsmottakere og berørte etter bydel (B),2006,Bydel Nordre Aker,Barn av par,Antall,121
EliminatedValue,1,9,5,0,Sosialhjelpsmottakere og berørte etter bydel (B),2006,Bydel Nordre Aker,Barn av enslig forsørger,Antall,150
EliminatedValue,1,10,0,0,Sosialhjelpsmottakere og berørte etter bydel (B),2006,Bydel Bjerke,Sosialhjelpsmottakere i alt,Antall,1027
EliminatedValue,1,10,1,0,Sosialhjelpsmottakere og berørte etter bydel (B),2006,Bydel Bjerke,Berørte av sosialhjelp,Antall,2055
EliminatedValue,1,10,2,0,Sosialhjelpsmottakere og berørte etter bydel (B),2006,Bydel Bjerke,Berørte ektefeller/samboere,Antall,301
EliminatedValue,1,10,3,0,Sosialhjelpsmottakere og berørte etter bydel (B),2006,Bydel Bjerke,Berørte barn i alt,Antall,727
EliminatedValue,1,10,4,0,Sosialhjelpsmottakere og berørte etter bydel (B),2006,Bydel Bjerke,Barn av par,Antall,434
EliminatedValue,1,10,5,0,Sosialhjelpsmottakere og berørte etter bydel (B),2006,Bydel Bjerke,Barn av enslig forsørger,Antall,293
EliminatedValue,1,11,0,0,Sosialhjelpsmottakere og berørte etter bydel (B),2006,Bydel Grorud,Sosialhjelpsmottakere i alt,Antall,1251
EliminatedValue,1,11,1,0,Sosialhjelpsmottakere og berørte etter bydel (B),2006,Bydel Grorud,Berørte av sosialhjelp,Antall,2267
EliminatedValue,1,11,2,0,Sosialhjelpsmottakere og berørte etter bydel (B),2006,Bydel Grorud,Berørte ektefeller/samboere,Antall,292
EliminatedValue,1,11,3,0,Sosialhjelpsmottakere og berørte etter bydel (B),2006,Bydel Grorud,Berørte barn i alt,Antall,724
EliminatedValue,1,11,4,0,Sosialhjelpsmottakere og berørte etter bydel (B),2006,Bydel Grorud,Barn av par,Antall,380
EliminatedValue,1,11,5,0,Sosialhjelpsmottakere og berørte etter bydel (B),2006,Bydel Grorud,Barn av enslig forsørger,Antall,344
EliminatedValue,1,12,0,0,Sosialhjelpsmottakere og berørte etter bydel (B),2006,Bydel Stovner,Sosialhjelpsmottakere i alt,Antall,1040
EliminatedValue,1,12,1,0,Sosialhjelpsmottakere og berørte etter bydel (B),2006,Bydel Stovner,Berørte av sosialhjelp,Antall,2066
EliminatedValue,1,12,2,0,Sosialhjelpsmottakere og berørte etter bydel (B),2006,Bydel Stovner,Berørte ektefeller/samboere,Antall,277
EliminatedValue,1,12,3,0,Sosialhjelpsmottakere og berørte etter bydel (B),2006,Bydel Stovner,Berørte barn i alt,Antall,749
EliminatedValue,1,12,4,0,Sosialhjelpsmottakere og berørte etter bydel (B),2006,Bydel Stovner,Barn av par,Antall,476
EliminatedValue,1,12,5,0,Sosialhjelpsmottakere og berørte etter bydel (B),2006,Bydel Stovner,Barn av enslig forsørger,Antall,273
EliminatedValue,1,13,0,0,Sosialhjelpsmottakere og berørte etter bydel (B),2006,Bydel Alna,Sosialhjelpsmottakere i alt,Antall,1430
EliminatedValue,1,13,1,0,Sosialhjelpsmottakere og berørte etter bydel (B),2006,Bydel Alna,Berørte av sosialhjelp,Antall,2823
EliminatedValue,1,13,2,0,Sosialhjelpsmottakere og berørte etter bydel (B),2006,Bydel Alna,Berørte ektefeller/samboere,Antall,378
EliminatedValue,1,13,3,0,Sosialhjelpsmottakere og berørte etter bydel (B),2006,Bydel Alna,Berørte barn i alt,Antall,1015
EliminatedValue,1,13,4,0,Sosialhjelpsmottakere og berørte etter bydel (B),2006,Bydel Alna,Barn av par,Antall,622
EliminatedValue,1,13,5,0,Sosialhjelpsmottakere og berørte etter bydel (B),2006,Bydel Alna,Barn av enslig forsørger,Antall,393
EliminatedValue,1,14,0,0,Sosialhjelpsmottakere og berørte etter bydel (B),2006,Bydel Østensjø,Sosialhjelpsmottakere i alt,Antall,1281
EliminatedValue,1,14,1,0,Sosialhjelpsmottakere og berørte etter bydel (B),2006,Bydel Østensjø,Berørte av sosialhjelp,Antall,2308
EliminatedValue,1,14,2,0,Sosialhjelpsmottakere og berørte etter bydel (B),2006,Bydel Østensjø,Berørte ektefeller/samboere,Antall,286
EliminatedValue,1,14,3,0,Sosialhjelpsmottakere og berørte etter bydel (B),2006,Bydel Østensjø,Berørte barn i alt,Antall,741
EliminatedValue,1,14,4,0,Sosialhjelpsmottakere og berørte etter bydel (B),2006,Bydel Østensjø,Barn av par,Antall,381
EliminatedValue,1,14,5,0,Sosialhjelpsmottakere og berørte etter bydel (B),2006,Bydel Østensjø,Barn av enslig forsørger,Antall,360
EliminatedValue,1,15,0,0,Sosialhjelpsmottakere og berørte etter bydel (B),2006,Bydel Nordstrand,Sosialhjelpsmottakere i alt,Antall,975
EliminatedValue,1,15,1,0,Sosialhjelpsmottakere og berørte etter bydel (B),2006,Bydel Nordstrand,Berørte av sosialhjelp,Antall,1589
EliminatedValue,1,15,2,0,Sosialhjelpsmottakere og berørte etter bydel (B),2006,Bydel Nordstrand,Berørte ektefeller/samboere,Antall,193
EliminatedValue,1,15,3,0,Sosialhjelpsmottakere og berørte etter bydel (B),2006,Bydel Nordstrand,Berørte barn i alt,Antall,421
EliminatedValue,1,15,4,0,Sosialhjelpsmottakere og berørte etter bydel (B),2006,Bydel Nordstrand,Barn av par,Antall,215
EliminatedValue,1,15,5,0,Sosialhjelpsmottakere og berørte etter bydel (B),2006,Bydel Nordstrand,Barn av enslig forsørger,Antall,206
EliminatedValue,1,16,0,0,Sosialhjelpsmottakere og berørte etter bydel (B),2006,Bydel Søndre Nordstrand,Sosialhjelpsmottakere i alt,Antall,1583
EliminatedValue,1,16,1,0,Sosialhjelpsmottakere og berørte etter bydel (B),2006,Bydel Søndre Nordstrand,Berørte av sosialhjelp,Antall,3573
EliminatedValue,1,16,2,0,Sosialhjelpsmottakere og berørte etter bydel (B),2006,Bydel Søndre Nordstrand,Berørte ektefeller/samboere,Antall,456
EliminatedValue,1,16,3,0,Sosialhjelpsmottakere og berørte etter bydel (B),2006,Bydel Søndre Nordstrand,Berørte barn i alt,Antall,1534
EliminatedValue,1,16,4,0,Sosialhjelpsmottakere og berørte etter bydel (B),2006,Bydel Søndre Nordstrand,Barn av par,Antall,868
EliminatedValue,1,16,5,0,Sosialhjelpsmottakere og berørte etter bydel (B),2006,Bydel Søndre Nordstrand,Barn av enslig forsørger,Antall,666
EliminatedValue,2,0,0,0,Sosialhjelpsmottakere og berørte etter bydel (B),2007,Oslo i alt,Sosialhjelpsmottakere i alt,Antall,17020
EliminatedValue,2,0,1,0,Sosialhjelpsmottakere og berørte etter bydel (B),2007,Oslo i alt,Berørte av sosialhjelp,Antall,30014
EliminatedValue,2,0,2,0,Sosialhjelpsmottakere og berørte etter bydel (B),2007,Oslo i alt,Berørte ektefeller/samboere,Antall,3726
EliminatedValue,2,0,3,0,Sosialhjelpsmottakere og berørte etter bydel (B),2007,Oslo i alt,Berørte barn i alt,Antall,9268
EliminatedValue,2,0,4,0,Sosialhjelpsmottakere og berørte etter bydel (B),2007,Oslo i alt,Barn av par,Antall,5132
EliminatedValue,2,0,5,0,Sosialhjelpsmottakere og berørte etter bydel (B),2007,Oslo i alt,Barn av enslig forsørger,Antall,4136
EliminatedValue,2,1,0,0,Sosialhjelpsmottakere og berørte etter bydel (B),2007,Sum bydeler,Sosialhjelpsmottakere i alt,Antall,18127
EliminatedValue,2,1,1,0,Sosialhjelpsmottakere og berørte etter bydel (B),2007,Sum bydeler,Berørte av sosialhjelp,Antall,31931
EliminatedValue,2,1,2,0,Sosialhjelpsmottakere og berørte etter bydel (B),2007,Sum bydeler,Berørte ektefeller/samboere,Antall,3993
EliminatedValue,2,1,3,0,Sosialhjelpsmottakere og berørte etter bydel (B),2007,Sum bydeler,Berørte barn i alt,Antall,9811
EliminatedValue,2,1,4,0,Sosialhjelpsmottakere og berørte etter bydel (B),2007,Sum bydeler,Barn av par,Antall,5446
EliminatedValue,2,1,5,0,Sosialhjelpsmottakere og berørte etter bydel (B),2007,Sum bydeler,Barn av enslig forsørger,Antall,4365
EliminatedValue,2,2,0,0,Sosialhjelpsmottakere og berørte etter bydel (B),2007,Bydel Gamle Oslo,Sosialhjelpsmottakere i alt,Antall,2492
EliminatedValue,2,2,1,0,Sosialhjelpsmottakere og berørte etter bydel (B),2007,Bydel Gamle Oslo,Berørte av sosialhjelp,Antall,4574
EliminatedValue,2,2,2,0,Sosialhjelpsmottakere og berørte etter bydel (B),2007,Bydel Gamle Oslo,Berørte ektefeller/samboere,Antall,603
EliminatedValue,2,2,3,0,Sosialhjelpsmottakere og berørte etter bydel (B),2007,Bydel Gamle Oslo,Berørte barn i alt,Antall,1479
EliminatedValue,2,2,4,0,Sosialhjelpsmottakere og berørte etter bydel (B),2007,Bydel Gamle Oslo,Barn av par,Antall,806
EliminatedValue,2,2,5,0,Sosialhjelpsmottakere og berørte etter bydel (B),2007,Bydel Gamle Oslo,Barn av enslig forsørger,Antall,673
EliminatedValue,2,3,0,0,Sosialhjelpsmottakere og berørte etter bydel (B),2007,Bydel Grünerløkka,Sosialhjelpsmottakere i alt,Antall,2153
EliminatedValue,2,3,1,0,Sosialhjelpsmottakere og berørte etter bydel (B),2007,Bydel Grünerløkka,Berørte av sosialhjelp,Antall,3432
EliminatedValue,2,3,2,0,Sosialhjelpsmottakere og berørte etter bydel (B),2007,Bydel Grünerløkka,Berørte ektefeller/samboere,Antall,415
EliminatedValue,2,3,3,0,Sosialhjelpsmottakere og berørte etter bydel (B),2007,Bydel Grünerløkka,Berørte barn i alt,Antall,864
EliminatedValue,2,3,4,0,Sosialhjelpsmottakere og berørte etter bydel (B),2007,Bydel Grünerløkka,Barn av par,Antall,467
EliminatedValue,2,3,5,0,Sosialhjelpsmottakere og berørte etter bydel (B),2007,Bydel Grünerløkka,Barn av enslig forsørger,Antall,397
EliminatedValue,2,4,0,0,Sosialhjelpsmottakere og berørte etter bydel (B),2007,Bydel Sagene,Sosialhjelpsmottakere i alt,Antall,1780
EliminatedValue,2,4,1,0,Sosialhjelpsmottakere og berørte etter bydel (B),2007,Bydel Sagene,Berørte av sosialhjelp,Antall,2689
EliminatedValue,2,4,2,0,Sosialhjelpsmottakere og berørte etter bydel (B),2007,Bydel Sagene,Berørte ektefeller/samboere,Antall,298
EliminatedValue,2,4,3,0,Sosialhjelpsmottakere og berørte etter bydel (B),2007,Bydel Sagene,Berørte barn i alt,Antall,611
EliminatedValue,2,4,4,0,Sosialhjelpsmottakere og berørte etter bydel (B),2007,Bydel Sagene,Barn av par,Antall,300
EliminatedValue,2,4,5,0,Sosialhjelpsmottakere og berørte etter bydel (B),2007,Bydel Sagene,Barn av enslig forsørger,Antall,311
EliminatedValue,2,5,0,0,Sosialhjelpsmottakere og berørte etter bydel (B),2007,Bydel St.Hanshaugen,Sosialhjelpsmottakere i alt,Antall,1008
EliminatedValue,2,5,1,0,Sosialhjelpsmottakere og berørte etter bydel (B),2007,Bydel St.Hanshaugen,Berørte av sosialhjelp,Antall,1407
EliminatedValue,2,5,2,0,Sosialhjelpsmottakere og berørte etter bydel (B),2007,Bydel St.Hanshaugen,Berørte ektefeller/samboere,Antall,158
EliminatedValue,2,5,3,0,Sosialhjelpsmottakere og berørte etter bydel (B),2007,Bydel St.Hanshaugen,Berørte barn i alt,Antall,241
EliminatedValue,2,5,4,0,Sosialhjelpsmottakere og berørte etter bydel (B),2007,Bydel St.Hanshaugen,Barn av par,Antall,118
EliminatedValue,2,5,5,0,Sosialhjelpsmottakere og berørte etter bydel (B),2007,Bydel St.Hanshaugen,Barn av enslig forsørger,Antall,123
EliminatedValue,2,6,0,0,Sosialhjelpsmottakere og berørte etter bydel (B),2007,Bydel Frogner,Sosialhjelpsmottakere i alt,Antall,1218
EliminatedValue,2,6,1,0,Sosialhjelpsmottakere og berørte etter bydel (B),2007,Bydel Frogner,Berørte av sosialhjelp,Antall,1680
EliminatedValue,2,6,2,0,Sosialhjelpsmottakere og berørte etter bydel (B),2007,Bydel Frogner,Berørte ektefeller/samboere,Antall,151
EliminatedValue,2,6,3,0,Sosialhjelpsmottakere og berørte etter bydel (B),2007,Bydel Frogner,Berørte barn i alt,Antall,311
EliminatedValue,2,6,4,0,Sosialhjelpsmottakere og berørte etter bydel (B),2007,Bydel Frogner,Barn av par,Antall,140
EliminatedValue,2,6,5,0,Sosialhjelpsmottakere og berørte etter bydel (B),2007,Bydel Frogner,Barn av enslig forsørger,Antall,171
EliminatedValue,2,7,0,0,Sosialhjelpsmottakere og berørte etter bydel (B),2007,Bydel Ullern,Sosialhjelpsmottakere i alt,Antall,361
EliminatedValue,2,7,1,0,Sosialhjelpsmottakere og berørte etter bydel (B),2007,Bydel Ullern,Berørte av sosialhjelp,Antall,555
EliminatedValue,2,7,2,0,Sosialhjelpsmottakere og berørte etter bydel (B),2007,Bydel Ullern,Berørte ektefeller/samboere,Antall,75
EliminatedValue,2,7,3,0,Sosialhjelpsmottakere og berørte etter bydel (B),2007,Bydel Ullern,Berørte barn i alt,Antall,119
EliminatedValue,2,7,4,0,Sosialhjelpsmottakere og berørte etter bydel (B),2007,Bydel Ullern,Barn av par,Antall,68
EliminatedValue,2,7,5,0,Sosialhjelpsmottakere og berørte etter bydel (B),2007,Bydel Ullern,Barn av enslig forsørger,Antall,51
EliminatedValue,2,8,0,0,Sosialhjelpsmottakere og berørte etter bydel (B),2007,Bydel Vestre Aker,Sosialhjelpsmottakere i alt,Antall,483
EliminatedValue,2,8,1,0,Sosialhjelpsmottakere og berørte etter bydel (B),2007,Bydel Vestre Aker,Berørte av sosialhjelp,Antall,802
EliminatedValue,2,8,2,0,Sosialhjelpsmottakere og berørte etter bydel (B),2007,Bydel Vestre Aker,Berørte ektefeller/samboere,Antall,92
EliminatedValue,2,8,3,0,Sosialhjelpsmottakere og berørte etter bydel (B),2007,Bydel Vestre Aker,Berørte barn i alt,Antall,227
EliminatedValue,2,8,4,0,Sosialhjelpsmottakere og berørte etter bydel (B),2007,Bydel Vestre Aker,Barn av par,Antall,114
EliminatedValue,2,8,5,0,Sosialhjelpsmottakere og berørte etter bydel (B),2007,Bydel Vestre Aker,Barn av enslig forsørger,Antall,113
EliminatedValue,2,9,0,0,Sosialhjelpsmottakere og berørte etter bydel (B),2007,Bydel Nordre Aker,Sosialhjelpsmottakere i alt,Antall,881
EliminatedValue,2,9,1,0,Sosialhjelpsmottakere og berørte etter bydel (B),2007,Bydel Nordre Aker,Berørte av sosialhjelp,Antall,1334
EliminatedValue,2,9,2,0,Sosialhjelpsmottakere og berørte etter bydel (B),2007,Bydel Nordre Aker,Berørte ektefeller/samboere,Antall,142
EliminatedValue,2,9,3,0,Sosialhjelpsmottakere og berørte etter bydel (B),2007,Bydel Nordre Aker,Berørte barn i alt,Antall,311
EliminatedValue,2,9,4,0,Sosialhjelpsmottakere og berørte etter bydel (B),2007,Bydel Nordre Aker,Barn av par,Antall,116
EliminatedValue,2,9,5,0,Sosialhjelpsmottakere og berørte etter bydel (B),2007,Bydel Nordre Aker,Barn av enslig forsørger,Antall,195
EliminatedValue,2,10,0,0,Sosialhjelpsmottakere og berørte etter bydel (B),2007,Bydel Bjerke,Sosialhjelpsmottakere i alt,Antall,1052
EliminatedValue,2,10,1,0,Sosialhjelpsmottakere og berørte etter bydel (B),2007,Bydel Bjerke,Berørte av sosialhjelp,Antall,2092
EliminatedValue,2,10,2,0,Sosialhjelpsmottakere og berørte etter bydel (B),2007,Bydel Bjerke,Berørte ektefeller/samboere,Antall,316
EliminatedValue,2,10,3,0,Sosialhjelpsmottakere og berørte etter bydel (B),2007,Bydel Bjerke,Berørte barn i alt,Antall,724
EliminatedValue,2,10,4,0,Sosialhjelpsmottakere og berørte etter bydel (B),2007,Bydel Bjerke,Barn av par,Antall,450
EliminatedValue,2,10,5,0,Sosialhjelpsmottakere og berørte etter bydel (B),2007,Bydel Bjerke,Barn av enslig forsørger,Antall,274
EliminatedValue,2,11,0,0,Sosialhjelpsmottakere og berørte etter bydel (B),2007,Bydel Grorud,Sosialhjelpsmottakere i alt,Antall,1138
EliminatedValue,2,11,1,0,Sosialhjelpsmottakere og berørte etter bydel (B),2007,Bydel Grorud,Berørte av sosialhjelp,Antall,2073
EliminatedValue,2,11,2,0,Sosialhjelpsmottakere og berørte etter bydel (B),2007,Bydel Grorud,Berørte ektefeller/samboere,Antall,268
EliminatedValue,2,11,3,0,Sosialhjelpsmottakere og berørte etter bydel (B),2007,Bydel Grorud,Berørte barn i alt,Antall,667
EliminatedValue,2,11,4,0,Sosialhjelpsmottakere og berørte etter bydel (B),2007,Bydel Grorud,Barn av par,Antall,368
EliminatedValue,2,11,5,0,Sosialhjelpsmottakere og berørte etter bydel (B),2007,Bydel Grorud,Barn av enslig forsørger,Antall,299
EliminatedValue,2,12,0,0,Sosialhjelpsmottakere og berørte etter bydel (B),2007,Bydel Stovner,Sosialhjelpsmottakere i alt,Antall,981
EliminatedValue,2,12,1,0,Sosialhjelpsmottakere og berørte etter bydel (B),2007,Bydel Stovner,Berørte av sosialhjelp,Antall,2088
EliminatedValue,2,12,2,0,Sosialhjelpsmottakere og berørte etter bydel (B),2007,Bydel Stovner,Berørte ektefeller/samboere,Antall,282
EliminatedValue,2,12,3,0,Sosialhjelpsmottakere og berørte etter bydel (B),2007,Bydel Stovner,Berørte barn i alt,Antall,825
EliminatedValue,2,12,4,0,Sosialhjelpsmottakere og berørte etter bydel (B),2007,Bydel Stovner,Barn av par,Antall,546
EliminatedValue,2,12,5,0,Sosialhjelpsmottakere og berørte etter bydel (B),2007,Bydel Stovner,Barn av enslig forsørger,Antall,279
EliminatedValue,2,13,0,0,Sosialhjelpsmottakere og berørte etter bydel (B),2007,Bydel Alna,Sosialhjelpsmottakere i alt,Antall,1306
EliminatedValue,2,13,1,0,Sosialhjelpsmottakere og berørte etter bydel (B),2007,Bydel Alna,Berørte av sosialhjelp,Antall,2620
EliminatedValue,2,13,2,0,Sosialhjelpsmottakere og berørte etter bydel (B),2007,Bydel Alna,Berørte ektefeller/samboere,Antall,376
EliminatedValue,2,13,3,0,Sosialhjelpsmottakere og berørte etter bydel (B),2007,Bydel Alna,Berørte barn i alt,Antall,938
EliminatedValue,2,13,4,0,Sosialhjelpsmottakere og berørte etter bydel (B),2007,Bydel Alna,Barn av par,Antall,603
EliminatedValue,2,13,5,0,Sosialhjelpsmottakere og berørte etter bydel (B),2007,Bydel Alna,Barn av enslig forsørger,Antall,335
EliminatedValue,2,14,0,0,Sosialhjelpsmottakere og berørte etter bydel (B),2007,Bydel Østensjø,Sosialhjelpsmottakere i alt,Antall,1052
EliminatedValue,2,14,1,0,Sosialhjelpsmottakere og berørte etter bydel (B),2007,Bydel Østensjø,Berørte av sosialhjelp,Antall,2001
EliminatedValue,2,14,2,0,Sosialhjelpsmottakere og berørte etter bydel (B),2007,Bydel Østensjø,Berørte ektefeller/samboere,Antall,252
EliminatedValue,2,14,3,0,Sosialhjelpsmottakere og berørte etter bydel (B),2007,Bydel Østensjø,Berørte barn i alt,Antall,697
EliminatedValue,2,14,4,0,Sosialhjelpsmottakere og berørte etter bydel (B),2007,Bydel Østensjø,Barn av par,Antall,367
EliminatedValue,2,14,5,0,Sosialhjelpsmottakere og berørte etter bydel (B),2007,Bydel Østensjø,Barn av enslig forsørger,Antall,330
EliminatedValue,2,15,0,0,Sosialhjelpsmottakere og berørte etter bydel (B),2007,Bydel Nordstrand,Sosialhjelpsmottakere i alt,Antall,769
EliminatedValue,2,15,1,0,Sosialhjelpsmottakere og berørte etter bydel (B),2007,Bydel Nordstrand,Berørte av sosialhjelp,Antall,1301
EliminatedValue,2,15,2,0,Sosialhjelpsmottakere og berørte etter bydel (B),2007,Bydel Nordstrand,Berørte ektefeller/samboere,Antall,140
EliminatedValue,2,15,3,0,Sosialhjelpsmottakere og berørte etter bydel (B),2007,Bydel Nordstrand,Berørte barn i alt,Antall,392
EliminatedValue,2,15,4,0,Sosialhjelpsmottakere og berørte etter bydel (B),2007,Bydel Nordstrand,Barn av par,Antall,198
EliminatedValue,2,15,5,0,Sosialhjelpsmottakere og berørte etter bydel (B),2007,Bydel Nordstrand,Barn av enslig forsørger,Antall,194
EliminatedValue,2,16,0,0,Sosialhjelpsmottakere og berørte etter bydel (B),2007,Bydel Søndre Nordstrand,Sosialhjelpsmottakere i alt,Antall,1453
EliminatedValue,2,16,1,0,Sosialhjelpsmottakere og berørte etter bydel (B),2007,Bydel Søndre Nordstrand,Berørte av sosialhjelp,Antall,3283
EliminatedValue,2,16,2,0,Sosialhjelpsmottakere og berørte etter bydel (B),2007,Bydel Søndre Nordstrand,Berørte ektefeller/samboere,Antall,425
EliminatedValue,2,16,3,0,Sosialhjelpsmottakere og berørte etter bydel (B),2007,Bydel Søndre Nordstrand,Berørte barn i alt,Antall,1405
EliminatedValue,2,16,4,0,Sosialhjelpsmottakere og berørte etter bydel (B),2007,Bydel Søndre Nordstrand,Barn av par,Antall,785
EliminatedValue,2,16,5,0,Sosialhjelpsmottakere og berørte etter bydel (B),2007,Bydel Søndre Nordstrand,Barn av enslig forsørger,Antall,620
EliminatedValue,3,0,0,0,Sosialhjelpsmottakere og berørte etter bydel (B),2008,Oslo i alt,Sosialhjelpsmottakere i alt,Antall,17083
EliminatedValue,3,0,1,0,Sosialhjelpsmottakere og berørte etter bydel (B),2008,Oslo i alt,Berørte av sosialhjelp,Antall,30402
EliminatedValue,3,0,2,0,Sosialhjelpsmottakere og berørte etter bydel (B),2008,Oslo i alt,Berørte ektefeller/samboere,Antall,3756
EliminatedValue,3,0,3,0,Sosialhjelpsmottakere og berørte etter bydel (B),2008,Oslo i alt,Berørte barn i alt,Antall,9563
EliminatedValue,3,0,4,0,Sosialhjelpsmottakere og berørte etter bydel (B),2008,Oslo i alt,Barn av par,Antall,5207
EliminatedValue,3,0,5,0,Sosialhjelpsmottakere og berørte etter bydel (B),2008,Oslo i alt,Barn av enslig forsørger,Antall,4356
EliminatedValue,3,1,0,0,Sosialhjelpsmottakere og berørte etter bydel (B),2008,Sum bydeler,Sosialhjelpsmottakere i alt,Antall,18078
EliminatedValue,3,1,1,0,Sosialhjelpsmottakere og berørte etter bydel (B),2008,Sum bydeler,Berørte av sosialhjelp,Antall,32131
EliminatedValue,3,1,2,0,Sosialhjelpsmottakere og berørte etter bydel (B),2008,Sum bydeler,Berørte ektefeller/samboere,Antall,3987
EliminatedValue,3,1,3,0,Sosialhjelpsmottakere og berørte etter bydel (B),2008,Sum bydeler,Berørte barn i alt,Antall,10066
EliminatedValue,3,1,4,0,Sosialhjelpsmottakere og berørte etter bydel (B),2008,Sum bydeler,Barn av par,Antall,5482
EliminatedValue,3,1,5,0,Sosialhjelpsmottakere og berørte etter bydel (B),2008,Sum bydeler,Barn av enslig forsørger,Antall,4584
EliminatedValue,3,2,0,0,Sosialhjelpsmottakere og berørte etter bydel (B),2008,Bydel Gamle Oslo,Sosialhjelpsmottakere i alt,Antall,2505
EliminatedValue,3,2,1,0,Sosialhjelpsmottakere og berørte etter bydel (B),2008,Bydel Gamle Oslo,Berørte av sosialhjelp,Antall,4712
EliminatedValue,3,2,2,0,Sosialhjelpsmottakere og berørte etter bydel (B),2008,Bydel Gamle Oslo,Berørte ektefeller/samboere,Antall,596
EliminatedValue,3,2,3,0,Sosialhjelpsmottakere og berørte etter bydel (B),2008,Bydel Gamle Oslo,Berørte barn i alt,Antall,1611
EliminatedValue,3,2,4,0,Sosialhjelpsmottakere og berørte etter bydel (B),2008,Bydel Gamle Oslo,Barn av par,Antall,850
EliminatedValue,3,2,5,0,Sosialhjelpsmottakere og berørte etter bydel (B),2008,Bydel Gamle Oslo,Barn av enslig forsørger,Antall,761
EliminatedValue,3,3,0,0,Sosialhjelpsmottakere og berørte etter bydel (B),2008,Bydel Grünerløkka,Sosialhjelpsmottakere i alt,Antall,1981
EliminatedValue,3,3,1,0,Sosialhjelpsmottakere og berørte etter bydel (B),2008,Bydel Grünerløkka,Berørte av sosialhjelp,Antall,3113
EliminatedValue,3,3,2,0,Sosialhjelpsmottakere og berørte etter bydel (B),2008,Bydel Grünerløkka,Berørte ektefeller/samboere,Antall,365
EliminatedValue,3,3,3,0,Sosialhjelpsmottakere og berørte etter bydel (B),2008,Bydel Grünerløkka,Berørte barn i alt,Antall,767
EliminatedValue,3,3,4,0,Sosialhjelpsmottakere og berørte etter bydel (B),2008,Bydel Grünerløkka,Barn av par,Antall,418
EliminatedValue,3,3,5,0,Sosialhjelpsmottakere og berørte etter bydel (B),2008,Bydel Grünerløkka,Barn av enslig forsørger,Antall,349
EliminatedValue,3,4,0,0,Sosialhjelpsmottakere og berørte etter bydel (B),2008,Bydel Sagene,Sosialhjelpsmottakere i alt,Antall,1837
EliminatedValue,3,4,1,0,Sosialhjelpsmottakere og berørte etter bydel (B),2008,Bydel Sagene,Berørte av sosialhjelp,Antall,2775
EliminatedValue,3,4,2,0,Sosialhjelpsmottakere og berørte etter bydel (B),2008,Bydel Sagene,Berørte ektefeller/samboere,Antall,297
EliminatedValue,3,4,3,0,Sosialhjelpsmottakere og berørte etter bydel (B),2008,Bydel Sagene,Berørte barn i alt,Antall,641
EliminatedValue,3,4,4,0,Sosialhjelpsmottakere og berørte etter bydel (B),2008,Bydel Sagene,Barn av par,Antall,306
EliminatedValue,3,4,5,0,Sosialhjelpsmottakere og berørte etter bydel (B),2008,Bydel Sagene,Barn av enslig forsørger,Antall,335
EliminatedValue,3,5,0,0,Sosialhjelpsmottakere og berørte etter bydel (B),2008,Bydel St.Hanshaugen,Sosialhjelpsmottakere i alt,Antall,1044
EliminatedValue,3,5,1,0,Sosialhjelpsmottakere og berørte etter bydel (B),2008,Bydel St.Hanshaugen,Berørte av sosialhjelp,Antall,1469
EliminatedValue,3,5,2,0,Sosialhjelpsmottakere og berørte etter bydel (B),2008,Bydel St.Hanshaugen,Berørte ektefeller/samboere,Antall,148
EliminatedValue,3,5,3,0,Sosialhjelpsmottakere og berørte etter bydel (B),2008,Bydel St.Hanshaugen,Berørte barn i alt,Antall,277
EliminatedValue,3,5,4,0,Sosialhjelpsmottakere og berørte etter bydel (B),2008,Bydel St.Hanshaugen,Barn av par,Antall,122
EliminatedValue,3,5,5,0,Sosialhjelpsmottakere og berørte etter bydel (B),2008,Bydel St.Hanshaugen,Barn av enslig forsørger,Antall,155
EliminatedValue,3,6,0,0,Sosialhjelpsmottakere og berørte etter bydel (B),2008,Bydel Frogner,Sosialhjelpsmottakere i alt,Antall,1130
EliminatedValue,3,6,1,0,Sosialhjelpsmottakere og berørte etter bydel (B),2008,Bydel Frogner,Berørte av sosialhjelp,Antall,1568
EliminatedValue,3,6,2,0,Sosialhjelpsmottakere og berørte etter bydel (B),2008,Bydel Frogner,Berørte ektefeller/samboere,Antall,153
EliminatedValue,3,6,3,0,Sosialhjelpsmottakere og berørte etter bydel (B),2008,Bydel Frogner,Berørte barn i alt,Antall,285
EliminatedValue,3,6,4,0,Sosialhjelpsmottakere og berørte etter bydel (B),2008,Bydel Frogner,Barn av par,Antall,147
EliminatedValue,3,6,5,0,Sosialhjelpsmottakere og berørte etter bydel (B),2008,Bydel Frogner,Barn av enslig forsørger,Antall,138
EliminatedValue,3,7,0,0,Sosialhjelpsmottakere og berørte etter bydel (B),2008,Bydel Ullern,Sosialhjelpsmottakere i alt,Antall,377
EliminatedValue,3,7,1,0,Sosialhjelpsmottakere og berørte etter bydel (B),2008,Bydel Ullern,Berørte av sosialhjelp,Antall,601
EliminatedValue,3,7,2,0,Sosialhjelpsmottakere og berørte etter bydel (B),2008,Bydel Ullern,Berørte ektefeller/samboere,Antall,88
EliminatedValue,3,7,3,0,Sosialhjelpsmottakere og berørte etter bydel (B),2008,Bydel Ullern,Berørte barn i alt,Antall,136
EliminatedValue,3,7,4,0,Sosialhjelpsmottakere og berørte etter bydel (B),2008,Bydel Ullern,Barn av par,Antall,77
EliminatedValue,3,7,5,0,Sosialhjelpsmottakere og berørte etter bydel (B),2008,Bydel Ullern,Barn av enslig forsørger,Antall,59
EliminatedValue,3,8,0,0,Sosialhjelpsmottakere og berørte etter bydel (B),2008,Bydel Vestre Aker,Sosialhjelpsmottakere i alt,Antall,528
EliminatedValue,3,8,1,0,Sosialhjelpsmottakere og berørte etter bydel (B),2008,Bydel Vestre Aker,Berørte av sosialhjelp,Antall,855
EliminatedValue,3,8,2,0,Sosialhjelpsmottakere og berørte etter bydel (B),2008,Bydel Vestre Aker,Berørte ektefeller/samboere,Antall,88
EliminatedValue,3,8,3,0,Sosialhjelpsmottakere og berørte etter bydel (B),2008,Bydel Vestre Aker,Berørte barn i alt,Antall,239
EliminatedValue,3,8,4,0,Sosialhjelpsmottakere og berørte etter bydel (B),2008,Bydel Vestre Aker,Barn av par,Antall,105
EliminatedValue,3,8,5,0,Sosialhjelpsmottakere og berørte etter bydel (B),2008,Bydel Vestre Aker,Barn av enslig forsørger,Antall,134
EliminatedValue,3,9,0,0,Sosialhjelpsmottakere og berørte etter bydel (B),2008,Bydel Nordre Aker,Sosialhjelpsmottakere i alt,Antall,889
EliminatedValue,3,9,1,0,Sosialhjelpsmottakere og berørte etter bydel (B),2008,Bydel Nordre Aker,Berørte av sosialhjelp,Antall,1382
EliminatedValue,3,9,2,0,Sosialhjelpsmottakere og berørte etter bydel (B),2008,Bydel Nordre Aker,Berørte ektefeller/samboere,Antall,170
EliminatedValue,3,9,3,0,Sosialhjelpsmottakere og berørte etter bydel (B),2008,Bydel Nordre Aker,Berørte barn i alt,Antall,323
EliminatedValue,3,9,4,0,Sosialhjelpsmottakere og berørte etter bydel (B),2008,Bydel Nordre Aker,Barn av par,Antall,139
EliminatedValue,3,9,5,0,Sosialhjelpsmottakere og berørte etter bydel (B),2008,Bydel Nordre Aker,Barn av enslig forsørger,Antall,184
EliminatedValue,3,10,0,0,Sosialhjelpsmottakere og berørte etter bydel (B),2008,Bydel Bjerke,Sosialhjelpsmottakere i alt,Antall,1064
EliminatedValue,3,10,1,0,Sosialhjelpsmottakere og berørte etter bydel (B),2008,Bydel Bjerke,Berørte av sosialhjelp,Antall,2096
EliminatedValue,3,10,2,0,Sosialhjelpsmottakere og berørte etter bydel (B),2008,Bydel Bjerke,Berørte ektefeller/samboere,Antall,345
EliminatedValue,3,10,3,0,Sosialhjelpsmottakere og berørte etter bydel (B),2008,Bydel Bjerke,Berørte barn i alt,Antall,687
EliminatedValue,3,10,4,0,Sosialhjelpsmottakere og berørte etter bydel (B),2008,Bydel Bjerke,Barn av par,Antall,431
EliminatedValue,3,10,5,0,Sosialhjelpsmottakere og berørte etter bydel (B),2008,Bydel Bjerke,Barn av enslig forsørger,Antall,256
EliminatedValue,3,11,0,0,Sosialhjelpsmottakere og berørte etter bydel (B),2008,Bydel Grorud,Sosialhjelpsmottakere i alt,Antall,1164
EliminatedValue,3,11,1,0,Sosialhjelpsmottakere og berørte etter bydel (B),2008,Bydel Grorud,Berørte av sosialhjelp,Antall,2122
EliminatedValue,3,11,2,0,Sosialhjelpsmottakere og berørte etter bydel (B),2008,Bydel Grorud,Berørte ektefeller/samboere,Antall,276
EliminatedValue,3,11,3,0,Sosialhjelpsmottakere og berørte etter bydel (B),2008,Bydel Grorud,Berørte barn i alt,Antall,682
EliminatedValue,3,11,4,0,Sosialhjelpsmottakere og berørte etter bydel (B),2008,Bydel Grorud,Barn av par,Antall,340
EliminatedValue,3,11,5,0,Sosialhjelpsmottakere og berørte etter bydel (B),2008,Bydel Grorud,Barn av enslig forsørger,Antall,342
EliminatedValue,3,12,0,0,Sosialhjelpsmottakere og berørte etter bydel (B),2008,Bydel Stovner,Sosialhjelpsmottakere i alt,Antall,933
EliminatedValue,3,12,1,0,Sosialhjelpsmottakere og berørte etter bydel (B),2008,Bydel Stovner,Berørte av sosialhjelp,Antall,2081
EliminatedValue,3,12,2,0,Sosialhjelpsmottakere og berørte etter bydel (B),2008,Bydel Stovner,Berørte ektefeller/samboere,Antall,286
EliminatedValue,3,12,3,0,Sosialhjelpsmottakere og berørte etter bydel (B),2008,Bydel Stovner,Berørte barn i alt,Antall,862
EliminatedValue,3,12,4,0,Sosialhjelpsmottakere og berørte etter bydel (B),2008,Bydel Stovner,Barn av par,Antall,581
EliminatedValue,3,12,5,0,Sosialhjelpsmottakere og berørte etter bydel (B),2008,Bydel Stovner,Barn av enslig forsørger,Antall,281
EliminatedValue,3,13,0,0,Sosialhjelpsmottakere og berørte etter bydel (B),2008,Bydel Alna,Sosialhjelpsmottakere i alt,Antall,1379
EliminatedValue,3,13,1,0,Sosialhjelpsmottakere og berørte etter bydel (B),2008,Bydel Alna,Berørte av sosialhjelp,Antall,2829
EliminatedValue,3,13,2,0,Sosialhjelpsmottakere og berørte etter bydel (B),2008,Bydel Alna,Berørte ektefeller/samboere,Antall,399
EliminatedValue,3,13,3,0,Sosialhjelpsmottakere og berørte etter bydel (B),2008,Bydel Alna,Berørte barn i alt,Antall,1051
EliminatedValue,3,13,4,0,Sosialhjelpsmottakere og berørte etter bydel (B),2008,Bydel Alna,Barn av par,Antall,640
EliminatedValue,3,13,5,0,Sosialhjelpsmottakere og berørte etter bydel (B),2008,Bydel Alna,Barn av enslig forsørger,Antall,411
EliminatedValue,3,14,0,0,Sosialhjelpsmottakere og berørte etter bydel (B),2008,Bydel Østensjø,Sosialhjelpsmottakere i alt,Antall,991
EliminatedValue,3,14,1,0,Sosialhjelpsmottakere og berørte etter bydel (B),2008,Bydel Østensjø,Berørte av sosialhjelp,Antall,1878
EliminatedValue,3,14,2,0,Sosialhjelpsmottakere og berørte etter bydel (B),2008,Bydel Østensjø,Berørte ektefeller/samboere,Antall,216
EliminatedValue,3,14,3,0,Sosialhjelpsmottakere og berørte etter bydel (B),2008,Bydel Østensjø,Berørte barn i alt,Antall,671
EliminatedValue,3,14,4,0,Sosialhjelpsmottakere og berørte etter bydel (B),2008,Bydel Østensjø,Barn av par,Antall,347
EliminatedValue,3,14,5,0,Sosialhjelpsmottakere og berørte etter bydel (B),2008,Bydel Østensjø,Barn av enslig forsørger,Antall,324
EliminatedValue,3,15,0,0,Sosialhjelpsmottakere og berørte etter bydel (B),2008,Bydel Nordstrand,Sosialhjelpsmottakere i alt,Antall,784
EliminatedValue,3,15,1,0,Sosialhjelpsmottakere og berørte etter bydel (B),2008,Bydel Nordstrand,Berørte av sosialhjelp,Antall,1277
EliminatedValue,3,15,2,0,Sosialhjelpsmottakere og berørte etter bydel (B),2008,Bydel Nordstrand,Berørte ektefeller/samboere,Antall,149
EliminatedValue,3,15,3,0,Sosialhjelpsmottakere og berørte etter bydel (B),2008,Bydel Nordstrand,Berørte barn i alt,Antall,344
EliminatedValue,3,15,4,0,Sosialhjelpsmottakere og berørte etter bydel (B),2008,Bydel Nordstrand,Barn av par,Antall,160
EliminatedValue,3,15,5,0,Sosialhjelpsmottakere og berørte etter bydel (B),2008,Bydel Nordstrand,Barn av enslig forsørger,Antall,184
EliminatedValue,3,16,0,0,Sosialhjelpsmottakere og berørte etter bydel (B),2008,Bydel Søndre Nordstrand,Sosialhjelpsmottakere i alt,Antall,1472
EliminatedValue,3,16,1,0,Sosialhjelpsmottakere og berørte etter bydel (B),2008,Bydel Søndre Nordstrand,Berørte av sosialhjelp,Antall,3373
EliminatedValue,3,16,2,0,Sosialhjelpsmottakere og berørte etter bydel (B),2008,Bydel Søndre Nordstrand,Berørte ektefeller/samboere,Antall,411
EliminatedValue,3,16,3,0,Sosialhjelpsmottakere og berørte etter bydel (B),2008,Bydel Søndre Nordstrand,Berørte barn i alt,Antall,1490
EliminatedValue,3,16,4,0,Sosialhjelpsmottakere og berørte etter bydel (B),2008,Bydel Søndre Nordstrand,Barn av par,Antall,819
EliminatedValue,3,16,5,0,Sosialhjelpsmottakere og berørte etter bydel (B),2008,Bydel Søndre Nordstrand,Barn av enslig forsørger,Antall,671
EliminatedValue,4,0,0,0,Sosialhjelpsmottakere og berørte etter bydel (B),2009,Oslo i alt,Sosialhjelpsmottakere i alt,Antall,18359
EliminatedValue,4,0,1,0,Sosialhjelpsmottakere og berørte etter bydel (B),2009,Oslo i alt,Berørte av sosialhjelp,Antall,32361
EliminatedValue,4,0,2,0,Sosialhjelpsmottakere og berørte etter bydel (B),2009,Oslo i alt,Berørte ektefeller/samboere,Antall,3808
EliminatedValue,4,0,3,0,Sosialhjelpsmottakere og berørte etter bydel (B),2009,Oslo i alt,Berørte barn i alt,Antall,10194
EliminatedValue,4,0,4,0,Sosialhjelpsmottakere og berørte etter bydel (B),2009,Oslo i alt,Barn av par,Antall,4999
EliminatedValue,4,0,5,0,Sosialhjelpsmottakere og berørte etter bydel (B),2009,Oslo i alt,Barn av enslig forsørger,Antall,5195
EliminatedValue,4,1,0,0,Sosialhjelpsmottakere og berørte etter bydel (B),2009,Sum bydeler,Sosialhjelpsmottakere i alt,Antall,19660
EliminatedValue,4,1,1,0,Sosialhjelpsmottakere og berørte etter bydel (B),2009,Sum bydeler,Berørte av sosialhjelp,Antall,34518
EliminatedValue,4,1,2,0,Sosialhjelpsmottakere og berørte etter bydel (B),2009,Sum bydeler,Berørte ektefeller/samboere,Antall,4056
EliminatedValue,4,1,3,0,Sosialhjelpsmottakere og berørte etter bydel (B),2009,Sum bydeler,Berørte barn i alt,Antall,10802
EliminatedValue,4,1,4,0,Sosialhjelpsmottakere og berørte etter bydel (B),2009,Sum bydeler,Barn av par,Antall,5497
EliminatedValue,4,1,5,0,Sosialhjelpsmottakere og berørte etter bydel (B),2009,Sum bydeler,Barn av enslig forsørger,Antall,5305
EliminatedValue,4,2,0,0,Sosialhjelpsmottakere og berørte etter bydel (B),2009,Bydel Gamle Oslo,Sosialhjelpsmottakere i alt,Antall,2754
EliminatedValue,4,2,1,0,Sosialhjelpsmottakere og berørte etter bydel (B),2009,Bydel Gamle Oslo,Berørte av sosialhjelp,Antall,5112
EliminatedValue,4,2,2,0,Sosialhjelpsmottakere og berørte etter bydel (B),2009,Bydel Gamle Oslo,Berørte ektefeller/samboere,Antall,590
EliminatedValue,4,2,3,0,Sosialhjelpsmottakere og berørte etter bydel (B),2009,Bydel Gamle Oslo,Berørte barn i alt,Antall,1768
EliminatedValue,4,2,4,0,Sosialhjelpsmottakere og berørte etter bydel (B),2009,Bydel Gamle Oslo,Barn av par,Antall,849
EliminatedValue,4,2,5,0,Sosialhjelpsmottakere og berørte etter bydel (B),2009,Bydel Gamle Oslo,Barn av enslig forsørger,Antall,919
EliminatedValue,4,3,0,0,Sosialhjelpsmottakere og berørte etter bydel (B),2009,Bydel Grünerløkka,Sosialhjelpsmottakere i alt,Antall,2184
EliminatedValue,4,3,1,0,Sosialhjelpsmottakere og berørte etter bydel (B),2009,Bydel Grünerløkka,Berørte av sosialhjelp,Antall,3511
EliminatedValue,4,3,2,0,Sosialhjelpsmottakere og berørte etter bydel (B),2009,Bydel Grünerløkka,Berørte ektefeller/samboere,Antall,388
EliminatedValue,4,3,3,0,Sosialhjelpsmottakere og berørte etter bydel (B),2009,Bydel Grünerløkka,Berørte barn i alt,Antall,939
EliminatedValue,4,3,4,0,Sosialhjelpsmottakere og berørte etter bydel (B),2009,Bydel Grünerløkka,Barn av par,Antall,462
EliminatedValue,4,3,5,0,Sosialhjelpsmottakere og berørte etter bydel (B),2009,Bydel Grünerløkka,Barn av enslig forsørger,Antall,477
EliminatedValue,4,4,0,0,Sosialhjelpsmottakere og berørte etter bydel (B),2009,Bydel Sagene,Sosialhjelpsmottakere i alt,Antall,1859
EliminatedValue,4,4,1,0,Sosialhjelpsmottakere og berørte etter bydel (B),2009,Bydel Sagene,Berørte av sosialhjelp,Antall,2711
EliminatedValue,4,4,2,0,Sosialhjelpsmottakere og berørte etter bydel (B),2009,Bydel Sagene,Berørte ektefeller/samboere,Antall,264
EliminatedValue,4,4,3,0,Sosialhjelpsmottakere og berørte etter bydel (B),2009,Bydel Sagene,Berørte barn i alt,Antall,588
EliminatedValue,4,4,4,0,Sosialhjelpsmottakere og berørte etter bydel (B),2009,Bydel Sagene,Barn av par,Antall,224
EliminatedValue,4,4,5,0,Sosialhjelpsmottakere og berørte etter bydel (B),2009,Bydel Sagene,Barn av enslig forsørger,Antall,364
EliminatedValue,4,5,0,0,Sosialhjelpsmottakere og berørte etter bydel (B),2009,Bydel St.Hanshaugen,Sosialhjelpsmottakere i alt,Antall,1341
EliminatedValue,4,5,1,0,Sosialhjelpsmottakere og berørte etter bydel (B),2009,Bydel St.Hanshaugen,Berørte av sosialhjelp,Antall,1862
EliminatedValue,4,5,2,0,Sosialhjelpsmottakere og berørte etter bydel (B),2009,Bydel St.Hanshaugen,Berørte ektefeller/samboere,Antall,183
EliminatedValue,4,5,3,0,Sosialhjelpsmottakere og berørte etter bydel (B),2009,Bydel St.Hanshaugen,Berørte barn i alt,Antall,338
EliminatedValue,4,5,4,0,Sosialhjelpsmottakere og berørte etter bydel (B),2009,Bydel St.Hanshaugen,Barn av par,Antall,137
EliminatedValue,4,5,5,0,Sosialhjelpsmottakere og berørte etter bydel (B),2009,Bydel St.Hanshaugen,Barn av enslig forsørger,Antall,201
EliminatedValue,4,6,0,0,Sosialhjelpsmottakere og berørte etter bydel (B),2009,Bydel Frogner,Sosialhjelpsmottakere i alt,Antall,1196
EliminatedValue,4,6,1,0,Sosialhjelpsmottakere og berørte etter bydel (B),2009,Bydel Frogner,Berørte av sosialhjelp,Antall,1651
EliminatedValue,4,6,2,0,Sosialhjelpsmottakere og berørte etter bydel (B),2009,Bydel Frogner,Berørte ektefeller/samboere,Antall,148
EliminatedValue,4,6,3,0,Sosialhjelpsmottakere og berørte etter bydel (B),2009,Bydel Frogner,Berørte barn i alt,Antall,307
EliminatedValue,4,6,4,0,Sosialhjelpsmottakere og berørte etter bydel (B),2009,Bydel Frogner,Barn av par,Antall,135
EliminatedValue,4,6,5,0,Sosialhjelpsmottakere og berørte etter bydel (B),2009,Bydel Frogner,Barn av enslig forsørger,Antall,172
EliminatedValue,4,7,0,0,Sosialhjelpsmottakere og berørte etter bydel (B),2009,Bydel Ullern,Sosialhjelpsmottakere i alt,Antall,396
EliminatedValue,4,7,1,0,Sosialhjelpsmottakere og berørte etter bydel (B),2009,Bydel Ullern,Berørte av sosialhjelp,Antall,617
EliminatedValue,4,7,2,0,Sosialhjelpsmottakere og berørte etter bydel (B),2009,Bydel Ullern,Berørte ektefeller/samboere,Antall,81
EliminatedValue,4,7,3,0,Sosialhjelpsmottakere og berørte etter bydel (B),2009,Bydel Ullern,Berørte barn i alt,Antall,140
EliminatedValue,4,7,4,0,Sosialhjelpsmottakere og berørte etter bydel (B),2009,Bydel Ullern,Barn av par,Antall,76
EliminatedValue,4,7,5,0,Sosialhjelpsmottakere og berørte etter bydel (B),2009,Bydel Ullern,Barn av enslig forsørger,Antall,64
EliminatedValue,4,8,0,0,Sosialhjelpsmottakere og berørte etter bydel (B),2009,Bydel Vestre Aker,Sosialhjelpsmottakere i alt,Antall,528
EliminatedValue,4,8,1,0,Sosialhjelpsmottakere og berørte etter bydel (B),2009,Bydel Vestre Aker,Berørte av sosialhjelp,Antall,872
EliminatedValue,4,8,2,0,Sosialhjelpsmottakere og berørte etter bydel (B),2009,Bydel Vestre Aker,Berørte ektefeller/samboere,Antall,96
EliminatedValue,4,8,3,0,Sosialhjelpsmottakere og berørte etter bydel (B),2009,Bydel Vestre Aker,Berørte barn i alt,Antall,248
EliminatedValue,4,8,4,0,Sosialhjelpsmottakere og berørte etter bydel (B),2009,Bydel Vestre Aker,Barn av par,Antall,105
EliminatedValue,4,8,5,0,Sosialhjelpsmottakere og berørte etter bydel (B),2009,Bydel Vestre Aker,Barn av enslig forsørger,Antall,143
EliminatedValue,4,9,0,0,Sosialhjelpsmottakere og berørte etter bydel (B),2009,Bydel Nordre Aker,Sosialhjelpsmottakere i alt,Antall,932
EliminatedValue,4,9,1,0,Sosialhjelpsmottakere og berørte etter bydel (B),2009,Bydel Nordre Aker,Berørte av sosialhjelp,Antall,1426
EliminatedValue,4,9,2,0,Sosialhjelpsmottakere og berørte etter bydel (B),2009,Bydel Nordre Aker,Berørte ektefeller/samboere,Antall,153
EliminatedValue,4,9,3,0,Sosialhjelpsmottakere og berørte etter bydel (B),2009,Bydel Nordre Aker,Berørte barn i alt,Antall,341
EliminatedValue,4,9,4,0,Sosialhjelpsmottakere og berørte etter bydel (B),2009,Bydel Nordre Aker,Barn av par,Antall,132
EliminatedValue,4,9,5,0,Sosialhjelpsmottakere og berørte etter bydel (B),2009,Bydel Nordre Aker,Barn av enslig forsørger,Antall,209
EliminatedValue,4,10,0,0,Sosialhjelpsmottakere og berørte etter bydel (B),2009,Bydel Bjerke,Sosialhjelpsmottakere i alt,Antall,1252
EliminatedValue,4,10,1,0,Sosialhjelpsmottakere og berørte etter bydel (B),2009,Bydel Bjerke,Berørte av sosialhjelp,Antall,2396
EliminatedValue,4,10,2,0,Sosialhjelpsmottakere og berørte etter bydel (B),2009,Bydel Bjerke,Berørte ektefeller/samboere,Antall,347
EliminatedValue,4,10,3,0,Sosialhjelpsmottakere og berørte etter bydel (B),2009,Bydel Bjerke,Berørte barn i alt,Antall,797
EliminatedValue,4,10,4,0,Sosialhjelpsmottakere og berørte etter bydel (B),2009,Bydel Bjerke,Barn av par,Antall,437
EliminatedValue,4,10,5,0,Sosialhjelpsmottakere og berørte etter bydel (B),2009,Bydel Bjerke,Barn av enslig forsørger,Antall,360
EliminatedValue,4,11,0,0,Sosialhjelpsmottakere og berørte etter bydel (B),2009,Bydel Grorud,Sosialhjelpsmottakere i alt,Antall,1210
EliminatedValue,4,11,1,0,Sosialhjelpsmottakere og berørte etter bydel (B),2009,Bydel Grorud,Berørte av sosialhjelp,Antall,2261
EliminatedValue,4,11,2,0,Sosialhjelpsmottakere og berørte etter bydel (B),2009,Bydel Grorud,Berørte ektefeller/samboere,Antall,286
EliminatedValue,4,11,3,0,Sosialhjelpsmottakere og berørte etter bydel (B),2009,Bydel Grorud,Berørte barn i alt,Antall,765
EliminatedValue,4,11,4,0,Sosialhjelpsmottakere og berørte etter bydel (B),2009,Bydel Grorud,Barn av par,Antall,379
EliminatedValue,4,11,5,0,Sosialhjelpsmottakere og berørte etter bydel (B),2009,Bydel Grorud,Barn av enslig forsørger,Antall,386
EliminatedValue,4,12,0,0,Sosialhjelpsmottakere og berørte etter bydel (B),2009,Bydel Stovner,Sosialhjelpsmottakere i alt,Antall,1018
EliminatedValue,4,12,1,0,Sosialhjelpsmottakere og berørte etter bydel (B),2009,Bydel Stovner,Berørte av sosialhjelp,Antall,2236
EliminatedValue,4,12,2,0,Sosialhjelpsmottakere og berørte etter bydel (B),2009,Bydel Stovner,Berørte ektefeller/samboere,Antall,299
EliminatedValue,4,12,3,0,Sosialhjelpsmottakere og berørte etter bydel (B),2009,Bydel Stovner,Berørte barn i alt,Antall,919
EliminatedValue,4,12,4,0,Sosialhjelpsmottakere og berørte etter bydel (B),2009,Bydel Stovner,Barn av par,Antall,592
EliminatedValue,4,12,5,0,Sosialhjelpsmottakere og berørte etter bydel (B),2009,Bydel Stovner,Barn av enslig forsørger,Antall,327
EliminatedValue,4,13,0,0,Sosialhjelpsmottakere og berørte etter bydel (B),2009,Bydel Alna,Sosialhjelpsmottakere i alt,Antall,1416
EliminatedValue,4,13,1,0,Sosialhjelpsmottakere og berørte etter bydel (B),2009,Bydel Alna,Berørte av sosialhjelp,Antall,2869
EliminatedValue,4,13,2,0,Sosialhjelpsmottakere og berørte etter bydel (B),2009,Bydel Alna,Berørte ektefeller/samboere,Antall,392
EliminatedValue,4,13,3,0,Sosialhjelpsmottakere og berørte etter bydel (B),2009,Bydel Alna,Berørte barn i alt,Antall,1061
EliminatedValue,4,13,4,0,Sosialhjelpsmottakere og berørte etter bydel (B),2009,Bydel Alna,Barn av par,Antall,619
EliminatedValue,4,13,5,0,Sosialhjelpsmottakere og berørte etter bydel (B),2009,Bydel Alna,Barn av enslig forsørger,Antall,442
EliminatedValue,4,14,0,0,Sosialhjelpsmottakere og berørte etter bydel (B),2009,Bydel Østensjø,Sosialhjelpsmottakere i alt,Antall,1230
EliminatedValue,4,14,1,0,Sosialhjelpsmottakere og berørte etter bydel (B),2009,Bydel Østensjø,Berørte av sosialhjelp,Antall,2275
EliminatedValue,4,14,2,0,Sosialhjelpsmottakere og berørte etter bydel (B),2009,Bydel Østensjø,Berørte ektefeller/samboere,Antall,263
EliminatedValue,4,14,3,0,Sosialhjelpsmottakere og berørte etter bydel (B),2009,Bydel Østensjø,Berørte barn i alt,Antall,782
EliminatedValue,4,14,4,0,Sosialhjelpsmottakere og berørte etter bydel (B),2009,Bydel Østensjø,Barn av par,Antall,381
EliminatedValue,4,14,5,0,Sosialhjelpsmottakere og berørte etter bydel (B),2009,Bydel Østensjø,Barn av enslig forsørger,Antall,401
EliminatedValue,4,15,0,0,Sosialhjelpsmottakere og berørte etter bydel (B),2009,Bydel Nordstrand,Sosialhjelpsmottakere i alt,Antall,849
EliminatedValue,4,15,1,0,Sosialhjelpsmottakere og berørte etter bydel (B),2009,Bydel Nordstrand,Berørte av sosialhjelp,Antall,1358
EliminatedValue,4,15,2,0,Sosialhjelpsmottakere og berørte etter bydel (B),2009,Bydel Nordstrand,Berørte ektefeller/samboere,Antall,156
EliminatedValue,4,15,3,0,Sosialhjelpsmottakere og berørte etter bydel (B),2009,Bydel Nordstrand,Berørte barn i alt,Antall,353
EliminatedValue,4,15,4,0,Sosialhjelpsmottakere og berørte etter bydel (B),2009,Bydel Nordstrand,Barn av par,Antall,181
EliminatedValue,4,15,5,0,Sosialhjelpsmottakere og berørte etter bydel (B),2009,Bydel Nordstrand,Barn av enslig forsørger,Antall,172
EliminatedValue,4,16,0,0,Sosialhjelpsmottakere og berørte etter bydel (B),2009,Bydel Søndre Nordstrand,Sosialhjelpsmottakere i alt,Antall,1495
EliminatedValue,4,16,1,0,Sosialhjelpsmottakere og berørte etter bydel (B),2009,Bydel Søndre Nordstrand,Berørte av sosialhjelp,Antall,3361
EliminatedValue,4,16,2,0,Sosialhjelpsmottakere og berørte etter bydel (B),2009,Bydel Søndre Nordstrand,Berørte ektefeller/samboere,Antall,410
EliminatedValue,4,16,3,0,Sosialhjelpsmottakere og berørte etter bydel (B),2009,Bydel Søndre Nordstrand,Berørte barn i alt,Antall,1456
EliminatedValue,4,16,4,0,Sosialhjelpsmottakere og berørte etter bydel (B),2009,Bydel Søndre Nordstrand,Barn av par,Antall,788
EliminatedValue,4,16,5,0,Sosialhjelpsmottakere og berørte etter bydel (B),2009,Bydel Søndre Nordstrand,Barn av enslig forsørger,Antall,668
EliminatedValue,5,0,0,0,Sosialhjelpsmottakere og berørte etter bydel (B),2010,Oslo i alt,Sosialhjelpsmottakere i alt,Antall,18163
EliminatedValue,5,0,1,0,Sosialhjelpsmottakere og berørte etter bydel (B),2010,Oslo i alt,Berørte av sosialhjelp,Antall,32305
EliminatedValue,5,0,2,0,Sosialhjelpsmottakere og berørte etter bydel (B),2010,Oslo i alt,Berørte ektefeller/samboere,Antall,3696
EliminatedValue,5,0,3,0,Sosialhjelpsmottakere og berørte etter bydel (B),2010,Oslo i alt,Berørte barn i alt,Antall,10446
EliminatedValue,5,0,4,0,Sosialhjelpsmottakere og berørte etter bydel (B),2010,Oslo i alt,Barn av par,Antall,5104
EliminatedValue,5,0,5,0,Sosialhjelpsmottakere og berørte etter bydel (B),2010,Oslo i alt,Barn av enslig forsørger,Antall,5342
EliminatedValue,5,1,0,0,Sosialhjelpsmottakere og berørte etter bydel (B),2010,Sum bydeler,Sosialhjelpsmottakere i alt,Antall,19301
EliminatedValue,5,1,1,0,Sosialhjelpsmottakere og berørte etter bydel (B),2010,Sum bydeler,Berørte av sosialhjelp,Antall,34260
EliminatedValue,5,1,2,0,Sosialhjelpsmottakere og berørte etter bydel (B),2010,Sum bydeler,Berørte ektefeller/samboere,Antall,3936
EliminatedValue,5,1,3,0,Sosialhjelpsmottakere og berørte etter bydel (B),2010,Sum bydeler,Berørte barn i alt,Antall,11023
EliminatedValue,5,1,4,0,Sosialhjelpsmottakere og berørte etter bydel (B),2010,Sum bydeler,Barn av par,Antall,5371
EliminatedValue,5,1,5,0,Sosialhjelpsmottakere og berørte etter bydel (B),2010,Sum bydeler,Barn av enslig forsørger,Antall,5652
EliminatedValue,5,2,0,0,Sosialhjelpsmottakere og berørte etter bydel (B),2010,Bydel Gamle Oslo,Sosialhjelpsmottakere i alt,Antall,2676
EliminatedValue,5,2,1,0,Sosialhjelpsmottakere og berørte etter bydel (B),2010,Bydel Gamle Oslo,Berørte av sosialhjelp,Antall,4980
EliminatedValue,5,2,2,0,Sosialhjelpsmottakere og berørte etter bydel (B),2010,Bydel Gamle Oslo,Berørte ektefeller/samboere,Antall,556
EliminatedValue,5,2,3,0,Sosialhjelpsmottakere og berørte etter bydel (B),2010,Bydel Gamle Oslo,Berørte barn i alt,Antall,1748
EliminatedValue,5,2,4,0,Sosialhjelpsmottakere og berørte etter bydel (B),2010,Bydel Gamle Oslo,Barn av par,Antall,780
EliminatedValue,5,2,5,0,Sosialhjelpsmottakere og berørte etter bydel (B),2010,Bydel Gamle Oslo,Barn av enslig forsørger,Antall,968
EliminatedValue,5,3,0,0,Sosialhjelpsmottakere og berørte etter bydel (B),2010,Bydel Grünerløkka,Sosialhjelpsmottakere i alt,Antall,2155
EliminatedValue,5,3,1,0,Sosialhjelpsmottakere og berørte etter bydel (B),2010,Bydel Grünerløkka,Berørte av sosialhjelp,Antall,3578
EliminatedValue,5,3,2,0,Sosialhjelpsmottakere og berørte etter bydel (B),2010,Bydel Grünerløkka,Berørte ektefeller/samboere,Antall,399
EliminatedValue,5,3,3,0,Sosialhjelpsmottakere og berørte etter bydel (B),2010,Bydel Grünerløkka,Berørte barn i alt,Antall,1024
EliminatedValue,5,3,4,0,Sosialhjelpsmottakere og berørte etter bydel (B),2010,Bydel Grünerløkka,Barn av par,Antall,503
EliminatedValue,5,3,5,0,Sosialhjelpsmottakere og berørte etter bydel (B),2010,Bydel Grünerløkka,Barn av enslig forsørger,Antall,521
EliminatedValue,5,4,0,0,Sosialhjelpsmottakere og berørte etter bydel (B),2010,Bydel Sagene,Sosialhjelpsmottakere i alt,Antall,1933
EliminatedValue,5,4,1,0,Sosialhjelpsmottakere og berørte etter bydel (B),2010,Bydel Sagene,Berørte av sosialhjelp,Antall,2917
EliminatedValue,5,4,2,0,Sosialhjelpsmottakere og berørte etter bydel (B),2010,Bydel Sagene,Berørte ektefeller/samboere,Antall,300
EliminatedValue,5,4,3,0,Sosialhjelpsmottakere og berørte etter bydel (B),2010,Bydel Sagene,Berørte barn i alt,Antall,684
EliminatedValue,5,4,4,0,Sosialhjelpsmottakere og berørte etter bydel (B),2010,Bydel Sagene,Barn av par,Antall,289
EliminatedValue,5,4,5,0,Sosialhjelpsmottakere og berørte etter bydel (B),2010,Bydel Sagene,Barn av enslig forsørger,Antall,395
EliminatedValue,5,5,0,0,Sosialhjelpsmottakere og berørte etter bydel (B),2010,Bydel St.Hanshaugen,Sosialhjelpsmottakere i alt,Antall,1412
EliminatedValue,5,5,1,0,Sosialhjelpsmottakere og berørte etter bydel (B),2010,Bydel St.Hanshaugen,Berørte av sosialhjelp,Antall,1980
EliminatedValue,5,5,2,0,Sosialhjelpsmottakere og berørte etter bydel (B),2010,Bydel St.Hanshaugen,Berørte ektefeller/samboere,Antall,189
EliminatedValue,5,5,3,0,Sosialhjelpsmottakere og berørte etter bydel (B),2010,Bydel St.Hanshaugen,Berørte barn i alt,Antall,379
EliminatedValue,5,5,4,0,Sosialhjelpsmottakere og berørte etter bydel (B),2010,Bydel St.Hanshaugen,Barn av par,Antall,147
EliminatedValue,5,5,5,0,Sosialhjelpsmottakere og berørte etter bydel (B),2010,Bydel St.Hanshaugen,Barn av enslig forsørger,Antall,232
EliminatedValue,5,6,0,0,Sosialhjelpsmottakere og berørte etter bydel (B),2010,Bydel Frogner,Sosialhjelpsmottakere i alt,Antall,1192
EliminatedValue,5,6,1,0,Sosialhjelpsmottakere og berørte etter bydel (B),2010,Bydel Frogner,Berørte av sosialhjelp,Antall,1637
EliminatedValue,5,6,2,0,Sosialhjelpsmottakere og berørte etter bydel (B),2010,Bydel Frogner,Berørte ektefeller/samboere,Antall,139
EliminatedValue,5,6,3,0,Sosialhjelpsmottakere og berørte etter bydel (B),2010,Bydel Frogner,Berørte barn i alt,Antall,306
EliminatedValue,5,6,4,0,Sosialhjelpsmottakere og berørte etter bydel (B),2010,Bydel Frogner,Barn av par,Antall,112
EliminatedValue,5,6,5,0,Sosialhjelpsmottakere og berørte etter bydel (B),2010,Bydel Frogner,Barn av enslig forsørger,Antall,194
EliminatedValue,5,7,0,0,Sosialhjelpsmottakere og berørte etter bydel (B),2010,Bydel Ullern,Sosialhjelpsmottakere i alt,Antall,373
EliminatedValue,5,7,1,0,Sosialhjelpsmottakere og berørte etter bydel (B),2010,Bydel Ullern,Berørte av sosialhjelp,Antall,573
EliminatedValue,5,7,2,0,Sosialhjelpsmottakere og berørte etter bydel (B),2010,Bydel Ullern,Berørte ektefeller/samboere,Antall,70
EliminatedValue,5,7,3,0,Sosialhjelpsmottakere og berørte etter bydel (B),2010,Bydel Ullern,Berørte barn i alt,Antall,130
EliminatedValue,5,7,4,0,Sosialhjelpsmottakere og berørte etter bydel (B),2010,Bydel Ullern,Barn av par,Antall,74
EliminatedValue,5,7,5,0,Sosialhjelpsmottakere og berørte etter bydel (B),2010,Bydel Ullern,Barn av enslig forsørger,Antall,56
EliminatedValue,5,8,0,0,Sosialhjelpsmottakere og berørte etter bydel (B),2010,Bydel Vestre Aker,Sosialhjelpsmottakere i alt,Antall,563
EliminatedValue,5,8,1,0,Sosialhjelpsmottakere og berørte etter bydel (B),2010,Bydel Vestre Aker,Berørte av sosialhjelp,Antall,932
EliminatedValue,5,8,2,0,Sosialhjelpsmottakere og berørte etter bydel (B),2010,Bydel Vestre Aker,Berørte ektefeller/samboere,Antall,102
EliminatedValue,5,8,3,0,Sosialhjelpsmottakere og berørte etter bydel (B),2010,Bydel Vestre Aker,Berørte barn i alt,Antall,267
EliminatedValue,5,8,4,0,Sosialhjelpsmottakere og berørte etter bydel (B),2010,Bydel Vestre Aker,Barn av par,Antall,98
EliminatedValue,5,8,5,0,Sosialhjelpsmottakere og berørte etter bydel (B),2010,Bydel Vestre Aker,Barn av enslig forsørger,Antall,169
EliminatedValue,5,9,0,0,Sosialhjelpsmottakere og berørte etter bydel (B),2010,Bydel Nordre Aker,Sosialhjelpsmottakere i alt,Antall,897
EliminatedValue,5,9,1,0,Sosialhjelpsmottakere og berørte etter bydel (B),2010,Bydel Nordre Aker,Berørte av sosialhjelp,Antall,1356
EliminatedValue,5,9,2,0,Sosialhjelpsmottakere og berørte etter bydel (B),2010,Bydel Nordre Aker,Berørte ektefeller/samboere,Antall,154
EliminatedValue,5,9,3,0,Sosialhjelpsmottakere og berørte etter bydel (B),2010,Bydel Nordre Aker,Berørte barn i alt,Antall,305
EliminatedValue,5,9,4,0,Sosialhjelpsmottakere og berørte etter bydel (B),2010,Bydel Nordre Aker,Barn av par,Antall,108
EliminatedValue,5,9,5,0,Sosialhjelpsmottakere og berørte etter bydel (B),2010,Bydel Nordre Aker,Barn av enslig forsørger,Antall,197
EliminatedValue,5,10,0,0,Sosialhjelpsmottakere og berørte etter bydel (B),2010,Bydel Bjerke,Sosialhjelpsmottakere i alt,Antall,1231
EliminatedValue,5,10,1,0,Sosialhjelpsmottakere og berørte etter bydel (B),2010,Bydel Bjerke,Berørte av sosialhjelp,Antall,2361
EliminatedValue,5,10,2,0,Sosialhjelpsmottakere og berørte etter bydel (B),2010,Bydel Bjerke,Berørte ektefeller/samboere,Antall,337
EliminatedValue,5,10,3,0,Sosialhjelpsmottakere og berørte etter bydel (B),2010,Bydel Bjerke,Berørte barn i alt,Antall,793
EliminatedValue,5,10,4,0,Sosialhjelpsmottakere og berørte etter bydel (B),2010,Bydel Bjerke,Barn av par,Antall,418
EliminatedValue,5,10,5,0,Sosialhjelpsmottakere og berørte etter bydel (B),2010,Bydel Bjerke,Barn av enslig forsørger,Antall,375
EliminatedValue,5,11,0,0,Sosialhjelpsmottakere og berørte etter bydel (B),2010,Bydel Grorud,Sosialhjelpsmottakere i alt,Antall,1212
EliminatedValue,5,11,1,0,Sosialhjelpsmottakere og berørte etter bydel (B),2010,Bydel Grorud,Berørte av sosialhjelp,Antall,2320
EliminatedValue,5,11,2,0,Sosialhjelpsmottakere og berørte etter bydel (B),2010,Bydel Grorud,Berørte ektefeller/samboere,Antall,290
EliminatedValue,5,11,3,0,Sosialhjelpsmottakere og berørte etter bydel (B),2010,Bydel Grorud,Berørte barn i alt,Antall,818
EliminatedValue,5,11,4,0,Sosialhjelpsmottakere og berørte etter bydel (B),2010,Bydel Grorud,Barn av par,Antall,398
EliminatedValue,5,11,5,0,Sosialhjelpsmottakere og berørte etter bydel (B),2010,Bydel Grorud,Barn av enslig forsørger,Antall,420
EliminatedValue,5,12,0,0,Sosialhjelpsmottakere og berørte etter bydel (B),2010,Bydel Stovner,Sosialhjelpsmottakere i alt,Antall,1004
EliminatedValue,5,12,1,0,Sosialhjelpsmottakere og berørte etter bydel (B),2010,Bydel Stovner,Berørte av sosialhjelp,Antall,2254
EliminatedValue,5,12,2,0,Sosialhjelpsmottakere og berørte etter bydel (B),2010,Bydel Stovner,Berørte ektefeller/samboere,Antall,290
EliminatedValue,5,12,3,0,Sosialhjelpsmottakere og berørte etter bydel (B),2010,Bydel Stovner,Berørte barn i alt,Antall,960
EliminatedValue,5,12,4,0,Sosialhjelpsmottakere og berørte etter bydel (B),2010,Bydel Stovner,Barn av par,Antall,556
EliminatedValue,5,12,5,0,Sosialhjelpsmottakere og berørte etter bydel (B),2010,Bydel Stovner,Barn av enslig forsørger,Antall,404
EliminatedValue,5,13,0,0,Sosialhjelpsmottakere og berørte etter bydel (B),2010,Bydel Alna,Sosialhjelpsmottakere i alt,Antall,1349
EliminatedValue,5,13,1,0,Sosialhjelpsmottakere og berørte etter bydel (B),2010,Bydel Alna,Berørte av sosialhjelp,Antall,2841
EliminatedValue,5,13,2,0,Sosialhjelpsmottakere og berørte etter bydel (B),2010,Bydel Alna,Berørte ektefeller/samboere,Antall,377
EliminatedValue,5,13,3,0,Sosialhjelpsmottakere og berørte etter bydel (B),2010,Bydel Alna,Berørte barn i alt,Antall,1115
EliminatedValue,5,13,4,0,Sosialhjelpsmottakere og berørte etter bydel (B),2010,Bydel Alna,Barn av par,Antall,639
EliminatedValue,5,13,5,0,Sosialhjelpsmottakere og berørte etter bydel (B),2010,Bydel Alna,Barn av enslig forsørger,Antall,476
EliminatedValue,5,14,0,0,Sosialhjelpsmottakere og berørte etter bydel (B),2010,Bydel Østensjø,Sosialhjelpsmottakere i alt,Antall,1125
EliminatedValue,5,14,1,0,Sosialhjelpsmottakere og berørte etter bydel (B),2010,Bydel Østensjø,Berørte av sosialhjelp,Antall,2137
EliminatedValue,5,14,2,0,Sosialhjelpsmottakere og berørte etter bydel (B),2010,Bydel Østensjø,Berørte ektefeller/samboere,Antall,237
EliminatedValue,5,14,3,0,Sosialhjelpsmottakere og berørte etter bydel (B),2010,Bydel Østensjø,Berørte barn i alt,Antall,775
EliminatedValue,5,14,4,0,Sosialhjelpsmottakere og berørte etter bydel (B),2010,Bydel Østensjø,Barn av par,Antall,387
EliminatedValue,5,14,5,0,Sosialhjelpsmottakere og berørte etter bydel (B),2010,Bydel Østensjø,Barn av enslig forsørger,Antall,388
EliminatedValue,5,15,0,0,Sosialhjelpsmottakere og berørte etter bydel (B),2010,Bydel Nordstrand,Sosialhjelpsmottakere i alt,Antall,797
EliminatedValue,5,15,1,0,Sosialhjelpsmottakere og berørte etter bydel (B),2010,Bydel Nordstrand,Berørte av sosialhjelp,Antall,1361
EliminatedValue,5,15,2,0,Sosialhjelpsmottakere og berørte etter bydel (B),2010,Bydel Nordstrand,Berørte ektefeller/samboere,Antall,155
EliminatedValue,5,15,3,0,Sosialhjelpsmottakere og berørte etter bydel (B),2010,Bydel Nordstrand,Berørte barn i alt,Antall,409
EliminatedValue,5,15,4,0,Sosialhjelpsmottakere og berørte etter bydel (B),2010,Bydel Nordstrand,Barn av par,Antall,210
EliminatedValue,5,15,5,0,Sosialhjelpsmottakere og berørte etter bydel (B),2010,Bydel Nordstrand,Barn av enslig forsørger,Antall,199
EliminatedValue,5,16,0,0,Sosialhjelpsmottakere og berørte etter bydel (B),2010,Bydel Søndre Nordstrand,Sosialhjelpsmottakere i alt,Antall,1382
EliminatedValue,5,16,1,0,Sosialhjelpsmottakere og berørte etter bydel (B),2010,Bydel Søndre Nordstrand,Berørte av sosialhjelp,Antall,3033
EliminatedValue,5,16,2,0,Sosialhjelpsmottakere og berørte etter bydel (B),2010,Bydel Søndre Nordstrand,Berørte ektefeller/samboere,Antall,341
EliminatedValue,5,16,3,0,Sosialhjelpsmottakere og berørte etter bydel (B),2010,Bydel Søndre Nordstrand,Berørte barn i alt,Antall,1310
EliminatedValue,5,16,4,0,Sosialhjelpsmottakere og berørte etter bydel (B),2010,Bydel Søndre Nordstrand,Barn av par,Antall,652
EliminatedValue,5,16,5,0,Sosialhjelpsmottakere og berørte etter bydel (B),2010,Bydel Søndre Nordstrand,Barn av enslig forsørger,Antall,658
EliminatedValue,6,0,0,0,Sosialhjelpsmottakere og berørte etter bydel (B),2011,Oslo i alt,Sosialhjelpsmottakere i alt,Antall,17948
EliminatedValue,6,0,1,0,Sosialhjelpsmottakere og berørte etter bydel (B),2011,Oslo i alt,Berørte av sosialhjelp,Antall,32590
EliminatedValue,6,0,2,0,Sosialhjelpsmottakere og berørte etter bydel (B),2011,Oslo i alt,Berørte ektefeller/samboere,Antall,3687
EliminatedValue,6,0,3,0,Sosialhjelpsmottakere og berørte etter bydel (B),2011,Oslo i alt,Berørte barn i alt,Antall,10955
EliminatedValue,6,0,4,0,Sosialhjelpsmottakere og berørte etter bydel (B),2011,Oslo i alt,Barn av par,Antall,5337
EliminatedValue,6,0,5,0,Sosialhjelpsmottakere og berørte etter bydel (B),2011,Oslo i alt,Barn av enslig forsørger,Antall,5618
EliminatedValue,6,1,0,0,Sosialhjelpsmottakere og berørte etter bydel (B),2011,Sum bydeler,Sosialhjelpsmottakere i alt,Antall,18974
EliminatedValue,6,1,1,0,Sosialhjelpsmottakere og berørte etter bydel (B),2011,Sum bydeler,Berørte av sosialhjelp,Antall,34431
EliminatedValue,6,1,2,0,Sosialhjelpsmottakere og berørte etter bydel (B),2011,Sum bydeler,Berørte ektefeller/samboere,Antall,3887
EliminatedValue,6,1,3,0,Sosialhjelpsmottakere og berørte etter bydel (B),2011,Sum bydeler,Berørte barn i alt,Antall,11570
EliminatedValue,6,1,4,0,Sosialhjelpsmottakere og berørte etter bydel (B),2011,Sum bydeler,Barn av par,Antall,5627
EliminatedValue,6,1,5,0,Sosialhjelpsmottakere og berørte etter bydel (B),2011,Sum bydeler,Barn av enslig forsørger,Antall,5943
EliminatedValue,6,2,0,0,Sosialhjelpsmottakere og berørte etter bydel (B),2011,Bydel Gamle Oslo,Sosialhjelpsmottakere i alt,Antall,2710
EliminatedValue,6,2,1,0,Sosialhjelpsmottakere og berørte etter bydel (B),2011,Bydel Gamle Oslo,Berørte av sosialhjelp,Antall,5081
EliminatedValue,6,2,2,0,Sosialhjelpsmottakere og berørte etter bydel (B),2011,Bydel Gamle Oslo,Berørte ektefeller/samboere,Antall,551
EliminatedValue,6,2,3,0,Sosialhjelpsmottakere og berørte etter bydel (B),2011,Bydel Gamle Oslo,Berørte barn i alt,Antall,1820
EliminatedValue,6,2,4,0,Sosialhjelpsmottakere og berørte etter bydel (B),2011,Bydel Gamle Oslo,Barn av par,Antall,799
EliminatedValue,6,2,5,0,Sosialhjelpsmottakere og berørte etter bydel (B),2011,Bydel Gamle Oslo,Barn av enslig forsørger,Antall,1021
EliminatedValue,6,3,0,0,Sosialhjelpsmottakere og berørte etter bydel (B),2011,Bydel Grünerløkka,Sosialhjelpsmottakere i alt,Antall,2038
EliminatedValue,6,3,1,0,Sosialhjelpsmottakere og berørte etter bydel (B),2011,Bydel Grünerløkka,Berørte av sosialhjelp,Antall,3515
EliminatedValue,6,3,2,0,Sosialhjelpsmottakere og berørte etter bydel (B),2011,Bydel Grünerløkka,Berørte ektefeller/samboere,Antall,386
EliminatedValue,6,3,3,0,Sosialhjelpsmottakere og berørte etter bydel (B),2011,Bydel Grünerløkka,Berørte barn i alt,Antall,1091
EliminatedValue,6,3,4,0,Sosialhjelpsmottakere og berørte etter bydel (B),2011,Bydel Grünerløkka,Barn av par,Antall,512
EliminatedValue,6,3,5,0,Sosialhjelpsmottakere og berørte etter bydel (B),2011,Bydel Grünerløkka,Barn av enslig forsørger,Antall,579
EliminatedValue,6,4,0,0,Sosialhjelpsmottakere og berørte etter bydel (B),2011,Bydel Sagene,Sosialhjelpsmottakere i alt,Antall,1926
EliminatedValue,6,4,1,0,Sosialhjelpsmottakere og berørte etter bydel (B),2011,Bydel Sagene,Berørte av sosialhjelp,Antall,3010
EliminatedValue,6,4,2,0,Sosialhjelpsmottakere og berørte etter bydel (B),2011,Bydel Sagene,Berørte ektefeller/samboere,Antall,298
EliminatedValue,6,4,3,0,Sosialhjelpsmottakere og berørte etter bydel (B),2011,Bydel Sagene,Berørte barn i alt,Antall,786
EliminatedValue,6,4,4,0,Sosialhjelpsmottakere og berørte etter bydel (B),2011,Bydel Sagene,Barn av par,Antall,308
EliminatedValue,6,4,5,0,Sosialhjelpsmottakere og berørte etter bydel (B),2011,Bydel Sagene,Barn av enslig forsørger,Antall,478
EliminatedValue,6,5,0,0,Sosialhjelpsmottakere og berørte etter bydel (B),2011,Bydel St.Hanshaugen,Sosialhjelpsmottakere i alt,Antall,1261
EliminatedValue,6,5,1,0,Sosialhjelpsmottakere og berørte etter bydel (B),2011,Bydel St.Hanshaugen,Berørte av sosialhjelp,Antall,1799
EliminatedValue,6,5,2,0,Sosialhjelpsmottakere og berørte etter bydel (B),2011,Bydel St.Hanshaugen,Berørte ektefeller/samboere,Antall,163
EliminatedValue,6,5,3,0,Sosialhjelpsmottakere og berørte etter bydel (B),2011,Bydel St.Hanshaugen,Berørte barn i alt,Antall,375
EliminatedValue,6,5,4,0,Sosialhjelpsmottakere og berørte etter bydel (B),2011,Bydel St.Hanshaugen,Barn av par,Antall,163
EliminatedValue,6,5,5,0,Sosialhjelpsmottakere og berørte etter bydel (B),2011,Bydel St.Hanshaugen,Barn av enslig forsørger,Antall,212
EliminatedValue,6,6,0,0,Sosialhjelpsmottakere og berørte etter bydel (B),2011,Bydel Frogner,Sosialhjelpsmottakere i alt,Antall,1219
EliminatedValue,6,6,1,0,Sosialhjelpsmottakere og berørte etter bydel (B),2011,Bydel Frogner,Berørte av sosialhjelp,Antall,1764
EliminatedValue,6,6,2,0,Sosialhjelpsmottakere og berørte etter bydel (B),2011,Bydel Frogner,Berørte ektefeller/samboere,Antall,175
EliminatedValue,6,6,3,0,Sosialhjelpsmottakere og berørte etter bydel (B),2011,Bydel Frogner,Berørte barn i alt,Antall,370
EliminatedValue,6,6,4,0,Sosialhjelpsmottakere og berørte etter bydel (B),2011,Bydel Frogner,Barn av par,Antall,154
EliminatedValue,6,6,5,0,Sosialhjelpsmottakere og berørte etter bydel (B),2011,Bydel Frogner,Barn av enslig forsørger,Antall,216
EliminatedValue,6,7,0,0,Sosialhjelpsmottakere og berørte etter bydel (B),2011,Bydel Ullern,Sosialhjelpsmottakere i alt,Antall,344
EliminatedValue,6,7,1,0,Sosialhjelpsmottakere og berørte etter bydel (B),2011,Bydel Ullern,Berørte av sosialhjelp,Antall,546
EliminatedValue,6,7,2,0,Sosialhjelpsmottakere og berørte etter bydel (B),2011,Bydel Ullern,Berørte ektefeller/samboere,Antall,69
EliminatedValue,6,7,3,0,Sosialhjelpsmottakere og berørte etter bydel (B),2011,Bydel Ullern,Berørte barn i alt,Antall,133
EliminatedValue,6,7,4,0,Sosialhjelpsmottakere og berørte etter bydel (B),2011,Bydel Ullern,Barn av par,Antall,74
EliminatedValue,6,7,5,0,Sosialhjelpsmottakere og berørte etter bydel (B),2011,Bydel Ullern,Barn av enslig forsørger,Antall,59
EliminatedValue,6,8,0,0,Sosialhjelpsmottakere og berørte etter bydel (B),2011,Bydel Vestre Aker,Sosialhjelpsmottakere i alt,Antall,580
EliminatedValue,6,8,1,0,Sosialhjelpsmottakere og berørte etter bydel (B),2011,Bydel Vestre Aker,Berørte av sosialhjelp,Antall,980
EliminatedValue,6,8,2,0,Sosialhjelpsmottakere og berørte etter bydel (B),2011,Bydel Vestre Aker,Berørte ektefeller/samboere,Antall,108
EliminatedValue,6,8,3,0,Sosialhjelpsmottakere og berørte etter bydel (B),2011,Bydel Vestre Aker,Berørte barn i alt,Antall,292
EliminatedValue,6,8,4,0,Sosialhjelpsmottakere og berørte etter bydel (B),2011,Bydel Vestre Aker,Barn av par,Antall,114
EliminatedValue,6,8,5,0,Sosialhjelpsmottakere og berørte etter bydel (B),2011,Bydel Vestre Aker,Barn av enslig forsørger,Antall,178
EliminatedValue,6,9,0,0,Sosialhjelpsmottakere og berørte etter bydel (B),2011,Bydel Nordre Aker,Sosialhjelpsmottakere i alt,Antall,882
EliminatedValue,6,9,1,0,Sosialhjelpsmottakere og berørte etter bydel (B),2011,Bydel Nordre Aker,Berørte av sosialhjelp,Antall,1399
EliminatedValue,6,9,2,0,Sosialhjelpsmottakere og berørte etter bydel (B),2011,Bydel Nordre Aker,Berørte ektefeller/samboere,Antall,160
EliminatedValue,6,9,3,0,Sosialhjelpsmottakere og berørte etter bydel (B),2011,Bydel Nordre Aker,Berørte barn i alt,Antall,357
EliminatedValue,6,9,4,0,Sosialhjelpsmottakere og berørte etter bydel (B),2011,Bydel Nordre Aker,Barn av par,Antall,141
EliminatedValue,6,9,5,0,Sosialhjelpsmottakere og berørte etter bydel (B),2011,Bydel Nordre Aker,Barn av enslig forsørger,Antall,216
EliminatedValue,6,10,0,0,Sosialhjelpsmottakere og berørte etter bydel (B),2011,Bydel Bjerke,Sosialhjelpsmottakere i alt,Antall,1253
EliminatedValue,6,10,1,0,Sosialhjelpsmottakere og berørte etter bydel (B),2011,Bydel Bjerke,Berørte av sosialhjelp,Antall,2373
EliminatedValue,6,10,2,0,Sosialhjelpsmottakere og berørte etter bydel (B),2011,Bydel Bjerke,Berørte ektefeller/samboere,Antall,332
EliminatedValue,6,10,3,0,Sosialhjelpsmottakere og berørte etter bydel (B),2011,Bydel Bjerke,Berørte barn i alt,Antall,788
EliminatedValue,6,10,4,0,Sosialhjelpsmottakere og berørte etter bydel (B),2011,Bydel Bjerke,Barn av par,Antall,407
EliminatedValue,6,10,5,0,Sosialhjelpsmottakere og berørte etter bydel (B),2011,Bydel Bjerke,Barn av enslig forsørger,Antall,381
EliminatedValue,6,11,0,0,Sosialhjelpsmottakere og berørte etter bydel (B),2011,Bydel Grorud,Sosialhjelpsmottakere i alt,Antall,1200
EliminatedValue,6,11,1,0,Sosialhjelpsmottakere og berørte etter bydel (B),2011,Bydel Grorud,Berørte av sosialhjelp,Antall,2303
EliminatedValue,6,11,2,0,Sosialhjelpsmottakere og berørte etter bydel (B),2011,Bydel Grorud,Berørte ektefeller/samboere,Antall,272
EliminatedValue,6,11,3,0,Sosialhjelpsmottakere og berørte etter bydel (B),2011,Bydel Grorud,Berørte barn i alt,Antall,831
EliminatedValue,6,11,4,0,Sosialhjelpsmottakere og berørte etter bydel (B),2011,Bydel Grorud,Barn av par,Antall,401
EliminatedValue,6,11,5,0,Sosialhjelpsmottakere og berørte etter bydel (B),2011,Bydel Grorud,Barn av enslig forsørger,Antall,430
EliminatedValue,6,12,0,0,Sosialhjelpsmottakere og berørte etter bydel (B),2011,Bydel Stovner,Sosialhjelpsmottakere i alt,Antall,1057
EliminatedValue,6,12,1,0,Sosialhjelpsmottakere og berørte etter bydel (B),2011,Bydel Stovner,Berørte av sosialhjelp,Antall,2392
EliminatedValue,6,12,2,0,Sosialhjelpsmottakere og berørte etter bydel (B),2011,Bydel Stovner,Berørte ektefeller/samboere,Antall,308
EliminatedValue,6,12,3,0,Sosialhjelpsmottakere og berørte etter bydel (B),2011,Bydel Stovner,Berørte barn i alt,Antall,1027
EliminatedValue,6,12,4,0,Sosialhjelpsmottakere og berørte etter bydel (B),2011,Bydel Stovner,Barn av par,Antall,620
EliminatedValue,6,12,5,0,Sosialhjelpsmottakere og berørte etter bydel (B),2011,Bydel Stovner,Barn av enslig forsørger,Antall,407
EliminatedValue,6,13,0,0,Sosialhjelpsmottakere og berørte etter bydel (B),2011,Bydel Alna,Sosialhjelpsmottakere i alt,Antall,1277
EliminatedValue,6,13,1,0,Sosialhjelpsmottakere og berørte etter bydel (B),2011,Bydel Alna,Berørte av sosialhjelp,Antall,2792
EliminatedValue,6,13,2,0,Sosialhjelpsmottakere og berørte etter bydel (B),2011,Bydel Alna,Berørte ektefeller/samboere,Antall,358
EliminatedValue,6,13,3,0,Sosialhjelpsmottakere og berørte etter bydel (B),2011,Bydel Alna,Berørte barn i alt,Antall,1157
EliminatedValue,6,13,4,0,Sosialhjelpsmottakere og berørte etter bydel (B),2011,Bydel Alna,Barn av par,Antall,690
EliminatedValue,6,13,5,0,Sosialhjelpsmottakere og berørte etter bydel (B),2011,Bydel Alna,Barn av enslig forsørger,Antall,467
EliminatedValue,6,14,0,0,Sosialhjelpsmottakere og berørte etter bydel (B),2011,Bydel Østensjø,Sosialhjelpsmottakere i alt,Antall,1118
EliminatedValue,6,14,1,0,Sosialhjelpsmottakere og berørte etter bydel (B),2011,Bydel Østensjø,Berørte av sosialhjelp,Antall,2112
EliminatedValue,6,14,2,0,Sosialhjelpsmottakere og berørte etter bydel (B),2011,Bydel Østensjø,Berørte ektefeller/samboere,Antall,233
EliminatedValue,6,14,3,0,Sosialhjelpsmottakere og berørte etter bydel (B),2011,Bydel Østensjø,Berørte barn i alt,Antall,761
EliminatedValue,6,14,4,0,Sosialhjelpsmottakere og berørte etter bydel (B),2011,Bydel Østensjø,Barn av par,Antall,406
EliminatedValue,6,14,5,0,Sosialhjelpsmottakere og berørte etter bydel (B),2011,Bydel Østensjø,Barn av enslig forsørger,Antall,355
EliminatedValue,6,15,0,0,Sosialhjelpsmottakere og berørte etter bydel (B),2011,Bydel Nordstrand,Sosialhjelpsmottakere i alt,Antall,784
EliminatedValue,6,15,1,0,Sosialhjelpsmottakere og berørte etter bydel (B),2011,Bydel Nordstrand,Berørte av sosialhjelp,Antall,1361
EliminatedValue,6,15,2,0,Sosialhjelpsmottakere og berørte etter bydel (B),2011,Bydel Nordstrand,Berørte ektefeller/samboere,Antall,158
EliminatedValue,6,15,3,0,Sosialhjelpsmottakere og berørte etter bydel (B),2011,Bydel Nordstrand,Berørte barn i alt,Antall,419
EliminatedValue,6,15,4,0,Sosialhjelpsmottakere og berørte etter bydel (B),2011,Bydel Nordstrand,Barn av par,Antall,178
EliminatedValue,6,15,5,0,Sosialhjelpsmottakere og berørte etter bydel (B),2011,Bydel Nordstrand,Barn av enslig forsørger,Antall,241
EliminatedValue,6,16,0,0,Sosialhjelpsmottakere og berørte etter bydel (B),2011,Bydel Søndre Nordstrand,Sosialhjelpsmottakere i alt,Antall,1325
EliminatedValue,6,16,1,0,Sosialhjelpsmottakere og berørte etter bydel (B),2011,Bydel Søndre Nordstrand,Berørte av sosialhjelp,Antall,3004
EliminatedValue,6,16,2,0,Sosialhjelpsmottakere og berørte etter bydel (B),2011,Bydel Søndre Nordstrand,Berørte ektefeller/samboere,Antall,316
EliminatedValue,6,16,3,0,Sosialhjelpsmottakere og berørte etter bydel (B),2011,Bydel Søndre Nordstrand,Berørte barn i alt,Antall,1363
EliminatedValue,6,16,4,0,Sosialhjelpsmottakere og berørte etter bydel (B),2011,Bydel Søndre Nordstrand,Barn av par,Antall,660
EliminatedValue,6,16,5,0,Sosialhjelpsmottakere og berørte etter bydel (B),2011,Bydel Søndre Nordstrand,Barn av enslig forsørger,Antall,703
EliminatedValue,7,0,0,0,Sosialhjelpsmottakere og berørte etter bydel (B),2012,Oslo i alt,Sosialhjelpsmottakere i alt,Antall,17317
EliminatedValue,7,0,1,0,Sosialhjelpsmottakere og berørte etter bydel (B),2012,Oslo i alt,Berørte av sosialhjelp,Antall,31315
EliminatedValue,7,0,2,0,Sosialhjelpsmottakere og berørte etter bydel (B),2012,Oslo i alt,Berørte ektefeller/samboere,Antall,3495
EliminatedValue,7,0,3,0,Sosialhjelpsmottakere og berørte etter bydel (B),2012,Oslo i alt,Berørte barn i alt,Antall,10503
EliminatedValue,7,0,4,0,Sosialhjelpsmottakere og berørte etter bydel (B),2012,Oslo i alt,Barn av par,Antall,5001
EliminatedValue,7,0,5,0,Sosialhjelpsmottakere og berørte etter bydel (B),2012,Oslo i alt,Barn av enslig forsørger,Antall,5502
EliminatedValue,7,1,0,0,Sosialhjelpsmottakere og berørte etter bydel (B),2012,Sum bydeler,Sosialhjelpsmottakere i alt,Antall,18272
EliminatedValue,7,1,1,0,Sosialhjelpsmottakere og berørte etter bydel (B),2012,Sum bydeler,Berørte av sosialhjelp,Antall,33022
EliminatedValue,7,1,2,0,Sosialhjelpsmottakere og berørte etter bydel (B),2012,Sum bydeler,Berørte ektefeller/samboere,Antall,3688
EliminatedValue,7,1,3,0,Sosialhjelpsmottakere og berørte etter bydel (B),2012,Sum bydeler,Berørte barn i alt,Antall,11062
EliminatedValue,7,1,4,0,Sosialhjelpsmottakere og berørte etter bydel (B),2012,Sum bydeler,Barn av par,Antall,5246
EliminatedValue,7,1,5,0,Sosialhjelpsmottakere og berørte etter bydel (B),2012,Sum bydeler,Barn av enslig forsørger,Antall,5816
EliminatedValue,7,2,0,0,Sosialhjelpsmottakere og berørte etter bydel (B),2012,Bydel Gamle Oslo,Sosialhjelpsmottakere i alt,Antall,2683
EliminatedValue,7,2,1,0,Sosialhjelpsmottakere og berørte etter bydel (B),2012,Bydel Gamle Oslo,Berørte av sosialhjelp,Antall,4991
EliminatedValue,7,2,2,0,Sosialhjelpsmottakere og berørte etter bydel (B),2012,Bydel Gamle Oslo,Berørte ektefeller/samboere,Antall,532
EliminatedValue,7,2,3,0,Sosialhjelpsmottakere og berørte etter bydel (B),2012,Bydel Gamle Oslo,Berørte barn i alt,Antall,1776
EliminatedValue,7,2,4,0,Sosialhjelpsmottakere og berørte etter bydel (B),2012,Bydel Gamle Oslo,Barn av par,Antall,767
EliminatedValue,7,2,5,0,Sosialhjelpsmottakere og berørte etter bydel (B),2012,Bydel Gamle Oslo,Barn av enslig forsørger,Antall,1009
EliminatedValue,7,3,0,0,Sosialhjelpsmottakere og berørte etter bydel (B),2012,Bydel Grünerløkka,Sosialhjelpsmottakere i alt,Antall,1965
EliminatedValue,7,3,1,0,Sosialhjelpsmottakere og berørte etter bydel (B),2012,Bydel Grünerløkka,Berørte av sosialhjelp,Antall,3406
EliminatedValue,7,3,2,0,Sosialhjelpsmottakere og berørte etter bydel (B),2012,Bydel Grünerløkka,Berørte ektefeller/samboere,Antall,367
EliminatedValue,7,3,3,0,Sosialhjelpsmottakere og berørte etter bydel (B),2012,Bydel Grünerløkka,Berørte barn i alt,Antall,1074
EliminatedValue,7,3,4,0,Sosialhjelpsmottakere og berørte etter bydel (B),2012,Bydel Grünerløkka,Barn av par,Antall,467
EliminatedValue,7,3,5,0,Sosialhjelpsmottakere og berørte etter bydel (B),2012,Bydel Grünerløkka,Barn av enslig forsørger,Antall,607
EliminatedValue,7,4,0,0,Sosialhjelpsmottakere og berørte etter bydel (B),2012,Bydel Sagene,Sosialhjelpsmottakere i alt,Antall,1770
EliminatedValue,7,4,1,0,Sosialhjelpsmottakere og berørte etter bydel (B),2012,Bydel Sagene,Berørte av sosialhjelp,Antall,2825
EliminatedValue,7,4,2,0,Sosialhjelpsmottakere og berørte etter bydel (B),2012,Bydel Sagene,Berørte ektefeller/samboere,Antall,272
EliminatedValue,7,4,3,0,Sosialhjelpsmottakere og berørte etter bydel (B),2012,Bydel Sagene,Berørte barn i alt,Antall,783
EliminatedValue,7,4,4,0,Sosialhjelpsmottakere og berørte etter bydel (B),2012,Bydel Sagene,Barn av par,Antall,285
EliminatedValue,7,4,5,0,Sosialhjelpsmottakere og berørte etter bydel (B),2012,Bydel Sagene,Barn av enslig forsørger,Antall,498
EliminatedValue,7,5,0,0,Sosialhjelpsmottakere og berørte etter bydel (B),2012,Bydel St.Hanshaugen,Sosialhjelpsmottakere i alt,Antall,1277
EliminatedValue,7,5,1,0,Sosialhjelpsmottakere og berørte etter bydel (B),2012,Bydel St.Hanshaugen,Berørte av sosialhjelp,Antall,1817
EliminatedValue,7,5,2,0,Sosialhjelpsmottakere og berørte etter bydel (B),2012,Bydel St.Hanshaugen,Berørte ektefeller/samboere,Antall,159
EliminatedValue,7,5,3,0,Sosialhjelpsmottakere og berørte etter bydel (B),2012,Bydel St.Hanshaugen,Berørte barn i alt,Antall,381
EliminatedValue,7,5,4,0,Sosialhjelpsmottakere og berørte etter bydel (B),2012,Bydel St.Hanshaugen,Barn av par,Antall,153
EliminatedValue,7,5,5,0,Sosialhjelpsmottakere og berørte etter bydel (B),2012,Bydel St.Hanshaugen,Barn av enslig forsørger,Antall,228
EliminatedValue,7,6,0,0,Sosialhjelpsmottakere og berørte etter bydel (B),2012,Bydel Frogner,Sosialhjelpsmottakere i alt,Antall,1215
EliminatedValue,7,6,1,0,Sosialhjelpsmottakere og berørte etter bydel (B),2012,Bydel Frogner,Berørte av sosialhjelp,Antall,1764
EliminatedValue,7,6,2,0,Sosialhjelpsmottakere og berørte etter bydel (B),2012,Bydel Frogner,Berørte ektefeller/samboere,Antall,171
EliminatedValue,7,6,3,0,Sosialhjelpsmottakere og berørte etter bydel (B),2012,Bydel Frogner,Berørte barn i alt,Antall,378
EliminatedValue,7,6,4,0,Sosialhjelpsmottakere og berørte etter bydel (B),2012,Bydel Frogner,Barn av par,Antall,170
EliminatedValue,7,6,5,0,Sosialhjelpsmottakere og berørte etter bydel (B),2012,Bydel Frogner,Barn av enslig forsørger,Antall,208
EliminatedValue,7,7,0,0,Sosialhjelpsmottakere og berørte etter bydel (B),2012,Bydel Ullern,Sosialhjelpsmottakere i alt,Antall,352
EliminatedValue,7,7,1,0,Sosialhjelpsmottakere og berørte etter bydel (B),2012,Bydel Ullern,Berørte av sosialhjelp,Antall,559
EliminatedValue,7,7,2,0,Sosialhjelpsmottakere og berørte etter bydel (B),2012,Bydel Ullern,Berørte ektefeller/samboere,Antall,78
EliminatedValue,7,7,3,0,Sosialhjelpsmottakere og berørte etter bydel (B),2012,Bydel Ullern,Berørte barn i alt,Antall,129
EliminatedValue,7,7,4,0,Sosialhjelpsmottakere og berørte etter bydel (B),2012,Bydel Ullern,Barn av par,Antall,69
EliminatedValue,7,7,5,0,Sosialhjelpsmottakere og berørte etter bydel (B),2012,Bydel Ullern,Barn av enslig forsørger,Antall,60
EliminatedValue,7,8,0,0,Sosialhjelpsmottakere og berørte etter bydel (B),2012,Bydel Vestre Aker,Sosialhjelpsmottakere i alt,Antall,504
EliminatedValue,7,8,1,0,Sosialhjelpsmottakere og berørte etter bydel (B),2012,Bydel Vestre Aker,Berørte av sosialhjelp,Antall,846
EliminatedValue,7,8,2,0,Sosialhjelpsmottakere og berørte etter bydel (B),2012,Bydel Vestre Aker,Berørte ektefeller/samboere,Antall,97
EliminatedValue,7,8,3,0,Sosialhjelpsmottakere og berørte etter bydel (B),2012,Bydel Vestre Aker,Berørte barn i alt,Antall,245
EliminatedValue,7,8,4,0,Sosialhjelpsmottakere og berørte etter bydel (B),2012,Bydel Vestre Aker,Barn av par,Antall,108
EliminatedValue,7,8,5,0,Sosialhjelpsmottakere og berørte etter bydel (B),2012,Bydel Vestre Aker,Barn av enslig forsørger,Antall,137
EliminatedValue,7,9,0,0,Sosialhjelpsmottakere og berørte etter bydel (B),2012,Bydel Nordre Aker,Sosialhjelpsmottakere i alt,Antall,831
EliminatedValue,7,9,1,0,Sosialhjelpsmottakere og berørte etter bydel (B),2012,Bydel Nordre Aker,Berørte av sosialhjelp,Antall,1321
EliminatedValue,7,9,2,0,Sosialhjelpsmottakere og berørte etter bydel (B),2012,Bydel Nordre Aker,Berørte ektefeller/samboere,Antall,161
EliminatedValue,7,9,3,0,Sosialhjelpsmottakere og berørte etter bydel (B),2012,Bydel Nordre Aker,Berørte barn i alt,Antall,329
EliminatedValue,7,9,4,0,Sosialhjelpsmottakere og berørte etter bydel (B),2012,Bydel Nordre Aker,Barn av par,Antall,131
EliminatedValue,7,9,5,0,Sosialhjelpsmottakere og berørte etter bydel (B),2012,Bydel Nordre Aker,Barn av enslig forsørger,Antall,198
EliminatedValue,7,10,0,0,Sosialhjelpsmottakere og berørte etter bydel (B),2012,Bydel Bjerke,Sosialhjelpsmottakere i alt,Antall,1172
EliminatedValue,7,10,1,0,Sosialhjelpsmottakere og berørte etter bydel (B),2012,Bydel Bjerke,Berørte av sosialhjelp,Antall,2267
EliminatedValue,7,10,2,0,Sosialhjelpsmottakere og berørte etter bydel (B),2012,Bydel Bjerke,Berørte ektefeller/samboere,Antall,304
EliminatedValue,7,10,3,0,Sosialhjelpsmottakere og berørte etter bydel (B),2012,Bydel Bjerke,Berørte barn i alt,Antall,791
EliminatedValue,7,10,4,0,Sosialhjelpsmottakere og berørte etter bydel (B),2012,Bydel Bjerke,Barn av par,Antall,420
EliminatedValue,7,10,5,0,Sosialhjelpsmottakere og berørte etter bydel (B),2012,Bydel Bjerke,Barn av enslig forsørger,Antall,371
EliminatedValue,7,11,0,0,Sosialhjelpsmottakere og berørte etter bydel (B),2012,Bydel Grorud,Sosialhjelpsmottakere i alt,Antall,1116
EliminatedValue,7,11,1,0,Sosialhjelpsmottakere og berørte etter bydel (B),2012,Bydel Grorud,Berørte av sosialhjelp,Antall,2093
EliminatedValue,7,11,2,0,Sosialhjelpsmottakere og berørte etter bydel (B),2012,Bydel Grorud,Berørte ektefeller/samboere,Antall,249
EliminatedValue,7,11,3,0,Sosialhjelpsmottakere og berørte etter bydel (B),2012,Bydel Grorud,Berørte barn i alt,Antall,728
EliminatedValue,7,11,4,0,Sosialhjelpsmottakere og berørte etter bydel (B),2012,Bydel Grorud,Barn av par,Antall,347
EliminatedValue,7,11,5,0,Sosialhjelpsmottakere og berørte etter bydel (B),2012,Bydel Grorud,Barn av enslig forsørger,Antall,381
EliminatedValue,7,12,0,0,Sosialhjelpsmottakere og berørte etter bydel (B),2012,Bydel Stovner,Sosialhjelpsmottakere i alt,Antall,1064
EliminatedValue,7,12,1,0,Sosialhjelpsmottakere og berørte etter bydel (B),2012,Bydel Stovner,Berørte av sosialhjelp,Antall,2347
EliminatedValue,7,12,2,0,Sosialhjelpsmottakere og berørte etter bydel (B),2012,Bydel Stovner,Berørte ektefeller/samboere,Antall,319
EliminatedValue,7,12,3,0,Sosialhjelpsmottakere og berørte etter bydel (B),2012,Bydel Stovner,Berørte barn i alt,Antall,964
EliminatedValue,7,12,4,0,Sosialhjelpsmottakere og berørte etter bydel (B),2012,Bydel Stovner,Barn av par,Antall,588
EliminatedValue,7,12,5,0,Sosialhjelpsmottakere og berørte etter bydel (B),2012,Bydel Stovner,Barn av enslig forsørger,Antall,376
EliminatedValue,7,13,0,0,Sosialhjelpsmottakere og berørte etter bydel (B),2012,Bydel Alna,Sosialhjelpsmottakere i alt,Antall,1190
EliminatedValue,7,13,1,0,Sosialhjelpsmottakere og berørte etter bydel (B),2012,Bydel Alna,Berørte av sosialhjelp,Antall,2583
EliminatedValue,7,13,2,0,Sosialhjelpsmottakere og berørte etter bydel (B),2012,Bydel Alna,Berørte ektefeller/samboere,Antall,312
EliminatedValue,7,13,3,0,Sosialhjelpsmottakere og berørte etter bydel (B),2012,Bydel Alna,Berørte barn i alt,Antall,1081
EliminatedValue,7,13,4,0,Sosialhjelpsmottakere og berørte etter bydel (B),2012,Bydel Alna,Barn av par,Antall,607
EliminatedValue,7,13,5,0,Sosialhjelpsmottakere og berørte etter bydel (B),2012,Bydel Alna,Barn av enslig forsørger,Antall,474
EliminatedValue,7,14,0,0,Sosialhjelpsmottakere og berørte etter bydel (B),2012,Bydel Østensjø,Sosialhjelpsmottakere i alt,Antall,1028
EliminatedValue,7,14,1,0,Sosialhjelpsmottakere og berørte etter bydel (B),2012,Bydel Østensjø,Berørte av sosialhjelp,Antall,1948
EliminatedValue,7,14,2,0,Sosialhjelpsmottakere og berørte etter bydel (B),2012,Bydel Østensjø,Berørte ektefeller/samboere,Antall,213
EliminatedValue,7,14,3,0,Sosialhjelpsmottakere og berørte etter bydel (B),2012,Bydel Østensjø,Berørte barn i alt,Antall,707
EliminatedValue,7,14,4,0,Sosialhjelpsmottakere og berørte etter bydel (B),2012,Bydel Østensjø,Barn av par,Antall,352
EliminatedValue,7,14,5,0,Sosialhjelpsmottakere og berørte etter bydel (B),2012,Bydel Østensjø,Barn av enslig forsørger,Antall,355
EliminatedValue,7,15,0,0,Sosialhjelpsmottakere og berørte etter bydel (B),2012,Bydel Nordstrand,Sosialhjelpsmottakere i alt,Antall,772
EliminatedValue,7,15,1,0,Sosialhjelpsmottakere og berørte etter bydel (B),2012,Bydel Nordstrand,Berørte av sosialhjelp,Antall,1361
EliminatedValue,7,15,2,0,Sosialhjelpsmottakere og berørte etter bydel (B),2012,Bydel Nordstrand,Berørte ektefeller/samboere,Antall,144
EliminatedValue,7,15,3,0,Sosialhjelpsmottakere og berørte etter bydel (B),2012,Bydel Nordstrand,Berørte barn i alt,Antall,445
EliminatedValue,7,15,4,0,Sosialhjelpsmottakere og berørte etter bydel (B),2012,Bydel Nordstrand,Barn av par,Antall,181
EliminatedValue,7,15,5,0,Sosialhjelpsmottakere og berørte etter bydel (B),2012,Bydel Nordstrand,Barn av enslig forsørger,Antall,264
EliminatedValue,7,16,0,0,Sosialhjelpsmottakere og berørte etter bydel (B),2012,Bydel Søndre Nordstrand,Sosialhjelpsmottakere i alt,Antall,1333
EliminatedValue,7,16,1,0,Sosialhjelpsmottakere og berørte etter bydel (B),2012,Bydel Søndre Nordstrand,Berørte av sosialhjelp,Antall,2894
EliminatedValue,7,16,2,0,Sosialhjelpsmottakere og berørte etter bydel (B),2012,Bydel Søndre Nordstrand,Berørte ektefeller/samboere,Antall,310
EliminatedValue,7,16,3,0,Sosialhjelpsmottakere og berørte etter bydel (B),2012,Bydel Søndre Nordstrand,Berørte barn i alt,Antall,1251
EliminatedValue,7,16,4,0,Sosialhjelpsmottakere og berørte etter bydel (B),2012,Bydel Søndre Nordstrand,Barn av par,Antall,601
EliminatedValue,7,16,5,0,Sosialhjelpsmottakere og berørte etter bydel (B),2012,Bydel Søndre Nordstrand,Barn av enslig forsørger,Antall,650
EliminatedValue,8,0,0,0,Sosialhjelpsmottakere og berørte etter bydel (B),2013,Oslo i alt,Sosialhjelpsmottakere i alt,Antall,17750
EliminatedValue,8,0,1,0,Sosialhjelpsmottakere og berørte etter bydel (B),2013,Oslo i alt,Berørte av sosialhjelp,Antall,33725
EliminatedValue,8,0,2,0,Sosialhjelpsmottakere og berørte etter bydel (B),2013,Oslo i alt,Berørte ektefeller/samboere,Antall,3624
EliminatedValue,8,0,3,0,Sosialhjelpsmottakere og berørte etter bydel (B),2013,Oslo i alt,Berørte barn i alt,Antall,10839
EliminatedValue,8,0,4,0,Sosialhjelpsmottakere og berørte etter bydel (B),2013,Oslo i alt,Barn av par,Antall,5136
EliminatedValue,8,0,5,0,Sosialhjelpsmottakere og berørte etter bydel (B),2013,Oslo i alt,Barn av enslig forsørger,Antall,5703
EliminatedValue,8,1,0,0,Sosialhjelpsmottakere og berørte etter bydel (B),2013,Sum bydeler,Sosialhjelpsmottakere i alt,Antall,18833
EliminatedValue,8,1,1,0,Sosialhjelpsmottakere og berørte etter bydel (B),2013,Sum bydeler,Berørte av sosialhjelp,Antall,34952
EliminatedValue,8,1,2,0,Sosialhjelpsmottakere og berørte etter bydel (B),2013,Sum bydeler,Berørte ektefeller/samboere,Antall,3832
EliminatedValue,8,1,3,0,Sosialhjelpsmottakere og berørte etter bydel (B),2013,Sum bydeler,Berørte barn i alt,Antall,11346
EliminatedValue,8,1,4,0,Sosialhjelpsmottakere og berørte etter bydel (B),2013,Sum bydeler,Barn av par,Antall,5375
EliminatedValue,8,1,5,0,Sosialhjelpsmottakere og berørte etter bydel (B),2013,Sum bydeler,Barn av enslig forsørger,Antall,5971
EliminatedValue,8,2,0,0,Sosialhjelpsmottakere og berørte etter bydel (B),2013,Bydel Gamle Oslo,Sosialhjelpsmottakere i alt,Antall,2699
EliminatedValue,8,2,1,0,Sosialhjelpsmottakere og berørte etter bydel (B),2013,Bydel Gamle Oslo,Berørte av sosialhjelp,Antall,5135
EliminatedValue,8,2,2,0,Sosialhjelpsmottakere og berørte etter bydel (B),2013,Bydel Gamle Oslo,Berørte ektefeller/samboere,Antall,512
EliminatedValue,8,2,3,0,Sosialhjelpsmottakere og berørte etter bydel (B),2013,Bydel Gamle Oslo,Berørte barn i alt,Antall,1718
EliminatedValue,8,2,4,0,Sosialhjelpsmottakere og berørte etter bydel (B),2013,Bydel Gamle Oslo,Barn av par,Antall,689
EliminatedValue,8,2,5,0,Sosialhjelpsmottakere og berørte etter bydel (B),2013,Bydel Gamle Oslo,Barn av enslig forsørger,Antall,1029
EliminatedValue,8,3,0,0,Sosialhjelpsmottakere og berørte etter bydel (B),2013,Bydel Grünerløkka,Sosialhjelpsmottakere i alt,Antall,2132
EliminatedValue,8,3,1,0,Sosialhjelpsmottakere og berørte etter bydel (B),2013,Bydel Grünerløkka,Berørte av sosialhjelp,Antall,3737
EliminatedValue,8,3,2,0,Sosialhjelpsmottakere og berørte etter bydel (B),2013,Bydel Grünerløkka,Berørte ektefeller/samboere,Antall,390
EliminatedValue,8,3,3,0,Sosialhjelpsmottakere og berørte etter bydel (B),2013,Bydel Grünerløkka,Berørte barn i alt,Antall,1132
EliminatedValue,8,3,4,0,Sosialhjelpsmottakere og berørte etter bydel (B),2013,Bydel Grünerløkka,Barn av par,Antall,490
EliminatedValue,8,3,5,0,Sosialhjelpsmottakere og berørte etter bydel (B),2013,Bydel Grünerløkka,Barn av enslig forsørger,Antall,642
EliminatedValue,8,4,0,0,Sosialhjelpsmottakere og berørte etter bydel (B),2013,Bydel Sagene,Sosialhjelpsmottakere i alt,Antall,1763
EliminatedValue,8,4,1,0,Sosialhjelpsmottakere og berørte etter bydel (B),2013,Bydel Sagene,Berørte av sosialhjelp,Antall,2924
EliminatedValue,8,4,2,0,Sosialhjelpsmottakere og berørte etter bydel (B),2013,Bydel Sagene,Berørte ektefeller/samboere,Antall,293
EliminatedValue,8,4,3,0,Sosialhjelpsmottakere og berørte etter bydel (B),2013,Bydel Sagene,Berørte barn i alt,Antall,773
EliminatedValue,8,4,4,0,Sosialhjelpsmottakere og berørte etter bydel (B),2013,Bydel Sagene,Barn av par,Antall,276
EliminatedValue,8,4,5,0,Sosialhjelpsmottakere og berørte etter bydel (B),2013,Bydel Sagene,Barn av enslig forsørger,Antall,497
EliminatedValue,8,5,0,0,Sosialhjelpsmottakere og berørte etter bydel (B),2013,Bydel St.Hanshaugen,Sosialhjelpsmottakere i alt,Antall,1312
EliminatedValue,8,5,1,0,Sosialhjelpsmottakere og berørte etter bydel (B),2013,Bydel St.Hanshaugen,Berørte av sosialhjelp,Antall,1882
EliminatedValue,8,5,2,0,Sosialhjelpsmottakere og berørte etter bydel (B),2013,Bydel St.Hanshaugen,Berørte ektefeller/samboere,Antall,169
EliminatedValue,8,5,3,0,Sosialhjelpsmottakere og berørte etter bydel (B),2013,Bydel St.Hanshaugen,Berørte barn i alt,Antall,388
EliminatedValue,8,5,4,0,Sosialhjelpsmottakere og berørte etter bydel (B),2013,Bydel St.Hanshaugen,Barn av par,Antall,162
EliminatedValue,8,5,5,0,Sosialhjelpsmottakere og berørte etter bydel (B),2013,Bydel St.Hanshaugen,Barn av enslig forsørger,Antall,226
EliminatedValue,8,6,0,0,Sosialhjelpsmottakere og berørte etter bydel (B),2013,Bydel Frogner,Sosialhjelpsmottakere i alt,Antall,1375
EliminatedValue,8,6,1,0,Sosialhjelpsmottakere og berørte etter bydel (B),2013,Bydel Frogner,Berørte av sosialhjelp,Antall,1995
EliminatedValue,8,6,2,0,Sosialhjelpsmottakere og berørte etter bydel (B),2013,Bydel Frogner,Berørte ektefeller/samboere,Antall,183
EliminatedValue,8,6,3,0,Sosialhjelpsmottakere og berørte etter bydel (B),2013,Bydel Frogner,Berørte barn i alt,Antall,405
EliminatedValue,8,6,4,0,Sosialhjelpsmottakere og berørte etter bydel (B),2013,Bydel Frogner,Barn av par,Antall,163
EliminatedValue,8,6,5,0,Sosialhjelpsmottakere og berørte etter bydel (B),2013,Bydel Frogner,Barn av enslig forsørger,Antall,242
EliminatedValue,8,7,0,0,Sosialhjelpsmottakere og berørte etter bydel (B),2013,Bydel Ullern,Sosialhjelpsmottakere i alt,Antall,370
EliminatedValue,8,7,1,0,Sosialhjelpsmottakere og berørte etter bydel (B),2013,Bydel Ullern,Berørte av sosialhjelp,Antall,563
EliminatedValue,8,7,2,0,Sosialhjelpsmottakere og berørte etter bydel (B),2013,Bydel Ullern,Berørte ektefeller/samboere,Antall,73
EliminatedValue,8,7,3,0,Sosialhjelpsmottakere og berørte etter bydel (B),2013,Bydel Ullern,Berørte barn i alt,Antall,129
EliminatedValue,8,7,4,0,Sosialhjelpsmottakere og berørte etter bydel (B),2013,Bydel Ullern,Barn av par,Antall,70
EliminatedValue,8,7,5,0,Sosialhjelpsmottakere og berørte etter bydel (B),2013,Bydel Ullern,Barn av enslig forsørger,Antall,59
EliminatedValue,8,8,0,0,Sosialhjelpsmottakere og berørte etter bydel (B),2013,Bydel Vestre Aker,Sosialhjelpsmottakere i alt,Antall,515
EliminatedValue,8,8,1,0,Sosialhjelpsmottakere og berørte etter bydel (B),2013,Bydel Vestre Aker,Berørte av sosialhjelp,Antall,935
EliminatedValue,8,8,2,0,Sosialhjelpsmottakere og berørte etter bydel (B),2013,Bydel Vestre Aker,Berørte ektefeller/samboere,Antall,116
EliminatedValue,8,8,3,0,Sosialhjelpsmottakere og berørte etter bydel (B),2013,Bydel Vestre Aker,Berørte barn i alt,Antall,286
EliminatedValue,8,8,4,0,Sosialhjelpsmottakere og berørte etter bydel (B),2013,Bydel Vestre Aker,Barn av par,Antall,131
EliminatedValue,8,8,5,0,Sosialhjelpsmottakere og berørte etter bydel (B),2013,Bydel Vestre Aker,Barn av enslig forsørger,Antall,155
EliminatedValue,8,9,0,0,Sosialhjelpsmottakere og berørte etter bydel (B),2013,Bydel Nordre Aker,Sosialhjelpsmottakere i alt,Antall,845
EliminatedValue,8,9,1,0,Sosialhjelpsmottakere og berørte etter bydel (B),2013,Bydel Nordre Aker,Berørte av sosialhjelp,Antall,1325
EliminatedValue,8,9,2,0,Sosialhjelpsmottakere og berørte etter bydel (B),2013,Bydel Nordre Aker,Berørte ektefeller/samboere,Antall,154
EliminatedValue,8,9,3,0,Sosialhjelpsmottakere og berørte etter bydel (B),2013,Bydel Nordre Aker,Berørte barn i alt,Antall,319
EliminatedValue,8,9,4,0,Sosialhjelpsmottakere og berørte etter bydel (B),2013,Bydel Nordre Aker,Barn av par,Antall,125
EliminatedValue,8,9,5,0,Sosialhjelpsmottakere og berørte etter bydel (B),2013,Bydel Nordre Aker,Barn av enslig forsørger,Antall,194
EliminatedValue,8,10,0,0,Sosialhjelpsmottakere og berørte etter bydel (B),2013,Bydel Bjerke,Sosialhjelpsmottakere i alt,Antall,1135
EliminatedValue,8,10,1,0,Sosialhjelpsmottakere og berørte etter bydel (B),2013,Bydel Bjerke,Berørte av sosialhjelp,Antall,2331
EliminatedValue,8,10,2,0,Sosialhjelpsmottakere og berørte etter bydel (B),2013,Bydel Bjerke,Berørte ektefeller/samboere,Antall,294
EliminatedValue,8,10,3,0,Sosialhjelpsmottakere og berørte etter bydel (B),2013,Bydel Bjerke,Berørte barn i alt,Antall,872
EliminatedValue,8,10,4,0,Sosialhjelpsmottakere og berørte etter bydel (B),2013,Bydel Bjerke,Barn av par,Antall,457
EliminatedValue,8,10,5,0,Sosialhjelpsmottakere og berørte etter bydel (B),2013,Bydel Bjerke,Barn av enslig forsørger,Antall,415
EliminatedValue,8,11,0,0,Sosialhjelpsmottakere og berørte etter bydel (B),2013,Bydel Grorud,Sosialhjelpsmottakere i alt,Antall,1186
EliminatedValue,8,11,1,0,Sosialhjelpsmottakere og berørte etter bydel (B),2013,Bydel Grorud,Berørte av sosialhjelp,Antall,2287
EliminatedValue,8,11,2,0,Sosialhjelpsmottakere og berørte etter bydel (B),2013,Bydel Grorud,Berørte ektefeller/samboere,Antall,296
EliminatedValue,8,11,3,0,Sosialhjelpsmottakere og berørte etter bydel (B),2013,Bydel Grorud,Berørte barn i alt,Antall,763
EliminatedValue,8,11,4,0,Sosialhjelpsmottakere og berørte etter bydel (B),2013,Bydel Grorud,Barn av par,Antall,418
EliminatedValue,8,11,5,0,Sosialhjelpsmottakere og berørte etter bydel (B),2013,Bydel Grorud,Barn av enslig forsørger,Antall,345
EliminatedValue,8,12,0,0,Sosialhjelpsmottakere og berørte etter bydel (B),2013,Bydel Stovner,Sosialhjelpsmottakere i alt,Antall,1098
EliminatedValue,8,12,1,0,Sosialhjelpsmottakere og berørte etter bydel (B),2013,Bydel Stovner,Berørte av sosialhjelp,Antall,2471
EliminatedValue,8,12,2,0,Sosialhjelpsmottakere og berørte etter bydel (B),2013,Bydel Stovner,Berørte ektefeller/samboere,Antall,318
EliminatedValue,8,12,3,0,Sosialhjelpsmottakere og berørte etter bydel (B),2013,Bydel Stovner,Berørte barn i alt,Antall,1015
EliminatedValue,8,12,4,0,Sosialhjelpsmottakere og berørte etter bydel (B),2013,Bydel Stovner,Barn av par,Antall,491
EliminatedValue,8,12,5,0,Sosialhjelpsmottakere og berørte etter bydel (B),2013,Bydel Stovner,Barn av enslig forsørger,Antall,424
EliminatedValue,8,13,0,0,Sosialhjelpsmottakere og berørte etter bydel (B),2013,Bydel Alna,Sosialhjelpsmottakere i alt,Antall,1131
EliminatedValue,8,13,1,0,Sosialhjelpsmottakere og berørte etter bydel (B),2013,Bydel Alna,Berørte av sosialhjelp,Antall,2597
EliminatedValue,8,13,2,0,Sosialhjelpsmottakere og berørte etter bydel (B),2013,Bydel Alna,Berørte ektefeller/samboere,Antall,319
EliminatedValue,8,13,3,0,Sosialhjelpsmottakere og berørte etter bydel (B),2013,Bydel Alna,Berørte barn i alt,Antall,1065
EliminatedValue,8,13,4,0,Sosialhjelpsmottakere og berørte etter bydel (B),2013,Bydel Alna,Barn av par,Antall,601
EliminatedValue,8,13,5,0,Sosialhjelpsmottakere og berørte etter bydel (B),2013,Bydel Alna,Barn av enslig forsørger,Antall,464
EliminatedValue,8,14,0,0,Sosialhjelpsmottakere og berørte etter bydel (B),2013,Bydel Østensjø,Sosialhjelpsmottakere i alt,Antall,1030
EliminatedValue,8,14,1,0,Sosialhjelpsmottakere og berørte etter bydel (B),2013,Bydel Østensjø,Berørte av sosialhjelp,Antall,2103
EliminatedValue,8,14,2,0,Sosialhjelpsmottakere og berørte etter bydel (B),2013,Bydel Østensjø,Berørte ektefeller/samboere,Antall,235
EliminatedValue,8,14,3,0,Sosialhjelpsmottakere og berørte etter bydel (B),2013,Bydel Østensjø,Berørte barn i alt,Antall,739
EliminatedValue,8,14,4,0,Sosialhjelpsmottakere og berørte etter bydel (B),2013,Bydel Østensjø,Barn av par,Antall,374
EliminatedValue,8,14,5,0,Sosialhjelpsmottakere og berørte etter bydel (B),2013,Bydel Østensjø,Barn av enslig forsørger,Antall,365
EliminatedValue,8,15,0,0,Sosialhjelpsmottakere og berørte etter bydel (B),2013,Bydel Nordstrand,Sosialhjelpsmottakere i alt,Antall,800
EliminatedValue,8,15,1,0,Sosialhjelpsmottakere og berørte etter bydel (B),2013,Bydel Nordstrand,Berørte av sosialhjelp,Antall,1439
EliminatedValue,8,15,2,0,Sosialhjelpsmottakere og berørte etter bydel (B),2013,Bydel Nordstrand,Berørte ektefeller/samboere,Antall,150
EliminatedValue,8,15,3,0,Sosialhjelpsmottakere og berørte etter bydel (B),2013,Bydel Nordstrand,Berørte barn i alt,Antall,442
EliminatedValue,8,15,4,0,Sosialhjelpsmottakere og berørte etter bydel (B),2013,Bydel Nordstrand,Barn av par,Antall,195
EliminatedValue,8,15,5,0,Sosialhjelpsmottakere og berørte etter bydel (B),2013,Bydel Nordstrand,Barn av enslig forsørger,Antall,247
EliminatedValue,8,16,0,0,Sosialhjelpsmottakere og berørte etter bydel (B),2013,Bydel Søndre Nordstrand,Sosialhjelpsmottakere i alt,Antall,1442
EliminatedValue,8,16,1,0,Sosialhjelpsmottakere og berørte etter bydel (B),2013,Bydel Søndre Nordstrand,Berørte av sosialhjelp,Antall,3228
EliminatedValue,8,16,2,0,Sosialhjelpsmottakere og berørte etter bydel (B),2013,Bydel Søndre Nordstrand,Berørte ektefeller/samboere,Antall,330
EliminatedValue,8,16,3,0,Sosialhjelpsmottakere og berørte etter bydel (B),2013,Bydel Søndre Nordstrand,Berørte barn i alt,Antall,1300
EliminatedValue,8,16,4,0,Sosialhjelpsmottakere og berørte etter bydel (B),2013,Bydel Søndre Nordstrand,Barn av par,Antall,633
EliminatedValue,8,16,5,0,Sosialhjelpsmottakere og berørte etter bydel (B),2013,Bydel Søndre Nordstrand,Barn av enslig forsørger,Antall,667
EliminatedValue,9,0,0,0,Sosialhjelpsmottakere og berørte etter bydel (B),2014,Oslo i alt,Sosialhjelpsmottakere i alt,Antall,18620
EliminatedValue,9,0,1,0,Sosialhjelpsmottakere og berørte etter bydel (B),2014,Oslo i alt,Berørte av sosialhjelp,Antall,33607
EliminatedValue,9,0,2,0,Sosialhjelpsmottakere og berørte etter bydel (B),2014,Oslo i alt,Berørte ektefeller/samboere,Antall,3624
EliminatedValue,9,0,3,0,Sosialhjelpsmottakere og berørte etter bydel (B),2014,Oslo i alt,Berørte barn i alt,Antall,11363
EliminatedValue,9,0,4,0,Sosialhjelpsmottakere og berørte etter bydel (B),2014,Oslo i alt,Barn av par,Antall,5391
EliminatedValue,9,0,5,0,Sosialhjelpsmottakere og berørte etter bydel (B),2014,Oslo i alt,Barn av enslig forsørger,Antall,5972
EliminatedValue,9,1,0,0,Sosialhjelpsmottakere og berørte etter bydel (B),2014,Sum bydeler,Sosialhjelpsmottakere i alt,Antall,19797
EliminatedValue,9,1,1,0,Sosialhjelpsmottakere og berørte etter bydel (B),2014,Sum bydeler,Berørte av sosialhjelp,Antall,35690
EliminatedValue,9,1,2,0,Sosialhjelpsmottakere og berørte etter bydel (B),2014,Sum bydeler,Berørte ektefeller/samboere,Antall,3999
EliminatedValue,9,1,3,0,Sosialhjelpsmottakere og berørte etter bydel (B),2014,Sum bydeler,Berørte barn i alt,Antall,11894
EliminatedValue,9,1,4,0,Sosialhjelpsmottakere og berørte etter bydel (B),2014,Sum bydeler,Barn av par,Antall,5593
EliminatedValue,9,1,5,0,Sosialhjelpsmottakere og berørte etter bydel (B),2014,Sum bydeler,Barn av enslig forsørger,Antall,6301
EliminatedValue,9,2,0,0,Sosialhjelpsmottakere og berørte etter bydel (B),2014,Bydel Gamle Oslo,Sosialhjelpsmottakere i alt,Antall,2884
EliminatedValue,9,2,1,0,Sosialhjelpsmottakere og berørte etter bydel (B),2014,Bydel Gamle Oslo,Berørte av sosialhjelp,Antall,5212
EliminatedValue,9,2,2,0,Sosialhjelpsmottakere og berørte etter bydel (B),2014,Bydel Gamle Oslo,Berørte ektefeller/samboere,Antall,573
EliminatedValue,9,2,3,0,Sosialhjelpsmottakere og berørte etter bydel (B),2014,Bydel Gamle Oslo,Berørte barn i alt,Antall,1755
EliminatedValue,9,2,4,0,Sosialhjelpsmottakere og berørte etter bydel (B),2014,Bydel Gamle Oslo,Barn av par,Antall,721
EliminatedValue,9,2,5,0,Sosialhjelpsmottakere og berørte etter bydel (B),2014,Bydel Gamle Oslo,Barn av enslig forsørger,Antall,1034
EliminatedValue,9,3,0,0,Sosialhjelpsmottakere og berørte etter bydel (B),2014,Bydel Grünerløkka,Sosialhjelpsmottakere i alt,Antall,2411
EliminatedValue,9,3,1,0,Sosialhjelpsmottakere og berørte etter bydel (B),2014,Bydel Grünerløkka,Berørte av sosialhjelp,Antall,3989
EliminatedValue,9,3,2,0,Sosialhjelpsmottakere og berørte etter bydel (B),2014,Bydel Grünerløkka,Berørte ektefeller/samboere,Antall,424
EliminatedValue,9,3,3,0,Sosialhjelpsmottakere og berørte etter bydel (B),2014,Bydel Grünerløkka,Berørte barn i alt,Antall,1154
EliminatedValue,9,3,4,0,Sosialhjelpsmottakere og berørte etter bydel (B),2014,Bydel Grünerløkka,Barn av par,Antall,492
EliminatedValue,9,3,5,0,Sosialhjelpsmottakere og berørte etter bydel (B),2014,Bydel Grünerløkka,Barn av enslig forsørger,Antall,662
EliminatedValue,9,4,0,0,Sosialhjelpsmottakere og berørte etter bydel (B),2014,Bydel Sagene,Sosialhjelpsmottakere i alt,Antall,1855
EliminatedValue,9,4,1,0,Sosialhjelpsmottakere og berørte etter bydel (B),2014,Bydel Sagene,Berørte av sosialhjelp,Antall,2893
EliminatedValue,9,4,2,0,Sosialhjelpsmottakere og berørte etter bydel (B),2014,Bydel Sagene,Berørte ektefeller/samboere,Antall,286
EliminatedValue,9,4,3,0,Sosialhjelpsmottakere og berørte etter bydel (B),2014,Bydel Sagene,Berørte barn i alt,Antall,752
EliminatedValue,9,4,4,0,Sosialhjelpsmottakere og berørte etter bydel (B),2014,Bydel Sagene,Barn av par,Antall,271
EliminatedValue,9,4,5,0,Sosialhjelpsmottakere og berørte etter bydel (B),2014,Bydel Sagene,Barn av enslig forsørger,Antall,481
EliminatedValue,9,5,0,0,Sosialhjelpsmottakere og berørte etter bydel (B),2014,Bydel St.Hanshaugen,Sosialhjelpsmottakere i alt,Antall,1340
EliminatedValue,9,5,1,0,Sosialhjelpsmottakere og berørte etter bydel (B),2014,Bydel St.Hanshaugen,Berørte av sosialhjelp,Antall,1889
EliminatedValue,9,5,2,0,Sosialhjelpsmottakere og berørte etter bydel (B),2014,Bydel St.Hanshaugen,Berørte ektefeller/samboere,Antall,164
EliminatedValue,9,5,3,0,Sosialhjelpsmottakere og berørte etter bydel (B),2014,Bydel St.Hanshaugen,Berørte barn i alt,Antall,385
EliminatedValue,9,5,4,0,Sosialhjelpsmottakere og berørte etter bydel (B),2014,Bydel St.Hanshaugen,Barn av par,Antall,163
EliminatedValue,9,5,5,0,Sosialhjelpsmottakere og berørte etter bydel (B),2014,Bydel St.Hanshaugen,Barn av enslig forsørger,Antall,222
EliminatedValue,9,6,0,0,Sosialhjelpsmottakere og berørte etter bydel (B),2014,Bydel Frogner,Sosialhjelpsmottakere i alt,Antall,1514
EliminatedValue,9,6,1,0,Sosialhjelpsmottakere og berørte etter bydel (B),2014,Bydel Frogner,Berørte av sosialhjelp,Antall,2157
EliminatedValue,9,6,2,0,Sosialhjelpsmottakere og berørte etter bydel (B),2014,Bydel Frogner,Berørte ektefeller/samboere,Antall,204
EliminatedValue,9,6,3,0,Sosialhjelpsmottakere og berørte etter bydel (B),2014,Bydel Frogner,Berørte barn i alt,Antall,439
EliminatedValue,9,6,4,0,Sosialhjelpsmottakere og berørte etter bydel (B),2014,Bydel Frogner,Barn av par,Antall,169
EliminatedValue,9,6,5,0,Sosialhjelpsmottakere og berørte etter bydel (B),2014,Bydel Frogner,Barn av enslig forsørger,Antall,270
EliminatedValue,9,7,0,0,Sosialhjelpsmottakere og berørte etter bydel (B),2014,Bydel Ullern,Sosialhjelpsmottakere i alt,Antall,396
EliminatedValue,9,7,1,0,Sosialhjelpsmottakere og berørte etter bydel (B),2014,Bydel Ullern,Berørte av sosialhjelp,Antall,645
EliminatedValue,9,7,2,0,Sosialhjelpsmottakere og berørte etter bydel (B),2014,Bydel Ullern,Berørte ektefeller/samboere,Antall,79
EliminatedValue,9,7,3,0,Sosialhjelpsmottakere og berørte etter bydel (B),2014,Bydel Ullern,Berørte barn i alt,Antall,170
EliminatedValue,9,7,4,0,Sosialhjelpsmottakere og berørte etter bydel (B),2014,Bydel Ullern,Barn av par,Antall,90
EliminatedValue,9,7,5,0,Sosialhjelpsmottakere og berørte etter bydel (B),2014,Bydel Ullern,Barn av enslig forsørger,Antall,80
EliminatedValue,9,8,0,0,Sosialhjelpsmottakere og berørte etter bydel (B),2014,Bydel Vestre Aker,Sosialhjelpsmottakere i alt,Antall,546
EliminatedValue,9,8,1,0,Sosialhjelpsmottakere og berørte etter bydel (B),2014,Bydel Vestre Aker,Berørte av sosialhjelp,Antall,923
EliminatedValue,9,8,2,0,Sosialhjelpsmottakere og berørte etter bydel (B),2014,Bydel Vestre Aker,Berørte ektefeller/samboere,Antall,109
EliminatedValue,9,8,3,0,Sosialhjelpsmottakere og berørte etter bydel (B),2014,Bydel Vestre Aker,Berørte barn i alt,Antall,268
EliminatedValue,9,8,4,0,Sosialhjelpsmottakere og berørte etter bydel (B),2014,Bydel Vestre Aker,Barn av par,Antall,126
EliminatedValue,9,8,5,0,Sosialhjelpsmottakere og berørte etter bydel (B),2014,Bydel Vestre Aker,Barn av enslig forsørger,Antall,142
EliminatedValue,9,9,0,0,Sosialhjelpsmottakere og berørte etter bydel (B),2014,Bydel Nordre Aker,Sosialhjelpsmottakere i alt,Antall,859
EliminatedValue,9,9,1,0,Sosialhjelpsmottakere og berørte etter bydel (B),2014,Bydel Nordre Aker,Berørte av sosialhjelp,Antall,1387
EliminatedValue,9,9,2,0,Sosialhjelpsmottakere og berørte etter bydel (B),2014,Bydel Nordre Aker,Berørte ektefeller/samboere,Antall,154
EliminatedValue,9,9,3,0,Sosialhjelpsmottakere og berørte etter bydel (B),2014,Bydel Nordre Aker,Berørte barn i alt,Antall,374
EliminatedValue,9,9,4,0,Sosialhjelpsmottakere og berørte etter bydel (B),2014,Bydel Nordre Aker,Barn av par,Antall,151
EliminatedValue,9,9,5,0,Sosialhjelpsmottakere og berørte etter bydel (B),2014,Bydel Nordre Aker,Barn av enslig forsørger,Antall,223
EliminatedValue,9,10,0,0,Sosialhjelpsmottakere og berørte etter bydel (B),2014,Bydel Bjerke,Sosialhjelpsmottakere i alt,Antall,1122
EliminatedValue,9,10,1,0,Sosialhjelpsmottakere og berørte etter bydel (B),2014,Bydel Bjerke,Berørte av sosialhjelp,Antall,2331
EliminatedValue,9,10,2,0,Sosialhjelpsmottakere og berørte etter bydel (B),2014,Bydel Bjerke,Berørte ektefeller/samboere,Antall,305
EliminatedValue,9,10,3,0,Sosialhjelpsmottakere og berørte etter bydel (B),2014,Bydel Bjerke,Berørte barn i alt,Antall,904
EliminatedValue,9,10,4,0,Sosialhjelpsmottakere og berørte etter bydel (B),2014,Bydel Bjerke,Barn av par,Antall,465
EliminatedValue,9,10,5,0,Sosialhjelpsmottakere og berørte etter bydel (B),2014,Bydel Bjerke,Barn av enslig forsørger,Antall,439
EliminatedValue,9,11,0,0,Sosialhjelpsmottakere og berørte etter bydel (B),2014,Bydel Grorud,Sosialhjelpsmottakere i alt,Antall,1129
EliminatedValue,9,11,1,0,Sosialhjelpsmottakere og berørte etter bydel (B),2014,Bydel Grorud,Berørte av sosialhjelp,Antall,2124
EliminatedValue,9,11,2,0,Sosialhjelpsmottakere og berørte etter bydel (B),2014,Bydel Grorud,Berørte ektefeller/samboere,Antall,261
EliminatedValue,9,11,3,0,Sosialhjelpsmottakere og berørte etter bydel (B),2014,Bydel Grorud,Berørte barn i alt,Antall,734
EliminatedValue,9,11,4,0,Sosialhjelpsmottakere og berørte etter bydel (B),2014,Bydel Grorud,Barn av par,Antall,383
EliminatedValue,9,11,5,0,Sosialhjelpsmottakere og berørte etter bydel (B),2014,Bydel Grorud,Barn av enslig forsørger,Antall,351
EliminatedValue,9,12,0,0,Sosialhjelpsmottakere og berørte etter bydel (B),2014,Bydel Stovner,Sosialhjelpsmottakere i alt,Antall,1106
EliminatedValue,9,12,1,0,Sosialhjelpsmottakere og berørte etter bydel (B),2014,Bydel Stovner,Berørte av sosialhjelp,Antall,2503
EliminatedValue,9,12,2,0,Sosialhjelpsmottakere og berørte etter bydel (B),2014,Bydel Stovner,Berørte ektefeller/samboere,Antall,330
EliminatedValue,9,12,3,0,Sosialhjelpsmottakere og berørte etter bydel (B),2014,Bydel Stovner,Berørte barn i alt,Antall,1067
EliminatedValue,9,12,4,0,Sosialhjelpsmottakere og berørte etter bydel (B),2014,Bydel Stovner,Barn av par,Antall,632
EliminatedValue,9,12,5,0,Sosialhjelpsmottakere og berørte etter bydel (B),2014,Bydel Stovner,Barn av enslig forsørger,Antall,435
EliminatedValue,9,13,0,0,Sosialhjelpsmottakere og berørte etter bydel (B),2014,Bydel Alna,Sosialhjelpsmottakere i alt,Antall,1198
EliminatedValue,9,13,1,0,Sosialhjelpsmottakere og berørte etter bydel (B),2014,Bydel Alna,Berørte av sosialhjelp,Antall,2663
EliminatedValue,9,13,2,0,Sosialhjelpsmottakere og berørte etter bydel (B),2014,Bydel Alna,Berørte ektefeller/samboere,Antall,337
EliminatedValue,9,13,3,0,Sosialhjelpsmottakere og berørte etter bydel (B),2014,Bydel Alna,Berørte barn i alt,Antall,1128
EliminatedValue,9,13,4,0,Sosialhjelpsmottakere og berørte etter bydel (B),2014,Bydel Alna,Barn av par,Antall,618
EliminatedValue,9,13,5,0,Sosialhjelpsmottakere og berørte etter bydel (B),2014,Bydel Alna,Barn av enslig forsørger,Antall,510
EliminatedValue,9,14,0,0,Sosialhjelpsmottakere og berørte etter bydel (B),2014,Bydel Østensjø,Sosialhjelpsmottakere i alt,Antall,1037
EliminatedValue,9,14,1,0,Sosialhjelpsmottakere og berørte etter bydel (B),2014,Bydel Østensjø,Berørte av sosialhjelp,Antall,2044
EliminatedValue,9,14,2,0,Sosialhjelpsmottakere og berørte etter bydel (B),2014,Bydel Østensjø,Berørte ektefeller/samboere,Antall,225
EliminatedValue,9,14,3,0,Sosialhjelpsmottakere og berørte etter bydel (B),2014,Bydel Østensjø,Berørte barn i alt,Antall,782
EliminatedValue,9,14,4,0,Sosialhjelpsmottakere og berørte etter bydel (B),2014,Bydel Østensjø,Barn av par,Antall,381
EliminatedValue,9,14,5,0,Sosialhjelpsmottakere og berørte etter bydel (B),2014,Bydel Østensjø,Barn av enslig forsørger,Antall,401
EliminatedValue,9,15,0,0,Sosialhjelpsmottakere og berørte etter bydel (B),2014,Bydel Nordstrand,Sosialhjelpsmottakere i alt,Antall,837
EliminatedValue,9,15,1,0,Sosialhjelpsmottakere og berørte etter bydel (B),2014,Bydel Nordstrand,Berørte av sosialhjelp,Antall,1463
EliminatedValue,9,15,2,0,Sosialhjelpsmottakere og berørte etter bydel (B),2014,Bydel Nordstrand,Berørte ektefeller/samboere,Antall,149
EliminatedValue,9,15,3,0,Sosialhjelpsmottakere og berørte etter bydel (B),2014,Bydel Nordstrand,Berørte barn i alt,Antall,477
EliminatedValue,9,15,4,0,Sosialhjelpsmottakere og berørte etter bydel (B),2014,Bydel Nordstrand,Barn av par,Antall,202
EliminatedValue,9,15,5,0,Sosialhjelpsmottakere og berørte etter bydel (B),2014,Bydel Nordstrand,Barn av enslig forsørger,Antall,275
EliminatedValue,9,16,0,0,Sosialhjelpsmottakere og berørte etter bydel (B),2014,Bydel Søndre Nordstrand,Sosialhjelpsmottakere i alt,Antall,1563
EliminatedValue,9,16,1,0,Sosialhjelpsmottakere og berørte etter bydel (B),2014,Bydel Søndre Nordstrand,Berørte av sosialhjelp,Antall,3467
EliminatedValue,9,16,2,0,Sosialhjelpsmottakere og berørte etter bydel (B),2014,Bydel Søndre Nordstrand,Berørte ektefeller/samboere,Antall,399
EliminatedValue,9,16,3,0,Sosialhjelpsmottakere og berørte etter bydel (B),2014,Bydel Søndre Nordstrand,Berørte barn i alt,Antall,1505
EliminatedValue,9,16,4,0,Sosialhjelpsmottakere og berørte etter bydel (B),2014,Bydel Søndre Nordstrand,Barn av par,Antall,729
EliminatedValue,9,16,5,0,Sosialhjelpsmottakere og berørte etter bydel (B),2014,Bydel Søndre Nordstrand,Barn av enslig forsørger,Antall,776
EliminatedValue,10,0,0,0,Sosialhjelpsmottakere og berørte etter bydel (B),2015,Oslo i alt,Sosialhjelpsmottakere i alt,Antall,19168
EliminatedValue,10,0,1,0,Sosialhjelpsmottakere og berørte etter bydel (B),2015,Oslo i alt,Berørte av sosialhjelp,Antall,35226
EliminatedValue,10,0,2,0,Sosialhjelpsmottakere og berørte etter bydel (B),2015,Oslo i alt,Berørte ektefeller/samboere,Antall,4029
EliminatedValue,10,0,3,0,Sosialhjelpsmottakere og berørte etter bydel (B),2015,Oslo i alt,Berørte barn i alt,Antall,12029
EliminatedValue,10,0,4,0,Sosialhjelpsmottakere og berørte etter bydel (B),2015,Oslo i alt,Barn av par,Antall,5596
EliminatedValue,10,0,5,0,Sosialhjelpsmottakere og berørte etter bydel (B),2015,Oslo i alt,Barn av enslig forsørger,Antall,6433
EliminatedValue,10,1,0,0,Sosialhjelpsmottakere og berørte etter bydel (B),2015,Sum bydeler,Sosialhjelpsmottakere i alt,Antall,20242
EliminatedValue,10,1,1,0,Sosialhjelpsmottakere og berørte etter bydel (B),2015,Sum bydeler,Berørte av sosialhjelp,Antall,37003
EliminatedValue,10,1,2,0,Sosialhjelpsmottakere og berørte etter bydel (B),2015,Sum bydeler,Berørte ektefeller/samboere,Antall,4200
EliminatedValue,10,1,3,0,Sosialhjelpsmottakere og berørte etter bydel (B),2015,Sum bydeler,Berørte barn i alt,Antall,12561
EliminatedValue,10,1,4,0,Sosialhjelpsmottakere og berørte etter bydel (B),2015,Sum bydeler,Barn av par,Antall,5777
EliminatedValue,10,1,5,0,Sosialhjelpsmottakere og berørte etter bydel (B),2015,Sum bydeler,Barn av enslig forsørger,Antall,6784
EliminatedValue,10,2,0,0,Sosialhjelpsmottakere og berørte etter bydel (B),2015,Bydel Gamle Oslo,Sosialhjelpsmottakere i alt,Antall,2911
EliminatedValue,10,2,1,0,Sosialhjelpsmottakere og berørte etter bydel (B),2015,Bydel Gamle Oslo,Berørte av sosialhjelp,Antall,5389
EliminatedValue,10,2,2,0,Sosialhjelpsmottakere og berørte etter bydel (B),2015,Bydel Gamle Oslo,Berørte ektefeller/samboere,Antall,622
EliminatedValue,10,2,3,0,Sosialhjelpsmottakere og berørte etter bydel (B),2015,Bydel Gamle Oslo,Berørte barn i alt,Antall,1856
EliminatedValue,10,2,4,0,Sosialhjelpsmottakere og berørte etter bydel (B),2015,Bydel Gamle Oslo,Barn av par,Antall,845
EliminatedValue,10,2,5,0,Sosialhjelpsmottakere og berørte etter bydel (B),2015,Bydel Gamle Oslo,Barn av enslig forsørger,Antall,1011
EliminatedValue,10,3,0,0,Sosialhjelpsmottakere og berørte etter bydel (B),2015,Bydel Grünerløkka,Sosialhjelpsmottakere i alt,Antall,2373
EliminatedValue,10,3,1,0,Sosialhjelpsmottakere og berørte etter bydel (B),2015,Bydel Grünerløkka,Berørte av sosialhjelp,Antall,3936
EliminatedValue,10,3,2,0,Sosialhjelpsmottakere og berørte etter bydel (B),2015,Bydel Grünerløkka,Berørte ektefeller/samboere,Antall,414
EliminatedValue,10,3,3,0,Sosialhjelpsmottakere og berørte etter bydel (B),2015,Bydel Grünerløkka,Berørte barn i alt,Antall,1149
EliminatedValue,10,3,4,0,Sosialhjelpsmottakere og berørte etter bydel (B),2015,Bydel Grünerløkka,Barn av par,Antall,478
EliminatedValue,10,3,5,0,Sosialhjelpsmottakere og berørte etter bydel (B),2015,Bydel Grünerløkka,Barn av enslig forsørger,Antall,671
EliminatedValue,10,4,0,0,Sosialhjelpsmottakere og berørte etter bydel (B),2015,Bydel Sagene,Sosialhjelpsmottakere i alt,Antall,1846
EliminatedValue,10,4,1,0,Sosialhjelpsmottakere og berørte etter bydel (B),2015,Bydel Sagene,Berørte av sosialhjelp,Antall,2844
EliminatedValue,10,4,2,0,Sosialhjelpsmottakere og berørte etter bydel (B),2015,Bydel Sagene,Berørte ektefeller/samboere,Antall,290
EliminatedValue,10,4,3,0,Sosialhjelpsmottakere og berørte etter bydel (B),2015,Bydel Sagene,Berørte barn i alt,Antall,708
EliminatedValue,10,4,4,0,Sosialhjelpsmottakere og berørte etter bydel (B),2015,Bydel Sagene,Barn av par,Antall,249
EliminatedValue,10,4,5,0,Sosialhjelpsmottakere og berørte etter bydel (B),2015,Bydel Sagene,Barn av enslig forsørger,Antall,459
EliminatedValue,10,5,0,0,Sosialhjelpsmottakere og berørte etter bydel (B),2015,Bydel St.Hanshaugen,Sosialhjelpsmottakere i alt,Antall,1252
EliminatedValue,10,5,1,0,Sosialhjelpsmottakere og berørte etter bydel (B),2015,Bydel St.Hanshaugen,Berørte av sosialhjelp,Antall,1796
EliminatedValue,10,5,2,0,Sosialhjelpsmottakere og berørte etter bydel (B),2015,Bydel St.Hanshaugen,Berørte ektefeller/samboere,Antall,171
EliminatedValue,10,5,3,0,Sosialhjelpsmottakere og berørte etter bydel (B),2015,Bydel St.Hanshaugen,Berørte barn i alt,Antall,373
EliminatedValue,10,5,4,0,Sosialhjelpsmottakere og berørte etter bydel (B),2015,Bydel St.Hanshaugen,Barn av par,Antall,144
EliminatedValue,10,5,5,0,Sosialhjelpsmottakere og berørte etter bydel (B),2015,Bydel St.Hanshaugen,Barn av enslig forsørger,Antall,229
EliminatedValue,10,6,0,0,Sosialhjelpsmottakere og berørte etter bydel (B),2015,Bydel Frogner,Sosialhjelpsmottakere i alt,Antall,1511
EliminatedValue,10,6,1,0,Sosialhjelpsmottakere og berørte etter bydel (B),2015,Bydel Frogner,Berørte av sosialhjelp,Antall,2186
EliminatedValue,10,6,2,0,Sosialhjelpsmottakere og berørte etter bydel (B),2015,Bydel Frogner,Berørte ektefeller/samboere,Antall,209
EliminatedValue,10,6,3,0,Sosialhjelpsmottakere og berørte etter bydel (B),2015,Bydel Frogner,Berørte barn i alt,Antall,466
EliminatedValue,10,6,4,0,Sosialhjelpsmottakere og berørte etter bydel (B),2015,Bydel Frogner,Barn av par,Antall,174
EliminatedValue,10,6,5,0,Sosialhjelpsmottakere og berørte etter bydel (B),2015,Bydel Frogner,Barn av enslig forsørger,Antall,292
EliminatedValue,10,7,0,0,Sosialhjelpsmottakere og berørte etter bydel (B),2015,Bydel Ullern,Sosialhjelpsmottakere i alt,Antall,389
EliminatedValue,10,7,1,0,Sosialhjelpsmottakere og berørte etter bydel (B),2015,Bydel Ullern,Berørte av sosialhjelp,Antall,613
EliminatedValue,10,7,2,0,Sosialhjelpsmottakere og berørte etter bydel (B),2015,Bydel Ullern,Berørte ektefeller/samboere,Antall,75
EliminatedValue,10,7,3,0,Sosialhjelpsmottakere og berørte etter bydel (B),2015,Bydel Ullern,Berørte barn i alt,Antall,149
EliminatedValue,10,7,4,0,Sosialhjelpsmottakere og berørte etter bydel (B),2015,Bydel Ullern,Barn av par,Antall,67
EliminatedValue,10,7,5,0,Sosialhjelpsmottakere og berørte etter bydel (B),2015,Bydel Ullern,Barn av enslig forsørger,Antall,82
EliminatedValue,10,8,0,0,Sosialhjelpsmottakere og berørte etter bydel (B),2015,Bydel Vestre Aker,Sosialhjelpsmottakere i alt,Antall,591
EliminatedValue,10,8,1,0,Sosialhjelpsmottakere og berørte etter bydel (B),2015,Bydel Vestre Aker,Berørte av sosialhjelp,Antall,992
EliminatedValue,10,8,2,0,Sosialhjelpsmottakere og berørte etter bydel (B),2015,Bydel Vestre Aker,Berørte ektefeller/samboere,Antall,124
EliminatedValue,10,8,3,0,Sosialhjelpsmottakere og berørte etter bydel (B),2015,Bydel Vestre Aker,Berørte barn i alt,Antall,277
EliminatedValue,10,8,4,0,Sosialhjelpsmottakere og berørte etter bydel (B),2015,Bydel Vestre Aker,Barn av par,Antall,121
EliminatedValue,10,8,5,0,Sosialhjelpsmottakere og berørte etter bydel (B),2015,Bydel Vestre Aker,Barn av enslig forsørger,Antall,156
EliminatedValue,10,9,0,0,Sosialhjelpsmottakere og berørte etter bydel (B),2015,Bydel Nordre Aker,Sosialhjelpsmottakere i alt,Antall,932
EliminatedValue,10,9,1,0,Sosialhjelpsmottakere og berørte etter bydel (B),2015,Bydel Nordre Aker,Berørte av sosialhjelp,Antall,1435
EliminatedValue,10,9,2,0,Sosialhjelpsmottakere og berørte etter bydel (B),2015,Bydel Nordre Aker,Berørte ektefeller/samboere,Antall,166
EliminatedValue,10,9,3,0,Sosialhjelpsmottakere og berørte etter bydel (B),2015,Bydel Nordre Aker,Berørte barn i alt,Antall,337
EliminatedValue,10,9,4,0,Sosialhjelpsmottakere og berørte etter bydel (B),2015,Bydel Nordre Aker,Barn av par,Antall,136
EliminatedValue,10,9,5,0,Sosialhjelpsmottakere og berørte etter bydel (B),2015,Bydel Nordre Aker,Barn av enslig forsørger,Antall,201
EliminatedValue,10,10,0,0,Sosialhjelpsmottakere og berørte etter bydel (B),2015,Bydel Bjerke,Sosialhjelpsmottakere i alt,Antall,1150
EliminatedValue,10,10,1,0,Sosialhjelpsmottakere og berørte etter bydel (B),2015,Bydel Bjerke,Berørte av sosialhjelp,Antall,2459
EliminatedValue,10,10,2,0,Sosialhjelpsmottakere og berørte etter bydel (B),2015,Bydel Bjerke,Berørte ektefeller/samboere,Antall,307
EliminatedValue,10,10,3,0,Sosialhjelpsmottakere og berørte etter bydel (B),2015,Bydel Bjerke,Berørte barn i alt,Antall,1002
EliminatedValue,10,10,4,0,Sosialhjelpsmottakere og berørte etter bydel (B),2015,Bydel Bjerke,Barn av par,Antall,543
EliminatedValue,10,10,5,0,Sosialhjelpsmottakere og berørte etter bydel (B),2015,Bydel Bjerke,Barn av enslig forsørger,Antall,459
EliminatedValue,10,11,0,0,Sosialhjelpsmottakere og berørte etter bydel (B),2015,Bydel Grorud,Sosialhjelpsmottakere i alt,Antall,1281
EliminatedValue,10,11,1,0,Sosialhjelpsmottakere og berørte etter bydel (B),2015,Bydel Grorud,Berørte av sosialhjelp,Antall,2401
EliminatedValue,10,11,2,0,Sosialhjelpsmottakere og berørte etter bydel (B),2015,Bydel Grorud,Berørte ektefeller/samboere,Antall,305
EliminatedValue,10,11,3,0,Sosialhjelpsmottakere og berørte etter bydel (B),2015,Bydel Grorud,Berørte barn i alt,Antall,815
EliminatedValue,10,11,4,0,Sosialhjelpsmottakere og berørte etter bydel (B),2015,Bydel Grorud,Barn av par,Antall,376
EliminatedValue,10,11,5,0,Sosialhjelpsmottakere og berørte etter bydel (B),2015,Bydel Grorud,Barn av enslig forsørger,Antall,439
EliminatedValue,10,12,0,0,Sosialhjelpsmottakere og berørte etter bydel (B),2015,Bydel Stovner,Sosialhjelpsmottakere i alt,Antall,1243
EliminatedValue,10,12,1,0,Sosialhjelpsmottakere og berørte etter bydel (B),2015,Bydel Stovner,Berørte av sosialhjelp,Antall,2806
EliminatedValue,10,12,2,0,Sosialhjelpsmottakere og berørte etter bydel (B),2015,Bydel Stovner,Berørte ektefeller/samboere,Antall,348
EliminatedValue,10,12,3,0,Sosialhjelpsmottakere og berørte etter bydel (B),2015,Bydel Stovner,Berørte barn i alt,Antall,1215
EliminatedValue,10,12,4,0,Sosialhjelpsmottakere og berørte etter bydel (B),2015,Bydel Stovner,Barn av par,Antall,653
EliminatedValue,10,12,5,0,Sosialhjelpsmottakere og berørte etter bydel (B),2015,Bydel Stovner,Barn av enslig forsørger,Antall,562
EliminatedValue,10,13,0,0,Sosialhjelpsmottakere og berørte etter bydel (B),2015,Bydel Alna,Sosialhjelpsmottakere i alt,Antall,1208
EliminatedValue,10,13,1,0,Sosialhjelpsmottakere og berørte etter bydel (B),2015,Bydel Alna,Berørte av sosialhjelp,Antall,2717
EliminatedValue,10,13,2,0,Sosialhjelpsmottakere og berørte etter bydel (B),2015,Bydel Alna,Berørte ektefeller/samboere,Antall,347
EliminatedValue,10,13,3,0,Sosialhjelpsmottakere og berørte etter bydel (B),2015,Bydel Alna,Berørte barn i alt,Antall,1162
EliminatedValue,10,13,4,0,Sosialhjelpsmottakere og berørte etter bydel (B),2015,Bydel Alna,Barn av par,Antall,637
EliminatedValue,10,13,5,0,Sosialhjelpsmottakere og berørte etter bydel (B),2015,Bydel Alna,Barn av enslig forsørger,Antall,525
EliminatedValue,10,14,0,0,Sosialhjelpsmottakere og berørte etter bydel (B),2015,Bydel Østensjø,Sosialhjelpsmottakere i alt,Antall,1090
EliminatedValue,10,14,1,0,Sosialhjelpsmottakere og berørte etter bydel (B),2015,Bydel Østensjø,Berørte av sosialhjelp,Antall,2194
EliminatedValue,10,14,2,0,Sosialhjelpsmottakere og berørte etter bydel (B),2015,Bydel Østensjø,Berørte ektefeller/samboere,Antall,219
EliminatedValue,10,14,3,0,Sosialhjelpsmottakere og berørte etter bydel (B),2015,Bydel Østensjø,Berørte barn i alt,Antall,885
EliminatedValue,10,14,4,0,Sosialhjelpsmottakere og berørte etter bydel (B),2015,Bydel Østensjø,Barn av par,Antall,341
EliminatedValue,10,14,5,0,Sosialhjelpsmottakere og berørte etter bydel (B),2015,Bydel Østensjø,Barn av enslig forsørger,Antall,544
EliminatedValue,10,15,0,0,Sosialhjelpsmottakere og berørte etter bydel (B),2015,Bydel Nordstrand,Sosialhjelpsmottakere i alt,Antall,843
EliminatedValue,10,15,1,0,Sosialhjelpsmottakere og berørte etter bydel (B),2015,Bydel Nordstrand,Berørte av sosialhjelp,Antall,1497
EliminatedValue,10,15,2,0,Sosialhjelpsmottakere og berørte etter bydel (B),2015,Bydel Nordstrand,Berørte ektefeller/samboere,Antall,161
EliminatedValue,10,15,3,0,Sosialhjelpsmottakere og berørte etter bydel (B),2015,Bydel Nordstrand,Berørte barn i alt,Antall,493
EliminatedValue,10,15,4,0,Sosialhjelpsmottakere og berørte etter bydel (B),2015,Bydel Nordstrand,Barn av par,Antall,210
EliminatedValue,10,15,5,0,Sosialhjelpsmottakere og berørte etter bydel (B),2015,Bydel Nordstrand,Barn av enslig forsørger,Antall,283
EliminatedValue,10,16,0,0,Sosialhjelpsmottakere og berørte etter bydel (B),2015,Bydel Søndre Nordstrand,Sosialhjelpsmottakere i alt,Antall,1622
EliminatedValue,10,16,1,0,Sosialhjelpsmottakere og berørte etter bydel (B),2015,Bydel Søndre Nordstrand,Berørte av sosialhjelp,Antall,3738
EliminatedValue,10,16,2,0,Sosialhjelpsmottakere og berørte etter bydel (B),2015,Bydel Søndre Nordstrand,Berørte ektefeller/samboere,Antall,442
EliminatedValue,10,16,3,0,Sosialhjelpsmottakere og berørte etter bydel (B),2015,Bydel Søndre Nordstrand,Berørte barn i alt,Antall,1674
EliminatedValue,10,16,4,0,Sosialhjelpsmottakere og berørte etter bydel (B),2015,Bydel Søndre Nordstrand,Barn av par,Antall,803
EliminatedValue,10,16,5,0,Sosialhjelpsmottakere og berørte etter bydel (B),2015,Bydel Søndre Nordstrand,Barn av enslig forsørger,Antall,871
EliminatedValue,11,0,0,0,Sosialhjelpsmottakere og berørte etter bydel (B),2016,Oslo i alt,Sosialhjelpsmottakere i alt,Antall,19627
EliminatedValue,11,0,1,0,Sosialhjelpsmottakere og berørte etter bydel (B),2016,Oslo i alt,Berørte av sosialhjelp,Antall,35137
EliminatedValue,11,0,2,0,Sosialhjelpsmottakere og berørte etter bydel (B),2016,Oslo i alt,Berørte ektefeller/samboere,Antall,4144
EliminatedValue,11,0,3,0,Sosialhjelpsmottakere og berørte etter bydel (B),2016,Oslo i alt,Berørte barn i alt,Antall,11366
EliminatedValue,11,0,4,0,Sosialhjelpsmottakere og berørte etter bydel (B),2016,Oslo i alt,Barn av par,Antall,5648
EliminatedValue,11,0,5,0,Sosialhjelpsmottakere og berørte etter bydel (B),2016,Oslo i alt,Barn av enslig forsørger,Antall,5718
EliminatedValue,11,1,0,0,Sosialhjelpsmottakere og berørte etter bydel (B),2016,Sum bydeler,Sosialhjelpsmottakere i alt,Antall,20354
EliminatedValue,11,1,1,0,Sosialhjelpsmottakere og berørte etter bydel (B),2016,Sum bydeler,Berørte av sosialhjelp,Antall,36284
EliminatedValue,11,1,2,0,Sosialhjelpsmottakere og berørte etter bydel (B),2016,Sum bydeler,Berørte ektefeller/samboere,Antall,4251
EliminatedValue,11,1,3,0,Sosialhjelpsmottakere og berørte etter bydel (B),2016,Sum bydeler,Berørte barn i alt,Antall,11679
EliminatedValue,11,1,4,0,Sosialhjelpsmottakere og berørte etter bydel (B),2016,Sum bydeler,Barn av par,Antall,5758
EliminatedValue,11,1,5,0,Sosialhjelpsmottakere og berørte etter bydel (B),2016,Sum bydeler,Barn av enslig forsørger,Antall,5921
EliminatedValue,11,2,0,0,Sosialhjelpsmottakere og berørte etter bydel (B),2016,Bydel Gamle Oslo,Sosialhjelpsmottakere i alt,Antall,3036
EliminatedValue,11,2,1,0,Sosialhjelpsmottakere og berørte etter bydel (B),2016,Bydel Gamle Oslo,Berørte av sosialhjelp,Antall,5669
EliminatedValue,11,2,2,0,Sosialhjelpsmottakere og berørte etter bydel (B),2016,Bydel Gamle Oslo,Berørte ektefeller/samboere,Antall,675
EliminatedValue,11,2,3,0,Sosialhjelpsmottakere og berørte etter bydel (B),2016,Bydel Gamle Oslo,Berørte barn i alt,Antall,1958
EliminatedValue,11,2,4,0,Sosialhjelpsmottakere og berørte etter bydel (B),2016,Bydel Gamle Oslo,Barn av par,Antall,963
EliminatedValue,11,2,5,0,Sosialhjelpsmottakere og berørte etter bydel (B),2016,Bydel Gamle Oslo,Barn av enslig forsørger,Antall,995
EliminatedValue,11,3,0,0,Sosialhjelpsmottakere og berørte etter bydel (B),2016,Bydel Grünerløkka,Sosialhjelpsmottakere i alt,Antall,2508
EliminatedValue,11,3,1,0,Sosialhjelpsmottakere og berørte etter bydel (B),2016,Bydel Grünerløkka,Berørte av sosialhjelp,Antall,4037
EliminatedValue,11,3,2,0,Sosialhjelpsmottakere og berørte etter bydel (B),2016,Bydel Grünerløkka,Berørte ektefeller/samboere,Antall,423
EliminatedValue,11,3,3,0,Sosialhjelpsmottakere og berørte etter bydel (B),2016,Bydel Grünerløkka,Berørte barn i alt,Antall,1106
EliminatedValue,11,3,4,0,Sosialhjelpsmottakere og berørte etter bydel (B),2016,Bydel Grünerløkka,Barn av par,Antall,477
EliminatedValue,11,3,5,0,Sosialhjelpsmottakere og berørte etter bydel (B),2016,Bydel Grünerløkka,Barn av enslig forsørger,Antall,629
EliminatedValue,11,4,0,0,Sosialhjelpsmottakere og berørte etter bydel (B),2016,Bydel Sagene,Sosialhjelpsmottakere i alt,Antall,1945
EliminatedValue,11,4,1,0,Sosialhjelpsmottakere og berørte etter bydel (B),2016,Bydel Sagene,Berørte av sosialhjelp,Antall,3007
EliminatedValue,11,4,2,0,Sosialhjelpsmottakere og berørte etter bydel (B),2016,Bydel Sagene,Berørte ektefeller/samboere,Antall,314
EliminatedValue,11,4,3,0,Sosialhjelpsmottakere og berørte etter bydel (B),2016,Bydel Sagene,Berørte barn i alt,Antall,748
EliminatedValue,11,4,4,0,Sosialhjelpsmottakere og berørte etter bydel (B),2016,Bydel Sagene,Barn av par,Antall,290
EliminatedValue,11,4,5,0,Sosialhjelpsmottakere og berørte etter bydel (B),2016,Bydel Sagene,Barn av enslig forsørger,Antall,458
EliminatedValue,11,5,0,0,Sosialhjelpsmottakere og berørte etter bydel (B),2016,Bydel St.Hanshaugen,Sosialhjelpsmottakere i alt,Antall,1376
EliminatedValue,11,5,1,0,Sosialhjelpsmottakere og berørte etter bydel (B),2016,Bydel St.Hanshaugen,Berørte av sosialhjelp,Antall,1952
EliminatedValue,11,5,2,0,Sosialhjelpsmottakere og berørte etter bydel (B),2016,Bydel St.Hanshaugen,Berørte ektefeller/samboere,Antall,198
EliminatedValue,11,5,3,0,Sosialhjelpsmottakere og berørte etter bydel (B),2016,Bydel St.Hanshaugen,Berørte barn i alt,Antall,378
EliminatedValue,11,5,4,0,Sosialhjelpsmottakere og berørte etter bydel (B),2016,Bydel St.Hanshaugen,Barn av par,Antall,179
EliminatedValue,11,5,5,0,Sosialhjelpsmottakere og berørte etter bydel (B),2016,Bydel St.Hanshaugen,Barn av enslig forsørger,Antall,199
EliminatedValue,11,6,0,0,Sosialhjelpsmottakere og berørte etter bydel (B),2016,Bydel Frogner,Sosialhjelpsmottakere i alt,Antall,1557
EliminatedValue,11,6,1,0,Sosialhjelpsmottakere og berørte etter bydel (B),2016,Bydel Frogner,Berørte av sosialhjelp,Antall,2212
EliminatedValue,11,6,2,0,Sosialhjelpsmottakere og berørte etter bydel (B),2016,Bydel Frogner,Berørte ektefeller/samboere,Antall,219
EliminatedValue,11,6,3,0,Sosialhjelpsmottakere og berørte etter bydel (B),2016,Bydel Frogner,Berørte barn i alt,Antall,436
EliminatedValue,11,6,4,0,Sosialhjelpsmottakere og berørte etter bydel (B),2016,Bydel Frogner,Barn av par,Antall,193
EliminatedValue,11,6,5,0,Sosialhjelpsmottakere og berørte etter bydel (B),2016,Bydel Frogner,Barn av enslig forsørger,Antall,243
EliminatedValue,11,7,0,0,Sosialhjelpsmottakere og berørte etter bydel (B),2016,Bydel Ullern,Sosialhjelpsmottakere i alt,Antall,392
EliminatedValue,11,7,1,0,Sosialhjelpsmottakere og berørte etter bydel (B),2016,Bydel Ullern,Berørte av sosialhjelp,Antall,635
EliminatedValue,11,7,2,0,Sosialhjelpsmottakere og berørte etter bydel (B),2016,Bydel Ullern,Berørte ektefeller/samboere,Antall,75
EliminatedValue,11,7,3,0,Sosialhjelpsmottakere og berørte etter bydel (B),2016,Bydel Ullern,Berørte barn i alt,Antall,168
EliminatedValue,11,7,4,0,Sosialhjelpsmottakere og berørte etter bydel (B),2016,Bydel Ullern,Barn av par,Antall,85
EliminatedValue,11,7,5,0,Sosialhjelpsmottakere og berørte etter bydel (B),2016,Bydel Ullern,Barn av enslig forsørger,Antall,83
EliminatedValue,11,8,0,0,Sosialhjelpsmottakere og berørte etter bydel (B),2016,Bydel Vestre Aker,Sosialhjelpsmottakere i alt,Antall,632
EliminatedValue,11,8,1,0,Sosialhjelpsmottakere og berørte etter bydel (B),2016,Bydel Vestre Aker,Berørte av sosialhjelp,Antall,1020
EliminatedValue,11,8,2,0,Sosialhjelpsmottakere og berørte etter bydel (B),2016,Bydel Vestre Aker,Berørte ektefeller/samboere,Antall,121
EliminatedValue,11,8,3,0,Sosialhjelpsmottakere og berørte etter bydel (B),2016,Bydel Vestre Aker,Berørte barn i alt,Antall,267
EliminatedValue,11,8,4,0,Sosialhjelpsmottakere og berørte etter bydel (B),2016,Bydel Vestre Aker,Barn av par,Antall,132
EliminatedValue,11,8,5,0,Sosialhjelpsmottakere og berørte etter bydel (B),2016,Bydel Vestre Aker,Barn av enslig forsørger,Antall,135
EliminatedValue,11,9,0,0,Sosialhjelpsmottakere og berørte etter bydel (B),2016,Bydel Nordre Aker,Sosialhjelpsmottakere i alt,Antall,868
EliminatedValue,11,9,1,0,Sosialhjelpsmottakere og berørte etter bydel (B),2016,Bydel Nordre Aker,Berørte av sosialhjelp,Antall,1413
EliminatedValue,11,9,2,0,Sosialhjelpsmottakere og berørte etter bydel (B),2016,Bydel Nordre Aker,Berørte ektefeller/samboere,Antall,165
EliminatedValue,11,9,3,0,Sosialhjelpsmottakere og berørte etter bydel (B),2016,Bydel Nordre Aker,Berørte barn i alt,Antall,380
EliminatedValue,11,9,4,0,Sosialhjelpsmottakere og berørte etter bydel (B),2016,Bydel Nordre Aker,Barn av par,Antall,199
EliminatedValue,11,9,5,0,Sosialhjelpsmottakere og berørte etter bydel (B),2016,Bydel Nordre Aker,Barn av enslig forsørger,Antall,181
EliminatedValue,11,10,0,0,Sosialhjelpsmottakere og berørte etter bydel (B),2016,Bydel Bjerke,Sosialhjelpsmottakere i alt,Antall,1071
EliminatedValue,11,10,1,0,Sosialhjelpsmottakere og berørte etter bydel (B),2016,Bydel Bjerke,Berørte av sosialhjelp,Antall,2234
EliminatedValue,11,10,2,0,Sosialhjelpsmottakere og berørte etter bydel (B),2016,Bydel Bjerke,Berørte ektefeller/samboere,Antall,297
EliminatedValue,11,10,3,0,Sosialhjelpsmottakere og berørte etter bydel (B),2016,Bydel Bjerke,Berørte barn i alt,Antall,866
EliminatedValue,11,10,4,0,Sosialhjelpsmottakere og berørte etter bydel (B),2016,Bydel Bjerke,Barn av par,Antall,480
EliminatedValue,11,10,5,0,Sosialhjelpsmottakere og berørte etter bydel (B),2016,Bydel Bjerke,Barn av enslig forsørger,Antall,386
EliminatedValue,11,11,0,0,Sosialhjelpsmottakere og berørte etter bydel (B),2016,Bydel Grorud,Sosialhjelpsmottakere i alt,Antall,1145
EliminatedValue,11,11,1,0,Sosialhjelpsmottakere og berørte etter bydel (B),2016,Bydel Grorud,Berørte av sosialhjelp,Antall,2006
EliminatedValue,11,11,2,0,Sosialhjelpsmottakere og berørte etter bydel (B),2016,Bydel Grorud,Berørte ektefeller/samboere,Antall,255
EliminatedValue,11,11,3,0,Sosialhjelpsmottakere og berørte etter bydel (B),2016,Bydel Grorud,Berørte barn i alt,Antall,606
EliminatedValue,11,11,4,0,Sosialhjelpsmottakere og berørte etter bydel (B),2016,Bydel Grorud,Barn av par,Antall,291
EliminatedValue,11,11,5,0,Sosialhjelpsmottakere og berørte etter bydel (B),2016,Bydel Grorud,Barn av enslig forsørger,Antall,315
EliminatedValue,11,12,0,0,Sosialhjelpsmottakere og berørte etter bydel (B),2016,Bydel Stovner,Sosialhjelpsmottakere i alt,Antall,1196
EliminatedValue,11,12,1,0,Sosialhjelpsmottakere og berørte etter bydel (B),2016,Bydel Stovner,Berørte av sosialhjelp,Antall,2614
EliminatedValue,11,12,2,0,Sosialhjelpsmottakere og berørte etter bydel (B),2016,Bydel Stovner,Berørte ektefeller/samboere,Antall,331
EliminatedValue,11,12,3,0,Sosialhjelpsmottakere og berørte etter bydel (B),2016,Bydel Stovner,Berørte barn i alt,Antall,1087
EliminatedValue,11,12,4,0,Sosialhjelpsmottakere og berørte etter bydel (B),2016,Bydel Stovner,Barn av par,Antall,601
EliminatedValue,11,12,5,0,Sosialhjelpsmottakere og berørte etter bydel (B),2016,Bydel Stovner,Barn av enslig forsørger,Antall,486
EliminatedValue,11,13,0,0,Sosialhjelpsmottakere og berørte etter bydel (B),2016,Bydel Alna,Sosialhjelpsmottakere i alt,Antall,1175
EliminatedValue,11,13,1,0,Sosialhjelpsmottakere og berørte etter bydel (B),2016,Bydel Alna,Berørte av sosialhjelp,Antall,2545
EliminatedValue,11,13,2,0,Sosialhjelpsmottakere og berørte etter bydel (B),2016,Bydel Alna,Berørte ektefeller/samboere,Antall,325
EliminatedValue,11,13,3,0,Sosialhjelpsmottakere og berørte etter bydel (B),2016,Bydel Alna,Berørte barn i alt,Antall,1045
EliminatedValue,11,13,4,0,Sosialhjelpsmottakere og berørte etter bydel (B),2016,Bydel Alna,Barn av par,Antall,539
EliminatedValue,11,13,5,0,Sosialhjelpsmottakere og berørte etter bydel (B),2016,Bydel Alna,Barn av enslig forsørger,Antall,506
EliminatedValue,11,14,0,0,Sosialhjelpsmottakere og berørte etter bydel (B),2016,Bydel Østensjø,Sosialhjelpsmottakere i alt,Antall,1052
EliminatedValue,11,14,1,0,Sosialhjelpsmottakere og berørte etter bydel (B),2016,Bydel Østensjø,Berørte av sosialhjelp,Antall,1989
EliminatedValue,11,14,2,0,Sosialhjelpsmottakere og berørte etter bydel (B),2016,Bydel Østensjø,Berørte ektefeller/samboere,Antall,231
EliminatedValue,11,14,3,0,Sosialhjelpsmottakere og berørte etter bydel (B),2016,Bydel Østensjø,Berørte barn i alt,Antall,706
EliminatedValue,11,14,4,0,Sosialhjelpsmottakere og berørte etter bydel (B),2016,Bydel Østensjø,Barn av par,Antall,361
EliminatedValue,11,14,5,0,Sosialhjelpsmottakere og berørte etter bydel (B),2016,Bydel Østensjø,Barn av enslig forsørger,Antall,345
EliminatedValue,11,15,0,0,Sosialhjelpsmottakere og berørte etter bydel (B),2016,Bydel Nordstrand,Sosialhjelpsmottakere i alt,Antall,775
EliminatedValue,11,15,1,0,Sosialhjelpsmottakere og berørte etter bydel (B),2016,Bydel Nordstrand,Berørte av sosialhjelp,Antall,1358
EliminatedValue,11,15,2,0,Sosialhjelpsmottakere og berørte etter bydel (B),2016,Bydel Nordstrand,Berørte ektefeller/samboere,Antall,159
EliminatedValue,11,15,3,0,Sosialhjelpsmottakere og berørte etter bydel (B),2016,Bydel Nordstrand,Berørte barn i alt,Antall,424
EliminatedValue,11,15,4,0,Sosialhjelpsmottakere og berørte etter bydel (B),2016,Bydel Nordstrand,Barn av par,Antall,230
EliminatedValue,11,15,5,0,Sosialhjelpsmottakere og berørte etter bydel (B),2016,Bydel Nordstrand,Barn av enslig forsørger,Antall,194
EliminatedValue,11,16,0,0,Sosialhjelpsmottakere og berørte etter bydel (B),2016,Bydel Søndre Nordstrand,Sosialhjelpsmottakere i alt,Antall,1626
EliminatedValue,11,16,1,0,Sosialhjelpsmottakere og berørte etter bydel (B),2016,Bydel Søndre Nordstrand,Berørte av sosialhjelp,Antall,3593
EliminatedValue,11,16,2,0,Sosialhjelpsmottakere og berørte etter bydel (B),2016,Bydel Søndre Nordstrand,Berørte ektefeller/samboere,Antall,463
EliminatedValue,11,16,3,0,Sosialhjelpsmottakere og berørte etter bydel (B),2016,Bydel Søndre Nordstrand,Berørte barn i alt,Antall,1504
EliminatedValue,11,16,4,0,Sosialhjelpsmottakere og berørte etter bydel (B),2016,Bydel Søndre Nordstrand,Barn av par,Antall,738
EliminatedValue,11,16,5,0,Sosialhjelpsmottakere og berørte etter bydel (B),2016,Bydel Søndre Nordstrand,Barn av enslig forsørger,Antall,766
EliminatedValue,12,0,0,0,Sosialhjelpsmottakere og berørte etter bydel (B),2017,Oslo i alt,Sosialhjelpsmottakere i alt,Antall,20375
EliminatedValue,12,0,1,0,Sosialhjelpsmottakere og berørte etter bydel (B),2017,Oslo i alt,Berørte av sosialhjelp,Antall,36476
EliminatedValue,12,0,2,0,Sosialhjelpsmottakere og berørte etter bydel (B),2017,Oslo i alt,Berørte ektefeller/samboere,Antall,4226
EliminatedValue,12,0,3,0,Sosialhjelpsmottakere og berørte etter bydel (B),2017,Oslo i alt,Berørte barn i alt,Antall,11875
EliminatedValue,12,0,4,0,Sosialhjelpsmottakere og berørte etter bydel (B),2017,Oslo i alt,Barn av par,Antall,5887
EliminatedValue,12,0,5,0,Sosialhjelpsmottakere og berørte etter bydel (B),2017,Oslo i alt,Barn av enslig forsørger,Antall,5988
EliminatedValue,12,1,0,0,Sosialhjelpsmottakere og berørte etter bydel (B),2017,Sum bydeler,Sosialhjelpsmottakere i alt,Antall,20375
EliminatedValue,12,1,1,0,Sosialhjelpsmottakere og berørte etter bydel (B),2017,Sum bydeler,Berørte av sosialhjelp,Antall,36476
EliminatedValue,12,1,2,0,Sosialhjelpsmottakere og berørte etter bydel (B),2017,Sum bydeler,Berørte ektefeller/samboere,Antall,4226
EliminatedValue,12,1,3,0,Sosialhjelpsmottakere og berørte etter bydel (B),2017,Sum bydeler,Berørte barn i alt,Antall,11875
EliminatedValue,12,1,4,0,Sosialhjelpsmottakere og berørte etter bydel (B),2017,Sum bydeler,Barn av par,Antall,5887
EliminatedValue,12,1,5,0,Sosialhjelpsmottakere og berørte etter bydel (B),2017,Sum bydeler,Barn av enslig forsørger,Antall,5988
EliminatedValue,12,2,0,0,Sosialhjelpsmottakere og berørte etter bydel (B),2017,Bydel Gamle Oslo,Sosialhjelpsmottakere i alt,Antall,2856
EliminatedValue,12,2,1,0,Sosialhjelpsmottakere og berørte etter bydel (B),2017,Bydel Gamle Oslo,Berørte av sosialhjelp,Antall,5244
EliminatedValue,12,2,2,0,Sosialhjelpsmottakere og berørte etter bydel (B),2017,Bydel Gamle Oslo,Berørte ektefeller/samboere,Antall,583
EliminatedValue,12,2,3,0,Sosialhjelpsmottakere og berørte etter bydel (B),2017,Bydel Gamle Oslo,Berørte barn i alt,Antall,1805
EliminatedValue,12,2,4,0,Sosialhjelpsmottakere og berørte etter bydel (B),2017,Bydel Gamle Oslo,Barn av par,Antall,799
EliminatedValue,12,2,5,0,Sosialhjelpsmottakere og berørte etter bydel (B),2017,Bydel Gamle Oslo,Barn av enslig forsørger,Antall,1006
EliminatedValue,12,3,0,0,Sosialhjelpsmottakere og berørte etter bydel (B),2017,Bydel Grünerløkka,Sosialhjelpsmottakere i alt,Antall,2410
EliminatedValue,12,3,1,0,Sosialhjelpsmottakere og berørte etter bydel (B),2017,Bydel Grünerløkka,Berørte av sosialhjelp,Antall,3864
EliminatedValue,12,3,2,0,Sosialhjelpsmottakere og berørte etter bydel (B),2017,Bydel Grünerløkka,Berørte ektefeller/samboere,Antall,395
EliminatedValue,12,3,3,0,Sosialhjelpsmottakere og berørte etter bydel (B),2017,Bydel Grünerløkka,Berørte barn i alt,Antall,1059
EliminatedValue,12,3,4,0,Sosialhjelpsmottakere og berørte etter bydel (B),2017,Bydel Grünerløkka,Barn av par,Antall,416
EliminatedValue,12,3,5,0,Sosialhjelpsmottakere og berørte etter bydel (B),2017,Bydel Grünerløkka,Barn av enslig forsørger,Antall,643
EliminatedValue,12,4,0,0,Sosialhjelpsmottakere og berørte etter bydel (B),2017,Bydel Sagene,Sosialhjelpsmottakere i alt,Antall,1947
EliminatedValue,12,4,1,0,Sosialhjelpsmottakere og berørte etter bydel (B),2017,Bydel Sagene,Berørte av sosialhjelp,Antall,3012
EliminatedValue,12,4,2,0,Sosialhjelpsmottakere og berørte etter bydel (B),2017,Bydel Sagene,Berørte ektefeller/samboere,Antall,295
EliminatedValue,12,4,3,0,Sosialhjelpsmottakere og berørte etter bydel (B),2017,Bydel Sagene,Berørte barn i alt,Antall,770
EliminatedValue,12,4,4,0,Sosialhjelpsmottakere og berørte etter bydel (B),2017,Bydel Sagene,Barn av par,Antall,273
EliminatedValue,12,4,5,0,Sosialhjelpsmottakere og berørte etter bydel (B),2017,Bydel Sagene,Barn av enslig forsørger,Antall,497
EliminatedValue,12,5,0,0,Sosialhjelpsmottakere og berørte etter bydel (B),2017,Bydel St.Hanshaugen,Sosialhjelpsmottakere i alt,Antall,1348
EliminatedValue,12,5,1,0,Sosialhjelpsmottakere og berørte etter bydel (B),2017,Bydel St.Hanshaugen,Berørte av sosialhjelp,Antall,1860
EliminatedValue,12,5,2,0,Sosialhjelpsmottakere og berørte etter bydel (B),2017,Bydel St.Hanshaugen,Berørte ektefeller/samboere,Antall,151
EliminatedValue,12,5,3,0,Sosialhjelpsmottakere og berørte etter bydel (B),2017,Bydel St.Hanshaugen,Berørte barn i alt,Antall,361
EliminatedValue,12,5,4,0,Sosialhjelpsmottakere og berørte etter bydel (B),2017,Bydel St.Hanshaugen,Barn av par,Antall,171
EliminatedValue,12,5,5,0,Sosialhjelpsmottakere og berørte etter bydel (B),2017,Bydel St.Hanshaugen,Barn av enslig forsørger,Antall,190
EliminatedValue,12,6,0,0,Sosialhjelpsmottakere og berørte etter bydel (B),2017,Bydel Frogner,Sosialhjelpsmottakere i alt,Antall,1499
EliminatedValue,12,6,1,0,Sosialhjelpsmottakere og berørte etter bydel (B),2017,Bydel Frogner,Berørte av sosialhjelp,Antall,2153
EliminatedValue,12,6,2,0,Sosialhjelpsmottakere og berørte etter bydel (B),2017,Bydel Frogner,Berørte ektefeller/samboere,Antall,190
EliminatedValue,12,6,3,0,Sosialhjelpsmottakere og berørte etter bydel (B),2017,Bydel Frogner,Berørte barn i alt,Antall,464
EliminatedValue,12,6,4,0,Sosialhjelpsmottakere og berørte etter bydel (B),2017,Bydel Frogner,Barn av par,Antall,197
EliminatedValue,12,6,5,0,Sosialhjelpsmottakere og berørte etter bydel (B),2017,Bydel Frogner,Barn av enslig forsørger,Antall,267
EliminatedValue,12,7,0,0,Sosialhjelpsmottakere og berørte etter bydel (B),2017,Bydel Ullern,Sosialhjelpsmottakere i alt,Antall,428
EliminatedValue,12,7,1,0,Sosialhjelpsmottakere og berørte etter bydel (B),2017,Bydel Ullern,Berørte av sosialhjelp,Antall,710
EliminatedValue,12,7,2,0,Sosialhjelpsmottakere og berørte etter bydel (B),2017,Bydel Ullern,Berørte ektefeller/samboere,Antall,89
EliminatedValue,12,7,3,0,Sosialhjelpsmottakere og berørte etter bydel (B),2017,Bydel Ullern,Berørte barn i alt,Antall,193
EliminatedValue,12,7,4,0,Sosialhjelpsmottakere og berørte etter bydel (B),2017,Bydel Ullern,Barn av par,Antall,103
EliminatedValue,12,7,5,0,Sosialhjelpsmottakere og berørte etter bydel (B),2017,Bydel Ullern,Barn av enslig forsørger,Antall,90
EliminatedValue,12,8,0,0,Sosialhjelpsmottakere og berørte etter bydel (B),2017,Bydel Vestre Aker,Sosialhjelpsmottakere i alt,Antall,641
EliminatedValue,12,8,1,0,Sosialhjelpsmottakere og berørte etter bydel (B),2017,Bydel Vestre Aker,Berørte av sosialhjelp,Antall,1040
EliminatedValue,12,8,2,0,Sosialhjelpsmottakere og berørte etter bydel (B),2017,Bydel Vestre Aker,Berørte ektefeller/samboere,Antall,135
EliminatedValue,12,8,3,0,Sosialhjelpsmottakere og berørte etter bydel (B),2017,Bydel Vestre Aker,Berørte barn i alt,Antall,264
EliminatedValue,12,8,4,0,Sosialhjelpsmottakere og berørte etter bydel (B),2017,Bydel Vestre Aker,Barn av par,Antall,138
EliminatedValue,12,8,5,0,Sosialhjelpsmottakere og berørte etter bydel (B),2017,Bydel Vestre Aker,Barn av enslig forsørger,Antall,126
EliminatedValue,12,9,0,0,Sosialhjelpsmottakere og berørte etter bydel (B),2017,Bydel Nordre Aker,Sosialhjelpsmottakere i alt,Antall,879
EliminatedValue,12,9,1,0,Sosialhjelpsmottakere og berørte etter bydel (B),2017,Bydel Nordre Aker,Berørte av sosialhjelp,Antall,1470
EliminatedValue,12,9,2,0,Sosialhjelpsmottakere og berørte etter bydel (B),2017,Bydel Nordre Aker,Berørte ektefeller/samboere,Antall,184
EliminatedValue,12,9,3,0,Sosialhjelpsmottakere og berørte etter bydel (B),2017,Bydel Nordre Aker,Berørte barn i alt,Antall,407
EliminatedValue,12,9,4,0,Sosialhjelpsmottakere og berørte etter bydel (B),2017,Bydel Nordre Aker,Barn av par,Antall,235
EliminatedValue,12,9,5,0,Sosialhjelpsmottakere og berørte etter bydel (B),2017,Bydel Nordre Aker,Barn av enslig forsørger,Antall,172
EliminatedValue,12,10,0,0,Sosialhjelpsmottakere og berørte etter bydel (B),2017,Bydel Bjerke,Sosialhjelpsmottakere i alt,Antall,1142
EliminatedValue,12,10,1,0,Sosialhjelpsmottakere og berørte etter bydel (B),2017,Bydel Bjerke,Berørte av sosialhjelp,Antall,2321
EliminatedValue,12,10,2,0,Sosialhjelpsmottakere og berørte etter bydel (B),2017,Bydel Bjerke,Berørte ektefeller/samboere,Antall,334
EliminatedValue,12,10,3,0,Sosialhjelpsmottakere og berørte etter bydel (B),2017,Bydel Bjerke,Berørte barn i alt,Antall,845
EliminatedValue,12,10,4,0,Sosialhjelpsmottakere og berørte etter bydel (B),2017,Bydel Bjerke,Barn av par,Antall,495
EliminatedValue,12,10,5,0,Sosialhjelpsmottakere og berørte etter bydel (B),2017,Bydel Bjerke,Barn av enslig forsørger,Antall,350
EliminatedValue,12,11,0,0,Sosialhjelpsmottakere og berørte etter bydel (B),2017,Bydel Grorud,Sosialhjelpsmottakere i alt,Antall,1144
EliminatedValue,12,11,1,0,Sosialhjelpsmottakere og berørte etter bydel (B),2017,Bydel Grorud,Berørte av sosialhjelp,Antall,2018
EliminatedValue,12,11,2,0,Sosialhjelpsmottakere og berørte etter bydel (B),2017,Bydel Grorud,Berørte ektefeller/samboere,Antall,256
EliminatedValue,12,11,3,0,Sosialhjelpsmottakere og berørte etter bydel (B),2017,Bydel Grorud,Berørte barn i alt,Antall,618
EliminatedValue,12,11,4,0,Sosialhjelpsmottakere og berørte etter bydel (B),2017,Bydel Grorud,Barn av par,Antall,323
EliminatedValue,12,11,5,0,Sosialhjelpsmottakere og berørte etter bydel (B),2017,Bydel Grorud,Barn av enslig forsørger,Antall,295
EliminatedValue,12,12,0,0,Sosialhjelpsmottakere og berørte etter bydel (B),2017,Bydel Stovner,Sosialhjelpsmottakere i alt,Antall,1299
EliminatedValue,12,12,1,0,Sosialhjelpsmottakere og berørte etter bydel (B),2017,Bydel Stovner,Berørte av sosialhjelp,Antall,2874
EliminatedValue,12,12,2,0,Sosialhjelpsmottakere og berørte etter bydel (B),2017,Bydel Stovner,Berørte ektefeller/samboere,Antall,396
EliminatedValue,12,12,3,0,Sosialhjelpsmottakere og berørte etter bydel (B),2017,Bydel Stovner,Berørte barn i alt,Antall,1179
EliminatedValue,12,12,4,0,Sosialhjelpsmottakere og berørte etter bydel (B),2017,Bydel Stovner,Barn av par,Antall,732
EliminatedValue,12,12,5,0,Sosialhjelpsmottakere og berørte etter bydel (B),2017,Bydel Stovner,Barn av enslig forsørger,Antall,447
EliminatedValue,12,13,0,0,Sosialhjelpsmottakere og berørte etter bydel (B),2017,Bydel Alna,Sosialhjelpsmottakere i alt,Antall,1285
EliminatedValue,12,13,1,0,Sosialhjelpsmottakere og berørte etter bydel (B),2017,Bydel Alna,Berørte av sosialhjelp,Antall,2770
EliminatedValue,12,13,2,0,Sosialhjelpsmottakere og berørte etter bydel (B),2017,Bydel Alna,Berørte ektefeller/samboere,Antall,353
EliminatedValue,12,13,3,0,Sosialhjelpsmottakere og berørte etter bydel (B),2017,Bydel Alna,Berørte barn i alt,Antall,1132
EliminatedValue,12,13,4,0,Sosialhjelpsmottakere og berørte etter bydel (B),2017,Bydel Alna,Barn av par,Antall,622
EliminatedValue,12,13,5,0,Sosialhjelpsmottakere og berørte etter bydel (B),2017,Bydel Alna,Barn av enslig forsørger,Antall,510
EliminatedValue,12,14,0,0,Sosialhjelpsmottakere og berørte etter bydel (B),2017,Bydel Østensjø,Sosialhjelpsmottakere i alt,Antall,1124
EliminatedValue,12,14,1,0,Sosialhjelpsmottakere og berørte etter bydel (B),2017,Bydel Østensjø,Berørte av sosialhjelp,Antall,2143
EliminatedValue,12,14,2,0,Sosialhjelpsmottakere og berørte etter bydel (B),2017,Bydel Østensjø,Berørte ektefeller/samboere,Antall,249
EliminatedValue,12,14,3,0,Sosialhjelpsmottakere og berørte etter bydel (B),2017,Bydel Østensjø,Berørte barn i alt,Antall,770
EliminatedValue,12,14,4,0,Sosialhjelpsmottakere og berørte etter bydel (B),2017,Bydel Østensjø,Barn av par,Antall,367
EliminatedValue,12,14,5,0,Sosialhjelpsmottakere og berørte etter bydel (B),2017,Bydel Østensjø,Barn av enslig forsørger,Antall,403
EliminatedValue,12,15,0,0,Sosialhjelpsmottakere og berørte etter bydel (B),2017,Bydel Nordstrand,Sosialhjelpsmottakere i alt,Antall,805
EliminatedValue,12,15,1,0,Sosialhjelpsmottakere og berørte etter bydel (B),2017,Bydel Nordstrand,Berørte av sosialhjelp,Antall,1425
EliminatedValue,12,15,2,0,Sosialhjelpsmottakere og berørte etter bydel (B),2017,Bydel Nordstrand,Berørte ektefeller/samboere,Antall,164
EliminatedValue,12,15,3,0,Sosialhjelpsmottakere og berørte etter bydel (B),2017,Bydel Nordstrand,Berørte barn i alt,Antall,456
EliminatedValue,12,15,4,0,Sosialhjelpsmottakere og berørte etter bydel (B),2017,Bydel Nordstrand,Barn av par,Antall,244
EliminatedValue,12,15,5,0,Sosialhjelpsmottakere og berørte etter bydel (B),2017,Bydel Nordstrand,Barn av enslig forsørger,Antall,212
EliminatedValue,12,16,0,0,Sosialhjelpsmottakere og berørte etter bydel (B),2017,Bydel Søndre Nordstrand,Sosialhjelpsmottakere i alt,Antall,1568
EliminatedValue,12,16,1,0,Sosialhjelpsmottakere og berørte etter bydel (B),2017,Bydel Søndre Nordstrand,Berørte av sosialhjelp,Antall,3572
EliminatedValue,12,16,2,0,Sosialhjelpsmottakere og berørte etter bydel (B),2017,Bydel Søndre Nordstrand,Berørte ektefeller/samboere,Antall,452
EliminatedValue,12,16,3,0,Sosialhjelpsmottakere og berørte etter bydel (B),2017,Bydel Søndre Nordstrand,Berørte barn i alt,Antall,1552
EliminatedValue,12,16,4,0,Sosialhjelpsmottakere og berørte etter bydel (B),2017,Bydel Søndre Nordstrand,Barn av par,Antall,772
EliminatedValue,12,16,5,0,Sosialhjelpsmottakere og berørte etter bydel (B),2017,Bydel Søndre Nordstrand,Barn av enslig forsørger,Antall,780
EliminatedValue,13,0,0,0,Sosialhjelpsmottakere og berørte etter bydel (B),2018,Oslo i alt,Sosialhjelpsmottakere i alt,Antall,20401
EliminatedValue,13,0,1,0,Sosialhjelpsmottakere og berørte etter bydel (B),2018,Oslo i alt,Berørte av sosialhjelp,Antall,36293
EliminatedValue,13,0,2,0,Sosialhjelpsmottakere og berørte etter bydel (B),2018,Oslo i alt,Berørte ektefeller/samboere,Antall,4161
EliminatedValue,13,0,3,0,Sosialhjelpsmottakere og berørte etter bydel (B),2018,Oslo i alt,Berørte barn i alt,Antall,11731
EliminatedValue,13,0,4,0,Sosialhjelpsmottakere og berørte etter bydel (B),2018,Oslo i alt,Barn av par,Antall,5704
EliminatedValue,13,0,5,0,Sosialhjelpsmottakere og berørte etter bydel (B),2018,Oslo i alt,Barn av enslig forsørger,Antall,6027
EliminatedValue,13,1,0,0,Sosialhjelpsmottakere og berørte etter bydel (B),2018,Sum bydeler,Sosialhjelpsmottakere i alt,Antall,20401
EliminatedValue,13,1,1,0,Sosialhjelpsmottakere og berørte etter bydel (B),2018,Sum bydeler,Berørte av sosialhjelp,Antall,36293
EliminatedValue,13,1,2,0,Sosialhjelpsmottakere og berørte etter bydel (B),2018,Sum bydeler,Berørte ektefeller/samboere,Antall,4161
EliminatedValue,13,1,3,0,Sosialhjelpsmottakere og berørte etter bydel (B),2018,Sum bydeler,Berørte barn i alt,Antall,11731
EliminatedValue,13,1,4,0,Sosialhjelpsmottakere og berørte etter bydel (B),2018,Sum bydeler,Barn av par,Antall,5704
EliminatedValue,13,1,5,0,Sosialhjelpsmottakere og berørte etter bydel (B),2018,Sum bydeler,Barn av enslig forsørger,Antall,6027
EliminatedValue,13,2,0,0,Sosialhjelpsmottakere og berørte etter bydel (B),2018,Bydel Gamle Oslo,Sosialhjelpsmottakere i alt,Antall,2798
EliminatedValue,13,2,1,0,Sosialhjelpsmottakere og berørte etter bydel (B),2018,Bydel Gamle Oslo,Berørte av sosialhjelp,Antall,5177
EliminatedValue,13,2,2,0,Sosialhjelpsmottakere og berørte etter bydel (B),2018,Bydel Gamle Oslo,Berørte ektefeller/samboere,Antall,563
EliminatedValue,13,2,3,0,Sosialhjelpsmottakere og berørte etter bydel (B),2018,Bydel Gamle Oslo,Berørte barn i alt,Antall,1816
EliminatedValue,13,2,4,0,Sosialhjelpsmottakere og berørte etter bydel (B),2018,Bydel Gamle Oslo,Barn av par,Antall,834
EliminatedValue,13,2,5,0,Sosialhjelpsmottakere og berørte etter bydel (B),2018,Bydel Gamle Oslo,Barn av enslig forsørger,Antall,982
EliminatedValue,13,3,0,0,Sosialhjelpsmottakere og berørte etter bydel (B),2018,Bydel Grünerløkka,Sosialhjelpsmottakere i alt,Antall,2510
EliminatedValue,13,3,1,0,Sosialhjelpsmottakere og berørte etter bydel (B),2018,Bydel Grünerløkka,Berørte av sosialhjelp,Antall,4029
EliminatedValue,13,3,2,0,Sosialhjelpsmottakere og berørte etter bydel (B),2018,Bydel Grünerløkka,Berørte ektefeller/samboere,Antall,420
EliminatedValue,13,3,3,0,Sosialhjelpsmottakere og berørte etter bydel (B),2018,Bydel Grünerløkka,Berørte barn i alt,Antall,1099
EliminatedValue,13,3,4,0,Sosialhjelpsmottakere og berørte etter bydel (B),2018,Bydel Grünerløkka,Barn av par,Antall,430
EliminatedValue,13,3,5,0,Sosialhjelpsmottakere og berørte etter bydel (B),2018,Bydel Grünerløkka,Barn av enslig forsørger,Antall,669
EliminatedValue,13,4,0,0,Sosialhjelpsmottakere og berørte etter bydel (B),2018,Bydel Sagene,Sosialhjelpsmottakere i alt,Antall,1992
EliminatedValue,13,4,1,0,Sosialhjelpsmottakere og berørte etter bydel (B),2018,Bydel Sagene,Berørte av sosialhjelp,Antall,3086
EliminatedValue,13,4,2,0,Sosialhjelpsmottakere og berørte etter bydel (B),2018,Bydel Sagene,Berørte ektefeller/samboere,Antall,305
EliminatedValue,13,4,3,0,Sosialhjelpsmottakere og berørte etter bydel (B),2018,Bydel Sagene,Berørte barn i alt,Antall,789
EliminatedValue,13,4,4,0,Sosialhjelpsmottakere og berørte etter bydel (B),2018,Bydel Sagene,Barn av par,Antall,302
EliminatedValue,13,4,5,0,Sosialhjelpsmottakere og berørte etter bydel (B),2018,Bydel Sagene,Barn av enslig forsørger,Antall,487
EliminatedValue,13,5,0,0,Sosialhjelpsmottakere og berørte etter bydel (B),2018,Bydel St.Hanshaugen,Sosialhjelpsmottakere i alt,Antall,1382
EliminatedValue,13,5,1,0,Sosialhjelpsmottakere og berørte etter bydel (B),2018,Bydel St.Hanshaugen,Berørte av sosialhjelp,Antall,1936
EliminatedValue,13,5,2,0,Sosialhjelpsmottakere og berørte etter bydel (B),2018,Bydel St.Hanshaugen,Berørte ektefeller/samboere,Antall,158
EliminatedValue,13,5,3,0,Sosialhjelpsmottakere og berørte etter bydel (B),2018,Bydel St.Hanshaugen,Berørte barn i alt,Antall,396
EliminatedValue,13,5,4,0,Sosialhjelpsmottakere og berørte etter bydel (B),2018,Bydel St.Hanshaugen,Barn av par,Antall,169
EliminatedValue,13,5,5,0,Sosialhjelpsmottakere og berørte etter bydel (B),2018,Bydel St.Hanshaugen,Barn av enslig forsørger,Antall,227
EliminatedValue,13,6,0,0,Sosialhjelpsmottakere og berørte etter bydel (B),2018,Bydel Frogner,Sosialhjelpsmottakere i alt,Antall,1411
EliminatedValue,13,6,1,0,Sosialhjelpsmottakere og berørte etter bydel (B),2018,Bydel Frogner,Berørte av sosialhjelp,Antall,2075
EliminatedValue,13,6,2,0,Sosialhjelpsmottakere og berørte etter bydel (B),2018,Bydel Frogner,Berørte ektefeller/samboere,Antall,198
EliminatedValue,13,6,3,0,Sosialhjelpsmottakere og berørte etter bydel (B),2018,Bydel Frogner,Berørte barn i alt,Antall,466
EliminatedValue,13,6,4,0,Sosialhjelpsmottakere og berørte etter bydel (B),2018,Bydel Frogner,Barn av par,Antall,216
EliminatedValue,13,6,5,0,Sosialhjelpsmottakere og berørte etter bydel (B),2018,Bydel Frogner,Barn av enslig forsørger,Antall,250
EliminatedValue,13,7,0,0,Sosialhjelpsmottakere og berørte etter bydel (B),2018,Bydel Ullern,Sosialhjelpsmottakere i alt,Antall,480
EliminatedValue,13,7,1,0,Sosialhjelpsmottakere og berørte etter bydel (B),2018,Bydel Ullern,Berørte av sosialhjelp,Antall,791
EliminatedValue,13,7,2,0,Sosialhjelpsmottakere og berørte etter bydel (B),2018,Bydel Ullern,Berørte ektefeller/samboere,Antall,93
EliminatedValue,13,7,3,0,Sosialhjelpsmottakere og berørte etter bydel (B),2018,Bydel Ullern,Berørte barn i alt,Antall,218
EliminatedValue,13,7,4,0,Sosialhjelpsmottakere og berørte etter bydel (B),2018,Bydel Ullern,Barn av par,Antall,139
EliminatedValue,13,7,5,0,Sosialhjelpsmottakere og berørte etter bydel (B),2018,Bydel Ullern,Barn av enslig forsørger,Antall,79
EliminatedValue,13,8,0,0,Sosialhjelpsmottakere og berørte etter bydel (B),2018,Bydel Vestre Aker,Sosialhjelpsmottakere i alt,Antall,652
EliminatedValue,13,8,1,0,Sosialhjelpsmottakere og berørte etter bydel (B),2018,Bydel Vestre Aker,Berørte av sosialhjelp,Antall,1045
EliminatedValue,13,8,2,0,Sosialhjelpsmottakere og berørte etter bydel (B),2018,Bydel Vestre Aker,Berørte ektefeller/samboere,Antall,136
EliminatedValue,13,8,3,0,Sosialhjelpsmottakere og berørte etter bydel (B),2018,Bydel Vestre Aker,Berørte barn i alt,Antall,257
EliminatedValue,13,8,4,0,Sosialhjelpsmottakere og berørte etter bydel (B),2018,Bydel Vestre Aker,Barn av par,Antall,110
EliminatedValue,13,8,5,0,Sosialhjelpsmottakere og berørte etter bydel (B),2018,Bydel Vestre Aker,Barn av enslig forsørger,Antall,147
EliminatedValue,13,9,0,0,Sosialhjelpsmottakere og berørte etter bydel (B),2018,Bydel Nordre Aker,Sosialhjelpsmottakere i alt,Antall,899
EliminatedValue,13,9,1,0,Sosialhjelpsmottakere og berørte etter bydel (B),2018,Bydel Nordre Aker,Berørte av sosialhjelp,Antall,1547
EliminatedValue,13,9,2,0,Sosialhjelpsmottakere og berørte etter bydel (B),2018,Bydel Nordre Aker,Berørte ektefeller/samboere,Antall,200
EliminatedValue,13,9,3,0,Sosialhjelpsmottakere og berørte etter bydel (B),2018,Bydel Nordre Aker,Berørte barn i alt,Antall,448
EliminatedValue,13,9,4,0,Sosialhjelpsmottakere og berørte etter bydel (B),2018,Bydel Nordre Aker,Barn av par,Antall,264
EliminatedValue,13,9,5,0,Sosialhjelpsmottakere og berørte etter bydel (B),2018,Bydel Nordre Aker,Barn av enslig forsørger,Antall,184
EliminatedValue,13,10,0,0,Sosialhjelpsmottakere og berørte etter bydel (B),2018,Bydel Bjerke,Sosialhjelpsmottakere i alt,Antall,1174
EliminatedValue,13,10,1,0,Sosialhjelpsmottakere og berørte etter bydel (B),2018,Bydel Bjerke,Berørte av sosialhjelp,Antall,2365
EliminatedValue,13,10,2,0,Sosialhjelpsmottakere og berørte etter bydel (B),2018,Bydel Bjerke,Berørte ektefeller/samboere,Antall,310
EliminatedValue,13,10,3,0,Sosialhjelpsmottakere og berørte etter bydel (B),2018,Bydel Bjerke,Berørte barn i alt,Antall,881
EliminatedValue,13,10,4,0,Sosialhjelpsmottakere og berørte etter bydel (B),2018,Bydel Bjerke,Barn av par,Antall,500
EliminatedValue,13,10,5,0,Sosialhjelpsmottakere og berørte etter bydel (B),2018,Bydel Bjerke,Barn av enslig forsørger,Antall,381
EliminatedValue,13,11,0,0,Sosialhjelpsmottakere og berørte etter bydel (B),2018,Bydel Grorud,Sosialhjelpsmottakere i alt,Antall,1180
EliminatedValue,13,11,1,0,Sosialhjelpsmottakere og berørte etter bydel (B),2018,Bydel Grorud,Berørte av sosialhjelp,Antall,2070
EliminatedValue,13,11,2,0,Sosialhjelpsmottakere og berørte etter bydel (B),2018,Bydel Grorud,Berørte ektefeller/samboere,Antall,271
EliminatedValue,13,11,3,0,Sosialhjelpsmottakere og berørte etter bydel (B),2018,Bydel Grorud,Berørte barn i alt,Antall,619
EliminatedValue,13,11,4,0,Sosialhjelpsmottakere og berørte etter bydel (B),2018,Bydel Grorud,Barn av par,Antall,310
EliminatedValue,13,11,5,0,Sosialhjelpsmottakere og berørte etter bydel (B),2018,Bydel Grorud,Barn av enslig forsørger,Antall,309
EliminatedValue,13,12,0,0,Sosialhjelpsmottakere og berørte etter bydel (B),2018,Bydel Stovner,Sosialhjelpsmottakere i alt,Antall,1155
EliminatedValue,13,12,1,0,Sosialhjelpsmottakere og berørte etter bydel (B),2018,Bydel Stovner,Berørte av sosialhjelp,Antall,2503
EliminatedValue,13,12,2,0,Sosialhjelpsmottakere og berørte etter bydel (B),2018,Bydel Stovner,Berørte ektefeller/samboere,Antall,343
EliminatedValue,13,12,3,0,Sosialhjelpsmottakere og berørte etter bydel (B),2018,Bydel Stovner,Berørte barn i alt,Antall,1005
EliminatedValue,13,12,4,0,Sosialhjelpsmottakere og berørte etter bydel (B),2018,Bydel Stovner,Barn av par,Antall,610
EliminatedValue,13,12,5,0,Sosialhjelpsmottakere og berørte etter bydel (B),2018,Bydel Stovner,Barn av enslig forsørger,Antall,395
EliminatedValue,13,13,0,0,Sosialhjelpsmottakere og berørte etter bydel (B),2018,Bydel Alna,Sosialhjelpsmottakere i alt,Antall,1330
EliminatedValue,13,13,1,0,Sosialhjelpsmottakere og berørte etter bydel (B),2018,Bydel Alna,Berørte av sosialhjelp,Antall,2780
EliminatedValue,13,13,2,0,Sosialhjelpsmottakere og berørte etter bydel (B),2018,Bydel Alna,Berørte ektefeller/samboere,Antall,350
EliminatedValue,13,13,3,0,Sosialhjelpsmottakere og berørte etter bydel (B),2018,Bydel Alna,Berørte barn i alt,Antall,1100
EliminatedValue,13,13,4,0,Sosialhjelpsmottakere og berørte etter bydel (B),2018,Bydel Alna,Barn av par,Antall,548
EliminatedValue,13,13,5,0,Sosialhjelpsmottakere og berørte etter bydel (B),2018,Bydel Alna,Barn av enslig forsørger,Antall,552
EliminatedValue,13,14,0,0,Sosialhjelpsmottakere og berørte etter bydel (B),2018,Bydel Østensjø,Sosialhjelpsmottakere i alt,Antall,1184
EliminatedValue,13,14,1,0,Sosialhjelpsmottakere og berørte etter bydel (B),2018,Bydel Østensjø,Berørte av sosialhjelp,Antall,2234
EliminatedValue,13,14,2,0,Sosialhjelpsmottakere og berørte etter bydel (B),2018,Bydel Østensjø,Berørte ektefeller/samboere,Antall,269
EliminatedValue,13,14,3,0,Sosialhjelpsmottakere og berørte etter bydel (B),2018,Bydel Østensjø,Berørte barn i alt,Antall,781
EliminatedValue,13,14,4,0,Sosialhjelpsmottakere og berørte etter bydel (B),2018,Bydel Østensjø,Barn av par,Antall,353
EliminatedValue,13,14,5,0,Sosialhjelpsmottakere og berørte etter bydel (B),2018,Bydel Østensjø,Barn av enslig forsørger,Antall,428
EliminatedValue,13,15,0,0,Sosialhjelpsmottakere og berørte etter bydel (B),2018,Bydel Nordstrand,Sosialhjelpsmottakere i alt,Antall,755
EliminatedValue,13,15,1,0,Sosialhjelpsmottakere og berørte etter bydel (B),2018,Bydel Nordstrand,Berørte av sosialhjelp,Antall,1341
EliminatedValue,13,15,2,0,Sosialhjelpsmottakere og berørte etter bydel (B),2018,Bydel Nordstrand,Berørte ektefeller/samboere,Antall,159
EliminatedValue,13,15,3,0,Sosialhjelpsmottakere og berørte etter bydel (B),2018,Bydel Nordstrand,Berørte barn i alt,Antall,427
EliminatedValue,13,15,4,0,Sosialhjelpsmottakere og berørte etter bydel (B),2018,Bydel Nordstrand,Barn av par,Antall,216
EliminatedValue,13,15,5,0,Sosialhjelpsmottakere og berørte etter bydel (B),2018,Bydel Nordstrand,Barn av enslig forsørger,Antall,211
EliminatedValue,13,16,0,0,Sosialhjelpsmottakere og berørte etter bydel (B),2018,Bydel Søndre Nordstrand,Sosialhjelpsmottakere i alt,Antall,1499
EliminatedValue,13,16,1,0,Sosialhjelpsmottakere og berørte etter bydel (B),2018,Bydel Søndre Nordstrand,Berørte av sosialhjelp,Antall,3314
EliminatedValue,13,16,2,0,Sosialhjelpsmottakere og berørte etter bydel (B),2018,Bydel Søndre Nordstrand,Berørte ektefeller/samboere,Antall,386
EliminatedValue,13,16,3,0,Sosialhjelpsmottakere og berørte etter bydel (B),2018,Bydel Søndre Nordstrand,Berørte barn i alt,Antall,1429
EliminatedValue,13,16,4,0,Sosialhjelpsmottakere og berørte etter bydel (B),2018,Bydel Søndre Nordstrand,Barn av par,Antall,703
EliminatedValue,13,16,5,0,Sosialhjelpsmottakere og berørte etter bydel (B),2018,Bydel Søndre Nordstrand,Barn av enslig forsørger,Antall,726
EliminatedValue,14,0,0,0,Sosialhjelpsmottakere og berørte etter bydel (B),2019,Oslo i alt,Sosialhjelpsmottakere i alt,Antall,19646
EliminatedValue,14,0,1,0,Sosialhjelpsmottakere og berørte etter bydel (B),2019,Oslo i alt,Berørte av sosialhjelp,Antall,34263
EliminatedValue,14,0,2,0,Sosialhjelpsmottakere og berørte etter bydel (B),2019,Oslo i alt,Berørte ektefeller/samboere,Antall,3805
EliminatedValue,14,0,3,0,Sosialhjelpsmottakere og berørte etter bydel (B),2019,Oslo i alt,Berørte barn i alt,Antall,10812
EliminatedValue,14,0,4,0,Sosialhjelpsmottakere og berørte etter bydel (B),2019,Oslo i alt,Barn av par,Antall,4990
EliminatedValue,14,0,5,0,Sosialhjelpsmottakere og berørte etter bydel (B),2019,Oslo i alt,Barn av enslig forsørger,Antall,5822
EliminatedValue,14,1,0,0,Sosialhjelpsmottakere og berørte etter bydel (B),2019,Sum bydeler,Sosialhjelpsmottakere i alt,Antall,19646
EliminatedValue,14,1,1,0,Sosialhjelpsmottakere og berørte etter bydel (B),2019,Sum bydeler,Berørte av sosialhjelp,Antall,34263
EliminatedValue,14,1,2,0,Sosialhjelpsmottakere og berørte etter bydel (B),2019,Sum bydeler,Berørte ektefeller/samboere,Antall,3805
EliminatedValue,14,1,3,0,Sosialhjelpsmottakere og berørte etter bydel (B),2019,Sum bydeler,Berørte barn i alt,Antall,10812
EliminatedValue,14,1,4,0,Sosialhjelpsmottakere og berørte etter bydel (B),2019,Sum bydeler,Barn av par,Antall,4990
EliminatedValue,14,1,5,0,Sosialhjelpsmottakere og berørte etter bydel (B),2019,Sum bydeler,Barn av enslig forsørger,Antall,5822
EliminatedValue,14,2,0,0,Sosialhjelpsmottakere og berørte etter bydel (B),2019,Bydel Gamle Oslo,Sosialhjelpsmottakere i alt,Antall,2579
EliminatedValue,14,2,1,0,Sosialhjelpsmottakere og berørte etter bydel (B),2019,Bydel Gamle Oslo,Berørte av sosialhjelp,Antall,4673
EliminatedValue,14,2,2,0,Sosialhjelpsmottakere og berørte etter bydel (B),2019,Bydel Gamle Oslo,Berørte ektefeller/samboere,Antall,484
EliminatedValue,14,2,3,0,Sosialhjelpsmottakere og berørte etter bydel (B),2019,Bydel Gamle Oslo,Berørte barn i alt,Antall,1610
EliminatedValue,14,2,4,0,Sosialhjelpsmottakere og berørte etter bydel (B),2019,Bydel Gamle Oslo,Barn av par,Antall,625
EliminatedValue,14,2,5,0,Sosialhjelpsmottakere og berørte etter bydel (B),2019,Bydel Gamle Oslo,Barn av enslig forsørger,Antall,985
EliminatedValue,14,3,0,0,Sosialhjelpsmottakere og berørte etter bydel (B),2019,Bydel Grünerløkka,Sosialhjelpsmottakere i alt,Antall,2498
EliminatedValue,14,3,1,0,Sosialhjelpsmottakere og berørte etter bydel (B),2019,Bydel Grünerløkka,Berørte av sosialhjelp,Antall,3874
EliminatedValue,14,3,2,0,Sosialhjelpsmottakere og berørte etter bydel (B),2019,Bydel Grünerløkka,Berørte ektefeller/samboere,Antall,365
EliminatedValue,14,3,3,0,Sosialhjelpsmottakere og berørte etter bydel (B),2019,Bydel Grünerløkka,Berørte barn i alt,Antall,1011
EliminatedValue,14,3,4,0,Sosialhjelpsmottakere og berørte etter bydel (B),2019,Bydel Grünerløkka,Barn av par,Antall,380
EliminatedValue,14,3,5,0,Sosialhjelpsmottakere og berørte etter bydel (B),2019,Bydel Grünerløkka,Barn av enslig forsørger,Antall,631
EliminatedValue,14,4,0,0,Sosialhjelpsmottakere og berørte etter bydel (B),2019,Bydel Sagene,Sosialhjelpsmottakere i alt,Antall,1862
EliminatedValue,14,4,1,0,Sosialhjelpsmottakere og berørte etter bydel (B),2019,Bydel Sagene,Berørte av sosialhjelp,Antall,2845
EliminatedValue,14,4,2,0,Sosialhjelpsmottakere og berørte etter bydel (B),2019,Bydel Sagene,Berørte ektefeller/samboere,Antall,290
EliminatedValue,14,4,3,0,Sosialhjelpsmottakere og berørte etter bydel (B),2019,Bydel Sagene,Berørte barn i alt,Antall,693
EliminatedValue,14,4,4,0,Sosialhjelpsmottakere og berørte etter bydel (B),2019,Bydel Sagene,Barn av par,Antall,243
EliminatedValue,14,4,5,0,Sosialhjelpsmottakere og berørte etter bydel (B),2019,Bydel Sagene,Barn av enslig forsørger,Antall,450
EliminatedValue,14,5,0,0,Sosialhjelpsmottakere og berørte etter bydel (B),2019,Bydel St.Hanshaugen,Sosialhjelpsmottakere i alt,Antall,1328
EliminatedValue,14,5,1,0,Sosialhjelpsmottakere og berørte etter bydel (B),2019,Bydel St.Hanshaugen,Berørte av sosialhjelp,Antall,1813
EliminatedValue,14,5,2,0,Sosialhjelpsmottakere og berørte etter bydel (B),2019,Bydel St.Hanshaugen,Berørte ektefeller/samboere,Antall,140
EliminatedValue,14,5,3,0,Sosialhjelpsmottakere og berørte etter bydel (B),2019,Bydel St.Hanshaugen,Berørte barn i alt,Antall,345
EliminatedValue,14,5,4,0,Sosialhjelpsmottakere og berørte etter bydel (B),2019,Bydel St.Hanshaugen,Barn av par,Antall,111
EliminatedValue,14,5,5,0,Sosialhjelpsmottakere og berørte etter bydel (B),2019,Bydel St.Hanshaugen,Barn av enslig forsørger,Antall,234
EliminatedValue,14,6,0,0,Sosialhjelpsmottakere og berørte etter bydel (B),2019,Bydel Frogner,Sosialhjelpsmottakere i alt,Antall,1376
EliminatedValue,14,6,1,0,Sosialhjelpsmottakere og berørte etter bydel (B),2019,Bydel Frogner,Berørte av sosialhjelp,Antall,2012
EliminatedValue,14,6,2,0,Sosialhjelpsmottakere og berørte etter bydel (B),2019,Bydel Frogner,Berørte ektefeller/samboere,Antall,183
EliminatedValue,14,6,3,0,Sosialhjelpsmottakere og berørte etter bydel (B),2019,Bydel Frogner,Berørte barn i alt,Antall,453
EliminatedValue,14,6,4,0,Sosialhjelpsmottakere og berørte etter bydel (B),2019,Bydel Frogner,Barn av par,Antall,193
EliminatedValue,14,6,5,0,Sosialhjelpsmottakere og berørte etter bydel (B),2019,Bydel Frogner,Barn av enslig forsørger,Antall,260
EliminatedValue,14,7,0,0,Sosialhjelpsmottakere og berørte etter bydel (B),2019,Bydel Ullern,Sosialhjelpsmottakere i alt,Antall,510
EliminatedValue,14,7,1,0,Sosialhjelpsmottakere og berørte etter bydel (B),2019,Bydel Ullern,Berørte av sosialhjelp,Antall,861
EliminatedValue,14,7,2,0,Sosialhjelpsmottakere og berørte etter bydel (B),2019,Bydel Ullern,Berørte ektefeller/samboere,Antall,99
EliminatedValue,14,7,3,0,Sosialhjelpsmottakere og berørte etter bydel (B),2019,Bydel Ullern,Berørte barn i alt,Antall,252
EliminatedValue,14,7,4,0,Sosialhjelpsmottakere og berørte etter bydel (B),2019,Bydel Ullern,Barn av par,Antall,158
EliminatedValue,14,7,5,0,Sosialhjelpsmottakere og berørte etter bydel (B),2019,Bydel Ullern,Barn av enslig forsørger,Antall,94
EliminatedValue,14,8,0,0,Sosialhjelpsmottakere og berørte etter bydel (B),2019,Bydel Vestre Aker,Sosialhjelpsmottakere i alt,Antall,592
EliminatedValue,14,8,1,0,Sosialhjelpsmottakere og berørte etter bydel (B),2019,Bydel Vestre Aker,Berørte av sosialhjelp,Antall,975
EliminatedValue,14,8,2,0,Sosialhjelpsmottakere og berørte etter bydel (B),2019,Bydel Vestre Aker,Berørte ektefeller/samboere,Antall,118
EliminatedValue,14,8,3,0,Sosialhjelpsmottakere og berørte etter bydel (B),2019,Bydel Vestre Aker,Berørte barn i alt,Antall,265
EliminatedValue,14,8,4,0,Sosialhjelpsmottakere og berørte etter bydel (B),2019,Bydel Vestre Aker,Barn av par,Antall,132
EliminatedValue,14,8,5,0,Sosialhjelpsmottakere og berørte etter bydel (B),2019,Bydel Vestre Aker,Barn av enslig forsørger,Antall,133
EliminatedValue,14,9,0,0,Sosialhjelpsmottakere og berørte etter bydel (B),2019,Bydel Nordre Aker,Sosialhjelpsmottakere i alt,Antall,877
EliminatedValue,14,9,1,0,Sosialhjelpsmottakere og berørte etter bydel (B),2019,Bydel Nordre Aker,Berørte av sosialhjelp,Antall,1464
EliminatedValue,14,9,2,0,Sosialhjelpsmottakere og berørte etter bydel (B),2019,Bydel Nordre Aker,Berørte ektefeller/samboere,Antall,185
EliminatedValue,14,9,3,0,Sosialhjelpsmottakere og berørte etter bydel (B),2019,Bydel Nordre Aker,Berørte barn i alt,Antall,402
EliminatedValue,14,9,4,0,Sosialhjelpsmottakere og berørte etter bydel (B),2019,Bydel Nordre Aker,Barn av par,Antall,243
EliminatedValue,14,9,5,0,Sosialhjelpsmottakere og berørte etter bydel (B),2019,Bydel Nordre Aker,Barn av enslig forsørger,Antall,159
EliminatedValue,14,10,0,0,Sosialhjelpsmottakere og berørte etter bydel (B),2019,Bydel Bjerke,Sosialhjelpsmottakere i alt,Antall,1080
EliminatedValue,14,10,1,0,Sosialhjelpsmottakere og berørte etter bydel (B),2019,Bydel Bjerke,Berørte av sosialhjelp,Antall,2133
EliminatedValue,14,10,2,0,Sosialhjelpsmottakere og berørte etter bydel (B),2019,Bydel Bjerke,Berørte ektefeller/samboere,Antall,278
EliminatedValue,14,10,3,0,Sosialhjelpsmottakere og berørte etter bydel (B),2019,Bydel Bjerke,Berørte barn i alt,Antall,775
EliminatedValue,14,10,4,0,Sosialhjelpsmottakere og berørte etter bydel (B),2019,Bydel Bjerke,Barn av par,Antall,417
EliminatedValue,14,10,5,0,Sosialhjelpsmottakere og berørte etter bydel (B),2019,Bydel Bjerke,Barn av enslig forsørger,Antall,358
EliminatedValue,14,11,0,0,Sosialhjelpsmottakere og berørte etter bydel (B),2019,Bydel Grorud,Sosialhjelpsmottakere i alt,Antall,1122
EliminatedValue,14,11,1,0,Sosialhjelpsmottakere og berørte etter bydel (B),2019,Bydel Grorud,Berørte av sosialhjelp,Antall,1928
EliminatedValue,14,11,2,0,Sosialhjelpsmottakere og berørte etter bydel (B),2019,Bydel Grorud,Berørte ektefeller/samboere,Antall,242
EliminatedValue,14,11,3,0,Sosialhjelpsmottakere og berørte etter bydel (B),2019,Bydel Grorud,Berørte barn i alt,Antall,564
EliminatedValue,14,11,4,0,Sosialhjelpsmottakere og berørte etter bydel (B),2019,Bydel Grorud,Barn av par,Antall,258
EliminatedValue,14,11,5,0,Sosialhjelpsmottakere og berørte etter bydel (B),2019,Bydel Grorud,Barn av enslig forsørger,Antall,306
EliminatedValue,14,12,0,0,Sosialhjelpsmottakere og berørte etter bydel (B),2019,Bydel Stovner,Sosialhjelpsmottakere i alt,Antall,1098
EliminatedValue,14,12,1,0,Sosialhjelpsmottakere og berørte etter bydel (B),2019,Bydel Stovner,Berørte av sosialhjelp,Antall,2309
EliminatedValue,14,12,2,0,Sosialhjelpsmottakere og berørte etter bydel (B),2019,Bydel Stovner,Berørte ektefeller/samboere,Antall,304
EliminatedValue,14,12,3,0,Sosialhjelpsmottakere og berørte etter bydel (B),2019,Bydel Stovner,Berørte barn i alt,Antall,907
EliminatedValue,14,12,4,0,Sosialhjelpsmottakere og berørte etter bydel (B),2019,Bydel Stovner,Barn av par,Antall,524
EliminatedValue,14,12,5,0,Sosialhjelpsmottakere og berørte etter bydel (B),2019,Bydel Stovner,Barn av enslig forsørger,Antall,383
EliminatedValue,14,13,0,0,Sosialhjelpsmottakere og berørte etter bydel (B),2019,Bydel Alna,Sosialhjelpsmottakere i alt,Antall,1419
EliminatedValue,14,13,1,0,Sosialhjelpsmottakere og berørte etter bydel (B),2019,Bydel Alna,Berørte av sosialhjelp,Antall,2881
EliminatedValue,14,13,2,0,Sosialhjelpsmottakere og berørte etter bydel (B),2019,Bydel Alna,Berørte ektefeller/samboere,Antall,353
EliminatedValue,14,13,3,0,Sosialhjelpsmottakere og berørte etter bydel (B),2019,Bydel Alna,Berørte barn i alt,Antall,1109
EliminatedValue,14,13,4,0,Sosialhjelpsmottakere og berørte etter bydel (B),2019,Bydel Alna,Barn av par,Antall,571
EliminatedValue,14,13,5,0,Sosialhjelpsmottakere og berørte etter bydel (B),2019,Bydel Alna,Barn av enslig forsørger,Antall,538
EliminatedValue,14,14,0,0,Sosialhjelpsmottakere og berørte etter bydel (B),2019,Bydel Østensjø,Sosialhjelpsmottakere i alt,Antall,1094
EliminatedValue,14,14,1,0,Sosialhjelpsmottakere og berørte etter bydel (B),2019,Bydel Østensjø,Berørte av sosialhjelp,Antall,2012
EliminatedValue,14,14,2,0,Sosialhjelpsmottakere og berørte etter bydel (B),2019,Bydel Østensjø,Berørte ektefeller/samboere,Antall,242
EliminatedValue,14,14,3,0,Sosialhjelpsmottakere og berørte etter bydel (B),2019,Bydel Østensjø,Berørte barn i alt,Antall,676
EliminatedValue,14,14,4,0,Sosialhjelpsmottakere og berørte etter bydel (B),2019,Bydel Østensjø,Barn av par,Antall,321
EliminatedValue,14,14,5,0,Sosialhjelpsmottakere og berørte etter bydel (B),2019,Bydel Østensjø,Barn av enslig forsørger,Antall,355
EliminatedValue,14,15,0,0,Sosialhjelpsmottakere og berørte etter bydel (B),2019,Bydel Nordstrand,Sosialhjelpsmottakere i alt,Antall,756
EliminatedValue,14,15,1,0,Sosialhjelpsmottakere og berørte etter bydel (B),2019,Bydel Nordstrand,Berørte av sosialhjelp,Antall,1297
EliminatedValue,14,15,2,0,Sosialhjelpsmottakere og berørte etter bydel (B),2019,Bydel Nordstrand,Berørte ektefeller/samboere,Antall,150
EliminatedValue,14,15,3,0,Sosialhjelpsmottakere og berørte etter bydel (B),2019,Bydel Nordstrand,Berørte barn i alt,Antall,391
EliminatedValue,14,15,4,0,Sosialhjelpsmottakere og berørte etter bydel (B),2019,Bydel Nordstrand,Barn av par,Antall,173
EliminatedValue,14,15,5,0,Sosialhjelpsmottakere og berørte etter bydel (B),2019,Bydel Nordstrand,Barn av enslig forsørger,Antall,218
EliminatedValue,14,16,0,0,Sosialhjelpsmottakere og berørte etter bydel (B),2019,Bydel Søndre Nordstrand,Sosialhjelpsmottakere i alt,Antall,1455
EliminatedValue,14,16,1,0,Sosialhjelpsmottakere og berørte etter bydel (B),2019,Bydel Søndre Nordstrand,Berørte av sosialhjelp,Antall,3186
EliminatedValue,14,16,2,0,Sosialhjelpsmottakere og berørte etter bydel (B),2019,Bydel Søndre Nordstrand,Berørte ektefeller/samboere,Antall,372
EliminatedValue,14,16,3,0,Sosialhjelpsmottakere og berørte etter bydel (B),2019,Bydel Søndre Nordstrand,Berørte barn i alt,Antall,1359
EliminatedValue,14,16,4,0,Sosialhjelpsmottakere og berørte etter bydel (B),2019,Bydel Søndre Nordstrand,Barn av par,Antall,641
EliminatedValue,14,16,5,0,Sosialhjelpsmottakere og berørte etter bydel (B),2019,Bydel Søndre Nordstrand,Barn av enslig forsørger,Antall,718
EliminatedValue,15,0,0,0,Sosialhjelpsmottakere og berørte etter bydel (B),2020,Oslo i alt,Sosialhjelpsmottakere i alt,Antall,20181
EliminatedValue,15,0,1,0,Sosialhjelpsmottakere og berørte etter bydel (B),2020,Oslo i alt,Berørte av sosialhjelp,Antall,34208
EliminatedValue,15,0,2,0,Sosialhjelpsmottakere og berørte etter bydel (B),2020,Oslo i alt,Berørte ektefeller/samboere,Antall,3755
EliminatedValue,15,0,3,0,Sosialhjelpsmottakere og berørte etter bydel (B),2020,Oslo i alt,Berørte barn i alt,Antall,10272
EliminatedValue,15,0,4,0,Sosialhjelpsmottakere og berørte etter bydel (B),2020,Oslo i alt,Barn av par,Antall,4620
EliminatedValue,15,0,5,0,Sosialhjelpsmottakere og berørte etter bydel (B),2020,Oslo i alt,Barn av enslig forsørger,Antall,5652
EliminatedValue,15,1,0,0,Sosialhjelpsmottakere og berørte etter bydel (B),2020,Sum bydeler,Sosialhjelpsmottakere i alt,Antall,20181
EliminatedValue,15,1,1,0,Sosialhjelpsmottakere og berørte etter bydel (B),2020,Sum bydeler,Berørte av sosialhjelp,Antall,34208
EliminatedValue,15,1,2,0,Sosialhjelpsmottakere og berørte etter bydel (B),2020,Sum bydeler,Berørte ektefeller/samboere,Antall,3755
EliminatedValue,15,1,3,0,Sosialhjelpsmottakere og berørte etter bydel (B),2020,Sum bydeler,Berørte barn i alt,Antall,10272
EliminatedValue,15,1,4,0,Sosialhjelpsmottakere og berørte etter bydel (B),2020,Sum bydeler,Barn av par,Antall,4620
EliminatedValue,15,1,5,0,Sosialhjelpsmottakere og berørte etter bydel (B),2020,Sum bydeler,Barn av enslig forsørger,Antall,5652
EliminatedValue,15,2,0,0,Sosialhjelpsmottakere og berørte etter bydel (B),2020,Bydel Gamle Oslo,Sosialhjelpsmottakere i alt,Antall,2563
EliminatedValue,15,2,1,0,Sosialhjelpsmottakere og berørte etter bydel (B),2020,Bydel Gamle Oslo,Berørte av sosialhjelp,Antall,4576
EliminatedValue,15,2,2,0,Sosialhjelpsmottakere og berørte etter bydel (B),2020,Bydel Gamle Oslo,Berørte ektefeller/samboere,Antall,496
EliminatedValue,15,2,3,0,Sosialhjelpsmottakere og berørte etter bydel (B),2020,Bydel Gamle Oslo,Berørte barn i alt,Antall,1517
EliminatedValue,15,2,4,0,Sosialhjelpsmottakere og berørte etter bydel (B),2020,Bydel Gamle Oslo,Barn av par,Antall,659
EliminatedValue,15,2,5,0,Sosialhjelpsmottakere og berørte etter bydel (B),2020,Bydel Gamle Oslo,Barn av enslig forsørger,Antall,858
EliminatedValue,15,3,0,0,Sosialhjelpsmottakere og berørte etter bydel (B),2020,Bydel Grünerløkka,Sosialhjelpsmottakere i alt,Antall,2538
EliminatedValue,15,3,1,0,Sosialhjelpsmottakere og berørte etter bydel (B),2020,Bydel Grünerløkka,Berørte av sosialhjelp,Antall,3870
EliminatedValue,15,3,2,0,Sosialhjelpsmottakere og berørte etter bydel (B),2020,Bydel Grünerløkka,Berørte ektefeller/samboere,Antall,393
EliminatedValue,15,3,3,0,Sosialhjelpsmottakere og berørte etter bydel (B),2020,Bydel Grünerløkka,Berørte barn i alt,Antall,939
EliminatedValue,15,3,4,0,Sosialhjelpsmottakere og berørte etter bydel (B),2020,Bydel Grünerløkka,Barn av par,Antall,344
EliminatedValue,15,3,5,0,Sosialhjelpsmottakere og berørte etter bydel (B),2020,Bydel Grünerløkka,Barn av enslig forsørger,Antall,595
EliminatedValue,15,4,0,0,Sosialhjelpsmottakere og berørte etter bydel (B),2020,Bydel Sagene,Sosialhjelpsmottakere i alt,Antall,1923
EliminatedValue,15,4,1,0,Sosialhjelpsmottakere og berørte etter bydel (B),2020,Bydel Sagene,Berørte av sosialhjelp,Antall,2890
EliminatedValue,15,4,2,0,Sosialhjelpsmottakere og berørte etter bydel (B),2020,Bydel Sagene,Berørte ektefeller/samboere,Antall,304
EliminatedValue,15,4,3,0,Sosialhjelpsmottakere og berørte etter bydel (B),2020,Bydel Sagene,Berørte barn i alt,Antall,663
EliminatedValue,15,4,4,0,Sosialhjelpsmottakere og berørte etter bydel (B),2020,Bydel Sagene,Barn av par,Antall,211
EliminatedValue,15,4,5,0,Sosialhjelpsmottakere og berørte etter bydel (B),2020,Bydel Sagene,Barn av enslig forsørger,Antall,452
EliminatedValue,15,5,0,0,Sosialhjelpsmottakere og berørte etter bydel (B),2020,Bydel St.Hanshaugen,Sosialhjelpsmottakere i alt,Antall,1434
EliminatedValue,15,5,1,0,Sosialhjelpsmottakere og berørte etter bydel (B),2020,Bydel St.Hanshaugen,Berørte av sosialhjelp,Antall,1922
EliminatedValue,15,5,2,0,Sosialhjelpsmottakere og berørte etter bydel (B),2020,Bydel St.Hanshaugen,Berørte ektefeller/samboere,Antall,157
EliminatedValue,15,5,3,0,Sosialhjelpsmottakere og berørte etter bydel (B),2020,Bydel St.Hanshaugen,Berørte barn i alt,Antall,331
EliminatedValue,15,5,4,0,Sosialhjelpsmottakere og berørte etter bydel (B),2020,Bydel St.Hanshaugen,Barn av par,Antall,115
EliminatedValue,15,5,5,0,Sosialhjelpsmottakere og berørte etter bydel (B),2020,Bydel St.Hanshaugen,Barn av enslig forsørger,Antall,216
EliminatedValue,15,6,0,0,Sosialhjelpsmottakere og berørte etter bydel (B),2020,Bydel Frogner,Sosialhjelpsmottakere i alt,Antall,1440
EliminatedValue,15,6,1,0,Sosialhjelpsmottakere og berørte etter bydel (B),2020,Bydel Frogner,Berørte av sosialhjelp,Antall,2031
EliminatedValue,15,6,2,0,Sosialhjelpsmottakere og berørte etter bydel (B),2020,Bydel Frogner,Berørte ektefeller/samboere,Antall,183
EliminatedValue,15,6,3,0,Sosialhjelpsmottakere og berørte etter bydel (B),2020,Bydel Frogner,Berørte barn i alt,Antall,408
EliminatedValue,15,6,4,0,Sosialhjelpsmottakere og berørte etter bydel (B),2020,Bydel Frogner,Barn av par,Antall,162
EliminatedValue,15,6,5,0,Sosialhjelpsmottakere og berørte etter bydel (B),2020,Bydel Frogner,Barn av enslig forsørger,Antall,246
EliminatedValue,15,7,0,0,Sosialhjelpsmottakere og berørte etter bydel (B),2020,Bydel Ullern,Sosialhjelpsmottakere i alt,Antall,565
EliminatedValue,15,7,1,0,Sosialhjelpsmottakere og berørte etter bydel (B),2020,Bydel Ullern,Berørte av sosialhjelp,Antall,886
EliminatedValue,15,7,2,0,Sosialhjelpsmottakere og berørte etter bydel (B),2020,Bydel Ullern,Berørte ektefeller/samboere,Antall,92
EliminatedValue,15,7,3,0,Sosialhjelpsmottakere og berørte etter bydel (B),2020,Bydel Ullern,Berørte barn i alt,Antall,229
EliminatedValue,15,7,4,0,Sosialhjelpsmottakere og berørte etter bydel (B),2020,Bydel Ullern,Barn av par,Antall,109
EliminatedValue,15,7,5,0,Sosialhjelpsmottakere og berørte etter bydel (B),2020,Bydel Ullern,Barn av enslig forsørger,Antall,120
EliminatedValue,15,8,0,0,Sosialhjelpsmottakere og berørte etter bydel (B),2020,Bydel Vestre Aker,Sosialhjelpsmottakere i alt,Antall,523
EliminatedValue,15,8,1,0,Sosialhjelpsmottakere og berørte etter bydel (B),2020,Bydel Vestre Aker,Berørte av sosialhjelp,Antall,847
EliminatedValue,15,8,2,0,Sosialhjelpsmottakere og berørte etter bydel (B),2020,Bydel Vestre Aker,Berørte ektefeller/samboere,Antall,104
EliminatedValue,15,8,3,0,Sosialhjelpsmottakere og berørte etter bydel (B),2020,Bydel Vestre Aker,Berørte barn i alt,Antall,220
EliminatedValue,15,8,4,0,Sosialhjelpsmottakere og berørte etter bydel (B),2020,Bydel Vestre Aker,Barn av par,Antall,121
EliminatedValue,15,8,5,0,Sosialhjelpsmottakere og berørte etter bydel (B),2020,Bydel Vestre Aker,Barn av enslig forsørger,Antall,99
EliminatedValue,15,9,0,0,Sosialhjelpsmottakere og berørte etter bydel (B),2020,Bydel Nordre Aker,Sosialhjelpsmottakere i alt,Antall,893
EliminatedValue,15,9,1,0,Sosialhjelpsmottakere og berørte etter bydel (B),2020,Bydel Nordre Aker,Berørte av sosialhjelp,Antall,1453
EliminatedValue,15,9,2,0,Sosialhjelpsmottakere og berørte etter bydel (B),2020,Bydel Nordre Aker,Berørte ektefeller/samboere,Antall,182
EliminatedValue,15,9,3,0,Sosialhjelpsmottakere og berørte etter bydel (B),2020,Bydel Nordre Aker,Berørte barn i alt,Antall,378
EliminatedValue,15,9,4,0,Sosialhjelpsmottakere og berørte etter bydel (B),2020,Bydel Nordre Aker,Barn av par,Antall,219
EliminatedValue,15,9,5,0,Sosialhjelpsmottakere og berørte etter bydel (B),2020,Bydel Nordre Aker,Barn av enslig forsørger,Antall,159
EliminatedValue,15,10,0,0,Sosialhjelpsmottakere og berørte etter bydel (B),2020,Bydel Bjerke,Sosialhjelpsmottakere i alt,Antall,1116
EliminatedValue,15,10,1,0,Sosialhjelpsmottakere og berørte etter bydel (B),2020,Bydel Bjerke,Berørte av sosialhjelp,Antall,2111
EliminatedValue,15,10,2,0,Sosialhjelpsmottakere og berørte etter bydel (B),2020,Bydel Bjerke,Berørte ektefeller/samboere,Antall,260
EliminatedValue,15,10,3,0,Sosialhjelpsmottakere og berørte etter bydel (B),2020,Bydel Bjerke,Berørte barn i alt,Antall,735
EliminatedValue,15,10,4,0,Sosialhjelpsmottakere og berørte etter bydel (B),2020,Bydel Bjerke,Barn av par,Antall,369
EliminatedValue,15,10,5,0,Sosialhjelpsmottakere og berørte etter bydel (B),2020,Bydel Bjerke,Barn av enslig forsørger,Antall,366
EliminatedValue,15,11,0,0,Sosialhjelpsmottakere og berørte etter bydel (B),2020,Bydel Grorud,Sosialhjelpsmottakere i alt,Antall,1104
EliminatedValue,15,11,1,0,Sosialhjelpsmottakere og berørte etter bydel (B),2020,Bydel Grorud,Berørte av sosialhjelp,Antall,1896
EliminatedValue,15,11,2,0,Sosialhjelpsmottakere og berørte etter bydel (B),2020,Bydel Grorud,Berørte ektefeller/samboere,Antall,231
EliminatedValue,15,11,3,0,Sosialhjelpsmottakere og berørte etter bydel (B),2020,Bydel Grorud,Berørte barn i alt,Antall,561
EliminatedValue,15,11,4,0,Sosialhjelpsmottakere og berørte etter bydel (B),2020,Bydel Grorud,Barn av par,Antall,258
EliminatedValue,15,11,5,0,Sosialhjelpsmottakere og berørte etter bydel (B),2020,Bydel Grorud,Barn av enslig forsørger,Antall,303
EliminatedValue,15,12,0,0,Sosialhjelpsmottakere og berørte etter bydel (B),2020,Bydel Stovner,Sosialhjelpsmottakere i alt,Antall,1153
EliminatedValue,15,12,1,0,Sosialhjelpsmottakere og berørte etter bydel (B),2020,Bydel Stovner,Berørte av sosialhjelp,Antall,2411
EliminatedValue,15,12,2,0,Sosialhjelpsmottakere og berørte etter bydel (B),2020,Bydel Stovner,Berørte ektefeller/samboere,Antall,308
EliminatedValue,15,12,3,0,Sosialhjelpsmottakere og berørte etter bydel (B),2020,Bydel Stovner,Berørte barn i alt,Antall,950
EliminatedValue,15,12,4,0,Sosialhjelpsmottakere og berørte etter bydel (B),2020,Bydel Stovner,Barn av par,Antall,553
EliminatedValue,15,12,5,0,Sosialhjelpsmottakere og berørte etter bydel (B),2020,Bydel Stovner,Barn av enslig forsørger,Antall,397
EliminatedValue,15,13,0,0,Sosialhjelpsmottakere og berørte etter bydel (B),2020,Bydel Alna,Sosialhjelpsmottakere i alt,Antall,1618
EliminatedValue,15,13,1,0,Sosialhjelpsmottakere og berørte etter bydel (B),2020,Bydel Alna,Berørte av sosialhjelp,Antall,3177
EliminatedValue,15,13,2,0,Sosialhjelpsmottakere og berørte etter bydel (B),2020,Bydel Alna,Berørte ektefeller/samboere,Antall,387
EliminatedValue,15,13,3,0,Sosialhjelpsmottakere og berørte etter bydel (B),2020,Bydel Alna,Berørte barn i alt,Antall,1172
EliminatedValue,15,13,4,0,Sosialhjelpsmottakere og berørte etter bydel (B),2020,Bydel Alna,Barn av par,Antall,555
EliminatedValue,15,13,5,0,Sosialhjelpsmottakere og berørte etter bydel (B),2020,Bydel Alna,Barn av enslig forsørger,Antall,617
EliminatedValue,15,14,0,0,Sosialhjelpsmottakere og berørte etter bydel (B),2020,Bydel Østensjø,Sosialhjelpsmottakere i alt,Antall,1056
EliminatedValue,15,14,1,0,Sosialhjelpsmottakere og berørte etter bydel (B),2020,Bydel Østensjø,Berørte av sosialhjelp,Antall,1872
EliminatedValue,15,14,2,0,Sosialhjelpsmottakere og berørte etter bydel (B),2020,Bydel Østensjø,Berørte ektefeller/samboere,Antall,195
EliminatedValue,15,14,3,0,Sosialhjelpsmottakere og berørte etter bydel (B),2020,Bydel Østensjø,Berørte barn i alt,Antall,621
EliminatedValue,15,14,4,0,Sosialhjelpsmottakere og berørte etter bydel (B),2020,Bydel Østensjø,Barn av par,Antall,261
EliminatedValue,15,14,5,0,Sosialhjelpsmottakere og berørte etter bydel (B),2020,Bydel Østensjø,Barn av enslig forsørger,Antall,360
EliminatedValue,15,15,0,0,Sosialhjelpsmottakere og berørte etter bydel (B),2020,Bydel Nordstrand,Sosialhjelpsmottakere i alt,Antall,806
EliminatedValue,15,15,1,0,Sosialhjelpsmottakere og berørte etter bydel (B),2020,Bydel Nordstrand,Berørte av sosialhjelp,Antall,1254
EliminatedValue,15,15,2,0,Sosialhjelpsmottakere og berørte etter bydel (B),2020,Bydel Nordstrand,Berørte ektefeller/samboere,Antall,133
EliminatedValue,15,15,3,0,Sosialhjelpsmottakere og berørte etter bydel (B),2020,Bydel Nordstrand,Berørte barn i alt,Antall,315
EliminatedValue,15,15,4,0,Sosialhjelpsmottakere og berørte etter bydel (B),2020,Bydel Nordstrand,Barn av par,Antall,143
EliminatedValue,15,15,5,0,Sosialhjelpsmottakere og berørte etter bydel (B),2020,Bydel Nordstrand,Barn av enslig forsørger,Antall,172
EliminatedValue,15,16,0,0,Sosialhjelpsmottakere og berørte etter bydel (B),2020,Bydel Søndre Nordstrand,Sosialhjelpsmottakere i alt,Antall,1449
EliminatedValue,15,16,1,0,Sosialhjelpsmottakere og berørte etter bydel (B),2020,Bydel Søndre Nordstrand,Berørte av sosialhjelp,Antall,3012
EliminatedValue,15,16,2,0,Sosialhjelpsmottakere og berørte etter bydel (B),2020,Bydel Søndre Nordstrand,Berørte ektefeller/samboere,Antall,330
EliminatedValue,15,16,3,0,Sosialhjelpsmottakere og berørte etter bydel (B),2020,Bydel Søndre Nordstrand,Berørte barn i alt,Antall,1233
EliminatedValue,15,16,4,0,Sosialhjelpsmottakere og berørte etter bydel (B),2020,Bydel Søndre Nordstrand,Barn av par,Antall,541
EliminatedValue,15,16,5,0,Sosialhjelpsmottakere og berørte etter bydel (B),2020,Bydel Søndre Nordstrand,Barn av enslig forsørger,Antall,692
EliminatedValue,16,0,0,0,Sosialhjelpsmottakere og berørte etter bydel (B),2021,Oslo i alt,Sosialhjelpsmottakere i alt,Antall,19514
EliminatedValue,16,0,1,0,Sosialhjelpsmottakere og berørte etter bydel (B),2021,Oslo i alt,Berørte av sosialhjelp,Antall,32874
EliminatedValue,16,0,2,0,Sosialhjelpsmottakere og berørte etter bydel (B),2021,Oslo i alt,Berørte ektefeller/samboere,Antall,3639
EliminatedValue,16,0,3,0,Sosialhjelpsmottakere og berørte etter bydel (B),2021,Oslo i alt,Berørte barn i alt,Antall,9721
EliminatedValue,16,0,4,0,Sosialhjelpsmottakere og berørte etter bydel (B),2021,Oslo i alt,Barn av par,Antall,4458
EliminatedValue,16,0,5,0,Sosialhjelpsmottakere og berørte etter bydel (B),2021,Oslo i alt,Barn av enslig forsørger,Antall,5263
EliminatedValue,16,1,0,0,Sosialhjelpsmottakere og berørte etter bydel (B),2021,Sum bydeler,Sosialhjelpsmottakere i alt,Antall,19514
EliminatedValue,16,1,1,0,Sosialhjelpsmottakere og berørte etter bydel (B),2021,Sum bydeler,Berørte av sosialhjelp,Antall,32874
EliminatedValue,16,1,2,0,Sosialhjelpsmottakere og berørte etter bydel (B),2021,Sum bydeler,Berørte ektefeller/samboere,Antall,3639
EliminatedValue,16,1,3,0,Sosialhjelpsmottakere og berørte etter bydel (B),2021,Sum bydeler,Berørte barn i alt,Antall,9721
EliminatedValue,16,1,4,0,Sosialhjelpsmottakere og berørte etter bydel (B),2021,Sum bydeler,Barn av par,Antall,4458
EliminatedValue,16,1,5,0,Sosialhjelpsmottakere og berørte etter bydel (B),2021,Sum bydeler,Barn av enslig forsørger,Antall,5263
EliminatedValue,16,2,0,0,Sosialhjelpsmottakere og berørte etter bydel (B),2021,Bydel Gamle Oslo,Sosialhjelpsmottakere i alt,Antall,2538
EliminatedValue,16,2,1,0,Sosialhjelpsmottakere og berørte etter bydel (B),2021,Bydel Gamle Oslo,Berørte av sosialhjelp,Antall,4425
EliminatedValue,16,2,2,0,Sosialhjelpsmottakere og berørte etter bydel (B),2021,Bydel Gamle Oslo,Berørte ektefeller/samboere,Antall,487
EliminatedValue,16,2,3,0,Sosialhjelpsmottakere og berørte etter bydel (B),2021,Bydel Gamle Oslo,Berørte barn i alt,Antall,1400
EliminatedValue,16,2,4,0,Sosialhjelpsmottakere og berørte etter bydel (B),2021,Bydel Gamle Oslo,Barn av par,Antall,584
EliminatedValue,16,2,5,0,Sosialhjelpsmottakere og berørte etter bydel (B),2021,Bydel Gamle Oslo,Barn av enslig forsørger,Antall,816
EliminatedValue,16,3,0,0,Sosialhjelpsmottakere og berørte etter bydel (B),2021,Bydel Grünerløkka,Sosialhjelpsmottakere i alt,Antall,2490
EliminatedValue,16,3,1,0,Sosialhjelpsmottakere og berørte etter bydel (B),2021,Bydel Grünerløkka,Berørte av sosialhjelp,Antall,3741
EliminatedValue,16,3,2,0,Sosialhjelpsmottakere og berørte etter bydel (B),2021,Bydel Grünerløkka,Berørte ektefeller/samboere,Antall,384
EliminatedValue,16,3,3,0,Sosialhjelpsmottakere og berørte etter bydel (B),2021,Bydel Grünerløkka,Berørte barn i alt,Antall,867
EliminatedValue,16,3,4,0,Sosialhjelpsmottakere og berørte etter bydel (B),2021,Bydel Grünerløkka,Barn av par,Antall,355
EliminatedValue,16,3,5,0,Sosialhjelpsmottakere og berørte etter bydel (B),2021,Bydel Grünerløkka,Barn av enslig forsørger,Antall,512
EliminatedValue,16,4,0,0,Sosialhjelpsmottakere og berørte etter bydel (B),2021,Bydel Sagene,Sosialhjelpsmottakere i alt,Antall,1804
EliminatedValue,16,4,1,0,Sosialhjelpsmottakere og berørte etter bydel (B),2021,Bydel Sagene,Berørte av sosialhjelp,Antall,2642
EliminatedValue,16,4,2,0,Sosialhjelpsmottakere og berørte etter bydel (B),2021,Bydel Sagene,Berørte ektefeller/samboere,Antall,290
EliminatedValue,16,4,3,0,Sosialhjelpsmottakere og berørte etter bydel (B),2021,Bydel Sagene,Berørte barn i alt,Antall,548
EliminatedValue,16,4,4,0,Sosialhjelpsmottakere og berørte etter bydel (B),2021,Bydel Sagene,Barn av par,Antall,186
EliminatedValue,16,4,5,0,Sosialhjelpsmottakere og berørte etter bydel (B),2021,Bydel Sagene,Barn av enslig forsørger,Antall,362
EliminatedValue,16,5,0,0,Sosialhjelpsmottakere og berørte etter bydel (B),2021,Bydel St.Hanshaugen,Sosialhjelpsmottakere i alt,Antall,1445
EliminatedValue,16,5,1,0,Sosialhjelpsmottakere og berørte etter bydel (B),2021,Bydel St.Hanshaugen,Berørte av sosialhjelp,Antall,1990
EliminatedValue,16,5,2,0,Sosialhjelpsmottakere og berørte etter bydel (B),2021,Bydel St.Hanshaugen,Berørte ektefeller/samboere,Antall,175
EliminatedValue,16,5,3,0,Sosialhjelpsmottakere og berørte etter bydel (B),2021,Bydel St.Hanshaugen,Berørte barn i alt,Antall,370
EliminatedValue,16,5,4,0,Sosialhjelpsmottakere og berørte etter bydel (B),2021,Bydel St.Hanshaugen,Barn av par,Antall,159
EliminatedValue,16,5,5,0,Sosialhjelpsmottakere og berørte etter bydel (B),2021,Bydel St.Hanshaugen,Barn av enslig forsørger,Antall,211
EliminatedValue,16,6,0,0,Sosialhjelpsmottakere og berørte etter bydel (B),2021,Bydel Frogner,Sosialhjelpsmottakere i alt,Antall,1275
EliminatedValue,16,6,1,0,Sosialhjelpsmottakere og berørte etter bydel (B),2021,Bydel Frogner,Berørte av sosialhjelp,Antall,1788
EliminatedValue,16,6,2,0,Sosialhjelpsmottakere og berørte etter bydel (B),2021,Bydel Frogner,Berørte ektefeller/samboere,Antall,151
EliminatedValue,16,6,3,0,Sosialhjelpsmottakere og berørte etter bydel (B),2021,Bydel Frogner,Berørte barn i alt,Antall,362
EliminatedValue,16,6,4,0,Sosialhjelpsmottakere og berørte etter bydel (B),2021,Bydel Frogner,Barn av par,Antall,130
EliminatedValue,16,6,5,0,Sosialhjelpsmottakere og berørte etter bydel (B),2021,Bydel Frogner,Barn av enslig forsørger,Antall,232
EliminatedValue,16,7,0,0,Sosialhjelpsmottakere og berørte etter bydel (B),2021,Bydel Ullern,Sosialhjelpsmottakere i alt,Antall,546
EliminatedValue,16,7,1,0,Sosialhjelpsmottakere og berørte etter bydel (B),2021,Bydel Ullern,Berørte av sosialhjelp,Antall,826
EliminatedValue,16,7,2,0,Sosialhjelpsmottakere og berørte etter bydel (B),2021,Bydel Ullern,Berørte ektefeller/samboere,Antall,88
EliminatedValue,16,7,3,0,Sosialhjelpsmottakere og berørte etter bydel (B),2021,Bydel Ullern,Berørte barn i alt,Antall,192
EliminatedValue,16,7,4,0,Sosialhjelpsmottakere og berørte etter bydel (B),2021,Bydel Ullern,Barn av par,Antall,99
EliminatedValue,16,7,5,0,Sosialhjelpsmottakere og berørte etter bydel (B),2021,Bydel Ullern,Barn av enslig forsørger,Antall,93
EliminatedValue,16,8,0,0,Sosialhjelpsmottakere og berørte etter bydel (B),2021,Bydel Vestre Aker,Sosialhjelpsmottakere i alt,Antall,505
EliminatedValue,16,8,1,0,Sosialhjelpsmottakere og berørte etter bydel (B),2021,Bydel Vestre Aker,Berørte av sosialhjelp,Antall,843
EliminatedValue,16,8,2,0,Sosialhjelpsmottakere og berørte etter bydel (B),2021,Bydel Vestre Aker,Berørte ektefeller/samboere,Antall,105
EliminatedValue,16,8,3,0,Sosialhjelpsmottakere og berørte etter bydel (B),2021,Bydel Vestre Aker,Berørte barn i alt,Antall,233
EliminatedValue,16,8,4,0,Sosialhjelpsmottakere og berørte etter bydel (B),2021,Bydel Vestre Aker,Barn av par,Antall,135
EliminatedValue,16,8,5,0,Sosialhjelpsmottakere og berørte etter bydel (B),2021,Bydel Vestre Aker,Barn av enslig forsørger,Antall,98
EliminatedValue,16,9,0,0,Sosialhjelpsmottakere og berørte etter bydel (B),2021,Bydel Nordre Aker,Sosialhjelpsmottakere i alt,Antall,869
EliminatedValue,16,9,1,0,Sosialhjelpsmottakere og berørte etter bydel (B),2021,Bydel Nordre Aker,Berørte av sosialhjelp,Antall,1438
EliminatedValue,16,9,2,0,Sosialhjelpsmottakere og berørte etter bydel (B),2021,Bydel Nordre Aker,Berørte ektefeller/samboere,Antall,166
EliminatedValue,16,9,3,0,Sosialhjelpsmottakere og berørte etter bydel (B),2021,Bydel Nordre Aker,Berørte barn i alt,Antall,403
EliminatedValue,16,9,4,0,Sosialhjelpsmottakere og berørte etter bydel (B),2021,Bydel Nordre Aker,Barn av par,Antall,215
EliminatedValue,16,9,5,0,Sosialhjelpsmottakere og berørte etter bydel (B),2021,Bydel Nordre Aker,Barn av enslig forsørger,Antall,188
EliminatedValue,16,10,0,0,Sosialhjelpsmottakere og berørte etter bydel (B),2021,Bydel Bjerke,Sosialhjelpsmottakere i alt,Antall,1082
EliminatedValue,16,10,1,0,Sosialhjelpsmottakere og berørte etter bydel (B),2021,Bydel Bjerke,Berørte av sosialhjelp,Antall,2027
EliminatedValue,16,10,2,0,Sosialhjelpsmottakere og berørte etter bydel (B),2021,Bydel Bjerke,Berørte ektefeller/samboere,Antall,253
EliminatedValue,16,10,3,0,Sosialhjelpsmottakere og berørte etter bydel (B),2021,Bydel Bjerke,Berørte barn i alt,Antall,692
EliminatedValue,16,10,4,0,Sosialhjelpsmottakere og berørte etter bydel (B),2021,Bydel Bjerke,Barn av par,Antall,346
EliminatedValue,16,10,5,0,Sosialhjelpsmottakere og berørte etter bydel (B),2021,Bydel Bjerke,Barn av enslig forsørger,Antall,346
EliminatedValue,16,11,0,0,Sosialhjelpsmottakere og berørte etter bydel (B),2021,Bydel Grorud,Sosialhjelpsmottakere i alt,Antall,1058
EliminatedValue,16,11,1,0,Sosialhjelpsmottakere og berørte etter bydel (B),2021,Bydel Grorud,Berørte av sosialhjelp,Antall,1766
EliminatedValue,16,11,2,0,Sosialhjelpsmottakere og berørte etter bydel (B),2021,Bydel Grorud,Berørte ektefeller/samboere,Antall,217
EliminatedValue,16,11,3,0,Sosialhjelpsmottakere og berørte etter bydel (B),2021,Bydel Grorud,Berørte barn i alt,Antall,491
EliminatedValue,16,11,4,0,Sosialhjelpsmottakere og berørte etter bydel (B),2021,Bydel Grorud,Barn av par,Antall,244
EliminatedValue,16,11,5,0,Sosialhjelpsmottakere og berørte etter bydel (B),2021,Bydel Grorud,Barn av enslig forsørger,Antall,247
EliminatedValue,16,12,0,0,Sosialhjelpsmottakere og berørte etter bydel (B),2021,Bydel Stovner,Sosialhjelpsmottakere i alt,Antall,1130
EliminatedValue,16,12,1,0,Sosialhjelpsmottakere og berørte etter bydel (B),2021,Bydel Stovner,Berørte av sosialhjelp,Antall,2335
EliminatedValue,16,12,2,0,Sosialhjelpsmottakere og berørte etter bydel (B),2021,Bydel Stovner,Berørte ektefeller/samboere,Antall,305
EliminatedValue,16,12,3,0,Sosialhjelpsmottakere og berørte etter bydel (B),2021,Bydel Stovner,Berørte barn i alt,Antall,900
EliminatedValue,16,12,4,0,Sosialhjelpsmottakere og berørte etter bydel (B),2021,Bydel Stovner,Barn av par,Antall,519
EliminatedValue,16,12,5,0,Sosialhjelpsmottakere og berørte etter bydel (B),2021,Bydel Stovner,Barn av enslig forsørger,Antall,381
EliminatedValue,16,13,0,0,Sosialhjelpsmottakere og berørte etter bydel (B),2021,Bydel Alna,Sosialhjelpsmottakere i alt,Antall,1679
EliminatedValue,16,13,1,0,Sosialhjelpsmottakere og berørte etter bydel (B),2021,Bydel Alna,Berørte av sosialhjelp,Antall,3279
EliminatedValue,16,13,2,0,Sosialhjelpsmottakere og berørte etter bydel (B),2021,Bydel Alna,Berørte ektefeller/samboere,Antall,400
EliminatedValue,16,13,3,0,Sosialhjelpsmottakere og berørte etter bydel (B),2021,Bydel Alna,Berørte barn i alt,Antall,1200
EliminatedValue,16,13,4,0,Sosialhjelpsmottakere og berørte etter bydel (B),2021,Bydel Alna,Barn av par,Antall,564
EliminatedValue,16,13,5,0,Sosialhjelpsmottakere og berørte etter bydel (B),2021,Bydel Alna,Barn av enslig forsørger,Antall,636
EliminatedValue,16,14,0,0,Sosialhjelpsmottakere og berørte etter bydel (B),2021,Bydel Østensjø,Sosialhjelpsmottakere i alt,Antall,943
EliminatedValue,16,14,1,0,Sosialhjelpsmottakere og berørte etter bydel (B),2021,Bydel Østensjø,Berørte av sosialhjelp,Antall,1692
EliminatedValue,16,14,2,0,Sosialhjelpsmottakere og berørte etter bydel (B),2021,Bydel Østensjø,Berørte ektefeller/samboere,Antall,183
EliminatedValue,16,14,3,0,Sosialhjelpsmottakere og berørte etter bydel (B),2021,Bydel Østensjø,Berørte barn i alt,Antall,566
EliminatedValue,16,14,4,0,Sosialhjelpsmottakere og berørte etter bydel (B),2021,Bydel Østensjø,Barn av par,Antall,240
EliminatedValue,16,14,5,0,Sosialhjelpsmottakere og berørte etter bydel (B),2021,Bydel Østensjø,Barn av enslig forsørger,Antall,326
EliminatedValue,16,15,0,0,Sosialhjelpsmottakere og berørte etter bydel (B),2021,Bydel Nordstrand,Sosialhjelpsmottakere i alt,Antall,725
EliminatedValue,16,15,1,0,Sosialhjelpsmottakere og berørte etter bydel (B),2021,Bydel Nordstrand,Berørte av sosialhjelp,Antall,1180
EliminatedValue,16,15,2,0,Sosialhjelpsmottakere og berørte etter bydel (B),2021,Bydel Nordstrand,Berørte ektefeller/samboere,Antall,133
EliminatedValue,16,15,3,0,Sosialhjelpsmottakere og berørte etter bydel (B),2021,Bydel Nordstrand,Berørte barn i alt,Antall,322
EliminatedValue,16,15,4,0,Sosialhjelpsmottakere og berørte etter bydel (B),2021,Bydel Nordstrand,Barn av par,Antall,168
EliminatedValue,16,15,5,0,Sosialhjelpsmottakere og berørte etter bydel (B),2021,Bydel Nordstrand,Barn av enslig forsørger,Antall,154
EliminatedValue,16,16,0,0,Sosialhjelpsmottakere og berørte etter bydel (B),2021,Bydel Søndre Nordstrand,Sosialhjelpsmottakere i alt,Antall,1425
EliminatedValue,16,16,1,0,Sosialhjelpsmottakere og berørte etter bydel (B),2021,Bydel Søndre Nordstrand,Berørte av sosialhjelp,Antall,2902
EliminatedValue,16,16,2,0,Sosialhjelpsmottakere og berørte etter bydel (B),2021,Bydel Søndre Nordstrand,Berørte ektefeller/samboere,Antall,302
EliminatedValue,16,16,3,0,Sosialhjelpsmottakere og berørte etter bydel (B),2021,Bydel Søndre Nordstrand,Berørte barn i alt,Antall,1175
EliminatedValue,16,16,4,0,Sosialhjelpsmottakere og berørte etter bydel (B),2021,Bydel Søndre Nordstrand,Barn av par,Antall,514
EliminatedValue,16,16,5,0,Sosialhjelpsmottakere og berørte etter bydel (B),2021,Bydel Søndre Nordstrand,Barn av enslig forsørger,Antall,661
EliminatedValue,17,0,0,0,Sosialhjelpsmottakere og berørte etter bydel (B),2022,Oslo i alt,Sosialhjelpsmottakere i alt,Antall,20581
EliminatedValue,17,0,1,0,Sosialhjelpsmottakere og berørte etter bydel (B),2022,Oslo i alt,Berørte av sosialhjelp,Antall,35072
EliminatedValue,17,0,2,0,Sosialhjelpsmottakere og berørte etter bydel (B),2022,Oslo i alt,Berørte ektefeller/samboere,Antall,3908
EliminatedValue,17,0,3,0,Sosialhjelpsmottakere og berørte etter bydel (B),2022,Oslo i alt,Berørte barn i alt,Antall,10583
EliminatedValue,17,0,4,0,Sosialhjelpsmottakere og berørte etter bydel (B),2022,Oslo i alt,Barn av par,Antall,4908
EliminatedValue,17,0,5,0,Sosialhjelpsmottakere og berørte etter bydel (B),2022,Oslo i alt,Barn av enslig forsørger,Antall,5675
EliminatedValue,17,1,0,0,Sosialhjelpsmottakere og berørte etter bydel (B),2022,Sum bydeler,Sosialhjelpsmottakere i alt,Antall,20581
EliminatedValue,17,1,1,0,Sosialhjelpsmottakere og berørte etter bydel (B),2022,Sum bydeler,Berørte av sosialhjelp,Antall,35072
EliminatedValue,17,1,2,0,Sosialhjelpsmottakere og berørte etter bydel (B),2022,Sum bydeler,Berørte ektefeller/samboere,Antall,3908
EliminatedValue,17,1,3,0,Sosialhjelpsmottakere og berørte etter bydel (B),2022,Sum bydeler,Berørte barn i alt,Antall,10583
EliminatedValue,17,1,4,0,Sosialhjelpsmottakere og berørte etter bydel (B),2022,Sum bydeler,Barn av par,Antall,4908
EliminatedValue,17,1,5,0,Sosialhjelpsmottakere og berørte etter bydel (B),2022,Sum bydeler,Barn av enslig forsørger,Antall,5675
EliminatedValue,17,2,0,0,Sosialhjelpsmottakere og berørte etter bydel (B),2022,Bydel Gamle Oslo,Sosialhjelpsmottakere i alt,Antall,2575
EliminatedValue,17,2,1,0,Sosialhjelpsmottakere og berørte etter bydel (B),2022,Bydel Gamle Oslo,Berørte av sosialhjelp,Antall,4534
EliminatedValue,17,2,2,0,Sosialhjelpsmottakere og berørte etter bydel (B),2022,Bydel Gamle Oslo,Berørte ektefeller/samboere,Antall,474
EliminatedValue,17,2,3,0,Sosialhjelpsmottakere og berørte etter bydel (B),2022,Bydel Gamle Oslo,Berørte barn i alt,Antall,1485
EliminatedValue,17,2,4,0,Sosialhjelpsmottakere og berørte etter bydel (B),2022,Bydel Gamle Oslo,Barn av par,Antall,621
EliminatedValue,17,2,5,0,Sosialhjelpsmottakere og berørte etter bydel (B),2022,Bydel Gamle Oslo,Barn av enslig forsørger,Antall,864
EliminatedValue,17,3,0,0,Sosialhjelpsmottakere og berørte etter bydel (B),2022,Bydel Grünerløkka,Sosialhjelpsmottakere i alt,Antall,2563
EliminatedValue,17,3,1,0,Sosialhjelpsmottakere og berørte etter bydel (B),2022,Bydel Grünerløkka,Berørte av sosialhjelp,Antall,3860
EliminatedValue,17,3,2,0,Sosialhjelpsmottakere og berørte etter bydel (B),2022,Bydel Grünerløkka,Berørte ektefeller/samboere,Antall,381
EliminatedValue,17,3,3,0,Sosialhjelpsmottakere og berørte etter bydel (B),2022,Bydel Grünerløkka,Berørte barn i alt,Antall,916
EliminatedValue,17,3,4,0,Sosialhjelpsmottakere og berørte etter bydel (B),2022,Bydel Grünerløkka,Barn av par,Antall,375
EliminatedValue,17,3,5,0,Sosialhjelpsmottakere og berørte etter bydel (B),2022,Bydel Grünerløkka,Barn av enslig forsørger,Antall,541
EliminatedValue,17,4,0,0,Sosialhjelpsmottakere og berørte etter bydel (B),2022,Bydel Sagene,Sosialhjelpsmottakere i alt,Antall,1761
EliminatedValue,17,4,1,0,Sosialhjelpsmottakere og berørte etter bydel (B),2022,Bydel Sagene,Berørte av sosialhjelp,Antall,2593
EliminatedValue,17,4,2,0,Sosialhjelpsmottakere og berørte etter bydel (B),2022,Bydel Sagene,Berørte ektefeller/samboere,Antall,284
EliminatedValue,17,4,3,0,Sosialhjelpsmottakere og berørte etter bydel (B),2022,Bydel Sagene,Berørte barn i alt,Antall,548
EliminatedValue,17,4,4,0,Sosialhjelpsmottakere og berørte etter bydel (B),2022,Bydel Sagene,Barn av par,Antall,198
EliminatedValue,17,4,5,0,Sosialhjelpsmottakere og berørte etter bydel (B),2022,Bydel Sagene,Barn av enslig forsørger,Antall,350
EliminatedValue,17,5,0,0,Sosialhjelpsmottakere og berørte etter bydel (B),2022,Bydel St.Hanshaugen,Sosialhjelpsmottakere i alt,Antall,1507
EliminatedValue,17,5,1,0,Sosialhjelpsmottakere og berørte etter bydel (B),2022,Bydel St.Hanshaugen,Berørte av sosialhjelp,Antall,2120
EliminatedValue,17,5,2,0,Sosialhjelpsmottakere og berørte etter bydel (B),2022,Bydel St.Hanshaugen,Berørte ektefeller/samboere,Antall,191
EliminatedValue,17,5,3,0,Sosialhjelpsmottakere og berørte etter bydel (B),2022,Bydel St.Hanshaugen,Berørte barn i alt,Antall,422
EliminatedValue,17,5,4,0,Sosialhjelpsmottakere og berørte etter bydel (B),2022,Bydel St.Hanshaugen,Barn av par,Antall,187
EliminatedValue,17,5,5,0,Sosialhjelpsmottakere og berørte etter bydel (B),2022,Bydel St.Hanshaugen,Barn av enslig forsørger,Antall,235
EliminatedValue,17,6,0,0,Sosialhjelpsmottakere og berørte etter bydel (B),2022,Bydel Frogner,Sosialhjelpsmottakere i alt,Antall,1348
EliminatedValue,17,6,1,0,Sosialhjelpsmottakere og berørte etter bydel (B),2022,Bydel Frogner,Berørte av sosialhjelp,Antall,1936
EliminatedValue,17,6,2,0,Sosialhjelpsmottakere og berørte etter bydel (B),2022,Bydel Frogner,Berørte ektefeller/samboere,Antall,182
EliminatedValue,17,6,3,0,Sosialhjelpsmottakere og berørte etter bydel (B),2022,Bydel Frogner,Berørte barn i alt,Antall,406
EliminatedValue,17,6,4,0,Sosialhjelpsmottakere og berørte etter bydel (B),2022,Bydel Frogner,Barn av par,Antall,145
EliminatedValue,17,6,5,0,Sosialhjelpsmottakere og berørte etter bydel (B),2022,Bydel Frogner,Barn av enslig forsørger,Antall,261
EliminatedValue,17,7,0,0,Sosialhjelpsmottakere og berørte etter bydel (B),2022,Bydel Ullern,Sosialhjelpsmottakere i alt,Antall,557
EliminatedValue,17,7,1,0,Sosialhjelpsmottakere og berørte etter bydel (B),2022,Bydel Ullern,Berørte av sosialhjelp,Antall,866
EliminatedValue,17,7,2,0,Sosialhjelpsmottakere og berørte etter bydel (B),2022,Bydel Ullern,Berørte ektefeller/samboere,Antall,96
EliminatedValue,17,7,3,0,Sosialhjelpsmottakere og berørte etter bydel (B),2022,Bydel Ullern,Berørte barn i alt,Antall,213
EliminatedValue,17,7,4,0,Sosialhjelpsmottakere og berørte etter bydel (B),2022,Bydel Ullern,Barn av par,Antall,102
EliminatedValue,17,7,5,0,Sosialhjelpsmottakere og berørte etter bydel (B),2022,Bydel Ullern,Barn av enslig forsørger,Antall,111
EliminatedValue,17,8,0,0,Sosialhjelpsmottakere og berørte etter bydel (B),2022,Bydel Vestre Aker,Sosialhjelpsmottakere i alt,Antall,622
EliminatedValue,17,8,1,0,Sosialhjelpsmottakere og berørte etter bydel (B),2022,Bydel Vestre Aker,Berørte av sosialhjelp,Antall,1063
EliminatedValue,17,8,2,0,Sosialhjelpsmottakere og berørte etter bydel (B),2022,Bydel Vestre Aker,Berørte ektefeller/samboere,Antall,123
EliminatedValue,17,8,3,0,Sosialhjelpsmottakere og berørte etter bydel (B),2022,Bydel Vestre Aker,Berørte barn i alt,Antall,318
EliminatedValue,17,8,4,0,Sosialhjelpsmottakere og berørte etter bydel (B),2022,Bydel Vestre Aker,Barn av par,Antall,179
EliminatedValue,17,8,5,0,Sosialhjelpsmottakere og berørte etter bydel (B),2022,Bydel Vestre Aker,Barn av enslig forsørger,Antall,139
EliminatedValue,17,9,0,0,Sosialhjelpsmottakere og berørte etter bydel (B),2022,Bydel Nordre Aker,Sosialhjelpsmottakere i alt,Antall,933
EliminatedValue,17,9,1,0,Sosialhjelpsmottakere og berørte etter bydel (B),2022,Bydel Nordre Aker,Berørte av sosialhjelp,Antall,1549
EliminatedValue,17,9,2,0,Sosialhjelpsmottakere og berørte etter bydel (B),2022,Bydel Nordre Aker,Berørte ektefeller/samboere,Antall,179
EliminatedValue,17,9,3,0,Sosialhjelpsmottakere og berørte etter bydel (B),2022,Bydel Nordre Aker,Berørte barn i alt,Antall,437
EliminatedValue,17,9,4,0,Sosialhjelpsmottakere og berørte etter bydel (B),2022,Bydel Nordre Aker,Barn av par,Antall,240
EliminatedValue,17,9,5,0,Sosialhjelpsmottakere og berørte etter bydel (B),2022,Bydel Nordre Aker,Barn av enslig forsørger,Antall,197
EliminatedValue,17,10,0,0,Sosialhjelpsmottakere og berørte etter bydel (B),2022,Bydel Bjerke,Sosialhjelpsmottakere i alt,Antall,1187
EliminatedValue,17,10,1,0,Sosialhjelpsmottakere og berørte etter bydel (B),2022,Bydel Bjerke,Berørte av sosialhjelp,Antall,2184
EliminatedValue,17,10,2,0,Sosialhjelpsmottakere og berørte etter bydel (B),2022,Bydel Bjerke,Berørte ektefeller/samboere,Antall,278
EliminatedValue,17,10,3,0,Sosialhjelpsmottakere og berørte etter bydel (B),2022,Bydel Bjerke,Berørte barn i alt,Antall,719
EliminatedValue,17,10,4,0,Sosialhjelpsmottakere og berørte etter bydel (B),2022,Bydel Bjerke,Barn av par,Antall,365
EliminatedValue,17,10,5,0,Sosialhjelpsmottakere og berørte etter bydel (B),2022,Bydel Bjerke,Barn av enslig forsørger,Antall,354
EliminatedValue,17,11,0,0,Sosialhjelpsmottakere og berørte etter bydel (B),2022,Bydel Grorud,Sosialhjelpsmottakere i alt,Antall,1074
EliminatedValue,17,11,1,0,Sosialhjelpsmottakere og berørte etter bydel (B),2022,Bydel Grorud,Berørte av sosialhjelp,Antall,1774
EliminatedValue,17,11,2,0,Sosialhjelpsmottakere og berørte etter bydel (B),2022,Bydel Grorud,Berørte ektefeller/samboere,Antall,200
EliminatedValue,17,11,3,0,Sosialhjelpsmottakere og berørte etter bydel (B),2022,Bydel Grorud,Berørte barn i alt,Antall,500
EliminatedValue,17,11,4,0,Sosialhjelpsmottakere og berørte etter bydel (B),2022,Bydel Grorud,Barn av par,Antall,245
EliminatedValue,17,11,5,0,Sosialhjelpsmottakere og berørte etter bydel (B),2022,Bydel Grorud,Barn av enslig forsørger,Antall,255
EliminatedValue,17,12,0,0,Sosialhjelpsmottakere og berørte etter bydel (B),2022,Bydel Stovner,Sosialhjelpsmottakere i alt,Antall,1251
EliminatedValue,17,12,1,0,Sosialhjelpsmottakere og berørte etter bydel (B),2022,Bydel Stovner,Berørte av sosialhjelp,Antall,2567
EliminatedValue,17,12,2,0,Sosialhjelpsmottakere og berørte etter bydel (B),2022,Bydel Stovner,Berørte ektefeller/samboere,Antall,339
EliminatedValue,17,12,3,0,Sosialhjelpsmottakere og berørte etter bydel (B),2022,Bydel Stovner,Berørte barn i alt,Antall,977
EliminatedValue,17,12,4,0,Sosialhjelpsmottakere og berørte etter bydel (B),2022,Bydel Stovner,Barn av par,Antall,541
EliminatedValue,17,12,5,0,Sosialhjelpsmottakere og berørte etter bydel (B),2022,Bydel Stovner,Barn av enslig forsørger,Antall,436
EliminatedValue,17,13,0,0,Sosialhjelpsmottakere og berørte etter bydel (B),2022,Bydel Alna,Sosialhjelpsmottakere i alt,Antall,1733
EliminatedValue,17,13,1,0,Sosialhjelpsmottakere og berørte etter bydel (B),2022,Bydel Alna,Berørte av sosialhjelp,Antall,3490
EliminatedValue,17,13,2,0,Sosialhjelpsmottakere og berørte etter bydel (B),2022,Bydel Alna,Berørte ektefeller/samboere,Antall,442
EliminatedValue,17,13,3,0,Sosialhjelpsmottakere og berørte etter bydel (B),2022,Bydel Alna,Berørte barn i alt,Antall,1315
EliminatedValue,17,13,4,0,Sosialhjelpsmottakere og berørte etter bydel (B),2022,Bydel Alna,Barn av par,Antall,641
EliminatedValue,17,13,5,0,Sosialhjelpsmottakere og berørte etter bydel (B),2022,Bydel Alna,Barn av enslig forsørger,Antall,674
EliminatedValue,17,14,0,0,Sosialhjelpsmottakere og berørte etter bydel (B),2022,Bydel Østensjø,Sosialhjelpsmottakere i alt,Antall,1063
EliminatedValue,17,14,1,0,Sosialhjelpsmottakere og berørte etter bydel (B),2022,Bydel Østensjø,Berørte av sosialhjelp,Antall,1867
EliminatedValue,17,14,2,0,Sosialhjelpsmottakere og berørte etter bydel (B),2022,Bydel Østensjø,Berørte ektefeller/samboere,Antall,218
EliminatedValue,17,14,3,0,Sosialhjelpsmottakere og berørte etter bydel (B),2022,Bydel Østensjø,Berørte barn i alt,Antall,586
EliminatedValue,17,14,4,0,Sosialhjelpsmottakere og berørte etter bydel (B),2022,Bydel Østensjø,Barn av par,Antall,265
EliminatedValue,17,14,5,0,Sosialhjelpsmottakere og berørte etter bydel (B),2022,Bydel Østensjø,Barn av enslig forsørger,Antall,321
EliminatedValue,17,15,0,0,Sosialhjelpsmottakere og berørte etter bydel (B),2022,Bydel Nordstrand,Sosialhjelpsmottakere i alt,Antall,819
EliminatedValue,17,15,1,0,Sosialhjelpsmottakere og berørte etter bydel (B),2022,Bydel Nordstrand,Berørte av sosialhjelp,Antall,1391
EliminatedValue,17,15,2,0,Sosialhjelpsmottakere og berørte etter bydel (B),2022,Bydel Nordstrand,Berørte ektefeller/samboere,Antall,170
EliminatedValue,17,15,3,0,Sosialhjelpsmottakere og berørte etter bydel (B),2022,Bydel Nordstrand,Berørte barn i alt,Antall,402
EliminatedValue,17,15,4,0,Sosialhjelpsmottakere og berørte etter bydel (B),2022,Bydel Nordstrand,Barn av par,Antall,207
EliminatedValue,17,15,5,0,Sosialhjelpsmottakere og berørte etter bydel (B),2022,Bydel Nordstrand,Barn av enslig forsørger,Antall,195
EliminatedValue,17,16,0,0,Sosialhjelpsmottakere og berørte etter bydel (B),2022,Bydel Søndre Nordstrand,Sosialhjelpsmottakere i alt,Antall,1588
EliminatedValue,17,16,1,0,Sosialhjelpsmottakere og berørte etter bydel (B),2022,Bydel Søndre Nordstrand,Berørte av sosialhjelp,Antall,3278
EliminatedValue,17,16,2,0,Sosialhjelpsmottakere og berørte etter bydel (B),2022,Bydel Søndre Nordstrand,Berørte ektefeller/samboere,Antall,351
EliminatedValue,17,16,3,0,Sosialhjelpsmottakere og berørte etter bydel (B),2022,Bydel Søndre Nordstrand,Berørte barn i alt,Antall,1339
EliminatedValue,17,16,4,0,Sosialhjelpsmottakere og berørte etter bydel (B),2022,Bydel Søndre Nordstrand,Barn av par,Antall,597
EliminatedValue,17,16,5,0,Sosialhjelpsmottakere og berørte etter bydel (B),2022,Bydel Søndre Nordstrand,Barn av enslig forsørger,Antall,742
EliminatedValue,18,0,0,0,Sosialhjelpsmottakere og berørte etter bydel (B),2023,Oslo i alt,Sosialhjelpsmottakere i alt,Antall,22834
EliminatedValue,18,0,1,0,Sosialhjelpsmottakere og berørte etter bydel (B),2023,Oslo i alt,Berørte av sosialhjelp,Antall,38545
EliminatedValue,18,0,2,0,Sosialhjelpsmottakere og berørte etter bydel (B),2023,Oslo i alt,Berørte ektefeller/samboere,Antall,4242
EliminatedValue,18,0,3,0,Sosialhjelpsmottakere og berørte etter bydel (B),2023,Oslo i alt,Berørte barn i alt,Antall,11469
EliminatedValue,18,0,4,0,Sosialhjelpsmottakere og berørte etter bydel (B),2023,Oslo i alt,Barn av par,Antall,5093
EliminatedValue,18,0,5,0,Sosialhjelpsmottakere og berørte etter bydel (B),2023,Oslo i alt,Barn av enslig forsørger,Antall,6376
EliminatedValue,18,1,0,0,Sosialhjelpsmottakere og berørte etter bydel (B),2023,Sum bydeler,Sosialhjelpsmottakere i alt,Antall,22834
EliminatedValue,18,1,1,0,Sosialhjelpsmottakere og berørte etter bydel (B),2023,Sum bydeler,Berørte av sosialhjelp,Antall,38545
EliminatedValue,18,1,2,0,Sosialhjelpsmottakere og berørte etter bydel (B),2023,Sum bydeler,Berørte ektefeller/samboere,Antall,4242
EliminatedValue,18,1,3,0,Sosialhjelpsmottakere og berørte etter bydel (B),2023,Sum bydeler,Berørte barn i alt,Antall,11469
EliminatedValue,18,1,4,0,Sosialhjelpsmottakere og berørte etter bydel (B),2023,Sum bydeler,Barn av par,Antall,5093
EliminatedValue,18,1,5,0,Sosialhjelpsmottakere og berørte etter bydel (B),2023,Sum bydeler,Barn av enslig forsørger,Antall,6376
EliminatedValue,18,2,0,0,Sosialhjelpsmottakere og berørte etter bydel (B),2023,Bydel Gamle Oslo,Sosialhjelpsmottakere i alt,Antall,2681
EliminatedValue,18,2,1,0,Sosialhjelpsmottakere og berørte etter bydel (B),2023,Bydel Gamle Oslo,Berørte av sosialhjelp,Antall,4628
EliminatedValue,18,2,2,0,Sosialhjelpsmottakere og berørte etter bydel (B),2023,Bydel Gamle Oslo,Berørte ektefeller/samboere,Antall,437
EliminatedValue,18,2,3,0,Sosialhjelpsmottakere og berørte etter bydel (B),2023,Bydel Gamle Oslo,Berørte barn i alt,Antall,1510
EliminatedValue,18,2,4,0,Sosialhjelpsmottakere og berørte etter bydel (B),2023,Bydel Gamle Oslo,Barn av par,Antall,574
EliminatedValue,18,2,5,0,Sosialhjelpsmottakere og berørte etter bydel (B),2023,Bydel Gamle Oslo,Barn av enslig forsørger,Antall,936
EliminatedValue,18,3,0,0,Sosialhjelpsmottakere og berørte etter bydel (B),2023,Bydel Grünerløkka,Sosialhjelpsmottakere i alt,Antall,2749
EliminatedValue,18,3,1,0,Sosialhjelpsmottakere og berørte etter bydel (B),2023,Bydel Grünerløkka,Berørte av sosialhjelp,Antall,4198
EliminatedValue,18,3,2,0,Sosialhjelpsmottakere og berørte etter bydel (B),2023,Bydel Grünerløkka,Berørte ektefeller/samboere,Antall,421
EliminatedValue,18,3,3,0,Sosialhjelpsmottakere og berørte etter bydel (B),2023,Bydel Grünerløkka,Berørte barn i alt,Antall,1028
EliminatedValue,18,3,4,0,Sosialhjelpsmottakere og berørte etter bydel (B),2023,Bydel Grünerløkka,Barn av par,Antall,415
EliminatedValue,18,3,5,0,Sosialhjelpsmottakere og berørte etter bydel (B),2023,Bydel Grünerløkka,Barn av enslig forsørger,Antall,613
EliminatedValue,18,4,0,0,Sosialhjelpsmottakere og berørte etter bydel (B),2023,Bydel Sagene,Sosialhjelpsmottakere i alt,Antall,1918
EliminatedValue,18,4,1,0,Sosialhjelpsmottakere og berørte etter bydel (B),2023,Bydel Sagene,Berørte av sosialhjelp,Antall,2800
EliminatedValue,18,4,2,0,Sosialhjelpsmottakere og berørte etter bydel (B),2023,Bydel Sagene,Berørte ektefeller/samboere,Antall,311
EliminatedValue,18,4,3,0,Sosialhjelpsmottakere og berørte etter bydel (B),2023,Bydel Sagene,Berørte barn i alt,Antall,571
EliminatedValue,18,4,4,0,Sosialhjelpsmottakere og berørte etter bydel (B),2023,Bydel Sagene,Barn av par,Antall,214
EliminatedValue,18,4,5,0,Sosialhjelpsmottakere og berørte etter bydel (B),2023,Bydel Sagene,Barn av enslig forsørger,Antall,357
EliminatedValue,18,5,0,0,Sosialhjelpsmottakere og berørte etter bydel (B),2023,Bydel St.Hanshaugen,Sosialhjelpsmottakere i alt,Antall,1639
EliminatedValue,18,5,1,0,Sosialhjelpsmottakere og berørte etter bydel (B),2023,Bydel St.Hanshaugen,Berørte av sosialhjelp,Antall,2263
EliminatedValue,18,5,2,0,Sosialhjelpsmottakere og berørte etter bydel (B),2023,Bydel St.Hanshaugen,Berørte ektefeller/samboere,Antall,203
EliminatedValue,18,5,3,0,Sosialhjelpsmottakere og berørte etter bydel (B),2023,Bydel St.Hanshaugen,Berørte barn i alt,Antall,421
EliminatedValue,18,5,4,0,Sosialhjelpsmottakere og berørte etter bydel (B),2023,Bydel St.Hanshaugen,Barn av par,Antall,185
EliminatedValue,18,5,5,0,Sosialhjelpsmottakere og berørte etter bydel (B),2023,Bydel St.Hanshaugen,Barn av enslig forsørger,Antall,236
EliminatedValue,18,6,0,0,Sosialhjelpsmottakere og berørte etter bydel (B),2023,Bydel Frogner,Sosialhjelpsmottakere i alt,Antall,1468
EliminatedValue,18,6,1,0,Sosialhjelpsmottakere og berørte etter bydel (B),2023,Bydel Frogner,Berørte av sosialhjelp,Antall,2157
EliminatedValue,18,6,2,0,Sosialhjelpsmottakere og berørte etter bydel (B),2023,Bydel Frogner,Berørte ektefeller/samboere,Antall,228
EliminatedValue,18,6,3,0,Sosialhjelpsmottakere og berørte etter bydel (B),2023,Bydel Frogner,Berørte barn i alt,Antall,461
EliminatedValue,18,6,4,0,Sosialhjelpsmottakere og berørte etter bydel (B),2023,Bydel Frogner,Barn av par,Antall,194
EliminatedValue,18,6,5,0,Sosialhjelpsmottakere og berørte etter bydel (B),2023,Bydel Frogner,Barn av enslig forsørger,Antall,267
EliminatedValue,18,7,0,0,Sosialhjelpsmottakere og berørte etter bydel (B),2023,Bydel Ullern,Sosialhjelpsmottakere i alt,Antall,632
EliminatedValue,18,7,1,0,Sosialhjelpsmottakere og berørte etter bydel (B),2023,Bydel Ullern,Berørte av sosialhjelp,Antall,1046
EliminatedValue,18,7,2,0,Sosialhjelpsmottakere og berørte etter bydel (B),2023,Bydel Ullern,Berørte ektefeller/samboere,Antall,127
EliminatedValue,18,7,3,0,Sosialhjelpsmottakere og berørte etter bydel (B),2023,Bydel Ullern,Berørte barn i alt,Antall,287
EliminatedValue,18,7,4,0,Sosialhjelpsmottakere og berørte etter bydel (B),2023,Bydel Ullern,Barn av par,Antall,142
EliminatedValue,18,7,5,0,Sosialhjelpsmottakere og berørte etter bydel (B),2023,Bydel Ullern,Barn av enslig forsørger,Antall,145
EliminatedValue,18,8,0,0,Sosialhjelpsmottakere og berørte etter bydel (B),2023,Bydel Vestre Aker,Sosialhjelpsmottakere i alt,Antall,712
EliminatedValue,18,8,1,0,Sosialhjelpsmottakere og berørte etter bydel (B),2023,Bydel Vestre Aker,Berørte av sosialhjelp,Antall,1189
EliminatedValue,18,8,2,0,Sosialhjelpsmottakere og berørte etter bydel (B),2023,Bydel Vestre Aker,Berørte ektefeller/samboere,Antall,129
EliminatedValue,18,8,3,0,Sosialhjelpsmottakere og berørte etter bydel (B),2023,Bydel Vestre Aker,Berørte barn i alt,Antall,348
EliminatedValue,18,8,4,0,Sosialhjelpsmottakere og berørte etter bydel (B),2023,Bydel Vestre Aker,Barn av par,Antall,172
EliminatedValue,18,8,5,0,Sosialhjelpsmottakere og berørte etter bydel (B),2023,Bydel Vestre Aker,Barn av enslig forsørger,Antall,176
EliminatedValue,18,9,0,0,Sosialhjelpsmottakere og berørte etter bydel (B),2023,Bydel Nordre Aker,Sosialhjelpsmottakere i alt,Antall,1112
EliminatedValue,18,9,1,0,Sosialhjelpsmottakere og berørte etter bydel (B),2023,Bydel Nordre Aker,Berørte av sosialhjelp,Antall,1716
EliminatedValue,18,9,2,0,Sosialhjelpsmottakere og berørte etter bydel (B),2023,Bydel Nordre Aker,Berørte ektefeller/samboere,Antall,178
EliminatedValue,18,9,3,0,Sosialhjelpsmottakere og berørte etter bydel (B),2023,Bydel Nordre Aker,Berørte barn i alt,Antall,426
EliminatedValue,18,9,4,0,Sosialhjelpsmottakere og berørte etter bydel (B),2023,Bydel Nordre Aker,Barn av par,Antall,208
EliminatedValue,18,9,5,0,Sosialhjelpsmottakere og berørte etter bydel (B),2023,Bydel Nordre Aker,Barn av enslig forsørger,Antall,218
EliminatedValue,18,10,0,0,Sosialhjelpsmottakere og berørte etter bydel (B),2023,Bydel Bjerke,Sosialhjelpsmottakere i alt,Antall,1371
EliminatedValue,18,10,1,0,Sosialhjelpsmottakere og berørte etter bydel (B),2023,Bydel Bjerke,Berørte av sosialhjelp,Antall,2472
EliminatedValue,18,10,2,0,Sosialhjelpsmottakere og berørte etter bydel (B),2023,Bydel Bjerke,Berørte ektefeller/samboere,Antall,300
EliminatedValue,18,10,3,0,Sosialhjelpsmottakere og berørte etter bydel (B),2023,Bydel Bjerke,Berørte barn i alt,Antall,801
EliminatedValue,18,10,4,0,Sosialhjelpsmottakere og berørte etter bydel (B),2023,Bydel Bjerke,Barn av par,Antall,347
EliminatedValue,18,10,5,0,Sosialhjelpsmottakere og berørte etter bydel (B),2023,Bydel Bjerke,Barn av enslig forsørger,Antall,454
EliminatedValue,18,11,0,0,Sosialhjelpsmottakere og berørte etter bydel (B),2023,Bydel Grorud,Sosialhjelpsmottakere i alt,Antall,1209
EliminatedValue,18,11,1,0,Sosialhjelpsmottakere og berørte etter bydel (B),2023,Bydel Grorud,Berørte av sosialhjelp,Antall,1993
EliminatedValue,18,11,2,0,Sosialhjelpsmottakere og berørte etter bydel (B),2023,Bydel Grorud,Berørte ektefeller/samboere,Antall,221
EliminatedValue,18,11,3,0,Sosialhjelpsmottakere og berørte etter bydel (B),2023,Bydel Grorud,Berørte barn i alt,Antall,563
EliminatedValue,18,11,4,0,Sosialhjelpsmottakere og berørte etter bydel (B),2023,Bydel Grorud,Barn av par,Antall,243
EliminatedValue,18,11,5,0,Sosialhjelpsmottakere og berørte etter bydel (B),2023,Bydel Grorud,Barn av enslig forsørger,Antall,320
EliminatedValue,18,12,0,0,Sosialhjelpsmottakere og berørte etter bydel (B),2023,Bydel Stovner,Sosialhjelpsmottakere i alt,Antall,1435
EliminatedValue,18,12,1,0,Sosialhjelpsmottakere og berørte etter bydel (B),2023,Bydel Stovner,Berørte av sosialhjelp,Antall,2948
EliminatedValue,18,12,2,0,Sosialhjelpsmottakere og berørte etter bydel (B),2023,Bydel Stovner,Berørte ektefeller/samboere,Antall,375
EliminatedValue,18,12,3,0,Sosialhjelpsmottakere og berørte etter bydel (B),2023,Bydel Stovner,Berørte barn i alt,Antall,1138
EliminatedValue,18,12,4,0,Sosialhjelpsmottakere og berørte etter bydel (B),2023,Bydel Stovner,Barn av par,Antall,613
EliminatedValue,18,12,5,0,Sosialhjelpsmottakere og berørte etter bydel (B),2023,Bydel Stovner,Barn av enslig forsørger,Antall,525
EliminatedValue,18,13,0,0,Sosialhjelpsmottakere og berørte etter bydel (B),2023,Bydel Alna,Sosialhjelpsmottakere i alt,Antall,1895
EliminatedValue,18,13,1,0,Sosialhjelpsmottakere og berørte etter bydel (B),2023,Bydel Alna,Berørte av sosialhjelp,Antall,3695
EliminatedValue,18,13,2,0,Sosialhjelpsmottakere og berørte etter bydel (B),2023,Bydel Alna,Berørte ektefeller/samboere,Antall,455
EliminatedValue,18,13,3,0,Sosialhjelpsmottakere og berørte etter bydel (B),2023,Bydel Alna,Berørte barn i alt,Antall,1345
EliminatedValue,18,13,4,0,Sosialhjelpsmottakere og berørte etter bydel (B),2023,Bydel Alna,Barn av par,Antall,596
EliminatedValue,18,13,5,0,Sosialhjelpsmottakere og berørte etter bydel (B),2023,Bydel Alna,Barn av enslig forsørger,Antall,749
EliminatedValue,18,14,0,0,Sosialhjelpsmottakere og berørte etter bydel (B),2023,Bydel Østensjø,Sosialhjelpsmottakere i alt,Antall,1252
EliminatedValue,18,14,1,0,Sosialhjelpsmottakere og berørte etter bydel (B),2023,Bydel Østensjø,Berørte av sosialhjelp,Antall,2193
EliminatedValue,18,14,2,0,Sosialhjelpsmottakere og berørte etter bydel (B),2023,Bydel Østensjø,Berørte ektefeller/samboere,Antall,272
EliminatedValue,18,14,3,0,Sosialhjelpsmottakere og berørte etter bydel (B),2023,Bydel Østensjø,Berørte barn i alt,Antall,669
EliminatedValue,18,14,4,0,Sosialhjelpsmottakere og berørte etter bydel (B),2023,Bydel Østensjø,Barn av par,Antall,316
EliminatedValue,18,14,5,0,Sosialhjelpsmottakere og berørte etter bydel (B),2023,Bydel Østensjø,Barn av enslig forsørger,Antall,353
EliminatedValue,18,15,0,0,Sosialhjelpsmottakere og berørte etter bydel (B),2023,Bydel Nordstrand,Sosialhjelpsmottakere i alt,Antall,933
EliminatedValue,18,15,1,0,Sosialhjelpsmottakere og berørte etter bydel (B),2023,Bydel Nordstrand,Berørte av sosialhjelp,Antall,1631
EliminatedValue,18,15,2,0,Sosialhjelpsmottakere og berørte etter bydel (B),2023,Bydel Nordstrand,Berørte ektefeller/samboere,Antall,217
EliminatedValue,18,15,3,0,Sosialhjelpsmottakere og berørte etter bydel (B),2023,Bydel Nordstrand,Berørte barn i alt,Antall,481
EliminatedValue,18,15,4,0,Sosialhjelpsmottakere og berørte etter bydel (B),2023,Bydel Nordstrand,Barn av par,Antall,272
EliminatedValue,18,15,5,0,Sosialhjelpsmottakere og berørte etter bydel (B),2023,Bydel Nordstrand,Barn av enslig forsørger,Antall,209
EliminatedValue,18,16,0,0,Sosialhjelpsmottakere og berørte etter bydel (B),2023,Bydel Søndre Nordstrand,Sosialhjelpsmottakere i alt,Antall,1828
EliminatedValue,18,16,1,0,Sosialhjelpsmottakere og berørte etter bydel (B),2023,Bydel Søndre Nordstrand,Berørte av sosialhjelp,Antall,3616
EliminatedValue,18,16,2,0,Sosialhjelpsmottakere og berørte etter bydel (B),2023,Bydel Søndre Nordstrand,Berørte ektefeller/samboere,Antall,368
EliminatedValue,18,16,3,0,Sosialhjelpsmottakere og berørte etter bydel (B),2023,Bydel Søndre Nordstrand,Berørte barn i alt,Antall,1420
EliminatedValue,18,16,4,0,Sosialhjelpsmottakere og berørte etter bydel (B),2023,Bydel Søndre Nordstrand,Barn av par,Antall,602
EliminatedValue,18,16,5,0,Sosialhjelpsmottakere og berørte etter bydel (B),2023,Bydel Søndre Nordstrand,Barn av enslig forsørger,Antall,818
