ContentsCode_kode,år_kode,bosted_kode,aldersgruppe_kode,statistikkvariabel_kode,ContentsCode_navn,år_navn,bosted_navn,aldersgruppe_navn,statistikkvariabel_navn,verdi
EliminatedValue,0,100000,0,0,BEF005,2017,Oslo i alt,Alder i alt,antall,663354
EliminatedValue,0,100000,1,0,BEF005,2017,Oslo i alt,0 år,antall,9670
EliminatedValue,0,100000,2,0,BEF005,2017,Oslo i alt,1-2 år,antall,17733
EliminatedValue,0,100000,3,0,BEF005,2017,Oslo i alt,3-5 år,antall,24017
EliminatedValue,0,100000,4,0,BEF005,2017,Oslo i alt,6-9 år,antall,29657
EliminatedValue,0,100000,5,0,BEF005,2017,Oslo i alt,10-12 år,antall,19801
EliminatedValue,0,100000,6,0,BEF005,2017,Oslo i alt,13-15 år,antall,17876
EliminatedValue,0,100000,7,0,BEF005,2017,Oslo i alt,16-17 år,antall,11971
EliminatedValue,0,100000,8,0,BEF005,2017,Oslo i alt,18-19 år,antall,12489
EliminatedValue,0,100000,9,0,BEF005,2017,Oslo i alt,20-22 år,antall,24893
EliminatedValue,0,100000,10,0,BEF005,2017,Oslo i alt,23-24 år,antall,20869
EliminatedValue,0,100000,11,0,BEF005,2017,Oslo i alt,25-29 år,antall,72274
EliminatedValue,0,100000,12,0,BEF005,2017,Oslo i alt,30-39 år,antall,124608
EliminatedValue,0,100000,13,0,BEF005,2017,Oslo i alt,40-49 år,antall,92995
EliminatedValue,0,100000,14,0,BEF005,2017,Oslo i alt,50-66 år,antall,113039
EliminatedValue,0,100000,15,0,BEF005,2017,Oslo i alt,67-74 år,antall,37490
EliminatedValue,0,100000,16,0,BEF005,2017,Oslo i alt,75-79 år,antall,13009
EliminatedValue,0,100000,17,0,BEF005,2017,Oslo i alt,80-84 år,antall,9151
EliminatedValue,0,100000,18,0,BEF005,2017,Oslo i alt,85-89 år,antall,6847
EliminatedValue,0,100000,19,0,BEF005,2017,Oslo i alt,90-94 år,antall,3699
EliminatedValue,0,100000,20,0,BEF005,2017,Oslo i alt,95+ år,antall,1266
EliminatedValue,0,1,0,0,BEF005,2017,Bydel Gamle Oslo,Alder i alt,antall,53249
EliminatedValue,0,1,1,0,BEF005,2017,Bydel Gamle Oslo,0 år,antall,974
EliminatedValue,0,1,2,0,BEF005,2017,Bydel Gamle Oslo,1-2 år,antall,1636
EliminatedValue,0,1,3,0,BEF005,2017,Bydel Gamle Oslo,3-5 år,antall,1942
EliminatedValue,0,1,4,0,BEF005,2017,Bydel Gamle Oslo,6-9 år,antall,1966
EliminatedValue,0,1,5,0,BEF005,2017,Bydel Gamle Oslo,10-12 år,antall,1128
EliminatedValue,0,1,6,0,BEF005,2017,Bydel Gamle Oslo,13-15 år,antall,897
EliminatedValue,0,1,7,0,BEF005,2017,Bydel Gamle Oslo,16-17 år,antall,623
EliminatedValue,0,1,8,0,BEF005,2017,Bydel Gamle Oslo,18-19 år,antall,717
EliminatedValue,0,1,9,0,BEF005,2017,Bydel Gamle Oslo,20-22 år,antall,1708
EliminatedValue,0,1,10,0,BEF005,2017,Bydel Gamle Oslo,23-24 år,antall,1893
EliminatedValue,0,1,11,0,BEF005,2017,Bydel Gamle Oslo,25-29 år,antall,7736
EliminatedValue,0,1,12,0,BEF005,2017,Bydel Gamle Oslo,30-39 år,antall,13950
EliminatedValue,0,1,13,0,BEF005,2017,Bydel Gamle Oslo,40-49 år,antall,7637
EliminatedValue,0,1,14,0,BEF005,2017,Bydel Gamle Oslo,50-66 år,antall,7404
EliminatedValue,0,1,15,0,BEF005,2017,Bydel Gamle Oslo,67-74 år,antall,1846
EliminatedValue,0,1,16,0,BEF005,2017,Bydel Gamle Oslo,75-79 år,antall,484
EliminatedValue,0,1,17,0,BEF005,2017,Bydel Gamle Oslo,80-84 år,antall,305
EliminatedValue,0,1,18,0,BEF005,2017,Bydel Gamle Oslo,85-89 år,antall,214
EliminatedValue,0,1,19,0,BEF005,2017,Bydel Gamle Oslo,90-94 år,antall,148
EliminatedValue,0,1,20,0,BEF005,2017,Bydel Gamle Oslo,95+ år,antall,41
EliminatedValue,0,2,0,0,BEF005,2017,Bydel Grünerløkka,Alder i alt,antall,57494
EliminatedValue,0,2,1,0,BEF005,2017,Bydel Grünerløkka,0 år,antall,1040
EliminatedValue,0,2,2,0,BEF005,2017,Bydel Grünerløkka,1-2 år,antall,1572
EliminatedValue,0,2,3,0,BEF005,2017,Bydel Grünerløkka,3-5 år,antall,1766
EliminatedValue,0,2,4,0,BEF005,2017,Bydel Grünerløkka,6-9 år,antall,1642
EliminatedValue,0,2,5,0,BEF005,2017,Bydel Grünerløkka,10-12 år,antall,929
EliminatedValue,0,2,6,0,BEF005,2017,Bydel Grünerløkka,13-15 år,antall,784
EliminatedValue,0,2,7,0,BEF005,2017,Bydel Grünerløkka,16-17 år,antall,506
EliminatedValue,0,2,8,0,BEF005,2017,Bydel Grünerløkka,18-19 år,antall,614
EliminatedValue,0,2,9,0,BEF005,2017,Bydel Grünerløkka,20-22 år,antall,2546
EliminatedValue,0,2,10,0,BEF005,2017,Bydel Grünerløkka,23-24 år,antall,2654
EliminatedValue,0,2,11,0,BEF005,2017,Bydel Grünerløkka,25-29 år,antall,10787
EliminatedValue,0,2,12,0,BEF005,2017,Bydel Grünerløkka,30-39 år,antall,15881
EliminatedValue,0,2,13,0,BEF005,2017,Bydel Grünerløkka,40-49 år,antall,7325
EliminatedValue,0,2,14,0,BEF005,2017,Bydel Grünerløkka,50-66 år,antall,6573
EliminatedValue,0,2,15,0,BEF005,2017,Bydel Grünerløkka,67-74 år,antall,1679
EliminatedValue,0,2,16,0,BEF005,2017,Bydel Grünerløkka,75-79 år,antall,487
EliminatedValue,0,2,17,0,BEF005,2017,Bydel Grünerløkka,80-84 år,antall,270
EliminatedValue,0,2,18,0,BEF005,2017,Bydel Grünerløkka,85-89 år,antall,223
EliminatedValue,0,2,19,0,BEF005,2017,Bydel Grünerløkka,90-94 år,antall,142
EliminatedValue,0,2,20,0,BEF005,2017,Bydel Grünerløkka,95+ år,antall,74
EliminatedValue,0,3,0,0,BEF005,2017,Bydel Sagene,Alder i alt,antall,42389
EliminatedValue,0,3,1,0,BEF005,2017,Bydel Sagene,0 år,antall,885
EliminatedValue,0,3,2,0,BEF005,2017,Bydel Sagene,1-2 år,antall,1337
EliminatedValue,0,3,3,0,BEF005,2017,Bydel Sagene,3-5 år,antall,1315
EliminatedValue,0,3,4,0,BEF005,2017,Bydel Sagene,6-9 år,antall,1104
EliminatedValue,0,3,5,0,BEF005,2017,Bydel Sagene,10-12 år,antall,581
EliminatedValue,0,3,6,0,BEF005,2017,Bydel Sagene,13-15 år,antall,467
EliminatedValue,0,3,7,0,BEF005,2017,Bydel Sagene,16-17 år,antall,312
EliminatedValue,0,3,8,0,BEF005,2017,Bydel Sagene,18-19 år,antall,477
EliminatedValue,0,3,9,0,BEF005,2017,Bydel Sagene,20-22 år,antall,1677
EliminatedValue,0,3,10,0,BEF005,2017,Bydel Sagene,23-24 år,antall,1767
EliminatedValue,0,3,11,0,BEF005,2017,Bydel Sagene,25-29 år,antall,7998
EliminatedValue,0,3,12,0,BEF005,2017,Bydel Sagene,30-39 år,antall,11620
EliminatedValue,0,3,13,0,BEF005,2017,Bydel Sagene,40-49 år,antall,5029
EliminatedValue,0,3,14,0,BEF005,2017,Bydel Sagene,50-66 år,antall,5111
EliminatedValue,0,3,15,0,BEF005,2017,Bydel Sagene,67-74 år,antall,1595
EliminatedValue,0,3,16,0,BEF005,2017,Bydel Sagene,75-79 år,antall,441
EliminatedValue,0,3,17,0,BEF005,2017,Bydel Sagene,80-84 år,antall,274
EliminatedValue,0,3,18,0,BEF005,2017,Bydel Sagene,85-89 år,antall,198
EliminatedValue,0,3,19,0,BEF005,2017,Bydel Sagene,90-94 år,antall,136
EliminatedValue,0,3,20,0,BEF005,2017,Bydel Sagene,95+ år,antall,65
EliminatedValue,0,4,0,0,BEF005,2017,Bydel St.Hanshaugen,Alder i alt,antall,38869
EliminatedValue,0,4,1,0,BEF005,2017,Bydel St.Hanshaugen,0 år,antall,557
EliminatedValue,0,4,2,0,BEF005,2017,Bydel St.Hanshaugen,1-2 år,antall,854
EliminatedValue,0,4,3,0,BEF005,2017,Bydel St.Hanshaugen,3-5 år,antall,899
EliminatedValue,0,4,4,0,BEF005,2017,Bydel St.Hanshaugen,6-9 år,antall,962
EliminatedValue,0,4,5,0,BEF005,2017,Bydel St.Hanshaugen,10-12 år,antall,520
EliminatedValue,0,4,6,0,BEF005,2017,Bydel St.Hanshaugen,13-15 år,antall,488
EliminatedValue,0,4,7,0,BEF005,2017,Bydel St.Hanshaugen,16-17 år,antall,332
EliminatedValue,0,4,8,0,BEF005,2017,Bydel St.Hanshaugen,18-19 år,antall,455
EliminatedValue,0,4,9,0,BEF005,2017,Bydel St.Hanshaugen,20-22 år,antall,2013
EliminatedValue,0,4,10,0,BEF005,2017,Bydel St.Hanshaugen,23-24 år,antall,2143
EliminatedValue,0,4,11,0,BEF005,2017,Bydel St.Hanshaugen,25-29 år,antall,7896
EliminatedValue,0,4,12,0,BEF005,2017,Bydel St.Hanshaugen,30-39 år,antall,9653
EliminatedValue,0,4,13,0,BEF005,2017,Bydel St.Hanshaugen,40-49 år,antall,4696
EliminatedValue,0,4,14,0,BEF005,2017,Bydel St.Hanshaugen,50-66 år,antall,4749
EliminatedValue,0,4,15,0,BEF005,2017,Bydel St.Hanshaugen,67-74 år,antall,1469
EliminatedValue,0,4,16,0,BEF005,2017,Bydel St.Hanshaugen,75-79 år,antall,492
EliminatedValue,0,4,17,0,BEF005,2017,Bydel St.Hanshaugen,80-84 år,antall,282
EliminatedValue,0,4,18,0,BEF005,2017,Bydel St.Hanshaugen,85-89 år,antall,196
EliminatedValue,0,4,19,0,BEF005,2017,Bydel St.Hanshaugen,90-94 år,antall,144
EliminatedValue,0,4,20,0,BEF005,2017,Bydel St.Hanshaugen,95+ år,antall,69
EliminatedValue,0,5,0,0,BEF005,2017,Bydel Frogner,Alder i alt,antall,57585
EliminatedValue,0,5,1,0,BEF005,2017,Bydel Frogner,0 år,antall,713
EliminatedValue,0,5,2,0,BEF005,2017,Bydel Frogner,1-2 år,antall,1105
EliminatedValue,0,5,3,0,BEF005,2017,Bydel Frogner,3-5 år,antall,1210
EliminatedValue,0,5,4,0,BEF005,2017,Bydel Frogner,6-9 år,antall,1351
EliminatedValue,0,5,5,0,BEF005,2017,Bydel Frogner,10-12 år,antall,889
EliminatedValue,0,5,6,0,BEF005,2017,Bydel Frogner,13-15 år,antall,803
EliminatedValue,0,5,7,0,BEF005,2017,Bydel Frogner,16-17 år,antall,603
EliminatedValue,0,5,8,0,BEF005,2017,Bydel Frogner,18-19 år,antall,804
EliminatedValue,0,5,9,0,BEF005,2017,Bydel Frogner,20-22 år,antall,2632
EliminatedValue,0,5,10,0,BEF005,2017,Bydel Frogner,23-24 år,antall,2612
EliminatedValue,0,5,11,0,BEF005,2017,Bydel Frogner,25-29 år,antall,9323
EliminatedValue,0,5,12,0,BEF005,2017,Bydel Frogner,30-39 år,antall,11544
EliminatedValue,0,5,13,0,BEF005,2017,Bydel Frogner,40-49 år,antall,6938
EliminatedValue,0,5,14,0,BEF005,2017,Bydel Frogner,50-66 år,antall,9851
EliminatedValue,0,5,15,0,BEF005,2017,Bydel Frogner,67-74 år,antall,3879
EliminatedValue,0,5,16,0,BEF005,2017,Bydel Frogner,75-79 år,antall,1396
EliminatedValue,0,5,17,0,BEF005,2017,Bydel Frogner,80-84 år,antall,835
EliminatedValue,0,5,18,0,BEF005,2017,Bydel Frogner,85-89 år,antall,631
EliminatedValue,0,5,19,0,BEF005,2017,Bydel Frogner,90-94 år,antall,328
EliminatedValue,0,5,20,0,BEF005,2017,Bydel Frogner,95+ år,antall,138
EliminatedValue,0,6,0,0,BEF005,2017,Bydel Ullern,Alder i alt,antall,33175
EliminatedValue,0,6,1,0,BEF005,2017,Bydel Ullern,0 år,antall,419
EliminatedValue,0,6,2,0,BEF005,2017,Bydel Ullern,1-2 år,antall,883
EliminatedValue,0,6,3,0,BEF005,2017,Bydel Ullern,3-5 år,antall,1241
EliminatedValue,0,6,4,0,BEF005,2017,Bydel Ullern,6-9 år,antall,1706
EliminatedValue,0,6,5,0,BEF005,2017,Bydel Ullern,10-12 år,antall,1180
EliminatedValue,0,6,6,0,BEF005,2017,Bydel Ullern,13-15 år,antall,1015
EliminatedValue,0,6,7,0,BEF005,2017,Bydel Ullern,16-17 år,antall,628
EliminatedValue,0,6,8,0,BEF005,2017,Bydel Ullern,18-19 år,antall,611
EliminatedValue,0,6,9,0,BEF005,2017,Bydel Ullern,20-22 år,antall,909
EliminatedValue,0,6,10,0,BEF005,2017,Bydel Ullern,23-24 år,antall,642
EliminatedValue,0,6,11,0,BEF005,2017,Bydel Ullern,25-29 år,antall,2071
EliminatedValue,0,6,12,0,BEF005,2017,Bydel Ullern,30-39 år,antall,4871
EliminatedValue,0,6,13,0,BEF005,2017,Bydel Ullern,40-49 år,antall,4659
EliminatedValue,0,6,14,0,BEF005,2017,Bydel Ullern,50-66 år,antall,6746
EliminatedValue,0,6,15,0,BEF005,2017,Bydel Ullern,67-74 år,antall,2965
EliminatedValue,0,6,16,0,BEF005,2017,Bydel Ullern,75-79 år,antall,1040
EliminatedValue,0,6,17,0,BEF005,2017,Bydel Ullern,80-84 år,antall,698
EliminatedValue,0,6,18,0,BEF005,2017,Bydel Ullern,85-89 år,antall,505
EliminatedValue,0,6,19,0,BEF005,2017,Bydel Ullern,90-94 år,antall,294
EliminatedValue,0,6,20,0,BEF005,2017,Bydel Ullern,95+ år,antall,92
EliminatedValue,0,7,0,0,BEF005,2017,Bydel Vestre Aker,Alder i alt,antall,49183
EliminatedValue,0,7,1,0,BEF005,2017,Bydel Vestre Aker,0 år,antall,611
EliminatedValue,0,7,2,0,BEF005,2017,Bydel Vestre Aker,1-2 år,antall,1378
EliminatedValue,0,7,3,0,BEF005,2017,Bydel Vestre Aker,3-5 år,antall,2099
EliminatedValue,0,7,4,0,BEF005,2017,Bydel Vestre Aker,6-9 år,antall,2838
EliminatedValue,0,7,5,0,BEF005,2017,Bydel Vestre Aker,10-12 år,antall,1946
EliminatedValue,0,7,6,0,BEF005,2017,Bydel Vestre Aker,13-15 år,antall,1690
EliminatedValue,0,7,7,0,BEF005,2017,Bydel Vestre Aker,16-17 år,antall,1106
EliminatedValue,0,7,8,0,BEF005,2017,Bydel Vestre Aker,18-19 år,antall,1070
EliminatedValue,0,7,9,0,BEF005,2017,Bydel Vestre Aker,20-22 år,antall,1620
EliminatedValue,0,7,10,0,BEF005,2017,Bydel Vestre Aker,23-24 år,antall,979
EliminatedValue,0,7,11,0,BEF005,2017,Bydel Vestre Aker,25-29 år,antall,2898
EliminatedValue,0,7,12,0,BEF005,2017,Bydel Vestre Aker,30-39 år,antall,6808
EliminatedValue,0,7,13,0,BEF005,2017,Bydel Vestre Aker,40-49 år,antall,7133
EliminatedValue,0,7,14,0,BEF005,2017,Bydel Vestre Aker,50-66 år,antall,9799
EliminatedValue,0,7,15,0,BEF005,2017,Bydel Vestre Aker,67-74 år,antall,3895
EliminatedValue,0,7,16,0,BEF005,2017,Bydel Vestre Aker,75-79 år,antall,1284
EliminatedValue,0,7,17,0,BEF005,2017,Bydel Vestre Aker,80-84 år,antall,834
EliminatedValue,0,7,18,0,BEF005,2017,Bydel Vestre Aker,85-89 år,antall,687
EliminatedValue,0,7,19,0,BEF005,2017,Bydel Vestre Aker,90-94 år,antall,364
EliminatedValue,0,7,20,0,BEF005,2017,Bydel Vestre Aker,95+ år,antall,144
EliminatedValue,0,8,0,0,BEF005,2017,Bydel Nordre Aker,Alder i alt,antall,51085
EliminatedValue,0,8,1,0,BEF005,2017,Bydel Nordre Aker,0 år,antall,613
EliminatedValue,0,8,2,0,BEF005,2017,Bydel Nordre Aker,1-2 år,antall,1301
EliminatedValue,0,8,3,0,BEF005,2017,Bydel Nordre Aker,3-5 år,antall,2010
EliminatedValue,0,8,4,0,BEF005,2017,Bydel Nordre Aker,6-9 år,antall,2815
EliminatedValue,0,8,5,0,BEF005,2017,Bydel Nordre Aker,10-12 år,antall,1938
EliminatedValue,0,8,6,0,BEF005,2017,Bydel Nordre Aker,13-15 år,antall,1736
EliminatedValue,0,8,7,0,BEF005,2017,Bydel Nordre Aker,16-17 år,antall,1104
EliminatedValue,0,8,8,0,BEF005,2017,Bydel Nordre Aker,18-19 år,antall,1175
EliminatedValue,0,8,9,0,BEF005,2017,Bydel Nordre Aker,20-22 år,antall,2296
EliminatedValue,0,8,10,0,BEF005,2017,Bydel Nordre Aker,23-24 år,antall,1597
EliminatedValue,0,8,11,0,BEF005,2017,Bydel Nordre Aker,25-29 år,antall,4119
EliminatedValue,0,8,12,0,BEF005,2017,Bydel Nordre Aker,30-39 år,antall,7345
EliminatedValue,0,8,13,0,BEF005,2017,Bydel Nordre Aker,40-49 år,antall,7595
EliminatedValue,0,8,14,0,BEF005,2017,Bydel Nordre Aker,50-66 år,antall,9333
EliminatedValue,0,8,15,0,BEF005,2017,Bydel Nordre Aker,67-74 år,antall,3121
EliminatedValue,0,8,16,0,BEF005,2017,Bydel Nordre Aker,75-79 år,antall,1087
EliminatedValue,0,8,17,0,BEF005,2017,Bydel Nordre Aker,80-84 år,antall,851
EliminatedValue,0,8,18,0,BEF005,2017,Bydel Nordre Aker,85-89 år,antall,609
EliminatedValue,0,8,19,0,BEF005,2017,Bydel Nordre Aker,90-94 år,antall,331
EliminatedValue,0,8,20,0,BEF005,2017,Bydel Nordre Aker,95+ år,antall,109
EliminatedValue,0,9,0,0,BEF005,2017,Bydel Bjerke,Alder i alt,antall,31508
EliminatedValue,0,9,1,0,BEF005,2017,Bydel Bjerke,0 år,antall,513
EliminatedValue,0,9,2,0,BEF005,2017,Bydel Bjerke,1-2 år,antall,1003
EliminatedValue,0,9,3,0,BEF005,2017,Bydel Bjerke,3-5 år,antall,1395
EliminatedValue,0,9,4,0,BEF005,2017,Bydel Bjerke,6-9 år,antall,1818
EliminatedValue,0,9,5,0,BEF005,2017,Bydel Bjerke,10-12 år,antall,1152
EliminatedValue,0,9,6,0,BEF005,2017,Bydel Bjerke,13-15 år,antall,1036
EliminatedValue,0,9,7,0,BEF005,2017,Bydel Bjerke,16-17 år,antall,645
EliminatedValue,0,9,8,0,BEF005,2017,Bydel Bjerke,18-19 år,antall,634
EliminatedValue,0,9,9,0,BEF005,2017,Bydel Bjerke,20-22 år,antall,977
EliminatedValue,0,9,10,0,BEF005,2017,Bydel Bjerke,23-24 år,antall,799
EliminatedValue,0,9,11,0,BEF005,2017,Bydel Bjerke,25-29 år,antall,2662
EliminatedValue,0,9,12,0,BEF005,2017,Bydel Bjerke,30-39 år,antall,5783
EliminatedValue,0,9,13,0,BEF005,2017,Bydel Bjerke,40-49 år,antall,4779
EliminatedValue,0,9,14,0,BEF005,2017,Bydel Bjerke,50-66 år,antall,5116
EliminatedValue,0,9,15,0,BEF005,2017,Bydel Bjerke,67-74 år,antall,1490
EliminatedValue,0,9,16,0,BEF005,2017,Bydel Bjerke,75-79 år,antall,584
EliminatedValue,0,9,17,0,BEF005,2017,Bydel Bjerke,80-84 år,antall,459
EliminatedValue,0,9,18,0,BEF005,2017,Bydel Bjerke,85-89 år,antall,386
EliminatedValue,0,9,19,0,BEF005,2017,Bydel Bjerke,90-94 år,antall,213
EliminatedValue,0,9,20,0,BEF005,2017,Bydel Bjerke,95+ år,antall,64
EliminatedValue,0,10,0,0,BEF005,2017,Bydel Grorud,Alder i alt,antall,27465
EliminatedValue,0,10,1,0,BEF005,2017,Bydel Grorud,0 år,antall,355
EliminatedValue,0,10,2,0,BEF005,2017,Bydel Grorud,1-2 år,antall,733
EliminatedValue,0,10,3,0,BEF005,2017,Bydel Grorud,3-5 år,antall,1028
EliminatedValue,0,10,4,0,BEF005,2017,Bydel Grorud,6-9 år,antall,1329
EliminatedValue,0,10,5,0,BEF005,2017,Bydel Grorud,10-12 år,antall,970
EliminatedValue,0,10,6,0,BEF005,2017,Bydel Grorud,13-15 år,antall,939
EliminatedValue,0,10,7,0,BEF005,2017,Bydel Grorud,16-17 år,antall,630
EliminatedValue,0,10,8,0,BEF005,2017,Bydel Grorud,18-19 år,antall,648
EliminatedValue,0,10,9,0,BEF005,2017,Bydel Grorud,20-22 år,antall,998
EliminatedValue,0,10,10,0,BEF005,2017,Bydel Grorud,23-24 år,antall,673
EliminatedValue,0,10,11,0,BEF005,2017,Bydel Grorud,25-29 år,antall,2041
EliminatedValue,0,10,12,0,BEF005,2017,Bydel Grorud,30-39 år,antall,4238
EliminatedValue,0,10,13,0,BEF005,2017,Bydel Grorud,40-49 år,antall,4151
EliminatedValue,0,10,14,0,BEF005,2017,Bydel Grorud,50-66 år,antall,5431
EliminatedValue,0,10,15,0,BEF005,2017,Bydel Grorud,67-74 år,antall,1651
EliminatedValue,0,10,16,0,BEF005,2017,Bydel Grorud,75-79 år,antall,605
EliminatedValue,0,10,17,0,BEF005,2017,Bydel Grorud,80-84 år,antall,506
EliminatedValue,0,10,18,0,BEF005,2017,Bydel Grorud,85-89 år,antall,340
EliminatedValue,0,10,19,0,BEF005,2017,Bydel Grorud,90-94 år,antall,159
EliminatedValue,0,10,20,0,BEF005,2017,Bydel Grorud,95+ år,antall,40
EliminatedValue,0,11,0,0,BEF005,2017,Bydel Stovner,Alder i alt,antall,32427
EliminatedValue,0,11,1,0,BEF005,2017,Bydel Stovner,0 år,antall,409
EliminatedValue,0,11,2,0,BEF005,2017,Bydel Stovner,1-2 år,antall,824
EliminatedValue,0,11,3,0,BEF005,2017,Bydel Stovner,3-5 år,antall,1276
EliminatedValue,0,11,4,0,BEF005,2017,Bydel Stovner,6-9 år,antall,1700
EliminatedValue,0,11,5,0,BEF005,2017,Bydel Stovner,10-12 år,antall,1322
EliminatedValue,0,11,6,0,BEF005,2017,Bydel Stovner,13-15 år,antall,1336
EliminatedValue,0,11,7,0,BEF005,2017,Bydel Stovner,16-17 år,antall,961
EliminatedValue,0,11,8,0,BEF005,2017,Bydel Stovner,18-19 år,antall,938
EliminatedValue,0,11,9,0,BEF005,2017,Bydel Stovner,20-22 år,antall,1236
EliminatedValue,0,11,10,0,BEF005,2017,Bydel Stovner,23-24 år,antall,779
EliminatedValue,0,11,11,0,BEF005,2017,Bydel Stovner,25-29 år,antall,2007
EliminatedValue,0,11,12,0,BEF005,2017,Bydel Stovner,30-39 år,antall,4351
EliminatedValue,0,11,13,0,BEF005,2017,Bydel Stovner,40-49 år,antall,4791
EliminatedValue,0,11,14,0,BEF005,2017,Bydel Stovner,50-66 år,antall,6204
EliminatedValue,0,11,15,0,BEF005,2017,Bydel Stovner,67-74 år,antall,2371
EliminatedValue,0,11,16,0,BEF005,2017,Bydel Stovner,75-79 år,antall,908
EliminatedValue,0,11,17,0,BEF005,2017,Bydel Stovner,80-84 år,antall,542
EliminatedValue,0,11,18,0,BEF005,2017,Bydel Stovner,85-89 år,antall,320
EliminatedValue,0,11,19,0,BEF005,2017,Bydel Stovner,90-94 år,antall,124
EliminatedValue,0,11,20,0,BEF005,2017,Bydel Stovner,95+ år,antall,28
EliminatedValue,0,12,0,0,BEF005,2017,Bydel Alna,Alder i alt,antall,49251
EliminatedValue,0,12,1,0,BEF005,2017,Bydel Alna,0 år,antall,696
EliminatedValue,0,12,2,0,BEF005,2017,Bydel Alna,1-2 år,antall,1383
EliminatedValue,0,12,3,0,BEF005,2017,Bydel Alna,3-5 år,antall,2025
EliminatedValue,0,12,4,0,BEF005,2017,Bydel Alna,6-9 år,antall,2489
EliminatedValue,0,12,5,0,BEF005,2017,Bydel Alna,10-12 år,antall,1706
EliminatedValue,0,12,6,0,BEF005,2017,Bydel Alna,13-15 år,antall,1653
EliminatedValue,0,12,7,0,BEF005,2017,Bydel Alna,16-17 år,antall,1132
EliminatedValue,0,12,8,0,BEF005,2017,Bydel Alna,18-19 år,antall,1096
EliminatedValue,0,12,9,0,BEF005,2017,Bydel Alna,20-22 år,antall,1688
EliminatedValue,0,12,10,0,BEF005,2017,Bydel Alna,23-24 år,antall,1271
EliminatedValue,0,12,11,0,BEF005,2017,Bydel Alna,25-29 år,antall,3793
EliminatedValue,0,12,12,0,BEF005,2017,Bydel Alna,30-39 år,antall,8151
EliminatedValue,0,12,13,0,BEF005,2017,Bydel Alna,40-49 år,antall,6910
EliminatedValue,0,12,14,0,BEF005,2017,Bydel Alna,50-66 år,antall,9355
EliminatedValue,0,12,15,0,BEF005,2017,Bydel Alna,67-74 år,antall,3249
EliminatedValue,0,12,16,0,BEF005,2017,Bydel Alna,75-79 år,antall,1084
EliminatedValue,0,12,17,0,BEF005,2017,Bydel Alna,80-84 år,antall,734
EliminatedValue,0,12,18,0,BEF005,2017,Bydel Alna,85-89 år,antall,495
EliminatedValue,0,12,19,0,BEF005,2017,Bydel Alna,90-94 år,antall,251
EliminatedValue,0,12,20,0,BEF005,2017,Bydel Alna,95+ år,antall,90
EliminatedValue,0,13,0,0,BEF005,2017,Bydel Østensjø,Alder i alt,antall,50189
EliminatedValue,0,13,1,0,BEF005,2017,Bydel Østensjø,0 år,antall,721
EliminatedValue,0,13,2,0,BEF005,2017,Bydel Østensjø,1-2 år,antall,1383
EliminatedValue,0,13,3,0,BEF005,2017,Bydel Østensjø,3-5 år,antall,2027
EliminatedValue,0,13,4,0,BEF005,2017,Bydel Østensjø,6-9 år,antall,2819
EliminatedValue,0,13,5,0,BEF005,2017,Bydel Østensjø,10-12 år,antall,1887
EliminatedValue,0,13,6,0,BEF005,2017,Bydel Østensjø,13-15 år,antall,1587
EliminatedValue,0,13,7,0,BEF005,2017,Bydel Østensjø,16-17 år,antall,1109
EliminatedValue,0,13,8,0,BEF005,2017,Bydel Østensjø,18-19 år,antall,1020
EliminatedValue,0,13,9,0,BEF005,2017,Bydel Østensjø,20-22 år,antall,1434
EliminatedValue,0,13,10,0,BEF005,2017,Bydel Østensjø,23-24 år,antall,1014
EliminatedValue,0,13,11,0,BEF005,2017,Bydel Østensjø,25-29 år,antall,3328
EliminatedValue,0,13,12,0,BEF005,2017,Bydel Østensjø,30-39 år,antall,7605
EliminatedValue,0,13,13,0,BEF005,2017,Bydel Østensjø,40-49 år,antall,8022
EliminatedValue,0,13,14,0,BEF005,2017,Bydel Østensjø,50-66 år,antall,9360
EliminatedValue,0,13,15,0,BEF005,2017,Bydel Østensjø,67-74 år,antall,2743
EliminatedValue,0,13,16,0,BEF005,2017,Bydel Østensjø,75-79 år,antall,1264
EliminatedValue,0,13,17,0,BEF005,2017,Bydel Østensjø,80-84 år,antall,1262
EliminatedValue,0,13,18,0,BEF005,2017,Bydel Østensjø,85-89 år,antall,1022
EliminatedValue,0,13,19,0,BEF005,2017,Bydel Østensjø,90-94 år,antall,457
EliminatedValue,0,13,20,0,BEF005,2017,Bydel Østensjø,95+ år,antall,125
EliminatedValue,0,14,0,0,BEF005,2017,Bydel Nordstrand,Alder i alt,antall,50769
EliminatedValue,0,14,1,0,BEF005,2017,Bydel Nordstrand,0 år,antall,623
EliminatedValue,0,14,2,0,BEF005,2017,Bydel Nordstrand,1-2 år,antall,1261
EliminatedValue,0,14,3,0,BEF005,2017,Bydel Nordstrand,3-5 år,antall,2040
EliminatedValue,0,14,4,0,BEF005,2017,Bydel Nordstrand,6-9 år,antall,2827
EliminatedValue,0,14,5,0,BEF005,2017,Bydel Nordstrand,10-12 år,antall,1935
EliminatedValue,0,14,6,0,BEF005,2017,Bydel Nordstrand,13-15 år,antall,1777
EliminatedValue,0,14,7,0,BEF005,2017,Bydel Nordstrand,16-17 år,antall,1125
EliminatedValue,0,14,8,0,BEF005,2017,Bydel Nordstrand,18-19 år,antall,1102
EliminatedValue,0,14,9,0,BEF005,2017,Bydel Nordstrand,20-22 år,antall,1620
EliminatedValue,0,14,10,0,BEF005,2017,Bydel Nordstrand,23-24 år,antall,1108
EliminatedValue,0,14,11,0,BEF005,2017,Bydel Nordstrand,25-29 år,antall,3091
EliminatedValue,0,14,12,0,BEF005,2017,Bydel Nordstrand,30-39 år,antall,7092
EliminatedValue,0,14,13,0,BEF005,2017,Bydel Nordstrand,40-49 år,antall,7822
EliminatedValue,0,14,14,0,BEF005,2017,Bydel Nordstrand,50-66 år,antall,10048
EliminatedValue,0,14,15,0,BEF005,2017,Bydel Nordstrand,67-74 år,antall,3527
EliminatedValue,0,14,16,0,BEF005,2017,Bydel Nordstrand,75-79 år,antall,1292
EliminatedValue,0,14,17,0,BEF005,2017,Bydel Nordstrand,80-84 år,antall,983
EliminatedValue,0,14,18,0,BEF005,2017,Bydel Nordstrand,85-89 år,antall,820
EliminatedValue,0,14,19,0,BEF005,2017,Bydel Nordstrand,90-94 år,antall,520
EliminatedValue,0,14,20,0,BEF005,2017,Bydel Nordstrand,95+ år,antall,156
EliminatedValue,0,15,0,0,BEF005,2017,Bydel Søndre Nordstrand,Alder i alt,antall,38716
EliminatedValue,0,15,1,0,BEF005,2017,Bydel Søndre Nordstrand,0 år,antall,541
EliminatedValue,0,15,2,0,BEF005,2017,Bydel Søndre Nordstrand,1-2 år,antall,1080
EliminatedValue,0,15,3,0,BEF005,2017,Bydel Søndre Nordstrand,3-5 år,antall,1744
EliminatedValue,0,15,4,0,BEF005,2017,Bydel Søndre Nordstrand,6-9 år,antall,2291
EliminatedValue,0,15,5,0,BEF005,2017,Bydel Søndre Nordstrand,10-12 år,antall,1718
EliminatedValue,0,15,6,0,BEF005,2017,Bydel Søndre Nordstrand,13-15 år,antall,1668
EliminatedValue,0,15,7,0,BEF005,2017,Bydel Søndre Nordstrand,16-17 år,antall,1155
EliminatedValue,0,15,8,0,BEF005,2017,Bydel Søndre Nordstrand,18-19 år,antall,1128
EliminatedValue,0,15,9,0,BEF005,2017,Bydel Søndre Nordstrand,20-22 år,antall,1539
EliminatedValue,0,15,10,0,BEF005,2017,Bydel Søndre Nordstrand,23-24 år,antall,938
EliminatedValue,0,15,11,0,BEF005,2017,Bydel Søndre Nordstrand,25-29 år,antall,2524
EliminatedValue,0,15,12,0,BEF005,2017,Bydel Søndre Nordstrand,30-39 år,antall,5716
EliminatedValue,0,15,13,0,BEF005,2017,Bydel Søndre Nordstrand,40-49 år,antall,5508
EliminatedValue,0,15,14,0,BEF005,2017,Bydel Søndre Nordstrand,50-66 år,antall,7959
EliminatedValue,0,15,15,0,BEF005,2017,Bydel Søndre Nordstrand,67-74 år,antall,2010
EliminatedValue,0,15,16,0,BEF005,2017,Bydel Søndre Nordstrand,75-79 år,antall,561
EliminatedValue,0,15,17,0,BEF005,2017,Bydel Søndre Nordstrand,80-84 år,antall,316
EliminatedValue,0,15,18,0,BEF005,2017,Bydel Søndre Nordstrand,85-89 år,antall,201
EliminatedValue,0,15,19,0,BEF005,2017,Bydel Søndre Nordstrand,90-94 år,antall,88
EliminatedValue,0,15,20,0,BEF005,2017,Bydel Søndre Nordstrand,95+ år,antall,31
EliminatedValue,1,100000,0,0,BEF005,2018,Oslo i alt,Alder i alt,antall,670392
EliminatedValue,1,100000,1,0,BEF005,2018,Oslo i alt,0 år,antall,9224
EliminatedValue,1,100000,2,0,BEF005,2018,Oslo i alt,1-2 år,antall,17551
EliminatedValue,1,100000,3,0,BEF005,2018,Oslo i alt,3-5 år,antall,23995
EliminatedValue,1,100000,4,0,BEF005,2018,Oslo i alt,6-9 år,antall,29834
EliminatedValue,1,100000,5,0,BEF005,2018,Oslo i alt,10-12 år,antall,20405
EliminatedValue,1,100000,6,0,BEF005,2018,Oslo i alt,13-15 år,antall,18640
EliminatedValue,1,100000,7,0,BEF005,2018,Oslo i alt,16-17 år,antall,11989
EliminatedValue,1,100000,8,0,BEF005,2018,Oslo i alt,18-19 år,antall,12629
EliminatedValue,1,100000,9,0,BEF005,2018,Oslo i alt,20-22 år,antall,25088
EliminatedValue,1,100000,10,0,BEF005,2018,Oslo i alt,23-24 år,antall,20649
EliminatedValue,1,100000,11,0,BEF005,2018,Oslo i alt,25-29 år,antall,73054
EliminatedValue,1,100000,12,0,BEF005,2018,Oslo i alt,30-39 år,antall,126221
EliminatedValue,1,100000,13,0,BEF005,2018,Oslo i alt,40-49 år,antall,93541
EliminatedValue,1,100000,14,0,BEF005,2018,Oslo i alt,50-66 år,antall,114696
EliminatedValue,1,100000,15,0,BEF005,2018,Oslo i alt,67-74 år,antall,38433
EliminatedValue,1,100000,16,0,BEF005,2018,Oslo i alt,75-79 år,antall,13552
EliminatedValue,1,100000,17,0,BEF005,2018,Oslo i alt,80-84 år,antall,9180
EliminatedValue,1,100000,18,0,BEF005,2018,Oslo i alt,85-89 år,antall,6865
EliminatedValue,1,100000,19,0,BEF005,2018,Oslo i alt,90-94 år,antall,3544
EliminatedValue,1,100000,20,0,BEF005,2018,Oslo i alt,95+ år,antall,1302
EliminatedValue,1,1,0,0,BEF005,2018,Bydel Gamle Oslo,Alder i alt,antall,54614
EliminatedValue,1,1,1,0,BEF005,2018,Bydel Gamle Oslo,0 år,antall,951
EliminatedValue,1,1,2,0,BEF005,2018,Bydel Gamle Oslo,1-2 år,antall,1627
EliminatedValue,1,1,3,0,BEF005,2018,Bydel Gamle Oslo,3-5 år,antall,1952
EliminatedValue,1,1,4,0,BEF005,2018,Bydel Gamle Oslo,6-9 år,antall,2031
EliminatedValue,1,1,5,0,BEF005,2018,Bydel Gamle Oslo,10-12 år,antall,1190
EliminatedValue,1,1,6,0,BEF005,2018,Bydel Gamle Oslo,13-15 år,antall,950
EliminatedValue,1,1,7,0,BEF005,2018,Bydel Gamle Oslo,16-17 år,antall,613
EliminatedValue,1,1,8,0,BEF005,2018,Bydel Gamle Oslo,18-19 år,antall,736
EliminatedValue,1,1,9,0,BEF005,2018,Bydel Gamle Oslo,20-22 år,antall,1757
EliminatedValue,1,1,10,0,BEF005,2018,Bydel Gamle Oslo,23-24 år,antall,1804
EliminatedValue,1,1,11,0,BEF005,2018,Bydel Gamle Oslo,25-29 år,antall,7866
EliminatedValue,1,1,12,0,BEF005,2018,Bydel Gamle Oslo,30-39 år,antall,14426
EliminatedValue,1,1,13,0,BEF005,2018,Bydel Gamle Oslo,40-49 år,antall,7850
EliminatedValue,1,1,14,0,BEF005,2018,Bydel Gamle Oslo,50-66 år,antall,7665
EliminatedValue,1,1,15,0,BEF005,2018,Bydel Gamle Oslo,67-74 år,antall,1983
EliminatedValue,1,1,16,0,BEF005,2018,Bydel Gamle Oslo,75-79 år,antall,518
EliminatedValue,1,1,17,0,BEF005,2018,Bydel Gamle Oslo,80-84 år,antall,303
EliminatedValue,1,1,18,0,BEF005,2018,Bydel Gamle Oslo,85-89 år,antall,208
EliminatedValue,1,1,19,0,BEF005,2018,Bydel Gamle Oslo,90-94 år,antall,132
EliminatedValue,1,1,20,0,BEF005,2018,Bydel Gamle Oslo,95+ år,antall,52
EliminatedValue,1,2,0,0,BEF005,2018,Bydel Grünerløkka,Alder i alt,antall,58881
EliminatedValue,1,2,1,0,BEF005,2018,Bydel Grünerløkka,0 år,antall,1030
EliminatedValue,1,2,2,0,BEF005,2018,Bydel Grünerløkka,1-2 år,antall,1636
EliminatedValue,1,2,3,0,BEF005,2018,Bydel Grünerløkka,3-5 år,antall,1749
EliminatedValue,1,2,4,0,BEF005,2018,Bydel Grünerløkka,6-9 år,antall,1709
EliminatedValue,1,2,5,0,BEF005,2018,Bydel Grünerløkka,10-12 år,antall,1005
EliminatedValue,1,2,6,0,BEF005,2018,Bydel Grünerløkka,13-15 år,antall,812
EliminatedValue,1,2,7,0,BEF005,2018,Bydel Grünerløkka,16-17 år,antall,513
EliminatedValue,1,2,8,0,BEF005,2018,Bydel Grünerløkka,18-19 år,antall,674
EliminatedValue,1,2,9,0,BEF005,2018,Bydel Grünerløkka,20-22 år,antall,2583
EliminatedValue,1,2,10,0,BEF005,2018,Bydel Grünerløkka,23-24 år,antall,2721
EliminatedValue,1,2,11,0,BEF005,2018,Bydel Grünerløkka,25-29 år,antall,10995
EliminatedValue,1,2,12,0,BEF005,2018,Bydel Grünerløkka,30-39 år,antall,16186
EliminatedValue,1,2,13,0,BEF005,2018,Bydel Grünerløkka,40-49 år,antall,7556
EliminatedValue,1,2,14,0,BEF005,2018,Bydel Grünerløkka,50-66 år,antall,6732
EliminatedValue,1,2,15,0,BEF005,2018,Bydel Grünerløkka,67-74 år,antall,1777
EliminatedValue,1,2,16,0,BEF005,2018,Bydel Grünerløkka,75-79 år,antall,514
EliminatedValue,1,2,17,0,BEF005,2018,Bydel Grünerløkka,80-84 år,antall,285
EliminatedValue,1,2,18,0,BEF005,2018,Bydel Grünerløkka,85-89 år,antall,214
EliminatedValue,1,2,19,0,BEF005,2018,Bydel Grünerløkka,90-94 år,antall,125
EliminatedValue,1,2,20,0,BEF005,2018,Bydel Grünerløkka,95+ år,antall,65
EliminatedValue,1,3,0,0,BEF005,2018,Bydel Sagene,Alder i alt,antall,43067
EliminatedValue,1,3,1,0,BEF005,2018,Bydel Sagene,0 år,antall,824
EliminatedValue,1,3,2,0,BEF005,2018,Bydel Sagene,1-2 år,antall,1324
EliminatedValue,1,3,3,0,BEF005,2018,Bydel Sagene,3-5 år,antall,1322
EliminatedValue,1,3,4,0,BEF005,2018,Bydel Sagene,6-9 år,antall,1164
EliminatedValue,1,3,5,0,BEF005,2018,Bydel Sagene,10-12 år,antall,618
EliminatedValue,1,3,6,0,BEF005,2018,Bydel Sagene,13-15 år,antall,540
EliminatedValue,1,3,7,0,BEF005,2018,Bydel Sagene,16-17 år,antall,302
EliminatedValue,1,3,8,0,BEF005,2018,Bydel Sagene,18-19 år,antall,451
EliminatedValue,1,3,9,0,BEF005,2018,Bydel Sagene,20-22 år,antall,1677
EliminatedValue,1,3,10,0,BEF005,2018,Bydel Sagene,23-24 år,antall,1747
EliminatedValue,1,3,11,0,BEF005,2018,Bydel Sagene,25-29 år,antall,8056
EliminatedValue,1,3,12,0,BEF005,2018,Bydel Sagene,30-39 år,antall,11938
EliminatedValue,1,3,13,0,BEF005,2018,Bydel Sagene,40-49 år,antall,5137
EliminatedValue,1,3,14,0,BEF005,2018,Bydel Sagene,50-66 år,antall,5210
EliminatedValue,1,3,15,0,BEF005,2018,Bydel Sagene,67-74 år,antall,1622
EliminatedValue,1,3,16,0,BEF005,2018,Bydel Sagene,75-79 år,antall,480
EliminatedValue,1,3,17,0,BEF005,2018,Bydel Sagene,80-84 år,antall,287
EliminatedValue,1,3,18,0,BEF005,2018,Bydel Sagene,85-89 år,antall,191
EliminatedValue,1,3,19,0,BEF005,2018,Bydel Sagene,90-94 år,antall,111
EliminatedValue,1,3,20,0,BEF005,2018,Bydel Sagene,95+ år,antall,66
EliminatedValue,1,4,0,0,BEF005,2018,Bydel St.Hanshaugen,Alder i alt,antall,39094
EliminatedValue,1,4,1,0,BEF005,2018,Bydel St.Hanshaugen,0 år,antall,546
EliminatedValue,1,4,2,0,BEF005,2018,Bydel St.Hanshaugen,1-2 år,antall,831
EliminatedValue,1,4,3,0,BEF005,2018,Bydel St.Hanshaugen,3-5 år,antall,920
EliminatedValue,1,4,4,0,BEF005,2018,Bydel St.Hanshaugen,6-9 år,antall,953
EliminatedValue,1,4,5,0,BEF005,2018,Bydel St.Hanshaugen,10-12 år,antall,597
EliminatedValue,1,4,6,0,BEF005,2018,Bydel St.Hanshaugen,13-15 år,antall,503
EliminatedValue,1,4,7,0,BEF005,2018,Bydel St.Hanshaugen,16-17 år,antall,333
EliminatedValue,1,4,8,0,BEF005,2018,Bydel St.Hanshaugen,18-19 år,antall,480
EliminatedValue,1,4,9,0,BEF005,2018,Bydel St.Hanshaugen,20-22 år,antall,2016
EliminatedValue,1,4,10,0,BEF005,2018,Bydel St.Hanshaugen,23-24 år,antall,2065
EliminatedValue,1,4,11,0,BEF005,2018,Bydel St.Hanshaugen,25-29 år,antall,7717
EliminatedValue,1,4,12,0,BEF005,2018,Bydel St.Hanshaugen,30-39 år,antall,9774
EliminatedValue,1,4,13,0,BEF005,2018,Bydel St.Hanshaugen,40-49 år,antall,4723
EliminatedValue,1,4,14,0,BEF005,2018,Bydel St.Hanshaugen,50-66 år,antall,4927
EliminatedValue,1,4,15,0,BEF005,2018,Bydel St.Hanshaugen,67-74 år,antall,1502
EliminatedValue,1,4,16,0,BEF005,2018,Bydel St.Hanshaugen,75-79 år,antall,527
EliminatedValue,1,4,17,0,BEF005,2018,Bydel St.Hanshaugen,80-84 år,antall,298
EliminatedValue,1,4,18,0,BEF005,2018,Bydel St.Hanshaugen,85-89 år,antall,189
EliminatedValue,1,4,19,0,BEF005,2018,Bydel St.Hanshaugen,90-94 år,antall,116
EliminatedValue,1,4,20,0,BEF005,2018,Bydel St.Hanshaugen,95+ år,antall,77
EliminatedValue,1,5,0,0,BEF005,2018,Bydel Frogner,Alder i alt,antall,58293
EliminatedValue,1,5,1,0,BEF005,2018,Bydel Frogner,0 år,antall,646
EliminatedValue,1,5,2,0,BEF005,2018,Bydel Frogner,1-2 år,antall,1101
EliminatedValue,1,5,3,0,BEF005,2018,Bydel Frogner,3-5 år,antall,1281
EliminatedValue,1,5,4,0,BEF005,2018,Bydel Frogner,6-9 år,antall,1376
EliminatedValue,1,5,5,0,BEF005,2018,Bydel Frogner,10-12 år,antall,916
EliminatedValue,1,5,6,0,BEF005,2018,Bydel Frogner,13-15 år,antall,896
EliminatedValue,1,5,7,0,BEF005,2018,Bydel Frogner,16-17 år,antall,578
EliminatedValue,1,5,8,0,BEF005,2018,Bydel Frogner,18-19 år,antall,792
EliminatedValue,1,5,9,0,BEF005,2018,Bydel Frogner,20-22 år,antall,2701
EliminatedValue,1,5,10,0,BEF005,2018,Bydel Frogner,23-24 år,antall,2630
EliminatedValue,1,5,11,0,BEF005,2018,Bydel Frogner,25-29 år,antall,9349
EliminatedValue,1,5,12,0,BEF005,2018,Bydel Frogner,30-39 år,antall,11693
EliminatedValue,1,5,13,0,BEF005,2018,Bydel Frogner,40-49 år,antall,6908
EliminatedValue,1,5,14,0,BEF005,2018,Bydel Frogner,50-66 år,antall,10036
EliminatedValue,1,5,15,0,BEF005,2018,Bydel Frogner,67-74 år,antall,4015
EliminatedValue,1,5,16,0,BEF005,2018,Bydel Frogner,75-79 år,antall,1428
EliminatedValue,1,5,17,0,BEF005,2018,Bydel Frogner,80-84 år,antall,899
EliminatedValue,1,5,18,0,BEF005,2018,Bydel Frogner,85-89 år,antall,600
EliminatedValue,1,5,19,0,BEF005,2018,Bydel Frogner,90-94 år,antall,308
EliminatedValue,1,5,20,0,BEF005,2018,Bydel Frogner,95+ år,antall,140
EliminatedValue,1,6,0,0,BEF005,2018,Bydel Ullern,Alder i alt,antall,33354
EliminatedValue,1,6,1,0,BEF005,2018,Bydel Ullern,0 år,antall,400
EliminatedValue,1,6,2,0,BEF005,2018,Bydel Ullern,1-2 år,antall,845
EliminatedValue,1,6,3,0,BEF005,2018,Bydel Ullern,3-5 år,antall,1250
EliminatedValue,1,6,4,0,BEF005,2018,Bydel Ullern,6-9 år,antall,1685
EliminatedValue,1,6,5,0,BEF005,2018,Bydel Ullern,10-12 år,antall,1250
EliminatedValue,1,6,6,0,BEF005,2018,Bydel Ullern,13-15 år,antall,1044
EliminatedValue,1,6,7,0,BEF005,2018,Bydel Ullern,16-17 år,antall,659
EliminatedValue,1,6,8,0,BEF005,2018,Bydel Ullern,18-19 år,antall,589
EliminatedValue,1,6,9,0,BEF005,2018,Bydel Ullern,20-22 år,antall,936
EliminatedValue,1,6,10,0,BEF005,2018,Bydel Ullern,23-24 år,antall,666
EliminatedValue,1,6,11,0,BEF005,2018,Bydel Ullern,25-29 år,antall,2040
EliminatedValue,1,6,12,0,BEF005,2018,Bydel Ullern,30-39 år,antall,4931
EliminatedValue,1,6,13,0,BEF005,2018,Bydel Ullern,40-49 år,antall,4568
EliminatedValue,1,6,14,0,BEF005,2018,Bydel Ullern,50-66 år,antall,6780
EliminatedValue,1,6,15,0,BEF005,2018,Bydel Ullern,67-74 år,antall,3011
EliminatedValue,1,6,16,0,BEF005,2018,Bydel Ullern,75-79 år,antall,1131
EliminatedValue,1,6,17,0,BEF005,2018,Bydel Ullern,80-84 år,antall,676
EliminatedValue,1,6,18,0,BEF005,2018,Bydel Ullern,85-89 år,antall,527
EliminatedValue,1,6,19,0,BEF005,2018,Bydel Ullern,90-94 år,antall,286
EliminatedValue,1,6,20,0,BEF005,2018,Bydel Ullern,95+ år,antall,80
EliminatedValue,1,7,0,0,BEF005,2018,Bydel Vestre Aker,Alder i alt,antall,49414
EliminatedValue,1,7,1,0,BEF005,2018,Bydel Vestre Aker,0 år,antall,654
EliminatedValue,1,7,2,0,BEF005,2018,Bydel Vestre Aker,1-2 år,antall,1315
EliminatedValue,1,7,3,0,BEF005,2018,Bydel Vestre Aker,3-5 år,antall,2109
EliminatedValue,1,7,4,0,BEF005,2018,Bydel Vestre Aker,6-9 år,antall,2758
EliminatedValue,1,7,5,0,BEF005,2018,Bydel Vestre Aker,10-12 år,antall,2027
EliminatedValue,1,7,6,0,BEF005,2018,Bydel Vestre Aker,13-15 år,antall,1754
EliminatedValue,1,7,7,0,BEF005,2018,Bydel Vestre Aker,16-17 år,antall,1167
EliminatedValue,1,7,8,0,BEF005,2018,Bydel Vestre Aker,18-19 år,antall,1088
EliminatedValue,1,7,9,0,BEF005,2018,Bydel Vestre Aker,20-22 år,antall,1560
EliminatedValue,1,7,10,0,BEF005,2018,Bydel Vestre Aker,23-24 år,antall,1050
EliminatedValue,1,7,11,0,BEF005,2018,Bydel Vestre Aker,25-29 år,antall,2900
EliminatedValue,1,7,12,0,BEF005,2018,Bydel Vestre Aker,30-39 år,antall,6710
EliminatedValue,1,7,13,0,BEF005,2018,Bydel Vestre Aker,40-49 år,antall,7224
EliminatedValue,1,7,14,0,BEF005,2018,Bydel Vestre Aker,50-66 år,antall,9705
EliminatedValue,1,7,15,0,BEF005,2018,Bydel Vestre Aker,67-74 år,antall,3983
EliminatedValue,1,7,16,0,BEF005,2018,Bydel Vestre Aker,75-79 år,antall,1348
EliminatedValue,1,7,17,0,BEF005,2018,Bydel Vestre Aker,80-84 år,antall,875
EliminatedValue,1,7,18,0,BEF005,2018,Bydel Vestre Aker,85-89 år,antall,682
EliminatedValue,1,7,19,0,BEF005,2018,Bydel Vestre Aker,90-94 år,antall,361
EliminatedValue,1,7,20,0,BEF005,2018,Bydel Vestre Aker,95+ år,antall,144
EliminatedValue,1,8,0,0,BEF005,2018,Bydel Nordre Aker,Alder i alt,antall,51598
EliminatedValue,1,8,1,0,BEF005,2018,Bydel Nordre Aker,0 år,antall,574
EliminatedValue,1,8,2,0,BEF005,2018,Bydel Nordre Aker,1-2 år,antall,1286
EliminatedValue,1,8,3,0,BEF005,2018,Bydel Nordre Aker,3-5 år,antall,1971
EliminatedValue,1,8,4,0,BEF005,2018,Bydel Nordre Aker,6-9 år,antall,2829
EliminatedValue,1,8,5,0,BEF005,2018,Bydel Nordre Aker,10-12 år,antall,1960
EliminatedValue,1,8,6,0,BEF005,2018,Bydel Nordre Aker,13-15 år,antall,1830
EliminatedValue,1,8,7,0,BEF005,2018,Bydel Nordre Aker,16-17 år,antall,1113
EliminatedValue,1,8,8,0,BEF005,2018,Bydel Nordre Aker,18-19 år,antall,1203
EliminatedValue,1,8,9,0,BEF005,2018,Bydel Nordre Aker,20-22 år,antall,2433
EliminatedValue,1,8,10,0,BEF005,2018,Bydel Nordre Aker,23-24 år,antall,1624
EliminatedValue,1,8,11,0,BEF005,2018,Bydel Nordre Aker,25-29 år,antall,4203
EliminatedValue,1,8,12,0,BEF005,2018,Bydel Nordre Aker,30-39 år,antall,7301
EliminatedValue,1,8,13,0,BEF005,2018,Bydel Nordre Aker,40-49 år,antall,7580
EliminatedValue,1,8,14,0,BEF005,2018,Bydel Nordre Aker,50-66 år,antall,9501
EliminatedValue,1,8,15,0,BEF005,2018,Bydel Nordre Aker,67-74 år,antall,3156
EliminatedValue,1,8,16,0,BEF005,2018,Bydel Nordre Aker,75-79 år,antall,1144
EliminatedValue,1,8,17,0,BEF005,2018,Bydel Nordre Aker,80-84 år,antall,814
EliminatedValue,1,8,18,0,BEF005,2018,Bydel Nordre Aker,85-89 år,antall,645
EliminatedValue,1,8,19,0,BEF005,2018,Bydel Nordre Aker,90-94 år,antall,327
EliminatedValue,1,8,20,0,BEF005,2018,Bydel Nordre Aker,95+ år,antall,104
EliminatedValue,1,9,0,0,BEF005,2018,Bydel Bjerke,Alder i alt,antall,32072
EliminatedValue,1,9,1,0,BEF005,2018,Bydel Bjerke,0 år,antall,508
EliminatedValue,1,9,2,0,BEF005,2018,Bydel Bjerke,1-2 år,antall,990
EliminatedValue,1,9,3,0,BEF005,2018,Bydel Bjerke,3-5 år,antall,1390
EliminatedValue,1,9,4,0,BEF005,2018,Bydel Bjerke,6-9 år,antall,1866
EliminatedValue,1,9,5,0,BEF005,2018,Bydel Bjerke,10-12 år,antall,1200
EliminatedValue,1,9,6,0,BEF005,2018,Bydel Bjerke,13-15 år,antall,1067
EliminatedValue,1,9,7,0,BEF005,2018,Bydel Bjerke,16-17 år,antall,659
EliminatedValue,1,9,8,0,BEF005,2018,Bydel Bjerke,18-19 år,antall,640
EliminatedValue,1,9,9,0,BEF005,2018,Bydel Bjerke,20-22 år,antall,963
EliminatedValue,1,9,10,0,BEF005,2018,Bydel Bjerke,23-24 år,antall,781
EliminatedValue,1,9,11,0,BEF005,2018,Bydel Bjerke,25-29 år,antall,2778
EliminatedValue,1,9,12,0,BEF005,2018,Bydel Bjerke,30-39 år,antall,5891
EliminatedValue,1,9,13,0,BEF005,2018,Bydel Bjerke,40-49 år,antall,4923
EliminatedValue,1,9,14,0,BEF005,2018,Bydel Bjerke,50-66 år,antall,5201
EliminatedValue,1,9,15,0,BEF005,2018,Bydel Bjerke,67-74 år,antall,1568
EliminatedValue,1,9,16,0,BEF005,2018,Bydel Bjerke,75-79 år,antall,573
EliminatedValue,1,9,17,0,BEF005,2018,Bydel Bjerke,80-84 år,antall,434
EliminatedValue,1,9,18,0,BEF005,2018,Bydel Bjerke,85-89 år,antall,375
EliminatedValue,1,9,19,0,BEF005,2018,Bydel Bjerke,90-94 år,antall,202
EliminatedValue,1,9,20,0,BEF005,2018,Bydel Bjerke,95+ år,antall,63
EliminatedValue,1,10,0,0,BEF005,2018,Bydel Grorud,Alder i alt,antall,27405
EliminatedValue,1,10,1,0,BEF005,2018,Bydel Grorud,0 år,antall,332
EliminatedValue,1,10,2,0,BEF005,2018,Bydel Grorud,1-2 år,antall,691
EliminatedValue,1,10,3,0,BEF005,2018,Bydel Grorud,3-5 år,antall,1019
EliminatedValue,1,10,4,0,BEF005,2018,Bydel Grorud,6-9 år,antall,1338
EliminatedValue,1,10,5,0,BEF005,2018,Bydel Grorud,10-12 år,antall,953
EliminatedValue,1,10,6,0,BEF005,2018,Bydel Grorud,13-15 år,antall,939
EliminatedValue,1,10,7,0,BEF005,2018,Bydel Grorud,16-17 år,antall,633
EliminatedValue,1,10,8,0,BEF005,2018,Bydel Grorud,18-19 år,antall,647
EliminatedValue,1,10,9,0,BEF005,2018,Bydel Grorud,20-22 år,antall,1000
EliminatedValue,1,10,10,0,BEF005,2018,Bydel Grorud,23-24 år,antall,669
EliminatedValue,1,10,11,0,BEF005,2018,Bydel Grorud,25-29 år,antall,2078
EliminatedValue,1,10,12,0,BEF005,2018,Bydel Grorud,30-39 år,antall,4239
EliminatedValue,1,10,13,0,BEF005,2018,Bydel Grorud,40-49 år,antall,4067
EliminatedValue,1,10,14,0,BEF005,2018,Bydel Grorud,50-66 år,antall,5535
EliminatedValue,1,10,15,0,BEF005,2018,Bydel Grorud,67-74 år,antall,1619
EliminatedValue,1,10,16,0,BEF005,2018,Bydel Grorud,75-79 år,antall,628
EliminatedValue,1,10,17,0,BEF005,2018,Bydel Grorud,80-84 år,antall,492
EliminatedValue,1,10,18,0,BEF005,2018,Bydel Grorud,85-89 år,antall,334
EliminatedValue,1,10,19,0,BEF005,2018,Bydel Grorud,90-94 år,antall,141
EliminatedValue,1,10,20,0,BEF005,2018,Bydel Grorud,95+ år,antall,51
EliminatedValue,1,11,0,0,BEF005,2018,Bydel Stovner,Alder i alt,antall,32751
EliminatedValue,1,11,1,0,BEF005,2018,Bydel Stovner,0 år,antall,348
EliminatedValue,1,11,2,0,BEF005,2018,Bydel Stovner,1-2 år,antall,866
EliminatedValue,1,11,3,0,BEF005,2018,Bydel Stovner,3-5 år,antall,1272
EliminatedValue,1,11,4,0,BEF005,2018,Bydel Stovner,6-9 år,antall,1709
EliminatedValue,1,11,5,0,BEF005,2018,Bydel Stovner,10-12 år,antall,1306
EliminatedValue,1,11,6,0,BEF005,2018,Bydel Stovner,13-15 år,antall,1408
EliminatedValue,1,11,7,0,BEF005,2018,Bydel Stovner,16-17 år,antall,973
EliminatedValue,1,11,8,0,BEF005,2018,Bydel Stovner,18-19 år,antall,963
EliminatedValue,1,11,9,0,BEF005,2018,Bydel Stovner,20-22 år,antall,1308
EliminatedValue,1,11,10,0,BEF005,2018,Bydel Stovner,23-24 år,antall,775
EliminatedValue,1,11,11,0,BEF005,2018,Bydel Stovner,25-29 år,antall,2085
EliminatedValue,1,11,12,0,BEF005,2018,Bydel Stovner,30-39 år,antall,4356
EliminatedValue,1,11,13,0,BEF005,2018,Bydel Stovner,40-49 år,antall,4769
EliminatedValue,1,11,14,0,BEF005,2018,Bydel Stovner,50-66 år,antall,6261
EliminatedValue,1,11,15,0,BEF005,2018,Bydel Stovner,67-74 år,antall,2323
EliminatedValue,1,11,16,0,BEF005,2018,Bydel Stovner,75-79 år,antall,959
EliminatedValue,1,11,17,0,BEF005,2018,Bydel Stovner,80-84 år,antall,577
EliminatedValue,1,11,18,0,BEF005,2018,Bydel Stovner,85-89 år,antall,348
EliminatedValue,1,11,19,0,BEF005,2018,Bydel Stovner,90-94 år,antall,113
EliminatedValue,1,11,20,0,BEF005,2018,Bydel Stovner,95+ år,antall,32
EliminatedValue,1,12,0,0,BEF005,2018,Bydel Alna,Alder i alt,antall,49427
EliminatedValue,1,12,1,0,BEF005,2018,Bydel Alna,0 år,antall,675
EliminatedValue,1,12,2,0,BEF005,2018,Bydel Alna,1-2 år,antall,1318
EliminatedValue,1,12,3,0,BEF005,2018,Bydel Alna,3-5 år,antall,1994
EliminatedValue,1,12,4,0,BEF005,2018,Bydel Alna,6-9 år,antall,2522
EliminatedValue,1,12,5,0,BEF005,2018,Bydel Alna,10-12 år,antall,1751
EliminatedValue,1,12,6,0,BEF005,2018,Bydel Alna,13-15 år,antall,1688
EliminatedValue,1,12,7,0,BEF005,2018,Bydel Alna,16-17 år,antall,1117
EliminatedValue,1,12,8,0,BEF005,2018,Bydel Alna,18-19 år,antall,1120
EliminatedValue,1,12,9,0,BEF005,2018,Bydel Alna,20-22 år,antall,1577
EliminatedValue,1,12,10,0,BEF005,2018,Bydel Alna,23-24 år,antall,1196
EliminatedValue,1,12,11,0,BEF005,2018,Bydel Alna,25-29 år,antall,3866
EliminatedValue,1,12,12,0,BEF005,2018,Bydel Alna,30-39 år,antall,8268
EliminatedValue,1,12,13,0,BEF005,2018,Bydel Alna,40-49 år,antall,6903
EliminatedValue,1,12,14,0,BEF005,2018,Bydel Alna,50-66 år,antall,9336
EliminatedValue,1,12,15,0,BEF005,2018,Bydel Alna,67-74 år,antall,3324
EliminatedValue,1,12,16,0,BEF005,2018,Bydel Alna,75-79 år,antall,1182
EliminatedValue,1,12,17,0,BEF005,2018,Bydel Alna,80-84 år,antall,704
EliminatedValue,1,12,18,0,BEF005,2018,Bydel Alna,85-89 år,antall,541
EliminatedValue,1,12,19,0,BEF005,2018,Bydel Alna,90-94 år,antall,248
EliminatedValue,1,12,20,0,BEF005,2018,Bydel Alna,95+ år,antall,97
EliminatedValue,1,13,0,0,BEF005,2018,Bydel Østensjø,Alder i alt,antall,50163
EliminatedValue,1,13,1,0,BEF005,2018,Bydel Østensjø,0 år,antall,596
EliminatedValue,1,13,2,0,BEF005,2018,Bydel Østensjø,1-2 år,antall,1352
EliminatedValue,1,13,3,0,BEF005,2018,Bydel Østensjø,3-5 år,antall,2034
EliminatedValue,1,13,4,0,BEF005,2018,Bydel Østensjø,6-9 år,antall,2817
EliminatedValue,1,13,5,0,BEF005,2018,Bydel Østensjø,10-12 år,antall,1885
EliminatedValue,1,13,6,0,BEF005,2018,Bydel Østensjø,13-15 år,antall,1677
EliminatedValue,1,13,7,0,BEF005,2018,Bydel Østensjø,16-17 år,antall,1064
EliminatedValue,1,13,8,0,BEF005,2018,Bydel Østensjø,18-19 år,antall,1021
EliminatedValue,1,13,9,0,BEF005,2018,Bydel Østensjø,20-22 år,antall,1427
EliminatedValue,1,13,10,0,BEF005,2018,Bydel Østensjø,23-24 år,antall,958
EliminatedValue,1,13,11,0,BEF005,2018,Bydel Østensjø,25-29 år,antall,3379
EliminatedValue,1,13,12,0,BEF005,2018,Bydel Østensjø,30-39 år,antall,7611
EliminatedValue,1,13,13,0,BEF005,2018,Bydel Østensjø,40-49 år,antall,7943
EliminatedValue,1,13,14,0,BEF005,2018,Bydel Østensjø,50-66 år,antall,9587
EliminatedValue,1,13,15,0,BEF005,2018,Bydel Østensjø,67-74 år,antall,2811
EliminatedValue,1,13,16,0,BEF005,2018,Bydel Østensjø,75-79 år,antall,1168
EliminatedValue,1,13,17,0,BEF005,2018,Bydel Østensjø,80-84 år,antall,1219
EliminatedValue,1,13,18,0,BEF005,2018,Bydel Østensjø,85-89 år,antall,1019
EliminatedValue,1,13,19,0,BEF005,2018,Bydel Østensjø,90-94 år,antall,453
EliminatedValue,1,13,20,0,BEF005,2018,Bydel Østensjø,95+ år,antall,142
EliminatedValue,1,14,0,0,BEF005,2018,Bydel Nordstrand,Alder i alt,antall,51294
EliminatedValue,1,14,1,0,BEF005,2018,Bydel Nordstrand,0 år,antall,602
EliminatedValue,1,14,2,0,BEF005,2018,Bydel Nordstrand,1-2 år,antall,1271
EliminatedValue,1,14,3,0,BEF005,2018,Bydel Nordstrand,3-5 år,antall,2029
EliminatedValue,1,14,4,0,BEF005,2018,Bydel Nordstrand,6-9 år,antall,2791
EliminatedValue,1,14,5,0,BEF005,2018,Bydel Nordstrand,10-12 år,antall,2016
EliminatedValue,1,14,6,0,BEF005,2018,Bydel Nordstrand,13-15 år,antall,1822
EliminatedValue,1,14,7,0,BEF005,2018,Bydel Nordstrand,16-17 år,antall,1146
EliminatedValue,1,14,8,0,BEF005,2018,Bydel Nordstrand,18-19 år,antall,1114
EliminatedValue,1,14,9,0,BEF005,2018,Bydel Nordstrand,20-22 år,antall,1614
EliminatedValue,1,14,10,0,BEF005,2018,Bydel Nordstrand,23-24 år,antall,1032
EliminatedValue,1,14,11,0,BEF005,2018,Bydel Nordstrand,25-29 år,antall,3196
EliminatedValue,1,14,12,0,BEF005,2018,Bydel Nordstrand,30-39 år,antall,7134
EliminatedValue,1,14,13,0,BEF005,2018,Bydel Nordstrand,40-49 år,antall,7854
EliminatedValue,1,14,14,0,BEF005,2018,Bydel Nordstrand,50-66 år,antall,10206
EliminatedValue,1,14,15,0,BEF005,2018,Bydel Nordstrand,67-74 år,antall,3664
EliminatedValue,1,14,16,0,BEF005,2018,Bydel Nordstrand,75-79 år,antall,1326
EliminatedValue,1,14,17,0,BEF005,2018,Bydel Nordstrand,80-84 år,antall,1005
EliminatedValue,1,14,18,0,BEF005,2018,Bydel Nordstrand,85-89 år,antall,796
EliminatedValue,1,14,19,0,BEF005,2018,Bydel Nordstrand,90-94 år,antall,514
EliminatedValue,1,14,20,0,BEF005,2018,Bydel Nordstrand,95+ år,antall,162
EliminatedValue,1,15,0,0,BEF005,2018,Bydel Søndre Nordstrand,Alder i alt,antall,38965
EliminatedValue,1,15,1,0,BEF005,2018,Bydel Søndre Nordstrand,0 år,antall,538
EliminatedValue,1,15,2,0,BEF005,2018,Bydel Søndre Nordstrand,1-2 år,antall,1098
EliminatedValue,1,15,3,0,BEF005,2018,Bydel Søndre Nordstrand,3-5 år,antall,1703
EliminatedValue,1,15,4,0,BEF005,2018,Bydel Søndre Nordstrand,6-9 år,antall,2286
EliminatedValue,1,15,5,0,BEF005,2018,Bydel Søndre Nordstrand,10-12 år,antall,1731
EliminatedValue,1,15,6,0,BEF005,2018,Bydel Søndre Nordstrand,13-15 år,antall,1710
EliminatedValue,1,15,7,0,BEF005,2018,Bydel Søndre Nordstrand,16-17 år,antall,1119
EliminatedValue,1,15,8,0,BEF005,2018,Bydel Søndre Nordstrand,18-19 år,antall,1111
EliminatedValue,1,15,9,0,BEF005,2018,Bydel Søndre Nordstrand,20-22 år,antall,1536
EliminatedValue,1,15,10,0,BEF005,2018,Bydel Søndre Nordstrand,23-24 år,antall,931
EliminatedValue,1,15,11,0,BEF005,2018,Bydel Søndre Nordstrand,25-29 år,antall,2546
EliminatedValue,1,15,12,0,BEF005,2018,Bydel Søndre Nordstrand,30-39 år,antall,5763
EliminatedValue,1,15,13,0,BEF005,2018,Bydel Søndre Nordstrand,40-49 år,antall,5536
EliminatedValue,1,15,14,0,BEF005,2018,Bydel Søndre Nordstrand,50-66 år,antall,8014
EliminatedValue,1,15,15,0,BEF005,2018,Bydel Søndre Nordstrand,67-74 år,antall,2075
EliminatedValue,1,15,16,0,BEF005,2018,Bydel Søndre Nordstrand,75-79 år,antall,626
EliminatedValue,1,15,17,0,BEF005,2018,Bydel Søndre Nordstrand,80-84 år,antall,312
EliminatedValue,1,15,18,0,BEF005,2018,Bydel Søndre Nordstrand,85-89 år,antall,196
EliminatedValue,1,15,19,0,BEF005,2018,Bydel Søndre Nordstrand,90-94 år,antall,107
EliminatedValue,1,15,20,0,BEF005,2018,Bydel Søndre Nordstrand,95+ år,antall,27
EliminatedValue,2,100000,0,0,BEF005,2019,Oslo i alt,Alder i alt,antall,678730
EliminatedValue,2,100000,1,0,BEF005,2019,Oslo i alt,0 år,antall,8994
EliminatedValue,2,100000,2,0,BEF005,2019,Oslo i alt,1-2 år,antall,17272
EliminatedValue,2,100000,3,0,BEF005,2019,Oslo i alt,3-5 år,antall,23670
EliminatedValue,2,100000,4,0,BEF005,2019,Oslo i alt,6-9 år,antall,29877
EliminatedValue,2,100000,5,0,BEF005,2019,Oslo i alt,10-12 år,antall,20898
EliminatedValue,2,100000,6,0,BEF005,2019,Oslo i alt,13-15 år,antall,19208
EliminatedValue,2,100000,7,0,BEF005,2019,Oslo i alt,16-17 år,antall,11912
EliminatedValue,2,100000,8,0,BEF005,2019,Oslo i alt,18-19 år,antall,12860
EliminatedValue,2,100000,9,0,BEF005,2019,Oslo i alt,20-22 år,antall,24910
EliminatedValue,2,100000,10,0,BEF005,2019,Oslo i alt,23-24 år,antall,21117
EliminatedValue,2,100000,11,0,BEF005,2019,Oslo i alt,25-29 år,antall,73296
EliminatedValue,2,100000,12,0,BEF005,2019,Oslo i alt,30-39 år,antall,128754
EliminatedValue,2,100000,13,0,BEF005,2019,Oslo i alt,40-49 år,antall,94589
EliminatedValue,2,100000,14,0,BEF005,2019,Oslo i alt,50-66 år,antall,116862
EliminatedValue,2,100000,15,0,BEF005,2019,Oslo i alt,67-74 år,antall,38999
EliminatedValue,2,100000,16,0,BEF005,2019,Oslo i alt,75-79 år,antall,14575
EliminatedValue,2,100000,17,0,BEF005,2019,Oslo i alt,80-84 år,antall,9381
EliminatedValue,2,100000,18,0,BEF005,2019,Oslo i alt,85-89 år,antall,6760
EliminatedValue,2,100000,19,0,BEF005,2019,Oslo i alt,90-94 år,antall,3485
EliminatedValue,2,100000,20,0,BEF005,2019,Oslo i alt,95+ år,antall,1311
EliminatedValue,2,1,0,0,BEF005,2019,Bydel Gamle Oslo,Alder i alt,antall,55739
EliminatedValue,2,1,1,0,BEF005,2019,Bydel Gamle Oslo,0 år,antall,949
EliminatedValue,2,1,2,0,BEF005,2019,Bydel Gamle Oslo,1-2 år,antall,1608
EliminatedValue,2,1,3,0,BEF005,2019,Bydel Gamle Oslo,3-5 år,antall,1901
EliminatedValue,2,1,4,0,BEF005,2019,Bydel Gamle Oslo,6-9 år,antall,2011
EliminatedValue,2,1,5,0,BEF005,2019,Bydel Gamle Oslo,10-12 år,antall,1240
EliminatedValue,2,1,6,0,BEF005,2019,Bydel Gamle Oslo,13-15 år,antall,951
EliminatedValue,2,1,7,0,BEF005,2019,Bydel Gamle Oslo,16-17 år,antall,638
EliminatedValue,2,1,8,0,BEF005,2019,Bydel Gamle Oslo,18-19 år,antall,721
EliminatedValue,2,1,9,0,BEF005,2019,Bydel Gamle Oslo,20-22 år,antall,1734
EliminatedValue,2,1,10,0,BEF005,2019,Bydel Gamle Oslo,23-24 år,antall,1783
EliminatedValue,2,1,11,0,BEF005,2019,Bydel Gamle Oslo,25-29 år,antall,7969
EliminatedValue,2,1,12,0,BEF005,2019,Bydel Gamle Oslo,30-39 år,antall,14849
EliminatedValue,2,1,13,0,BEF005,2019,Bydel Gamle Oslo,40-49 år,antall,8122
EliminatedValue,2,1,14,0,BEF005,2019,Bydel Gamle Oslo,50-66 år,antall,7908
EliminatedValue,2,1,15,0,BEF005,2019,Bydel Gamle Oslo,67-74 år,antall,2061
EliminatedValue,2,1,16,0,BEF005,2019,Bydel Gamle Oslo,75-79 år,antall,569
EliminatedValue,2,1,17,0,BEF005,2019,Bydel Gamle Oslo,80-84 år,antall,324
EliminatedValue,2,1,18,0,BEF005,2019,Bydel Gamle Oslo,85-89 år,antall,215
EliminatedValue,2,1,19,0,BEF005,2019,Bydel Gamle Oslo,90-94 år,antall,130
EliminatedValue,2,1,20,0,BEF005,2019,Bydel Gamle Oslo,95+ år,antall,56
EliminatedValue,2,2,0,0,BEF005,2019,Bydel Grünerløkka,Alder i alt,antall,60823
EliminatedValue,2,2,1,0,BEF005,2019,Bydel Grünerløkka,0 år,antall,964
EliminatedValue,2,2,2,0,BEF005,2019,Bydel Grünerløkka,1-2 år,antall,1704
EliminatedValue,2,2,3,0,BEF005,2019,Bydel Grünerløkka,3-5 år,antall,1724
EliminatedValue,2,2,4,0,BEF005,2019,Bydel Grünerløkka,6-9 år,antall,1781
EliminatedValue,2,2,5,0,BEF005,2019,Bydel Grünerløkka,10-12 år,antall,1044
EliminatedValue,2,2,6,0,BEF005,2019,Bydel Grünerløkka,13-15 år,antall,887
EliminatedValue,2,2,7,0,BEF005,2019,Bydel Grünerløkka,16-17 år,antall,498
EliminatedValue,2,2,8,0,BEF005,2019,Bydel Grünerløkka,18-19 år,antall,715
EliminatedValue,2,2,9,0,BEF005,2019,Bydel Grünerløkka,20-22 år,antall,2589
EliminatedValue,2,2,10,0,BEF005,2019,Bydel Grünerløkka,23-24 år,antall,2686
EliminatedValue,2,2,11,0,BEF005,2019,Bydel Grünerløkka,25-29 år,antall,11394
EliminatedValue,2,2,12,0,BEF005,2019,Bydel Grünerløkka,30-39 år,antall,16898
EliminatedValue,2,2,13,0,BEF005,2019,Bydel Grünerløkka,40-49 år,antall,7847
EliminatedValue,2,2,14,0,BEF005,2019,Bydel Grünerløkka,50-66 år,antall,7026
EliminatedValue,2,2,15,0,BEF005,2019,Bydel Grünerløkka,67-74 år,antall,1815
EliminatedValue,2,2,16,0,BEF005,2019,Bydel Grünerløkka,75-79 år,antall,598
EliminatedValue,2,2,17,0,BEF005,2019,Bydel Grünerløkka,80-84 år,antall,283
EliminatedValue,2,2,18,0,BEF005,2019,Bydel Grünerløkka,85-89 år,antall,192
EliminatedValue,2,2,19,0,BEF005,2019,Bydel Grünerløkka,90-94 år,antall,115
EliminatedValue,2,2,20,0,BEF005,2019,Bydel Grünerløkka,95+ år,antall,63
EliminatedValue,2,3,0,0,BEF005,2019,Bydel Sagene,Alder i alt,antall,43767
EliminatedValue,2,3,1,0,BEF005,2019,Bydel Sagene,0 år,antall,795
EliminatedValue,2,3,2,0,BEF005,2019,Bydel Sagene,1-2 år,antall,1233
EliminatedValue,2,3,3,0,BEF005,2019,Bydel Sagene,3-5 år,antall,1360
EliminatedValue,2,3,4,0,BEF005,2019,Bydel Sagene,6-9 år,antall,1181
EliminatedValue,2,3,5,0,BEF005,2019,Bydel Sagene,10-12 år,antall,645
EliminatedValue,2,3,6,0,BEF005,2019,Bydel Sagene,13-15 år,antall,552
EliminatedValue,2,3,7,0,BEF005,2019,Bydel Sagene,16-17 år,antall,321
EliminatedValue,2,3,8,0,BEF005,2019,Bydel Sagene,18-19 år,antall,435
EliminatedValue,2,3,9,0,BEF005,2019,Bydel Sagene,20-22 år,antall,1666
EliminatedValue,2,3,10,0,BEF005,2019,Bydel Sagene,23-24 år,antall,1776
EliminatedValue,2,3,11,0,BEF005,2019,Bydel Sagene,25-29 år,antall,8122
EliminatedValue,2,3,12,0,BEF005,2019,Bydel Sagene,30-39 år,antall,12199
EliminatedValue,2,3,13,0,BEF005,2019,Bydel Sagene,40-49 år,antall,5261
EliminatedValue,2,3,14,0,BEF005,2019,Bydel Sagene,50-66 år,antall,5364
EliminatedValue,2,3,15,0,BEF005,2019,Bydel Sagene,67-74 år,antall,1678
EliminatedValue,2,3,16,0,BEF005,2019,Bydel Sagene,75-79 år,antall,528
EliminatedValue,2,3,17,0,BEF005,2019,Bydel Sagene,80-84 år,antall,299
EliminatedValue,2,3,18,0,BEF005,2019,Bydel Sagene,85-89 år,antall,188
EliminatedValue,2,3,19,0,BEF005,2019,Bydel Sagene,90-94 år,antall,106
EliminatedValue,2,3,20,0,BEF005,2019,Bydel Sagene,95+ år,antall,58
EliminatedValue,2,4,0,0,BEF005,2019,Bydel St.Hanshaugen,Alder i alt,antall,39673
EliminatedValue,2,4,1,0,BEF005,2019,Bydel St.Hanshaugen,0 år,antall,532
EliminatedValue,2,4,2,0,BEF005,2019,Bydel St.Hanshaugen,1-2 år,antall,807
EliminatedValue,2,4,3,0,BEF005,2019,Bydel St.Hanshaugen,3-5 år,antall,904
EliminatedValue,2,4,4,0,BEF005,2019,Bydel St.Hanshaugen,6-9 år,antall,959
EliminatedValue,2,4,5,0,BEF005,2019,Bydel St.Hanshaugen,10-12 år,antall,625
EliminatedValue,2,4,6,0,BEF005,2019,Bydel St.Hanshaugen,13-15 år,antall,556
EliminatedValue,2,4,7,0,BEF005,2019,Bydel St.Hanshaugen,16-17 år,antall,333
EliminatedValue,2,4,8,0,BEF005,2019,Bydel St.Hanshaugen,18-19 år,antall,492
EliminatedValue,2,4,9,0,BEF005,2019,Bydel St.Hanshaugen,20-22 år,antall,2054
EliminatedValue,2,4,10,0,BEF005,2019,Bydel St.Hanshaugen,23-24 år,antall,2168
EliminatedValue,2,4,11,0,BEF005,2019,Bydel St.Hanshaugen,25-29 år,antall,7728
EliminatedValue,2,4,12,0,BEF005,2019,Bydel St.Hanshaugen,30-39 år,antall,9856
EliminatedValue,2,4,13,0,BEF005,2019,Bydel St.Hanshaugen,40-49 år,antall,4811
EliminatedValue,2,4,14,0,BEF005,2019,Bydel St.Hanshaugen,50-66 år,antall,5059
EliminatedValue,2,4,15,0,BEF005,2019,Bydel St.Hanshaugen,67-74 år,antall,1558
EliminatedValue,2,4,16,0,BEF005,2019,Bydel St.Hanshaugen,75-79 år,antall,554
EliminatedValue,2,4,17,0,BEF005,2019,Bydel St.Hanshaugen,80-84 år,antall,301
EliminatedValue,2,4,18,0,BEF005,2019,Bydel St.Hanshaugen,85-89 år,antall,192
EliminatedValue,2,4,19,0,BEF005,2019,Bydel St.Hanshaugen,90-94 år,antall,107
EliminatedValue,2,4,20,0,BEF005,2019,Bydel St.Hanshaugen,95+ år,antall,77
EliminatedValue,2,5,0,0,BEF005,2019,Bydel Frogner,Alder i alt,antall,58938
EliminatedValue,2,5,1,0,BEF005,2019,Bydel Frogner,0 år,antall,647
EliminatedValue,2,5,2,0,BEF005,2019,Bydel Frogner,1-2 år,antall,1108
EliminatedValue,2,5,3,0,BEF005,2019,Bydel Frogner,3-5 år,antall,1256
EliminatedValue,2,5,4,0,BEF005,2019,Bydel Frogner,6-9 år,antall,1408
EliminatedValue,2,5,5,0,BEF005,2019,Bydel Frogner,10-12 år,antall,960
EliminatedValue,2,5,6,0,BEF005,2019,Bydel Frogner,13-15 år,antall,894
EliminatedValue,2,5,7,0,BEF005,2019,Bydel Frogner,16-17 år,antall,586
EliminatedValue,2,5,8,0,BEF005,2019,Bydel Frogner,18-19 år,antall,779
EliminatedValue,2,5,9,0,BEF005,2019,Bydel Frogner,20-22 år,antall,2683
EliminatedValue,2,5,10,0,BEF005,2019,Bydel Frogner,23-24 år,antall,2700
EliminatedValue,2,5,11,0,BEF005,2019,Bydel Frogner,25-29 år,antall,9303
EliminatedValue,2,5,12,0,BEF005,2019,Bydel Frogner,30-39 år,antall,11897
EliminatedValue,2,5,13,0,BEF005,2019,Bydel Frogner,40-49 år,antall,6882
EliminatedValue,2,5,14,0,BEF005,2019,Bydel Frogner,50-66 år,antall,10248
EliminatedValue,2,5,15,0,BEF005,2019,Bydel Frogner,67-74 år,antall,3986
EliminatedValue,2,5,16,0,BEF005,2019,Bydel Frogner,75-79 år,antall,1586
EliminatedValue,2,5,17,0,BEF005,2019,Bydel Frogner,80-84 år,antall,970
EliminatedValue,2,5,18,0,BEF005,2019,Bydel Frogner,85-89 år,antall,579
EliminatedValue,2,5,19,0,BEF005,2019,Bydel Frogner,90-94 år,antall,322
EliminatedValue,2,5,20,0,BEF005,2019,Bydel Frogner,95+ år,antall,144
EliminatedValue,2,6,0,0,BEF005,2019,Bydel Ullern,Alder i alt,antall,33659
EliminatedValue,2,6,1,0,BEF005,2019,Bydel Ullern,0 år,antall,412
EliminatedValue,2,6,2,0,BEF005,2019,Bydel Ullern,1-2 år,antall,821
EliminatedValue,2,6,3,0,BEF005,2019,Bydel Ullern,3-5 år,antall,1249
EliminatedValue,2,6,4,0,BEF005,2019,Bydel Ullern,6-9 år,antall,1712
EliminatedValue,2,6,5,0,BEF005,2019,Bydel Ullern,10-12 år,antall,1253
EliminatedValue,2,6,6,0,BEF005,2019,Bydel Ullern,13-15 år,antall,1110
EliminatedValue,2,6,7,0,BEF005,2019,Bydel Ullern,16-17 år,antall,701
EliminatedValue,2,6,8,0,BEF005,2019,Bydel Ullern,18-19 år,antall,625
EliminatedValue,2,6,9,0,BEF005,2019,Bydel Ullern,20-22 år,antall,863
EliminatedValue,2,6,10,0,BEF005,2019,Bydel Ullern,23-24 år,antall,656
EliminatedValue,2,6,11,0,BEF005,2019,Bydel Ullern,25-29 år,antall,1992
EliminatedValue,2,6,12,0,BEF005,2019,Bydel Ullern,30-39 år,antall,4911
EliminatedValue,2,6,13,0,BEF005,2019,Bydel Ullern,40-49 år,antall,4674
EliminatedValue,2,6,14,0,BEF005,2019,Bydel Ullern,50-66 år,antall,6821
EliminatedValue,2,6,15,0,BEF005,2019,Bydel Ullern,67-74 år,antall,3033
EliminatedValue,2,6,16,0,BEF005,2019,Bydel Ullern,75-79 år,antall,1228
EliminatedValue,2,6,17,0,BEF005,2019,Bydel Ullern,80-84 år,antall,725
EliminatedValue,2,6,18,0,BEF005,2019,Bydel Ullern,85-89 år,antall,494
EliminatedValue,2,6,19,0,BEF005,2019,Bydel Ullern,90-94 år,antall,293
EliminatedValue,2,6,20,0,BEF005,2019,Bydel Ullern,95+ år,antall,86
EliminatedValue,2,7,0,0,BEF005,2019,Bydel Vestre Aker,Alder i alt,antall,49898
EliminatedValue,2,7,1,0,BEF005,2019,Bydel Vestre Aker,0 år,antall,617
EliminatedValue,2,7,2,0,BEF005,2019,Bydel Vestre Aker,1-2 år,antall,1323
EliminatedValue,2,7,3,0,BEF005,2019,Bydel Vestre Aker,3-5 år,antall,2103
EliminatedValue,2,7,4,0,BEF005,2019,Bydel Vestre Aker,6-9 år,antall,2743
EliminatedValue,2,7,5,0,BEF005,2019,Bydel Vestre Aker,10-12 år,antall,2097
EliminatedValue,2,7,6,0,BEF005,2019,Bydel Vestre Aker,13-15 år,antall,1861
EliminatedValue,2,7,7,0,BEF005,2019,Bydel Vestre Aker,16-17 år,antall,1116
EliminatedValue,2,7,8,0,BEF005,2019,Bydel Vestre Aker,18-19 år,antall,1111
EliminatedValue,2,7,9,0,BEF005,2019,Bydel Vestre Aker,20-22 år,antall,1523
EliminatedValue,2,7,10,0,BEF005,2019,Bydel Vestre Aker,23-24 år,antall,1040
EliminatedValue,2,7,11,0,BEF005,2019,Bydel Vestre Aker,25-29 år,antall,2864
EliminatedValue,2,7,12,0,BEF005,2019,Bydel Vestre Aker,30-39 år,antall,6922
EliminatedValue,2,7,13,0,BEF005,2019,Bydel Vestre Aker,40-49 år,antall,7284
EliminatedValue,2,7,14,0,BEF005,2019,Bydel Vestre Aker,50-66 år,antall,9670
EliminatedValue,2,7,15,0,BEF005,2019,Bydel Vestre Aker,67-74 år,antall,4046
EliminatedValue,2,7,16,0,BEF005,2019,Bydel Vestre Aker,75-79 år,antall,1484
EliminatedValue,2,7,17,0,BEF005,2019,Bydel Vestre Aker,80-84 år,antall,910
EliminatedValue,2,7,18,0,BEF005,2019,Bydel Vestre Aker,85-89 år,antall,682
EliminatedValue,2,7,19,0,BEF005,2019,Bydel Vestre Aker,90-94 år,antall,339
EliminatedValue,2,7,20,0,BEF005,2019,Bydel Vestre Aker,95+ år,antall,163
EliminatedValue,2,8,0,0,BEF005,2019,Bydel Nordre Aker,Alder i alt,antall,52443
EliminatedValue,2,8,1,0,BEF005,2019,Bydel Nordre Aker,0 år,antall,584
EliminatedValue,2,8,2,0,BEF005,2019,Bydel Nordre Aker,1-2 år,antall,1233
EliminatedValue,2,8,3,0,BEF005,2019,Bydel Nordre Aker,3-5 år,antall,1990
EliminatedValue,2,8,4,0,BEF005,2019,Bydel Nordre Aker,6-9 år,antall,2826
EliminatedValue,2,8,5,0,BEF005,2019,Bydel Nordre Aker,10-12 år,antall,1993
EliminatedValue,2,8,6,0,BEF005,2019,Bydel Nordre Aker,13-15 år,antall,1896
EliminatedValue,2,8,7,0,BEF005,2019,Bydel Nordre Aker,16-17 år,antall,1115
EliminatedValue,2,8,8,0,BEF005,2019,Bydel Nordre Aker,18-19 år,antall,1242
EliminatedValue,2,8,9,0,BEF005,2019,Bydel Nordre Aker,20-22 år,antall,2545
EliminatedValue,2,8,10,0,BEF005,2019,Bydel Nordre Aker,23-24 år,antall,1797
EliminatedValue,2,8,11,0,BEF005,2019,Bydel Nordre Aker,25-29 år,antall,4186
EliminatedValue,2,8,12,0,BEF005,2019,Bydel Nordre Aker,30-39 år,antall,7406
EliminatedValue,2,8,13,0,BEF005,2019,Bydel Nordre Aker,40-49 år,antall,7639
EliminatedValue,2,8,14,0,BEF005,2019,Bydel Nordre Aker,50-66 år,antall,9641
EliminatedValue,2,8,15,0,BEF005,2019,Bydel Nordre Aker,67-74 år,antall,3232
EliminatedValue,2,8,16,0,BEF005,2019,Bydel Nordre Aker,75-79 år,antall,1205
EliminatedValue,2,8,17,0,BEF005,2019,Bydel Nordre Aker,80-84 år,antall,834
EliminatedValue,2,8,18,0,BEF005,2019,Bydel Nordre Aker,85-89 år,antall,656
EliminatedValue,2,8,19,0,BEF005,2019,Bydel Nordre Aker,90-94 år,antall,328
EliminatedValue,2,8,20,0,BEF005,2019,Bydel Nordre Aker,95+ år,antall,95
EliminatedValue,2,9,0,0,BEF005,2019,Bydel Bjerke,Alder i alt,antall,32580
EliminatedValue,2,9,1,0,BEF005,2019,Bydel Bjerke,0 år,antall,529
EliminatedValue,2,9,2,0,BEF005,2019,Bydel Bjerke,1-2 år,antall,979
EliminatedValue,2,9,3,0,BEF005,2019,Bydel Bjerke,3-5 år,antall,1394
EliminatedValue,2,9,4,0,BEF005,2019,Bydel Bjerke,6-9 år,antall,1821
EliminatedValue,2,9,5,0,BEF005,2019,Bydel Bjerke,10-12 år,antall,1270
EliminatedValue,2,9,6,0,BEF005,2019,Bydel Bjerke,13-15 år,antall,1113
EliminatedValue,2,9,7,0,BEF005,2019,Bydel Bjerke,16-17 år,antall,688
EliminatedValue,2,9,8,0,BEF005,2019,Bydel Bjerke,18-19 år,antall,637
EliminatedValue,2,9,9,0,BEF005,2019,Bydel Bjerke,20-22 år,antall,976
EliminatedValue,2,9,10,0,BEF005,2019,Bydel Bjerke,23-24 år,antall,764
EliminatedValue,2,9,11,0,BEF005,2019,Bydel Bjerke,25-29 år,antall,2796
EliminatedValue,2,9,12,0,BEF005,2019,Bydel Bjerke,30-39 år,antall,6082
EliminatedValue,2,9,13,0,BEF005,2019,Bydel Bjerke,40-49 år,antall,4991
EliminatedValue,2,9,14,0,BEF005,2019,Bydel Bjerke,50-66 år,antall,5318
EliminatedValue,2,9,15,0,BEF005,2019,Bydel Bjerke,67-74 år,antall,1589
EliminatedValue,2,9,16,0,BEF005,2019,Bydel Bjerke,75-79 år,antall,598
EliminatedValue,2,9,17,0,BEF005,2019,Bydel Bjerke,80-84 år,antall,423
EliminatedValue,2,9,18,0,BEF005,2019,Bydel Bjerke,85-89 år,antall,365
EliminatedValue,2,9,19,0,BEF005,2019,Bydel Bjerke,90-94 år,antall,184
EliminatedValue,2,9,20,0,BEF005,2019,Bydel Bjerke,95+ år,antall,63
EliminatedValue,2,10,0,0,BEF005,2019,Bydel Grorud,Alder i alt,antall,27485
EliminatedValue,2,10,1,0,BEF005,2019,Bydel Grorud,0 år,antall,341
EliminatedValue,2,10,2,0,BEF005,2019,Bydel Grorud,1-2 år,antall,678
EliminatedValue,2,10,3,0,BEF005,2019,Bydel Grorud,3-5 år,antall,1003
EliminatedValue,2,10,4,0,BEF005,2019,Bydel Grorud,6-9 år,antall,1279
EliminatedValue,2,10,5,0,BEF005,2019,Bydel Grorud,10-12 år,antall,976
EliminatedValue,2,10,6,0,BEF005,2019,Bydel Grorud,13-15 år,antall,927
EliminatedValue,2,10,7,0,BEF005,2019,Bydel Grorud,16-17 år,antall,627
EliminatedValue,2,10,8,0,BEF005,2019,Bydel Grorud,18-19 år,antall,622
EliminatedValue,2,10,9,0,BEF005,2019,Bydel Grorud,20-22 år,antall,990
EliminatedValue,2,10,10,0,BEF005,2019,Bydel Grorud,23-24 år,antall,695
EliminatedValue,2,10,11,0,BEF005,2019,Bydel Grorud,25-29 år,antall,2066
EliminatedValue,2,10,12,0,BEF005,2019,Bydel Grorud,30-39 år,antall,4310
EliminatedValue,2,10,13,0,BEF005,2019,Bydel Grorud,40-49 år,antall,3998
EliminatedValue,2,10,14,0,BEF005,2019,Bydel Grorud,50-66 år,antall,5681
EliminatedValue,2,10,15,0,BEF005,2019,Bydel Grorud,67-74 år,antall,1630
EliminatedValue,2,10,16,0,BEF005,2019,Bydel Grorud,75-79 år,antall,660
EliminatedValue,2,10,17,0,BEF005,2019,Bydel Grorud,80-84 år,antall,485
EliminatedValue,2,10,18,0,BEF005,2019,Bydel Grorud,85-89 år,antall,327
EliminatedValue,2,10,19,0,BEF005,2019,Bydel Grorud,90-94 år,antall,148
EliminatedValue,2,10,20,0,BEF005,2019,Bydel Grorud,95+ år,antall,42
EliminatedValue,2,11,0,0,BEF005,2019,Bydel Stovner,Alder i alt,antall,32839
EliminatedValue,2,11,1,0,BEF005,2019,Bydel Stovner,0 år,antall,351
EliminatedValue,2,11,2,0,BEF005,2019,Bydel Stovner,1-2 år,antall,795
EliminatedValue,2,11,3,0,BEF005,2019,Bydel Stovner,3-5 år,antall,1242
EliminatedValue,2,11,4,0,BEF005,2019,Bydel Stovner,6-9 år,antall,1710
EliminatedValue,2,11,5,0,BEF005,2019,Bydel Stovner,10-12 år,antall,1330
EliminatedValue,2,11,6,0,BEF005,2019,Bydel Stovner,13-15 år,antall,1392
EliminatedValue,2,11,7,0,BEF005,2019,Bydel Stovner,16-17 år,antall,923
EliminatedValue,2,11,8,0,BEF005,2019,Bydel Stovner,18-19 år,antall,976
EliminatedValue,2,11,9,0,BEF005,2019,Bydel Stovner,20-22 år,antall,1328
EliminatedValue,2,11,10,0,BEF005,2019,Bydel Stovner,23-24 år,antall,824
EliminatedValue,2,11,11,0,BEF005,2019,Bydel Stovner,25-29 år,antall,2086
EliminatedValue,2,11,12,0,BEF005,2019,Bydel Stovner,30-39 år,antall,4409
EliminatedValue,2,11,13,0,BEF005,2019,Bydel Stovner,40-49 år,antall,4728
EliminatedValue,2,11,14,0,BEF005,2019,Bydel Stovner,50-66 år,antall,6323
EliminatedValue,2,11,15,0,BEF005,2019,Bydel Stovner,67-74 år,antall,2301
EliminatedValue,2,11,16,0,BEF005,2019,Bydel Stovner,75-79 år,antall,1006
EliminatedValue,2,11,17,0,BEF005,2019,Bydel Stovner,80-84 år,antall,594
EliminatedValue,2,11,18,0,BEF005,2019,Bydel Stovner,85-89 år,antall,358
EliminatedValue,2,11,19,0,BEF005,2019,Bydel Stovner,90-94 år,antall,127
EliminatedValue,2,11,20,0,BEF005,2019,Bydel Stovner,95+ år,antall,36
EliminatedValue,2,12,0,0,BEF005,2019,Bydel Alna,Alder i alt,antall,49507
EliminatedValue,2,12,1,0,BEF005,2019,Bydel Alna,0 år,antall,639
EliminatedValue,2,12,2,0,BEF005,2019,Bydel Alna,1-2 år,antall,1339
EliminatedValue,2,12,3,0,BEF005,2019,Bydel Alna,3-5 år,antall,1962
EliminatedValue,2,12,4,0,BEF005,2019,Bydel Alna,6-9 år,antall,2512
EliminatedValue,2,12,5,0,BEF005,2019,Bydel Alna,10-12 år,antall,1726
EliminatedValue,2,12,6,0,BEF005,2019,Bydel Alna,13-15 år,antall,1744
EliminatedValue,2,12,7,0,BEF005,2019,Bydel Alna,16-17 år,antall,1093
EliminatedValue,2,12,8,0,BEF005,2019,Bydel Alna,18-19 år,antall,1108
EliminatedValue,2,12,9,0,BEF005,2019,Bydel Alna,20-22 år,antall,1567
EliminatedValue,2,12,10,0,BEF005,2019,Bydel Alna,23-24 år,antall,1216
EliminatedValue,2,12,11,0,BEF005,2019,Bydel Alna,25-29 år,antall,3860
EliminatedValue,2,12,12,0,BEF005,2019,Bydel Alna,30-39 år,antall,8267
EliminatedValue,2,12,13,0,BEF005,2019,Bydel Alna,40-49 år,antall,6946
EliminatedValue,2,12,14,0,BEF005,2019,Bydel Alna,50-66 år,antall,9376
EliminatedValue,2,12,15,0,BEF005,2019,Bydel Alna,67-74 år,antall,3328
EliminatedValue,2,12,16,0,BEF005,2019,Bydel Alna,75-79 år,antall,1239
EliminatedValue,2,12,17,0,BEF005,2019,Bydel Alna,80-84 år,antall,728
EliminatedValue,2,12,18,0,BEF005,2019,Bydel Alna,85-89 år,antall,537
EliminatedValue,2,12,19,0,BEF005,2019,Bydel Alna,90-94 år,antall,230
EliminatedValue,2,12,20,0,BEF005,2019,Bydel Alna,95+ år,antall,90
EliminatedValue,2,13,0,0,BEF005,2019,Bydel Østensjø,Alder i alt,antall,50580
EliminatedValue,2,13,1,0,BEF005,2019,Bydel Østensjø,0 år,antall,611
EliminatedValue,2,13,2,0,BEF005,2019,Bydel Østensjø,1-2 år,antall,1280
EliminatedValue,2,13,3,0,BEF005,2019,Bydel Østensjø,3-5 år,antall,1975
EliminatedValue,2,13,4,0,BEF005,2019,Bydel Østensjø,6-9 år,antall,2818
EliminatedValue,2,13,5,0,BEF005,2019,Bydel Østensjø,10-12 år,antall,1959
EliminatedValue,2,13,6,0,BEF005,2019,Bydel Østensjø,13-15 år,antall,1740
EliminatedValue,2,13,7,0,BEF005,2019,Bydel Østensjø,16-17 år,antall,990
EliminatedValue,2,13,8,0,BEF005,2019,Bydel Østensjø,18-19 år,antall,1072
EliminatedValue,2,13,9,0,BEF005,2019,Bydel Østensjø,20-22 år,antall,1367
EliminatedValue,2,13,10,0,BEF005,2019,Bydel Østensjø,23-24 år,antall,945
EliminatedValue,2,13,11,0,BEF005,2019,Bydel Østensjø,25-29 år,antall,3365
EliminatedValue,2,13,12,0,BEF005,2019,Bydel Østensjø,30-39 år,antall,7783
EliminatedValue,2,13,13,0,BEF005,2019,Bydel Østensjø,40-49 år,antall,7909
EliminatedValue,2,13,14,0,BEF005,2019,Bydel Østensjø,50-66 år,antall,9910
EliminatedValue,2,13,15,0,BEF005,2019,Bydel Østensjø,67-74 år,antall,2892
EliminatedValue,2,13,16,0,BEF005,2019,Bydel Østensjø,75-79 år,antall,1175
EliminatedValue,2,13,17,0,BEF005,2019,Bydel Østensjø,80-84 år,antall,1180
EliminatedValue,2,13,18,0,BEF005,2019,Bydel Østensjø,85-89 år,antall,989
EliminatedValue,2,13,19,0,BEF005,2019,Bydel Østensjø,90-94 år,antall,477
EliminatedValue,2,13,20,0,BEF005,2019,Bydel Østensjø,95+ år,antall,143
EliminatedValue,2,14,0,0,BEF005,2019,Bydel Nordstrand,Alder i alt,antall,51952
EliminatedValue,2,14,1,0,BEF005,2019,Bydel Nordstrand,0 år,antall,564
EliminatedValue,2,14,2,0,BEF005,2019,Bydel Nordstrand,1-2 år,antall,1274
EliminatedValue,2,14,3,0,BEF005,2019,Bydel Nordstrand,3-5 år,antall,1992
EliminatedValue,2,14,4,0,BEF005,2019,Bydel Nordstrand,6-9 år,antall,2802
EliminatedValue,2,14,5,0,BEF005,2019,Bydel Nordstrand,10-12 år,antall,2057
EliminatedValue,2,14,6,0,BEF005,2019,Bydel Nordstrand,13-15 år,antall,1901
EliminatedValue,2,14,7,0,BEF005,2019,Bydel Nordstrand,16-17 år,antall,1151
EliminatedValue,2,14,8,0,BEF005,2019,Bydel Nordstrand,18-19 år,antall,1180
EliminatedValue,2,14,9,0,BEF005,2019,Bydel Nordstrand,20-22 år,antall,1555
EliminatedValue,2,14,10,0,BEF005,2019,Bydel Nordstrand,23-24 år,antall,1099
EliminatedValue,2,14,11,0,BEF005,2019,Bydel Nordstrand,25-29 år,antall,3145
EliminatedValue,2,14,12,0,BEF005,2019,Bydel Nordstrand,30-39 år,antall,7183
EliminatedValue,2,14,13,0,BEF005,2019,Bydel Nordstrand,40-49 år,antall,7993
EliminatedValue,2,14,14,0,BEF005,2019,Bydel Nordstrand,50-66 år,antall,10460
EliminatedValue,2,14,15,0,BEF005,2019,Bydel Nordstrand,67-74 år,antall,3712
EliminatedValue,2,14,16,0,BEF005,2019,Bydel Nordstrand,75-79 år,antall,1458
EliminatedValue,2,14,17,0,BEF005,2019,Bydel Nordstrand,80-84 år,antall,1002
EliminatedValue,2,14,18,0,BEF005,2019,Bydel Nordstrand,85-89 år,antall,777
EliminatedValue,2,14,19,0,BEF005,2019,Bydel Nordstrand,90-94 år,antall,483
EliminatedValue,2,14,20,0,BEF005,2019,Bydel Nordstrand,95+ år,antall,164
EliminatedValue,2,15,0,0,BEF005,2019,Bydel Søndre Nordstrand,Alder i alt,antall,38847
EliminatedValue,2,15,1,0,BEF005,2019,Bydel Søndre Nordstrand,0 år,antall,459
EliminatedValue,2,15,2,0,BEF005,2019,Bydel Søndre Nordstrand,1-2 år,antall,1090
EliminatedValue,2,15,3,0,BEF005,2019,Bydel Søndre Nordstrand,3-5 år,antall,1615
EliminatedValue,2,15,4,0,BEF005,2019,Bydel Søndre Nordstrand,6-9 år,antall,2314
EliminatedValue,2,15,5,0,BEF005,2019,Bydel Søndre Nordstrand,10-12 år,antall,1723
EliminatedValue,2,15,6,0,BEF005,2019,Bydel Søndre Nordstrand,13-15 år,antall,1684
EliminatedValue,2,15,7,0,BEF005,2019,Bydel Søndre Nordstrand,16-17 år,antall,1132
EliminatedValue,2,15,8,0,BEF005,2019,Bydel Søndre Nordstrand,18-19 år,antall,1145
EliminatedValue,2,15,9,0,BEF005,2019,Bydel Søndre Nordstrand,20-22 år,antall,1470
EliminatedValue,2,15,10,0,BEF005,2019,Bydel Søndre Nordstrand,23-24 år,antall,968
EliminatedValue,2,15,11,0,BEF005,2019,Bydel Søndre Nordstrand,25-29 år,antall,2420
EliminatedValue,2,15,12,0,BEF005,2019,Bydel Søndre Nordstrand,30-39 år,antall,5782
EliminatedValue,2,15,13,0,BEF005,2019,Bydel Søndre Nordstrand,40-49 år,antall,5504
EliminatedValue,2,15,14,0,BEF005,2019,Bydel Søndre Nordstrand,50-66 år,antall,8057
EliminatedValue,2,15,15,0,BEF005,2019,Bydel Søndre Nordstrand,67-74 år,antall,2138
EliminatedValue,2,15,16,0,BEF005,2019,Bydel Søndre Nordstrand,75-79 år,antall,687
EliminatedValue,2,15,17,0,BEF005,2019,Bydel Søndre Nordstrand,80-84 år,antall,323
EliminatedValue,2,15,18,0,BEF005,2019,Bydel Søndre Nordstrand,85-89 år,antall,209
EliminatedValue,2,15,19,0,BEF005,2019,Bydel Søndre Nordstrand,90-94 år,antall,96
EliminatedValue,2,15,20,0,BEF005,2019,Bydel Søndre Nordstrand,95+ år,antall,31
EliminatedValue,3,100000,0,0,BEF005,2020,Oslo i alt,Alder i alt,antall,691172
EliminatedValue,3,100000,1,0,BEF005,2020,Oslo i alt,0 år,antall,9095
EliminatedValue,3,100000,2,0,BEF005,2020,Oslo i alt,1-2 år,antall,16667
EliminatedValue,3,100000,3,0,BEF005,2020,Oslo i alt,3-5 år,antall,23780
EliminatedValue,3,100000,4,0,BEF005,2020,Oslo i alt,6-9 år,antall,29543
EliminatedValue,3,100000,5,0,BEF005,2020,Oslo i alt,10-12 år,antall,21505
EliminatedValue,3,100000,6,0,BEF005,2020,Oslo i alt,13-15 år,antall,19700
EliminatedValue,3,100000,7,0,BEF005,2020,Oslo i alt,16-17 år,antall,12473
EliminatedValue,3,100000,8,0,BEF005,2020,Oslo i alt,18-19 år,antall,12771
EliminatedValue,3,100000,9,0,BEF005,2020,Oslo i alt,20-22 år,antall,24817
EliminatedValue,3,100000,10,0,BEF005,2020,Oslo i alt,23-24 år,antall,21878
EliminatedValue,3,100000,11,0,BEF005,2020,Oslo i alt,25-29 år,antall,74521
EliminatedValue,3,100000,12,0,BEF005,2020,Oslo i alt,30-39 år,antall,132582
EliminatedValue,3,100000,13,0,BEF005,2020,Oslo i alt,40-49 år,antall,95958
EliminatedValue,3,100000,14,0,BEF005,2020,Oslo i alt,50-66 år,antall,119533
EliminatedValue,3,100000,15,0,BEF005,2020,Oslo i alt,67-74 år,antall,39111
EliminatedValue,3,100000,16,0,BEF005,2020,Oslo i alt,75-79 år,antall,15923
EliminatedValue,3,100000,17,0,BEF005,2020,Oslo i alt,80-84 år,antall,9906
EliminatedValue,3,100000,18,0,BEF005,2020,Oslo i alt,85-89 år,antall,6553
EliminatedValue,3,100000,19,0,BEF005,2020,Oslo i alt,90-94 år,antall,3479
EliminatedValue,3,100000,20,0,BEF005,2020,Oslo i alt,95+ år,antall,1377
EliminatedValue,3,1,0,0,BEF005,2020,Bydel Gamle Oslo,Alder i alt,antall,58713
EliminatedValue,3,1,1,0,BEF005,2020,Bydel Gamle Oslo,0 år,antall,962
EliminatedValue,3,1,2,0,BEF005,2020,Bydel Gamle Oslo,1-2 år,antall,1640
EliminatedValue,3,1,3,0,BEF005,2020,Bydel Gamle Oslo,3-5 år,antall,1978
EliminatedValue,3,1,4,0,BEF005,2020,Bydel Gamle Oslo,6-9 år,antall,2038
EliminatedValue,3,1,5,0,BEF005,2020,Bydel Gamle Oslo,10-12 år,antall,1327
EliminatedValue,3,1,6,0,BEF005,2020,Bydel Gamle Oslo,13-15 år,antall,1056
EliminatedValue,3,1,7,0,BEF005,2020,Bydel Gamle Oslo,16-17 år,antall,639
EliminatedValue,3,1,8,0,BEF005,2020,Bydel Gamle Oslo,18-19 år,antall,717
EliminatedValue,3,1,9,0,BEF005,2020,Bydel Gamle Oslo,20-22 år,antall,1795
EliminatedValue,3,1,10,0,BEF005,2020,Bydel Gamle Oslo,23-24 år,antall,1910
EliminatedValue,3,1,11,0,BEF005,2020,Bydel Gamle Oslo,25-29 år,antall,8350
EliminatedValue,3,1,12,0,BEF005,2020,Bydel Gamle Oslo,30-39 år,antall,15878
EliminatedValue,3,1,13,0,BEF005,2020,Bydel Gamle Oslo,40-49 år,antall,8580
EliminatedValue,3,1,14,0,BEF005,2020,Bydel Gamle Oslo,50-66 år,antall,8299
EliminatedValue,3,1,15,0,BEF005,2020,Bydel Gamle Oslo,67-74 år,antall,2157
EliminatedValue,3,1,16,0,BEF005,2020,Bydel Gamle Oslo,75-79 år,antall,664
EliminatedValue,3,1,17,0,BEF005,2020,Bydel Gamle Oslo,80-84 år,antall,338
EliminatedValue,3,1,18,0,BEF005,2020,Bydel Gamle Oslo,85-89 år,antall,207
EliminatedValue,3,1,19,0,BEF005,2020,Bydel Gamle Oslo,90-94 år,antall,122
EliminatedValue,3,1,20,0,BEF005,2020,Bydel Gamle Oslo,95+ år,antall,56
EliminatedValue,3,2,0,0,BEF005,2020,Bydel Grünerløkka,Alder i alt,antall,62409
EliminatedValue,3,2,1,0,BEF005,2020,Bydel Grünerløkka,0 år,antall,1034
EliminatedValue,3,2,2,0,BEF005,2020,Bydel Grünerløkka,1-2 år,antall,1564
EliminatedValue,3,2,3,0,BEF005,2020,Bydel Grünerløkka,3-5 år,antall,1755
EliminatedValue,3,2,4,0,BEF005,2020,Bydel Grünerløkka,6-9 år,antall,1749
EliminatedValue,3,2,5,0,BEF005,2020,Bydel Grünerløkka,10-12 år,antall,1115
EliminatedValue,3,2,6,0,BEF005,2020,Bydel Grünerløkka,13-15 år,antall,932
EliminatedValue,3,2,7,0,BEF005,2020,Bydel Grünerløkka,16-17 år,antall,573
EliminatedValue,3,2,8,0,BEF005,2020,Bydel Grünerløkka,18-19 år,antall,691
EliminatedValue,3,2,9,0,BEF005,2020,Bydel Grünerløkka,20-22 år,antall,2520
EliminatedValue,3,2,10,0,BEF005,2020,Bydel Grünerløkka,23-24 år,antall,2831
EliminatedValue,3,2,11,0,BEF005,2020,Bydel Grünerløkka,25-29 år,antall,11669
EliminatedValue,3,2,12,0,BEF005,2020,Bydel Grünerløkka,30-39 år,antall,17430
EliminatedValue,3,2,13,0,BEF005,2020,Bydel Grünerløkka,40-49 år,antall,8042
EliminatedValue,3,2,14,0,BEF005,2020,Bydel Grünerløkka,50-66 år,antall,7315
EliminatedValue,3,2,15,0,BEF005,2020,Bydel Grünerløkka,67-74 år,antall,1867
EliminatedValue,3,2,16,0,BEF005,2020,Bydel Grünerløkka,75-79 år,antall,668
EliminatedValue,3,2,17,0,BEF005,2020,Bydel Grünerløkka,80-84 år,antall,303
EliminatedValue,3,2,18,0,BEF005,2020,Bydel Grünerløkka,85-89 år,antall,179
EliminatedValue,3,2,19,0,BEF005,2020,Bydel Grünerløkka,90-94 år,antall,112
EliminatedValue,3,2,20,0,BEF005,2020,Bydel Grünerløkka,95+ år,antall,60
EliminatedValue,3,3,0,0,BEF005,2020,Bydel Sagene,Alder i alt,antall,45053
EliminatedValue,3,3,1,0,BEF005,2020,Bydel Sagene,0 år,antall,798
EliminatedValue,3,3,2,0,BEF005,2020,Bydel Sagene,1-2 år,antall,1220
EliminatedValue,3,3,3,0,BEF005,2020,Bydel Sagene,3-5 år,antall,1334
EliminatedValue,3,3,4,0,BEF005,2020,Bydel Sagene,6-9 år,antall,1218
EliminatedValue,3,3,5,0,BEF005,2020,Bydel Sagene,10-12 år,antall,703
EliminatedValue,3,3,6,0,BEF005,2020,Bydel Sagene,13-15 år,antall,570
EliminatedValue,3,3,7,0,BEF005,2020,Bydel Sagene,16-17 år,antall,379
EliminatedValue,3,3,8,0,BEF005,2020,Bydel Sagene,18-19 år,antall,420
EliminatedValue,3,3,9,0,BEF005,2020,Bydel Sagene,20-22 år,antall,1678
EliminatedValue,3,3,10,0,BEF005,2020,Bydel Sagene,23-24 år,antall,1956
EliminatedValue,3,3,11,0,BEF005,2020,Bydel Sagene,25-29 år,antall,8176
EliminatedValue,3,3,12,0,BEF005,2020,Bydel Sagene,30-39 år,antall,12551
EliminatedValue,3,3,13,0,BEF005,2020,Bydel Sagene,40-49 år,antall,5470
EliminatedValue,3,3,14,0,BEF005,2020,Bydel Sagene,50-66 år,antall,5577
EliminatedValue,3,3,15,0,BEF005,2020,Bydel Sagene,67-74 år,antall,1710
EliminatedValue,3,3,16,0,BEF005,2020,Bydel Sagene,75-79 år,antall,634
EliminatedValue,3,3,17,0,BEF005,2020,Bydel Sagene,80-84 år,antall,317
EliminatedValue,3,3,18,0,BEF005,2020,Bydel Sagene,85-89 år,antall,181
EliminatedValue,3,3,19,0,BEF005,2020,Bydel Sagene,90-94 år,antall,95
EliminatedValue,3,3,20,0,BEF005,2020,Bydel Sagene,95+ år,antall,66
EliminatedValue,3,4,0,0,BEF005,2020,Bydel St.Hanshaugen,Alder i alt,antall,40321
EliminatedValue,3,4,1,0,BEF005,2020,Bydel St.Hanshaugen,0 år,antall,542
EliminatedValue,3,4,2,0,BEF005,2020,Bydel St.Hanshaugen,1-2 år,antall,764
EliminatedValue,3,4,3,0,BEF005,2020,Bydel St.Hanshaugen,3-5 år,antall,870
EliminatedValue,3,4,4,0,BEF005,2020,Bydel St.Hanshaugen,6-9 år,antall,987
EliminatedValue,3,4,5,0,BEF005,2020,Bydel St.Hanshaugen,10-12 år,antall,654
EliminatedValue,3,4,6,0,BEF005,2020,Bydel St.Hanshaugen,13-15 år,antall,517
EliminatedValue,3,4,7,0,BEF005,2020,Bydel St.Hanshaugen,16-17 år,antall,378
EliminatedValue,3,4,8,0,BEF005,2020,Bydel St.Hanshaugen,18-19 år,antall,455
EliminatedValue,3,4,9,0,BEF005,2020,Bydel St.Hanshaugen,20-22 år,antall,2041
EliminatedValue,3,4,10,0,BEF005,2020,Bydel St.Hanshaugen,23-24 år,antall,2250
EliminatedValue,3,4,11,0,BEF005,2020,Bydel St.Hanshaugen,25-29 år,antall,7891
EliminatedValue,3,4,12,0,BEF005,2020,Bydel St.Hanshaugen,30-39 år,antall,10040
EliminatedValue,3,4,13,0,BEF005,2020,Bydel St.Hanshaugen,40-49 år,antall,4863
EliminatedValue,3,4,14,0,BEF005,2020,Bydel St.Hanshaugen,50-66 år,antall,5193
EliminatedValue,3,4,15,0,BEF005,2020,Bydel St.Hanshaugen,67-74 år,antall,1572
EliminatedValue,3,4,16,0,BEF005,2020,Bydel St.Hanshaugen,75-79 år,antall,583
EliminatedValue,3,4,17,0,BEF005,2020,Bydel St.Hanshaugen,80-84 år,antall,354
EliminatedValue,3,4,18,0,BEF005,2020,Bydel St.Hanshaugen,85-89 år,antall,194
EliminatedValue,3,4,19,0,BEF005,2020,Bydel St.Hanshaugen,90-94 år,antall,99
EliminatedValue,3,4,20,0,BEF005,2020,Bydel St.Hanshaugen,95+ år,antall,74
EliminatedValue,3,5,0,0,BEF005,2020,Bydel Frogner,Alder i alt,antall,59292
EliminatedValue,3,5,1,0,BEF005,2020,Bydel Frogner,0 år,antall,615
EliminatedValue,3,5,2,0,BEF005,2020,Bydel Frogner,1-2 år,antall,1004
EliminatedValue,3,5,3,0,BEF005,2020,Bydel Frogner,3-5 år,antall,1229
EliminatedValue,3,5,4,0,BEF005,2020,Bydel Frogner,6-9 år,antall,1356
EliminatedValue,3,5,5,0,BEF005,2020,Bydel Frogner,10-12 år,antall,989
EliminatedValue,3,5,6,0,BEF005,2020,Bydel Frogner,13-15 år,antall,933
EliminatedValue,3,5,7,0,BEF005,2020,Bydel Frogner,16-17 år,antall,617
EliminatedValue,3,5,8,0,BEF005,2020,Bydel Frogner,18-19 år,antall,767
EliminatedValue,3,5,9,0,BEF005,2020,Bydel Frogner,20-22 år,antall,2476
EliminatedValue,3,5,10,0,BEF005,2020,Bydel Frogner,23-24 år,antall,2721
EliminatedValue,3,5,11,0,BEF005,2020,Bydel Frogner,25-29 år,antall,9427
EliminatedValue,3,5,12,0,BEF005,2020,Bydel Frogner,30-39 år,antall,12034
EliminatedValue,3,5,13,0,BEF005,2020,Bydel Frogner,40-49 år,antall,6905
EliminatedValue,3,5,14,0,BEF005,2020,Bydel Frogner,50-66 år,antall,10493
EliminatedValue,3,5,15,0,BEF005,2020,Bydel Frogner,67-74 år,antall,3917
EliminatedValue,3,5,16,0,BEF005,2020,Bydel Frogner,75-79 år,antall,1729
EliminatedValue,3,5,17,0,BEF005,2020,Bydel Frogner,80-84 år,antall,1053
EliminatedValue,3,5,18,0,BEF005,2020,Bydel Frogner,85-89 år,antall,583
EliminatedValue,3,5,19,0,BEF005,2020,Bydel Frogner,90-94 år,antall,302
EliminatedValue,3,5,20,0,BEF005,2020,Bydel Frogner,95+ år,antall,142
EliminatedValue,3,6,0,0,BEF005,2020,Bydel Ullern,Alder i alt,antall,34500
EliminatedValue,3,6,1,0,BEF005,2020,Bydel Ullern,0 år,antall,404
EliminatedValue,3,6,2,0,BEF005,2020,Bydel Ullern,1-2 år,antall,806
EliminatedValue,3,6,3,0,BEF005,2020,Bydel Ullern,3-5 år,antall,1278
EliminatedValue,3,6,4,0,BEF005,2020,Bydel Ullern,6-9 år,antall,1623
EliminatedValue,3,6,5,0,BEF005,2020,Bydel Ullern,10-12 år,antall,1257
EliminatedValue,3,6,6,0,BEF005,2020,Bydel Ullern,13-15 år,antall,1170
EliminatedValue,3,6,7,0,BEF005,2020,Bydel Ullern,16-17 år,antall,721
EliminatedValue,3,6,8,0,BEF005,2020,Bydel Ullern,18-19 år,antall,681
EliminatedValue,3,6,9,0,BEF005,2020,Bydel Ullern,20-22 år,antall,874
EliminatedValue,3,6,10,0,BEF005,2020,Bydel Ullern,23-24 år,antall,699
EliminatedValue,3,6,11,0,BEF005,2020,Bydel Ullern,25-29 år,antall,2097
EliminatedValue,3,6,12,0,BEF005,2020,Bydel Ullern,30-39 år,antall,5093
EliminatedValue,3,6,13,0,BEF005,2020,Bydel Ullern,40-49 år,antall,4777
EliminatedValue,3,6,14,0,BEF005,2020,Bydel Ullern,50-66 år,antall,6933
EliminatedValue,3,6,15,0,BEF005,2020,Bydel Ullern,67-74 år,antall,3041
EliminatedValue,3,6,16,0,BEF005,2020,Bydel Ullern,75-79 år,antall,1357
EliminatedValue,3,6,17,0,BEF005,2020,Bydel Ullern,80-84 år,antall,803
EliminatedValue,3,6,18,0,BEF005,2020,Bydel Ullern,85-89 år,antall,491
EliminatedValue,3,6,19,0,BEF005,2020,Bydel Ullern,90-94 år,antall,298
EliminatedValue,3,6,20,0,BEF005,2020,Bydel Ullern,95+ år,antall,97
EliminatedValue,3,7,0,0,BEF005,2020,Bydel Vestre Aker,Alder i alt,antall,50876
EliminatedValue,3,7,1,0,BEF005,2020,Bydel Vestre Aker,0 år,antall,669
EliminatedValue,3,7,2,0,BEF005,2020,Bydel Vestre Aker,1-2 år,antall,1370
EliminatedValue,3,7,3,0,BEF005,2020,Bydel Vestre Aker,3-5 år,antall,2111
EliminatedValue,3,7,4,0,BEF005,2020,Bydel Vestre Aker,6-9 år,antall,2763
EliminatedValue,3,7,5,0,BEF005,2020,Bydel Vestre Aker,10-12 år,antall,2150
EliminatedValue,3,7,6,0,BEF005,2020,Bydel Vestre Aker,13-15 år,antall,1929
EliminatedValue,3,7,7,0,BEF005,2020,Bydel Vestre Aker,16-17 år,antall,1123
EliminatedValue,3,7,8,0,BEF005,2020,Bydel Vestre Aker,18-19 år,antall,1157
EliminatedValue,3,7,9,0,BEF005,2020,Bydel Vestre Aker,20-22 år,antall,1507
EliminatedValue,3,7,10,0,BEF005,2020,Bydel Vestre Aker,23-24 år,antall,1081
EliminatedValue,3,7,11,0,BEF005,2020,Bydel Vestre Aker,25-29 år,antall,2902
EliminatedValue,3,7,12,0,BEF005,2020,Bydel Vestre Aker,30-39 år,antall,7147
EliminatedValue,3,7,13,0,BEF005,2020,Bydel Vestre Aker,40-49 år,antall,7380
EliminatedValue,3,7,14,0,BEF005,2020,Bydel Vestre Aker,50-66 år,antall,9779
EliminatedValue,3,7,15,0,BEF005,2020,Bydel Vestre Aker,67-74 år,antall,4009
EliminatedValue,3,7,16,0,BEF005,2020,Bydel Vestre Aker,75-79 år,antall,1637
EliminatedValue,3,7,17,0,BEF005,2020,Bydel Vestre Aker,80-84 år,antall,1023
EliminatedValue,3,7,18,0,BEF005,2020,Bydel Vestre Aker,85-89 år,antall,643
EliminatedValue,3,7,19,0,BEF005,2020,Bydel Vestre Aker,90-94 år,antall,354
EliminatedValue,3,7,20,0,BEF005,2020,Bydel Vestre Aker,95+ år,antall,142
EliminatedValue,3,8,0,0,BEF005,2020,Bydel Nordre Aker,Alder i alt,antall,53206
EliminatedValue,3,8,1,0,BEF005,2020,Bydel Nordre Aker,0 år,antall,563
EliminatedValue,3,8,2,0,BEF005,2020,Bydel Nordre Aker,1-2 år,antall,1193
EliminatedValue,3,8,3,0,BEF005,2020,Bydel Nordre Aker,3-5 år,antall,1960
EliminatedValue,3,8,4,0,BEF005,2020,Bydel Nordre Aker,6-9 år,antall,2805
EliminatedValue,3,8,5,0,BEF005,2020,Bydel Nordre Aker,10-12 år,antall,2069
EliminatedValue,3,8,6,0,BEF005,2020,Bydel Nordre Aker,13-15 år,antall,1946
EliminatedValue,3,8,7,0,BEF005,2020,Bydel Nordre Aker,16-17 år,antall,1177
EliminatedValue,3,8,8,0,BEF005,2020,Bydel Nordre Aker,18-19 år,antall,1214
EliminatedValue,3,8,9,0,BEF005,2020,Bydel Nordre Aker,20-22 år,antall,2570
EliminatedValue,3,8,10,0,BEF005,2020,Bydel Nordre Aker,23-24 år,antall,1849
EliminatedValue,3,8,11,0,BEF005,2020,Bydel Nordre Aker,25-29 år,antall,4307
EliminatedValue,3,8,12,0,BEF005,2020,Bydel Nordre Aker,30-39 år,antall,7553
EliminatedValue,3,8,13,0,BEF005,2020,Bydel Nordre Aker,40-49 år,antall,7679
EliminatedValue,3,8,14,0,BEF005,2020,Bydel Nordre Aker,50-66 år,antall,9821
EliminatedValue,3,8,15,0,BEF005,2020,Bydel Nordre Aker,67-74 år,antall,3211
EliminatedValue,3,8,16,0,BEF005,2020,Bydel Nordre Aker,75-79 år,antall,1304
EliminatedValue,3,8,17,0,BEF005,2020,Bydel Nordre Aker,80-84 år,antall,878
EliminatedValue,3,8,18,0,BEF005,2020,Bydel Nordre Aker,85-89 år,antall,645
EliminatedValue,3,8,19,0,BEF005,2020,Bydel Nordre Aker,90-94 år,antall,345
EliminatedValue,3,8,20,0,BEF005,2020,Bydel Nordre Aker,95+ år,antall,117
EliminatedValue,3,9,0,0,BEF005,2020,Bydel Bjerke,Alder i alt,antall,33491
EliminatedValue,3,9,1,0,BEF005,2020,Bydel Bjerke,0 år,antall,481
EliminatedValue,3,9,2,0,BEF005,2020,Bydel Bjerke,1-2 år,antall,991
EliminatedValue,3,9,3,0,BEF005,2020,Bydel Bjerke,3-5 år,antall,1409
EliminatedValue,3,9,4,0,BEF005,2020,Bydel Bjerke,6-9 år,antall,1818
EliminatedValue,3,9,5,0,BEF005,2020,Bydel Bjerke,10-12 år,antall,1291
EliminatedValue,3,9,6,0,BEF005,2020,Bydel Bjerke,13-15 år,antall,1170
EliminatedValue,3,9,7,0,BEF005,2020,Bydel Bjerke,16-17 år,antall,731
EliminatedValue,3,9,8,0,BEF005,2020,Bydel Bjerke,18-19 år,antall,662
EliminatedValue,3,9,9,0,BEF005,2020,Bydel Bjerke,20-22 år,antall,964
EliminatedValue,3,9,10,0,BEF005,2020,Bydel Bjerke,23-24 år,antall,792
EliminatedValue,3,9,11,0,BEF005,2020,Bydel Bjerke,25-29 år,antall,2801
EliminatedValue,3,9,12,0,BEF005,2020,Bydel Bjerke,30-39 år,antall,6395
EliminatedValue,3,9,13,0,BEF005,2020,Bydel Bjerke,40-49 år,antall,5177
EliminatedValue,3,9,14,0,BEF005,2020,Bydel Bjerke,50-66 år,antall,5498
EliminatedValue,3,9,15,0,BEF005,2020,Bydel Bjerke,67-74 år,antall,1612
EliminatedValue,3,9,16,0,BEF005,2020,Bydel Bjerke,75-79 år,antall,646
EliminatedValue,3,9,17,0,BEF005,2020,Bydel Bjerke,80-84 år,antall,441
EliminatedValue,3,9,18,0,BEF005,2020,Bydel Bjerke,85-89 år,antall,332
EliminatedValue,3,9,19,0,BEF005,2020,Bydel Bjerke,90-94 år,antall,205
EliminatedValue,3,9,20,0,BEF005,2020,Bydel Bjerke,95+ år,antall,75
EliminatedValue,3,10,0,0,BEF005,2020,Bydel Grorud,Alder i alt,antall,27630
EliminatedValue,3,10,1,0,BEF005,2020,Bydel Grorud,0 år,antall,295
EliminatedValue,3,10,2,0,BEF005,2020,Bydel Grorud,1-2 år,antall,674
EliminatedValue,3,10,3,0,BEF005,2020,Bydel Grorud,3-5 år,antall,1001
EliminatedValue,3,10,4,0,BEF005,2020,Bydel Grorud,6-9 år,antall,1249
EliminatedValue,3,10,5,0,BEF005,2020,Bydel Grorud,10-12 år,antall,982
EliminatedValue,3,10,6,0,BEF005,2020,Bydel Grorud,13-15 år,antall,959
EliminatedValue,3,10,7,0,BEF005,2020,Bydel Grorud,16-17 år,antall,639
EliminatedValue,3,10,8,0,BEF005,2020,Bydel Grorud,18-19 år,antall,616
EliminatedValue,3,10,9,0,BEF005,2020,Bydel Grorud,20-22 år,antall,947
EliminatedValue,3,10,10,0,BEF005,2020,Bydel Grorud,23-24 år,antall,722
EliminatedValue,3,10,11,0,BEF005,2020,Bydel Grorud,25-29 år,antall,2088
EliminatedValue,3,10,12,0,BEF005,2020,Bydel Grorud,30-39 år,antall,4380
EliminatedValue,3,10,13,0,BEF005,2020,Bydel Grorud,40-49 år,antall,4002
EliminatedValue,3,10,14,0,BEF005,2020,Bydel Grorud,50-66 år,antall,5771
EliminatedValue,3,10,15,0,BEF005,2020,Bydel Grorud,67-74 år,antall,1607
EliminatedValue,3,10,16,0,BEF005,2020,Bydel Grorud,75-79 år,antall,710
EliminatedValue,3,10,17,0,BEF005,2020,Bydel Grorud,80-84 år,antall,459
EliminatedValue,3,10,18,0,BEF005,2020,Bydel Grorud,85-89 år,antall,323
EliminatedValue,3,10,19,0,BEF005,2020,Bydel Grorud,90-94 år,antall,155
EliminatedValue,3,10,20,0,BEF005,2020,Bydel Grorud,95+ år,antall,51
EliminatedValue,3,11,0,0,BEF005,2020,Bydel Stovner,Alder i alt,antall,33259
EliminatedValue,3,11,1,0,BEF005,2020,Bydel Stovner,0 år,antall,411
EliminatedValue,3,11,2,0,BEF005,2020,Bydel Stovner,1-2 år,antall,730
EliminatedValue,3,11,3,0,BEF005,2020,Bydel Stovner,3-5 år,antall,1267
EliminatedValue,3,11,4,0,BEF005,2020,Bydel Stovner,6-9 år,antall,1667
EliminatedValue,3,11,5,0,BEF005,2020,Bydel Stovner,10-12 år,antall,1321
EliminatedValue,3,11,6,0,BEF005,2020,Bydel Stovner,13-15 år,antall,1391
EliminatedValue,3,11,7,0,BEF005,2020,Bydel Stovner,16-17 år,antall,958
EliminatedValue,3,11,8,0,BEF005,2020,Bydel Stovner,18-19 år,antall,977
EliminatedValue,3,11,9,0,BEF005,2020,Bydel Stovner,20-22 år,antall,1333
EliminatedValue,3,11,10,0,BEF005,2020,Bydel Stovner,23-24 år,antall,875
EliminatedValue,3,11,11,0,BEF005,2020,Bydel Stovner,25-29 år,antall,2119
EliminatedValue,3,11,12,0,BEF005,2020,Bydel Stovner,30-39 år,antall,4581
EliminatedValue,3,11,13,0,BEF005,2020,Bydel Stovner,40-49 år,antall,4627
EliminatedValue,3,11,14,0,BEF005,2020,Bydel Stovner,50-66 år,antall,6533
EliminatedValue,3,11,15,0,BEF005,2020,Bydel Stovner,67-74 år,antall,2231
EliminatedValue,3,11,16,0,BEF005,2020,Bydel Stovner,75-79 år,antall,1081
EliminatedValue,3,11,17,0,BEF005,2020,Bydel Stovner,80-84 år,antall,636
EliminatedValue,3,11,18,0,BEF005,2020,Bydel Stovner,85-89 år,antall,337
EliminatedValue,3,11,19,0,BEF005,2020,Bydel Stovner,90-94 år,antall,144
EliminatedValue,3,11,20,0,BEF005,2020,Bydel Stovner,95+ år,antall,40
EliminatedValue,3,12,0,0,BEF005,2020,Bydel Alna,Alder i alt,antall,49834
EliminatedValue,3,12,1,0,BEF005,2020,Bydel Alna,0 år,antall,627
EliminatedValue,3,12,2,0,BEF005,2020,Bydel Alna,1-2 år,antall,1294
EliminatedValue,3,12,3,0,BEF005,2020,Bydel Alna,3-5 år,antall,1952
EliminatedValue,3,12,4,0,BEF005,2020,Bydel Alna,6-9 år,antall,2480
EliminatedValue,3,12,5,0,BEF005,2020,Bydel Alna,10-12 år,antall,1812
EliminatedValue,3,12,6,0,BEF005,2020,Bydel Alna,13-15 år,antall,1659
EliminatedValue,3,12,7,0,BEF005,2020,Bydel Alna,16-17 år,antall,1125
EliminatedValue,3,12,8,0,BEF005,2020,Bydel Alna,18-19 år,antall,1095
EliminatedValue,3,12,9,0,BEF005,2020,Bydel Alna,20-22 år,antall,1633
EliminatedValue,3,12,10,0,BEF005,2020,Bydel Alna,23-24 år,antall,1164
EliminatedValue,3,12,11,0,BEF005,2020,Bydel Alna,25-29 år,antall,3886
EliminatedValue,3,12,12,0,BEF005,2020,Bydel Alna,30-39 år,antall,8451
EliminatedValue,3,12,13,0,BEF005,2020,Bydel Alna,40-49 år,antall,6981
EliminatedValue,3,12,14,0,BEF005,2020,Bydel Alna,50-66 år,antall,9381
EliminatedValue,3,12,15,0,BEF005,2020,Bydel Alna,67-74 år,antall,3365
EliminatedValue,3,12,16,0,BEF005,2020,Bydel Alna,75-79 år,antall,1317
EliminatedValue,3,12,17,0,BEF005,2020,Bydel Alna,80-84 år,antall,759
EliminatedValue,3,12,18,0,BEF005,2020,Bydel Alna,85-89 år,antall,526
EliminatedValue,3,12,19,0,BEF005,2020,Bydel Alna,90-94 år,antall,239
EliminatedValue,3,12,20,0,BEF005,2020,Bydel Alna,95+ år,antall,88
EliminatedValue,3,13,0,0,BEF005,2020,Bydel Østensjø,Alder i alt,antall,50905
EliminatedValue,3,13,1,0,BEF005,2020,Bydel Østensjø,0 år,antall,596
EliminatedValue,3,13,2,0,BEF005,2020,Bydel Østensjø,1-2 år,antall,1237
EliminatedValue,3,13,3,0,BEF005,2020,Bydel Østensjø,3-5 år,antall,2038
EliminatedValue,3,13,4,0,BEF005,2020,Bydel Østensjø,6-9 år,antall,2699
EliminatedValue,3,13,5,0,BEF005,2020,Bydel Østensjø,10-12 år,antall,2002
EliminatedValue,3,13,6,0,BEF005,2020,Bydel Østensjø,13-15 år,antall,1817
EliminatedValue,3,13,7,0,BEF005,2020,Bydel Østensjø,16-17 år,antall,1063
EliminatedValue,3,13,8,0,BEF005,2020,Bydel Østensjø,18-19 år,antall,1039
EliminatedValue,3,13,9,0,BEF005,2020,Bydel Østensjø,20-22 år,antall,1396
EliminatedValue,3,13,10,0,BEF005,2020,Bydel Østensjø,23-24 år,antall,954
EliminatedValue,3,13,11,0,BEF005,2020,Bydel Østensjø,25-29 år,antall,3287
EliminatedValue,3,13,12,0,BEF005,2020,Bydel Østensjø,30-39 år,antall,7942
EliminatedValue,3,13,13,0,BEF005,2020,Bydel Østensjø,40-49 år,antall,7851
EliminatedValue,3,13,14,0,BEF005,2020,Bydel Østensjø,50-66 år,antall,10169
EliminatedValue,3,13,15,0,BEF005,2020,Bydel Østensjø,67-74 år,antall,2875
EliminatedValue,3,13,16,0,BEF005,2020,Bydel Østensjø,75-79 år,antall,1255
EliminatedValue,3,13,17,0,BEF005,2020,Bydel Østensjø,80-84 år,antall,1129
EliminatedValue,3,13,18,0,BEF005,2020,Bydel Østensjø,85-89 år,antall,942
EliminatedValue,3,13,19,0,BEF005,2020,Bydel Østensjø,90-94 år,antall,470
EliminatedValue,3,13,20,0,BEF005,2020,Bydel Østensjø,95+ år,antall,144
EliminatedValue,3,14,0,0,BEF005,2020,Bydel Nordstrand,Alder i alt,antall,52574
EliminatedValue,3,14,1,0,BEF005,2020,Bydel Nordstrand,0 år,antall,592
EliminatedValue,3,14,2,0,BEF005,2020,Bydel Nordstrand,1-2 år,antall,1215
EliminatedValue,3,14,3,0,BEF005,2020,Bydel Nordstrand,3-5 år,antall,2007
EliminatedValue,3,14,4,0,BEF005,2020,Bydel Nordstrand,6-9 år,antall,2811
EliminatedValue,3,14,5,0,BEF005,2020,Bydel Nordstrand,10-12 år,antall,2088
EliminatedValue,3,14,6,0,BEF005,2020,Bydel Nordstrand,13-15 år,antall,1938
EliminatedValue,3,14,7,0,BEF005,2020,Bydel Nordstrand,16-17 år,antall,1204
EliminatedValue,3,14,8,0,BEF005,2020,Bydel Nordstrand,18-19 år,antall,1195
EliminatedValue,3,14,9,0,BEF005,2020,Bydel Nordstrand,20-22 år,antall,1542
EliminatedValue,3,14,10,0,BEF005,2020,Bydel Nordstrand,23-24 år,antall,1121
EliminatedValue,3,14,11,0,BEF005,2020,Bydel Nordstrand,25-29 år,antall,3084
EliminatedValue,3,14,12,0,BEF005,2020,Bydel Nordstrand,30-39 år,antall,7292
EliminatedValue,3,14,13,0,BEF005,2020,Bydel Nordstrand,40-49 år,antall,8056
EliminatedValue,3,14,14,0,BEF005,2020,Bydel Nordstrand,50-66 år,antall,10671
EliminatedValue,3,14,15,0,BEF005,2020,Bydel Nordstrand,67-74 år,antall,3724
EliminatedValue,3,14,16,0,BEF005,2020,Bydel Nordstrand,75-79 år,antall,1573
EliminatedValue,3,14,17,0,BEF005,2020,Bydel Nordstrand,80-84 år,antall,1058
EliminatedValue,3,14,18,0,BEF005,2020,Bydel Nordstrand,85-89 år,antall,762
EliminatedValue,3,14,19,0,BEF005,2020,Bydel Nordstrand,90-94 år,antall,455
EliminatedValue,3,14,20,0,BEF005,2020,Bydel Nordstrand,95+ år,antall,186
EliminatedValue,3,15,0,0,BEF005,2020,Bydel Søndre Nordstrand,Alder i alt,antall,39109
EliminatedValue,3,15,1,0,BEF005,2020,Bydel Søndre Nordstrand,0 år,antall,506
EliminatedValue,3,15,2,0,BEF005,2020,Bydel Søndre Nordstrand,1-2 år,antall,965
EliminatedValue,3,15,3,0,BEF005,2020,Bydel Søndre Nordstrand,3-5 år,antall,1591
EliminatedValue,3,15,4,0,BEF005,2020,Bydel Søndre Nordstrand,6-9 år,antall,2280
EliminatedValue,3,15,5,0,BEF005,2020,Bydel Søndre Nordstrand,10-12 år,antall,1745
EliminatedValue,3,15,6,0,BEF005,2020,Bydel Søndre Nordstrand,13-15 år,antall,1713
EliminatedValue,3,15,7,0,BEF005,2020,Bydel Søndre Nordstrand,16-17 år,antall,1146
EliminatedValue,3,15,8,0,BEF005,2020,Bydel Søndre Nordstrand,18-19 år,antall,1085
EliminatedValue,3,15,9,0,BEF005,2020,Bydel Søndre Nordstrand,20-22 år,antall,1541
EliminatedValue,3,15,10,0,BEF005,2020,Bydel Søndre Nordstrand,23-24 år,antall,953
EliminatedValue,3,15,11,0,BEF005,2020,Bydel Søndre Nordstrand,25-29 år,antall,2437
EliminatedValue,3,15,12,0,BEF005,2020,Bydel Søndre Nordstrand,30-39 år,antall,5815
EliminatedValue,3,15,13,0,BEF005,2020,Bydel Søndre Nordstrand,40-49 år,antall,5568
EliminatedValue,3,15,14,0,BEF005,2020,Bydel Søndre Nordstrand,50-66 år,antall,8100
EliminatedValue,3,15,15,0,BEF005,2020,Bydel Søndre Nordstrand,67-74 år,antall,2213
EliminatedValue,3,15,16,0,BEF005,2020,Bydel Søndre Nordstrand,75-79 år,antall,765
EliminatedValue,3,15,17,0,BEF005,2020,Bydel Søndre Nordstrand,80-84 år,antall,355
EliminatedValue,3,15,18,0,BEF005,2020,Bydel Søndre Nordstrand,85-89 år,antall,208
EliminatedValue,3,15,19,0,BEF005,2020,Bydel Søndre Nordstrand,90-94 år,antall,84
EliminatedValue,3,15,20,0,BEF005,2020,Bydel Søndre Nordstrand,95+ år,antall,39
EliminatedValue,4,100000,0,0,BEF005,2021,Oslo i alt,Alder i alt,antall,694858
EliminatedValue,4,100000,1,0,BEF005,2021,Oslo i alt,0 år,antall,8821
EliminatedValue,4,100000,2,0,BEF005,2021,Oslo i alt,1-2 år,antall,16344
EliminatedValue,4,100000,3,0,BEF005,2021,Oslo i alt,3-5 år,antall,22975
EliminatedValue,4,100000,4,0,BEF005,2021,Oslo i alt,6-9 år,antall,29462
EliminatedValue,4,100000,5,0,BEF005,2021,Oslo i alt,10-12 år,antall,21678
EliminatedValue,4,100000,6,0,BEF005,2021,Oslo i alt,13-15 år,antall,20267
EliminatedValue,4,100000,7,0,BEF005,2021,Oslo i alt,16-17 år,antall,12905
EliminatedValue,4,100000,8,0,BEF005,2021,Oslo i alt,18-19 år,antall,12712
EliminatedValue,4,100000,9,0,BEF005,2021,Oslo i alt,20-22 år,antall,24964
EliminatedValue,4,100000,10,0,BEF005,2021,Oslo i alt,23-24 år,antall,21610
EliminatedValue,4,100000,11,0,BEF005,2021,Oslo i alt,25-29 år,antall,73804
EliminatedValue,4,100000,12,0,BEF005,2021,Oslo i alt,30-39 år,antall,133529
EliminatedValue,4,100000,13,0,BEF005,2021,Oslo i alt,40-49 år,antall,96527
EliminatedValue,4,100000,14,0,BEF005,2021,Oslo i alt,50-66 år,antall,121345
EliminatedValue,4,100000,15,0,BEF005,2021,Oslo i alt,67-74 år,antall,39033
EliminatedValue,4,100000,16,0,BEF005,2021,Oslo i alt,75-79 år,antall,17193
EliminatedValue,4,100000,17,0,BEF005,2021,Oslo i alt,80-84 år,antall,10349
EliminatedValue,4,100000,18,0,BEF005,2021,Oslo i alt,85-89 år,antall,6422
EliminatedValue,4,100000,19,0,BEF005,2021,Oslo i alt,90-94 år,antall,3527
EliminatedValue,4,100000,20,0,BEF005,2021,Oslo i alt,95+ år,antall,1391
EliminatedValue,4,1,0,0,BEF005,2021,Bydel Gamle Oslo,Alder i alt,antall,59946
EliminatedValue,4,1,1,0,BEF005,2021,Bydel Gamle Oslo,0 år,antall,994
EliminatedValue,4,1,2,0,BEF005,2021,Bydel Gamle Oslo,1-2 år,antall,1582
EliminatedValue,4,1,3,0,BEF005,2021,Bydel Gamle Oslo,3-5 år,antall,1896
EliminatedValue,4,1,4,0,BEF005,2021,Bydel Gamle Oslo,6-9 år,antall,2052
EliminatedValue,4,1,5,0,BEF005,2021,Bydel Gamle Oslo,10-12 år,antall,1365
EliminatedValue,4,1,6,0,BEF005,2021,Bydel Gamle Oslo,13-15 år,antall,1109
EliminatedValue,4,1,7,0,BEF005,2021,Bydel Gamle Oslo,16-17 år,antall,641
EliminatedValue,4,1,8,0,BEF005,2021,Bydel Gamle Oslo,18-19 år,antall,717
EliminatedValue,4,1,9,0,BEF005,2021,Bydel Gamle Oslo,20-22 år,antall,1712
EliminatedValue,4,1,10,0,BEF005,2021,Bydel Gamle Oslo,23-24 år,antall,1931
EliminatedValue,4,1,11,0,BEF005,2021,Bydel Gamle Oslo,25-29 år,antall,8552
EliminatedValue,4,1,12,0,BEF005,2021,Bydel Gamle Oslo,30-39 år,antall,16326
EliminatedValue,4,1,13,0,BEF005,2021,Bydel Gamle Oslo,40-49 år,antall,8717
EliminatedValue,4,1,14,0,BEF005,2021,Bydel Gamle Oslo,50-66 år,antall,8604
EliminatedValue,4,1,15,0,BEF005,2021,Bydel Gamle Oslo,67-74 år,antall,2225
EliminatedValue,4,1,16,0,BEF005,2021,Bydel Gamle Oslo,75-79 år,antall,748
EliminatedValue,4,1,17,0,BEF005,2021,Bydel Gamle Oslo,80-84 år,antall,385
EliminatedValue,4,1,18,0,BEF005,2021,Bydel Gamle Oslo,85-89 år,antall,212
EliminatedValue,4,1,19,0,BEF005,2021,Bydel Gamle Oslo,90-94 år,antall,112
EliminatedValue,4,1,20,0,BEF005,2021,Bydel Gamle Oslo,95+ år,antall,66
EliminatedValue,4,2,0,0,BEF005,2021,Bydel Grünerløkka,Alder i alt,antall,63445
EliminatedValue,4,2,1,0,BEF005,2021,Bydel Grünerløkka,0 år,antall,989
EliminatedValue,4,2,2,0,BEF005,2021,Bydel Grünerløkka,1-2 år,antall,1549
EliminatedValue,4,2,3,0,BEF005,2021,Bydel Grünerløkka,3-5 år,antall,1755
EliminatedValue,4,2,4,0,BEF005,2021,Bydel Grünerløkka,6-9 år,antall,1788
EliminatedValue,4,2,5,0,BEF005,2021,Bydel Grünerløkka,10-12 år,antall,1133
EliminatedValue,4,2,6,0,BEF005,2021,Bydel Grünerløkka,13-15 år,antall,1000
EliminatedValue,4,2,7,0,BEF005,2021,Bydel Grünerløkka,16-17 år,antall,591
EliminatedValue,4,2,8,0,BEF005,2021,Bydel Grünerløkka,18-19 år,antall,723
EliminatedValue,4,2,9,0,BEF005,2021,Bydel Grünerløkka,20-22 år,antall,2631
EliminatedValue,4,2,10,0,BEF005,2021,Bydel Grünerløkka,23-24 år,antall,2880
EliminatedValue,4,2,11,0,BEF005,2021,Bydel Grünerløkka,25-29 år,antall,11452
EliminatedValue,4,2,12,0,BEF005,2021,Bydel Grünerløkka,30-39 år,antall,17899
EliminatedValue,4,2,13,0,BEF005,2021,Bydel Grünerløkka,40-49 år,antall,8186
EliminatedValue,4,2,14,0,BEF005,2021,Bydel Grünerløkka,50-66 år,antall,7554
EliminatedValue,4,2,15,0,BEF005,2021,Bydel Grünerløkka,67-74 år,antall,1939
EliminatedValue,4,2,16,0,BEF005,2021,Bydel Grünerløkka,75-79 år,antall,700
EliminatedValue,4,2,17,0,BEF005,2021,Bydel Grünerløkka,80-84 år,antall,344
EliminatedValue,4,2,18,0,BEF005,2021,Bydel Grünerløkka,85-89 år,antall,183
EliminatedValue,4,2,19,0,BEF005,2021,Bydel Grünerløkka,90-94 år,antall,99
EliminatedValue,4,2,20,0,BEF005,2021,Bydel Grünerløkka,95+ år,antall,50
EliminatedValue,4,3,0,0,BEF005,2021,Bydel Sagene,Alder i alt,antall,45630
EliminatedValue,4,3,1,0,BEF005,2021,Bydel Sagene,0 år,antall,752
EliminatedValue,4,3,2,0,BEF005,2021,Bydel Sagene,1-2 år,antall,1218
EliminatedValue,4,3,3,0,BEF005,2021,Bydel Sagene,3-5 år,antall,1270
EliminatedValue,4,3,4,0,BEF005,2021,Bydel Sagene,6-9 år,antall,1274
EliminatedValue,4,3,5,0,BEF005,2021,Bydel Sagene,10-12 år,antall,728
EliminatedValue,4,3,6,0,BEF005,2021,Bydel Sagene,13-15 år,antall,585
EliminatedValue,4,3,7,0,BEF005,2021,Bydel Sagene,16-17 år,antall,389
EliminatedValue,4,3,8,0,BEF005,2021,Bydel Sagene,18-19 år,antall,457
EliminatedValue,4,3,9,0,BEF005,2021,Bydel Sagene,20-22 år,antall,1701
EliminatedValue,4,3,10,0,BEF005,2021,Bydel Sagene,23-24 år,antall,1951
EliminatedValue,4,3,11,0,BEF005,2021,Bydel Sagene,25-29 år,antall,8182
EliminatedValue,4,3,12,0,BEF005,2021,Bydel Sagene,30-39 år,antall,12753
EliminatedValue,4,3,13,0,BEF005,2021,Bydel Sagene,40-49 år,antall,5552
EliminatedValue,4,3,14,0,BEF005,2021,Bydel Sagene,50-66 år,antall,5663
EliminatedValue,4,3,15,0,BEF005,2021,Bydel Sagene,67-74 år,antall,1761
EliminatedValue,4,3,16,0,BEF005,2021,Bydel Sagene,75-79 år,antall,735
EliminatedValue,4,3,17,0,BEF005,2021,Bydel Sagene,80-84 år,antall,334
EliminatedValue,4,3,18,0,BEF005,2021,Bydel Sagene,85-89 år,antall,174
EliminatedValue,4,3,19,0,BEF005,2021,Bydel Sagene,90-94 år,antall,92
EliminatedValue,4,3,20,0,BEF005,2021,Bydel Sagene,95+ år,antall,59
EliminatedValue,4,4,0,0,BEF005,2021,Bydel St.Hanshaugen,Alder i alt,antall,40194
EliminatedValue,4,4,1,0,BEF005,2021,Bydel St.Hanshaugen,0 år,antall,479
EliminatedValue,4,4,2,0,BEF005,2021,Bydel St.Hanshaugen,1-2 år,antall,772
EliminatedValue,4,4,3,0,BEF005,2021,Bydel St.Hanshaugen,3-5 år,antall,806
EliminatedValue,4,4,4,0,BEF005,2021,Bydel St.Hanshaugen,6-9 år,antall,976
EliminatedValue,4,4,5,0,BEF005,2021,Bydel St.Hanshaugen,10-12 år,antall,629
EliminatedValue,4,4,6,0,BEF005,2021,Bydel St.Hanshaugen,13-15 år,antall,577
EliminatedValue,4,4,7,0,BEF005,2021,Bydel St.Hanshaugen,16-17 år,antall,367
EliminatedValue,4,4,8,0,BEF005,2021,Bydel St.Hanshaugen,18-19 år,antall,504
EliminatedValue,4,4,9,0,BEF005,2021,Bydel St.Hanshaugen,20-22 år,antall,2027
EliminatedValue,4,4,10,0,BEF005,2021,Bydel St.Hanshaugen,23-24 år,antall,2286
EliminatedValue,4,4,11,0,BEF005,2021,Bydel St.Hanshaugen,25-29 år,antall,7795
EliminatedValue,4,4,12,0,BEF005,2021,Bydel St.Hanshaugen,30-39 år,antall,9863
EliminatedValue,4,4,13,0,BEF005,2021,Bydel St.Hanshaugen,40-49 år,antall,4883
EliminatedValue,4,4,14,0,BEF005,2021,Bydel St.Hanshaugen,50-66 år,antall,5313
EliminatedValue,4,4,15,0,BEF005,2021,Bydel St.Hanshaugen,67-74 år,antall,1566
EliminatedValue,4,4,16,0,BEF005,2021,Bydel St.Hanshaugen,75-79 år,antall,607
EliminatedValue,4,4,17,0,BEF005,2021,Bydel St.Hanshaugen,80-84 år,antall,390
EliminatedValue,4,4,18,0,BEF005,2021,Bydel St.Hanshaugen,85-89 år,antall,195
EliminatedValue,4,4,19,0,BEF005,2021,Bydel St.Hanshaugen,90-94 år,antall,94
EliminatedValue,4,4,20,0,BEF005,2021,Bydel St.Hanshaugen,95+ år,antall,65
EliminatedValue,4,5,0,0,BEF005,2021,Bydel Frogner,Alder i alt,antall,59056
EliminatedValue,4,5,1,0,BEF005,2021,Bydel Frogner,0 år,antall,566
EliminatedValue,4,5,2,0,BEF005,2021,Bydel Frogner,1-2 år,antall,895
EliminatedValue,4,5,3,0,BEF005,2021,Bydel Frogner,3-5 år,antall,1139
EliminatedValue,4,5,4,0,BEF005,2021,Bydel Frogner,6-9 år,antall,1355
EliminatedValue,4,5,5,0,BEF005,2021,Bydel Frogner,10-12 år,antall,981
EliminatedValue,4,5,6,0,BEF005,2021,Bydel Frogner,13-15 år,antall,963
EliminatedValue,4,5,7,0,BEF005,2021,Bydel Frogner,16-17 år,antall,661
EliminatedValue,4,5,8,0,BEF005,2021,Bydel Frogner,18-19 år,antall,729
EliminatedValue,4,5,9,0,BEF005,2021,Bydel Frogner,20-22 år,antall,2615
EliminatedValue,4,5,10,0,BEF005,2021,Bydel Frogner,23-24 år,antall,2730
EliminatedValue,4,5,11,0,BEF005,2021,Bydel Frogner,25-29 år,antall,9225
EliminatedValue,4,5,12,0,BEF005,2021,Bydel Frogner,30-39 år,antall,11857
EliminatedValue,4,5,13,0,BEF005,2021,Bydel Frogner,40-49 år,antall,6837
EliminatedValue,4,5,14,0,BEF005,2021,Bydel Frogner,50-66 år,antall,10598
EliminatedValue,4,5,15,0,BEF005,2021,Bydel Frogner,67-74 år,antall,3852
EliminatedValue,4,5,16,0,BEF005,2021,Bydel Frogner,75-79 år,antall,1853
EliminatedValue,4,5,17,0,BEF005,2021,Bydel Frogner,80-84 år,antall,1128
EliminatedValue,4,5,18,0,BEF005,2021,Bydel Frogner,85-89 år,antall,604
EliminatedValue,4,5,19,0,BEF005,2021,Bydel Frogner,90-94 år,antall,315
EliminatedValue,4,5,20,0,BEF005,2021,Bydel Frogner,95+ år,antall,153
EliminatedValue,4,6,0,0,BEF005,2021,Bydel Ullern,Alder i alt,antall,34832
EliminatedValue,4,6,1,0,BEF005,2021,Bydel Ullern,0 år,antall,432
EliminatedValue,4,6,2,0,BEF005,2021,Bydel Ullern,1-2 år,antall,825
EliminatedValue,4,6,3,0,BEF005,2021,Bydel Ullern,3-5 år,antall,1199
EliminatedValue,4,6,4,0,BEF005,2021,Bydel Ullern,6-9 år,antall,1632
EliminatedValue,4,6,5,0,BEF005,2021,Bydel Ullern,10-12 år,antall,1257
EliminatedValue,4,6,6,0,BEF005,2021,Bydel Ullern,13-15 år,antall,1263
EliminatedValue,4,6,7,0,BEF005,2021,Bydel Ullern,16-17 år,antall,706
EliminatedValue,4,6,8,0,BEF005,2021,Bydel Ullern,18-19 år,antall,704
EliminatedValue,4,6,9,0,BEF005,2021,Bydel Ullern,20-22 år,antall,836
EliminatedValue,4,6,10,0,BEF005,2021,Bydel Ullern,23-24 år,antall,674
EliminatedValue,4,6,11,0,BEF005,2021,Bydel Ullern,25-29 år,antall,2154
EliminatedValue,4,6,12,0,BEF005,2021,Bydel Ullern,30-39 år,antall,5115
EliminatedValue,4,6,13,0,BEF005,2021,Bydel Ullern,40-49 år,antall,4872
EliminatedValue,4,6,14,0,BEF005,2021,Bydel Ullern,50-66 år,antall,6948
EliminatedValue,4,6,15,0,BEF005,2021,Bydel Ullern,67-74 år,antall,2978
EliminatedValue,4,6,16,0,BEF005,2021,Bydel Ullern,75-79 år,antall,1495
EliminatedValue,4,6,17,0,BEF005,2021,Bydel Ullern,80-84 år,antall,864
EliminatedValue,4,6,18,0,BEF005,2021,Bydel Ullern,85-89 år,antall,474
EliminatedValue,4,6,19,0,BEF005,2021,Bydel Ullern,90-94 år,antall,295
EliminatedValue,4,6,20,0,BEF005,2021,Bydel Ullern,95+ år,antall,109
EliminatedValue,4,7,0,0,BEF005,2021,Bydel Vestre Aker,Alder i alt,antall,51257
EliminatedValue,4,7,1,0,BEF005,2021,Bydel Vestre Aker,0 år,antall,630
EliminatedValue,4,7,2,0,BEF005,2021,Bydel Vestre Aker,1-2 år,antall,1356
EliminatedValue,4,7,3,0,BEF005,2021,Bydel Vestre Aker,3-5 år,antall,2089
EliminatedValue,4,7,4,0,BEF005,2021,Bydel Vestre Aker,6-9 år,antall,2792
EliminatedValue,4,7,5,0,BEF005,2021,Bydel Vestre Aker,10-12 år,antall,2105
EliminatedValue,4,7,6,0,BEF005,2021,Bydel Vestre Aker,13-15 år,antall,2010
EliminatedValue,4,7,7,0,BEF005,2021,Bydel Vestre Aker,16-17 år,antall,1224
EliminatedValue,4,7,8,0,BEF005,2021,Bydel Vestre Aker,18-19 år,antall,1098
EliminatedValue,4,7,9,0,BEF005,2021,Bydel Vestre Aker,20-22 år,antall,1519
EliminatedValue,4,7,10,0,BEF005,2021,Bydel Vestre Aker,23-24 år,antall,1015
EliminatedValue,4,7,11,0,BEF005,2021,Bydel Vestre Aker,25-29 år,antall,2859
EliminatedValue,4,7,12,0,BEF005,2021,Bydel Vestre Aker,30-39 år,antall,7167
EliminatedValue,4,7,13,0,BEF005,2021,Bydel Vestre Aker,40-49 år,antall,7524
EliminatedValue,4,7,14,0,BEF005,2021,Bydel Vestre Aker,50-66 år,antall,9835
EliminatedValue,4,7,15,0,BEF005,2021,Bydel Vestre Aker,67-74 år,antall,3941
EliminatedValue,4,7,16,0,BEF005,2021,Bydel Vestre Aker,75-79 år,antall,1844
EliminatedValue,4,7,17,0,BEF005,2021,Bydel Vestre Aker,80-84 år,antall,1095
EliminatedValue,4,7,18,0,BEF005,2021,Bydel Vestre Aker,85-89 år,antall,636
EliminatedValue,4,7,19,0,BEF005,2021,Bydel Vestre Aker,90-94 år,antall,379
EliminatedValue,4,7,20,0,BEF005,2021,Bydel Vestre Aker,95+ år,antall,139
EliminatedValue,4,8,0,0,BEF005,2021,Bydel Nordre Aker,Alder i alt,antall,53500
EliminatedValue,4,8,1,0,BEF005,2021,Bydel Nordre Aker,0 år,antall,594
EliminatedValue,4,8,2,0,BEF005,2021,Bydel Nordre Aker,1-2 år,antall,1196
EliminatedValue,4,8,3,0,BEF005,2021,Bydel Nordre Aker,3-5 år,antall,1923
EliminatedValue,4,8,4,0,BEF005,2021,Bydel Nordre Aker,6-9 år,antall,2714
EliminatedValue,4,8,5,0,BEF005,2021,Bydel Nordre Aker,10-12 år,antall,2142
EliminatedValue,4,8,6,0,BEF005,2021,Bydel Nordre Aker,13-15 år,antall,1974
EliminatedValue,4,8,7,0,BEF005,2021,Bydel Nordre Aker,16-17 år,antall,1245
EliminatedValue,4,8,8,0,BEF005,2021,Bydel Nordre Aker,18-19 år,antall,1235
EliminatedValue,4,8,9,0,BEF005,2021,Bydel Nordre Aker,20-22 år,antall,2563
EliminatedValue,4,8,10,0,BEF005,2021,Bydel Nordre Aker,23-24 år,antall,1887
EliminatedValue,4,8,11,0,BEF005,2021,Bydel Nordre Aker,25-29 år,antall,4207
EliminatedValue,4,8,12,0,BEF005,2021,Bydel Nordre Aker,30-39 år,antall,7575
EliminatedValue,4,8,13,0,BEF005,2021,Bydel Nordre Aker,40-49 år,antall,7620
EliminatedValue,4,8,14,0,BEF005,2021,Bydel Nordre Aker,50-66 år,antall,9996
EliminatedValue,4,8,15,0,BEF005,2021,Bydel Nordre Aker,67-74 år,antall,3254
EliminatedValue,4,8,16,0,BEF005,2021,Bydel Nordre Aker,75-79 år,antall,1414
EliminatedValue,4,8,17,0,BEF005,2021,Bydel Nordre Aker,80-84 år,antall,859
EliminatedValue,4,8,18,0,BEF005,2021,Bydel Nordre Aker,85-89 år,antall,638
EliminatedValue,4,8,19,0,BEF005,2021,Bydel Nordre Aker,90-94 år,antall,329
EliminatedValue,4,8,20,0,BEF005,2021,Bydel Nordre Aker,95+ år,antall,135
EliminatedValue,4,9,0,0,BEF005,2021,Bydel Bjerke,Alder i alt,antall,34064
EliminatedValue,4,9,1,0,BEF005,2021,Bydel Bjerke,0 år,antall,491
EliminatedValue,4,9,2,0,BEF005,2021,Bydel Bjerke,1-2 år,antall,979
EliminatedValue,4,9,3,0,BEF005,2021,Bydel Bjerke,3-5 år,antall,1386
EliminatedValue,4,9,4,0,BEF005,2021,Bydel Bjerke,6-9 år,antall,1769
EliminatedValue,4,9,5,0,BEF005,2021,Bydel Bjerke,10-12 år,antall,1354
EliminatedValue,4,9,6,0,BEF005,2021,Bydel Bjerke,13-15 år,antall,1192
EliminatedValue,4,9,7,0,BEF005,2021,Bydel Bjerke,16-17 år,antall,756
EliminatedValue,4,9,8,0,BEF005,2021,Bydel Bjerke,18-19 år,antall,690
EliminatedValue,4,9,9,0,BEF005,2021,Bydel Bjerke,20-22 år,antall,1053
EliminatedValue,4,9,10,0,BEF005,2021,Bydel Bjerke,23-24 år,antall,789
EliminatedValue,4,9,11,0,BEF005,2021,Bydel Bjerke,25-29 år,antall,2859
EliminatedValue,4,9,12,0,BEF005,2021,Bydel Bjerke,30-39 år,antall,6485
EliminatedValue,4,9,13,0,BEF005,2021,Bydel Bjerke,40-49 år,antall,5285
EliminatedValue,4,9,14,0,BEF005,2021,Bydel Bjerke,50-66 år,antall,5672
EliminatedValue,4,9,15,0,BEF005,2021,Bydel Bjerke,67-74 år,antall,1602
EliminatedValue,4,9,16,0,BEF005,2021,Bydel Bjerke,75-79 år,antall,669
EliminatedValue,4,9,17,0,BEF005,2021,Bydel Bjerke,80-84 år,antall,455
EliminatedValue,4,9,18,0,BEF005,2021,Bydel Bjerke,85-89 år,antall,311
EliminatedValue,4,9,19,0,BEF005,2021,Bydel Bjerke,90-94 år,antall,186
EliminatedValue,4,9,20,0,BEF005,2021,Bydel Bjerke,95+ år,antall,81
EliminatedValue,4,10,0,0,BEF005,2021,Bydel Grorud,Alder i alt,antall,27387
EliminatedValue,4,10,1,0,BEF005,2021,Bydel Grorud,0 år,antall,285
EliminatedValue,4,10,2,0,BEF005,2021,Bydel Grorud,1-2 år,antall,624
EliminatedValue,4,10,3,0,BEF005,2021,Bydel Grorud,3-5 år,antall,962
EliminatedValue,4,10,4,0,BEF005,2021,Bydel Grorud,6-9 år,antall,1282
EliminatedValue,4,10,5,0,BEF005,2021,Bydel Grorud,10-12 år,antall,958
EliminatedValue,4,10,6,0,BEF005,2021,Bydel Grorud,13-15 år,antall,944
EliminatedValue,4,10,7,0,BEF005,2021,Bydel Grorud,16-17 år,antall,621
EliminatedValue,4,10,8,0,BEF005,2021,Bydel Grorud,18-19 år,antall,610
EliminatedValue,4,10,9,0,BEF005,2021,Bydel Grorud,20-22 år,antall,899
EliminatedValue,4,10,10,0,BEF005,2021,Bydel Grorud,23-24 år,antall,667
EliminatedValue,4,10,11,0,BEF005,2021,Bydel Grorud,25-29 år,antall,2039
EliminatedValue,4,10,12,0,BEF005,2021,Bydel Grorud,30-39 år,antall,4395
EliminatedValue,4,10,13,0,BEF005,2021,Bydel Grorud,40-49 år,antall,3978
EliminatedValue,4,10,14,0,BEF005,2021,Bydel Grorud,50-66 år,antall,5820
EliminatedValue,4,10,15,0,BEF005,2021,Bydel Grorud,67-74 år,antall,1590
EliminatedValue,4,10,16,0,BEF005,2021,Bydel Grorud,75-79 år,antall,741
EliminatedValue,4,10,17,0,BEF005,2021,Bydel Grorud,80-84 år,antall,445
EliminatedValue,4,10,18,0,BEF005,2021,Bydel Grorud,85-89 år,antall,322
EliminatedValue,4,10,19,0,BEF005,2021,Bydel Grorud,90-94 år,antall,161
EliminatedValue,4,10,20,0,BEF005,2021,Bydel Grorud,95+ år,antall,44
EliminatedValue,4,11,0,0,BEF005,2021,Bydel Stovner,Alder i alt,antall,33241
EliminatedValue,4,11,1,0,BEF005,2021,Bydel Stovner,0 år,antall,352
EliminatedValue,4,11,2,0,BEF005,2021,Bydel Stovner,1-2 år,antall,788
EliminatedValue,4,11,3,0,BEF005,2021,Bydel Stovner,3-5 år,antall,1224
EliminatedValue,4,11,4,0,BEF005,2021,Bydel Stovner,6-9 år,antall,1669
EliminatedValue,4,11,5,0,BEF005,2021,Bydel Stovner,10-12 år,antall,1298
EliminatedValue,4,11,6,0,BEF005,2021,Bydel Stovner,13-15 år,antall,1361
EliminatedValue,4,11,7,0,BEF005,2021,Bydel Stovner,16-17 år,antall,1002
EliminatedValue,4,11,8,0,BEF005,2021,Bydel Stovner,18-19 år,antall,963
EliminatedValue,4,11,9,0,BEF005,2021,Bydel Stovner,20-22 år,antall,1352
EliminatedValue,4,11,10,0,BEF005,2021,Bydel Stovner,23-24 år,antall,845
EliminatedValue,4,11,11,0,BEF005,2021,Bydel Stovner,25-29 år,antall,2082
EliminatedValue,4,11,12,0,BEF005,2021,Bydel Stovner,30-39 år,antall,4549
EliminatedValue,4,11,13,0,BEF005,2021,Bydel Stovner,40-49 år,antall,4585
EliminatedValue,4,11,14,0,BEF005,2021,Bydel Stovner,50-66 år,antall,6672
EliminatedValue,4,11,15,0,BEF005,2021,Bydel Stovner,67-74 år,antall,2148
EliminatedValue,4,11,16,0,BEF005,2021,Bydel Stovner,75-79 år,antall,1146
EliminatedValue,4,11,17,0,BEF005,2021,Bydel Stovner,80-84 år,antall,673
EliminatedValue,4,11,18,0,BEF005,2021,Bydel Stovner,85-89 år,antall,346
EliminatedValue,4,11,19,0,BEF005,2021,Bydel Stovner,90-94 år,antall,144
EliminatedValue,4,11,20,0,BEF005,2021,Bydel Stovner,95+ år,antall,42
EliminatedValue,4,12,0,0,BEF005,2021,Bydel Alna,Alder i alt,antall,49590
EliminatedValue,4,12,1,0,BEF005,2021,Bydel Alna,0 år,antall,609
EliminatedValue,4,12,2,0,BEF005,2021,Bydel Alna,1-2 år,antall,1187
EliminatedValue,4,12,3,0,BEF005,2021,Bydel Alna,3-5 år,antall,1823
EliminatedValue,4,12,4,0,BEF005,2021,Bydel Alna,6-9 år,antall,2551
EliminatedValue,4,12,5,0,BEF005,2021,Bydel Alna,10-12 år,antall,1816
EliminatedValue,4,12,6,0,BEF005,2021,Bydel Alna,13-15 år,antall,1703
EliminatedValue,4,12,7,0,BEF005,2021,Bydel Alna,16-17 år,antall,1180
EliminatedValue,4,12,8,0,BEF005,2021,Bydel Alna,18-19 år,antall,1075
EliminatedValue,4,12,9,0,BEF005,2021,Bydel Alna,20-22 år,antall,1609
EliminatedValue,4,12,10,0,BEF005,2021,Bydel Alna,23-24 år,antall,1109
EliminatedValue,4,12,11,0,BEF005,2021,Bydel Alna,25-29 år,antall,3789
EliminatedValue,4,12,12,0,BEF005,2021,Bydel Alna,30-39 år,antall,8366
EliminatedValue,4,12,13,0,BEF005,2021,Bydel Alna,40-49 år,antall,7037
EliminatedValue,4,12,14,0,BEF005,2021,Bydel Alna,50-66 år,antall,9417
EliminatedValue,4,12,15,0,BEF005,2021,Bydel Alna,67-74 år,antall,3281
EliminatedValue,4,12,16,0,BEF005,2021,Bydel Alna,75-79 år,antall,1409
EliminatedValue,4,12,17,0,BEF005,2021,Bydel Alna,80-84 år,antall,812
EliminatedValue,4,12,18,0,BEF005,2021,Bydel Alna,85-89 år,antall,479
EliminatedValue,4,12,19,0,BEF005,2021,Bydel Alna,90-94 år,antall,245
EliminatedValue,4,12,20,0,BEF005,2021,Bydel Alna,95+ år,antall,93
EliminatedValue,4,13,0,0,BEF005,2021,Bydel Østensjø,Alder i alt,antall,50896
EliminatedValue,4,13,1,0,BEF005,2021,Bydel Østensjø,0 år,antall,598
EliminatedValue,4,13,2,0,BEF005,2021,Bydel Østensjø,1-2 år,antall,1219
EliminatedValue,4,13,3,0,BEF005,2021,Bydel Østensjø,3-5 år,antall,1953
EliminatedValue,4,13,4,0,BEF005,2021,Bydel Østensjø,6-9 år,antall,2679
EliminatedValue,4,13,5,0,BEF005,2021,Bydel Østensjø,10-12 år,antall,2067
EliminatedValue,4,13,6,0,BEF005,2021,Bydel Østensjø,13-15 år,antall,1805
EliminatedValue,4,13,7,0,BEF005,2021,Bydel Østensjø,16-17 år,antall,1156
EliminatedValue,4,13,8,0,BEF005,2021,Bydel Østensjø,18-19 år,antall,965
EliminatedValue,4,13,9,0,BEF005,2021,Bydel Østensjø,20-22 år,antall,1383
EliminatedValue,4,13,10,0,BEF005,2021,Bydel Østensjø,23-24 år,antall,905
EliminatedValue,4,13,11,0,BEF005,2021,Bydel Østensjø,25-29 år,antall,3129
EliminatedValue,4,13,12,0,BEF005,2021,Bydel Østensjø,30-39 år,antall,8091
EliminatedValue,4,13,13,0,BEF005,2021,Bydel Østensjø,40-49 år,antall,7800
EliminatedValue,4,13,14,0,BEF005,2021,Bydel Østensjø,50-66 år,antall,10330
EliminatedValue,4,13,15,0,BEF005,2021,Bydel Østensjø,67-74 år,antall,2865
EliminatedValue,4,13,16,0,BEF005,2021,Bydel Østensjø,75-79 år,antall,1317
EliminatedValue,4,13,17,0,BEF005,2021,Bydel Østensjø,80-84 år,antall,1078
EliminatedValue,4,13,18,0,BEF005,2021,Bydel Østensjø,85-89 år,antall,902
EliminatedValue,4,13,19,0,BEF005,2021,Bydel Østensjø,90-94 år,antall,523
EliminatedValue,4,13,20,0,BEF005,2021,Bydel Østensjø,95+ år,antall,131
EliminatedValue,4,14,0,0,BEF005,2021,Bydel Nordstrand,Alder i alt,antall,52679
EliminatedValue,4,14,1,0,BEF005,2021,Bydel Nordstrand,0 år,antall,574
EliminatedValue,4,14,2,0,BEF005,2021,Bydel Nordstrand,1-2 år,antall,1199
EliminatedValue,4,14,3,0,BEF005,2021,Bydel Nordstrand,3-5 år,antall,1959
EliminatedValue,4,14,4,0,BEF005,2021,Bydel Nordstrand,6-9 år,antall,2730
EliminatedValue,4,14,5,0,BEF005,2021,Bydel Nordstrand,10-12 år,antall,2107
EliminatedValue,4,14,6,0,BEF005,2021,Bydel Nordstrand,13-15 år,antall,2030
EliminatedValue,4,14,7,0,BEF005,2021,Bydel Nordstrand,16-17 år,antall,1247
EliminatedValue,4,14,8,0,BEF005,2021,Bydel Nordstrand,18-19 år,antall,1145
EliminatedValue,4,14,9,0,BEF005,2021,Bydel Nordstrand,20-22 år,antall,1517
EliminatedValue,4,14,10,0,BEF005,2021,Bydel Nordstrand,23-24 år,antall,1006
EliminatedValue,4,14,11,0,BEF005,2021,Bydel Nordstrand,25-29 år,antall,3102
EliminatedValue,4,14,12,0,BEF005,2021,Bydel Nordstrand,30-39 år,antall,7285
EliminatedValue,4,14,13,0,BEF005,2021,Bydel Nordstrand,40-49 år,antall,8084
EliminatedValue,4,14,14,0,BEF005,2021,Bydel Nordstrand,50-66 år,antall,10787
EliminatedValue,4,14,15,0,BEF005,2021,Bydel Nordstrand,67-74 år,antall,3729
EliminatedValue,4,14,16,0,BEF005,2021,Bydel Nordstrand,75-79 år,antall,1692
EliminatedValue,4,14,17,0,BEF005,2021,Bydel Nordstrand,80-84 år,antall,1103
EliminatedValue,4,14,18,0,BEF005,2021,Bydel Nordstrand,85-89 år,antall,742
EliminatedValue,4,14,19,0,BEF005,2021,Bydel Nordstrand,90-94 år,antall,454
EliminatedValue,4,14,20,0,BEF005,2021,Bydel Nordstrand,95+ år,antall,187
EliminatedValue,4,15,0,0,BEF005,2021,Bydel Søndre Nordstrand,Alder i alt,antall,39141
EliminatedValue,4,15,1,0,BEF005,2021,Bydel Søndre Nordstrand,0 år,antall,476
EliminatedValue,4,15,2,0,BEF005,2021,Bydel Søndre Nordstrand,1-2 år,antall,955
EliminatedValue,4,15,3,0,BEF005,2021,Bydel Søndre Nordstrand,3-5 år,antall,1591
EliminatedValue,4,15,4,0,BEF005,2021,Bydel Søndre Nordstrand,6-9 år,antall,2199
EliminatedValue,4,15,5,0,BEF005,2021,Bydel Søndre Nordstrand,10-12 år,antall,1738
EliminatedValue,4,15,6,0,BEF005,2021,Bydel Søndre Nordstrand,13-15 år,antall,1751
EliminatedValue,4,15,7,0,BEF005,2021,Bydel Søndre Nordstrand,16-17 år,antall,1119
EliminatedValue,4,15,8,0,BEF005,2021,Bydel Søndre Nordstrand,18-19 år,antall,1097
EliminatedValue,4,15,9,0,BEF005,2021,Bydel Søndre Nordstrand,20-22 år,antall,1547
EliminatedValue,4,15,10,0,BEF005,2021,Bydel Søndre Nordstrand,23-24 år,antall,935
EliminatedValue,4,15,11,0,BEF005,2021,Bydel Søndre Nordstrand,25-29 år,antall,2378
EliminatedValue,4,15,12,0,BEF005,2021,Bydel Søndre Nordstrand,30-39 år,antall,5803
EliminatedValue,4,15,13,0,BEF005,2021,Bydel Søndre Nordstrand,40-49 år,antall,5567
EliminatedValue,4,15,14,0,BEF005,2021,Bydel Søndre Nordstrand,50-66 år,antall,8136
EliminatedValue,4,15,15,0,BEF005,2021,Bydel Søndre Nordstrand,67-74 år,antall,2302
EliminatedValue,4,15,16,0,BEF005,2021,Bydel Søndre Nordstrand,75-79 år,antall,823
EliminatedValue,4,15,17,0,BEF005,2021,Bydel Søndre Nordstrand,80-84 år,antall,384
EliminatedValue,4,15,18,0,BEF005,2021,Bydel Søndre Nordstrand,85-89 år,antall,204
EliminatedValue,4,15,19,0,BEF005,2021,Bydel Søndre Nordstrand,90-94 år,antall,99
EliminatedValue,4,15,20,0,BEF005,2021,Bydel Søndre Nordstrand,95+ år,antall,37
EliminatedValue,5,100000,0,0,BEF005,2022,Oslo i alt,Alder i alt,antall,698362
EliminatedValue,5,100000,1,0,BEF005,2022,Oslo i alt,0 år,antall,9128
EliminatedValue,5,100000,2,0,BEF005,2022,Oslo i alt,1-2 år,antall,15989
EliminatedValue,5,100000,3,0,BEF005,2022,Oslo i alt,3-5 år,antall,22179
EliminatedValue,5,100000,4,0,BEF005,2022,Oslo i alt,6-9 år,antall,28871
EliminatedValue,5,100000,5,0,BEF005,2022,Oslo i alt,10-12 år,antall,21714
EliminatedValue,5,100000,6,0,BEF005,2022,Oslo i alt,13-15 år,antall,20778
EliminatedValue,5,100000,7,0,BEF005,2022,Oslo i alt,16-17 år,antall,13147
EliminatedValue,5,100000,8,0,BEF005,2022,Oslo i alt,18-19 år,antall,13249
EliminatedValue,5,100000,9,0,BEF005,2022,Oslo i alt,20-22 år,antall,25151
EliminatedValue,5,100000,10,0,BEF005,2022,Oslo i alt,23-24 år,antall,21257
EliminatedValue,5,100000,11,0,BEF005,2022,Oslo i alt,25-29 år,antall,73950
EliminatedValue,5,100000,12,0,BEF005,2022,Oslo i alt,30-39 år,antall,133881
EliminatedValue,5,100000,13,0,BEF005,2022,Oslo i alt,40-49 år,antall,96617
EliminatedValue,5,100000,14,0,BEF005,2022,Oslo i alt,50-66 år,antall,123161
EliminatedValue,5,100000,15,0,BEF005,2022,Oslo i alt,67-74 år,antall,38493
EliminatedValue,5,100000,16,0,BEF005,2022,Oslo i alt,75-79 år,antall,19131
EliminatedValue,5,100000,17,0,BEF005,2022,Oslo i alt,80-84 år,antall,10479
EliminatedValue,5,100000,18,0,BEF005,2022,Oslo i alt,85-89 år,antall,6323
EliminatedValue,5,100000,19,0,BEF005,2022,Oslo i alt,90-94 år,antall,3488
EliminatedValue,5,100000,20,0,BEF005,2022,Oslo i alt,95+ år,antall,1376
EliminatedValue,5,1,0,0,BEF005,2022,Bydel Gamle Oslo,Alder i alt,antall,60253
EliminatedValue,5,1,1,0,BEF005,2022,Bydel Gamle Oslo,0 år,antall,991
EliminatedValue,5,1,2,0,BEF005,2022,Bydel Gamle Oslo,1-2 år,antall,1538
EliminatedValue,5,1,3,0,BEF005,2022,Bydel Gamle Oslo,3-5 år,antall,1781
EliminatedValue,5,1,4,0,BEF005,2022,Bydel Gamle Oslo,6-9 år,antall,1987
EliminatedValue,5,1,5,0,BEF005,2022,Bydel Gamle Oslo,10-12 år,antall,1396
EliminatedValue,5,1,6,0,BEF005,2022,Bydel Gamle Oslo,13-15 år,antall,1220
EliminatedValue,5,1,7,0,BEF005,2022,Bydel Gamle Oslo,16-17 år,antall,690
EliminatedValue,5,1,8,0,BEF005,2022,Bydel Gamle Oslo,18-19 år,antall,721
EliminatedValue,5,1,9,0,BEF005,2022,Bydel Gamle Oslo,20-22 år,antall,1716
EliminatedValue,5,1,10,0,BEF005,2022,Bydel Gamle Oslo,23-24 år,antall,1822
EliminatedValue,5,1,11,0,BEF005,2022,Bydel Gamle Oslo,25-29 år,antall,8535
EliminatedValue,5,1,12,0,BEF005,2022,Bydel Gamle Oslo,30-39 år,antall,16373
EliminatedValue,5,1,13,0,BEF005,2022,Bydel Gamle Oslo,40-49 år,antall,8807
EliminatedValue,5,1,14,0,BEF005,2022,Bydel Gamle Oslo,50-66 år,antall,8779
EliminatedValue,5,1,15,0,BEF005,2022,Bydel Gamle Oslo,67-74 år,antall,2291
EliminatedValue,5,1,16,0,BEF005,2022,Bydel Gamle Oslo,75-79 år,antall,862
EliminatedValue,5,1,17,0,BEF005,2022,Bydel Gamle Oslo,80-84 år,antall,379
EliminatedValue,5,1,18,0,BEF005,2022,Bydel Gamle Oslo,85-89 år,antall,198
EliminatedValue,5,1,19,0,BEF005,2022,Bydel Gamle Oslo,90-94 år,antall,95
EliminatedValue,5,1,20,0,BEF005,2022,Bydel Gamle Oslo,95+ år,antall,72
EliminatedValue,5,2,0,0,BEF005,2022,Bydel Grünerløkka,Alder i alt,antall,63871
EliminatedValue,5,2,1,0,BEF005,2022,Bydel Grünerløkka,0 år,antall,1094
EliminatedValue,5,2,2,0,BEF005,2022,Bydel Grünerløkka,1-2 år,antall,1494
EliminatedValue,5,2,3,0,BEF005,2022,Bydel Grünerløkka,3-5 år,antall,1665
EliminatedValue,5,2,4,0,BEF005,2022,Bydel Grünerløkka,6-9 år,antall,1733
EliminatedValue,5,2,5,0,BEF005,2022,Bydel Grünerløkka,10-12 år,antall,1186
EliminatedValue,5,2,6,0,BEF005,2022,Bydel Grünerløkka,13-15 år,antall,990
EliminatedValue,5,2,7,0,BEF005,2022,Bydel Grünerløkka,16-17 år,antall,602
EliminatedValue,5,2,8,0,BEF005,2022,Bydel Grünerløkka,18-19 år,antall,767
EliminatedValue,5,2,9,0,BEF005,2022,Bydel Grünerløkka,20-22 år,antall,2700
EliminatedValue,5,2,10,0,BEF005,2022,Bydel Grünerløkka,23-24 år,antall,2788
EliminatedValue,5,2,11,0,BEF005,2022,Bydel Grünerløkka,25-29 år,antall,11447
EliminatedValue,5,2,12,0,BEF005,2022,Bydel Grünerløkka,30-39 år,antall,17966
EliminatedValue,5,2,13,0,BEF005,2022,Bydel Grünerløkka,40-49 år,antall,8263
EliminatedValue,5,2,14,0,BEF005,2022,Bydel Grünerløkka,50-66 år,antall,7732
EliminatedValue,5,2,15,0,BEF005,2022,Bydel Grünerløkka,67-74 år,antall,1985
EliminatedValue,5,2,16,0,BEF005,2022,Bydel Grünerløkka,75-79 år,antall,784
EliminatedValue,5,2,17,0,BEF005,2022,Bydel Grünerløkka,80-84 år,antall,363
EliminatedValue,5,2,18,0,BEF005,2022,Bydel Grünerløkka,85-89 år,antall,158
EliminatedValue,5,2,19,0,BEF005,2022,Bydel Grünerløkka,90-94 år,antall,101
EliminatedValue,5,2,20,0,BEF005,2022,Bydel Grünerløkka,95+ år,antall,53
EliminatedValue,5,3,0,0,BEF005,2022,Bydel Sagene,Alder i alt,antall,46351
EliminatedValue,5,3,1,0,BEF005,2022,Bydel Sagene,0 år,antall,821
EliminatedValue,5,3,2,0,BEF005,2022,Bydel Sagene,1-2 år,antall,1136
EliminatedValue,5,3,3,0,BEF005,2022,Bydel Sagene,3-5 år,antall,1238
EliminatedValue,5,3,4,0,BEF005,2022,Bydel Sagene,6-9 år,antall,1280
EliminatedValue,5,3,5,0,BEF005,2022,Bydel Sagene,10-12 år,antall,777
EliminatedValue,5,3,6,0,BEF005,2022,Bydel Sagene,13-15 år,antall,610
EliminatedValue,5,3,7,0,BEF005,2022,Bydel Sagene,16-17 år,antall,403
EliminatedValue,5,3,8,0,BEF005,2022,Bydel Sagene,18-19 år,antall,497
EliminatedValue,5,3,9,0,BEF005,2022,Bydel Sagene,20-22 år,antall,1739
EliminatedValue,5,3,10,0,BEF005,2022,Bydel Sagene,23-24 år,antall,1978
EliminatedValue,5,3,11,0,BEF005,2022,Bydel Sagene,25-29 år,antall,8510
EliminatedValue,5,3,12,0,BEF005,2022,Bydel Sagene,30-39 år,antall,12806
EliminatedValue,5,3,13,0,BEF005,2022,Bydel Sagene,40-49 år,antall,5557
EliminatedValue,5,3,14,0,BEF005,2022,Bydel Sagene,50-66 år,antall,5795
EliminatedValue,5,3,15,0,BEF005,2022,Bydel Sagene,67-74 år,antall,1766
EliminatedValue,5,3,16,0,BEF005,2022,Bydel Sagene,75-79 år,antall,812
EliminatedValue,5,3,17,0,BEF005,2022,Bydel Sagene,80-84 år,antall,320
EliminatedValue,5,3,18,0,BEF005,2022,Bydel Sagene,85-89 år,antall,176
EliminatedValue,5,3,19,0,BEF005,2022,Bydel Sagene,90-94 år,antall,80
EliminatedValue,5,3,20,0,BEF005,2022,Bydel Sagene,95+ år,antall,50
EliminatedValue,5,4,0,0,BEF005,2022,Bydel St.Hanshaugen,Alder i alt,antall,40550
EliminatedValue,5,4,1,0,BEF005,2022,Bydel St.Hanshaugen,0 år,antall,482
EliminatedValue,5,4,2,0,BEF005,2022,Bydel St.Hanshaugen,1-2 år,antall,734
EliminatedValue,5,4,3,0,BEF005,2022,Bydel St.Hanshaugen,3-5 år,antall,776
EliminatedValue,5,4,4,0,BEF005,2022,Bydel St.Hanshaugen,6-9 år,antall,936
EliminatedValue,5,4,5,0,BEF005,2022,Bydel St.Hanshaugen,10-12 år,antall,620
EliminatedValue,5,4,6,0,BEF005,2022,Bydel St.Hanshaugen,13-15 år,antall,590
EliminatedValue,5,4,7,0,BEF005,2022,Bydel St.Hanshaugen,16-17 år,antall,364
EliminatedValue,5,4,8,0,BEF005,2022,Bydel St.Hanshaugen,18-19 år,antall,520
EliminatedValue,5,4,9,0,BEF005,2022,Bydel St.Hanshaugen,20-22 år,antall,2235
EliminatedValue,5,4,10,0,BEF005,2022,Bydel St.Hanshaugen,23-24 år,antall,2267
EliminatedValue,5,4,11,0,BEF005,2022,Bydel St.Hanshaugen,25-29 år,antall,7888
EliminatedValue,5,4,12,0,BEF005,2022,Bydel St.Hanshaugen,30-39 år,antall,9861
EliminatedValue,5,4,13,0,BEF005,2022,Bydel St.Hanshaugen,40-49 år,antall,4897
EliminatedValue,5,4,14,0,BEF005,2022,Bydel St.Hanshaugen,50-66 år,antall,5465
EliminatedValue,5,4,15,0,BEF005,2022,Bydel St.Hanshaugen,67-74 år,antall,1522
EliminatedValue,5,4,16,0,BEF005,2022,Bydel St.Hanshaugen,75-79 år,antall,669
EliminatedValue,5,4,17,0,BEF005,2022,Bydel St.Hanshaugen,80-84 år,antall,400
EliminatedValue,5,4,18,0,BEF005,2022,Bydel St.Hanshaugen,85-89 år,antall,177
EliminatedValue,5,4,19,0,BEF005,2022,Bydel St.Hanshaugen,90-94 år,antall,91
EliminatedValue,5,4,20,0,BEF005,2022,Bydel St.Hanshaugen,95+ år,antall,56
EliminatedValue,5,5,0,0,BEF005,2022,Bydel Frogner,Alder i alt,antall,59094
EliminatedValue,5,5,1,0,BEF005,2022,Bydel Frogner,0 år,antall,565
EliminatedValue,5,5,2,0,BEF005,2022,Bydel Frogner,1-2 år,antall,851
EliminatedValue,5,5,3,0,BEF005,2022,Bydel Frogner,3-5 år,antall,1089
EliminatedValue,5,5,4,0,BEF005,2022,Bydel Frogner,6-9 år,antall,1326
EliminatedValue,5,5,5,0,BEF005,2022,Bydel Frogner,10-12 år,antall,1008
EliminatedValue,5,5,6,0,BEF005,2022,Bydel Frogner,13-15 år,antall,982
EliminatedValue,5,5,7,0,BEF005,2022,Bydel Frogner,16-17 år,antall,678
EliminatedValue,5,5,8,0,BEF005,2022,Bydel Frogner,18-19 år,antall,836
EliminatedValue,5,5,9,0,BEF005,2022,Bydel Frogner,20-22 år,antall,2591
EliminatedValue,5,5,10,0,BEF005,2022,Bydel Frogner,23-24 år,antall,2775
EliminatedValue,5,5,11,0,BEF005,2022,Bydel Frogner,25-29 år,antall,9385
EliminatedValue,5,5,12,0,BEF005,2022,Bydel Frogner,30-39 år,antall,11557
EliminatedValue,5,5,13,0,BEF005,2022,Bydel Frogner,40-49 år,antall,6706
EliminatedValue,5,5,14,0,BEF005,2022,Bydel Frogner,50-66 år,antall,10689
EliminatedValue,5,5,15,0,BEF005,2022,Bydel Frogner,67-74 år,antall,3727
EliminatedValue,5,5,16,0,BEF005,2022,Bydel Frogner,75-79 år,antall,2085
EliminatedValue,5,5,17,0,BEF005,2022,Bydel Frogner,80-84 år,antall,1159
EliminatedValue,5,5,18,0,BEF005,2022,Bydel Frogner,85-89 år,antall,631
EliminatedValue,5,5,19,0,BEF005,2022,Bydel Frogner,90-94 år,antall,322
EliminatedValue,5,5,20,0,BEF005,2022,Bydel Frogner,95+ år,antall,132
EliminatedValue,5,6,0,0,BEF005,2022,Bydel Ullern,Alder i alt,antall,34859
EliminatedValue,5,6,1,0,BEF005,2022,Bydel Ullern,0 år,antall,414
EliminatedValue,5,6,2,0,BEF005,2022,Bydel Ullern,1-2 år,antall,822
EliminatedValue,5,6,3,0,BEF005,2022,Bydel Ullern,3-5 år,antall,1151
EliminatedValue,5,6,4,0,BEF005,2022,Bydel Ullern,6-9 år,antall,1585
EliminatedValue,5,6,5,0,BEF005,2022,Bydel Ullern,10-12 år,antall,1260
EliminatedValue,5,6,6,0,BEF005,2022,Bydel Ullern,13-15 år,antall,1225
EliminatedValue,5,6,7,0,BEF005,2022,Bydel Ullern,16-17 år,antall,755
EliminatedValue,5,6,8,0,BEF005,2022,Bydel Ullern,18-19 år,antall,706
EliminatedValue,5,6,9,0,BEF005,2022,Bydel Ullern,20-22 år,antall,904
EliminatedValue,5,6,10,0,BEF005,2022,Bydel Ullern,23-24 år,antall,609
EliminatedValue,5,6,11,0,BEF005,2022,Bydel Ullern,25-29 år,antall,2125
EliminatedValue,5,6,12,0,BEF005,2022,Bydel Ullern,30-39 år,antall,5109
EliminatedValue,5,6,13,0,BEF005,2022,Bydel Ullern,40-49 år,antall,4872
EliminatedValue,5,6,14,0,BEF005,2022,Bydel Ullern,50-66 år,antall,7020
EliminatedValue,5,6,15,0,BEF005,2022,Bydel Ullern,67-74 år,antall,2833
EliminatedValue,5,6,16,0,BEF005,2022,Bydel Ullern,75-79 år,antall,1688
EliminatedValue,5,6,17,0,BEF005,2022,Bydel Ullern,80-84 år,antall,882
EliminatedValue,5,6,18,0,BEF005,2022,Bydel Ullern,85-89 år,antall,514
EliminatedValue,5,6,19,0,BEF005,2022,Bydel Ullern,90-94 år,antall,270
EliminatedValue,5,6,20,0,BEF005,2022,Bydel Ullern,95+ år,antall,115
EliminatedValue,5,7,0,0,BEF005,2022,Bydel Vestre Aker,Alder i alt,antall,51465
EliminatedValue,5,7,1,0,BEF005,2022,Bydel Vestre Aker,0 år,antall,657
EliminatedValue,5,7,2,0,BEF005,2022,Bydel Vestre Aker,1-2 år,antall,1361
EliminatedValue,5,7,3,0,BEF005,2022,Bydel Vestre Aker,3-5 år,antall,2057
EliminatedValue,5,7,4,0,BEF005,2022,Bydel Vestre Aker,6-9 år,antall,2802
EliminatedValue,5,7,5,0,BEF005,2022,Bydel Vestre Aker,10-12 år,antall,2072
EliminatedValue,5,7,6,0,BEF005,2022,Bydel Vestre Aker,13-15 år,antall,2095
EliminatedValue,5,7,7,0,BEF005,2022,Bydel Vestre Aker,16-17 år,antall,1277
EliminatedValue,5,7,8,0,BEF005,2022,Bydel Vestre Aker,18-19 år,antall,1112
EliminatedValue,5,7,9,0,BEF005,2022,Bydel Vestre Aker,20-22 år,antall,1507
EliminatedValue,5,7,10,0,BEF005,2022,Bydel Vestre Aker,23-24 år,antall,992
EliminatedValue,5,7,11,0,BEF005,2022,Bydel Vestre Aker,25-29 år,antall,2658
EliminatedValue,5,7,12,0,BEF005,2022,Bydel Vestre Aker,30-39 år,antall,7163
EliminatedValue,5,7,13,0,BEF005,2022,Bydel Vestre Aker,40-49 år,antall,7532
EliminatedValue,5,7,14,0,BEF005,2022,Bydel Vestre Aker,50-66 år,antall,9879
EliminatedValue,5,7,15,0,BEF005,2022,Bydel Vestre Aker,67-74 år,antall,3875
EliminatedValue,5,7,16,0,BEF005,2022,Bydel Vestre Aker,75-79 år,antall,2115
EliminatedValue,5,7,17,0,BEF005,2022,Bydel Vestre Aker,80-84 år,antall,1132
EliminatedValue,5,7,18,0,BEF005,2022,Bydel Vestre Aker,85-89 år,antall,644
EliminatedValue,5,7,19,0,BEF005,2022,Bydel Vestre Aker,90-94 år,antall,392
EliminatedValue,5,7,20,0,BEF005,2022,Bydel Vestre Aker,95+ år,antall,143
EliminatedValue,5,8,0,0,BEF005,2022,Bydel Nordre Aker,Alder i alt,antall,54055
EliminatedValue,5,8,1,0,BEF005,2022,Bydel Nordre Aker,0 år,antall,618
EliminatedValue,5,8,2,0,BEF005,2022,Bydel Nordre Aker,1-2 år,antall,1201
EliminatedValue,5,8,3,0,BEF005,2022,Bydel Nordre Aker,3-5 år,antall,1891
EliminatedValue,5,8,4,0,BEF005,2022,Bydel Nordre Aker,6-9 år,antall,2692
EliminatedValue,5,8,5,0,BEF005,2022,Bydel Nordre Aker,10-12 år,antall,2139
EliminatedValue,5,8,6,0,BEF005,2022,Bydel Nordre Aker,13-15 år,antall,2016
EliminatedValue,5,8,7,0,BEF005,2022,Bydel Nordre Aker,16-17 år,antall,1282
EliminatedValue,5,8,8,0,BEF005,2022,Bydel Nordre Aker,18-19 år,antall,1289
EliminatedValue,5,8,9,0,BEF005,2022,Bydel Nordre Aker,20-22 år,antall,2560
EliminatedValue,5,8,10,0,BEF005,2022,Bydel Nordre Aker,23-24 år,antall,1844
EliminatedValue,5,8,11,0,BEF005,2022,Bydel Nordre Aker,25-29 år,antall,4333
EliminatedValue,5,8,12,0,BEF005,2022,Bydel Nordre Aker,30-39 år,antall,7669
EliminatedValue,5,8,13,0,BEF005,2022,Bydel Nordre Aker,40-49 år,antall,7526
EliminatedValue,5,8,14,0,BEF005,2022,Bydel Nordre Aker,50-66 år,antall,10184
EliminatedValue,5,8,15,0,BEF005,2022,Bydel Nordre Aker,67-74 år,antall,3224
EliminatedValue,5,8,16,0,BEF005,2022,Bydel Nordre Aker,75-79 år,antall,1588
EliminatedValue,5,8,17,0,BEF005,2022,Bydel Nordre Aker,80-84 år,antall,893
EliminatedValue,5,8,18,0,BEF005,2022,Bydel Nordre Aker,85-89 år,antall,619
EliminatedValue,5,8,19,0,BEF005,2022,Bydel Nordre Aker,90-94 år,antall,351
EliminatedValue,5,8,20,0,BEF005,2022,Bydel Nordre Aker,95+ år,antall,136
EliminatedValue,5,9,0,0,BEF005,2022,Bydel Bjerke,Alder i alt,antall,35144
EliminatedValue,5,9,1,0,BEF005,2022,Bydel Bjerke,0 år,antall,545
EliminatedValue,5,9,2,0,BEF005,2022,Bydel Bjerke,1-2 år,antall,966
EliminatedValue,5,9,3,0,BEF005,2022,Bydel Bjerke,3-5 år,antall,1357
EliminatedValue,5,9,4,0,BEF005,2022,Bydel Bjerke,6-9 år,antall,1763
EliminatedValue,5,9,5,0,BEF005,2022,Bydel Bjerke,10-12 år,antall,1334
EliminatedValue,5,9,6,0,BEF005,2022,Bydel Bjerke,13-15 år,antall,1261
EliminatedValue,5,9,7,0,BEF005,2022,Bydel Bjerke,16-17 år,antall,761
EliminatedValue,5,9,8,0,BEF005,2022,Bydel Bjerke,18-19 år,antall,765
EliminatedValue,5,9,9,0,BEF005,2022,Bydel Bjerke,20-22 år,antall,1112
EliminatedValue,5,9,10,0,BEF005,2022,Bydel Bjerke,23-24 år,antall,778
EliminatedValue,5,9,11,0,BEF005,2022,Bydel Bjerke,25-29 år,antall,3061
EliminatedValue,5,9,12,0,BEF005,2022,Bydel Bjerke,30-39 år,antall,6849
EliminatedValue,5,9,13,0,BEF005,2022,Bydel Bjerke,40-49 år,antall,5411
EliminatedValue,5,9,14,0,BEF005,2022,Bydel Bjerke,50-66 år,antall,5851
EliminatedValue,5,9,15,0,BEF005,2022,Bydel Bjerke,67-74 år,antall,1582
EliminatedValue,5,9,16,0,BEF005,2022,Bydel Bjerke,75-79 år,antall,722
EliminatedValue,5,9,17,0,BEF005,2022,Bydel Bjerke,80-84 år,antall,467
EliminatedValue,5,9,18,0,BEF005,2022,Bydel Bjerke,85-89 år,antall,286
EliminatedValue,5,9,19,0,BEF005,2022,Bydel Bjerke,90-94 år,antall,194
EliminatedValue,5,9,20,0,BEF005,2022,Bydel Bjerke,95+ år,antall,79
EliminatedValue,5,10,0,0,BEF005,2022,Bydel Grorud,Alder i alt,antall,27418
EliminatedValue,5,10,1,0,BEF005,2022,Bydel Grorud,0 år,antall,308
EliminatedValue,5,10,2,0,BEF005,2022,Bydel Grorud,1-2 år,antall,584
EliminatedValue,5,10,3,0,BEF005,2022,Bydel Grorud,3-5 år,antall,949
EliminatedValue,5,10,4,0,BEF005,2022,Bydel Grorud,6-9 år,antall,1278
EliminatedValue,5,10,5,0,BEF005,2022,Bydel Grorud,10-12 år,antall,958
EliminatedValue,5,10,6,0,BEF005,2022,Bydel Grorud,13-15 år,antall,968
EliminatedValue,5,10,7,0,BEF005,2022,Bydel Grorud,16-17 år,antall,629
EliminatedValue,5,10,8,0,BEF005,2022,Bydel Grorud,18-19 år,antall,619
EliminatedValue,5,10,9,0,BEF005,2022,Bydel Grorud,20-22 år,antall,888
EliminatedValue,5,10,10,0,BEF005,2022,Bydel Grorud,23-24 år,antall,631
EliminatedValue,5,10,11,0,BEF005,2022,Bydel Grorud,25-29 år,antall,1982
EliminatedValue,5,10,12,0,BEF005,2022,Bydel Grorud,30-39 år,antall,4452
EliminatedValue,5,10,13,0,BEF005,2022,Bydel Grorud,40-49 år,antall,3962
EliminatedValue,5,10,14,0,BEF005,2022,Bydel Grorud,50-66 år,antall,5880
EliminatedValue,5,10,15,0,BEF005,2022,Bydel Grorud,67-74 år,antall,1578
EliminatedValue,5,10,16,0,BEF005,2022,Bydel Grorud,75-79 år,antall,801
EliminatedValue,5,10,17,0,BEF005,2022,Bydel Grorud,80-84 år,antall,443
EliminatedValue,5,10,18,0,BEF005,2022,Bydel Grorud,85-89 år,antall,312
EliminatedValue,5,10,19,0,BEF005,2022,Bydel Grorud,90-94 år,antall,155
EliminatedValue,5,10,20,0,BEF005,2022,Bydel Grorud,95+ år,antall,41
EliminatedValue,5,11,0,0,BEF005,2022,Bydel Stovner,Alder i alt,antall,33200
EliminatedValue,5,11,1,0,BEF005,2022,Bydel Stovner,0 år,antall,376
EliminatedValue,5,11,2,0,BEF005,2022,Bydel Stovner,1-2 år,antall,786
EliminatedValue,5,11,3,0,BEF005,2022,Bydel Stovner,3-5 år,antall,1158
EliminatedValue,5,11,4,0,BEF005,2022,Bydel Stovner,6-9 år,antall,1642
EliminatedValue,5,11,5,0,BEF005,2022,Bydel Stovner,10-12 år,antall,1275
EliminatedValue,5,11,6,0,BEF005,2022,Bydel Stovner,13-15 år,antall,1423
EliminatedValue,5,11,7,0,BEF005,2022,Bydel Stovner,16-17 år,antall,964
EliminatedValue,5,11,8,0,BEF005,2022,Bydel Stovner,18-19 år,antall,972
EliminatedValue,5,11,9,0,BEF005,2022,Bydel Stovner,20-22 år,antall,1340
EliminatedValue,5,11,10,0,BEF005,2022,Bydel Stovner,23-24 år,antall,831
EliminatedValue,5,11,11,0,BEF005,2022,Bydel Stovner,25-29 år,antall,2074
EliminatedValue,5,11,12,0,BEF005,2022,Bydel Stovner,30-39 år,antall,4549
EliminatedValue,5,11,13,0,BEF005,2022,Bydel Stovner,40-49 år,antall,4554
EliminatedValue,5,11,14,0,BEF005,2022,Bydel Stovner,50-66 år,antall,6780
EliminatedValue,5,11,15,0,BEF005,2022,Bydel Stovner,67-74 år,antall,2053
EliminatedValue,5,11,16,0,BEF005,2022,Bydel Stovner,75-79 år,antall,1203
EliminatedValue,5,11,17,0,BEF005,2022,Bydel Stovner,80-84 år,antall,681
EliminatedValue,5,11,18,0,BEF005,2022,Bydel Stovner,85-89 år,antall,344
EliminatedValue,5,11,19,0,BEF005,2022,Bydel Stovner,90-94 år,antall,154
EliminatedValue,5,11,20,0,BEF005,2022,Bydel Stovner,95+ år,antall,41
EliminatedValue,5,12,0,0,BEF005,2022,Bydel Alna,Alder i alt,antall,49429
EliminatedValue,5,12,1,0,BEF005,2022,Bydel Alna,0 år,antall,561
EliminatedValue,5,12,2,0,BEF005,2022,Bydel Alna,1-2 år,antall,1164
EliminatedValue,5,12,3,0,BEF005,2022,Bydel Alna,3-5 år,antall,1785
EliminatedValue,5,12,4,0,BEF005,2022,Bydel Alna,6-9 år,antall,2387
EliminatedValue,5,12,5,0,BEF005,2022,Bydel Alna,10-12 år,antall,1844
EliminatedValue,5,12,6,0,BEF005,2022,Bydel Alna,13-15 år,antall,1718
EliminatedValue,5,12,7,0,BEF005,2022,Bydel Alna,16-17 år,antall,1144
EliminatedValue,5,12,8,0,BEF005,2022,Bydel Alna,18-19 år,antall,1106
EliminatedValue,5,12,9,0,BEF005,2022,Bydel Alna,20-22 år,antall,1569
EliminatedValue,5,12,10,0,BEF005,2022,Bydel Alna,23-24 år,antall,1142
EliminatedValue,5,12,11,0,BEF005,2022,Bydel Alna,25-29 år,antall,3642
EliminatedValue,5,12,12,0,BEF005,2022,Bydel Alna,30-39 år,antall,8431
EliminatedValue,5,12,13,0,BEF005,2022,Bydel Alna,40-49 år,antall,6987
EliminatedValue,5,12,14,0,BEF005,2022,Bydel Alna,50-66 år,antall,9555
EliminatedValue,5,12,15,0,BEF005,2022,Bydel Alna,67-74 år,antall,3176
EliminatedValue,5,12,16,0,BEF005,2022,Bydel Alna,75-79 år,antall,1521
EliminatedValue,5,12,17,0,BEF005,2022,Bydel Alna,80-84 år,antall,857
EliminatedValue,5,12,18,0,BEF005,2022,Bydel Alna,85-89 år,antall,500
EliminatedValue,5,12,19,0,BEF005,2022,Bydel Alna,90-94 år,antall,251
EliminatedValue,5,12,20,0,BEF005,2022,Bydel Alna,95+ år,antall,89
EliminatedValue,5,13,0,0,BEF005,2022,Bydel Østensjø,Alder i alt,antall,50924
EliminatedValue,5,13,1,0,BEF005,2022,Bydel Østensjø,0 år,antall,630
EliminatedValue,5,13,2,0,BEF005,2022,Bydel Østensjø,1-2 år,antall,1160
EliminatedValue,5,13,3,0,BEF005,2022,Bydel Østensjø,3-5 år,antall,1891
EliminatedValue,5,13,4,0,BEF005,2022,Bydel Østensjø,6-9 år,antall,2659
EliminatedValue,5,13,5,0,BEF005,2022,Bydel Østensjø,10-12 år,antall,2071
EliminatedValue,5,13,6,0,BEF005,2022,Bydel Østensjø,13-15 år,antall,1889
EliminatedValue,5,13,7,0,BEF005,2022,Bydel Østensjø,16-17 år,antall,1143
EliminatedValue,5,13,8,0,BEF005,2022,Bydel Østensjø,18-19 år,antall,1020
EliminatedValue,5,13,9,0,BEF005,2022,Bydel Østensjø,20-22 år,antall,1341
EliminatedValue,5,13,10,0,BEF005,2022,Bydel Østensjø,23-24 år,antall,850
EliminatedValue,5,13,11,0,BEF005,2022,Bydel Østensjø,25-29 år,antall,2988
EliminatedValue,5,13,12,0,BEF005,2022,Bydel Østensjø,30-39 år,antall,8123
EliminatedValue,5,13,13,0,BEF005,2022,Bydel Østensjø,40-49 år,antall,7829
EliminatedValue,5,13,14,0,BEF005,2022,Bydel Østensjø,50-66 år,antall,10456
EliminatedValue,5,13,15,0,BEF005,2022,Bydel Østensjø,67-74 år,antall,2872
EliminatedValue,5,13,16,0,BEF005,2022,Bydel Østensjø,75-79 år,antall,1476
EliminatedValue,5,13,17,0,BEF005,2022,Bydel Østensjø,80-84 år,antall,1006
EliminatedValue,5,13,18,0,BEF005,2022,Bydel Østensjø,85-89 år,antall,875
EliminatedValue,5,13,19,0,BEF005,2022,Bydel Østensjø,90-94 år,antall,500
EliminatedValue,5,13,20,0,BEF005,2022,Bydel Østensjø,95+ år,antall,145
EliminatedValue,5,14,0,0,BEF005,2022,Bydel Nordstrand,Alder i alt,antall,52668
EliminatedValue,5,14,1,0,BEF005,2022,Bydel Nordstrand,0 år,antall,609
EliminatedValue,5,14,2,0,BEF005,2022,Bydel Nordstrand,1-2 år,antall,1200
EliminatedValue,5,14,3,0,BEF005,2022,Bydel Nordstrand,3-5 år,antall,1909
EliminatedValue,5,14,4,0,BEF005,2022,Bydel Nordstrand,6-9 år,antall,2669
EliminatedValue,5,14,5,0,BEF005,2022,Bydel Nordstrand,10-12 år,antall,2074
EliminatedValue,5,14,6,0,BEF005,2022,Bydel Nordstrand,13-15 år,antall,2045
EliminatedValue,5,14,7,0,BEF005,2022,Bydel Nordstrand,16-17 år,antall,1283
EliminatedValue,5,14,8,0,BEF005,2022,Bydel Nordstrand,18-19 år,antall,1193
EliminatedValue,5,14,9,0,BEF005,2022,Bydel Nordstrand,20-22 år,antall,1484
EliminatedValue,5,14,10,0,BEF005,2022,Bydel Nordstrand,23-24 år,antall,991
EliminatedValue,5,14,11,0,BEF005,2022,Bydel Nordstrand,25-29 år,antall,3004
EliminatedValue,5,14,12,0,BEF005,2022,Bydel Nordstrand,30-39 år,antall,7211
EliminatedValue,5,14,13,0,BEF005,2022,Bydel Nordstrand,40-49 år,antall,8097
EliminatedValue,5,14,14,0,BEF005,2022,Bydel Nordstrand,50-66 år,antall,10939
EliminatedValue,5,14,15,0,BEF005,2022,Bydel Nordstrand,67-74 år,antall,3691
EliminatedValue,5,14,16,0,BEF005,2022,Bydel Nordstrand,75-79 år,antall,1861
EliminatedValue,5,14,17,0,BEF005,2022,Bydel Nordstrand,80-84 år,antall,1096
EliminatedValue,5,14,18,0,BEF005,2022,Bydel Nordstrand,85-89 år,antall,693
EliminatedValue,5,14,19,0,BEF005,2022,Bydel Nordstrand,90-94 år,antall,430
EliminatedValue,5,14,20,0,BEF005,2022,Bydel Nordstrand,95+ år,antall,189
EliminatedValue,5,15,0,0,BEF005,2022,Bydel Søndre Nordstrand,Alder i alt,antall,39081
EliminatedValue,5,15,1,0,BEF005,2022,Bydel Søndre Nordstrand,0 år,antall,457
EliminatedValue,5,15,2,0,BEF005,2022,Bydel Søndre Nordstrand,1-2 år,antall,992
EliminatedValue,5,15,3,0,BEF005,2022,Bydel Søndre Nordstrand,3-5 år,antall,1482
EliminatedValue,5,15,4,0,BEF005,2022,Bydel Søndre Nordstrand,6-9 år,antall,2132
EliminatedValue,5,15,5,0,BEF005,2022,Bydel Søndre Nordstrand,10-12 år,antall,1700
EliminatedValue,5,15,6,0,BEF005,2022,Bydel Søndre Nordstrand,13-15 år,antall,1746
EliminatedValue,5,15,7,0,BEF005,2022,Bydel Søndre Nordstrand,16-17 år,antall,1172
EliminatedValue,5,15,8,0,BEF005,2022,Bydel Søndre Nordstrand,18-19 år,antall,1126
EliminatedValue,5,15,9,0,BEF005,2022,Bydel Søndre Nordstrand,20-22 år,antall,1465
EliminatedValue,5,15,10,0,BEF005,2022,Bydel Søndre Nordstrand,23-24 år,antall,959
EliminatedValue,5,15,11,0,BEF005,2022,Bydel Søndre Nordstrand,25-29 år,antall,2318
EliminatedValue,5,15,12,0,BEF005,2022,Bydel Søndre Nordstrand,30-39 år,antall,5762
EliminatedValue,5,15,13,0,BEF005,2022,Bydel Søndre Nordstrand,40-49 år,antall,5617
EliminatedValue,5,15,14,0,BEF005,2022,Bydel Søndre Nordstrand,50-66 år,antall,8157
EliminatedValue,5,15,15,0,BEF005,2022,Bydel Søndre Nordstrand,67-74 år,antall,2318
EliminatedValue,5,15,16,0,BEF005,2022,Bydel Søndre Nordstrand,75-79 år,antall,944
EliminatedValue,5,15,17,0,BEF005,2022,Bydel Søndre Nordstrand,80-84 år,antall,401
EliminatedValue,5,15,18,0,BEF005,2022,Bydel Søndre Nordstrand,85-89 år,antall,196
EliminatedValue,5,15,19,0,BEF005,2022,Bydel Søndre Nordstrand,90-94 år,antall,102
EliminatedValue,5,15,20,0,BEF005,2022,Bydel Søndre Nordstrand,95+ år,antall,35
EliminatedValue,6,100000,0,0,BEF005,2023,Oslo i alt,Alder i alt,antall,707607
EliminatedValue,6,100000,1,0,BEF005,2023,Oslo i alt,0 år,antall,8129
EliminatedValue,6,100000,2,0,BEF005,2023,Oslo i alt,1-2 år,antall,16298
EliminatedValue,6,100000,3,0,BEF005,2023,Oslo i alt,3-5 år,antall,21825
EliminatedValue,6,100000,4,0,BEF005,2023,Oslo i alt,6-9 år,antall,28766
EliminatedValue,6,100000,5,0,BEF005,2023,Oslo i alt,10-12 år,antall,21742
EliminatedValue,6,100000,6,0,BEF005,2023,Oslo i alt,13-15 år,antall,21492
EliminatedValue,6,100000,7,0,BEF005,2023,Oslo i alt,16-17 år,antall,13627
EliminatedValue,6,100000,8,0,BEF005,2023,Oslo i alt,18-19 år,antall,13719
EliminatedValue,6,100000,9,0,BEF005,2023,Oslo i alt,20-22 år,antall,25270
EliminatedValue,6,100000,10,0,BEF005,2023,Oslo i alt,23-24 år,antall,21518
EliminatedValue,6,100000,11,0,BEF005,2023,Oslo i alt,25-29 år,antall,74566
EliminatedValue,6,100000,12,0,BEF005,2023,Oslo i alt,30-39 år,antall,136327
EliminatedValue,6,100000,13,0,BEF005,2023,Oslo i alt,40-49 år,antall,97713
EliminatedValue,6,100000,14,0,BEF005,2023,Oslo i alt,50-66 år,antall,125715
EliminatedValue,6,100000,15,0,BEF005,2023,Oslo i alt,67-74 år,antall,38495
EliminatedValue,6,100000,16,0,BEF005,2023,Oslo i alt,75-79 år,antall,20297
EliminatedValue,6,100000,17,0,BEF005,2023,Oslo i alt,80-84 år,antall,11011
EliminatedValue,6,100000,18,0,BEF005,2023,Oslo i alt,85-89 år,antall,6318
EliminatedValue,6,100000,19,0,BEF005,2023,Oslo i alt,90-94 år,antall,3469
EliminatedValue,6,100000,20,0,BEF005,2023,Oslo i alt,95+ år,antall,1310
EliminatedValue,6,1,0,0,BEF005,2023,Bydel Gamle Oslo,Alder i alt,antall,61792
EliminatedValue,6,1,1,0,BEF005,2023,Bydel Gamle Oslo,0 år,antall,919
EliminatedValue,6,1,2,0,BEF005,2023,Bydel Gamle Oslo,1-2 år,antall,1595
EliminatedValue,6,1,3,0,BEF005,2023,Bydel Gamle Oslo,3-5 år,antall,1734
EliminatedValue,6,1,4,0,BEF005,2023,Bydel Gamle Oslo,6-9 år,antall,2067
EliminatedValue,6,1,5,0,BEF005,2023,Bydel Gamle Oslo,10-12 år,antall,1414
EliminatedValue,6,1,6,0,BEF005,2023,Bydel Gamle Oslo,13-15 år,antall,1316
EliminatedValue,6,1,7,0,BEF005,2023,Bydel Gamle Oslo,16-17 år,antall,781
EliminatedValue,6,1,8,0,BEF005,2023,Bydel Gamle Oslo,18-19 år,antall,732
EliminatedValue,6,1,9,0,BEF005,2023,Bydel Gamle Oslo,20-22 år,antall,1744
EliminatedValue,6,1,10,0,BEF005,2023,Bydel Gamle Oslo,23-24 år,antall,1816
EliminatedValue,6,1,11,0,BEF005,2023,Bydel Gamle Oslo,25-29 år,antall,8600
EliminatedValue,6,1,12,0,BEF005,2023,Bydel Gamle Oslo,30-39 år,antall,16831
EliminatedValue,6,1,13,0,BEF005,2023,Bydel Gamle Oslo,40-49 år,antall,9018
EliminatedValue,6,1,14,0,BEF005,2023,Bydel Gamle Oslo,50-66 år,antall,9090
EliminatedValue,6,1,15,0,BEF005,2023,Bydel Gamle Oslo,67-74 år,antall,2412
EliminatedValue,6,1,16,0,BEF005,2023,Bydel Gamle Oslo,75-79 år,antall,953
EliminatedValue,6,1,17,0,BEF005,2023,Bydel Gamle Oslo,80-84 år,antall,413
EliminatedValue,6,1,18,0,BEF005,2023,Bydel Gamle Oslo,85-89 år,antall,194
EliminatedValue,6,1,19,0,BEF005,2023,Bydel Gamle Oslo,90-94 år,antall,95
EliminatedValue,6,1,20,0,BEF005,2023,Bydel Gamle Oslo,95+ år,antall,68
EliminatedValue,6,2,0,0,BEF005,2023,Bydel Grünerløkka,Alder i alt,antall,64257
EliminatedValue,6,2,1,0,BEF005,2023,Bydel Grünerløkka,0 år,antall,882
EliminatedValue,6,2,2,0,BEF005,2023,Bydel Grünerløkka,1-2 år,antall,1588
EliminatedValue,6,2,3,0,BEF005,2023,Bydel Grünerløkka,3-5 år,antall,1602
EliminatedValue,6,2,4,0,BEF005,2023,Bydel Grünerløkka,6-9 år,antall,1730
EliminatedValue,6,2,5,0,BEF005,2023,Bydel Grünerløkka,10-12 år,antall,1145
EliminatedValue,6,2,6,0,BEF005,2023,Bydel Grünerløkka,13-15 år,antall,1030
EliminatedValue,6,2,7,0,BEF005,2023,Bydel Grünerløkka,16-17 år,antall,659
EliminatedValue,6,2,8,0,BEF005,2023,Bydel Grünerløkka,18-19 år,antall,750
EliminatedValue,6,2,9,0,BEF005,2023,Bydel Grünerløkka,20-22 år,antall,2559
EliminatedValue,6,2,10,0,BEF005,2023,Bydel Grünerløkka,23-24 år,antall,2859
EliminatedValue,6,2,11,0,BEF005,2023,Bydel Grünerløkka,25-29 år,antall,11382
EliminatedValue,6,2,12,0,BEF005,2023,Bydel Grünerløkka,30-39 år,antall,18057
EliminatedValue,6,2,13,0,BEF005,2023,Bydel Grünerløkka,40-49 år,antall,8379
EliminatedValue,6,2,14,0,BEF005,2023,Bydel Grünerløkka,50-66 år,antall,8048
EliminatedValue,6,2,15,0,BEF005,2023,Bydel Grünerløkka,67-74 år,antall,2022
EliminatedValue,6,2,16,0,BEF005,2023,Bydel Grünerløkka,75-79 år,antall,836
EliminatedValue,6,2,17,0,BEF005,2023,Bydel Grünerløkka,80-84 år,antall,396
EliminatedValue,6,2,18,0,BEF005,2023,Bydel Grünerløkka,85-89 år,antall,177
EliminatedValue,6,2,19,0,BEF005,2023,Bydel Grünerløkka,90-94 år,antall,108
EliminatedValue,6,2,20,0,BEF005,2023,Bydel Grünerløkka,95+ år,antall,48
EliminatedValue,6,3,0,0,BEF005,2023,Bydel Sagene,Alder i alt,antall,46939
EliminatedValue,6,3,1,0,BEF005,2023,Bydel Sagene,0 år,antall,737
EliminatedValue,6,3,2,0,BEF005,2023,Bydel Sagene,1-2 år,antall,1192
EliminatedValue,6,3,3,0,BEF005,2023,Bydel Sagene,3-5 år,antall,1165
EliminatedValue,6,3,4,0,BEF005,2023,Bydel Sagene,6-9 år,antall,1276
EliminatedValue,6,3,5,0,BEF005,2023,Bydel Sagene,10-12 år,antall,832
EliminatedValue,6,3,6,0,BEF005,2023,Bydel Sagene,13-15 år,antall,677
EliminatedValue,6,3,7,0,BEF005,2023,Bydel Sagene,16-17 år,antall,389
EliminatedValue,6,3,8,0,BEF005,2023,Bydel Sagene,18-19 år,antall,519
EliminatedValue,6,3,9,0,BEF005,2023,Bydel Sagene,20-22 år,antall,1686
EliminatedValue,6,3,10,0,BEF005,2023,Bydel Sagene,23-24 år,antall,1931
EliminatedValue,6,3,11,0,BEF005,2023,Bydel Sagene,25-29 år,antall,8594
EliminatedValue,6,3,12,0,BEF005,2023,Bydel Sagene,30-39 år,antall,12991
EliminatedValue,6,3,13,0,BEF005,2023,Bydel Sagene,40-49 år,antall,5711
EliminatedValue,6,3,14,0,BEF005,2023,Bydel Sagene,50-66 år,antall,5904
EliminatedValue,6,3,15,0,BEF005,2023,Bydel Sagene,67-74 år,antall,1794
EliminatedValue,6,3,16,0,BEF005,2023,Bydel Sagene,75-79 år,antall,849
EliminatedValue,6,3,17,0,BEF005,2023,Bydel Sagene,80-84 år,antall,380
EliminatedValue,6,3,18,0,BEF005,2023,Bydel Sagene,85-89 år,antall,196
EliminatedValue,6,3,19,0,BEF005,2023,Bydel Sagene,90-94 år,antall,76
EliminatedValue,6,3,20,0,BEF005,2023,Bydel Sagene,95+ år,antall,40
EliminatedValue,6,4,0,0,BEF005,2023,Bydel St.Hanshaugen,Alder i alt,antall,41026
EliminatedValue,6,4,1,0,BEF005,2023,Bydel St.Hanshaugen,0 år,antall,395
EliminatedValue,6,4,2,0,BEF005,2023,Bydel St.Hanshaugen,1-2 år,antall,701
EliminatedValue,6,4,3,0,BEF005,2023,Bydel St.Hanshaugen,3-5 år,antall,776
EliminatedValue,6,4,4,0,BEF005,2023,Bydel St.Hanshaugen,6-9 år,antall,878
EliminatedValue,6,4,5,0,BEF005,2023,Bydel St.Hanshaugen,10-12 år,antall,645
EliminatedValue,6,4,6,0,BEF005,2023,Bydel St.Hanshaugen,13-15 år,antall,626
EliminatedValue,6,4,7,0,BEF005,2023,Bydel St.Hanshaugen,16-17 år,antall,393
EliminatedValue,6,4,8,0,BEF005,2023,Bydel St.Hanshaugen,18-19 år,antall,497
EliminatedValue,6,4,9,0,BEF005,2023,Bydel St.Hanshaugen,20-22 år,antall,2151
EliminatedValue,6,4,10,0,BEF005,2023,Bydel St.Hanshaugen,23-24 år,antall,2372
EliminatedValue,6,4,11,0,BEF005,2023,Bydel St.Hanshaugen,25-29 år,antall,8130
EliminatedValue,6,4,12,0,BEF005,2023,Bydel St.Hanshaugen,30-39 år,antall,10056
EliminatedValue,6,4,13,0,BEF005,2023,Bydel St.Hanshaugen,40-49 år,antall,4865
EliminatedValue,6,4,14,0,BEF005,2023,Bydel St.Hanshaugen,50-66 år,antall,5590
EliminatedValue,6,4,15,0,BEF005,2023,Bydel St.Hanshaugen,67-74 år,antall,1475
EliminatedValue,6,4,16,0,BEF005,2023,Bydel St.Hanshaugen,75-79 år,antall,732
EliminatedValue,6,4,17,0,BEF005,2023,Bydel St.Hanshaugen,80-84 år,antall,418
EliminatedValue,6,4,18,0,BEF005,2023,Bydel St.Hanshaugen,85-89 år,antall,191
EliminatedValue,6,4,19,0,BEF005,2023,Bydel St.Hanshaugen,90-94 år,antall,91
EliminatedValue,6,4,20,0,BEF005,2023,Bydel St.Hanshaugen,95+ år,antall,44
EliminatedValue,6,5,0,0,BEF005,2023,Bydel Frogner,Alder i alt,antall,60252
EliminatedValue,6,5,1,0,BEF005,2023,Bydel Frogner,0 år,antall,527
EliminatedValue,6,5,2,0,BEF005,2023,Bydel Frogner,1-2 år,antall,876
EliminatedValue,6,5,3,0,BEF005,2023,Bydel Frogner,3-5 år,antall,1057
EliminatedValue,6,5,4,0,BEF005,2023,Bydel Frogner,6-9 år,antall,1327
EliminatedValue,6,5,5,0,BEF005,2023,Bydel Frogner,10-12 år,antall,1005
EliminatedValue,6,5,6,0,BEF005,2023,Bydel Frogner,13-15 år,antall,1036
EliminatedValue,6,5,7,0,BEF005,2023,Bydel Frogner,16-17 år,antall,735
EliminatedValue,6,5,8,0,BEF005,2023,Bydel Frogner,18-19 år,antall,808
EliminatedValue,6,5,9,0,BEF005,2023,Bydel Frogner,20-22 år,antall,2559
EliminatedValue,6,5,10,0,BEF005,2023,Bydel Frogner,23-24 år,antall,2803
EliminatedValue,6,5,11,0,BEF005,2023,Bydel Frogner,25-29 år,antall,9787
EliminatedValue,6,5,12,0,BEF005,2023,Bydel Frogner,30-39 år,antall,11799
EliminatedValue,6,5,13,0,BEF005,2023,Bydel Frogner,40-49 år,antall,6786
EliminatedValue,6,5,14,0,BEF005,2023,Bydel Frogner,50-66 år,antall,10943
EliminatedValue,6,5,15,0,BEF005,2023,Bydel Frogner,67-74 år,antall,3640
EliminatedValue,6,5,16,0,BEF005,2023,Bydel Frogner,75-79 år,antall,2263
EliminatedValue,6,5,17,0,BEF005,2023,Bydel Frogner,80-84 år,antall,1197
EliminatedValue,6,5,18,0,BEF005,2023,Bydel Frogner,85-89 år,antall,669
EliminatedValue,6,5,19,0,BEF005,2023,Bydel Frogner,90-94 år,antall,306
EliminatedValue,6,5,20,0,BEF005,2023,Bydel Frogner,95+ år,antall,129
EliminatedValue,6,6,0,0,BEF005,2023,Bydel Ullern,Alder i alt,antall,35187
EliminatedValue,6,6,1,0,BEF005,2023,Bydel Ullern,0 år,antall,370
EliminatedValue,6,6,2,0,BEF005,2023,Bydel Ullern,1-2 år,antall,829
EliminatedValue,6,6,3,0,BEF005,2023,Bydel Ullern,3-5 år,antall,1110
EliminatedValue,6,6,4,0,BEF005,2023,Bydel Ullern,6-9 år,antall,1585
EliminatedValue,6,6,5,0,BEF005,2023,Bydel Ullern,10-12 år,antall,1228
EliminatedValue,6,6,6,0,BEF005,2023,Bydel Ullern,13-15 år,antall,1255
EliminatedValue,6,6,7,0,BEF005,2023,Bydel Ullern,16-17 år,antall,830
EliminatedValue,6,6,8,0,BEF005,2023,Bydel Ullern,18-19 år,antall,702
EliminatedValue,6,6,9,0,BEF005,2023,Bydel Ullern,20-22 år,antall,979
EliminatedValue,6,6,10,0,BEF005,2023,Bydel Ullern,23-24 år,antall,602
EliminatedValue,6,6,11,0,BEF005,2023,Bydel Ullern,25-29 år,antall,2195
EliminatedValue,6,6,12,0,BEF005,2023,Bydel Ullern,30-39 år,antall,5180
EliminatedValue,6,6,13,0,BEF005,2023,Bydel Ullern,40-49 år,antall,4858
EliminatedValue,6,6,14,0,BEF005,2023,Bydel Ullern,50-66 år,antall,7035
EliminatedValue,6,6,15,0,BEF005,2023,Bydel Ullern,67-74 år,antall,2807
EliminatedValue,6,6,16,0,BEF005,2023,Bydel Ullern,75-79 år,antall,1772
EliminatedValue,6,6,17,0,BEF005,2023,Bydel Ullern,80-84 år,antall,968
EliminatedValue,6,6,18,0,BEF005,2023,Bydel Ullern,85-89 år,antall,489
EliminatedValue,6,6,19,0,BEF005,2023,Bydel Ullern,90-94 år,antall,283
EliminatedValue,6,6,20,0,BEF005,2023,Bydel Ullern,95+ år,antall,110
EliminatedValue,6,7,0,0,BEF005,2023,Bydel Vestre Aker,Alder i alt,antall,52182
EliminatedValue,6,7,1,0,BEF005,2023,Bydel Vestre Aker,0 år,antall,613
EliminatedValue,6,7,2,0,BEF005,2023,Bydel Vestre Aker,1-2 år,antall,1360
EliminatedValue,6,7,3,0,BEF005,2023,Bydel Vestre Aker,3-5 år,antall,2084
EliminatedValue,6,7,4,0,BEF005,2023,Bydel Vestre Aker,6-9 år,antall,2748
EliminatedValue,6,7,5,0,BEF005,2023,Bydel Vestre Aker,10-12 år,antall,2088
EliminatedValue,6,7,6,0,BEF005,2023,Bydel Vestre Aker,13-15 år,antall,2148
EliminatedValue,6,7,7,0,BEF005,2023,Bydel Vestre Aker,16-17 år,antall,1297
EliminatedValue,6,7,8,0,BEF005,2023,Bydel Vestre Aker,18-19 år,antall,1236
EliminatedValue,6,7,9,0,BEF005,2023,Bydel Vestre Aker,20-22 år,antall,1531
EliminatedValue,6,7,10,0,BEF005,2023,Bydel Vestre Aker,23-24 år,antall,985
EliminatedValue,6,7,11,0,BEF005,2023,Bydel Vestre Aker,25-29 år,antall,2705
EliminatedValue,6,7,12,0,BEF005,2023,Bydel Vestre Aker,30-39 år,antall,7261
EliminatedValue,6,7,13,0,BEF005,2023,Bydel Vestre Aker,40-49 år,antall,7628
EliminatedValue,6,7,14,0,BEF005,2023,Bydel Vestre Aker,50-66 år,antall,10039
EliminatedValue,6,7,15,0,BEF005,2023,Bydel Vestre Aker,67-74 år,antall,3781
EliminatedValue,6,7,16,0,BEF005,2023,Bydel Vestre Aker,75-79 år,antall,2272
EliminatedValue,6,7,17,0,BEF005,2023,Bydel Vestre Aker,80-84 år,antall,1193
EliminatedValue,6,7,18,0,BEF005,2023,Bydel Vestre Aker,85-89 år,antall,676
EliminatedValue,6,7,19,0,BEF005,2023,Bydel Vestre Aker,90-94 år,antall,391
EliminatedValue,6,7,20,0,BEF005,2023,Bydel Vestre Aker,95+ år,antall,146
EliminatedValue,6,8,0,0,BEF005,2023,Bydel Nordre Aker,Alder i alt,antall,54570
EliminatedValue,6,8,1,0,BEF005,2023,Bydel Nordre Aker,0 år,antall,519
EliminatedValue,6,8,2,0,BEF005,2023,Bydel Nordre Aker,1-2 år,antall,1259
EliminatedValue,6,8,3,0,BEF005,2023,Bydel Nordre Aker,3-5 år,antall,1899
EliminatedValue,6,8,4,0,BEF005,2023,Bydel Nordre Aker,6-9 år,antall,2663
EliminatedValue,6,8,5,0,BEF005,2023,Bydel Nordre Aker,10-12 år,antall,2071
EliminatedValue,6,8,6,0,BEF005,2023,Bydel Nordre Aker,13-15 år,antall,2091
EliminatedValue,6,8,7,0,BEF005,2023,Bydel Nordre Aker,16-17 år,antall,1297
EliminatedValue,6,8,8,0,BEF005,2023,Bydel Nordre Aker,18-19 år,antall,1356
EliminatedValue,6,8,9,0,BEF005,2023,Bydel Nordre Aker,20-22 år,antall,2625
EliminatedValue,6,8,10,0,BEF005,2023,Bydel Nordre Aker,23-24 år,antall,1926
EliminatedValue,6,8,11,0,BEF005,2023,Bydel Nordre Aker,25-29 år,antall,4240
EliminatedValue,6,8,12,0,BEF005,2023,Bydel Nordre Aker,30-39 år,antall,7816
EliminatedValue,6,8,13,0,BEF005,2023,Bydel Nordre Aker,40-49 år,antall,7457
EliminatedValue,6,8,14,0,BEF005,2023,Bydel Nordre Aker,50-66 år,antall,10432
EliminatedValue,6,8,15,0,BEF005,2023,Bydel Nordre Aker,67-74 år,antall,3221
EliminatedValue,6,8,16,0,BEF005,2023,Bydel Nordre Aker,75-79 år,antall,1692
EliminatedValue,6,8,17,0,BEF005,2023,Bydel Nordre Aker,80-84 år,antall,937
EliminatedValue,6,8,18,0,BEF005,2023,Bydel Nordre Aker,85-89 år,antall,595
EliminatedValue,6,8,19,0,BEF005,2023,Bydel Nordre Aker,90-94 år,antall,349
EliminatedValue,6,8,20,0,BEF005,2023,Bydel Nordre Aker,95+ år,antall,125
EliminatedValue,6,9,0,0,BEF005,2023,Bydel Bjerke,Alder i alt,antall,36329
EliminatedValue,6,9,1,0,BEF005,2023,Bydel Bjerke,0 år,antall,516
EliminatedValue,6,9,2,0,BEF005,2023,Bydel Bjerke,1-2 år,antall,991
EliminatedValue,6,9,3,0,BEF005,2023,Bydel Bjerke,3-5 år,antall,1380
EliminatedValue,6,9,4,0,BEF005,2023,Bydel Bjerke,6-9 år,antall,1754
EliminatedValue,6,9,5,0,BEF005,2023,Bydel Bjerke,10-12 år,antall,1359
EliminatedValue,6,9,6,0,BEF005,2023,Bydel Bjerke,13-15 år,antall,1307
EliminatedValue,6,9,7,0,BEF005,2023,Bydel Bjerke,16-17 år,antall,815
EliminatedValue,6,9,8,0,BEF005,2023,Bydel Bjerke,18-19 år,antall,807
EliminatedValue,6,9,9,0,BEF005,2023,Bydel Bjerke,20-22 år,antall,1167
EliminatedValue,6,9,10,0,BEF005,2023,Bydel Bjerke,23-24 år,antall,857
EliminatedValue,6,9,11,0,BEF005,2023,Bydel Bjerke,25-29 år,antall,3121
EliminatedValue,6,9,12,0,BEF005,2023,Bydel Bjerke,30-39 år,antall,7150
EliminatedValue,6,9,13,0,BEF005,2023,Bydel Bjerke,40-49 år,antall,5596
EliminatedValue,6,9,14,0,BEF005,2023,Bydel Bjerke,50-66 år,antall,6093
EliminatedValue,6,9,15,0,BEF005,2023,Bydel Bjerke,67-74 år,antall,1645
EliminatedValue,6,9,16,0,BEF005,2023,Bydel Bjerke,75-79 år,antall,775
EliminatedValue,6,9,17,0,BEF005,2023,Bydel Bjerke,80-84 år,antall,471
EliminatedValue,6,9,18,0,BEF005,2023,Bydel Bjerke,85-89 år,antall,270
EliminatedValue,6,9,19,0,BEF005,2023,Bydel Bjerke,90-94 år,antall,187
EliminatedValue,6,9,20,0,BEF005,2023,Bydel Bjerke,95+ år,antall,68
EliminatedValue,6,10,0,0,BEF005,2023,Bydel Grorud,Alder i alt,antall,27769
EliminatedValue,6,10,1,0,BEF005,2023,Bydel Grorud,0 år,antall,284
EliminatedValue,6,10,2,0,BEF005,2023,Bydel Grorud,1-2 år,antall,604
EliminatedValue,6,10,3,0,BEF005,2023,Bydel Grorud,3-5 år,antall,947
EliminatedValue,6,10,4,0,BEF005,2023,Bydel Grorud,6-9 år,antall,1258
EliminatedValue,6,10,5,0,BEF005,2023,Bydel Grorud,10-12 år,antall,967
EliminatedValue,6,10,6,0,BEF005,2023,Bydel Grorud,13-15 år,antall,972
EliminatedValue,6,10,7,0,BEF005,2023,Bydel Grorud,16-17 år,antall,674
EliminatedValue,6,10,8,0,BEF005,2023,Bydel Grorud,18-19 år,antall,642
EliminatedValue,6,10,9,0,BEF005,2023,Bydel Grorud,20-22 år,antall,913
EliminatedValue,6,10,10,0,BEF005,2023,Bydel Grorud,23-24 år,antall,651
EliminatedValue,6,10,11,0,BEF005,2023,Bydel Grorud,25-29 år,antall,1877
EliminatedValue,6,10,12,0,BEF005,2023,Bydel Grorud,30-39 år,antall,4572
EliminatedValue,6,10,13,0,BEF005,2023,Bydel Grorud,40-49 år,antall,4068
EliminatedValue,6,10,14,0,BEF005,2023,Bydel Grorud,50-66 år,antall,5964
EliminatedValue,6,10,15,0,BEF005,2023,Bydel Grorud,67-74 år,antall,1569
EliminatedValue,6,10,16,0,BEF005,2023,Bydel Grorud,75-79 år,antall,823
EliminatedValue,6,10,17,0,BEF005,2023,Bydel Grorud,80-84 år,antall,469
EliminatedValue,6,10,18,0,BEF005,2023,Bydel Grorud,85-89 år,antall,298
EliminatedValue,6,10,19,0,BEF005,2023,Bydel Grorud,90-94 år,antall,164
EliminatedValue,6,10,20,0,BEF005,2023,Bydel Grorud,95+ år,antall,53
EliminatedValue,6,11,0,0,BEF005,2023,Bydel Stovner,Alder i alt,antall,33728
EliminatedValue,6,11,1,0,BEF005,2023,Bydel Stovner,0 år,antall,318
EliminatedValue,6,11,2,0,BEF005,2023,Bydel Stovner,1-2 år,antall,782
EliminatedValue,6,11,3,0,BEF005,2023,Bydel Stovner,3-5 år,antall,1180
EliminatedValue,6,11,4,0,BEF005,2023,Bydel Stovner,6-9 år,antall,1677
EliminatedValue,6,11,5,0,BEF005,2023,Bydel Stovner,10-12 år,antall,1305
EliminatedValue,6,11,6,0,BEF005,2023,Bydel Stovner,13-15 år,antall,1402
EliminatedValue,6,11,7,0,BEF005,2023,Bydel Stovner,16-17 år,antall,958
EliminatedValue,6,11,8,0,BEF005,2023,Bydel Stovner,18-19 år,antall,1008
EliminatedValue,6,11,9,0,BEF005,2023,Bydel Stovner,20-22 år,antall,1345
EliminatedValue,6,11,10,0,BEF005,2023,Bydel Stovner,23-24 år,antall,874
EliminatedValue,6,11,11,0,BEF005,2023,Bydel Stovner,25-29 år,antall,2055
EliminatedValue,6,11,12,0,BEF005,2023,Bydel Stovner,30-39 år,antall,4801
EliminatedValue,6,11,13,0,BEF005,2023,Bydel Stovner,40-49 år,antall,4654
EliminatedValue,6,11,14,0,BEF005,2023,Bydel Stovner,50-66 år,antall,6908
EliminatedValue,6,11,15,0,BEF005,2023,Bydel Stovner,67-74 år,antall,2003
EliminatedValue,6,11,16,0,BEF005,2023,Bydel Stovner,75-79 år,antall,1167
EliminatedValue,6,11,17,0,BEF005,2023,Bydel Stovner,80-84 år,antall,726
EliminatedValue,6,11,18,0,BEF005,2023,Bydel Stovner,85-89 år,antall,368
EliminatedValue,6,11,19,0,BEF005,2023,Bydel Stovner,90-94 år,antall,160
EliminatedValue,6,11,20,0,BEF005,2023,Bydel Stovner,95+ år,antall,37
EliminatedValue,6,12,0,0,BEF005,2023,Bydel Alna,Alder i alt,antall,49747
EliminatedValue,6,12,1,0,BEF005,2023,Bydel Alna,0 år,antall,534
EliminatedValue,6,12,2,0,BEF005,2023,Bydel Alna,1-2 år,antall,1144
EliminatedValue,6,12,3,0,BEF005,2023,Bydel Alna,3-5 år,antall,1756
EliminatedValue,6,12,4,0,BEF005,2023,Bydel Alna,6-9 år,antall,2385
EliminatedValue,6,12,5,0,BEF005,2023,Bydel Alna,10-12 år,antall,1827
EliminatedValue,6,12,6,0,BEF005,2023,Bydel Alna,13-15 år,antall,1836
EliminatedValue,6,12,7,0,BEF005,2023,Bydel Alna,16-17 år,antall,1109
EliminatedValue,6,12,8,0,BEF005,2023,Bydel Alna,18-19 år,antall,1175
EliminatedValue,6,12,9,0,BEF005,2023,Bydel Alna,20-22 år,antall,1559
EliminatedValue,6,12,10,0,BEF005,2023,Bydel Alna,23-24 år,antall,1086
EliminatedValue,6,12,11,0,BEF005,2023,Bydel Alna,25-29 år,antall,3554
EliminatedValue,6,12,12,0,BEF005,2023,Bydel Alna,30-39 år,antall,8660
EliminatedValue,6,12,13,0,BEF005,2023,Bydel Alna,40-49 år,antall,7072
EliminatedValue,6,12,14,0,BEF005,2023,Bydel Alna,50-66 år,antall,9646
EliminatedValue,6,12,15,0,BEF005,2023,Bydel Alna,67-74 år,antall,3129
EliminatedValue,6,12,16,0,BEF005,2023,Bydel Alna,75-79 år,antall,1570
EliminatedValue,6,12,17,0,BEF005,2023,Bydel Alna,80-84 år,antall,914
EliminatedValue,6,12,18,0,BEF005,2023,Bydel Alna,85-89 år,antall,454
EliminatedValue,6,12,19,0,BEF005,2023,Bydel Alna,90-94 år,antall,264
EliminatedValue,6,12,20,0,BEF005,2023,Bydel Alna,95+ år,antall,73
EliminatedValue,6,13,0,0,BEF005,2023,Bydel Østensjø,Alder i alt,antall,51424
EliminatedValue,6,13,1,0,BEF005,2023,Bydel Østensjø,0 år,antall,558
EliminatedValue,6,13,2,0,BEF005,2023,Bydel Østensjø,1-2 år,antall,1193
EliminatedValue,6,13,3,0,BEF005,2023,Bydel Østensjø,3-5 år,antall,1800
EliminatedValue,6,13,4,0,BEF005,2023,Bydel Østensjø,6-9 år,antall,2645
EliminatedValue,6,13,5,0,BEF005,2023,Bydel Østensjø,10-12 år,antall,2067
EliminatedValue,6,13,6,0,BEF005,2023,Bydel Østensjø,13-15 år,antall,1962
EliminatedValue,6,13,7,0,BEF005,2023,Bydel Østensjø,16-17 år,antall,1192
EliminatedValue,6,13,8,0,BEF005,2023,Bydel Østensjø,18-19 år,antall,1104
EliminatedValue,6,13,9,0,BEF005,2023,Bydel Østensjø,20-22 år,antall,1380
EliminatedValue,6,13,10,0,BEF005,2023,Bydel Østensjø,23-24 år,antall,842
EliminatedValue,6,13,11,0,BEF005,2023,Bydel Østensjø,25-29 år,antall,2972
EliminatedValue,6,13,12,0,BEF005,2023,Bydel Østensjø,30-39 år,antall,8159
EliminatedValue,6,13,13,0,BEF005,2023,Bydel Østensjø,40-49 år,antall,7922
EliminatedValue,6,13,14,0,BEF005,2023,Bydel Østensjø,50-66 år,antall,10688
EliminatedValue,6,13,15,0,BEF005,2023,Bydel Østensjø,67-74 år,antall,2958
EliminatedValue,6,13,16,0,BEF005,2023,Bydel Østensjø,75-79 år,antall,1555
EliminatedValue,6,13,17,0,BEF005,2023,Bydel Østensjø,80-84 år,antall,938
EliminatedValue,6,13,18,0,BEF005,2023,Bydel Østensjø,85-89 år,antall,832
EliminatedValue,6,13,19,0,BEF005,2023,Bydel Østensjø,90-94 år,antall,505
EliminatedValue,6,13,20,0,BEF005,2023,Bydel Østensjø,95+ år,antall,152
EliminatedValue,6,14,0,0,BEF005,2023,Bydel Nordstrand,Alder i alt,antall,53231
EliminatedValue,6,14,1,0,BEF005,2023,Bydel Nordstrand,0 år,antall,553
EliminatedValue,6,14,2,0,BEF005,2023,Bydel Nordstrand,1-2 år,antall,1233
EliminatedValue,6,14,3,0,BEF005,2023,Bydel Nordstrand,3-5 år,antall,1860
EliminatedValue,6,14,4,0,BEF005,2023,Bydel Nordstrand,6-9 år,antall,2679
EliminatedValue,6,14,5,0,BEF005,2023,Bydel Nordstrand,10-12 år,antall,2092
EliminatedValue,6,14,6,0,BEF005,2023,Bydel Nordstrand,13-15 år,antall,2083
EliminatedValue,6,14,7,0,BEF005,2023,Bydel Nordstrand,16-17 år,antall,1317
EliminatedValue,6,14,8,0,BEF005,2023,Bydel Nordstrand,18-19 år,antall,1268
EliminatedValue,6,14,9,0,BEF005,2023,Bydel Nordstrand,20-22 år,antall,1545
EliminatedValue,6,14,10,0,BEF005,2023,Bydel Nordstrand,23-24 år,antall,966
EliminatedValue,6,14,11,0,BEF005,2023,Bydel Nordstrand,25-29 år,antall,3003
EliminatedValue,6,14,12,0,BEF005,2023,Bydel Nordstrand,30-39 år,antall,7340
EliminatedValue,6,14,13,0,BEF005,2023,Bydel Nordstrand,40-49 år,antall,8043
EliminatedValue,6,14,14,0,BEF005,2023,Bydel Nordstrand,50-66 år,antall,11149
EliminatedValue,6,14,15,0,BEF005,2023,Bydel Nordstrand,67-74 år,antall,3640
EliminatedValue,6,14,16,0,BEF005,2023,Bydel Nordstrand,75-79 år,antall,2048
EliminatedValue,6,14,17,0,BEF005,2023,Bydel Nordstrand,80-84 år,antall,1124
EliminatedValue,6,14,18,0,BEF005,2023,Bydel Nordstrand,85-89 år,antall,709
EliminatedValue,6,14,19,0,BEF005,2023,Bydel Nordstrand,90-94 år,antall,398
EliminatedValue,6,14,20,0,BEF005,2023,Bydel Nordstrand,95+ år,antall,181
EliminatedValue,6,15,0,0,BEF005,2023,Bydel Søndre Nordstrand,Alder i alt,antall,39174
EliminatedValue,6,15,1,0,BEF005,2023,Bydel Søndre Nordstrand,0 år,antall,404
EliminatedValue,6,15,2,0,BEF005,2023,Bydel Søndre Nordstrand,1-2 år,antall,951
EliminatedValue,6,15,3,0,BEF005,2023,Bydel Søndre Nordstrand,3-5 år,antall,1475
EliminatedValue,6,15,4,0,BEF005,2023,Bydel Søndre Nordstrand,6-9 år,antall,2094
EliminatedValue,6,15,5,0,BEF005,2023,Bydel Søndre Nordstrand,10-12 år,antall,1697
EliminatedValue,6,15,6,0,BEF005,2023,Bydel Søndre Nordstrand,13-15 år,antall,1751
EliminatedValue,6,15,7,0,BEF005,2023,Bydel Søndre Nordstrand,16-17 år,antall,1181
EliminatedValue,6,15,8,0,BEF005,2023,Bydel Søndre Nordstrand,18-19 år,antall,1115
EliminatedValue,6,15,9,0,BEF005,2023,Bydel Søndre Nordstrand,20-22 år,antall,1527
EliminatedValue,6,15,10,0,BEF005,2023,Bydel Søndre Nordstrand,23-24 år,antall,948
EliminatedValue,6,15,11,0,BEF005,2023,Bydel Søndre Nordstrand,25-29 år,antall,2351
EliminatedValue,6,15,12,0,BEF005,2023,Bydel Søndre Nordstrand,30-39 år,antall,5654
EliminatedValue,6,15,13,0,BEF005,2023,Bydel Søndre Nordstrand,40-49 år,antall,5656
EliminatedValue,6,15,14,0,BEF005,2023,Bydel Søndre Nordstrand,50-66 år,antall,8186
EliminatedValue,6,15,15,0,BEF005,2023,Bydel Søndre Nordstrand,67-74 år,antall,2399
EliminatedValue,6,15,16,0,BEF005,2023,Bydel Søndre Nordstrand,75-79 år,antall,990
EliminatedValue,6,15,17,0,BEF005,2023,Bydel Søndre Nordstrand,80-84 år,antall,467
EliminatedValue,6,15,18,0,BEF005,2023,Bydel Søndre Nordstrand,85-89 år,antall,200
EliminatedValue,6,15,19,0,BEF005,2023,Bydel Søndre Nordstrand,90-94 år,antall,92
EliminatedValue,6,15,20,0,BEF005,2023,Bydel Søndre Nordstrand,95+ år,antall,36
EliminatedValue,7,100000,0,0,BEF005,2024,Oslo i alt,Alder i alt,antall,716309
EliminatedValue,7,100000,1,0,BEF005,2024,Oslo i alt,0 år,antall,8322
EliminatedValue,7,100000,2,0,BEF005,2024,Oslo i alt,1-2 år,antall,15834
EliminatedValue,7,100000,3,0,BEF005,2024,Oslo i alt,3-5 år,antall,21714
EliminatedValue,7,100000,4,0,BEF005,2024,Oslo i alt,6-9 år,antall,28512
EliminatedValue,7,100000,5,0,BEF005,2024,Oslo i alt,10-12 år,antall,21440
EliminatedValue,7,100000,6,0,BEF005,2024,Oslo i alt,13-15 år,antall,21659
EliminatedValue,7,100000,7,0,BEF005,2024,Oslo i alt,16-17 år,antall,14158
EliminatedValue,7,100000,8,0,BEF005,2024,Oslo i alt,18-19 år,antall,14020
EliminatedValue,7,100000,9,0,BEF005,2024,Oslo i alt,20-22 år,antall,25339
EliminatedValue,7,100000,10,0,BEF005,2024,Oslo i alt,23-24 år,antall,22099
EliminatedValue,7,100000,11,0,BEF005,2024,Oslo i alt,25-29 år,antall,75140
EliminatedValue,7,100000,12,0,BEF005,2024,Oslo i alt,30-39 år,antall,138695
EliminatedValue,7,100000,13,0,BEF005,2024,Oslo i alt,40-49 år,antall,98622
EliminatedValue,7,100000,14,0,BEF005,2024,Oslo i alt,50-66 år,antall,127932
EliminatedValue,7,100000,15,0,BEF005,2024,Oslo i alt,67-74 år,antall,38844
EliminatedValue,7,100000,16,0,BEF005,2024,Oslo i alt,75-79 år,antall,20942
EliminatedValue,7,100000,17,0,BEF005,2024,Oslo i alt,80-84 år,antall,11876
EliminatedValue,7,100000,18,0,BEF005,2024,Oslo i alt,85-89 år,antall,6470
EliminatedValue,7,100000,19,0,BEF005,2024,Oslo i alt,90-94 år,antall,3403
EliminatedValue,7,100000,20,0,BEF005,2024,Oslo i alt,95+ år,antall,1288
EliminatedValue,7,1,0,0,BEF005,2024,Bydel Gamle Oslo,Alder i alt,antall,63721
EliminatedValue,7,1,1,0,BEF005,2024,Bydel Gamle Oslo,0 år,antall,960
EliminatedValue,7,1,2,0,BEF005,2024,Bydel Gamle Oslo,1-2 år,antall,1603
EliminatedValue,7,1,3,0,BEF005,2024,Bydel Gamle Oslo,3-5 år,antall,1763
EliminatedValue,7,1,4,0,BEF005,2024,Bydel Gamle Oslo,6-9 år,antall,2013
EliminatedValue,7,1,5,0,BEF005,2024,Bydel Gamle Oslo,10-12 år,antall,1402
EliminatedValue,7,1,6,0,BEF005,2024,Bydel Gamle Oslo,13-15 år,antall,1342
EliminatedValue,7,1,7,0,BEF005,2024,Bydel Gamle Oslo,16-17 år,antall,869
EliminatedValue,7,1,8,0,BEF005,2024,Bydel Gamle Oslo,18-19 år,antall,804
EliminatedValue,7,1,9,0,BEF005,2024,Bydel Gamle Oslo,20-22 år,antall,1736
EliminatedValue,7,1,10,0,BEF005,2024,Bydel Gamle Oslo,23-24 år,antall,1958
EliminatedValue,7,1,11,0,BEF005,2024,Bydel Gamle Oslo,25-29 år,antall,8865
EliminatedValue,7,1,12,0,BEF005,2024,Bydel Gamle Oslo,30-39 år,antall,17281
EliminatedValue,7,1,13,0,BEF005,2024,Bydel Gamle Oslo,40-49 år,antall,9338
EliminatedValue,7,1,14,0,BEF005,2024,Bydel Gamle Oslo,50-66 år,antall,9483
EliminatedValue,7,1,15,0,BEF005,2024,Bydel Gamle Oslo,67-74 år,antall,2478
EliminatedValue,7,1,16,0,BEF005,2024,Bydel Gamle Oslo,75-79 år,antall,1009
EliminatedValue,7,1,17,0,BEF005,2024,Bydel Gamle Oslo,80-84 år,antall,453
EliminatedValue,7,1,18,0,BEF005,2024,Bydel Gamle Oslo,85-89 år,antall,212
EliminatedValue,7,1,19,0,BEF005,2024,Bydel Gamle Oslo,90-94 år,antall,94
EliminatedValue,7,1,20,0,BEF005,2024,Bydel Gamle Oslo,95+ år,antall,58
EliminatedValue,7,2,0,0,BEF005,2024,Bydel Grünerløkka,Alder i alt,antall,65532
EliminatedValue,7,2,1,0,BEF005,2024,Bydel Grünerløkka,0 år,antall,974
EliminatedValue,7,2,2,0,BEF005,2024,Bydel Grünerløkka,1-2 år,antall,1530
EliminatedValue,7,2,3,0,BEF005,2024,Bydel Grünerløkka,3-5 år,antall,1604
EliminatedValue,7,2,4,0,BEF005,2024,Bydel Grünerløkka,6-9 år,antall,1769
EliminatedValue,7,2,5,0,BEF005,2024,Bydel Grünerløkka,10-12 år,antall,1169
EliminatedValue,7,2,6,0,BEF005,2024,Bydel Grünerløkka,13-15 år,antall,1044
EliminatedValue,7,2,7,0,BEF005,2024,Bydel Grünerløkka,16-17 år,antall,689
EliminatedValue,7,2,8,0,BEF005,2024,Bydel Grünerløkka,18-19 år,antall,751
EliminatedValue,7,2,9,0,BEF005,2024,Bydel Grünerløkka,20-22 år,antall,2473
EliminatedValue,7,2,10,0,BEF005,2024,Bydel Grünerløkka,23-24 år,antall,2894
EliminatedValue,7,2,11,0,BEF005,2024,Bydel Grünerløkka,25-29 år,antall,11489
EliminatedValue,7,2,12,0,BEF005,2024,Bydel Grünerløkka,30-39 år,antall,18495
EliminatedValue,7,2,13,0,BEF005,2024,Bydel Grünerløkka,40-49 år,antall,8638
EliminatedValue,7,2,14,0,BEF005,2024,Bydel Grünerløkka,50-66 år,antall,8245
EliminatedValue,7,2,15,0,BEF005,2024,Bydel Grünerløkka,67-74 år,antall,2104
EliminatedValue,7,2,16,0,BEF005,2024,Bydel Grünerløkka,75-79 år,antall,878
EliminatedValue,7,2,17,0,BEF005,2024,Bydel Grünerløkka,80-84 år,antall,468
EliminatedValue,7,2,18,0,BEF005,2024,Bydel Grünerløkka,85-89 år,antall,181
EliminatedValue,7,2,19,0,BEF005,2024,Bydel Grünerløkka,90-94 år,antall,92
EliminatedValue,7,2,20,0,BEF005,2024,Bydel Grünerløkka,95+ år,antall,45
EliminatedValue,7,3,0,0,BEF005,2024,Bydel Sagene,Alder i alt,antall,47627
EliminatedValue,7,3,1,0,BEF005,2024,Bydel Sagene,0 år,antall,697
EliminatedValue,7,3,2,0,BEF005,2024,Bydel Sagene,1-2 år,antall,1163
EliminatedValue,7,3,3,0,BEF005,2024,Bydel Sagene,3-5 år,antall,1145
EliminatedValue,7,3,4,0,BEF005,2024,Bydel Sagene,6-9 år,antall,1260
EliminatedValue,7,3,5,0,BEF005,2024,Bydel Sagene,10-12 år,antall,858
EliminatedValue,7,3,6,0,BEF005,2024,Bydel Sagene,13-15 år,antall,704
EliminatedValue,7,3,7,0,BEF005,2024,Bydel Sagene,16-17 år,antall,400
EliminatedValue,7,3,8,0,BEF005,2024,Bydel Sagene,18-19 år,antall,508
EliminatedValue,7,3,9,0,BEF005,2024,Bydel Sagene,20-22 år,antall,1599
EliminatedValue,7,3,10,0,BEF005,2024,Bydel Sagene,23-24 år,antall,1964
EliminatedValue,7,3,11,0,BEF005,2024,Bydel Sagene,25-29 år,antall,8581
EliminatedValue,7,3,12,0,BEF005,2024,Bydel Sagene,30-39 år,antall,13315
EliminatedValue,7,3,13,0,BEF005,2024,Bydel Sagene,40-49 år,antall,5851
EliminatedValue,7,3,14,0,BEF005,2024,Bydel Sagene,50-66 år,antall,6086
EliminatedValue,7,3,15,0,BEF005,2024,Bydel Sagene,67-74 år,antall,1862
EliminatedValue,7,3,16,0,BEF005,2024,Bydel Sagene,75-79 år,antall,886
EliminatedValue,7,3,17,0,BEF005,2024,Bydel Sagene,80-84 år,antall,422
EliminatedValue,7,3,18,0,BEF005,2024,Bydel Sagene,85-89 år,antall,201
EliminatedValue,7,3,19,0,BEF005,2024,Bydel Sagene,90-94 år,antall,78
EliminatedValue,7,3,20,0,BEF005,2024,Bydel Sagene,95+ år,antall,47
EliminatedValue,7,4,0,0,BEF005,2024,Bydel St.Hanshaugen,Alder i alt,antall,41571
EliminatedValue,7,4,1,0,BEF005,2024,Bydel St.Hanshaugen,0 år,antall,442
EliminatedValue,7,4,2,0,BEF005,2024,Bydel St.Hanshaugen,1-2 år,antall,664
EliminatedValue,7,4,3,0,BEF005,2024,Bydel St.Hanshaugen,3-5 år,antall,776
EliminatedValue,7,4,4,0,BEF005,2024,Bydel St.Hanshaugen,6-9 år,antall,823
EliminatedValue,7,4,5,0,BEF005,2024,Bydel St.Hanshaugen,10-12 år,antall,665
EliminatedValue,7,4,6,0,BEF005,2024,Bydel St.Hanshaugen,13-15 år,antall,599
EliminatedValue,7,4,7,0,BEF005,2024,Bydel St.Hanshaugen,16-17 år,antall,423
EliminatedValue,7,4,8,0,BEF005,2024,Bydel St.Hanshaugen,18-19 år,antall,496
EliminatedValue,7,4,9,0,BEF005,2024,Bydel St.Hanshaugen,20-22 år,antall,2090
EliminatedValue,7,4,10,0,BEF005,2024,Bydel St.Hanshaugen,23-24 år,antall,2426
EliminatedValue,7,4,11,0,BEF005,2024,Bydel St.Hanshaugen,25-29 år,antall,8300
EliminatedValue,7,4,12,0,BEF005,2024,Bydel St.Hanshaugen,30-39 år,antall,10247
EliminatedValue,7,4,13,0,BEF005,2024,Bydel St.Hanshaugen,40-49 år,antall,4787
EliminatedValue,7,4,14,0,BEF005,2024,Bydel St.Hanshaugen,50-66 år,antall,5757
EliminatedValue,7,4,15,0,BEF005,2024,Bydel St.Hanshaugen,67-74 år,antall,1499
EliminatedValue,7,4,16,0,BEF005,2024,Bydel St.Hanshaugen,75-79 år,antall,769
EliminatedValue,7,4,17,0,BEF005,2024,Bydel St.Hanshaugen,80-84 år,antall,438
EliminatedValue,7,4,18,0,BEF005,2024,Bydel St.Hanshaugen,85-89 år,antall,215
EliminatedValue,7,4,19,0,BEF005,2024,Bydel St.Hanshaugen,90-94 år,antall,107
EliminatedValue,7,4,20,0,BEF005,2024,Bydel St.Hanshaugen,95+ år,antall,48
EliminatedValue,7,5,0,0,BEF005,2024,Bydel Frogner,Alder i alt,antall,60727
EliminatedValue,7,5,1,0,BEF005,2024,Bydel Frogner,0 år,antall,521
EliminatedValue,7,5,2,0,BEF005,2024,Bydel Frogner,1-2 år,antall,822
EliminatedValue,7,5,3,0,BEF005,2024,Bydel Frogner,3-5 år,antall,1006
EliminatedValue,7,5,4,0,BEF005,2024,Bydel Frogner,6-9 år,antall,1325
EliminatedValue,7,5,5,0,BEF005,2024,Bydel Frogner,10-12 år,antall,976
EliminatedValue,7,5,6,0,BEF005,2024,Bydel Frogner,13-15 år,antall,1033
EliminatedValue,7,5,7,0,BEF005,2024,Bydel Frogner,16-17 år,antall,753
EliminatedValue,7,5,8,0,BEF005,2024,Bydel Frogner,18-19 år,antall,861
EliminatedValue,7,5,9,0,BEF005,2024,Bydel Frogner,20-22 år,antall,2479
EliminatedValue,7,5,10,0,BEF005,2024,Bydel Frogner,23-24 år,antall,2810
EliminatedValue,7,5,11,0,BEF005,2024,Bydel Frogner,25-29 år,antall,10035
EliminatedValue,7,5,12,0,BEF005,2024,Bydel Frogner,30-39 år,antall,12063
EliminatedValue,7,5,13,0,BEF005,2024,Bydel Frogner,40-49 år,antall,6749
EliminatedValue,7,5,14,0,BEF005,2024,Bydel Frogner,50-66 år,antall,10961
EliminatedValue,7,5,15,0,BEF005,2024,Bydel Frogner,67-74 år,antall,3615
EliminatedValue,7,5,16,0,BEF005,2024,Bydel Frogner,75-79 år,antall,2259
EliminatedValue,7,5,17,0,BEF005,2024,Bydel Frogner,80-84 år,antall,1333
EliminatedValue,7,5,18,0,BEF005,2024,Bydel Frogner,85-89 år,antall,702
EliminatedValue,7,5,19,0,BEF005,2024,Bydel Frogner,90-94 år,antall,297
EliminatedValue,7,5,20,0,BEF005,2024,Bydel Frogner,95+ år,antall,127
EliminatedValue,7,6,0,0,BEF005,2024,Bydel Ullern,Alder i alt,antall,35440
EliminatedValue,7,6,1,0,BEF005,2024,Bydel Ullern,0 år,antall,393
EliminatedValue,7,6,2,0,BEF005,2024,Bydel Ullern,1-2 år,antall,785
EliminatedValue,7,6,3,0,BEF005,2024,Bydel Ullern,3-5 år,antall,1148
EliminatedValue,7,6,4,0,BEF005,2024,Bydel Ullern,6-9 år,antall,1548
EliminatedValue,7,6,5,0,BEF005,2024,Bydel Ullern,10-12 år,antall,1212
EliminatedValue,7,6,6,0,BEF005,2024,Bydel Ullern,13-15 år,antall,1238
EliminatedValue,7,6,7,0,BEF005,2024,Bydel Ullern,16-17 år,antall,839
EliminatedValue,7,6,8,0,BEF005,2024,Bydel Ullern,18-19 år,antall,742
EliminatedValue,7,6,9,0,BEF005,2024,Bydel Ullern,20-22 år,antall,992
EliminatedValue,7,6,10,0,BEF005,2024,Bydel Ullern,23-24 år,antall,667
EliminatedValue,7,6,11,0,BEF005,2024,Bydel Ullern,25-29 år,antall,2121
EliminatedValue,7,6,12,0,BEF005,2024,Bydel Ullern,30-39 år,antall,5259
EliminatedValue,7,6,13,0,BEF005,2024,Bydel Ullern,40-49 år,antall,4836
EliminatedValue,7,6,14,0,BEF005,2024,Bydel Ullern,50-66 år,antall,7060
EliminatedValue,7,6,15,0,BEF005,2024,Bydel Ullern,67-74 år,antall,2786
EliminatedValue,7,6,16,0,BEF005,2024,Bydel Ullern,75-79 år,antall,1816
EliminatedValue,7,6,17,0,BEF005,2024,Bydel Ullern,80-84 år,antall,1069
EliminatedValue,7,6,18,0,BEF005,2024,Bydel Ullern,85-89 år,antall,546
EliminatedValue,7,6,19,0,BEF005,2024,Bydel Ullern,90-94 år,antall,266
EliminatedValue,7,6,20,0,BEF005,2024,Bydel Ullern,95+ år,antall,117
EliminatedValue,7,7,0,0,BEF005,2024,Bydel Vestre Aker,Alder i alt,antall,52590
EliminatedValue,7,7,1,0,BEF005,2024,Bydel Vestre Aker,0 år,antall,569
EliminatedValue,7,7,2,0,BEF005,2024,Bydel Vestre Aker,1-2 år,antall,1340
EliminatedValue,7,7,3,0,BEF005,2024,Bydel Vestre Aker,3-5 år,antall,2056
EliminatedValue,7,7,4,0,BEF005,2024,Bydel Vestre Aker,6-9 år,antall,2763
EliminatedValue,7,7,5,0,BEF005,2024,Bydel Vestre Aker,10-12 år,antall,2071
EliminatedValue,7,7,6,0,BEF005,2024,Bydel Vestre Aker,13-15 år,antall,2113
EliminatedValue,7,7,7,0,BEF005,2024,Bydel Vestre Aker,16-17 år,antall,1396
EliminatedValue,7,7,8,0,BEF005,2024,Bydel Vestre Aker,18-19 år,antall,1265
EliminatedValue,7,7,9,0,BEF005,2024,Bydel Vestre Aker,20-22 år,antall,1528
EliminatedValue,7,7,10,0,BEF005,2024,Bydel Vestre Aker,23-24 år,antall,1050
EliminatedValue,7,7,11,0,BEF005,2024,Bydel Vestre Aker,25-29 år,antall,2727
EliminatedValue,7,7,12,0,BEF005,2024,Bydel Vestre Aker,30-39 år,antall,7307
EliminatedValue,7,7,13,0,BEF005,2024,Bydel Vestre Aker,40-49 år,antall,7621
EliminatedValue,7,7,14,0,BEF005,2024,Bydel Vestre Aker,50-66 år,antall,10147
EliminatedValue,7,7,15,0,BEF005,2024,Bydel Vestre Aker,67-74 år,antall,3759
EliminatedValue,7,7,16,0,BEF005,2024,Bydel Vestre Aker,75-79 år,antall,2312
EliminatedValue,7,7,17,0,BEF005,2024,Bydel Vestre Aker,80-84 år,antall,1322
EliminatedValue,7,7,18,0,BEF005,2024,Bydel Vestre Aker,85-89 år,antall,699
EliminatedValue,7,7,19,0,BEF005,2024,Bydel Vestre Aker,90-94 år,antall,413
EliminatedValue,7,7,20,0,BEF005,2024,Bydel Vestre Aker,95+ år,antall,132
EliminatedValue,7,8,0,0,BEF005,2024,Bydel Nordre Aker,Alder i alt,antall,55056
EliminatedValue,7,8,1,0,BEF005,2024,Bydel Nordre Aker,0 år,antall,538
EliminatedValue,7,8,2,0,BEF005,2024,Bydel Nordre Aker,1-2 år,antall,1229
EliminatedValue,7,8,3,0,BEF005,2024,Bydel Nordre Aker,3-5 år,antall,1930
EliminatedValue,7,8,4,0,BEF005,2024,Bydel Nordre Aker,6-9 år,antall,2613
EliminatedValue,7,8,5,0,BEF005,2024,Bydel Nordre Aker,10-12 år,antall,2029
EliminatedValue,7,8,6,0,BEF005,2024,Bydel Nordre Aker,13-15 år,antall,2129
EliminatedValue,7,8,7,0,BEF005,2024,Bydel Nordre Aker,16-17 år,antall,1315
EliminatedValue,7,8,8,0,BEF005,2024,Bydel Nordre Aker,18-19 år,antall,1433
EliminatedValue,7,8,9,0,BEF005,2024,Bydel Nordre Aker,20-22 år,antall,2698
EliminatedValue,7,8,10,0,BEF005,2024,Bydel Nordre Aker,23-24 år,antall,1894
EliminatedValue,7,8,11,0,BEF005,2024,Bydel Nordre Aker,25-29 år,antall,4249
EliminatedValue,7,8,12,0,BEF005,2024,Bydel Nordre Aker,30-39 år,antall,7931
EliminatedValue,7,8,13,0,BEF005,2024,Bydel Nordre Aker,40-49 år,antall,7404
EliminatedValue,7,8,14,0,BEF005,2024,Bydel Nordre Aker,50-66 år,antall,10639
EliminatedValue,7,8,15,0,BEF005,2024,Bydel Nordre Aker,67-74 år,antall,3207
EliminatedValue,7,8,16,0,BEF005,2024,Bydel Nordre Aker,75-79 år,antall,1772
EliminatedValue,7,8,17,0,BEF005,2024,Bydel Nordre Aker,80-84 år,antall,1002
EliminatedValue,7,8,18,0,BEF005,2024,Bydel Nordre Aker,85-89 år,antall,577
EliminatedValue,7,8,19,0,BEF005,2024,Bydel Nordre Aker,90-94 år,antall,353
EliminatedValue,7,8,20,0,BEF005,2024,Bydel Nordre Aker,95+ år,antall,114
EliminatedValue,7,9,0,0,BEF005,2024,Bydel Bjerke,Alder i alt,antall,36450
EliminatedValue,7,9,1,0,BEF005,2024,Bydel Bjerke,0 år,antall,482
EliminatedValue,7,9,2,0,BEF005,2024,Bydel Bjerke,1-2 år,antall,987
EliminatedValue,7,9,3,0,BEF005,2024,Bydel Bjerke,3-5 år,antall,1339
EliminatedValue,7,9,4,0,BEF005,2024,Bydel Bjerke,6-9 år,antall,1820
EliminatedValue,7,9,5,0,BEF005,2024,Bydel Bjerke,10-12 år,antall,1304
EliminatedValue,7,9,6,0,BEF005,2024,Bydel Bjerke,13-15 år,antall,1374
EliminatedValue,7,9,7,0,BEF005,2024,Bydel Bjerke,16-17 år,antall,860
EliminatedValue,7,9,8,0,BEF005,2024,Bydel Bjerke,18-19 år,antall,806
EliminatedValue,7,9,9,0,BEF005,2024,Bydel Bjerke,20-22 år,antall,1221
EliminatedValue,7,9,10,0,BEF005,2024,Bydel Bjerke,23-24 år,antall,938
EliminatedValue,7,9,11,0,BEF005,2024,Bydel Bjerke,25-29 år,antall,2979
EliminatedValue,7,9,12,0,BEF005,2024,Bydel Bjerke,30-39 år,antall,7136
EliminatedValue,7,9,13,0,BEF005,2024,Bydel Bjerke,40-49 år,antall,5548
EliminatedValue,7,9,14,0,BEF005,2024,Bydel Bjerke,50-66 år,antall,6171
EliminatedValue,7,9,15,0,BEF005,2024,Bydel Bjerke,67-74 år,antall,1676
EliminatedValue,7,9,16,0,BEF005,2024,Bydel Bjerke,75-79 år,antall,809
EliminatedValue,7,9,17,0,BEF005,2024,Bydel Bjerke,80-84 år,antall,479
EliminatedValue,7,9,18,0,BEF005,2024,Bydel Bjerke,85-89 år,antall,277
EliminatedValue,7,9,19,0,BEF005,2024,Bydel Bjerke,90-94 år,antall,171
EliminatedValue,7,9,20,0,BEF005,2024,Bydel Bjerke,95+ år,antall,73
EliminatedValue,7,10,0,0,BEF005,2024,Bydel Grorud,Alder i alt,antall,28080
EliminatedValue,7,10,1,0,BEF005,2024,Bydel Grorud,0 år,antall,308
EliminatedValue,7,10,2,0,BEF005,2024,Bydel Grorud,1-2 år,antall,576
EliminatedValue,7,10,3,0,BEF005,2024,Bydel Grorud,3-5 år,antall,936
EliminatedValue,7,10,4,0,BEF005,2024,Bydel Grorud,6-9 år,antall,1272
EliminatedValue,7,10,5,0,BEF005,2024,Bydel Grorud,10-12 år,antall,953
EliminatedValue,7,10,6,0,BEF005,2024,Bydel Grorud,13-15 år,antall,975
EliminatedValue,7,10,7,0,BEF005,2024,Bydel Grorud,16-17 år,antall,652
EliminatedValue,7,10,8,0,BEF005,2024,Bydel Grorud,18-19 år,antall,657
EliminatedValue,7,10,9,0,BEF005,2024,Bydel Grorud,20-22 år,antall,964
EliminatedValue,7,10,10,0,BEF005,2024,Bydel Grorud,23-24 år,antall,645
EliminatedValue,7,10,11,0,BEF005,2024,Bydel Grorud,25-29 år,antall,1860
EliminatedValue,7,10,12,0,BEF005,2024,Bydel Grorud,30-39 år,antall,4657
EliminatedValue,7,10,13,0,BEF005,2024,Bydel Grorud,40-49 år,antall,4149
EliminatedValue,7,10,14,0,BEF005,2024,Bydel Grorud,50-66 år,antall,6047
EliminatedValue,7,10,15,0,BEF005,2024,Bydel Grorud,67-74 år,antall,1609
EliminatedValue,7,10,16,0,BEF005,2024,Bydel Grorud,75-79 år,antall,833
EliminatedValue,7,10,17,0,BEF005,2024,Bydel Grorud,80-84 år,antall,487
EliminatedValue,7,10,18,0,BEF005,2024,Bydel Grorud,85-89 år,antall,291
EliminatedValue,7,10,19,0,BEF005,2024,Bydel Grorud,90-94 år,antall,157
EliminatedValue,7,10,20,0,BEF005,2024,Bydel Grorud,95+ år,antall,52
EliminatedValue,7,11,0,0,BEF005,2024,Bydel Stovner,Alder i alt,antall,34111
EliminatedValue,7,11,1,0,BEF005,2024,Bydel Stovner,0 år,antall,348
EliminatedValue,7,11,2,0,BEF005,2024,Bydel Stovner,1-2 år,antall,746
EliminatedValue,7,11,3,0,BEF005,2024,Bydel Stovner,3-5 år,antall,1230
EliminatedValue,7,11,4,0,BEF005,2024,Bydel Stovner,6-9 år,antall,1652
EliminatedValue,7,11,5,0,BEF005,2024,Bydel Stovner,10-12 år,antall,1302
EliminatedValue,7,11,6,0,BEF005,2024,Bydel Stovner,13-15 år,antall,1357
EliminatedValue,7,11,7,0,BEF005,2024,Bydel Stovner,16-17 år,antall,984
EliminatedValue,7,11,8,0,BEF005,2024,Bydel Stovner,18-19 år,antall,992
EliminatedValue,7,11,9,0,BEF005,2024,Bydel Stovner,20-22 år,antall,1403
EliminatedValue,7,11,10,0,BEF005,2024,Bydel Stovner,23-24 år,antall,856
EliminatedValue,7,11,11,0,BEF005,2024,Bydel Stovner,25-29 år,antall,2100
EliminatedValue,7,11,12,0,BEF005,2024,Bydel Stovner,30-39 år,antall,4884
EliminatedValue,7,11,13,0,BEF005,2024,Bydel Stovner,40-49 år,antall,4783
EliminatedValue,7,11,14,0,BEF005,2024,Bydel Stovner,50-66 år,antall,7076
EliminatedValue,7,11,15,0,BEF005,2024,Bydel Stovner,67-74 år,antall,1941
EliminatedValue,7,11,16,0,BEF005,2024,Bydel Stovner,75-79 år,antall,1163
EliminatedValue,7,11,17,0,BEF005,2024,Bydel Stovner,80-84 år,antall,746
EliminatedValue,7,11,18,0,BEF005,2024,Bydel Stovner,85-89 år,antall,371
EliminatedValue,7,11,19,0,BEF005,2024,Bydel Stovner,90-94 år,antall,148
EliminatedValue,7,11,20,0,BEF005,2024,Bydel Stovner,95+ år,antall,29
EliminatedValue,7,12,0,0,BEF005,2024,Bydel Alna,Alder i alt,antall,50358
EliminatedValue,7,12,1,0,BEF005,2024,Bydel Alna,0 år,antall,579
EliminatedValue,7,12,2,0,BEF005,2024,Bydel Alna,1-2 år,antall,1088
EliminatedValue,7,12,3,0,BEF005,2024,Bydel Alna,3-5 år,antall,1697
EliminatedValue,7,12,4,0,BEF005,2024,Bydel Alna,6-9 år,antall,2348
EliminatedValue,7,12,5,0,BEF005,2024,Bydel Alna,10-12 år,antall,1797
EliminatedValue,7,12,6,0,BEF005,2024,Bydel Alna,13-15 år,antall,1826
EliminatedValue,7,12,7,0,BEF005,2024,Bydel Alna,16-17 år,antall,1207
EliminatedValue,7,12,8,0,BEF005,2024,Bydel Alna,18-19 år,antall,1156
EliminatedValue,7,12,9,0,BEF005,2024,Bydel Alna,20-22 år,antall,1606
EliminatedValue,7,12,10,0,BEF005,2024,Bydel Alna,23-24 år,antall,1100
EliminatedValue,7,12,11,0,BEF005,2024,Bydel Alna,25-29 år,antall,3614
EliminatedValue,7,12,12,0,BEF005,2024,Bydel Alna,30-39 år,antall,8721
EliminatedValue,7,12,13,0,BEF005,2024,Bydel Alna,40-49 år,antall,7265
EliminatedValue,7,12,14,0,BEF005,2024,Bydel Alna,50-66 år,antall,9777
EliminatedValue,7,12,15,0,BEF005,2024,Bydel Alna,67-74 år,antall,3137
EliminatedValue,7,12,16,0,BEF005,2024,Bydel Alna,75-79 år,antall,1659
EliminatedValue,7,12,17,0,BEF005,2024,Bydel Alna,80-84 år,antall,977
EliminatedValue,7,12,18,0,BEF005,2024,Bydel Alna,85-89 år,antall,477
EliminatedValue,7,12,19,0,BEF005,2024,Bydel Alna,90-94 år,antall,245
EliminatedValue,7,12,20,0,BEF005,2024,Bydel Alna,95+ år,antall,82
EliminatedValue,7,13,0,0,BEF005,2024,Bydel Østensjø,Alder i alt,antall,51895
EliminatedValue,7,13,1,0,BEF005,2024,Bydel Østensjø,0 år,antall,565
EliminatedValue,7,13,2,0,BEF005,2024,Bydel Østensjø,1-2 år,antall,1186
EliminatedValue,7,13,3,0,BEF005,2024,Bydel Østensjø,3-5 år,antall,1807
EliminatedValue,7,13,4,0,BEF005,2024,Bydel Østensjø,6-9 år,antall,2621
EliminatedValue,7,13,5,0,BEF005,2024,Bydel Østensjø,10-12 år,antall,1980
EliminatedValue,7,13,6,0,BEF005,2024,Bydel Østensjø,13-15 år,antall,2062
EliminatedValue,7,13,7,0,BEF005,2024,Bydel Østensjø,16-17 år,antall,1244
EliminatedValue,7,13,8,0,BEF005,2024,Bydel Østensjø,18-19 år,antall,1112
EliminatedValue,7,13,9,0,BEF005,2024,Bydel Østensjø,20-22 år,antall,1402
EliminatedValue,7,13,10,0,BEF005,2024,Bydel Østensjø,23-24 år,antall,908
EliminatedValue,7,13,11,0,BEF005,2024,Bydel Østensjø,25-29 år,antall,2895
EliminatedValue,7,13,12,0,BEF005,2024,Bydel Østensjø,30-39 år,antall,8266
EliminatedValue,7,13,13,0,BEF005,2024,Bydel Østensjø,40-49 år,antall,7967
EliminatedValue,7,13,14,0,BEF005,2024,Bydel Østensjø,50-66 år,antall,10832
EliminatedValue,7,13,15,0,BEF005,2024,Bydel Østensjø,67-74 år,antall,3051
EliminatedValue,7,13,16,0,BEF005,2024,Bydel Østensjø,75-79 år,antall,1601
EliminatedValue,7,13,17,0,BEF005,2024,Bydel Østensjø,80-84 år,antall,940
EliminatedValue,7,13,18,0,BEF005,2024,Bydel Østensjø,85-89 år,antall,801
EliminatedValue,7,13,19,0,BEF005,2024,Bydel Østensjø,90-94 år,antall,491
EliminatedValue,7,13,20,0,BEF005,2024,Bydel Østensjø,95+ år,antall,164
EliminatedValue,7,14,0,0,BEF005,2024,Bydel Nordstrand,Alder i alt,antall,54027
EliminatedValue,7,14,1,0,BEF005,2024,Bydel Nordstrand,0 år,antall,544
EliminatedValue,7,14,2,0,BEF005,2024,Bydel Nordstrand,1-2 år,antall,1244
EliminatedValue,7,14,3,0,BEF005,2024,Bydel Nordstrand,3-5 år,antall,1855
EliminatedValue,7,14,4,0,BEF005,2024,Bydel Nordstrand,6-9 år,antall,2647
EliminatedValue,7,14,5,0,BEF005,2024,Bydel Nordstrand,10-12 år,antall,2067
EliminatedValue,7,14,6,0,BEF005,2024,Bydel Nordstrand,13-15 år,antall,2123
EliminatedValue,7,14,7,0,BEF005,2024,Bydel Nordstrand,16-17 år,antall,1386
EliminatedValue,7,14,8,0,BEF005,2024,Bydel Nordstrand,18-19 år,antall,1302
EliminatedValue,7,14,9,0,BEF005,2024,Bydel Nordstrand,20-22 år,antall,1650
EliminatedValue,7,14,10,0,BEF005,2024,Bydel Nordstrand,23-24 år,antall,1034
EliminatedValue,7,14,11,0,BEF005,2024,Bydel Nordstrand,25-29 år,antall,3007
EliminatedValue,7,14,12,0,BEF005,2024,Bydel Nordstrand,30-39 år,antall,7467
EliminatedValue,7,14,13,0,BEF005,2024,Bydel Nordstrand,40-49 år,antall,8073
EliminatedValue,7,14,14,0,BEF005,2024,Bydel Nordstrand,50-66 år,antall,11431
EliminatedValue,7,14,15,0,BEF005,2024,Bydel Nordstrand,67-74 år,antall,3585
EliminatedValue,7,14,16,0,BEF005,2024,Bydel Nordstrand,75-79 år,antall,2126
EliminatedValue,7,14,17,0,BEF005,2024,Bydel Nordstrand,80-84 år,antall,1207
EliminatedValue,7,14,18,0,BEF005,2024,Bydel Nordstrand,85-89 år,antall,718
EliminatedValue,7,14,19,0,BEF005,2024,Bydel Nordstrand,90-94 år,antall,388
EliminatedValue,7,14,20,0,BEF005,2024,Bydel Nordstrand,95+ år,antall,173
EliminatedValue,7,15,0,0,BEF005,2024,Bydel Søndre Nordstrand,Alder i alt,antall,39124
EliminatedValue,7,15,1,0,BEF005,2024,Bydel Søndre Nordstrand,0 år,antall,402
EliminatedValue,7,15,2,0,BEF005,2024,Bydel Søndre Nordstrand,1-2 år,antall,871
EliminatedValue,7,15,3,0,BEF005,2024,Bydel Søndre Nordstrand,3-5 år,antall,1422
EliminatedValue,7,15,4,0,BEF005,2024,Bydel Søndre Nordstrand,6-9 år,antall,2038
EliminatedValue,7,15,5,0,BEF005,2024,Bydel Søndre Nordstrand,10-12 år,antall,1655
EliminatedValue,7,15,6,0,BEF005,2024,Bydel Søndre Nordstrand,13-15 år,antall,1740
EliminatedValue,7,15,7,0,BEF005,2024,Bydel Søndre Nordstrand,16-17 år,antall,1141
EliminatedValue,7,15,8,0,BEF005,2024,Bydel Søndre Nordstrand,18-19 år,antall,1135
EliminatedValue,7,15,9,0,BEF005,2024,Bydel Søndre Nordstrand,20-22 år,antall,1498
EliminatedValue,7,15,10,0,BEF005,2024,Bydel Søndre Nordstrand,23-24 år,antall,955
EliminatedValue,7,15,11,0,BEF005,2024,Bydel Søndre Nordstrand,25-29 år,antall,2318
EliminatedValue,7,15,12,0,BEF005,2024,Bydel Søndre Nordstrand,30-39 år,antall,5666
EliminatedValue,7,15,13,0,BEF005,2024,Bydel Søndre Nordstrand,40-49 år,antall,5613
EliminatedValue,7,15,14,0,BEF005,2024,Bydel Søndre Nordstrand,50-66 år,antall,8220
EliminatedValue,7,15,15,0,BEF005,2024,Bydel Søndre Nordstrand,67-74 år,antall,2535
EliminatedValue,7,15,16,0,BEF005,2024,Bydel Søndre Nordstrand,75-79 år,antall,1050
EliminatedValue,7,15,17,0,BEF005,2024,Bydel Søndre Nordstrand,80-84 år,antall,533
EliminatedValue,7,15,18,0,BEF005,2024,Bydel Søndre Nordstrand,85-89 år,antall,202
EliminatedValue,7,15,19,0,BEF005,2024,Bydel Søndre Nordstrand,90-94 år,antall,103
EliminatedValue,7,15,20,0,BEF005,2024,Bydel Søndre Nordstrand,95+ år,antall,27
EliminatedValue,8,100000,0,0,BEF005,2025,Oslo i alt,Alder i alt,antall,722326
EliminatedValue,8,100000,1,0,BEF005,2025,Oslo i alt,0 år,antall,8807
EliminatedValue,8,100000,2,0,BEF005,2025,Oslo i alt,1-2 år,antall,15051
EliminatedValue,8,100000,3,0,BEF005,2025,Oslo i alt,3-5 år,antall,22037
EliminatedValue,8,100000,4,0,BEF005,2025,Oslo i alt,6-9 år,antall,27868
EliminatedValue,8,100000,5,0,BEF005,2025,Oslo i alt,10-12 år,antall,21523
EliminatedValue,8,100000,6,0,BEF005,2025,Oslo i alt,13-15 år,antall,21771
EliminatedValue,8,100000,7,0,BEF005,2025,Oslo i alt,16-17 år,antall,14600
EliminatedValue,8,100000,8,0,BEF005,2025,Oslo i alt,18-19 år,antall,14498
EliminatedValue,8,100000,9,0,BEF005,2025,Oslo i alt,20-22 år,antall,25261
EliminatedValue,8,100000,10,0,BEF005,2025,Oslo i alt,23-24 år,antall,21510
EliminatedValue,8,100000,11,0,BEF005,2025,Oslo i alt,25-29 år,antall,74811
EliminatedValue,8,100000,12,0,BEF005,2025,Oslo i alt,30-39 år,antall,139719
EliminatedValue,8,100000,13,0,BEF005,2025,Oslo i alt,40-49 år,antall,99373
EliminatedValue,8,100000,14,0,BEF005,2025,Oslo i alt,50-66 år,antall,130614
EliminatedValue,8,100000,15,0,BEF005,2025,Oslo i alt,67-74 år,antall,39519
EliminatedValue,8,100000,16,0,BEF005,2025,Oslo i alt,75-79 år,antall,20946
EliminatedValue,8,100000,17,0,BEF005,2025,Oslo i alt,80-84 år,antall,12912
EliminatedValue,8,100000,18,0,BEF005,2025,Oslo i alt,85-89 år,antall,6931
EliminatedValue,8,100000,19,0,BEF005,2025,Oslo i alt,90-94 år,antall,3321
EliminatedValue,8,100000,20,0,BEF005,2025,Oslo i alt,95+ år,antall,1254
EliminatedValue,8,1,0,0,BEF005,2025,Bydel Gamle Oslo,Alder i alt,antall,64565
EliminatedValue,8,1,1,0,BEF005,2025,Bydel Gamle Oslo,0 år,antall,968
EliminatedValue,8,1,2,0,BEF005,2025,Bydel Gamle Oslo,1-2 år,antall,1537
EliminatedValue,8,1,3,0,BEF005,2025,Bydel Gamle Oslo,3-5 år,antall,1830
EliminatedValue,8,1,4,0,BEF005,2025,Bydel Gamle Oslo,6-9 år,antall,1979
EliminatedValue,8,1,5,0,BEF005,2025,Bydel Gamle Oslo,10-12 år,antall,1378
EliminatedValue,8,1,6,0,BEF005,2025,Bydel Gamle Oslo,13-15 år,antall,1392
EliminatedValue,8,1,7,0,BEF005,2025,Bydel Gamle Oslo,16-17 år,antall,869
EliminatedValue,8,1,8,0,BEF005,2025,Bydel Gamle Oslo,18-19 år,antall,890
EliminatedValue,8,1,9,0,BEF005,2025,Bydel Gamle Oslo,20-22 år,antall,1636
EliminatedValue,8,1,10,0,BEF005,2025,Bydel Gamle Oslo,23-24 år,antall,1826
EliminatedValue,8,1,11,0,BEF005,2025,Bydel Gamle Oslo,25-29 år,antall,8804
EliminatedValue,8,1,12,0,BEF005,2025,Bydel Gamle Oslo,30-39 år,antall,17504
EliminatedValue,8,1,13,0,BEF005,2025,Bydel Gamle Oslo,40-49 år,antall,9623
EliminatedValue,8,1,14,0,BEF005,2025,Bydel Gamle Oslo,50-66 år,antall,9815
EliminatedValue,8,1,15,0,BEF005,2025,Bydel Gamle Oslo,67-74 år,antall,2579
EliminatedValue,8,1,16,0,BEF005,2025,Bydel Gamle Oslo,75-79 år,antall,1069
EliminatedValue,8,1,17,0,BEF005,2025,Bydel Gamle Oslo,80-84 år,antall,514
EliminatedValue,8,1,18,0,BEF005,2025,Bydel Gamle Oslo,85-89 år,antall,214
EliminatedValue,8,1,19,0,BEF005,2025,Bydel Gamle Oslo,90-94 år,antall,85
EliminatedValue,8,1,20,0,BEF005,2025,Bydel Gamle Oslo,95+ år,antall,53
EliminatedValue,8,2,0,0,BEF005,2025,Bydel Grünerløkka,Alder i alt,antall,66348
EliminatedValue,8,2,1,0,BEF005,2025,Bydel Grünerløkka,0 år,antall,1010
EliminatedValue,8,2,2,0,BEF005,2025,Bydel Grünerløkka,1-2 år,antall,1432
EliminatedValue,8,2,3,0,BEF005,2025,Bydel Grünerløkka,3-5 år,antall,1692
EliminatedValue,8,2,4,0,BEF005,2025,Bydel Grünerløkka,6-9 år,antall,1680
EliminatedValue,8,2,5,0,BEF005,2025,Bydel Grünerløkka,10-12 år,antall,1163
EliminatedValue,8,2,6,0,BEF005,2025,Bydel Grünerløkka,13-15 år,antall,1130
EliminatedValue,8,2,7,0,BEF005,2025,Bydel Grünerløkka,16-17 år,antall,701
EliminatedValue,8,2,8,0,BEF005,2025,Bydel Grünerløkka,18-19 år,antall,839
EliminatedValue,8,2,9,0,BEF005,2025,Bydel Grünerløkka,20-22 år,antall,2328
EliminatedValue,8,2,10,0,BEF005,2025,Bydel Grünerløkka,23-24 år,antall,2842
EliminatedValue,8,2,11,0,BEF005,2025,Bydel Grünerløkka,25-29 år,antall,11433
EliminatedValue,8,2,12,0,BEF005,2025,Bydel Grünerløkka,30-39 år,antall,18682
EliminatedValue,8,2,13,0,BEF005,2025,Bydel Grünerløkka,40-49 år,antall,8820
EliminatedValue,8,2,14,0,BEF005,2025,Bydel Grünerløkka,50-66 år,antall,8685
EliminatedValue,8,2,15,0,BEF005,2025,Bydel Grünerløkka,67-74 år,antall,2151
EliminatedValue,8,2,16,0,BEF005,2025,Bydel Grünerløkka,75-79 år,antall,900
EliminatedValue,8,2,17,0,BEF005,2025,Bydel Grünerløkka,80-84 år,antall,523
EliminatedValue,8,2,18,0,BEF005,2025,Bydel Grünerløkka,85-89 år,antall,199
EliminatedValue,8,2,19,0,BEF005,2025,Bydel Grünerløkka,90-94 år,antall,85
EliminatedValue,8,2,20,0,BEF005,2025,Bydel Grünerløkka,95+ år,antall,53
EliminatedValue,8,3,0,0,BEF005,2025,Bydel Sagene,Alder i alt,antall,47774
EliminatedValue,8,3,1,0,BEF005,2025,Bydel Sagene,0 år,antall,745
EliminatedValue,8,3,2,0,BEF005,2025,Bydel Sagene,1-2 år,antall,1089
EliminatedValue,8,3,3,0,BEF005,2025,Bydel Sagene,3-5 år,antall,1162
EliminatedValue,8,3,4,0,BEF005,2025,Bydel Sagene,6-9 år,antall,1221
EliminatedValue,8,3,5,0,BEF005,2025,Bydel Sagene,10-12 år,antall,877
EliminatedValue,8,3,6,0,BEF005,2025,Bydel Sagene,13-15 år,antall,752
EliminatedValue,8,3,7,0,BEF005,2025,Bydel Sagene,16-17 år,antall,454
EliminatedValue,8,3,8,0,BEF005,2025,Bydel Sagene,18-19 år,antall,495
EliminatedValue,8,3,9,0,BEF005,2025,Bydel Sagene,20-22 år,antall,1522
EliminatedValue,8,3,10,0,BEF005,2025,Bydel Sagene,23-24 år,antall,1776
EliminatedValue,8,3,11,0,BEF005,2025,Bydel Sagene,25-29 år,antall,8542
EliminatedValue,8,3,12,0,BEF005,2025,Bydel Sagene,30-39 år,antall,13307
EliminatedValue,8,3,13,0,BEF005,2025,Bydel Sagene,40-49 år,antall,5940
EliminatedValue,8,3,14,0,BEF005,2025,Bydel Sagene,50-66 år,antall,6269
EliminatedValue,8,3,15,0,BEF005,2025,Bydel Sagene,67-74 år,antall,1892
EliminatedValue,8,3,16,0,BEF005,2025,Bydel Sagene,75-79 år,antall,904
EliminatedValue,8,3,17,0,BEF005,2025,Bydel Sagene,80-84 år,antall,498
EliminatedValue,8,3,18,0,BEF005,2025,Bydel Sagene,85-89 år,antall,209
EliminatedValue,8,3,19,0,BEF005,2025,Bydel Sagene,90-94 år,antall,89
EliminatedValue,8,3,20,0,BEF005,2025,Bydel Sagene,95+ år,antall,31
EliminatedValue,8,4,0,0,BEF005,2025,Bydel St.Hanshaugen,Alder i alt,antall,41293
EliminatedValue,8,4,1,0,BEF005,2025,Bydel St.Hanshaugen,0 år,antall,474
EliminatedValue,8,4,2,0,BEF005,2025,Bydel St.Hanshaugen,1-2 år,antall,615
EliminatedValue,8,4,3,0,BEF005,2025,Bydel St.Hanshaugen,3-5 år,antall,754
EliminatedValue,8,4,4,0,BEF005,2025,Bydel St.Hanshaugen,6-9 år,antall,805
EliminatedValue,8,4,5,0,BEF005,2025,Bydel St.Hanshaugen,10-12 år,antall,665
EliminatedValue,8,4,6,0,BEF005,2025,Bydel St.Hanshaugen,13-15 år,antall,601
EliminatedValue,8,4,7,0,BEF005,2025,Bydel St.Hanshaugen,16-17 år,antall,436
EliminatedValue,8,4,8,0,BEF005,2025,Bydel St.Hanshaugen,18-19 år,antall,501
EliminatedValue,8,4,9,0,BEF005,2025,Bydel St.Hanshaugen,20-22 år,antall,1934
EliminatedValue,8,4,10,0,BEF005,2025,Bydel St.Hanshaugen,23-24 år,antall,2227
EliminatedValue,8,4,11,0,BEF005,2025,Bydel St.Hanshaugen,25-29 år,antall,8231
EliminatedValue,8,4,12,0,BEF005,2025,Bydel St.Hanshaugen,30-39 år,antall,10320
EliminatedValue,8,4,13,0,BEF005,2025,Bydel St.Hanshaugen,40-49 år,antall,4722
EliminatedValue,8,4,14,0,BEF005,2025,Bydel St.Hanshaugen,50-66 år,antall,5821
EliminatedValue,8,4,15,0,BEF005,2025,Bydel St.Hanshaugen,67-74 år,antall,1531
EliminatedValue,8,4,16,0,BEF005,2025,Bydel St.Hanshaugen,75-79 år,antall,786
EliminatedValue,8,4,17,0,BEF005,2025,Bydel St.Hanshaugen,80-84 år,antall,460
EliminatedValue,8,4,18,0,BEF005,2025,Bydel St.Hanshaugen,85-89 år,antall,257
EliminatedValue,8,4,19,0,BEF005,2025,Bydel St.Hanshaugen,90-94 år,antall,108
EliminatedValue,8,4,20,0,BEF005,2025,Bydel St.Hanshaugen,95+ år,antall,45
EliminatedValue,8,5,0,0,BEF005,2025,Bydel Frogner,Alder i alt,antall,60577
EliminatedValue,8,5,1,0,BEF005,2025,Bydel Frogner,0 år,antall,578
EliminatedValue,8,5,2,0,BEF005,2025,Bydel Frogner,1-2 år,antall,759
EliminatedValue,8,5,3,0,BEF005,2025,Bydel Frogner,3-5 år,antall,982
EliminatedValue,8,5,4,0,BEF005,2025,Bydel Frogner,6-9 år,antall,1258
EliminatedValue,8,5,5,0,BEF005,2025,Bydel Frogner,10-12 år,antall,969
EliminatedValue,8,5,6,0,BEF005,2025,Bydel Frogner,13-15 år,antall,1014
EliminatedValue,8,5,7,0,BEF005,2025,Bydel Frogner,16-17 år,antall,766
EliminatedValue,8,5,8,0,BEF005,2025,Bydel Frogner,18-19 år,antall,884
EliminatedValue,8,5,9,0,BEF005,2025,Bydel Frogner,20-22 år,antall,2334
EliminatedValue,8,5,10,0,BEF005,2025,Bydel Frogner,23-24 år,antall,2685
EliminatedValue,8,5,11,0,BEF005,2025,Bydel Frogner,25-29 år,antall,10015
EliminatedValue,8,5,12,0,BEF005,2025,Bydel Frogner,30-39 år,antall,12060
EliminatedValue,8,5,13,0,BEF005,2025,Bydel Frogner,40-49 år,antall,6624
EliminatedValue,8,5,14,0,BEF005,2025,Bydel Frogner,50-66 år,antall,11164
EliminatedValue,8,5,15,0,BEF005,2025,Bydel Frogner,67-74 år,antall,3643
EliminatedValue,8,5,16,0,BEF005,2025,Bydel Frogner,75-79 år,antall,2216
EliminatedValue,8,5,17,0,BEF005,2025,Bydel Frogner,80-84 år,antall,1442
EliminatedValue,8,5,18,0,BEF005,2025,Bydel Frogner,85-89 år,antall,762
EliminatedValue,8,5,19,0,BEF005,2025,Bydel Frogner,90-94 år,antall,304
EliminatedValue,8,5,20,0,BEF005,2025,Bydel Frogner,95+ år,antall,118
EliminatedValue,8,6,0,0,BEF005,2025,Bydel Ullern,Alder i alt,antall,35699
EliminatedValue,8,6,1,0,BEF005,2025,Bydel Ullern,0 år,antall,439
EliminatedValue,8,6,2,0,BEF005,2025,Bydel Ullern,1-2 år,antall,780
EliminatedValue,8,6,3,0,BEF005,2025,Bydel Ullern,3-5 år,antall,1159
EliminatedValue,8,6,4,0,BEF005,2025,Bydel Ullern,6-9 år,antall,1473
EliminatedValue,8,6,5,0,BEF005,2025,Bydel Ullern,10-12 år,antall,1210
EliminatedValue,8,6,6,0,BEF005,2025,Bydel Ullern,13-15 år,antall,1251
EliminatedValue,8,6,7,0,BEF005,2025,Bydel Ullern,16-17 år,antall,825
EliminatedValue,8,6,8,0,BEF005,2025,Bydel Ullern,18-19 år,antall,821
EliminatedValue,8,6,9,0,BEF005,2025,Bydel Ullern,20-22 år,antall,995
EliminatedValue,8,6,10,0,BEF005,2025,Bydel Ullern,23-24 år,antall,697
EliminatedValue,8,6,11,0,BEF005,2025,Bydel Ullern,25-29 år,antall,2080
EliminatedValue,8,6,12,0,BEF005,2025,Bydel Ullern,30-39 år,antall,5263
EliminatedValue,8,6,13,0,BEF005,2025,Bydel Ullern,40-49 år,antall,4828
EliminatedValue,8,6,14,0,BEF005,2025,Bydel Ullern,50-66 år,antall,7208
EliminatedValue,8,6,15,0,BEF005,2025,Bydel Ullern,67-74 år,antall,2773
EliminatedValue,8,6,16,0,BEF005,2025,Bydel Ullern,75-79 år,antall,1784
EliminatedValue,8,6,17,0,BEF005,2025,Bydel Ullern,80-84 år,antall,1141
EliminatedValue,8,6,18,0,BEF005,2025,Bydel Ullern,85-89 år,antall,613
EliminatedValue,8,6,19,0,BEF005,2025,Bydel Ullern,90-94 år,antall,242
EliminatedValue,8,6,20,0,BEF005,2025,Bydel Ullern,95+ år,antall,117
EliminatedValue,8,7,0,0,BEF005,2025,Bydel Vestre Aker,Alder i alt,antall,52985
EliminatedValue,8,7,1,0,BEF005,2025,Bydel Vestre Aker,0 år,antall,619
EliminatedValue,8,7,2,0,BEF005,2025,Bydel Vestre Aker,1-2 år,antall,1219
EliminatedValue,8,7,3,0,BEF005,2025,Bydel Vestre Aker,3-5 år,antall,2099
EliminatedValue,8,7,4,0,BEF005,2025,Bydel Vestre Aker,6-9 år,antall,2706
EliminatedValue,8,7,5,0,BEF005,2025,Bydel Vestre Aker,10-12 år,antall,2104
EliminatedValue,8,7,6,0,BEF005,2025,Bydel Vestre Aker,13-15 år,antall,2092
EliminatedValue,8,7,7,0,BEF005,2025,Bydel Vestre Aker,16-17 år,antall,1462
EliminatedValue,8,7,8,0,BEF005,2025,Bydel Vestre Aker,18-19 år,antall,1290
EliminatedValue,8,7,9,0,BEF005,2025,Bydel Vestre Aker,20-22 år,antall,1623
EliminatedValue,8,7,10,0,BEF005,2025,Bydel Vestre Aker,23-24 år,antall,1067
EliminatedValue,8,7,11,0,BEF005,2025,Bydel Vestre Aker,25-29 år,antall,2709
EliminatedValue,8,7,12,0,BEF005,2025,Bydel Vestre Aker,30-39 år,antall,7270
EliminatedValue,8,7,13,0,BEF005,2025,Bydel Vestre Aker,40-49 år,antall,7579
EliminatedValue,8,7,14,0,BEF005,2025,Bydel Vestre Aker,50-66 år,antall,10290
EliminatedValue,8,7,15,0,BEF005,2025,Bydel Vestre Aker,67-74 år,antall,3770
EliminatedValue,8,7,16,0,BEF005,2025,Bydel Vestre Aker,75-79 år,antall,2309
EliminatedValue,8,7,17,0,BEF005,2025,Bydel Vestre Aker,80-84 år,antall,1429
EliminatedValue,8,7,18,0,BEF005,2025,Bydel Vestre Aker,85-89 år,antall,807
EliminatedValue,8,7,19,0,BEF005,2025,Bydel Vestre Aker,90-94 år,antall,403
EliminatedValue,8,7,20,0,BEF005,2025,Bydel Vestre Aker,95+ år,antall,138
EliminatedValue,8,8,0,0,BEF005,2025,Bydel Nordre Aker,Alder i alt,antall,55947
EliminatedValue,8,8,1,0,BEF005,2025,Bydel Nordre Aker,0 år,antall,597
EliminatedValue,8,8,2,0,BEF005,2025,Bydel Nordre Aker,1-2 år,antall,1145
EliminatedValue,8,8,3,0,BEF005,2025,Bydel Nordre Aker,3-5 år,antall,1966
EliminatedValue,8,8,4,0,BEF005,2025,Bydel Nordre Aker,6-9 år,antall,2666
EliminatedValue,8,8,5,0,BEF005,2025,Bydel Nordre Aker,10-12 år,antall,2013
EliminatedValue,8,8,6,0,BEF005,2025,Bydel Nordre Aker,13-15 år,antall,2134
EliminatedValue,8,8,7,0,BEF005,2025,Bydel Nordre Aker,16-17 år,antall,1355
EliminatedValue,8,8,8,0,BEF005,2025,Bydel Nordre Aker,18-19 år,antall,1429
EliminatedValue,8,8,9,0,BEF005,2025,Bydel Nordre Aker,20-22 år,antall,2749
EliminatedValue,8,8,10,0,BEF005,2025,Bydel Nordre Aker,23-24 år,antall,1969
EliminatedValue,8,8,11,0,BEF005,2025,Bydel Nordre Aker,25-29 år,antall,4403
EliminatedValue,8,8,12,0,BEF005,2025,Bydel Nordre Aker,30-39 år,antall,8068
EliminatedValue,8,8,13,0,BEF005,2025,Bydel Nordre Aker,40-49 år,antall,7445
EliminatedValue,8,8,14,0,BEF005,2025,Bydel Nordre Aker,50-66 år,antall,10783
EliminatedValue,8,8,15,0,BEF005,2025,Bydel Nordre Aker,67-74 år,antall,3300
EliminatedValue,8,8,16,0,BEF005,2025,Bydel Nordre Aker,75-79 år,antall,1764
EliminatedValue,8,8,17,0,BEF005,2025,Bydel Nordre Aker,80-84 år,antall,1075
EliminatedValue,8,8,18,0,BEF005,2025,Bydel Nordre Aker,85-89 år,antall,632
EliminatedValue,8,8,19,0,BEF005,2025,Bydel Nordre Aker,90-94 år,antall,341
EliminatedValue,8,8,20,0,BEF005,2025,Bydel Nordre Aker,95+ år,antall,113
EliminatedValue,8,9,0,0,BEF005,2025,Bydel Bjerke,Alder i alt,antall,37076
EliminatedValue,8,9,1,0,BEF005,2025,Bydel Bjerke,0 år,antall,568
EliminatedValue,8,9,2,0,BEF005,2025,Bydel Bjerke,1-2 år,antall,951
EliminatedValue,8,9,3,0,BEF005,2025,Bydel Bjerke,3-5 år,antall,1376
EliminatedValue,8,9,4,0,BEF005,2025,Bydel Bjerke,6-9 år,antall,1784
EliminatedValue,8,9,5,0,BEF005,2025,Bydel Bjerke,10-12 år,antall,1330
EliminatedValue,8,9,6,0,BEF005,2025,Bydel Bjerke,13-15 år,antall,1356
EliminatedValue,8,9,7,0,BEF005,2025,Bydel Bjerke,16-17 år,antall,884
EliminatedValue,8,9,8,0,BEF005,2025,Bydel Bjerke,18-19 år,antall,866
EliminatedValue,8,9,9,0,BEF005,2025,Bydel Bjerke,20-22 år,antall,1292
EliminatedValue,8,9,10,0,BEF005,2025,Bydel Bjerke,23-24 år,antall,894
EliminatedValue,8,9,11,0,BEF005,2025,Bydel Bjerke,25-29 år,antall,3018
EliminatedValue,8,9,12,0,BEF005,2025,Bydel Bjerke,30-39 år,antall,7304
EliminatedValue,8,9,13,0,BEF005,2025,Bydel Bjerke,40-49 år,antall,5561
EliminatedValue,8,9,14,0,BEF005,2025,Bydel Bjerke,50-66 år,antall,6356
EliminatedValue,8,9,15,0,BEF005,2025,Bydel Bjerke,67-74 år,antall,1684
EliminatedValue,8,9,16,0,BEF005,2025,Bydel Bjerke,75-79 år,antall,825
EliminatedValue,8,9,17,0,BEF005,2025,Bydel Bjerke,80-84 år,antall,504
EliminatedValue,8,9,18,0,BEF005,2025,Bydel Bjerke,85-89 år,antall,303
EliminatedValue,8,9,19,0,BEF005,2025,Bydel Bjerke,90-94 år,antall,155
EliminatedValue,8,9,20,0,BEF005,2025,Bydel Bjerke,95+ år,antall,65
EliminatedValue,8,10,0,0,BEF005,2025,Bydel Grorud,Alder i alt,antall,28269
EliminatedValue,8,10,1,0,BEF005,2025,Bydel Grorud,0 år,antall,288
EliminatedValue,8,10,2,0,BEF005,2025,Bydel Grorud,1-2 år,antall,575
EliminatedValue,8,10,3,0,BEF005,2025,Bydel Grorud,3-5 år,antall,888
EliminatedValue,8,10,4,0,BEF005,2025,Bydel Grorud,6-9 år,antall,1252
EliminatedValue,8,10,5,0,BEF005,2025,Bydel Grorud,10-12 år,antall,986
EliminatedValue,8,10,6,0,BEF005,2025,Bydel Grorud,13-15 år,antall,940
EliminatedValue,8,10,7,0,BEF005,2025,Bydel Grorud,16-17 år,antall,681
EliminatedValue,8,10,8,0,BEF005,2025,Bydel Grorud,18-19 år,antall,679
EliminatedValue,8,10,9,0,BEF005,2025,Bydel Grorud,20-22 år,antall,950
EliminatedValue,8,10,10,0,BEF005,2025,Bydel Grorud,23-24 år,antall,625
EliminatedValue,8,10,11,0,BEF005,2025,Bydel Grorud,25-29 år,antall,1834
EliminatedValue,8,10,12,0,BEF005,2025,Bydel Grorud,30-39 år,antall,4712
EliminatedValue,8,10,13,0,BEF005,2025,Bydel Grorud,40-49 år,antall,4216
EliminatedValue,8,10,14,0,BEF005,2025,Bydel Grorud,50-66 år,antall,6132
EliminatedValue,8,10,15,0,BEF005,2025,Bydel Grorud,67-74 år,antall,1690
EliminatedValue,8,10,16,0,BEF005,2025,Bydel Grorud,75-79 år,antall,794
EliminatedValue,8,10,17,0,BEF005,2025,Bydel Grorud,80-84 år,antall,530
EliminatedValue,8,10,18,0,BEF005,2025,Bydel Grorud,85-89 år,antall,285
EliminatedValue,8,10,19,0,BEF005,2025,Bydel Grorud,90-94 år,antall,150
EliminatedValue,8,10,20,0,BEF005,2025,Bydel Grorud,95+ år,antall,62
EliminatedValue,8,11,0,0,BEF005,2025,Bydel Stovner,Alder i alt,antall,34556
EliminatedValue,8,11,1,0,BEF005,2025,Bydel Stovner,0 år,antall,352
EliminatedValue,8,11,2,0,BEF005,2025,Bydel Stovner,1-2 år,antall,717
EliminatedValue,8,11,3,0,BEF005,2025,Bydel Stovner,3-5 år,antall,1293
EliminatedValue,8,11,4,0,BEF005,2025,Bydel Stovner,6-9 år,antall,1668
EliminatedValue,8,11,5,0,BEF005,2025,Bydel Stovner,10-12 år,antall,1287
EliminatedValue,8,11,6,0,BEF005,2025,Bydel Stovner,13-15 år,antall,1327
EliminatedValue,8,11,7,0,BEF005,2025,Bydel Stovner,16-17 år,antall,995
EliminatedValue,8,11,8,0,BEF005,2025,Bydel Stovner,18-19 år,antall,967
EliminatedValue,8,11,9,0,BEF005,2025,Bydel Stovner,20-22 år,antall,1441
EliminatedValue,8,11,10,0,BEF005,2025,Bydel Stovner,23-24 år,antall,917
EliminatedValue,8,11,11,0,BEF005,2025,Bydel Stovner,25-29 år,antall,2168
EliminatedValue,8,11,12,0,BEF005,2025,Bydel Stovner,30-39 år,antall,4909
EliminatedValue,8,11,13,0,BEF005,2025,Bydel Stovner,40-49 år,antall,4841
EliminatedValue,8,11,14,0,BEF005,2025,Bydel Stovner,50-66 år,antall,7220
EliminatedValue,8,11,15,0,BEF005,2025,Bydel Stovner,67-74 år,antall,1925
EliminatedValue,8,11,16,0,BEF005,2025,Bydel Stovner,75-79 år,antall,1109
EliminatedValue,8,11,17,0,BEF005,2025,Bydel Stovner,80-84 år,antall,823
EliminatedValue,8,11,18,0,BEF005,2025,Bydel Stovner,85-89 år,antall,396
EliminatedValue,8,11,19,0,BEF005,2025,Bydel Stovner,90-94 år,antall,159
EliminatedValue,8,11,20,0,BEF005,2025,Bydel Stovner,95+ år,antall,42
EliminatedValue,8,12,0,0,BEF005,2025,Bydel Alna,Alder i alt,antall,50665
EliminatedValue,8,12,1,0,BEF005,2025,Bydel Alna,0 år,antall,560
EliminatedValue,8,12,2,0,BEF005,2025,Bydel Alna,1-2 år,antall,1096
EliminatedValue,8,12,3,0,BEF005,2025,Bydel Alna,3-5 år,antall,1655
EliminatedValue,8,12,4,0,BEF005,2025,Bydel Alna,6-9 år,antall,2227
EliminatedValue,8,12,5,0,BEF005,2025,Bydel Alna,10-12 år,antall,1855
EliminatedValue,8,12,6,0,BEF005,2025,Bydel Alna,13-15 år,antall,1870
EliminatedValue,8,12,7,0,BEF005,2025,Bydel Alna,16-17 år,antall,1284
EliminatedValue,8,12,8,0,BEF005,2025,Bydel Alna,18-19 år,antall,1151
EliminatedValue,8,12,9,0,BEF005,2025,Bydel Alna,20-22 år,antall,1684
EliminatedValue,8,12,10,0,BEF005,2025,Bydel Alna,23-24 år,antall,1118
EliminatedValue,8,12,11,0,BEF005,2025,Bydel Alna,25-29 år,antall,3495
EliminatedValue,8,12,12,0,BEF005,2025,Bydel Alna,30-39 år,antall,8650
EliminatedValue,8,12,13,0,BEF005,2025,Bydel Alna,40-49 år,antall,7446
EliminatedValue,8,12,14,0,BEF005,2025,Bydel Alna,50-66 år,antall,9919
EliminatedValue,8,12,15,0,BEF005,2025,Bydel Alna,67-74 år,antall,3096
EliminatedValue,8,12,16,0,BEF005,2025,Bydel Alna,75-79 år,antall,1692
EliminatedValue,8,12,17,0,BEF005,2025,Bydel Alna,80-84 år,antall,1024
EliminatedValue,8,12,18,0,BEF005,2025,Bydel Alna,85-89 år,antall,521
EliminatedValue,8,12,19,0,BEF005,2025,Bydel Alna,90-94 år,antall,242
EliminatedValue,8,12,20,0,BEF005,2025,Bydel Alna,95+ år,antall,80
EliminatedValue,8,13,0,0,BEF005,2025,Bydel Østensjø,Alder i alt,antall,52293
EliminatedValue,8,13,1,0,BEF005,2025,Bydel Østensjø,0 år,antall,571
EliminatedValue,8,13,2,0,BEF005,2025,Bydel Østensjø,1-2 år,antall,1142
EliminatedValue,8,13,3,0,BEF005,2025,Bydel Østensjø,3-5 år,antall,1787
EliminatedValue,8,13,4,0,BEF005,2025,Bydel Østensjø,6-9 år,antall,2535
EliminatedValue,8,13,5,0,BEF005,2025,Bydel Østensjø,10-12 år,antall,2007
EliminatedValue,8,13,6,0,BEF005,2025,Bydel Østensjø,13-15 år,antall,2076
EliminatedValue,8,13,7,0,BEF005,2025,Bydel Østensjø,16-17 år,antall,1256
EliminatedValue,8,13,8,0,BEF005,2025,Bydel Østensjø,18-19 år,antall,1174
EliminatedValue,8,13,9,0,BEF005,2025,Bydel Østensjø,20-22 år,antall,1485
EliminatedValue,8,13,10,0,BEF005,2025,Bydel Østensjø,23-24 år,antall,879
EliminatedValue,8,13,11,0,BEF005,2025,Bydel Østensjø,25-29 år,antall,2836
EliminatedValue,8,13,12,0,BEF005,2025,Bydel Østensjø,30-39 år,antall,8445
EliminatedValue,8,13,13,0,BEF005,2025,Bydel Østensjø,40-49 år,antall,7929
EliminatedValue,8,13,14,0,BEF005,2025,Bydel Østensjø,50-66 år,antall,11039
EliminatedValue,8,13,15,0,BEF005,2025,Bydel Østensjø,67-74 år,antall,3177
EliminatedValue,8,13,16,0,BEF005,2025,Bydel Østensjø,75-79 år,antall,1554
EliminatedValue,8,13,17,0,BEF005,2025,Bydel Østensjø,80-84 år,antall,1017
EliminatedValue,8,13,18,0,BEF005,2025,Bydel Østensjø,85-89 år,antall,754
EliminatedValue,8,13,19,0,BEF005,2025,Bydel Østensjø,90-94 år,antall,477
EliminatedValue,8,13,20,0,BEF005,2025,Bydel Østensjø,95+ år,antall,153
EliminatedValue,8,14,0,0,BEF005,2025,Bydel Nordstrand,Alder i alt,antall,54913
EliminatedValue,8,14,1,0,BEF005,2025,Bydel Nordstrand,0 år,antall,604
EliminatedValue,8,14,2,0,BEF005,2025,Bydel Nordstrand,1-2 år,antall,1177
EliminatedValue,8,14,3,0,BEF005,2025,Bydel Nordstrand,3-5 år,antall,1943
EliminatedValue,8,14,4,0,BEF005,2025,Bydel Nordstrand,6-9 år,antall,2627
EliminatedValue,8,14,5,0,BEF005,2025,Bydel Nordstrand,10-12 år,antall,2092
EliminatedValue,8,14,6,0,BEF005,2025,Bydel Nordstrand,13-15 år,antall,2115
EliminatedValue,8,14,7,0,BEF005,2025,Bydel Nordstrand,16-17 år,antall,1439
EliminatedValue,8,14,8,0,BEF005,2025,Bydel Nordstrand,18-19 år,antall,1347
EliminatedValue,8,14,9,0,BEF005,2025,Bydel Nordstrand,20-22 år,antall,1739
EliminatedValue,8,14,10,0,BEF005,2025,Bydel Nordstrand,23-24 år,antall,1054
EliminatedValue,8,14,11,0,BEF005,2025,Bydel Nordstrand,25-29 år,antall,2939
EliminatedValue,8,14,12,0,BEF005,2025,Bydel Nordstrand,30-39 år,antall,7650
EliminatedValue,8,14,13,0,BEF005,2025,Bydel Nordstrand,40-49 år,antall,8161
EliminatedValue,8,14,14,0,BEF005,2025,Bydel Nordstrand,50-66 år,antall,11598
EliminatedValue,8,14,15,0,BEF005,2025,Bydel Nordstrand,67-74 år,antall,3670
EliminatedValue,8,14,16,0,BEF005,2025,Bydel Nordstrand,75-79 år,antall,2140
EliminatedValue,8,14,17,0,BEF005,2025,Bydel Nordstrand,80-84 år,antall,1335
EliminatedValue,8,14,18,0,BEF005,2025,Bydel Nordstrand,85-89 år,antall,744
EliminatedValue,8,14,19,0,BEF005,2025,Bydel Nordstrand,90-94 år,antall,385
EliminatedValue,8,14,20,0,BEF005,2025,Bydel Nordstrand,95+ år,antall,154
EliminatedValue,8,15,0,0,BEF005,2025,Bydel Søndre Nordstrand,Alder i alt,antall,39366
EliminatedValue,8,15,1,0,BEF005,2025,Bydel Søndre Nordstrand,0 år,antall,434
EliminatedValue,8,15,2,0,BEF005,2025,Bydel Søndre Nordstrand,1-2 år,antall,817
EliminatedValue,8,15,3,0,BEF005,2025,Bydel Søndre Nordstrand,3-5 år,antall,1451
EliminatedValue,8,15,4,0,BEF005,2025,Bydel Søndre Nordstrand,6-9 år,antall,1987
EliminatedValue,8,15,5,0,BEF005,2025,Bydel Søndre Nordstrand,10-12 år,antall,1587
EliminatedValue,8,15,6,0,BEF005,2025,Bydel Søndre Nordstrand,13-15 år,antall,1721
EliminatedValue,8,15,7,0,BEF005,2025,Bydel Søndre Nordstrand,16-17 år,antall,1193
EliminatedValue,8,15,8,0,BEF005,2025,Bydel Søndre Nordstrand,18-19 år,antall,1165
EliminatedValue,8,15,9,0,BEF005,2025,Bydel Søndre Nordstrand,20-22 år,antall,1549
EliminatedValue,8,15,10,0,BEF005,2025,Bydel Søndre Nordstrand,23-24 år,antall,934
EliminatedValue,8,15,11,0,BEF005,2025,Bydel Søndre Nordstrand,25-29 år,antall,2304
EliminatedValue,8,15,12,0,BEF005,2025,Bydel Søndre Nordstrand,30-39 år,antall,5575
EliminatedValue,8,15,13,0,BEF005,2025,Bydel Søndre Nordstrand,40-49 år,antall,5638
EliminatedValue,8,15,14,0,BEF005,2025,Bydel Søndre Nordstrand,50-66 år,antall,8315
EliminatedValue,8,15,15,0,BEF005,2025,Bydel Søndre Nordstrand,67-74 år,antall,2638
EliminatedValue,8,15,16,0,BEF005,2025,Bydel Søndre Nordstrand,75-79 år,antall,1100
EliminatedValue,8,15,17,0,BEF005,2025,Bydel Søndre Nordstrand,80-84 år,antall,597
EliminatedValue,8,15,18,0,BEF005,2025,Bydel Søndre Nordstrand,85-89 år,antall,235
EliminatedValue,8,15,19,0,BEF005,2025,Bydel Søndre Nordstrand,90-94 år,antall,96
EliminatedValue,8,15,20,0,BEF005,2025,Bydel Søndre Nordstrand,95+ år,antall,30
EliminatedValue,9,100000,0,0,BEF005,2026,Oslo i alt,Alder i alt,antall,726578
EliminatedValue,9,100000,1,0,BEF005,2026,Oslo i alt,0 år,antall,8984
EliminatedValue,9,100000,2,0,BEF005,2026,Oslo i alt,1-2 år,antall,15597
EliminatedValue,9,100000,3,0,BEF005,2026,Oslo i alt,3-5 år,antall,21291
EliminatedValue,9,100000,4,0,BEF005,2026,Oslo i alt,6-9 år,antall,27534
EliminatedValue,9,100000,5,0,BEF005,2026,Oslo i alt,10-12 år,antall,21222
EliminatedValue,9,100000,6,0,BEF005,2026,Oslo i alt,13-15 år,antall,21711
EliminatedValue,9,100000,7,0,BEF005,2026,Oslo i alt,16-17 år,antall,14802
EliminatedValue,9,100000,8,0,BEF005,2026,Oslo i alt,18-19 år,antall,15100
EliminatedValue,9,100000,9,0,BEF005,2026,Oslo i alt,20-22 år,antall,25740
EliminatedValue,9,100000,10,0,BEF005,2026,Oslo i alt,23-24 år,antall,20556
EliminatedValue,9,100000,11,0,BEF005,2026,Oslo i alt,25-29 år,antall,74105
EliminatedValue,9,100000,12,0,BEF005,2026,Oslo i alt,30-39 år,antall,139968
EliminatedValue,9,100000,13,0,BEF005,2026,Oslo i alt,40-49 år,antall,100359
EliminatedValue,9,100000,14,0,BEF005,2026,Oslo i alt,50-66 år,antall,132623
EliminatedValue,9,100000,15,0,BEF005,2026,Oslo i alt,67-74 år,antall,40324
EliminatedValue,9,100000,16,0,BEF005,2026,Oslo i alt,75-79 år,antall,20846
EliminatedValue,9,100000,17,0,BEF005,2026,Oslo i alt,80-84 år,antall,13917
EliminatedValue,9,100000,18,0,BEF005,2026,Oslo i alt,85-89 år,antall,7335
EliminatedValue,9,100000,19,0,BEF005,2026,Oslo i alt,90-94 år,antall,3288
EliminatedValue,9,100000,20,0,BEF005,2026,Oslo i alt,95+ år,antall,1276
EliminatedValue,9,1,0,0,BEF005,2026,Bydel Gamle Oslo,Alder i alt,antall,64970
EliminatedValue,9,1,1,0,BEF005,2026,Bydel Gamle Oslo,0 år,antall,1009
EliminatedValue,9,1,2,0,BEF005,2026,Bydel Gamle Oslo,1-2 år,antall,1547
EliminatedValue,9,1,3,0,BEF005,2026,Bydel Gamle Oslo,3-5 år,antall,1808
EliminatedValue,9,1,4,0,BEF005,2026,Bydel Gamle Oslo,6-9 år,antall,1938
EliminatedValue,9,1,5,0,BEF005,2026,Bydel Gamle Oslo,10-12 år,antall,1408
EliminatedValue,9,1,6,0,BEF005,2026,Bydel Gamle Oslo,13-15 år,antall,1343
EliminatedValue,9,1,7,0,BEF005,2026,Bydel Gamle Oslo,16-17 år,antall,902
EliminatedValue,9,1,8,0,BEF005,2026,Bydel Gamle Oslo,18-19 år,antall,937
EliminatedValue,9,1,9,0,BEF005,2026,Bydel Gamle Oslo,20-22 år,antall,1653
EliminatedValue,9,1,10,0,BEF005,2026,Bydel Gamle Oslo,23-24 år,antall,1652
EliminatedValue,9,1,11,0,BEF005,2026,Bydel Gamle Oslo,25-29 år,antall,8542
EliminatedValue,9,1,12,0,BEF005,2026,Bydel Gamle Oslo,30-39 år,antall,17530
EliminatedValue,9,1,13,0,BEF005,2026,Bydel Gamle Oslo,40-49 år,antall,9836
EliminatedValue,9,1,14,0,BEF005,2026,Bydel Gamle Oslo,50-66 år,antall,10099
EliminatedValue,9,1,15,0,BEF005,2026,Bydel Gamle Oslo,67-74 år,antall,2630
EliminatedValue,9,1,16,0,BEF005,2026,Bydel Gamle Oslo,75-79 år,antall,1131
EliminatedValue,9,1,17,0,BEF005,2026,Bydel Gamle Oslo,80-84 år,antall,598
EliminatedValue,9,1,18,0,BEF005,2026,Bydel Gamle Oslo,85-89 år,antall,250
EliminatedValue,9,1,19,0,BEF005,2026,Bydel Gamle Oslo,90-94 år,antall,100
EliminatedValue,9,1,20,0,BEF005,2026,Bydel Gamle Oslo,95+ år,antall,57
EliminatedValue,9,2,0,0,BEF005,2026,Bydel Grünerløkka,Alder i alt,antall,66961
EliminatedValue,9,2,1,0,BEF005,2026,Bydel Grünerløkka,0 år,antall,1021
EliminatedValue,9,2,2,0,BEF005,2026,Bydel Grünerløkka,1-2 år,antall,1556
EliminatedValue,9,2,3,0,BEF005,2026,Bydel Grünerløkka,3-5 år,antall,1581
EliminatedValue,9,2,4,0,BEF005,2026,Bydel Grünerløkka,6-9 år,antall,1667
EliminatedValue,9,2,5,0,BEF005,2026,Bydel Grünerløkka,10-12 år,antall,1171
EliminatedValue,9,2,6,0,BEF005,2026,Bydel Grünerløkka,13-15 år,antall,1097
EliminatedValue,9,2,7,0,BEF005,2026,Bydel Grünerløkka,16-17 år,antall,729
EliminatedValue,9,2,8,0,BEF005,2026,Bydel Grünerløkka,18-19 år,antall,877
EliminatedValue,9,2,9,0,BEF005,2026,Bydel Grünerløkka,20-22 år,antall,2400
EliminatedValue,9,2,10,0,BEF005,2026,Bydel Grünerløkka,23-24 år,antall,2546
EliminatedValue,9,2,11,0,BEF005,2026,Bydel Grünerløkka,25-29 år,antall,11477
EliminatedValue,9,2,12,0,BEF005,2026,Bydel Grünerløkka,30-39 år,antall,18813
EliminatedValue,9,2,13,0,BEF005,2026,Bydel Grünerløkka,40-49 år,antall,8975
EliminatedValue,9,2,14,0,BEF005,2026,Bydel Grünerløkka,50-66 år,antall,9007
EliminatedValue,9,2,15,0,BEF005,2026,Bydel Grünerløkka,67-74 år,antall,2184
EliminatedValue,9,2,16,0,BEF005,2026,Bydel Grünerløkka,75-79 år,antall,932
EliminatedValue,9,2,17,0,BEF005,2026,Bydel Grünerløkka,80-84 år,antall,570
EliminatedValue,9,2,18,0,BEF005,2026,Bydel Grünerløkka,85-89 år,antall,232
EliminatedValue,9,2,19,0,BEF005,2026,Bydel Grünerløkka,90-94 år,antall,80
EliminatedValue,9,2,20,0,BEF005,2026,Bydel Grünerløkka,95+ år,antall,46
EliminatedValue,9,3,0,0,BEF005,2026,Bydel Sagene,Alder i alt,antall,48291
EliminatedValue,9,3,1,0,BEF005,2026,Bydel Sagene,0 år,antall,827
EliminatedValue,9,3,2,0,BEF005,2026,Bydel Sagene,1-2 år,antall,1107
EliminatedValue,9,3,3,0,BEF005,2026,Bydel Sagene,3-5 år,antall,1143
EliminatedValue,9,3,4,0,BEF005,2026,Bydel Sagene,6-9 år,antall,1174
EliminatedValue,9,3,5,0,BEF005,2026,Bydel Sagene,10-12 år,antall,897
EliminatedValue,9,3,6,0,BEF005,2026,Bydel Sagene,13-15 år,antall,809
EliminatedValue,9,3,7,0,BEF005,2026,Bydel Sagene,16-17 år,antall,489
EliminatedValue,9,3,8,0,BEF005,2026,Bydel Sagene,18-19 år,antall,492
EliminatedValue,9,3,9,0,BEF005,2026,Bydel Sagene,20-22 år,antall,1508
EliminatedValue,9,3,10,0,BEF005,2026,Bydel Sagene,23-24 år,antall,1746
EliminatedValue,9,3,11,0,BEF005,2026,Bydel Sagene,25-29 år,antall,8422
EliminatedValue,9,3,12,0,BEF005,2026,Bydel Sagene,30-39 år,antall,13447
EliminatedValue,9,3,13,0,BEF005,2026,Bydel Sagene,40-49 år,antall,6056
EliminatedValue,9,3,14,0,BEF005,2026,Bydel Sagene,50-66 år,antall,6447
EliminatedValue,9,3,15,0,BEF005,2026,Bydel Sagene,67-74 år,antall,1945
EliminatedValue,9,3,16,0,BEF005,2026,Bydel Sagene,75-79 år,antall,892
EliminatedValue,9,3,17,0,BEF005,2026,Bydel Sagene,80-84 år,antall,557
EliminatedValue,9,3,18,0,BEF005,2026,Bydel Sagene,85-89 år,antall,229
EliminatedValue,9,3,19,0,BEF005,2026,Bydel Sagene,90-94 år,antall,83
EliminatedValue,9,3,20,0,BEF005,2026,Bydel Sagene,95+ år,antall,21
EliminatedValue,9,4,0,0,BEF005,2026,Bydel St.Hanshaugen,Alder i alt,antall,41321
EliminatedValue,9,4,1,0,BEF005,2026,Bydel St.Hanshaugen,0 år,antall,503
EliminatedValue,9,4,2,0,BEF005,2026,Bydel St.Hanshaugen,1-2 år,antall,675
EliminatedValue,9,4,3,0,BEF005,2026,Bydel St.Hanshaugen,3-5 år,antall,690
EliminatedValue,9,4,4,0,BEF005,2026,Bydel St.Hanshaugen,6-9 år,antall,843
EliminatedValue,9,4,5,0,BEF005,2026,Bydel St.Hanshaugen,10-12 år,antall,605
EliminatedValue,9,4,6,0,BEF005,2026,Bydel St.Hanshaugen,13-15 år,antall,615
EliminatedValue,9,4,7,0,BEF005,2026,Bydel St.Hanshaugen,16-17 år,antall,424
EliminatedValue,9,4,8,0,BEF005,2026,Bydel St.Hanshaugen,18-19 år,antall,527
EliminatedValue,9,4,9,0,BEF005,2026,Bydel St.Hanshaugen,20-22 år,antall,1862
EliminatedValue,9,4,10,0,BEF005,2026,Bydel St.Hanshaugen,23-24 år,antall,2103
EliminatedValue,9,4,11,0,BEF005,2026,Bydel St.Hanshaugen,25-29 år,antall,8221
EliminatedValue,9,4,12,0,BEF005,2026,Bydel St.Hanshaugen,30-39 år,antall,10320
EliminatedValue,9,4,13,0,BEF005,2026,Bydel St.Hanshaugen,40-49 år,antall,4752
EliminatedValue,9,4,14,0,BEF005,2026,Bydel St.Hanshaugen,50-66 år,antall,5921
EliminatedValue,9,4,15,0,BEF005,2026,Bydel St.Hanshaugen,67-74 år,antall,1570
EliminatedValue,9,4,16,0,BEF005,2026,Bydel St.Hanshaugen,75-79 år,antall,786
EliminatedValue,9,4,17,0,BEF005,2026,Bydel St.Hanshaugen,80-84 år,antall,474
EliminatedValue,9,4,18,0,BEF005,2026,Bydel St.Hanshaugen,85-89 år,antall,273
EliminatedValue,9,4,19,0,BEF005,2026,Bydel St.Hanshaugen,90-94 år,antall,105
EliminatedValue,9,4,20,0,BEF005,2026,Bydel St.Hanshaugen,95+ år,antall,52
EliminatedValue,9,5,0,0,BEF005,2026,Bydel Frogner,Alder i alt,antall,60370
EliminatedValue,9,5,1,0,BEF005,2026,Bydel Frogner,0 år,antall,593
EliminatedValue,9,5,2,0,BEF005,2026,Bydel Frogner,1-2 år,antall,790
EliminatedValue,9,5,3,0,BEF005,2026,Bydel Frogner,3-5 år,antall,900
EliminatedValue,9,5,4,0,BEF005,2026,Bydel Frogner,6-9 år,antall,1177
EliminatedValue,9,5,5,0,BEF005,2026,Bydel Frogner,10-12 år,antall,943
EliminatedValue,9,5,6,0,BEF005,2026,Bydel Frogner,13-15 år,antall,952
EliminatedValue,9,5,7,0,BEF005,2026,Bydel Frogner,16-17 år,antall,770
EliminatedValue,9,5,8,0,BEF005,2026,Bydel Frogner,18-19 år,antall,905
EliminatedValue,9,5,9,0,BEF005,2026,Bydel Frogner,20-22 år,antall,2444
EliminatedValue,9,5,10,0,BEF005,2026,Bydel Frogner,23-24 år,antall,2567
EliminatedValue,9,5,11,0,BEF005,2026,Bydel Frogner,25-29 år,antall,9749
EliminatedValue,9,5,12,0,BEF005,2026,Bydel Frogner,30-39 år,antall,12064
EliminatedValue,9,5,13,0,BEF005,2026,Bydel Frogner,40-49 år,antall,6575
EliminatedValue,9,5,14,0,BEF005,2026,Bydel Frogner,50-66 år,antall,11301
EliminatedValue,9,5,15,0,BEF005,2026,Bydel Frogner,67-74 år,antall,3684
EliminatedValue,9,5,16,0,BEF005,2026,Bydel Frogner,75-79 år,antall,2144
EliminatedValue,9,5,17,0,BEF005,2026,Bydel Frogner,80-84 år,antall,1551
EliminatedValue,9,5,18,0,BEF005,2026,Bydel Frogner,85-89 år,antall,799
EliminatedValue,9,5,19,0,BEF005,2026,Bydel Frogner,90-94 år,antall,342
EliminatedValue,9,5,20,0,BEF005,2026,Bydel Frogner,95+ år,antall,120
EliminatedValue,9,6,0,0,BEF005,2026,Bydel Ullern,Alder i alt,antall,35825
EliminatedValue,9,6,1,0,BEF005,2026,Bydel Ullern,0 år,antall,447
EliminatedValue,9,6,2,0,BEF005,2026,Bydel Ullern,1-2 år,antall,799
EliminatedValue,9,6,3,0,BEF005,2026,Bydel Ullern,3-5 år,antall,1148
EliminatedValue,9,6,4,0,BEF005,2026,Bydel Ullern,6-9 år,antall,1441
EliminatedValue,9,6,5,0,BEF005,2026,Bydel Ullern,10-12 år,antall,1172
EliminatedValue,9,6,6,0,BEF005,2026,Bydel Ullern,13-15 år,antall,1216
EliminatedValue,9,6,7,0,BEF005,2026,Bydel Ullern,16-17 år,antall,846
EliminatedValue,9,6,8,0,BEF005,2026,Bydel Ullern,18-19 år,antall,847
EliminatedValue,9,6,9,0,BEF005,2026,Bydel Ullern,20-22 år,antall,1041
EliminatedValue,9,6,10,0,BEF005,2026,Bydel Ullern,23-24 år,antall,669
EliminatedValue,9,6,11,0,BEF005,2026,Bydel Ullern,25-29 år,antall,1997
EliminatedValue,9,6,12,0,BEF005,2026,Bydel Ullern,30-39 år,antall,5277
EliminatedValue,9,6,13,0,BEF005,2026,Bydel Ullern,40-49 år,antall,4783
EliminatedValue,9,6,14,0,BEF005,2026,Bydel Ullern,50-66 år,antall,7324
EliminatedValue,9,6,15,0,BEF005,2026,Bydel Ullern,67-74 år,antall,2833
EliminatedValue,9,6,16,0,BEF005,2026,Bydel Ullern,75-79 år,antall,1717
EliminatedValue,9,6,17,0,BEF005,2026,Bydel Ullern,80-84 år,antall,1250
EliminatedValue,9,6,18,0,BEF005,2026,Bydel Ullern,85-89 år,antall,674
EliminatedValue,9,6,19,0,BEF005,2026,Bydel Ullern,90-94 år,antall,243
EliminatedValue,9,6,20,0,BEF005,2026,Bydel Ullern,95+ år,antall,101
EliminatedValue,9,7,0,0,BEF005,2026,Bydel Vestre Aker,Alder i alt,antall,53316
EliminatedValue,9,7,1,0,BEF005,2026,Bydel Vestre Aker,0 år,antall,626
EliminatedValue,9,7,2,0,BEF005,2026,Bydel Vestre Aker,1-2 år,antall,1264
EliminatedValue,9,7,3,0,BEF005,2026,Bydel Vestre Aker,3-5 år,antall,2019
EliminatedValue,9,7,4,0,BEF005,2026,Bydel Vestre Aker,6-9 år,antall,2716
EliminatedValue,9,7,5,0,BEF005,2026,Bydel Vestre Aker,10-12 år,antall,2052
EliminatedValue,9,7,6,0,BEF005,2026,Bydel Vestre Aker,13-15 år,antall,2105
EliminatedValue,9,7,7,0,BEF005,2026,Bydel Vestre Aker,16-17 år,antall,1425
EliminatedValue,9,7,8,0,BEF005,2026,Bydel Vestre Aker,18-19 år,antall,1429
EliminatedValue,9,7,9,0,BEF005,2026,Bydel Vestre Aker,20-22 år,antall,1667
EliminatedValue,9,7,10,0,BEF005,2026,Bydel Vestre Aker,23-24 år,antall,997
EliminatedValue,9,7,11,0,BEF005,2026,Bydel Vestre Aker,25-29 år,antall,2737
EliminatedValue,9,7,12,0,BEF005,2026,Bydel Vestre Aker,30-39 år,antall,7221
EliminatedValue,9,7,13,0,BEF005,2026,Bydel Vestre Aker,40-49 år,antall,7643
EliminatedValue,9,7,14,0,BEF005,2026,Bydel Vestre Aker,50-66 år,antall,10438
EliminatedValue,9,7,15,0,BEF005,2026,Bydel Vestre Aker,67-74 år,antall,3761
EliminatedValue,9,7,16,0,BEF005,2026,Bydel Vestre Aker,75-79 år,antall,2237
EliminatedValue,9,7,17,0,BEF005,2026,Bydel Vestre Aker,80-84 år,antall,1591
EliminatedValue,9,7,18,0,BEF005,2026,Bydel Vestre Aker,85-89 år,antall,855
EliminatedValue,9,7,19,0,BEF005,2026,Bydel Vestre Aker,90-94 år,antall,379
EliminatedValue,9,7,20,0,BEF005,2026,Bydel Vestre Aker,95+ år,antall,154
EliminatedValue,9,8,0,0,BEF005,2026,Bydel Nordre Aker,Alder i alt,antall,56962
EliminatedValue,9,8,1,0,BEF005,2026,Bydel Nordre Aker,0 år,antall,651
EliminatedValue,9,8,2,0,BEF005,2026,Bydel Nordre Aker,1-2 år,antall,1225
EliminatedValue,9,8,3,0,BEF005,2026,Bydel Nordre Aker,3-5 år,antall,1950
EliminatedValue,9,8,4,0,BEF005,2026,Bydel Nordre Aker,6-9 år,antall,2607
EliminatedValue,9,8,5,0,BEF005,2026,Bydel Nordre Aker,10-12 år,antall,2027
EliminatedValue,9,8,6,0,BEF005,2026,Bydel Nordre Aker,13-15 år,antall,2092
EliminatedValue,9,8,7,0,BEF005,2026,Bydel Nordre Aker,16-17 år,antall,1405
EliminatedValue,9,8,8,0,BEF005,2026,Bydel Nordre Aker,18-19 år,antall,1500
EliminatedValue,9,8,9,0,BEF005,2026,Bydel Nordre Aker,20-22 år,antall,2984
EliminatedValue,9,8,10,0,BEF005,2026,Bydel Nordre Aker,23-24 år,antall,1992
EliminatedValue,9,8,11,0,BEF005,2026,Bydel Nordre Aker,25-29 år,antall,4539
EliminatedValue,9,8,12,0,BEF005,2026,Bydel Nordre Aker,30-39 år,antall,8226
EliminatedValue,9,8,13,0,BEF005,2026,Bydel Nordre Aker,40-49 år,antall,7453
EliminatedValue,9,8,14,0,BEF005,2026,Bydel Nordre Aker,50-66 år,antall,10893
EliminatedValue,9,8,15,0,BEF005,2026,Bydel Nordre Aker,67-74 år,antall,3356
EliminatedValue,9,8,16,0,BEF005,2026,Bydel Nordre Aker,75-79 år,antall,1784
EliminatedValue,9,8,17,0,BEF005,2026,Bydel Nordre Aker,80-84 år,antall,1167
EliminatedValue,9,8,18,0,BEF005,2026,Bydel Nordre Aker,85-89 år,antall,639
EliminatedValue,9,8,19,0,BEF005,2026,Bydel Nordre Aker,90-94 år,antall,354
EliminatedValue,9,8,20,0,BEF005,2026,Bydel Nordre Aker,95+ år,antall,118
EliminatedValue,9,9,0,0,BEF005,2026,Bydel Bjerke,Alder i alt,antall,37576
EliminatedValue,9,9,1,0,BEF005,2026,Bydel Bjerke,0 år,antall,504
EliminatedValue,9,9,2,0,BEF005,2026,Bydel Bjerke,1-2 år,antall,1033
EliminatedValue,9,9,3,0,BEF005,2026,Bydel Bjerke,3-5 år,antall,1325
EliminatedValue,9,9,4,0,BEF005,2026,Bydel Bjerke,6-9 år,antall,1786
EliminatedValue,9,9,5,0,BEF005,2026,Bydel Bjerke,10-12 år,antall,1325
EliminatedValue,9,9,6,0,BEF005,2026,Bydel Bjerke,13-15 år,antall,1375
EliminatedValue,9,9,7,0,BEF005,2026,Bydel Bjerke,16-17 år,antall,955
EliminatedValue,9,9,8,0,BEF005,2026,Bydel Bjerke,18-19 år,antall,878
EliminatedValue,9,9,9,0,BEF005,2026,Bydel Bjerke,20-22 år,antall,1241
EliminatedValue,9,9,10,0,BEF005,2026,Bydel Bjerke,23-24 år,antall,842
EliminatedValue,9,9,11,0,BEF005,2026,Bydel Bjerke,25-29 år,antall,3049
EliminatedValue,9,9,12,0,BEF005,2026,Bydel Bjerke,30-39 år,antall,7399
EliminatedValue,9,9,13,0,BEF005,2026,Bydel Bjerke,40-49 år,antall,5763
EliminatedValue,9,9,14,0,BEF005,2026,Bydel Bjerke,50-66 år,antall,6548
EliminatedValue,9,9,15,0,BEF005,2026,Bydel Bjerke,67-74 år,antall,1671
EliminatedValue,9,9,16,0,BEF005,2026,Bydel Bjerke,75-79 år,antall,826
EliminatedValue,9,9,17,0,BEF005,2026,Bydel Bjerke,80-84 år,antall,518
EliminatedValue,9,9,18,0,BEF005,2026,Bydel Bjerke,85-89 år,antall,322
EliminatedValue,9,9,19,0,BEF005,2026,Bydel Bjerke,90-94 år,antall,146
EliminatedValue,9,9,20,0,BEF005,2026,Bydel Bjerke,95+ år,antall,70
EliminatedValue,9,10,0,0,BEF005,2026,Bydel Grorud,Alder i alt,antall,28376
EliminatedValue,9,10,1,0,BEF005,2026,Bydel Grorud,0 år,antall,298
EliminatedValue,9,10,2,0,BEF005,2026,Bydel Grorud,1-2 år,antall,583
EliminatedValue,9,10,3,0,BEF005,2026,Bydel Grorud,3-5 år,antall,851
EliminatedValue,9,10,4,0,BEF005,2026,Bydel Grorud,6-9 år,antall,1248
EliminatedValue,9,10,5,0,BEF005,2026,Bydel Grorud,10-12 år,antall,953
EliminatedValue,9,10,6,0,BEF005,2026,Bydel Grorud,13-15 år,antall,969
EliminatedValue,9,10,7,0,BEF005,2026,Bydel Grorud,16-17 år,antall,674
EliminatedValue,9,10,8,0,BEF005,2026,Bydel Grorud,18-19 år,antall,658
EliminatedValue,9,10,9,0,BEF005,2026,Bydel Grorud,20-22 år,antall,950
EliminatedValue,9,10,10,0,BEF005,2026,Bydel Grorud,23-24 år,antall,630
EliminatedValue,9,10,11,0,BEF005,2026,Bydel Grorud,25-29 år,antall,1825
EliminatedValue,9,10,12,0,BEF005,2026,Bydel Grorud,30-39 år,antall,4758
EliminatedValue,9,10,13,0,BEF005,2026,Bydel Grorud,40-49 år,antall,4254
EliminatedValue,9,10,14,0,BEF005,2026,Bydel Grorud,50-66 år,antall,6191
EliminatedValue,9,10,15,0,BEF005,2026,Bydel Grorud,67-74 år,antall,1726
EliminatedValue,9,10,16,0,BEF005,2026,Bydel Grorud,75-79 år,antall,792
EliminatedValue,9,10,17,0,BEF005,2026,Bydel Grorud,80-84 år,antall,554
EliminatedValue,9,10,18,0,BEF005,2026,Bydel Grorud,85-89 år,antall,276
EliminatedValue,9,10,19,0,BEF005,2026,Bydel Grorud,90-94 år,antall,137
EliminatedValue,9,10,20,0,BEF005,2026,Bydel Grorud,95+ år,antall,49
EliminatedValue,9,11,0,0,BEF005,2026,Bydel Stovner,Alder i alt,antall,34738
EliminatedValue,9,11,1,0,BEF005,2026,Bydel Stovner,0 år,antall,344
EliminatedValue,9,11,2,0,BEF005,2026,Bydel Stovner,1-2 år,antall,738
EliminatedValue,9,11,3,0,BEF005,2026,Bydel Stovner,3-5 år,antall,1187
EliminatedValue,9,11,4,0,BEF005,2026,Bydel Stovner,6-9 år,antall,1698
EliminatedValue,9,11,5,0,BEF005,2026,Bydel Stovner,10-12 år,antall,1263
EliminatedValue,9,11,6,0,BEF005,2026,Bydel Stovner,13-15 år,antall,1361
EliminatedValue,9,11,7,0,BEF005,2026,Bydel Stovner,16-17 år,antall,984
EliminatedValue,9,11,8,0,BEF005,2026,Bydel Stovner,18-19 år,antall,1018
EliminatedValue,9,11,9,0,BEF005,2026,Bydel Stovner,20-22 år,antall,1419
EliminatedValue,9,11,10,0,BEF005,2026,Bydel Stovner,23-24 år,antall,931
EliminatedValue,9,11,11,0,BEF005,2026,Bydel Stovner,25-29 år,antall,2173
EliminatedValue,9,11,12,0,BEF005,2026,Bydel Stovner,30-39 år,antall,4881
EliminatedValue,9,11,13,0,BEF005,2026,Bydel Stovner,40-49 år,antall,4830
EliminatedValue,9,11,14,0,BEF005,2026,Bydel Stovner,50-66 år,antall,7306
EliminatedValue,9,11,15,0,BEF005,2026,Bydel Stovner,67-74 år,antall,1994
EliminatedValue,9,11,16,0,BEF005,2026,Bydel Stovner,75-79 år,antall,1073
EliminatedValue,9,11,17,0,BEF005,2026,Bydel Stovner,80-84 år,antall,861
EliminatedValue,9,11,18,0,BEF005,2026,Bydel Stovner,85-89 år,antall,459
EliminatedValue,9,11,19,0,BEF005,2026,Bydel Stovner,90-94 år,antall,164
EliminatedValue,9,11,20,0,BEF005,2026,Bydel Stovner,95+ år,antall,54
EliminatedValue,9,12,0,0,BEF005,2026,Bydel Alna,Alder i alt,antall,50755
EliminatedValue,9,12,1,0,BEF005,2026,Bydel Alna,0 år,antall,562
EliminatedValue,9,12,2,0,BEF005,2026,Bydel Alna,1-2 år,antall,1090
EliminatedValue,9,12,3,0,BEF005,2026,Bydel Alna,3-5 år,antall,1611
EliminatedValue,9,12,4,0,BEF005,2026,Bydel Alna,6-9 år,antall,2199
EliminatedValue,9,12,5,0,BEF005,2026,Bydel Alna,10-12 år,antall,1812
EliminatedValue,9,12,6,0,BEF005,2026,Bydel Alna,13-15 år,antall,1865
EliminatedValue,9,12,7,0,BEF005,2026,Bydel Alna,16-17 år,antall,1248
EliminatedValue,9,12,8,0,BEF005,2026,Bydel Alna,18-19 år,antall,1237
EliminatedValue,9,12,9,0,BEF005,2026,Bydel Alna,20-22 år,antall,1726
EliminatedValue,9,12,10,0,BEF005,2026,Bydel Alna,23-24 år,antall,1068
EliminatedValue,9,12,11,0,BEF005,2026,Bydel Alna,25-29 år,antall,3417
EliminatedValue,9,12,12,0,BEF005,2026,Bydel Alna,30-39 år,antall,8533
EliminatedValue,9,12,13,0,BEF005,2026,Bydel Alna,40-49 år,antall,7591
EliminatedValue,9,12,14,0,BEF005,2026,Bydel Alna,50-66 år,antall,10018
EliminatedValue,9,12,15,0,BEF005,2026,Bydel Alna,67-74 år,antall,3131
EliminatedValue,9,12,16,0,BEF005,2026,Bydel Alna,75-79 år,antall,1692
EliminatedValue,9,12,17,0,BEF005,2026,Bydel Alna,80-84 år,antall,1089
EliminatedValue,9,12,18,0,BEF005,2026,Bydel Alna,85-89 år,antall,551
EliminatedValue,9,12,19,0,BEF005,2026,Bydel Alna,90-94 år,antall,230
EliminatedValue,9,12,20,0,BEF005,2026,Bydel Alna,95+ år,antall,85
EliminatedValue,9,13,0,0,BEF005,2026,Bydel Østensjø,Alder i alt,antall,52428
EliminatedValue,9,13,1,0,BEF005,2026,Bydel Østensjø,0 år,antall,619
EliminatedValue,9,13,2,0,BEF005,2026,Bydel Østensjø,1-2 år,antall,1135
EliminatedValue,9,13,3,0,BEF005,2026,Bydel Østensjø,3-5 år,antall,1801
EliminatedValue,9,13,4,0,BEF005,2026,Bydel Østensjø,6-9 år,antall,2481
EliminatedValue,9,13,5,0,BEF005,2026,Bydel Østensjø,10-12 år,antall,1967
EliminatedValue,9,13,6,0,BEF005,2026,Bydel Østensjø,13-15 år,antall,2064
EliminatedValue,9,13,7,0,BEF005,2026,Bydel Østensjø,16-17 år,antall,1330
EliminatedValue,9,13,8,0,BEF005,2026,Bydel Østensjø,18-19 år,antall,1215
EliminatedValue,9,13,9,0,BEF005,2026,Bydel Østensjø,20-22 år,antall,1513
EliminatedValue,9,13,10,0,BEF005,2026,Bydel Østensjø,23-24 år,antall,864
EliminatedValue,9,13,11,0,BEF005,2026,Bydel Østensjø,25-29 år,antall,2803
EliminatedValue,9,13,12,0,BEF005,2026,Bydel Østensjø,30-39 år,antall,8338
EliminatedValue,9,13,13,0,BEF005,2026,Bydel Østensjø,40-49 år,antall,7935
EliminatedValue,9,13,14,0,BEF005,2026,Bydel Østensjø,50-66 år,antall,11142
EliminatedValue,9,13,15,0,BEF005,2026,Bydel Østensjø,67-74 år,antall,3280
EliminatedValue,9,13,16,0,BEF005,2026,Bydel Østensjø,75-79 år,antall,1534
EliminatedValue,9,13,17,0,BEF005,2026,Bydel Østensjø,80-84 år,antall,1069
EliminatedValue,9,13,18,0,BEF005,2026,Bydel Østensjø,85-89 år,antall,731
EliminatedValue,9,13,19,0,BEF005,2026,Bydel Østensjø,90-94 år,antall,455
EliminatedValue,9,13,20,0,BEF005,2026,Bydel Østensjø,95+ år,antall,152
EliminatedValue,9,14,0,0,BEF005,2026,Bydel Nordstrand,Alder i alt,antall,55308
EliminatedValue,9,14,1,0,BEF005,2026,Bydel Nordstrand,0 år,antall,568
EliminatedValue,9,14,2,0,BEF005,2026,Bydel Nordstrand,1-2 år,antall,1203
EliminatedValue,9,14,3,0,BEF005,2026,Bydel Nordstrand,3-5 år,antall,1949
EliminatedValue,9,14,4,0,BEF005,2026,Bydel Nordstrand,6-9 år,antall,2601
EliminatedValue,9,14,5,0,BEF005,2026,Bydel Nordstrand,10-12 år,antall,2051
EliminatedValue,9,14,6,0,BEF005,2026,Bydel Nordstrand,13-15 år,antall,2140
EliminatedValue,9,14,7,0,BEF005,2026,Bydel Nordstrand,16-17 år,antall,1413
EliminatedValue,9,14,8,0,BEF005,2026,Bydel Nordstrand,18-19 år,antall,1429
EliminatedValue,9,14,9,0,BEF005,2026,Bydel Nordstrand,20-22 år,antall,1791
EliminatedValue,9,14,10,0,BEF005,2026,Bydel Nordstrand,23-24 år,antall,1016
EliminatedValue,9,14,11,0,BEF005,2026,Bydel Nordstrand,25-29 år,antall,2823
EliminatedValue,9,14,12,0,BEF005,2026,Bydel Nordstrand,30-39 år,antall,7699
EliminatedValue,9,14,13,0,BEF005,2026,Bydel Nordstrand,40-49 år,antall,8163
EliminatedValue,9,14,14,0,BEF005,2026,Bydel Nordstrand,50-66 år,antall,11719
EliminatedValue,9,14,15,0,BEF005,2026,Bydel Nordstrand,67-74 år,antall,3792
EliminatedValue,9,14,16,0,BEF005,2026,Bydel Nordstrand,75-79 år,antall,2174
EliminatedValue,9,14,17,0,BEF005,2026,Bydel Nordstrand,80-84 år,antall,1438
EliminatedValue,9,14,18,0,BEF005,2026,Bydel Nordstrand,85-89 år,antall,798
EliminatedValue,9,14,19,0,BEF005,2026,Bydel Nordstrand,90-94 år,antall,383
EliminatedValue,9,14,20,0,BEF005,2026,Bydel Nordstrand,95+ år,antall,158
EliminatedValue,9,15,0,0,BEF005,2026,Bydel Søndre Nordstrand,Alder i alt,antall,39381
EliminatedValue,9,15,1,0,BEF005,2026,Bydel Søndre Nordstrand,0 år,antall,412
EliminatedValue,9,15,2,0,BEF005,2026,Bydel Søndre Nordstrand,1-2 år,antall,852
EliminatedValue,9,15,3,0,BEF005,2026,Bydel Søndre Nordstrand,3-5 år,antall,1328
EliminatedValue,9,15,4,0,BEF005,2026,Bydel Søndre Nordstrand,6-9 år,antall,1958
EliminatedValue,9,15,5,0,BEF005,2026,Bydel Søndre Nordstrand,10-12 år,antall,1576
EliminatedValue,9,15,6,0,BEF005,2026,Bydel Søndre Nordstrand,13-15 år,antall,1708
EliminatedValue,9,15,7,0,BEF005,2026,Bydel Søndre Nordstrand,16-17 år,antall,1208
EliminatedValue,9,15,8,0,BEF005,2026,Bydel Søndre Nordstrand,18-19 år,antall,1151
EliminatedValue,9,15,9,0,BEF005,2026,Bydel Søndre Nordstrand,20-22 år,antall,1541
EliminatedValue,9,15,10,0,BEF005,2026,Bydel Søndre Nordstrand,23-24 år,antall,933
EliminatedValue,9,15,11,0,BEF005,2026,Bydel Søndre Nordstrand,25-29 år,antall,2331
EliminatedValue,9,15,12,0,BEF005,2026,Bydel Søndre Nordstrand,30-39 år,antall,5462
EliminatedValue,9,15,13,0,BEF005,2026,Bydel Søndre Nordstrand,40-49 år,antall,5750
EliminatedValue,9,15,14,0,BEF005,2026,Bydel Søndre Nordstrand,50-66 år,antall,8269
EliminatedValue,9,15,15,0,BEF005,2026,Bydel Søndre Nordstrand,67-74 år,antall,2767
EliminatedValue,9,15,16,0,BEF005,2026,Bydel Søndre Nordstrand,75-79 år,antall,1132
EliminatedValue,9,15,17,0,BEF005,2026,Bydel Søndre Nordstrand,80-84 år,antall,630
EliminatedValue,9,15,18,0,BEF005,2026,Bydel Søndre Nordstrand,85-89 år,antall,247
EliminatedValue,9,15,19,0,BEF005,2026,Bydel Søndre Nordstrand,90-94 år,antall,87
EliminatedValue,9,15,20,0,BEF005,2026,Bydel Søndre Nordstrand,95+ år,antall,39
