ContentsCode_kode,scenario_kode,område_kode,alder_kode,år_kode,ContentsCode_navn,scenario_navn,område_navn,alder_navn,år_navn,verdi
EliminatedValue,0,102,0,0,"BEF036: Befolkningsframskrivingen for Oslo 2025. Framskrevet folkemengde etter aldersgrupper og geografisk område (D), i ulike scenarioer (alternativer), 2025-2050",Mellomalternativet MMM,Grønland,Alder i alt,2025,9613
EliminatedValue,0,102,0,1,"BEF036: Befolkningsframskrivingen for Oslo 2025. Framskrevet folkemengde etter aldersgrupper og geografisk område (D), i ulike scenarioer (alternativer), 2025-2050",Mellomalternativet MMM,Grønland,Alder i alt,2026,9682
EliminatedValue,0,102,0,2,"BEF036: Befolkningsframskrivingen for Oslo 2025. Framskrevet folkemengde etter aldersgrupper og geografisk område (D), i ulike scenarioer (alternativer), 2025-2050",Mellomalternativet MMM,Grønland,Alder i alt,2027,9814
EliminatedValue,0,102,0,3,"BEF036: Befolkningsframskrivingen for Oslo 2025. Framskrevet folkemengde etter aldersgrupper og geografisk område (D), i ulike scenarioer (alternativer), 2025-2050",Mellomalternativet MMM,Grønland,Alder i alt,2028,9896
EliminatedValue,0,102,0,4,"BEF036: Befolkningsframskrivingen for Oslo 2025. Framskrevet folkemengde etter aldersgrupper og geografisk område (D), i ulike scenarioer (alternativer), 2025-2050",Mellomalternativet MMM,Grønland,Alder i alt,2029,9916
EliminatedValue,0,102,0,5,"BEF036: Befolkningsframskrivingen for Oslo 2025. Framskrevet folkemengde etter aldersgrupper og geografisk område (D), i ulike scenarioer (alternativer), 2025-2050",Mellomalternativet MMM,Grønland,Alder i alt,2030,9869
EliminatedValue,0,102,0,6,"BEF036: Befolkningsframskrivingen for Oslo 2025. Framskrevet folkemengde etter aldersgrupper og geografisk område (D), i ulike scenarioer (alternativer), 2025-2050",Mellomalternativet MMM,Grønland,Alder i alt,2031,9813
EliminatedValue,0,102,0,7,"BEF036: Befolkningsframskrivingen for Oslo 2025. Framskrevet folkemengde etter aldersgrupper og geografisk område (D), i ulike scenarioer (alternativer), 2025-2050",Mellomalternativet MMM,Grønland,Alder i alt,2032,9765
EliminatedValue,0,102,0,8,"BEF036: Befolkningsframskrivingen for Oslo 2025. Framskrevet folkemengde etter aldersgrupper og geografisk område (D), i ulike scenarioer (alternativer), 2025-2050",Mellomalternativet MMM,Grønland,Alder i alt,2033,9720
EliminatedValue,0,102,0,9,"BEF036: Befolkningsframskrivingen for Oslo 2025. Framskrevet folkemengde etter aldersgrupper og geografisk område (D), i ulike scenarioer (alternativer), 2025-2050",Mellomalternativet MMM,Grønland,Alder i alt,2034,9680
EliminatedValue,0,102,0,10,"BEF036: Befolkningsframskrivingen for Oslo 2025. Framskrevet folkemengde etter aldersgrupper og geografisk område (D), i ulike scenarioer (alternativer), 2025-2050",Mellomalternativet MMM,Grønland,Alder i alt,2035,9644
EliminatedValue,0,102,0,11,"BEF036: Befolkningsframskrivingen for Oslo 2025. Framskrevet folkemengde etter aldersgrupper og geografisk område (D), i ulike scenarioer (alternativer), 2025-2050",Mellomalternativet MMM,Grønland,Alder i alt,2036,9611
EliminatedValue,0,102,0,12,"BEF036: Befolkningsframskrivingen for Oslo 2025. Framskrevet folkemengde etter aldersgrupper og geografisk område (D), i ulike scenarioer (alternativer), 2025-2050",Mellomalternativet MMM,Grønland,Alder i alt,2037,9576
EliminatedValue,0,102,0,13,"BEF036: Befolkningsframskrivingen for Oslo 2025. Framskrevet folkemengde etter aldersgrupper og geografisk område (D), i ulike scenarioer (alternativer), 2025-2050",Mellomalternativet MMM,Grønland,Alder i alt,2038,9539
EliminatedValue,0,102,0,14,"BEF036: Befolkningsframskrivingen for Oslo 2025. Framskrevet folkemengde etter aldersgrupper og geografisk område (D), i ulike scenarioer (alternativer), 2025-2050",Mellomalternativet MMM,Grønland,Alder i alt,2039,9497
EliminatedValue,0,102,0,15,"BEF036: Befolkningsframskrivingen for Oslo 2025. Framskrevet folkemengde etter aldersgrupper og geografisk område (D), i ulike scenarioer (alternativer), 2025-2050",Mellomalternativet MMM,Grønland,Alder i alt,2040,9448
EliminatedValue,0,102,0,16,"BEF036: Befolkningsframskrivingen for Oslo 2025. Framskrevet folkemengde etter aldersgrupper og geografisk område (D), i ulike scenarioer (alternativer), 2025-2050",Mellomalternativet MMM,Grønland,Alder i alt,2041,9395
EliminatedValue,0,102,0,17,"BEF036: Befolkningsframskrivingen for Oslo 2025. Framskrevet folkemengde etter aldersgrupper og geografisk område (D), i ulike scenarioer (alternativer), 2025-2050",Mellomalternativet MMM,Grønland,Alder i alt,2042,9336
EliminatedValue,0,102,0,18,"BEF036: Befolkningsframskrivingen for Oslo 2025. Framskrevet folkemengde etter aldersgrupper og geografisk område (D), i ulike scenarioer (alternativer), 2025-2050",Mellomalternativet MMM,Grønland,Alder i alt,2043,9271
EliminatedValue,0,102,0,19,"BEF036: Befolkningsframskrivingen for Oslo 2025. Framskrevet folkemengde etter aldersgrupper og geografisk område (D), i ulike scenarioer (alternativer), 2025-2050",Mellomalternativet MMM,Grønland,Alder i alt,2044,9202
EliminatedValue,0,102,0,20,"BEF036: Befolkningsframskrivingen for Oslo 2025. Framskrevet folkemengde etter aldersgrupper og geografisk område (D), i ulike scenarioer (alternativer), 2025-2050",Mellomalternativet MMM,Grønland,Alder i alt,2045,9129
EliminatedValue,0,102,0,21,"BEF036: Befolkningsframskrivingen for Oslo 2025. Framskrevet folkemengde etter aldersgrupper og geografisk område (D), i ulike scenarioer (alternativer), 2025-2050",Mellomalternativet MMM,Grønland,Alder i alt,2046,9054
EliminatedValue,0,102,0,22,"BEF036: Befolkningsframskrivingen for Oslo 2025. Framskrevet folkemengde etter aldersgrupper og geografisk område (D), i ulike scenarioer (alternativer), 2025-2050",Mellomalternativet MMM,Grønland,Alder i alt,2047,8976
EliminatedValue,0,102,0,23,"BEF036: Befolkningsframskrivingen for Oslo 2025. Framskrevet folkemengde etter aldersgrupper og geografisk område (D), i ulike scenarioer (alternativer), 2025-2050",Mellomalternativet MMM,Grønland,Alder i alt,2048,8896
EliminatedValue,0,102,0,24,"BEF036: Befolkningsframskrivingen for Oslo 2025. Framskrevet folkemengde etter aldersgrupper og geografisk område (D), i ulike scenarioer (alternativer), 2025-2050",Mellomalternativet MMM,Grønland,Alder i alt,2049,8815
EliminatedValue,0,102,0,25,"BEF036: Befolkningsframskrivingen for Oslo 2025. Framskrevet folkemengde etter aldersgrupper og geografisk område (D), i ulike scenarioer (alternativer), 2025-2050",Mellomalternativet MMM,Grønland,Alder i alt,2050,8733
EliminatedValue,0,103,0,0,"BEF036: Befolkningsframskrivingen for Oslo 2025. Framskrevet folkemengde etter aldersgrupper og geografisk område (D), i ulike scenarioer (alternativer), 2025-2050",Mellomalternativet MMM,Enerhaugen,Alder i alt,2025,7526
EliminatedValue,0,103,0,1,"BEF036: Befolkningsframskrivingen for Oslo 2025. Framskrevet folkemengde etter aldersgrupper og geografisk område (D), i ulike scenarioer (alternativer), 2025-2050",Mellomalternativet MMM,Enerhaugen,Alder i alt,2026,7555
EliminatedValue,0,103,0,2,"BEF036: Befolkningsframskrivingen for Oslo 2025. Framskrevet folkemengde etter aldersgrupper og geografisk område (D), i ulike scenarioer (alternativer), 2025-2050",Mellomalternativet MMM,Enerhaugen,Alder i alt,2027,7607
EliminatedValue,0,103,0,3,"BEF036: Befolkningsframskrivingen for Oslo 2025. Framskrevet folkemengde etter aldersgrupper og geografisk område (D), i ulike scenarioer (alternativer), 2025-2050",Mellomalternativet MMM,Enerhaugen,Alder i alt,2028,7632
EliminatedValue,0,103,0,4,"BEF036: Befolkningsframskrivingen for Oslo 2025. Framskrevet folkemengde etter aldersgrupper og geografisk område (D), i ulike scenarioer (alternativer), 2025-2050",Mellomalternativet MMM,Enerhaugen,Alder i alt,2029,7625
EliminatedValue,0,103,0,5,"BEF036: Befolkningsframskrivingen for Oslo 2025. Framskrevet folkemengde etter aldersgrupper og geografisk område (D), i ulike scenarioer (alternativer), 2025-2050",Mellomalternativet MMM,Enerhaugen,Alder i alt,2030,7587
EliminatedValue,0,103,0,6,"BEF036: Befolkningsframskrivingen for Oslo 2025. Framskrevet folkemengde etter aldersgrupper og geografisk område (D), i ulike scenarioer (alternativer), 2025-2050",Mellomalternativet MMM,Enerhaugen,Alder i alt,2031,7547
EliminatedValue,0,103,0,7,"BEF036: Befolkningsframskrivingen for Oslo 2025. Framskrevet folkemengde etter aldersgrupper og geografisk område (D), i ulike scenarioer (alternativer), 2025-2050",Mellomalternativet MMM,Enerhaugen,Alder i alt,2032,7512
EliminatedValue,0,103,0,8,"BEF036: Befolkningsframskrivingen for Oslo 2025. Framskrevet folkemengde etter aldersgrupper og geografisk område (D), i ulike scenarioer (alternativer), 2025-2050",Mellomalternativet MMM,Enerhaugen,Alder i alt,2033,7478
EliminatedValue,0,103,0,9,"BEF036: Befolkningsframskrivingen for Oslo 2025. Framskrevet folkemengde etter aldersgrupper og geografisk område (D), i ulike scenarioer (alternativer), 2025-2050",Mellomalternativet MMM,Enerhaugen,Alder i alt,2034,7449
EliminatedValue,0,103,0,10,"BEF036: Befolkningsframskrivingen for Oslo 2025. Framskrevet folkemengde etter aldersgrupper og geografisk område (D), i ulike scenarioer (alternativer), 2025-2050",Mellomalternativet MMM,Enerhaugen,Alder i alt,2035,7423
EliminatedValue,0,103,0,11,"BEF036: Befolkningsframskrivingen for Oslo 2025. Framskrevet folkemengde etter aldersgrupper og geografisk område (D), i ulike scenarioer (alternativer), 2025-2050",Mellomalternativet MMM,Enerhaugen,Alder i alt,2036,7398
EliminatedValue,0,103,0,12,"BEF036: Befolkningsframskrivingen for Oslo 2025. Framskrevet folkemengde etter aldersgrupper og geografisk område (D), i ulike scenarioer (alternativer), 2025-2050",Mellomalternativet MMM,Enerhaugen,Alder i alt,2037,7372
EliminatedValue,0,103,0,13,"BEF036: Befolkningsframskrivingen for Oslo 2025. Framskrevet folkemengde etter aldersgrupper og geografisk område (D), i ulike scenarioer (alternativer), 2025-2050",Mellomalternativet MMM,Enerhaugen,Alder i alt,2038,7345
EliminatedValue,0,103,0,14,"BEF036: Befolkningsframskrivingen for Oslo 2025. Framskrevet folkemengde etter aldersgrupper og geografisk område (D), i ulike scenarioer (alternativer), 2025-2050",Mellomalternativet MMM,Enerhaugen,Alder i alt,2039,7315
EliminatedValue,0,103,0,15,"BEF036: Befolkningsframskrivingen for Oslo 2025. Framskrevet folkemengde etter aldersgrupper og geografisk område (D), i ulike scenarioer (alternativer), 2025-2050",Mellomalternativet MMM,Enerhaugen,Alder i alt,2040,7280
EliminatedValue,0,103,0,16,"BEF036: Befolkningsframskrivingen for Oslo 2025. Framskrevet folkemengde etter aldersgrupper og geografisk område (D), i ulike scenarioer (alternativer), 2025-2050",Mellomalternativet MMM,Enerhaugen,Alder i alt,2041,7243
EliminatedValue,0,103,0,17,"BEF036: Befolkningsframskrivingen for Oslo 2025. Framskrevet folkemengde etter aldersgrupper og geografisk område (D), i ulike scenarioer (alternativer), 2025-2050",Mellomalternativet MMM,Enerhaugen,Alder i alt,2042,7201
EliminatedValue,0,103,0,18,"BEF036: Befolkningsframskrivingen for Oslo 2025. Framskrevet folkemengde etter aldersgrupper og geografisk område (D), i ulike scenarioer (alternativer), 2025-2050",Mellomalternativet MMM,Enerhaugen,Alder i alt,2043,7155
EliminatedValue,0,103,0,19,"BEF036: Befolkningsframskrivingen for Oslo 2025. Framskrevet folkemengde etter aldersgrupper og geografisk område (D), i ulike scenarioer (alternativer), 2025-2050",Mellomalternativet MMM,Enerhaugen,Alder i alt,2044,7105
EliminatedValue,0,103,0,20,"BEF036: Befolkningsframskrivingen for Oslo 2025. Framskrevet folkemengde etter aldersgrupper og geografisk område (D), i ulike scenarioer (alternativer), 2025-2050",Mellomalternativet MMM,Enerhaugen,Alder i alt,2045,7053
EliminatedValue,0,103,0,21,"BEF036: Befolkningsframskrivingen for Oslo 2025. Framskrevet folkemengde etter aldersgrupper og geografisk område (D), i ulike scenarioer (alternativer), 2025-2050",Mellomalternativet MMM,Enerhaugen,Alder i alt,2046,6998
EliminatedValue,0,103,0,22,"BEF036: Befolkningsframskrivingen for Oslo 2025. Framskrevet folkemengde etter aldersgrupper og geografisk område (D), i ulike scenarioer (alternativer), 2025-2050",Mellomalternativet MMM,Enerhaugen,Alder i alt,2047,6940
EliminatedValue,0,103,0,23,"BEF036: Befolkningsframskrivingen for Oslo 2025. Framskrevet folkemengde etter aldersgrupper og geografisk område (D), i ulike scenarioer (alternativer), 2025-2050",Mellomalternativet MMM,Enerhaugen,Alder i alt,2048,6878
EliminatedValue,0,103,0,24,"BEF036: Befolkningsframskrivingen for Oslo 2025. Framskrevet folkemengde etter aldersgrupper og geografisk område (D), i ulike scenarioer (alternativer), 2025-2050",Mellomalternativet MMM,Enerhaugen,Alder i alt,2049,6813
EliminatedValue,0,103,0,25,"BEF036: Befolkningsframskrivingen for Oslo 2025. Framskrevet folkemengde etter aldersgrupper og geografisk område (D), i ulike scenarioer (alternativer), 2025-2050",Mellomalternativet MMM,Enerhaugen,Alder i alt,2050,6746
EliminatedValue,0,104,0,0,"BEF036: Befolkningsframskrivingen for Oslo 2025. Framskrevet folkemengde etter aldersgrupper og geografisk område (D), i ulike scenarioer (alternativer), 2025-2050",Mellomalternativet MMM,Nedre Tøyen,Alder i alt,2025,5193
EliminatedValue,0,104,0,1,"BEF036: Befolkningsframskrivingen for Oslo 2025. Framskrevet folkemengde etter aldersgrupper og geografisk område (D), i ulike scenarioer (alternativer), 2025-2050",Mellomalternativet MMM,Nedre Tøyen,Alder i alt,2026,5182
EliminatedValue,0,104,0,2,"BEF036: Befolkningsframskrivingen for Oslo 2025. Framskrevet folkemengde etter aldersgrupper og geografisk område (D), i ulike scenarioer (alternativer), 2025-2050",Mellomalternativet MMM,Nedre Tøyen,Alder i alt,2027,5205
EliminatedValue,0,104,0,3,"BEF036: Befolkningsframskrivingen for Oslo 2025. Framskrevet folkemengde etter aldersgrupper og geografisk område (D), i ulike scenarioer (alternativer), 2025-2050",Mellomalternativet MMM,Nedre Tøyen,Alder i alt,2028,5209
EliminatedValue,0,104,0,4,"BEF036: Befolkningsframskrivingen for Oslo 2025. Framskrevet folkemengde etter aldersgrupper og geografisk område (D), i ulike scenarioer (alternativer), 2025-2050",Mellomalternativet MMM,Nedre Tøyen,Alder i alt,2029,5195
EliminatedValue,0,104,0,5,"BEF036: Befolkningsframskrivingen for Oslo 2025. Framskrevet folkemengde etter aldersgrupper og geografisk område (D), i ulike scenarioer (alternativer), 2025-2050",Mellomalternativet MMM,Nedre Tøyen,Alder i alt,2030,5178
EliminatedValue,0,104,0,6,"BEF036: Befolkningsframskrivingen for Oslo 2025. Framskrevet folkemengde etter aldersgrupper og geografisk område (D), i ulike scenarioer (alternativer), 2025-2050",Mellomalternativet MMM,Nedre Tøyen,Alder i alt,2031,5156
EliminatedValue,0,104,0,7,"BEF036: Befolkningsframskrivingen for Oslo 2025. Framskrevet folkemengde etter aldersgrupper og geografisk område (D), i ulike scenarioer (alternativer), 2025-2050",Mellomalternativet MMM,Nedre Tøyen,Alder i alt,2032,5129
EliminatedValue,0,104,0,8,"BEF036: Befolkningsframskrivingen for Oslo 2025. Framskrevet folkemengde etter aldersgrupper og geografisk område (D), i ulike scenarioer (alternativer), 2025-2050",Mellomalternativet MMM,Nedre Tøyen,Alder i alt,2033,5095
EliminatedValue,0,104,0,9,"BEF036: Befolkningsframskrivingen for Oslo 2025. Framskrevet folkemengde etter aldersgrupper og geografisk område (D), i ulike scenarioer (alternativer), 2025-2050",Mellomalternativet MMM,Nedre Tøyen,Alder i alt,2034,5064
EliminatedValue,0,104,0,10,"BEF036: Befolkningsframskrivingen for Oslo 2025. Framskrevet folkemengde etter aldersgrupper og geografisk område (D), i ulike scenarioer (alternativer), 2025-2050",Mellomalternativet MMM,Nedre Tøyen,Alder i alt,2035,5036
EliminatedValue,0,104,0,11,"BEF036: Befolkningsframskrivingen for Oslo 2025. Framskrevet folkemengde etter aldersgrupper og geografisk område (D), i ulike scenarioer (alternativer), 2025-2050",Mellomalternativet MMM,Nedre Tøyen,Alder i alt,2036,5009
EliminatedValue,0,104,0,12,"BEF036: Befolkningsframskrivingen for Oslo 2025. Framskrevet folkemengde etter aldersgrupper og geografisk område (D), i ulike scenarioer (alternativer), 2025-2050",Mellomalternativet MMM,Nedre Tøyen,Alder i alt,2037,4984
EliminatedValue,0,104,0,13,"BEF036: Befolkningsframskrivingen for Oslo 2025. Framskrevet folkemengde etter aldersgrupper og geografisk område (D), i ulike scenarioer (alternativer), 2025-2050",Mellomalternativet MMM,Nedre Tøyen,Alder i alt,2038,4959
EliminatedValue,0,104,0,14,"BEF036: Befolkningsframskrivingen for Oslo 2025. Framskrevet folkemengde etter aldersgrupper og geografisk område (D), i ulike scenarioer (alternativer), 2025-2050",Mellomalternativet MMM,Nedre Tøyen,Alder i alt,2039,4933
EliminatedValue,0,104,0,15,"BEF036: Befolkningsframskrivingen for Oslo 2025. Framskrevet folkemengde etter aldersgrupper og geografisk område (D), i ulike scenarioer (alternativer), 2025-2050",Mellomalternativet MMM,Nedre Tøyen,Alder i alt,2040,4905
EliminatedValue,0,104,0,16,"BEF036: Befolkningsframskrivingen for Oslo 2025. Framskrevet folkemengde etter aldersgrupper og geografisk område (D), i ulike scenarioer (alternativer), 2025-2050",Mellomalternativet MMM,Nedre Tøyen,Alder i alt,2041,4876
EliminatedValue,0,104,0,17,"BEF036: Befolkningsframskrivingen for Oslo 2025. Framskrevet folkemengde etter aldersgrupper og geografisk område (D), i ulike scenarioer (alternativer), 2025-2050",Mellomalternativet MMM,Nedre Tøyen,Alder i alt,2042,4844
EliminatedValue,0,104,0,18,"BEF036: Befolkningsframskrivingen for Oslo 2025. Framskrevet folkemengde etter aldersgrupper og geografisk område (D), i ulike scenarioer (alternativer), 2025-2050",Mellomalternativet MMM,Nedre Tøyen,Alder i alt,2043,4809
EliminatedValue,0,104,0,19,"BEF036: Befolkningsframskrivingen for Oslo 2025. Framskrevet folkemengde etter aldersgrupper og geografisk område (D), i ulike scenarioer (alternativer), 2025-2050",Mellomalternativet MMM,Nedre Tøyen,Alder i alt,2044,4771
EliminatedValue,0,104,0,20,"BEF036: Befolkningsframskrivingen for Oslo 2025. Framskrevet folkemengde etter aldersgrupper og geografisk område (D), i ulike scenarioer (alternativer), 2025-2050",Mellomalternativet MMM,Nedre Tøyen,Alder i alt,2045,4731
EliminatedValue,0,104,0,21,"BEF036: Befolkningsframskrivingen for Oslo 2025. Framskrevet folkemengde etter aldersgrupper og geografisk område (D), i ulike scenarioer (alternativer), 2025-2050",Mellomalternativet MMM,Nedre Tøyen,Alder i alt,2046,4689
EliminatedValue,0,104,0,22,"BEF036: Befolkningsframskrivingen for Oslo 2025. Framskrevet folkemengde etter aldersgrupper og geografisk område (D), i ulike scenarioer (alternativer), 2025-2050",Mellomalternativet MMM,Nedre Tøyen,Alder i alt,2047,4645
EliminatedValue,0,104,0,23,"BEF036: Befolkningsframskrivingen for Oslo 2025. Framskrevet folkemengde etter aldersgrupper og geografisk område (D), i ulike scenarioer (alternativer), 2025-2050",Mellomalternativet MMM,Nedre Tøyen,Alder i alt,2048,4599
EliminatedValue,0,104,0,24,"BEF036: Befolkningsframskrivingen for Oslo 2025. Framskrevet folkemengde etter aldersgrupper og geografisk område (D), i ulike scenarioer (alternativer), 2025-2050",Mellomalternativet MMM,Nedre Tøyen,Alder i alt,2049,4551
EliminatedValue,0,104,0,25,"BEF036: Befolkningsframskrivingen for Oslo 2025. Framskrevet folkemengde etter aldersgrupper og geografisk område (D), i ulike scenarioer (alternativer), 2025-2050",Mellomalternativet MMM,Nedre Tøyen,Alder i alt,2050,4501
EliminatedValue,0,105,0,0,"BEF036: Befolkningsframskrivingen for Oslo 2025. Framskrevet folkemengde etter aldersgrupper og geografisk område (D), i ulike scenarioer (alternativer), 2025-2050",Mellomalternativet MMM,Kampen,Alder i alt,2025,4120
EliminatedValue,0,105,0,1,"BEF036: Befolkningsframskrivingen for Oslo 2025. Framskrevet folkemengde etter aldersgrupper og geografisk område (D), i ulike scenarioer (alternativer), 2025-2050",Mellomalternativet MMM,Kampen,Alder i alt,2026,4165
EliminatedValue,0,105,0,2,"BEF036: Befolkningsframskrivingen for Oslo 2025. Framskrevet folkemengde etter aldersgrupper og geografisk område (D), i ulike scenarioer (alternativer), 2025-2050",Mellomalternativet MMM,Kampen,Alder i alt,2027,4208
EliminatedValue,0,105,0,3,"BEF036: Befolkningsframskrivingen for Oslo 2025. Framskrevet folkemengde etter aldersgrupper og geografisk område (D), i ulike scenarioer (alternativer), 2025-2050",Mellomalternativet MMM,Kampen,Alder i alt,2028,4245
EliminatedValue,0,105,0,4,"BEF036: Befolkningsframskrivingen for Oslo 2025. Framskrevet folkemengde etter aldersgrupper og geografisk område (D), i ulike scenarioer (alternativer), 2025-2050",Mellomalternativet MMM,Kampen,Alder i alt,2029,4269
EliminatedValue,0,105,0,5,"BEF036: Befolkningsframskrivingen for Oslo 2025. Framskrevet folkemengde etter aldersgrupper og geografisk område (D), i ulike scenarioer (alternativer), 2025-2050",Mellomalternativet MMM,Kampen,Alder i alt,2030,4273
EliminatedValue,0,105,0,6,"BEF036: Befolkningsframskrivingen for Oslo 2025. Framskrevet folkemengde etter aldersgrupper og geografisk område (D), i ulike scenarioer (alternativer), 2025-2050",Mellomalternativet MMM,Kampen,Alder i alt,2031,4271
EliminatedValue,0,105,0,7,"BEF036: Befolkningsframskrivingen for Oslo 2025. Framskrevet folkemengde etter aldersgrupper og geografisk område (D), i ulike scenarioer (alternativer), 2025-2050",Mellomalternativet MMM,Kampen,Alder i alt,2032,4267
EliminatedValue,0,105,0,8,"BEF036: Befolkningsframskrivingen for Oslo 2025. Framskrevet folkemengde etter aldersgrupper og geografisk område (D), i ulike scenarioer (alternativer), 2025-2050",Mellomalternativet MMM,Kampen,Alder i alt,2033,4263
EliminatedValue,0,105,0,9,"BEF036: Befolkningsframskrivingen for Oslo 2025. Framskrevet folkemengde etter aldersgrupper og geografisk område (D), i ulike scenarioer (alternativer), 2025-2050",Mellomalternativet MMM,Kampen,Alder i alt,2034,4259
EliminatedValue,0,105,0,10,"BEF036: Befolkningsframskrivingen for Oslo 2025. Framskrevet folkemengde etter aldersgrupper og geografisk område (D), i ulike scenarioer (alternativer), 2025-2050",Mellomalternativet MMM,Kampen,Alder i alt,2035,4256
EliminatedValue,0,105,0,11,"BEF036: Befolkningsframskrivingen for Oslo 2025. Framskrevet folkemengde etter aldersgrupper og geografisk område (D), i ulike scenarioer (alternativer), 2025-2050",Mellomalternativet MMM,Kampen,Alder i alt,2036,4254
EliminatedValue,0,105,0,12,"BEF036: Befolkningsframskrivingen for Oslo 2025. Framskrevet folkemengde etter aldersgrupper og geografisk område (D), i ulike scenarioer (alternativer), 2025-2050",Mellomalternativet MMM,Kampen,Alder i alt,2037,4252
EliminatedValue,0,105,0,13,"BEF036: Befolkningsframskrivingen for Oslo 2025. Framskrevet folkemengde etter aldersgrupper og geografisk område (D), i ulike scenarioer (alternativer), 2025-2050",Mellomalternativet MMM,Kampen,Alder i alt,2038,4249
EliminatedValue,0,105,0,14,"BEF036: Befolkningsframskrivingen for Oslo 2025. Framskrevet folkemengde etter aldersgrupper og geografisk område (D), i ulike scenarioer (alternativer), 2025-2050",Mellomalternativet MMM,Kampen,Alder i alt,2039,4244
EliminatedValue,0,105,0,15,"BEF036: Befolkningsframskrivingen for Oslo 2025. Framskrevet folkemengde etter aldersgrupper og geografisk område (D), i ulike scenarioer (alternativer), 2025-2050",Mellomalternativet MMM,Kampen,Alder i alt,2040,4238
EliminatedValue,0,105,0,16,"BEF036: Befolkningsframskrivingen for Oslo 2025. Framskrevet folkemengde etter aldersgrupper og geografisk område (D), i ulike scenarioer (alternativer), 2025-2050",Mellomalternativet MMM,Kampen,Alder i alt,2041,4230
EliminatedValue,0,105,0,17,"BEF036: Befolkningsframskrivingen for Oslo 2025. Framskrevet folkemengde etter aldersgrupper og geografisk område (D), i ulike scenarioer (alternativer), 2025-2050",Mellomalternativet MMM,Kampen,Alder i alt,2042,4220
EliminatedValue,0,105,0,18,"BEF036: Befolkningsframskrivingen for Oslo 2025. Framskrevet folkemengde etter aldersgrupper og geografisk område (D), i ulike scenarioer (alternativer), 2025-2050",Mellomalternativet MMM,Kampen,Alder i alt,2043,4208
EliminatedValue,0,105,0,19,"BEF036: Befolkningsframskrivingen for Oslo 2025. Framskrevet folkemengde etter aldersgrupper og geografisk område (D), i ulike scenarioer (alternativer), 2025-2050",Mellomalternativet MMM,Kampen,Alder i alt,2044,4194
EliminatedValue,0,105,0,20,"BEF036: Befolkningsframskrivingen for Oslo 2025. Framskrevet folkemengde etter aldersgrupper og geografisk område (D), i ulike scenarioer (alternativer), 2025-2050",Mellomalternativet MMM,Kampen,Alder i alt,2045,4178
EliminatedValue,0,105,0,21,"BEF036: Befolkningsframskrivingen for Oslo 2025. Framskrevet folkemengde etter aldersgrupper og geografisk område (D), i ulike scenarioer (alternativer), 2025-2050",Mellomalternativet MMM,Kampen,Alder i alt,2046,4160
EliminatedValue,0,105,0,22,"BEF036: Befolkningsframskrivingen for Oslo 2025. Framskrevet folkemengde etter aldersgrupper og geografisk område (D), i ulike scenarioer (alternativer), 2025-2050",Mellomalternativet MMM,Kampen,Alder i alt,2047,4140
EliminatedValue,0,105,0,23,"BEF036: Befolkningsframskrivingen for Oslo 2025. Framskrevet folkemengde etter aldersgrupper og geografisk område (D), i ulike scenarioer (alternativer), 2025-2050",Mellomalternativet MMM,Kampen,Alder i alt,2048,4118
EliminatedValue,0,105,0,24,"BEF036: Befolkningsframskrivingen for Oslo 2025. Framskrevet folkemengde etter aldersgrupper og geografisk område (D), i ulike scenarioer (alternativer), 2025-2050",Mellomalternativet MMM,Kampen,Alder i alt,2049,4093
EliminatedValue,0,105,0,25,"BEF036: Befolkningsframskrivingen for Oslo 2025. Framskrevet folkemengde etter aldersgrupper og geografisk område (D), i ulike scenarioer (alternativer), 2025-2050",Mellomalternativet MMM,Kampen,Alder i alt,2050,4067
EliminatedValue,0,106,0,0,"BEF036: Befolkningsframskrivingen for Oslo 2025. Framskrevet folkemengde etter aldersgrupper og geografisk område (D), i ulike scenarioer (alternativer), 2025-2050",Mellomalternativet MMM,Vålerenga,Alder i alt,2025,5970
EliminatedValue,0,106,0,1,"BEF036: Befolkningsframskrivingen for Oslo 2025. Framskrevet folkemengde etter aldersgrupper og geografisk område (D), i ulike scenarioer (alternativer), 2025-2050",Mellomalternativet MMM,Vålerenga,Alder i alt,2026,5981
EliminatedValue,0,106,0,2,"BEF036: Befolkningsframskrivingen for Oslo 2025. Framskrevet folkemengde etter aldersgrupper og geografisk område (D), i ulike scenarioer (alternativer), 2025-2050",Mellomalternativet MMM,Vålerenga,Alder i alt,2027,6040
EliminatedValue,0,106,0,3,"BEF036: Befolkningsframskrivingen for Oslo 2025. Framskrevet folkemengde etter aldersgrupper og geografisk område (D), i ulike scenarioer (alternativer), 2025-2050",Mellomalternativet MMM,Vålerenga,Alder i alt,2028,6136
EliminatedValue,0,106,0,4,"BEF036: Befolkningsframskrivingen for Oslo 2025. Framskrevet folkemengde etter aldersgrupper og geografisk område (D), i ulike scenarioer (alternativer), 2025-2050",Mellomalternativet MMM,Vålerenga,Alder i alt,2029,6249
EliminatedValue,0,106,0,5,"BEF036: Befolkningsframskrivingen for Oslo 2025. Framskrevet folkemengde etter aldersgrupper og geografisk område (D), i ulike scenarioer (alternativer), 2025-2050",Mellomalternativet MMM,Vålerenga,Alder i alt,2030,6288
EliminatedValue,0,106,0,6,"BEF036: Befolkningsframskrivingen for Oslo 2025. Framskrevet folkemengde etter aldersgrupper og geografisk område (D), i ulike scenarioer (alternativer), 2025-2050",Mellomalternativet MMM,Vålerenga,Alder i alt,2031,6301
EliminatedValue,0,106,0,7,"BEF036: Befolkningsframskrivingen for Oslo 2025. Framskrevet folkemengde etter aldersgrupper og geografisk område (D), i ulike scenarioer (alternativer), 2025-2050",Mellomalternativet MMM,Vålerenga,Alder i alt,2032,6301
EliminatedValue,0,106,0,8,"BEF036: Befolkningsframskrivingen for Oslo 2025. Framskrevet folkemengde etter aldersgrupper og geografisk område (D), i ulike scenarioer (alternativer), 2025-2050",Mellomalternativet MMM,Vålerenga,Alder i alt,2033,6287
EliminatedValue,0,106,0,9,"BEF036: Befolkningsframskrivingen for Oslo 2025. Framskrevet folkemengde etter aldersgrupper og geografisk område (D), i ulike scenarioer (alternativer), 2025-2050",Mellomalternativet MMM,Vålerenga,Alder i alt,2034,6278
EliminatedValue,0,106,0,10,"BEF036: Befolkningsframskrivingen for Oslo 2025. Framskrevet folkemengde etter aldersgrupper og geografisk område (D), i ulike scenarioer (alternativer), 2025-2050",Mellomalternativet MMM,Vålerenga,Alder i alt,2035,6271
EliminatedValue,0,106,0,11,"BEF036: Befolkningsframskrivingen for Oslo 2025. Framskrevet folkemengde etter aldersgrupper og geografisk område (D), i ulike scenarioer (alternativer), 2025-2050",Mellomalternativet MMM,Vålerenga,Alder i alt,2036,6265
EliminatedValue,0,106,0,12,"BEF036: Befolkningsframskrivingen for Oslo 2025. Framskrevet folkemengde etter aldersgrupper og geografisk område (D), i ulike scenarioer (alternativer), 2025-2050",Mellomalternativet MMM,Vålerenga,Alder i alt,2037,6259
EliminatedValue,0,106,0,13,"BEF036: Befolkningsframskrivingen for Oslo 2025. Framskrevet folkemengde etter aldersgrupper og geografisk område (D), i ulike scenarioer (alternativer), 2025-2050",Mellomalternativet MMM,Vålerenga,Alder i alt,2038,6253
EliminatedValue,0,106,0,14,"BEF036: Befolkningsframskrivingen for Oslo 2025. Framskrevet folkemengde etter aldersgrupper og geografisk område (D), i ulike scenarioer (alternativer), 2025-2050",Mellomalternativet MMM,Vålerenga,Alder i alt,2039,6246
EliminatedValue,0,106,0,15,"BEF036: Befolkningsframskrivingen for Oslo 2025. Framskrevet folkemengde etter aldersgrupper og geografisk område (D), i ulike scenarioer (alternativer), 2025-2050",Mellomalternativet MMM,Vålerenga,Alder i alt,2040,6237
EliminatedValue,0,106,0,16,"BEF036: Befolkningsframskrivingen for Oslo 2025. Framskrevet folkemengde etter aldersgrupper og geografisk område (D), i ulike scenarioer (alternativer), 2025-2050",Mellomalternativet MMM,Vålerenga,Alder i alt,2041,6227
EliminatedValue,0,106,0,17,"BEF036: Befolkningsframskrivingen for Oslo 2025. Framskrevet folkemengde etter aldersgrupper og geografisk område (D), i ulike scenarioer (alternativer), 2025-2050",Mellomalternativet MMM,Vålerenga,Alder i alt,2042,6214
EliminatedValue,0,106,0,18,"BEF036: Befolkningsframskrivingen for Oslo 2025. Framskrevet folkemengde etter aldersgrupper og geografisk område (D), i ulike scenarioer (alternativer), 2025-2050",Mellomalternativet MMM,Vålerenga,Alder i alt,2043,6200
EliminatedValue,0,106,0,19,"BEF036: Befolkningsframskrivingen for Oslo 2025. Framskrevet folkemengde etter aldersgrupper og geografisk område (D), i ulike scenarioer (alternativer), 2025-2050",Mellomalternativet MMM,Vålerenga,Alder i alt,2044,6183
EliminatedValue,0,106,0,20,"BEF036: Befolkningsframskrivingen for Oslo 2025. Framskrevet folkemengde etter aldersgrupper og geografisk område (D), i ulike scenarioer (alternativer), 2025-2050",Mellomalternativet MMM,Vålerenga,Alder i alt,2045,6165
EliminatedValue,0,106,0,21,"BEF036: Befolkningsframskrivingen for Oslo 2025. Framskrevet folkemengde etter aldersgrupper og geografisk område (D), i ulike scenarioer (alternativer), 2025-2050",Mellomalternativet MMM,Vålerenga,Alder i alt,2046,6144
EliminatedValue,0,106,0,22,"BEF036: Befolkningsframskrivingen for Oslo 2025. Framskrevet folkemengde etter aldersgrupper og geografisk område (D), i ulike scenarioer (alternativer), 2025-2050",Mellomalternativet MMM,Vålerenga,Alder i alt,2047,6121
EliminatedValue,0,106,0,23,"BEF036: Befolkningsframskrivingen for Oslo 2025. Framskrevet folkemengde etter aldersgrupper og geografisk område (D), i ulike scenarioer (alternativer), 2025-2050",Mellomalternativet MMM,Vålerenga,Alder i alt,2048,6094
EliminatedValue,0,106,0,24,"BEF036: Befolkningsframskrivingen for Oslo 2025. Framskrevet folkemengde etter aldersgrupper og geografisk område (D), i ulike scenarioer (alternativer), 2025-2050",Mellomalternativet MMM,Vålerenga,Alder i alt,2049,6065
EliminatedValue,0,106,0,25,"BEF036: Befolkningsframskrivingen for Oslo 2025. Framskrevet folkemengde etter aldersgrupper og geografisk område (D), i ulike scenarioer (alternativer), 2025-2050",Mellomalternativet MMM,Vålerenga,Alder i alt,2050,6032
EliminatedValue,0,108,0,0,"BEF036: Befolkningsframskrivingen for Oslo 2025. Framskrevet folkemengde etter aldersgrupper og geografisk område (D), i ulike scenarioer (alternativer), 2025-2050",Mellomalternativet MMM,Kværnerbyen,Alder i alt,2025,9956
EliminatedValue,0,108,0,1,"BEF036: Befolkningsframskrivingen for Oslo 2025. Framskrevet folkemengde etter aldersgrupper og geografisk område (D), i ulike scenarioer (alternativer), 2025-2050",Mellomalternativet MMM,Kværnerbyen,Alder i alt,2026,9999
EliminatedValue,0,108,0,2,"BEF036: Befolkningsframskrivingen for Oslo 2025. Framskrevet folkemengde etter aldersgrupper og geografisk område (D), i ulike scenarioer (alternativer), 2025-2050",Mellomalternativet MMM,Kværnerbyen,Alder i alt,2027,10073
EliminatedValue,0,108,0,3,"BEF036: Befolkningsframskrivingen for Oslo 2025. Framskrevet folkemengde etter aldersgrupper og geografisk område (D), i ulike scenarioer (alternativer), 2025-2050",Mellomalternativet MMM,Kværnerbyen,Alder i alt,2028,10181
EliminatedValue,0,108,0,4,"BEF036: Befolkningsframskrivingen for Oslo 2025. Framskrevet folkemengde etter aldersgrupper og geografisk område (D), i ulike scenarioer (alternativer), 2025-2050",Mellomalternativet MMM,Kværnerbyen,Alder i alt,2029,10343
EliminatedValue,0,108,0,5,"BEF036: Befolkningsframskrivingen for Oslo 2025. Framskrevet folkemengde etter aldersgrupper og geografisk område (D), i ulike scenarioer (alternativer), 2025-2050",Mellomalternativet MMM,Kværnerbyen,Alder i alt,2030,10536
EliminatedValue,0,108,0,6,"BEF036: Befolkningsframskrivingen for Oslo 2025. Framskrevet folkemengde etter aldersgrupper og geografisk område (D), i ulike scenarioer (alternativer), 2025-2050",Mellomalternativet MMM,Kværnerbyen,Alder i alt,2031,10673
EliminatedValue,0,108,0,7,"BEF036: Befolkningsframskrivingen for Oslo 2025. Framskrevet folkemengde etter aldersgrupper og geografisk område (D), i ulike scenarioer (alternativer), 2025-2050",Mellomalternativet MMM,Kværnerbyen,Alder i alt,2032,10717
EliminatedValue,0,108,0,8,"BEF036: Befolkningsframskrivingen for Oslo 2025. Framskrevet folkemengde etter aldersgrupper og geografisk område (D), i ulike scenarioer (alternativer), 2025-2050",Mellomalternativet MMM,Kværnerbyen,Alder i alt,2033,10690
EliminatedValue,0,108,0,9,"BEF036: Befolkningsframskrivingen for Oslo 2025. Framskrevet folkemengde etter aldersgrupper og geografisk område (D), i ulike scenarioer (alternativer), 2025-2050",Mellomalternativet MMM,Kværnerbyen,Alder i alt,2034,10676
EliminatedValue,0,108,0,10,"BEF036: Befolkningsframskrivingen for Oslo 2025. Framskrevet folkemengde etter aldersgrupper og geografisk område (D), i ulike scenarioer (alternativer), 2025-2050",Mellomalternativet MMM,Kværnerbyen,Alder i alt,2035,10662
EliminatedValue,0,108,0,11,"BEF036: Befolkningsframskrivingen for Oslo 2025. Framskrevet folkemengde etter aldersgrupper og geografisk område (D), i ulike scenarioer (alternativer), 2025-2050",Mellomalternativet MMM,Kværnerbyen,Alder i alt,2036,10641
EliminatedValue,0,108,0,12,"BEF036: Befolkningsframskrivingen for Oslo 2025. Framskrevet folkemengde etter aldersgrupper og geografisk område (D), i ulike scenarioer (alternativer), 2025-2050",Mellomalternativet MMM,Kværnerbyen,Alder i alt,2037,10621
EliminatedValue,0,108,0,13,"BEF036: Befolkningsframskrivingen for Oslo 2025. Framskrevet folkemengde etter aldersgrupper og geografisk område (D), i ulike scenarioer (alternativer), 2025-2050",Mellomalternativet MMM,Kværnerbyen,Alder i alt,2038,10600
EliminatedValue,0,108,0,14,"BEF036: Befolkningsframskrivingen for Oslo 2025. Framskrevet folkemengde etter aldersgrupper og geografisk område (D), i ulike scenarioer (alternativer), 2025-2050",Mellomalternativet MMM,Kværnerbyen,Alder i alt,2039,10578
EliminatedValue,0,108,0,15,"BEF036: Befolkningsframskrivingen for Oslo 2025. Framskrevet folkemengde etter aldersgrupper og geografisk område (D), i ulike scenarioer (alternativer), 2025-2050",Mellomalternativet MMM,Kværnerbyen,Alder i alt,2040,10549
EliminatedValue,0,108,0,16,"BEF036: Befolkningsframskrivingen for Oslo 2025. Framskrevet folkemengde etter aldersgrupper og geografisk område (D), i ulike scenarioer (alternativer), 2025-2050",Mellomalternativet MMM,Kværnerbyen,Alder i alt,2041,10516
EliminatedValue,0,108,0,17,"BEF036: Befolkningsframskrivingen for Oslo 2025. Framskrevet folkemengde etter aldersgrupper og geografisk område (D), i ulike scenarioer (alternativer), 2025-2050",Mellomalternativet MMM,Kværnerbyen,Alder i alt,2042,10476
EliminatedValue,0,108,0,18,"BEF036: Befolkningsframskrivingen for Oslo 2025. Framskrevet folkemengde etter aldersgrupper og geografisk område (D), i ulike scenarioer (alternativer), 2025-2050",Mellomalternativet MMM,Kværnerbyen,Alder i alt,2043,10432
EliminatedValue,0,108,0,19,"BEF036: Befolkningsframskrivingen for Oslo 2025. Framskrevet folkemengde etter aldersgrupper og geografisk område (D), i ulike scenarioer (alternativer), 2025-2050",Mellomalternativet MMM,Kværnerbyen,Alder i alt,2044,10381
EliminatedValue,0,108,0,20,"BEF036: Befolkningsframskrivingen for Oslo 2025. Framskrevet folkemengde etter aldersgrupper og geografisk område (D), i ulike scenarioer (alternativer), 2025-2050",Mellomalternativet MMM,Kværnerbyen,Alder i alt,2045,10325
EliminatedValue,0,108,0,21,"BEF036: Befolkningsframskrivingen for Oslo 2025. Framskrevet folkemengde etter aldersgrupper og geografisk område (D), i ulike scenarioer (alternativer), 2025-2050",Mellomalternativet MMM,Kværnerbyen,Alder i alt,2046,10264
EliminatedValue,0,108,0,22,"BEF036: Befolkningsframskrivingen for Oslo 2025. Framskrevet folkemengde etter aldersgrupper og geografisk område (D), i ulike scenarioer (alternativer), 2025-2050",Mellomalternativet MMM,Kværnerbyen,Alder i alt,2047,10201
EliminatedValue,0,108,0,23,"BEF036: Befolkningsframskrivingen for Oslo 2025. Framskrevet folkemengde etter aldersgrupper og geografisk område (D), i ulike scenarioer (alternativer), 2025-2050",Mellomalternativet MMM,Kværnerbyen,Alder i alt,2048,10134
EliminatedValue,0,108,0,24,"BEF036: Befolkningsframskrivingen for Oslo 2025. Framskrevet folkemengde etter aldersgrupper og geografisk område (D), i ulike scenarioer (alternativer), 2025-2050",Mellomalternativet MMM,Kværnerbyen,Alder i alt,2049,10066
EliminatedValue,0,108,0,25,"BEF036: Befolkningsframskrivingen for Oslo 2025. Framskrevet folkemengde etter aldersgrupper og geografisk område (D), i ulike scenarioer (alternativer), 2025-2050",Mellomalternativet MMM,Kværnerbyen,Alder i alt,2050,9996
EliminatedValue,0,109,0,0,"BEF036: Befolkningsframskrivingen for Oslo 2025. Framskrevet folkemengde etter aldersgrupper og geografisk område (D), i ulike scenarioer (alternativer), 2025-2050",Mellomalternativet MMM,Bispevika,Alder i alt,2025,4069
EliminatedValue,0,109,0,1,"BEF036: Befolkningsframskrivingen for Oslo 2025. Framskrevet folkemengde etter aldersgrupper og geografisk område (D), i ulike scenarioer (alternativer), 2025-2050",Mellomalternativet MMM,Bispevika,Alder i alt,2026,4396
EliminatedValue,0,109,0,2,"BEF036: Befolkningsframskrivingen for Oslo 2025. Framskrevet folkemengde etter aldersgrupper og geografisk område (D), i ulike scenarioer (alternativer), 2025-2050",Mellomalternativet MMM,Bispevika,Alder i alt,2027,4506
EliminatedValue,0,109,0,3,"BEF036: Befolkningsframskrivingen for Oslo 2025. Framskrevet folkemengde etter aldersgrupper og geografisk område (D), i ulike scenarioer (alternativer), 2025-2050",Mellomalternativet MMM,Bispevika,Alder i alt,2028,4464
EliminatedValue,0,109,0,4,"BEF036: Befolkningsframskrivingen for Oslo 2025. Framskrevet folkemengde etter aldersgrupper og geografisk område (D), i ulike scenarioer (alternativer), 2025-2050",Mellomalternativet MMM,Bispevika,Alder i alt,2029,4467
EliminatedValue,0,109,0,5,"BEF036: Befolkningsframskrivingen for Oslo 2025. Framskrevet folkemengde etter aldersgrupper og geografisk område (D), i ulike scenarioer (alternativer), 2025-2050",Mellomalternativet MMM,Bispevika,Alder i alt,2030,4479
EliminatedValue,0,109,0,6,"BEF036: Befolkningsframskrivingen for Oslo 2025. Framskrevet folkemengde etter aldersgrupper og geografisk område (D), i ulike scenarioer (alternativer), 2025-2050",Mellomalternativet MMM,Bispevika,Alder i alt,2031,4534
EliminatedValue,0,109,0,7,"BEF036: Befolkningsframskrivingen for Oslo 2025. Framskrevet folkemengde etter aldersgrupper og geografisk område (D), i ulike scenarioer (alternativer), 2025-2050",Mellomalternativet MMM,Bispevika,Alder i alt,2032,4584
EliminatedValue,0,109,0,8,"BEF036: Befolkningsframskrivingen for Oslo 2025. Framskrevet folkemengde etter aldersgrupper og geografisk område (D), i ulike scenarioer (alternativer), 2025-2050",Mellomalternativet MMM,Bispevika,Alder i alt,2033,4640
EliminatedValue,0,109,0,9,"BEF036: Befolkningsframskrivingen for Oslo 2025. Framskrevet folkemengde etter aldersgrupper og geografisk område (D), i ulike scenarioer (alternativer), 2025-2050",Mellomalternativet MMM,Bispevika,Alder i alt,2034,4744
EliminatedValue,0,109,0,10,"BEF036: Befolkningsframskrivingen for Oslo 2025. Framskrevet folkemengde etter aldersgrupper og geografisk område (D), i ulike scenarioer (alternativer), 2025-2050",Mellomalternativet MMM,Bispevika,Alder i alt,2035,4908
EliminatedValue,0,109,0,11,"BEF036: Befolkningsframskrivingen for Oslo 2025. Framskrevet folkemengde etter aldersgrupper og geografisk område (D), i ulike scenarioer (alternativer), 2025-2050",Mellomalternativet MMM,Bispevika,Alder i alt,2036,5147
EliminatedValue,0,109,0,12,"BEF036: Befolkningsframskrivingen for Oslo 2025. Framskrevet folkemengde etter aldersgrupper og geografisk område (D), i ulike scenarioer (alternativer), 2025-2050",Mellomalternativet MMM,Bispevika,Alder i alt,2037,5524
EliminatedValue,0,109,0,13,"BEF036: Befolkningsframskrivingen for Oslo 2025. Framskrevet folkemengde etter aldersgrupper og geografisk område (D), i ulike scenarioer (alternativer), 2025-2050",Mellomalternativet MMM,Bispevika,Alder i alt,2038,5885
EliminatedValue,0,109,0,14,"BEF036: Befolkningsframskrivingen for Oslo 2025. Framskrevet folkemengde etter aldersgrupper og geografisk område (D), i ulike scenarioer (alternativer), 2025-2050",Mellomalternativet MMM,Bispevika,Alder i alt,2039,6215
EliminatedValue,0,109,0,15,"BEF036: Befolkningsframskrivingen for Oslo 2025. Framskrevet folkemengde etter aldersgrupper og geografisk område (D), i ulike scenarioer (alternativer), 2025-2050",Mellomalternativet MMM,Bispevika,Alder i alt,2040,6416
EliminatedValue,0,109,0,16,"BEF036: Befolkningsframskrivingen for Oslo 2025. Framskrevet folkemengde etter aldersgrupper og geografisk område (D), i ulike scenarioer (alternativer), 2025-2050",Mellomalternativet MMM,Bispevika,Alder i alt,2041,6590
EliminatedValue,0,109,0,17,"BEF036: Befolkningsframskrivingen for Oslo 2025. Framskrevet folkemengde etter aldersgrupper og geografisk område (D), i ulike scenarioer (alternativer), 2025-2050",Mellomalternativet MMM,Bispevika,Alder i alt,2042,6717
EliminatedValue,0,109,0,18,"BEF036: Befolkningsframskrivingen for Oslo 2025. Framskrevet folkemengde etter aldersgrupper og geografisk område (D), i ulike scenarioer (alternativer), 2025-2050",Mellomalternativet MMM,Bispevika,Alder i alt,2043,6825
EliminatedValue,0,109,0,19,"BEF036: Befolkningsframskrivingen for Oslo 2025. Framskrevet folkemengde etter aldersgrupper og geografisk område (D), i ulike scenarioer (alternativer), 2025-2050",Mellomalternativet MMM,Bispevika,Alder i alt,2044,6882
EliminatedValue,0,109,0,20,"BEF036: Befolkningsframskrivingen for Oslo 2025. Framskrevet folkemengde etter aldersgrupper og geografisk område (D), i ulike scenarioer (alternativer), 2025-2050",Mellomalternativet MMM,Bispevika,Alder i alt,2045,6949
EliminatedValue,0,109,0,21,"BEF036: Befolkningsframskrivingen for Oslo 2025. Framskrevet folkemengde etter aldersgrupper og geografisk område (D), i ulike scenarioer (alternativer), 2025-2050",Mellomalternativet MMM,Bispevika,Alder i alt,2046,6999
EliminatedValue,0,109,0,22,"BEF036: Befolkningsframskrivingen for Oslo 2025. Framskrevet folkemengde etter aldersgrupper og geografisk område (D), i ulike scenarioer (alternativer), 2025-2050",Mellomalternativet MMM,Bispevika,Alder i alt,2047,7024
EliminatedValue,0,109,0,23,"BEF036: Befolkningsframskrivingen for Oslo 2025. Framskrevet folkemengde etter aldersgrupper og geografisk område (D), i ulike scenarioer (alternativer), 2025-2050",Mellomalternativet MMM,Bispevika,Alder i alt,2048,7052
EliminatedValue,0,109,0,24,"BEF036: Befolkningsframskrivingen for Oslo 2025. Framskrevet folkemengde etter aldersgrupper og geografisk område (D), i ulike scenarioer (alternativer), 2025-2050",Mellomalternativet MMM,Bispevika,Alder i alt,2049,7073
EliminatedValue,0,109,0,25,"BEF036: Befolkningsframskrivingen for Oslo 2025. Framskrevet folkemengde etter aldersgrupper og geografisk område (D), i ulike scenarioer (alternativer), 2025-2050",Mellomalternativet MMM,Bispevika,Alder i alt,2050,7088
EliminatedValue,0,110,0,0,"BEF036: Befolkningsframskrivingen for Oslo 2025. Framskrevet folkemengde etter aldersgrupper og geografisk område (D), i ulike scenarioer (alternativer), 2025-2050",Mellomalternativet MMM,Ensjø,Alder i alt,2025,13772
EliminatedValue,0,110,0,1,"BEF036: Befolkningsframskrivingen for Oslo 2025. Framskrevet folkemengde etter aldersgrupper og geografisk område (D), i ulike scenarioer (alternativer), 2025-2050",Mellomalternativet MMM,Ensjø,Alder i alt,2026,14566
EliminatedValue,0,110,0,2,"BEF036: Befolkningsframskrivingen for Oslo 2025. Framskrevet folkemengde etter aldersgrupper og geografisk område (D), i ulike scenarioer (alternativer), 2025-2050",Mellomalternativet MMM,Ensjø,Alder i alt,2027,15025
EliminatedValue,0,110,0,3,"BEF036: Befolkningsframskrivingen for Oslo 2025. Framskrevet folkemengde etter aldersgrupper og geografisk område (D), i ulike scenarioer (alternativer), 2025-2050",Mellomalternativet MMM,Ensjø,Alder i alt,2028,15336
EliminatedValue,0,110,0,4,"BEF036: Befolkningsframskrivingen for Oslo 2025. Framskrevet folkemengde etter aldersgrupper og geografisk område (D), i ulike scenarioer (alternativer), 2025-2050",Mellomalternativet MMM,Ensjø,Alder i alt,2029,15665
EliminatedValue,0,110,0,5,"BEF036: Befolkningsframskrivingen for Oslo 2025. Framskrevet folkemengde etter aldersgrupper og geografisk område (D), i ulike scenarioer (alternativer), 2025-2050",Mellomalternativet MMM,Ensjø,Alder i alt,2030,15946
EliminatedValue,0,110,0,6,"BEF036: Befolkningsframskrivingen for Oslo 2025. Framskrevet folkemengde etter aldersgrupper og geografisk område (D), i ulike scenarioer (alternativer), 2025-2050",Mellomalternativet MMM,Ensjø,Alder i alt,2031,16246
EliminatedValue,0,110,0,7,"BEF036: Befolkningsframskrivingen for Oslo 2025. Framskrevet folkemengde etter aldersgrupper og geografisk område (D), i ulike scenarioer (alternativer), 2025-2050",Mellomalternativet MMM,Ensjø,Alder i alt,2032,16454
EliminatedValue,0,110,0,8,"BEF036: Befolkningsframskrivingen for Oslo 2025. Framskrevet folkemengde etter aldersgrupper og geografisk område (D), i ulike scenarioer (alternativer), 2025-2050",Mellomalternativet MMM,Ensjø,Alder i alt,2033,16643
EliminatedValue,0,110,0,9,"BEF036: Befolkningsframskrivingen for Oslo 2025. Framskrevet folkemengde etter aldersgrupper og geografisk område (D), i ulike scenarioer (alternativer), 2025-2050",Mellomalternativet MMM,Ensjø,Alder i alt,2034,16720
EliminatedValue,0,110,0,10,"BEF036: Befolkningsframskrivingen for Oslo 2025. Framskrevet folkemengde etter aldersgrupper og geografisk område (D), i ulike scenarioer (alternativer), 2025-2050",Mellomalternativet MMM,Ensjø,Alder i alt,2035,16818
EliminatedValue,0,110,0,11,"BEF036: Befolkningsframskrivingen for Oslo 2025. Framskrevet folkemengde etter aldersgrupper og geografisk område (D), i ulike scenarioer (alternativer), 2025-2050",Mellomalternativet MMM,Ensjø,Alder i alt,2036,16907
EliminatedValue,0,110,0,12,"BEF036: Befolkningsframskrivingen for Oslo 2025. Framskrevet folkemengde etter aldersgrupper og geografisk område (D), i ulike scenarioer (alternativer), 2025-2050",Mellomalternativet MMM,Ensjø,Alder i alt,2037,16967
EliminatedValue,0,110,0,13,"BEF036: Befolkningsframskrivingen for Oslo 2025. Framskrevet folkemengde etter aldersgrupper og geografisk område (D), i ulike scenarioer (alternativer), 2025-2050",Mellomalternativet MMM,Ensjø,Alder i alt,2038,17012
EliminatedValue,0,110,0,14,"BEF036: Befolkningsframskrivingen for Oslo 2025. Framskrevet folkemengde etter aldersgrupper og geografisk område (D), i ulike scenarioer (alternativer), 2025-2050",Mellomalternativet MMM,Ensjø,Alder i alt,2039,17037
EliminatedValue,0,110,0,15,"BEF036: Befolkningsframskrivingen for Oslo 2025. Framskrevet folkemengde etter aldersgrupper og geografisk område (D), i ulike scenarioer (alternativer), 2025-2050",Mellomalternativet MMM,Ensjø,Alder i alt,2040,17030
EliminatedValue,0,110,0,16,"BEF036: Befolkningsframskrivingen for Oslo 2025. Framskrevet folkemengde etter aldersgrupper og geografisk område (D), i ulike scenarioer (alternativer), 2025-2050",Mellomalternativet MMM,Ensjø,Alder i alt,2041,17010
EliminatedValue,0,110,0,17,"BEF036: Befolkningsframskrivingen for Oslo 2025. Framskrevet folkemengde etter aldersgrupper og geografisk område (D), i ulike scenarioer (alternativer), 2025-2050",Mellomalternativet MMM,Ensjø,Alder i alt,2042,16978
EliminatedValue,0,110,0,18,"BEF036: Befolkningsframskrivingen for Oslo 2025. Framskrevet folkemengde etter aldersgrupper og geografisk område (D), i ulike scenarioer (alternativer), 2025-2050",Mellomalternativet MMM,Ensjø,Alder i alt,2043,16932
EliminatedValue,0,110,0,19,"BEF036: Befolkningsframskrivingen for Oslo 2025. Framskrevet folkemengde etter aldersgrupper og geografisk område (D), i ulike scenarioer (alternativer), 2025-2050",Mellomalternativet MMM,Ensjø,Alder i alt,2044,16869
EliminatedValue,0,110,0,20,"BEF036: Befolkningsframskrivingen for Oslo 2025. Framskrevet folkemengde etter aldersgrupper og geografisk område (D), i ulike scenarioer (alternativer), 2025-2050",Mellomalternativet MMM,Ensjø,Alder i alt,2045,16793
EliminatedValue,0,110,0,21,"BEF036: Befolkningsframskrivingen for Oslo 2025. Framskrevet folkemengde etter aldersgrupper og geografisk område (D), i ulike scenarioer (alternativer), 2025-2050",Mellomalternativet MMM,Ensjø,Alder i alt,2046,16712
EliminatedValue,0,110,0,22,"BEF036: Befolkningsframskrivingen for Oslo 2025. Framskrevet folkemengde etter aldersgrupper og geografisk område (D), i ulike scenarioer (alternativer), 2025-2050",Mellomalternativet MMM,Ensjø,Alder i alt,2047,16622
EliminatedValue,0,110,0,23,"BEF036: Befolkningsframskrivingen for Oslo 2025. Framskrevet folkemengde etter aldersgrupper og geografisk område (D), i ulike scenarioer (alternativer), 2025-2050",Mellomalternativet MMM,Ensjø,Alder i alt,2048,16523
EliminatedValue,0,110,0,24,"BEF036: Befolkningsframskrivingen for Oslo 2025. Framskrevet folkemengde etter aldersgrupper og geografisk område (D), i ulike scenarioer (alternativer), 2025-2050",Mellomalternativet MMM,Ensjø,Alder i alt,2049,16414
EliminatedValue,0,110,0,25,"BEF036: Befolkningsframskrivingen for Oslo 2025. Framskrevet folkemengde etter aldersgrupper og geografisk område (D), i ulike scenarioer (alternativer), 2025-2050",Mellomalternativet MMM,Ensjø,Alder i alt,2050,16296
EliminatedValue,0,111,0,0,"BEF036: Befolkningsframskrivingen for Oslo 2025. Framskrevet folkemengde etter aldersgrupper og geografisk område (D), i ulike scenarioer (alternativer), 2025-2050",Mellomalternativet MMM,Etterstad,Alder i alt,2025,4515
EliminatedValue,0,111,0,1,"BEF036: Befolkningsframskrivingen for Oslo 2025. Framskrevet folkemengde etter aldersgrupper og geografisk område (D), i ulike scenarioer (alternativer), 2025-2050",Mellomalternativet MMM,Etterstad,Alder i alt,2026,4554
EliminatedValue,0,111,0,2,"BEF036: Befolkningsframskrivingen for Oslo 2025. Framskrevet folkemengde etter aldersgrupper og geografisk område (D), i ulike scenarioer (alternativer), 2025-2050",Mellomalternativet MMM,Etterstad,Alder i alt,2027,4604
EliminatedValue,0,111,0,3,"BEF036: Befolkningsframskrivingen for Oslo 2025. Framskrevet folkemengde etter aldersgrupper og geografisk område (D), i ulike scenarioer (alternativer), 2025-2050",Mellomalternativet MMM,Etterstad,Alder i alt,2028,4631
EliminatedValue,0,111,0,4,"BEF036: Befolkningsframskrivingen for Oslo 2025. Framskrevet folkemengde etter aldersgrupper og geografisk område (D), i ulike scenarioer (alternativer), 2025-2050",Mellomalternativet MMM,Etterstad,Alder i alt,2029,4638
EliminatedValue,0,111,0,5,"BEF036: Befolkningsframskrivingen for Oslo 2025. Framskrevet folkemengde etter aldersgrupper og geografisk område (D), i ulike scenarioer (alternativer), 2025-2050",Mellomalternativet MMM,Etterstad,Alder i alt,2030,4638
EliminatedValue,0,111,0,6,"BEF036: Befolkningsframskrivingen for Oslo 2025. Framskrevet folkemengde etter aldersgrupper og geografisk område (D), i ulike scenarioer (alternativer), 2025-2050",Mellomalternativet MMM,Etterstad,Alder i alt,2031,4679
EliminatedValue,0,111,0,7,"BEF036: Befolkningsframskrivingen for Oslo 2025. Framskrevet folkemengde etter aldersgrupper og geografisk område (D), i ulike scenarioer (alternativer), 2025-2050",Mellomalternativet MMM,Etterstad,Alder i alt,2032,4739
EliminatedValue,0,111,0,8,"BEF036: Befolkningsframskrivingen for Oslo 2025. Framskrevet folkemengde etter aldersgrupper og geografisk område (D), i ulike scenarioer (alternativer), 2025-2050",Mellomalternativet MMM,Etterstad,Alder i alt,2033,4839
EliminatedValue,0,111,0,9,"BEF036: Befolkningsframskrivingen for Oslo 2025. Framskrevet folkemengde etter aldersgrupper og geografisk område (D), i ulike scenarioer (alternativer), 2025-2050",Mellomalternativet MMM,Etterstad,Alder i alt,2034,4971
EliminatedValue,0,111,0,10,"BEF036: Befolkningsframskrivingen for Oslo 2025. Framskrevet folkemengde etter aldersgrupper og geografisk område (D), i ulike scenarioer (alternativer), 2025-2050",Mellomalternativet MMM,Etterstad,Alder i alt,2035,5108
EliminatedValue,0,111,0,11,"BEF036: Befolkningsframskrivingen for Oslo 2025. Framskrevet folkemengde etter aldersgrupper og geografisk område (D), i ulike scenarioer (alternativer), 2025-2050",Mellomalternativet MMM,Etterstad,Alder i alt,2036,5240
EliminatedValue,0,111,0,12,"BEF036: Befolkningsframskrivingen for Oslo 2025. Framskrevet folkemengde etter aldersgrupper og geografisk område (D), i ulike scenarioer (alternativer), 2025-2050",Mellomalternativet MMM,Etterstad,Alder i alt,2037,5333
EliminatedValue,0,111,0,13,"BEF036: Befolkningsframskrivingen for Oslo 2025. Framskrevet folkemengde etter aldersgrupper og geografisk område (D), i ulike scenarioer (alternativer), 2025-2050",Mellomalternativet MMM,Etterstad,Alder i alt,2038,5424
EliminatedValue,0,111,0,14,"BEF036: Befolkningsframskrivingen for Oslo 2025. Framskrevet folkemengde etter aldersgrupper og geografisk område (D), i ulike scenarioer (alternativer), 2025-2050",Mellomalternativet MMM,Etterstad,Alder i alt,2039,5512
EliminatedValue,0,111,0,15,"BEF036: Befolkningsframskrivingen for Oslo 2025. Framskrevet folkemengde etter aldersgrupper og geografisk område (D), i ulike scenarioer (alternativer), 2025-2050",Mellomalternativet MMM,Etterstad,Alder i alt,2040,5624
EliminatedValue,0,111,0,16,"BEF036: Befolkningsframskrivingen for Oslo 2025. Framskrevet folkemengde etter aldersgrupper og geografisk område (D), i ulike scenarioer (alternativer), 2025-2050",Mellomalternativet MMM,Etterstad,Alder i alt,2041,5767
EliminatedValue,0,111,0,17,"BEF036: Befolkningsframskrivingen for Oslo 2025. Framskrevet folkemengde etter aldersgrupper og geografisk område (D), i ulike scenarioer (alternativer), 2025-2050",Mellomalternativet MMM,Etterstad,Alder i alt,2042,5919
EliminatedValue,0,111,0,18,"BEF036: Befolkningsframskrivingen for Oslo 2025. Framskrevet folkemengde etter aldersgrupper og geografisk område (D), i ulike scenarioer (alternativer), 2025-2050",Mellomalternativet MMM,Etterstad,Alder i alt,2043,6078
EliminatedValue,0,111,0,19,"BEF036: Befolkningsframskrivingen for Oslo 2025. Framskrevet folkemengde etter aldersgrupper og geografisk område (D), i ulike scenarioer (alternativer), 2025-2050",Mellomalternativet MMM,Etterstad,Alder i alt,2044,6252
EliminatedValue,0,111,0,20,"BEF036: Befolkningsframskrivingen for Oslo 2025. Framskrevet folkemengde etter aldersgrupper og geografisk område (D), i ulike scenarioer (alternativer), 2025-2050",Mellomalternativet MMM,Etterstad,Alder i alt,2045,6419
EliminatedValue,0,111,0,21,"BEF036: Befolkningsframskrivingen for Oslo 2025. Framskrevet folkemengde etter aldersgrupper og geografisk område (D), i ulike scenarioer (alternativer), 2025-2050",Mellomalternativet MMM,Etterstad,Alder i alt,2046,6580
EliminatedValue,0,111,0,22,"BEF036: Befolkningsframskrivingen for Oslo 2025. Framskrevet folkemengde etter aldersgrupper og geografisk område (D), i ulike scenarioer (alternativer), 2025-2050",Mellomalternativet MMM,Etterstad,Alder i alt,2047,6721
EliminatedValue,0,111,0,23,"BEF036: Befolkningsframskrivingen for Oslo 2025. Framskrevet folkemengde etter aldersgrupper og geografisk område (D), i ulike scenarioer (alternativer), 2025-2050",Mellomalternativet MMM,Etterstad,Alder i alt,2048,6845
EliminatedValue,0,111,0,24,"BEF036: Befolkningsframskrivingen for Oslo 2025. Framskrevet folkemengde etter aldersgrupper og geografisk område (D), i ulike scenarioer (alternativer), 2025-2050",Mellomalternativet MMM,Etterstad,Alder i alt,2049,6944
EliminatedValue,0,111,0,25,"BEF036: Befolkningsframskrivingen for Oslo 2025. Framskrevet folkemengde etter aldersgrupper og geografisk område (D), i ulike scenarioer (alternativer), 2025-2050",Mellomalternativet MMM,Etterstad,Alder i alt,2050,7019
EliminatedValue,0,201,0,0,"BEF036: Befolkningsframskrivingen for Oslo 2025. Framskrevet folkemengde etter aldersgrupper og geografisk område (D), i ulike scenarioer (alternativer), 2025-2050",Mellomalternativet MMM,Grünerløkka vest,Alder i alt,2025,8670
EliminatedValue,0,201,0,1,"BEF036: Befolkningsframskrivingen for Oslo 2025. Framskrevet folkemengde etter aldersgrupper og geografisk område (D), i ulike scenarioer (alternativer), 2025-2050",Mellomalternativet MMM,Grünerløkka vest,Alder i alt,2026,8727
EliminatedValue,0,201,0,2,"BEF036: Befolkningsframskrivingen for Oslo 2025. Framskrevet folkemengde etter aldersgrupper og geografisk område (D), i ulike scenarioer (alternativer), 2025-2050",Mellomalternativet MMM,Grünerløkka vest,Alder i alt,2027,8810
EliminatedValue,0,201,0,3,"BEF036: Befolkningsframskrivingen for Oslo 2025. Framskrevet folkemengde etter aldersgrupper og geografisk område (D), i ulike scenarioer (alternativer), 2025-2050",Mellomalternativet MMM,Grünerløkka vest,Alder i alt,2028,8870
EliminatedValue,0,201,0,4,"BEF036: Befolkningsframskrivingen for Oslo 2025. Framskrevet folkemengde etter aldersgrupper og geografisk område (D), i ulike scenarioer (alternativer), 2025-2050",Mellomalternativet MMM,Grünerløkka vest,Alder i alt,2029,8900
EliminatedValue,0,201,0,5,"BEF036: Befolkningsframskrivingen for Oslo 2025. Framskrevet folkemengde etter aldersgrupper og geografisk område (D), i ulike scenarioer (alternativer), 2025-2050",Mellomalternativet MMM,Grünerløkka vest,Alder i alt,2030,8874
EliminatedValue,0,201,0,6,"BEF036: Befolkningsframskrivingen for Oslo 2025. Framskrevet folkemengde etter aldersgrupper og geografisk område (D), i ulike scenarioer (alternativer), 2025-2050",Mellomalternativet MMM,Grünerløkka vest,Alder i alt,2031,8845
EliminatedValue,0,201,0,7,"BEF036: Befolkningsframskrivingen for Oslo 2025. Framskrevet folkemengde etter aldersgrupper og geografisk område (D), i ulike scenarioer (alternativer), 2025-2050",Mellomalternativet MMM,Grünerløkka vest,Alder i alt,2032,8821
EliminatedValue,0,201,0,8,"BEF036: Befolkningsframskrivingen for Oslo 2025. Framskrevet folkemengde etter aldersgrupper og geografisk område (D), i ulike scenarioer (alternativer), 2025-2050",Mellomalternativet MMM,Grünerløkka vest,Alder i alt,2033,8796
EliminatedValue,0,201,0,9,"BEF036: Befolkningsframskrivingen for Oslo 2025. Framskrevet folkemengde etter aldersgrupper og geografisk område (D), i ulike scenarioer (alternativer), 2025-2050",Mellomalternativet MMM,Grünerløkka vest,Alder i alt,2034,8772
EliminatedValue,0,201,0,10,"BEF036: Befolkningsframskrivingen for Oslo 2025. Framskrevet folkemengde etter aldersgrupper og geografisk område (D), i ulike scenarioer (alternativer), 2025-2050",Mellomalternativet MMM,Grünerløkka vest,Alder i alt,2035,8746
EliminatedValue,0,201,0,11,"BEF036: Befolkningsframskrivingen for Oslo 2025. Framskrevet folkemengde etter aldersgrupper og geografisk område (D), i ulike scenarioer (alternativer), 2025-2050",Mellomalternativet MMM,Grünerløkka vest,Alder i alt,2036,8720
EliminatedValue,0,201,0,12,"BEF036: Befolkningsframskrivingen for Oslo 2025. Framskrevet folkemengde etter aldersgrupper og geografisk område (D), i ulike scenarioer (alternativer), 2025-2050",Mellomalternativet MMM,Grünerløkka vest,Alder i alt,2037,8689
EliminatedValue,0,201,0,13,"BEF036: Befolkningsframskrivingen for Oslo 2025. Framskrevet folkemengde etter aldersgrupper og geografisk område (D), i ulike scenarioer (alternativer), 2025-2050",Mellomalternativet MMM,Grünerløkka vest,Alder i alt,2038,8651
EliminatedValue,0,201,0,14,"BEF036: Befolkningsframskrivingen for Oslo 2025. Framskrevet folkemengde etter aldersgrupper og geografisk område (D), i ulike scenarioer (alternativer), 2025-2050",Mellomalternativet MMM,Grünerløkka vest,Alder i alt,2039,8607
EliminatedValue,0,201,0,15,"BEF036: Befolkningsframskrivingen for Oslo 2025. Framskrevet folkemengde etter aldersgrupper og geografisk område (D), i ulike scenarioer (alternativer), 2025-2050",Mellomalternativet MMM,Grünerløkka vest,Alder i alt,2040,8554
EliminatedValue,0,201,0,16,"BEF036: Befolkningsframskrivingen for Oslo 2025. Framskrevet folkemengde etter aldersgrupper og geografisk område (D), i ulike scenarioer (alternativer), 2025-2050",Mellomalternativet MMM,Grünerløkka vest,Alder i alt,2041,8496
EliminatedValue,0,201,0,17,"BEF036: Befolkningsframskrivingen for Oslo 2025. Framskrevet folkemengde etter aldersgrupper og geografisk område (D), i ulike scenarioer (alternativer), 2025-2050",Mellomalternativet MMM,Grünerløkka vest,Alder i alt,2042,8432
EliminatedValue,0,201,0,18,"BEF036: Befolkningsframskrivingen for Oslo 2025. Framskrevet folkemengde etter aldersgrupper og geografisk område (D), i ulike scenarioer (alternativer), 2025-2050",Mellomalternativet MMM,Grünerløkka vest,Alder i alt,2043,8364
EliminatedValue,0,201,0,19,"BEF036: Befolkningsframskrivingen for Oslo 2025. Framskrevet folkemengde etter aldersgrupper og geografisk område (D), i ulike scenarioer (alternativer), 2025-2050",Mellomalternativet MMM,Grünerløkka vest,Alder i alt,2044,8291
EliminatedValue,0,201,0,20,"BEF036: Befolkningsframskrivingen for Oslo 2025. Framskrevet folkemengde etter aldersgrupper og geografisk område (D), i ulike scenarioer (alternativer), 2025-2050",Mellomalternativet MMM,Grünerløkka vest,Alder i alt,2045,8216
EliminatedValue,0,201,0,21,"BEF036: Befolkningsframskrivingen for Oslo 2025. Framskrevet folkemengde etter aldersgrupper og geografisk område (D), i ulike scenarioer (alternativer), 2025-2050",Mellomalternativet MMM,Grünerløkka vest,Alder i alt,2046,8142
EliminatedValue,0,201,0,22,"BEF036: Befolkningsframskrivingen for Oslo 2025. Framskrevet folkemengde etter aldersgrupper og geografisk område (D), i ulike scenarioer (alternativer), 2025-2050",Mellomalternativet MMM,Grünerløkka vest,Alder i alt,2047,8067
EliminatedValue,0,201,0,23,"BEF036: Befolkningsframskrivingen for Oslo 2025. Framskrevet folkemengde etter aldersgrupper og geografisk område (D), i ulike scenarioer (alternativer), 2025-2050",Mellomalternativet MMM,Grünerløkka vest,Alder i alt,2048,7995
EliminatedValue,0,201,0,24,"BEF036: Befolkningsframskrivingen for Oslo 2025. Framskrevet folkemengde etter aldersgrupper og geografisk område (D), i ulike scenarioer (alternativer), 2025-2050",Mellomalternativet MMM,Grünerløkka vest,Alder i alt,2049,7923
EliminatedValue,0,201,0,25,"BEF036: Befolkningsframskrivingen for Oslo 2025. Framskrevet folkemengde etter aldersgrupper og geografisk område (D), i ulike scenarioer (alternativer), 2025-2050",Mellomalternativet MMM,Grünerløkka vest,Alder i alt,2050,7853
EliminatedValue,0,202,0,0,"BEF036: Befolkningsframskrivingen for Oslo 2025. Framskrevet folkemengde etter aldersgrupper og geografisk område (D), i ulike scenarioer (alternativer), 2025-2050",Mellomalternativet MMM,Grünerløkka øst,Alder i alt,2025,5399
EliminatedValue,0,202,0,1,"BEF036: Befolkningsframskrivingen for Oslo 2025. Framskrevet folkemengde etter aldersgrupper og geografisk område (D), i ulike scenarioer (alternativer), 2025-2050",Mellomalternativet MMM,Grünerløkka øst,Alder i alt,2026,5441
EliminatedValue,0,202,0,2,"BEF036: Befolkningsframskrivingen for Oslo 2025. Framskrevet folkemengde etter aldersgrupper og geografisk område (D), i ulike scenarioer (alternativer), 2025-2050",Mellomalternativet MMM,Grünerløkka øst,Alder i alt,2027,5548
EliminatedValue,0,202,0,3,"BEF036: Befolkningsframskrivingen for Oslo 2025. Framskrevet folkemengde etter aldersgrupper og geografisk område (D), i ulike scenarioer (alternativer), 2025-2050",Mellomalternativet MMM,Grünerløkka øst,Alder i alt,2028,5595
EliminatedValue,0,202,0,4,"BEF036: Befolkningsframskrivingen for Oslo 2025. Framskrevet folkemengde etter aldersgrupper og geografisk område (D), i ulike scenarioer (alternativer), 2025-2050",Mellomalternativet MMM,Grünerløkka øst,Alder i alt,2029,5619
EliminatedValue,0,202,0,5,"BEF036: Befolkningsframskrivingen for Oslo 2025. Framskrevet folkemengde etter aldersgrupper og geografisk område (D), i ulike scenarioer (alternativer), 2025-2050",Mellomalternativet MMM,Grünerløkka øst,Alder i alt,2030,5708
EliminatedValue,0,202,0,6,"BEF036: Befolkningsframskrivingen for Oslo 2025. Framskrevet folkemengde etter aldersgrupper og geografisk område (D), i ulike scenarioer (alternativer), 2025-2050",Mellomalternativet MMM,Grünerløkka øst,Alder i alt,2031,5765
EliminatedValue,0,202,0,7,"BEF036: Befolkningsframskrivingen for Oslo 2025. Framskrevet folkemengde etter aldersgrupper og geografisk område (D), i ulike scenarioer (alternativer), 2025-2050",Mellomalternativet MMM,Grünerløkka øst,Alder i alt,2032,5759
EliminatedValue,0,202,0,8,"BEF036: Befolkningsframskrivingen for Oslo 2025. Framskrevet folkemengde etter aldersgrupper og geografisk område (D), i ulike scenarioer (alternativer), 2025-2050",Mellomalternativet MMM,Grünerløkka øst,Alder i alt,2033,5708
EliminatedValue,0,202,0,9,"BEF036: Befolkningsframskrivingen for Oslo 2025. Framskrevet folkemengde etter aldersgrupper og geografisk område (D), i ulike scenarioer (alternativer), 2025-2050",Mellomalternativet MMM,Grünerløkka øst,Alder i alt,2034,5673
EliminatedValue,0,202,0,10,"BEF036: Befolkningsframskrivingen for Oslo 2025. Framskrevet folkemengde etter aldersgrupper og geografisk område (D), i ulike scenarioer (alternativer), 2025-2050",Mellomalternativet MMM,Grünerløkka øst,Alder i alt,2035,5641
EliminatedValue,0,202,0,11,"BEF036: Befolkningsframskrivingen for Oslo 2025. Framskrevet folkemengde etter aldersgrupper og geografisk område (D), i ulike scenarioer (alternativer), 2025-2050",Mellomalternativet MMM,Grünerløkka øst,Alder i alt,2036,5605
EliminatedValue,0,202,0,12,"BEF036: Befolkningsframskrivingen for Oslo 2025. Framskrevet folkemengde etter aldersgrupper og geografisk område (D), i ulike scenarioer (alternativer), 2025-2050",Mellomalternativet MMM,Grünerløkka øst,Alder i alt,2037,5570
EliminatedValue,0,202,0,13,"BEF036: Befolkningsframskrivingen for Oslo 2025. Framskrevet folkemengde etter aldersgrupper og geografisk område (D), i ulike scenarioer (alternativer), 2025-2050",Mellomalternativet MMM,Grünerløkka øst,Alder i alt,2038,5535
EliminatedValue,0,202,0,14,"BEF036: Befolkningsframskrivingen for Oslo 2025. Framskrevet folkemengde etter aldersgrupper og geografisk område (D), i ulike scenarioer (alternativer), 2025-2050",Mellomalternativet MMM,Grünerløkka øst,Alder i alt,2039,5496
EliminatedValue,0,202,0,15,"BEF036: Befolkningsframskrivingen for Oslo 2025. Framskrevet folkemengde etter aldersgrupper og geografisk område (D), i ulike scenarioer (alternativer), 2025-2050",Mellomalternativet MMM,Grünerløkka øst,Alder i alt,2040,5456
EliminatedValue,0,202,0,16,"BEF036: Befolkningsframskrivingen for Oslo 2025. Framskrevet folkemengde etter aldersgrupper og geografisk område (D), i ulike scenarioer (alternativer), 2025-2050",Mellomalternativet MMM,Grünerløkka øst,Alder i alt,2041,5415
EliminatedValue,0,202,0,17,"BEF036: Befolkningsframskrivingen for Oslo 2025. Framskrevet folkemengde etter aldersgrupper og geografisk område (D), i ulike scenarioer (alternativer), 2025-2050",Mellomalternativet MMM,Grünerløkka øst,Alder i alt,2042,5372
EliminatedValue,0,202,0,18,"BEF036: Befolkningsframskrivingen for Oslo 2025. Framskrevet folkemengde etter aldersgrupper og geografisk område (D), i ulike scenarioer (alternativer), 2025-2050",Mellomalternativet MMM,Grünerløkka øst,Alder i alt,2043,5327
EliminatedValue,0,202,0,19,"BEF036: Befolkningsframskrivingen for Oslo 2025. Framskrevet folkemengde etter aldersgrupper og geografisk område (D), i ulike scenarioer (alternativer), 2025-2050",Mellomalternativet MMM,Grünerløkka øst,Alder i alt,2044,5279
EliminatedValue,0,202,0,20,"BEF036: Befolkningsframskrivingen for Oslo 2025. Framskrevet folkemengde etter aldersgrupper og geografisk område (D), i ulike scenarioer (alternativer), 2025-2050",Mellomalternativet MMM,Grünerløkka øst,Alder i alt,2045,5228
EliminatedValue,0,202,0,21,"BEF036: Befolkningsframskrivingen for Oslo 2025. Framskrevet folkemengde etter aldersgrupper og geografisk område (D), i ulike scenarioer (alternativer), 2025-2050",Mellomalternativet MMM,Grünerløkka øst,Alder i alt,2046,5178
EliminatedValue,0,202,0,22,"BEF036: Befolkningsframskrivingen for Oslo 2025. Framskrevet folkemengde etter aldersgrupper og geografisk område (D), i ulike scenarioer (alternativer), 2025-2050",Mellomalternativet MMM,Grünerløkka øst,Alder i alt,2047,5125
EliminatedValue,0,202,0,23,"BEF036: Befolkningsframskrivingen for Oslo 2025. Framskrevet folkemengde etter aldersgrupper og geografisk område (D), i ulike scenarioer (alternativer), 2025-2050",Mellomalternativet MMM,Grünerløkka øst,Alder i alt,2048,5072
EliminatedValue,0,202,0,24,"BEF036: Befolkningsframskrivingen for Oslo 2025. Framskrevet folkemengde etter aldersgrupper og geografisk område (D), i ulike scenarioer (alternativer), 2025-2050",Mellomalternativet MMM,Grünerløkka øst,Alder i alt,2049,5018
EliminatedValue,0,202,0,25,"BEF036: Befolkningsframskrivingen for Oslo 2025. Framskrevet folkemengde etter aldersgrupper og geografisk område (D), i ulike scenarioer (alternativer), 2025-2050",Mellomalternativet MMM,Grünerløkka øst,Alder i alt,2050,4966
EliminatedValue,0,203,0,0,"BEF036: Befolkningsframskrivingen for Oslo 2025. Framskrevet folkemengde etter aldersgrupper og geografisk område (D), i ulike scenarioer (alternativer), 2025-2050",Mellomalternativet MMM,Dælenenga,Alder i alt,2025,4647
EliminatedValue,0,203,0,1,"BEF036: Befolkningsframskrivingen for Oslo 2025. Framskrevet folkemengde etter aldersgrupper og geografisk område (D), i ulike scenarioer (alternativer), 2025-2050",Mellomalternativet MMM,Dælenenga,Alder i alt,2026,4612
EliminatedValue,0,203,0,2,"BEF036: Befolkningsframskrivingen for Oslo 2025. Framskrevet folkemengde etter aldersgrupper og geografisk område (D), i ulike scenarioer (alternativer), 2025-2050",Mellomalternativet MMM,Dælenenga,Alder i alt,2027,4601
EliminatedValue,0,203,0,3,"BEF036: Befolkningsframskrivingen for Oslo 2025. Framskrevet folkemengde etter aldersgrupper og geografisk område (D), i ulike scenarioer (alternativer), 2025-2050",Mellomalternativet MMM,Dælenenga,Alder i alt,2028,4593
EliminatedValue,0,203,0,4,"BEF036: Befolkningsframskrivingen for Oslo 2025. Framskrevet folkemengde etter aldersgrupper og geografisk område (D), i ulike scenarioer (alternativer), 2025-2050",Mellomalternativet MMM,Dælenenga,Alder i alt,2029,4580
EliminatedValue,0,203,0,5,"BEF036: Befolkningsframskrivingen for Oslo 2025. Framskrevet folkemengde etter aldersgrupper og geografisk område (D), i ulike scenarioer (alternativer), 2025-2050",Mellomalternativet MMM,Dælenenga,Alder i alt,2030,4546
EliminatedValue,0,203,0,6,"BEF036: Befolkningsframskrivingen for Oslo 2025. Framskrevet folkemengde etter aldersgrupper og geografisk område (D), i ulike scenarioer (alternativer), 2025-2050",Mellomalternativet MMM,Dælenenga,Alder i alt,2031,4513
EliminatedValue,0,203,0,7,"BEF036: Befolkningsframskrivingen for Oslo 2025. Framskrevet folkemengde etter aldersgrupper og geografisk område (D), i ulike scenarioer (alternativer), 2025-2050",Mellomalternativet MMM,Dælenenga,Alder i alt,2032,4487
EliminatedValue,0,203,0,8,"BEF036: Befolkningsframskrivingen for Oslo 2025. Framskrevet folkemengde etter aldersgrupper og geografisk område (D), i ulike scenarioer (alternativer), 2025-2050",Mellomalternativet MMM,Dælenenga,Alder i alt,2033,4464
EliminatedValue,0,203,0,9,"BEF036: Befolkningsframskrivingen for Oslo 2025. Framskrevet folkemengde etter aldersgrupper og geografisk område (D), i ulike scenarioer (alternativer), 2025-2050",Mellomalternativet MMM,Dælenenga,Alder i alt,2034,4445
EliminatedValue,0,203,0,10,"BEF036: Befolkningsframskrivingen for Oslo 2025. Framskrevet folkemengde etter aldersgrupper og geografisk område (D), i ulike scenarioer (alternativer), 2025-2050",Mellomalternativet MMM,Dælenenga,Alder i alt,2035,4428
EliminatedValue,0,203,0,11,"BEF036: Befolkningsframskrivingen for Oslo 2025. Framskrevet folkemengde etter aldersgrupper og geografisk område (D), i ulike scenarioer (alternativer), 2025-2050",Mellomalternativet MMM,Dælenenga,Alder i alt,2036,4412
EliminatedValue,0,203,0,12,"BEF036: Befolkningsframskrivingen for Oslo 2025. Framskrevet folkemengde etter aldersgrupper og geografisk område (D), i ulike scenarioer (alternativer), 2025-2050",Mellomalternativet MMM,Dælenenga,Alder i alt,2037,4396
EliminatedValue,0,203,0,13,"BEF036: Befolkningsframskrivingen for Oslo 2025. Framskrevet folkemengde etter aldersgrupper og geografisk område (D), i ulike scenarioer (alternativer), 2025-2050",Mellomalternativet MMM,Dælenenga,Alder i alt,2038,4377
EliminatedValue,0,203,0,14,"BEF036: Befolkningsframskrivingen for Oslo 2025. Framskrevet folkemengde etter aldersgrupper og geografisk område (D), i ulike scenarioer (alternativer), 2025-2050",Mellomalternativet MMM,Dælenenga,Alder i alt,2039,4355
EliminatedValue,0,203,0,15,"BEF036: Befolkningsframskrivingen for Oslo 2025. Framskrevet folkemengde etter aldersgrupper og geografisk område (D), i ulike scenarioer (alternativer), 2025-2050",Mellomalternativet MMM,Dælenenga,Alder i alt,2040,4329
EliminatedValue,0,203,0,16,"BEF036: Befolkningsframskrivingen for Oslo 2025. Framskrevet folkemengde etter aldersgrupper og geografisk område (D), i ulike scenarioer (alternativer), 2025-2050",Mellomalternativet MMM,Dælenenga,Alder i alt,2041,4301
EliminatedValue,0,203,0,17,"BEF036: Befolkningsframskrivingen for Oslo 2025. Framskrevet folkemengde etter aldersgrupper og geografisk område (D), i ulike scenarioer (alternativer), 2025-2050",Mellomalternativet MMM,Dælenenga,Alder i alt,2042,4269
EliminatedValue,0,203,0,18,"BEF036: Befolkningsframskrivingen for Oslo 2025. Framskrevet folkemengde etter aldersgrupper og geografisk område (D), i ulike scenarioer (alternativer), 2025-2050",Mellomalternativet MMM,Dælenenga,Alder i alt,2043,4235
EliminatedValue,0,203,0,19,"BEF036: Befolkningsframskrivingen for Oslo 2025. Framskrevet folkemengde etter aldersgrupper og geografisk område (D), i ulike scenarioer (alternativer), 2025-2050",Mellomalternativet MMM,Dælenenga,Alder i alt,2044,4197
EliminatedValue,0,203,0,20,"BEF036: Befolkningsframskrivingen for Oslo 2025. Framskrevet folkemengde etter aldersgrupper og geografisk område (D), i ulike scenarioer (alternativer), 2025-2050",Mellomalternativet MMM,Dælenenga,Alder i alt,2045,4159
EliminatedValue,0,203,0,21,"BEF036: Befolkningsframskrivingen for Oslo 2025. Framskrevet folkemengde etter aldersgrupper og geografisk område (D), i ulike scenarioer (alternativer), 2025-2050",Mellomalternativet MMM,Dælenenga,Alder i alt,2046,4119
EliminatedValue,0,203,0,22,"BEF036: Befolkningsframskrivingen for Oslo 2025. Framskrevet folkemengde etter aldersgrupper og geografisk område (D), i ulike scenarioer (alternativer), 2025-2050",Mellomalternativet MMM,Dælenenga,Alder i alt,2047,4079
EliminatedValue,0,203,0,23,"BEF036: Befolkningsframskrivingen for Oslo 2025. Framskrevet folkemengde etter aldersgrupper og geografisk område (D), i ulike scenarioer (alternativer), 2025-2050",Mellomalternativet MMM,Dælenenga,Alder i alt,2048,4039
EliminatedValue,0,203,0,24,"BEF036: Befolkningsframskrivingen for Oslo 2025. Framskrevet folkemengde etter aldersgrupper og geografisk område (D), i ulike scenarioer (alternativer), 2025-2050",Mellomalternativet MMM,Dælenenga,Alder i alt,2049,3998
EliminatedValue,0,203,0,25,"BEF036: Befolkningsframskrivingen for Oslo 2025. Framskrevet folkemengde etter aldersgrupper og geografisk område (D), i ulike scenarioer (alternativer), 2025-2050",Mellomalternativet MMM,Dælenenga,Alder i alt,2050,3958
EliminatedValue,0,204,0,0,"BEF036: Befolkningsframskrivingen for Oslo 2025. Framskrevet folkemengde etter aldersgrupper og geografisk område (D), i ulike scenarioer (alternativer), 2025-2050",Mellomalternativet MMM,Rodeløkka,Alder i alt,2025,9529
EliminatedValue,0,204,0,1,"BEF036: Befolkningsframskrivingen for Oslo 2025. Framskrevet folkemengde etter aldersgrupper og geografisk område (D), i ulike scenarioer (alternativer), 2025-2050",Mellomalternativet MMM,Rodeløkka,Alder i alt,2026,9663
EliminatedValue,0,204,0,2,"BEF036: Befolkningsframskrivingen for Oslo 2025. Framskrevet folkemengde etter aldersgrupper og geografisk område (D), i ulike scenarioer (alternativer), 2025-2050",Mellomalternativet MMM,Rodeløkka,Alder i alt,2027,9923
EliminatedValue,0,204,0,3,"BEF036: Befolkningsframskrivingen for Oslo 2025. Framskrevet folkemengde etter aldersgrupper og geografisk område (D), i ulike scenarioer (alternativer), 2025-2050",Mellomalternativet MMM,Rodeløkka,Alder i alt,2028,10045
EliminatedValue,0,204,0,4,"BEF036: Befolkningsframskrivingen for Oslo 2025. Framskrevet folkemengde etter aldersgrupper og geografisk område (D), i ulike scenarioer (alternativer), 2025-2050",Mellomalternativet MMM,Rodeløkka,Alder i alt,2029,10050
EliminatedValue,0,204,0,5,"BEF036: Befolkningsframskrivingen for Oslo 2025. Framskrevet folkemengde etter aldersgrupper og geografisk område (D), i ulike scenarioer (alternativer), 2025-2050",Mellomalternativet MMM,Rodeløkka,Alder i alt,2030,10044
EliminatedValue,0,204,0,6,"BEF036: Befolkningsframskrivingen for Oslo 2025. Framskrevet folkemengde etter aldersgrupper og geografisk område (D), i ulike scenarioer (alternativer), 2025-2050",Mellomalternativet MMM,Rodeløkka,Alder i alt,2031,10029
EliminatedValue,0,204,0,7,"BEF036: Befolkningsframskrivingen for Oslo 2025. Framskrevet folkemengde etter aldersgrupper og geografisk område (D), i ulike scenarioer (alternativer), 2025-2050",Mellomalternativet MMM,Rodeløkka,Alder i alt,2032,10001
EliminatedValue,0,204,0,8,"BEF036: Befolkningsframskrivingen for Oslo 2025. Framskrevet folkemengde etter aldersgrupper og geografisk område (D), i ulike scenarioer (alternativer), 2025-2050",Mellomalternativet MMM,Rodeløkka,Alder i alt,2033,9961
EliminatedValue,0,204,0,9,"BEF036: Befolkningsframskrivingen for Oslo 2025. Framskrevet folkemengde etter aldersgrupper og geografisk område (D), i ulike scenarioer (alternativer), 2025-2050",Mellomalternativet MMM,Rodeløkka,Alder i alt,2034,9929
EliminatedValue,0,204,0,10,"BEF036: Befolkningsframskrivingen for Oslo 2025. Framskrevet folkemengde etter aldersgrupper og geografisk område (D), i ulike scenarioer (alternativer), 2025-2050",Mellomalternativet MMM,Rodeløkka,Alder i alt,2035,9900
EliminatedValue,0,204,0,11,"BEF036: Befolkningsframskrivingen for Oslo 2025. Framskrevet folkemengde etter aldersgrupper og geografisk område (D), i ulike scenarioer (alternativer), 2025-2050",Mellomalternativet MMM,Rodeløkka,Alder i alt,2036,9871
EliminatedValue,0,204,0,12,"BEF036: Befolkningsframskrivingen for Oslo 2025. Framskrevet folkemengde etter aldersgrupper og geografisk område (D), i ulike scenarioer (alternativer), 2025-2050",Mellomalternativet MMM,Rodeløkka,Alder i alt,2037,9840
EliminatedValue,0,204,0,13,"BEF036: Befolkningsframskrivingen for Oslo 2025. Framskrevet folkemengde etter aldersgrupper og geografisk område (D), i ulike scenarioer (alternativer), 2025-2050",Mellomalternativet MMM,Rodeløkka,Alder i alt,2038,9807
EliminatedValue,0,204,0,14,"BEF036: Befolkningsframskrivingen for Oslo 2025. Framskrevet folkemengde etter aldersgrupper og geografisk område (D), i ulike scenarioer (alternativer), 2025-2050",Mellomalternativet MMM,Rodeløkka,Alder i alt,2039,9769
EliminatedValue,0,204,0,15,"BEF036: Befolkningsframskrivingen for Oslo 2025. Framskrevet folkemengde etter aldersgrupper og geografisk område (D), i ulike scenarioer (alternativer), 2025-2050",Mellomalternativet MMM,Rodeløkka,Alder i alt,2040,9724
EliminatedValue,0,204,0,16,"BEF036: Befolkningsframskrivingen for Oslo 2025. Framskrevet folkemengde etter aldersgrupper og geografisk område (D), i ulike scenarioer (alternativer), 2025-2050",Mellomalternativet MMM,Rodeløkka,Alder i alt,2041,9673
EliminatedValue,0,204,0,17,"BEF036: Befolkningsframskrivingen for Oslo 2025. Framskrevet folkemengde etter aldersgrupper og geografisk område (D), i ulike scenarioer (alternativer), 2025-2050",Mellomalternativet MMM,Rodeløkka,Alder i alt,2042,9617
EliminatedValue,0,204,0,18,"BEF036: Befolkningsframskrivingen for Oslo 2025. Framskrevet folkemengde etter aldersgrupper og geografisk område (D), i ulike scenarioer (alternativer), 2025-2050",Mellomalternativet MMM,Rodeløkka,Alder i alt,2043,9555
EliminatedValue,0,204,0,19,"BEF036: Befolkningsframskrivingen for Oslo 2025. Framskrevet folkemengde etter aldersgrupper og geografisk område (D), i ulike scenarioer (alternativer), 2025-2050",Mellomalternativet MMM,Rodeløkka,Alder i alt,2044,9487
EliminatedValue,0,204,0,20,"BEF036: Befolkningsframskrivingen for Oslo 2025. Framskrevet folkemengde etter aldersgrupper og geografisk område (D), i ulike scenarioer (alternativer), 2025-2050",Mellomalternativet MMM,Rodeløkka,Alder i alt,2045,9415
EliminatedValue,0,204,0,21,"BEF036: Befolkningsframskrivingen for Oslo 2025. Framskrevet folkemengde etter aldersgrupper og geografisk område (D), i ulike scenarioer (alternativer), 2025-2050",Mellomalternativet MMM,Rodeløkka,Alder i alt,2046,9340
EliminatedValue,0,204,0,22,"BEF036: Befolkningsframskrivingen for Oslo 2025. Framskrevet folkemengde etter aldersgrupper og geografisk område (D), i ulike scenarioer (alternativer), 2025-2050",Mellomalternativet MMM,Rodeløkka,Alder i alt,2047,9261
EliminatedValue,0,204,0,23,"BEF036: Befolkningsframskrivingen for Oslo 2025. Framskrevet folkemengde etter aldersgrupper og geografisk område (D), i ulike scenarioer (alternativer), 2025-2050",Mellomalternativet MMM,Rodeløkka,Alder i alt,2048,9181
EliminatedValue,0,204,0,24,"BEF036: Befolkningsframskrivingen for Oslo 2025. Framskrevet folkemengde etter aldersgrupper og geografisk område (D), i ulike scenarioer (alternativer), 2025-2050",Mellomalternativet MMM,Rodeløkka,Alder i alt,2049,9098
EliminatedValue,0,204,0,25,"BEF036: Befolkningsframskrivingen for Oslo 2025. Framskrevet folkemengde etter aldersgrupper og geografisk område (D), i ulike scenarioer (alternativer), 2025-2050",Mellomalternativet MMM,Rodeløkka,Alder i alt,2050,9014
EliminatedValue,0,205,0,0,"BEF036: Befolkningsframskrivingen for Oslo 2025. Framskrevet folkemengde etter aldersgrupper og geografisk område (D), i ulike scenarioer (alternativer), 2025-2050",Mellomalternativet MMM,Sinsen,Alder i alt,2025,9406
EliminatedValue,0,205,0,1,"BEF036: Befolkningsframskrivingen for Oslo 2025. Framskrevet folkemengde etter aldersgrupper og geografisk område (D), i ulike scenarioer (alternativer), 2025-2050",Mellomalternativet MMM,Sinsen,Alder i alt,2026,9629
EliminatedValue,0,205,0,2,"BEF036: Befolkningsframskrivingen for Oslo 2025. Framskrevet folkemengde etter aldersgrupper og geografisk område (D), i ulike scenarioer (alternativer), 2025-2050",Mellomalternativet MMM,Sinsen,Alder i alt,2027,9646
EliminatedValue,0,205,0,3,"BEF036: Befolkningsframskrivingen for Oslo 2025. Framskrevet folkemengde etter aldersgrupper og geografisk område (D), i ulike scenarioer (alternativer), 2025-2050",Mellomalternativet MMM,Sinsen,Alder i alt,2028,9659
EliminatedValue,0,205,0,4,"BEF036: Befolkningsframskrivingen for Oslo 2025. Framskrevet folkemengde etter aldersgrupper og geografisk område (D), i ulike scenarioer (alternativer), 2025-2050",Mellomalternativet MMM,Sinsen,Alder i alt,2029,9664
EliminatedValue,0,205,0,5,"BEF036: Befolkningsframskrivingen for Oslo 2025. Framskrevet folkemengde etter aldersgrupper og geografisk område (D), i ulike scenarioer (alternativer), 2025-2050",Mellomalternativet MMM,Sinsen,Alder i alt,2030,9655
EliminatedValue,0,205,0,6,"BEF036: Befolkningsframskrivingen for Oslo 2025. Framskrevet folkemengde etter aldersgrupper og geografisk område (D), i ulike scenarioer (alternativer), 2025-2050",Mellomalternativet MMM,Sinsen,Alder i alt,2031,9633
EliminatedValue,0,205,0,7,"BEF036: Befolkningsframskrivingen for Oslo 2025. Framskrevet folkemengde etter aldersgrupper og geografisk område (D), i ulike scenarioer (alternativer), 2025-2050",Mellomalternativet MMM,Sinsen,Alder i alt,2032,9596
EliminatedValue,0,205,0,8,"BEF036: Befolkningsframskrivingen for Oslo 2025. Framskrevet folkemengde etter aldersgrupper og geografisk område (D), i ulike scenarioer (alternativer), 2025-2050",Mellomalternativet MMM,Sinsen,Alder i alt,2033,9560
EliminatedValue,0,205,0,9,"BEF036: Befolkningsframskrivingen for Oslo 2025. Framskrevet folkemengde etter aldersgrupper og geografisk område (D), i ulike scenarioer (alternativer), 2025-2050",Mellomalternativet MMM,Sinsen,Alder i alt,2034,9549
EliminatedValue,0,205,0,10,"BEF036: Befolkningsframskrivingen for Oslo 2025. Framskrevet folkemengde etter aldersgrupper og geografisk område (D), i ulike scenarioer (alternativer), 2025-2050",Mellomalternativet MMM,Sinsen,Alder i alt,2035,9543
EliminatedValue,0,205,0,11,"BEF036: Befolkningsframskrivingen for Oslo 2025. Framskrevet folkemengde etter aldersgrupper og geografisk område (D), i ulike scenarioer (alternativer), 2025-2050",Mellomalternativet MMM,Sinsen,Alder i alt,2036,9535
EliminatedValue,0,205,0,12,"BEF036: Befolkningsframskrivingen for Oslo 2025. Framskrevet folkemengde etter aldersgrupper og geografisk område (D), i ulike scenarioer (alternativer), 2025-2050",Mellomalternativet MMM,Sinsen,Alder i alt,2037,9518
EliminatedValue,0,205,0,13,"BEF036: Befolkningsframskrivingen for Oslo 2025. Framskrevet folkemengde etter aldersgrupper og geografisk område (D), i ulike scenarioer (alternativer), 2025-2050",Mellomalternativet MMM,Sinsen,Alder i alt,2038,9497
EliminatedValue,0,205,0,14,"BEF036: Befolkningsframskrivingen for Oslo 2025. Framskrevet folkemengde etter aldersgrupper og geografisk område (D), i ulike scenarioer (alternativer), 2025-2050",Mellomalternativet MMM,Sinsen,Alder i alt,2039,9472
EliminatedValue,0,205,0,15,"BEF036: Befolkningsframskrivingen for Oslo 2025. Framskrevet folkemengde etter aldersgrupper og geografisk område (D), i ulike scenarioer (alternativer), 2025-2050",Mellomalternativet MMM,Sinsen,Alder i alt,2040,9439
EliminatedValue,0,205,0,16,"BEF036: Befolkningsframskrivingen for Oslo 2025. Framskrevet folkemengde etter aldersgrupper og geografisk område (D), i ulike scenarioer (alternativer), 2025-2050",Mellomalternativet MMM,Sinsen,Alder i alt,2041,9400
EliminatedValue,0,205,0,17,"BEF036: Befolkningsframskrivingen for Oslo 2025. Framskrevet folkemengde etter aldersgrupper og geografisk område (D), i ulike scenarioer (alternativer), 2025-2050",Mellomalternativet MMM,Sinsen,Alder i alt,2042,9346
EliminatedValue,0,205,0,18,"BEF036: Befolkningsframskrivingen for Oslo 2025. Framskrevet folkemengde etter aldersgrupper og geografisk område (D), i ulike scenarioer (alternativer), 2025-2050",Mellomalternativet MMM,Sinsen,Alder i alt,2043,9280
EliminatedValue,0,205,0,19,"BEF036: Befolkningsframskrivingen for Oslo 2025. Framskrevet folkemengde etter aldersgrupper og geografisk område (D), i ulike scenarioer (alternativer), 2025-2050",Mellomalternativet MMM,Sinsen,Alder i alt,2044,9208
EliminatedValue,0,205,0,20,"BEF036: Befolkningsframskrivingen for Oslo 2025. Framskrevet folkemengde etter aldersgrupper og geografisk område (D), i ulike scenarioer (alternativer), 2025-2050",Mellomalternativet MMM,Sinsen,Alder i alt,2045,9133
EliminatedValue,0,205,0,21,"BEF036: Befolkningsframskrivingen for Oslo 2025. Framskrevet folkemengde etter aldersgrupper og geografisk område (D), i ulike scenarioer (alternativer), 2025-2050",Mellomalternativet MMM,Sinsen,Alder i alt,2046,9055
EliminatedValue,0,205,0,22,"BEF036: Befolkningsframskrivingen for Oslo 2025. Framskrevet folkemengde etter aldersgrupper og geografisk område (D), i ulike scenarioer (alternativer), 2025-2050",Mellomalternativet MMM,Sinsen,Alder i alt,2047,8972
EliminatedValue,0,205,0,23,"BEF036: Befolkningsframskrivingen for Oslo 2025. Framskrevet folkemengde etter aldersgrupper og geografisk område (D), i ulike scenarioer (alternativer), 2025-2050",Mellomalternativet MMM,Sinsen,Alder i alt,2048,8887
EliminatedValue,0,205,0,24,"BEF036: Befolkningsframskrivingen for Oslo 2025. Framskrevet folkemengde etter aldersgrupper og geografisk område (D), i ulike scenarioer (alternativer), 2025-2050",Mellomalternativet MMM,Sinsen,Alder i alt,2049,8800
EliminatedValue,0,205,0,25,"BEF036: Befolkningsframskrivingen for Oslo 2025. Framskrevet folkemengde etter aldersgrupper og geografisk område (D), i ulike scenarioer (alternativer), 2025-2050",Mellomalternativet MMM,Sinsen,Alder i alt,2050,8711
EliminatedValue,0,206,0,0,"BEF036: Befolkningsframskrivingen for Oslo 2025. Framskrevet folkemengde etter aldersgrupper og geografisk område (D), i ulike scenarioer (alternativer), 2025-2050",Mellomalternativet MMM,Sofienberg,Alder i alt,2025,9513
EliminatedValue,0,206,0,1,"BEF036: Befolkningsframskrivingen for Oslo 2025. Framskrevet folkemengde etter aldersgrupper og geografisk område (D), i ulike scenarioer (alternativer), 2025-2050",Mellomalternativet MMM,Sofienberg,Alder i alt,2026,9487
EliminatedValue,0,206,0,2,"BEF036: Befolkningsframskrivingen for Oslo 2025. Framskrevet folkemengde etter aldersgrupper og geografisk område (D), i ulike scenarioer (alternativer), 2025-2050",Mellomalternativet MMM,Sofienberg,Alder i alt,2027,9485
EliminatedValue,0,206,0,3,"BEF036: Befolkningsframskrivingen for Oslo 2025. Framskrevet folkemengde etter aldersgrupper og geografisk område (D), i ulike scenarioer (alternativer), 2025-2050",Mellomalternativet MMM,Sofienberg,Alder i alt,2028,9479
EliminatedValue,0,206,0,4,"BEF036: Befolkningsframskrivingen for Oslo 2025. Framskrevet folkemengde etter aldersgrupper og geografisk område (D), i ulike scenarioer (alternativer), 2025-2050",Mellomalternativet MMM,Sofienberg,Alder i alt,2029,9459
EliminatedValue,0,206,0,5,"BEF036: Befolkningsframskrivingen for Oslo 2025. Framskrevet folkemengde etter aldersgrupper og geografisk område (D), i ulike scenarioer (alternativer), 2025-2050",Mellomalternativet MMM,Sofienberg,Alder i alt,2030,9404
EliminatedValue,0,206,0,6,"BEF036: Befolkningsframskrivingen for Oslo 2025. Framskrevet folkemengde etter aldersgrupper og geografisk område (D), i ulike scenarioer (alternativer), 2025-2050",Mellomalternativet MMM,Sofienberg,Alder i alt,2031,9349
EliminatedValue,0,206,0,7,"BEF036: Befolkningsframskrivingen for Oslo 2025. Framskrevet folkemengde etter aldersgrupper og geografisk område (D), i ulike scenarioer (alternativer), 2025-2050",Mellomalternativet MMM,Sofienberg,Alder i alt,2032,9302
EliminatedValue,0,206,0,8,"BEF036: Befolkningsframskrivingen for Oslo 2025. Framskrevet folkemengde etter aldersgrupper og geografisk område (D), i ulike scenarioer (alternativer), 2025-2050",Mellomalternativet MMM,Sofienberg,Alder i alt,2033,9258
EliminatedValue,0,206,0,9,"BEF036: Befolkningsframskrivingen for Oslo 2025. Framskrevet folkemengde etter aldersgrupper og geografisk område (D), i ulike scenarioer (alternativer), 2025-2050",Mellomalternativet MMM,Sofienberg,Alder i alt,2034,9219
EliminatedValue,0,206,0,10,"BEF036: Befolkningsframskrivingen for Oslo 2025. Framskrevet folkemengde etter aldersgrupper og geografisk område (D), i ulike scenarioer (alternativer), 2025-2050",Mellomalternativet MMM,Sofienberg,Alder i alt,2035,9183
EliminatedValue,0,206,0,11,"BEF036: Befolkningsframskrivingen for Oslo 2025. Framskrevet folkemengde etter aldersgrupper og geografisk område (D), i ulike scenarioer (alternativer), 2025-2050",Mellomalternativet MMM,Sofienberg,Alder i alt,2036,9150
EliminatedValue,0,206,0,12,"BEF036: Befolkningsframskrivingen for Oslo 2025. Framskrevet folkemengde etter aldersgrupper og geografisk område (D), i ulike scenarioer (alternativer), 2025-2050",Mellomalternativet MMM,Sofienberg,Alder i alt,2037,9114
EliminatedValue,0,206,0,13,"BEF036: Befolkningsframskrivingen for Oslo 2025. Framskrevet folkemengde etter aldersgrupper og geografisk område (D), i ulike scenarioer (alternativer), 2025-2050",Mellomalternativet MMM,Sofienberg,Alder i alt,2038,9075
EliminatedValue,0,206,0,14,"BEF036: Befolkningsframskrivingen for Oslo 2025. Framskrevet folkemengde etter aldersgrupper og geografisk område (D), i ulike scenarioer (alternativer), 2025-2050",Mellomalternativet MMM,Sofienberg,Alder i alt,2039,9030
EliminatedValue,0,206,0,15,"BEF036: Befolkningsframskrivingen for Oslo 2025. Framskrevet folkemengde etter aldersgrupper og geografisk område (D), i ulike scenarioer (alternativer), 2025-2050",Mellomalternativet MMM,Sofienberg,Alder i alt,2040,8977
EliminatedValue,0,206,0,16,"BEF036: Befolkningsframskrivingen for Oslo 2025. Framskrevet folkemengde etter aldersgrupper og geografisk område (D), i ulike scenarioer (alternativer), 2025-2050",Mellomalternativet MMM,Sofienberg,Alder i alt,2041,8918
EliminatedValue,0,206,0,17,"BEF036: Befolkningsframskrivingen for Oslo 2025. Framskrevet folkemengde etter aldersgrupper og geografisk område (D), i ulike scenarioer (alternativer), 2025-2050",Mellomalternativet MMM,Sofienberg,Alder i alt,2042,8851
EliminatedValue,0,206,0,18,"BEF036: Befolkningsframskrivingen for Oslo 2025. Framskrevet folkemengde etter aldersgrupper og geografisk område (D), i ulike scenarioer (alternativer), 2025-2050",Mellomalternativet MMM,Sofienberg,Alder i alt,2043,8778
EliminatedValue,0,206,0,19,"BEF036: Befolkningsframskrivingen for Oslo 2025. Framskrevet folkemengde etter aldersgrupper og geografisk område (D), i ulike scenarioer (alternativer), 2025-2050",Mellomalternativet MMM,Sofienberg,Alder i alt,2044,8698
EliminatedValue,0,206,0,20,"BEF036: Befolkningsframskrivingen for Oslo 2025. Framskrevet folkemengde etter aldersgrupper og geografisk område (D), i ulike scenarioer (alternativer), 2025-2050",Mellomalternativet MMM,Sofienberg,Alder i alt,2045,8614
EliminatedValue,0,206,0,21,"BEF036: Befolkningsframskrivingen for Oslo 2025. Framskrevet folkemengde etter aldersgrupper og geografisk område (D), i ulike scenarioer (alternativer), 2025-2050",Mellomalternativet MMM,Sofienberg,Alder i alt,2046,8527
EliminatedValue,0,206,0,22,"BEF036: Befolkningsframskrivingen for Oslo 2025. Framskrevet folkemengde etter aldersgrupper og geografisk område (D), i ulike scenarioer (alternativer), 2025-2050",Mellomalternativet MMM,Sofienberg,Alder i alt,2047,8437
EliminatedValue,0,206,0,23,"BEF036: Befolkningsframskrivingen for Oslo 2025. Framskrevet folkemengde etter aldersgrupper og geografisk område (D), i ulike scenarioer (alternativer), 2025-2050",Mellomalternativet MMM,Sofienberg,Alder i alt,2048,8345
EliminatedValue,0,206,0,24,"BEF036: Befolkningsframskrivingen for Oslo 2025. Framskrevet folkemengde etter aldersgrupper og geografisk område (D), i ulike scenarioer (alternativer), 2025-2050",Mellomalternativet MMM,Sofienberg,Alder i alt,2049,8251
EliminatedValue,0,206,0,25,"BEF036: Befolkningsframskrivingen for Oslo 2025. Framskrevet folkemengde etter aldersgrupper og geografisk område (D), i ulike scenarioer (alternativer), 2025-2050",Mellomalternativet MMM,Sofienberg,Alder i alt,2050,8158
EliminatedValue,0,208,0,0,"BEF036: Befolkningsframskrivingen for Oslo 2025. Framskrevet folkemengde etter aldersgrupper og geografisk område (D), i ulike scenarioer (alternativer), 2025-2050",Mellomalternativet MMM,Løren,Alder i alt,2025,13148
EliminatedValue,0,208,0,1,"BEF036: Befolkningsframskrivingen for Oslo 2025. Framskrevet folkemengde etter aldersgrupper og geografisk område (D), i ulike scenarioer (alternativer), 2025-2050",Mellomalternativet MMM,Løren,Alder i alt,2026,13775
EliminatedValue,0,208,0,2,"BEF036: Befolkningsframskrivingen for Oslo 2025. Framskrevet folkemengde etter aldersgrupper og geografisk område (D), i ulike scenarioer (alternativer), 2025-2050",Mellomalternativet MMM,Løren,Alder i alt,2027,14193
EliminatedValue,0,208,0,3,"BEF036: Befolkningsframskrivingen for Oslo 2025. Framskrevet folkemengde etter aldersgrupper og geografisk område (D), i ulike scenarioer (alternativer), 2025-2050",Mellomalternativet MMM,Løren,Alder i alt,2028,14487
EliminatedValue,0,208,0,4,"BEF036: Befolkningsframskrivingen for Oslo 2025. Framskrevet folkemengde etter aldersgrupper og geografisk område (D), i ulike scenarioer (alternativer), 2025-2050",Mellomalternativet MMM,Løren,Alder i alt,2029,14776
EliminatedValue,0,208,0,5,"BEF036: Befolkningsframskrivingen for Oslo 2025. Framskrevet folkemengde etter aldersgrupper og geografisk område (D), i ulike scenarioer (alternativer), 2025-2050",Mellomalternativet MMM,Løren,Alder i alt,2030,15086
EliminatedValue,0,208,0,6,"BEF036: Befolkningsframskrivingen for Oslo 2025. Framskrevet folkemengde etter aldersgrupper og geografisk område (D), i ulike scenarioer (alternativer), 2025-2050",Mellomalternativet MMM,Løren,Alder i alt,2031,15534
EliminatedValue,0,208,0,7,"BEF036: Befolkningsframskrivingen for Oslo 2025. Framskrevet folkemengde etter aldersgrupper og geografisk område (D), i ulike scenarioer (alternativer), 2025-2050",Mellomalternativet MMM,Løren,Alder i alt,2032,16061
EliminatedValue,0,208,0,8,"BEF036: Befolkningsframskrivingen for Oslo 2025. Framskrevet folkemengde etter aldersgrupper og geografisk område (D), i ulike scenarioer (alternativer), 2025-2050",Mellomalternativet MMM,Løren,Alder i alt,2033,16577
EliminatedValue,0,208,0,9,"BEF036: Befolkningsframskrivingen for Oslo 2025. Framskrevet folkemengde etter aldersgrupper og geografisk område (D), i ulike scenarioer (alternativer), 2025-2050",Mellomalternativet MMM,Løren,Alder i alt,2034,16903
EliminatedValue,0,208,0,10,"BEF036: Befolkningsframskrivingen for Oslo 2025. Framskrevet folkemengde etter aldersgrupper og geografisk område (D), i ulike scenarioer (alternativer), 2025-2050",Mellomalternativet MMM,Løren,Alder i alt,2035,17184
EliminatedValue,0,208,0,11,"BEF036: Befolkningsframskrivingen for Oslo 2025. Framskrevet folkemengde etter aldersgrupper og geografisk område (D), i ulike scenarioer (alternativer), 2025-2050",Mellomalternativet MMM,Løren,Alder i alt,2036,17444
EliminatedValue,0,208,0,12,"BEF036: Befolkningsframskrivingen for Oslo 2025. Framskrevet folkemengde etter aldersgrupper og geografisk område (D), i ulike scenarioer (alternativer), 2025-2050",Mellomalternativet MMM,Løren,Alder i alt,2037,17562
EliminatedValue,0,208,0,13,"BEF036: Befolkningsframskrivingen for Oslo 2025. Framskrevet folkemengde etter aldersgrupper og geografisk område (D), i ulike scenarioer (alternativer), 2025-2050",Mellomalternativet MMM,Løren,Alder i alt,2038,17673
EliminatedValue,0,208,0,14,"BEF036: Befolkningsframskrivingen for Oslo 2025. Framskrevet folkemengde etter aldersgrupper og geografisk område (D), i ulike scenarioer (alternativer), 2025-2050",Mellomalternativet MMM,Løren,Alder i alt,2039,17698
EliminatedValue,0,208,0,15,"BEF036: Befolkningsframskrivingen for Oslo 2025. Framskrevet folkemengde etter aldersgrupper og geografisk område (D), i ulike scenarioer (alternativer), 2025-2050",Mellomalternativet MMM,Løren,Alder i alt,2040,17722
EliminatedValue,0,208,0,16,"BEF036: Befolkningsframskrivingen for Oslo 2025. Framskrevet folkemengde etter aldersgrupper og geografisk område (D), i ulike scenarioer (alternativer), 2025-2050",Mellomalternativet MMM,Løren,Alder i alt,2041,17767
EliminatedValue,0,208,0,17,"BEF036: Befolkningsframskrivingen for Oslo 2025. Framskrevet folkemengde etter aldersgrupper og geografisk område (D), i ulike scenarioer (alternativer), 2025-2050",Mellomalternativet MMM,Løren,Alder i alt,2042,17819
EliminatedValue,0,208,0,18,"BEF036: Befolkningsframskrivingen for Oslo 2025. Framskrevet folkemengde etter aldersgrupper og geografisk område (D), i ulike scenarioer (alternativer), 2025-2050",Mellomalternativet MMM,Løren,Alder i alt,2043,17867
EliminatedValue,0,208,0,19,"BEF036: Befolkningsframskrivingen for Oslo 2025. Framskrevet folkemengde etter aldersgrupper og geografisk område (D), i ulike scenarioer (alternativer), 2025-2050",Mellomalternativet MMM,Løren,Alder i alt,2044,17908
EliminatedValue,0,208,0,20,"BEF036: Befolkningsframskrivingen for Oslo 2025. Framskrevet folkemengde etter aldersgrupper og geografisk område (D), i ulike scenarioer (alternativer), 2025-2050",Mellomalternativet MMM,Løren,Alder i alt,2045,17940
EliminatedValue,0,208,0,21,"BEF036: Befolkningsframskrivingen for Oslo 2025. Framskrevet folkemengde etter aldersgrupper og geografisk område (D), i ulike scenarioer (alternativer), 2025-2050",Mellomalternativet MMM,Løren,Alder i alt,2046,17962
EliminatedValue,0,208,0,22,"BEF036: Befolkningsframskrivingen for Oslo 2025. Framskrevet folkemengde etter aldersgrupper og geografisk område (D), i ulike scenarioer (alternativer), 2025-2050",Mellomalternativet MMM,Løren,Alder i alt,2047,17961
EliminatedValue,0,208,0,23,"BEF036: Befolkningsframskrivingen for Oslo 2025. Framskrevet folkemengde etter aldersgrupper og geografisk område (D), i ulike scenarioer (alternativer), 2025-2050",Mellomalternativet MMM,Løren,Alder i alt,2048,17939
EliminatedValue,0,208,0,24,"BEF036: Befolkningsframskrivingen for Oslo 2025. Framskrevet folkemengde etter aldersgrupper og geografisk område (D), i ulike scenarioer (alternativer), 2025-2050",Mellomalternativet MMM,Løren,Alder i alt,2049,17889
EliminatedValue,0,208,0,25,"BEF036: Befolkningsframskrivingen for Oslo 2025. Framskrevet folkemengde etter aldersgrupper og geografisk område (D), i ulike scenarioer (alternativer), 2025-2050",Mellomalternativet MMM,Løren,Alder i alt,2050,17814
EliminatedValue,0,209,0,0,"BEF036: Befolkningsframskrivingen for Oslo 2025. Framskrevet folkemengde etter aldersgrupper og geografisk område (D), i ulike scenarioer (alternativer), 2025-2050",Mellomalternativet MMM,Hasle,Alder i alt,2025,6252
EliminatedValue,0,209,0,1,"BEF036: Befolkningsframskrivingen for Oslo 2025. Framskrevet folkemengde etter aldersgrupper og geografisk område (D), i ulike scenarioer (alternativer), 2025-2050",Mellomalternativet MMM,Hasle,Alder i alt,2026,6273
EliminatedValue,0,209,0,2,"BEF036: Befolkningsframskrivingen for Oslo 2025. Framskrevet folkemengde etter aldersgrupper og geografisk område (D), i ulike scenarioer (alternativer), 2025-2050",Mellomalternativet MMM,Hasle,Alder i alt,2027,6298
EliminatedValue,0,209,0,3,"BEF036: Befolkningsframskrivingen for Oslo 2025. Framskrevet folkemengde etter aldersgrupper og geografisk område (D), i ulike scenarioer (alternativer), 2025-2050",Mellomalternativet MMM,Hasle,Alder i alt,2028,6320
EliminatedValue,0,209,0,4,"BEF036: Befolkningsframskrivingen for Oslo 2025. Framskrevet folkemengde etter aldersgrupper og geografisk område (D), i ulike scenarioer (alternativer), 2025-2050",Mellomalternativet MMM,Hasle,Alder i alt,2029,6335
EliminatedValue,0,209,0,5,"BEF036: Befolkningsframskrivingen for Oslo 2025. Framskrevet folkemengde etter aldersgrupper og geografisk område (D), i ulike scenarioer (alternativer), 2025-2050",Mellomalternativet MMM,Hasle,Alder i alt,2030,6340
EliminatedValue,0,209,0,6,"BEF036: Befolkningsframskrivingen for Oslo 2025. Framskrevet folkemengde etter aldersgrupper og geografisk område (D), i ulike scenarioer (alternativer), 2025-2050",Mellomalternativet MMM,Hasle,Alder i alt,2031,6381
EliminatedValue,0,209,0,7,"BEF036: Befolkningsframskrivingen for Oslo 2025. Framskrevet folkemengde etter aldersgrupper og geografisk område (D), i ulike scenarioer (alternativer), 2025-2050",Mellomalternativet MMM,Hasle,Alder i alt,2032,6437
EliminatedValue,0,209,0,8,"BEF036: Befolkningsframskrivingen for Oslo 2025. Framskrevet folkemengde etter aldersgrupper og geografisk område (D), i ulike scenarioer (alternativer), 2025-2050",Mellomalternativet MMM,Hasle,Alder i alt,2033,6537
EliminatedValue,0,209,0,9,"BEF036: Befolkningsframskrivingen for Oslo 2025. Framskrevet folkemengde etter aldersgrupper og geografisk område (D), i ulike scenarioer (alternativer), 2025-2050",Mellomalternativet MMM,Hasle,Alder i alt,2034,6674
EliminatedValue,0,209,0,10,"BEF036: Befolkningsframskrivingen for Oslo 2025. Framskrevet folkemengde etter aldersgrupper og geografisk område (D), i ulike scenarioer (alternativer), 2025-2050",Mellomalternativet MMM,Hasle,Alder i alt,2035,6821
EliminatedValue,0,209,0,11,"BEF036: Befolkningsframskrivingen for Oslo 2025. Framskrevet folkemengde etter aldersgrupper og geografisk område (D), i ulike scenarioer (alternativer), 2025-2050",Mellomalternativet MMM,Hasle,Alder i alt,2036,6988
EliminatedValue,0,209,0,12,"BEF036: Befolkningsframskrivingen for Oslo 2025. Framskrevet folkemengde etter aldersgrupper og geografisk område (D), i ulike scenarioer (alternativer), 2025-2050",Mellomalternativet MMM,Hasle,Alder i alt,2037,7153
EliminatedValue,0,209,0,13,"BEF036: Befolkningsframskrivingen for Oslo 2025. Framskrevet folkemengde etter aldersgrupper og geografisk område (D), i ulike scenarioer (alternativer), 2025-2050",Mellomalternativet MMM,Hasle,Alder i alt,2038,7371
EliminatedValue,0,209,0,14,"BEF036: Befolkningsframskrivingen for Oslo 2025. Framskrevet folkemengde etter aldersgrupper og geografisk område (D), i ulike scenarioer (alternativer), 2025-2050",Mellomalternativet MMM,Hasle,Alder i alt,2039,7583
EliminatedValue,0,209,0,15,"BEF036: Befolkningsframskrivingen for Oslo 2025. Framskrevet folkemengde etter aldersgrupper og geografisk område (D), i ulike scenarioer (alternativer), 2025-2050",Mellomalternativet MMM,Hasle,Alder i alt,2040,7907
EliminatedValue,0,209,0,16,"BEF036: Befolkningsframskrivingen for Oslo 2025. Framskrevet folkemengde etter aldersgrupper og geografisk område (D), i ulike scenarioer (alternativer), 2025-2050",Mellomalternativet MMM,Hasle,Alder i alt,2041,8181
EliminatedValue,0,209,0,17,"BEF036: Befolkningsframskrivingen for Oslo 2025. Framskrevet folkemengde etter aldersgrupper og geografisk område (D), i ulike scenarioer (alternativer), 2025-2050",Mellomalternativet MMM,Hasle,Alder i alt,2042,8386
EliminatedValue,0,209,0,18,"BEF036: Befolkningsframskrivingen for Oslo 2025. Framskrevet folkemengde etter aldersgrupper og geografisk område (D), i ulike scenarioer (alternativer), 2025-2050",Mellomalternativet MMM,Hasle,Alder i alt,2043,8564
EliminatedValue,0,209,0,19,"BEF036: Befolkningsframskrivingen for Oslo 2025. Framskrevet folkemengde etter aldersgrupper og geografisk område (D), i ulike scenarioer (alternativer), 2025-2050",Mellomalternativet MMM,Hasle,Alder i alt,2044,8728
EliminatedValue,0,209,0,20,"BEF036: Befolkningsframskrivingen for Oslo 2025. Framskrevet folkemengde etter aldersgrupper og geografisk område (D), i ulike scenarioer (alternativer), 2025-2050",Mellomalternativet MMM,Hasle,Alder i alt,2045,8878
EliminatedValue,0,209,0,21,"BEF036: Befolkningsframskrivingen for Oslo 2025. Framskrevet folkemengde etter aldersgrupper og geografisk område (D), i ulike scenarioer (alternativer), 2025-2050",Mellomalternativet MMM,Hasle,Alder i alt,2046,9013
EliminatedValue,0,209,0,22,"BEF036: Befolkningsframskrivingen for Oslo 2025. Framskrevet folkemengde etter aldersgrupper og geografisk område (D), i ulike scenarioer (alternativer), 2025-2050",Mellomalternativet MMM,Hasle,Alder i alt,2047,9125
EliminatedValue,0,209,0,23,"BEF036: Befolkningsframskrivingen for Oslo 2025. Framskrevet folkemengde etter aldersgrupper og geografisk område (D), i ulike scenarioer (alternativer), 2025-2050",Mellomalternativet MMM,Hasle,Alder i alt,2048,9213
EliminatedValue,0,209,0,24,"BEF036: Befolkningsframskrivingen for Oslo 2025. Framskrevet folkemengde etter aldersgrupper og geografisk område (D), i ulike scenarioer (alternativer), 2025-2050",Mellomalternativet MMM,Hasle,Alder i alt,2049,9262
EliminatedValue,0,209,0,25,"BEF036: Befolkningsframskrivingen for Oslo 2025. Framskrevet folkemengde etter aldersgrupper og geografisk område (D), i ulike scenarioer (alternativer), 2025-2050",Mellomalternativet MMM,Hasle,Alder i alt,2050,9296
EliminatedValue,0,301,0,0,"BEF036: Befolkningsframskrivingen for Oslo 2025. Framskrevet folkemengde etter aldersgrupper og geografisk område (D), i ulike scenarioer (alternativer), 2025-2050",Mellomalternativet MMM,Iladalen,Alder i alt,2025,8727
EliminatedValue,0,301,0,1,"BEF036: Befolkningsframskrivingen for Oslo 2025. Framskrevet folkemengde etter aldersgrupper og geografisk område (D), i ulike scenarioer (alternativer), 2025-2050",Mellomalternativet MMM,Iladalen,Alder i alt,2026,8685
EliminatedValue,0,301,0,2,"BEF036: Befolkningsframskrivingen for Oslo 2025. Framskrevet folkemengde etter aldersgrupper og geografisk område (D), i ulike scenarioer (alternativer), 2025-2050",Mellomalternativet MMM,Iladalen,Alder i alt,2027,8670
EliminatedValue,0,301,0,3,"BEF036: Befolkningsframskrivingen for Oslo 2025. Framskrevet folkemengde etter aldersgrupper og geografisk område (D), i ulike scenarioer (alternativer), 2025-2050",Mellomalternativet MMM,Iladalen,Alder i alt,2028,8659
EliminatedValue,0,301,0,4,"BEF036: Befolkningsframskrivingen for Oslo 2025. Framskrevet folkemengde etter aldersgrupper og geografisk område (D), i ulike scenarioer (alternativer), 2025-2050",Mellomalternativet MMM,Iladalen,Alder i alt,2029,8636
EliminatedValue,0,301,0,5,"BEF036: Befolkningsframskrivingen for Oslo 2025. Framskrevet folkemengde etter aldersgrupper og geografisk område (D), i ulike scenarioer (alternativer), 2025-2050",Mellomalternativet MMM,Iladalen,Alder i alt,2030,8577
EliminatedValue,0,301,0,6,"BEF036: Befolkningsframskrivingen for Oslo 2025. Framskrevet folkemengde etter aldersgrupper og geografisk område (D), i ulike scenarioer (alternativer), 2025-2050",Mellomalternativet MMM,Iladalen,Alder i alt,2031,8518
EliminatedValue,0,301,0,7,"BEF036: Befolkningsframskrivingen for Oslo 2025. Framskrevet folkemengde etter aldersgrupper og geografisk område (D), i ulike scenarioer (alternativer), 2025-2050",Mellomalternativet MMM,Iladalen,Alder i alt,2032,8469
EliminatedValue,0,301,0,8,"BEF036: Befolkningsframskrivingen for Oslo 2025. Framskrevet folkemengde etter aldersgrupper og geografisk område (D), i ulike scenarioer (alternativer), 2025-2050",Mellomalternativet MMM,Iladalen,Alder i alt,2033,8423
EliminatedValue,0,301,0,9,"BEF036: Befolkningsframskrivingen for Oslo 2025. Framskrevet folkemengde etter aldersgrupper og geografisk område (D), i ulike scenarioer (alternativer), 2025-2050",Mellomalternativet MMM,Iladalen,Alder i alt,2034,8384
EliminatedValue,0,301,0,10,"BEF036: Befolkningsframskrivingen for Oslo 2025. Framskrevet folkemengde etter aldersgrupper og geografisk område (D), i ulike scenarioer (alternativer), 2025-2050",Mellomalternativet MMM,Iladalen,Alder i alt,2035,8349
EliminatedValue,0,301,0,11,"BEF036: Befolkningsframskrivingen for Oslo 2025. Framskrevet folkemengde etter aldersgrupper og geografisk område (D), i ulike scenarioer (alternativer), 2025-2050",Mellomalternativet MMM,Iladalen,Alder i alt,2036,8319
EliminatedValue,0,301,0,12,"BEF036: Befolkningsframskrivingen for Oslo 2025. Framskrevet folkemengde etter aldersgrupper og geografisk område (D), i ulike scenarioer (alternativer), 2025-2050",Mellomalternativet MMM,Iladalen,Alder i alt,2037,8287
EliminatedValue,0,301,0,13,"BEF036: Befolkningsframskrivingen for Oslo 2025. Framskrevet folkemengde etter aldersgrupper og geografisk område (D), i ulike scenarioer (alternativer), 2025-2050",Mellomalternativet MMM,Iladalen,Alder i alt,2038,8252
EliminatedValue,0,301,0,14,"BEF036: Befolkningsframskrivingen for Oslo 2025. Framskrevet folkemengde etter aldersgrupper og geografisk område (D), i ulike scenarioer (alternativer), 2025-2050",Mellomalternativet MMM,Iladalen,Alder i alt,2039,8213
EliminatedValue,0,301,0,15,"BEF036: Befolkningsframskrivingen for Oslo 2025. Framskrevet folkemengde etter aldersgrupper og geografisk område (D), i ulike scenarioer (alternativer), 2025-2050",Mellomalternativet MMM,Iladalen,Alder i alt,2040,8177
EliminatedValue,0,301,0,16,"BEF036: Befolkningsframskrivingen for Oslo 2025. Framskrevet folkemengde etter aldersgrupper og geografisk område (D), i ulike scenarioer (alternativer), 2025-2050",Mellomalternativet MMM,Iladalen,Alder i alt,2041,8143
EliminatedValue,0,301,0,17,"BEF036: Befolkningsframskrivingen for Oslo 2025. Framskrevet folkemengde etter aldersgrupper og geografisk område (D), i ulike scenarioer (alternativer), 2025-2050",Mellomalternativet MMM,Iladalen,Alder i alt,2042,8107
EliminatedValue,0,301,0,18,"BEF036: Befolkningsframskrivingen for Oslo 2025. Framskrevet folkemengde etter aldersgrupper og geografisk område (D), i ulike scenarioer (alternativer), 2025-2050",Mellomalternativet MMM,Iladalen,Alder i alt,2043,8068
EliminatedValue,0,301,0,19,"BEF036: Befolkningsframskrivingen for Oslo 2025. Framskrevet folkemengde etter aldersgrupper og geografisk område (D), i ulike scenarioer (alternativer), 2025-2050",Mellomalternativet MMM,Iladalen,Alder i alt,2044,8025
EliminatedValue,0,301,0,20,"BEF036: Befolkningsframskrivingen for Oslo 2025. Framskrevet folkemengde etter aldersgrupper og geografisk område (D), i ulike scenarioer (alternativer), 2025-2050",Mellomalternativet MMM,Iladalen,Alder i alt,2045,7973
EliminatedValue,0,301,0,21,"BEF036: Befolkningsframskrivingen for Oslo 2025. Framskrevet folkemengde etter aldersgrupper og geografisk område (D), i ulike scenarioer (alternativer), 2025-2050",Mellomalternativet MMM,Iladalen,Alder i alt,2046,7916
EliminatedValue,0,301,0,22,"BEF036: Befolkningsframskrivingen for Oslo 2025. Framskrevet folkemengde etter aldersgrupper og geografisk område (D), i ulike scenarioer (alternativer), 2025-2050",Mellomalternativet MMM,Iladalen,Alder i alt,2047,7853
EliminatedValue,0,301,0,23,"BEF036: Befolkningsframskrivingen for Oslo 2025. Framskrevet folkemengde etter aldersgrupper og geografisk område (D), i ulike scenarioer (alternativer), 2025-2050",Mellomalternativet MMM,Iladalen,Alder i alt,2048,7784
EliminatedValue,0,301,0,24,"BEF036: Befolkningsframskrivingen for Oslo 2025. Framskrevet folkemengde etter aldersgrupper og geografisk område (D), i ulike scenarioer (alternativer), 2025-2050",Mellomalternativet MMM,Iladalen,Alder i alt,2049,7709
EliminatedValue,0,301,0,25,"BEF036: Befolkningsframskrivingen for Oslo 2025. Framskrevet folkemengde etter aldersgrupper og geografisk område (D), i ulike scenarioer (alternativer), 2025-2050",Mellomalternativet MMM,Iladalen,Alder i alt,2050,7632
EliminatedValue,0,302,0,0,"BEF036: Befolkningsframskrivingen for Oslo 2025. Framskrevet folkemengde etter aldersgrupper og geografisk område (D), i ulike scenarioer (alternativer), 2025-2050",Mellomalternativet MMM,Sagene,Alder i alt,2025,6243
EliminatedValue,0,302,0,1,"BEF036: Befolkningsframskrivingen for Oslo 2025. Framskrevet folkemengde etter aldersgrupper og geografisk område (D), i ulike scenarioer (alternativer), 2025-2050",Mellomalternativet MMM,Sagene,Alder i alt,2026,6259
EliminatedValue,0,302,0,2,"BEF036: Befolkningsframskrivingen for Oslo 2025. Framskrevet folkemengde etter aldersgrupper og geografisk område (D), i ulike scenarioer (alternativer), 2025-2050",Mellomalternativet MMM,Sagene,Alder i alt,2027,6279
EliminatedValue,0,302,0,3,"BEF036: Befolkningsframskrivingen for Oslo 2025. Framskrevet folkemengde etter aldersgrupper og geografisk område (D), i ulike scenarioer (alternativer), 2025-2050",Mellomalternativet MMM,Sagene,Alder i alt,2028,6290
EliminatedValue,0,302,0,4,"BEF036: Befolkningsframskrivingen for Oslo 2025. Framskrevet folkemengde etter aldersgrupper og geografisk område (D), i ulike scenarioer (alternativer), 2025-2050",Mellomalternativet MMM,Sagene,Alder i alt,2029,6287
EliminatedValue,0,302,0,5,"BEF036: Befolkningsframskrivingen for Oslo 2025. Framskrevet folkemengde etter aldersgrupper og geografisk område (D), i ulike scenarioer (alternativer), 2025-2050",Mellomalternativet MMM,Sagene,Alder i alt,2030,6262
EliminatedValue,0,302,0,6,"BEF036: Befolkningsframskrivingen for Oslo 2025. Framskrevet folkemengde etter aldersgrupper og geografisk område (D), i ulike scenarioer (alternativer), 2025-2050",Mellomalternativet MMM,Sagene,Alder i alt,2031,6234
EliminatedValue,0,302,0,7,"BEF036: Befolkningsframskrivingen for Oslo 2025. Framskrevet folkemengde etter aldersgrupper og geografisk område (D), i ulike scenarioer (alternativer), 2025-2050",Mellomalternativet MMM,Sagene,Alder i alt,2032,6208
EliminatedValue,0,302,0,8,"BEF036: Befolkningsframskrivingen for Oslo 2025. Framskrevet folkemengde etter aldersgrupper og geografisk område (D), i ulike scenarioer (alternativer), 2025-2050",Mellomalternativet MMM,Sagene,Alder i alt,2033,6184
EliminatedValue,0,302,0,9,"BEF036: Befolkningsframskrivingen for Oslo 2025. Framskrevet folkemengde etter aldersgrupper og geografisk område (D), i ulike scenarioer (alternativer), 2025-2050",Mellomalternativet MMM,Sagene,Alder i alt,2034,6162
EliminatedValue,0,302,0,10,"BEF036: Befolkningsframskrivingen for Oslo 2025. Framskrevet folkemengde etter aldersgrupper og geografisk område (D), i ulike scenarioer (alternativer), 2025-2050",Mellomalternativet MMM,Sagene,Alder i alt,2035,6141
EliminatedValue,0,302,0,11,"BEF036: Befolkningsframskrivingen for Oslo 2025. Framskrevet folkemengde etter aldersgrupper og geografisk område (D), i ulike scenarioer (alternativer), 2025-2050",Mellomalternativet MMM,Sagene,Alder i alt,2036,6123
EliminatedValue,0,302,0,12,"BEF036: Befolkningsframskrivingen for Oslo 2025. Framskrevet folkemengde etter aldersgrupper og geografisk område (D), i ulike scenarioer (alternativer), 2025-2050",Mellomalternativet MMM,Sagene,Alder i alt,2037,6105
EliminatedValue,0,302,0,13,"BEF036: Befolkningsframskrivingen for Oslo 2025. Framskrevet folkemengde etter aldersgrupper og geografisk område (D), i ulike scenarioer (alternativer), 2025-2050",Mellomalternativet MMM,Sagene,Alder i alt,2038,6085
EliminatedValue,0,302,0,14,"BEF036: Befolkningsframskrivingen for Oslo 2025. Framskrevet folkemengde etter aldersgrupper og geografisk område (D), i ulike scenarioer (alternativer), 2025-2050",Mellomalternativet MMM,Sagene,Alder i alt,2039,6063
EliminatedValue,0,302,0,15,"BEF036: Befolkningsframskrivingen for Oslo 2025. Framskrevet folkemengde etter aldersgrupper og geografisk område (D), i ulike scenarioer (alternativer), 2025-2050",Mellomalternativet MMM,Sagene,Alder i alt,2040,6038
EliminatedValue,0,302,0,16,"BEF036: Befolkningsframskrivingen for Oslo 2025. Framskrevet folkemengde etter aldersgrupper og geografisk område (D), i ulike scenarioer (alternativer), 2025-2050",Mellomalternativet MMM,Sagene,Alder i alt,2041,6009
EliminatedValue,0,302,0,17,"BEF036: Befolkningsframskrivingen for Oslo 2025. Framskrevet folkemengde etter aldersgrupper og geografisk område (D), i ulike scenarioer (alternativer), 2025-2050",Mellomalternativet MMM,Sagene,Alder i alt,2042,5975
EliminatedValue,0,302,0,18,"BEF036: Befolkningsframskrivingen for Oslo 2025. Framskrevet folkemengde etter aldersgrupper og geografisk område (D), i ulike scenarioer (alternativer), 2025-2050",Mellomalternativet MMM,Sagene,Alder i alt,2043,5939
EliminatedValue,0,302,0,19,"BEF036: Befolkningsframskrivingen for Oslo 2025. Framskrevet folkemengde etter aldersgrupper og geografisk område (D), i ulike scenarioer (alternativer), 2025-2050",Mellomalternativet MMM,Sagene,Alder i alt,2044,5898
EliminatedValue,0,302,0,20,"BEF036: Befolkningsframskrivingen for Oslo 2025. Framskrevet folkemengde etter aldersgrupper og geografisk område (D), i ulike scenarioer (alternativer), 2025-2050",Mellomalternativet MMM,Sagene,Alder i alt,2045,5855
EliminatedValue,0,302,0,21,"BEF036: Befolkningsframskrivingen for Oslo 2025. Framskrevet folkemengde etter aldersgrupper og geografisk område (D), i ulike scenarioer (alternativer), 2025-2050",Mellomalternativet MMM,Sagene,Alder i alt,2046,5808
EliminatedValue,0,302,0,22,"BEF036: Befolkningsframskrivingen for Oslo 2025. Framskrevet folkemengde etter aldersgrupper og geografisk område (D), i ulike scenarioer (alternativer), 2025-2050",Mellomalternativet MMM,Sagene,Alder i alt,2047,5759
EliminatedValue,0,302,0,23,"BEF036: Befolkningsframskrivingen for Oslo 2025. Framskrevet folkemengde etter aldersgrupper og geografisk område (D), i ulike scenarioer (alternativer), 2025-2050",Mellomalternativet MMM,Sagene,Alder i alt,2048,5707
EliminatedValue,0,302,0,24,"BEF036: Befolkningsframskrivingen for Oslo 2025. Framskrevet folkemengde etter aldersgrupper og geografisk område (D), i ulike scenarioer (alternativer), 2025-2050",Mellomalternativet MMM,Sagene,Alder i alt,2049,5654
EliminatedValue,0,302,0,25,"BEF036: Befolkningsframskrivingen for Oslo 2025. Framskrevet folkemengde etter aldersgrupper og geografisk område (D), i ulike scenarioer (alternativer), 2025-2050",Mellomalternativet MMM,Sagene,Alder i alt,2050,5598
EliminatedValue,0,303,0,0,"BEF036: Befolkningsframskrivingen for Oslo 2025. Framskrevet folkemengde etter aldersgrupper og geografisk område (D), i ulike scenarioer (alternativer), 2025-2050",Mellomalternativet MMM,Bjølsen,Alder i alt,2025,7829
EliminatedValue,0,303,0,1,"BEF036: Befolkningsframskrivingen for Oslo 2025. Framskrevet folkemengde etter aldersgrupper og geografisk område (D), i ulike scenarioer (alternativer), 2025-2050",Mellomalternativet MMM,Bjølsen,Alder i alt,2026,7839
EliminatedValue,0,303,0,2,"BEF036: Befolkningsframskrivingen for Oslo 2025. Framskrevet folkemengde etter aldersgrupper og geografisk område (D), i ulike scenarioer (alternativer), 2025-2050",Mellomalternativet MMM,Bjølsen,Alder i alt,2027,7895
EliminatedValue,0,303,0,3,"BEF036: Befolkningsframskrivingen for Oslo 2025. Framskrevet folkemengde etter aldersgrupper og geografisk område (D), i ulike scenarioer (alternativer), 2025-2050",Mellomalternativet MMM,Bjølsen,Alder i alt,2028,7941
EliminatedValue,0,303,0,4,"BEF036: Befolkningsframskrivingen for Oslo 2025. Framskrevet folkemengde etter aldersgrupper og geografisk område (D), i ulike scenarioer (alternativer), 2025-2050",Mellomalternativet MMM,Bjølsen,Alder i alt,2029,7968
EliminatedValue,0,303,0,5,"BEF036: Befolkningsframskrivingen for Oslo 2025. Framskrevet folkemengde etter aldersgrupper og geografisk område (D), i ulike scenarioer (alternativer), 2025-2050",Mellomalternativet MMM,Bjølsen,Alder i alt,2030,7955
EliminatedValue,0,303,0,6,"BEF036: Befolkningsframskrivingen for Oslo 2025. Framskrevet folkemengde etter aldersgrupper og geografisk område (D), i ulike scenarioer (alternativer), 2025-2050",Mellomalternativet MMM,Bjølsen,Alder i alt,2031,7934
EliminatedValue,0,303,0,7,"BEF036: Befolkningsframskrivingen for Oslo 2025. Framskrevet folkemengde etter aldersgrupper og geografisk område (D), i ulike scenarioer (alternativer), 2025-2050",Mellomalternativet MMM,Bjølsen,Alder i alt,2032,7916
EliminatedValue,0,303,0,8,"BEF036: Befolkningsframskrivingen for Oslo 2025. Framskrevet folkemengde etter aldersgrupper og geografisk område (D), i ulike scenarioer (alternativer), 2025-2050",Mellomalternativet MMM,Bjølsen,Alder i alt,2033,7897
EliminatedValue,0,303,0,9,"BEF036: Befolkningsframskrivingen for Oslo 2025. Framskrevet folkemengde etter aldersgrupper og geografisk område (D), i ulike scenarioer (alternativer), 2025-2050",Mellomalternativet MMM,Bjølsen,Alder i alt,2034,7878
EliminatedValue,0,303,0,10,"BEF036: Befolkningsframskrivingen for Oslo 2025. Framskrevet folkemengde etter aldersgrupper og geografisk område (D), i ulike scenarioer (alternativer), 2025-2050",Mellomalternativet MMM,Bjølsen,Alder i alt,2035,7858
EliminatedValue,0,303,0,11,"BEF036: Befolkningsframskrivingen for Oslo 2025. Framskrevet folkemengde etter aldersgrupper og geografisk område (D), i ulike scenarioer (alternativer), 2025-2050",Mellomalternativet MMM,Bjølsen,Alder i alt,2036,7839
EliminatedValue,0,303,0,12,"BEF036: Befolkningsframskrivingen for Oslo 2025. Framskrevet folkemengde etter aldersgrupper og geografisk område (D), i ulike scenarioer (alternativer), 2025-2050",Mellomalternativet MMM,Bjølsen,Alder i alt,2037,7817
EliminatedValue,0,303,0,13,"BEF036: Befolkningsframskrivingen for Oslo 2025. Framskrevet folkemengde etter aldersgrupper og geografisk område (D), i ulike scenarioer (alternativer), 2025-2050",Mellomalternativet MMM,Bjølsen,Alder i alt,2038,7791
EliminatedValue,0,303,0,14,"BEF036: Befolkningsframskrivingen for Oslo 2025. Framskrevet folkemengde etter aldersgrupper og geografisk område (D), i ulike scenarioer (alternativer), 2025-2050",Mellomalternativet MMM,Bjølsen,Alder i alt,2039,7759
EliminatedValue,0,303,0,15,"BEF036: Befolkningsframskrivingen for Oslo 2025. Framskrevet folkemengde etter aldersgrupper og geografisk område (D), i ulike scenarioer (alternativer), 2025-2050",Mellomalternativet MMM,Bjølsen,Alder i alt,2040,7722
EliminatedValue,0,303,0,16,"BEF036: Befolkningsframskrivingen for Oslo 2025. Framskrevet folkemengde etter aldersgrupper og geografisk område (D), i ulike scenarioer (alternativer), 2025-2050",Mellomalternativet MMM,Bjølsen,Alder i alt,2041,7679
EliminatedValue,0,303,0,17,"BEF036: Befolkningsframskrivingen for Oslo 2025. Framskrevet folkemengde etter aldersgrupper og geografisk område (D), i ulike scenarioer (alternativer), 2025-2050",Mellomalternativet MMM,Bjølsen,Alder i alt,2042,7632
EliminatedValue,0,303,0,18,"BEF036: Befolkningsframskrivingen for Oslo 2025. Framskrevet folkemengde etter aldersgrupper og geografisk område (D), i ulike scenarioer (alternativer), 2025-2050",Mellomalternativet MMM,Bjølsen,Alder i alt,2043,7580
EliminatedValue,0,303,0,19,"BEF036: Befolkningsframskrivingen for Oslo 2025. Framskrevet folkemengde etter aldersgrupper og geografisk område (D), i ulike scenarioer (alternativer), 2025-2050",Mellomalternativet MMM,Bjølsen,Alder i alt,2044,7523
EliminatedValue,0,303,0,20,"BEF036: Befolkningsframskrivingen for Oslo 2025. Framskrevet folkemengde etter aldersgrupper og geografisk område (D), i ulike scenarioer (alternativer), 2025-2050",Mellomalternativet MMM,Bjølsen,Alder i alt,2045,7463
EliminatedValue,0,303,0,21,"BEF036: Befolkningsframskrivingen for Oslo 2025. Framskrevet folkemengde etter aldersgrupper og geografisk område (D), i ulike scenarioer (alternativer), 2025-2050",Mellomalternativet MMM,Bjølsen,Alder i alt,2046,7402
EliminatedValue,0,303,0,22,"BEF036: Befolkningsframskrivingen for Oslo 2025. Framskrevet folkemengde etter aldersgrupper og geografisk område (D), i ulike scenarioer (alternativer), 2025-2050",Mellomalternativet MMM,Bjølsen,Alder i alt,2047,7338
EliminatedValue,0,303,0,23,"BEF036: Befolkningsframskrivingen for Oslo 2025. Framskrevet folkemengde etter aldersgrupper og geografisk område (D), i ulike scenarioer (alternativer), 2025-2050",Mellomalternativet MMM,Bjølsen,Alder i alt,2048,7274
EliminatedValue,0,303,0,24,"BEF036: Befolkningsframskrivingen for Oslo 2025. Framskrevet folkemengde etter aldersgrupper og geografisk område (D), i ulike scenarioer (alternativer), 2025-2050",Mellomalternativet MMM,Bjølsen,Alder i alt,2049,7209
EliminatedValue,0,303,0,25,"BEF036: Befolkningsframskrivingen for Oslo 2025. Framskrevet folkemengde etter aldersgrupper og geografisk område (D), i ulike scenarioer (alternativer), 2025-2050",Mellomalternativet MMM,Bjølsen,Alder i alt,2050,7144
EliminatedValue,0,304,0,0,"BEF036: Befolkningsframskrivingen for Oslo 2025. Framskrevet folkemengde etter aldersgrupper og geografisk område (D), i ulike scenarioer (alternativer), 2025-2050",Mellomalternativet MMM,Sandaker,Alder i alt,2025,13904
EliminatedValue,0,304,0,1,"BEF036: Befolkningsframskrivingen for Oslo 2025. Framskrevet folkemengde etter aldersgrupper og geografisk område (D), i ulike scenarioer (alternativer), 2025-2050",Mellomalternativet MMM,Sandaker,Alder i alt,2026,13859
EliminatedValue,0,304,0,2,"BEF036: Befolkningsframskrivingen for Oslo 2025. Framskrevet folkemengde etter aldersgrupper og geografisk område (D), i ulike scenarioer (alternativer), 2025-2050",Mellomalternativet MMM,Sandaker,Alder i alt,2027,13856
EliminatedValue,0,304,0,3,"BEF036: Befolkningsframskrivingen for Oslo 2025. Framskrevet folkemengde etter aldersgrupper og geografisk område (D), i ulike scenarioer (alternativer), 2025-2050",Mellomalternativet MMM,Sandaker,Alder i alt,2028,13872
EliminatedValue,0,304,0,4,"BEF036: Befolkningsframskrivingen for Oslo 2025. Framskrevet folkemengde etter aldersgrupper og geografisk område (D), i ulike scenarioer (alternativer), 2025-2050",Mellomalternativet MMM,Sandaker,Alder i alt,2029,13912
EliminatedValue,0,304,0,5,"BEF036: Befolkningsframskrivingen for Oslo 2025. Framskrevet folkemengde etter aldersgrupper og geografisk område (D), i ulike scenarioer (alternativer), 2025-2050",Mellomalternativet MMM,Sandaker,Alder i alt,2030,13983
EliminatedValue,0,304,0,6,"BEF036: Befolkningsframskrivingen for Oslo 2025. Framskrevet folkemengde etter aldersgrupper og geografisk område (D), i ulike scenarioer (alternativer), 2025-2050",Mellomalternativet MMM,Sandaker,Alder i alt,2031,14032
EliminatedValue,0,304,0,7,"BEF036: Befolkningsframskrivingen for Oslo 2025. Framskrevet folkemengde etter aldersgrupper og geografisk område (D), i ulike scenarioer (alternativer), 2025-2050",Mellomalternativet MMM,Sandaker,Alder i alt,2032,14039
EliminatedValue,0,304,0,8,"BEF036: Befolkningsframskrivingen for Oslo 2025. Framskrevet folkemengde etter aldersgrupper og geografisk område (D), i ulike scenarioer (alternativer), 2025-2050",Mellomalternativet MMM,Sandaker,Alder i alt,2033,14013
EliminatedValue,0,304,0,9,"BEF036: Befolkningsframskrivingen for Oslo 2025. Framskrevet folkemengde etter aldersgrupper og geografisk område (D), i ulike scenarioer (alternativer), 2025-2050",Mellomalternativet MMM,Sandaker,Alder i alt,2034,14000
EliminatedValue,0,304,0,10,"BEF036: Befolkningsframskrivingen for Oslo 2025. Framskrevet folkemengde etter aldersgrupper og geografisk område (D), i ulike scenarioer (alternativer), 2025-2050",Mellomalternativet MMM,Sandaker,Alder i alt,2035,13991
EliminatedValue,0,304,0,11,"BEF036: Befolkningsframskrivingen for Oslo 2025. Framskrevet folkemengde etter aldersgrupper og geografisk område (D), i ulike scenarioer (alternativer), 2025-2050",Mellomalternativet MMM,Sandaker,Alder i alt,2036,13987
EliminatedValue,0,304,0,12,"BEF036: Befolkningsframskrivingen for Oslo 2025. Framskrevet folkemengde etter aldersgrupper og geografisk område (D), i ulike scenarioer (alternativer), 2025-2050",Mellomalternativet MMM,Sandaker,Alder i alt,2037,13998
EliminatedValue,0,304,0,13,"BEF036: Befolkningsframskrivingen for Oslo 2025. Framskrevet folkemengde etter aldersgrupper og geografisk område (D), i ulike scenarioer (alternativer), 2025-2050",Mellomalternativet MMM,Sandaker,Alder i alt,2038,14009
EliminatedValue,0,304,0,14,"BEF036: Befolkningsframskrivingen for Oslo 2025. Framskrevet folkemengde etter aldersgrupper og geografisk område (D), i ulike scenarioer (alternativer), 2025-2050",Mellomalternativet MMM,Sandaker,Alder i alt,2039,14025
EliminatedValue,0,304,0,15,"BEF036: Befolkningsframskrivingen for Oslo 2025. Framskrevet folkemengde etter aldersgrupper og geografisk område (D), i ulike scenarioer (alternativer), 2025-2050",Mellomalternativet MMM,Sandaker,Alder i alt,2040,14028
EliminatedValue,0,304,0,16,"BEF036: Befolkningsframskrivingen for Oslo 2025. Framskrevet folkemengde etter aldersgrupper og geografisk område (D), i ulike scenarioer (alternativer), 2025-2050",Mellomalternativet MMM,Sandaker,Alder i alt,2041,14028
EliminatedValue,0,304,0,17,"BEF036: Befolkningsframskrivingen for Oslo 2025. Framskrevet folkemengde etter aldersgrupper og geografisk område (D), i ulike scenarioer (alternativer), 2025-2050",Mellomalternativet MMM,Sandaker,Alder i alt,2042,14023
EliminatedValue,0,304,0,18,"BEF036: Befolkningsframskrivingen for Oslo 2025. Framskrevet folkemengde etter aldersgrupper og geografisk område (D), i ulike scenarioer (alternativer), 2025-2050",Mellomalternativet MMM,Sandaker,Alder i alt,2043,14010
EliminatedValue,0,304,0,19,"BEF036: Befolkningsframskrivingen for Oslo 2025. Framskrevet folkemengde etter aldersgrupper og geografisk område (D), i ulike scenarioer (alternativer), 2025-2050",Mellomalternativet MMM,Sandaker,Alder i alt,2044,13987
EliminatedValue,0,304,0,20,"BEF036: Befolkningsframskrivingen for Oslo 2025. Framskrevet folkemengde etter aldersgrupper og geografisk område (D), i ulike scenarioer (alternativer), 2025-2050",Mellomalternativet MMM,Sandaker,Alder i alt,2045,13954
EliminatedValue,0,304,0,21,"BEF036: Befolkningsframskrivingen for Oslo 2025. Framskrevet folkemengde etter aldersgrupper og geografisk område (D), i ulike scenarioer (alternativer), 2025-2050",Mellomalternativet MMM,Sandaker,Alder i alt,2046,13913
EliminatedValue,0,304,0,22,"BEF036: Befolkningsframskrivingen for Oslo 2025. Framskrevet folkemengde etter aldersgrupper og geografisk område (D), i ulike scenarioer (alternativer), 2025-2050",Mellomalternativet MMM,Sandaker,Alder i alt,2047,13857
EliminatedValue,0,304,0,23,"BEF036: Befolkningsframskrivingen for Oslo 2025. Framskrevet folkemengde etter aldersgrupper og geografisk område (D), i ulike scenarioer (alternativer), 2025-2050",Mellomalternativet MMM,Sandaker,Alder i alt,2048,13788
EliminatedValue,0,304,0,24,"BEF036: Befolkningsframskrivingen for Oslo 2025. Framskrevet folkemengde etter aldersgrupper og geografisk område (D), i ulike scenarioer (alternativer), 2025-2050",Mellomalternativet MMM,Sandaker,Alder i alt,2049,13703
EliminatedValue,0,304,0,25,"BEF036: Befolkningsframskrivingen for Oslo 2025. Framskrevet folkemengde etter aldersgrupper og geografisk område (D), i ulike scenarioer (alternativer), 2025-2050",Mellomalternativet MMM,Sandaker,Alder i alt,2050,13606
EliminatedValue,0,305,0,0,"BEF036: Befolkningsframskrivingen for Oslo 2025. Framskrevet folkemengde etter aldersgrupper og geografisk område (D), i ulike scenarioer (alternativer), 2025-2050",Mellomalternativet MMM,Torshov,Alder i alt,2025,11218
EliminatedValue,0,305,0,1,"BEF036: Befolkningsframskrivingen for Oslo 2025. Framskrevet folkemengde etter aldersgrupper og geografisk område (D), i ulike scenarioer (alternativer), 2025-2050",Mellomalternativet MMM,Torshov,Alder i alt,2026,11228
EliminatedValue,0,305,0,2,"BEF036: Befolkningsframskrivingen for Oslo 2025. Framskrevet folkemengde etter aldersgrupper og geografisk område (D), i ulike scenarioer (alternativer), 2025-2050",Mellomalternativet MMM,Torshov,Alder i alt,2027,11283
EliminatedValue,0,305,0,3,"BEF036: Befolkningsframskrivingen for Oslo 2025. Framskrevet folkemengde etter aldersgrupper og geografisk område (D), i ulike scenarioer (alternativer), 2025-2050",Mellomalternativet MMM,Torshov,Alder i alt,2028,11335
EliminatedValue,0,305,0,4,"BEF036: Befolkningsframskrivingen for Oslo 2025. Framskrevet folkemengde etter aldersgrupper og geografisk område (D), i ulike scenarioer (alternativer), 2025-2050",Mellomalternativet MMM,Torshov,Alder i alt,2029,11360
EliminatedValue,0,305,0,5,"BEF036: Befolkningsframskrivingen for Oslo 2025. Framskrevet folkemengde etter aldersgrupper og geografisk område (D), i ulike scenarioer (alternativer), 2025-2050",Mellomalternativet MMM,Torshov,Alder i alt,2030,11340
EliminatedValue,0,305,0,6,"BEF036: Befolkningsframskrivingen for Oslo 2025. Framskrevet folkemengde etter aldersgrupper og geografisk område (D), i ulike scenarioer (alternativer), 2025-2050",Mellomalternativet MMM,Torshov,Alder i alt,2031,11309
EliminatedValue,0,305,0,7,"BEF036: Befolkningsframskrivingen for Oslo 2025. Framskrevet folkemengde etter aldersgrupper og geografisk område (D), i ulike scenarioer (alternativer), 2025-2050",Mellomalternativet MMM,Torshov,Alder i alt,2032,11281
EliminatedValue,0,305,0,8,"BEF036: Befolkningsframskrivingen for Oslo 2025. Framskrevet folkemengde etter aldersgrupper og geografisk område (D), i ulike scenarioer (alternativer), 2025-2050",Mellomalternativet MMM,Torshov,Alder i alt,2033,11256
EliminatedValue,0,305,0,9,"BEF036: Befolkningsframskrivingen for Oslo 2025. Framskrevet folkemengde etter aldersgrupper og geografisk område (D), i ulike scenarioer (alternativer), 2025-2050",Mellomalternativet MMM,Torshov,Alder i alt,2034,11234
EliminatedValue,0,305,0,10,"BEF036: Befolkningsframskrivingen for Oslo 2025. Framskrevet folkemengde etter aldersgrupper og geografisk område (D), i ulike scenarioer (alternativer), 2025-2050",Mellomalternativet MMM,Torshov,Alder i alt,2035,11217
EliminatedValue,0,305,0,11,"BEF036: Befolkningsframskrivingen for Oslo 2025. Framskrevet folkemengde etter aldersgrupper og geografisk område (D), i ulike scenarioer (alternativer), 2025-2050",Mellomalternativet MMM,Torshov,Alder i alt,2036,11200
EliminatedValue,0,305,0,12,"BEF036: Befolkningsframskrivingen for Oslo 2025. Framskrevet folkemengde etter aldersgrupper og geografisk område (D), i ulike scenarioer (alternativer), 2025-2050",Mellomalternativet MMM,Torshov,Alder i alt,2037,11177
EliminatedValue,0,305,0,13,"BEF036: Befolkningsframskrivingen for Oslo 2025. Framskrevet folkemengde etter aldersgrupper og geografisk område (D), i ulike scenarioer (alternativer), 2025-2050",Mellomalternativet MMM,Torshov,Alder i alt,2038,11152
EliminatedValue,0,305,0,14,"BEF036: Befolkningsframskrivingen for Oslo 2025. Framskrevet folkemengde etter aldersgrupper og geografisk område (D), i ulike scenarioer (alternativer), 2025-2050",Mellomalternativet MMM,Torshov,Alder i alt,2039,11119
EliminatedValue,0,305,0,15,"BEF036: Befolkningsframskrivingen for Oslo 2025. Framskrevet folkemengde etter aldersgrupper og geografisk område (D), i ulike scenarioer (alternativer), 2025-2050",Mellomalternativet MMM,Torshov,Alder i alt,2040,11082
EliminatedValue,0,305,0,16,"BEF036: Befolkningsframskrivingen for Oslo 2025. Framskrevet folkemengde etter aldersgrupper og geografisk område (D), i ulike scenarioer (alternativer), 2025-2050",Mellomalternativet MMM,Torshov,Alder i alt,2041,11040
EliminatedValue,0,305,0,17,"BEF036: Befolkningsframskrivingen for Oslo 2025. Framskrevet folkemengde etter aldersgrupper og geografisk område (D), i ulike scenarioer (alternativer), 2025-2050",Mellomalternativet MMM,Torshov,Alder i alt,2042,10993
EliminatedValue,0,305,0,18,"BEF036: Befolkningsframskrivingen for Oslo 2025. Framskrevet folkemengde etter aldersgrupper og geografisk område (D), i ulike scenarioer (alternativer), 2025-2050",Mellomalternativet MMM,Torshov,Alder i alt,2043,10941
EliminatedValue,0,305,0,19,"BEF036: Befolkningsframskrivingen for Oslo 2025. Framskrevet folkemengde etter aldersgrupper og geografisk område (D), i ulike scenarioer (alternativer), 2025-2050",Mellomalternativet MMM,Torshov,Alder i alt,2044,10883
EliminatedValue,0,305,0,20,"BEF036: Befolkningsframskrivingen for Oslo 2025. Framskrevet folkemengde etter aldersgrupper og geografisk område (D), i ulike scenarioer (alternativer), 2025-2050",Mellomalternativet MMM,Torshov,Alder i alt,2045,10820
EliminatedValue,0,305,0,21,"BEF036: Befolkningsframskrivingen for Oslo 2025. Framskrevet folkemengde etter aldersgrupper og geografisk område (D), i ulike scenarioer (alternativer), 2025-2050",Mellomalternativet MMM,Torshov,Alder i alt,2046,10752
EliminatedValue,0,305,0,22,"BEF036: Befolkningsframskrivingen for Oslo 2025. Framskrevet folkemengde etter aldersgrupper og geografisk område (D), i ulike scenarioer (alternativer), 2025-2050",Mellomalternativet MMM,Torshov,Alder i alt,2047,10679
EliminatedValue,0,305,0,23,"BEF036: Befolkningsframskrivingen for Oslo 2025. Framskrevet folkemengde etter aldersgrupper og geografisk område (D), i ulike scenarioer (alternativer), 2025-2050",Mellomalternativet MMM,Torshov,Alder i alt,2048,10601
EliminatedValue,0,305,0,24,"BEF036: Befolkningsframskrivingen for Oslo 2025. Framskrevet folkemengde etter aldersgrupper og geografisk område (D), i ulike scenarioer (alternativer), 2025-2050",Mellomalternativet MMM,Torshov,Alder i alt,2049,10518
EliminatedValue,0,305,0,25,"BEF036: Befolkningsframskrivingen for Oslo 2025. Framskrevet folkemengde etter aldersgrupper og geografisk område (D), i ulike scenarioer (alternativer), 2025-2050",Mellomalternativet MMM,Torshov,Alder i alt,2050,10431
EliminatedValue,0,401,0,0,"BEF036: Befolkningsframskrivingen for Oslo 2025. Framskrevet folkemengde etter aldersgrupper og geografisk område (D), i ulike scenarioer (alternativer), 2025-2050",Mellomalternativet MMM,Hammersborg,Alder i alt,2025,8543
EliminatedValue,0,401,0,1,"BEF036: Befolkningsframskrivingen for Oslo 2025. Framskrevet folkemengde etter aldersgrupper og geografisk område (D), i ulike scenarioer (alternativer), 2025-2050",Mellomalternativet MMM,Hammersborg,Alder i alt,2026,8489
EliminatedValue,0,401,0,2,"BEF036: Befolkningsframskrivingen for Oslo 2025. Framskrevet folkemengde etter aldersgrupper og geografisk område (D), i ulike scenarioer (alternativer), 2025-2050",Mellomalternativet MMM,Hammersborg,Alder i alt,2027,8499
EliminatedValue,0,401,0,3,"BEF036: Befolkningsframskrivingen for Oslo 2025. Framskrevet folkemengde etter aldersgrupper og geografisk område (D), i ulike scenarioer (alternativer), 2025-2050",Mellomalternativet MMM,Hammersborg,Alder i alt,2028,8523
EliminatedValue,0,401,0,4,"BEF036: Befolkningsframskrivingen for Oslo 2025. Framskrevet folkemengde etter aldersgrupper og geografisk område (D), i ulike scenarioer (alternativer), 2025-2050",Mellomalternativet MMM,Hammersborg,Alder i alt,2029,8546
EliminatedValue,0,401,0,5,"BEF036: Befolkningsframskrivingen for Oslo 2025. Framskrevet folkemengde etter aldersgrupper og geografisk område (D), i ulike scenarioer (alternativer), 2025-2050",Mellomalternativet MMM,Hammersborg,Alder i alt,2030,8523
EliminatedValue,0,401,0,6,"BEF036: Befolkningsframskrivingen for Oslo 2025. Framskrevet folkemengde etter aldersgrupper og geografisk område (D), i ulike scenarioer (alternativer), 2025-2050",Mellomalternativet MMM,Hammersborg,Alder i alt,2031,8490
EliminatedValue,0,401,0,7,"BEF036: Befolkningsframskrivingen for Oslo 2025. Framskrevet folkemengde etter aldersgrupper og geografisk område (D), i ulike scenarioer (alternativer), 2025-2050",Mellomalternativet MMM,Hammersborg,Alder i alt,2032,8454
EliminatedValue,0,401,0,8,"BEF036: Befolkningsframskrivingen for Oslo 2025. Framskrevet folkemengde etter aldersgrupper og geografisk område (D), i ulike scenarioer (alternativer), 2025-2050",Mellomalternativet MMM,Hammersborg,Alder i alt,2033,8411
EliminatedValue,0,401,0,9,"BEF036: Befolkningsframskrivingen for Oslo 2025. Framskrevet folkemengde etter aldersgrupper og geografisk område (D), i ulike scenarioer (alternativer), 2025-2050",Mellomalternativet MMM,Hammersborg,Alder i alt,2034,8378
EliminatedValue,0,401,0,10,"BEF036: Befolkningsframskrivingen for Oslo 2025. Framskrevet folkemengde etter aldersgrupper og geografisk område (D), i ulike scenarioer (alternativer), 2025-2050",Mellomalternativet MMM,Hammersborg,Alder i alt,2035,8349
EliminatedValue,0,401,0,11,"BEF036: Befolkningsframskrivingen for Oslo 2025. Framskrevet folkemengde etter aldersgrupper og geografisk område (D), i ulike scenarioer (alternativer), 2025-2050",Mellomalternativet MMM,Hammersborg,Alder i alt,2036,8318
EliminatedValue,0,401,0,12,"BEF036: Befolkningsframskrivingen for Oslo 2025. Framskrevet folkemengde etter aldersgrupper og geografisk område (D), i ulike scenarioer (alternativer), 2025-2050",Mellomalternativet MMM,Hammersborg,Alder i alt,2037,8285
EliminatedValue,0,401,0,13,"BEF036: Befolkningsframskrivingen for Oslo 2025. Framskrevet folkemengde etter aldersgrupper og geografisk område (D), i ulike scenarioer (alternativer), 2025-2050",Mellomalternativet MMM,Hammersborg,Alder i alt,2038,8246
EliminatedValue,0,401,0,14,"BEF036: Befolkningsframskrivingen for Oslo 2025. Framskrevet folkemengde etter aldersgrupper og geografisk område (D), i ulike scenarioer (alternativer), 2025-2050",Mellomalternativet MMM,Hammersborg,Alder i alt,2039,8200
EliminatedValue,0,401,0,15,"BEF036: Befolkningsframskrivingen for Oslo 2025. Framskrevet folkemengde etter aldersgrupper og geografisk område (D), i ulike scenarioer (alternativer), 2025-2050",Mellomalternativet MMM,Hammersborg,Alder i alt,2040,8145
EliminatedValue,0,401,0,16,"BEF036: Befolkningsframskrivingen for Oslo 2025. Framskrevet folkemengde etter aldersgrupper og geografisk område (D), i ulike scenarioer (alternativer), 2025-2050",Mellomalternativet MMM,Hammersborg,Alder i alt,2041,8084
EliminatedValue,0,401,0,17,"BEF036: Befolkningsframskrivingen for Oslo 2025. Framskrevet folkemengde etter aldersgrupper og geografisk område (D), i ulike scenarioer (alternativer), 2025-2050",Mellomalternativet MMM,Hammersborg,Alder i alt,2042,8017
EliminatedValue,0,401,0,18,"BEF036: Befolkningsframskrivingen for Oslo 2025. Framskrevet folkemengde etter aldersgrupper og geografisk område (D), i ulike scenarioer (alternativer), 2025-2050",Mellomalternativet MMM,Hammersborg,Alder i alt,2043,7943
EliminatedValue,0,401,0,19,"BEF036: Befolkningsframskrivingen for Oslo 2025. Framskrevet folkemengde etter aldersgrupper og geografisk område (D), i ulike scenarioer (alternativer), 2025-2050",Mellomalternativet MMM,Hammersborg,Alder i alt,2044,7865
EliminatedValue,0,401,0,20,"BEF036: Befolkningsframskrivingen for Oslo 2025. Framskrevet folkemengde etter aldersgrupper og geografisk område (D), i ulike scenarioer (alternativer), 2025-2050",Mellomalternativet MMM,Hammersborg,Alder i alt,2045,7784
EliminatedValue,0,401,0,21,"BEF036: Befolkningsframskrivingen for Oslo 2025. Framskrevet folkemengde etter aldersgrupper og geografisk område (D), i ulike scenarioer (alternativer), 2025-2050",Mellomalternativet MMM,Hammersborg,Alder i alt,2046,7703
EliminatedValue,0,401,0,22,"BEF036: Befolkningsframskrivingen for Oslo 2025. Framskrevet folkemengde etter aldersgrupper og geografisk område (D), i ulike scenarioer (alternativer), 2025-2050",Mellomalternativet MMM,Hammersborg,Alder i alt,2047,7621
EliminatedValue,0,401,0,23,"BEF036: Befolkningsframskrivingen for Oslo 2025. Framskrevet folkemengde etter aldersgrupper og geografisk område (D), i ulike scenarioer (alternativer), 2025-2050",Mellomalternativet MMM,Hammersborg,Alder i alt,2048,7540
EliminatedValue,0,401,0,24,"BEF036: Befolkningsframskrivingen for Oslo 2025. Framskrevet folkemengde etter aldersgrupper og geografisk område (D), i ulike scenarioer (alternativer), 2025-2050",Mellomalternativet MMM,Hammersborg,Alder i alt,2049,7460
EliminatedValue,0,401,0,25,"BEF036: Befolkningsframskrivingen for Oslo 2025. Framskrevet folkemengde etter aldersgrupper og geografisk område (D), i ulike scenarioer (alternativer), 2025-2050",Mellomalternativet MMM,Hammersborg,Alder i alt,2050,7385
EliminatedValue,0,402,0,0,"BEF036: Befolkningsframskrivingen for Oslo 2025. Framskrevet folkemengde etter aldersgrupper og geografisk område (D), i ulike scenarioer (alternativer), 2025-2050",Mellomalternativet MMM,Bislett,Alder i alt,2025,9627
EliminatedValue,0,402,0,1,"BEF036: Befolkningsframskrivingen for Oslo 2025. Framskrevet folkemengde etter aldersgrupper og geografisk område (D), i ulike scenarioer (alternativer), 2025-2050",Mellomalternativet MMM,Bislett,Alder i alt,2026,9545
EliminatedValue,0,402,0,2,"BEF036: Befolkningsframskrivingen for Oslo 2025. Framskrevet folkemengde etter aldersgrupper og geografisk område (D), i ulike scenarioer (alternativer), 2025-2050",Mellomalternativet MMM,Bislett,Alder i alt,2027,9510
EliminatedValue,0,402,0,3,"BEF036: Befolkningsframskrivingen for Oslo 2025. Framskrevet folkemengde etter aldersgrupper og geografisk område (D), i ulike scenarioer (alternativer), 2025-2050",Mellomalternativet MMM,Bislett,Alder i alt,2028,9484
EliminatedValue,0,402,0,4,"BEF036: Befolkningsframskrivingen for Oslo 2025. Framskrevet folkemengde etter aldersgrupper og geografisk område (D), i ulike scenarioer (alternativer), 2025-2050",Mellomalternativet MMM,Bislett,Alder i alt,2029,9449
EliminatedValue,0,402,0,5,"BEF036: Befolkningsframskrivingen for Oslo 2025. Framskrevet folkemengde etter aldersgrupper og geografisk område (D), i ulike scenarioer (alternativer), 2025-2050",Mellomalternativet MMM,Bislett,Alder i alt,2030,9374
EliminatedValue,0,402,0,6,"BEF036: Befolkningsframskrivingen for Oslo 2025. Framskrevet folkemengde etter aldersgrupper og geografisk område (D), i ulike scenarioer (alternativer), 2025-2050",Mellomalternativet MMM,Bislett,Alder i alt,2031,9303
EliminatedValue,0,402,0,7,"BEF036: Befolkningsframskrivingen for Oslo 2025. Framskrevet folkemengde etter aldersgrupper og geografisk område (D), i ulike scenarioer (alternativer), 2025-2050",Mellomalternativet MMM,Bislett,Alder i alt,2032,9249
EliminatedValue,0,402,0,8,"BEF036: Befolkningsframskrivingen for Oslo 2025. Framskrevet folkemengde etter aldersgrupper og geografisk område (D), i ulike scenarioer (alternativer), 2025-2050",Mellomalternativet MMM,Bislett,Alder i alt,2033,9200
EliminatedValue,0,402,0,9,"BEF036: Befolkningsframskrivingen for Oslo 2025. Framskrevet folkemengde etter aldersgrupper og geografisk område (D), i ulike scenarioer (alternativer), 2025-2050",Mellomalternativet MMM,Bislett,Alder i alt,2034,9158
EliminatedValue,0,402,0,10,"BEF036: Befolkningsframskrivingen for Oslo 2025. Framskrevet folkemengde etter aldersgrupper og geografisk område (D), i ulike scenarioer (alternativer), 2025-2050",Mellomalternativet MMM,Bislett,Alder i alt,2035,9119
EliminatedValue,0,402,0,11,"BEF036: Befolkningsframskrivingen for Oslo 2025. Framskrevet folkemengde etter aldersgrupper og geografisk område (D), i ulike scenarioer (alternativer), 2025-2050",Mellomalternativet MMM,Bislett,Alder i alt,2036,9082
EliminatedValue,0,402,0,12,"BEF036: Befolkningsframskrivingen for Oslo 2025. Framskrevet folkemengde etter aldersgrupper og geografisk område (D), i ulike scenarioer (alternativer), 2025-2050",Mellomalternativet MMM,Bislett,Alder i alt,2037,9043
EliminatedValue,0,402,0,13,"BEF036: Befolkningsframskrivingen for Oslo 2025. Framskrevet folkemengde etter aldersgrupper og geografisk område (D), i ulike scenarioer (alternativer), 2025-2050",Mellomalternativet MMM,Bislett,Alder i alt,2038,8998
EliminatedValue,0,402,0,14,"BEF036: Befolkningsframskrivingen for Oslo 2025. Framskrevet folkemengde etter aldersgrupper og geografisk område (D), i ulike scenarioer (alternativer), 2025-2050",Mellomalternativet MMM,Bislett,Alder i alt,2039,8946
EliminatedValue,0,402,0,15,"BEF036: Befolkningsframskrivingen for Oslo 2025. Framskrevet folkemengde etter aldersgrupper og geografisk område (D), i ulike scenarioer (alternativer), 2025-2050",Mellomalternativet MMM,Bislett,Alder i alt,2040,8885
EliminatedValue,0,402,0,16,"BEF036: Befolkningsframskrivingen for Oslo 2025. Framskrevet folkemengde etter aldersgrupper og geografisk område (D), i ulike scenarioer (alternativer), 2025-2050",Mellomalternativet MMM,Bislett,Alder i alt,2041,8819
EliminatedValue,0,402,0,17,"BEF036: Befolkningsframskrivingen for Oslo 2025. Framskrevet folkemengde etter aldersgrupper og geografisk område (D), i ulike scenarioer (alternativer), 2025-2050",Mellomalternativet MMM,Bislett,Alder i alt,2042,8746
EliminatedValue,0,402,0,18,"BEF036: Befolkningsframskrivingen for Oslo 2025. Framskrevet folkemengde etter aldersgrupper og geografisk område (D), i ulike scenarioer (alternativer), 2025-2050",Mellomalternativet MMM,Bislett,Alder i alt,2043,8668
EliminatedValue,0,402,0,19,"BEF036: Befolkningsframskrivingen for Oslo 2025. Framskrevet folkemengde etter aldersgrupper og geografisk område (D), i ulike scenarioer (alternativer), 2025-2050",Mellomalternativet MMM,Bislett,Alder i alt,2044,8585
EliminatedValue,0,402,0,20,"BEF036: Befolkningsframskrivingen for Oslo 2025. Framskrevet folkemengde etter aldersgrupper og geografisk område (D), i ulike scenarioer (alternativer), 2025-2050",Mellomalternativet MMM,Bislett,Alder i alt,2045,8499
EliminatedValue,0,402,0,21,"BEF036: Befolkningsframskrivingen for Oslo 2025. Framskrevet folkemengde etter aldersgrupper og geografisk område (D), i ulike scenarioer (alternativer), 2025-2050",Mellomalternativet MMM,Bislett,Alder i alt,2046,8412
EliminatedValue,0,402,0,22,"BEF036: Befolkningsframskrivingen for Oslo 2025. Framskrevet folkemengde etter aldersgrupper og geografisk område (D), i ulike scenarioer (alternativer), 2025-2050",Mellomalternativet MMM,Bislett,Alder i alt,2047,8325
EliminatedValue,0,402,0,23,"BEF036: Befolkningsframskrivingen for Oslo 2025. Framskrevet folkemengde etter aldersgrupper og geografisk område (D), i ulike scenarioer (alternativer), 2025-2050",Mellomalternativet MMM,Bislett,Alder i alt,2048,8238
EliminatedValue,0,402,0,24,"BEF036: Befolkningsframskrivingen for Oslo 2025. Framskrevet folkemengde etter aldersgrupper og geografisk område (D), i ulike scenarioer (alternativer), 2025-2050",Mellomalternativet MMM,Bislett,Alder i alt,2049,8153
EliminatedValue,0,402,0,25,"BEF036: Befolkningsframskrivingen for Oslo 2025. Framskrevet folkemengde etter aldersgrupper og geografisk område (D), i ulike scenarioer (alternativer), 2025-2050",Mellomalternativet MMM,Bislett,Alder i alt,2050,8071
EliminatedValue,0,403,0,0,"BEF036: Befolkningsframskrivingen for Oslo 2025. Framskrevet folkemengde etter aldersgrupper og geografisk område (D), i ulike scenarioer (alternativer), 2025-2050",Mellomalternativet MMM,Ila,Alder i alt,2025,9290
EliminatedValue,0,403,0,1,"BEF036: Befolkningsframskrivingen for Oslo 2025. Framskrevet folkemengde etter aldersgrupper og geografisk område (D), i ulike scenarioer (alternativer), 2025-2050",Mellomalternativet MMM,Ila,Alder i alt,2026,9289
EliminatedValue,0,403,0,2,"BEF036: Befolkningsframskrivingen for Oslo 2025. Framskrevet folkemengde etter aldersgrupper og geografisk område (D), i ulike scenarioer (alternativer), 2025-2050",Mellomalternativet MMM,Ila,Alder i alt,2027,9346
EliminatedValue,0,403,0,3,"BEF036: Befolkningsframskrivingen for Oslo 2025. Framskrevet folkemengde etter aldersgrupper og geografisk område (D), i ulike scenarioer (alternativer), 2025-2050",Mellomalternativet MMM,Ila,Alder i alt,2028,9381
EliminatedValue,0,403,0,4,"BEF036: Befolkningsframskrivingen for Oslo 2025. Framskrevet folkemengde etter aldersgrupper og geografisk område (D), i ulike scenarioer (alternativer), 2025-2050",Mellomalternativet MMM,Ila,Alder i alt,2029,9381
EliminatedValue,0,403,0,5,"BEF036: Befolkningsframskrivingen for Oslo 2025. Framskrevet folkemengde etter aldersgrupper og geografisk område (D), i ulike scenarioer (alternativer), 2025-2050",Mellomalternativet MMM,Ila,Alder i alt,2030,9327
EliminatedValue,0,403,0,6,"BEF036: Befolkningsframskrivingen for Oslo 2025. Framskrevet folkemengde etter aldersgrupper og geografisk område (D), i ulike scenarioer (alternativer), 2025-2050",Mellomalternativet MMM,Ila,Alder i alt,2031,9272
EliminatedValue,0,403,0,7,"BEF036: Befolkningsframskrivingen for Oslo 2025. Framskrevet folkemengde etter aldersgrupper og geografisk område (D), i ulike scenarioer (alternativer), 2025-2050",Mellomalternativet MMM,Ila,Alder i alt,2032,9226
EliminatedValue,0,403,0,8,"BEF036: Befolkningsframskrivingen for Oslo 2025. Framskrevet folkemengde etter aldersgrupper og geografisk område (D), i ulike scenarioer (alternativer), 2025-2050",Mellomalternativet MMM,Ila,Alder i alt,2033,9186
EliminatedValue,0,403,0,9,"BEF036: Befolkningsframskrivingen for Oslo 2025. Framskrevet folkemengde etter aldersgrupper og geografisk område (D), i ulike scenarioer (alternativer), 2025-2050",Mellomalternativet MMM,Ila,Alder i alt,2034,9150
EliminatedValue,0,403,0,10,"BEF036: Befolkningsframskrivingen for Oslo 2025. Framskrevet folkemengde etter aldersgrupper og geografisk område (D), i ulike scenarioer (alternativer), 2025-2050",Mellomalternativet MMM,Ila,Alder i alt,2035,9117
EliminatedValue,0,403,0,11,"BEF036: Befolkningsframskrivingen for Oslo 2025. Framskrevet folkemengde etter aldersgrupper og geografisk område (D), i ulike scenarioer (alternativer), 2025-2050",Mellomalternativet MMM,Ila,Alder i alt,2036,9087
EliminatedValue,0,403,0,12,"BEF036: Befolkningsframskrivingen for Oslo 2025. Framskrevet folkemengde etter aldersgrupper og geografisk område (D), i ulike scenarioer (alternativer), 2025-2050",Mellomalternativet MMM,Ila,Alder i alt,2037,9054
EliminatedValue,0,403,0,13,"BEF036: Befolkningsframskrivingen for Oslo 2025. Framskrevet folkemengde etter aldersgrupper og geografisk område (D), i ulike scenarioer (alternativer), 2025-2050",Mellomalternativet MMM,Ila,Alder i alt,2038,9015
EliminatedValue,0,403,0,14,"BEF036: Befolkningsframskrivingen for Oslo 2025. Framskrevet folkemengde etter aldersgrupper og geografisk område (D), i ulike scenarioer (alternativer), 2025-2050",Mellomalternativet MMM,Ila,Alder i alt,2039,8970
EliminatedValue,0,403,0,15,"BEF036: Befolkningsframskrivingen for Oslo 2025. Framskrevet folkemengde etter aldersgrupper og geografisk område (D), i ulike scenarioer (alternativer), 2025-2050",Mellomalternativet MMM,Ila,Alder i alt,2040,8915
EliminatedValue,0,403,0,16,"BEF036: Befolkningsframskrivingen for Oslo 2025. Framskrevet folkemengde etter aldersgrupper og geografisk område (D), i ulike scenarioer (alternativer), 2025-2050",Mellomalternativet MMM,Ila,Alder i alt,2041,8855
EliminatedValue,0,403,0,17,"BEF036: Befolkningsframskrivingen for Oslo 2025. Framskrevet folkemengde etter aldersgrupper og geografisk område (D), i ulike scenarioer (alternativer), 2025-2050",Mellomalternativet MMM,Ila,Alder i alt,2042,8788
EliminatedValue,0,403,0,18,"BEF036: Befolkningsframskrivingen for Oslo 2025. Framskrevet folkemengde etter aldersgrupper og geografisk område (D), i ulike scenarioer (alternativer), 2025-2050",Mellomalternativet MMM,Ila,Alder i alt,2043,8715
EliminatedValue,0,403,0,19,"BEF036: Befolkningsframskrivingen for Oslo 2025. Framskrevet folkemengde etter aldersgrupper og geografisk område (D), i ulike scenarioer (alternativer), 2025-2050",Mellomalternativet MMM,Ila,Alder i alt,2044,8636
EliminatedValue,0,403,0,20,"BEF036: Befolkningsframskrivingen for Oslo 2025. Framskrevet folkemengde etter aldersgrupper og geografisk område (D), i ulike scenarioer (alternativer), 2025-2050",Mellomalternativet MMM,Ila,Alder i alt,2045,8552
EliminatedValue,0,403,0,21,"BEF036: Befolkningsframskrivingen for Oslo 2025. Framskrevet folkemengde etter aldersgrupper og geografisk område (D), i ulike scenarioer (alternativer), 2025-2050",Mellomalternativet MMM,Ila,Alder i alt,2046,8467
EliminatedValue,0,403,0,22,"BEF036: Befolkningsframskrivingen for Oslo 2025. Framskrevet folkemengde etter aldersgrupper og geografisk område (D), i ulike scenarioer (alternativer), 2025-2050",Mellomalternativet MMM,Ila,Alder i alt,2047,8379
EliminatedValue,0,403,0,23,"BEF036: Befolkningsframskrivingen for Oslo 2025. Framskrevet folkemengde etter aldersgrupper og geografisk område (D), i ulike scenarioer (alternativer), 2025-2050",Mellomalternativet MMM,Ila,Alder i alt,2048,8291
EliminatedValue,0,403,0,24,"BEF036: Befolkningsframskrivingen for Oslo 2025. Framskrevet folkemengde etter aldersgrupper og geografisk område (D), i ulike scenarioer (alternativer), 2025-2050",Mellomalternativet MMM,Ila,Alder i alt,2049,8204
EliminatedValue,0,403,0,25,"BEF036: Befolkningsframskrivingen for Oslo 2025. Framskrevet folkemengde etter aldersgrupper og geografisk område (D), i ulike scenarioer (alternativer), 2025-2050",Mellomalternativet MMM,Ila,Alder i alt,2050,8118
EliminatedValue,0,404,0,0,"BEF036: Befolkningsframskrivingen for Oslo 2025. Framskrevet folkemengde etter aldersgrupper og geografisk område (D), i ulike scenarioer (alternativer), 2025-2050",Mellomalternativet MMM,Fagerborg,Alder i alt,2025,5361
EliminatedValue,0,404,0,1,"BEF036: Befolkningsframskrivingen for Oslo 2025. Framskrevet folkemengde etter aldersgrupper og geografisk område (D), i ulike scenarioer (alternativer), 2025-2050",Mellomalternativet MMM,Fagerborg,Alder i alt,2026,5376
EliminatedValue,0,404,0,2,"BEF036: Befolkningsframskrivingen for Oslo 2025. Framskrevet folkemengde etter aldersgrupper og geografisk område (D), i ulike scenarioer (alternativer), 2025-2050",Mellomalternativet MMM,Fagerborg,Alder i alt,2027,5430
EliminatedValue,0,404,0,3,"BEF036: Befolkningsframskrivingen for Oslo 2025. Framskrevet folkemengde etter aldersgrupper og geografisk område (D), i ulike scenarioer (alternativer), 2025-2050",Mellomalternativet MMM,Fagerborg,Alder i alt,2028,5485
EliminatedValue,0,404,0,4,"BEF036: Befolkningsframskrivingen for Oslo 2025. Framskrevet folkemengde etter aldersgrupper og geografisk område (D), i ulike scenarioer (alternativer), 2025-2050",Mellomalternativet MMM,Fagerborg,Alder i alt,2029,5523
EliminatedValue,0,404,0,5,"BEF036: Befolkningsframskrivingen for Oslo 2025. Framskrevet folkemengde etter aldersgrupper og geografisk område (D), i ulike scenarioer (alternativer), 2025-2050",Mellomalternativet MMM,Fagerborg,Alder i alt,2030,5507
EliminatedValue,0,404,0,6,"BEF036: Befolkningsframskrivingen for Oslo 2025. Framskrevet folkemengde etter aldersgrupper og geografisk område (D), i ulike scenarioer (alternativer), 2025-2050",Mellomalternativet MMM,Fagerborg,Alder i alt,2031,5485
EliminatedValue,0,404,0,7,"BEF036: Befolkningsframskrivingen for Oslo 2025. Framskrevet folkemengde etter aldersgrupper og geografisk område (D), i ulike scenarioer (alternativer), 2025-2050",Mellomalternativet MMM,Fagerborg,Alder i alt,2032,5470
EliminatedValue,0,404,0,8,"BEF036: Befolkningsframskrivingen for Oslo 2025. Framskrevet folkemengde etter aldersgrupper og geografisk område (D), i ulike scenarioer (alternativer), 2025-2050",Mellomalternativet MMM,Fagerborg,Alder i alt,2033,5458
EliminatedValue,0,404,0,9,"BEF036: Befolkningsframskrivingen for Oslo 2025. Framskrevet folkemengde etter aldersgrupper og geografisk område (D), i ulike scenarioer (alternativer), 2025-2050",Mellomalternativet MMM,Fagerborg,Alder i alt,2034,5448
EliminatedValue,0,404,0,10,"BEF036: Befolkningsframskrivingen for Oslo 2025. Framskrevet folkemengde etter aldersgrupper og geografisk område (D), i ulike scenarioer (alternativer), 2025-2050",Mellomalternativet MMM,Fagerborg,Alder i alt,2035,5441
EliminatedValue,0,404,0,11,"BEF036: Befolkningsframskrivingen for Oslo 2025. Framskrevet folkemengde etter aldersgrupper og geografisk område (D), i ulike scenarioer (alternativer), 2025-2050",Mellomalternativet MMM,Fagerborg,Alder i alt,2036,5433
EliminatedValue,0,404,0,12,"BEF036: Befolkningsframskrivingen for Oslo 2025. Framskrevet folkemengde etter aldersgrupper og geografisk område (D), i ulike scenarioer (alternativer), 2025-2050",Mellomalternativet MMM,Fagerborg,Alder i alt,2037,5425
EliminatedValue,0,404,0,13,"BEF036: Befolkningsframskrivingen for Oslo 2025. Framskrevet folkemengde etter aldersgrupper og geografisk område (D), i ulike scenarioer (alternativer), 2025-2050",Mellomalternativet MMM,Fagerborg,Alder i alt,2038,5415
EliminatedValue,0,404,0,14,"BEF036: Befolkningsframskrivingen for Oslo 2025. Framskrevet folkemengde etter aldersgrupper og geografisk område (D), i ulike scenarioer (alternativer), 2025-2050",Mellomalternativet MMM,Fagerborg,Alder i alt,2039,5402
EliminatedValue,0,404,0,15,"BEF036: Befolkningsframskrivingen for Oslo 2025. Framskrevet folkemengde etter aldersgrupper og geografisk område (D), i ulike scenarioer (alternativer), 2025-2050",Mellomalternativet MMM,Fagerborg,Alder i alt,2040,5384
EliminatedValue,0,404,0,16,"BEF036: Befolkningsframskrivingen for Oslo 2025. Framskrevet folkemengde etter aldersgrupper og geografisk område (D), i ulike scenarioer (alternativer), 2025-2050",Mellomalternativet MMM,Fagerborg,Alder i alt,2041,5364
EliminatedValue,0,404,0,17,"BEF036: Befolkningsframskrivingen for Oslo 2025. Framskrevet folkemengde etter aldersgrupper og geografisk område (D), i ulike scenarioer (alternativer), 2025-2050",Mellomalternativet MMM,Fagerborg,Alder i alt,2042,5340
EliminatedValue,0,404,0,18,"BEF036: Befolkningsframskrivingen for Oslo 2025. Framskrevet folkemengde etter aldersgrupper og geografisk område (D), i ulike scenarioer (alternativer), 2025-2050",Mellomalternativet MMM,Fagerborg,Alder i alt,2043,5314
EliminatedValue,0,404,0,19,"BEF036: Befolkningsframskrivingen for Oslo 2025. Framskrevet folkemengde etter aldersgrupper og geografisk område (D), i ulike scenarioer (alternativer), 2025-2050",Mellomalternativet MMM,Fagerborg,Alder i alt,2044,5285
EliminatedValue,0,404,0,20,"BEF036: Befolkningsframskrivingen for Oslo 2025. Framskrevet folkemengde etter aldersgrupper og geografisk område (D), i ulike scenarioer (alternativer), 2025-2050",Mellomalternativet MMM,Fagerborg,Alder i alt,2045,5255
EliminatedValue,0,404,0,21,"BEF036: Befolkningsframskrivingen for Oslo 2025. Framskrevet folkemengde etter aldersgrupper og geografisk område (D), i ulike scenarioer (alternativer), 2025-2050",Mellomalternativet MMM,Fagerborg,Alder i alt,2046,5223
EliminatedValue,0,404,0,22,"BEF036: Befolkningsframskrivingen for Oslo 2025. Framskrevet folkemengde etter aldersgrupper og geografisk område (D), i ulike scenarioer (alternativer), 2025-2050",Mellomalternativet MMM,Fagerborg,Alder i alt,2047,5190
EliminatedValue,0,404,0,23,"BEF036: Befolkningsframskrivingen for Oslo 2025. Framskrevet folkemengde etter aldersgrupper og geografisk område (D), i ulike scenarioer (alternativer), 2025-2050",Mellomalternativet MMM,Fagerborg,Alder i alt,2048,5156
EliminatedValue,0,404,0,24,"BEF036: Befolkningsframskrivingen for Oslo 2025. Framskrevet folkemengde etter aldersgrupper og geografisk område (D), i ulike scenarioer (alternativer), 2025-2050",Mellomalternativet MMM,Fagerborg,Alder i alt,2049,5121
EliminatedValue,0,404,0,25,"BEF036: Befolkningsframskrivingen for Oslo 2025. Framskrevet folkemengde etter aldersgrupper og geografisk område (D), i ulike scenarioer (alternativer), 2025-2050",Mellomalternativet MMM,Fagerborg,Alder i alt,2050,5087
EliminatedValue,0,405,0,0,"BEF036: Befolkningsframskrivingen for Oslo 2025. Framskrevet folkemengde etter aldersgrupper og geografisk område (D), i ulike scenarioer (alternativer), 2025-2050",Mellomalternativet MMM,Lindern,Alder i alt,2025,7119
EliminatedValue,0,405,0,1,"BEF036: Befolkningsframskrivingen for Oslo 2025. Framskrevet folkemengde etter aldersgrupper og geografisk område (D), i ulike scenarioer (alternativer), 2025-2050",Mellomalternativet MMM,Lindern,Alder i alt,2026,7122
EliminatedValue,0,405,0,2,"BEF036: Befolkningsframskrivingen for Oslo 2025. Framskrevet folkemengde etter aldersgrupper og geografisk område (D), i ulike scenarioer (alternativer), 2025-2050",Mellomalternativet MMM,Lindern,Alder i alt,2027,7138
EliminatedValue,0,405,0,3,"BEF036: Befolkningsframskrivingen for Oslo 2025. Framskrevet folkemengde etter aldersgrupper og geografisk område (D), i ulike scenarioer (alternativer), 2025-2050",Mellomalternativet MMM,Lindern,Alder i alt,2028,7149
EliminatedValue,0,405,0,4,"BEF036: Befolkningsframskrivingen for Oslo 2025. Framskrevet folkemengde etter aldersgrupper og geografisk område (D), i ulike scenarioer (alternativer), 2025-2050",Mellomalternativet MMM,Lindern,Alder i alt,2029,7147
EliminatedValue,0,405,0,5,"BEF036: Befolkningsframskrivingen for Oslo 2025. Framskrevet folkemengde etter aldersgrupper og geografisk område (D), i ulike scenarioer (alternativer), 2025-2050",Mellomalternativet MMM,Lindern,Alder i alt,2030,7119
EliminatedValue,0,405,0,6,"BEF036: Befolkningsframskrivingen for Oslo 2025. Framskrevet folkemengde etter aldersgrupper og geografisk område (D), i ulike scenarioer (alternativer), 2025-2050",Mellomalternativet MMM,Lindern,Alder i alt,2031,7122
EliminatedValue,0,405,0,7,"BEF036: Befolkningsframskrivingen for Oslo 2025. Framskrevet folkemengde etter aldersgrupper og geografisk område (D), i ulike scenarioer (alternativer), 2025-2050",Mellomalternativet MMM,Lindern,Alder i alt,2032,7143
EliminatedValue,0,405,0,8,"BEF036: Befolkningsframskrivingen for Oslo 2025. Framskrevet folkemengde etter aldersgrupper og geografisk område (D), i ulike scenarioer (alternativer), 2025-2050",Mellomalternativet MMM,Lindern,Alder i alt,2033,7241
EliminatedValue,0,405,0,9,"BEF036: Befolkningsframskrivingen for Oslo 2025. Framskrevet folkemengde etter aldersgrupper og geografisk område (D), i ulike scenarioer (alternativer), 2025-2050",Mellomalternativet MMM,Lindern,Alder i alt,2034,7420
EliminatedValue,0,405,0,10,"BEF036: Befolkningsframskrivingen for Oslo 2025. Framskrevet folkemengde etter aldersgrupper og geografisk område (D), i ulike scenarioer (alternativer), 2025-2050",Mellomalternativet MMM,Lindern,Alder i alt,2035,7610
EliminatedValue,0,405,0,11,"BEF036: Befolkningsframskrivingen for Oslo 2025. Framskrevet folkemengde etter aldersgrupper og geografisk område (D), i ulike scenarioer (alternativer), 2025-2050",Mellomalternativet MMM,Lindern,Alder i alt,2036,7783
EliminatedValue,0,405,0,12,"BEF036: Befolkningsframskrivingen for Oslo 2025. Framskrevet folkemengde etter aldersgrupper og geografisk område (D), i ulike scenarioer (alternativer), 2025-2050",Mellomalternativet MMM,Lindern,Alder i alt,2037,7896
EliminatedValue,0,405,0,13,"BEF036: Befolkningsframskrivingen for Oslo 2025. Framskrevet folkemengde etter aldersgrupper og geografisk område (D), i ulike scenarioer (alternativer), 2025-2050",Mellomalternativet MMM,Lindern,Alder i alt,2038,8007
EliminatedValue,0,405,0,14,"BEF036: Befolkningsframskrivingen for Oslo 2025. Framskrevet folkemengde etter aldersgrupper og geografisk område (D), i ulike scenarioer (alternativer), 2025-2050",Mellomalternativet MMM,Lindern,Alder i alt,2039,8116
EliminatedValue,0,405,0,15,"BEF036: Befolkningsframskrivingen for Oslo 2025. Framskrevet folkemengde etter aldersgrupper og geografisk område (D), i ulike scenarioer (alternativer), 2025-2050",Mellomalternativet MMM,Lindern,Alder i alt,2040,8260
EliminatedValue,0,405,0,16,"BEF036: Befolkningsframskrivingen for Oslo 2025. Framskrevet folkemengde etter aldersgrupper og geografisk område (D), i ulike scenarioer (alternativer), 2025-2050",Mellomalternativet MMM,Lindern,Alder i alt,2041,8435
EliminatedValue,0,405,0,17,"BEF036: Befolkningsframskrivingen for Oslo 2025. Framskrevet folkemengde etter aldersgrupper og geografisk område (D), i ulike scenarioer (alternativer), 2025-2050",Mellomalternativet MMM,Lindern,Alder i alt,2042,8599
EliminatedValue,0,405,0,18,"BEF036: Befolkningsframskrivingen for Oslo 2025. Framskrevet folkemengde etter aldersgrupper og geografisk område (D), i ulike scenarioer (alternativer), 2025-2050",Mellomalternativet MMM,Lindern,Alder i alt,2043,8750
EliminatedValue,0,405,0,19,"BEF036: Befolkningsframskrivingen for Oslo 2025. Framskrevet folkemengde etter aldersgrupper og geografisk område (D), i ulike scenarioer (alternativer), 2025-2050",Mellomalternativet MMM,Lindern,Alder i alt,2044,8919
EliminatedValue,0,405,0,20,"BEF036: Befolkningsframskrivingen for Oslo 2025. Framskrevet folkemengde etter aldersgrupper og geografisk område (D), i ulike scenarioer (alternativer), 2025-2050",Mellomalternativet MMM,Lindern,Alder i alt,2045,9078
EliminatedValue,0,405,0,21,"BEF036: Befolkningsframskrivingen for Oslo 2025. Framskrevet folkemengde etter aldersgrupper og geografisk område (D), i ulike scenarioer (alternativer), 2025-2050",Mellomalternativet MMM,Lindern,Alder i alt,2046,9230
EliminatedValue,0,405,0,22,"BEF036: Befolkningsframskrivingen for Oslo 2025. Framskrevet folkemengde etter aldersgrupper og geografisk område (D), i ulike scenarioer (alternativer), 2025-2050",Mellomalternativet MMM,Lindern,Alder i alt,2047,9393
EliminatedValue,0,405,0,23,"BEF036: Befolkningsframskrivingen for Oslo 2025. Framskrevet folkemengde etter aldersgrupper og geografisk område (D), i ulike scenarioer (alternativer), 2025-2050",Mellomalternativet MMM,Lindern,Alder i alt,2048,9565
EliminatedValue,0,405,0,24,"BEF036: Befolkningsframskrivingen for Oslo 2025. Framskrevet folkemengde etter aldersgrupper og geografisk område (D), i ulike scenarioer (alternativer), 2025-2050",Mellomalternativet MMM,Lindern,Alder i alt,2049,9746
EliminatedValue,0,405,0,25,"BEF036: Befolkningsframskrivingen for Oslo 2025. Framskrevet folkemengde etter aldersgrupper og geografisk område (D), i ulike scenarioer (alternativer), 2025-2050",Mellomalternativet MMM,Lindern,Alder i alt,2050,9932
EliminatedValue,0,501,0,0,"BEF036: Befolkningsframskrivingen for Oslo 2025. Framskrevet folkemengde etter aldersgrupper og geografisk område (D), i ulike scenarioer (alternativer), 2025-2050",Mellomalternativet MMM,Bygdøy,Alder i alt,2025,3795
EliminatedValue,0,501,0,1,"BEF036: Befolkningsframskrivingen for Oslo 2025. Framskrevet folkemengde etter aldersgrupper og geografisk område (D), i ulike scenarioer (alternativer), 2025-2050",Mellomalternativet MMM,Bygdøy,Alder i alt,2026,3770
EliminatedValue,0,501,0,2,"BEF036: Befolkningsframskrivingen for Oslo 2025. Framskrevet folkemengde etter aldersgrupper og geografisk område (D), i ulike scenarioer (alternativer), 2025-2050",Mellomalternativet MMM,Bygdøy,Alder i alt,2027,3739
EliminatedValue,0,501,0,3,"BEF036: Befolkningsframskrivingen for Oslo 2025. Framskrevet folkemengde etter aldersgrupper og geografisk område (D), i ulike scenarioer (alternativer), 2025-2050",Mellomalternativet MMM,Bygdøy,Alder i alt,2028,3724
EliminatedValue,0,501,0,4,"BEF036: Befolkningsframskrivingen for Oslo 2025. Framskrevet folkemengde etter aldersgrupper og geografisk område (D), i ulike scenarioer (alternativer), 2025-2050",Mellomalternativet MMM,Bygdøy,Alder i alt,2029,3711
EliminatedValue,0,501,0,5,"BEF036: Befolkningsframskrivingen for Oslo 2025. Framskrevet folkemengde etter aldersgrupper og geografisk område (D), i ulike scenarioer (alternativer), 2025-2050",Mellomalternativet MMM,Bygdøy,Alder i alt,2030,3695
EliminatedValue,0,501,0,6,"BEF036: Befolkningsframskrivingen for Oslo 2025. Framskrevet folkemengde etter aldersgrupper og geografisk område (D), i ulike scenarioer (alternativer), 2025-2050",Mellomalternativet MMM,Bygdøy,Alder i alt,2031,3687
EliminatedValue,0,501,0,7,"BEF036: Befolkningsframskrivingen for Oslo 2025. Framskrevet folkemengde etter aldersgrupper og geografisk område (D), i ulike scenarioer (alternativer), 2025-2050",Mellomalternativet MMM,Bygdøy,Alder i alt,2032,3687
EliminatedValue,0,501,0,8,"BEF036: Befolkningsframskrivingen for Oslo 2025. Framskrevet folkemengde etter aldersgrupper og geografisk område (D), i ulike scenarioer (alternativer), 2025-2050",Mellomalternativet MMM,Bygdøy,Alder i alt,2033,3692
EliminatedValue,0,501,0,9,"BEF036: Befolkningsframskrivingen for Oslo 2025. Framskrevet folkemengde etter aldersgrupper og geografisk område (D), i ulike scenarioer (alternativer), 2025-2050",Mellomalternativet MMM,Bygdøy,Alder i alt,2034,3699
EliminatedValue,0,501,0,10,"BEF036: Befolkningsframskrivingen for Oslo 2025. Framskrevet folkemengde etter aldersgrupper og geografisk område (D), i ulike scenarioer (alternativer), 2025-2050",Mellomalternativet MMM,Bygdøy,Alder i alt,2035,3709
EliminatedValue,0,501,0,11,"BEF036: Befolkningsframskrivingen for Oslo 2025. Framskrevet folkemengde etter aldersgrupper og geografisk område (D), i ulike scenarioer (alternativer), 2025-2050",Mellomalternativet MMM,Bygdøy,Alder i alt,2036,3722
EliminatedValue,0,501,0,12,"BEF036: Befolkningsframskrivingen for Oslo 2025. Framskrevet folkemengde etter aldersgrupper og geografisk område (D), i ulike scenarioer (alternativer), 2025-2050",Mellomalternativet MMM,Bygdøy,Alder i alt,2037,3738
EliminatedValue,0,501,0,13,"BEF036: Befolkningsframskrivingen for Oslo 2025. Framskrevet folkemengde etter aldersgrupper og geografisk område (D), i ulike scenarioer (alternativer), 2025-2050",Mellomalternativet MMM,Bygdøy,Alder i alt,2038,3752
EliminatedValue,0,501,0,14,"BEF036: Befolkningsframskrivingen for Oslo 2025. Framskrevet folkemengde etter aldersgrupper og geografisk område (D), i ulike scenarioer (alternativer), 2025-2050",Mellomalternativet MMM,Bygdøy,Alder i alt,2039,3766
EliminatedValue,0,501,0,15,"BEF036: Befolkningsframskrivingen for Oslo 2025. Framskrevet folkemengde etter aldersgrupper og geografisk område (D), i ulike scenarioer (alternativer), 2025-2050",Mellomalternativet MMM,Bygdøy,Alder i alt,2040,3785
EliminatedValue,0,501,0,16,"BEF036: Befolkningsframskrivingen for Oslo 2025. Framskrevet folkemengde etter aldersgrupper og geografisk område (D), i ulike scenarioer (alternativer), 2025-2050",Mellomalternativet MMM,Bygdøy,Alder i alt,2041,3805
EliminatedValue,0,501,0,17,"BEF036: Befolkningsframskrivingen for Oslo 2025. Framskrevet folkemengde etter aldersgrupper og geografisk område (D), i ulike scenarioer (alternativer), 2025-2050",Mellomalternativet MMM,Bygdøy,Alder i alt,2042,3829
EliminatedValue,0,501,0,18,"BEF036: Befolkningsframskrivingen for Oslo 2025. Framskrevet folkemengde etter aldersgrupper og geografisk område (D), i ulike scenarioer (alternativer), 2025-2050",Mellomalternativet MMM,Bygdøy,Alder i alt,2043,3856
EliminatedValue,0,501,0,19,"BEF036: Befolkningsframskrivingen for Oslo 2025. Framskrevet folkemengde etter aldersgrupper og geografisk område (D), i ulike scenarioer (alternativer), 2025-2050",Mellomalternativet MMM,Bygdøy,Alder i alt,2044,3884
EliminatedValue,0,501,0,20,"BEF036: Befolkningsframskrivingen for Oslo 2025. Framskrevet folkemengde etter aldersgrupper og geografisk område (D), i ulike scenarioer (alternativer), 2025-2050",Mellomalternativet MMM,Bygdøy,Alder i alt,2045,3912
EliminatedValue,0,501,0,21,"BEF036: Befolkningsframskrivingen for Oslo 2025. Framskrevet folkemengde etter aldersgrupper og geografisk område (D), i ulike scenarioer (alternativer), 2025-2050",Mellomalternativet MMM,Bygdøy,Alder i alt,2046,3938
EliminatedValue,0,501,0,22,"BEF036: Befolkningsframskrivingen for Oslo 2025. Framskrevet folkemengde etter aldersgrupper og geografisk område (D), i ulike scenarioer (alternativer), 2025-2050",Mellomalternativet MMM,Bygdøy,Alder i alt,2047,3963
EliminatedValue,0,501,0,23,"BEF036: Befolkningsframskrivingen for Oslo 2025. Framskrevet folkemengde etter aldersgrupper og geografisk område (D), i ulike scenarioer (alternativer), 2025-2050",Mellomalternativet MMM,Bygdøy,Alder i alt,2048,3982
EliminatedValue,0,501,0,24,"BEF036: Befolkningsframskrivingen for Oslo 2025. Framskrevet folkemengde etter aldersgrupper og geografisk område (D), i ulike scenarioer (alternativer), 2025-2050",Mellomalternativet MMM,Bygdøy,Alder i alt,2049,3998
EliminatedValue,0,501,0,25,"BEF036: Befolkningsframskrivingen for Oslo 2025. Framskrevet folkemengde etter aldersgrupper og geografisk område (D), i ulike scenarioer (alternativer), 2025-2050",Mellomalternativet MMM,Bygdøy,Alder i alt,2050,4011
EliminatedValue,0,502,0,0,"BEF036: Befolkningsframskrivingen for Oslo 2025. Framskrevet folkemengde etter aldersgrupper og geografisk område (D), i ulike scenarioer (alternativer), 2025-2050",Mellomalternativet MMM,Frogner,Alder i alt,2025,7184
EliminatedValue,0,502,0,1,"BEF036: Befolkningsframskrivingen for Oslo 2025. Framskrevet folkemengde etter aldersgrupper og geografisk område (D), i ulike scenarioer (alternativer), 2025-2050",Mellomalternativet MMM,Frogner,Alder i alt,2026,7227
EliminatedValue,0,502,0,2,"BEF036: Befolkningsframskrivingen for Oslo 2025. Framskrevet folkemengde etter aldersgrupper og geografisk område (D), i ulike scenarioer (alternativer), 2025-2050",Mellomalternativet MMM,Frogner,Alder i alt,2027,7276
EliminatedValue,0,502,0,3,"BEF036: Befolkningsframskrivingen for Oslo 2025. Framskrevet folkemengde etter aldersgrupper og geografisk område (D), i ulike scenarioer (alternativer), 2025-2050",Mellomalternativet MMM,Frogner,Alder i alt,2028,7302
EliminatedValue,0,502,0,4,"BEF036: Befolkningsframskrivingen for Oslo 2025. Framskrevet folkemengde etter aldersgrupper og geografisk område (D), i ulike scenarioer (alternativer), 2025-2050",Mellomalternativet MMM,Frogner,Alder i alt,2029,7299
EliminatedValue,0,502,0,5,"BEF036: Befolkningsframskrivingen for Oslo 2025. Framskrevet folkemengde etter aldersgrupper og geografisk område (D), i ulike scenarioer (alternativer), 2025-2050",Mellomalternativet MMM,Frogner,Alder i alt,2030,7280
EliminatedValue,0,502,0,6,"BEF036: Befolkningsframskrivingen for Oslo 2025. Framskrevet folkemengde etter aldersgrupper og geografisk område (D), i ulike scenarioer (alternativer), 2025-2050",Mellomalternativet MMM,Frogner,Alder i alt,2031,7263
EliminatedValue,0,502,0,7,"BEF036: Befolkningsframskrivingen for Oslo 2025. Framskrevet folkemengde etter aldersgrupper og geografisk område (D), i ulike scenarioer (alternativer), 2025-2050",Mellomalternativet MMM,Frogner,Alder i alt,2032,7254
EliminatedValue,0,502,0,8,"BEF036: Befolkningsframskrivingen for Oslo 2025. Framskrevet folkemengde etter aldersgrupper og geografisk område (D), i ulike scenarioer (alternativer), 2025-2050",Mellomalternativet MMM,Frogner,Alder i alt,2033,7248
EliminatedValue,0,502,0,9,"BEF036: Befolkningsframskrivingen for Oslo 2025. Framskrevet folkemengde etter aldersgrupper og geografisk område (D), i ulike scenarioer (alternativer), 2025-2050",Mellomalternativet MMM,Frogner,Alder i alt,2034,7246
EliminatedValue,0,502,0,10,"BEF036: Befolkningsframskrivingen for Oslo 2025. Framskrevet folkemengde etter aldersgrupper og geografisk område (D), i ulike scenarioer (alternativer), 2025-2050",Mellomalternativet MMM,Frogner,Alder i alt,2035,7247
EliminatedValue,0,502,0,11,"BEF036: Befolkningsframskrivingen for Oslo 2025. Framskrevet folkemengde etter aldersgrupper og geografisk område (D), i ulike scenarioer (alternativer), 2025-2050",Mellomalternativet MMM,Frogner,Alder i alt,2036,7249
EliminatedValue,0,502,0,12,"BEF036: Befolkningsframskrivingen for Oslo 2025. Framskrevet folkemengde etter aldersgrupper og geografisk område (D), i ulike scenarioer (alternativer), 2025-2050",Mellomalternativet MMM,Frogner,Alder i alt,2037,7250
EliminatedValue,0,502,0,13,"BEF036: Befolkningsframskrivingen for Oslo 2025. Framskrevet folkemengde etter aldersgrupper og geografisk område (D), i ulike scenarioer (alternativer), 2025-2050",Mellomalternativet MMM,Frogner,Alder i alt,2038,7249
EliminatedValue,0,502,0,14,"BEF036: Befolkningsframskrivingen for Oslo 2025. Framskrevet folkemengde etter aldersgrupper og geografisk område (D), i ulike scenarioer (alternativer), 2025-2050",Mellomalternativet MMM,Frogner,Alder i alt,2039,7246
EliminatedValue,0,502,0,15,"BEF036: Befolkningsframskrivingen for Oslo 2025. Framskrevet folkemengde etter aldersgrupper og geografisk område (D), i ulike scenarioer (alternativer), 2025-2050",Mellomalternativet MMM,Frogner,Alder i alt,2040,7242
EliminatedValue,0,502,0,16,"BEF036: Befolkningsframskrivingen for Oslo 2025. Framskrevet folkemengde etter aldersgrupper og geografisk område (D), i ulike scenarioer (alternativer), 2025-2050",Mellomalternativet MMM,Frogner,Alder i alt,2041,7237
EliminatedValue,0,502,0,17,"BEF036: Befolkningsframskrivingen for Oslo 2025. Framskrevet folkemengde etter aldersgrupper og geografisk område (D), i ulike scenarioer (alternativer), 2025-2050",Mellomalternativet MMM,Frogner,Alder i alt,2042,7231
EliminatedValue,0,502,0,18,"BEF036: Befolkningsframskrivingen for Oslo 2025. Framskrevet folkemengde etter aldersgrupper og geografisk område (D), i ulike scenarioer (alternativer), 2025-2050",Mellomalternativet MMM,Frogner,Alder i alt,2043,7223
EliminatedValue,0,502,0,19,"BEF036: Befolkningsframskrivingen for Oslo 2025. Framskrevet folkemengde etter aldersgrupper og geografisk område (D), i ulike scenarioer (alternativer), 2025-2050",Mellomalternativet MMM,Frogner,Alder i alt,2044,7213
EliminatedValue,0,502,0,20,"BEF036: Befolkningsframskrivingen for Oslo 2025. Framskrevet folkemengde etter aldersgrupper og geografisk område (D), i ulike scenarioer (alternativer), 2025-2050",Mellomalternativet MMM,Frogner,Alder i alt,2045,7200
EliminatedValue,0,502,0,21,"BEF036: Befolkningsframskrivingen for Oslo 2025. Framskrevet folkemengde etter aldersgrupper og geografisk område (D), i ulike scenarioer (alternativer), 2025-2050",Mellomalternativet MMM,Frogner,Alder i alt,2046,7185
EliminatedValue,0,502,0,22,"BEF036: Befolkningsframskrivingen for Oslo 2025. Framskrevet folkemengde etter aldersgrupper og geografisk område (D), i ulike scenarioer (alternativer), 2025-2050",Mellomalternativet MMM,Frogner,Alder i alt,2047,7168
EliminatedValue,0,502,0,23,"BEF036: Befolkningsframskrivingen for Oslo 2025. Framskrevet folkemengde etter aldersgrupper og geografisk område (D), i ulike scenarioer (alternativer), 2025-2050",Mellomalternativet MMM,Frogner,Alder i alt,2048,7150
EliminatedValue,0,502,0,24,"BEF036: Befolkningsframskrivingen for Oslo 2025. Framskrevet folkemengde etter aldersgrupper og geografisk område (D), i ulike scenarioer (alternativer), 2025-2050",Mellomalternativet MMM,Frogner,Alder i alt,2049,7130
EliminatedValue,0,502,0,25,"BEF036: Befolkningsframskrivingen for Oslo 2025. Framskrevet folkemengde etter aldersgrupper og geografisk område (D), i ulike scenarioer (alternativer), 2025-2050",Mellomalternativet MMM,Frogner,Alder i alt,2050,7109
EliminatedValue,0,503,0,0,"BEF036: Befolkningsframskrivingen for Oslo 2025. Framskrevet folkemengde etter aldersgrupper og geografisk område (D), i ulike scenarioer (alternativer), 2025-2050",Mellomalternativet MMM,Frognerparken,Alder i alt,2025,7011
EliminatedValue,0,503,0,1,"BEF036: Befolkningsframskrivingen for Oslo 2025. Framskrevet folkemengde etter aldersgrupper og geografisk område (D), i ulike scenarioer (alternativer), 2025-2050",Mellomalternativet MMM,Frognerparken,Alder i alt,2026,6991
EliminatedValue,0,503,0,2,"BEF036: Befolkningsframskrivingen for Oslo 2025. Framskrevet folkemengde etter aldersgrupper og geografisk område (D), i ulike scenarioer (alternativer), 2025-2050",Mellomalternativet MMM,Frognerparken,Alder i alt,2027,6987
EliminatedValue,0,503,0,3,"BEF036: Befolkningsframskrivingen for Oslo 2025. Framskrevet folkemengde etter aldersgrupper og geografisk område (D), i ulike scenarioer (alternativer), 2025-2050",Mellomalternativet MMM,Frognerparken,Alder i alt,2028,6983
EliminatedValue,0,503,0,4,"BEF036: Befolkningsframskrivingen for Oslo 2025. Framskrevet folkemengde etter aldersgrupper og geografisk område (D), i ulike scenarioer (alternativer), 2025-2050",Mellomalternativet MMM,Frognerparken,Alder i alt,2029,6971
EliminatedValue,0,503,0,5,"BEF036: Befolkningsframskrivingen for Oslo 2025. Framskrevet folkemengde etter aldersgrupper og geografisk område (D), i ulike scenarioer (alternativer), 2025-2050",Mellomalternativet MMM,Frognerparken,Alder i alt,2030,6943
EliminatedValue,0,503,0,6,"BEF036: Befolkningsframskrivingen for Oslo 2025. Framskrevet folkemengde etter aldersgrupper og geografisk område (D), i ulike scenarioer (alternativer), 2025-2050",Mellomalternativet MMM,Frognerparken,Alder i alt,2031,6919
EliminatedValue,0,503,0,7,"BEF036: Befolkningsframskrivingen for Oslo 2025. Framskrevet folkemengde etter aldersgrupper og geografisk område (D), i ulike scenarioer (alternativer), 2025-2050",Mellomalternativet MMM,Frognerparken,Alder i alt,2032,6904
EliminatedValue,0,503,0,8,"BEF036: Befolkningsframskrivingen for Oslo 2025. Framskrevet folkemengde etter aldersgrupper og geografisk område (D), i ulike scenarioer (alternativer), 2025-2050",Mellomalternativet MMM,Frognerparken,Alder i alt,2033,6893
EliminatedValue,0,503,0,9,"BEF036: Befolkningsframskrivingen for Oslo 2025. Framskrevet folkemengde etter aldersgrupper og geografisk område (D), i ulike scenarioer (alternativer), 2025-2050",Mellomalternativet MMM,Frognerparken,Alder i alt,2034,6885
EliminatedValue,0,503,0,10,"BEF036: Befolkningsframskrivingen for Oslo 2025. Framskrevet folkemengde etter aldersgrupper og geografisk område (D), i ulike scenarioer (alternativer), 2025-2050",Mellomalternativet MMM,Frognerparken,Alder i alt,2035,6880
EliminatedValue,0,503,0,11,"BEF036: Befolkningsframskrivingen for Oslo 2025. Framskrevet folkemengde etter aldersgrupper og geografisk område (D), i ulike scenarioer (alternativer), 2025-2050",Mellomalternativet MMM,Frognerparken,Alder i alt,2036,6877
EliminatedValue,0,503,0,12,"BEF036: Befolkningsframskrivingen for Oslo 2025. Framskrevet folkemengde etter aldersgrupper og geografisk område (D), i ulike scenarioer (alternativer), 2025-2050",Mellomalternativet MMM,Frognerparken,Alder i alt,2037,6873
EliminatedValue,0,503,0,13,"BEF036: Befolkningsframskrivingen for Oslo 2025. Framskrevet folkemengde etter aldersgrupper og geografisk område (D), i ulike scenarioer (alternativer), 2025-2050",Mellomalternativet MMM,Frognerparken,Alder i alt,2038,6868
EliminatedValue,0,503,0,14,"BEF036: Befolkningsframskrivingen for Oslo 2025. Framskrevet folkemengde etter aldersgrupper og geografisk område (D), i ulike scenarioer (alternativer), 2025-2050",Mellomalternativet MMM,Frognerparken,Alder i alt,2039,6860
EliminatedValue,0,503,0,15,"BEF036: Befolkningsframskrivingen for Oslo 2025. Framskrevet folkemengde etter aldersgrupper og geografisk område (D), i ulike scenarioer (alternativer), 2025-2050",Mellomalternativet MMM,Frognerparken,Alder i alt,2040,6846
EliminatedValue,0,503,0,16,"BEF036: Befolkningsframskrivingen for Oslo 2025. Framskrevet folkemengde etter aldersgrupper og geografisk område (D), i ulike scenarioer (alternativer), 2025-2050",Mellomalternativet MMM,Frognerparken,Alder i alt,2041,6830
EliminatedValue,0,503,0,17,"BEF036: Befolkningsframskrivingen for Oslo 2025. Framskrevet folkemengde etter aldersgrupper og geografisk område (D), i ulike scenarioer (alternativer), 2025-2050",Mellomalternativet MMM,Frognerparken,Alder i alt,2042,6810
EliminatedValue,0,503,0,18,"BEF036: Befolkningsframskrivingen for Oslo 2025. Framskrevet folkemengde etter aldersgrupper og geografisk område (D), i ulike scenarioer (alternativer), 2025-2050",Mellomalternativet MMM,Frognerparken,Alder i alt,2043,6786
EliminatedValue,0,503,0,19,"BEF036: Befolkningsframskrivingen for Oslo 2025. Framskrevet folkemengde etter aldersgrupper og geografisk område (D), i ulike scenarioer (alternativer), 2025-2050",Mellomalternativet MMM,Frognerparken,Alder i alt,2044,6760
EliminatedValue,0,503,0,20,"BEF036: Befolkningsframskrivingen for Oslo 2025. Framskrevet folkemengde etter aldersgrupper og geografisk område (D), i ulike scenarioer (alternativer), 2025-2050",Mellomalternativet MMM,Frognerparken,Alder i alt,2045,6731
EliminatedValue,0,503,0,21,"BEF036: Befolkningsframskrivingen for Oslo 2025. Framskrevet folkemengde etter aldersgrupper og geografisk område (D), i ulike scenarioer (alternativer), 2025-2050",Mellomalternativet MMM,Frognerparken,Alder i alt,2046,6702
EliminatedValue,0,503,0,22,"BEF036: Befolkningsframskrivingen for Oslo 2025. Framskrevet folkemengde etter aldersgrupper og geografisk område (D), i ulike scenarioer (alternativer), 2025-2050",Mellomalternativet MMM,Frognerparken,Alder i alt,2047,6672
EliminatedValue,0,503,0,23,"BEF036: Befolkningsframskrivingen for Oslo 2025. Framskrevet folkemengde etter aldersgrupper og geografisk område (D), i ulike scenarioer (alternativer), 2025-2050",Mellomalternativet MMM,Frognerparken,Alder i alt,2048,6641
EliminatedValue,0,503,0,24,"BEF036: Befolkningsframskrivingen for Oslo 2025. Framskrevet folkemengde etter aldersgrupper og geografisk område (D), i ulike scenarioer (alternativer), 2025-2050",Mellomalternativet MMM,Frognerparken,Alder i alt,2049,6610
EliminatedValue,0,503,0,25,"BEF036: Befolkningsframskrivingen for Oslo 2025. Framskrevet folkemengde etter aldersgrupper og geografisk område (D), i ulike scenarioer (alternativer), 2025-2050",Mellomalternativet MMM,Frognerparken,Alder i alt,2050,6580
EliminatedValue,0,504,0,0,"BEF036: Befolkningsframskrivingen for Oslo 2025. Framskrevet folkemengde etter aldersgrupper og geografisk område (D), i ulike scenarioer (alternativer), 2025-2050",Mellomalternativet MMM,Majorstuen nord,Alder i alt,2025,5813
EliminatedValue,0,504,0,1,"BEF036: Befolkningsframskrivingen for Oslo 2025. Framskrevet folkemengde etter aldersgrupper og geografisk område (D), i ulike scenarioer (alternativer), 2025-2050",Mellomalternativet MMM,Majorstuen nord,Alder i alt,2026,5686
EliminatedValue,0,504,0,2,"BEF036: Befolkningsframskrivingen for Oslo 2025. Framskrevet folkemengde etter aldersgrupper og geografisk område (D), i ulike scenarioer (alternativer), 2025-2050",Mellomalternativet MMM,Majorstuen nord,Alder i alt,2027,5632
EliminatedValue,0,504,0,3,"BEF036: Befolkningsframskrivingen for Oslo 2025. Framskrevet folkemengde etter aldersgrupper og geografisk område (D), i ulike scenarioer (alternativer), 2025-2050",Mellomalternativet MMM,Majorstuen nord,Alder i alt,2028,5594
EliminatedValue,0,504,0,4,"BEF036: Befolkningsframskrivingen for Oslo 2025. Framskrevet folkemengde etter aldersgrupper og geografisk område (D), i ulike scenarioer (alternativer), 2025-2050",Mellomalternativet MMM,Majorstuen nord,Alder i alt,2029,5560
EliminatedValue,0,504,0,5,"BEF036: Befolkningsframskrivingen for Oslo 2025. Framskrevet folkemengde etter aldersgrupper og geografisk område (D), i ulike scenarioer (alternativer), 2025-2050",Mellomalternativet MMM,Majorstuen nord,Alder i alt,2030,5521
EliminatedValue,0,504,0,6,"BEF036: Befolkningsframskrivingen for Oslo 2025. Framskrevet folkemengde etter aldersgrupper og geografisk område (D), i ulike scenarioer (alternativer), 2025-2050",Mellomalternativet MMM,Majorstuen nord,Alder i alt,2031,5492
EliminatedValue,0,504,0,7,"BEF036: Befolkningsframskrivingen for Oslo 2025. Framskrevet folkemengde etter aldersgrupper og geografisk område (D), i ulike scenarioer (alternativer), 2025-2050",Mellomalternativet MMM,Majorstuen nord,Alder i alt,2032,5472
EliminatedValue,0,504,0,8,"BEF036: Befolkningsframskrivingen for Oslo 2025. Framskrevet folkemengde etter aldersgrupper og geografisk område (D), i ulike scenarioer (alternativer), 2025-2050",Mellomalternativet MMM,Majorstuen nord,Alder i alt,2033,5457
EliminatedValue,0,504,0,9,"BEF036: Befolkningsframskrivingen for Oslo 2025. Framskrevet folkemengde etter aldersgrupper og geografisk område (D), i ulike scenarioer (alternativer), 2025-2050",Mellomalternativet MMM,Majorstuen nord,Alder i alt,2034,5446
EliminatedValue,0,504,0,10,"BEF036: Befolkningsframskrivingen for Oslo 2025. Framskrevet folkemengde etter aldersgrupper og geografisk område (D), i ulike scenarioer (alternativer), 2025-2050",Mellomalternativet MMM,Majorstuen nord,Alder i alt,2035,5437
EliminatedValue,0,504,0,11,"BEF036: Befolkningsframskrivingen for Oslo 2025. Framskrevet folkemengde etter aldersgrupper og geografisk område (D), i ulike scenarioer (alternativer), 2025-2050",Mellomalternativet MMM,Majorstuen nord,Alder i alt,2036,5429
EliminatedValue,0,504,0,12,"BEF036: Befolkningsframskrivingen for Oslo 2025. Framskrevet folkemengde etter aldersgrupper og geografisk område (D), i ulike scenarioer (alternativer), 2025-2050",Mellomalternativet MMM,Majorstuen nord,Alder i alt,2037,5420
EliminatedValue,0,504,0,13,"BEF036: Befolkningsframskrivingen for Oslo 2025. Framskrevet folkemengde etter aldersgrupper og geografisk område (D), i ulike scenarioer (alternativer), 2025-2050",Mellomalternativet MMM,Majorstuen nord,Alder i alt,2038,5409
EliminatedValue,0,504,0,14,"BEF036: Befolkningsframskrivingen for Oslo 2025. Framskrevet folkemengde etter aldersgrupper og geografisk område (D), i ulike scenarioer (alternativer), 2025-2050",Mellomalternativet MMM,Majorstuen nord,Alder i alt,2039,5396
EliminatedValue,0,504,0,15,"BEF036: Befolkningsframskrivingen for Oslo 2025. Framskrevet folkemengde etter aldersgrupper og geografisk område (D), i ulike scenarioer (alternativer), 2025-2050",Mellomalternativet MMM,Majorstuen nord,Alder i alt,2040,5379
EliminatedValue,0,504,0,16,"BEF036: Befolkningsframskrivingen for Oslo 2025. Framskrevet folkemengde etter aldersgrupper og geografisk område (D), i ulike scenarioer (alternativer), 2025-2050",Mellomalternativet MMM,Majorstuen nord,Alder i alt,2041,5360
EliminatedValue,0,504,0,17,"BEF036: Befolkningsframskrivingen for Oslo 2025. Framskrevet folkemengde etter aldersgrupper og geografisk område (D), i ulike scenarioer (alternativer), 2025-2050",Mellomalternativet MMM,Majorstuen nord,Alder i alt,2042,5339
EliminatedValue,0,504,0,18,"BEF036: Befolkningsframskrivingen for Oslo 2025. Framskrevet folkemengde etter aldersgrupper og geografisk område (D), i ulike scenarioer (alternativer), 2025-2050",Mellomalternativet MMM,Majorstuen nord,Alder i alt,2043,5316
EliminatedValue,0,504,0,19,"BEF036: Befolkningsframskrivingen for Oslo 2025. Framskrevet folkemengde etter aldersgrupper og geografisk område (D), i ulike scenarioer (alternativer), 2025-2050",Mellomalternativet MMM,Majorstuen nord,Alder i alt,2044,5291
EliminatedValue,0,504,0,20,"BEF036: Befolkningsframskrivingen for Oslo 2025. Framskrevet folkemengde etter aldersgrupper og geografisk område (D), i ulike scenarioer (alternativer), 2025-2050",Mellomalternativet MMM,Majorstuen nord,Alder i alt,2045,5265
EliminatedValue,0,504,0,21,"BEF036: Befolkningsframskrivingen for Oslo 2025. Framskrevet folkemengde etter aldersgrupper og geografisk område (D), i ulike scenarioer (alternativer), 2025-2050",Mellomalternativet MMM,Majorstuen nord,Alder i alt,2046,5239
EliminatedValue,0,504,0,22,"BEF036: Befolkningsframskrivingen for Oslo 2025. Framskrevet folkemengde etter aldersgrupper og geografisk område (D), i ulike scenarioer (alternativer), 2025-2050",Mellomalternativet MMM,Majorstuen nord,Alder i alt,2047,5222
EliminatedValue,0,504,0,23,"BEF036: Befolkningsframskrivingen for Oslo 2025. Framskrevet folkemengde etter aldersgrupper og geografisk område (D), i ulike scenarioer (alternativer), 2025-2050",Mellomalternativet MMM,Majorstuen nord,Alder i alt,2048,5215
EliminatedValue,0,504,0,24,"BEF036: Befolkningsframskrivingen for Oslo 2025. Framskrevet folkemengde etter aldersgrupper og geografisk område (D), i ulike scenarioer (alternativer), 2025-2050",Mellomalternativet MMM,Majorstuen nord,Alder i alt,2049,5219
EliminatedValue,0,504,0,25,"BEF036: Befolkningsframskrivingen for Oslo 2025. Framskrevet folkemengde etter aldersgrupper og geografisk område (D), i ulike scenarioer (alternativer), 2025-2050",Mellomalternativet MMM,Majorstuen nord,Alder i alt,2050,5233
EliminatedValue,0,505,0,0,"BEF036: Befolkningsframskrivingen for Oslo 2025. Framskrevet folkemengde etter aldersgrupper og geografisk område (D), i ulike scenarioer (alternativer), 2025-2050",Mellomalternativet MMM,Majorstuen syd,Alder i alt,2025,9178
EliminatedValue,0,505,0,1,"BEF036: Befolkningsframskrivingen for Oslo 2025. Framskrevet folkemengde etter aldersgrupper og geografisk område (D), i ulike scenarioer (alternativer), 2025-2050",Mellomalternativet MMM,Majorstuen syd,Alder i alt,2026,9085
EliminatedValue,0,505,0,2,"BEF036: Befolkningsframskrivingen for Oslo 2025. Framskrevet folkemengde etter aldersgrupper og geografisk område (D), i ulike scenarioer (alternativer), 2025-2050",Mellomalternativet MMM,Majorstuen syd,Alder i alt,2027,9087
EliminatedValue,0,505,0,3,"BEF036: Befolkningsframskrivingen for Oslo 2025. Framskrevet folkemengde etter aldersgrupper og geografisk område (D), i ulike scenarioer (alternativer), 2025-2050",Mellomalternativet MMM,Majorstuen syd,Alder i alt,2028,9129
EliminatedValue,0,505,0,4,"BEF036: Befolkningsframskrivingen for Oslo 2025. Framskrevet folkemengde etter aldersgrupper og geografisk område (D), i ulike scenarioer (alternativer), 2025-2050",Mellomalternativet MMM,Majorstuen syd,Alder i alt,2029,9174
EliminatedValue,0,505,0,5,"BEF036: Befolkningsframskrivingen for Oslo 2025. Framskrevet folkemengde etter aldersgrupper og geografisk område (D), i ulike scenarioer (alternativer), 2025-2050",Mellomalternativet MMM,Majorstuen syd,Alder i alt,2030,9127
EliminatedValue,0,505,0,6,"BEF036: Befolkningsframskrivingen for Oslo 2025. Framskrevet folkemengde etter aldersgrupper og geografisk område (D), i ulike scenarioer (alternativer), 2025-2050",Mellomalternativet MMM,Majorstuen syd,Alder i alt,2031,9075
EliminatedValue,0,505,0,7,"BEF036: Befolkningsframskrivingen for Oslo 2025. Framskrevet folkemengde etter aldersgrupper og geografisk område (D), i ulike scenarioer (alternativer), 2025-2050",Mellomalternativet MMM,Majorstuen syd,Alder i alt,2032,9039
EliminatedValue,0,505,0,8,"BEF036: Befolkningsframskrivingen for Oslo 2025. Framskrevet folkemengde etter aldersgrupper og geografisk område (D), i ulike scenarioer (alternativer), 2025-2050",Mellomalternativet MMM,Majorstuen syd,Alder i alt,2033,9008
EliminatedValue,0,505,0,9,"BEF036: Befolkningsframskrivingen for Oslo 2025. Framskrevet folkemengde etter aldersgrupper og geografisk område (D), i ulike scenarioer (alternativer), 2025-2050",Mellomalternativet MMM,Majorstuen syd,Alder i alt,2034,8985
EliminatedValue,0,505,0,10,"BEF036: Befolkningsframskrivingen for Oslo 2025. Framskrevet folkemengde etter aldersgrupper og geografisk område (D), i ulike scenarioer (alternativer), 2025-2050",Mellomalternativet MMM,Majorstuen syd,Alder i alt,2035,8967
EliminatedValue,0,505,0,11,"BEF036: Befolkningsframskrivingen for Oslo 2025. Framskrevet folkemengde etter aldersgrupper og geografisk område (D), i ulike scenarioer (alternativer), 2025-2050",Mellomalternativet MMM,Majorstuen syd,Alder i alt,2036,8950
EliminatedValue,0,505,0,12,"BEF036: Befolkningsframskrivingen for Oslo 2025. Framskrevet folkemengde etter aldersgrupper og geografisk område (D), i ulike scenarioer (alternativer), 2025-2050",Mellomalternativet MMM,Majorstuen syd,Alder i alt,2037,8931
EliminatedValue,0,505,0,13,"BEF036: Befolkningsframskrivingen for Oslo 2025. Framskrevet folkemengde etter aldersgrupper og geografisk område (D), i ulike scenarioer (alternativer), 2025-2050",Mellomalternativet MMM,Majorstuen syd,Alder i alt,2038,8907
EliminatedValue,0,505,0,14,"BEF036: Befolkningsframskrivingen for Oslo 2025. Framskrevet folkemengde etter aldersgrupper og geografisk område (D), i ulike scenarioer (alternativer), 2025-2050",Mellomalternativet MMM,Majorstuen syd,Alder i alt,2039,8877
EliminatedValue,0,505,0,15,"BEF036: Befolkningsframskrivingen for Oslo 2025. Framskrevet folkemengde etter aldersgrupper og geografisk område (D), i ulike scenarioer (alternativer), 2025-2050",Mellomalternativet MMM,Majorstuen syd,Alder i alt,2040,8839
EliminatedValue,0,505,0,16,"BEF036: Befolkningsframskrivingen for Oslo 2025. Framskrevet folkemengde etter aldersgrupper og geografisk område (D), i ulike scenarioer (alternativer), 2025-2050",Mellomalternativet MMM,Majorstuen syd,Alder i alt,2041,8795
EliminatedValue,0,505,0,17,"BEF036: Befolkningsframskrivingen for Oslo 2025. Framskrevet folkemengde etter aldersgrupper og geografisk område (D), i ulike scenarioer (alternativer), 2025-2050",Mellomalternativet MMM,Majorstuen syd,Alder i alt,2042,8746
EliminatedValue,0,505,0,18,"BEF036: Befolkningsframskrivingen for Oslo 2025. Framskrevet folkemengde etter aldersgrupper og geografisk område (D), i ulike scenarioer (alternativer), 2025-2050",Mellomalternativet MMM,Majorstuen syd,Alder i alt,2043,8691
EliminatedValue,0,505,0,19,"BEF036: Befolkningsframskrivingen for Oslo 2025. Framskrevet folkemengde etter aldersgrupper og geografisk område (D), i ulike scenarioer (alternativer), 2025-2050",Mellomalternativet MMM,Majorstuen syd,Alder i alt,2044,8632
EliminatedValue,0,505,0,20,"BEF036: Befolkningsframskrivingen for Oslo 2025. Framskrevet folkemengde etter aldersgrupper og geografisk område (D), i ulike scenarioer (alternativer), 2025-2050",Mellomalternativet MMM,Majorstuen syd,Alder i alt,2045,8571
EliminatedValue,0,505,0,21,"BEF036: Befolkningsframskrivingen for Oslo 2025. Framskrevet folkemengde etter aldersgrupper og geografisk område (D), i ulike scenarioer (alternativer), 2025-2050",Mellomalternativet MMM,Majorstuen syd,Alder i alt,2046,8509
EliminatedValue,0,505,0,22,"BEF036: Befolkningsframskrivingen for Oslo 2025. Framskrevet folkemengde etter aldersgrupper og geografisk område (D), i ulike scenarioer (alternativer), 2025-2050",Mellomalternativet MMM,Majorstuen syd,Alder i alt,2047,8445
EliminatedValue,0,505,0,23,"BEF036: Befolkningsframskrivingen for Oslo 2025. Framskrevet folkemengde etter aldersgrupper og geografisk område (D), i ulike scenarioer (alternativer), 2025-2050",Mellomalternativet MMM,Majorstuen syd,Alder i alt,2048,8383
EliminatedValue,0,505,0,24,"BEF036: Befolkningsframskrivingen for Oslo 2025. Framskrevet folkemengde etter aldersgrupper og geografisk område (D), i ulike scenarioer (alternativer), 2025-2050",Mellomalternativet MMM,Majorstuen syd,Alder i alt,2049,8321
EliminatedValue,0,505,0,25,"BEF036: Befolkningsframskrivingen for Oslo 2025. Framskrevet folkemengde etter aldersgrupper og geografisk område (D), i ulike scenarioer (alternativer), 2025-2050",Mellomalternativet MMM,Majorstuen syd,Alder i alt,2050,8262
EliminatedValue,0,506,0,0,"BEF036: Befolkningsframskrivingen for Oslo 2025. Framskrevet folkemengde etter aldersgrupper og geografisk område (D), i ulike scenarioer (alternativer), 2025-2050",Mellomalternativet MMM,Homansbyen,Alder i alt,2025,10594
EliminatedValue,0,506,0,1,"BEF036: Befolkningsframskrivingen for Oslo 2025. Framskrevet folkemengde etter aldersgrupper og geografisk område (D), i ulike scenarioer (alternativer), 2025-2050",Mellomalternativet MMM,Homansbyen,Alder i alt,2026,10628
EliminatedValue,0,506,0,2,"BEF036: Befolkningsframskrivingen for Oslo 2025. Framskrevet folkemengde etter aldersgrupper og geografisk område (D), i ulike scenarioer (alternativer), 2025-2050",Mellomalternativet MMM,Homansbyen,Alder i alt,2027,10704
EliminatedValue,0,506,0,3,"BEF036: Befolkningsframskrivingen for Oslo 2025. Framskrevet folkemengde etter aldersgrupper og geografisk område (D), i ulike scenarioer (alternativer), 2025-2050",Mellomalternativet MMM,Homansbyen,Alder i alt,2028,10832
EliminatedValue,0,506,0,4,"BEF036: Befolkningsframskrivingen for Oslo 2025. Framskrevet folkemengde etter aldersgrupper og geografisk område (D), i ulike scenarioer (alternativer), 2025-2050",Mellomalternativet MMM,Homansbyen,Alder i alt,2029,10962
EliminatedValue,0,506,0,5,"BEF036: Befolkningsframskrivingen for Oslo 2025. Framskrevet folkemengde etter aldersgrupper og geografisk område (D), i ulike scenarioer (alternativer), 2025-2050",Mellomalternativet MMM,Homansbyen,Alder i alt,2030,10928
EliminatedValue,0,506,0,6,"BEF036: Befolkningsframskrivingen for Oslo 2025. Framskrevet folkemengde etter aldersgrupper og geografisk område (D), i ulike scenarioer (alternativer), 2025-2050",Mellomalternativet MMM,Homansbyen,Alder i alt,2031,10872
EliminatedValue,0,506,0,7,"BEF036: Befolkningsframskrivingen for Oslo 2025. Framskrevet folkemengde etter aldersgrupper og geografisk område (D), i ulike scenarioer (alternativer), 2025-2050",Mellomalternativet MMM,Homansbyen,Alder i alt,2032,10823
EliminatedValue,0,506,0,8,"BEF036: Befolkningsframskrivingen for Oslo 2025. Framskrevet folkemengde etter aldersgrupper og geografisk område (D), i ulike scenarioer (alternativer), 2025-2050",Mellomalternativet MMM,Homansbyen,Alder i alt,2033,10773
EliminatedValue,0,506,0,9,"BEF036: Befolkningsframskrivingen for Oslo 2025. Framskrevet folkemengde etter aldersgrupper og geografisk område (D), i ulike scenarioer (alternativer), 2025-2050",Mellomalternativet MMM,Homansbyen,Alder i alt,2034,10737
EliminatedValue,0,506,0,10,"BEF036: Befolkningsframskrivingen for Oslo 2025. Framskrevet folkemengde etter aldersgrupper og geografisk område (D), i ulike scenarioer (alternativer), 2025-2050",Mellomalternativet MMM,Homansbyen,Alder i alt,2035,10706
EliminatedValue,0,506,0,11,"BEF036: Befolkningsframskrivingen for Oslo 2025. Framskrevet folkemengde etter aldersgrupper og geografisk område (D), i ulike scenarioer (alternativer), 2025-2050",Mellomalternativet MMM,Homansbyen,Alder i alt,2036,10676
EliminatedValue,0,506,0,12,"BEF036: Befolkningsframskrivingen for Oslo 2025. Framskrevet folkemengde etter aldersgrupper og geografisk område (D), i ulike scenarioer (alternativer), 2025-2050",Mellomalternativet MMM,Homansbyen,Alder i alt,2037,10642
EliminatedValue,0,506,0,13,"BEF036: Befolkningsframskrivingen for Oslo 2025. Framskrevet folkemengde etter aldersgrupper og geografisk område (D), i ulike scenarioer (alternativer), 2025-2050",Mellomalternativet MMM,Homansbyen,Alder i alt,2038,10602
EliminatedValue,0,506,0,14,"BEF036: Befolkningsframskrivingen for Oslo 2025. Framskrevet folkemengde etter aldersgrupper og geografisk område (D), i ulike scenarioer (alternativer), 2025-2050",Mellomalternativet MMM,Homansbyen,Alder i alt,2039,10553
EliminatedValue,0,506,0,15,"BEF036: Befolkningsframskrivingen for Oslo 2025. Framskrevet folkemengde etter aldersgrupper og geografisk område (D), i ulike scenarioer (alternativer), 2025-2050",Mellomalternativet MMM,Homansbyen,Alder i alt,2040,10500
EliminatedValue,0,506,0,16,"BEF036: Befolkningsframskrivingen for Oslo 2025. Framskrevet folkemengde etter aldersgrupper og geografisk område (D), i ulike scenarioer (alternativer), 2025-2050",Mellomalternativet MMM,Homansbyen,Alder i alt,2041,10442
EliminatedValue,0,506,0,17,"BEF036: Befolkningsframskrivingen for Oslo 2025. Framskrevet folkemengde etter aldersgrupper og geografisk område (D), i ulike scenarioer (alternativer), 2025-2050",Mellomalternativet MMM,Homansbyen,Alder i alt,2042,10380
EliminatedValue,0,506,0,18,"BEF036: Befolkningsframskrivingen for Oslo 2025. Framskrevet folkemengde etter aldersgrupper og geografisk område (D), i ulike scenarioer (alternativer), 2025-2050",Mellomalternativet MMM,Homansbyen,Alder i alt,2043,10314
EliminatedValue,0,506,0,19,"BEF036: Befolkningsframskrivingen for Oslo 2025. Framskrevet folkemengde etter aldersgrupper og geografisk område (D), i ulike scenarioer (alternativer), 2025-2050",Mellomalternativet MMM,Homansbyen,Alder i alt,2044,10242
EliminatedValue,0,506,0,20,"BEF036: Befolkningsframskrivingen for Oslo 2025. Framskrevet folkemengde etter aldersgrupper og geografisk område (D), i ulike scenarioer (alternativer), 2025-2050",Mellomalternativet MMM,Homansbyen,Alder i alt,2045,10166
EliminatedValue,0,506,0,21,"BEF036: Befolkningsframskrivingen for Oslo 2025. Framskrevet folkemengde etter aldersgrupper og geografisk område (D), i ulike scenarioer (alternativer), 2025-2050",Mellomalternativet MMM,Homansbyen,Alder i alt,2046,10087
EliminatedValue,0,506,0,22,"BEF036: Befolkningsframskrivingen for Oslo 2025. Framskrevet folkemengde etter aldersgrupper og geografisk område (D), i ulike scenarioer (alternativer), 2025-2050",Mellomalternativet MMM,Homansbyen,Alder i alt,2047,10004
EliminatedValue,0,506,0,23,"BEF036: Befolkningsframskrivingen for Oslo 2025. Framskrevet folkemengde etter aldersgrupper og geografisk område (D), i ulike scenarioer (alternativer), 2025-2050",Mellomalternativet MMM,Homansbyen,Alder i alt,2048,9921
EliminatedValue,0,506,0,24,"BEF036: Befolkningsframskrivingen for Oslo 2025. Framskrevet folkemengde etter aldersgrupper og geografisk område (D), i ulike scenarioer (alternativer), 2025-2050",Mellomalternativet MMM,Homansbyen,Alder i alt,2049,9837
EliminatedValue,0,506,0,25,"BEF036: Befolkningsframskrivingen for Oslo 2025. Framskrevet folkemengde etter aldersgrupper og geografisk område (D), i ulike scenarioer (alternativer), 2025-2050",Mellomalternativet MMM,Homansbyen,Alder i alt,2050,9754
EliminatedValue,0,507,0,0,"BEF036: Befolkningsframskrivingen for Oslo 2025. Framskrevet folkemengde etter aldersgrupper og geografisk område (D), i ulike scenarioer (alternativer), 2025-2050",Mellomalternativet MMM,Uranienborg,Alder i alt,2025,7667
EliminatedValue,0,507,0,1,"BEF036: Befolkningsframskrivingen for Oslo 2025. Framskrevet folkemengde etter aldersgrupper og geografisk område (D), i ulike scenarioer (alternativer), 2025-2050",Mellomalternativet MMM,Uranienborg,Alder i alt,2026,7595
EliminatedValue,0,507,0,2,"BEF036: Befolkningsframskrivingen for Oslo 2025. Framskrevet folkemengde etter aldersgrupper og geografisk område (D), i ulike scenarioer (alternativer), 2025-2050",Mellomalternativet MMM,Uranienborg,Alder i alt,2027,7579
EliminatedValue,0,507,0,3,"BEF036: Befolkningsframskrivingen for Oslo 2025. Framskrevet folkemengde etter aldersgrupper og geografisk område (D), i ulike scenarioer (alternativer), 2025-2050",Mellomalternativet MMM,Uranienborg,Alder i alt,2028,7580
EliminatedValue,0,507,0,4,"BEF036: Befolkningsframskrivingen for Oslo 2025. Framskrevet folkemengde etter aldersgrupper og geografisk område (D), i ulike scenarioer (alternativer), 2025-2050",Mellomalternativet MMM,Uranienborg,Alder i alt,2029,7577
EliminatedValue,0,507,0,5,"BEF036: Befolkningsframskrivingen for Oslo 2025. Framskrevet folkemengde etter aldersgrupper og geografisk område (D), i ulike scenarioer (alternativer), 2025-2050",Mellomalternativet MMM,Uranienborg,Alder i alt,2030,7537
EliminatedValue,0,507,0,6,"BEF036: Befolkningsframskrivingen for Oslo 2025. Framskrevet folkemengde etter aldersgrupper og geografisk område (D), i ulike scenarioer (alternativer), 2025-2050",Mellomalternativet MMM,Uranienborg,Alder i alt,2031,7500
EliminatedValue,0,507,0,7,"BEF036: Befolkningsframskrivingen for Oslo 2025. Framskrevet folkemengde etter aldersgrupper og geografisk område (D), i ulike scenarioer (alternativer), 2025-2050",Mellomalternativet MMM,Uranienborg,Alder i alt,2032,7475
EliminatedValue,0,507,0,8,"BEF036: Befolkningsframskrivingen for Oslo 2025. Framskrevet folkemengde etter aldersgrupper og geografisk område (D), i ulike scenarioer (alternativer), 2025-2050",Mellomalternativet MMM,Uranienborg,Alder i alt,2033,7456
EliminatedValue,0,507,0,9,"BEF036: Befolkningsframskrivingen for Oslo 2025. Framskrevet folkemengde etter aldersgrupper og geografisk område (D), i ulike scenarioer (alternativer), 2025-2050",Mellomalternativet MMM,Uranienborg,Alder i alt,2034,7442
EliminatedValue,0,507,0,10,"BEF036: Befolkningsframskrivingen for Oslo 2025. Framskrevet folkemengde etter aldersgrupper og geografisk område (D), i ulike scenarioer (alternativer), 2025-2050",Mellomalternativet MMM,Uranienborg,Alder i alt,2035,7432
EliminatedValue,0,507,0,11,"BEF036: Befolkningsframskrivingen for Oslo 2025. Framskrevet folkemengde etter aldersgrupper og geografisk område (D), i ulike scenarioer (alternativer), 2025-2050",Mellomalternativet MMM,Uranienborg,Alder i alt,2036,7423
EliminatedValue,0,507,0,12,"BEF036: Befolkningsframskrivingen for Oslo 2025. Framskrevet folkemengde etter aldersgrupper og geografisk område (D), i ulike scenarioer (alternativer), 2025-2050",Mellomalternativet MMM,Uranienborg,Alder i alt,2037,7412
EliminatedValue,0,507,0,13,"BEF036: Befolkningsframskrivingen for Oslo 2025. Framskrevet folkemengde etter aldersgrupper og geografisk område (D), i ulike scenarioer (alternativer), 2025-2050",Mellomalternativet MMM,Uranienborg,Alder i alt,2038,7399
EliminatedValue,0,507,0,14,"BEF036: Befolkningsframskrivingen for Oslo 2025. Framskrevet folkemengde etter aldersgrupper og geografisk område (D), i ulike scenarioer (alternativer), 2025-2050",Mellomalternativet MMM,Uranienborg,Alder i alt,2039,7382
EliminatedValue,0,507,0,15,"BEF036: Befolkningsframskrivingen for Oslo 2025. Framskrevet folkemengde etter aldersgrupper og geografisk område (D), i ulike scenarioer (alternativer), 2025-2050",Mellomalternativet MMM,Uranienborg,Alder i alt,2040,7360
EliminatedValue,0,507,0,16,"BEF036: Befolkningsframskrivingen for Oslo 2025. Framskrevet folkemengde etter aldersgrupper og geografisk område (D), i ulike scenarioer (alternativer), 2025-2050",Mellomalternativet MMM,Uranienborg,Alder i alt,2041,7335
EliminatedValue,0,507,0,17,"BEF036: Befolkningsframskrivingen for Oslo 2025. Framskrevet folkemengde etter aldersgrupper og geografisk område (D), i ulike scenarioer (alternativer), 2025-2050",Mellomalternativet MMM,Uranienborg,Alder i alt,2042,7306
EliminatedValue,0,507,0,18,"BEF036: Befolkningsframskrivingen for Oslo 2025. Framskrevet folkemengde etter aldersgrupper og geografisk område (D), i ulike scenarioer (alternativer), 2025-2050",Mellomalternativet MMM,Uranienborg,Alder i alt,2043,7275
EliminatedValue,0,507,0,19,"BEF036: Befolkningsframskrivingen for Oslo 2025. Framskrevet folkemengde etter aldersgrupper og geografisk område (D), i ulike scenarioer (alternativer), 2025-2050",Mellomalternativet MMM,Uranienborg,Alder i alt,2044,7242
EliminatedValue,0,507,0,20,"BEF036: Befolkningsframskrivingen for Oslo 2025. Framskrevet folkemengde etter aldersgrupper og geografisk område (D), i ulike scenarioer (alternativer), 2025-2050",Mellomalternativet MMM,Uranienborg,Alder i alt,2045,7207
EliminatedValue,0,507,0,21,"BEF036: Befolkningsframskrivingen for Oslo 2025. Framskrevet folkemengde etter aldersgrupper og geografisk område (D), i ulike scenarioer (alternativer), 2025-2050",Mellomalternativet MMM,Uranienborg,Alder i alt,2046,7172
EliminatedValue,0,507,0,22,"BEF036: Befolkningsframskrivingen for Oslo 2025. Framskrevet folkemengde etter aldersgrupper og geografisk område (D), i ulike scenarioer (alternativer), 2025-2050",Mellomalternativet MMM,Uranienborg,Alder i alt,2047,7137
EliminatedValue,0,507,0,23,"BEF036: Befolkningsframskrivingen for Oslo 2025. Framskrevet folkemengde etter aldersgrupper og geografisk område (D), i ulike scenarioer (alternativer), 2025-2050",Mellomalternativet MMM,Uranienborg,Alder i alt,2048,7101
EliminatedValue,0,507,0,24,"BEF036: Befolkningsframskrivingen for Oslo 2025. Framskrevet folkemengde etter aldersgrupper og geografisk område (D), i ulike scenarioer (alternativer), 2025-2050",Mellomalternativet MMM,Uranienborg,Alder i alt,2049,7066
EliminatedValue,0,507,0,25,"BEF036: Befolkningsframskrivingen for Oslo 2025. Framskrevet folkemengde etter aldersgrupper og geografisk område (D), i ulike scenarioer (alternativer), 2025-2050",Mellomalternativet MMM,Uranienborg,Alder i alt,2050,7032
EliminatedValue,0,508,0,0,"BEF036: Befolkningsframskrivingen for Oslo 2025. Framskrevet folkemengde etter aldersgrupper og geografisk område (D), i ulike scenarioer (alternativer), 2025-2050",Mellomalternativet MMM,Skillebekk,Alder i alt,2025,9451
EliminatedValue,0,508,0,1,"BEF036: Befolkningsframskrivingen for Oslo 2025. Framskrevet folkemengde etter aldersgrupper og geografisk område (D), i ulike scenarioer (alternativer), 2025-2050",Mellomalternativet MMM,Skillebekk,Alder i alt,2026,9463
EliminatedValue,0,508,0,2,"BEF036: Befolkningsframskrivingen for Oslo 2025. Framskrevet folkemengde etter aldersgrupper og geografisk område (D), i ulike scenarioer (alternativer), 2025-2050",Mellomalternativet MMM,Skillebekk,Alder i alt,2027,9506
EliminatedValue,0,508,0,3,"BEF036: Befolkningsframskrivingen for Oslo 2025. Framskrevet folkemengde etter aldersgrupper og geografisk område (D), i ulike scenarioer (alternativer), 2025-2050",Mellomalternativet MMM,Skillebekk,Alder i alt,2028,9533
EliminatedValue,0,508,0,4,"BEF036: Befolkningsframskrivingen for Oslo 2025. Framskrevet folkemengde etter aldersgrupper og geografisk område (D), i ulike scenarioer (alternativer), 2025-2050",Mellomalternativet MMM,Skillebekk,Alder i alt,2029,9536
EliminatedValue,0,508,0,5,"BEF036: Befolkningsframskrivingen for Oslo 2025. Framskrevet folkemengde etter aldersgrupper og geografisk område (D), i ulike scenarioer (alternativer), 2025-2050",Mellomalternativet MMM,Skillebekk,Alder i alt,2030,9524
EliminatedValue,0,508,0,6,"BEF036: Befolkningsframskrivingen for Oslo 2025. Framskrevet folkemengde etter aldersgrupper og geografisk område (D), i ulike scenarioer (alternativer), 2025-2050",Mellomalternativet MMM,Skillebekk,Alder i alt,2031,9518
EliminatedValue,0,508,0,7,"BEF036: Befolkningsframskrivingen for Oslo 2025. Framskrevet folkemengde etter aldersgrupper og geografisk område (D), i ulike scenarioer (alternativer), 2025-2050",Mellomalternativet MMM,Skillebekk,Alder i alt,2032,9521
EliminatedValue,0,508,0,8,"BEF036: Befolkningsframskrivingen for Oslo 2025. Framskrevet folkemengde etter aldersgrupper og geografisk område (D), i ulike scenarioer (alternativer), 2025-2050",Mellomalternativet MMM,Skillebekk,Alder i alt,2033,9652
EliminatedValue,0,508,0,9,"BEF036: Befolkningsframskrivingen for Oslo 2025. Framskrevet folkemengde etter aldersgrupper og geografisk område (D), i ulike scenarioer (alternativer), 2025-2050",Mellomalternativet MMM,Skillebekk,Alder i alt,2034,9954
EliminatedValue,0,508,0,10,"BEF036: Befolkningsframskrivingen for Oslo 2025. Framskrevet folkemengde etter aldersgrupper og geografisk område (D), i ulike scenarioer (alternativer), 2025-2050",Mellomalternativet MMM,Skillebekk,Alder i alt,2035,10368
EliminatedValue,0,508,0,11,"BEF036: Befolkningsframskrivingen for Oslo 2025. Framskrevet folkemengde etter aldersgrupper og geografisk område (D), i ulike scenarioer (alternativer), 2025-2050",Mellomalternativet MMM,Skillebekk,Alder i alt,2036,10736
EliminatedValue,0,508,0,12,"BEF036: Befolkningsframskrivingen for Oslo 2025. Framskrevet folkemengde etter aldersgrupper og geografisk område (D), i ulike scenarioer (alternativer), 2025-2050",Mellomalternativet MMM,Skillebekk,Alder i alt,2037,11095
EliminatedValue,0,508,0,13,"BEF036: Befolkningsframskrivingen for Oslo 2025. Framskrevet folkemengde etter aldersgrupper og geografisk område (D), i ulike scenarioer (alternativer), 2025-2050",Mellomalternativet MMM,Skillebekk,Alder i alt,2038,11431
EliminatedValue,0,508,0,14,"BEF036: Befolkningsframskrivingen for Oslo 2025. Framskrevet folkemengde etter aldersgrupper og geografisk område (D), i ulike scenarioer (alternativer), 2025-2050",Mellomalternativet MMM,Skillebekk,Alder i alt,2039,11791
EliminatedValue,0,508,0,15,"BEF036: Befolkningsframskrivingen for Oslo 2025. Framskrevet folkemengde etter aldersgrupper og geografisk område (D), i ulike scenarioer (alternativer), 2025-2050",Mellomalternativet MMM,Skillebekk,Alder i alt,2040,12210
EliminatedValue,0,508,0,16,"BEF036: Befolkningsframskrivingen for Oslo 2025. Framskrevet folkemengde etter aldersgrupper og geografisk område (D), i ulike scenarioer (alternativer), 2025-2050",Mellomalternativet MMM,Skillebekk,Alder i alt,2041,12486
EliminatedValue,0,508,0,17,"BEF036: Befolkningsframskrivingen for Oslo 2025. Framskrevet folkemengde etter aldersgrupper og geografisk område (D), i ulike scenarioer (alternativer), 2025-2050",Mellomalternativet MMM,Skillebekk,Alder i alt,2042,12837
EliminatedValue,0,508,0,18,"BEF036: Befolkningsframskrivingen for Oslo 2025. Framskrevet folkemengde etter aldersgrupper og geografisk område (D), i ulike scenarioer (alternativer), 2025-2050",Mellomalternativet MMM,Skillebekk,Alder i alt,2043,13156
EliminatedValue,0,508,0,19,"BEF036: Befolkningsframskrivingen for Oslo 2025. Framskrevet folkemengde etter aldersgrupper og geografisk område (D), i ulike scenarioer (alternativer), 2025-2050",Mellomalternativet MMM,Skillebekk,Alder i alt,2044,13441
EliminatedValue,0,508,0,20,"BEF036: Befolkningsframskrivingen for Oslo 2025. Framskrevet folkemengde etter aldersgrupper og geografisk område (D), i ulike scenarioer (alternativer), 2025-2050",Mellomalternativet MMM,Skillebekk,Alder i alt,2045,13724
EliminatedValue,0,508,0,21,"BEF036: Befolkningsframskrivingen for Oslo 2025. Framskrevet folkemengde etter aldersgrupper og geografisk område (D), i ulike scenarioer (alternativer), 2025-2050",Mellomalternativet MMM,Skillebekk,Alder i alt,2046,14124
EliminatedValue,0,508,0,22,"BEF036: Befolkningsframskrivingen for Oslo 2025. Framskrevet folkemengde etter aldersgrupper og geografisk område (D), i ulike scenarioer (alternativer), 2025-2050",Mellomalternativet MMM,Skillebekk,Alder i alt,2047,14456
EliminatedValue,0,508,0,23,"BEF036: Befolkningsframskrivingen for Oslo 2025. Framskrevet folkemengde etter aldersgrupper og geografisk område (D), i ulike scenarioer (alternativer), 2025-2050",Mellomalternativet MMM,Skillebekk,Alder i alt,2048,14744
EliminatedValue,0,508,0,24,"BEF036: Befolkningsframskrivingen for Oslo 2025. Framskrevet folkemengde etter aldersgrupper og geografisk område (D), i ulike scenarioer (alternativer), 2025-2050",Mellomalternativet MMM,Skillebekk,Alder i alt,2049,14974
EliminatedValue,0,508,0,25,"BEF036: Befolkningsframskrivingen for Oslo 2025. Framskrevet folkemengde etter aldersgrupper og geografisk område (D), i ulike scenarioer (alternativer), 2025-2050",Mellomalternativet MMM,Skillebekk,Alder i alt,2050,15160
EliminatedValue,0,601,0,0,"BEF036: Befolkningsframskrivingen for Oslo 2025. Framskrevet folkemengde etter aldersgrupper og geografisk område (D), i ulike scenarioer (alternativer), 2025-2050",Mellomalternativet MMM,Ullernåsen,Alder i alt,2025,6869
EliminatedValue,0,601,0,1,"BEF036: Befolkningsframskrivingen for Oslo 2025. Framskrevet folkemengde etter aldersgrupper og geografisk område (D), i ulike scenarioer (alternativer), 2025-2050",Mellomalternativet MMM,Ullernåsen,Alder i alt,2026,6873
EliminatedValue,0,601,0,2,"BEF036: Befolkningsframskrivingen for Oslo 2025. Framskrevet folkemengde etter aldersgrupper og geografisk område (D), i ulike scenarioer (alternativer), 2025-2050",Mellomalternativet MMM,Ullernåsen,Alder i alt,2027,6897
EliminatedValue,0,601,0,3,"BEF036: Befolkningsframskrivingen for Oslo 2025. Framskrevet folkemengde etter aldersgrupper og geografisk område (D), i ulike scenarioer (alternativer), 2025-2050",Mellomalternativet MMM,Ullernåsen,Alder i alt,2028,6978
EliminatedValue,0,601,0,4,"BEF036: Befolkningsframskrivingen for Oslo 2025. Framskrevet folkemengde etter aldersgrupper og geografisk område (D), i ulike scenarioer (alternativer), 2025-2050",Mellomalternativet MMM,Ullernåsen,Alder i alt,2029,7054
EliminatedValue,0,601,0,5,"BEF036: Befolkningsframskrivingen for Oslo 2025. Framskrevet folkemengde etter aldersgrupper og geografisk område (D), i ulike scenarioer (alternativer), 2025-2050",Mellomalternativet MMM,Ullernåsen,Alder i alt,2030,7082
EliminatedValue,0,601,0,6,"BEF036: Befolkningsframskrivingen for Oslo 2025. Framskrevet folkemengde etter aldersgrupper og geografisk område (D), i ulike scenarioer (alternativer), 2025-2050",Mellomalternativet MMM,Ullernåsen,Alder i alt,2031,7089
EliminatedValue,0,601,0,7,"BEF036: Befolkningsframskrivingen for Oslo 2025. Framskrevet folkemengde etter aldersgrupper og geografisk område (D), i ulike scenarioer (alternativer), 2025-2050",Mellomalternativet MMM,Ullernåsen,Alder i alt,2032,7091
EliminatedValue,0,601,0,8,"BEF036: Befolkningsframskrivingen for Oslo 2025. Framskrevet folkemengde etter aldersgrupper og geografisk område (D), i ulike scenarioer (alternativer), 2025-2050",Mellomalternativet MMM,Ullernåsen,Alder i alt,2033,7094
EliminatedValue,0,601,0,9,"BEF036: Befolkningsframskrivingen for Oslo 2025. Framskrevet folkemengde etter aldersgrupper og geografisk område (D), i ulike scenarioer (alternativer), 2025-2050",Mellomalternativet MMM,Ullernåsen,Alder i alt,2034,7107
EliminatedValue,0,601,0,10,"BEF036: Befolkningsframskrivingen for Oslo 2025. Framskrevet folkemengde etter aldersgrupper og geografisk område (D), i ulike scenarioer (alternativer), 2025-2050",Mellomalternativet MMM,Ullernåsen,Alder i alt,2035,7123
EliminatedValue,0,601,0,11,"BEF036: Befolkningsframskrivingen for Oslo 2025. Framskrevet folkemengde etter aldersgrupper og geografisk område (D), i ulike scenarioer (alternativer), 2025-2050",Mellomalternativet MMM,Ullernåsen,Alder i alt,2036,7141
EliminatedValue,0,601,0,12,"BEF036: Befolkningsframskrivingen for Oslo 2025. Framskrevet folkemengde etter aldersgrupper og geografisk område (D), i ulike scenarioer (alternativer), 2025-2050",Mellomalternativet MMM,Ullernåsen,Alder i alt,2037,7156
EliminatedValue,0,601,0,13,"BEF036: Befolkningsframskrivingen for Oslo 2025. Framskrevet folkemengde etter aldersgrupper og geografisk område (D), i ulike scenarioer (alternativer), 2025-2050",Mellomalternativet MMM,Ullernåsen,Alder i alt,2038,7172
EliminatedValue,0,601,0,14,"BEF036: Befolkningsframskrivingen for Oslo 2025. Framskrevet folkemengde etter aldersgrupper og geografisk område (D), i ulike scenarioer (alternativer), 2025-2050",Mellomalternativet MMM,Ullernåsen,Alder i alt,2039,7187
EliminatedValue,0,601,0,15,"BEF036: Befolkningsframskrivingen for Oslo 2025. Framskrevet folkemengde etter aldersgrupper og geografisk område (D), i ulike scenarioer (alternativer), 2025-2050",Mellomalternativet MMM,Ullernåsen,Alder i alt,2040,7200
EliminatedValue,0,601,0,16,"BEF036: Befolkningsframskrivingen for Oslo 2025. Framskrevet folkemengde etter aldersgrupper og geografisk område (D), i ulike scenarioer (alternativer), 2025-2050",Mellomalternativet MMM,Ullernåsen,Alder i alt,2041,7211
EliminatedValue,0,601,0,17,"BEF036: Befolkningsframskrivingen for Oslo 2025. Framskrevet folkemengde etter aldersgrupper og geografisk område (D), i ulike scenarioer (alternativer), 2025-2050",Mellomalternativet MMM,Ullernåsen,Alder i alt,2042,7219
EliminatedValue,0,601,0,18,"BEF036: Befolkningsframskrivingen for Oslo 2025. Framskrevet folkemengde etter aldersgrupper og geografisk område (D), i ulike scenarioer (alternativer), 2025-2050",Mellomalternativet MMM,Ullernåsen,Alder i alt,2043,7224
EliminatedValue,0,601,0,19,"BEF036: Befolkningsframskrivingen for Oslo 2025. Framskrevet folkemengde etter aldersgrupper og geografisk område (D), i ulike scenarioer (alternativer), 2025-2050",Mellomalternativet MMM,Ullernåsen,Alder i alt,2044,7229
EliminatedValue,0,601,0,20,"BEF036: Befolkningsframskrivingen for Oslo 2025. Framskrevet folkemengde etter aldersgrupper og geografisk område (D), i ulike scenarioer (alternativer), 2025-2050",Mellomalternativet MMM,Ullernåsen,Alder i alt,2045,7233
EliminatedValue,0,601,0,21,"BEF036: Befolkningsframskrivingen for Oslo 2025. Framskrevet folkemengde etter aldersgrupper og geografisk område (D), i ulike scenarioer (alternativer), 2025-2050",Mellomalternativet MMM,Ullernåsen,Alder i alt,2046,7236
EliminatedValue,0,601,0,22,"BEF036: Befolkningsframskrivingen for Oslo 2025. Framskrevet folkemengde etter aldersgrupper og geografisk område (D), i ulike scenarioer (alternativer), 2025-2050",Mellomalternativet MMM,Ullernåsen,Alder i alt,2047,7238
EliminatedValue,0,601,0,23,"BEF036: Befolkningsframskrivingen for Oslo 2025. Framskrevet folkemengde etter aldersgrupper og geografisk område (D), i ulike scenarioer (alternativer), 2025-2050",Mellomalternativet MMM,Ullernåsen,Alder i alt,2048,7235
EliminatedValue,0,601,0,24,"BEF036: Befolkningsframskrivingen for Oslo 2025. Framskrevet folkemengde etter aldersgrupper og geografisk område (D), i ulike scenarioer (alternativer), 2025-2050",Mellomalternativet MMM,Ullernåsen,Alder i alt,2049,7230
EliminatedValue,0,601,0,25,"BEF036: Befolkningsframskrivingen for Oslo 2025. Framskrevet folkemengde etter aldersgrupper og geografisk område (D), i ulike scenarioer (alternativer), 2025-2050",Mellomalternativet MMM,Ullernåsen,Alder i alt,2050,7223
EliminatedValue,0,602,0,0,"BEF036: Befolkningsframskrivingen for Oslo 2025. Framskrevet folkemengde etter aldersgrupper og geografisk område (D), i ulike scenarioer (alternativer), 2025-2050",Mellomalternativet MMM,Lilleaker,Alder i alt,2025,5746
EliminatedValue,0,602,0,1,"BEF036: Befolkningsframskrivingen for Oslo 2025. Framskrevet folkemengde etter aldersgrupper og geografisk område (D), i ulike scenarioer (alternativer), 2025-2050",Mellomalternativet MMM,Lilleaker,Alder i alt,2026,5773
EliminatedValue,0,602,0,2,"BEF036: Befolkningsframskrivingen for Oslo 2025. Framskrevet folkemengde etter aldersgrupper og geografisk område (D), i ulike scenarioer (alternativer), 2025-2050",Mellomalternativet MMM,Lilleaker,Alder i alt,2027,5799
EliminatedValue,0,602,0,3,"BEF036: Befolkningsframskrivingen for Oslo 2025. Framskrevet folkemengde etter aldersgrupper og geografisk område (D), i ulike scenarioer (alternativer), 2025-2050",Mellomalternativet MMM,Lilleaker,Alder i alt,2028,5851
EliminatedValue,0,602,0,4,"BEF036: Befolkningsframskrivingen for Oslo 2025. Framskrevet folkemengde etter aldersgrupper og geografisk område (D), i ulike scenarioer (alternativer), 2025-2050",Mellomalternativet MMM,Lilleaker,Alder i alt,2029,5908
EliminatedValue,0,602,0,5,"BEF036: Befolkningsframskrivingen for Oslo 2025. Framskrevet folkemengde etter aldersgrupper og geografisk område (D), i ulike scenarioer (alternativer), 2025-2050",Mellomalternativet MMM,Lilleaker,Alder i alt,2030,6099
EliminatedValue,0,602,0,6,"BEF036: Befolkningsframskrivingen for Oslo 2025. Framskrevet folkemengde etter aldersgrupper og geografisk område (D), i ulike scenarioer (alternativer), 2025-2050",Mellomalternativet MMM,Lilleaker,Alder i alt,2031,6290
EliminatedValue,0,602,0,7,"BEF036: Befolkningsframskrivingen for Oslo 2025. Framskrevet folkemengde etter aldersgrupper og geografisk område (D), i ulike scenarioer (alternativer), 2025-2050",Mellomalternativet MMM,Lilleaker,Alder i alt,2032,6798
EliminatedValue,0,602,0,8,"BEF036: Befolkningsframskrivingen for Oslo 2025. Framskrevet folkemengde etter aldersgrupper og geografisk område (D), i ulike scenarioer (alternativer), 2025-2050",Mellomalternativet MMM,Lilleaker,Alder i alt,2033,7408
EliminatedValue,0,602,0,9,"BEF036: Befolkningsframskrivingen for Oslo 2025. Framskrevet folkemengde etter aldersgrupper og geografisk område (D), i ulike scenarioer (alternativer), 2025-2050",Mellomalternativet MMM,Lilleaker,Alder i alt,2034,7866
EliminatedValue,0,602,0,10,"BEF036: Befolkningsframskrivingen for Oslo 2025. Framskrevet folkemengde etter aldersgrupper og geografisk område (D), i ulike scenarioer (alternativer), 2025-2050",Mellomalternativet MMM,Lilleaker,Alder i alt,2035,8223
EliminatedValue,0,602,0,11,"BEF036: Befolkningsframskrivingen for Oslo 2025. Framskrevet folkemengde etter aldersgrupper og geografisk område (D), i ulike scenarioer (alternativer), 2025-2050",Mellomalternativet MMM,Lilleaker,Alder i alt,2036,8521
EliminatedValue,0,602,0,12,"BEF036: Befolkningsframskrivingen for Oslo 2025. Framskrevet folkemengde etter aldersgrupper og geografisk område (D), i ulike scenarioer (alternativer), 2025-2050",Mellomalternativet MMM,Lilleaker,Alder i alt,2037,8695
EliminatedValue,0,602,0,13,"BEF036: Befolkningsframskrivingen for Oslo 2025. Framskrevet folkemengde etter aldersgrupper og geografisk område (D), i ulike scenarioer (alternativer), 2025-2050",Mellomalternativet MMM,Lilleaker,Alder i alt,2038,8850
EliminatedValue,0,602,0,14,"BEF036: Befolkningsframskrivingen for Oslo 2025. Framskrevet folkemengde etter aldersgrupper og geografisk område (D), i ulike scenarioer (alternativer), 2025-2050",Mellomalternativet MMM,Lilleaker,Alder i alt,2039,8983
EliminatedValue,0,602,0,15,"BEF036: Befolkningsframskrivingen for Oslo 2025. Framskrevet folkemengde etter aldersgrupper og geografisk område (D), i ulike scenarioer (alternativer), 2025-2050",Mellomalternativet MMM,Lilleaker,Alder i alt,2040,9093
EliminatedValue,0,602,0,16,"BEF036: Befolkningsframskrivingen for Oslo 2025. Framskrevet folkemengde etter aldersgrupper og geografisk område (D), i ulike scenarioer (alternativer), 2025-2050",Mellomalternativet MMM,Lilleaker,Alder i alt,2041,9150
EliminatedValue,0,602,0,17,"BEF036: Befolkningsframskrivingen for Oslo 2025. Framskrevet folkemengde etter aldersgrupper og geografisk område (D), i ulike scenarioer (alternativer), 2025-2050",Mellomalternativet MMM,Lilleaker,Alder i alt,2042,9188
EliminatedValue,0,602,0,18,"BEF036: Befolkningsframskrivingen for Oslo 2025. Framskrevet folkemengde etter aldersgrupper og geografisk område (D), i ulike scenarioer (alternativer), 2025-2050",Mellomalternativet MMM,Lilleaker,Alder i alt,2043,9240
EliminatedValue,0,602,0,19,"BEF036: Befolkningsframskrivingen for Oslo 2025. Framskrevet folkemengde etter aldersgrupper og geografisk område (D), i ulike scenarioer (alternativer), 2025-2050",Mellomalternativet MMM,Lilleaker,Alder i alt,2044,9300
EliminatedValue,0,602,0,20,"BEF036: Befolkningsframskrivingen for Oslo 2025. Framskrevet folkemengde etter aldersgrupper og geografisk område (D), i ulike scenarioer (alternativer), 2025-2050",Mellomalternativet MMM,Lilleaker,Alder i alt,2045,9361
EliminatedValue,0,602,0,21,"BEF036: Befolkningsframskrivingen for Oslo 2025. Framskrevet folkemengde etter aldersgrupper og geografisk område (D), i ulike scenarioer (alternativer), 2025-2050",Mellomalternativet MMM,Lilleaker,Alder i alt,2046,9424
EliminatedValue,0,602,0,22,"BEF036: Befolkningsframskrivingen for Oslo 2025. Framskrevet folkemengde etter aldersgrupper og geografisk område (D), i ulike scenarioer (alternativer), 2025-2050",Mellomalternativet MMM,Lilleaker,Alder i alt,2047,9484
EliminatedValue,0,602,0,23,"BEF036: Befolkningsframskrivingen for Oslo 2025. Framskrevet folkemengde etter aldersgrupper og geografisk område (D), i ulike scenarioer (alternativer), 2025-2050",Mellomalternativet MMM,Lilleaker,Alder i alt,2048,9536
EliminatedValue,0,602,0,24,"BEF036: Befolkningsframskrivingen for Oslo 2025. Framskrevet folkemengde etter aldersgrupper og geografisk område (D), i ulike scenarioer (alternativer), 2025-2050",Mellomalternativet MMM,Lilleaker,Alder i alt,2049,9581
EliminatedValue,0,602,0,25,"BEF036: Befolkningsframskrivingen for Oslo 2025. Framskrevet folkemengde etter aldersgrupper og geografisk område (D), i ulike scenarioer (alternativer), 2025-2050",Mellomalternativet MMM,Lilleaker,Alder i alt,2050,9620
EliminatedValue,0,603,0,0,"BEF036: Befolkningsframskrivingen for Oslo 2025. Framskrevet folkemengde etter aldersgrupper og geografisk område (D), i ulike scenarioer (alternativer), 2025-2050",Mellomalternativet MMM,Ullern,Alder i alt,2025,6133
EliminatedValue,0,603,0,1,"BEF036: Befolkningsframskrivingen for Oslo 2025. Framskrevet folkemengde etter aldersgrupper og geografisk område (D), i ulike scenarioer (alternativer), 2025-2050",Mellomalternativet MMM,Ullern,Alder i alt,2026,6165
EliminatedValue,0,603,0,2,"BEF036: Befolkningsframskrivingen for Oslo 2025. Framskrevet folkemengde etter aldersgrupper og geografisk område (D), i ulike scenarioer (alternativer), 2025-2050",Mellomalternativet MMM,Ullern,Alder i alt,2027,6223
EliminatedValue,0,603,0,3,"BEF036: Befolkningsframskrivingen for Oslo 2025. Framskrevet folkemengde etter aldersgrupper og geografisk område (D), i ulike scenarioer (alternativer), 2025-2050",Mellomalternativet MMM,Ullern,Alder i alt,2028,6310
EliminatedValue,0,603,0,4,"BEF036: Befolkningsframskrivingen for Oslo 2025. Framskrevet folkemengde etter aldersgrupper og geografisk område (D), i ulike scenarioer (alternativer), 2025-2050",Mellomalternativet MMM,Ullern,Alder i alt,2029,6394
EliminatedValue,0,603,0,5,"BEF036: Befolkningsframskrivingen for Oslo 2025. Framskrevet folkemengde etter aldersgrupper og geografisk område (D), i ulike scenarioer (alternativer), 2025-2050",Mellomalternativet MMM,Ullern,Alder i alt,2030,6423
EliminatedValue,0,603,0,6,"BEF036: Befolkningsframskrivingen for Oslo 2025. Framskrevet folkemengde etter aldersgrupper og geografisk område (D), i ulike scenarioer (alternativer), 2025-2050",Mellomalternativet MMM,Ullern,Alder i alt,2031,6446
EliminatedValue,0,603,0,7,"BEF036: Befolkningsframskrivingen for Oslo 2025. Framskrevet folkemengde etter aldersgrupper og geografisk område (D), i ulike scenarioer (alternativer), 2025-2050",Mellomalternativet MMM,Ullern,Alder i alt,2032,6471
EliminatedValue,0,603,0,8,"BEF036: Befolkningsframskrivingen for Oslo 2025. Framskrevet folkemengde etter aldersgrupper og geografisk område (D), i ulike scenarioer (alternativer), 2025-2050",Mellomalternativet MMM,Ullern,Alder i alt,2033,6496
EliminatedValue,0,603,0,9,"BEF036: Befolkningsframskrivingen for Oslo 2025. Framskrevet folkemengde etter aldersgrupper og geografisk område (D), i ulike scenarioer (alternativer), 2025-2050",Mellomalternativet MMM,Ullern,Alder i alt,2034,6524
EliminatedValue,0,603,0,10,"BEF036: Befolkningsframskrivingen for Oslo 2025. Framskrevet folkemengde etter aldersgrupper og geografisk område (D), i ulike scenarioer (alternativer), 2025-2050",Mellomalternativet MMM,Ullern,Alder i alt,2035,6553
EliminatedValue,0,603,0,11,"BEF036: Befolkningsframskrivingen for Oslo 2025. Framskrevet folkemengde etter aldersgrupper og geografisk område (D), i ulike scenarioer (alternativer), 2025-2050",Mellomalternativet MMM,Ullern,Alder i alt,2036,6589
EliminatedValue,0,603,0,12,"BEF036: Befolkningsframskrivingen for Oslo 2025. Framskrevet folkemengde etter aldersgrupper og geografisk område (D), i ulike scenarioer (alternativer), 2025-2050",Mellomalternativet MMM,Ullern,Alder i alt,2037,6641
EliminatedValue,0,603,0,13,"BEF036: Befolkningsframskrivingen for Oslo 2025. Framskrevet folkemengde etter aldersgrupper og geografisk område (D), i ulike scenarioer (alternativer), 2025-2050",Mellomalternativet MMM,Ullern,Alder i alt,2038,6695
EliminatedValue,0,603,0,14,"BEF036: Befolkningsframskrivingen for Oslo 2025. Framskrevet folkemengde etter aldersgrupper og geografisk område (D), i ulike scenarioer (alternativer), 2025-2050",Mellomalternativet MMM,Ullern,Alder i alt,2039,6754
EliminatedValue,0,603,0,15,"BEF036: Befolkningsframskrivingen for Oslo 2025. Framskrevet folkemengde etter aldersgrupper og geografisk område (D), i ulike scenarioer (alternativer), 2025-2050",Mellomalternativet MMM,Ullern,Alder i alt,2040,6836
EliminatedValue,0,603,0,16,"BEF036: Befolkningsframskrivingen for Oslo 2025. Framskrevet folkemengde etter aldersgrupper og geografisk område (D), i ulike scenarioer (alternativer), 2025-2050",Mellomalternativet MMM,Ullern,Alder i alt,2041,6937
EliminatedValue,0,603,0,17,"BEF036: Befolkningsframskrivingen for Oslo 2025. Framskrevet folkemengde etter aldersgrupper og geografisk område (D), i ulike scenarioer (alternativer), 2025-2050",Mellomalternativet MMM,Ullern,Alder i alt,2042,7060
EliminatedValue,0,603,0,18,"BEF036: Befolkningsframskrivingen for Oslo 2025. Framskrevet folkemengde etter aldersgrupper og geografisk område (D), i ulike scenarioer (alternativer), 2025-2050",Mellomalternativet MMM,Ullern,Alder i alt,2043,7193
EliminatedValue,0,603,0,19,"BEF036: Befolkningsframskrivingen for Oslo 2025. Framskrevet folkemengde etter aldersgrupper og geografisk område (D), i ulike scenarioer (alternativer), 2025-2050",Mellomalternativet MMM,Ullern,Alder i alt,2044,7332
EliminatedValue,0,603,0,20,"BEF036: Befolkningsframskrivingen for Oslo 2025. Framskrevet folkemengde etter aldersgrupper og geografisk område (D), i ulike scenarioer (alternativer), 2025-2050",Mellomalternativet MMM,Ullern,Alder i alt,2045,7466
EliminatedValue,0,603,0,21,"BEF036: Befolkningsframskrivingen for Oslo 2025. Framskrevet folkemengde etter aldersgrupper og geografisk område (D), i ulike scenarioer (alternativer), 2025-2050",Mellomalternativet MMM,Ullern,Alder i alt,2046,7594
EliminatedValue,0,603,0,22,"BEF036: Befolkningsframskrivingen for Oslo 2025. Framskrevet folkemengde etter aldersgrupper og geografisk område (D), i ulike scenarioer (alternativer), 2025-2050",Mellomalternativet MMM,Ullern,Alder i alt,2047,7717
EliminatedValue,0,603,0,23,"BEF036: Befolkningsframskrivingen for Oslo 2025. Framskrevet folkemengde etter aldersgrupper og geografisk område (D), i ulike scenarioer (alternativer), 2025-2050",Mellomalternativet MMM,Ullern,Alder i alt,2048,7833
EliminatedValue,0,603,0,24,"BEF036: Befolkningsframskrivingen for Oslo 2025. Framskrevet folkemengde etter aldersgrupper og geografisk område (D), i ulike scenarioer (alternativer), 2025-2050",Mellomalternativet MMM,Ullern,Alder i alt,2049,7940
EliminatedValue,0,603,0,25,"BEF036: Befolkningsframskrivingen for Oslo 2025. Framskrevet folkemengde etter aldersgrupper og geografisk område (D), i ulike scenarioer (alternativer), 2025-2050",Mellomalternativet MMM,Ullern,Alder i alt,2050,8038
EliminatedValue,0,604,0,0,"BEF036: Befolkningsframskrivingen for Oslo 2025. Framskrevet folkemengde etter aldersgrupper og geografisk område (D), i ulike scenarioer (alternativer), 2025-2050",Mellomalternativet MMM,Montebello-Hoff,Alder i alt,2025,8438
EliminatedValue,0,604,0,1,"BEF036: Befolkningsframskrivingen for Oslo 2025. Framskrevet folkemengde etter aldersgrupper og geografisk område (D), i ulike scenarioer (alternativer), 2025-2050",Mellomalternativet MMM,Montebello-Hoff,Alder i alt,2026,8428
EliminatedValue,0,604,0,2,"BEF036: Befolkningsframskrivingen for Oslo 2025. Framskrevet folkemengde etter aldersgrupper og geografisk område (D), i ulike scenarioer (alternativer), 2025-2050",Mellomalternativet MMM,Montebello-Hoff,Alder i alt,2027,8442
EliminatedValue,0,604,0,3,"BEF036: Befolkningsframskrivingen for Oslo 2025. Framskrevet folkemengde etter aldersgrupper og geografisk område (D), i ulike scenarioer (alternativer), 2025-2050",Mellomalternativet MMM,Montebello-Hoff,Alder i alt,2028,8473
EliminatedValue,0,604,0,4,"BEF036: Befolkningsframskrivingen for Oslo 2025. Framskrevet folkemengde etter aldersgrupper og geografisk område (D), i ulike scenarioer (alternativer), 2025-2050",Mellomalternativet MMM,Montebello-Hoff,Alder i alt,2029,8506
EliminatedValue,0,604,0,5,"BEF036: Befolkningsframskrivingen for Oslo 2025. Framskrevet folkemengde etter aldersgrupper og geografisk område (D), i ulike scenarioer (alternativer), 2025-2050",Mellomalternativet MMM,Montebello-Hoff,Alder i alt,2030,8535
EliminatedValue,0,604,0,6,"BEF036: Befolkningsframskrivingen for Oslo 2025. Framskrevet folkemengde etter aldersgrupper og geografisk område (D), i ulike scenarioer (alternativer), 2025-2050",Mellomalternativet MMM,Montebello-Hoff,Alder i alt,2031,8572
EliminatedValue,0,604,0,7,"BEF036: Befolkningsframskrivingen for Oslo 2025. Framskrevet folkemengde etter aldersgrupper og geografisk område (D), i ulike scenarioer (alternativer), 2025-2050",Mellomalternativet MMM,Montebello-Hoff,Alder i alt,2032,8626
EliminatedValue,0,604,0,8,"BEF036: Befolkningsframskrivingen for Oslo 2025. Framskrevet folkemengde etter aldersgrupper og geografisk område (D), i ulike scenarioer (alternativer), 2025-2050",Mellomalternativet MMM,Montebello-Hoff,Alder i alt,2033,8705
EliminatedValue,0,604,0,9,"BEF036: Befolkningsframskrivingen for Oslo 2025. Framskrevet folkemengde etter aldersgrupper og geografisk område (D), i ulike scenarioer (alternativer), 2025-2050",Mellomalternativet MMM,Montebello-Hoff,Alder i alt,2034,8834
EliminatedValue,0,604,0,10,"BEF036: Befolkningsframskrivingen for Oslo 2025. Framskrevet folkemengde etter aldersgrupper og geografisk område (D), i ulike scenarioer (alternativer), 2025-2050",Mellomalternativet MMM,Montebello-Hoff,Alder i alt,2035,9008
EliminatedValue,0,604,0,11,"BEF036: Befolkningsframskrivingen for Oslo 2025. Framskrevet folkemengde etter aldersgrupper og geografisk område (D), i ulike scenarioer (alternativer), 2025-2050",Mellomalternativet MMM,Montebello-Hoff,Alder i alt,2036,9259
EliminatedValue,0,604,0,12,"BEF036: Befolkningsframskrivingen for Oslo 2025. Framskrevet folkemengde etter aldersgrupper og geografisk område (D), i ulike scenarioer (alternativer), 2025-2050",Mellomalternativet MMM,Montebello-Hoff,Alder i alt,2037,9505
EliminatedValue,0,604,0,13,"BEF036: Befolkningsframskrivingen for Oslo 2025. Framskrevet folkemengde etter aldersgrupper og geografisk område (D), i ulike scenarioer (alternativer), 2025-2050",Mellomalternativet MMM,Montebello-Hoff,Alder i alt,2038,9740
EliminatedValue,0,604,0,14,"BEF036: Befolkningsframskrivingen for Oslo 2025. Framskrevet folkemengde etter aldersgrupper og geografisk område (D), i ulike scenarioer (alternativer), 2025-2050",Mellomalternativet MMM,Montebello-Hoff,Alder i alt,2039,9883
EliminatedValue,0,604,0,15,"BEF036: Befolkningsframskrivingen for Oslo 2025. Framskrevet folkemengde etter aldersgrupper og geografisk område (D), i ulike scenarioer (alternativer), 2025-2050",Mellomalternativet MMM,Montebello-Hoff,Alder i alt,2040,10057
EliminatedValue,0,604,0,16,"BEF036: Befolkningsframskrivingen for Oslo 2025. Framskrevet folkemengde etter aldersgrupper og geografisk område (D), i ulike scenarioer (alternativer), 2025-2050",Mellomalternativet MMM,Montebello-Hoff,Alder i alt,2041,10279
EliminatedValue,0,604,0,17,"BEF036: Befolkningsframskrivingen for Oslo 2025. Framskrevet folkemengde etter aldersgrupper og geografisk område (D), i ulike scenarioer (alternativer), 2025-2050",Mellomalternativet MMM,Montebello-Hoff,Alder i alt,2042,10527
EliminatedValue,0,604,0,18,"BEF036: Befolkningsframskrivingen for Oslo 2025. Framskrevet folkemengde etter aldersgrupper og geografisk område (D), i ulike scenarioer (alternativer), 2025-2050",Mellomalternativet MMM,Montebello-Hoff,Alder i alt,2043,10795
EliminatedValue,0,604,0,19,"BEF036: Befolkningsframskrivingen for Oslo 2025. Framskrevet folkemengde etter aldersgrupper og geografisk område (D), i ulike scenarioer (alternativer), 2025-2050",Mellomalternativet MMM,Montebello-Hoff,Alder i alt,2044,11061
EliminatedValue,0,604,0,20,"BEF036: Befolkningsframskrivingen for Oslo 2025. Framskrevet folkemengde etter aldersgrupper og geografisk område (D), i ulike scenarioer (alternativer), 2025-2050",Mellomalternativet MMM,Montebello-Hoff,Alder i alt,2045,11320
EliminatedValue,0,604,0,21,"BEF036: Befolkningsframskrivingen for Oslo 2025. Framskrevet folkemengde etter aldersgrupper og geografisk område (D), i ulike scenarioer (alternativer), 2025-2050",Mellomalternativet MMM,Montebello-Hoff,Alder i alt,2046,11556
EliminatedValue,0,604,0,22,"BEF036: Befolkningsframskrivingen for Oslo 2025. Framskrevet folkemengde etter aldersgrupper og geografisk område (D), i ulike scenarioer (alternativer), 2025-2050",Mellomalternativet MMM,Montebello-Hoff,Alder i alt,2047,11759
EliminatedValue,0,604,0,23,"BEF036: Befolkningsframskrivingen for Oslo 2025. Framskrevet folkemengde etter aldersgrupper og geografisk område (D), i ulike scenarioer (alternativer), 2025-2050",Mellomalternativet MMM,Montebello-Hoff,Alder i alt,2048,11944
EliminatedValue,0,604,0,24,"BEF036: Befolkningsframskrivingen for Oslo 2025. Framskrevet folkemengde etter aldersgrupper og geografisk område (D), i ulike scenarioer (alternativer), 2025-2050",Mellomalternativet MMM,Montebello-Hoff,Alder i alt,2049,12101
EliminatedValue,0,604,0,25,"BEF036: Befolkningsframskrivingen for Oslo 2025. Framskrevet folkemengde etter aldersgrupper og geografisk område (D), i ulike scenarioer (alternativer), 2025-2050",Mellomalternativet MMM,Montebello-Hoff,Alder i alt,2050,12234
EliminatedValue,0,605,0,0,"BEF036: Befolkningsframskrivingen for Oslo 2025. Framskrevet folkemengde etter aldersgrupper og geografisk område (D), i ulike scenarioer (alternativer), 2025-2050",Mellomalternativet MMM,Skøyen,Alder i alt,2025,8582
EliminatedValue,0,605,0,1,"BEF036: Befolkningsframskrivingen for Oslo 2025. Framskrevet folkemengde etter aldersgrupper og geografisk område (D), i ulike scenarioer (alternativer), 2025-2050",Mellomalternativet MMM,Skøyen,Alder i alt,2026,8766
EliminatedValue,0,605,0,2,"BEF036: Befolkningsframskrivingen for Oslo 2025. Framskrevet folkemengde etter aldersgrupper og geografisk område (D), i ulike scenarioer (alternativer), 2025-2050",Mellomalternativet MMM,Skøyen,Alder i alt,2027,8785
EliminatedValue,0,605,0,3,"BEF036: Befolkningsframskrivingen for Oslo 2025. Framskrevet folkemengde etter aldersgrupper og geografisk område (D), i ulike scenarioer (alternativer), 2025-2050",Mellomalternativet MMM,Skøyen,Alder i alt,2028,8804
EliminatedValue,0,605,0,4,"BEF036: Befolkningsframskrivingen for Oslo 2025. Framskrevet folkemengde etter aldersgrupper og geografisk område (D), i ulike scenarioer (alternativer), 2025-2050",Mellomalternativet MMM,Skøyen,Alder i alt,2029,8810
EliminatedValue,0,605,0,5,"BEF036: Befolkningsframskrivingen for Oslo 2025. Framskrevet folkemengde etter aldersgrupper og geografisk område (D), i ulike scenarioer (alternativer), 2025-2050",Mellomalternativet MMM,Skøyen,Alder i alt,2030,8811
EliminatedValue,0,605,0,6,"BEF036: Befolkningsframskrivingen for Oslo 2025. Framskrevet folkemengde etter aldersgrupper og geografisk område (D), i ulike scenarioer (alternativer), 2025-2050",Mellomalternativet MMM,Skøyen,Alder i alt,2031,8835
EliminatedValue,0,605,0,7,"BEF036: Befolkningsframskrivingen for Oslo 2025. Framskrevet folkemengde etter aldersgrupper og geografisk område (D), i ulike scenarioer (alternativer), 2025-2050",Mellomalternativet MMM,Skøyen,Alder i alt,2032,8873
EliminatedValue,0,605,0,8,"BEF036: Befolkningsframskrivingen for Oslo 2025. Framskrevet folkemengde etter aldersgrupper og geografisk område (D), i ulike scenarioer (alternativer), 2025-2050",Mellomalternativet MMM,Skøyen,Alder i alt,2033,8923
EliminatedValue,0,605,0,9,"BEF036: Befolkningsframskrivingen for Oslo 2025. Framskrevet folkemengde etter aldersgrupper og geografisk område (D), i ulike scenarioer (alternativer), 2025-2050",Mellomalternativet MMM,Skøyen,Alder i alt,2034,8980
EliminatedValue,0,605,0,10,"BEF036: Befolkningsframskrivingen for Oslo 2025. Framskrevet folkemengde etter aldersgrupper og geografisk område (D), i ulike scenarioer (alternativer), 2025-2050",Mellomalternativet MMM,Skøyen,Alder i alt,2035,9039
EliminatedValue,0,605,0,11,"BEF036: Befolkningsframskrivingen for Oslo 2025. Framskrevet folkemengde etter aldersgrupper og geografisk område (D), i ulike scenarioer (alternativer), 2025-2050",Mellomalternativet MMM,Skøyen,Alder i alt,2036,9102
EliminatedValue,0,605,0,12,"BEF036: Befolkningsframskrivingen for Oslo 2025. Framskrevet folkemengde etter aldersgrupper og geografisk område (D), i ulike scenarioer (alternativer), 2025-2050",Mellomalternativet MMM,Skøyen,Alder i alt,2037,9166
EliminatedValue,0,605,0,13,"BEF036: Befolkningsframskrivingen for Oslo 2025. Framskrevet folkemengde etter aldersgrupper og geografisk område (D), i ulike scenarioer (alternativer), 2025-2050",Mellomalternativet MMM,Skøyen,Alder i alt,2038,9230
EliminatedValue,0,605,0,14,"BEF036: Befolkningsframskrivingen for Oslo 2025. Framskrevet folkemengde etter aldersgrupper og geografisk område (D), i ulike scenarioer (alternativer), 2025-2050",Mellomalternativet MMM,Skøyen,Alder i alt,2039,9299
EliminatedValue,0,605,0,15,"BEF036: Befolkningsframskrivingen for Oslo 2025. Framskrevet folkemengde etter aldersgrupper og geografisk område (D), i ulike scenarioer (alternativer), 2025-2050",Mellomalternativet MMM,Skøyen,Alder i alt,2040,9448
EliminatedValue,0,605,0,16,"BEF036: Befolkningsframskrivingen for Oslo 2025. Framskrevet folkemengde etter aldersgrupper og geografisk område (D), i ulike scenarioer (alternativer), 2025-2050",Mellomalternativet MMM,Skøyen,Alder i alt,2041,9660
EliminatedValue,0,605,0,17,"BEF036: Befolkningsframskrivingen for Oslo 2025. Framskrevet folkemengde etter aldersgrupper og geografisk område (D), i ulike scenarioer (alternativer), 2025-2050",Mellomalternativet MMM,Skøyen,Alder i alt,2042,9928
EliminatedValue,0,605,0,18,"BEF036: Befolkningsframskrivingen for Oslo 2025. Framskrevet folkemengde etter aldersgrupper og geografisk område (D), i ulike scenarioer (alternativer), 2025-2050",Mellomalternativet MMM,Skøyen,Alder i alt,2043,10226
EliminatedValue,0,605,0,19,"BEF036: Befolkningsframskrivingen for Oslo 2025. Framskrevet folkemengde etter aldersgrupper og geografisk område (D), i ulike scenarioer (alternativer), 2025-2050",Mellomalternativet MMM,Skøyen,Alder i alt,2044,10548
EliminatedValue,0,605,0,20,"BEF036: Befolkningsframskrivingen for Oslo 2025. Framskrevet folkemengde etter aldersgrupper og geografisk område (D), i ulike scenarioer (alternativer), 2025-2050",Mellomalternativet MMM,Skøyen,Alder i alt,2045,10853
EliminatedValue,0,605,0,21,"BEF036: Befolkningsframskrivingen for Oslo 2025. Framskrevet folkemengde etter aldersgrupper og geografisk område (D), i ulike scenarioer (alternativer), 2025-2050",Mellomalternativet MMM,Skøyen,Alder i alt,2046,11144
EliminatedValue,0,605,0,22,"BEF036: Befolkningsframskrivingen for Oslo 2025. Framskrevet folkemengde etter aldersgrupper og geografisk område (D), i ulike scenarioer (alternativer), 2025-2050",Mellomalternativet MMM,Skøyen,Alder i alt,2047,11403
EliminatedValue,0,605,0,23,"BEF036: Befolkningsframskrivingen for Oslo 2025. Framskrevet folkemengde etter aldersgrupper og geografisk område (D), i ulike scenarioer (alternativer), 2025-2050",Mellomalternativet MMM,Skøyen,Alder i alt,2048,11634
EliminatedValue,0,605,0,24,"BEF036: Befolkningsframskrivingen for Oslo 2025. Framskrevet folkemengde etter aldersgrupper og geografisk område (D), i ulike scenarioer (alternativer), 2025-2050",Mellomalternativet MMM,Skøyen,Alder i alt,2049,11824
EliminatedValue,0,605,0,25,"BEF036: Befolkningsframskrivingen for Oslo 2025. Framskrevet folkemengde etter aldersgrupper og geografisk område (D), i ulike scenarioer (alternativer), 2025-2050",Mellomalternativet MMM,Skøyen,Alder i alt,2050,11977
EliminatedValue,0,701,0,0,"BEF036: Befolkningsframskrivingen for Oslo 2025. Framskrevet folkemengde etter aldersgrupper og geografisk område (D), i ulike scenarioer (alternativer), 2025-2050",Mellomalternativet MMM,Røa,Alder i alt,2025,11258
EliminatedValue,0,701,0,1,"BEF036: Befolkningsframskrivingen for Oslo 2025. Framskrevet folkemengde etter aldersgrupper og geografisk område (D), i ulike scenarioer (alternativer), 2025-2050",Mellomalternativet MMM,Røa,Alder i alt,2026,11284
EliminatedValue,0,701,0,2,"BEF036: Befolkningsframskrivingen for Oslo 2025. Framskrevet folkemengde etter aldersgrupper og geografisk område (D), i ulike scenarioer (alternativer), 2025-2050",Mellomalternativet MMM,Røa,Alder i alt,2027,11360
EliminatedValue,0,701,0,3,"BEF036: Befolkningsframskrivingen for Oslo 2025. Framskrevet folkemengde etter aldersgrupper og geografisk område (D), i ulike scenarioer (alternativer), 2025-2050",Mellomalternativet MMM,Røa,Alder i alt,2028,11418
EliminatedValue,0,701,0,4,"BEF036: Befolkningsframskrivingen for Oslo 2025. Framskrevet folkemengde etter aldersgrupper og geografisk område (D), i ulike scenarioer (alternativer), 2025-2050",Mellomalternativet MMM,Røa,Alder i alt,2029,11432
EliminatedValue,0,701,0,5,"BEF036: Befolkningsframskrivingen for Oslo 2025. Framskrevet folkemengde etter aldersgrupper og geografisk område (D), i ulike scenarioer (alternativer), 2025-2050",Mellomalternativet MMM,Røa,Alder i alt,2030,11426
EliminatedValue,0,701,0,6,"BEF036: Befolkningsframskrivingen for Oslo 2025. Framskrevet folkemengde etter aldersgrupper og geografisk område (D), i ulike scenarioer (alternativer), 2025-2050",Mellomalternativet MMM,Røa,Alder i alt,2031,11453
EliminatedValue,0,701,0,7,"BEF036: Befolkningsframskrivingen for Oslo 2025. Framskrevet folkemengde etter aldersgrupper og geografisk område (D), i ulike scenarioer (alternativer), 2025-2050",Mellomalternativet MMM,Røa,Alder i alt,2032,11504
EliminatedValue,0,701,0,8,"BEF036: Befolkningsframskrivingen for Oslo 2025. Framskrevet folkemengde etter aldersgrupper og geografisk område (D), i ulike scenarioer (alternativer), 2025-2050",Mellomalternativet MMM,Røa,Alder i alt,2033,11567
EliminatedValue,0,701,0,9,"BEF036: Befolkningsframskrivingen for Oslo 2025. Framskrevet folkemengde etter aldersgrupper og geografisk område (D), i ulike scenarioer (alternativer), 2025-2050",Mellomalternativet MMM,Røa,Alder i alt,2034,11632
EliminatedValue,0,701,0,10,"BEF036: Befolkningsframskrivingen for Oslo 2025. Framskrevet folkemengde etter aldersgrupper og geografisk område (D), i ulike scenarioer (alternativer), 2025-2050",Mellomalternativet MMM,Røa,Alder i alt,2035,11699
EliminatedValue,0,701,0,11,"BEF036: Befolkningsframskrivingen for Oslo 2025. Framskrevet folkemengde etter aldersgrupper og geografisk område (D), i ulike scenarioer (alternativer), 2025-2050",Mellomalternativet MMM,Røa,Alder i alt,2036,11769
EliminatedValue,0,701,0,12,"BEF036: Befolkningsframskrivingen for Oslo 2025. Framskrevet folkemengde etter aldersgrupper og geografisk område (D), i ulike scenarioer (alternativer), 2025-2050",Mellomalternativet MMM,Røa,Alder i alt,2037,11829
EliminatedValue,0,701,0,13,"BEF036: Befolkningsframskrivingen for Oslo 2025. Framskrevet folkemengde etter aldersgrupper og geografisk område (D), i ulike scenarioer (alternativer), 2025-2050",Mellomalternativet MMM,Røa,Alder i alt,2038,11884
EliminatedValue,0,701,0,14,"BEF036: Befolkningsframskrivingen for Oslo 2025. Framskrevet folkemengde etter aldersgrupper og geografisk område (D), i ulike scenarioer (alternativer), 2025-2050",Mellomalternativet MMM,Røa,Alder i alt,2039,11933
EliminatedValue,0,701,0,15,"BEF036: Befolkningsframskrivingen for Oslo 2025. Framskrevet folkemengde etter aldersgrupper og geografisk område (D), i ulike scenarioer (alternativer), 2025-2050",Mellomalternativet MMM,Røa,Alder i alt,2040,11977
EliminatedValue,0,701,0,16,"BEF036: Befolkningsframskrivingen for Oslo 2025. Framskrevet folkemengde etter aldersgrupper og geografisk område (D), i ulike scenarioer (alternativer), 2025-2050",Mellomalternativet MMM,Røa,Alder i alt,2041,12016
EliminatedValue,0,701,0,17,"BEF036: Befolkningsframskrivingen for Oslo 2025. Framskrevet folkemengde etter aldersgrupper og geografisk område (D), i ulike scenarioer (alternativer), 2025-2050",Mellomalternativet MMM,Røa,Alder i alt,2042,12053
EliminatedValue,0,701,0,18,"BEF036: Befolkningsframskrivingen for Oslo 2025. Framskrevet folkemengde etter aldersgrupper og geografisk område (D), i ulike scenarioer (alternativer), 2025-2050",Mellomalternativet MMM,Røa,Alder i alt,2043,12092
EliminatedValue,0,701,0,19,"BEF036: Befolkningsframskrivingen for Oslo 2025. Framskrevet folkemengde etter aldersgrupper og geografisk område (D), i ulike scenarioer (alternativer), 2025-2050",Mellomalternativet MMM,Røa,Alder i alt,2044,12132
EliminatedValue,0,701,0,20,"BEF036: Befolkningsframskrivingen for Oslo 2025. Framskrevet folkemengde etter aldersgrupper og geografisk område (D), i ulike scenarioer (alternativer), 2025-2050",Mellomalternativet MMM,Røa,Alder i alt,2045,12170
EliminatedValue,0,701,0,21,"BEF036: Befolkningsframskrivingen for Oslo 2025. Framskrevet folkemengde etter aldersgrupper og geografisk område (D), i ulike scenarioer (alternativer), 2025-2050",Mellomalternativet MMM,Røa,Alder i alt,2046,12205
EliminatedValue,0,701,0,22,"BEF036: Befolkningsframskrivingen for Oslo 2025. Framskrevet folkemengde etter aldersgrupper og geografisk område (D), i ulike scenarioer (alternativer), 2025-2050",Mellomalternativet MMM,Røa,Alder i alt,2047,12234
EliminatedValue,0,701,0,23,"BEF036: Befolkningsframskrivingen for Oslo 2025. Framskrevet folkemengde etter aldersgrupper og geografisk område (D), i ulike scenarioer (alternativer), 2025-2050",Mellomalternativet MMM,Røa,Alder i alt,2048,12249
EliminatedValue,0,701,0,24,"BEF036: Befolkningsframskrivingen for Oslo 2025. Framskrevet folkemengde etter aldersgrupper og geografisk område (D), i ulike scenarioer (alternativer), 2025-2050",Mellomalternativet MMM,Røa,Alder i alt,2049,12254
EliminatedValue,0,701,0,25,"BEF036: Befolkningsframskrivingen for Oslo 2025. Framskrevet folkemengde etter aldersgrupper og geografisk område (D), i ulike scenarioer (alternativer), 2025-2050",Mellomalternativet MMM,Røa,Alder i alt,2050,12254
EliminatedValue,0,702,0,0,"BEF036: Befolkningsframskrivingen for Oslo 2025. Framskrevet folkemengde etter aldersgrupper og geografisk område (D), i ulike scenarioer (alternativer), 2025-2050",Mellomalternativet MMM,Holmenkollen,Alder i alt,2025,9367
EliminatedValue,0,702,0,1,"BEF036: Befolkningsframskrivingen for Oslo 2025. Framskrevet folkemengde etter aldersgrupper og geografisk område (D), i ulike scenarioer (alternativer), 2025-2050",Mellomalternativet MMM,Holmenkollen,Alder i alt,2026,9441
EliminatedValue,0,702,0,2,"BEF036: Befolkningsframskrivingen for Oslo 2025. Framskrevet folkemengde etter aldersgrupper og geografisk område (D), i ulike scenarioer (alternativer), 2025-2050",Mellomalternativet MMM,Holmenkollen,Alder i alt,2027,9539
EliminatedValue,0,702,0,3,"BEF036: Befolkningsframskrivingen for Oslo 2025. Framskrevet folkemengde etter aldersgrupper og geografisk område (D), i ulike scenarioer (alternativer), 2025-2050",Mellomalternativet MMM,Holmenkollen,Alder i alt,2028,9671
EliminatedValue,0,702,0,4,"BEF036: Befolkningsframskrivingen for Oslo 2025. Framskrevet folkemengde etter aldersgrupper og geografisk område (D), i ulike scenarioer (alternativer), 2025-2050",Mellomalternativet MMM,Holmenkollen,Alder i alt,2029,9780
EliminatedValue,0,702,0,5,"BEF036: Befolkningsframskrivingen for Oslo 2025. Framskrevet folkemengde etter aldersgrupper og geografisk område (D), i ulike scenarioer (alternativer), 2025-2050",Mellomalternativet MMM,Holmenkollen,Alder i alt,2030,9843
EliminatedValue,0,702,0,6,"BEF036: Befolkningsframskrivingen for Oslo 2025. Framskrevet folkemengde etter aldersgrupper og geografisk område (D), i ulike scenarioer (alternativer), 2025-2050",Mellomalternativet MMM,Holmenkollen,Alder i alt,2031,9882
EliminatedValue,0,702,0,7,"BEF036: Befolkningsframskrivingen for Oslo 2025. Framskrevet folkemengde etter aldersgrupper og geografisk område (D), i ulike scenarioer (alternativer), 2025-2050",Mellomalternativet MMM,Holmenkollen,Alder i alt,2032,9910
EliminatedValue,0,702,0,8,"BEF036: Befolkningsframskrivingen for Oslo 2025. Framskrevet folkemengde etter aldersgrupper og geografisk område (D), i ulike scenarioer (alternativer), 2025-2050",Mellomalternativet MMM,Holmenkollen,Alder i alt,2033,9933
EliminatedValue,0,702,0,9,"BEF036: Befolkningsframskrivingen for Oslo 2025. Framskrevet folkemengde etter aldersgrupper og geografisk område (D), i ulike scenarioer (alternativer), 2025-2050",Mellomalternativet MMM,Holmenkollen,Alder i alt,2034,9957
EliminatedValue,0,702,0,10,"BEF036: Befolkningsframskrivingen for Oslo 2025. Framskrevet folkemengde etter aldersgrupper og geografisk område (D), i ulike scenarioer (alternativer), 2025-2050",Mellomalternativet MMM,Holmenkollen,Alder i alt,2035,9983
EliminatedValue,0,702,0,11,"BEF036: Befolkningsframskrivingen for Oslo 2025. Framskrevet folkemengde etter aldersgrupper og geografisk område (D), i ulike scenarioer (alternativer), 2025-2050",Mellomalternativet MMM,Holmenkollen,Alder i alt,2036,10008
EliminatedValue,0,702,0,12,"BEF036: Befolkningsframskrivingen for Oslo 2025. Framskrevet folkemengde etter aldersgrupper og geografisk område (D), i ulike scenarioer (alternativer), 2025-2050",Mellomalternativet MMM,Holmenkollen,Alder i alt,2037,10031
EliminatedValue,0,702,0,13,"BEF036: Befolkningsframskrivingen for Oslo 2025. Framskrevet folkemengde etter aldersgrupper og geografisk område (D), i ulike scenarioer (alternativer), 2025-2050",Mellomalternativet MMM,Holmenkollen,Alder i alt,2038,10052
EliminatedValue,0,702,0,14,"BEF036: Befolkningsframskrivingen for Oslo 2025. Framskrevet folkemengde etter aldersgrupper og geografisk område (D), i ulike scenarioer (alternativer), 2025-2050",Mellomalternativet MMM,Holmenkollen,Alder i alt,2039,10070
EliminatedValue,0,702,0,15,"BEF036: Befolkningsframskrivingen for Oslo 2025. Framskrevet folkemengde etter aldersgrupper og geografisk område (D), i ulike scenarioer (alternativer), 2025-2050",Mellomalternativet MMM,Holmenkollen,Alder i alt,2040,10085
EliminatedValue,0,702,0,16,"BEF036: Befolkningsframskrivingen for Oslo 2025. Framskrevet folkemengde etter aldersgrupper og geografisk område (D), i ulike scenarioer (alternativer), 2025-2050",Mellomalternativet MMM,Holmenkollen,Alder i alt,2041,10098
EliminatedValue,0,702,0,17,"BEF036: Befolkningsframskrivingen for Oslo 2025. Framskrevet folkemengde etter aldersgrupper og geografisk område (D), i ulike scenarioer (alternativer), 2025-2050",Mellomalternativet MMM,Holmenkollen,Alder i alt,2042,10110
EliminatedValue,0,702,0,18,"BEF036: Befolkningsframskrivingen for Oslo 2025. Framskrevet folkemengde etter aldersgrupper og geografisk område (D), i ulike scenarioer (alternativer), 2025-2050",Mellomalternativet MMM,Holmenkollen,Alder i alt,2043,10121
EliminatedValue,0,702,0,19,"BEF036: Befolkningsframskrivingen for Oslo 2025. Framskrevet folkemengde etter aldersgrupper og geografisk område (D), i ulike scenarioer (alternativer), 2025-2050",Mellomalternativet MMM,Holmenkollen,Alder i alt,2044,10129
EliminatedValue,0,702,0,20,"BEF036: Befolkningsframskrivingen for Oslo 2025. Framskrevet folkemengde etter aldersgrupper og geografisk område (D), i ulike scenarioer (alternativer), 2025-2050",Mellomalternativet MMM,Holmenkollen,Alder i alt,2045,10137
EliminatedValue,0,702,0,21,"BEF036: Befolkningsframskrivingen for Oslo 2025. Framskrevet folkemengde etter aldersgrupper og geografisk område (D), i ulike scenarioer (alternativer), 2025-2050",Mellomalternativet MMM,Holmenkollen,Alder i alt,2046,10143
EliminatedValue,0,702,0,22,"BEF036: Befolkningsframskrivingen for Oslo 2025. Framskrevet folkemengde etter aldersgrupper og geografisk område (D), i ulike scenarioer (alternativer), 2025-2050",Mellomalternativet MMM,Holmenkollen,Alder i alt,2047,10146
EliminatedValue,0,702,0,23,"BEF036: Befolkningsframskrivingen for Oslo 2025. Framskrevet folkemengde etter aldersgrupper og geografisk område (D), i ulike scenarioer (alternativer), 2025-2050",Mellomalternativet MMM,Holmenkollen,Alder i alt,2048,10145
EliminatedValue,0,702,0,24,"BEF036: Befolkningsframskrivingen for Oslo 2025. Framskrevet folkemengde etter aldersgrupper og geografisk område (D), i ulike scenarioer (alternativer), 2025-2050",Mellomalternativet MMM,Holmenkollen,Alder i alt,2049,10140
EliminatedValue,0,702,0,25,"BEF036: Befolkningsframskrivingen for Oslo 2025. Framskrevet folkemengde etter aldersgrupper og geografisk område (D), i ulike scenarioer (alternativer), 2025-2050",Mellomalternativet MMM,Holmenkollen,Alder i alt,2050,10131
EliminatedValue,0,703,0,0,"BEF036: Befolkningsframskrivingen for Oslo 2025. Framskrevet folkemengde etter aldersgrupper og geografisk område (D), i ulike scenarioer (alternativer), 2025-2050",Mellomalternativet MMM,Hovseter,Alder i alt,2025,7636
EliminatedValue,0,703,0,1,"BEF036: Befolkningsframskrivingen for Oslo 2025. Framskrevet folkemengde etter aldersgrupper og geografisk område (D), i ulike scenarioer (alternativer), 2025-2050",Mellomalternativet MMM,Hovseter,Alder i alt,2026,7632
EliminatedValue,0,703,0,2,"BEF036: Befolkningsframskrivingen for Oslo 2025. Framskrevet folkemengde etter aldersgrupper og geografisk område (D), i ulike scenarioer (alternativer), 2025-2050",Mellomalternativet MMM,Hovseter,Alder i alt,2027,7682
EliminatedValue,0,703,0,3,"BEF036: Befolkningsframskrivingen for Oslo 2025. Framskrevet folkemengde etter aldersgrupper og geografisk område (D), i ulike scenarioer (alternativer), 2025-2050",Mellomalternativet MMM,Hovseter,Alder i alt,2028,7774
EliminatedValue,0,703,0,4,"BEF036: Befolkningsframskrivingen for Oslo 2025. Framskrevet folkemengde etter aldersgrupper og geografisk område (D), i ulike scenarioer (alternativer), 2025-2050",Mellomalternativet MMM,Hovseter,Alder i alt,2029,7905
EliminatedValue,0,703,0,5,"BEF036: Befolkningsframskrivingen for Oslo 2025. Framskrevet folkemengde etter aldersgrupper og geografisk område (D), i ulike scenarioer (alternativer), 2025-2050",Mellomalternativet MMM,Hovseter,Alder i alt,2030,8026
EliminatedValue,0,703,0,6,"BEF036: Befolkningsframskrivingen for Oslo 2025. Framskrevet folkemengde etter aldersgrupper og geografisk område (D), i ulike scenarioer (alternativer), 2025-2050",Mellomalternativet MMM,Hovseter,Alder i alt,2031,8136
EliminatedValue,0,703,0,7,"BEF036: Befolkningsframskrivingen for Oslo 2025. Framskrevet folkemengde etter aldersgrupper og geografisk område (D), i ulike scenarioer (alternativer), 2025-2050",Mellomalternativet MMM,Hovseter,Alder i alt,2032,8243
EliminatedValue,0,703,0,8,"BEF036: Befolkningsframskrivingen for Oslo 2025. Framskrevet folkemengde etter aldersgrupper og geografisk område (D), i ulike scenarioer (alternativer), 2025-2050",Mellomalternativet MMM,Hovseter,Alder i alt,2033,8333
EliminatedValue,0,703,0,9,"BEF036: Befolkningsframskrivingen for Oslo 2025. Framskrevet folkemengde etter aldersgrupper og geografisk område (D), i ulike scenarioer (alternativer), 2025-2050",Mellomalternativet MMM,Hovseter,Alder i alt,2034,8412
EliminatedValue,0,703,0,10,"BEF036: Befolkningsframskrivingen for Oslo 2025. Framskrevet folkemengde etter aldersgrupper og geografisk område (D), i ulike scenarioer (alternativer), 2025-2050",Mellomalternativet MMM,Hovseter,Alder i alt,2035,8480
EliminatedValue,0,703,0,11,"BEF036: Befolkningsframskrivingen for Oslo 2025. Framskrevet folkemengde etter aldersgrupper og geografisk område (D), i ulike scenarioer (alternativer), 2025-2050",Mellomalternativet MMM,Hovseter,Alder i alt,2036,8539
EliminatedValue,0,703,0,12,"BEF036: Befolkningsframskrivingen for Oslo 2025. Framskrevet folkemengde etter aldersgrupper og geografisk område (D), i ulike scenarioer (alternativer), 2025-2050",Mellomalternativet MMM,Hovseter,Alder i alt,2037,8578
EliminatedValue,0,703,0,13,"BEF036: Befolkningsframskrivingen for Oslo 2025. Framskrevet folkemengde etter aldersgrupper og geografisk område (D), i ulike scenarioer (alternativer), 2025-2050",Mellomalternativet MMM,Hovseter,Alder i alt,2038,8614
EliminatedValue,0,703,0,14,"BEF036: Befolkningsframskrivingen for Oslo 2025. Framskrevet folkemengde etter aldersgrupper og geografisk område (D), i ulike scenarioer (alternativer), 2025-2050",Mellomalternativet MMM,Hovseter,Alder i alt,2039,8647
EliminatedValue,0,703,0,15,"BEF036: Befolkningsframskrivingen for Oslo 2025. Framskrevet folkemengde etter aldersgrupper og geografisk område (D), i ulike scenarioer (alternativer), 2025-2050",Mellomalternativet MMM,Hovseter,Alder i alt,2040,8667
EliminatedValue,0,703,0,16,"BEF036: Befolkningsframskrivingen for Oslo 2025. Framskrevet folkemengde etter aldersgrupper og geografisk område (D), i ulike scenarioer (alternativer), 2025-2050",Mellomalternativet MMM,Hovseter,Alder i alt,2041,8680
EliminatedValue,0,703,0,17,"BEF036: Befolkningsframskrivingen for Oslo 2025. Framskrevet folkemengde etter aldersgrupper og geografisk område (D), i ulike scenarioer (alternativer), 2025-2050",Mellomalternativet MMM,Hovseter,Alder i alt,2042,8685
EliminatedValue,0,703,0,18,"BEF036: Befolkningsframskrivingen for Oslo 2025. Framskrevet folkemengde etter aldersgrupper og geografisk område (D), i ulike scenarioer (alternativer), 2025-2050",Mellomalternativet MMM,Hovseter,Alder i alt,2043,8691
EliminatedValue,0,703,0,19,"BEF036: Befolkningsframskrivingen for Oslo 2025. Framskrevet folkemengde etter aldersgrupper og geografisk område (D), i ulike scenarioer (alternativer), 2025-2050",Mellomalternativet MMM,Hovseter,Alder i alt,2044,8697
EliminatedValue,0,703,0,20,"BEF036: Befolkningsframskrivingen for Oslo 2025. Framskrevet folkemengde etter aldersgrupper og geografisk område (D), i ulike scenarioer (alternativer), 2025-2050",Mellomalternativet MMM,Hovseter,Alder i alt,2045,8703
EliminatedValue,0,703,0,21,"BEF036: Befolkningsframskrivingen for Oslo 2025. Framskrevet folkemengde etter aldersgrupper og geografisk område (D), i ulike scenarioer (alternativer), 2025-2050",Mellomalternativet MMM,Hovseter,Alder i alt,2046,8707
EliminatedValue,0,703,0,22,"BEF036: Befolkningsframskrivingen for Oslo 2025. Framskrevet folkemengde etter aldersgrupper og geografisk område (D), i ulike scenarioer (alternativer), 2025-2050",Mellomalternativet MMM,Hovseter,Alder i alt,2047,8715
EliminatedValue,0,703,0,23,"BEF036: Befolkningsframskrivingen for Oslo 2025. Framskrevet folkemengde etter aldersgrupper og geografisk område (D), i ulike scenarioer (alternativer), 2025-2050",Mellomalternativet MMM,Hovseter,Alder i alt,2048,8724
EliminatedValue,0,703,0,24,"BEF036: Befolkningsframskrivingen for Oslo 2025. Framskrevet folkemengde etter aldersgrupper og geografisk område (D), i ulike scenarioer (alternativer), 2025-2050",Mellomalternativet MMM,Hovseter,Alder i alt,2049,8736
EliminatedValue,0,703,0,25,"BEF036: Befolkningsframskrivingen for Oslo 2025. Framskrevet folkemengde etter aldersgrupper og geografisk område (D), i ulike scenarioer (alternativer), 2025-2050",Mellomalternativet MMM,Hovseter,Alder i alt,2050,8752
EliminatedValue,0,704,0,0,"BEF036: Befolkningsframskrivingen for Oslo 2025. Framskrevet folkemengde etter aldersgrupper og geografisk område (D), i ulike scenarioer (alternativer), 2025-2050",Mellomalternativet MMM,Holmen,Alder i alt,2025,6206
EliminatedValue,0,704,0,1,"BEF036: Befolkningsframskrivingen for Oslo 2025. Framskrevet folkemengde etter aldersgrupper og geografisk område (D), i ulike scenarioer (alternativer), 2025-2050",Mellomalternativet MMM,Holmen,Alder i alt,2026,6245
EliminatedValue,0,704,0,2,"BEF036: Befolkningsframskrivingen for Oslo 2025. Framskrevet folkemengde etter aldersgrupper og geografisk område (D), i ulike scenarioer (alternativer), 2025-2050",Mellomalternativet MMM,Holmen,Alder i alt,2027,6272
EliminatedValue,0,704,0,3,"BEF036: Befolkningsframskrivingen for Oslo 2025. Framskrevet folkemengde etter aldersgrupper og geografisk område (D), i ulike scenarioer (alternativer), 2025-2050",Mellomalternativet MMM,Holmen,Alder i alt,2028,6309
EliminatedValue,0,704,0,4,"BEF036: Befolkningsframskrivingen for Oslo 2025. Framskrevet folkemengde etter aldersgrupper og geografisk område (D), i ulike scenarioer (alternativer), 2025-2050",Mellomalternativet MMM,Holmen,Alder i alt,2029,6342
EliminatedValue,0,704,0,5,"BEF036: Befolkningsframskrivingen for Oslo 2025. Framskrevet folkemengde etter aldersgrupper og geografisk område (D), i ulike scenarioer (alternativer), 2025-2050",Mellomalternativet MMM,Holmen,Alder i alt,2030,6362
EliminatedValue,0,704,0,6,"BEF036: Befolkningsframskrivingen for Oslo 2025. Framskrevet folkemengde etter aldersgrupper og geografisk område (D), i ulike scenarioer (alternativer), 2025-2050",Mellomalternativet MMM,Holmen,Alder i alt,2031,6385
EliminatedValue,0,704,0,7,"BEF036: Befolkningsframskrivingen for Oslo 2025. Framskrevet folkemengde etter aldersgrupper og geografisk område (D), i ulike scenarioer (alternativer), 2025-2050",Mellomalternativet MMM,Holmen,Alder i alt,2032,6411
EliminatedValue,0,704,0,8,"BEF036: Befolkningsframskrivingen for Oslo 2025. Framskrevet folkemengde etter aldersgrupper og geografisk område (D), i ulike scenarioer (alternativer), 2025-2050",Mellomalternativet MMM,Holmen,Alder i alt,2033,6437
EliminatedValue,0,704,0,9,"BEF036: Befolkningsframskrivingen for Oslo 2025. Framskrevet folkemengde etter aldersgrupper og geografisk område (D), i ulike scenarioer (alternativer), 2025-2050",Mellomalternativet MMM,Holmen,Alder i alt,2034,6462
EliminatedValue,0,704,0,10,"BEF036: Befolkningsframskrivingen for Oslo 2025. Framskrevet folkemengde etter aldersgrupper og geografisk område (D), i ulike scenarioer (alternativer), 2025-2050",Mellomalternativet MMM,Holmen,Alder i alt,2035,6486
EliminatedValue,0,704,0,11,"BEF036: Befolkningsframskrivingen for Oslo 2025. Framskrevet folkemengde etter aldersgrupper og geografisk område (D), i ulike scenarioer (alternativer), 2025-2050",Mellomalternativet MMM,Holmen,Alder i alt,2036,6510
EliminatedValue,0,704,0,12,"BEF036: Befolkningsframskrivingen for Oslo 2025. Framskrevet folkemengde etter aldersgrupper og geografisk område (D), i ulike scenarioer (alternativer), 2025-2050",Mellomalternativet MMM,Holmen,Alder i alt,2037,6534
EliminatedValue,0,704,0,13,"BEF036: Befolkningsframskrivingen for Oslo 2025. Framskrevet folkemengde etter aldersgrupper og geografisk område (D), i ulike scenarioer (alternativer), 2025-2050",Mellomalternativet MMM,Holmen,Alder i alt,2038,6554
EliminatedValue,0,704,0,14,"BEF036: Befolkningsframskrivingen for Oslo 2025. Framskrevet folkemengde etter aldersgrupper og geografisk område (D), i ulike scenarioer (alternativer), 2025-2050",Mellomalternativet MMM,Holmen,Alder i alt,2039,6571
EliminatedValue,0,704,0,15,"BEF036: Befolkningsframskrivingen for Oslo 2025. Framskrevet folkemengde etter aldersgrupper og geografisk område (D), i ulike scenarioer (alternativer), 2025-2050",Mellomalternativet MMM,Holmen,Alder i alt,2040,6590
EliminatedValue,0,704,0,16,"BEF036: Befolkningsframskrivingen for Oslo 2025. Framskrevet folkemengde etter aldersgrupper og geografisk område (D), i ulike scenarioer (alternativer), 2025-2050",Mellomalternativet MMM,Holmen,Alder i alt,2041,6604
EliminatedValue,0,704,0,17,"BEF036: Befolkningsframskrivingen for Oslo 2025. Framskrevet folkemengde etter aldersgrupper og geografisk område (D), i ulike scenarioer (alternativer), 2025-2050",Mellomalternativet MMM,Holmen,Alder i alt,2042,6617
EliminatedValue,0,704,0,18,"BEF036: Befolkningsframskrivingen for Oslo 2025. Framskrevet folkemengde etter aldersgrupper og geografisk område (D), i ulike scenarioer (alternativer), 2025-2050",Mellomalternativet MMM,Holmen,Alder i alt,2043,6629
EliminatedValue,0,704,0,19,"BEF036: Befolkningsframskrivingen for Oslo 2025. Framskrevet folkemengde etter aldersgrupper og geografisk område (D), i ulike scenarioer (alternativer), 2025-2050",Mellomalternativet MMM,Holmen,Alder i alt,2044,6639
EliminatedValue,0,704,0,20,"BEF036: Befolkningsframskrivingen for Oslo 2025. Framskrevet folkemengde etter aldersgrupper og geografisk område (D), i ulike scenarioer (alternativer), 2025-2050",Mellomalternativet MMM,Holmen,Alder i alt,2045,6647
EliminatedValue,0,704,0,21,"BEF036: Befolkningsframskrivingen for Oslo 2025. Framskrevet folkemengde etter aldersgrupper og geografisk område (D), i ulike scenarioer (alternativer), 2025-2050",Mellomalternativet MMM,Holmen,Alder i alt,2046,6655
EliminatedValue,0,704,0,22,"BEF036: Befolkningsframskrivingen for Oslo 2025. Framskrevet folkemengde etter aldersgrupper og geografisk område (D), i ulike scenarioer (alternativer), 2025-2050",Mellomalternativet MMM,Holmen,Alder i alt,2047,6661
EliminatedValue,0,704,0,23,"BEF036: Befolkningsframskrivingen for Oslo 2025. Framskrevet folkemengde etter aldersgrupper og geografisk område (D), i ulike scenarioer (alternativer), 2025-2050",Mellomalternativet MMM,Holmen,Alder i alt,2048,6662
EliminatedValue,0,704,0,24,"BEF036: Befolkningsframskrivingen for Oslo 2025. Framskrevet folkemengde etter aldersgrupper og geografisk område (D), i ulike scenarioer (alternativer), 2025-2050",Mellomalternativet MMM,Holmen,Alder i alt,2049,6660
EliminatedValue,0,704,0,25,"BEF036: Befolkningsframskrivingen for Oslo 2025. Framskrevet folkemengde etter aldersgrupper og geografisk område (D), i ulike scenarioer (alternativer), 2025-2050",Mellomalternativet MMM,Holmen,Alder i alt,2050,6654
EliminatedValue,0,705,0,0,"BEF036: Befolkningsframskrivingen for Oslo 2025. Framskrevet folkemengde etter aldersgrupper og geografisk område (D), i ulike scenarioer (alternativer), 2025-2050",Mellomalternativet MMM,Slemdal,Alder i alt,2025,7606
EliminatedValue,0,705,0,1,"BEF036: Befolkningsframskrivingen for Oslo 2025. Framskrevet folkemengde etter aldersgrupper og geografisk område (D), i ulike scenarioer (alternativer), 2025-2050",Mellomalternativet MMM,Slemdal,Alder i alt,2026,7689
EliminatedValue,0,705,0,2,"BEF036: Befolkningsframskrivingen for Oslo 2025. Framskrevet folkemengde etter aldersgrupper og geografisk område (D), i ulike scenarioer (alternativer), 2025-2050",Mellomalternativet MMM,Slemdal,Alder i alt,2027,7755
EliminatedValue,0,705,0,3,"BEF036: Befolkningsframskrivingen for Oslo 2025. Framskrevet folkemengde etter aldersgrupper og geografisk område (D), i ulike scenarioer (alternativer), 2025-2050",Mellomalternativet MMM,Slemdal,Alder i alt,2028,7840
EliminatedValue,0,705,0,4,"BEF036: Befolkningsframskrivingen for Oslo 2025. Framskrevet folkemengde etter aldersgrupper og geografisk område (D), i ulike scenarioer (alternativer), 2025-2050",Mellomalternativet MMM,Slemdal,Alder i alt,2029,7910
EliminatedValue,0,705,0,5,"BEF036: Befolkningsframskrivingen for Oslo 2025. Framskrevet folkemengde etter aldersgrupper og geografisk område (D), i ulike scenarioer (alternativer), 2025-2050",Mellomalternativet MMM,Slemdal,Alder i alt,2030,7947
EliminatedValue,0,705,0,6,"BEF036: Befolkningsframskrivingen for Oslo 2025. Framskrevet folkemengde etter aldersgrupper og geografisk område (D), i ulike scenarioer (alternativer), 2025-2050",Mellomalternativet MMM,Slemdal,Alder i alt,2031,7988
EliminatedValue,0,705,0,7,"BEF036: Befolkningsframskrivingen for Oslo 2025. Framskrevet folkemengde etter aldersgrupper og geografisk område (D), i ulike scenarioer (alternativer), 2025-2050",Mellomalternativet MMM,Slemdal,Alder i alt,2032,8036
EliminatedValue,0,705,0,8,"BEF036: Befolkningsframskrivingen for Oslo 2025. Framskrevet folkemengde etter aldersgrupper og geografisk område (D), i ulike scenarioer (alternativer), 2025-2050",Mellomalternativet MMM,Slemdal,Alder i alt,2033,8086
EliminatedValue,0,705,0,9,"BEF036: Befolkningsframskrivingen for Oslo 2025. Framskrevet folkemengde etter aldersgrupper og geografisk område (D), i ulike scenarioer (alternativer), 2025-2050",Mellomalternativet MMM,Slemdal,Alder i alt,2034,8134
EliminatedValue,0,705,0,10,"BEF036: Befolkningsframskrivingen for Oslo 2025. Framskrevet folkemengde etter aldersgrupper og geografisk område (D), i ulike scenarioer (alternativer), 2025-2050",Mellomalternativet MMM,Slemdal,Alder i alt,2035,8182
EliminatedValue,0,705,0,11,"BEF036: Befolkningsframskrivingen for Oslo 2025. Framskrevet folkemengde etter aldersgrupper og geografisk område (D), i ulike scenarioer (alternativer), 2025-2050",Mellomalternativet MMM,Slemdal,Alder i alt,2036,8229
EliminatedValue,0,705,0,12,"BEF036: Befolkningsframskrivingen for Oslo 2025. Framskrevet folkemengde etter aldersgrupper og geografisk område (D), i ulike scenarioer (alternativer), 2025-2050",Mellomalternativet MMM,Slemdal,Alder i alt,2037,8273
EliminatedValue,0,705,0,13,"BEF036: Befolkningsframskrivingen for Oslo 2025. Framskrevet folkemengde etter aldersgrupper og geografisk område (D), i ulike scenarioer (alternativer), 2025-2050",Mellomalternativet MMM,Slemdal,Alder i alt,2038,8312
EliminatedValue,0,705,0,14,"BEF036: Befolkningsframskrivingen for Oslo 2025. Framskrevet folkemengde etter aldersgrupper og geografisk område (D), i ulike scenarioer (alternativer), 2025-2050",Mellomalternativet MMM,Slemdal,Alder i alt,2039,8345
EliminatedValue,0,705,0,15,"BEF036: Befolkningsframskrivingen for Oslo 2025. Framskrevet folkemengde etter aldersgrupper og geografisk område (D), i ulike scenarioer (alternativer), 2025-2050",Mellomalternativet MMM,Slemdal,Alder i alt,2040,8397
EliminatedValue,0,705,0,16,"BEF036: Befolkningsframskrivingen for Oslo 2025. Framskrevet folkemengde etter aldersgrupper og geografisk område (D), i ulike scenarioer (alternativer), 2025-2050",Mellomalternativet MMM,Slemdal,Alder i alt,2041,8456
EliminatedValue,0,705,0,17,"BEF036: Befolkningsframskrivingen for Oslo 2025. Framskrevet folkemengde etter aldersgrupper og geografisk område (D), i ulike scenarioer (alternativer), 2025-2050",Mellomalternativet MMM,Slemdal,Alder i alt,2042,8527
EliminatedValue,0,705,0,18,"BEF036: Befolkningsframskrivingen for Oslo 2025. Framskrevet folkemengde etter aldersgrupper og geografisk område (D), i ulike scenarioer (alternativer), 2025-2050",Mellomalternativet MMM,Slemdal,Alder i alt,2043,8606
EliminatedValue,0,705,0,19,"BEF036: Befolkningsframskrivingen for Oslo 2025. Framskrevet folkemengde etter aldersgrupper og geografisk område (D), i ulike scenarioer (alternativer), 2025-2050",Mellomalternativet MMM,Slemdal,Alder i alt,2044,8691
EliminatedValue,0,705,0,20,"BEF036: Befolkningsframskrivingen for Oslo 2025. Framskrevet folkemengde etter aldersgrupper og geografisk område (D), i ulike scenarioer (alternativer), 2025-2050",Mellomalternativet MMM,Slemdal,Alder i alt,2045,8772
EliminatedValue,0,705,0,21,"BEF036: Befolkningsframskrivingen for Oslo 2025. Framskrevet folkemengde etter aldersgrupper og geografisk område (D), i ulike scenarioer (alternativer), 2025-2050",Mellomalternativet MMM,Slemdal,Alder i alt,2046,8851
EliminatedValue,0,705,0,22,"BEF036: Befolkningsframskrivingen for Oslo 2025. Framskrevet folkemengde etter aldersgrupper og geografisk område (D), i ulike scenarioer (alternativer), 2025-2050",Mellomalternativet MMM,Slemdal,Alder i alt,2047,8922
EliminatedValue,0,705,0,23,"BEF036: Befolkningsframskrivingen for Oslo 2025. Framskrevet folkemengde etter aldersgrupper og geografisk område (D), i ulike scenarioer (alternativer), 2025-2050",Mellomalternativet MMM,Slemdal,Alder i alt,2048,8981
EliminatedValue,0,705,0,24,"BEF036: Befolkningsframskrivingen for Oslo 2025. Framskrevet folkemengde etter aldersgrupper og geografisk område (D), i ulike scenarioer (alternativer), 2025-2050",Mellomalternativet MMM,Slemdal,Alder i alt,2049,9029
EliminatedValue,0,705,0,25,"BEF036: Befolkningsframskrivingen for Oslo 2025. Framskrevet folkemengde etter aldersgrupper og geografisk område (D), i ulike scenarioer (alternativer), 2025-2050",Mellomalternativet MMM,Slemdal,Alder i alt,2050,9067
EliminatedValue,0,706,0,0,"BEF036: Befolkningsframskrivingen for Oslo 2025. Framskrevet folkemengde etter aldersgrupper og geografisk område (D), i ulike scenarioer (alternativer), 2025-2050",Mellomalternativet MMM,Grimelund,Alder i alt,2025,5071
EliminatedValue,0,706,0,1,"BEF036: Befolkningsframskrivingen for Oslo 2025. Framskrevet folkemengde etter aldersgrupper og geografisk område (D), i ulike scenarioer (alternativer), 2025-2050",Mellomalternativet MMM,Grimelund,Alder i alt,2026,5080
EliminatedValue,0,706,0,2,"BEF036: Befolkningsframskrivingen for Oslo 2025. Framskrevet folkemengde etter aldersgrupper og geografisk område (D), i ulike scenarioer (alternativer), 2025-2050",Mellomalternativet MMM,Grimelund,Alder i alt,2027,5098
EliminatedValue,0,706,0,3,"BEF036: Befolkningsframskrivingen for Oslo 2025. Framskrevet folkemengde etter aldersgrupper og geografisk område (D), i ulike scenarioer (alternativer), 2025-2050",Mellomalternativet MMM,Grimelund,Alder i alt,2028,5126
EliminatedValue,0,706,0,4,"BEF036: Befolkningsframskrivingen for Oslo 2025. Framskrevet folkemengde etter aldersgrupper og geografisk område (D), i ulike scenarioer (alternativer), 2025-2050",Mellomalternativet MMM,Grimelund,Alder i alt,2029,5152
EliminatedValue,0,706,0,5,"BEF036: Befolkningsframskrivingen for Oslo 2025. Framskrevet folkemengde etter aldersgrupper og geografisk område (D), i ulike scenarioer (alternativer), 2025-2050",Mellomalternativet MMM,Grimelund,Alder i alt,2030,5170
EliminatedValue,0,706,0,6,"BEF036: Befolkningsframskrivingen for Oslo 2025. Framskrevet folkemengde etter aldersgrupper og geografisk område (D), i ulike scenarioer (alternativer), 2025-2050",Mellomalternativet MMM,Grimelund,Alder i alt,2031,5197
EliminatedValue,0,706,0,7,"BEF036: Befolkningsframskrivingen for Oslo 2025. Framskrevet folkemengde etter aldersgrupper og geografisk område (D), i ulike scenarioer (alternativer), 2025-2050",Mellomalternativet MMM,Grimelund,Alder i alt,2032,5233
EliminatedValue,0,706,0,8,"BEF036: Befolkningsframskrivingen for Oslo 2025. Framskrevet folkemengde etter aldersgrupper og geografisk område (D), i ulike scenarioer (alternativer), 2025-2050",Mellomalternativet MMM,Grimelund,Alder i alt,2033,5269
EliminatedValue,0,706,0,9,"BEF036: Befolkningsframskrivingen for Oslo 2025. Framskrevet folkemengde etter aldersgrupper og geografisk område (D), i ulike scenarioer (alternativer), 2025-2050",Mellomalternativet MMM,Grimelund,Alder i alt,2034,5308
EliminatedValue,0,706,0,10,"BEF036: Befolkningsframskrivingen for Oslo 2025. Framskrevet folkemengde etter aldersgrupper og geografisk område (D), i ulike scenarioer (alternativer), 2025-2050",Mellomalternativet MMM,Grimelund,Alder i alt,2035,5346
EliminatedValue,0,706,0,11,"BEF036: Befolkningsframskrivingen for Oslo 2025. Framskrevet folkemengde etter aldersgrupper og geografisk område (D), i ulike scenarioer (alternativer), 2025-2050",Mellomalternativet MMM,Grimelund,Alder i alt,2036,5384
EliminatedValue,0,706,0,12,"BEF036: Befolkningsframskrivingen for Oslo 2025. Framskrevet folkemengde etter aldersgrupper og geografisk område (D), i ulike scenarioer (alternativer), 2025-2050",Mellomalternativet MMM,Grimelund,Alder i alt,2037,5420
EliminatedValue,0,706,0,13,"BEF036: Befolkningsframskrivingen for Oslo 2025. Framskrevet folkemengde etter aldersgrupper og geografisk område (D), i ulike scenarioer (alternativer), 2025-2050",Mellomalternativet MMM,Grimelund,Alder i alt,2038,5451
EliminatedValue,0,706,0,14,"BEF036: Befolkningsframskrivingen for Oslo 2025. Framskrevet folkemengde etter aldersgrupper og geografisk område (D), i ulike scenarioer (alternativer), 2025-2050",Mellomalternativet MMM,Grimelund,Alder i alt,2039,5476
EliminatedValue,0,706,0,15,"BEF036: Befolkningsframskrivingen for Oslo 2025. Framskrevet folkemengde etter aldersgrupper og geografisk område (D), i ulike scenarioer (alternativer), 2025-2050",Mellomalternativet MMM,Grimelund,Alder i alt,2040,5530
EliminatedValue,0,706,0,16,"BEF036: Befolkningsframskrivingen for Oslo 2025. Framskrevet folkemengde etter aldersgrupper og geografisk område (D), i ulike scenarioer (alternativer), 2025-2050",Mellomalternativet MMM,Grimelund,Alder i alt,2041,5595
EliminatedValue,0,706,0,17,"BEF036: Befolkningsframskrivingen for Oslo 2025. Framskrevet folkemengde etter aldersgrupper og geografisk område (D), i ulike scenarioer (alternativer), 2025-2050",Mellomalternativet MMM,Grimelund,Alder i alt,2042,5675
EliminatedValue,0,706,0,18,"BEF036: Befolkningsframskrivingen for Oslo 2025. Framskrevet folkemengde etter aldersgrupper og geografisk område (D), i ulike scenarioer (alternativer), 2025-2050",Mellomalternativet MMM,Grimelund,Alder i alt,2043,5764
EliminatedValue,0,706,0,19,"BEF036: Befolkningsframskrivingen for Oslo 2025. Framskrevet folkemengde etter aldersgrupper og geografisk område (D), i ulike scenarioer (alternativer), 2025-2050",Mellomalternativet MMM,Grimelund,Alder i alt,2044,5860
EliminatedValue,0,706,0,20,"BEF036: Befolkningsframskrivingen for Oslo 2025. Framskrevet folkemengde etter aldersgrupper og geografisk område (D), i ulike scenarioer (alternativer), 2025-2050",Mellomalternativet MMM,Grimelund,Alder i alt,2045,5951
EliminatedValue,0,706,0,21,"BEF036: Befolkningsframskrivingen for Oslo 2025. Framskrevet folkemengde etter aldersgrupper og geografisk område (D), i ulike scenarioer (alternativer), 2025-2050",Mellomalternativet MMM,Grimelund,Alder i alt,2046,6039
EliminatedValue,0,706,0,22,"BEF036: Befolkningsframskrivingen for Oslo 2025. Framskrevet folkemengde etter aldersgrupper og geografisk område (D), i ulike scenarioer (alternativer), 2025-2050",Mellomalternativet MMM,Grimelund,Alder i alt,2047,6115
EliminatedValue,0,706,0,23,"BEF036: Befolkningsframskrivingen for Oslo 2025. Framskrevet folkemengde etter aldersgrupper og geografisk område (D), i ulike scenarioer (alternativer), 2025-2050",Mellomalternativet MMM,Grimelund,Alder i alt,2048,6174
EliminatedValue,0,706,0,24,"BEF036: Befolkningsframskrivingen for Oslo 2025. Framskrevet folkemengde etter aldersgrupper og geografisk område (D), i ulike scenarioer (alternativer), 2025-2050",Mellomalternativet MMM,Grimelund,Alder i alt,2049,6217
EliminatedValue,0,706,0,25,"BEF036: Befolkningsframskrivingen for Oslo 2025. Framskrevet folkemengde etter aldersgrupper og geografisk område (D), i ulike scenarioer (alternativer), 2025-2050",Mellomalternativet MMM,Grimelund,Alder i alt,2050,6246
EliminatedValue,0,707,0,0,"BEF036: Befolkningsframskrivingen for Oslo 2025. Framskrevet folkemengde etter aldersgrupper og geografisk område (D), i ulike scenarioer (alternativer), 2025-2050",Mellomalternativet MMM,Vinderen,Alder i alt,2025,5250
EliminatedValue,0,707,0,1,"BEF036: Befolkningsframskrivingen for Oslo 2025. Framskrevet folkemengde etter aldersgrupper og geografisk område (D), i ulike scenarioer (alternativer), 2025-2050",Mellomalternativet MMM,Vinderen,Alder i alt,2026,5216
EliminatedValue,0,707,0,2,"BEF036: Befolkningsframskrivingen for Oslo 2025. Framskrevet folkemengde etter aldersgrupper og geografisk område (D), i ulike scenarioer (alternativer), 2025-2050",Mellomalternativet MMM,Vinderen,Alder i alt,2027,5206
EliminatedValue,0,707,0,3,"BEF036: Befolkningsframskrivingen for Oslo 2025. Framskrevet folkemengde etter aldersgrupper og geografisk område (D), i ulike scenarioer (alternativer), 2025-2050",Mellomalternativet MMM,Vinderen,Alder i alt,2028,5240
EliminatedValue,0,707,0,4,"BEF036: Befolkningsframskrivingen for Oslo 2025. Framskrevet folkemengde etter aldersgrupper og geografisk område (D), i ulike scenarioer (alternativer), 2025-2050",Mellomalternativet MMM,Vinderen,Alder i alt,2029,5343
EliminatedValue,0,707,0,5,"BEF036: Befolkningsframskrivingen for Oslo 2025. Framskrevet folkemengde etter aldersgrupper og geografisk område (D), i ulike scenarioer (alternativer), 2025-2050",Mellomalternativet MMM,Vinderen,Alder i alt,2030,5541
EliminatedValue,0,707,0,6,"BEF036: Befolkningsframskrivingen for Oslo 2025. Framskrevet folkemengde etter aldersgrupper og geografisk område (D), i ulike scenarioer (alternativer), 2025-2050",Mellomalternativet MMM,Vinderen,Alder i alt,2031,5712
EliminatedValue,0,707,0,7,"BEF036: Befolkningsframskrivingen for Oslo 2025. Framskrevet folkemengde etter aldersgrupper og geografisk område (D), i ulike scenarioer (alternativer), 2025-2050",Mellomalternativet MMM,Vinderen,Alder i alt,2032,5800
EliminatedValue,0,707,0,8,"BEF036: Befolkningsframskrivingen for Oslo 2025. Framskrevet folkemengde etter aldersgrupper og geografisk område (D), i ulike scenarioer (alternativer), 2025-2050",Mellomalternativet MMM,Vinderen,Alder i alt,2033,5822
EliminatedValue,0,707,0,9,"BEF036: Befolkningsframskrivingen for Oslo 2025. Framskrevet folkemengde etter aldersgrupper og geografisk område (D), i ulike scenarioer (alternativer), 2025-2050",Mellomalternativet MMM,Vinderen,Alder i alt,2034,5858
EliminatedValue,0,707,0,10,"BEF036: Befolkningsframskrivingen for Oslo 2025. Framskrevet folkemengde etter aldersgrupper og geografisk område (D), i ulike scenarioer (alternativer), 2025-2050",Mellomalternativet MMM,Vinderen,Alder i alt,2035,5895
EliminatedValue,0,707,0,11,"BEF036: Befolkningsframskrivingen for Oslo 2025. Framskrevet folkemengde etter aldersgrupper og geografisk område (D), i ulike scenarioer (alternativer), 2025-2050",Mellomalternativet MMM,Vinderen,Alder i alt,2036,5929
EliminatedValue,0,707,0,12,"BEF036: Befolkningsframskrivingen for Oslo 2025. Framskrevet folkemengde etter aldersgrupper og geografisk område (D), i ulike scenarioer (alternativer), 2025-2050",Mellomalternativet MMM,Vinderen,Alder i alt,2037,5976
EliminatedValue,0,707,0,13,"BEF036: Befolkningsframskrivingen for Oslo 2025. Framskrevet folkemengde etter aldersgrupper og geografisk område (D), i ulike scenarioer (alternativer), 2025-2050",Mellomalternativet MMM,Vinderen,Alder i alt,2038,6024
EliminatedValue,0,707,0,14,"BEF036: Befolkningsframskrivingen for Oslo 2025. Framskrevet folkemengde etter aldersgrupper og geografisk område (D), i ulike scenarioer (alternativer), 2025-2050",Mellomalternativet MMM,Vinderen,Alder i alt,2039,6078
EliminatedValue,0,707,0,15,"BEF036: Befolkningsframskrivingen for Oslo 2025. Framskrevet folkemengde etter aldersgrupper og geografisk område (D), i ulike scenarioer (alternativer), 2025-2050",Mellomalternativet MMM,Vinderen,Alder i alt,2040,6121
EliminatedValue,0,707,0,16,"BEF036: Befolkningsframskrivingen for Oslo 2025. Framskrevet folkemengde etter aldersgrupper og geografisk område (D), i ulike scenarioer (alternativer), 2025-2050",Mellomalternativet MMM,Vinderen,Alder i alt,2041,6160
EliminatedValue,0,707,0,17,"BEF036: Befolkningsframskrivingen for Oslo 2025. Framskrevet folkemengde etter aldersgrupper og geografisk område (D), i ulike scenarioer (alternativer), 2025-2050",Mellomalternativet MMM,Vinderen,Alder i alt,2042,6198
EliminatedValue,0,707,0,18,"BEF036: Befolkningsframskrivingen for Oslo 2025. Framskrevet folkemengde etter aldersgrupper og geografisk område (D), i ulike scenarioer (alternativer), 2025-2050",Mellomalternativet MMM,Vinderen,Alder i alt,2043,6234
EliminatedValue,0,707,0,19,"BEF036: Befolkningsframskrivingen for Oslo 2025. Framskrevet folkemengde etter aldersgrupper og geografisk område (D), i ulike scenarioer (alternativer), 2025-2050",Mellomalternativet MMM,Vinderen,Alder i alt,2044,6268
EliminatedValue,0,707,0,20,"BEF036: Befolkningsframskrivingen for Oslo 2025. Framskrevet folkemengde etter aldersgrupper og geografisk område (D), i ulike scenarioer (alternativer), 2025-2050",Mellomalternativet MMM,Vinderen,Alder i alt,2045,6301
EliminatedValue,0,707,0,21,"BEF036: Befolkningsframskrivingen for Oslo 2025. Framskrevet folkemengde etter aldersgrupper og geografisk område (D), i ulike scenarioer (alternativer), 2025-2050",Mellomalternativet MMM,Vinderen,Alder i alt,2046,6333
EliminatedValue,0,707,0,22,"BEF036: Befolkningsframskrivingen for Oslo 2025. Framskrevet folkemengde etter aldersgrupper og geografisk område (D), i ulike scenarioer (alternativer), 2025-2050",Mellomalternativet MMM,Vinderen,Alder i alt,2047,6362
EliminatedValue,0,707,0,23,"BEF036: Befolkningsframskrivingen for Oslo 2025. Framskrevet folkemengde etter aldersgrupper og geografisk område (D), i ulike scenarioer (alternativer), 2025-2050",Mellomalternativet MMM,Vinderen,Alder i alt,2048,6385
EliminatedValue,0,707,0,24,"BEF036: Befolkningsframskrivingen for Oslo 2025. Framskrevet folkemengde etter aldersgrupper og geografisk område (D), i ulike scenarioer (alternativer), 2025-2050",Mellomalternativet MMM,Vinderen,Alder i alt,2049,6402
EliminatedValue,0,707,0,25,"BEF036: Befolkningsframskrivingen for Oslo 2025. Framskrevet folkemengde etter aldersgrupper og geografisk område (D), i ulike scenarioer (alternativer), 2025-2050",Mellomalternativet MMM,Vinderen,Alder i alt,2050,6415
EliminatedValue,0,801,0,0,"BEF036: Befolkningsframskrivingen for Oslo 2025. Framskrevet folkemengde etter aldersgrupper og geografisk område (D), i ulike scenarioer (alternativer), 2025-2050",Mellomalternativet MMM,Disen,Alder i alt,2025,4875
EliminatedValue,0,801,0,1,"BEF036: Befolkningsframskrivingen for Oslo 2025. Framskrevet folkemengde etter aldersgrupper og geografisk område (D), i ulike scenarioer (alternativer), 2025-2050",Mellomalternativet MMM,Disen,Alder i alt,2026,4898
EliminatedValue,0,801,0,2,"BEF036: Befolkningsframskrivingen for Oslo 2025. Framskrevet folkemengde etter aldersgrupper og geografisk område (D), i ulike scenarioer (alternativer), 2025-2050",Mellomalternativet MMM,Disen,Alder i alt,2027,4917
EliminatedValue,0,801,0,3,"BEF036: Befolkningsframskrivingen for Oslo 2025. Framskrevet folkemengde etter aldersgrupper og geografisk område (D), i ulike scenarioer (alternativer), 2025-2050",Mellomalternativet MMM,Disen,Alder i alt,2028,4937
EliminatedValue,0,801,0,4,"BEF036: Befolkningsframskrivingen for Oslo 2025. Framskrevet folkemengde etter aldersgrupper og geografisk område (D), i ulike scenarioer (alternativer), 2025-2050",Mellomalternativet MMM,Disen,Alder i alt,2029,4952
EliminatedValue,0,801,0,5,"BEF036: Befolkningsframskrivingen for Oslo 2025. Framskrevet folkemengde etter aldersgrupper og geografisk område (D), i ulike scenarioer (alternativer), 2025-2050",Mellomalternativet MMM,Disen,Alder i alt,2030,4957
EliminatedValue,0,801,0,6,"BEF036: Befolkningsframskrivingen for Oslo 2025. Framskrevet folkemengde etter aldersgrupper og geografisk område (D), i ulike scenarioer (alternativer), 2025-2050",Mellomalternativet MMM,Disen,Alder i alt,2031,4965
EliminatedValue,0,801,0,7,"BEF036: Befolkningsframskrivingen for Oslo 2025. Framskrevet folkemengde etter aldersgrupper og geografisk område (D), i ulike scenarioer (alternativer), 2025-2050",Mellomalternativet MMM,Disen,Alder i alt,2032,4977
EliminatedValue,0,801,0,8,"BEF036: Befolkningsframskrivingen for Oslo 2025. Framskrevet folkemengde etter aldersgrupper og geografisk område (D), i ulike scenarioer (alternativer), 2025-2050",Mellomalternativet MMM,Disen,Alder i alt,2033,4988
EliminatedValue,0,801,0,9,"BEF036: Befolkningsframskrivingen for Oslo 2025. Framskrevet folkemengde etter aldersgrupper og geografisk område (D), i ulike scenarioer (alternativer), 2025-2050",Mellomalternativet MMM,Disen,Alder i alt,2034,5001
EliminatedValue,0,801,0,10,"BEF036: Befolkningsframskrivingen for Oslo 2025. Framskrevet folkemengde etter aldersgrupper og geografisk område (D), i ulike scenarioer (alternativer), 2025-2050",Mellomalternativet MMM,Disen,Alder i alt,2035,5015
EliminatedValue,0,801,0,11,"BEF036: Befolkningsframskrivingen for Oslo 2025. Framskrevet folkemengde etter aldersgrupper og geografisk område (D), i ulike scenarioer (alternativer), 2025-2050",Mellomalternativet MMM,Disen,Alder i alt,2036,5031
EliminatedValue,0,801,0,12,"BEF036: Befolkningsframskrivingen for Oslo 2025. Framskrevet folkemengde etter aldersgrupper og geografisk område (D), i ulike scenarioer (alternativer), 2025-2050",Mellomalternativet MMM,Disen,Alder i alt,2037,5048
EliminatedValue,0,801,0,13,"BEF036: Befolkningsframskrivingen for Oslo 2025. Framskrevet folkemengde etter aldersgrupper og geografisk område (D), i ulike scenarioer (alternativer), 2025-2050",Mellomalternativet MMM,Disen,Alder i alt,2038,5063
EliminatedValue,0,801,0,14,"BEF036: Befolkningsframskrivingen for Oslo 2025. Framskrevet folkemengde etter aldersgrupper og geografisk område (D), i ulike scenarioer (alternativer), 2025-2050",Mellomalternativet MMM,Disen,Alder i alt,2039,5077
EliminatedValue,0,801,0,15,"BEF036: Befolkningsframskrivingen for Oslo 2025. Framskrevet folkemengde etter aldersgrupper og geografisk område (D), i ulike scenarioer (alternativer), 2025-2050",Mellomalternativet MMM,Disen,Alder i alt,2040,5091
EliminatedValue,0,801,0,16,"BEF036: Befolkningsframskrivingen for Oslo 2025. Framskrevet folkemengde etter aldersgrupper og geografisk område (D), i ulike scenarioer (alternativer), 2025-2050",Mellomalternativet MMM,Disen,Alder i alt,2041,5102
EliminatedValue,0,801,0,17,"BEF036: Befolkningsframskrivingen for Oslo 2025. Framskrevet folkemengde etter aldersgrupper og geografisk område (D), i ulike scenarioer (alternativer), 2025-2050",Mellomalternativet MMM,Disen,Alder i alt,2042,5112
EliminatedValue,0,801,0,18,"BEF036: Befolkningsframskrivingen for Oslo 2025. Framskrevet folkemengde etter aldersgrupper og geografisk område (D), i ulike scenarioer (alternativer), 2025-2050",Mellomalternativet MMM,Disen,Alder i alt,2043,5122
EliminatedValue,0,801,0,19,"BEF036: Befolkningsframskrivingen for Oslo 2025. Framskrevet folkemengde etter aldersgrupper og geografisk område (D), i ulike scenarioer (alternativer), 2025-2050",Mellomalternativet MMM,Disen,Alder i alt,2044,5131
EliminatedValue,0,801,0,20,"BEF036: Befolkningsframskrivingen for Oslo 2025. Framskrevet folkemengde etter aldersgrupper og geografisk område (D), i ulike scenarioer (alternativer), 2025-2050",Mellomalternativet MMM,Disen,Alder i alt,2045,5140
EliminatedValue,0,801,0,21,"BEF036: Befolkningsframskrivingen for Oslo 2025. Framskrevet folkemengde etter aldersgrupper og geografisk område (D), i ulike scenarioer (alternativer), 2025-2050",Mellomalternativet MMM,Disen,Alder i alt,2046,5149
EliminatedValue,0,801,0,22,"BEF036: Befolkningsframskrivingen for Oslo 2025. Framskrevet folkemengde etter aldersgrupper og geografisk område (D), i ulike scenarioer (alternativer), 2025-2050",Mellomalternativet MMM,Disen,Alder i alt,2047,5156
EliminatedValue,0,801,0,23,"BEF036: Befolkningsframskrivingen for Oslo 2025. Framskrevet folkemengde etter aldersgrupper og geografisk område (D), i ulike scenarioer (alternativer), 2025-2050",Mellomalternativet MMM,Disen,Alder i alt,2048,5157
EliminatedValue,0,801,0,24,"BEF036: Befolkningsframskrivingen for Oslo 2025. Framskrevet folkemengde etter aldersgrupper og geografisk område (D), i ulike scenarioer (alternativer), 2025-2050",Mellomalternativet MMM,Disen,Alder i alt,2049,5156
EliminatedValue,0,801,0,25,"BEF036: Befolkningsframskrivingen for Oslo 2025. Framskrevet folkemengde etter aldersgrupper og geografisk område (D), i ulike scenarioer (alternativer), 2025-2050",Mellomalternativet MMM,Disen,Alder i alt,2050,5153
EliminatedValue,0,802,0,0,"BEF036: Befolkningsframskrivingen for Oslo 2025. Framskrevet folkemengde etter aldersgrupper og geografisk område (D), i ulike scenarioer (alternativer), 2025-2050",Mellomalternativet MMM,Myrer,Alder i alt,2025,6076
EliminatedValue,0,802,0,1,"BEF036: Befolkningsframskrivingen for Oslo 2025. Framskrevet folkemengde etter aldersgrupper og geografisk område (D), i ulike scenarioer (alternativer), 2025-2050",Mellomalternativet MMM,Myrer,Alder i alt,2026,6093
EliminatedValue,0,802,0,2,"BEF036: Befolkningsframskrivingen for Oslo 2025. Framskrevet folkemengde etter aldersgrupper og geografisk område (D), i ulike scenarioer (alternativer), 2025-2050",Mellomalternativet MMM,Myrer,Alder i alt,2027,6115
EliminatedValue,0,802,0,3,"BEF036: Befolkningsframskrivingen for Oslo 2025. Framskrevet folkemengde etter aldersgrupper og geografisk område (D), i ulike scenarioer (alternativer), 2025-2050",Mellomalternativet MMM,Myrer,Alder i alt,2028,6159
EliminatedValue,0,802,0,4,"BEF036: Befolkningsframskrivingen for Oslo 2025. Framskrevet folkemengde etter aldersgrupper og geografisk område (D), i ulike scenarioer (alternativer), 2025-2050",Mellomalternativet MMM,Myrer,Alder i alt,2029,6209
EliminatedValue,0,802,0,5,"BEF036: Befolkningsframskrivingen for Oslo 2025. Framskrevet folkemengde etter aldersgrupper og geografisk område (D), i ulike scenarioer (alternativer), 2025-2050",Mellomalternativet MMM,Myrer,Alder i alt,2030,6266
EliminatedValue,0,802,0,6,"BEF036: Befolkningsframskrivingen for Oslo 2025. Framskrevet folkemengde etter aldersgrupper og geografisk område (D), i ulike scenarioer (alternativer), 2025-2050",Mellomalternativet MMM,Myrer,Alder i alt,2031,6312
EliminatedValue,0,802,0,7,"BEF036: Befolkningsframskrivingen for Oslo 2025. Framskrevet folkemengde etter aldersgrupper og geografisk område (D), i ulike scenarioer (alternativer), 2025-2050",Mellomalternativet MMM,Myrer,Alder i alt,2032,6341
EliminatedValue,0,802,0,8,"BEF036: Befolkningsframskrivingen for Oslo 2025. Framskrevet folkemengde etter aldersgrupper og geografisk område (D), i ulike scenarioer (alternativer), 2025-2050",Mellomalternativet MMM,Myrer,Alder i alt,2033,6354
EliminatedValue,0,802,0,9,"BEF036: Befolkningsframskrivingen for Oslo 2025. Framskrevet folkemengde etter aldersgrupper og geografisk område (D), i ulike scenarioer (alternativer), 2025-2050",Mellomalternativet MMM,Myrer,Alder i alt,2034,6371
EliminatedValue,0,802,0,10,"BEF036: Befolkningsframskrivingen for Oslo 2025. Framskrevet folkemengde etter aldersgrupper og geografisk område (D), i ulike scenarioer (alternativer), 2025-2050",Mellomalternativet MMM,Myrer,Alder i alt,2035,6388
EliminatedValue,0,802,0,11,"BEF036: Befolkningsframskrivingen for Oslo 2025. Framskrevet folkemengde etter aldersgrupper og geografisk område (D), i ulike scenarioer (alternativer), 2025-2050",Mellomalternativet MMM,Myrer,Alder i alt,2036,6405
EliminatedValue,0,802,0,12,"BEF036: Befolkningsframskrivingen for Oslo 2025. Framskrevet folkemengde etter aldersgrupper og geografisk område (D), i ulike scenarioer (alternativer), 2025-2050",Mellomalternativet MMM,Myrer,Alder i alt,2037,6423
EliminatedValue,0,802,0,13,"BEF036: Befolkningsframskrivingen for Oslo 2025. Framskrevet folkemengde etter aldersgrupper og geografisk område (D), i ulike scenarioer (alternativer), 2025-2050",Mellomalternativet MMM,Myrer,Alder i alt,2038,6439
EliminatedValue,0,802,0,14,"BEF036: Befolkningsframskrivingen for Oslo 2025. Framskrevet folkemengde etter aldersgrupper og geografisk område (D), i ulike scenarioer (alternativer), 2025-2050",Mellomalternativet MMM,Myrer,Alder i alt,2039,6452
EliminatedValue,0,802,0,15,"BEF036: Befolkningsframskrivingen for Oslo 2025. Framskrevet folkemengde etter aldersgrupper og geografisk område (D), i ulike scenarioer (alternativer), 2025-2050",Mellomalternativet MMM,Myrer,Alder i alt,2040,6465
EliminatedValue,0,802,0,16,"BEF036: Befolkningsframskrivingen for Oslo 2025. Framskrevet folkemengde etter aldersgrupper og geografisk område (D), i ulike scenarioer (alternativer), 2025-2050",Mellomalternativet MMM,Myrer,Alder i alt,2041,6473
EliminatedValue,0,802,0,17,"BEF036: Befolkningsframskrivingen for Oslo 2025. Framskrevet folkemengde etter aldersgrupper og geografisk område (D), i ulike scenarioer (alternativer), 2025-2050",Mellomalternativet MMM,Myrer,Alder i alt,2042,6479
EliminatedValue,0,802,0,18,"BEF036: Befolkningsframskrivingen for Oslo 2025. Framskrevet folkemengde etter aldersgrupper og geografisk område (D), i ulike scenarioer (alternativer), 2025-2050",Mellomalternativet MMM,Myrer,Alder i alt,2043,6486
EliminatedValue,0,802,0,19,"BEF036: Befolkningsframskrivingen for Oslo 2025. Framskrevet folkemengde etter aldersgrupper og geografisk område (D), i ulike scenarioer (alternativer), 2025-2050",Mellomalternativet MMM,Myrer,Alder i alt,2044,6492
EliminatedValue,0,802,0,20,"BEF036: Befolkningsframskrivingen for Oslo 2025. Framskrevet folkemengde etter aldersgrupper og geografisk område (D), i ulike scenarioer (alternativer), 2025-2050",Mellomalternativet MMM,Myrer,Alder i alt,2045,6497
EliminatedValue,0,802,0,21,"BEF036: Befolkningsframskrivingen for Oslo 2025. Framskrevet folkemengde etter aldersgrupper og geografisk område (D), i ulike scenarioer (alternativer), 2025-2050",Mellomalternativet MMM,Myrer,Alder i alt,2046,6502
EliminatedValue,0,802,0,22,"BEF036: Befolkningsframskrivingen for Oslo 2025. Framskrevet folkemengde etter aldersgrupper og geografisk område (D), i ulike scenarioer (alternativer), 2025-2050",Mellomalternativet MMM,Myrer,Alder i alt,2047,6504
EliminatedValue,0,802,0,23,"BEF036: Befolkningsframskrivingen for Oslo 2025. Framskrevet folkemengde etter aldersgrupper og geografisk område (D), i ulike scenarioer (alternativer), 2025-2050",Mellomalternativet MMM,Myrer,Alder i alt,2048,6500
EliminatedValue,0,802,0,24,"BEF036: Befolkningsframskrivingen for Oslo 2025. Framskrevet folkemengde etter aldersgrupper og geografisk område (D), i ulike scenarioer (alternativer), 2025-2050",Mellomalternativet MMM,Myrer,Alder i alt,2049,6494
EliminatedValue,0,802,0,25,"BEF036: Befolkningsframskrivingen for Oslo 2025. Framskrevet folkemengde etter aldersgrupper og geografisk område (D), i ulike scenarioer (alternativer), 2025-2050",Mellomalternativet MMM,Myrer,Alder i alt,2050,6486
EliminatedValue,0,803,0,0,"BEF036: Befolkningsframskrivingen for Oslo 2025. Framskrevet folkemengde etter aldersgrupper og geografisk område (D), i ulike scenarioer (alternativer), 2025-2050",Mellomalternativet MMM,Grefsen,Alder i alt,2025,7323
EliminatedValue,0,803,0,1,"BEF036: Befolkningsframskrivingen for Oslo 2025. Framskrevet folkemengde etter aldersgrupper og geografisk område (D), i ulike scenarioer (alternativer), 2025-2050",Mellomalternativet MMM,Grefsen,Alder i alt,2026,7319
EliminatedValue,0,803,0,2,"BEF036: Befolkningsframskrivingen for Oslo 2025. Framskrevet folkemengde etter aldersgrupper og geografisk område (D), i ulike scenarioer (alternativer), 2025-2050",Mellomalternativet MMM,Grefsen,Alder i alt,2027,7351
EliminatedValue,0,803,0,3,"BEF036: Befolkningsframskrivingen for Oslo 2025. Framskrevet folkemengde etter aldersgrupper og geografisk område (D), i ulike scenarioer (alternativer), 2025-2050",Mellomalternativet MMM,Grefsen,Alder i alt,2028,7388
EliminatedValue,0,803,0,4,"BEF036: Befolkningsframskrivingen for Oslo 2025. Framskrevet folkemengde etter aldersgrupper og geografisk område (D), i ulike scenarioer (alternativer), 2025-2050",Mellomalternativet MMM,Grefsen,Alder i alt,2029,7419
EliminatedValue,0,803,0,5,"BEF036: Befolkningsframskrivingen for Oslo 2025. Framskrevet folkemengde etter aldersgrupper og geografisk område (D), i ulike scenarioer (alternativer), 2025-2050",Mellomalternativet MMM,Grefsen,Alder i alt,2030,7436
EliminatedValue,0,803,0,6,"BEF036: Befolkningsframskrivingen for Oslo 2025. Framskrevet folkemengde etter aldersgrupper og geografisk område (D), i ulike scenarioer (alternativer), 2025-2050",Mellomalternativet MMM,Grefsen,Alder i alt,2031,7459
EliminatedValue,0,803,0,7,"BEF036: Befolkningsframskrivingen for Oslo 2025. Framskrevet folkemengde etter aldersgrupper og geografisk område (D), i ulike scenarioer (alternativer), 2025-2050",Mellomalternativet MMM,Grefsen,Alder i alt,2032,7488
EliminatedValue,0,803,0,8,"BEF036: Befolkningsframskrivingen for Oslo 2025. Framskrevet folkemengde etter aldersgrupper og geografisk område (D), i ulike scenarioer (alternativer), 2025-2050",Mellomalternativet MMM,Grefsen,Alder i alt,2033,7515
EliminatedValue,0,803,0,9,"BEF036: Befolkningsframskrivingen for Oslo 2025. Framskrevet folkemengde etter aldersgrupper og geografisk område (D), i ulike scenarioer (alternativer), 2025-2050",Mellomalternativet MMM,Grefsen,Alder i alt,2034,7540
EliminatedValue,0,803,0,10,"BEF036: Befolkningsframskrivingen for Oslo 2025. Framskrevet folkemengde etter aldersgrupper og geografisk område (D), i ulike scenarioer (alternativer), 2025-2050",Mellomalternativet MMM,Grefsen,Alder i alt,2035,7564
EliminatedValue,0,803,0,11,"BEF036: Befolkningsframskrivingen for Oslo 2025. Framskrevet folkemengde etter aldersgrupper og geografisk område (D), i ulike scenarioer (alternativer), 2025-2050",Mellomalternativet MMM,Grefsen,Alder i alt,2036,7587
EliminatedValue,0,803,0,12,"BEF036: Befolkningsframskrivingen for Oslo 2025. Framskrevet folkemengde etter aldersgrupper og geografisk område (D), i ulike scenarioer (alternativer), 2025-2050",Mellomalternativet MMM,Grefsen,Alder i alt,2037,7611
EliminatedValue,0,803,0,13,"BEF036: Befolkningsframskrivingen for Oslo 2025. Framskrevet folkemengde etter aldersgrupper og geografisk område (D), i ulike scenarioer (alternativer), 2025-2050",Mellomalternativet MMM,Grefsen,Alder i alt,2038,7630
EliminatedValue,0,803,0,14,"BEF036: Befolkningsframskrivingen for Oslo 2025. Framskrevet folkemengde etter aldersgrupper og geografisk område (D), i ulike scenarioer (alternativer), 2025-2050",Mellomalternativet MMM,Grefsen,Alder i alt,2039,7645
EliminatedValue,0,803,0,15,"BEF036: Befolkningsframskrivingen for Oslo 2025. Framskrevet folkemengde etter aldersgrupper og geografisk område (D), i ulike scenarioer (alternativer), 2025-2050",Mellomalternativet MMM,Grefsen,Alder i alt,2040,7658
EliminatedValue,0,803,0,16,"BEF036: Befolkningsframskrivingen for Oslo 2025. Framskrevet folkemengde etter aldersgrupper og geografisk område (D), i ulike scenarioer (alternativer), 2025-2050",Mellomalternativet MMM,Grefsen,Alder i alt,2041,7664
EliminatedValue,0,803,0,17,"BEF036: Befolkningsframskrivingen for Oslo 2025. Framskrevet folkemengde etter aldersgrupper og geografisk område (D), i ulike scenarioer (alternativer), 2025-2050",Mellomalternativet MMM,Grefsen,Alder i alt,2042,7668
EliminatedValue,0,803,0,18,"BEF036: Befolkningsframskrivingen for Oslo 2025. Framskrevet folkemengde etter aldersgrupper og geografisk område (D), i ulike scenarioer (alternativer), 2025-2050",Mellomalternativet MMM,Grefsen,Alder i alt,2043,7671
EliminatedValue,0,803,0,19,"BEF036: Befolkningsframskrivingen for Oslo 2025. Framskrevet folkemengde etter aldersgrupper og geografisk område (D), i ulike scenarioer (alternativer), 2025-2050",Mellomalternativet MMM,Grefsen,Alder i alt,2044,7674
EliminatedValue,0,803,0,20,"BEF036: Befolkningsframskrivingen for Oslo 2025. Framskrevet folkemengde etter aldersgrupper og geografisk område (D), i ulike scenarioer (alternativer), 2025-2050",Mellomalternativet MMM,Grefsen,Alder i alt,2045,7677
EliminatedValue,0,803,0,21,"BEF036: Befolkningsframskrivingen for Oslo 2025. Framskrevet folkemengde etter aldersgrupper og geografisk område (D), i ulike scenarioer (alternativer), 2025-2050",Mellomalternativet MMM,Grefsen,Alder i alt,2046,7680
EliminatedValue,0,803,0,22,"BEF036: Befolkningsframskrivingen for Oslo 2025. Framskrevet folkemengde etter aldersgrupper og geografisk område (D), i ulike scenarioer (alternativer), 2025-2050",Mellomalternativet MMM,Grefsen,Alder i alt,2047,7682
EliminatedValue,0,803,0,23,"BEF036: Befolkningsframskrivingen for Oslo 2025. Framskrevet folkemengde etter aldersgrupper og geografisk område (D), i ulike scenarioer (alternativer), 2025-2050",Mellomalternativet MMM,Grefsen,Alder i alt,2048,7677
EliminatedValue,0,803,0,24,"BEF036: Befolkningsframskrivingen for Oslo 2025. Framskrevet folkemengde etter aldersgrupper og geografisk område (D), i ulike scenarioer (alternativer), 2025-2050",Mellomalternativet MMM,Grefsen,Alder i alt,2049,7669
EliminatedValue,0,803,0,25,"BEF036: Befolkningsframskrivingen for Oslo 2025. Framskrevet folkemengde etter aldersgrupper og geografisk område (D), i ulike scenarioer (alternativer), 2025-2050",Mellomalternativet MMM,Grefsen,Alder i alt,2050,7659
EliminatedValue,0,804,0,0,"BEF036: Befolkningsframskrivingen for Oslo 2025. Framskrevet folkemengde etter aldersgrupper og geografisk område (D), i ulike scenarioer (alternativer), 2025-2050",Mellomalternativet MMM,Kjelsås,Alder i alt,2025,6358
EliminatedValue,0,804,0,1,"BEF036: Befolkningsframskrivingen for Oslo 2025. Framskrevet folkemengde etter aldersgrupper og geografisk område (D), i ulike scenarioer (alternativer), 2025-2050",Mellomalternativet MMM,Kjelsås,Alder i alt,2026,6670
EliminatedValue,0,804,0,2,"BEF036: Befolkningsframskrivingen for Oslo 2025. Framskrevet folkemengde etter aldersgrupper og geografisk område (D), i ulike scenarioer (alternativer), 2025-2050",Mellomalternativet MMM,Kjelsås,Alder i alt,2027,6946
EliminatedValue,0,804,0,3,"BEF036: Befolkningsframskrivingen for Oslo 2025. Framskrevet folkemengde etter aldersgrupper og geografisk område (D), i ulike scenarioer (alternativer), 2025-2050",Mellomalternativet MMM,Kjelsås,Alder i alt,2028,7113
EliminatedValue,0,804,0,4,"BEF036: Befolkningsframskrivingen for Oslo 2025. Framskrevet folkemengde etter aldersgrupper og geografisk område (D), i ulike scenarioer (alternativer), 2025-2050",Mellomalternativet MMM,Kjelsås,Alder i alt,2029,7261
EliminatedValue,0,804,0,5,"BEF036: Befolkningsframskrivingen for Oslo 2025. Framskrevet folkemengde etter aldersgrupper og geografisk område (D), i ulike scenarioer (alternativer), 2025-2050",Mellomalternativet MMM,Kjelsås,Alder i alt,2030,7365
EliminatedValue,0,804,0,6,"BEF036: Befolkningsframskrivingen for Oslo 2025. Framskrevet folkemengde etter aldersgrupper og geografisk område (D), i ulike scenarioer (alternativer), 2025-2050",Mellomalternativet MMM,Kjelsås,Alder i alt,2031,7463
EliminatedValue,0,804,0,7,"BEF036: Befolkningsframskrivingen for Oslo 2025. Framskrevet folkemengde etter aldersgrupper og geografisk område (D), i ulike scenarioer (alternativer), 2025-2050",Mellomalternativet MMM,Kjelsås,Alder i alt,2032,7573
EliminatedValue,0,804,0,8,"BEF036: Befolkningsframskrivingen for Oslo 2025. Framskrevet folkemengde etter aldersgrupper og geografisk område (D), i ulike scenarioer (alternativer), 2025-2050",Mellomalternativet MMM,Kjelsås,Alder i alt,2033,7695
EliminatedValue,0,804,0,9,"BEF036: Befolkningsframskrivingen for Oslo 2025. Framskrevet folkemengde etter aldersgrupper og geografisk område (D), i ulike scenarioer (alternativer), 2025-2050",Mellomalternativet MMM,Kjelsås,Alder i alt,2034,7849
EliminatedValue,0,804,0,10,"BEF036: Befolkningsframskrivingen for Oslo 2025. Framskrevet folkemengde etter aldersgrupper og geografisk område (D), i ulike scenarioer (alternativer), 2025-2050",Mellomalternativet MMM,Kjelsås,Alder i alt,2035,8032
EliminatedValue,0,804,0,11,"BEF036: Befolkningsframskrivingen for Oslo 2025. Framskrevet folkemengde etter aldersgrupper og geografisk område (D), i ulike scenarioer (alternativer), 2025-2050",Mellomalternativet MMM,Kjelsås,Alder i alt,2036,8210
EliminatedValue,0,804,0,12,"BEF036: Befolkningsframskrivingen for Oslo 2025. Framskrevet folkemengde etter aldersgrupper og geografisk område (D), i ulike scenarioer (alternativer), 2025-2050",Mellomalternativet MMM,Kjelsås,Alder i alt,2037,8457
EliminatedValue,0,804,0,13,"BEF036: Befolkningsframskrivingen for Oslo 2025. Framskrevet folkemengde etter aldersgrupper og geografisk område (D), i ulike scenarioer (alternativer), 2025-2050",Mellomalternativet MMM,Kjelsås,Alder i alt,2038,8704
EliminatedValue,0,804,0,14,"BEF036: Befolkningsframskrivingen for Oslo 2025. Framskrevet folkemengde etter aldersgrupper og geografisk område (D), i ulike scenarioer (alternativer), 2025-2050",Mellomalternativet MMM,Kjelsås,Alder i alt,2039,8973
EliminatedValue,0,804,0,15,"BEF036: Befolkningsframskrivingen for Oslo 2025. Framskrevet folkemengde etter aldersgrupper og geografisk område (D), i ulike scenarioer (alternativer), 2025-2050",Mellomalternativet MMM,Kjelsås,Alder i alt,2040,9147
EliminatedValue,0,804,0,16,"BEF036: Befolkningsframskrivingen for Oslo 2025. Framskrevet folkemengde etter aldersgrupper og geografisk område (D), i ulike scenarioer (alternativer), 2025-2050",Mellomalternativet MMM,Kjelsås,Alder i alt,2041,9278
EliminatedValue,0,804,0,17,"BEF036: Befolkningsframskrivingen for Oslo 2025. Framskrevet folkemengde etter aldersgrupper og geografisk område (D), i ulike scenarioer (alternativer), 2025-2050",Mellomalternativet MMM,Kjelsås,Alder i alt,2042,9375
EliminatedValue,0,804,0,18,"BEF036: Befolkningsframskrivingen for Oslo 2025. Framskrevet folkemengde etter aldersgrupper og geografisk område (D), i ulike scenarioer (alternativer), 2025-2050",Mellomalternativet MMM,Kjelsås,Alder i alt,2043,9444
EliminatedValue,0,804,0,19,"BEF036: Befolkningsframskrivingen for Oslo 2025. Framskrevet folkemengde etter aldersgrupper og geografisk område (D), i ulike scenarioer (alternativer), 2025-2050",Mellomalternativet MMM,Kjelsås,Alder i alt,2044,9476
EliminatedValue,0,804,0,20,"BEF036: Befolkningsframskrivingen for Oslo 2025. Framskrevet folkemengde etter aldersgrupper og geografisk område (D), i ulike scenarioer (alternativer), 2025-2050",Mellomalternativet MMM,Kjelsås,Alder i alt,2045,9501
EliminatedValue,0,804,0,21,"BEF036: Befolkningsframskrivingen for Oslo 2025. Framskrevet folkemengde etter aldersgrupper og geografisk område (D), i ulike scenarioer (alternativer), 2025-2050",Mellomalternativet MMM,Kjelsås,Alder i alt,2046,9523
EliminatedValue,0,804,0,22,"BEF036: Befolkningsframskrivingen for Oslo 2025. Framskrevet folkemengde etter aldersgrupper og geografisk område (D), i ulike scenarioer (alternativer), 2025-2050",Mellomalternativet MMM,Kjelsås,Alder i alt,2047,9539
EliminatedValue,0,804,0,23,"BEF036: Befolkningsframskrivingen for Oslo 2025. Framskrevet folkemengde etter aldersgrupper og geografisk område (D), i ulike scenarioer (alternativer), 2025-2050",Mellomalternativet MMM,Kjelsås,Alder i alt,2048,9551
EliminatedValue,0,804,0,24,"BEF036: Befolkningsframskrivingen for Oslo 2025. Framskrevet folkemengde etter aldersgrupper og geografisk område (D), i ulike scenarioer (alternativer), 2025-2050",Mellomalternativet MMM,Kjelsås,Alder i alt,2049,9561
EliminatedValue,0,804,0,25,"BEF036: Befolkningsframskrivingen for Oslo 2025. Framskrevet folkemengde etter aldersgrupper og geografisk område (D), i ulike scenarioer (alternativer), 2025-2050",Mellomalternativet MMM,Kjelsås,Alder i alt,2050,9566
EliminatedValue,0,805,0,0,"BEF036: Befolkningsframskrivingen for Oslo 2025. Framskrevet folkemengde etter aldersgrupper og geografisk område (D), i ulike scenarioer (alternativer), 2025-2050",Mellomalternativet MMM,Korsvoll,Alder i alt,2025,5766
EliminatedValue,0,805,0,1,"BEF036: Befolkningsframskrivingen for Oslo 2025. Framskrevet folkemengde etter aldersgrupper og geografisk område (D), i ulike scenarioer (alternativer), 2025-2050",Mellomalternativet MMM,Korsvoll,Alder i alt,2026,5813
EliminatedValue,0,805,0,2,"BEF036: Befolkningsframskrivingen for Oslo 2025. Framskrevet folkemengde etter aldersgrupper og geografisk område (D), i ulike scenarioer (alternativer), 2025-2050",Mellomalternativet MMM,Korsvoll,Alder i alt,2027,5853
EliminatedValue,0,805,0,3,"BEF036: Befolkningsframskrivingen for Oslo 2025. Framskrevet folkemengde etter aldersgrupper og geografisk område (D), i ulike scenarioer (alternativer), 2025-2050",Mellomalternativet MMM,Korsvoll,Alder i alt,2028,5904
EliminatedValue,0,805,0,4,"BEF036: Befolkningsframskrivingen for Oslo 2025. Framskrevet folkemengde etter aldersgrupper og geografisk område (D), i ulike scenarioer (alternativer), 2025-2050",Mellomalternativet MMM,Korsvoll,Alder i alt,2029,5953
EliminatedValue,0,805,0,5,"BEF036: Befolkningsframskrivingen for Oslo 2025. Framskrevet folkemengde etter aldersgrupper og geografisk område (D), i ulike scenarioer (alternativer), 2025-2050",Mellomalternativet MMM,Korsvoll,Alder i alt,2030,5977
EliminatedValue,0,805,0,6,"BEF036: Befolkningsframskrivingen for Oslo 2025. Framskrevet folkemengde etter aldersgrupper og geografisk område (D), i ulike scenarioer (alternativer), 2025-2050",Mellomalternativet MMM,Korsvoll,Alder i alt,2031,6003
EliminatedValue,0,805,0,7,"BEF036: Befolkningsframskrivingen for Oslo 2025. Framskrevet folkemengde etter aldersgrupper og geografisk område (D), i ulike scenarioer (alternativer), 2025-2050",Mellomalternativet MMM,Korsvoll,Alder i alt,2032,6034
EliminatedValue,0,805,0,8,"BEF036: Befolkningsframskrivingen for Oslo 2025. Framskrevet folkemengde etter aldersgrupper og geografisk område (D), i ulike scenarioer (alternativer), 2025-2050",Mellomalternativet MMM,Korsvoll,Alder i alt,2033,6063
EliminatedValue,0,805,0,9,"BEF036: Befolkningsframskrivingen for Oslo 2025. Framskrevet folkemengde etter aldersgrupper og geografisk område (D), i ulike scenarioer (alternativer), 2025-2050",Mellomalternativet MMM,Korsvoll,Alder i alt,2034,6091
EliminatedValue,0,805,0,10,"BEF036: Befolkningsframskrivingen for Oslo 2025. Framskrevet folkemengde etter aldersgrupper og geografisk område (D), i ulike scenarioer (alternativer), 2025-2050",Mellomalternativet MMM,Korsvoll,Alder i alt,2035,6117
EliminatedValue,0,805,0,11,"BEF036: Befolkningsframskrivingen for Oslo 2025. Framskrevet folkemengde etter aldersgrupper og geografisk område (D), i ulike scenarioer (alternativer), 2025-2050",Mellomalternativet MMM,Korsvoll,Alder i alt,2036,6142
EliminatedValue,0,805,0,12,"BEF036: Befolkningsframskrivingen for Oslo 2025. Framskrevet folkemengde etter aldersgrupper og geografisk område (D), i ulike scenarioer (alternativer), 2025-2050",Mellomalternativet MMM,Korsvoll,Alder i alt,2037,6166
EliminatedValue,0,805,0,13,"BEF036: Befolkningsframskrivingen for Oslo 2025. Framskrevet folkemengde etter aldersgrupper og geografisk område (D), i ulike scenarioer (alternativer), 2025-2050",Mellomalternativet MMM,Korsvoll,Alder i alt,2038,6185
EliminatedValue,0,805,0,14,"BEF036: Befolkningsframskrivingen for Oslo 2025. Framskrevet folkemengde etter aldersgrupper og geografisk område (D), i ulike scenarioer (alternativer), 2025-2050",Mellomalternativet MMM,Korsvoll,Alder i alt,2039,6201
EliminatedValue,0,805,0,15,"BEF036: Befolkningsframskrivingen for Oslo 2025. Framskrevet folkemengde etter aldersgrupper og geografisk område (D), i ulike scenarioer (alternativer), 2025-2050",Mellomalternativet MMM,Korsvoll,Alder i alt,2040,6215
EliminatedValue,0,805,0,16,"BEF036: Befolkningsframskrivingen for Oslo 2025. Framskrevet folkemengde etter aldersgrupper og geografisk område (D), i ulike scenarioer (alternativer), 2025-2050",Mellomalternativet MMM,Korsvoll,Alder i alt,2041,6226
EliminatedValue,0,805,0,17,"BEF036: Befolkningsframskrivingen for Oslo 2025. Framskrevet folkemengde etter aldersgrupper og geografisk område (D), i ulike scenarioer (alternativer), 2025-2050",Mellomalternativet MMM,Korsvoll,Alder i alt,2042,6234
EliminatedValue,0,805,0,18,"BEF036: Befolkningsframskrivingen for Oslo 2025. Framskrevet folkemengde etter aldersgrupper og geografisk område (D), i ulike scenarioer (alternativer), 2025-2050",Mellomalternativet MMM,Korsvoll,Alder i alt,2043,6243
EliminatedValue,0,805,0,19,"BEF036: Befolkningsframskrivingen for Oslo 2025. Framskrevet folkemengde etter aldersgrupper og geografisk område (D), i ulike scenarioer (alternativer), 2025-2050",Mellomalternativet MMM,Korsvoll,Alder i alt,2044,6251
EliminatedValue,0,805,0,20,"BEF036: Befolkningsframskrivingen for Oslo 2025. Framskrevet folkemengde etter aldersgrupper og geografisk område (D), i ulike scenarioer (alternativer), 2025-2050",Mellomalternativet MMM,Korsvoll,Alder i alt,2045,6258
EliminatedValue,0,805,0,21,"BEF036: Befolkningsframskrivingen for Oslo 2025. Framskrevet folkemengde etter aldersgrupper og geografisk område (D), i ulike scenarioer (alternativer), 2025-2050",Mellomalternativet MMM,Korsvoll,Alder i alt,2046,6265
EliminatedValue,0,805,0,22,"BEF036: Befolkningsframskrivingen for Oslo 2025. Framskrevet folkemengde etter aldersgrupper og geografisk område (D), i ulike scenarioer (alternativer), 2025-2050",Mellomalternativet MMM,Korsvoll,Alder i alt,2047,6270
EliminatedValue,0,805,0,23,"BEF036: Befolkningsframskrivingen for Oslo 2025. Framskrevet folkemengde etter aldersgrupper og geografisk område (D), i ulike scenarioer (alternativer), 2025-2050",Mellomalternativet MMM,Korsvoll,Alder i alt,2048,6270
EliminatedValue,0,805,0,24,"BEF036: Befolkningsframskrivingen for Oslo 2025. Framskrevet folkemengde etter aldersgrupper og geografisk område (D), i ulike scenarioer (alternativer), 2025-2050",Mellomalternativet MMM,Korsvoll,Alder i alt,2049,6268
EliminatedValue,0,805,0,25,"BEF036: Befolkningsframskrivingen for Oslo 2025. Framskrevet folkemengde etter aldersgrupper og geografisk område (D), i ulike scenarioer (alternativer), 2025-2050",Mellomalternativet MMM,Korsvoll,Alder i alt,2050,6263
EliminatedValue,0,806,0,0,"BEF036: Befolkningsframskrivingen for Oslo 2025. Framskrevet folkemengde etter aldersgrupper og geografisk område (D), i ulike scenarioer (alternativer), 2025-2050",Mellomalternativet MMM,Tåsen,Alder i alt,2025,8200
EliminatedValue,0,806,0,1,"BEF036: Befolkningsframskrivingen for Oslo 2025. Framskrevet folkemengde etter aldersgrupper og geografisk område (D), i ulike scenarioer (alternativer), 2025-2050",Mellomalternativet MMM,Tåsen,Alder i alt,2026,8345
EliminatedValue,0,806,0,2,"BEF036: Befolkningsframskrivingen for Oslo 2025. Framskrevet folkemengde etter aldersgrupper og geografisk område (D), i ulike scenarioer (alternativer), 2025-2050",Mellomalternativet MMM,Tåsen,Alder i alt,2027,8607
EliminatedValue,0,806,0,3,"BEF036: Befolkningsframskrivingen for Oslo 2025. Framskrevet folkemengde etter aldersgrupper og geografisk område (D), i ulike scenarioer (alternativer), 2025-2050",Mellomalternativet MMM,Tåsen,Alder i alt,2028,8752
EliminatedValue,0,806,0,4,"BEF036: Befolkningsframskrivingen for Oslo 2025. Framskrevet folkemengde etter aldersgrupper og geografisk område (D), i ulike scenarioer (alternativer), 2025-2050",Mellomalternativet MMM,Tåsen,Alder i alt,2029,8781
EliminatedValue,0,806,0,5,"BEF036: Befolkningsframskrivingen for Oslo 2025. Framskrevet folkemengde etter aldersgrupper og geografisk område (D), i ulike scenarioer (alternativer), 2025-2050",Mellomalternativet MMM,Tåsen,Alder i alt,2030,8932
EliminatedValue,0,806,0,6,"BEF036: Befolkningsframskrivingen for Oslo 2025. Framskrevet folkemengde etter aldersgrupper og geografisk område (D), i ulike scenarioer (alternativer), 2025-2050",Mellomalternativet MMM,Tåsen,Alder i alt,2031,9104
EliminatedValue,0,806,0,7,"BEF036: Befolkningsframskrivingen for Oslo 2025. Framskrevet folkemengde etter aldersgrupper og geografisk område (D), i ulike scenarioer (alternativer), 2025-2050",Mellomalternativet MMM,Tåsen,Alder i alt,2032,9545
EliminatedValue,0,806,0,8,"BEF036: Befolkningsframskrivingen for Oslo 2025. Framskrevet folkemengde etter aldersgrupper og geografisk område (D), i ulike scenarioer (alternativer), 2025-2050",Mellomalternativet MMM,Tåsen,Alder i alt,2033,10074
EliminatedValue,0,806,0,9,"BEF036: Befolkningsframskrivingen for Oslo 2025. Framskrevet folkemengde etter aldersgrupper og geografisk område (D), i ulike scenarioer (alternativer), 2025-2050",Mellomalternativet MMM,Tåsen,Alder i alt,2034,10484
EliminatedValue,0,806,0,10,"BEF036: Befolkningsframskrivingen for Oslo 2025. Framskrevet folkemengde etter aldersgrupper og geografisk område (D), i ulike scenarioer (alternativer), 2025-2050",Mellomalternativet MMM,Tåsen,Alder i alt,2035,10806
EliminatedValue,0,806,0,11,"BEF036: Befolkningsframskrivingen for Oslo 2025. Framskrevet folkemengde etter aldersgrupper og geografisk område (D), i ulike scenarioer (alternativer), 2025-2050",Mellomalternativet MMM,Tåsen,Alder i alt,2036,11083
EliminatedValue,0,806,0,12,"BEF036: Befolkningsframskrivingen for Oslo 2025. Framskrevet folkemengde etter aldersgrupper og geografisk område (D), i ulike scenarioer (alternativer), 2025-2050",Mellomalternativet MMM,Tåsen,Alder i alt,2037,11268
EliminatedValue,0,806,0,13,"BEF036: Befolkningsframskrivingen for Oslo 2025. Framskrevet folkemengde etter aldersgrupper og geografisk område (D), i ulike scenarioer (alternativer), 2025-2050",Mellomalternativet MMM,Tåsen,Alder i alt,2038,11449
EliminatedValue,0,806,0,14,"BEF036: Befolkningsframskrivingen for Oslo 2025. Framskrevet folkemengde etter aldersgrupper og geografisk område (D), i ulike scenarioer (alternativer), 2025-2050",Mellomalternativet MMM,Tåsen,Alder i alt,2039,11629
EliminatedValue,0,806,0,15,"BEF036: Befolkningsframskrivingen for Oslo 2025. Framskrevet folkemengde etter aldersgrupper og geografisk område (D), i ulike scenarioer (alternativer), 2025-2050",Mellomalternativet MMM,Tåsen,Alder i alt,2040,11734
EliminatedValue,0,806,0,16,"BEF036: Befolkningsframskrivingen for Oslo 2025. Framskrevet folkemengde etter aldersgrupper og geografisk område (D), i ulike scenarioer (alternativer), 2025-2050",Mellomalternativet MMM,Tåsen,Alder i alt,2041,11781
EliminatedValue,0,806,0,17,"BEF036: Befolkningsframskrivingen for Oslo 2025. Framskrevet folkemengde etter aldersgrupper og geografisk område (D), i ulike scenarioer (alternativer), 2025-2050",Mellomalternativet MMM,Tåsen,Alder i alt,2042,11786
EliminatedValue,0,806,0,18,"BEF036: Befolkningsframskrivingen for Oslo 2025. Framskrevet folkemengde etter aldersgrupper og geografisk område (D), i ulike scenarioer (alternativer), 2025-2050",Mellomalternativet MMM,Tåsen,Alder i alt,2043,11783
EliminatedValue,0,806,0,19,"BEF036: Befolkningsframskrivingen for Oslo 2025. Framskrevet folkemengde etter aldersgrupper og geografisk område (D), i ulike scenarioer (alternativer), 2025-2050",Mellomalternativet MMM,Tåsen,Alder i alt,2044,11776
EliminatedValue,0,806,0,20,"BEF036: Befolkningsframskrivingen for Oslo 2025. Framskrevet folkemengde etter aldersgrupper og geografisk område (D), i ulike scenarioer (alternativer), 2025-2050",Mellomalternativet MMM,Tåsen,Alder i alt,2045,11777
EliminatedValue,0,806,0,21,"BEF036: Befolkningsframskrivingen for Oslo 2025. Framskrevet folkemengde etter aldersgrupper og geografisk område (D), i ulike scenarioer (alternativer), 2025-2050",Mellomalternativet MMM,Tåsen,Alder i alt,2046,11782
EliminatedValue,0,806,0,22,"BEF036: Befolkningsframskrivingen for Oslo 2025. Framskrevet folkemengde etter aldersgrupper og geografisk område (D), i ulike scenarioer (alternativer), 2025-2050",Mellomalternativet MMM,Tåsen,Alder i alt,2047,11787
EliminatedValue,0,806,0,23,"BEF036: Befolkningsframskrivingen for Oslo 2025. Framskrevet folkemengde etter aldersgrupper og geografisk område (D), i ulike scenarioer (alternativer), 2025-2050",Mellomalternativet MMM,Tåsen,Alder i alt,2048,11787
EliminatedValue,0,806,0,24,"BEF036: Befolkningsframskrivingen for Oslo 2025. Framskrevet folkemengde etter aldersgrupper og geografisk område (D), i ulike scenarioer (alternativer), 2025-2050",Mellomalternativet MMM,Tåsen,Alder i alt,2049,11785
EliminatedValue,0,806,0,25,"BEF036: Befolkningsframskrivingen for Oslo 2025. Framskrevet folkemengde etter aldersgrupper og geografisk område (D), i ulike scenarioer (alternativer), 2025-2050",Mellomalternativet MMM,Tåsen,Alder i alt,2050,11781
EliminatedValue,0,807,0,0,"BEF036: Befolkningsframskrivingen for Oslo 2025. Framskrevet folkemengde etter aldersgrupper og geografisk område (D), i ulike scenarioer (alternativer), 2025-2050",Mellomalternativet MMM,Nordberg,Alder i alt,2025,9605
EliminatedValue,0,807,0,1,"BEF036: Befolkningsframskrivingen for Oslo 2025. Framskrevet folkemengde etter aldersgrupper og geografisk område (D), i ulike scenarioer (alternativer), 2025-2050",Mellomalternativet MMM,Nordberg,Alder i alt,2026,9966
EliminatedValue,0,807,0,2,"BEF036: Befolkningsframskrivingen for Oslo 2025. Framskrevet folkemengde etter aldersgrupper og geografisk område (D), i ulike scenarioer (alternativer), 2025-2050",Mellomalternativet MMM,Nordberg,Alder i alt,2027,10051
EliminatedValue,0,807,0,3,"BEF036: Befolkningsframskrivingen for Oslo 2025. Framskrevet folkemengde etter aldersgrupper og geografisk område (D), i ulike scenarioer (alternativer), 2025-2050",Mellomalternativet MMM,Nordberg,Alder i alt,2028,10049
EliminatedValue,0,807,0,4,"BEF036: Befolkningsframskrivingen for Oslo 2025. Framskrevet folkemengde etter aldersgrupper og geografisk område (D), i ulike scenarioer (alternativer), 2025-2050",Mellomalternativet MMM,Nordberg,Alder i alt,2029,10064
EliminatedValue,0,807,0,5,"BEF036: Befolkningsframskrivingen for Oslo 2025. Framskrevet folkemengde etter aldersgrupper og geografisk område (D), i ulike scenarioer (alternativer), 2025-2050",Mellomalternativet MMM,Nordberg,Alder i alt,2030,10040
EliminatedValue,0,807,0,6,"BEF036: Befolkningsframskrivingen for Oslo 2025. Framskrevet folkemengde etter aldersgrupper og geografisk område (D), i ulike scenarioer (alternativer), 2025-2050",Mellomalternativet MMM,Nordberg,Alder i alt,2031,10031
EliminatedValue,0,807,0,7,"BEF036: Befolkningsframskrivingen for Oslo 2025. Framskrevet folkemengde etter aldersgrupper og geografisk område (D), i ulike scenarioer (alternativer), 2025-2050",Mellomalternativet MMM,Nordberg,Alder i alt,2032,10034
EliminatedValue,0,807,0,8,"BEF036: Befolkningsframskrivingen for Oslo 2025. Framskrevet folkemengde etter aldersgrupper og geografisk område (D), i ulike scenarioer (alternativer), 2025-2050",Mellomalternativet MMM,Nordberg,Alder i alt,2033,10035
EliminatedValue,0,807,0,9,"BEF036: Befolkningsframskrivingen for Oslo 2025. Framskrevet folkemengde etter aldersgrupper og geografisk område (D), i ulike scenarioer (alternativer), 2025-2050",Mellomalternativet MMM,Nordberg,Alder i alt,2034,10051
EliminatedValue,0,807,0,10,"BEF036: Befolkningsframskrivingen for Oslo 2025. Framskrevet folkemengde etter aldersgrupper og geografisk område (D), i ulike scenarioer (alternativer), 2025-2050",Mellomalternativet MMM,Nordberg,Alder i alt,2035,10075
EliminatedValue,0,807,0,11,"BEF036: Befolkningsframskrivingen for Oslo 2025. Framskrevet folkemengde etter aldersgrupper og geografisk område (D), i ulike scenarioer (alternativer), 2025-2050",Mellomalternativet MMM,Nordberg,Alder i alt,2036,10110
EliminatedValue,0,807,0,12,"BEF036: Befolkningsframskrivingen for Oslo 2025. Framskrevet folkemengde etter aldersgrupper og geografisk område (D), i ulike scenarioer (alternativer), 2025-2050",Mellomalternativet MMM,Nordberg,Alder i alt,2037,10153
EliminatedValue,0,807,0,13,"BEF036: Befolkningsframskrivingen for Oslo 2025. Framskrevet folkemengde etter aldersgrupper og geografisk område (D), i ulike scenarioer (alternativer), 2025-2050",Mellomalternativet MMM,Nordberg,Alder i alt,2038,10178
EliminatedValue,0,807,0,14,"BEF036: Befolkningsframskrivingen for Oslo 2025. Framskrevet folkemengde etter aldersgrupper og geografisk område (D), i ulike scenarioer (alternativer), 2025-2050",Mellomalternativet MMM,Nordberg,Alder i alt,2039,10176
EliminatedValue,0,807,0,15,"BEF036: Befolkningsframskrivingen for Oslo 2025. Framskrevet folkemengde etter aldersgrupper og geografisk område (D), i ulike scenarioer (alternativer), 2025-2050",Mellomalternativet MMM,Nordberg,Alder i alt,2040,10159
EliminatedValue,0,807,0,16,"BEF036: Befolkningsframskrivingen for Oslo 2025. Framskrevet folkemengde etter aldersgrupper og geografisk område (D), i ulike scenarioer (alternativer), 2025-2050",Mellomalternativet MMM,Nordberg,Alder i alt,2041,10140
EliminatedValue,0,807,0,17,"BEF036: Befolkningsframskrivingen for Oslo 2025. Framskrevet folkemengde etter aldersgrupper og geografisk område (D), i ulike scenarioer (alternativer), 2025-2050",Mellomalternativet MMM,Nordberg,Alder i alt,2042,10112
EliminatedValue,0,807,0,18,"BEF036: Befolkningsframskrivingen for Oslo 2025. Framskrevet folkemengde etter aldersgrupper og geografisk område (D), i ulike scenarioer (alternativer), 2025-2050",Mellomalternativet MMM,Nordberg,Alder i alt,2043,10085
EliminatedValue,0,807,0,19,"BEF036: Befolkningsframskrivingen for Oslo 2025. Framskrevet folkemengde etter aldersgrupper og geografisk område (D), i ulike scenarioer (alternativer), 2025-2050",Mellomalternativet MMM,Nordberg,Alder i alt,2044,10048
EliminatedValue,0,807,0,20,"BEF036: Befolkningsframskrivingen for Oslo 2025. Framskrevet folkemengde etter aldersgrupper og geografisk område (D), i ulike scenarioer (alternativer), 2025-2050",Mellomalternativet MMM,Nordberg,Alder i alt,2045,10014
EliminatedValue,0,807,0,21,"BEF036: Befolkningsframskrivingen for Oslo 2025. Framskrevet folkemengde etter aldersgrupper og geografisk område (D), i ulike scenarioer (alternativer), 2025-2050",Mellomalternativet MMM,Nordberg,Alder i alt,2046,9976
EliminatedValue,0,807,0,22,"BEF036: Befolkningsframskrivingen for Oslo 2025. Framskrevet folkemengde etter aldersgrupper og geografisk område (D), i ulike scenarioer (alternativer), 2025-2050",Mellomalternativet MMM,Nordberg,Alder i alt,2047,9937
EliminatedValue,0,807,0,23,"BEF036: Befolkningsframskrivingen for Oslo 2025. Framskrevet folkemengde etter aldersgrupper og geografisk område (D), i ulike scenarioer (alternativer), 2025-2050",Mellomalternativet MMM,Nordberg,Alder i alt,2048,9903
EliminatedValue,0,807,0,24,"BEF036: Befolkningsframskrivingen for Oslo 2025. Framskrevet folkemengde etter aldersgrupper og geografisk område (D), i ulike scenarioer (alternativer), 2025-2050",Mellomalternativet MMM,Nordberg,Alder i alt,2049,9872
EliminatedValue,0,807,0,25,"BEF036: Befolkningsframskrivingen for Oslo 2025. Framskrevet folkemengde etter aldersgrupper og geografisk område (D), i ulike scenarioer (alternativer), 2025-2050",Mellomalternativet MMM,Nordberg,Alder i alt,2050,9844
EliminatedValue,0,808,0,0,"BEF036: Befolkningsframskrivingen for Oslo 2025. Framskrevet folkemengde etter aldersgrupper og geografisk område (D), i ulike scenarioer (alternativer), 2025-2050",Mellomalternativet MMM,Ullevål hageby,Alder i alt,2025,7057
EliminatedValue,0,808,0,1,"BEF036: Befolkningsframskrivingen for Oslo 2025. Framskrevet folkemengde etter aldersgrupper og geografisk område (D), i ulike scenarioer (alternativer), 2025-2050",Mellomalternativet MMM,Ullevål hageby,Alder i alt,2026,7027
EliminatedValue,0,808,0,2,"BEF036: Befolkningsframskrivingen for Oslo 2025. Framskrevet folkemengde etter aldersgrupper og geografisk område (D), i ulike scenarioer (alternativer), 2025-2050",Mellomalternativet MMM,Ullevål hageby,Alder i alt,2027,7039
EliminatedValue,0,808,0,3,"BEF036: Befolkningsframskrivingen for Oslo 2025. Framskrevet folkemengde etter aldersgrupper og geografisk område (D), i ulike scenarioer (alternativer), 2025-2050",Mellomalternativet MMM,Ullevål hageby,Alder i alt,2028,7055
EliminatedValue,0,808,0,4,"BEF036: Befolkningsframskrivingen for Oslo 2025. Framskrevet folkemengde etter aldersgrupper og geografisk område (D), i ulike scenarioer (alternativer), 2025-2050",Mellomalternativet MMM,Ullevål hageby,Alder i alt,2029,7058
EliminatedValue,0,808,0,5,"BEF036: Befolkningsframskrivingen for Oslo 2025. Framskrevet folkemengde etter aldersgrupper og geografisk område (D), i ulike scenarioer (alternativer), 2025-2050",Mellomalternativet MMM,Ullevål hageby,Alder i alt,2030,7054
EliminatedValue,0,808,0,6,"BEF036: Befolkningsframskrivingen for Oslo 2025. Framskrevet folkemengde etter aldersgrupper og geografisk område (D), i ulike scenarioer (alternativer), 2025-2050",Mellomalternativet MMM,Ullevål hageby,Alder i alt,2031,7058
EliminatedValue,0,808,0,7,"BEF036: Befolkningsframskrivingen for Oslo 2025. Framskrevet folkemengde etter aldersgrupper og geografisk område (D), i ulike scenarioer (alternativer), 2025-2050",Mellomalternativet MMM,Ullevål hageby,Alder i alt,2032,7070
EliminatedValue,0,808,0,8,"BEF036: Befolkningsframskrivingen for Oslo 2025. Framskrevet folkemengde etter aldersgrupper og geografisk område (D), i ulike scenarioer (alternativer), 2025-2050",Mellomalternativet MMM,Ullevål hageby,Alder i alt,2033,7087
EliminatedValue,0,808,0,9,"BEF036: Befolkningsframskrivingen for Oslo 2025. Framskrevet folkemengde etter aldersgrupper og geografisk område (D), i ulike scenarioer (alternativer), 2025-2050",Mellomalternativet MMM,Ullevål hageby,Alder i alt,2034,7113
EliminatedValue,0,808,0,10,"BEF036: Befolkningsframskrivingen for Oslo 2025. Framskrevet folkemengde etter aldersgrupper og geografisk område (D), i ulike scenarioer (alternativer), 2025-2050",Mellomalternativet MMM,Ullevål hageby,Alder i alt,2035,7141
EliminatedValue,0,808,0,11,"BEF036: Befolkningsframskrivingen for Oslo 2025. Framskrevet folkemengde etter aldersgrupper og geografisk område (D), i ulike scenarioer (alternativer), 2025-2050",Mellomalternativet MMM,Ullevål hageby,Alder i alt,2036,7179
EliminatedValue,0,808,0,12,"BEF036: Befolkningsframskrivingen for Oslo 2025. Framskrevet folkemengde etter aldersgrupper og geografisk område (D), i ulike scenarioer (alternativer), 2025-2050",Mellomalternativet MMM,Ullevål hageby,Alder i alt,2037,7241
EliminatedValue,0,808,0,13,"BEF036: Befolkningsframskrivingen for Oslo 2025. Framskrevet folkemengde etter aldersgrupper og geografisk område (D), i ulike scenarioer (alternativer), 2025-2050",Mellomalternativet MMM,Ullevål hageby,Alder i alt,2038,7308
EliminatedValue,0,808,0,14,"BEF036: Befolkningsframskrivingen for Oslo 2025. Framskrevet folkemengde etter aldersgrupper og geografisk område (D), i ulike scenarioer (alternativer), 2025-2050",Mellomalternativet MMM,Ullevål hageby,Alder i alt,2039,7386
EliminatedValue,0,808,0,15,"BEF036: Befolkningsframskrivingen for Oslo 2025. Framskrevet folkemengde etter aldersgrupper og geografisk område (D), i ulike scenarioer (alternativer), 2025-2050",Mellomalternativet MMM,Ullevål hageby,Alder i alt,2040,7442
EliminatedValue,0,808,0,16,"BEF036: Befolkningsframskrivingen for Oslo 2025. Framskrevet folkemengde etter aldersgrupper og geografisk område (D), i ulike scenarioer (alternativer), 2025-2050",Mellomalternativet MMM,Ullevål hageby,Alder i alt,2041,7492
EliminatedValue,0,808,0,17,"BEF036: Befolkningsframskrivingen for Oslo 2025. Framskrevet folkemengde etter aldersgrupper og geografisk område (D), i ulike scenarioer (alternativer), 2025-2050",Mellomalternativet MMM,Ullevål hageby,Alder i alt,2042,7535
EliminatedValue,0,808,0,18,"BEF036: Befolkningsframskrivingen for Oslo 2025. Framskrevet folkemengde etter aldersgrupper og geografisk område (D), i ulike scenarioer (alternativer), 2025-2050",Mellomalternativet MMM,Ullevål hageby,Alder i alt,2043,7573
EliminatedValue,0,808,0,19,"BEF036: Befolkningsframskrivingen for Oslo 2025. Framskrevet folkemengde etter aldersgrupper og geografisk område (D), i ulike scenarioer (alternativer), 2025-2050",Mellomalternativet MMM,Ullevål hageby,Alder i alt,2044,7605
EliminatedValue,0,808,0,20,"BEF036: Befolkningsframskrivingen for Oslo 2025. Framskrevet folkemengde etter aldersgrupper og geografisk område (D), i ulike scenarioer (alternativer), 2025-2050",Mellomalternativet MMM,Ullevål hageby,Alder i alt,2045,7639
EliminatedValue,0,808,0,21,"BEF036: Befolkningsframskrivingen for Oslo 2025. Framskrevet folkemengde etter aldersgrupper og geografisk område (D), i ulike scenarioer (alternativer), 2025-2050",Mellomalternativet MMM,Ullevål hageby,Alder i alt,2046,7675
EliminatedValue,0,808,0,22,"BEF036: Befolkningsframskrivingen for Oslo 2025. Framskrevet folkemengde etter aldersgrupper og geografisk område (D), i ulike scenarioer (alternativer), 2025-2050",Mellomalternativet MMM,Ullevål hageby,Alder i alt,2047,7709
EliminatedValue,0,808,0,23,"BEF036: Befolkningsframskrivingen for Oslo 2025. Framskrevet folkemengde etter aldersgrupper og geografisk område (D), i ulike scenarioer (alternativer), 2025-2050",Mellomalternativet MMM,Ullevål hageby,Alder i alt,2048,7737
EliminatedValue,0,808,0,24,"BEF036: Befolkningsframskrivingen for Oslo 2025. Framskrevet folkemengde etter aldersgrupper og geografisk område (D), i ulike scenarioer (alternativer), 2025-2050",Mellomalternativet MMM,Ullevål hageby,Alder i alt,2049,7763
EliminatedValue,0,808,0,25,"BEF036: Befolkningsframskrivingen for Oslo 2025. Framskrevet folkemengde etter aldersgrupper og geografisk område (D), i ulike scenarioer (alternativer), 2025-2050",Mellomalternativet MMM,Ullevål hageby,Alder i alt,2050,7785
EliminatedValue,0,901,0,0,"BEF036: Befolkningsframskrivingen for Oslo 2025. Framskrevet folkemengde etter aldersgrupper og geografisk område (D), i ulike scenarioer (alternativer), 2025-2050",Mellomalternativet MMM,Veitvet,Alder i alt,2025,6650
EliminatedValue,0,901,0,1,"BEF036: Befolkningsframskrivingen for Oslo 2025. Framskrevet folkemengde etter aldersgrupper og geografisk område (D), i ulike scenarioer (alternativer), 2025-2050",Mellomalternativet MMM,Veitvet,Alder i alt,2026,6635
EliminatedValue,0,901,0,2,"BEF036: Befolkningsframskrivingen for Oslo 2025. Framskrevet folkemengde etter aldersgrupper og geografisk område (D), i ulike scenarioer (alternativer), 2025-2050",Mellomalternativet MMM,Veitvet,Alder i alt,2027,6632
EliminatedValue,0,901,0,3,"BEF036: Befolkningsframskrivingen for Oslo 2025. Framskrevet folkemengde etter aldersgrupper og geografisk område (D), i ulike scenarioer (alternativer), 2025-2050",Mellomalternativet MMM,Veitvet,Alder i alt,2028,6630
EliminatedValue,0,901,0,4,"BEF036: Befolkningsframskrivingen for Oslo 2025. Framskrevet folkemengde etter aldersgrupper og geografisk område (D), i ulike scenarioer (alternativer), 2025-2050",Mellomalternativet MMM,Veitvet,Alder i alt,2029,6624
EliminatedValue,0,901,0,5,"BEF036: Befolkningsframskrivingen for Oslo 2025. Framskrevet folkemengde etter aldersgrupper og geografisk område (D), i ulike scenarioer (alternativer), 2025-2050",Mellomalternativet MMM,Veitvet,Alder i alt,2030,6646
EliminatedValue,0,901,0,6,"BEF036: Befolkningsframskrivingen for Oslo 2025. Framskrevet folkemengde etter aldersgrupper og geografisk område (D), i ulike scenarioer (alternativer), 2025-2050",Mellomalternativet MMM,Veitvet,Alder i alt,2031,6664
EliminatedValue,0,901,0,7,"BEF036: Befolkningsframskrivingen for Oslo 2025. Framskrevet folkemengde etter aldersgrupper og geografisk område (D), i ulike scenarioer (alternativer), 2025-2050",Mellomalternativet MMM,Veitvet,Alder i alt,2032,6760
EliminatedValue,0,901,0,8,"BEF036: Befolkningsframskrivingen for Oslo 2025. Framskrevet folkemengde etter aldersgrupper og geografisk område (D), i ulike scenarioer (alternativer), 2025-2050",Mellomalternativet MMM,Veitvet,Alder i alt,2033,6886
EliminatedValue,0,901,0,9,"BEF036: Befolkningsframskrivingen for Oslo 2025. Framskrevet folkemengde etter aldersgrupper og geografisk område (D), i ulike scenarioer (alternativer), 2025-2050",Mellomalternativet MMM,Veitvet,Alder i alt,2034,6979
EliminatedValue,0,901,0,10,"BEF036: Befolkningsframskrivingen for Oslo 2025. Framskrevet folkemengde etter aldersgrupper og geografisk område (D), i ulike scenarioer (alternativer), 2025-2050",Mellomalternativet MMM,Veitvet,Alder i alt,2035,7049
EliminatedValue,0,901,0,11,"BEF036: Befolkningsframskrivingen for Oslo 2025. Framskrevet folkemengde etter aldersgrupper og geografisk område (D), i ulike scenarioer (alternativer), 2025-2050",Mellomalternativet MMM,Veitvet,Alder i alt,2036,7103
EliminatedValue,0,901,0,12,"BEF036: Befolkningsframskrivingen for Oslo 2025. Framskrevet folkemengde etter aldersgrupper og geografisk område (D), i ulike scenarioer (alternativer), 2025-2050",Mellomalternativet MMM,Veitvet,Alder i alt,2037,7123
EliminatedValue,0,901,0,13,"BEF036: Befolkningsframskrivingen for Oslo 2025. Framskrevet folkemengde etter aldersgrupper og geografisk område (D), i ulike scenarioer (alternativer), 2025-2050",Mellomalternativet MMM,Veitvet,Alder i alt,2038,7138
EliminatedValue,0,901,0,14,"BEF036: Befolkningsframskrivingen for Oslo 2025. Framskrevet folkemengde etter aldersgrupper og geografisk område (D), i ulike scenarioer (alternativer), 2025-2050",Mellomalternativet MMM,Veitvet,Alder i alt,2039,7146
EliminatedValue,0,901,0,15,"BEF036: Befolkningsframskrivingen for Oslo 2025. Framskrevet folkemengde etter aldersgrupper og geografisk område (D), i ulike scenarioer (alternativer), 2025-2050",Mellomalternativet MMM,Veitvet,Alder i alt,2040,7148
EliminatedValue,0,901,0,16,"BEF036: Befolkningsframskrivingen for Oslo 2025. Framskrevet folkemengde etter aldersgrupper og geografisk område (D), i ulike scenarioer (alternativer), 2025-2050",Mellomalternativet MMM,Veitvet,Alder i alt,2041,7137
EliminatedValue,0,901,0,17,"BEF036: Befolkningsframskrivingen for Oslo 2025. Framskrevet folkemengde etter aldersgrupper og geografisk område (D), i ulike scenarioer (alternativer), 2025-2050",Mellomalternativet MMM,Veitvet,Alder i alt,2042,7118
EliminatedValue,0,901,0,18,"BEF036: Befolkningsframskrivingen for Oslo 2025. Framskrevet folkemengde etter aldersgrupper og geografisk område (D), i ulike scenarioer (alternativer), 2025-2050",Mellomalternativet MMM,Veitvet,Alder i alt,2043,7100
EliminatedValue,0,901,0,19,"BEF036: Befolkningsframskrivingen for Oslo 2025. Framskrevet folkemengde etter aldersgrupper og geografisk område (D), i ulike scenarioer (alternativer), 2025-2050",Mellomalternativet MMM,Veitvet,Alder i alt,2044,7083
EliminatedValue,0,901,0,20,"BEF036: Befolkningsframskrivingen for Oslo 2025. Framskrevet folkemengde etter aldersgrupper og geografisk område (D), i ulike scenarioer (alternativer), 2025-2050",Mellomalternativet MMM,Veitvet,Alder i alt,2045,7066
EliminatedValue,0,901,0,21,"BEF036: Befolkningsframskrivingen for Oslo 2025. Framskrevet folkemengde etter aldersgrupper og geografisk område (D), i ulike scenarioer (alternativer), 2025-2050",Mellomalternativet MMM,Veitvet,Alder i alt,2046,7049
EliminatedValue,0,901,0,22,"BEF036: Befolkningsframskrivingen for Oslo 2025. Framskrevet folkemengde etter aldersgrupper og geografisk område (D), i ulike scenarioer (alternativer), 2025-2050",Mellomalternativet MMM,Veitvet,Alder i alt,2047,7031
EliminatedValue,0,901,0,23,"BEF036: Befolkningsframskrivingen for Oslo 2025. Framskrevet folkemengde etter aldersgrupper og geografisk område (D), i ulike scenarioer (alternativer), 2025-2050",Mellomalternativet MMM,Veitvet,Alder i alt,2048,7012
EliminatedValue,0,901,0,24,"BEF036: Befolkningsframskrivingen for Oslo 2025. Framskrevet folkemengde etter aldersgrupper og geografisk område (D), i ulike scenarioer (alternativer), 2025-2050",Mellomalternativet MMM,Veitvet,Alder i alt,2049,6990
EliminatedValue,0,901,0,25,"BEF036: Befolkningsframskrivingen for Oslo 2025. Framskrevet folkemengde etter aldersgrupper og geografisk område (D), i ulike scenarioer (alternativer), 2025-2050",Mellomalternativet MMM,Veitvet,Alder i alt,2050,6966
EliminatedValue,0,902,0,0,"BEF036: Befolkningsframskrivingen for Oslo 2025. Framskrevet folkemengde etter aldersgrupper og geografisk område (D), i ulike scenarioer (alternativer), 2025-2050",Mellomalternativet MMM,Linderud,Alder i alt,2025,8514
EliminatedValue,0,902,0,1,"BEF036: Befolkningsframskrivingen for Oslo 2025. Framskrevet folkemengde etter aldersgrupper og geografisk område (D), i ulike scenarioer (alternativer), 2025-2050",Mellomalternativet MMM,Linderud,Alder i alt,2026,8886
EliminatedValue,0,902,0,2,"BEF036: Befolkningsframskrivingen for Oslo 2025. Framskrevet folkemengde etter aldersgrupper og geografisk område (D), i ulike scenarioer (alternativer), 2025-2050",Mellomalternativet MMM,Linderud,Alder i alt,2027,8947
EliminatedValue,0,902,0,3,"BEF036: Befolkningsframskrivingen for Oslo 2025. Framskrevet folkemengde etter aldersgrupper og geografisk område (D), i ulike scenarioer (alternativer), 2025-2050",Mellomalternativet MMM,Linderud,Alder i alt,2028,9050
EliminatedValue,0,902,0,4,"BEF036: Befolkningsframskrivingen for Oslo 2025. Framskrevet folkemengde etter aldersgrupper og geografisk område (D), i ulike scenarioer (alternativer), 2025-2050",Mellomalternativet MMM,Linderud,Alder i alt,2029,9347
EliminatedValue,0,902,0,5,"BEF036: Befolkningsframskrivingen for Oslo 2025. Framskrevet folkemengde etter aldersgrupper og geografisk område (D), i ulike scenarioer (alternativer), 2025-2050",Mellomalternativet MMM,Linderud,Alder i alt,2030,9860
EliminatedValue,0,902,0,6,"BEF036: Befolkningsframskrivingen for Oslo 2025. Framskrevet folkemengde etter aldersgrupper og geografisk område (D), i ulike scenarioer (alternativer), 2025-2050",Mellomalternativet MMM,Linderud,Alder i alt,2031,10577
EliminatedValue,0,902,0,7,"BEF036: Befolkningsframskrivingen for Oslo 2025. Framskrevet folkemengde etter aldersgrupper og geografisk område (D), i ulike scenarioer (alternativer), 2025-2050",Mellomalternativet MMM,Linderud,Alder i alt,2032,11039
EliminatedValue,0,902,0,8,"BEF036: Befolkningsframskrivingen for Oslo 2025. Framskrevet folkemengde etter aldersgrupper og geografisk område (D), i ulike scenarioer (alternativer), 2025-2050",Mellomalternativet MMM,Linderud,Alder i alt,2033,11397
EliminatedValue,0,902,0,9,"BEF036: Befolkningsframskrivingen for Oslo 2025. Framskrevet folkemengde etter aldersgrupper og geografisk område (D), i ulike scenarioer (alternativer), 2025-2050",Mellomalternativet MMM,Linderud,Alder i alt,2034,11431
EliminatedValue,0,902,0,10,"BEF036: Befolkningsframskrivingen for Oslo 2025. Framskrevet folkemengde etter aldersgrupper og geografisk område (D), i ulike scenarioer (alternativer), 2025-2050",Mellomalternativet MMM,Linderud,Alder i alt,2035,11486
EliminatedValue,0,902,0,11,"BEF036: Befolkningsframskrivingen for Oslo 2025. Framskrevet folkemengde etter aldersgrupper og geografisk område (D), i ulike scenarioer (alternativer), 2025-2050",Mellomalternativet MMM,Linderud,Alder i alt,2036,11577
EliminatedValue,0,902,0,12,"BEF036: Befolkningsframskrivingen for Oslo 2025. Framskrevet folkemengde etter aldersgrupper og geografisk område (D), i ulike scenarioer (alternativer), 2025-2050",Mellomalternativet MMM,Linderud,Alder i alt,2037,11721
EliminatedValue,0,902,0,13,"BEF036: Befolkningsframskrivingen for Oslo 2025. Framskrevet folkemengde etter aldersgrupper og geografisk område (D), i ulike scenarioer (alternativer), 2025-2050",Mellomalternativet MMM,Linderud,Alder i alt,2038,11849
EliminatedValue,0,902,0,14,"BEF036: Befolkningsframskrivingen for Oslo 2025. Framskrevet folkemengde etter aldersgrupper og geografisk område (D), i ulike scenarioer (alternativer), 2025-2050",Mellomalternativet MMM,Linderud,Alder i alt,2039,11977
EliminatedValue,0,902,0,15,"BEF036: Befolkningsframskrivingen for Oslo 2025. Framskrevet folkemengde etter aldersgrupper og geografisk område (D), i ulike scenarioer (alternativer), 2025-2050",Mellomalternativet MMM,Linderud,Alder i alt,2040,12071
EliminatedValue,0,902,0,16,"BEF036: Befolkningsframskrivingen for Oslo 2025. Framskrevet folkemengde etter aldersgrupper og geografisk område (D), i ulike scenarioer (alternativer), 2025-2050",Mellomalternativet MMM,Linderud,Alder i alt,2041,12167
EliminatedValue,0,902,0,17,"BEF036: Befolkningsframskrivingen for Oslo 2025. Framskrevet folkemengde etter aldersgrupper og geografisk område (D), i ulike scenarioer (alternativer), 2025-2050",Mellomalternativet MMM,Linderud,Alder i alt,2042,12250
EliminatedValue,0,902,0,18,"BEF036: Befolkningsframskrivingen for Oslo 2025. Framskrevet folkemengde etter aldersgrupper og geografisk område (D), i ulike scenarioer (alternativer), 2025-2050",Mellomalternativet MMM,Linderud,Alder i alt,2043,12329
EliminatedValue,0,902,0,19,"BEF036: Befolkningsframskrivingen for Oslo 2025. Framskrevet folkemengde etter aldersgrupper og geografisk område (D), i ulike scenarioer (alternativer), 2025-2050",Mellomalternativet MMM,Linderud,Alder i alt,2044,12389
EliminatedValue,0,902,0,20,"BEF036: Befolkningsframskrivingen for Oslo 2025. Framskrevet folkemengde etter aldersgrupper og geografisk område (D), i ulike scenarioer (alternativer), 2025-2050",Mellomalternativet MMM,Linderud,Alder i alt,2045,12450
EliminatedValue,0,902,0,21,"BEF036: Befolkningsframskrivingen for Oslo 2025. Framskrevet folkemengde etter aldersgrupper og geografisk område (D), i ulike scenarioer (alternativer), 2025-2050",Mellomalternativet MMM,Linderud,Alder i alt,2046,12498
EliminatedValue,0,902,0,22,"BEF036: Befolkningsframskrivingen for Oslo 2025. Framskrevet folkemengde etter aldersgrupper og geografisk område (D), i ulike scenarioer (alternativer), 2025-2050",Mellomalternativet MMM,Linderud,Alder i alt,2047,12522
EliminatedValue,0,902,0,23,"BEF036: Befolkningsframskrivingen for Oslo 2025. Framskrevet folkemengde etter aldersgrupper og geografisk område (D), i ulike scenarioer (alternativer), 2025-2050",Mellomalternativet MMM,Linderud,Alder i alt,2048,12537
EliminatedValue,0,902,0,24,"BEF036: Befolkningsframskrivingen for Oslo 2025. Framskrevet folkemengde etter aldersgrupper og geografisk område (D), i ulike scenarioer (alternativer), 2025-2050",Mellomalternativet MMM,Linderud,Alder i alt,2049,12535
EliminatedValue,0,902,0,25,"BEF036: Befolkningsframskrivingen for Oslo 2025. Framskrevet folkemengde etter aldersgrupper og geografisk område (D), i ulike scenarioer (alternativer), 2025-2050",Mellomalternativet MMM,Linderud,Alder i alt,2050,12518
EliminatedValue,0,904,0,0,"BEF036: Befolkningsframskrivingen for Oslo 2025. Framskrevet folkemengde etter aldersgrupper og geografisk område (D), i ulike scenarioer (alternativer), 2025-2050",Mellomalternativet MMM,Årvoll,Alder i alt,2025,9160
EliminatedValue,0,904,0,1,"BEF036: Befolkningsframskrivingen for Oslo 2025. Framskrevet folkemengde etter aldersgrupper og geografisk område (D), i ulike scenarioer (alternativer), 2025-2050",Mellomalternativet MMM,Årvoll,Alder i alt,2026,9176
EliminatedValue,0,904,0,2,"BEF036: Befolkningsframskrivingen for Oslo 2025. Framskrevet folkemengde etter aldersgrupper og geografisk område (D), i ulike scenarioer (alternativer), 2025-2050",Mellomalternativet MMM,Årvoll,Alder i alt,2027,9200
EliminatedValue,0,904,0,3,"BEF036: Befolkningsframskrivingen for Oslo 2025. Framskrevet folkemengde etter aldersgrupper og geografisk område (D), i ulike scenarioer (alternativer), 2025-2050",Mellomalternativet MMM,Årvoll,Alder i alt,2028,9241
EliminatedValue,0,904,0,4,"BEF036: Befolkningsframskrivingen for Oslo 2025. Framskrevet folkemengde etter aldersgrupper og geografisk område (D), i ulike scenarioer (alternativer), 2025-2050",Mellomalternativet MMM,Årvoll,Alder i alt,2029,9283
EliminatedValue,0,904,0,5,"BEF036: Befolkningsframskrivingen for Oslo 2025. Framskrevet folkemengde etter aldersgrupper og geografisk område (D), i ulike scenarioer (alternativer), 2025-2050",Mellomalternativet MMM,Årvoll,Alder i alt,2030,9294
EliminatedValue,0,904,0,6,"BEF036: Befolkningsframskrivingen for Oslo 2025. Framskrevet folkemengde etter aldersgrupper og geografisk område (D), i ulike scenarioer (alternativer), 2025-2050",Mellomalternativet MMM,Årvoll,Alder i alt,2031,9324
EliminatedValue,0,904,0,7,"BEF036: Befolkningsframskrivingen for Oslo 2025. Framskrevet folkemengde etter aldersgrupper og geografisk område (D), i ulike scenarioer (alternativer), 2025-2050",Mellomalternativet MMM,Årvoll,Alder i alt,2032,9365
EliminatedValue,0,904,0,8,"BEF036: Befolkningsframskrivingen for Oslo 2025. Framskrevet folkemengde etter aldersgrupper og geografisk område (D), i ulike scenarioer (alternativer), 2025-2050",Mellomalternativet MMM,Årvoll,Alder i alt,2033,9413
EliminatedValue,0,904,0,9,"BEF036: Befolkningsframskrivingen for Oslo 2025. Framskrevet folkemengde etter aldersgrupper og geografisk område (D), i ulike scenarioer (alternativer), 2025-2050",Mellomalternativet MMM,Årvoll,Alder i alt,2034,9462
EliminatedValue,0,904,0,10,"BEF036: Befolkningsframskrivingen for Oslo 2025. Framskrevet folkemengde etter aldersgrupper og geografisk område (D), i ulike scenarioer (alternativer), 2025-2050",Mellomalternativet MMM,Årvoll,Alder i alt,2035,9510
EliminatedValue,0,904,0,11,"BEF036: Befolkningsframskrivingen for Oslo 2025. Framskrevet folkemengde etter aldersgrupper og geografisk område (D), i ulike scenarioer (alternativer), 2025-2050",Mellomalternativet MMM,Årvoll,Alder i alt,2036,9559
EliminatedValue,0,904,0,12,"BEF036: Befolkningsframskrivingen for Oslo 2025. Framskrevet folkemengde etter aldersgrupper og geografisk område (D), i ulike scenarioer (alternativer), 2025-2050",Mellomalternativet MMM,Årvoll,Alder i alt,2037,9593
EliminatedValue,0,904,0,13,"BEF036: Befolkningsframskrivingen for Oslo 2025. Framskrevet folkemengde etter aldersgrupper og geografisk område (D), i ulike scenarioer (alternativer), 2025-2050",Mellomalternativet MMM,Årvoll,Alder i alt,2038,9625
EliminatedValue,0,904,0,14,"BEF036: Befolkningsframskrivingen for Oslo 2025. Framskrevet folkemengde etter aldersgrupper og geografisk område (D), i ulike scenarioer (alternativer), 2025-2050",Mellomalternativet MMM,Årvoll,Alder i alt,2039,9655
EliminatedValue,0,904,0,15,"BEF036: Befolkningsframskrivingen for Oslo 2025. Framskrevet folkemengde etter aldersgrupper og geografisk område (D), i ulike scenarioer (alternativer), 2025-2050",Mellomalternativet MMM,Årvoll,Alder i alt,2040,9672
EliminatedValue,0,904,0,16,"BEF036: Befolkningsframskrivingen for Oslo 2025. Framskrevet folkemengde etter aldersgrupper og geografisk område (D), i ulike scenarioer (alternativer), 2025-2050",Mellomalternativet MMM,Årvoll,Alder i alt,2041,9686
EliminatedValue,0,904,0,17,"BEF036: Befolkningsframskrivingen for Oslo 2025. Framskrevet folkemengde etter aldersgrupper og geografisk område (D), i ulike scenarioer (alternativer), 2025-2050",Mellomalternativet MMM,Årvoll,Alder i alt,2042,9692
EliminatedValue,0,904,0,18,"BEF036: Befolkningsframskrivingen for Oslo 2025. Framskrevet folkemengde etter aldersgrupper og geografisk område (D), i ulike scenarioer (alternativer), 2025-2050",Mellomalternativet MMM,Årvoll,Alder i alt,2043,9698
EliminatedValue,0,904,0,19,"BEF036: Befolkningsframskrivingen for Oslo 2025. Framskrevet folkemengde etter aldersgrupper og geografisk område (D), i ulike scenarioer (alternativer), 2025-2050",Mellomalternativet MMM,Årvoll,Alder i alt,2044,9703
EliminatedValue,0,904,0,20,"BEF036: Befolkningsframskrivingen for Oslo 2025. Framskrevet folkemengde etter aldersgrupper og geografisk område (D), i ulike scenarioer (alternativer), 2025-2050",Mellomalternativet MMM,Årvoll,Alder i alt,2045,9705
EliminatedValue,0,904,0,21,"BEF036: Befolkningsframskrivingen for Oslo 2025. Framskrevet folkemengde etter aldersgrupper og geografisk område (D), i ulike scenarioer (alternativer), 2025-2050",Mellomalternativet MMM,Årvoll,Alder i alt,2046,9706
EliminatedValue,0,904,0,22,"BEF036: Befolkningsframskrivingen for Oslo 2025. Framskrevet folkemengde etter aldersgrupper og geografisk område (D), i ulike scenarioer (alternativer), 2025-2050",Mellomalternativet MMM,Årvoll,Alder i alt,2047,9703
EliminatedValue,0,904,0,23,"BEF036: Befolkningsframskrivingen for Oslo 2025. Framskrevet folkemengde etter aldersgrupper og geografisk område (D), i ulike scenarioer (alternativer), 2025-2050",Mellomalternativet MMM,Årvoll,Alder i alt,2048,9694
EliminatedValue,0,904,0,24,"BEF036: Befolkningsframskrivingen for Oslo 2025. Framskrevet folkemengde etter aldersgrupper og geografisk område (D), i ulike scenarioer (alternativer), 2025-2050",Mellomalternativet MMM,Årvoll,Alder i alt,2049,9680
EliminatedValue,0,904,0,25,"BEF036: Befolkningsframskrivingen for Oslo 2025. Framskrevet folkemengde etter aldersgrupper og geografisk område (D), i ulike scenarioer (alternativer), 2025-2050",Mellomalternativet MMM,Årvoll,Alder i alt,2050,9662
EliminatedValue,0,905,0,0,"BEF036: Befolkningsframskrivingen for Oslo 2025. Framskrevet folkemengde etter aldersgrupper og geografisk område (D), i ulike scenarioer (alternativer), 2025-2050",Mellomalternativet MMM,Refstad,Alder i alt,2025,7023
EliminatedValue,0,905,0,1,"BEF036: Befolkningsframskrivingen for Oslo 2025. Framskrevet folkemengde etter aldersgrupper og geografisk område (D), i ulike scenarioer (alternativer), 2025-2050",Mellomalternativet MMM,Refstad,Alder i alt,2026,6931
EliminatedValue,0,905,0,2,"BEF036: Befolkningsframskrivingen for Oslo 2025. Framskrevet folkemengde etter aldersgrupper og geografisk område (D), i ulike scenarioer (alternativer), 2025-2050",Mellomalternativet MMM,Refstad,Alder i alt,2027,6888
EliminatedValue,0,905,0,3,"BEF036: Befolkningsframskrivingen for Oslo 2025. Framskrevet folkemengde etter aldersgrupper og geografisk område (D), i ulike scenarioer (alternativer), 2025-2050",Mellomalternativet MMM,Refstad,Alder i alt,2028,6971
EliminatedValue,0,905,0,4,"BEF036: Befolkningsframskrivingen for Oslo 2025. Framskrevet folkemengde etter aldersgrupper og geografisk område (D), i ulike scenarioer (alternativer), 2025-2050",Mellomalternativet MMM,Refstad,Alder i alt,2029,7273
EliminatedValue,0,905,0,5,"BEF036: Befolkningsframskrivingen for Oslo 2025. Framskrevet folkemengde etter aldersgrupper og geografisk område (D), i ulike scenarioer (alternativer), 2025-2050",Mellomalternativet MMM,Refstad,Alder i alt,2030,7902
EliminatedValue,0,905,0,6,"BEF036: Befolkningsframskrivingen for Oslo 2025. Framskrevet folkemengde etter aldersgrupper og geografisk område (D), i ulike scenarioer (alternativer), 2025-2050",Mellomalternativet MMM,Refstad,Alder i alt,2031,8397
EliminatedValue,0,905,0,7,"BEF036: Befolkningsframskrivingen for Oslo 2025. Framskrevet folkemengde etter aldersgrupper og geografisk område (D), i ulike scenarioer (alternativer), 2025-2050",Mellomalternativet MMM,Refstad,Alder i alt,2032,8661
EliminatedValue,0,905,0,8,"BEF036: Befolkningsframskrivingen for Oslo 2025. Framskrevet folkemengde etter aldersgrupper og geografisk område (D), i ulike scenarioer (alternativer), 2025-2050",Mellomalternativet MMM,Refstad,Alder i alt,2033,8790
EliminatedValue,0,905,0,9,"BEF036: Befolkningsframskrivingen for Oslo 2025. Framskrevet folkemengde etter aldersgrupper og geografisk område (D), i ulike scenarioer (alternativer), 2025-2050",Mellomalternativet MMM,Refstad,Alder i alt,2034,9025
EliminatedValue,0,905,0,10,"BEF036: Befolkningsframskrivingen for Oslo 2025. Framskrevet folkemengde etter aldersgrupper og geografisk område (D), i ulike scenarioer (alternativer), 2025-2050",Mellomalternativet MMM,Refstad,Alder i alt,2035,9264
EliminatedValue,0,905,0,11,"BEF036: Befolkningsframskrivingen for Oslo 2025. Framskrevet folkemengde etter aldersgrupper og geografisk område (D), i ulike scenarioer (alternativer), 2025-2050",Mellomalternativet MMM,Refstad,Alder i alt,2036,9476
EliminatedValue,0,905,0,12,"BEF036: Befolkningsframskrivingen for Oslo 2025. Framskrevet folkemengde etter aldersgrupper og geografisk område (D), i ulike scenarioer (alternativer), 2025-2050",Mellomalternativet MMM,Refstad,Alder i alt,2037,9705
EliminatedValue,0,905,0,13,"BEF036: Befolkningsframskrivingen for Oslo 2025. Framskrevet folkemengde etter aldersgrupper og geografisk område (D), i ulike scenarioer (alternativer), 2025-2050",Mellomalternativet MMM,Refstad,Alder i alt,2038,9952
EliminatedValue,0,905,0,14,"BEF036: Befolkningsframskrivingen for Oslo 2025. Framskrevet folkemengde etter aldersgrupper og geografisk område (D), i ulike scenarioer (alternativer), 2025-2050",Mellomalternativet MMM,Refstad,Alder i alt,2039,10231
EliminatedValue,0,905,0,15,"BEF036: Befolkningsframskrivingen for Oslo 2025. Framskrevet folkemengde etter aldersgrupper og geografisk område (D), i ulike scenarioer (alternativer), 2025-2050",Mellomalternativet MMM,Refstad,Alder i alt,2040,10443
EliminatedValue,0,905,0,16,"BEF036: Befolkningsframskrivingen for Oslo 2025. Framskrevet folkemengde etter aldersgrupper og geografisk område (D), i ulike scenarioer (alternativer), 2025-2050",Mellomalternativet MMM,Refstad,Alder i alt,2041,10628
EliminatedValue,0,905,0,17,"BEF036: Befolkningsframskrivingen for Oslo 2025. Framskrevet folkemengde etter aldersgrupper og geografisk område (D), i ulike scenarioer (alternativer), 2025-2050",Mellomalternativet MMM,Refstad,Alder i alt,2042,10762
EliminatedValue,0,905,0,18,"BEF036: Befolkningsframskrivingen for Oslo 2025. Framskrevet folkemengde etter aldersgrupper og geografisk område (D), i ulike scenarioer (alternativer), 2025-2050",Mellomalternativet MMM,Refstad,Alder i alt,2043,10850
EliminatedValue,0,905,0,19,"BEF036: Befolkningsframskrivingen for Oslo 2025. Framskrevet folkemengde etter aldersgrupper og geografisk område (D), i ulike scenarioer (alternativer), 2025-2050",Mellomalternativet MMM,Refstad,Alder i alt,2044,10926
EliminatedValue,0,905,0,20,"BEF036: Befolkningsframskrivingen for Oslo 2025. Framskrevet folkemengde etter aldersgrupper og geografisk område (D), i ulike scenarioer (alternativer), 2025-2050",Mellomalternativet MMM,Refstad,Alder i alt,2045,11008
EliminatedValue,0,905,0,21,"BEF036: Befolkningsframskrivingen for Oslo 2025. Framskrevet folkemengde etter aldersgrupper og geografisk område (D), i ulike scenarioer (alternativer), 2025-2050",Mellomalternativet MMM,Refstad,Alder i alt,2046,11093
EliminatedValue,0,905,0,22,"BEF036: Befolkningsframskrivingen for Oslo 2025. Framskrevet folkemengde etter aldersgrupper og geografisk område (D), i ulike scenarioer (alternativer), 2025-2050",Mellomalternativet MMM,Refstad,Alder i alt,2047,11170
EliminatedValue,0,905,0,23,"BEF036: Befolkningsframskrivingen for Oslo 2025. Framskrevet folkemengde etter aldersgrupper og geografisk område (D), i ulike scenarioer (alternativer), 2025-2050",Mellomalternativet MMM,Refstad,Alder i alt,2048,11238
EliminatedValue,0,905,0,24,"BEF036: Befolkningsframskrivingen for Oslo 2025. Framskrevet folkemengde etter aldersgrupper og geografisk område (D), i ulike scenarioer (alternativer), 2025-2050",Mellomalternativet MMM,Refstad,Alder i alt,2049,11292
EliminatedValue,0,905,0,25,"BEF036: Befolkningsframskrivingen for Oslo 2025. Framskrevet folkemengde etter aldersgrupper og geografisk område (D), i ulike scenarioer (alternativer), 2025-2050",Mellomalternativet MMM,Refstad,Alder i alt,2050,11334
EliminatedValue,0,906,0,0,"BEF036: Befolkningsframskrivingen for Oslo 2025. Framskrevet folkemengde etter aldersgrupper og geografisk område (D), i ulike scenarioer (alternativer), 2025-2050",Mellomalternativet MMM,Ulven,Alder i alt,2025,5806
EliminatedValue,0,906,0,1,"BEF036: Befolkningsframskrivingen for Oslo 2025. Framskrevet folkemengde etter aldersgrupper og geografisk område (D), i ulike scenarioer (alternativer), 2025-2050",Mellomalternativet MMM,Ulven,Alder i alt,2026,5922
EliminatedValue,0,906,0,2,"BEF036: Befolkningsframskrivingen for Oslo 2025. Framskrevet folkemengde etter aldersgrupper og geografisk område (D), i ulike scenarioer (alternativer), 2025-2050",Mellomalternativet MMM,Ulven,Alder i alt,2027,6234
EliminatedValue,0,906,0,3,"BEF036: Befolkningsframskrivingen for Oslo 2025. Framskrevet folkemengde etter aldersgrupper og geografisk område (D), i ulike scenarioer (alternativer), 2025-2050",Mellomalternativet MMM,Ulven,Alder i alt,2028,6410
EliminatedValue,0,906,0,4,"BEF036: Befolkningsframskrivingen for Oslo 2025. Framskrevet folkemengde etter aldersgrupper og geografisk område (D), i ulike scenarioer (alternativer), 2025-2050",Mellomalternativet MMM,Ulven,Alder i alt,2029,6474
EliminatedValue,0,906,0,5,"BEF036: Befolkningsframskrivingen for Oslo 2025. Framskrevet folkemengde etter aldersgrupper og geografisk område (D), i ulike scenarioer (alternativer), 2025-2050",Mellomalternativet MMM,Ulven,Alder i alt,2030,6859
EliminatedValue,0,906,0,6,"BEF036: Befolkningsframskrivingen for Oslo 2025. Framskrevet folkemengde etter aldersgrupper og geografisk område (D), i ulike scenarioer (alternativer), 2025-2050",Mellomalternativet MMM,Ulven,Alder i alt,2031,7344
EliminatedValue,0,906,0,7,"BEF036: Befolkningsframskrivingen for Oslo 2025. Framskrevet folkemengde etter aldersgrupper og geografisk område (D), i ulike scenarioer (alternativer), 2025-2050",Mellomalternativet MMM,Ulven,Alder i alt,2032,8176
EliminatedValue,0,906,0,8,"BEF036: Befolkningsframskrivingen for Oslo 2025. Framskrevet folkemengde etter aldersgrupper og geografisk område (D), i ulike scenarioer (alternativer), 2025-2050",Mellomalternativet MMM,Ulven,Alder i alt,2033,9111
EliminatedValue,0,906,0,9,"BEF036: Befolkningsframskrivingen for Oslo 2025. Framskrevet folkemengde etter aldersgrupper og geografisk område (D), i ulike scenarioer (alternativer), 2025-2050",Mellomalternativet MMM,Ulven,Alder i alt,2034,9927
EliminatedValue,0,906,0,10,"BEF036: Befolkningsframskrivingen for Oslo 2025. Framskrevet folkemengde etter aldersgrupper og geografisk område (D), i ulike scenarioer (alternativer), 2025-2050",Mellomalternativet MMM,Ulven,Alder i alt,2035,10524
EliminatedValue,0,906,0,11,"BEF036: Befolkningsframskrivingen for Oslo 2025. Framskrevet folkemengde etter aldersgrupper og geografisk område (D), i ulike scenarioer (alternativer), 2025-2050",Mellomalternativet MMM,Ulven,Alder i alt,2036,11066
EliminatedValue,0,906,0,12,"BEF036: Befolkningsframskrivingen for Oslo 2025. Framskrevet folkemengde etter aldersgrupper og geografisk område (D), i ulike scenarioer (alternativer), 2025-2050",Mellomalternativet MMM,Ulven,Alder i alt,2037,11552
EliminatedValue,0,906,0,13,"BEF036: Befolkningsframskrivingen for Oslo 2025. Framskrevet folkemengde etter aldersgrupper og geografisk område (D), i ulike scenarioer (alternativer), 2025-2050",Mellomalternativet MMM,Ulven,Alder i alt,2038,11998
EliminatedValue,0,906,0,14,"BEF036: Befolkningsframskrivingen for Oslo 2025. Framskrevet folkemengde etter aldersgrupper og geografisk område (D), i ulike scenarioer (alternativer), 2025-2050",Mellomalternativet MMM,Ulven,Alder i alt,2039,12504
EliminatedValue,0,906,0,15,"BEF036: Befolkningsframskrivingen for Oslo 2025. Framskrevet folkemengde etter aldersgrupper og geografisk område (D), i ulike scenarioer (alternativer), 2025-2050",Mellomalternativet MMM,Ulven,Alder i alt,2040,12850
EliminatedValue,0,906,0,16,"BEF036: Befolkningsframskrivingen for Oslo 2025. Framskrevet folkemengde etter aldersgrupper og geografisk område (D), i ulike scenarioer (alternativer), 2025-2050",Mellomalternativet MMM,Ulven,Alder i alt,2041,13115
EliminatedValue,0,906,0,17,"BEF036: Befolkningsframskrivingen for Oslo 2025. Framskrevet folkemengde etter aldersgrupper og geografisk område (D), i ulike scenarioer (alternativer), 2025-2050",Mellomalternativet MMM,Ulven,Alder i alt,2042,13298
EliminatedValue,0,906,0,18,"BEF036: Befolkningsframskrivingen for Oslo 2025. Framskrevet folkemengde etter aldersgrupper og geografisk område (D), i ulike scenarioer (alternativer), 2025-2050",Mellomalternativet MMM,Ulven,Alder i alt,2043,13432
EliminatedValue,0,906,0,19,"BEF036: Befolkningsframskrivingen for Oslo 2025. Framskrevet folkemengde etter aldersgrupper og geografisk område (D), i ulike scenarioer (alternativer), 2025-2050",Mellomalternativet MMM,Ulven,Alder i alt,2044,13540
EliminatedValue,0,906,0,20,"BEF036: Befolkningsframskrivingen for Oslo 2025. Framskrevet folkemengde etter aldersgrupper og geografisk område (D), i ulike scenarioer (alternativer), 2025-2050",Mellomalternativet MMM,Ulven,Alder i alt,2045,13663
EliminatedValue,0,906,0,21,"BEF036: Befolkningsframskrivingen for Oslo 2025. Framskrevet folkemengde etter aldersgrupper og geografisk område (D), i ulike scenarioer (alternativer), 2025-2050",Mellomalternativet MMM,Ulven,Alder i alt,2046,13794
EliminatedValue,0,906,0,22,"BEF036: Befolkningsframskrivingen for Oslo 2025. Framskrevet folkemengde etter aldersgrupper og geografisk område (D), i ulike scenarioer (alternativer), 2025-2050",Mellomalternativet MMM,Ulven,Alder i alt,2047,13925
EliminatedValue,0,906,0,23,"BEF036: Befolkningsframskrivingen for Oslo 2025. Framskrevet folkemengde etter aldersgrupper og geografisk område (D), i ulike scenarioer (alternativer), 2025-2050",Mellomalternativet MMM,Ulven,Alder i alt,2048,14050
EliminatedValue,0,906,0,24,"BEF036: Befolkningsframskrivingen for Oslo 2025. Framskrevet folkemengde etter aldersgrupper og geografisk område (D), i ulike scenarioer (alternativer), 2025-2050",Mellomalternativet MMM,Ulven,Alder i alt,2049,14165
EliminatedValue,0,906,0,25,"BEF036: Befolkningsframskrivingen for Oslo 2025. Framskrevet folkemengde etter aldersgrupper og geografisk område (D), i ulike scenarioer (alternativer), 2025-2050",Mellomalternativet MMM,Ulven,Alder i alt,2050,14271
EliminatedValue,0,1001,0,0,"BEF036: Befolkningsframskrivingen for Oslo 2025. Framskrevet folkemengde etter aldersgrupper og geografisk område (D), i ulike scenarioer (alternativer), 2025-2050",Mellomalternativet MMM,Ammerud,Alder i alt,2025,7999
EliminatedValue,0,1001,0,1,"BEF036: Befolkningsframskrivingen for Oslo 2025. Framskrevet folkemengde etter aldersgrupper og geografisk område (D), i ulike scenarioer (alternativer), 2025-2050",Mellomalternativet MMM,Ammerud,Alder i alt,2026,7998
EliminatedValue,0,1001,0,2,"BEF036: Befolkningsframskrivingen for Oslo 2025. Framskrevet folkemengde etter aldersgrupper og geografisk område (D), i ulike scenarioer (alternativer), 2025-2050",Mellomalternativet MMM,Ammerud,Alder i alt,2027,8063
EliminatedValue,0,1001,0,3,"BEF036: Befolkningsframskrivingen for Oslo 2025. Framskrevet folkemengde etter aldersgrupper og geografisk område (D), i ulike scenarioer (alternativer), 2025-2050",Mellomalternativet MMM,Ammerud,Alder i alt,2028,8195
EliminatedValue,0,1001,0,4,"BEF036: Befolkningsframskrivingen for Oslo 2025. Framskrevet folkemengde etter aldersgrupper og geografisk område (D), i ulike scenarioer (alternativer), 2025-2050",Mellomalternativet MMM,Ammerud,Alder i alt,2029,8353
EliminatedValue,0,1001,0,5,"BEF036: Befolkningsframskrivingen for Oslo 2025. Framskrevet folkemengde etter aldersgrupper og geografisk område (D), i ulike scenarioer (alternativer), 2025-2050",Mellomalternativet MMM,Ammerud,Alder i alt,2030,8399
EliminatedValue,0,1001,0,6,"BEF036: Befolkningsframskrivingen for Oslo 2025. Framskrevet folkemengde etter aldersgrupper og geografisk område (D), i ulike scenarioer (alternativer), 2025-2050",Mellomalternativet MMM,Ammerud,Alder i alt,2031,8427
EliminatedValue,0,1001,0,7,"BEF036: Befolkningsframskrivingen for Oslo 2025. Framskrevet folkemengde etter aldersgrupper og geografisk område (D), i ulike scenarioer (alternativer), 2025-2050",Mellomalternativet MMM,Ammerud,Alder i alt,2032,8457
EliminatedValue,0,1001,0,8,"BEF036: Befolkningsframskrivingen for Oslo 2025. Framskrevet folkemengde etter aldersgrupper og geografisk område (D), i ulike scenarioer (alternativer), 2025-2050",Mellomalternativet MMM,Ammerud,Alder i alt,2033,8484
EliminatedValue,0,1001,0,9,"BEF036: Befolkningsframskrivingen for Oslo 2025. Framskrevet folkemengde etter aldersgrupper og geografisk område (D), i ulike scenarioer (alternativer), 2025-2050",Mellomalternativet MMM,Ammerud,Alder i alt,2034,8512
EliminatedValue,0,1001,0,10,"BEF036: Befolkningsframskrivingen for Oslo 2025. Framskrevet folkemengde etter aldersgrupper og geografisk område (D), i ulike scenarioer (alternativer), 2025-2050",Mellomalternativet MMM,Ammerud,Alder i alt,2035,8540
EliminatedValue,0,1001,0,11,"BEF036: Befolkningsframskrivingen for Oslo 2025. Framskrevet folkemengde etter aldersgrupper og geografisk område (D), i ulike scenarioer (alternativer), 2025-2050",Mellomalternativet MMM,Ammerud,Alder i alt,2036,8569
EliminatedValue,0,1001,0,12,"BEF036: Befolkningsframskrivingen for Oslo 2025. Framskrevet folkemengde etter aldersgrupper og geografisk område (D), i ulike scenarioer (alternativer), 2025-2050",Mellomalternativet MMM,Ammerud,Alder i alt,2037,8591
EliminatedValue,0,1001,0,13,"BEF036: Befolkningsframskrivingen for Oslo 2025. Framskrevet folkemengde etter aldersgrupper og geografisk område (D), i ulike scenarioer (alternativer), 2025-2050",Mellomalternativet MMM,Ammerud,Alder i alt,2038,8612
EliminatedValue,0,1001,0,14,"BEF036: Befolkningsframskrivingen for Oslo 2025. Framskrevet folkemengde etter aldersgrupper og geografisk område (D), i ulike scenarioer (alternativer), 2025-2050",Mellomalternativet MMM,Ammerud,Alder i alt,2039,8630
EliminatedValue,0,1001,0,15,"BEF036: Befolkningsframskrivingen for Oslo 2025. Framskrevet folkemengde etter aldersgrupper og geografisk område (D), i ulike scenarioer (alternativer), 2025-2050",Mellomalternativet MMM,Ammerud,Alder i alt,2040,8642
EliminatedValue,0,1001,0,16,"BEF036: Befolkningsframskrivingen for Oslo 2025. Framskrevet folkemengde etter aldersgrupper og geografisk område (D), i ulike scenarioer (alternativer), 2025-2050",Mellomalternativet MMM,Ammerud,Alder i alt,2041,8651
EliminatedValue,0,1001,0,17,"BEF036: Befolkningsframskrivingen for Oslo 2025. Framskrevet folkemengde etter aldersgrupper og geografisk område (D), i ulike scenarioer (alternativer), 2025-2050",Mellomalternativet MMM,Ammerud,Alder i alt,2042,8656
EliminatedValue,0,1001,0,18,"BEF036: Befolkningsframskrivingen for Oslo 2025. Framskrevet folkemengde etter aldersgrupper og geografisk område (D), i ulike scenarioer (alternativer), 2025-2050",Mellomalternativet MMM,Ammerud,Alder i alt,2043,8661
EliminatedValue,0,1001,0,19,"BEF036: Befolkningsframskrivingen for Oslo 2025. Framskrevet folkemengde etter aldersgrupper og geografisk område (D), i ulike scenarioer (alternativer), 2025-2050",Mellomalternativet MMM,Ammerud,Alder i alt,2044,8665
EliminatedValue,0,1001,0,20,"BEF036: Befolkningsframskrivingen for Oslo 2025. Framskrevet folkemengde etter aldersgrupper og geografisk område (D), i ulike scenarioer (alternativer), 2025-2050",Mellomalternativet MMM,Ammerud,Alder i alt,2045,8668
EliminatedValue,0,1001,0,21,"BEF036: Befolkningsframskrivingen for Oslo 2025. Framskrevet folkemengde etter aldersgrupper og geografisk område (D), i ulike scenarioer (alternativer), 2025-2050",Mellomalternativet MMM,Ammerud,Alder i alt,2046,8671
EliminatedValue,0,1001,0,22,"BEF036: Befolkningsframskrivingen for Oslo 2025. Framskrevet folkemengde etter aldersgrupper og geografisk område (D), i ulike scenarioer (alternativer), 2025-2050",Mellomalternativet MMM,Ammerud,Alder i alt,2047,8672
EliminatedValue,0,1001,0,23,"BEF036: Befolkningsframskrivingen for Oslo 2025. Framskrevet folkemengde etter aldersgrupper og geografisk område (D), i ulike scenarioer (alternativer), 2025-2050",Mellomalternativet MMM,Ammerud,Alder i alt,2048,8669
EliminatedValue,0,1001,0,24,"BEF036: Befolkningsframskrivingen for Oslo 2025. Framskrevet folkemengde etter aldersgrupper og geografisk område (D), i ulike scenarioer (alternativer), 2025-2050",Mellomalternativet MMM,Ammerud,Alder i alt,2049,8662
EliminatedValue,0,1001,0,25,"BEF036: Befolkningsframskrivingen for Oslo 2025. Framskrevet folkemengde etter aldersgrupper og geografisk område (D), i ulike scenarioer (alternativer), 2025-2050",Mellomalternativet MMM,Ammerud,Alder i alt,2050,8652
EliminatedValue,0,1002,0,0,"BEF036: Befolkningsframskrivingen for Oslo 2025. Framskrevet folkemengde etter aldersgrupper og geografisk område (D), i ulike scenarioer (alternativer), 2025-2050",Mellomalternativet MMM,Rødtvet,Alder i alt,2025,3678
EliminatedValue,0,1002,0,1,"BEF036: Befolkningsframskrivingen for Oslo 2025. Framskrevet folkemengde etter aldersgrupper og geografisk område (D), i ulike scenarioer (alternativer), 2025-2050",Mellomalternativet MMM,Rødtvet,Alder i alt,2026,3682
EliminatedValue,0,1002,0,2,"BEF036: Befolkningsframskrivingen for Oslo 2025. Framskrevet folkemengde etter aldersgrupper og geografisk område (D), i ulike scenarioer (alternativer), 2025-2050",Mellomalternativet MMM,Rødtvet,Alder i alt,2027,3686
EliminatedValue,0,1002,0,3,"BEF036: Befolkningsframskrivingen for Oslo 2025. Framskrevet folkemengde etter aldersgrupper og geografisk område (D), i ulike scenarioer (alternativer), 2025-2050",Mellomalternativet MMM,Rødtvet,Alder i alt,2028,3692
EliminatedValue,0,1002,0,4,"BEF036: Befolkningsframskrivingen for Oslo 2025. Framskrevet folkemengde etter aldersgrupper og geografisk område (D), i ulike scenarioer (alternativer), 2025-2050",Mellomalternativet MMM,Rødtvet,Alder i alt,2029,3697
EliminatedValue,0,1002,0,5,"BEF036: Befolkningsframskrivingen for Oslo 2025. Framskrevet folkemengde etter aldersgrupper og geografisk område (D), i ulike scenarioer (alternativer), 2025-2050",Mellomalternativet MMM,Rødtvet,Alder i alt,2030,3698
EliminatedValue,0,1002,0,6,"BEF036: Befolkningsframskrivingen for Oslo 2025. Framskrevet folkemengde etter aldersgrupper og geografisk område (D), i ulike scenarioer (alternativer), 2025-2050",Mellomalternativet MMM,Rødtvet,Alder i alt,2031,3700
EliminatedValue,0,1002,0,7,"BEF036: Befolkningsframskrivingen for Oslo 2025. Framskrevet folkemengde etter aldersgrupper og geografisk område (D), i ulike scenarioer (alternativer), 2025-2050",Mellomalternativet MMM,Rødtvet,Alder i alt,2032,3703
EliminatedValue,0,1002,0,8,"BEF036: Befolkningsframskrivingen for Oslo 2025. Framskrevet folkemengde etter aldersgrupper og geografisk område (D), i ulike scenarioer (alternativer), 2025-2050",Mellomalternativet MMM,Rødtvet,Alder i alt,2033,3718
EliminatedValue,0,1002,0,9,"BEF036: Befolkningsframskrivingen for Oslo 2025. Framskrevet folkemengde etter aldersgrupper og geografisk område (D), i ulike scenarioer (alternativer), 2025-2050",Mellomalternativet MMM,Rødtvet,Alder i alt,2034,3753
EliminatedValue,0,1002,0,10,"BEF036: Befolkningsframskrivingen for Oslo 2025. Framskrevet folkemengde etter aldersgrupper og geografisk område (D), i ulike scenarioer (alternativer), 2025-2050",Mellomalternativet MMM,Rødtvet,Alder i alt,2035,3793
EliminatedValue,0,1002,0,11,"BEF036: Befolkningsframskrivingen for Oslo 2025. Framskrevet folkemengde etter aldersgrupper og geografisk område (D), i ulike scenarioer (alternativer), 2025-2050",Mellomalternativet MMM,Rødtvet,Alder i alt,2036,3832
EliminatedValue,0,1002,0,12,"BEF036: Befolkningsframskrivingen for Oslo 2025. Framskrevet folkemengde etter aldersgrupper og geografisk område (D), i ulike scenarioer (alternativer), 2025-2050",Mellomalternativet MMM,Rødtvet,Alder i alt,2037,3861
EliminatedValue,0,1002,0,13,"BEF036: Befolkningsframskrivingen for Oslo 2025. Framskrevet folkemengde etter aldersgrupper og geografisk område (D), i ulike scenarioer (alternativer), 2025-2050",Mellomalternativet MMM,Rødtvet,Alder i alt,2038,3890
EliminatedValue,0,1002,0,14,"BEF036: Befolkningsframskrivingen for Oslo 2025. Framskrevet folkemengde etter aldersgrupper og geografisk område (D), i ulike scenarioer (alternativer), 2025-2050",Mellomalternativet MMM,Rødtvet,Alder i alt,2039,3916
EliminatedValue,0,1002,0,15,"BEF036: Befolkningsframskrivingen for Oslo 2025. Framskrevet folkemengde etter aldersgrupper og geografisk område (D), i ulike scenarioer (alternativer), 2025-2050",Mellomalternativet MMM,Rødtvet,Alder i alt,2040,3942
EliminatedValue,0,1002,0,16,"BEF036: Befolkningsframskrivingen for Oslo 2025. Framskrevet folkemengde etter aldersgrupper og geografisk område (D), i ulike scenarioer (alternativer), 2025-2050",Mellomalternativet MMM,Rødtvet,Alder i alt,2041,3967
EliminatedValue,0,1002,0,17,"BEF036: Befolkningsframskrivingen for Oslo 2025. Framskrevet folkemengde etter aldersgrupper og geografisk område (D), i ulike scenarioer (alternativer), 2025-2050",Mellomalternativet MMM,Rødtvet,Alder i alt,2042,3984
EliminatedValue,0,1002,0,18,"BEF036: Befolkningsframskrivingen for Oslo 2025. Framskrevet folkemengde etter aldersgrupper og geografisk område (D), i ulike scenarioer (alternativer), 2025-2050",Mellomalternativet MMM,Rødtvet,Alder i alt,2043,3995
EliminatedValue,0,1002,0,19,"BEF036: Befolkningsframskrivingen for Oslo 2025. Framskrevet folkemengde etter aldersgrupper og geografisk område (D), i ulike scenarioer (alternativer), 2025-2050",Mellomalternativet MMM,Rødtvet,Alder i alt,2044,4005
EliminatedValue,0,1002,0,20,"BEF036: Befolkningsframskrivingen for Oslo 2025. Framskrevet folkemengde etter aldersgrupper og geografisk område (D), i ulike scenarioer (alternativer), 2025-2050",Mellomalternativet MMM,Rødtvet,Alder i alt,2045,4015
EliminatedValue,0,1002,0,21,"BEF036: Befolkningsframskrivingen for Oslo 2025. Framskrevet folkemengde etter aldersgrupper og geografisk område (D), i ulike scenarioer (alternativer), 2025-2050",Mellomalternativet MMM,Rødtvet,Alder i alt,2046,4025
EliminatedValue,0,1002,0,22,"BEF036: Befolkningsframskrivingen for Oslo 2025. Framskrevet folkemengde etter aldersgrupper og geografisk område (D), i ulike scenarioer (alternativer), 2025-2050",Mellomalternativet MMM,Rødtvet,Alder i alt,2047,4034
EliminatedValue,0,1002,0,23,"BEF036: Befolkningsframskrivingen for Oslo 2025. Framskrevet folkemengde etter aldersgrupper og geografisk område (D), i ulike scenarioer (alternativer), 2025-2050",Mellomalternativet MMM,Rødtvet,Alder i alt,2048,4042
EliminatedValue,0,1002,0,24,"BEF036: Befolkningsframskrivingen for Oslo 2025. Framskrevet folkemengde etter aldersgrupper og geografisk område (D), i ulike scenarioer (alternativer), 2025-2050",Mellomalternativet MMM,Rødtvet,Alder i alt,2049,4050
EliminatedValue,0,1002,0,25,"BEF036: Befolkningsframskrivingen for Oslo 2025. Framskrevet folkemengde etter aldersgrupper og geografisk område (D), i ulike scenarioer (alternativer), 2025-2050",Mellomalternativet MMM,Rødtvet,Alder i alt,2050,4058
EliminatedValue,0,1003,0,0,"BEF036: Befolkningsframskrivingen for Oslo 2025. Framskrevet folkemengde etter aldersgrupper og geografisk område (D), i ulike scenarioer (alternativer), 2025-2050",Mellomalternativet MMM,Nordtvet,Alder i alt,2025,5535
EliminatedValue,0,1003,0,1,"BEF036: Befolkningsframskrivingen for Oslo 2025. Framskrevet folkemengde etter aldersgrupper og geografisk område (D), i ulike scenarioer (alternativer), 2025-2050",Mellomalternativet MMM,Nordtvet,Alder i alt,2026,5562
EliminatedValue,0,1003,0,2,"BEF036: Befolkningsframskrivingen for Oslo 2025. Framskrevet folkemengde etter aldersgrupper og geografisk område (D), i ulike scenarioer (alternativer), 2025-2050",Mellomalternativet MMM,Nordtvet,Alder i alt,2027,5593
EliminatedValue,0,1003,0,3,"BEF036: Befolkningsframskrivingen for Oslo 2025. Framskrevet folkemengde etter aldersgrupper og geografisk område (D), i ulike scenarioer (alternativer), 2025-2050",Mellomalternativet MMM,Nordtvet,Alder i alt,2028,5633
EliminatedValue,0,1003,0,4,"BEF036: Befolkningsframskrivingen for Oslo 2025. Framskrevet folkemengde etter aldersgrupper og geografisk område (D), i ulike scenarioer (alternativer), 2025-2050",Mellomalternativet MMM,Nordtvet,Alder i alt,2029,5689
EliminatedValue,0,1003,0,5,"BEF036: Befolkningsframskrivingen for Oslo 2025. Framskrevet folkemengde etter aldersgrupper og geografisk område (D), i ulike scenarioer (alternativer), 2025-2050",Mellomalternativet MMM,Nordtvet,Alder i alt,2030,5758
EliminatedValue,0,1003,0,6,"BEF036: Befolkningsframskrivingen for Oslo 2025. Framskrevet folkemengde etter aldersgrupper og geografisk område (D), i ulike scenarioer (alternativer), 2025-2050",Mellomalternativet MMM,Nordtvet,Alder i alt,2031,5812
EliminatedValue,0,1003,0,7,"BEF036: Befolkningsframskrivingen for Oslo 2025. Framskrevet folkemengde etter aldersgrupper og geografisk område (D), i ulike scenarioer (alternativer), 2025-2050",Mellomalternativet MMM,Nordtvet,Alder i alt,2032,5838
EliminatedValue,0,1003,0,8,"BEF036: Befolkningsframskrivingen for Oslo 2025. Framskrevet folkemengde etter aldersgrupper og geografisk område (D), i ulike scenarioer (alternativer), 2025-2050",Mellomalternativet MMM,Nordtvet,Alder i alt,2033,5852
EliminatedValue,0,1003,0,9,"BEF036: Befolkningsframskrivingen for Oslo 2025. Framskrevet folkemengde etter aldersgrupper og geografisk område (D), i ulike scenarioer (alternativer), 2025-2050",Mellomalternativet MMM,Nordtvet,Alder i alt,2034,5879
EliminatedValue,0,1003,0,10,"BEF036: Befolkningsframskrivingen for Oslo 2025. Framskrevet folkemengde etter aldersgrupper og geografisk område (D), i ulike scenarioer (alternativer), 2025-2050",Mellomalternativet MMM,Nordtvet,Alder i alt,2035,5909
EliminatedValue,0,1003,0,11,"BEF036: Befolkningsframskrivingen for Oslo 2025. Framskrevet folkemengde etter aldersgrupper og geografisk område (D), i ulike scenarioer (alternativer), 2025-2050",Mellomalternativet MMM,Nordtvet,Alder i alt,2036,5935
EliminatedValue,0,1003,0,12,"BEF036: Befolkningsframskrivingen for Oslo 2025. Framskrevet folkemengde etter aldersgrupper og geografisk område (D), i ulike scenarioer (alternativer), 2025-2050",Mellomalternativet MMM,Nordtvet,Alder i alt,2037,5956
EliminatedValue,0,1003,0,13,"BEF036: Befolkningsframskrivingen for Oslo 2025. Framskrevet folkemengde etter aldersgrupper og geografisk område (D), i ulike scenarioer (alternativer), 2025-2050",Mellomalternativet MMM,Nordtvet,Alder i alt,2038,5975
EliminatedValue,0,1003,0,14,"BEF036: Befolkningsframskrivingen for Oslo 2025. Framskrevet folkemengde etter aldersgrupper og geografisk område (D), i ulike scenarioer (alternativer), 2025-2050",Mellomalternativet MMM,Nordtvet,Alder i alt,2039,5993
EliminatedValue,0,1003,0,15,"BEF036: Befolkningsframskrivingen for Oslo 2025. Framskrevet folkemengde etter aldersgrupper og geografisk område (D), i ulike scenarioer (alternativer), 2025-2050",Mellomalternativet MMM,Nordtvet,Alder i alt,2040,6044
EliminatedValue,0,1003,0,16,"BEF036: Befolkningsframskrivingen for Oslo 2025. Framskrevet folkemengde etter aldersgrupper og geografisk område (D), i ulike scenarioer (alternativer), 2025-2050",Mellomalternativet MMM,Nordtvet,Alder i alt,2041,6119
EliminatedValue,0,1003,0,17,"BEF036: Befolkningsframskrivingen for Oslo 2025. Framskrevet folkemengde etter aldersgrupper og geografisk område (D), i ulike scenarioer (alternativer), 2025-2050",Mellomalternativet MMM,Nordtvet,Alder i alt,2042,6211
EliminatedValue,0,1003,0,18,"BEF036: Befolkningsframskrivingen for Oslo 2025. Framskrevet folkemengde etter aldersgrupper og geografisk område (D), i ulike scenarioer (alternativer), 2025-2050",Mellomalternativet MMM,Nordtvet,Alder i alt,2043,6311
EliminatedValue,0,1003,0,19,"BEF036: Befolkningsframskrivingen for Oslo 2025. Framskrevet folkemengde etter aldersgrupper og geografisk område (D), i ulike scenarioer (alternativer), 2025-2050",Mellomalternativet MMM,Nordtvet,Alder i alt,2044,6421
EliminatedValue,0,1003,0,20,"BEF036: Befolkningsframskrivingen for Oslo 2025. Framskrevet folkemengde etter aldersgrupper og geografisk område (D), i ulike scenarioer (alternativer), 2025-2050",Mellomalternativet MMM,Nordtvet,Alder i alt,2045,6525
EliminatedValue,0,1003,0,21,"BEF036: Befolkningsframskrivingen for Oslo 2025. Framskrevet folkemengde etter aldersgrupper og geografisk område (D), i ulike scenarioer (alternativer), 2025-2050",Mellomalternativet MMM,Nordtvet,Alder i alt,2046,6623
EliminatedValue,0,1003,0,22,"BEF036: Befolkningsframskrivingen for Oslo 2025. Framskrevet folkemengde etter aldersgrupper og geografisk område (D), i ulike scenarioer (alternativer), 2025-2050",Mellomalternativet MMM,Nordtvet,Alder i alt,2047,6712
EliminatedValue,0,1003,0,23,"BEF036: Befolkningsframskrivingen for Oslo 2025. Framskrevet folkemengde etter aldersgrupper og geografisk område (D), i ulike scenarioer (alternativer), 2025-2050",Mellomalternativet MMM,Nordtvet,Alder i alt,2048,6793
EliminatedValue,0,1003,0,24,"BEF036: Befolkningsframskrivingen for Oslo 2025. Framskrevet folkemengde etter aldersgrupper og geografisk område (D), i ulike scenarioer (alternativer), 2025-2050",Mellomalternativet MMM,Nordtvet,Alder i alt,2049,6863
EliminatedValue,0,1003,0,25,"BEF036: Befolkningsframskrivingen for Oslo 2025. Framskrevet folkemengde etter aldersgrupper og geografisk område (D), i ulike scenarioer (alternativer), 2025-2050",Mellomalternativet MMM,Nordtvet,Alder i alt,2050,6921
EliminatedValue,0,1004,0,0,"BEF036: Befolkningsframskrivingen for Oslo 2025. Framskrevet folkemengde etter aldersgrupper og geografisk område (D), i ulike scenarioer (alternativer), 2025-2050",Mellomalternativet MMM,Grorud,Alder i alt,2025,4322
EliminatedValue,0,1004,0,1,"BEF036: Befolkningsframskrivingen for Oslo 2025. Framskrevet folkemengde etter aldersgrupper og geografisk område (D), i ulike scenarioer (alternativer), 2025-2050",Mellomalternativet MMM,Grorud,Alder i alt,2026,4309
EliminatedValue,0,1004,0,2,"BEF036: Befolkningsframskrivingen for Oslo 2025. Framskrevet folkemengde etter aldersgrupper og geografisk område (D), i ulike scenarioer (alternativer), 2025-2050",Mellomalternativet MMM,Grorud,Alder i alt,2027,4296
EliminatedValue,0,1004,0,3,"BEF036: Befolkningsframskrivingen for Oslo 2025. Framskrevet folkemengde etter aldersgrupper og geografisk område (D), i ulike scenarioer (alternativer), 2025-2050",Mellomalternativet MMM,Grorud,Alder i alt,2028,4310
EliminatedValue,0,1004,0,4,"BEF036: Befolkningsframskrivingen for Oslo 2025. Framskrevet folkemengde etter aldersgrupper og geografisk område (D), i ulike scenarioer (alternativer), 2025-2050",Mellomalternativet MMM,Grorud,Alder i alt,2029,4321
EliminatedValue,0,1004,0,5,"BEF036: Befolkningsframskrivingen for Oslo 2025. Framskrevet folkemengde etter aldersgrupper og geografisk område (D), i ulike scenarioer (alternativer), 2025-2050",Mellomalternativet MMM,Grorud,Alder i alt,2030,4317
EliminatedValue,0,1004,0,6,"BEF036: Befolkningsframskrivingen for Oslo 2025. Framskrevet folkemengde etter aldersgrupper og geografisk område (D), i ulike scenarioer (alternativer), 2025-2050",Mellomalternativet MMM,Grorud,Alder i alt,2031,4313
EliminatedValue,0,1004,0,7,"BEF036: Befolkningsframskrivingen for Oslo 2025. Framskrevet folkemengde etter aldersgrupper og geografisk område (D), i ulike scenarioer (alternativer), 2025-2050",Mellomalternativet MMM,Grorud,Alder i alt,2032,4315
EliminatedValue,0,1004,0,8,"BEF036: Befolkningsframskrivingen for Oslo 2025. Framskrevet folkemengde etter aldersgrupper og geografisk område (D), i ulike scenarioer (alternativer), 2025-2050",Mellomalternativet MMM,Grorud,Alder i alt,2033,4319
EliminatedValue,0,1004,0,9,"BEF036: Befolkningsframskrivingen for Oslo 2025. Framskrevet folkemengde etter aldersgrupper og geografisk område (D), i ulike scenarioer (alternativer), 2025-2050",Mellomalternativet MMM,Grorud,Alder i alt,2034,4326
EliminatedValue,0,1004,0,10,"BEF036: Befolkningsframskrivingen for Oslo 2025. Framskrevet folkemengde etter aldersgrupper og geografisk område (D), i ulike scenarioer (alternativer), 2025-2050",Mellomalternativet MMM,Grorud,Alder i alt,2035,4336
EliminatedValue,0,1004,0,11,"BEF036: Befolkningsframskrivingen for Oslo 2025. Framskrevet folkemengde etter aldersgrupper og geografisk område (D), i ulike scenarioer (alternativer), 2025-2050",Mellomalternativet MMM,Grorud,Alder i alt,2036,4350
EliminatedValue,0,1004,0,12,"BEF036: Befolkningsframskrivingen for Oslo 2025. Framskrevet folkemengde etter aldersgrupper og geografisk område (D), i ulike scenarioer (alternativer), 2025-2050",Mellomalternativet MMM,Grorud,Alder i alt,2037,4375
EliminatedValue,0,1004,0,13,"BEF036: Befolkningsframskrivingen for Oslo 2025. Framskrevet folkemengde etter aldersgrupper og geografisk område (D), i ulike scenarioer (alternativer), 2025-2050",Mellomalternativet MMM,Grorud,Alder i alt,2038,4402
EliminatedValue,0,1004,0,14,"BEF036: Befolkningsframskrivingen for Oslo 2025. Framskrevet folkemengde etter aldersgrupper og geografisk område (D), i ulike scenarioer (alternativer), 2025-2050",Mellomalternativet MMM,Grorud,Alder i alt,2039,4432
EliminatedValue,0,1004,0,15,"BEF036: Befolkningsframskrivingen for Oslo 2025. Framskrevet folkemengde etter aldersgrupper og geografisk område (D), i ulike scenarioer (alternativer), 2025-2050",Mellomalternativet MMM,Grorud,Alder i alt,2040,4485
EliminatedValue,0,1004,0,16,"BEF036: Befolkningsframskrivingen for Oslo 2025. Framskrevet folkemengde etter aldersgrupper og geografisk område (D), i ulike scenarioer (alternativer), 2025-2050",Mellomalternativet MMM,Grorud,Alder i alt,2041,4556
EliminatedValue,0,1004,0,17,"BEF036: Befolkningsframskrivingen for Oslo 2025. Framskrevet folkemengde etter aldersgrupper og geografisk område (D), i ulike scenarioer (alternativer), 2025-2050",Mellomalternativet MMM,Grorud,Alder i alt,2042,4644
EliminatedValue,0,1004,0,18,"BEF036: Befolkningsframskrivingen for Oslo 2025. Framskrevet folkemengde etter aldersgrupper og geografisk område (D), i ulike scenarioer (alternativer), 2025-2050",Mellomalternativet MMM,Grorud,Alder i alt,2043,4741
EliminatedValue,0,1004,0,19,"BEF036: Befolkningsframskrivingen for Oslo 2025. Framskrevet folkemengde etter aldersgrupper og geografisk område (D), i ulike scenarioer (alternativer), 2025-2050",Mellomalternativet MMM,Grorud,Alder i alt,2044,4845
EliminatedValue,0,1004,0,20,"BEF036: Befolkningsframskrivingen for Oslo 2025. Framskrevet folkemengde etter aldersgrupper og geografisk område (D), i ulike scenarioer (alternativer), 2025-2050",Mellomalternativet MMM,Grorud,Alder i alt,2045,4945
EliminatedValue,0,1004,0,21,"BEF036: Befolkningsframskrivingen for Oslo 2025. Framskrevet folkemengde etter aldersgrupper og geografisk område (D), i ulike scenarioer (alternativer), 2025-2050",Mellomalternativet MMM,Grorud,Alder i alt,2046,5041
EliminatedValue,0,1004,0,22,"BEF036: Befolkningsframskrivingen for Oslo 2025. Framskrevet folkemengde etter aldersgrupper og geografisk område (D), i ulike scenarioer (alternativer), 2025-2050",Mellomalternativet MMM,Grorud,Alder i alt,2047,5130
EliminatedValue,0,1004,0,23,"BEF036: Befolkningsframskrivingen for Oslo 2025. Framskrevet folkemengde etter aldersgrupper og geografisk område (D), i ulike scenarioer (alternativer), 2025-2050",Mellomalternativet MMM,Grorud,Alder i alt,2048,5211
EliminatedValue,0,1004,0,24,"BEF036: Befolkningsframskrivingen for Oslo 2025. Framskrevet folkemengde etter aldersgrupper og geografisk område (D), i ulike scenarioer (alternativer), 2025-2050",Mellomalternativet MMM,Grorud,Alder i alt,2049,5283
EliminatedValue,0,1004,0,25,"BEF036: Befolkningsframskrivingen for Oslo 2025. Framskrevet folkemengde etter aldersgrupper og geografisk område (D), i ulike scenarioer (alternativer), 2025-2050",Mellomalternativet MMM,Grorud,Alder i alt,2050,5345
EliminatedValue,0,1005,0,0,"BEF036: Befolkningsframskrivingen for Oslo 2025. Framskrevet folkemengde etter aldersgrupper og geografisk område (D), i ulike scenarioer (alternativer), 2025-2050",Mellomalternativet MMM,Romsås,Alder i alt,2025,6794
EliminatedValue,0,1005,0,1,"BEF036: Befolkningsframskrivingen for Oslo 2025. Framskrevet folkemengde etter aldersgrupper og geografisk område (D), i ulike scenarioer (alternativer), 2025-2050",Mellomalternativet MMM,Romsås,Alder i alt,2026,6805
EliminatedValue,0,1005,0,2,"BEF036: Befolkningsframskrivingen for Oslo 2025. Framskrevet folkemengde etter aldersgrupper og geografisk område (D), i ulike scenarioer (alternativer), 2025-2050",Mellomalternativet MMM,Romsås,Alder i alt,2027,6832
EliminatedValue,0,1005,0,3,"BEF036: Befolkningsframskrivingen for Oslo 2025. Framskrevet folkemengde etter aldersgrupper og geografisk område (D), i ulike scenarioer (alternativer), 2025-2050",Mellomalternativet MMM,Romsås,Alder i alt,2028,6853
EliminatedValue,0,1005,0,4,"BEF036: Befolkningsframskrivingen for Oslo 2025. Framskrevet folkemengde etter aldersgrupper og geografisk område (D), i ulike scenarioer (alternativer), 2025-2050",Mellomalternativet MMM,Romsås,Alder i alt,2029,6868
EliminatedValue,0,1005,0,5,"BEF036: Befolkningsframskrivingen for Oslo 2025. Framskrevet folkemengde etter aldersgrupper og geografisk område (D), i ulike scenarioer (alternativer), 2025-2050",Mellomalternativet MMM,Romsås,Alder i alt,2030,6873
EliminatedValue,0,1005,0,6,"BEF036: Befolkningsframskrivingen for Oslo 2025. Framskrevet folkemengde etter aldersgrupper og geografisk område (D), i ulike scenarioer (alternativer), 2025-2050",Mellomalternativet MMM,Romsås,Alder i alt,2031,6875
EliminatedValue,0,1005,0,7,"BEF036: Befolkningsframskrivingen for Oslo 2025. Framskrevet folkemengde etter aldersgrupper og geografisk område (D), i ulike scenarioer (alternativer), 2025-2050",Mellomalternativet MMM,Romsås,Alder i alt,2032,6877
EliminatedValue,0,1005,0,8,"BEF036: Befolkningsframskrivingen for Oslo 2025. Framskrevet folkemengde etter aldersgrupper og geografisk område (D), i ulike scenarioer (alternativer), 2025-2050",Mellomalternativet MMM,Romsås,Alder i alt,2033,6878
EliminatedValue,0,1005,0,9,"BEF036: Befolkningsframskrivingen for Oslo 2025. Framskrevet folkemengde etter aldersgrupper og geografisk område (D), i ulike scenarioer (alternativer), 2025-2050",Mellomalternativet MMM,Romsås,Alder i alt,2034,6876
EliminatedValue,0,1005,0,10,"BEF036: Befolkningsframskrivingen for Oslo 2025. Framskrevet folkemengde etter aldersgrupper og geografisk område (D), i ulike scenarioer (alternativer), 2025-2050",Mellomalternativet MMM,Romsås,Alder i alt,2035,6874
EliminatedValue,0,1005,0,11,"BEF036: Befolkningsframskrivingen for Oslo 2025. Framskrevet folkemengde etter aldersgrupper og geografisk område (D), i ulike scenarioer (alternativer), 2025-2050",Mellomalternativet MMM,Romsås,Alder i alt,2036,6872
EliminatedValue,0,1005,0,12,"BEF036: Befolkningsframskrivingen for Oslo 2025. Framskrevet folkemengde etter aldersgrupper og geografisk område (D), i ulike scenarioer (alternativer), 2025-2050",Mellomalternativet MMM,Romsås,Alder i alt,2037,6869
EliminatedValue,0,1005,0,13,"BEF036: Befolkningsframskrivingen for Oslo 2025. Framskrevet folkemengde etter aldersgrupper og geografisk område (D), i ulike scenarioer (alternativer), 2025-2050",Mellomalternativet MMM,Romsås,Alder i alt,2038,6864
EliminatedValue,0,1005,0,14,"BEF036: Befolkningsframskrivingen for Oslo 2025. Framskrevet folkemengde etter aldersgrupper og geografisk område (D), i ulike scenarioer (alternativer), 2025-2050",Mellomalternativet MMM,Romsås,Alder i alt,2039,6859
EliminatedValue,0,1005,0,15,"BEF036: Befolkningsframskrivingen for Oslo 2025. Framskrevet folkemengde etter aldersgrupper og geografisk område (D), i ulike scenarioer (alternativer), 2025-2050",Mellomalternativet MMM,Romsås,Alder i alt,2040,6878
EliminatedValue,0,1005,0,16,"BEF036: Befolkningsframskrivingen for Oslo 2025. Framskrevet folkemengde etter aldersgrupper og geografisk område (D), i ulike scenarioer (alternativer), 2025-2050",Mellomalternativet MMM,Romsås,Alder i alt,2041,6914
EliminatedValue,0,1005,0,17,"BEF036: Befolkningsframskrivingen for Oslo 2025. Framskrevet folkemengde etter aldersgrupper og geografisk område (D), i ulike scenarioer (alternativer), 2025-2050",Mellomalternativet MMM,Romsås,Alder i alt,2042,6964
EliminatedValue,0,1005,0,18,"BEF036: Befolkningsframskrivingen for Oslo 2025. Framskrevet folkemengde etter aldersgrupper og geografisk område (D), i ulike scenarioer (alternativer), 2025-2050",Mellomalternativet MMM,Romsås,Alder i alt,2043,7024
EliminatedValue,0,1005,0,19,"BEF036: Befolkningsframskrivingen for Oslo 2025. Framskrevet folkemengde etter aldersgrupper og geografisk område (D), i ulike scenarioer (alternativer), 2025-2050",Mellomalternativet MMM,Romsås,Alder i alt,2044,7089
EliminatedValue,0,1005,0,20,"BEF036: Befolkningsframskrivingen for Oslo 2025. Framskrevet folkemengde etter aldersgrupper og geografisk område (D), i ulike scenarioer (alternativer), 2025-2050",Mellomalternativet MMM,Romsås,Alder i alt,2045,7151
EliminatedValue,0,1005,0,21,"BEF036: Befolkningsframskrivingen for Oslo 2025. Framskrevet folkemengde etter aldersgrupper og geografisk område (D), i ulike scenarioer (alternativer), 2025-2050",Mellomalternativet MMM,Romsås,Alder i alt,2046,7209
EliminatedValue,0,1005,0,22,"BEF036: Befolkningsframskrivingen for Oslo 2025. Framskrevet folkemengde etter aldersgrupper og geografisk område (D), i ulike scenarioer (alternativer), 2025-2050",Mellomalternativet MMM,Romsås,Alder i alt,2047,7252
EliminatedValue,0,1005,0,23,"BEF036: Befolkningsframskrivingen for Oslo 2025. Framskrevet folkemengde etter aldersgrupper og geografisk område (D), i ulike scenarioer (alternativer), 2025-2050",Mellomalternativet MMM,Romsås,Alder i alt,2048,7282
EliminatedValue,0,1005,0,24,"BEF036: Befolkningsframskrivingen for Oslo 2025. Framskrevet folkemengde etter aldersgrupper og geografisk område (D), i ulike scenarioer (alternativer), 2025-2050",Mellomalternativet MMM,Romsås,Alder i alt,2049,7294
EliminatedValue,0,1005,0,25,"BEF036: Befolkningsframskrivingen for Oslo 2025. Framskrevet folkemengde etter aldersgrupper og geografisk område (D), i ulike scenarioer (alternativer), 2025-2050",Mellomalternativet MMM,Romsås,Alder i alt,2050,7289
EliminatedValue,0,1101,0,0,"BEF036: Befolkningsframskrivingen for Oslo 2025. Framskrevet folkemengde etter aldersgrupper og geografisk område (D), i ulike scenarioer (alternativer), 2025-2050",Mellomalternativet MMM,Vestli,Alder i alt,2025,7319
EliminatedValue,0,1101,0,1,"BEF036: Befolkningsframskrivingen for Oslo 2025. Framskrevet folkemengde etter aldersgrupper og geografisk område (D), i ulike scenarioer (alternativer), 2025-2050",Mellomalternativet MMM,Vestli,Alder i alt,2026,7320
EliminatedValue,0,1101,0,2,"BEF036: Befolkningsframskrivingen for Oslo 2025. Framskrevet folkemengde etter aldersgrupper og geografisk område (D), i ulike scenarioer (alternativer), 2025-2050",Mellomalternativet MMM,Vestli,Alder i alt,2027,7328
EliminatedValue,0,1101,0,3,"BEF036: Befolkningsframskrivingen for Oslo 2025. Framskrevet folkemengde etter aldersgrupper og geografisk område (D), i ulike scenarioer (alternativer), 2025-2050",Mellomalternativet MMM,Vestli,Alder i alt,2028,7338
EliminatedValue,0,1101,0,4,"BEF036: Befolkningsframskrivingen for Oslo 2025. Framskrevet folkemengde etter aldersgrupper og geografisk område (D), i ulike scenarioer (alternativer), 2025-2050",Mellomalternativet MMM,Vestli,Alder i alt,2029,7344
EliminatedValue,0,1101,0,5,"BEF036: Befolkningsframskrivingen for Oslo 2025. Framskrevet folkemengde etter aldersgrupper og geografisk område (D), i ulike scenarioer (alternativer), 2025-2050",Mellomalternativet MMM,Vestli,Alder i alt,2030,7340
EliminatedValue,0,1101,0,6,"BEF036: Befolkningsframskrivingen for Oslo 2025. Framskrevet folkemengde etter aldersgrupper og geografisk område (D), i ulike scenarioer (alternativer), 2025-2050",Mellomalternativet MMM,Vestli,Alder i alt,2031,7334
EliminatedValue,0,1101,0,7,"BEF036: Befolkningsframskrivingen for Oslo 2025. Framskrevet folkemengde etter aldersgrupper og geografisk område (D), i ulike scenarioer (alternativer), 2025-2050",Mellomalternativet MMM,Vestli,Alder i alt,2032,7325
EliminatedValue,0,1101,0,8,"BEF036: Befolkningsframskrivingen for Oslo 2025. Framskrevet folkemengde etter aldersgrupper og geografisk område (D), i ulike scenarioer (alternativer), 2025-2050",Mellomalternativet MMM,Vestli,Alder i alt,2033,7354
EliminatedValue,0,1101,0,9,"BEF036: Befolkningsframskrivingen for Oslo 2025. Framskrevet folkemengde etter aldersgrupper og geografisk område (D), i ulike scenarioer (alternativer), 2025-2050",Mellomalternativet MMM,Vestli,Alder i alt,2034,7440
EliminatedValue,0,1101,0,10,"BEF036: Befolkningsframskrivingen for Oslo 2025. Framskrevet folkemengde etter aldersgrupper og geografisk område (D), i ulike scenarioer (alternativer), 2025-2050",Mellomalternativet MMM,Vestli,Alder i alt,2035,7537
EliminatedValue,0,1101,0,11,"BEF036: Befolkningsframskrivingen for Oslo 2025. Framskrevet folkemengde etter aldersgrupper og geografisk område (D), i ulike scenarioer (alternativer), 2025-2050",Mellomalternativet MMM,Vestli,Alder i alt,2036,7627
EliminatedValue,0,1101,0,12,"BEF036: Befolkningsframskrivingen for Oslo 2025. Framskrevet folkemengde etter aldersgrupper og geografisk område (D), i ulike scenarioer (alternativer), 2025-2050",Mellomalternativet MMM,Vestli,Alder i alt,2037,7691
EliminatedValue,0,1101,0,13,"BEF036: Befolkningsframskrivingen for Oslo 2025. Framskrevet folkemengde etter aldersgrupper og geografisk område (D), i ulike scenarioer (alternativer), 2025-2050",Mellomalternativet MMM,Vestli,Alder i alt,2038,7750
EliminatedValue,0,1101,0,14,"BEF036: Befolkningsframskrivingen for Oslo 2025. Framskrevet folkemengde etter aldersgrupper og geografisk område (D), i ulike scenarioer (alternativer), 2025-2050",Mellomalternativet MMM,Vestli,Alder i alt,2039,7807
EliminatedValue,0,1101,0,15,"BEF036: Befolkningsframskrivingen for Oslo 2025. Framskrevet folkemengde etter aldersgrupper og geografisk område (D), i ulike scenarioer (alternativer), 2025-2050",Mellomalternativet MMM,Vestli,Alder i alt,2040,7860
EliminatedValue,0,1101,0,16,"BEF036: Befolkningsframskrivingen for Oslo 2025. Framskrevet folkemengde etter aldersgrupper og geografisk område (D), i ulike scenarioer (alternativer), 2025-2050",Mellomalternativet MMM,Vestli,Alder i alt,2041,7910
EliminatedValue,0,1101,0,17,"BEF036: Befolkningsframskrivingen for Oslo 2025. Framskrevet folkemengde etter aldersgrupper og geografisk område (D), i ulike scenarioer (alternativer), 2025-2050",Mellomalternativet MMM,Vestli,Alder i alt,2042,7938
EliminatedValue,0,1101,0,18,"BEF036: Befolkningsframskrivingen for Oslo 2025. Framskrevet folkemengde etter aldersgrupper og geografisk område (D), i ulike scenarioer (alternativer), 2025-2050",Mellomalternativet MMM,Vestli,Alder i alt,2043,7946
EliminatedValue,0,1101,0,19,"BEF036: Befolkningsframskrivingen for Oslo 2025. Framskrevet folkemengde etter aldersgrupper og geografisk område (D), i ulike scenarioer (alternativer), 2025-2050",Mellomalternativet MMM,Vestli,Alder i alt,2044,7957
EliminatedValue,0,1101,0,20,"BEF036: Befolkningsframskrivingen for Oslo 2025. Framskrevet folkemengde etter aldersgrupper og geografisk område (D), i ulike scenarioer (alternativer), 2025-2050",Mellomalternativet MMM,Vestli,Alder i alt,2045,7970
EliminatedValue,0,1101,0,21,"BEF036: Befolkningsframskrivingen for Oslo 2025. Framskrevet folkemengde etter aldersgrupper og geografisk område (D), i ulike scenarioer (alternativer), 2025-2050",Mellomalternativet MMM,Vestli,Alder i alt,2046,7984
EliminatedValue,0,1101,0,22,"BEF036: Befolkningsframskrivingen for Oslo 2025. Framskrevet folkemengde etter aldersgrupper og geografisk område (D), i ulike scenarioer (alternativer), 2025-2050",Mellomalternativet MMM,Vestli,Alder i alt,2047,7997
EliminatedValue,0,1101,0,23,"BEF036: Befolkningsframskrivingen for Oslo 2025. Framskrevet folkemengde etter aldersgrupper og geografisk område (D), i ulike scenarioer (alternativer), 2025-2050",Mellomalternativet MMM,Vestli,Alder i alt,2048,8011
EliminatedValue,0,1101,0,24,"BEF036: Befolkningsframskrivingen for Oslo 2025. Framskrevet folkemengde etter aldersgrupper og geografisk område (D), i ulike scenarioer (alternativer), 2025-2050",Mellomalternativet MMM,Vestli,Alder i alt,2049,8022
EliminatedValue,0,1101,0,25,"BEF036: Befolkningsframskrivingen for Oslo 2025. Framskrevet folkemengde etter aldersgrupper og geografisk område (D), i ulike scenarioer (alternativer), 2025-2050",Mellomalternativet MMM,Vestli,Alder i alt,2050,8032
EliminatedValue,0,1102,0,0,"BEF036: Befolkningsframskrivingen for Oslo 2025. Framskrevet folkemengde etter aldersgrupper og geografisk område (D), i ulike scenarioer (alternativer), 2025-2050",Mellomalternativet MMM,Fossum,Alder i alt,2025,5454
EliminatedValue,0,1102,0,1,"BEF036: Befolkningsframskrivingen for Oslo 2025. Framskrevet folkemengde etter aldersgrupper og geografisk område (D), i ulike scenarioer (alternativer), 2025-2050",Mellomalternativet MMM,Fossum,Alder i alt,2026,5452
EliminatedValue,0,1102,0,2,"BEF036: Befolkningsframskrivingen for Oslo 2025. Framskrevet folkemengde etter aldersgrupper og geografisk område (D), i ulike scenarioer (alternativer), 2025-2050",Mellomalternativet MMM,Fossum,Alder i alt,2027,5465
EliminatedValue,0,1102,0,3,"BEF036: Befolkningsframskrivingen for Oslo 2025. Framskrevet folkemengde etter aldersgrupper og geografisk område (D), i ulike scenarioer (alternativer), 2025-2050",Mellomalternativet MMM,Fossum,Alder i alt,2028,5476
EliminatedValue,0,1102,0,4,"BEF036: Befolkningsframskrivingen for Oslo 2025. Framskrevet folkemengde etter aldersgrupper og geografisk område (D), i ulike scenarioer (alternativer), 2025-2050",Mellomalternativet MMM,Fossum,Alder i alt,2029,5481
EliminatedValue,0,1102,0,5,"BEF036: Befolkningsframskrivingen for Oslo 2025. Framskrevet folkemengde etter aldersgrupper og geografisk område (D), i ulike scenarioer (alternativer), 2025-2050",Mellomalternativet MMM,Fossum,Alder i alt,2030,5473
EliminatedValue,0,1102,0,6,"BEF036: Befolkningsframskrivingen for Oslo 2025. Framskrevet folkemengde etter aldersgrupper og geografisk område (D), i ulike scenarioer (alternativer), 2025-2050",Mellomalternativet MMM,Fossum,Alder i alt,2031,5465
EliminatedValue,0,1102,0,7,"BEF036: Befolkningsframskrivingen for Oslo 2025. Framskrevet folkemengde etter aldersgrupper og geografisk område (D), i ulike scenarioer (alternativer), 2025-2050",Mellomalternativet MMM,Fossum,Alder i alt,2032,5459
EliminatedValue,0,1102,0,8,"BEF036: Befolkningsframskrivingen for Oslo 2025. Framskrevet folkemengde etter aldersgrupper og geografisk område (D), i ulike scenarioer (alternativer), 2025-2050",Mellomalternativet MMM,Fossum,Alder i alt,2033,5453
EliminatedValue,0,1102,0,9,"BEF036: Befolkningsframskrivingen for Oslo 2025. Framskrevet folkemengde etter aldersgrupper og geografisk område (D), i ulike scenarioer (alternativer), 2025-2050",Mellomalternativet MMM,Fossum,Alder i alt,2034,5447
EliminatedValue,0,1102,0,10,"BEF036: Befolkningsframskrivingen for Oslo 2025. Framskrevet folkemengde etter aldersgrupper og geografisk område (D), i ulike scenarioer (alternativer), 2025-2050",Mellomalternativet MMM,Fossum,Alder i alt,2035,5441
EliminatedValue,0,1102,0,11,"BEF036: Befolkningsframskrivingen for Oslo 2025. Framskrevet folkemengde etter aldersgrupper og geografisk område (D), i ulike scenarioer (alternativer), 2025-2050",Mellomalternativet MMM,Fossum,Alder i alt,2036,5435
EliminatedValue,0,1102,0,12,"BEF036: Befolkningsframskrivingen for Oslo 2025. Framskrevet folkemengde etter aldersgrupper og geografisk område (D), i ulike scenarioer (alternativer), 2025-2050",Mellomalternativet MMM,Fossum,Alder i alt,2037,5429
EliminatedValue,0,1102,0,13,"BEF036: Befolkningsframskrivingen for Oslo 2025. Framskrevet folkemengde etter aldersgrupper og geografisk område (D), i ulike scenarioer (alternativer), 2025-2050",Mellomalternativet MMM,Fossum,Alder i alt,2038,5421
EliminatedValue,0,1102,0,14,"BEF036: Befolkningsframskrivingen for Oslo 2025. Framskrevet folkemengde etter aldersgrupper og geografisk område (D), i ulike scenarioer (alternativer), 2025-2050",Mellomalternativet MMM,Fossum,Alder i alt,2039,5413
EliminatedValue,0,1102,0,15,"BEF036: Befolkningsframskrivingen for Oslo 2025. Framskrevet folkemengde etter aldersgrupper og geografisk område (D), i ulike scenarioer (alternativer), 2025-2050",Mellomalternativet MMM,Fossum,Alder i alt,2040,5403
EliminatedValue,0,1102,0,16,"BEF036: Befolkningsframskrivingen for Oslo 2025. Framskrevet folkemengde etter aldersgrupper og geografisk område (D), i ulike scenarioer (alternativer), 2025-2050",Mellomalternativet MMM,Fossum,Alder i alt,2041,5391
EliminatedValue,0,1102,0,17,"BEF036: Befolkningsframskrivingen for Oslo 2025. Framskrevet folkemengde etter aldersgrupper og geografisk område (D), i ulike scenarioer (alternativer), 2025-2050",Mellomalternativet MMM,Fossum,Alder i alt,2042,5379
EliminatedValue,0,1102,0,18,"BEF036: Befolkningsframskrivingen for Oslo 2025. Framskrevet folkemengde etter aldersgrupper og geografisk område (D), i ulike scenarioer (alternativer), 2025-2050",Mellomalternativet MMM,Fossum,Alder i alt,2043,5367
EliminatedValue,0,1102,0,19,"BEF036: Befolkningsframskrivingen for Oslo 2025. Framskrevet folkemengde etter aldersgrupper og geografisk område (D), i ulike scenarioer (alternativer), 2025-2050",Mellomalternativet MMM,Fossum,Alder i alt,2044,5353
EliminatedValue,0,1102,0,20,"BEF036: Befolkningsframskrivingen for Oslo 2025. Framskrevet folkemengde etter aldersgrupper og geografisk område (D), i ulike scenarioer (alternativer), 2025-2050",Mellomalternativet MMM,Fossum,Alder i alt,2045,5340
EliminatedValue,0,1102,0,21,"BEF036: Befolkningsframskrivingen for Oslo 2025. Framskrevet folkemengde etter aldersgrupper og geografisk område (D), i ulike scenarioer (alternativer), 2025-2050",Mellomalternativet MMM,Fossum,Alder i alt,2046,5326
EliminatedValue,0,1102,0,22,"BEF036: Befolkningsframskrivingen for Oslo 2025. Framskrevet folkemengde etter aldersgrupper og geografisk område (D), i ulike scenarioer (alternativer), 2025-2050",Mellomalternativet MMM,Fossum,Alder i alt,2047,5311
EliminatedValue,0,1102,0,23,"BEF036: Befolkningsframskrivingen for Oslo 2025. Framskrevet folkemengde etter aldersgrupper og geografisk område (D), i ulike scenarioer (alternativer), 2025-2050",Mellomalternativet MMM,Fossum,Alder i alt,2048,5294
EliminatedValue,0,1102,0,24,"BEF036: Befolkningsframskrivingen for Oslo 2025. Framskrevet folkemengde etter aldersgrupper og geografisk område (D), i ulike scenarioer (alternativer), 2025-2050",Mellomalternativet MMM,Fossum,Alder i alt,2049,5276
EliminatedValue,0,1102,0,25,"BEF036: Befolkningsframskrivingen for Oslo 2025. Framskrevet folkemengde etter aldersgrupper og geografisk område (D), i ulike scenarioer (alternativer), 2025-2050",Mellomalternativet MMM,Fossum,Alder i alt,2050,5256
EliminatedValue,0,1103,0,0,"BEF036: Befolkningsframskrivingen for Oslo 2025. Framskrevet folkemengde etter aldersgrupper og geografisk område (D), i ulike scenarioer (alternativer), 2025-2050",Mellomalternativet MMM,Rommen,Alder i alt,2025,3625
EliminatedValue,0,1103,0,1,"BEF036: Befolkningsframskrivingen for Oslo 2025. Framskrevet folkemengde etter aldersgrupper og geografisk område (D), i ulike scenarioer (alternativer), 2025-2050",Mellomalternativet MMM,Rommen,Alder i alt,2026,3634
EliminatedValue,0,1103,0,2,"BEF036: Befolkningsframskrivingen for Oslo 2025. Framskrevet folkemengde etter aldersgrupper og geografisk område (D), i ulike scenarioer (alternativer), 2025-2050",Mellomalternativet MMM,Rommen,Alder i alt,2027,3642
EliminatedValue,0,1103,0,3,"BEF036: Befolkningsframskrivingen for Oslo 2025. Framskrevet folkemengde etter aldersgrupper og geografisk område (D), i ulike scenarioer (alternativer), 2025-2050",Mellomalternativet MMM,Rommen,Alder i alt,2028,3687
EliminatedValue,0,1103,0,4,"BEF036: Befolkningsframskrivingen for Oslo 2025. Framskrevet folkemengde etter aldersgrupper og geografisk område (D), i ulike scenarioer (alternativer), 2025-2050",Mellomalternativet MMM,Rommen,Alder i alt,2029,3821
EliminatedValue,0,1103,0,5,"BEF036: Befolkningsframskrivingen for Oslo 2025. Framskrevet folkemengde etter aldersgrupper og geografisk område (D), i ulike scenarioer (alternativer), 2025-2050",Mellomalternativet MMM,Rommen,Alder i alt,2030,4099
EliminatedValue,0,1103,0,6,"BEF036: Befolkningsframskrivingen for Oslo 2025. Framskrevet folkemengde etter aldersgrupper og geografisk område (D), i ulike scenarioer (alternativer), 2025-2050",Mellomalternativet MMM,Rommen,Alder i alt,2031,4324
EliminatedValue,0,1103,0,7,"BEF036: Befolkningsframskrivingen for Oslo 2025. Framskrevet folkemengde etter aldersgrupper og geografisk område (D), i ulike scenarioer (alternativer), 2025-2050",Mellomalternativet MMM,Rommen,Alder i alt,2032,4420
EliminatedValue,0,1103,0,8,"BEF036: Befolkningsframskrivingen for Oslo 2025. Framskrevet folkemengde etter aldersgrupper og geografisk område (D), i ulike scenarioer (alternativer), 2025-2050",Mellomalternativet MMM,Rommen,Alder i alt,2033,4526
EliminatedValue,0,1103,0,9,"BEF036: Befolkningsframskrivingen for Oslo 2025. Framskrevet folkemengde etter aldersgrupper og geografisk område (D), i ulike scenarioer (alternativer), 2025-2050",Mellomalternativet MMM,Rommen,Alder i alt,2034,4800
EliminatedValue,0,1103,0,10,"BEF036: Befolkningsframskrivingen for Oslo 2025. Framskrevet folkemengde etter aldersgrupper og geografisk område (D), i ulike scenarioer (alternativer), 2025-2050",Mellomalternativet MMM,Rommen,Alder i alt,2035,5108
EliminatedValue,0,1103,0,11,"BEF036: Befolkningsframskrivingen for Oslo 2025. Framskrevet folkemengde etter aldersgrupper og geografisk område (D), i ulike scenarioer (alternativer), 2025-2050",Mellomalternativet MMM,Rommen,Alder i alt,2036,5385
EliminatedValue,0,1103,0,12,"BEF036: Befolkningsframskrivingen for Oslo 2025. Framskrevet folkemengde etter aldersgrupper og geografisk område (D), i ulike scenarioer (alternativer), 2025-2050",Mellomalternativet MMM,Rommen,Alder i alt,2037,5595
EliminatedValue,0,1103,0,13,"BEF036: Befolkningsframskrivingen for Oslo 2025. Framskrevet folkemengde etter aldersgrupper og geografisk område (D), i ulike scenarioer (alternativer), 2025-2050",Mellomalternativet MMM,Rommen,Alder i alt,2038,5801
EliminatedValue,0,1103,0,14,"BEF036: Befolkningsframskrivingen for Oslo 2025. Framskrevet folkemengde etter aldersgrupper og geografisk område (D), i ulike scenarioer (alternativer), 2025-2050",Mellomalternativet MMM,Rommen,Alder i alt,2039,6004
EliminatedValue,0,1103,0,15,"BEF036: Befolkningsframskrivingen for Oslo 2025. Framskrevet folkemengde etter aldersgrupper og geografisk område (D), i ulike scenarioer (alternativer), 2025-2050",Mellomalternativet MMM,Rommen,Alder i alt,2040,6214
EliminatedValue,0,1103,0,16,"BEF036: Befolkningsframskrivingen for Oslo 2025. Framskrevet folkemengde etter aldersgrupper og geografisk område (D), i ulike scenarioer (alternativer), 2025-2050",Mellomalternativet MMM,Rommen,Alder i alt,2041,6428
EliminatedValue,0,1103,0,17,"BEF036: Befolkningsframskrivingen for Oslo 2025. Framskrevet folkemengde etter aldersgrupper og geografisk område (D), i ulike scenarioer (alternativer), 2025-2050",Mellomalternativet MMM,Rommen,Alder i alt,2042,6589
EliminatedValue,0,1103,0,18,"BEF036: Befolkningsframskrivingen for Oslo 2025. Framskrevet folkemengde etter aldersgrupper og geografisk område (D), i ulike scenarioer (alternativer), 2025-2050",Mellomalternativet MMM,Rommen,Alder i alt,2043,6701
EliminatedValue,0,1103,0,19,"BEF036: Befolkningsframskrivingen for Oslo 2025. Framskrevet folkemengde etter aldersgrupper og geografisk område (D), i ulike scenarioer (alternativer), 2025-2050",Mellomalternativet MMM,Rommen,Alder i alt,2044,6821
EliminatedValue,0,1103,0,20,"BEF036: Befolkningsframskrivingen for Oslo 2025. Framskrevet folkemengde etter aldersgrupper og geografisk område (D), i ulike scenarioer (alternativer), 2025-2050",Mellomalternativet MMM,Rommen,Alder i alt,2045,6943
EliminatedValue,0,1103,0,21,"BEF036: Befolkningsframskrivingen for Oslo 2025. Framskrevet folkemengde etter aldersgrupper og geografisk område (D), i ulike scenarioer (alternativer), 2025-2050",Mellomalternativet MMM,Rommen,Alder i alt,2046,7067
EliminatedValue,0,1103,0,22,"BEF036: Befolkningsframskrivingen for Oslo 2025. Framskrevet folkemengde etter aldersgrupper og geografisk område (D), i ulike scenarioer (alternativer), 2025-2050",Mellomalternativet MMM,Rommen,Alder i alt,2047,7312
EliminatedValue,0,1103,0,23,"BEF036: Befolkningsframskrivingen for Oslo 2025. Framskrevet folkemengde etter aldersgrupper og geografisk område (D), i ulike scenarioer (alternativer), 2025-2050",Mellomalternativet MMM,Rommen,Alder i alt,2048,7672
EliminatedValue,0,1103,0,24,"BEF036: Befolkningsframskrivingen for Oslo 2025. Framskrevet folkemengde etter aldersgrupper og geografisk område (D), i ulike scenarioer (alternativer), 2025-2050",Mellomalternativet MMM,Rommen,Alder i alt,2049,8181
EliminatedValue,0,1103,0,25,"BEF036: Befolkningsframskrivingen for Oslo 2025. Framskrevet folkemengde etter aldersgrupper og geografisk område (D), i ulike scenarioer (alternativer), 2025-2050",Mellomalternativet MMM,Rommen,Alder i alt,2050,8816
EliminatedValue,0,1104,0,0,"BEF036: Befolkningsframskrivingen for Oslo 2025. Framskrevet folkemengde etter aldersgrupper og geografisk område (D), i ulike scenarioer (alternativer), 2025-2050",Mellomalternativet MMM,Haugenstua,Alder i alt,2025,3908
EliminatedValue,0,1104,0,1,"BEF036: Befolkningsframskrivingen for Oslo 2025. Framskrevet folkemengde etter aldersgrupper og geografisk område (D), i ulike scenarioer (alternativer), 2025-2050",Mellomalternativet MMM,Haugenstua,Alder i alt,2026,3878
EliminatedValue,0,1104,0,2,"BEF036: Befolkningsframskrivingen for Oslo 2025. Framskrevet folkemengde etter aldersgrupper og geografisk område (D), i ulike scenarioer (alternativer), 2025-2050",Mellomalternativet MMM,Haugenstua,Alder i alt,2027,3863
EliminatedValue,0,1104,0,3,"BEF036: Befolkningsframskrivingen for Oslo 2025. Framskrevet folkemengde etter aldersgrupper og geografisk område (D), i ulike scenarioer (alternativer), 2025-2050",Mellomalternativet MMM,Haugenstua,Alder i alt,2028,3850
EliminatedValue,0,1104,0,4,"BEF036: Befolkningsframskrivingen for Oslo 2025. Framskrevet folkemengde etter aldersgrupper og geografisk område (D), i ulike scenarioer (alternativer), 2025-2050",Mellomalternativet MMM,Haugenstua,Alder i alt,2029,3837
EliminatedValue,0,1104,0,5,"BEF036: Befolkningsframskrivingen for Oslo 2025. Framskrevet folkemengde etter aldersgrupper og geografisk område (D), i ulike scenarioer (alternativer), 2025-2050",Mellomalternativet MMM,Haugenstua,Alder i alt,2030,3821
EliminatedValue,0,1104,0,6,"BEF036: Befolkningsframskrivingen for Oslo 2025. Framskrevet folkemengde etter aldersgrupper og geografisk område (D), i ulike scenarioer (alternativer), 2025-2050",Mellomalternativet MMM,Haugenstua,Alder i alt,2031,3807
EliminatedValue,0,1104,0,7,"BEF036: Befolkningsframskrivingen for Oslo 2025. Framskrevet folkemengde etter aldersgrupper og geografisk område (D), i ulike scenarioer (alternativer), 2025-2050",Mellomalternativet MMM,Haugenstua,Alder i alt,2032,3795
EliminatedValue,0,1104,0,8,"BEF036: Befolkningsframskrivingen for Oslo 2025. Framskrevet folkemengde etter aldersgrupper og geografisk område (D), i ulike scenarioer (alternativer), 2025-2050",Mellomalternativet MMM,Haugenstua,Alder i alt,2033,3784
EliminatedValue,0,1104,0,9,"BEF036: Befolkningsframskrivingen for Oslo 2025. Framskrevet folkemengde etter aldersgrupper og geografisk område (D), i ulike scenarioer (alternativer), 2025-2050",Mellomalternativet MMM,Haugenstua,Alder i alt,2034,3774
EliminatedValue,0,1104,0,10,"BEF036: Befolkningsframskrivingen for Oslo 2025. Framskrevet folkemengde etter aldersgrupper og geografisk område (D), i ulike scenarioer (alternativer), 2025-2050",Mellomalternativet MMM,Haugenstua,Alder i alt,2035,3765
EliminatedValue,0,1104,0,11,"BEF036: Befolkningsframskrivingen for Oslo 2025. Framskrevet folkemengde etter aldersgrupper og geografisk område (D), i ulike scenarioer (alternativer), 2025-2050",Mellomalternativet MMM,Haugenstua,Alder i alt,2036,3757
EliminatedValue,0,1104,0,12,"BEF036: Befolkningsframskrivingen for Oslo 2025. Framskrevet folkemengde etter aldersgrupper og geografisk område (D), i ulike scenarioer (alternativer), 2025-2050",Mellomalternativet MMM,Haugenstua,Alder i alt,2037,3749
EliminatedValue,0,1104,0,13,"BEF036: Befolkningsframskrivingen for Oslo 2025. Framskrevet folkemengde etter aldersgrupper og geografisk område (D), i ulike scenarioer (alternativer), 2025-2050",Mellomalternativet MMM,Haugenstua,Alder i alt,2038,3741
EliminatedValue,0,1104,0,14,"BEF036: Befolkningsframskrivingen for Oslo 2025. Framskrevet folkemengde etter aldersgrupper og geografisk område (D), i ulike scenarioer (alternativer), 2025-2050",Mellomalternativet MMM,Haugenstua,Alder i alt,2039,3733
EliminatedValue,0,1104,0,15,"BEF036: Befolkningsframskrivingen for Oslo 2025. Framskrevet folkemengde etter aldersgrupper og geografisk område (D), i ulike scenarioer (alternativer), 2025-2050",Mellomalternativet MMM,Haugenstua,Alder i alt,2040,3725
EliminatedValue,0,1104,0,16,"BEF036: Befolkningsframskrivingen for Oslo 2025. Framskrevet folkemengde etter aldersgrupper og geografisk område (D), i ulike scenarioer (alternativer), 2025-2050",Mellomalternativet MMM,Haugenstua,Alder i alt,2041,3718
EliminatedValue,0,1104,0,17,"BEF036: Befolkningsframskrivingen for Oslo 2025. Framskrevet folkemengde etter aldersgrupper og geografisk område (D), i ulike scenarioer (alternativer), 2025-2050",Mellomalternativet MMM,Haugenstua,Alder i alt,2042,3711
EliminatedValue,0,1104,0,18,"BEF036: Befolkningsframskrivingen for Oslo 2025. Framskrevet folkemengde etter aldersgrupper og geografisk område (D), i ulike scenarioer (alternativer), 2025-2050",Mellomalternativet MMM,Haugenstua,Alder i alt,2043,3704
EliminatedValue,0,1104,0,19,"BEF036: Befolkningsframskrivingen for Oslo 2025. Framskrevet folkemengde etter aldersgrupper og geografisk område (D), i ulike scenarioer (alternativer), 2025-2050",Mellomalternativet MMM,Haugenstua,Alder i alt,2044,3697
EliminatedValue,0,1104,0,20,"BEF036: Befolkningsframskrivingen for Oslo 2025. Framskrevet folkemengde etter aldersgrupper og geografisk område (D), i ulike scenarioer (alternativer), 2025-2050",Mellomalternativet MMM,Haugenstua,Alder i alt,2045,3689
EliminatedValue,0,1104,0,21,"BEF036: Befolkningsframskrivingen for Oslo 2025. Framskrevet folkemengde etter aldersgrupper og geografisk område (D), i ulike scenarioer (alternativer), 2025-2050",Mellomalternativet MMM,Haugenstua,Alder i alt,2046,3682
EliminatedValue,0,1104,0,22,"BEF036: Befolkningsframskrivingen for Oslo 2025. Framskrevet folkemengde etter aldersgrupper og geografisk område (D), i ulike scenarioer (alternativer), 2025-2050",Mellomalternativet MMM,Haugenstua,Alder i alt,2047,3680
EliminatedValue,0,1104,0,23,"BEF036: Befolkningsframskrivingen for Oslo 2025. Framskrevet folkemengde etter aldersgrupper og geografisk område (D), i ulike scenarioer (alternativer), 2025-2050",Mellomalternativet MMM,Haugenstua,Alder i alt,2048,3684
EliminatedValue,0,1104,0,24,"BEF036: Befolkningsframskrivingen for Oslo 2025. Framskrevet folkemengde etter aldersgrupper og geografisk område (D), i ulike scenarioer (alternativer), 2025-2050",Mellomalternativet MMM,Haugenstua,Alder i alt,2049,3695
EliminatedValue,0,1104,0,25,"BEF036: Befolkningsframskrivingen for Oslo 2025. Framskrevet folkemengde etter aldersgrupper og geografisk område (D), i ulike scenarioer (alternativer), 2025-2050",Mellomalternativet MMM,Haugenstua,Alder i alt,2050,3712
EliminatedValue,0,1105,0,0,"BEF036: Befolkningsframskrivingen for Oslo 2025. Framskrevet folkemengde etter aldersgrupper og geografisk område (D), i ulike scenarioer (alternativer), 2025-2050",Mellomalternativet MMM,Stovner,Alder i alt,2025,6097
EliminatedValue,0,1105,0,1,"BEF036: Befolkningsframskrivingen for Oslo 2025. Framskrevet folkemengde etter aldersgrupper og geografisk område (D), i ulike scenarioer (alternativer), 2025-2050",Mellomalternativet MMM,Stovner,Alder i alt,2026,6079
EliminatedValue,0,1105,0,2,"BEF036: Befolkningsframskrivingen for Oslo 2025. Framskrevet folkemengde etter aldersgrupper og geografisk område (D), i ulike scenarioer (alternativer), 2025-2050",Mellomalternativet MMM,Stovner,Alder i alt,2027,6094
EliminatedValue,0,1105,0,3,"BEF036: Befolkningsframskrivingen for Oslo 2025. Framskrevet folkemengde etter aldersgrupper og geografisk område (D), i ulike scenarioer (alternativer), 2025-2050",Mellomalternativet MMM,Stovner,Alder i alt,2028,6130
EliminatedValue,0,1105,0,4,"BEF036: Befolkningsframskrivingen for Oslo 2025. Framskrevet folkemengde etter aldersgrupper og geografisk område (D), i ulike scenarioer (alternativer), 2025-2050",Mellomalternativet MMM,Stovner,Alder i alt,2029,6160
EliminatedValue,0,1105,0,5,"BEF036: Befolkningsframskrivingen for Oslo 2025. Framskrevet folkemengde etter aldersgrupper og geografisk område (D), i ulike scenarioer (alternativer), 2025-2050",Mellomalternativet MMM,Stovner,Alder i alt,2030,6171
EliminatedValue,0,1105,0,6,"BEF036: Befolkningsframskrivingen for Oslo 2025. Framskrevet folkemengde etter aldersgrupper og geografisk område (D), i ulike scenarioer (alternativer), 2025-2050",Mellomalternativet MMM,Stovner,Alder i alt,2031,6183
EliminatedValue,0,1105,0,7,"BEF036: Befolkningsframskrivingen for Oslo 2025. Framskrevet folkemengde etter aldersgrupper og geografisk område (D), i ulike scenarioer (alternativer), 2025-2050",Mellomalternativet MMM,Stovner,Alder i alt,2032,6200
EliminatedValue,0,1105,0,8,"BEF036: Befolkningsframskrivingen for Oslo 2025. Framskrevet folkemengde etter aldersgrupper og geografisk område (D), i ulike scenarioer (alternativer), 2025-2050",Mellomalternativet MMM,Stovner,Alder i alt,2033,6219
EliminatedValue,0,1105,0,9,"BEF036: Befolkningsframskrivingen for Oslo 2025. Framskrevet folkemengde etter aldersgrupper og geografisk område (D), i ulike scenarioer (alternativer), 2025-2050",Mellomalternativet MMM,Stovner,Alder i alt,2034,6237
EliminatedValue,0,1105,0,10,"BEF036: Befolkningsframskrivingen for Oslo 2025. Framskrevet folkemengde etter aldersgrupper og geografisk område (D), i ulike scenarioer (alternativer), 2025-2050",Mellomalternativet MMM,Stovner,Alder i alt,2035,6257
EliminatedValue,0,1105,0,11,"BEF036: Befolkningsframskrivingen for Oslo 2025. Framskrevet folkemengde etter aldersgrupper og geografisk område (D), i ulike scenarioer (alternativer), 2025-2050",Mellomalternativet MMM,Stovner,Alder i alt,2036,6277
EliminatedValue,0,1105,0,12,"BEF036: Befolkningsframskrivingen for Oslo 2025. Framskrevet folkemengde etter aldersgrupper og geografisk område (D), i ulike scenarioer (alternativer), 2025-2050",Mellomalternativet MMM,Stovner,Alder i alt,2037,6296
EliminatedValue,0,1105,0,13,"BEF036: Befolkningsframskrivingen for Oslo 2025. Framskrevet folkemengde etter aldersgrupper og geografisk område (D), i ulike scenarioer (alternativer), 2025-2050",Mellomalternativet MMM,Stovner,Alder i alt,2038,6312
EliminatedValue,0,1105,0,14,"BEF036: Befolkningsframskrivingen for Oslo 2025. Framskrevet folkemengde etter aldersgrupper og geografisk område (D), i ulike scenarioer (alternativer), 2025-2050",Mellomalternativet MMM,Stovner,Alder i alt,2039,6324
EliminatedValue,0,1105,0,15,"BEF036: Befolkningsframskrivingen for Oslo 2025. Framskrevet folkemengde etter aldersgrupper og geografisk område (D), i ulike scenarioer (alternativer), 2025-2050",Mellomalternativet MMM,Stovner,Alder i alt,2040,6336
EliminatedValue,0,1105,0,16,"BEF036: Befolkningsframskrivingen for Oslo 2025. Framskrevet folkemengde etter aldersgrupper og geografisk område (D), i ulike scenarioer (alternativer), 2025-2050",Mellomalternativet MMM,Stovner,Alder i alt,2041,6342
EliminatedValue,0,1105,0,17,"BEF036: Befolkningsframskrivingen for Oslo 2025. Framskrevet folkemengde etter aldersgrupper og geografisk område (D), i ulike scenarioer (alternativer), 2025-2050",Mellomalternativet MMM,Stovner,Alder i alt,2042,6346
EliminatedValue,0,1105,0,18,"BEF036: Befolkningsframskrivingen for Oslo 2025. Framskrevet folkemengde etter aldersgrupper og geografisk område (D), i ulike scenarioer (alternativer), 2025-2050",Mellomalternativet MMM,Stovner,Alder i alt,2043,6351
EliminatedValue,0,1105,0,19,"BEF036: Befolkningsframskrivingen for Oslo 2025. Framskrevet folkemengde etter aldersgrupper og geografisk område (D), i ulike scenarioer (alternativer), 2025-2050",Mellomalternativet MMM,Stovner,Alder i alt,2044,6355
EliminatedValue,0,1105,0,20,"BEF036: Befolkningsframskrivingen for Oslo 2025. Framskrevet folkemengde etter aldersgrupper og geografisk område (D), i ulike scenarioer (alternativer), 2025-2050",Mellomalternativet MMM,Stovner,Alder i alt,2045,6359
EliminatedValue,0,1105,0,21,"BEF036: Befolkningsframskrivingen for Oslo 2025. Framskrevet folkemengde etter aldersgrupper og geografisk område (D), i ulike scenarioer (alternativer), 2025-2050",Mellomalternativet MMM,Stovner,Alder i alt,2046,6364
EliminatedValue,0,1105,0,22,"BEF036: Befolkningsframskrivingen for Oslo 2025. Framskrevet folkemengde etter aldersgrupper og geografisk område (D), i ulike scenarioer (alternativer), 2025-2050",Mellomalternativet MMM,Stovner,Alder i alt,2047,6368
EliminatedValue,0,1105,0,23,"BEF036: Befolkningsframskrivingen for Oslo 2025. Framskrevet folkemengde etter aldersgrupper og geografisk område (D), i ulike scenarioer (alternativer), 2025-2050",Mellomalternativet MMM,Stovner,Alder i alt,2048,6366
EliminatedValue,0,1105,0,24,"BEF036: Befolkningsframskrivingen for Oslo 2025. Framskrevet folkemengde etter aldersgrupper og geografisk område (D), i ulike scenarioer (alternativer), 2025-2050",Mellomalternativet MMM,Stovner,Alder i alt,2049,6362
EliminatedValue,0,1105,0,25,"BEF036: Befolkningsframskrivingen for Oslo 2025. Framskrevet folkemengde etter aldersgrupper og geografisk område (D), i ulike scenarioer (alternativer), 2025-2050",Mellomalternativet MMM,Stovner,Alder i alt,2050,6357
EliminatedValue,0,1106,0,0,"BEF036: Befolkningsframskrivingen for Oslo 2025. Framskrevet folkemengde etter aldersgrupper og geografisk område (D), i ulike scenarioer (alternativer), 2025-2050",Mellomalternativet MMM,Høybråten,Alder i alt,2025,8294
EliminatedValue,0,1106,0,1,"BEF036: Befolkningsframskrivingen for Oslo 2025. Framskrevet folkemengde etter aldersgrupper og geografisk område (D), i ulike scenarioer (alternativer), 2025-2050",Mellomalternativet MMM,Høybråten,Alder i alt,2026,8416
EliminatedValue,0,1106,0,2,"BEF036: Befolkningsframskrivingen for Oslo 2025. Framskrevet folkemengde etter aldersgrupper og geografisk område (D), i ulike scenarioer (alternativer), 2025-2050",Mellomalternativet MMM,Høybråten,Alder i alt,2027,8694
EliminatedValue,0,1106,0,3,"BEF036: Befolkningsframskrivingen for Oslo 2025. Framskrevet folkemengde etter aldersgrupper og geografisk område (D), i ulike scenarioer (alternativer), 2025-2050",Mellomalternativet MMM,Høybråten,Alder i alt,2028,9075
EliminatedValue,0,1106,0,4,"BEF036: Befolkningsframskrivingen for Oslo 2025. Framskrevet folkemengde etter aldersgrupper og geografisk område (D), i ulike scenarioer (alternativer), 2025-2050",Mellomalternativet MMM,Høybråten,Alder i alt,2029,9578
EliminatedValue,0,1106,0,5,"BEF036: Befolkningsframskrivingen for Oslo 2025. Framskrevet folkemengde etter aldersgrupper og geografisk område (D), i ulike scenarioer (alternativer), 2025-2050",Mellomalternativet MMM,Høybråten,Alder i alt,2030,10186
EliminatedValue,0,1106,0,6,"BEF036: Befolkningsframskrivingen for Oslo 2025. Framskrevet folkemengde etter aldersgrupper og geografisk område (D), i ulike scenarioer (alternativer), 2025-2050",Mellomalternativet MMM,Høybråten,Alder i alt,2031,10653
EliminatedValue,0,1106,0,7,"BEF036: Befolkningsframskrivingen for Oslo 2025. Framskrevet folkemengde etter aldersgrupper og geografisk område (D), i ulike scenarioer (alternativer), 2025-2050",Mellomalternativet MMM,Høybråten,Alder i alt,2032,10867
EliminatedValue,0,1106,0,8,"BEF036: Befolkningsframskrivingen for Oslo 2025. Framskrevet folkemengde etter aldersgrupper og geografisk område (D), i ulike scenarioer (alternativer), 2025-2050",Mellomalternativet MMM,Høybråten,Alder i alt,2033,10872
EliminatedValue,0,1106,0,9,"BEF036: Befolkningsframskrivingen for Oslo 2025. Framskrevet folkemengde etter aldersgrupper og geografisk område (D), i ulike scenarioer (alternativer), 2025-2050",Mellomalternativet MMM,Høybråten,Alder i alt,2034,10899
EliminatedValue,0,1106,0,10,"BEF036: Befolkningsframskrivingen for Oslo 2025. Framskrevet folkemengde etter aldersgrupper og geografisk område (D), i ulike scenarioer (alternativer), 2025-2050",Mellomalternativet MMM,Høybråten,Alder i alt,2035,10922
EliminatedValue,0,1106,0,11,"BEF036: Befolkningsframskrivingen for Oslo 2025. Framskrevet folkemengde etter aldersgrupper og geografisk område (D), i ulike scenarioer (alternativer), 2025-2050",Mellomalternativet MMM,Høybråten,Alder i alt,2036,10917
EliminatedValue,0,1106,0,12,"BEF036: Befolkningsframskrivingen for Oslo 2025. Framskrevet folkemengde etter aldersgrupper og geografisk område (D), i ulike scenarioer (alternativer), 2025-2050",Mellomalternativet MMM,Høybråten,Alder i alt,2037,10919
EliminatedValue,0,1106,0,13,"BEF036: Befolkningsframskrivingen for Oslo 2025. Framskrevet folkemengde etter aldersgrupper og geografisk område (D), i ulike scenarioer (alternativer), 2025-2050",Mellomalternativet MMM,Høybråten,Alder i alt,2038,10921
EliminatedValue,0,1106,0,14,"BEF036: Befolkningsframskrivingen for Oslo 2025. Framskrevet folkemengde etter aldersgrupper og geografisk område (D), i ulike scenarioer (alternativer), 2025-2050",Mellomalternativet MMM,Høybråten,Alder i alt,2039,10921
EliminatedValue,0,1106,0,15,"BEF036: Befolkningsframskrivingen for Oslo 2025. Framskrevet folkemengde etter aldersgrupper og geografisk område (D), i ulike scenarioer (alternativer), 2025-2050",Mellomalternativet MMM,Høybråten,Alder i alt,2040,10929
EliminatedValue,0,1106,0,16,"BEF036: Befolkningsframskrivingen for Oslo 2025. Framskrevet folkemengde etter aldersgrupper og geografisk område (D), i ulike scenarioer (alternativer), 2025-2050",Mellomalternativet MMM,Høybråten,Alder i alt,2041,10935
EliminatedValue,0,1106,0,17,"BEF036: Befolkningsframskrivingen for Oslo 2025. Framskrevet folkemengde etter aldersgrupper og geografisk område (D), i ulike scenarioer (alternativer), 2025-2050",Mellomalternativet MMM,Høybråten,Alder i alt,2042,10943
EliminatedValue,0,1106,0,18,"BEF036: Befolkningsframskrivingen for Oslo 2025. Framskrevet folkemengde etter aldersgrupper og geografisk område (D), i ulike scenarioer (alternativer), 2025-2050",Mellomalternativet MMM,Høybråten,Alder i alt,2043,10956
EliminatedValue,0,1106,0,19,"BEF036: Befolkningsframskrivingen for Oslo 2025. Framskrevet folkemengde etter aldersgrupper og geografisk område (D), i ulike scenarioer (alternativer), 2025-2050",Mellomalternativet MMM,Høybråten,Alder i alt,2044,10974
EliminatedValue,0,1106,0,20,"BEF036: Befolkningsframskrivingen for Oslo 2025. Framskrevet folkemengde etter aldersgrupper og geografisk område (D), i ulike scenarioer (alternativer), 2025-2050",Mellomalternativet MMM,Høybråten,Alder i alt,2045,10992
EliminatedValue,0,1106,0,21,"BEF036: Befolkningsframskrivingen for Oslo 2025. Framskrevet folkemengde etter aldersgrupper og geografisk område (D), i ulike scenarioer (alternativer), 2025-2050",Mellomalternativet MMM,Høybråten,Alder i alt,2046,11012
EliminatedValue,0,1106,0,22,"BEF036: Befolkningsframskrivingen for Oslo 2025. Framskrevet folkemengde etter aldersgrupper og geografisk område (D), i ulike scenarioer (alternativer), 2025-2050",Mellomalternativet MMM,Høybråten,Alder i alt,2047,11037
EliminatedValue,0,1106,0,23,"BEF036: Befolkningsframskrivingen for Oslo 2025. Framskrevet folkemengde etter aldersgrupper og geografisk område (D), i ulike scenarioer (alternativer), 2025-2050",Mellomalternativet MMM,Høybråten,Alder i alt,2048,11058
EliminatedValue,0,1106,0,24,"BEF036: Befolkningsframskrivingen for Oslo 2025. Framskrevet folkemengde etter aldersgrupper og geografisk område (D), i ulike scenarioer (alternativer), 2025-2050",Mellomalternativet MMM,Høybråten,Alder i alt,2049,11082
EliminatedValue,0,1106,0,25,"BEF036: Befolkningsframskrivingen for Oslo 2025. Framskrevet folkemengde etter aldersgrupper og geografisk område (D), i ulike scenarioer (alternativer), 2025-2050",Mellomalternativet MMM,Høybråten,Alder i alt,2050,11109
EliminatedValue,0,1201,0,0,"BEF036: Befolkningsframskrivingen for Oslo 2025. Framskrevet folkemengde etter aldersgrupper og geografisk område (D), i ulike scenarioer (alternativer), 2025-2050",Mellomalternativet MMM,Furuset,Alder i alt,2025,10518
EliminatedValue,0,1201,0,1,"BEF036: Befolkningsframskrivingen for Oslo 2025. Framskrevet folkemengde etter aldersgrupper og geografisk område (D), i ulike scenarioer (alternativer), 2025-2050",Mellomalternativet MMM,Furuset,Alder i alt,2026,10560
EliminatedValue,0,1201,0,2,"BEF036: Befolkningsframskrivingen for Oslo 2025. Framskrevet folkemengde etter aldersgrupper og geografisk område (D), i ulike scenarioer (alternativer), 2025-2050",Mellomalternativet MMM,Furuset,Alder i alt,2027,10675
EliminatedValue,0,1201,0,3,"BEF036: Befolkningsframskrivingen for Oslo 2025. Framskrevet folkemengde etter aldersgrupper og geografisk område (D), i ulike scenarioer (alternativer), 2025-2050",Mellomalternativet MMM,Furuset,Alder i alt,2028,10863
EliminatedValue,0,1201,0,4,"BEF036: Befolkningsframskrivingen for Oslo 2025. Framskrevet folkemengde etter aldersgrupper og geografisk område (D), i ulike scenarioer (alternativer), 2025-2050",Mellomalternativet MMM,Furuset,Alder i alt,2029,11074
EliminatedValue,0,1201,0,5,"BEF036: Befolkningsframskrivingen for Oslo 2025. Framskrevet folkemengde etter aldersgrupper og geografisk område (D), i ulike scenarioer (alternativer), 2025-2050",Mellomalternativet MMM,Furuset,Alder i alt,2030,11137
EliminatedValue,0,1201,0,6,"BEF036: Befolkningsframskrivingen for Oslo 2025. Framskrevet folkemengde etter aldersgrupper og geografisk område (D), i ulike scenarioer (alternativer), 2025-2050",Mellomalternativet MMM,Furuset,Alder i alt,2031,11167
EliminatedValue,0,1201,0,7,"BEF036: Befolkningsframskrivingen for Oslo 2025. Framskrevet folkemengde etter aldersgrupper og geografisk område (D), i ulike scenarioer (alternativer), 2025-2050",Mellomalternativet MMM,Furuset,Alder i alt,2032,11191
EliminatedValue,0,1201,0,8,"BEF036: Befolkningsframskrivingen for Oslo 2025. Framskrevet folkemengde etter aldersgrupper og geografisk område (D), i ulike scenarioer (alternativer), 2025-2050",Mellomalternativet MMM,Furuset,Alder i alt,2033,11207
EliminatedValue,0,1201,0,9,"BEF036: Befolkningsframskrivingen for Oslo 2025. Framskrevet folkemengde etter aldersgrupper og geografisk område (D), i ulike scenarioer (alternativer), 2025-2050",Mellomalternativet MMM,Furuset,Alder i alt,2034,11223
EliminatedValue,0,1201,0,10,"BEF036: Befolkningsframskrivingen for Oslo 2025. Framskrevet folkemengde etter aldersgrupper og geografisk område (D), i ulike scenarioer (alternativer), 2025-2050",Mellomalternativet MMM,Furuset,Alder i alt,2035,11239
EliminatedValue,0,1201,0,11,"BEF036: Befolkningsframskrivingen for Oslo 2025. Framskrevet folkemengde etter aldersgrupper og geografisk område (D), i ulike scenarioer (alternativer), 2025-2050",Mellomalternativet MMM,Furuset,Alder i alt,2036,11258
EliminatedValue,0,1201,0,12,"BEF036: Befolkningsframskrivingen for Oslo 2025. Framskrevet folkemengde etter aldersgrupper og geografisk område (D), i ulike scenarioer (alternativer), 2025-2050",Mellomalternativet MMM,Furuset,Alder i alt,2037,11279
EliminatedValue,0,1201,0,13,"BEF036: Befolkningsframskrivingen for Oslo 2025. Framskrevet folkemengde etter aldersgrupper og geografisk område (D), i ulike scenarioer (alternativer), 2025-2050",Mellomalternativet MMM,Furuset,Alder i alt,2038,11299
EliminatedValue,0,1201,0,14,"BEF036: Befolkningsframskrivingen for Oslo 2025. Framskrevet folkemengde etter aldersgrupper og geografisk område (D), i ulike scenarioer (alternativer), 2025-2050",Mellomalternativet MMM,Furuset,Alder i alt,2039,11318
EliminatedValue,0,1201,0,15,"BEF036: Befolkningsframskrivingen for Oslo 2025. Framskrevet folkemengde etter aldersgrupper og geografisk område (D), i ulike scenarioer (alternativer), 2025-2050",Mellomalternativet MMM,Furuset,Alder i alt,2040,11361
EliminatedValue,0,1201,0,16,"BEF036: Befolkningsframskrivingen for Oslo 2025. Framskrevet folkemengde etter aldersgrupper og geografisk område (D), i ulike scenarioer (alternativer), 2025-2050",Mellomalternativet MMM,Furuset,Alder i alt,2041,11422
EliminatedValue,0,1201,0,17,"BEF036: Befolkningsframskrivingen for Oslo 2025. Framskrevet folkemengde etter aldersgrupper og geografisk område (D), i ulike scenarioer (alternativer), 2025-2050",Mellomalternativet MMM,Furuset,Alder i alt,2042,11502
EliminatedValue,0,1201,0,18,"BEF036: Befolkningsframskrivingen for Oslo 2025. Framskrevet folkemengde etter aldersgrupper og geografisk område (D), i ulike scenarioer (alternativer), 2025-2050",Mellomalternativet MMM,Furuset,Alder i alt,2043,11591
EliminatedValue,0,1201,0,19,"BEF036: Befolkningsframskrivingen for Oslo 2025. Framskrevet folkemengde etter aldersgrupper og geografisk område (D), i ulike scenarioer (alternativer), 2025-2050",Mellomalternativet MMM,Furuset,Alder i alt,2044,11687
EliminatedValue,0,1201,0,20,"BEF036: Befolkningsframskrivingen for Oslo 2025. Framskrevet folkemengde etter aldersgrupper og geografisk område (D), i ulike scenarioer (alternativer), 2025-2050",Mellomalternativet MMM,Furuset,Alder i alt,2045,11777
EliminatedValue,0,1201,0,21,"BEF036: Befolkningsframskrivingen for Oslo 2025. Framskrevet folkemengde etter aldersgrupper og geografisk område (D), i ulike scenarioer (alternativer), 2025-2050",Mellomalternativet MMM,Furuset,Alder i alt,2046,11863
EliminatedValue,0,1201,0,22,"BEF036: Befolkningsframskrivingen for Oslo 2025. Framskrevet folkemengde etter aldersgrupper og geografisk område (D), i ulike scenarioer (alternativer), 2025-2050",Mellomalternativet MMM,Furuset,Alder i alt,2047,11967
EliminatedValue,0,1201,0,23,"BEF036: Befolkningsframskrivingen for Oslo 2025. Framskrevet folkemengde etter aldersgrupper og geografisk område (D), i ulike scenarioer (alternativer), 2025-2050",Mellomalternativet MMM,Furuset,Alder i alt,2048,12087
EliminatedValue,0,1201,0,24,"BEF036: Befolkningsframskrivingen for Oslo 2025. Framskrevet folkemengde etter aldersgrupper og geografisk område (D), i ulike scenarioer (alternativer), 2025-2050",Mellomalternativet MMM,Furuset,Alder i alt,2049,12228
EliminatedValue,0,1201,0,25,"BEF036: Befolkningsframskrivingen for Oslo 2025. Framskrevet folkemengde etter aldersgrupper og geografisk område (D), i ulike scenarioer (alternativer), 2025-2050",Mellomalternativet MMM,Furuset,Alder i alt,2050,12386
EliminatedValue,0,1202,0,0,"BEF036: Befolkningsframskrivingen for Oslo 2025. Framskrevet folkemengde etter aldersgrupper og geografisk område (D), i ulike scenarioer (alternativer), 2025-2050",Mellomalternativet MMM,Ellingsrud,Alder i alt,2025,7737
EliminatedValue,0,1202,0,1,"BEF036: Befolkningsframskrivingen for Oslo 2025. Framskrevet folkemengde etter aldersgrupper og geografisk område (D), i ulike scenarioer (alternativer), 2025-2050",Mellomalternativet MMM,Ellingsrud,Alder i alt,2026,7737
EliminatedValue,0,1202,0,2,"BEF036: Befolkningsframskrivingen for Oslo 2025. Framskrevet folkemengde etter aldersgrupper og geografisk område (D), i ulike scenarioer (alternativer), 2025-2050",Mellomalternativet MMM,Ellingsrud,Alder i alt,2027,7764
EliminatedValue,0,1202,0,3,"BEF036: Befolkningsframskrivingen for Oslo 2025. Framskrevet folkemengde etter aldersgrupper og geografisk område (D), i ulike scenarioer (alternativer), 2025-2050",Mellomalternativet MMM,Ellingsrud,Alder i alt,2028,7789
EliminatedValue,0,1202,0,4,"BEF036: Befolkningsframskrivingen for Oslo 2025. Framskrevet folkemengde etter aldersgrupper og geografisk område (D), i ulike scenarioer (alternativer), 2025-2050",Mellomalternativet MMM,Ellingsrud,Alder i alt,2029,7808
EliminatedValue,0,1202,0,5,"BEF036: Befolkningsframskrivingen for Oslo 2025. Framskrevet folkemengde etter aldersgrupper og geografisk område (D), i ulike scenarioer (alternativer), 2025-2050",Mellomalternativet MMM,Ellingsrud,Alder i alt,2030,7813
EliminatedValue,0,1202,0,6,"BEF036: Befolkningsframskrivingen for Oslo 2025. Framskrevet folkemengde etter aldersgrupper og geografisk område (D), i ulike scenarioer (alternativer), 2025-2050",Mellomalternativet MMM,Ellingsrud,Alder i alt,2031,7821
EliminatedValue,0,1202,0,7,"BEF036: Befolkningsframskrivingen for Oslo 2025. Framskrevet folkemengde etter aldersgrupper og geografisk område (D), i ulike scenarioer (alternativer), 2025-2050",Mellomalternativet MMM,Ellingsrud,Alder i alt,2032,7831
EliminatedValue,0,1202,0,8,"BEF036: Befolkningsframskrivingen for Oslo 2025. Framskrevet folkemengde etter aldersgrupper og geografisk område (D), i ulike scenarioer (alternativer), 2025-2050",Mellomalternativet MMM,Ellingsrud,Alder i alt,2033,7846
EliminatedValue,0,1202,0,9,"BEF036: Befolkningsframskrivingen for Oslo 2025. Framskrevet folkemengde etter aldersgrupper og geografisk område (D), i ulike scenarioer (alternativer), 2025-2050",Mellomalternativet MMM,Ellingsrud,Alder i alt,2034,7864
EliminatedValue,0,1202,0,10,"BEF036: Befolkningsframskrivingen for Oslo 2025. Framskrevet folkemengde etter aldersgrupper og geografisk område (D), i ulike scenarioer (alternativer), 2025-2050",Mellomalternativet MMM,Ellingsrud,Alder i alt,2035,7882
EliminatedValue,0,1202,0,11,"BEF036: Befolkningsframskrivingen for Oslo 2025. Framskrevet folkemengde etter aldersgrupper og geografisk område (D), i ulike scenarioer (alternativer), 2025-2050",Mellomalternativet MMM,Ellingsrud,Alder i alt,2036,7901
EliminatedValue,0,1202,0,12,"BEF036: Befolkningsframskrivingen for Oslo 2025. Framskrevet folkemengde etter aldersgrupper og geografisk område (D), i ulike scenarioer (alternativer), 2025-2050",Mellomalternativet MMM,Ellingsrud,Alder i alt,2037,7912
EliminatedValue,0,1202,0,13,"BEF036: Befolkningsframskrivingen for Oslo 2025. Framskrevet folkemengde etter aldersgrupper og geografisk område (D), i ulike scenarioer (alternativer), 2025-2050",Mellomalternativet MMM,Ellingsrud,Alder i alt,2038,7922
EliminatedValue,0,1202,0,14,"BEF036: Befolkningsframskrivingen for Oslo 2025. Framskrevet folkemengde etter aldersgrupper og geografisk område (D), i ulike scenarioer (alternativer), 2025-2050",Mellomalternativet MMM,Ellingsrud,Alder i alt,2039,7930
EliminatedValue,0,1202,0,15,"BEF036: Befolkningsframskrivingen for Oslo 2025. Framskrevet folkemengde etter aldersgrupper og geografisk område (D), i ulike scenarioer (alternativer), 2025-2050",Mellomalternativet MMM,Ellingsrud,Alder i alt,2040,7931
EliminatedValue,0,1202,0,16,"BEF036: Befolkningsframskrivingen for Oslo 2025. Framskrevet folkemengde etter aldersgrupper og geografisk område (D), i ulike scenarioer (alternativer), 2025-2050",Mellomalternativet MMM,Ellingsrud,Alder i alt,2041,7931
EliminatedValue,0,1202,0,17,"BEF036: Befolkningsframskrivingen for Oslo 2025. Framskrevet folkemengde etter aldersgrupper og geografisk område (D), i ulike scenarioer (alternativer), 2025-2050",Mellomalternativet MMM,Ellingsrud,Alder i alt,2042,7926
EliminatedValue,0,1202,0,18,"BEF036: Befolkningsframskrivingen for Oslo 2025. Framskrevet folkemengde etter aldersgrupper og geografisk område (D), i ulike scenarioer (alternativer), 2025-2050",Mellomalternativet MMM,Ellingsrud,Alder i alt,2043,7918
EliminatedValue,0,1202,0,19,"BEF036: Befolkningsframskrivingen for Oslo 2025. Framskrevet folkemengde etter aldersgrupper og geografisk område (D), i ulike scenarioer (alternativer), 2025-2050",Mellomalternativet MMM,Ellingsrud,Alder i alt,2044,7909
EliminatedValue,0,1202,0,20,"BEF036: Befolkningsframskrivingen for Oslo 2025. Framskrevet folkemengde etter aldersgrupper og geografisk område (D), i ulike scenarioer (alternativer), 2025-2050",Mellomalternativet MMM,Ellingsrud,Alder i alt,2045,7899
EliminatedValue,0,1202,0,21,"BEF036: Befolkningsframskrivingen for Oslo 2025. Framskrevet folkemengde etter aldersgrupper og geografisk område (D), i ulike scenarioer (alternativer), 2025-2050",Mellomalternativet MMM,Ellingsrud,Alder i alt,2046,7888
EliminatedValue,0,1202,0,22,"BEF036: Befolkningsframskrivingen for Oslo 2025. Framskrevet folkemengde etter aldersgrupper og geografisk område (D), i ulike scenarioer (alternativer), 2025-2050",Mellomalternativet MMM,Ellingsrud,Alder i alt,2047,7876
EliminatedValue,0,1202,0,23,"BEF036: Befolkningsframskrivingen for Oslo 2025. Framskrevet folkemengde etter aldersgrupper og geografisk område (D), i ulike scenarioer (alternativer), 2025-2050",Mellomalternativet MMM,Ellingsrud,Alder i alt,2048,7862
EliminatedValue,0,1202,0,24,"BEF036: Befolkningsframskrivingen for Oslo 2025. Framskrevet folkemengde etter aldersgrupper og geografisk område (D), i ulike scenarioer (alternativer), 2025-2050",Mellomalternativet MMM,Ellingsrud,Alder i alt,2049,7846
EliminatedValue,0,1202,0,25,"BEF036: Befolkningsframskrivingen for Oslo 2025. Framskrevet folkemengde etter aldersgrupper og geografisk område (D), i ulike scenarioer (alternativer), 2025-2050",Mellomalternativet MMM,Ellingsrud,Alder i alt,2050,7828
EliminatedValue,0,1203,0,0,"BEF036: Befolkningsframskrivingen for Oslo 2025. Framskrevet folkemengde etter aldersgrupper og geografisk område (D), i ulike scenarioer (alternativer), 2025-2050",Mellomalternativet MMM,Lindeberg,Alder i alt,2025,8044
EliminatedValue,0,1203,0,1,"BEF036: Befolkningsframskrivingen for Oslo 2025. Framskrevet folkemengde etter aldersgrupper og geografisk område (D), i ulike scenarioer (alternativer), 2025-2050",Mellomalternativet MMM,Lindeberg,Alder i alt,2026,8035
EliminatedValue,0,1203,0,2,"BEF036: Befolkningsframskrivingen for Oslo 2025. Framskrevet folkemengde etter aldersgrupper og geografisk område (D), i ulike scenarioer (alternativer), 2025-2050",Mellomalternativet MMM,Lindeberg,Alder i alt,2027,8052
EliminatedValue,0,1203,0,3,"BEF036: Befolkningsframskrivingen for Oslo 2025. Framskrevet folkemengde etter aldersgrupper og geografisk område (D), i ulike scenarioer (alternativer), 2025-2050",Mellomalternativet MMM,Lindeberg,Alder i alt,2028,8068
EliminatedValue,0,1203,0,4,"BEF036: Befolkningsframskrivingen for Oslo 2025. Framskrevet folkemengde etter aldersgrupper og geografisk område (D), i ulike scenarioer (alternativer), 2025-2050",Mellomalternativet MMM,Lindeberg,Alder i alt,2029,8080
EliminatedValue,0,1203,0,5,"BEF036: Befolkningsframskrivingen for Oslo 2025. Framskrevet folkemengde etter aldersgrupper og geografisk område (D), i ulike scenarioer (alternativer), 2025-2050",Mellomalternativet MMM,Lindeberg,Alder i alt,2030,8081
EliminatedValue,0,1203,0,6,"BEF036: Befolkningsframskrivingen for Oslo 2025. Framskrevet folkemengde etter aldersgrupper og geografisk område (D), i ulike scenarioer (alternativer), 2025-2050",Mellomalternativet MMM,Lindeberg,Alder i alt,2031,8080
EliminatedValue,0,1203,0,7,"BEF036: Befolkningsframskrivingen for Oslo 2025. Framskrevet folkemengde etter aldersgrupper og geografisk område (D), i ulike scenarioer (alternativer), 2025-2050",Mellomalternativet MMM,Lindeberg,Alder i alt,2032,8081
EliminatedValue,0,1203,0,8,"BEF036: Befolkningsframskrivingen for Oslo 2025. Framskrevet folkemengde etter aldersgrupper og geografisk område (D), i ulike scenarioer (alternativer), 2025-2050",Mellomalternativet MMM,Lindeberg,Alder i alt,2033,8090
EliminatedValue,0,1203,0,9,"BEF036: Befolkningsframskrivingen for Oslo 2025. Framskrevet folkemengde etter aldersgrupper og geografisk område (D), i ulike scenarioer (alternativer), 2025-2050",Mellomalternativet MMM,Lindeberg,Alder i alt,2034,8113
EliminatedValue,0,1203,0,10,"BEF036: Befolkningsframskrivingen for Oslo 2025. Framskrevet folkemengde etter aldersgrupper og geografisk område (D), i ulike scenarioer (alternativer), 2025-2050",Mellomalternativet MMM,Lindeberg,Alder i alt,2035,8141
EliminatedValue,0,1203,0,11,"BEF036: Befolkningsframskrivingen for Oslo 2025. Framskrevet folkemengde etter aldersgrupper og geografisk område (D), i ulike scenarioer (alternativer), 2025-2050",Mellomalternativet MMM,Lindeberg,Alder i alt,2036,8167
EliminatedValue,0,1203,0,12,"BEF036: Befolkningsframskrivingen for Oslo 2025. Framskrevet folkemengde etter aldersgrupper og geografisk område (D), i ulike scenarioer (alternativer), 2025-2050",Mellomalternativet MMM,Lindeberg,Alder i alt,2037,8187
EliminatedValue,0,1203,0,13,"BEF036: Befolkningsframskrivingen for Oslo 2025. Framskrevet folkemengde etter aldersgrupper og geografisk område (D), i ulike scenarioer (alternativer), 2025-2050",Mellomalternativet MMM,Lindeberg,Alder i alt,2038,8204
EliminatedValue,0,1203,0,14,"BEF036: Befolkningsframskrivingen for Oslo 2025. Framskrevet folkemengde etter aldersgrupper og geografisk område (D), i ulike scenarioer (alternativer), 2025-2050",Mellomalternativet MMM,Lindeberg,Alder i alt,2039,8220
EliminatedValue,0,1203,0,15,"BEF036: Befolkningsframskrivingen for Oslo 2025. Framskrevet folkemengde etter aldersgrupper og geografisk område (D), i ulike scenarioer (alternativer), 2025-2050",Mellomalternativet MMM,Lindeberg,Alder i alt,2040,8234
EliminatedValue,0,1203,0,16,"BEF036: Befolkningsframskrivingen for Oslo 2025. Framskrevet folkemengde etter aldersgrupper og geografisk område (D), i ulike scenarioer (alternativer), 2025-2050",Mellomalternativet MMM,Lindeberg,Alder i alt,2041,8245
EliminatedValue,0,1203,0,17,"BEF036: Befolkningsframskrivingen for Oslo 2025. Framskrevet folkemengde etter aldersgrupper og geografisk område (D), i ulike scenarioer (alternativer), 2025-2050",Mellomalternativet MMM,Lindeberg,Alder i alt,2042,8250
EliminatedValue,0,1203,0,18,"BEF036: Befolkningsframskrivingen for Oslo 2025. Framskrevet folkemengde etter aldersgrupper og geografisk område (D), i ulike scenarioer (alternativer), 2025-2050",Mellomalternativet MMM,Lindeberg,Alder i alt,2043,8248
EliminatedValue,0,1203,0,19,"BEF036: Befolkningsframskrivingen for Oslo 2025. Framskrevet folkemengde etter aldersgrupper og geografisk område (D), i ulike scenarioer (alternativer), 2025-2050",Mellomalternativet MMM,Lindeberg,Alder i alt,2044,8246
EliminatedValue,0,1203,0,20,"BEF036: Befolkningsframskrivingen for Oslo 2025. Framskrevet folkemengde etter aldersgrupper og geografisk område (D), i ulike scenarioer (alternativer), 2025-2050",Mellomalternativet MMM,Lindeberg,Alder i alt,2045,8242
EliminatedValue,0,1203,0,21,"BEF036: Befolkningsframskrivingen for Oslo 2025. Framskrevet folkemengde etter aldersgrupper og geografisk område (D), i ulike scenarioer (alternativer), 2025-2050",Mellomalternativet MMM,Lindeberg,Alder i alt,2046,8238
EliminatedValue,0,1203,0,22,"BEF036: Befolkningsframskrivingen for Oslo 2025. Framskrevet folkemengde etter aldersgrupper og geografisk område (D), i ulike scenarioer (alternativer), 2025-2050",Mellomalternativet MMM,Lindeberg,Alder i alt,2047,8232
EliminatedValue,0,1203,0,23,"BEF036: Befolkningsframskrivingen for Oslo 2025. Framskrevet folkemengde etter aldersgrupper og geografisk område (D), i ulike scenarioer (alternativer), 2025-2050",Mellomalternativet MMM,Lindeberg,Alder i alt,2048,8222
EliminatedValue,0,1203,0,24,"BEF036: Befolkningsframskrivingen for Oslo 2025. Framskrevet folkemengde etter aldersgrupper og geografisk område (D), i ulike scenarioer (alternativer), 2025-2050",Mellomalternativet MMM,Lindeberg,Alder i alt,2049,8210
EliminatedValue,0,1203,0,25,"BEF036: Befolkningsframskrivingen for Oslo 2025. Framskrevet folkemengde etter aldersgrupper og geografisk område (D), i ulike scenarioer (alternativer), 2025-2050",Mellomalternativet MMM,Lindeberg,Alder i alt,2050,8194
EliminatedValue,0,1204,0,0,"BEF036: Befolkningsframskrivingen for Oslo 2025. Framskrevet folkemengde etter aldersgrupper og geografisk område (D), i ulike scenarioer (alternativer), 2025-2050",Mellomalternativet MMM,Trosterud,Alder i alt,2025,8949
EliminatedValue,0,1204,0,1,"BEF036: Befolkningsframskrivingen for Oslo 2025. Framskrevet folkemengde etter aldersgrupper og geografisk område (D), i ulike scenarioer (alternativer), 2025-2050",Mellomalternativet MMM,Trosterud,Alder i alt,2026,8938
EliminatedValue,0,1204,0,2,"BEF036: Befolkningsframskrivingen for Oslo 2025. Framskrevet folkemengde etter aldersgrupper og geografisk område (D), i ulike scenarioer (alternativer), 2025-2050",Mellomalternativet MMM,Trosterud,Alder i alt,2027,8940
EliminatedValue,0,1204,0,3,"BEF036: Befolkningsframskrivingen for Oslo 2025. Framskrevet folkemengde etter aldersgrupper og geografisk område (D), i ulike scenarioer (alternativer), 2025-2050",Mellomalternativet MMM,Trosterud,Alder i alt,2028,8950
EliminatedValue,0,1204,0,4,"BEF036: Befolkningsframskrivingen for Oslo 2025. Framskrevet folkemengde etter aldersgrupper og geografisk område (D), i ulike scenarioer (alternativer), 2025-2050",Mellomalternativet MMM,Trosterud,Alder i alt,2029,8959
EliminatedValue,0,1204,0,5,"BEF036: Befolkningsframskrivingen for Oslo 2025. Framskrevet folkemengde etter aldersgrupper og geografisk område (D), i ulike scenarioer (alternativer), 2025-2050",Mellomalternativet MMM,Trosterud,Alder i alt,2030,8942
EliminatedValue,0,1204,0,6,"BEF036: Befolkningsframskrivingen for Oslo 2025. Framskrevet folkemengde etter aldersgrupper og geografisk område (D), i ulike scenarioer (alternativer), 2025-2050",Mellomalternativet MMM,Trosterud,Alder i alt,2031,8924
EliminatedValue,0,1204,0,7,"BEF036: Befolkningsframskrivingen for Oslo 2025. Framskrevet folkemengde etter aldersgrupper og geografisk område (D), i ulike scenarioer (alternativer), 2025-2050",Mellomalternativet MMM,Trosterud,Alder i alt,2032,8909
EliminatedValue,0,1204,0,8,"BEF036: Befolkningsframskrivingen for Oslo 2025. Framskrevet folkemengde etter aldersgrupper og geografisk område (D), i ulike scenarioer (alternativer), 2025-2050",Mellomalternativet MMM,Trosterud,Alder i alt,2033,8951
EliminatedValue,0,1204,0,9,"BEF036: Befolkningsframskrivingen for Oslo 2025. Framskrevet folkemengde etter aldersgrupper og geografisk område (D), i ulike scenarioer (alternativer), 2025-2050",Mellomalternativet MMM,Trosterud,Alder i alt,2034,9072
EliminatedValue,0,1204,0,10,"BEF036: Befolkningsframskrivingen for Oslo 2025. Framskrevet folkemengde etter aldersgrupper og geografisk område (D), i ulike scenarioer (alternativer), 2025-2050",Mellomalternativet MMM,Trosterud,Alder i alt,2035,9213
EliminatedValue,0,1204,0,11,"BEF036: Befolkningsframskrivingen for Oslo 2025. Framskrevet folkemengde etter aldersgrupper og geografisk område (D), i ulike scenarioer (alternativer), 2025-2050",Mellomalternativet MMM,Trosterud,Alder i alt,2036,9348
EliminatedValue,0,1204,0,12,"BEF036: Befolkningsframskrivingen for Oslo 2025. Framskrevet folkemengde etter aldersgrupper og geografisk område (D), i ulike scenarioer (alternativer), 2025-2050",Mellomalternativet MMM,Trosterud,Alder i alt,2037,9449
EliminatedValue,0,1204,0,13,"BEF036: Befolkningsframskrivingen for Oslo 2025. Framskrevet folkemengde etter aldersgrupper og geografisk område (D), i ulike scenarioer (alternativer), 2025-2050",Mellomalternativet MMM,Trosterud,Alder i alt,2038,9546
EliminatedValue,0,1204,0,14,"BEF036: Befolkningsframskrivingen for Oslo 2025. Framskrevet folkemengde etter aldersgrupper og geografisk område (D), i ulike scenarioer (alternativer), 2025-2050",Mellomalternativet MMM,Trosterud,Alder i alt,2039,9639
EliminatedValue,0,1204,0,15,"BEF036: Befolkningsframskrivingen for Oslo 2025. Framskrevet folkemengde etter aldersgrupper og geografisk område (D), i ulike scenarioer (alternativer), 2025-2050",Mellomalternativet MMM,Trosterud,Alder i alt,2040,9767
EliminatedValue,0,1204,0,16,"BEF036: Befolkningsframskrivingen for Oslo 2025. Framskrevet folkemengde etter aldersgrupper og geografisk område (D), i ulike scenarioer (alternativer), 2025-2050",Mellomalternativet MMM,Trosterud,Alder i alt,2041,9919
EliminatedValue,0,1204,0,17,"BEF036: Befolkningsframskrivingen for Oslo 2025. Framskrevet folkemengde etter aldersgrupper og geografisk område (D), i ulike scenarioer (alternativer), 2025-2050",Mellomalternativet MMM,Trosterud,Alder i alt,2042,10068
EliminatedValue,0,1204,0,18,"BEF036: Befolkningsframskrivingen for Oslo 2025. Framskrevet folkemengde etter aldersgrupper og geografisk område (D), i ulike scenarioer (alternativer), 2025-2050",Mellomalternativet MMM,Trosterud,Alder i alt,2043,10203
EliminatedValue,0,1204,0,19,"BEF036: Befolkningsframskrivingen for Oslo 2025. Framskrevet folkemengde etter aldersgrupper og geografisk område (D), i ulike scenarioer (alternativer), 2025-2050",Mellomalternativet MMM,Trosterud,Alder i alt,2044,10350
EliminatedValue,0,1204,0,20,"BEF036: Befolkningsframskrivingen for Oslo 2025. Framskrevet folkemengde etter aldersgrupper og geografisk område (D), i ulike scenarioer (alternativer), 2025-2050",Mellomalternativet MMM,Trosterud,Alder i alt,2045,10492
EliminatedValue,0,1204,0,21,"BEF036: Befolkningsframskrivingen for Oslo 2025. Framskrevet folkemengde etter aldersgrupper og geografisk område (D), i ulike scenarioer (alternativer), 2025-2050",Mellomalternativet MMM,Trosterud,Alder i alt,2046,10628
EliminatedValue,0,1204,0,22,"BEF036: Befolkningsframskrivingen for Oslo 2025. Framskrevet folkemengde etter aldersgrupper og geografisk område (D), i ulike scenarioer (alternativer), 2025-2050",Mellomalternativet MMM,Trosterud,Alder i alt,2047,10758
EliminatedValue,0,1204,0,23,"BEF036: Befolkningsframskrivingen for Oslo 2025. Framskrevet folkemengde etter aldersgrupper og geografisk område (D), i ulike scenarioer (alternativer), 2025-2050",Mellomalternativet MMM,Trosterud,Alder i alt,2048,10882
EliminatedValue,0,1204,0,24,"BEF036: Befolkningsframskrivingen for Oslo 2025. Framskrevet folkemengde etter aldersgrupper og geografisk område (D), i ulike scenarioer (alternativer), 2025-2050",Mellomalternativet MMM,Trosterud,Alder i alt,2049,10996
EliminatedValue,0,1204,0,25,"BEF036: Befolkningsframskrivingen for Oslo 2025. Framskrevet folkemengde etter aldersgrupper og geografisk område (D), i ulike scenarioer (alternativer), 2025-2050",Mellomalternativet MMM,Trosterud,Alder i alt,2050,11100
EliminatedValue,0,1205,0,0,"BEF036: Befolkningsframskrivingen for Oslo 2025. Framskrevet folkemengde etter aldersgrupper og geografisk område (D), i ulike scenarioer (alternativer), 2025-2050",Mellomalternativet MMM,Hellerudtoppen,Alder i alt,2025,3772
EliminatedValue,0,1205,0,1,"BEF036: Befolkningsframskrivingen for Oslo 2025. Framskrevet folkemengde etter aldersgrupper og geografisk område (D), i ulike scenarioer (alternativer), 2025-2050",Mellomalternativet MMM,Hellerudtoppen,Alder i alt,2026,3771
EliminatedValue,0,1205,0,2,"BEF036: Befolkningsframskrivingen for Oslo 2025. Framskrevet folkemengde etter aldersgrupper og geografisk område (D), i ulike scenarioer (alternativer), 2025-2050",Mellomalternativet MMM,Hellerudtoppen,Alder i alt,2027,3756
EliminatedValue,0,1205,0,3,"BEF036: Befolkningsframskrivingen for Oslo 2025. Framskrevet folkemengde etter aldersgrupper og geografisk område (D), i ulike scenarioer (alternativer), 2025-2050",Mellomalternativet MMM,Hellerudtoppen,Alder i alt,2028,3751
EliminatedValue,0,1205,0,4,"BEF036: Befolkningsframskrivingen for Oslo 2025. Framskrevet folkemengde etter aldersgrupper og geografisk område (D), i ulike scenarioer (alternativer), 2025-2050",Mellomalternativet MMM,Hellerudtoppen,Alder i alt,2029,3746
EliminatedValue,0,1205,0,5,"BEF036: Befolkningsframskrivingen for Oslo 2025. Framskrevet folkemengde etter aldersgrupper og geografisk område (D), i ulike scenarioer (alternativer), 2025-2050",Mellomalternativet MMM,Hellerudtoppen,Alder i alt,2030,3737
EliminatedValue,0,1205,0,6,"BEF036: Befolkningsframskrivingen for Oslo 2025. Framskrevet folkemengde etter aldersgrupper og geografisk område (D), i ulike scenarioer (alternativer), 2025-2050",Mellomalternativet MMM,Hellerudtoppen,Alder i alt,2031,3732
EliminatedValue,0,1205,0,7,"BEF036: Befolkningsframskrivingen for Oslo 2025. Framskrevet folkemengde etter aldersgrupper og geografisk område (D), i ulike scenarioer (alternativer), 2025-2050",Mellomalternativet MMM,Hellerudtoppen,Alder i alt,2032,3731
EliminatedValue,0,1205,0,8,"BEF036: Befolkningsframskrivingen for Oslo 2025. Framskrevet folkemengde etter aldersgrupper og geografisk område (D), i ulike scenarioer (alternativer), 2025-2050",Mellomalternativet MMM,Hellerudtoppen,Alder i alt,2033,3732
EliminatedValue,0,1205,0,9,"BEF036: Befolkningsframskrivingen for Oslo 2025. Framskrevet folkemengde etter aldersgrupper og geografisk område (D), i ulike scenarioer (alternativer), 2025-2050",Mellomalternativet MMM,Hellerudtoppen,Alder i alt,2034,3733
EliminatedValue,0,1205,0,10,"BEF036: Befolkningsframskrivingen for Oslo 2025. Framskrevet folkemengde etter aldersgrupper og geografisk område (D), i ulike scenarioer (alternativer), 2025-2050",Mellomalternativet MMM,Hellerudtoppen,Alder i alt,2035,3735
EliminatedValue,0,1205,0,11,"BEF036: Befolkningsframskrivingen for Oslo 2025. Framskrevet folkemengde etter aldersgrupper og geografisk område (D), i ulike scenarioer (alternativer), 2025-2050",Mellomalternativet MMM,Hellerudtoppen,Alder i alt,2036,3738
EliminatedValue,0,1205,0,12,"BEF036: Befolkningsframskrivingen for Oslo 2025. Framskrevet folkemengde etter aldersgrupper og geografisk område (D), i ulike scenarioer (alternativer), 2025-2050",Mellomalternativet MMM,Hellerudtoppen,Alder i alt,2037,3742
EliminatedValue,0,1205,0,13,"BEF036: Befolkningsframskrivingen for Oslo 2025. Framskrevet folkemengde etter aldersgrupper og geografisk område (D), i ulike scenarioer (alternativer), 2025-2050",Mellomalternativet MMM,Hellerudtoppen,Alder i alt,2038,3744
EliminatedValue,0,1205,0,14,"BEF036: Befolkningsframskrivingen for Oslo 2025. Framskrevet folkemengde etter aldersgrupper og geografisk område (D), i ulike scenarioer (alternativer), 2025-2050",Mellomalternativet MMM,Hellerudtoppen,Alder i alt,2039,3745
EliminatedValue,0,1205,0,15,"BEF036: Befolkningsframskrivingen for Oslo 2025. Framskrevet folkemengde etter aldersgrupper og geografisk område (D), i ulike scenarioer (alternativer), 2025-2050",Mellomalternativet MMM,Hellerudtoppen,Alder i alt,2040,3747
EliminatedValue,0,1205,0,16,"BEF036: Befolkningsframskrivingen for Oslo 2025. Framskrevet folkemengde etter aldersgrupper og geografisk område (D), i ulike scenarioer (alternativer), 2025-2050",Mellomalternativet MMM,Hellerudtoppen,Alder i alt,2041,3745
EliminatedValue,0,1205,0,17,"BEF036: Befolkningsframskrivingen for Oslo 2025. Framskrevet folkemengde etter aldersgrupper og geografisk område (D), i ulike scenarioer (alternativer), 2025-2050",Mellomalternativet MMM,Hellerudtoppen,Alder i alt,2042,3743
EliminatedValue,0,1205,0,18,"BEF036: Befolkningsframskrivingen for Oslo 2025. Framskrevet folkemengde etter aldersgrupper og geografisk område (D), i ulike scenarioer (alternativer), 2025-2050",Mellomalternativet MMM,Hellerudtoppen,Alder i alt,2043,3741
EliminatedValue,0,1205,0,19,"BEF036: Befolkningsframskrivingen for Oslo 2025. Framskrevet folkemengde etter aldersgrupper og geografisk område (D), i ulike scenarioer (alternativer), 2025-2050",Mellomalternativet MMM,Hellerudtoppen,Alder i alt,2044,3740
EliminatedValue,0,1205,0,20,"BEF036: Befolkningsframskrivingen for Oslo 2025. Framskrevet folkemengde etter aldersgrupper og geografisk område (D), i ulike scenarioer (alternativer), 2025-2050",Mellomalternativet MMM,Hellerudtoppen,Alder i alt,2045,3740
EliminatedValue,0,1205,0,21,"BEF036: Befolkningsframskrivingen for Oslo 2025. Framskrevet folkemengde etter aldersgrupper og geografisk område (D), i ulike scenarioer (alternativer), 2025-2050",Mellomalternativet MMM,Hellerudtoppen,Alder i alt,2046,3740
EliminatedValue,0,1205,0,22,"BEF036: Befolkningsframskrivingen for Oslo 2025. Framskrevet folkemengde etter aldersgrupper og geografisk område (D), i ulike scenarioer (alternativer), 2025-2050",Mellomalternativet MMM,Hellerudtoppen,Alder i alt,2047,3740
EliminatedValue,0,1205,0,23,"BEF036: Befolkningsframskrivingen for Oslo 2025. Framskrevet folkemengde etter aldersgrupper og geografisk område (D), i ulike scenarioer (alternativer), 2025-2050",Mellomalternativet MMM,Hellerudtoppen,Alder i alt,2048,3738
EliminatedValue,0,1205,0,24,"BEF036: Befolkningsframskrivingen for Oslo 2025. Framskrevet folkemengde etter aldersgrupper og geografisk område (D), i ulike scenarioer (alternativer), 2025-2050",Mellomalternativet MMM,Hellerudtoppen,Alder i alt,2049,3734
EliminatedValue,0,1205,0,25,"BEF036: Befolkningsframskrivingen for Oslo 2025. Framskrevet folkemengde etter aldersgrupper og geografisk område (D), i ulike scenarioer (alternativer), 2025-2050",Mellomalternativet MMM,Hellerudtoppen,Alder i alt,2050,3730
EliminatedValue,0,1206,0,0,"BEF036: Befolkningsframskrivingen for Oslo 2025. Framskrevet folkemengde etter aldersgrupper og geografisk område (D), i ulike scenarioer (alternativer), 2025-2050",Mellomalternativet MMM,Tveita,Alder i alt,2025,5740
EliminatedValue,0,1206,0,1,"BEF036: Befolkningsframskrivingen for Oslo 2025. Framskrevet folkemengde etter aldersgrupper og geografisk område (D), i ulike scenarioer (alternativer), 2025-2050",Mellomalternativet MMM,Tveita,Alder i alt,2026,5754
EliminatedValue,0,1206,0,2,"BEF036: Befolkningsframskrivingen for Oslo 2025. Framskrevet folkemengde etter aldersgrupper og geografisk område (D), i ulike scenarioer (alternativer), 2025-2050",Mellomalternativet MMM,Tveita,Alder i alt,2027,5767
EliminatedValue,0,1206,0,3,"BEF036: Befolkningsframskrivingen for Oslo 2025. Framskrevet folkemengde etter aldersgrupper og geografisk område (D), i ulike scenarioer (alternativer), 2025-2050",Mellomalternativet MMM,Tveita,Alder i alt,2028,5781
EliminatedValue,0,1206,0,4,"BEF036: Befolkningsframskrivingen for Oslo 2025. Framskrevet folkemengde etter aldersgrupper og geografisk område (D), i ulike scenarioer (alternativer), 2025-2050",Mellomalternativet MMM,Tveita,Alder i alt,2029,5801
EliminatedValue,0,1206,0,5,"BEF036: Befolkningsframskrivingen for Oslo 2025. Framskrevet folkemengde etter aldersgrupper og geografisk område (D), i ulike scenarioer (alternativer), 2025-2050",Mellomalternativet MMM,Tveita,Alder i alt,2030,5832
EliminatedValue,0,1206,0,6,"BEF036: Befolkningsframskrivingen for Oslo 2025. Framskrevet folkemengde etter aldersgrupper og geografisk område (D), i ulike scenarioer (alternativer), 2025-2050",Mellomalternativet MMM,Tveita,Alder i alt,2031,5856
EliminatedValue,0,1206,0,7,"BEF036: Befolkningsframskrivingen for Oslo 2025. Framskrevet folkemengde etter aldersgrupper og geografisk område (D), i ulike scenarioer (alternativer), 2025-2050",Mellomalternativet MMM,Tveita,Alder i alt,2032,5862
EliminatedValue,0,1206,0,8,"BEF036: Befolkningsframskrivingen for Oslo 2025. Framskrevet folkemengde etter aldersgrupper og geografisk område (D), i ulike scenarioer (alternativer), 2025-2050",Mellomalternativet MMM,Tveita,Alder i alt,2033,5855
EliminatedValue,0,1206,0,9,"BEF036: Befolkningsframskrivingen for Oslo 2025. Framskrevet folkemengde etter aldersgrupper og geografisk område (D), i ulike scenarioer (alternativer), 2025-2050",Mellomalternativet MMM,Tveita,Alder i alt,2034,5850
EliminatedValue,0,1206,0,10,"BEF036: Befolkningsframskrivingen for Oslo 2025. Framskrevet folkemengde etter aldersgrupper og geografisk område (D), i ulike scenarioer (alternativer), 2025-2050",Mellomalternativet MMM,Tveita,Alder i alt,2035,5846
EliminatedValue,0,1206,0,11,"BEF036: Befolkningsframskrivingen for Oslo 2025. Framskrevet folkemengde etter aldersgrupper og geografisk område (D), i ulike scenarioer (alternativer), 2025-2050",Mellomalternativet MMM,Tveita,Alder i alt,2036,5843
EliminatedValue,0,1206,0,12,"BEF036: Befolkningsframskrivingen for Oslo 2025. Framskrevet folkemengde etter aldersgrupper og geografisk område (D), i ulike scenarioer (alternativer), 2025-2050",Mellomalternativet MMM,Tveita,Alder i alt,2037,5843
EliminatedValue,0,1206,0,13,"BEF036: Befolkningsframskrivingen for Oslo 2025. Framskrevet folkemengde etter aldersgrupper og geografisk område (D), i ulike scenarioer (alternativer), 2025-2050",Mellomalternativet MMM,Tveita,Alder i alt,2038,5844
EliminatedValue,0,1206,0,14,"BEF036: Befolkningsframskrivingen for Oslo 2025. Framskrevet folkemengde etter aldersgrupper og geografisk område (D), i ulike scenarioer (alternativer), 2025-2050",Mellomalternativet MMM,Tveita,Alder i alt,2039,5846
EliminatedValue,0,1206,0,15,"BEF036: Befolkningsframskrivingen for Oslo 2025. Framskrevet folkemengde etter aldersgrupper og geografisk område (D), i ulike scenarioer (alternativer), 2025-2050",Mellomalternativet MMM,Tveita,Alder i alt,2040,5886
EliminatedValue,0,1206,0,16,"BEF036: Befolkningsframskrivingen for Oslo 2025. Framskrevet folkemengde etter aldersgrupper og geografisk område (D), i ulike scenarioer (alternativer), 2025-2050",Mellomalternativet MMM,Tveita,Alder i alt,2041,5951
EliminatedValue,0,1206,0,17,"BEF036: Befolkningsframskrivingen for Oslo 2025. Framskrevet folkemengde etter aldersgrupper og geografisk område (D), i ulike scenarioer (alternativer), 2025-2050",Mellomalternativet MMM,Tveita,Alder i alt,2042,6041
EliminatedValue,0,1206,0,18,"BEF036: Befolkningsframskrivingen for Oslo 2025. Framskrevet folkemengde etter aldersgrupper og geografisk område (D), i ulike scenarioer (alternativer), 2025-2050",Mellomalternativet MMM,Tveita,Alder i alt,2043,6143
EliminatedValue,0,1206,0,19,"BEF036: Befolkningsframskrivingen for Oslo 2025. Framskrevet folkemengde etter aldersgrupper og geografisk område (D), i ulike scenarioer (alternativer), 2025-2050",Mellomalternativet MMM,Tveita,Alder i alt,2044,6253
EliminatedValue,0,1206,0,20,"BEF036: Befolkningsframskrivingen for Oslo 2025. Framskrevet folkemengde etter aldersgrupper og geografisk område (D), i ulike scenarioer (alternativer), 2025-2050",Mellomalternativet MMM,Tveita,Alder i alt,2045,6355
EliminatedValue,0,1206,0,21,"BEF036: Befolkningsframskrivingen for Oslo 2025. Framskrevet folkemengde etter aldersgrupper og geografisk område (D), i ulike scenarioer (alternativer), 2025-2050",Mellomalternativet MMM,Tveita,Alder i alt,2046,6451
EliminatedValue,0,1206,0,22,"BEF036: Befolkningsframskrivingen for Oslo 2025. Framskrevet folkemengde etter aldersgrupper og geografisk område (D), i ulike scenarioer (alternativer), 2025-2050",Mellomalternativet MMM,Tveita,Alder i alt,2047,6570
EliminatedValue,0,1206,0,23,"BEF036: Befolkningsframskrivingen for Oslo 2025. Framskrevet folkemengde etter aldersgrupper og geografisk område (D), i ulike scenarioer (alternativer), 2025-2050",Mellomalternativet MMM,Tveita,Alder i alt,2048,6712
EliminatedValue,0,1206,0,24,"BEF036: Befolkningsframskrivingen for Oslo 2025. Framskrevet folkemengde etter aldersgrupper og geografisk område (D), i ulike scenarioer (alternativer), 2025-2050",Mellomalternativet MMM,Tveita,Alder i alt,2049,6883
EliminatedValue,0,1206,0,25,"BEF036: Befolkningsframskrivingen for Oslo 2025. Framskrevet folkemengde etter aldersgrupper og geografisk område (D), i ulike scenarioer (alternativer), 2025-2050",Mellomalternativet MMM,Tveita,Alder i alt,2050,7075
EliminatedValue,0,1207,0,0,"BEF036: Befolkningsframskrivingen for Oslo 2025. Framskrevet folkemengde etter aldersgrupper og geografisk område (D), i ulike scenarioer (alternativer), 2025-2050",Mellomalternativet MMM,Teisen,Alder i alt,2025,6051
EliminatedValue,0,1207,0,1,"BEF036: Befolkningsframskrivingen for Oslo 2025. Framskrevet folkemengde etter aldersgrupper og geografisk område (D), i ulike scenarioer (alternativer), 2025-2050",Mellomalternativet MMM,Teisen,Alder i alt,2026,6049
EliminatedValue,0,1207,0,2,"BEF036: Befolkningsframskrivingen for Oslo 2025. Framskrevet folkemengde etter aldersgrupper og geografisk område (D), i ulike scenarioer (alternativer), 2025-2050",Mellomalternativet MMM,Teisen,Alder i alt,2027,6062
EliminatedValue,0,1207,0,3,"BEF036: Befolkningsframskrivingen for Oslo 2025. Framskrevet folkemengde etter aldersgrupper og geografisk område (D), i ulike scenarioer (alternativer), 2025-2050",Mellomalternativet MMM,Teisen,Alder i alt,2028,6079
EliminatedValue,0,1207,0,4,"BEF036: Befolkningsframskrivingen for Oslo 2025. Framskrevet folkemengde etter aldersgrupper og geografisk område (D), i ulike scenarioer (alternativer), 2025-2050",Mellomalternativet MMM,Teisen,Alder i alt,2029,6089
EliminatedValue,0,1207,0,5,"BEF036: Befolkningsframskrivingen for Oslo 2025. Framskrevet folkemengde etter aldersgrupper og geografisk område (D), i ulike scenarioer (alternativer), 2025-2050",Mellomalternativet MMM,Teisen,Alder i alt,2030,6084
EliminatedValue,0,1207,0,6,"BEF036: Befolkningsframskrivingen for Oslo 2025. Framskrevet folkemengde etter aldersgrupper og geografisk område (D), i ulike scenarioer (alternativer), 2025-2050",Mellomalternativet MMM,Teisen,Alder i alt,2031,6114
EliminatedValue,0,1207,0,7,"BEF036: Befolkningsframskrivingen for Oslo 2025. Framskrevet folkemengde etter aldersgrupper og geografisk område (D), i ulike scenarioer (alternativer), 2025-2050",Mellomalternativet MMM,Teisen,Alder i alt,2032,6161
EliminatedValue,0,1207,0,8,"BEF036: Befolkningsframskrivingen for Oslo 2025. Framskrevet folkemengde etter aldersgrupper og geografisk område (D), i ulike scenarioer (alternativer), 2025-2050",Mellomalternativet MMM,Teisen,Alder i alt,2033,6222
EliminatedValue,0,1207,0,9,"BEF036: Befolkningsframskrivingen for Oslo 2025. Framskrevet folkemengde etter aldersgrupper og geografisk område (D), i ulike scenarioer (alternativer), 2025-2050",Mellomalternativet MMM,Teisen,Alder i alt,2034,6281
EliminatedValue,0,1207,0,10,"BEF036: Befolkningsframskrivingen for Oslo 2025. Framskrevet folkemengde etter aldersgrupper og geografisk område (D), i ulike scenarioer (alternativer), 2025-2050",Mellomalternativet MMM,Teisen,Alder i alt,2035,6337
EliminatedValue,0,1207,0,11,"BEF036: Befolkningsframskrivingen for Oslo 2025. Framskrevet folkemengde etter aldersgrupper og geografisk område (D), i ulike scenarioer (alternativer), 2025-2050",Mellomalternativet MMM,Teisen,Alder i alt,2036,6392
EliminatedValue,0,1207,0,12,"BEF036: Befolkningsframskrivingen for Oslo 2025. Framskrevet folkemengde etter aldersgrupper og geografisk område (D), i ulike scenarioer (alternativer), 2025-2050",Mellomalternativet MMM,Teisen,Alder i alt,2037,6427
EliminatedValue,0,1207,0,13,"BEF036: Befolkningsframskrivingen for Oslo 2025. Framskrevet folkemengde etter aldersgrupper og geografisk område (D), i ulike scenarioer (alternativer), 2025-2050",Mellomalternativet MMM,Teisen,Alder i alt,2038,6461
EliminatedValue,0,1207,0,14,"BEF036: Befolkningsframskrivingen for Oslo 2025. Framskrevet folkemengde etter aldersgrupper og geografisk område (D), i ulike scenarioer (alternativer), 2025-2050",Mellomalternativet MMM,Teisen,Alder i alt,2039,6493
EliminatedValue,0,1207,0,15,"BEF036: Befolkningsframskrivingen for Oslo 2025. Framskrevet folkemengde etter aldersgrupper og geografisk område (D), i ulike scenarioer (alternativer), 2025-2050",Mellomalternativet MMM,Teisen,Alder i alt,2040,6611
EliminatedValue,0,1207,0,16,"BEF036: Befolkningsframskrivingen for Oslo 2025. Framskrevet folkemengde etter aldersgrupper og geografisk område (D), i ulike scenarioer (alternativer), 2025-2050",Mellomalternativet MMM,Teisen,Alder i alt,2041,6799
EliminatedValue,0,1207,0,17,"BEF036: Befolkningsframskrivingen for Oslo 2025. Framskrevet folkemengde etter aldersgrupper og geografisk område (D), i ulike scenarioer (alternativer), 2025-2050",Mellomalternativet MMM,Teisen,Alder i alt,2042,7043
EliminatedValue,0,1207,0,18,"BEF036: Befolkningsframskrivingen for Oslo 2025. Framskrevet folkemengde etter aldersgrupper og geografisk område (D), i ulike scenarioer (alternativer), 2025-2050",Mellomalternativet MMM,Teisen,Alder i alt,2043,7324
EliminatedValue,0,1207,0,19,"BEF036: Befolkningsframskrivingen for Oslo 2025. Framskrevet folkemengde etter aldersgrupper og geografisk område (D), i ulike scenarioer (alternativer), 2025-2050",Mellomalternativet MMM,Teisen,Alder i alt,2044,7630
EliminatedValue,0,1207,0,20,"BEF036: Befolkningsframskrivingen for Oslo 2025. Framskrevet folkemengde etter aldersgrupper og geografisk område (D), i ulike scenarioer (alternativer), 2025-2050",Mellomalternativet MMM,Teisen,Alder i alt,2045,7918
EliminatedValue,0,1207,0,21,"BEF036: Befolkningsframskrivingen for Oslo 2025. Framskrevet folkemengde etter aldersgrupper og geografisk område (D), i ulike scenarioer (alternativer), 2025-2050",Mellomalternativet MMM,Teisen,Alder i alt,2046,8188
EliminatedValue,0,1207,0,22,"BEF036: Befolkningsframskrivingen for Oslo 2025. Framskrevet folkemengde etter aldersgrupper og geografisk område (D), i ulike scenarioer (alternativer), 2025-2050",Mellomalternativet MMM,Teisen,Alder i alt,2047,8462
EliminatedValue,0,1207,0,23,"BEF036: Befolkningsframskrivingen for Oslo 2025. Framskrevet folkemengde etter aldersgrupper og geografisk område (D), i ulike scenarioer (alternativer), 2025-2050",Mellomalternativet MMM,Teisen,Alder i alt,2048,8743
EliminatedValue,0,1207,0,24,"BEF036: Befolkningsframskrivingen for Oslo 2025. Framskrevet folkemengde etter aldersgrupper og geografisk område (D), i ulike scenarioer (alternativer), 2025-2050",Mellomalternativet MMM,Teisen,Alder i alt,2049,9026
EliminatedValue,0,1207,0,25,"BEF036: Befolkningsframskrivingen for Oslo 2025. Framskrevet folkemengde etter aldersgrupper og geografisk område (D), i ulike scenarioer (alternativer), 2025-2050",Mellomalternativet MMM,Teisen,Alder i alt,2050,9309
EliminatedValue,0,1301,0,0,"BEF036: Befolkningsframskrivingen for Oslo 2025. Framskrevet folkemengde etter aldersgrupper og geografisk område (D), i ulike scenarioer (alternativer), 2025-2050",Mellomalternativet MMM,Manglerud,Alder i alt,2025,11424
EliminatedValue,0,1301,0,1,"BEF036: Befolkningsframskrivingen for Oslo 2025. Framskrevet folkemengde etter aldersgrupper og geografisk område (D), i ulike scenarioer (alternativer), 2025-2050",Mellomalternativet MMM,Manglerud,Alder i alt,2026,11512
EliminatedValue,0,1301,0,2,"BEF036: Befolkningsframskrivingen for Oslo 2025. Framskrevet folkemengde etter aldersgrupper og geografisk område (D), i ulike scenarioer (alternativer), 2025-2050",Mellomalternativet MMM,Manglerud,Alder i alt,2027,11598
EliminatedValue,0,1301,0,3,"BEF036: Befolkningsframskrivingen for Oslo 2025. Framskrevet folkemengde etter aldersgrupper og geografisk område (D), i ulike scenarioer (alternativer), 2025-2050",Mellomalternativet MMM,Manglerud,Alder i alt,2028,11680
EliminatedValue,0,1301,0,4,"BEF036: Befolkningsframskrivingen for Oslo 2025. Framskrevet folkemengde etter aldersgrupper og geografisk område (D), i ulike scenarioer (alternativer), 2025-2050",Mellomalternativet MMM,Manglerud,Alder i alt,2029,11750
EliminatedValue,0,1301,0,5,"BEF036: Befolkningsframskrivingen for Oslo 2025. Framskrevet folkemengde etter aldersgrupper og geografisk område (D), i ulike scenarioer (alternativer), 2025-2050",Mellomalternativet MMM,Manglerud,Alder i alt,2030,11812
EliminatedValue,0,1301,0,6,"BEF036: Befolkningsframskrivingen for Oslo 2025. Framskrevet folkemengde etter aldersgrupper og geografisk område (D), i ulike scenarioer (alternativer), 2025-2050",Mellomalternativet MMM,Manglerud,Alder i alt,2031,11898
EliminatedValue,0,1301,0,7,"BEF036: Befolkningsframskrivingen for Oslo 2025. Framskrevet folkemengde etter aldersgrupper og geografisk område (D), i ulike scenarioer (alternativer), 2025-2050",Mellomalternativet MMM,Manglerud,Alder i alt,2032,11994
EliminatedValue,0,1301,0,8,"BEF036: Befolkningsframskrivingen for Oslo 2025. Framskrevet folkemengde etter aldersgrupper og geografisk område (D), i ulike scenarioer (alternativer), 2025-2050",Mellomalternativet MMM,Manglerud,Alder i alt,2033,12095
EliminatedValue,0,1301,0,9,"BEF036: Befolkningsframskrivingen for Oslo 2025. Framskrevet folkemengde etter aldersgrupper og geografisk område (D), i ulike scenarioer (alternativer), 2025-2050",Mellomalternativet MMM,Manglerud,Alder i alt,2034,12197
EliminatedValue,0,1301,0,10,"BEF036: Befolkningsframskrivingen for Oslo 2025. Framskrevet folkemengde etter aldersgrupper og geografisk område (D), i ulike scenarioer (alternativer), 2025-2050",Mellomalternativet MMM,Manglerud,Alder i alt,2035,12299
EliminatedValue,0,1301,0,11,"BEF036: Befolkningsframskrivingen for Oslo 2025. Framskrevet folkemengde etter aldersgrupper og geografisk område (D), i ulike scenarioer (alternativer), 2025-2050",Mellomalternativet MMM,Manglerud,Alder i alt,2036,12412
EliminatedValue,0,1301,0,12,"BEF036: Befolkningsframskrivingen for Oslo 2025. Framskrevet folkemengde etter aldersgrupper og geografisk område (D), i ulike scenarioer (alternativer), 2025-2050",Mellomalternativet MMM,Manglerud,Alder i alt,2037,12555
EliminatedValue,0,1301,0,13,"BEF036: Befolkningsframskrivingen for Oslo 2025. Framskrevet folkemengde etter aldersgrupper og geografisk område (D), i ulike scenarioer (alternativer), 2025-2050",Mellomalternativet MMM,Manglerud,Alder i alt,2038,12705
EliminatedValue,0,1301,0,14,"BEF036: Befolkningsframskrivingen for Oslo 2025. Framskrevet folkemengde etter aldersgrupper og geografisk område (D), i ulike scenarioer (alternativer), 2025-2050",Mellomalternativet MMM,Manglerud,Alder i alt,2039,12874
EliminatedValue,0,1301,0,15,"BEF036: Befolkningsframskrivingen for Oslo 2025. Framskrevet folkemengde etter aldersgrupper og geografisk område (D), i ulike scenarioer (alternativer), 2025-2050",Mellomalternativet MMM,Manglerud,Alder i alt,2040,13025
EliminatedValue,0,1301,0,16,"BEF036: Befolkningsframskrivingen for Oslo 2025. Framskrevet folkemengde etter aldersgrupper og geografisk område (D), i ulike scenarioer (alternativer), 2025-2050",Mellomalternativet MMM,Manglerud,Alder i alt,2041,13187
EliminatedValue,0,1301,0,17,"BEF036: Befolkningsframskrivingen for Oslo 2025. Framskrevet folkemengde etter aldersgrupper og geografisk område (D), i ulike scenarioer (alternativer), 2025-2050",Mellomalternativet MMM,Manglerud,Alder i alt,2042,13357
EliminatedValue,0,1301,0,18,"BEF036: Befolkningsframskrivingen for Oslo 2025. Framskrevet folkemengde etter aldersgrupper og geografisk område (D), i ulike scenarioer (alternativer), 2025-2050",Mellomalternativet MMM,Manglerud,Alder i alt,2043,13529
EliminatedValue,0,1301,0,19,"BEF036: Befolkningsframskrivingen for Oslo 2025. Framskrevet folkemengde etter aldersgrupper og geografisk område (D), i ulike scenarioer (alternativer), 2025-2050",Mellomalternativet MMM,Manglerud,Alder i alt,2044,13700
EliminatedValue,0,1301,0,20,"BEF036: Befolkningsframskrivingen for Oslo 2025. Framskrevet folkemengde etter aldersgrupper og geografisk område (D), i ulike scenarioer (alternativer), 2025-2050",Mellomalternativet MMM,Manglerud,Alder i alt,2045,13867
EliminatedValue,0,1301,0,21,"BEF036: Befolkningsframskrivingen for Oslo 2025. Framskrevet folkemengde etter aldersgrupper og geografisk område (D), i ulike scenarioer (alternativer), 2025-2050",Mellomalternativet MMM,Manglerud,Alder i alt,2046,14028
EliminatedValue,0,1301,0,22,"BEF036: Befolkningsframskrivingen for Oslo 2025. Framskrevet folkemengde etter aldersgrupper og geografisk område (D), i ulike scenarioer (alternativer), 2025-2050",Mellomalternativet MMM,Manglerud,Alder i alt,2047,14165
EliminatedValue,0,1301,0,23,"BEF036: Befolkningsframskrivingen for Oslo 2025. Framskrevet folkemengde etter aldersgrupper og geografisk område (D), i ulike scenarioer (alternativer), 2025-2050",Mellomalternativet MMM,Manglerud,Alder i alt,2048,14275
EliminatedValue,0,1301,0,24,"BEF036: Befolkningsframskrivingen for Oslo 2025. Framskrevet folkemengde etter aldersgrupper og geografisk område (D), i ulike scenarioer (alternativer), 2025-2050",Mellomalternativet MMM,Manglerud,Alder i alt,2049,14351
EliminatedValue,0,1301,0,25,"BEF036: Befolkningsframskrivingen for Oslo 2025. Framskrevet folkemengde etter aldersgrupper og geografisk område (D), i ulike scenarioer (alternativer), 2025-2050",Mellomalternativet MMM,Manglerud,Alder i alt,2050,14395
EliminatedValue,0,1302,0,0,"BEF036: Befolkningsframskrivingen for Oslo 2025. Framskrevet folkemengde etter aldersgrupper og geografisk område (D), i ulike scenarioer (alternativer), 2025-2050",Mellomalternativet MMM,Godlia,Alder i alt,2025,9461
EliminatedValue,0,1302,0,1,"BEF036: Befolkningsframskrivingen for Oslo 2025. Framskrevet folkemengde etter aldersgrupper og geografisk område (D), i ulike scenarioer (alternativer), 2025-2050",Mellomalternativet MMM,Godlia,Alder i alt,2026,9525
EliminatedValue,0,1302,0,2,"BEF036: Befolkningsframskrivingen for Oslo 2025. Framskrevet folkemengde etter aldersgrupper og geografisk område (D), i ulike scenarioer (alternativer), 2025-2050",Mellomalternativet MMM,Godlia,Alder i alt,2027,9549
EliminatedValue,0,1302,0,3,"BEF036: Befolkningsframskrivingen for Oslo 2025. Framskrevet folkemengde etter aldersgrupper og geografisk område (D), i ulike scenarioer (alternativer), 2025-2050",Mellomalternativet MMM,Godlia,Alder i alt,2028,9593
EliminatedValue,0,1302,0,4,"BEF036: Befolkningsframskrivingen for Oslo 2025. Framskrevet folkemengde etter aldersgrupper og geografisk område (D), i ulike scenarioer (alternativer), 2025-2050",Mellomalternativet MMM,Godlia,Alder i alt,2029,9652
EliminatedValue,0,1302,0,5,"BEF036: Befolkningsframskrivingen for Oslo 2025. Framskrevet folkemengde etter aldersgrupper og geografisk område (D), i ulike scenarioer (alternativer), 2025-2050",Mellomalternativet MMM,Godlia,Alder i alt,2030,9743
EliminatedValue,0,1302,0,6,"BEF036: Befolkningsframskrivingen for Oslo 2025. Framskrevet folkemengde etter aldersgrupper og geografisk område (D), i ulike scenarioer (alternativer), 2025-2050",Mellomalternativet MMM,Godlia,Alder i alt,2031,9822
EliminatedValue,0,1302,0,7,"BEF036: Befolkningsframskrivingen for Oslo 2025. Framskrevet folkemengde etter aldersgrupper og geografisk område (D), i ulike scenarioer (alternativer), 2025-2050",Mellomalternativet MMM,Godlia,Alder i alt,2032,9887
EliminatedValue,0,1302,0,8,"BEF036: Befolkningsframskrivingen for Oslo 2025. Framskrevet folkemengde etter aldersgrupper og geografisk område (D), i ulike scenarioer (alternativer), 2025-2050",Mellomalternativet MMM,Godlia,Alder i alt,2033,9927
EliminatedValue,0,1302,0,9,"BEF036: Befolkningsframskrivingen for Oslo 2025. Framskrevet folkemengde etter aldersgrupper og geografisk område (D), i ulike scenarioer (alternativer), 2025-2050",Mellomalternativet MMM,Godlia,Alder i alt,2034,9964
EliminatedValue,0,1302,0,10,"BEF036: Befolkningsframskrivingen for Oslo 2025. Framskrevet folkemengde etter aldersgrupper og geografisk område (D), i ulike scenarioer (alternativer), 2025-2050",Mellomalternativet MMM,Godlia,Alder i alt,2035,9996
EliminatedValue,0,1302,0,11,"BEF036: Befolkningsframskrivingen for Oslo 2025. Framskrevet folkemengde etter aldersgrupper og geografisk område (D), i ulike scenarioer (alternativer), 2025-2050",Mellomalternativet MMM,Godlia,Alder i alt,2036,10023
EliminatedValue,0,1302,0,12,"BEF036: Befolkningsframskrivingen for Oslo 2025. Framskrevet folkemengde etter aldersgrupper og geografisk område (D), i ulike scenarioer (alternativer), 2025-2050",Mellomalternativet MMM,Godlia,Alder i alt,2037,10045
EliminatedValue,0,1302,0,13,"BEF036: Befolkningsframskrivingen for Oslo 2025. Framskrevet folkemengde etter aldersgrupper og geografisk område (D), i ulike scenarioer (alternativer), 2025-2050",Mellomalternativet MMM,Godlia,Alder i alt,2038,10063
EliminatedValue,0,1302,0,14,"BEF036: Befolkningsframskrivingen for Oslo 2025. Framskrevet folkemengde etter aldersgrupper og geografisk område (D), i ulike scenarioer (alternativer), 2025-2050",Mellomalternativet MMM,Godlia,Alder i alt,2039,10077
EliminatedValue,0,1302,0,15,"BEF036: Befolkningsframskrivingen for Oslo 2025. Framskrevet folkemengde etter aldersgrupper og geografisk område (D), i ulike scenarioer (alternativer), 2025-2050",Mellomalternativet MMM,Godlia,Alder i alt,2040,10107
EliminatedValue,0,1302,0,16,"BEF036: Befolkningsframskrivingen for Oslo 2025. Framskrevet folkemengde etter aldersgrupper og geografisk område (D), i ulike scenarioer (alternativer), 2025-2050",Mellomalternativet MMM,Godlia,Alder i alt,2041,10141
EliminatedValue,0,1302,0,17,"BEF036: Befolkningsframskrivingen for Oslo 2025. Framskrevet folkemengde etter aldersgrupper og geografisk område (D), i ulike scenarioer (alternativer), 2025-2050",Mellomalternativet MMM,Godlia,Alder i alt,2042,10183
EliminatedValue,0,1302,0,18,"BEF036: Befolkningsframskrivingen for Oslo 2025. Framskrevet folkemengde etter aldersgrupper og geografisk område (D), i ulike scenarioer (alternativer), 2025-2050",Mellomalternativet MMM,Godlia,Alder i alt,2043,10233
EliminatedValue,0,1302,0,19,"BEF036: Befolkningsframskrivingen for Oslo 2025. Framskrevet folkemengde etter aldersgrupper og geografisk område (D), i ulike scenarioer (alternativer), 2025-2050",Mellomalternativet MMM,Godlia,Alder i alt,2044,10288
EliminatedValue,0,1302,0,20,"BEF036: Befolkningsframskrivingen for Oslo 2025. Framskrevet folkemengde etter aldersgrupper og geografisk område (D), i ulike scenarioer (alternativer), 2025-2050",Mellomalternativet MMM,Godlia,Alder i alt,2045,10341
EliminatedValue,0,1302,0,21,"BEF036: Befolkningsframskrivingen for Oslo 2025. Framskrevet folkemengde etter aldersgrupper og geografisk område (D), i ulike scenarioer (alternativer), 2025-2050",Mellomalternativet MMM,Godlia,Alder i alt,2046,10391
EliminatedValue,0,1302,0,22,"BEF036: Befolkningsframskrivingen for Oslo 2025. Framskrevet folkemengde etter aldersgrupper og geografisk område (D), i ulike scenarioer (alternativer), 2025-2050",Mellomalternativet MMM,Godlia,Alder i alt,2047,10432
EliminatedValue,0,1302,0,23,"BEF036: Befolkningsframskrivingen for Oslo 2025. Framskrevet folkemengde etter aldersgrupper og geografisk område (D), i ulike scenarioer (alternativer), 2025-2050",Mellomalternativet MMM,Godlia,Alder i alt,2048,10459
EliminatedValue,0,1302,0,24,"BEF036: Befolkningsframskrivingen for Oslo 2025. Framskrevet folkemengde etter aldersgrupper og geografisk område (D), i ulike scenarioer (alternativer), 2025-2050",Mellomalternativet MMM,Godlia,Alder i alt,2049,10472
EliminatedValue,0,1302,0,25,"BEF036: Befolkningsframskrivingen for Oslo 2025. Framskrevet folkemengde etter aldersgrupper og geografisk område (D), i ulike scenarioer (alternativer), 2025-2050",Mellomalternativet MMM,Godlia,Alder i alt,2050,10474
EliminatedValue,0,1303,0,0,"BEF036: Befolkningsframskrivingen for Oslo 2025. Framskrevet folkemengde etter aldersgrupper og geografisk område (D), i ulike scenarioer (alternativer), 2025-2050",Mellomalternativet MMM,Oppsal,Alder i alt,2025,11434
EliminatedValue,0,1303,0,1,"BEF036: Befolkningsframskrivingen for Oslo 2025. Framskrevet folkemengde etter aldersgrupper og geografisk område (D), i ulike scenarioer (alternativer), 2025-2050",Mellomalternativet MMM,Oppsal,Alder i alt,2026,11471
EliminatedValue,0,1303,0,2,"BEF036: Befolkningsframskrivingen for Oslo 2025. Framskrevet folkemengde etter aldersgrupper og geografisk område (D), i ulike scenarioer (alternativer), 2025-2050",Mellomalternativet MMM,Oppsal,Alder i alt,2027,11518
EliminatedValue,0,1303,0,3,"BEF036: Befolkningsframskrivingen for Oslo 2025. Framskrevet folkemengde etter aldersgrupper og geografisk område (D), i ulike scenarioer (alternativer), 2025-2050",Mellomalternativet MMM,Oppsal,Alder i alt,2028,11566
EliminatedValue,0,1303,0,4,"BEF036: Befolkningsframskrivingen for Oslo 2025. Framskrevet folkemengde etter aldersgrupper og geografisk område (D), i ulike scenarioer (alternativer), 2025-2050",Mellomalternativet MMM,Oppsal,Alder i alt,2029,11603
EliminatedValue,0,1303,0,5,"BEF036: Befolkningsframskrivingen for Oslo 2025. Framskrevet folkemengde etter aldersgrupper og geografisk område (D), i ulike scenarioer (alternativer), 2025-2050",Mellomalternativet MMM,Oppsal,Alder i alt,2030,11623
EliminatedValue,0,1303,0,6,"BEF036: Befolkningsframskrivingen for Oslo 2025. Framskrevet folkemengde etter aldersgrupper og geografisk område (D), i ulike scenarioer (alternativer), 2025-2050",Mellomalternativet MMM,Oppsal,Alder i alt,2031,11642
EliminatedValue,0,1303,0,7,"BEF036: Befolkningsframskrivingen for Oslo 2025. Framskrevet folkemengde etter aldersgrupper og geografisk område (D), i ulike scenarioer (alternativer), 2025-2050",Mellomalternativet MMM,Oppsal,Alder i alt,2032,11663
EliminatedValue,0,1303,0,8,"BEF036: Befolkningsframskrivingen for Oslo 2025. Framskrevet folkemengde etter aldersgrupper og geografisk område (D), i ulike scenarioer (alternativer), 2025-2050",Mellomalternativet MMM,Oppsal,Alder i alt,2033,11682
EliminatedValue,0,1303,0,9,"BEF036: Befolkningsframskrivingen for Oslo 2025. Framskrevet folkemengde etter aldersgrupper og geografisk område (D), i ulike scenarioer (alternativer), 2025-2050",Mellomalternativet MMM,Oppsal,Alder i alt,2034,11704
EliminatedValue,0,1303,0,10,"BEF036: Befolkningsframskrivingen for Oslo 2025. Framskrevet folkemengde etter aldersgrupper og geografisk område (D), i ulike scenarioer (alternativer), 2025-2050",Mellomalternativet MMM,Oppsal,Alder i alt,2035,11729
EliminatedValue,0,1303,0,11,"BEF036: Befolkningsframskrivingen for Oslo 2025. Framskrevet folkemengde etter aldersgrupper og geografisk område (D), i ulike scenarioer (alternativer), 2025-2050",Mellomalternativet MMM,Oppsal,Alder i alt,2036,11761
EliminatedValue,0,1303,0,12,"BEF036: Befolkningsframskrivingen for Oslo 2025. Framskrevet folkemengde etter aldersgrupper og geografisk område (D), i ulike scenarioer (alternativer), 2025-2050",Mellomalternativet MMM,Oppsal,Alder i alt,2037,11812
EliminatedValue,0,1303,0,13,"BEF036: Befolkningsframskrivingen for Oslo 2025. Framskrevet folkemengde etter aldersgrupper og geografisk område (D), i ulike scenarioer (alternativer), 2025-2050",Mellomalternativet MMM,Oppsal,Alder i alt,2038,11865
EliminatedValue,0,1303,0,14,"BEF036: Befolkningsframskrivingen for Oslo 2025. Framskrevet folkemengde etter aldersgrupper og geografisk område (D), i ulike scenarioer (alternativer), 2025-2050",Mellomalternativet MMM,Oppsal,Alder i alt,2039,11927
EliminatedValue,0,1303,0,15,"BEF036: Befolkningsframskrivingen for Oslo 2025. Framskrevet folkemengde etter aldersgrupper og geografisk område (D), i ulike scenarioer (alternativer), 2025-2050",Mellomalternativet MMM,Oppsal,Alder i alt,2040,11982
EliminatedValue,0,1303,0,16,"BEF036: Befolkningsframskrivingen for Oslo 2025. Framskrevet folkemengde etter aldersgrupper og geografisk område (D), i ulike scenarioer (alternativer), 2025-2050",Mellomalternativet MMM,Oppsal,Alder i alt,2041,12038
EliminatedValue,0,1303,0,17,"BEF036: Befolkningsframskrivingen for Oslo 2025. Framskrevet folkemengde etter aldersgrupper og geografisk område (D), i ulike scenarioer (alternativer), 2025-2050",Mellomalternativet MMM,Oppsal,Alder i alt,2042,12097
EliminatedValue,0,1303,0,18,"BEF036: Befolkningsframskrivingen for Oslo 2025. Framskrevet folkemengde etter aldersgrupper og geografisk område (D), i ulike scenarioer (alternativer), 2025-2050",Mellomalternativet MMM,Oppsal,Alder i alt,2043,12154
EliminatedValue,0,1303,0,19,"BEF036: Befolkningsframskrivingen for Oslo 2025. Framskrevet folkemengde etter aldersgrupper og geografisk område (D), i ulike scenarioer (alternativer), 2025-2050",Mellomalternativet MMM,Oppsal,Alder i alt,2044,12209
EliminatedValue,0,1303,0,20,"BEF036: Befolkningsframskrivingen for Oslo 2025. Framskrevet folkemengde etter aldersgrupper og geografisk område (D), i ulike scenarioer (alternativer), 2025-2050",Mellomalternativet MMM,Oppsal,Alder i alt,2045,12260
EliminatedValue,0,1303,0,21,"BEF036: Befolkningsframskrivingen for Oslo 2025. Framskrevet folkemengde etter aldersgrupper og geografisk område (D), i ulike scenarioer (alternativer), 2025-2050",Mellomalternativet MMM,Oppsal,Alder i alt,2046,12309
EliminatedValue,0,1303,0,22,"BEF036: Befolkningsframskrivingen for Oslo 2025. Framskrevet folkemengde etter aldersgrupper og geografisk område (D), i ulike scenarioer (alternativer), 2025-2050",Mellomalternativet MMM,Oppsal,Alder i alt,2047,12346
EliminatedValue,0,1303,0,23,"BEF036: Befolkningsframskrivingen for Oslo 2025. Framskrevet folkemengde etter aldersgrupper og geografisk område (D), i ulike scenarioer (alternativer), 2025-2050",Mellomalternativet MMM,Oppsal,Alder i alt,2048,12368
EliminatedValue,0,1303,0,24,"BEF036: Befolkningsframskrivingen for Oslo 2025. Framskrevet folkemengde etter aldersgrupper og geografisk område (D), i ulike scenarioer (alternativer), 2025-2050",Mellomalternativet MMM,Oppsal,Alder i alt,2049,12374
EliminatedValue,0,1303,0,25,"BEF036: Befolkningsframskrivingen for Oslo 2025. Framskrevet folkemengde etter aldersgrupper og geografisk område (D), i ulike scenarioer (alternativer), 2025-2050",Mellomalternativet MMM,Oppsal,Alder i alt,2050,12364
EliminatedValue,0,1304,0,0,"BEF036: Befolkningsframskrivingen for Oslo 2025. Framskrevet folkemengde etter aldersgrupper og geografisk område (D), i ulike scenarioer (alternativer), 2025-2050",Mellomalternativet MMM,Bøler,Alder i alt,2025,8509
EliminatedValue,0,1304,0,1,"BEF036: Befolkningsframskrivingen for Oslo 2025. Framskrevet folkemengde etter aldersgrupper og geografisk område (D), i ulike scenarioer (alternativer), 2025-2050",Mellomalternativet MMM,Bøler,Alder i alt,2026,8533
EliminatedValue,0,1304,0,2,"BEF036: Befolkningsframskrivingen for Oslo 2025. Framskrevet folkemengde etter aldersgrupper og geografisk område (D), i ulike scenarioer (alternativer), 2025-2050",Mellomalternativet MMM,Bøler,Alder i alt,2027,8560
EliminatedValue,0,1304,0,3,"BEF036: Befolkningsframskrivingen for Oslo 2025. Framskrevet folkemengde etter aldersgrupper og geografisk område (D), i ulike scenarioer (alternativer), 2025-2050",Mellomalternativet MMM,Bøler,Alder i alt,2028,8589
EliminatedValue,0,1304,0,4,"BEF036: Befolkningsframskrivingen for Oslo 2025. Framskrevet folkemengde etter aldersgrupper og geografisk område (D), i ulike scenarioer (alternativer), 2025-2050",Mellomalternativet MMM,Bøler,Alder i alt,2029,8626
EliminatedValue,0,1304,0,5,"BEF036: Befolkningsframskrivingen for Oslo 2025. Framskrevet folkemengde etter aldersgrupper og geografisk område (D), i ulike scenarioer (alternativer), 2025-2050",Mellomalternativet MMM,Bøler,Alder i alt,2030,8679
EliminatedValue,0,1304,0,6,"BEF036: Befolkningsframskrivingen for Oslo 2025. Framskrevet folkemengde etter aldersgrupper og geografisk område (D), i ulike scenarioer (alternativer), 2025-2050",Mellomalternativet MMM,Bøler,Alder i alt,2031,8729
EliminatedValue,0,1304,0,7,"BEF036: Befolkningsframskrivingen for Oslo 2025. Framskrevet folkemengde etter aldersgrupper og geografisk område (D), i ulike scenarioer (alternativer), 2025-2050",Mellomalternativet MMM,Bøler,Alder i alt,2032,8761
EliminatedValue,0,1304,0,8,"BEF036: Befolkningsframskrivingen for Oslo 2025. Framskrevet folkemengde etter aldersgrupper og geografisk område (D), i ulike scenarioer (alternativer), 2025-2050",Mellomalternativet MMM,Bøler,Alder i alt,2033,8778
EliminatedValue,0,1304,0,9,"BEF036: Befolkningsframskrivingen for Oslo 2025. Framskrevet folkemengde etter aldersgrupper og geografisk område (D), i ulike scenarioer (alternativer), 2025-2050",Mellomalternativet MMM,Bøler,Alder i alt,2034,8795
EliminatedValue,0,1304,0,10,"BEF036: Befolkningsframskrivingen for Oslo 2025. Framskrevet folkemengde etter aldersgrupper og geografisk område (D), i ulike scenarioer (alternativer), 2025-2050",Mellomalternativet MMM,Bøler,Alder i alt,2035,8811
EliminatedValue,0,1304,0,11,"BEF036: Befolkningsframskrivingen for Oslo 2025. Framskrevet folkemengde etter aldersgrupper og geografisk område (D), i ulike scenarioer (alternativer), 2025-2050",Mellomalternativet MMM,Bøler,Alder i alt,2036,8826
EliminatedValue,0,1304,0,12,"BEF036: Befolkningsframskrivingen for Oslo 2025. Framskrevet folkemengde etter aldersgrupper og geografisk område (D), i ulike scenarioer (alternativer), 2025-2050",Mellomalternativet MMM,Bøler,Alder i alt,2037,8841
EliminatedValue,0,1304,0,13,"BEF036: Befolkningsframskrivingen for Oslo 2025. Framskrevet folkemengde etter aldersgrupper og geografisk område (D), i ulike scenarioer (alternativer), 2025-2050",Mellomalternativet MMM,Bøler,Alder i alt,2038,8856
EliminatedValue,0,1304,0,14,"BEF036: Befolkningsframskrivingen for Oslo 2025. Framskrevet folkemengde etter aldersgrupper og geografisk område (D), i ulike scenarioer (alternativer), 2025-2050",Mellomalternativet MMM,Bøler,Alder i alt,2039,8871
EliminatedValue,0,1304,0,15,"BEF036: Befolkningsframskrivingen for Oslo 2025. Framskrevet folkemengde etter aldersgrupper og geografisk område (D), i ulike scenarioer (alternativer), 2025-2050",Mellomalternativet MMM,Bøler,Alder i alt,2040,8884
EliminatedValue,0,1304,0,16,"BEF036: Befolkningsframskrivingen for Oslo 2025. Framskrevet folkemengde etter aldersgrupper og geografisk område (D), i ulike scenarioer (alternativer), 2025-2050",Mellomalternativet MMM,Bøler,Alder i alt,2041,8895
EliminatedValue,0,1304,0,17,"BEF036: Befolkningsframskrivingen for Oslo 2025. Framskrevet folkemengde etter aldersgrupper og geografisk område (D), i ulike scenarioer (alternativer), 2025-2050",Mellomalternativet MMM,Bøler,Alder i alt,2042,8906
EliminatedValue,0,1304,0,18,"BEF036: Befolkningsframskrivingen for Oslo 2025. Framskrevet folkemengde etter aldersgrupper og geografisk område (D), i ulike scenarioer (alternativer), 2025-2050",Mellomalternativet MMM,Bøler,Alder i alt,2043,8915
EliminatedValue,0,1304,0,19,"BEF036: Befolkningsframskrivingen for Oslo 2025. Framskrevet folkemengde etter aldersgrupper og geografisk område (D), i ulike scenarioer (alternativer), 2025-2050",Mellomalternativet MMM,Bøler,Alder i alt,2044,8923
EliminatedValue,0,1304,0,20,"BEF036: Befolkningsframskrivingen for Oslo 2025. Framskrevet folkemengde etter aldersgrupper og geografisk område (D), i ulike scenarioer (alternativer), 2025-2050",Mellomalternativet MMM,Bøler,Alder i alt,2045,8930
EliminatedValue,0,1304,0,21,"BEF036: Befolkningsframskrivingen for Oslo 2025. Framskrevet folkemengde etter aldersgrupper og geografisk område (D), i ulike scenarioer (alternativer), 2025-2050",Mellomalternativet MMM,Bøler,Alder i alt,2046,8936
EliminatedValue,0,1304,0,22,"BEF036: Befolkningsframskrivingen for Oslo 2025. Framskrevet folkemengde etter aldersgrupper og geografisk område (D), i ulike scenarioer (alternativer), 2025-2050",Mellomalternativet MMM,Bøler,Alder i alt,2047,8938
EliminatedValue,0,1304,0,23,"BEF036: Befolkningsframskrivingen for Oslo 2025. Framskrevet folkemengde etter aldersgrupper og geografisk område (D), i ulike scenarioer (alternativer), 2025-2050",Mellomalternativet MMM,Bøler,Alder i alt,2048,8936
EliminatedValue,0,1304,0,24,"BEF036: Befolkningsframskrivingen for Oslo 2025. Framskrevet folkemengde etter aldersgrupper og geografisk område (D), i ulike scenarioer (alternativer), 2025-2050",Mellomalternativet MMM,Bøler,Alder i alt,2049,8931
EliminatedValue,0,1304,0,25,"BEF036: Befolkningsframskrivingen for Oslo 2025. Framskrevet folkemengde etter aldersgrupper og geografisk område (D), i ulike scenarioer (alternativer), 2025-2050",Mellomalternativet MMM,Bøler,Alder i alt,2050,8921
EliminatedValue,0,1305,0,0,"BEF036: Befolkningsframskrivingen for Oslo 2025. Framskrevet folkemengde etter aldersgrupper og geografisk område (D), i ulike scenarioer (alternativer), 2025-2050",Mellomalternativet MMM,Skullerud,Alder i alt,2025,7545
EliminatedValue,0,1305,0,1,"BEF036: Befolkningsframskrivingen for Oslo 2025. Framskrevet folkemengde etter aldersgrupper og geografisk område (D), i ulike scenarioer (alternativer), 2025-2050",Mellomalternativet MMM,Skullerud,Alder i alt,2026,7553
EliminatedValue,0,1305,0,2,"BEF036: Befolkningsframskrivingen for Oslo 2025. Framskrevet folkemengde etter aldersgrupper og geografisk område (D), i ulike scenarioer (alternativer), 2025-2050",Mellomalternativet MMM,Skullerud,Alder i alt,2027,7594
EliminatedValue,0,1305,0,3,"BEF036: Befolkningsframskrivingen for Oslo 2025. Framskrevet folkemengde etter aldersgrupper og geografisk område (D), i ulike scenarioer (alternativer), 2025-2050",Mellomalternativet MMM,Skullerud,Alder i alt,2028,7642
EliminatedValue,0,1305,0,4,"BEF036: Befolkningsframskrivingen for Oslo 2025. Framskrevet folkemengde etter aldersgrupper og geografisk område (D), i ulike scenarioer (alternativer), 2025-2050",Mellomalternativet MMM,Skullerud,Alder i alt,2029,7698
EliminatedValue,0,1305,0,5,"BEF036: Befolkningsframskrivingen for Oslo 2025. Framskrevet folkemengde etter aldersgrupper og geografisk område (D), i ulike scenarioer (alternativer), 2025-2050",Mellomalternativet MMM,Skullerud,Alder i alt,2030,7780
EliminatedValue,0,1305,0,6,"BEF036: Befolkningsframskrivingen for Oslo 2025. Framskrevet folkemengde etter aldersgrupper og geografisk område (D), i ulike scenarioer (alternativer), 2025-2050",Mellomalternativet MMM,Skullerud,Alder i alt,2031,7880
EliminatedValue,0,1305,0,7,"BEF036: Befolkningsframskrivingen for Oslo 2025. Framskrevet folkemengde etter aldersgrupper og geografisk område (D), i ulike scenarioer (alternativer), 2025-2050",Mellomalternativet MMM,Skullerud,Alder i alt,2032,7952
EliminatedValue,0,1305,0,8,"BEF036: Befolkningsframskrivingen for Oslo 2025. Framskrevet folkemengde etter aldersgrupper og geografisk område (D), i ulike scenarioer (alternativer), 2025-2050",Mellomalternativet MMM,Skullerud,Alder i alt,2033,8015
EliminatedValue,0,1305,0,9,"BEF036: Befolkningsframskrivingen for Oslo 2025. Framskrevet folkemengde etter aldersgrupper og geografisk område (D), i ulike scenarioer (alternativer), 2025-2050",Mellomalternativet MMM,Skullerud,Alder i alt,2034,8107
EliminatedValue,0,1305,0,10,"BEF036: Befolkningsframskrivingen for Oslo 2025. Framskrevet folkemengde etter aldersgrupper og geografisk område (D), i ulike scenarioer (alternativer), 2025-2050",Mellomalternativet MMM,Skullerud,Alder i alt,2035,8255
EliminatedValue,0,1305,0,11,"BEF036: Befolkningsframskrivingen for Oslo 2025. Framskrevet folkemengde etter aldersgrupper og geografisk område (D), i ulike scenarioer (alternativer), 2025-2050",Mellomalternativet MMM,Skullerud,Alder i alt,2036,8501
EliminatedValue,0,1305,0,12,"BEF036: Befolkningsframskrivingen for Oslo 2025. Framskrevet folkemengde etter aldersgrupper og geografisk område (D), i ulike scenarioer (alternativer), 2025-2050",Mellomalternativet MMM,Skullerud,Alder i alt,2037,8890
EliminatedValue,0,1305,0,13,"BEF036: Befolkningsframskrivingen for Oslo 2025. Framskrevet folkemengde etter aldersgrupper og geografisk område (D), i ulike scenarioer (alternativer), 2025-2050",Mellomalternativet MMM,Skullerud,Alder i alt,2038,9285
EliminatedValue,0,1305,0,14,"BEF036: Befolkningsframskrivingen for Oslo 2025. Framskrevet folkemengde etter aldersgrupper og geografisk område (D), i ulike scenarioer (alternativer), 2025-2050",Mellomalternativet MMM,Skullerud,Alder i alt,2039,9655
EliminatedValue,0,1305,0,15,"BEF036: Befolkningsframskrivingen for Oslo 2025. Framskrevet folkemengde etter aldersgrupper og geografisk område (D), i ulike scenarioer (alternativer), 2025-2050",Mellomalternativet MMM,Skullerud,Alder i alt,2040,9954
EliminatedValue,0,1305,0,16,"BEF036: Befolkningsframskrivingen for Oslo 2025. Framskrevet folkemengde etter aldersgrupper og geografisk område (D), i ulike scenarioer (alternativer), 2025-2050",Mellomalternativet MMM,Skullerud,Alder i alt,2041,10254
EliminatedValue,0,1305,0,17,"BEF036: Befolkningsframskrivingen for Oslo 2025. Framskrevet folkemengde etter aldersgrupper og geografisk område (D), i ulike scenarioer (alternativer), 2025-2050",Mellomalternativet MMM,Skullerud,Alder i alt,2042,10529
EliminatedValue,0,1305,0,18,"BEF036: Befolkningsframskrivingen for Oslo 2025. Framskrevet folkemengde etter aldersgrupper og geografisk område (D), i ulike scenarioer (alternativer), 2025-2050",Mellomalternativet MMM,Skullerud,Alder i alt,2043,10794
EliminatedValue,0,1305,0,19,"BEF036: Befolkningsframskrivingen for Oslo 2025. Framskrevet folkemengde etter aldersgrupper og geografisk område (D), i ulike scenarioer (alternativer), 2025-2050",Mellomalternativet MMM,Skullerud,Alder i alt,2044,11019
EliminatedValue,0,1305,0,20,"BEF036: Befolkningsframskrivingen for Oslo 2025. Framskrevet folkemengde etter aldersgrupper og geografisk område (D), i ulike scenarioer (alternativer), 2025-2050",Mellomalternativet MMM,Skullerud,Alder i alt,2045,11246
EliminatedValue,0,1305,0,21,"BEF036: Befolkningsframskrivingen for Oslo 2025. Framskrevet folkemengde etter aldersgrupper og geografisk område (D), i ulike scenarioer (alternativer), 2025-2050",Mellomalternativet MMM,Skullerud,Alder i alt,2046,11444
EliminatedValue,0,1305,0,22,"BEF036: Befolkningsframskrivingen for Oslo 2025. Framskrevet folkemengde etter aldersgrupper og geografisk område (D), i ulike scenarioer (alternativer), 2025-2050",Mellomalternativet MMM,Skullerud,Alder i alt,2047,11592
EliminatedValue,0,1305,0,23,"BEF036: Befolkningsframskrivingen for Oslo 2025. Framskrevet folkemengde etter aldersgrupper og geografisk område (D), i ulike scenarioer (alternativer), 2025-2050",Mellomalternativet MMM,Skullerud,Alder i alt,2048,11721
EliminatedValue,0,1305,0,24,"BEF036: Befolkningsframskrivingen for Oslo 2025. Framskrevet folkemengde etter aldersgrupper og geografisk område (D), i ulike scenarioer (alternativer), 2025-2050",Mellomalternativet MMM,Skullerud,Alder i alt,2049,11819
EliminatedValue,0,1305,0,25,"BEF036: Befolkningsframskrivingen for Oslo 2025. Framskrevet folkemengde etter aldersgrupper og geografisk område (D), i ulike scenarioer (alternativer), 2025-2050",Mellomalternativet MMM,Skullerud,Alder i alt,2050,11886
EliminatedValue,0,1306,0,0,"BEF036: Befolkningsframskrivingen for Oslo 2025. Framskrevet folkemengde etter aldersgrupper og geografisk område (D), i ulike scenarioer (alternativer), 2025-2050",Mellomalternativet MMM,Abildsø,Alder i alt,2025,3998
EliminatedValue,0,1306,0,1,"BEF036: Befolkningsframskrivingen for Oslo 2025. Framskrevet folkemengde etter aldersgrupper og geografisk område (D), i ulike scenarioer (alternativer), 2025-2050",Mellomalternativet MMM,Abildsø,Alder i alt,2026,4101
EliminatedValue,0,1306,0,2,"BEF036: Befolkningsframskrivingen for Oslo 2025. Framskrevet folkemengde etter aldersgrupper og geografisk område (D), i ulike scenarioer (alternativer), 2025-2050",Mellomalternativet MMM,Abildsø,Alder i alt,2027,4230
EliminatedValue,0,1306,0,3,"BEF036: Befolkningsframskrivingen for Oslo 2025. Framskrevet folkemengde etter aldersgrupper og geografisk område (D), i ulike scenarioer (alternativer), 2025-2050",Mellomalternativet MMM,Abildsø,Alder i alt,2028,4333
EliminatedValue,0,1306,0,4,"BEF036: Befolkningsframskrivingen for Oslo 2025. Framskrevet folkemengde etter aldersgrupper og geografisk område (D), i ulike scenarioer (alternativer), 2025-2050",Mellomalternativet MMM,Abildsø,Alder i alt,2029,4400
EliminatedValue,0,1306,0,5,"BEF036: Befolkningsframskrivingen for Oslo 2025. Framskrevet folkemengde etter aldersgrupper og geografisk område (D), i ulike scenarioer (alternativer), 2025-2050",Mellomalternativet MMM,Abildsø,Alder i alt,2030,4463
EliminatedValue,0,1306,0,6,"BEF036: Befolkningsframskrivingen for Oslo 2025. Framskrevet folkemengde etter aldersgrupper og geografisk område (D), i ulike scenarioer (alternativer), 2025-2050",Mellomalternativet MMM,Abildsø,Alder i alt,2031,4535
EliminatedValue,0,1306,0,7,"BEF036: Befolkningsframskrivingen for Oslo 2025. Framskrevet folkemengde etter aldersgrupper og geografisk område (D), i ulike scenarioer (alternativer), 2025-2050",Mellomalternativet MMM,Abildsø,Alder i alt,2032,4656
EliminatedValue,0,1306,0,8,"BEF036: Befolkningsframskrivingen for Oslo 2025. Framskrevet folkemengde etter aldersgrupper og geografisk område (D), i ulike scenarioer (alternativer), 2025-2050",Mellomalternativet MMM,Abildsø,Alder i alt,2033,4788
EliminatedValue,0,1306,0,9,"BEF036: Befolkningsframskrivingen for Oslo 2025. Framskrevet folkemengde etter aldersgrupper og geografisk område (D), i ulike scenarioer (alternativer), 2025-2050",Mellomalternativet MMM,Abildsø,Alder i alt,2034,4905
EliminatedValue,0,1306,0,10,"BEF036: Befolkningsframskrivingen for Oslo 2025. Framskrevet folkemengde etter aldersgrupper og geografisk område (D), i ulike scenarioer (alternativer), 2025-2050",Mellomalternativet MMM,Abildsø,Alder i alt,2035,5008
EliminatedValue,0,1306,0,11,"BEF036: Befolkningsframskrivingen for Oslo 2025. Framskrevet folkemengde etter aldersgrupper og geografisk område (D), i ulike scenarioer (alternativer), 2025-2050",Mellomalternativet MMM,Abildsø,Alder i alt,2036,5097
EliminatedValue,0,1306,0,12,"BEF036: Befolkningsframskrivingen for Oslo 2025. Framskrevet folkemengde etter aldersgrupper og geografisk område (D), i ulike scenarioer (alternativer), 2025-2050",Mellomalternativet MMM,Abildsø,Alder i alt,2037,5167
EliminatedValue,0,1306,0,13,"BEF036: Befolkningsframskrivingen for Oslo 2025. Framskrevet folkemengde etter aldersgrupper og geografisk område (D), i ulike scenarioer (alternativer), 2025-2050",Mellomalternativet MMM,Abildsø,Alder i alt,2038,5227
EliminatedValue,0,1306,0,14,"BEF036: Befolkningsframskrivingen for Oslo 2025. Framskrevet folkemengde etter aldersgrupper og geografisk område (D), i ulike scenarioer (alternativer), 2025-2050",Mellomalternativet MMM,Abildsø,Alder i alt,2039,5279
EliminatedValue,0,1306,0,15,"BEF036: Befolkningsframskrivingen for Oslo 2025. Framskrevet folkemengde etter aldersgrupper og geografisk område (D), i ulike scenarioer (alternativer), 2025-2050",Mellomalternativet MMM,Abildsø,Alder i alt,2040,5327
EliminatedValue,0,1306,0,16,"BEF036: Befolkningsframskrivingen for Oslo 2025. Framskrevet folkemengde etter aldersgrupper og geografisk område (D), i ulike scenarioer (alternativer), 2025-2050",Mellomalternativet MMM,Abildsø,Alder i alt,2041,5358
EliminatedValue,0,1306,0,17,"BEF036: Befolkningsframskrivingen for Oslo 2025. Framskrevet folkemengde etter aldersgrupper og geografisk område (D), i ulike scenarioer (alternativer), 2025-2050",Mellomalternativet MMM,Abildsø,Alder i alt,2042,5381
EliminatedValue,0,1306,0,18,"BEF036: Befolkningsframskrivingen for Oslo 2025. Framskrevet folkemengde etter aldersgrupper og geografisk område (D), i ulike scenarioer (alternativer), 2025-2050",Mellomalternativet MMM,Abildsø,Alder i alt,2043,5403
EliminatedValue,0,1306,0,19,"BEF036: Befolkningsframskrivingen for Oslo 2025. Framskrevet folkemengde etter aldersgrupper og geografisk område (D), i ulike scenarioer (alternativer), 2025-2050",Mellomalternativet MMM,Abildsø,Alder i alt,2044,5423
EliminatedValue,0,1306,0,20,"BEF036: Befolkningsframskrivingen for Oslo 2025. Framskrevet folkemengde etter aldersgrupper og geografisk område (D), i ulike scenarioer (alternativer), 2025-2050",Mellomalternativet MMM,Abildsø,Alder i alt,2045,5445
EliminatedValue,0,1306,0,21,"BEF036: Befolkningsframskrivingen for Oslo 2025. Framskrevet folkemengde etter aldersgrupper og geografisk område (D), i ulike scenarioer (alternativer), 2025-2050",Mellomalternativet MMM,Abildsø,Alder i alt,2046,5466
EliminatedValue,0,1306,0,22,"BEF036: Befolkningsframskrivingen for Oslo 2025. Framskrevet folkemengde etter aldersgrupper og geografisk område (D), i ulike scenarioer (alternativer), 2025-2050",Mellomalternativet MMM,Abildsø,Alder i alt,2047,5487
EliminatedValue,0,1306,0,23,"BEF036: Befolkningsframskrivingen for Oslo 2025. Framskrevet folkemengde etter aldersgrupper og geografisk område (D), i ulike scenarioer (alternativer), 2025-2050",Mellomalternativet MMM,Abildsø,Alder i alt,2048,5499
EliminatedValue,0,1306,0,24,"BEF036: Befolkningsframskrivingen for Oslo 2025. Framskrevet folkemengde etter aldersgrupper og geografisk område (D), i ulike scenarioer (alternativer), 2025-2050",Mellomalternativet MMM,Abildsø,Alder i alt,2049,5507
EliminatedValue,0,1306,0,25,"BEF036: Befolkningsframskrivingen for Oslo 2025. Framskrevet folkemengde etter aldersgrupper og geografisk område (D), i ulike scenarioer (alternativer), 2025-2050",Mellomalternativet MMM,Abildsø,Alder i alt,2050,5514
EliminatedValue,0,1401,0,0,"BEF036: Befolkningsframskrivingen for Oslo 2025. Framskrevet folkemengde etter aldersgrupper og geografisk område (D), i ulike scenarioer (alternativer), 2025-2050",Mellomalternativet MMM,Ljan,Alder i alt,2025,6167
EliminatedValue,0,1401,0,1,"BEF036: Befolkningsframskrivingen for Oslo 2025. Framskrevet folkemengde etter aldersgrupper og geografisk område (D), i ulike scenarioer (alternativer), 2025-2050",Mellomalternativet MMM,Ljan,Alder i alt,2026,6215
EliminatedValue,0,1401,0,2,"BEF036: Befolkningsframskrivingen for Oslo 2025. Framskrevet folkemengde etter aldersgrupper og geografisk område (D), i ulike scenarioer (alternativer), 2025-2050",Mellomalternativet MMM,Ljan,Alder i alt,2027,6263
EliminatedValue,0,1401,0,3,"BEF036: Befolkningsframskrivingen for Oslo 2025. Framskrevet folkemengde etter aldersgrupper og geografisk område (D), i ulike scenarioer (alternativer), 2025-2050",Mellomalternativet MMM,Ljan,Alder i alt,2028,6322
EliminatedValue,0,1401,0,4,"BEF036: Befolkningsframskrivingen for Oslo 2025. Framskrevet folkemengde etter aldersgrupper og geografisk område (D), i ulike scenarioer (alternativer), 2025-2050",Mellomalternativet MMM,Ljan,Alder i alt,2029,6370
EliminatedValue,0,1401,0,5,"BEF036: Befolkningsframskrivingen for Oslo 2025. Framskrevet folkemengde etter aldersgrupper og geografisk område (D), i ulike scenarioer (alternativer), 2025-2050",Mellomalternativet MMM,Ljan,Alder i alt,2030,6401
EliminatedValue,0,1401,0,6,"BEF036: Befolkningsframskrivingen for Oslo 2025. Framskrevet folkemengde etter aldersgrupper og geografisk område (D), i ulike scenarioer (alternativer), 2025-2050",Mellomalternativet MMM,Ljan,Alder i alt,2031,6428
EliminatedValue,0,1401,0,7,"BEF036: Befolkningsframskrivingen for Oslo 2025. Framskrevet folkemengde etter aldersgrupper og geografisk område (D), i ulike scenarioer (alternativer), 2025-2050",Mellomalternativet MMM,Ljan,Alder i alt,2032,6459
EliminatedValue,0,1401,0,8,"BEF036: Befolkningsframskrivingen for Oslo 2025. Framskrevet folkemengde etter aldersgrupper og geografisk område (D), i ulike scenarioer (alternativer), 2025-2050",Mellomalternativet MMM,Ljan,Alder i alt,2033,6490
EliminatedValue,0,1401,0,9,"BEF036: Befolkningsframskrivingen for Oslo 2025. Framskrevet folkemengde etter aldersgrupper og geografisk område (D), i ulike scenarioer (alternativer), 2025-2050",Mellomalternativet MMM,Ljan,Alder i alt,2034,6520
EliminatedValue,0,1401,0,10,"BEF036: Befolkningsframskrivingen for Oslo 2025. Framskrevet folkemengde etter aldersgrupper og geografisk område (D), i ulike scenarioer (alternativer), 2025-2050",Mellomalternativet MMM,Ljan,Alder i alt,2035,6552
EliminatedValue,0,1401,0,11,"BEF036: Befolkningsframskrivingen for Oslo 2025. Framskrevet folkemengde etter aldersgrupper og geografisk område (D), i ulike scenarioer (alternativer), 2025-2050",Mellomalternativet MMM,Ljan,Alder i alt,2036,6584
EliminatedValue,0,1401,0,12,"BEF036: Befolkningsframskrivingen for Oslo 2025. Framskrevet folkemengde etter aldersgrupper og geografisk område (D), i ulike scenarioer (alternativer), 2025-2050",Mellomalternativet MMM,Ljan,Alder i alt,2037,6615
EliminatedValue,0,1401,0,13,"BEF036: Befolkningsframskrivingen for Oslo 2025. Framskrevet folkemengde etter aldersgrupper og geografisk område (D), i ulike scenarioer (alternativer), 2025-2050",Mellomalternativet MMM,Ljan,Alder i alt,2038,6642
EliminatedValue,0,1401,0,14,"BEF036: Befolkningsframskrivingen for Oslo 2025. Framskrevet folkemengde etter aldersgrupper og geografisk område (D), i ulike scenarioer (alternativer), 2025-2050",Mellomalternativet MMM,Ljan,Alder i alt,2039,6667
EliminatedValue,0,1401,0,15,"BEF036: Befolkningsframskrivingen for Oslo 2025. Framskrevet folkemengde etter aldersgrupper og geografisk område (D), i ulike scenarioer (alternativer), 2025-2050",Mellomalternativet MMM,Ljan,Alder i alt,2040,6690
EliminatedValue,0,1401,0,16,"BEF036: Befolkningsframskrivingen for Oslo 2025. Framskrevet folkemengde etter aldersgrupper og geografisk område (D), i ulike scenarioer (alternativer), 2025-2050",Mellomalternativet MMM,Ljan,Alder i alt,2041,6709
EliminatedValue,0,1401,0,17,"BEF036: Befolkningsframskrivingen for Oslo 2025. Framskrevet folkemengde etter aldersgrupper og geografisk område (D), i ulike scenarioer (alternativer), 2025-2050",Mellomalternativet MMM,Ljan,Alder i alt,2042,6727
EliminatedValue,0,1401,0,18,"BEF036: Befolkningsframskrivingen for Oslo 2025. Framskrevet folkemengde etter aldersgrupper og geografisk område (D), i ulike scenarioer (alternativer), 2025-2050",Mellomalternativet MMM,Ljan,Alder i alt,2043,6744
EliminatedValue,0,1401,0,19,"BEF036: Befolkningsframskrivingen for Oslo 2025. Framskrevet folkemengde etter aldersgrupper og geografisk område (D), i ulike scenarioer (alternativer), 2025-2050",Mellomalternativet MMM,Ljan,Alder i alt,2044,6760
EliminatedValue,0,1401,0,20,"BEF036: Befolkningsframskrivingen for Oslo 2025. Framskrevet folkemengde etter aldersgrupper og geografisk område (D), i ulike scenarioer (alternativer), 2025-2050",Mellomalternativet MMM,Ljan,Alder i alt,2045,6775
EliminatedValue,0,1401,0,21,"BEF036: Befolkningsframskrivingen for Oslo 2025. Framskrevet folkemengde etter aldersgrupper og geografisk område (D), i ulike scenarioer (alternativer), 2025-2050",Mellomalternativet MMM,Ljan,Alder i alt,2046,6789
EliminatedValue,0,1401,0,22,"BEF036: Befolkningsframskrivingen for Oslo 2025. Framskrevet folkemengde etter aldersgrupper og geografisk område (D), i ulike scenarioer (alternativer), 2025-2050",Mellomalternativet MMM,Ljan,Alder i alt,2047,6802
EliminatedValue,0,1401,0,23,"BEF036: Befolkningsframskrivingen for Oslo 2025. Framskrevet folkemengde etter aldersgrupper og geografisk område (D), i ulike scenarioer (alternativer), 2025-2050",Mellomalternativet MMM,Ljan,Alder i alt,2048,6809
EliminatedValue,0,1401,0,24,"BEF036: Befolkningsframskrivingen for Oslo 2025. Framskrevet folkemengde etter aldersgrupper og geografisk område (D), i ulike scenarioer (alternativer), 2025-2050",Mellomalternativet MMM,Ljan,Alder i alt,2049,6813
EliminatedValue,0,1401,0,25,"BEF036: Befolkningsframskrivingen for Oslo 2025. Framskrevet folkemengde etter aldersgrupper og geografisk område (D), i ulike scenarioer (alternativer), 2025-2050",Mellomalternativet MMM,Ljan,Alder i alt,2050,6815
EliminatedValue,0,1402,0,0,"BEF036: Befolkningsframskrivingen for Oslo 2025. Framskrevet folkemengde etter aldersgrupper og geografisk område (D), i ulike scenarioer (alternativer), 2025-2050",Mellomalternativet MMM,Nordstrand,Alder i alt,2025,8243
EliminatedValue,0,1402,0,1,"BEF036: Befolkningsframskrivingen for Oslo 2025. Framskrevet folkemengde etter aldersgrupper og geografisk område (D), i ulike scenarioer (alternativer), 2025-2050",Mellomalternativet MMM,Nordstrand,Alder i alt,2026,8216
EliminatedValue,0,1402,0,2,"BEF036: Befolkningsframskrivingen for Oslo 2025. Framskrevet folkemengde etter aldersgrupper og geografisk område (D), i ulike scenarioer (alternativer), 2025-2050",Mellomalternativet MMM,Nordstrand,Alder i alt,2027,8224
EliminatedValue,0,1402,0,3,"BEF036: Befolkningsframskrivingen for Oslo 2025. Framskrevet folkemengde etter aldersgrupper og geografisk område (D), i ulike scenarioer (alternativer), 2025-2050",Mellomalternativet MMM,Nordstrand,Alder i alt,2028,8253
EliminatedValue,0,1402,0,4,"BEF036: Befolkningsframskrivingen for Oslo 2025. Framskrevet folkemengde etter aldersgrupper og geografisk område (D), i ulike scenarioer (alternativer), 2025-2050",Mellomalternativet MMM,Nordstrand,Alder i alt,2029,8284
EliminatedValue,0,1402,0,5,"BEF036: Befolkningsframskrivingen for Oslo 2025. Framskrevet folkemengde etter aldersgrupper og geografisk område (D), i ulike scenarioer (alternativer), 2025-2050",Mellomalternativet MMM,Nordstrand,Alder i alt,2030,8315
EliminatedValue,0,1402,0,6,"BEF036: Befolkningsframskrivingen for Oslo 2025. Framskrevet folkemengde etter aldersgrupper og geografisk område (D), i ulike scenarioer (alternativer), 2025-2050",Mellomalternativet MMM,Nordstrand,Alder i alt,2031,8348
EliminatedValue,0,1402,0,7,"BEF036: Befolkningsframskrivingen for Oslo 2025. Framskrevet folkemengde etter aldersgrupper og geografisk område (D), i ulike scenarioer (alternativer), 2025-2050",Mellomalternativet MMM,Nordstrand,Alder i alt,2032,8373
EliminatedValue,0,1402,0,8,"BEF036: Befolkningsframskrivingen for Oslo 2025. Framskrevet folkemengde etter aldersgrupper og geografisk område (D), i ulike scenarioer (alternativer), 2025-2050",Mellomalternativet MMM,Nordstrand,Alder i alt,2033,8392
EliminatedValue,0,1402,0,9,"BEF036: Befolkningsframskrivingen for Oslo 2025. Framskrevet folkemengde etter aldersgrupper og geografisk område (D), i ulike scenarioer (alternativer), 2025-2050",Mellomalternativet MMM,Nordstrand,Alder i alt,2034,8413
EliminatedValue,0,1402,0,10,"BEF036: Befolkningsframskrivingen for Oslo 2025. Framskrevet folkemengde etter aldersgrupper og geografisk område (D), i ulike scenarioer (alternativer), 2025-2050",Mellomalternativet MMM,Nordstrand,Alder i alt,2035,8437
EliminatedValue,0,1402,0,11,"BEF036: Befolkningsframskrivingen for Oslo 2025. Framskrevet folkemengde etter aldersgrupper og geografisk område (D), i ulike scenarioer (alternativer), 2025-2050",Mellomalternativet MMM,Nordstrand,Alder i alt,2036,8458
EliminatedValue,0,1402,0,12,"BEF036: Befolkningsframskrivingen for Oslo 2025. Framskrevet folkemengde etter aldersgrupper og geografisk område (D), i ulike scenarioer (alternativer), 2025-2050",Mellomalternativet MMM,Nordstrand,Alder i alt,2037,8481
EliminatedValue,0,1402,0,13,"BEF036: Befolkningsframskrivingen for Oslo 2025. Framskrevet folkemengde etter aldersgrupper og geografisk område (D), i ulike scenarioer (alternativer), 2025-2050",Mellomalternativet MMM,Nordstrand,Alder i alt,2038,8500
EliminatedValue,0,1402,0,14,"BEF036: Befolkningsframskrivingen for Oslo 2025. Framskrevet folkemengde etter aldersgrupper og geografisk område (D), i ulike scenarioer (alternativer), 2025-2050",Mellomalternativet MMM,Nordstrand,Alder i alt,2039,8517
EliminatedValue,0,1402,0,15,"BEF036: Befolkningsframskrivingen for Oslo 2025. Framskrevet folkemengde etter aldersgrupper og geografisk område (D), i ulike scenarioer (alternativer), 2025-2050",Mellomalternativet MMM,Nordstrand,Alder i alt,2040,8535
EliminatedValue,0,1402,0,16,"BEF036: Befolkningsframskrivingen for Oslo 2025. Framskrevet folkemengde etter aldersgrupper og geografisk område (D), i ulike scenarioer (alternativer), 2025-2050",Mellomalternativet MMM,Nordstrand,Alder i alt,2041,8548
EliminatedValue,0,1402,0,17,"BEF036: Befolkningsframskrivingen for Oslo 2025. Framskrevet folkemengde etter aldersgrupper og geografisk område (D), i ulike scenarioer (alternativer), 2025-2050",Mellomalternativet MMM,Nordstrand,Alder i alt,2042,8560
EliminatedValue,0,1402,0,18,"BEF036: Befolkningsframskrivingen for Oslo 2025. Framskrevet folkemengde etter aldersgrupper og geografisk område (D), i ulike scenarioer (alternativer), 2025-2050",Mellomalternativet MMM,Nordstrand,Alder i alt,2043,8572
EliminatedValue,0,1402,0,19,"BEF036: Befolkningsframskrivingen for Oslo 2025. Framskrevet folkemengde etter aldersgrupper og geografisk område (D), i ulike scenarioer (alternativer), 2025-2050",Mellomalternativet MMM,Nordstrand,Alder i alt,2044,8581
EliminatedValue,0,1402,0,20,"BEF036: Befolkningsframskrivingen for Oslo 2025. Framskrevet folkemengde etter aldersgrupper og geografisk område (D), i ulike scenarioer (alternativer), 2025-2050",Mellomalternativet MMM,Nordstrand,Alder i alt,2045,8591
EliminatedValue,0,1402,0,21,"BEF036: Befolkningsframskrivingen for Oslo 2025. Framskrevet folkemengde etter aldersgrupper og geografisk område (D), i ulike scenarioer (alternativer), 2025-2050",Mellomalternativet MMM,Nordstrand,Alder i alt,2046,8600
EliminatedValue,0,1402,0,22,"BEF036: Befolkningsframskrivingen for Oslo 2025. Framskrevet folkemengde etter aldersgrupper og geografisk område (D), i ulike scenarioer (alternativer), 2025-2050",Mellomalternativet MMM,Nordstrand,Alder i alt,2047,8609
EliminatedValue,0,1402,0,23,"BEF036: Befolkningsframskrivingen for Oslo 2025. Framskrevet folkemengde etter aldersgrupper og geografisk område (D), i ulike scenarioer (alternativer), 2025-2050",Mellomalternativet MMM,Nordstrand,Alder i alt,2048,8612
EliminatedValue,0,1402,0,24,"BEF036: Befolkningsframskrivingen for Oslo 2025. Framskrevet folkemengde etter aldersgrupper og geografisk område (D), i ulike scenarioer (alternativer), 2025-2050",Mellomalternativet MMM,Nordstrand,Alder i alt,2049,8612
EliminatedValue,0,1402,0,25,"BEF036: Befolkningsframskrivingen for Oslo 2025. Framskrevet folkemengde etter aldersgrupper og geografisk område (D), i ulike scenarioer (alternativer), 2025-2050",Mellomalternativet MMM,Nordstrand,Alder i alt,2050,8611
EliminatedValue,0,1403,0,0,"BEF036: Befolkningsframskrivingen for Oslo 2025. Framskrevet folkemengde etter aldersgrupper og geografisk område (D), i ulike scenarioer (alternativer), 2025-2050",Mellomalternativet MMM,Bekkelaget,Alder i alt,2025,10418
EliminatedValue,0,1403,0,1,"BEF036: Befolkningsframskrivingen for Oslo 2025. Framskrevet folkemengde etter aldersgrupper og geografisk område (D), i ulike scenarioer (alternativer), 2025-2050",Mellomalternativet MMM,Bekkelaget,Alder i alt,2026,10461
EliminatedValue,0,1403,0,2,"BEF036: Befolkningsframskrivingen for Oslo 2025. Framskrevet folkemengde etter aldersgrupper og geografisk område (D), i ulike scenarioer (alternativer), 2025-2050",Mellomalternativet MMM,Bekkelaget,Alder i alt,2027,10539
EliminatedValue,0,1403,0,3,"BEF036: Befolkningsframskrivingen for Oslo 2025. Framskrevet folkemengde etter aldersgrupper og geografisk område (D), i ulike scenarioer (alternativer), 2025-2050",Mellomalternativet MMM,Bekkelaget,Alder i alt,2028,10606
EliminatedValue,0,1403,0,4,"BEF036: Befolkningsframskrivingen for Oslo 2025. Framskrevet folkemengde etter aldersgrupper og geografisk område (D), i ulike scenarioer (alternativer), 2025-2050",Mellomalternativet MMM,Bekkelaget,Alder i alt,2029,10650
EliminatedValue,0,1403,0,5,"BEF036: Befolkningsframskrivingen for Oslo 2025. Framskrevet folkemengde etter aldersgrupper og geografisk område (D), i ulike scenarioer (alternativer), 2025-2050",Mellomalternativet MMM,Bekkelaget,Alder i alt,2030,10692
EliminatedValue,0,1403,0,6,"BEF036: Befolkningsframskrivingen for Oslo 2025. Framskrevet folkemengde etter aldersgrupper og geografisk område (D), i ulike scenarioer (alternativer), 2025-2050",Mellomalternativet MMM,Bekkelaget,Alder i alt,2031,10747
EliminatedValue,0,1403,0,7,"BEF036: Befolkningsframskrivingen for Oslo 2025. Framskrevet folkemengde etter aldersgrupper og geografisk område (D), i ulike scenarioer (alternativer), 2025-2050",Mellomalternativet MMM,Bekkelaget,Alder i alt,2032,10847
EliminatedValue,0,1403,0,8,"BEF036: Befolkningsframskrivingen for Oslo 2025. Framskrevet folkemengde etter aldersgrupper og geografisk område (D), i ulike scenarioer (alternativer), 2025-2050",Mellomalternativet MMM,Bekkelaget,Alder i alt,2033,10960
EliminatedValue,0,1403,0,9,"BEF036: Befolkningsframskrivingen for Oslo 2025. Framskrevet folkemengde etter aldersgrupper og geografisk område (D), i ulike scenarioer (alternativer), 2025-2050",Mellomalternativet MMM,Bekkelaget,Alder i alt,2034,11063
EliminatedValue,0,1403,0,10,"BEF036: Befolkningsframskrivingen for Oslo 2025. Framskrevet folkemengde etter aldersgrupper og geografisk område (D), i ulike scenarioer (alternativer), 2025-2050",Mellomalternativet MMM,Bekkelaget,Alder i alt,2035,11157
EliminatedValue,0,1403,0,11,"BEF036: Befolkningsframskrivingen for Oslo 2025. Framskrevet folkemengde etter aldersgrupper og geografisk område (D), i ulike scenarioer (alternativer), 2025-2050",Mellomalternativet MMM,Bekkelaget,Alder i alt,2036,11244
EliminatedValue,0,1403,0,12,"BEF036: Befolkningsframskrivingen for Oslo 2025. Framskrevet folkemengde etter aldersgrupper og geografisk område (D), i ulike scenarioer (alternativer), 2025-2050",Mellomalternativet MMM,Bekkelaget,Alder i alt,2037,11315
EliminatedValue,0,1403,0,13,"BEF036: Befolkningsframskrivingen for Oslo 2025. Framskrevet folkemengde etter aldersgrupper og geografisk område (D), i ulike scenarioer (alternativer), 2025-2050",Mellomalternativet MMM,Bekkelaget,Alder i alt,2038,11380
EliminatedValue,0,1403,0,14,"BEF036: Befolkningsframskrivingen for Oslo 2025. Framskrevet folkemengde etter aldersgrupper og geografisk område (D), i ulike scenarioer (alternativer), 2025-2050",Mellomalternativet MMM,Bekkelaget,Alder i alt,2039,11438
EliminatedValue,0,1403,0,15,"BEF036: Befolkningsframskrivingen for Oslo 2025. Framskrevet folkemengde etter aldersgrupper og geografisk område (D), i ulike scenarioer (alternativer), 2025-2050",Mellomalternativet MMM,Bekkelaget,Alder i alt,2040,11492
EliminatedValue,0,1403,0,16,"BEF036: Befolkningsframskrivingen for Oslo 2025. Framskrevet folkemengde etter aldersgrupper og geografisk område (D), i ulike scenarioer (alternativer), 2025-2050",Mellomalternativet MMM,Bekkelaget,Alder i alt,2041,11534
EliminatedValue,0,1403,0,17,"BEF036: Befolkningsframskrivingen for Oslo 2025. Framskrevet folkemengde etter aldersgrupper og geografisk område (D), i ulike scenarioer (alternativer), 2025-2050",Mellomalternativet MMM,Bekkelaget,Alder i alt,2042,11568
EliminatedValue,0,1403,0,18,"BEF036: Befolkningsframskrivingen for Oslo 2025. Framskrevet folkemengde etter aldersgrupper og geografisk område (D), i ulike scenarioer (alternativer), 2025-2050",Mellomalternativet MMM,Bekkelaget,Alder i alt,2043,11601
EliminatedValue,0,1403,0,19,"BEF036: Befolkningsframskrivingen for Oslo 2025. Framskrevet folkemengde etter aldersgrupper og geografisk område (D), i ulike scenarioer (alternativer), 2025-2050",Mellomalternativet MMM,Bekkelaget,Alder i alt,2044,11632
EliminatedValue,0,1403,0,20,"BEF036: Befolkningsframskrivingen for Oslo 2025. Framskrevet folkemengde etter aldersgrupper og geografisk område (D), i ulike scenarioer (alternativer), 2025-2050",Mellomalternativet MMM,Bekkelaget,Alder i alt,2045,11664
EliminatedValue,0,1403,0,21,"BEF036: Befolkningsframskrivingen for Oslo 2025. Framskrevet folkemengde etter aldersgrupper og geografisk område (D), i ulike scenarioer (alternativer), 2025-2050",Mellomalternativet MMM,Bekkelaget,Alder i alt,2046,11697
EliminatedValue,0,1403,0,22,"BEF036: Befolkningsframskrivingen for Oslo 2025. Framskrevet folkemengde etter aldersgrupper og geografisk område (D), i ulike scenarioer (alternativer), 2025-2050",Mellomalternativet MMM,Bekkelaget,Alder i alt,2047,11727
EliminatedValue,0,1403,0,23,"BEF036: Befolkningsframskrivingen for Oslo 2025. Framskrevet folkemengde etter aldersgrupper og geografisk område (D), i ulike scenarioer (alternativer), 2025-2050",Mellomalternativet MMM,Bekkelaget,Alder i alt,2048,11749
EliminatedValue,0,1403,0,24,"BEF036: Befolkningsframskrivingen for Oslo 2025. Framskrevet folkemengde etter aldersgrupper og geografisk område (D), i ulike scenarioer (alternativer), 2025-2050",Mellomalternativet MMM,Bekkelaget,Alder i alt,2049,11766
EliminatedValue,0,1403,0,25,"BEF036: Befolkningsframskrivingen for Oslo 2025. Framskrevet folkemengde etter aldersgrupper og geografisk område (D), i ulike scenarioer (alternativer), 2025-2050",Mellomalternativet MMM,Bekkelaget,Alder i alt,2050,11781
EliminatedValue,0,1404,0,0,"BEF036: Befolkningsframskrivingen for Oslo 2025. Framskrevet folkemengde etter aldersgrupper og geografisk område (D), i ulike scenarioer (alternativer), 2025-2050",Mellomalternativet MMM,Simensbråten,Alder i alt,2025,10056
EliminatedValue,0,1404,0,1,"BEF036: Befolkningsframskrivingen for Oslo 2025. Framskrevet folkemengde etter aldersgrupper og geografisk område (D), i ulike scenarioer (alternativer), 2025-2050",Mellomalternativet MMM,Simensbråten,Alder i alt,2026,10064
EliminatedValue,0,1404,0,2,"BEF036: Befolkningsframskrivingen for Oslo 2025. Framskrevet folkemengde etter aldersgrupper og geografisk område (D), i ulike scenarioer (alternativer), 2025-2050",Mellomalternativet MMM,Simensbråten,Alder i alt,2027,10099
EliminatedValue,0,1404,0,3,"BEF036: Befolkningsframskrivingen for Oslo 2025. Framskrevet folkemengde etter aldersgrupper og geografisk område (D), i ulike scenarioer (alternativer), 2025-2050",Mellomalternativet MMM,Simensbråten,Alder i alt,2028,10187
EliminatedValue,0,1404,0,4,"BEF036: Befolkningsframskrivingen for Oslo 2025. Framskrevet folkemengde etter aldersgrupper og geografisk område (D), i ulike scenarioer (alternativer), 2025-2050",Mellomalternativet MMM,Simensbråten,Alder i alt,2029,10289
EliminatedValue,0,1404,0,5,"BEF036: Befolkningsframskrivingen for Oslo 2025. Framskrevet folkemengde etter aldersgrupper og geografisk område (D), i ulike scenarioer (alternativer), 2025-2050",Mellomalternativet MMM,Simensbråten,Alder i alt,2030,10348
EliminatedValue,0,1404,0,6,"BEF036: Befolkningsframskrivingen for Oslo 2025. Framskrevet folkemengde etter aldersgrupper og geografisk område (D), i ulike scenarioer (alternativer), 2025-2050",Mellomalternativet MMM,Simensbråten,Alder i alt,2031,10401
EliminatedValue,0,1404,0,7,"BEF036: Befolkningsframskrivingen for Oslo 2025. Framskrevet folkemengde etter aldersgrupper og geografisk område (D), i ulike scenarioer (alternativer), 2025-2050",Mellomalternativet MMM,Simensbråten,Alder i alt,2032,10450
EliminatedValue,0,1404,0,8,"BEF036: Befolkningsframskrivingen for Oslo 2025. Framskrevet folkemengde etter aldersgrupper og geografisk område (D), i ulike scenarioer (alternativer), 2025-2050",Mellomalternativet MMM,Simensbråten,Alder i alt,2033,10492
EliminatedValue,0,1404,0,9,"BEF036: Befolkningsframskrivingen for Oslo 2025. Framskrevet folkemengde etter aldersgrupper og geografisk område (D), i ulike scenarioer (alternativer), 2025-2050",Mellomalternativet MMM,Simensbråten,Alder i alt,2034,10545
EliminatedValue,0,1404,0,10,"BEF036: Befolkningsframskrivingen for Oslo 2025. Framskrevet folkemengde etter aldersgrupper og geografisk område (D), i ulike scenarioer (alternativer), 2025-2050",Mellomalternativet MMM,Simensbråten,Alder i alt,2035,10602
EliminatedValue,0,1404,0,11,"BEF036: Befolkningsframskrivingen for Oslo 2025. Framskrevet folkemengde etter aldersgrupper og geografisk område (D), i ulike scenarioer (alternativer), 2025-2050",Mellomalternativet MMM,Simensbråten,Alder i alt,2036,10677
EliminatedValue,0,1404,0,12,"BEF036: Befolkningsframskrivingen for Oslo 2025. Framskrevet folkemengde etter aldersgrupper og geografisk område (D), i ulike scenarioer (alternativer), 2025-2050",Mellomalternativet MMM,Simensbråten,Alder i alt,2037,10807
EliminatedValue,0,1404,0,13,"BEF036: Befolkningsframskrivingen for Oslo 2025. Framskrevet folkemengde etter aldersgrupper og geografisk område (D), i ulike scenarioer (alternativer), 2025-2050",Mellomalternativet MMM,Simensbråten,Alder i alt,2038,10947
EliminatedValue,0,1404,0,14,"BEF036: Befolkningsframskrivingen for Oslo 2025. Framskrevet folkemengde etter aldersgrupper og geografisk område (D), i ulike scenarioer (alternativer), 2025-2050",Mellomalternativet MMM,Simensbråten,Alder i alt,2039,11114
EliminatedValue,0,1404,0,15,"BEF036: Befolkningsframskrivingen for Oslo 2025. Framskrevet folkemengde etter aldersgrupper og geografisk område (D), i ulike scenarioer (alternativer), 2025-2050",Mellomalternativet MMM,Simensbråten,Alder i alt,2040,11232
EliminatedValue,0,1404,0,16,"BEF036: Befolkningsframskrivingen for Oslo 2025. Framskrevet folkemengde etter aldersgrupper og geografisk område (D), i ulike scenarioer (alternativer), 2025-2050",Mellomalternativet MMM,Simensbråten,Alder i alt,2041,11335
EliminatedValue,0,1404,0,17,"BEF036: Befolkningsframskrivingen for Oslo 2025. Framskrevet folkemengde etter aldersgrupper og geografisk område (D), i ulike scenarioer (alternativer), 2025-2050",Mellomalternativet MMM,Simensbråten,Alder i alt,2042,11428
EliminatedValue,0,1404,0,18,"BEF036: Befolkningsframskrivingen for Oslo 2025. Framskrevet folkemengde etter aldersgrupper og geografisk område (D), i ulike scenarioer (alternativer), 2025-2050",Mellomalternativet MMM,Simensbråten,Alder i alt,2043,11508
EliminatedValue,0,1404,0,19,"BEF036: Befolkningsframskrivingen for Oslo 2025. Framskrevet folkemengde etter aldersgrupper og geografisk område (D), i ulike scenarioer (alternativer), 2025-2050",Mellomalternativet MMM,Simensbråten,Alder i alt,2044,11574
EliminatedValue,0,1404,0,20,"BEF036: Befolkningsframskrivingen for Oslo 2025. Framskrevet folkemengde etter aldersgrupper og geografisk område (D), i ulike scenarioer (alternativer), 2025-2050",Mellomalternativet MMM,Simensbråten,Alder i alt,2045,11643
EliminatedValue,0,1404,0,21,"BEF036: Befolkningsframskrivingen for Oslo 2025. Framskrevet folkemengde etter aldersgrupper og geografisk område (D), i ulike scenarioer (alternativer), 2025-2050",Mellomalternativet MMM,Simensbråten,Alder i alt,2046,11712
EliminatedValue,0,1404,0,22,"BEF036: Befolkningsframskrivingen for Oslo 2025. Framskrevet folkemengde etter aldersgrupper og geografisk område (D), i ulike scenarioer (alternativer), 2025-2050",Mellomalternativet MMM,Simensbråten,Alder i alt,2047,11771
EliminatedValue,0,1404,0,23,"BEF036: Befolkningsframskrivingen for Oslo 2025. Framskrevet folkemengde etter aldersgrupper og geografisk område (D), i ulike scenarioer (alternativer), 2025-2050",Mellomalternativet MMM,Simensbråten,Alder i alt,2048,11812
EliminatedValue,0,1404,0,24,"BEF036: Befolkningsframskrivingen for Oslo 2025. Framskrevet folkemengde etter aldersgrupper og geografisk område (D), i ulike scenarioer (alternativer), 2025-2050",Mellomalternativet MMM,Simensbråten,Alder i alt,2049,11837
EliminatedValue,0,1404,0,25,"BEF036: Befolkningsframskrivingen for Oslo 2025. Framskrevet folkemengde etter aldersgrupper og geografisk område (D), i ulike scenarioer (alternativer), 2025-2050",Mellomalternativet MMM,Simensbråten,Alder i alt,2050,11848
EliminatedValue,0,1405,0,0,"BEF036: Befolkningsframskrivingen for Oslo 2025. Framskrevet folkemengde etter aldersgrupper og geografisk område (D), i ulike scenarioer (alternativer), 2025-2050",Mellomalternativet MMM,Lambertseter,Alder i alt,2025,10791
EliminatedValue,0,1405,0,1,"BEF036: Befolkningsframskrivingen for Oslo 2025. Framskrevet folkemengde etter aldersgrupper og geografisk område (D), i ulike scenarioer (alternativer), 2025-2050",Mellomalternativet MMM,Lambertseter,Alder i alt,2026,10866
EliminatedValue,0,1405,0,2,"BEF036: Befolkningsframskrivingen for Oslo 2025. Framskrevet folkemengde etter aldersgrupper og geografisk område (D), i ulike scenarioer (alternativer), 2025-2050",Mellomalternativet MMM,Lambertseter,Alder i alt,2027,10927
EliminatedValue,0,1405,0,3,"BEF036: Befolkningsframskrivingen for Oslo 2025. Framskrevet folkemengde etter aldersgrupper og geografisk område (D), i ulike scenarioer (alternativer), 2025-2050",Mellomalternativet MMM,Lambertseter,Alder i alt,2028,10971
EliminatedValue,0,1405,0,4,"BEF036: Befolkningsframskrivingen for Oslo 2025. Framskrevet folkemengde etter aldersgrupper og geografisk område (D), i ulike scenarioer (alternativer), 2025-2050",Mellomalternativet MMM,Lambertseter,Alder i alt,2029,11043
EliminatedValue,0,1405,0,5,"BEF036: Befolkningsframskrivingen for Oslo 2025. Framskrevet folkemengde etter aldersgrupper og geografisk område (D), i ulike scenarioer (alternativer), 2025-2050",Mellomalternativet MMM,Lambertseter,Alder i alt,2030,11148
EliminatedValue,0,1405,0,6,"BEF036: Befolkningsframskrivingen for Oslo 2025. Framskrevet folkemengde etter aldersgrupper og geografisk område (D), i ulike scenarioer (alternativer), 2025-2050",Mellomalternativet MMM,Lambertseter,Alder i alt,2031,11289
EliminatedValue,0,1405,0,7,"BEF036: Befolkningsframskrivingen for Oslo 2025. Framskrevet folkemengde etter aldersgrupper og geografisk område (D), i ulike scenarioer (alternativer), 2025-2050",Mellomalternativet MMM,Lambertseter,Alder i alt,2032,11377
EliminatedValue,0,1405,0,8,"BEF036: Befolkningsframskrivingen for Oslo 2025. Framskrevet folkemengde etter aldersgrupper og geografisk område (D), i ulike scenarioer (alternativer), 2025-2050",Mellomalternativet MMM,Lambertseter,Alder i alt,2033,11444
EliminatedValue,0,1405,0,9,"BEF036: Befolkningsframskrivingen for Oslo 2025. Framskrevet folkemengde etter aldersgrupper og geografisk område (D), i ulike scenarioer (alternativer), 2025-2050",Mellomalternativet MMM,Lambertseter,Alder i alt,2034,11460
EliminatedValue,0,1405,0,10,"BEF036: Befolkningsframskrivingen for Oslo 2025. Framskrevet folkemengde etter aldersgrupper og geografisk område (D), i ulike scenarioer (alternativer), 2025-2050",Mellomalternativet MMM,Lambertseter,Alder i alt,2035,11489
EliminatedValue,0,1405,0,11,"BEF036: Befolkningsframskrivingen for Oslo 2025. Framskrevet folkemengde etter aldersgrupper og geografisk område (D), i ulike scenarioer (alternativer), 2025-2050",Mellomalternativet MMM,Lambertseter,Alder i alt,2036,11548
EliminatedValue,0,1405,0,12,"BEF036: Befolkningsframskrivingen for Oslo 2025. Framskrevet folkemengde etter aldersgrupper og geografisk område (D), i ulike scenarioer (alternativer), 2025-2050",Mellomalternativet MMM,Lambertseter,Alder i alt,2037,11668
EliminatedValue,0,1405,0,13,"BEF036: Befolkningsframskrivingen for Oslo 2025. Framskrevet folkemengde etter aldersgrupper og geografisk område (D), i ulike scenarioer (alternativer), 2025-2050",Mellomalternativet MMM,Lambertseter,Alder i alt,2038,11794
EliminatedValue,0,1405,0,14,"BEF036: Befolkningsframskrivingen for Oslo 2025. Framskrevet folkemengde etter aldersgrupper og geografisk område (D), i ulike scenarioer (alternativer), 2025-2050",Mellomalternativet MMM,Lambertseter,Alder i alt,2039,11938
EliminatedValue,0,1405,0,15,"BEF036: Befolkningsframskrivingen for Oslo 2025. Framskrevet folkemengde etter aldersgrupper og geografisk område (D), i ulike scenarioer (alternativer), 2025-2050",Mellomalternativet MMM,Lambertseter,Alder i alt,2040,12009
EliminatedValue,0,1405,0,16,"BEF036: Befolkningsframskrivingen for Oslo 2025. Framskrevet folkemengde etter aldersgrupper og geografisk område (D), i ulike scenarioer (alternativer), 2025-2050",Mellomalternativet MMM,Lambertseter,Alder i alt,2041,12055
EliminatedValue,0,1405,0,17,"BEF036: Befolkningsframskrivingen for Oslo 2025. Framskrevet folkemengde etter aldersgrupper og geografisk område (D), i ulike scenarioer (alternativer), 2025-2050",Mellomalternativet MMM,Lambertseter,Alder i alt,2042,12072
EliminatedValue,0,1405,0,18,"BEF036: Befolkningsframskrivingen for Oslo 2025. Framskrevet folkemengde etter aldersgrupper og geografisk område (D), i ulike scenarioer (alternativer), 2025-2050",Mellomalternativet MMM,Lambertseter,Alder i alt,2043,12065
EliminatedValue,0,1405,0,19,"BEF036: Befolkningsframskrivingen for Oslo 2025. Framskrevet folkemengde etter aldersgrupper og geografisk område (D), i ulike scenarioer (alternativer), 2025-2050",Mellomalternativet MMM,Lambertseter,Alder i alt,2044,12032
EliminatedValue,0,1405,0,20,"BEF036: Befolkningsframskrivingen for Oslo 2025. Framskrevet folkemengde etter aldersgrupper og geografisk område (D), i ulike scenarioer (alternativer), 2025-2050",Mellomalternativet MMM,Lambertseter,Alder i alt,2045,12001
EliminatedValue,0,1405,0,21,"BEF036: Befolkningsframskrivingen for Oslo 2025. Framskrevet folkemengde etter aldersgrupper og geografisk område (D), i ulike scenarioer (alternativer), 2025-2050",Mellomalternativet MMM,Lambertseter,Alder i alt,2046,11966
EliminatedValue,0,1405,0,22,"BEF036: Befolkningsframskrivingen for Oslo 2025. Framskrevet folkemengde etter aldersgrupper og geografisk område (D), i ulike scenarioer (alternativer), 2025-2050",Mellomalternativet MMM,Lambertseter,Alder i alt,2047,11926
EliminatedValue,0,1405,0,23,"BEF036: Befolkningsframskrivingen for Oslo 2025. Framskrevet folkemengde etter aldersgrupper og geografisk område (D), i ulike scenarioer (alternativer), 2025-2050",Mellomalternativet MMM,Lambertseter,Alder i alt,2048,11884
EliminatedValue,0,1405,0,24,"BEF036: Befolkningsframskrivingen for Oslo 2025. Framskrevet folkemengde etter aldersgrupper og geografisk område (D), i ulike scenarioer (alternativer), 2025-2050",Mellomalternativet MMM,Lambertseter,Alder i alt,2049,11840
EliminatedValue,0,1405,0,25,"BEF036: Befolkningsframskrivingen for Oslo 2025. Framskrevet folkemengde etter aldersgrupper og geografisk område (D), i ulike scenarioer (alternativer), 2025-2050",Mellomalternativet MMM,Lambertseter,Alder i alt,2050,11793
EliminatedValue,0,1406,0,0,"BEF036: Befolkningsframskrivingen for Oslo 2025. Framskrevet folkemengde etter aldersgrupper og geografisk område (D), i ulike scenarioer (alternativer), 2025-2050",Mellomalternativet MMM,Munkerud,Alder i alt,2025,9348
EliminatedValue,0,1406,0,1,"BEF036: Befolkningsframskrivingen for Oslo 2025. Framskrevet folkemengde etter aldersgrupper og geografisk område (D), i ulike scenarioer (alternativer), 2025-2050",Mellomalternativet MMM,Munkerud,Alder i alt,2026,9392
EliminatedValue,0,1406,0,2,"BEF036: Befolkningsframskrivingen for Oslo 2025. Framskrevet folkemengde etter aldersgrupper og geografisk område (D), i ulike scenarioer (alternativer), 2025-2050",Mellomalternativet MMM,Munkerud,Alder i alt,2027,9432
EliminatedValue,0,1406,0,3,"BEF036: Befolkningsframskrivingen for Oslo 2025. Framskrevet folkemengde etter aldersgrupper og geografisk område (D), i ulike scenarioer (alternativer), 2025-2050",Mellomalternativet MMM,Munkerud,Alder i alt,2028,9497
EliminatedValue,0,1406,0,4,"BEF036: Befolkningsframskrivingen for Oslo 2025. Framskrevet folkemengde etter aldersgrupper og geografisk område (D), i ulike scenarioer (alternativer), 2025-2050",Mellomalternativet MMM,Munkerud,Alder i alt,2029,9571
EliminatedValue,0,1406,0,5,"BEF036: Befolkningsframskrivingen for Oslo 2025. Framskrevet folkemengde etter aldersgrupper og geografisk område (D), i ulike scenarioer (alternativer), 2025-2050",Mellomalternativet MMM,Munkerud,Alder i alt,2030,9648
EliminatedValue,0,1406,0,6,"BEF036: Befolkningsframskrivingen for Oslo 2025. Framskrevet folkemengde etter aldersgrupper og geografisk område (D), i ulike scenarioer (alternativer), 2025-2050",Mellomalternativet MMM,Munkerud,Alder i alt,2031,9733
EliminatedValue,0,1406,0,7,"BEF036: Befolkningsframskrivingen for Oslo 2025. Framskrevet folkemengde etter aldersgrupper og geografisk område (D), i ulike scenarioer (alternativer), 2025-2050",Mellomalternativet MMM,Munkerud,Alder i alt,2032,9809
EliminatedValue,0,1406,0,8,"BEF036: Befolkningsframskrivingen for Oslo 2025. Framskrevet folkemengde etter aldersgrupper og geografisk område (D), i ulike scenarioer (alternativer), 2025-2050",Mellomalternativet MMM,Munkerud,Alder i alt,2033,9871
EliminatedValue,0,1406,0,9,"BEF036: Befolkningsframskrivingen for Oslo 2025. Framskrevet folkemengde etter aldersgrupper og geografisk område (D), i ulike scenarioer (alternativer), 2025-2050",Mellomalternativet MMM,Munkerud,Alder i alt,2034,9933
EliminatedValue,0,1406,0,10,"BEF036: Befolkningsframskrivingen for Oslo 2025. Framskrevet folkemengde etter aldersgrupper og geografisk område (D), i ulike scenarioer (alternativer), 2025-2050",Mellomalternativet MMM,Munkerud,Alder i alt,2035,9994
EliminatedValue,0,1406,0,11,"BEF036: Befolkningsframskrivingen for Oslo 2025. Framskrevet folkemengde etter aldersgrupper og geografisk område (D), i ulike scenarioer (alternativer), 2025-2050",Mellomalternativet MMM,Munkerud,Alder i alt,2036,10052
EliminatedValue,0,1406,0,12,"BEF036: Befolkningsframskrivingen for Oslo 2025. Framskrevet folkemengde etter aldersgrupper og geografisk område (D), i ulike scenarioer (alternativer), 2025-2050",Mellomalternativet MMM,Munkerud,Alder i alt,2037,10107
EliminatedValue,0,1406,0,13,"BEF036: Befolkningsframskrivingen for Oslo 2025. Framskrevet folkemengde etter aldersgrupper og geografisk område (D), i ulike scenarioer (alternativer), 2025-2050",Mellomalternativet MMM,Munkerud,Alder i alt,2038,10157
EliminatedValue,0,1406,0,14,"BEF036: Befolkningsframskrivingen for Oslo 2025. Framskrevet folkemengde etter aldersgrupper og geografisk område (D), i ulike scenarioer (alternativer), 2025-2050",Mellomalternativet MMM,Munkerud,Alder i alt,2039,10202
EliminatedValue,0,1406,0,15,"BEF036: Befolkningsframskrivingen for Oslo 2025. Framskrevet folkemengde etter aldersgrupper og geografisk område (D), i ulike scenarioer (alternativer), 2025-2050",Mellomalternativet MMM,Munkerud,Alder i alt,2040,10242
EliminatedValue,0,1406,0,16,"BEF036: Befolkningsframskrivingen for Oslo 2025. Framskrevet folkemengde etter aldersgrupper og geografisk område (D), i ulike scenarioer (alternativer), 2025-2050",Mellomalternativet MMM,Munkerud,Alder i alt,2041,10274
EliminatedValue,0,1406,0,17,"BEF036: Befolkningsframskrivingen for Oslo 2025. Framskrevet folkemengde etter aldersgrupper og geografisk område (D), i ulike scenarioer (alternativer), 2025-2050",Mellomalternativet MMM,Munkerud,Alder i alt,2042,10302
EliminatedValue,0,1406,0,18,"BEF036: Befolkningsframskrivingen for Oslo 2025. Framskrevet folkemengde etter aldersgrupper og geografisk område (D), i ulike scenarioer (alternativer), 2025-2050",Mellomalternativet MMM,Munkerud,Alder i alt,2043,10330
EliminatedValue,0,1406,0,19,"BEF036: Befolkningsframskrivingen for Oslo 2025. Framskrevet folkemengde etter aldersgrupper og geografisk område (D), i ulike scenarioer (alternativer), 2025-2050",Mellomalternativet MMM,Munkerud,Alder i alt,2044,10358
EliminatedValue,0,1406,0,20,"BEF036: Befolkningsframskrivingen for Oslo 2025. Framskrevet folkemengde etter aldersgrupper og geografisk område (D), i ulike scenarioer (alternativer), 2025-2050",Mellomalternativet MMM,Munkerud,Alder i alt,2045,10385
EliminatedValue,0,1406,0,21,"BEF036: Befolkningsframskrivingen for Oslo 2025. Framskrevet folkemengde etter aldersgrupper og geografisk område (D), i ulike scenarioer (alternativer), 2025-2050",Mellomalternativet MMM,Munkerud,Alder i alt,2046,10413
EliminatedValue,0,1406,0,22,"BEF036: Befolkningsframskrivingen for Oslo 2025. Framskrevet folkemengde etter aldersgrupper og geografisk område (D), i ulike scenarioer (alternativer), 2025-2050",Mellomalternativet MMM,Munkerud,Alder i alt,2047,10439
EliminatedValue,0,1406,0,23,"BEF036: Befolkningsframskrivingen for Oslo 2025. Framskrevet folkemengde etter aldersgrupper og geografisk område (D), i ulike scenarioer (alternativer), 2025-2050",Mellomalternativet MMM,Munkerud,Alder i alt,2048,10453
EliminatedValue,0,1406,0,24,"BEF036: Befolkningsframskrivingen for Oslo 2025. Framskrevet folkemengde etter aldersgrupper og geografisk område (D), i ulike scenarioer (alternativer), 2025-2050",Mellomalternativet MMM,Munkerud,Alder i alt,2049,10461
EliminatedValue,0,1406,0,25,"BEF036: Befolkningsframskrivingen for Oslo 2025. Framskrevet folkemengde etter aldersgrupper og geografisk område (D), i ulike scenarioer (alternativer), 2025-2050",Mellomalternativet MMM,Munkerud,Alder i alt,2050,10466
EliminatedValue,0,1501,0,0,"BEF036: Befolkningsframskrivingen for Oslo 2025. Framskrevet folkemengde etter aldersgrupper og geografisk område (D), i ulike scenarioer (alternativer), 2025-2050",Mellomalternativet MMM,Holmlia syd,Alder i alt,2025,5943
EliminatedValue,0,1501,0,1,"BEF036: Befolkningsframskrivingen for Oslo 2025. Framskrevet folkemengde etter aldersgrupper og geografisk område (D), i ulike scenarioer (alternativer), 2025-2050",Mellomalternativet MMM,Holmlia syd,Alder i alt,2026,5910
EliminatedValue,0,1501,0,2,"BEF036: Befolkningsframskrivingen for Oslo 2025. Framskrevet folkemengde etter aldersgrupper og geografisk område (D), i ulike scenarioer (alternativer), 2025-2050",Mellomalternativet MMM,Holmlia syd,Alder i alt,2027,5894
EliminatedValue,0,1501,0,3,"BEF036: Befolkningsframskrivingen for Oslo 2025. Framskrevet folkemengde etter aldersgrupper og geografisk område (D), i ulike scenarioer (alternativer), 2025-2050",Mellomalternativet MMM,Holmlia syd,Alder i alt,2028,5890
EliminatedValue,0,1501,0,4,"BEF036: Befolkningsframskrivingen for Oslo 2025. Framskrevet folkemengde etter aldersgrupper og geografisk område (D), i ulike scenarioer (alternativer), 2025-2050",Mellomalternativet MMM,Holmlia syd,Alder i alt,2029,5901
EliminatedValue,0,1501,0,5,"BEF036: Befolkningsframskrivingen for Oslo 2025. Framskrevet folkemengde etter aldersgrupper og geografisk område (D), i ulike scenarioer (alternativer), 2025-2050",Mellomalternativet MMM,Holmlia syd,Alder i alt,2030,5947
EliminatedValue,0,1501,0,6,"BEF036: Befolkningsframskrivingen for Oslo 2025. Framskrevet folkemengde etter aldersgrupper og geografisk område (D), i ulike scenarioer (alternativer), 2025-2050",Mellomalternativet MMM,Holmlia syd,Alder i alt,2031,5989
EliminatedValue,0,1501,0,7,"BEF036: Befolkningsframskrivingen for Oslo 2025. Framskrevet folkemengde etter aldersgrupper og geografisk område (D), i ulike scenarioer (alternativer), 2025-2050",Mellomalternativet MMM,Holmlia syd,Alder i alt,2032,6011
EliminatedValue,0,1501,0,8,"BEF036: Befolkningsframskrivingen for Oslo 2025. Framskrevet folkemengde etter aldersgrupper og geografisk område (D), i ulike scenarioer (alternativer), 2025-2050",Mellomalternativet MMM,Holmlia syd,Alder i alt,2033,6021
EliminatedValue,0,1501,0,9,"BEF036: Befolkningsframskrivingen for Oslo 2025. Framskrevet folkemengde etter aldersgrupper og geografisk område (D), i ulike scenarioer (alternativer), 2025-2050",Mellomalternativet MMM,Holmlia syd,Alder i alt,2034,6042
EliminatedValue,0,1501,0,10,"BEF036: Befolkningsframskrivingen for Oslo 2025. Framskrevet folkemengde etter aldersgrupper og geografisk område (D), i ulike scenarioer (alternativer), 2025-2050",Mellomalternativet MMM,Holmlia syd,Alder i alt,2035,6068
EliminatedValue,0,1501,0,11,"BEF036: Befolkningsframskrivingen for Oslo 2025. Framskrevet folkemengde etter aldersgrupper og geografisk område (D), i ulike scenarioer (alternativer), 2025-2050",Mellomalternativet MMM,Holmlia syd,Alder i alt,2036,6114
EliminatedValue,0,1501,0,12,"BEF036: Befolkningsframskrivingen for Oslo 2025. Framskrevet folkemengde etter aldersgrupper og geografisk område (D), i ulike scenarioer (alternativer), 2025-2050",Mellomalternativet MMM,Holmlia syd,Alder i alt,2037,6231
EliminatedValue,0,1501,0,13,"BEF036: Befolkningsframskrivingen for Oslo 2025. Framskrevet folkemengde etter aldersgrupper og geografisk område (D), i ulike scenarioer (alternativer), 2025-2050",Mellomalternativet MMM,Holmlia syd,Alder i alt,2038,6367
EliminatedValue,0,1501,0,14,"BEF036: Befolkningsframskrivingen for Oslo 2025. Framskrevet folkemengde etter aldersgrupper og geografisk område (D), i ulike scenarioer (alternativer), 2025-2050",Mellomalternativet MMM,Holmlia syd,Alder i alt,2039,6541
EliminatedValue,0,1501,0,15,"BEF036: Befolkningsframskrivingen for Oslo 2025. Framskrevet folkemengde etter aldersgrupper og geografisk område (D), i ulike scenarioer (alternativer), 2025-2050",Mellomalternativet MMM,Holmlia syd,Alder i alt,2040,6722
EliminatedValue,0,1501,0,16,"BEF036: Befolkningsframskrivingen for Oslo 2025. Framskrevet folkemengde etter aldersgrupper og geografisk område (D), i ulike scenarioer (alternativer), 2025-2050",Mellomalternativet MMM,Holmlia syd,Alder i alt,2041,6934
EliminatedValue,0,1501,0,17,"BEF036: Befolkningsframskrivingen for Oslo 2025. Framskrevet folkemengde etter aldersgrupper og geografisk område (D), i ulike scenarioer (alternativer), 2025-2050",Mellomalternativet MMM,Holmlia syd,Alder i alt,2042,7178
EliminatedValue,0,1501,0,18,"BEF036: Befolkningsframskrivingen for Oslo 2025. Framskrevet folkemengde etter aldersgrupper og geografisk område (D), i ulike scenarioer (alternativer), 2025-2050",Mellomalternativet MMM,Holmlia syd,Alder i alt,2043,7430
EliminatedValue,0,1501,0,19,"BEF036: Befolkningsframskrivingen for Oslo 2025. Framskrevet folkemengde etter aldersgrupper og geografisk område (D), i ulike scenarioer (alternativer), 2025-2050",Mellomalternativet MMM,Holmlia syd,Alder i alt,2044,7684
EliminatedValue,0,1501,0,20,"BEF036: Befolkningsframskrivingen for Oslo 2025. Framskrevet folkemengde etter aldersgrupper og geografisk område (D), i ulike scenarioer (alternativer), 2025-2050",Mellomalternativet MMM,Holmlia syd,Alder i alt,2045,7933
EliminatedValue,0,1501,0,21,"BEF036: Befolkningsframskrivingen for Oslo 2025. Framskrevet folkemengde etter aldersgrupper og geografisk område (D), i ulike scenarioer (alternativer), 2025-2050",Mellomalternativet MMM,Holmlia syd,Alder i alt,2046,8175
EliminatedValue,0,1501,0,22,"BEF036: Befolkningsframskrivingen for Oslo 2025. Framskrevet folkemengde etter aldersgrupper og geografisk område (D), i ulike scenarioer (alternativer), 2025-2050",Mellomalternativet MMM,Holmlia syd,Alder i alt,2047,8388
EliminatedValue,0,1501,0,23,"BEF036: Befolkningsframskrivingen for Oslo 2025. Framskrevet folkemengde etter aldersgrupper og geografisk område (D), i ulike scenarioer (alternativer), 2025-2050",Mellomalternativet MMM,Holmlia syd,Alder i alt,2048,8574
EliminatedValue,0,1501,0,24,"BEF036: Befolkningsframskrivingen for Oslo 2025. Framskrevet folkemengde etter aldersgrupper og geografisk område (D), i ulike scenarioer (alternativer), 2025-2050",Mellomalternativet MMM,Holmlia syd,Alder i alt,2049,8720
EliminatedValue,0,1501,0,25,"BEF036: Befolkningsframskrivingen for Oslo 2025. Framskrevet folkemengde etter aldersgrupper og geografisk område (D), i ulike scenarioer (alternativer), 2025-2050",Mellomalternativet MMM,Holmlia syd,Alder i alt,2050,8826
EliminatedValue,0,1502,0,0,"BEF036: Befolkningsframskrivingen for Oslo 2025. Framskrevet folkemengde etter aldersgrupper og geografisk område (D), i ulike scenarioer (alternativer), 2025-2050",Mellomalternativet MMM,Holmlia nord,Alder i alt,2025,5893
EliminatedValue,0,1502,0,1,"BEF036: Befolkningsframskrivingen for Oslo 2025. Framskrevet folkemengde etter aldersgrupper og geografisk område (D), i ulike scenarioer (alternativer), 2025-2050",Mellomalternativet MMM,Holmlia nord,Alder i alt,2026,5890
EliminatedValue,0,1502,0,2,"BEF036: Befolkningsframskrivingen for Oslo 2025. Framskrevet folkemengde etter aldersgrupper og geografisk område (D), i ulike scenarioer (alternativer), 2025-2050",Mellomalternativet MMM,Holmlia nord,Alder i alt,2027,5889
EliminatedValue,0,1502,0,3,"BEF036: Befolkningsframskrivingen for Oslo 2025. Framskrevet folkemengde etter aldersgrupper og geografisk område (D), i ulike scenarioer (alternativer), 2025-2050",Mellomalternativet MMM,Holmlia nord,Alder i alt,2028,5891
EliminatedValue,0,1502,0,4,"BEF036: Befolkningsframskrivingen for Oslo 2025. Framskrevet folkemengde etter aldersgrupper og geografisk område (D), i ulike scenarioer (alternativer), 2025-2050",Mellomalternativet MMM,Holmlia nord,Alder i alt,2029,5892
EliminatedValue,0,1502,0,5,"BEF036: Befolkningsframskrivingen for Oslo 2025. Framskrevet folkemengde etter aldersgrupper og geografisk område (D), i ulike scenarioer (alternativer), 2025-2050",Mellomalternativet MMM,Holmlia nord,Alder i alt,2030,5889
EliminatedValue,0,1502,0,6,"BEF036: Befolkningsframskrivingen for Oslo 2025. Framskrevet folkemengde etter aldersgrupper og geografisk område (D), i ulike scenarioer (alternativer), 2025-2050",Mellomalternativet MMM,Holmlia nord,Alder i alt,2031,5886
EliminatedValue,0,1502,0,7,"BEF036: Befolkningsframskrivingen for Oslo 2025. Framskrevet folkemengde etter aldersgrupper og geografisk område (D), i ulike scenarioer (alternativer), 2025-2050",Mellomalternativet MMM,Holmlia nord,Alder i alt,2032,5884
EliminatedValue,0,1502,0,8,"BEF036: Befolkningsframskrivingen for Oslo 2025. Framskrevet folkemengde etter aldersgrupper og geografisk område (D), i ulike scenarioer (alternativer), 2025-2050",Mellomalternativet MMM,Holmlia nord,Alder i alt,2033,5883
EliminatedValue,0,1502,0,9,"BEF036: Befolkningsframskrivingen for Oslo 2025. Framskrevet folkemengde etter aldersgrupper og geografisk område (D), i ulike scenarioer (alternativer), 2025-2050",Mellomalternativet MMM,Holmlia nord,Alder i alt,2034,5881
EliminatedValue,0,1502,0,10,"BEF036: Befolkningsframskrivingen for Oslo 2025. Framskrevet folkemengde etter aldersgrupper og geografisk område (D), i ulike scenarioer (alternativer), 2025-2050",Mellomalternativet MMM,Holmlia nord,Alder i alt,2035,5881
EliminatedValue,0,1502,0,11,"BEF036: Befolkningsframskrivingen for Oslo 2025. Framskrevet folkemengde etter aldersgrupper og geografisk område (D), i ulike scenarioer (alternativer), 2025-2050",Mellomalternativet MMM,Holmlia nord,Alder i alt,2036,5881
EliminatedValue,0,1502,0,12,"BEF036: Befolkningsframskrivingen for Oslo 2025. Framskrevet folkemengde etter aldersgrupper og geografisk område (D), i ulike scenarioer (alternativer), 2025-2050",Mellomalternativet MMM,Holmlia nord,Alder i alt,2037,5883
EliminatedValue,0,1502,0,13,"BEF036: Befolkningsframskrivingen for Oslo 2025. Framskrevet folkemengde etter aldersgrupper og geografisk område (D), i ulike scenarioer (alternativer), 2025-2050",Mellomalternativet MMM,Holmlia nord,Alder i alt,2038,5884
EliminatedValue,0,1502,0,14,"BEF036: Befolkningsframskrivingen for Oslo 2025. Framskrevet folkemengde etter aldersgrupper og geografisk område (D), i ulike scenarioer (alternativer), 2025-2050",Mellomalternativet MMM,Holmlia nord,Alder i alt,2039,5885
EliminatedValue,0,1502,0,15,"BEF036: Befolkningsframskrivingen for Oslo 2025. Framskrevet folkemengde etter aldersgrupper og geografisk område (D), i ulike scenarioer (alternativer), 2025-2050",Mellomalternativet MMM,Holmlia nord,Alder i alt,2040,5885
EliminatedValue,0,1502,0,16,"BEF036: Befolkningsframskrivingen for Oslo 2025. Framskrevet folkemengde etter aldersgrupper og geografisk område (D), i ulike scenarioer (alternativer), 2025-2050",Mellomalternativet MMM,Holmlia nord,Alder i alt,2041,5885
EliminatedValue,0,1502,0,17,"BEF036: Befolkningsframskrivingen for Oslo 2025. Framskrevet folkemengde etter aldersgrupper og geografisk område (D), i ulike scenarioer (alternativer), 2025-2050",Mellomalternativet MMM,Holmlia nord,Alder i alt,2042,5885
EliminatedValue,0,1502,0,18,"BEF036: Befolkningsframskrivingen for Oslo 2025. Framskrevet folkemengde etter aldersgrupper og geografisk område (D), i ulike scenarioer (alternativer), 2025-2050",Mellomalternativet MMM,Holmlia nord,Alder i alt,2043,5884
EliminatedValue,0,1502,0,19,"BEF036: Befolkningsframskrivingen for Oslo 2025. Framskrevet folkemengde etter aldersgrupper og geografisk område (D), i ulike scenarioer (alternativer), 2025-2050",Mellomalternativet MMM,Holmlia nord,Alder i alt,2044,5883
EliminatedValue,0,1502,0,20,"BEF036: Befolkningsframskrivingen for Oslo 2025. Framskrevet folkemengde etter aldersgrupper og geografisk område (D), i ulike scenarioer (alternativer), 2025-2050",Mellomalternativet MMM,Holmlia nord,Alder i alt,2045,5881
EliminatedValue,0,1502,0,21,"BEF036: Befolkningsframskrivingen for Oslo 2025. Framskrevet folkemengde etter aldersgrupper og geografisk område (D), i ulike scenarioer (alternativer), 2025-2050",Mellomalternativet MMM,Holmlia nord,Alder i alt,2046,5879
EliminatedValue,0,1502,0,22,"BEF036: Befolkningsframskrivingen for Oslo 2025. Framskrevet folkemengde etter aldersgrupper og geografisk område (D), i ulike scenarioer (alternativer), 2025-2050",Mellomalternativet MMM,Holmlia nord,Alder i alt,2047,5874
EliminatedValue,0,1502,0,23,"BEF036: Befolkningsframskrivingen for Oslo 2025. Framskrevet folkemengde etter aldersgrupper og geografisk område (D), i ulike scenarioer (alternativer), 2025-2050",Mellomalternativet MMM,Holmlia nord,Alder i alt,2048,5868
EliminatedValue,0,1502,0,24,"BEF036: Befolkningsframskrivingen for Oslo 2025. Framskrevet folkemengde etter aldersgrupper og geografisk område (D), i ulike scenarioer (alternativer), 2025-2050",Mellomalternativet MMM,Holmlia nord,Alder i alt,2049,5858
EliminatedValue,0,1502,0,25,"BEF036: Befolkningsframskrivingen for Oslo 2025. Framskrevet folkemengde etter aldersgrupper og geografisk område (D), i ulike scenarioer (alternativer), 2025-2050",Mellomalternativet MMM,Holmlia nord,Alder i alt,2050,5846
EliminatedValue,0,1503,0,0,"BEF036: Befolkningsframskrivingen for Oslo 2025. Framskrevet folkemengde etter aldersgrupper og geografisk område (D), i ulike scenarioer (alternativer), 2025-2050",Mellomalternativet MMM,Prinsdal,Alder i alt,2025,5989
EliminatedValue,0,1503,0,1,"BEF036: Befolkningsframskrivingen for Oslo 2025. Framskrevet folkemengde etter aldersgrupper og geografisk område (D), i ulike scenarioer (alternativer), 2025-2050",Mellomalternativet MMM,Prinsdal,Alder i alt,2026,5995
EliminatedValue,0,1503,0,2,"BEF036: Befolkningsframskrivingen for Oslo 2025. Framskrevet folkemengde etter aldersgrupper og geografisk område (D), i ulike scenarioer (alternativer), 2025-2050",Mellomalternativet MMM,Prinsdal,Alder i alt,2027,6009
EliminatedValue,0,1503,0,3,"BEF036: Befolkningsframskrivingen for Oslo 2025. Framskrevet folkemengde etter aldersgrupper og geografisk område (D), i ulike scenarioer (alternativer), 2025-2050",Mellomalternativet MMM,Prinsdal,Alder i alt,2028,6039
EliminatedValue,0,1503,0,4,"BEF036: Befolkningsframskrivingen for Oslo 2025. Framskrevet folkemengde etter aldersgrupper og geografisk område (D), i ulike scenarioer (alternativer), 2025-2050",Mellomalternativet MMM,Prinsdal,Alder i alt,2029,6065
EliminatedValue,0,1503,0,5,"BEF036: Befolkningsframskrivingen for Oslo 2025. Framskrevet folkemengde etter aldersgrupper og geografisk område (D), i ulike scenarioer (alternativer), 2025-2050",Mellomalternativet MMM,Prinsdal,Alder i alt,2030,6073
EliminatedValue,0,1503,0,6,"BEF036: Befolkningsframskrivingen for Oslo 2025. Framskrevet folkemengde etter aldersgrupper og geografisk område (D), i ulike scenarioer (alternativer), 2025-2050",Mellomalternativet MMM,Prinsdal,Alder i alt,2031,6086
EliminatedValue,0,1503,0,7,"BEF036: Befolkningsframskrivingen for Oslo 2025. Framskrevet folkemengde etter aldersgrupper og geografisk område (D), i ulike scenarioer (alternativer), 2025-2050",Mellomalternativet MMM,Prinsdal,Alder i alt,2032,6108
EliminatedValue,0,1503,0,8,"BEF036: Befolkningsframskrivingen for Oslo 2025. Framskrevet folkemengde etter aldersgrupper og geografisk område (D), i ulike scenarioer (alternativer), 2025-2050",Mellomalternativet MMM,Prinsdal,Alder i alt,2033,6130
EliminatedValue,0,1503,0,9,"BEF036: Befolkningsframskrivingen for Oslo 2025. Framskrevet folkemengde etter aldersgrupper og geografisk område (D), i ulike scenarioer (alternativer), 2025-2050",Mellomalternativet MMM,Prinsdal,Alder i alt,2034,6153
EliminatedValue,0,1503,0,10,"BEF036: Befolkningsframskrivingen for Oslo 2025. Framskrevet folkemengde etter aldersgrupper og geografisk område (D), i ulike scenarioer (alternativer), 2025-2050",Mellomalternativet MMM,Prinsdal,Alder i alt,2035,6176
EliminatedValue,0,1503,0,11,"BEF036: Befolkningsframskrivingen for Oslo 2025. Framskrevet folkemengde etter aldersgrupper og geografisk område (D), i ulike scenarioer (alternativer), 2025-2050",Mellomalternativet MMM,Prinsdal,Alder i alt,2036,6202
EliminatedValue,0,1503,0,12,"BEF036: Befolkningsframskrivingen for Oslo 2025. Framskrevet folkemengde etter aldersgrupper og geografisk område (D), i ulike scenarioer (alternativer), 2025-2050",Mellomalternativet MMM,Prinsdal,Alder i alt,2037,6231
EliminatedValue,0,1503,0,13,"BEF036: Befolkningsframskrivingen for Oslo 2025. Framskrevet folkemengde etter aldersgrupper og geografisk område (D), i ulike scenarioer (alternativer), 2025-2050",Mellomalternativet MMM,Prinsdal,Alder i alt,2038,6257
EliminatedValue,0,1503,0,14,"BEF036: Befolkningsframskrivingen for Oslo 2025. Framskrevet folkemengde etter aldersgrupper og geografisk område (D), i ulike scenarioer (alternativer), 2025-2050",Mellomalternativet MMM,Prinsdal,Alder i alt,2039,6280
EliminatedValue,0,1503,0,15,"BEF036: Befolkningsframskrivingen for Oslo 2025. Framskrevet folkemengde etter aldersgrupper og geografisk område (D), i ulike scenarioer (alternativer), 2025-2050",Mellomalternativet MMM,Prinsdal,Alder i alt,2040,6303
EliminatedValue,0,1503,0,16,"BEF036: Befolkningsframskrivingen for Oslo 2025. Framskrevet folkemengde etter aldersgrupper og geografisk område (D), i ulike scenarioer (alternativer), 2025-2050",Mellomalternativet MMM,Prinsdal,Alder i alt,2041,6322
EliminatedValue,0,1503,0,17,"BEF036: Befolkningsframskrivingen for Oslo 2025. Framskrevet folkemengde etter aldersgrupper og geografisk område (D), i ulike scenarioer (alternativer), 2025-2050",Mellomalternativet MMM,Prinsdal,Alder i alt,2042,6343
EliminatedValue,0,1503,0,18,"BEF036: Befolkningsframskrivingen for Oslo 2025. Framskrevet folkemengde etter aldersgrupper og geografisk område (D), i ulike scenarioer (alternativer), 2025-2050",Mellomalternativet MMM,Prinsdal,Alder i alt,2043,6364
EliminatedValue,0,1503,0,19,"BEF036: Befolkningsframskrivingen for Oslo 2025. Framskrevet folkemengde etter aldersgrupper og geografisk område (D), i ulike scenarioer (alternativer), 2025-2050",Mellomalternativet MMM,Prinsdal,Alder i alt,2044,6386
EliminatedValue,0,1503,0,20,"BEF036: Befolkningsframskrivingen for Oslo 2025. Framskrevet folkemengde etter aldersgrupper og geografisk område (D), i ulike scenarioer (alternativer), 2025-2050",Mellomalternativet MMM,Prinsdal,Alder i alt,2045,6407
EliminatedValue,0,1503,0,21,"BEF036: Befolkningsframskrivingen for Oslo 2025. Framskrevet folkemengde etter aldersgrupper og geografisk område (D), i ulike scenarioer (alternativer), 2025-2050",Mellomalternativet MMM,Prinsdal,Alder i alt,2046,6427
EliminatedValue,0,1503,0,22,"BEF036: Befolkningsframskrivingen for Oslo 2025. Framskrevet folkemengde etter aldersgrupper og geografisk område (D), i ulike scenarioer (alternativer), 2025-2050",Mellomalternativet MMM,Prinsdal,Alder i alt,2047,6450
EliminatedValue,0,1503,0,23,"BEF036: Befolkningsframskrivingen for Oslo 2025. Framskrevet folkemengde etter aldersgrupper og geografisk område (D), i ulike scenarioer (alternativer), 2025-2050",Mellomalternativet MMM,Prinsdal,Alder i alt,2048,6471
EliminatedValue,0,1503,0,24,"BEF036: Befolkningsframskrivingen for Oslo 2025. Framskrevet folkemengde etter aldersgrupper og geografisk område (D), i ulike scenarioer (alternativer), 2025-2050",Mellomalternativet MMM,Prinsdal,Alder i alt,2049,6495
EliminatedValue,0,1503,0,25,"BEF036: Befolkningsframskrivingen for Oslo 2025. Framskrevet folkemengde etter aldersgrupper og geografisk område (D), i ulike scenarioer (alternativer), 2025-2050",Mellomalternativet MMM,Prinsdal,Alder i alt,2050,6522
EliminatedValue,0,1504,0,0,"BEF036: Befolkningsframskrivingen for Oslo 2025. Framskrevet folkemengde etter aldersgrupper og geografisk område (D), i ulike scenarioer (alternativer), 2025-2050",Mellomalternativet MMM,Bjørnerud,Alder i alt,2025,7062
EliminatedValue,0,1504,0,1,"BEF036: Befolkningsframskrivingen for Oslo 2025. Framskrevet folkemengde etter aldersgrupper og geografisk område (D), i ulike scenarioer (alternativer), 2025-2050",Mellomalternativet MMM,Bjørnerud,Alder i alt,2026,7085
EliminatedValue,0,1504,0,2,"BEF036: Befolkningsframskrivingen for Oslo 2025. Framskrevet folkemengde etter aldersgrupper og geografisk område (D), i ulike scenarioer (alternativer), 2025-2050",Mellomalternativet MMM,Bjørnerud,Alder i alt,2027,7137
EliminatedValue,0,1504,0,3,"BEF036: Befolkningsframskrivingen for Oslo 2025. Framskrevet folkemengde etter aldersgrupper og geografisk område (D), i ulike scenarioer (alternativer), 2025-2050",Mellomalternativet MMM,Bjørnerud,Alder i alt,2028,7183
EliminatedValue,0,1504,0,4,"BEF036: Befolkningsframskrivingen for Oslo 2025. Framskrevet folkemengde etter aldersgrupper og geografisk område (D), i ulike scenarioer (alternativer), 2025-2050",Mellomalternativet MMM,Bjørnerud,Alder i alt,2029,7218
EliminatedValue,0,1504,0,5,"BEF036: Befolkningsframskrivingen for Oslo 2025. Framskrevet folkemengde etter aldersgrupper og geografisk område (D), i ulike scenarioer (alternativer), 2025-2050",Mellomalternativet MMM,Bjørnerud,Alder i alt,2030,7238
EliminatedValue,0,1504,0,6,"BEF036: Befolkningsframskrivingen for Oslo 2025. Framskrevet folkemengde etter aldersgrupper og geografisk område (D), i ulike scenarioer (alternativer), 2025-2050",Mellomalternativet MMM,Bjørnerud,Alder i alt,2031,7255
EliminatedValue,0,1504,0,7,"BEF036: Befolkningsframskrivingen for Oslo 2025. Framskrevet folkemengde etter aldersgrupper og geografisk område (D), i ulike scenarioer (alternativer), 2025-2050",Mellomalternativet MMM,Bjørnerud,Alder i alt,2032,7272
EliminatedValue,0,1504,0,8,"BEF036: Befolkningsframskrivingen for Oslo 2025. Framskrevet folkemengde etter aldersgrupper og geografisk område (D), i ulike scenarioer (alternativer), 2025-2050",Mellomalternativet MMM,Bjørnerud,Alder i alt,2033,7287
EliminatedValue,0,1504,0,9,"BEF036: Befolkningsframskrivingen for Oslo 2025. Framskrevet folkemengde etter aldersgrupper og geografisk område (D), i ulike scenarioer (alternativer), 2025-2050",Mellomalternativet MMM,Bjørnerud,Alder i alt,2034,7300
EliminatedValue,0,1504,0,10,"BEF036: Befolkningsframskrivingen for Oslo 2025. Framskrevet folkemengde etter aldersgrupper og geografisk område (D), i ulike scenarioer (alternativer), 2025-2050",Mellomalternativet MMM,Bjørnerud,Alder i alt,2035,7312
EliminatedValue,0,1504,0,11,"BEF036: Befolkningsframskrivingen for Oslo 2025. Framskrevet folkemengde etter aldersgrupper og geografisk område (D), i ulike scenarioer (alternativer), 2025-2050",Mellomalternativet MMM,Bjørnerud,Alder i alt,2036,7322
EliminatedValue,0,1504,0,12,"BEF036: Befolkningsframskrivingen for Oslo 2025. Framskrevet folkemengde etter aldersgrupper og geografisk område (D), i ulike scenarioer (alternativer), 2025-2050",Mellomalternativet MMM,Bjørnerud,Alder i alt,2037,7333
EliminatedValue,0,1504,0,13,"BEF036: Befolkningsframskrivingen for Oslo 2025. Framskrevet folkemengde etter aldersgrupper og geografisk område (D), i ulike scenarioer (alternativer), 2025-2050",Mellomalternativet MMM,Bjørnerud,Alder i alt,2038,7341
EliminatedValue,0,1504,0,14,"BEF036: Befolkningsframskrivingen for Oslo 2025. Framskrevet folkemengde etter aldersgrupper og geografisk område (D), i ulike scenarioer (alternativer), 2025-2050",Mellomalternativet MMM,Bjørnerud,Alder i alt,2039,7347
EliminatedValue,0,1504,0,15,"BEF036: Befolkningsframskrivingen for Oslo 2025. Framskrevet folkemengde etter aldersgrupper og geografisk område (D), i ulike scenarioer (alternativer), 2025-2050",Mellomalternativet MMM,Bjørnerud,Alder i alt,2040,7359
EliminatedValue,0,1504,0,16,"BEF036: Befolkningsframskrivingen for Oslo 2025. Framskrevet folkemengde etter aldersgrupper og geografisk område (D), i ulike scenarioer (alternativer), 2025-2050",Mellomalternativet MMM,Bjørnerud,Alder i alt,2041,7374
EliminatedValue,0,1504,0,17,"BEF036: Befolkningsframskrivingen for Oslo 2025. Framskrevet folkemengde etter aldersgrupper og geografisk område (D), i ulike scenarioer (alternativer), 2025-2050",Mellomalternativet MMM,Bjørnerud,Alder i alt,2042,7394
EliminatedValue,0,1504,0,18,"BEF036: Befolkningsframskrivingen for Oslo 2025. Framskrevet folkemengde etter aldersgrupper og geografisk område (D), i ulike scenarioer (alternativer), 2025-2050",Mellomalternativet MMM,Bjørnerud,Alder i alt,2043,7415
EliminatedValue,0,1504,0,19,"BEF036: Befolkningsframskrivingen for Oslo 2025. Framskrevet folkemengde etter aldersgrupper og geografisk område (D), i ulike scenarioer (alternativer), 2025-2050",Mellomalternativet MMM,Bjørnerud,Alder i alt,2044,7437
EliminatedValue,0,1504,0,20,"BEF036: Befolkningsframskrivingen for Oslo 2025. Framskrevet folkemengde etter aldersgrupper og geografisk område (D), i ulike scenarioer (alternativer), 2025-2050",Mellomalternativet MMM,Bjørnerud,Alder i alt,2045,7457
EliminatedValue,0,1504,0,21,"BEF036: Befolkningsframskrivingen for Oslo 2025. Framskrevet folkemengde etter aldersgrupper og geografisk område (D), i ulike scenarioer (alternativer), 2025-2050",Mellomalternativet MMM,Bjørnerud,Alder i alt,2046,7475
EliminatedValue,0,1504,0,22,"BEF036: Befolkningsframskrivingen for Oslo 2025. Framskrevet folkemengde etter aldersgrupper og geografisk område (D), i ulike scenarioer (alternativer), 2025-2050",Mellomalternativet MMM,Bjørnerud,Alder i alt,2047,7484
EliminatedValue,0,1504,0,23,"BEF036: Befolkningsframskrivingen for Oslo 2025. Framskrevet folkemengde etter aldersgrupper og geografisk område (D), i ulike scenarioer (alternativer), 2025-2050",Mellomalternativet MMM,Bjørnerud,Alder i alt,2048,7486
EliminatedValue,0,1504,0,24,"BEF036: Befolkningsframskrivingen for Oslo 2025. Framskrevet folkemengde etter aldersgrupper og geografisk område (D), i ulike scenarioer (alternativer), 2025-2050",Mellomalternativet MMM,Bjørnerud,Alder i alt,2049,7478
EliminatedValue,0,1504,0,25,"BEF036: Befolkningsframskrivingen for Oslo 2025. Framskrevet folkemengde etter aldersgrupper og geografisk område (D), i ulike scenarioer (alternativer), 2025-2050",Mellomalternativet MMM,Bjørnerud,Alder i alt,2050,7459
EliminatedValue,0,1505,0,0,"BEF036: Befolkningsframskrivingen for Oslo 2025. Framskrevet folkemengde etter aldersgrupper og geografisk område (D), i ulike scenarioer (alternativer), 2025-2050",Mellomalternativet MMM,Mortensrud,Alder i alt,2025,5402
EliminatedValue,0,1505,0,1,"BEF036: Befolkningsframskrivingen for Oslo 2025. Framskrevet folkemengde etter aldersgrupper og geografisk område (D), i ulike scenarioer (alternativer), 2025-2050",Mellomalternativet MMM,Mortensrud,Alder i alt,2026,5401
EliminatedValue,0,1505,0,2,"BEF036: Befolkningsframskrivingen for Oslo 2025. Framskrevet folkemengde etter aldersgrupper og geografisk område (D), i ulike scenarioer (alternativer), 2025-2050",Mellomalternativet MMM,Mortensrud,Alder i alt,2027,5407
EliminatedValue,0,1505,0,3,"BEF036: Befolkningsframskrivingen for Oslo 2025. Framskrevet folkemengde etter aldersgrupper og geografisk område (D), i ulike scenarioer (alternativer), 2025-2050",Mellomalternativet MMM,Mortensrud,Alder i alt,2028,5458
EliminatedValue,0,1505,0,4,"BEF036: Befolkningsframskrivingen for Oslo 2025. Framskrevet folkemengde etter aldersgrupper og geografisk område (D), i ulike scenarioer (alternativer), 2025-2050",Mellomalternativet MMM,Mortensrud,Alder i alt,2029,5595
EliminatedValue,0,1505,0,5,"BEF036: Befolkningsframskrivingen for Oslo 2025. Framskrevet folkemengde etter aldersgrupper og geografisk område (D), i ulike scenarioer (alternativer), 2025-2050",Mellomalternativet MMM,Mortensrud,Alder i alt,2030,5990
EliminatedValue,0,1505,0,6,"BEF036: Befolkningsframskrivingen for Oslo 2025. Framskrevet folkemengde etter aldersgrupper og geografisk område (D), i ulike scenarioer (alternativer), 2025-2050",Mellomalternativet MMM,Mortensrud,Alder i alt,2031,6327
EliminatedValue,0,1505,0,7,"BEF036: Befolkningsframskrivingen for Oslo 2025. Framskrevet folkemengde etter aldersgrupper og geografisk område (D), i ulike scenarioer (alternativer), 2025-2050",Mellomalternativet MMM,Mortensrud,Alder i alt,2032,6771
EliminatedValue,0,1505,0,8,"BEF036: Befolkningsframskrivingen for Oslo 2025. Framskrevet folkemengde etter aldersgrupper og geografisk område (D), i ulike scenarioer (alternativer), 2025-2050",Mellomalternativet MMM,Mortensrud,Alder i alt,2033,7195
EliminatedValue,0,1505,0,9,"BEF036: Befolkningsframskrivingen for Oslo 2025. Framskrevet folkemengde etter aldersgrupper og geografisk område (D), i ulike scenarioer (alternativer), 2025-2050",Mellomalternativet MMM,Mortensrud,Alder i alt,2034,7514
EliminatedValue,0,1505,0,10,"BEF036: Befolkningsframskrivingen for Oslo 2025. Framskrevet folkemengde etter aldersgrupper og geografisk område (D), i ulike scenarioer (alternativer), 2025-2050",Mellomalternativet MMM,Mortensrud,Alder i alt,2035,7753
EliminatedValue,0,1505,0,11,"BEF036: Befolkningsframskrivingen for Oslo 2025. Framskrevet folkemengde etter aldersgrupper og geografisk område (D), i ulike scenarioer (alternativer), 2025-2050",Mellomalternativet MMM,Mortensrud,Alder i alt,2036,7933
EliminatedValue,0,1505,0,12,"BEF036: Befolkningsframskrivingen for Oslo 2025. Framskrevet folkemengde etter aldersgrupper og geografisk område (D), i ulike scenarioer (alternativer), 2025-2050",Mellomalternativet MMM,Mortensrud,Alder i alt,2037,8036
EliminatedValue,0,1505,0,13,"BEF036: Befolkningsframskrivingen for Oslo 2025. Framskrevet folkemengde etter aldersgrupper og geografisk område (D), i ulike scenarioer (alternativer), 2025-2050",Mellomalternativet MMM,Mortensrud,Alder i alt,2038,8127
EliminatedValue,0,1505,0,14,"BEF036: Befolkningsframskrivingen for Oslo 2025. Framskrevet folkemengde etter aldersgrupper og geografisk område (D), i ulike scenarioer (alternativer), 2025-2050",Mellomalternativet MMM,Mortensrud,Alder i alt,2039,8208
EliminatedValue,0,1505,0,15,"BEF036: Befolkningsframskrivingen for Oslo 2025. Framskrevet folkemengde etter aldersgrupper og geografisk område (D), i ulike scenarioer (alternativer), 2025-2050",Mellomalternativet MMM,Mortensrud,Alder i alt,2040,8315
EliminatedValue,0,1505,0,16,"BEF036: Befolkningsframskrivingen for Oslo 2025. Framskrevet folkemengde etter aldersgrupper og geografisk område (D), i ulike scenarioer (alternativer), 2025-2050",Mellomalternativet MMM,Mortensrud,Alder i alt,2041,8414
EliminatedValue,0,1505,0,17,"BEF036: Befolkningsframskrivingen for Oslo 2025. Framskrevet folkemengde etter aldersgrupper og geografisk område (D), i ulike scenarioer (alternativer), 2025-2050",Mellomalternativet MMM,Mortensrud,Alder i alt,2042,8531
EliminatedValue,0,1505,0,18,"BEF036: Befolkningsframskrivingen for Oslo 2025. Framskrevet folkemengde etter aldersgrupper og geografisk område (D), i ulike scenarioer (alternativer), 2025-2050",Mellomalternativet MMM,Mortensrud,Alder i alt,2043,8673
EliminatedValue,0,1505,0,19,"BEF036: Befolkningsframskrivingen for Oslo 2025. Framskrevet folkemengde etter aldersgrupper og geografisk område (D), i ulike scenarioer (alternativer), 2025-2050",Mellomalternativet MMM,Mortensrud,Alder i alt,2044,8833
EliminatedValue,0,1505,0,20,"BEF036: Befolkningsframskrivingen for Oslo 2025. Framskrevet folkemengde etter aldersgrupper og geografisk område (D), i ulike scenarioer (alternativer), 2025-2050",Mellomalternativet MMM,Mortensrud,Alder i alt,2045,8992
EliminatedValue,0,1505,0,21,"BEF036: Befolkningsframskrivingen for Oslo 2025. Framskrevet folkemengde etter aldersgrupper og geografisk område (D), i ulike scenarioer (alternativer), 2025-2050",Mellomalternativet MMM,Mortensrud,Alder i alt,2046,9148
EliminatedValue,0,1505,0,22,"BEF036: Befolkningsframskrivingen for Oslo 2025. Framskrevet folkemengde etter aldersgrupper og geografisk område (D), i ulike scenarioer (alternativer), 2025-2050",Mellomalternativet MMM,Mortensrud,Alder i alt,2047,9277
EliminatedValue,0,1505,0,23,"BEF036: Befolkningsframskrivingen for Oslo 2025. Framskrevet folkemengde etter aldersgrupper og geografisk område (D), i ulike scenarioer (alternativer), 2025-2050",Mellomalternativet MMM,Mortensrud,Alder i alt,2048,9381
EliminatedValue,0,1505,0,24,"BEF036: Befolkningsframskrivingen for Oslo 2025. Framskrevet folkemengde etter aldersgrupper og geografisk område (D), i ulike scenarioer (alternativer), 2025-2050",Mellomalternativet MMM,Mortensrud,Alder i alt,2049,9449
EliminatedValue,0,1505,0,25,"BEF036: Befolkningsframskrivingen for Oslo 2025. Framskrevet folkemengde etter aldersgrupper og geografisk område (D), i ulike scenarioer (alternativer), 2025-2050",Mellomalternativet MMM,Mortensrud,Alder i alt,2050,9482
EliminatedValue,0,1506,0,0,"BEF036: Befolkningsframskrivingen for Oslo 2025. Framskrevet folkemengde etter aldersgrupper og geografisk område (D), i ulike scenarioer (alternativer), 2025-2050",Mellomalternativet MMM,Bjørndal,Alder i alt,2025,9126
EliminatedValue,0,1506,0,1,"BEF036: Befolkningsframskrivingen for Oslo 2025. Framskrevet folkemengde etter aldersgrupper og geografisk område (D), i ulike scenarioer (alternativer), 2025-2050",Mellomalternativet MMM,Bjørndal,Alder i alt,2026,9081
EliminatedValue,0,1506,0,2,"BEF036: Befolkningsframskrivingen for Oslo 2025. Framskrevet folkemengde etter aldersgrupper og geografisk område (D), i ulike scenarioer (alternativer), 2025-2050",Mellomalternativet MMM,Bjørndal,Alder i alt,2027,9066
EliminatedValue,0,1506,0,3,"BEF036: Befolkningsframskrivingen for Oslo 2025. Framskrevet folkemengde etter aldersgrupper og geografisk område (D), i ulike scenarioer (alternativer), 2025-2050",Mellomalternativet MMM,Bjørndal,Alder i alt,2028,9071
EliminatedValue,0,1506,0,4,"BEF036: Befolkningsframskrivingen for Oslo 2025. Framskrevet folkemengde etter aldersgrupper og geografisk område (D), i ulike scenarioer (alternativer), 2025-2050",Mellomalternativet MMM,Bjørndal,Alder i alt,2029,9085
EliminatedValue,0,1506,0,5,"BEF036: Befolkningsframskrivingen for Oslo 2025. Framskrevet folkemengde etter aldersgrupper og geografisk område (D), i ulike scenarioer (alternativer), 2025-2050",Mellomalternativet MMM,Bjørndal,Alder i alt,2030,9101
EliminatedValue,0,1506,0,6,"BEF036: Befolkningsframskrivingen for Oslo 2025. Framskrevet folkemengde etter aldersgrupper og geografisk område (D), i ulike scenarioer (alternativer), 2025-2050",Mellomalternativet MMM,Bjørndal,Alder i alt,2031,9107
EliminatedValue,0,1506,0,7,"BEF036: Befolkningsframskrivingen for Oslo 2025. Framskrevet folkemengde etter aldersgrupper og geografisk område (D), i ulike scenarioer (alternativer), 2025-2050",Mellomalternativet MMM,Bjørndal,Alder i alt,2032,9099
EliminatedValue,0,1506,0,8,"BEF036: Befolkningsframskrivingen for Oslo 2025. Framskrevet folkemengde etter aldersgrupper og geografisk område (D), i ulike scenarioer (alternativer), 2025-2050",Mellomalternativet MMM,Bjørndal,Alder i alt,2033,9079
EliminatedValue,0,1506,0,9,"BEF036: Befolkningsframskrivingen for Oslo 2025. Framskrevet folkemengde etter aldersgrupper og geografisk område (D), i ulike scenarioer (alternativer), 2025-2050",Mellomalternativet MMM,Bjørndal,Alder i alt,2034,9061
EliminatedValue,0,1506,0,10,"BEF036: Befolkningsframskrivingen for Oslo 2025. Framskrevet folkemengde etter aldersgrupper og geografisk område (D), i ulike scenarioer (alternativer), 2025-2050",Mellomalternativet MMM,Bjørndal,Alder i alt,2035,9045
EliminatedValue,0,1506,0,11,"BEF036: Befolkningsframskrivingen for Oslo 2025. Framskrevet folkemengde etter aldersgrupper og geografisk område (D), i ulike scenarioer (alternativer), 2025-2050",Mellomalternativet MMM,Bjørndal,Alder i alt,2036,9030
EliminatedValue,0,1506,0,12,"BEF036: Befolkningsframskrivingen for Oslo 2025. Framskrevet folkemengde etter aldersgrupper og geografisk område (D), i ulike scenarioer (alternativer), 2025-2050",Mellomalternativet MMM,Bjørndal,Alder i alt,2037,9014
EliminatedValue,0,1506,0,13,"BEF036: Befolkningsframskrivingen for Oslo 2025. Framskrevet folkemengde etter aldersgrupper og geografisk område (D), i ulike scenarioer (alternativer), 2025-2050",Mellomalternativet MMM,Bjørndal,Alder i alt,2038,8999
EliminatedValue,0,1506,0,14,"BEF036: Befolkningsframskrivingen for Oslo 2025. Framskrevet folkemengde etter aldersgrupper og geografisk område (D), i ulike scenarioer (alternativer), 2025-2050",Mellomalternativet MMM,Bjørndal,Alder i alt,2039,8983
EliminatedValue,0,1506,0,15,"BEF036: Befolkningsframskrivingen for Oslo 2025. Framskrevet folkemengde etter aldersgrupper og geografisk område (D), i ulike scenarioer (alternativer), 2025-2050",Mellomalternativet MMM,Bjørndal,Alder i alt,2040,9075
EliminatedValue,0,1506,0,16,"BEF036: Befolkningsframskrivingen for Oslo 2025. Framskrevet folkemengde etter aldersgrupper og geografisk område (D), i ulike scenarioer (alternativer), 2025-2050",Mellomalternativet MMM,Bjørndal,Alder i alt,2041,9244
EliminatedValue,0,1506,0,17,"BEF036: Befolkningsframskrivingen for Oslo 2025. Framskrevet folkemengde etter aldersgrupper og geografisk område (D), i ulike scenarioer (alternativer), 2025-2050",Mellomalternativet MMM,Bjørndal,Alder i alt,2042,9490
EliminatedValue,0,1506,0,18,"BEF036: Befolkningsframskrivingen for Oslo 2025. Framskrevet folkemengde etter aldersgrupper og geografisk område (D), i ulike scenarioer (alternativer), 2025-2050",Mellomalternativet MMM,Bjørndal,Alder i alt,2043,9786
EliminatedValue,0,1506,0,19,"BEF036: Befolkningsframskrivingen for Oslo 2025. Framskrevet folkemengde etter aldersgrupper og geografisk område (D), i ulike scenarioer (alternativer), 2025-2050",Mellomalternativet MMM,Bjørndal,Alder i alt,2044,10119
EliminatedValue,0,1506,0,20,"BEF036: Befolkningsframskrivingen for Oslo 2025. Framskrevet folkemengde etter aldersgrupper og geografisk område (D), i ulike scenarioer (alternativer), 2025-2050",Mellomalternativet MMM,Bjørndal,Alder i alt,2045,10447
EliminatedValue,0,1506,0,21,"BEF036: Befolkningsframskrivingen for Oslo 2025. Framskrevet folkemengde etter aldersgrupper og geografisk område (D), i ulike scenarioer (alternativer), 2025-2050",Mellomalternativet MMM,Bjørndal,Alder i alt,2046,10765
EliminatedValue,0,1506,0,22,"BEF036: Befolkningsframskrivingen for Oslo 2025. Framskrevet folkemengde etter aldersgrupper og geografisk område (D), i ulike scenarioer (alternativer), 2025-2050",Mellomalternativet MMM,Bjørndal,Alder i alt,2047,11357
EliminatedValue,0,1506,0,23,"BEF036: Befolkningsframskrivingen for Oslo 2025. Framskrevet folkemengde etter aldersgrupper og geografisk område (D), i ulike scenarioer (alternativer), 2025-2050",Mellomalternativet MMM,Bjørndal,Alder i alt,2048,12221
EliminatedValue,0,1506,0,24,"BEF036: Befolkningsframskrivingen for Oslo 2025. Framskrevet folkemengde etter aldersgrupper og geografisk område (D), i ulike scenarioer (alternativer), 2025-2050",Mellomalternativet MMM,Bjørndal,Alder i alt,2049,13436
EliminatedValue,0,1506,0,25,"BEF036: Befolkningsframskrivingen for Oslo 2025. Framskrevet folkemengde etter aldersgrupper og geografisk område (D), i ulike scenarioer (alternativer), 2025-2050",Mellomalternativet MMM,Bjørndal,Alder i alt,2050,14955
EliminatedValue,0,1601,0,0,"BEF036: Befolkningsframskrivingen for Oslo 2025. Framskrevet folkemengde etter aldersgrupper og geografisk område (D), i ulike scenarioer (alternativer), 2025-2050",Mellomalternativet MMM,Sentrum,Alder i alt,2025,1522
EliminatedValue,0,1601,0,1,"BEF036: Befolkningsframskrivingen for Oslo 2025. Framskrevet folkemengde etter aldersgrupper og geografisk område (D), i ulike scenarioer (alternativer), 2025-2050",Mellomalternativet MMM,Sentrum,Alder i alt,2026,1497
EliminatedValue,0,1601,0,2,"BEF036: Befolkningsframskrivingen for Oslo 2025. Framskrevet folkemengde etter aldersgrupper og geografisk område (D), i ulike scenarioer (alternativer), 2025-2050",Mellomalternativet MMM,Sentrum,Alder i alt,2027,1489
EliminatedValue,0,1601,0,3,"BEF036: Befolkningsframskrivingen for Oslo 2025. Framskrevet folkemengde etter aldersgrupper og geografisk område (D), i ulike scenarioer (alternativer), 2025-2050",Mellomalternativet MMM,Sentrum,Alder i alt,2028,1491
EliminatedValue,0,1601,0,4,"BEF036: Befolkningsframskrivingen for Oslo 2025. Framskrevet folkemengde etter aldersgrupper og geografisk område (D), i ulike scenarioer (alternativer), 2025-2050",Mellomalternativet MMM,Sentrum,Alder i alt,2029,1511
EliminatedValue,0,1601,0,5,"BEF036: Befolkningsframskrivingen for Oslo 2025. Framskrevet folkemengde etter aldersgrupper og geografisk område (D), i ulike scenarioer (alternativer), 2025-2050",Mellomalternativet MMM,Sentrum,Alder i alt,2030,1561
EliminatedValue,0,1601,0,6,"BEF036: Befolkningsframskrivingen for Oslo 2025. Framskrevet folkemengde etter aldersgrupper og geografisk område (D), i ulike scenarioer (alternativer), 2025-2050",Mellomalternativet MMM,Sentrum,Alder i alt,2031,1592
EliminatedValue,0,1601,0,7,"BEF036: Befolkningsframskrivingen for Oslo 2025. Framskrevet folkemengde etter aldersgrupper og geografisk område (D), i ulike scenarioer (alternativer), 2025-2050",Mellomalternativet MMM,Sentrum,Alder i alt,2032,1590
EliminatedValue,0,1601,0,8,"BEF036: Befolkningsframskrivingen for Oslo 2025. Framskrevet folkemengde etter aldersgrupper og geografisk område (D), i ulike scenarioer (alternativer), 2025-2050",Mellomalternativet MMM,Sentrum,Alder i alt,2033,1567
EliminatedValue,0,1601,0,9,"BEF036: Befolkningsframskrivingen for Oslo 2025. Framskrevet folkemengde etter aldersgrupper og geografisk område (D), i ulike scenarioer (alternativer), 2025-2050",Mellomalternativet MMM,Sentrum,Alder i alt,2034,1553
EliminatedValue,0,1601,0,10,"BEF036: Befolkningsframskrivingen for Oslo 2025. Framskrevet folkemengde etter aldersgrupper og geografisk område (D), i ulike scenarioer (alternativer), 2025-2050",Mellomalternativet MMM,Sentrum,Alder i alt,2035,1542
EliminatedValue,0,1601,0,11,"BEF036: Befolkningsframskrivingen for Oslo 2025. Framskrevet folkemengde etter aldersgrupper og geografisk område (D), i ulike scenarioer (alternativer), 2025-2050",Mellomalternativet MMM,Sentrum,Alder i alt,2036,1527
EliminatedValue,0,1601,0,12,"BEF036: Befolkningsframskrivingen for Oslo 2025. Framskrevet folkemengde etter aldersgrupper og geografisk område (D), i ulike scenarioer (alternativer), 2025-2050",Mellomalternativet MMM,Sentrum,Alder i alt,2037,1514
EliminatedValue,0,1601,0,13,"BEF036: Befolkningsframskrivingen for Oslo 2025. Framskrevet folkemengde etter aldersgrupper og geografisk område (D), i ulike scenarioer (alternativer), 2025-2050",Mellomalternativet MMM,Sentrum,Alder i alt,2038,1501
EliminatedValue,0,1601,0,14,"BEF036: Befolkningsframskrivingen for Oslo 2025. Framskrevet folkemengde etter aldersgrupper og geografisk område (D), i ulike scenarioer (alternativer), 2025-2050",Mellomalternativet MMM,Sentrum,Alder i alt,2039,1488
EliminatedValue,0,1601,0,15,"BEF036: Befolkningsframskrivingen for Oslo 2025. Framskrevet folkemengde etter aldersgrupper og geografisk område (D), i ulike scenarioer (alternativer), 2025-2050",Mellomalternativet MMM,Sentrum,Alder i alt,2040,1479
EliminatedValue,0,1601,0,16,"BEF036: Befolkningsframskrivingen for Oslo 2025. Framskrevet folkemengde etter aldersgrupper og geografisk område (D), i ulike scenarioer (alternativer), 2025-2050",Mellomalternativet MMM,Sentrum,Alder i alt,2041,1473
EliminatedValue,0,1601,0,17,"BEF036: Befolkningsframskrivingen for Oslo 2025. Framskrevet folkemengde etter aldersgrupper og geografisk område (D), i ulike scenarioer (alternativer), 2025-2050",Mellomalternativet MMM,Sentrum,Alder i alt,2042,1469
EliminatedValue,0,1601,0,18,"BEF036: Befolkningsframskrivingen for Oslo 2025. Framskrevet folkemengde etter aldersgrupper og geografisk område (D), i ulike scenarioer (alternativer), 2025-2050",Mellomalternativet MMM,Sentrum,Alder i alt,2043,1464
EliminatedValue,0,1601,0,19,"BEF036: Befolkningsframskrivingen for Oslo 2025. Framskrevet folkemengde etter aldersgrupper og geografisk område (D), i ulike scenarioer (alternativer), 2025-2050",Mellomalternativet MMM,Sentrum,Alder i alt,2044,1459
EliminatedValue,0,1601,0,20,"BEF036: Befolkningsframskrivingen for Oslo 2025. Framskrevet folkemengde etter aldersgrupper og geografisk område (D), i ulike scenarioer (alternativer), 2025-2050",Mellomalternativet MMM,Sentrum,Alder i alt,2045,1452
EliminatedValue,0,1601,0,21,"BEF036: Befolkningsframskrivingen for Oslo 2025. Framskrevet folkemengde etter aldersgrupper og geografisk område (D), i ulike scenarioer (alternativer), 2025-2050",Mellomalternativet MMM,Sentrum,Alder i alt,2046,1445
EliminatedValue,0,1601,0,22,"BEF036: Befolkningsframskrivingen for Oslo 2025. Framskrevet folkemengde etter aldersgrupper og geografisk område (D), i ulike scenarioer (alternativer), 2025-2050",Mellomalternativet MMM,Sentrum,Alder i alt,2047,1434
EliminatedValue,0,1601,0,23,"BEF036: Befolkningsframskrivingen for Oslo 2025. Framskrevet folkemengde etter aldersgrupper og geografisk område (D), i ulike scenarioer (alternativer), 2025-2050",Mellomalternativet MMM,Sentrum,Alder i alt,2048,1422
EliminatedValue,0,1601,0,24,"BEF036: Befolkningsframskrivingen for Oslo 2025. Framskrevet folkemengde etter aldersgrupper og geografisk område (D), i ulike scenarioer (alternativer), 2025-2050",Mellomalternativet MMM,Sentrum,Alder i alt,2049,1409
EliminatedValue,0,1601,0,25,"BEF036: Befolkningsframskrivingen for Oslo 2025. Framskrevet folkemengde etter aldersgrupper og geografisk område (D), i ulike scenarioer (alternativer), 2025-2050",Mellomalternativet MMM,Sentrum,Alder i alt,2050,1393
EliminatedValue,0,1701,0,0,"BEF036: Befolkningsframskrivingen for Oslo 2025. Framskrevet folkemengde etter aldersgrupper og geografisk område (D), i ulike scenarioer (alternativer), 2025-2050",Mellomalternativet MMM,Marka,Alder i alt,2025,1684
EliminatedValue,0,1701,0,1,"BEF036: Befolkningsframskrivingen for Oslo 2025. Framskrevet folkemengde etter aldersgrupper og geografisk område (D), i ulike scenarioer (alternativer), 2025-2050",Mellomalternativet MMM,Marka,Alder i alt,2026,1693
EliminatedValue,0,1701,0,2,"BEF036: Befolkningsframskrivingen for Oslo 2025. Framskrevet folkemengde etter aldersgrupper og geografisk område (D), i ulike scenarioer (alternativer), 2025-2050",Mellomalternativet MMM,Marka,Alder i alt,2027,1700
EliminatedValue,0,1701,0,3,"BEF036: Befolkningsframskrivingen for Oslo 2025. Framskrevet folkemengde etter aldersgrupper og geografisk område (D), i ulike scenarioer (alternativer), 2025-2050",Mellomalternativet MMM,Marka,Alder i alt,2028,1709
EliminatedValue,0,1701,0,4,"BEF036: Befolkningsframskrivingen for Oslo 2025. Framskrevet folkemengde etter aldersgrupper og geografisk område (D), i ulike scenarioer (alternativer), 2025-2050",Mellomalternativet MMM,Marka,Alder i alt,2029,1716
EliminatedValue,0,1701,0,5,"BEF036: Befolkningsframskrivingen for Oslo 2025. Framskrevet folkemengde etter aldersgrupper og geografisk område (D), i ulike scenarioer (alternativer), 2025-2050",Mellomalternativet MMM,Marka,Alder i alt,2030,1722
EliminatedValue,0,1701,0,6,"BEF036: Befolkningsframskrivingen for Oslo 2025. Framskrevet folkemengde etter aldersgrupper og geografisk område (D), i ulike scenarioer (alternativer), 2025-2050",Mellomalternativet MMM,Marka,Alder i alt,2031,1731
EliminatedValue,0,1701,0,7,"BEF036: Befolkningsframskrivingen for Oslo 2025. Framskrevet folkemengde etter aldersgrupper og geografisk område (D), i ulike scenarioer (alternativer), 2025-2050",Mellomalternativet MMM,Marka,Alder i alt,2032,1740
EliminatedValue,0,1701,0,8,"BEF036: Befolkningsframskrivingen for Oslo 2025. Framskrevet folkemengde etter aldersgrupper og geografisk område (D), i ulike scenarioer (alternativer), 2025-2050",Mellomalternativet MMM,Marka,Alder i alt,2033,1752
EliminatedValue,0,1701,0,9,"BEF036: Befolkningsframskrivingen for Oslo 2025. Framskrevet folkemengde etter aldersgrupper og geografisk område (D), i ulike scenarioer (alternativer), 2025-2050",Mellomalternativet MMM,Marka,Alder i alt,2034,1769
EliminatedValue,0,1701,0,10,"BEF036: Befolkningsframskrivingen for Oslo 2025. Framskrevet folkemengde etter aldersgrupper og geografisk område (D), i ulike scenarioer (alternativer), 2025-2050",Mellomalternativet MMM,Marka,Alder i alt,2035,1787
EliminatedValue,0,1701,0,11,"BEF036: Befolkningsframskrivingen for Oslo 2025. Framskrevet folkemengde etter aldersgrupper og geografisk område (D), i ulike scenarioer (alternativer), 2025-2050",Mellomalternativet MMM,Marka,Alder i alt,2036,1806
EliminatedValue,0,1701,0,12,"BEF036: Befolkningsframskrivingen for Oslo 2025. Framskrevet folkemengde etter aldersgrupper og geografisk område (D), i ulike scenarioer (alternativer), 2025-2050",Mellomalternativet MMM,Marka,Alder i alt,2037,1823
EliminatedValue,0,1701,0,13,"BEF036: Befolkningsframskrivingen for Oslo 2025. Framskrevet folkemengde etter aldersgrupper og geografisk område (D), i ulike scenarioer (alternativer), 2025-2050",Mellomalternativet MMM,Marka,Alder i alt,2038,1840
EliminatedValue,0,1701,0,14,"BEF036: Befolkningsframskrivingen for Oslo 2025. Framskrevet folkemengde etter aldersgrupper og geografisk område (D), i ulike scenarioer (alternativer), 2025-2050",Mellomalternativet MMM,Marka,Alder i alt,2039,1857
EliminatedValue,0,1701,0,15,"BEF036: Befolkningsframskrivingen for Oslo 2025. Framskrevet folkemengde etter aldersgrupper og geografisk område (D), i ulike scenarioer (alternativer), 2025-2050",Mellomalternativet MMM,Marka,Alder i alt,2040,1875
EliminatedValue,0,1701,0,16,"BEF036: Befolkningsframskrivingen for Oslo 2025. Framskrevet folkemengde etter aldersgrupper og geografisk område (D), i ulike scenarioer (alternativer), 2025-2050",Mellomalternativet MMM,Marka,Alder i alt,2041,1895
EliminatedValue,0,1701,0,17,"BEF036: Befolkningsframskrivingen for Oslo 2025. Framskrevet folkemengde etter aldersgrupper og geografisk område (D), i ulike scenarioer (alternativer), 2025-2050",Mellomalternativet MMM,Marka,Alder i alt,2042,1914
EliminatedValue,0,1701,0,18,"BEF036: Befolkningsframskrivingen for Oslo 2025. Framskrevet folkemengde etter aldersgrupper og geografisk område (D), i ulike scenarioer (alternativer), 2025-2050",Mellomalternativet MMM,Marka,Alder i alt,2043,1933
EliminatedValue,0,1701,0,19,"BEF036: Befolkningsframskrivingen for Oslo 2025. Framskrevet folkemengde etter aldersgrupper og geografisk område (D), i ulike scenarioer (alternativer), 2025-2050",Mellomalternativet MMM,Marka,Alder i alt,2044,1953
EliminatedValue,0,1701,0,20,"BEF036: Befolkningsframskrivingen for Oslo 2025. Framskrevet folkemengde etter aldersgrupper og geografisk område (D), i ulike scenarioer (alternativer), 2025-2050",Mellomalternativet MMM,Marka,Alder i alt,2045,1974
EliminatedValue,0,1701,0,21,"BEF036: Befolkningsframskrivingen for Oslo 2025. Framskrevet folkemengde etter aldersgrupper og geografisk område (D), i ulike scenarioer (alternativer), 2025-2050",Mellomalternativet MMM,Marka,Alder i alt,2046,1995
EliminatedValue,0,1701,0,22,"BEF036: Befolkningsframskrivingen for Oslo 2025. Framskrevet folkemengde etter aldersgrupper og geografisk område (D), i ulike scenarioer (alternativer), 2025-2050",Mellomalternativet MMM,Marka,Alder i alt,2047,2017
EliminatedValue,0,1701,0,23,"BEF036: Befolkningsframskrivingen for Oslo 2025. Framskrevet folkemengde etter aldersgrupper og geografisk område (D), i ulike scenarioer (alternativer), 2025-2050",Mellomalternativet MMM,Marka,Alder i alt,2048,2042
EliminatedValue,0,1701,0,24,"BEF036: Befolkningsframskrivingen for Oslo 2025. Framskrevet folkemengde etter aldersgrupper og geografisk område (D), i ulike scenarioer (alternativer), 2025-2050",Mellomalternativet MMM,Marka,Alder i alt,2049,2068
EliminatedValue,0,1701,0,25,"BEF036: Befolkningsframskrivingen for Oslo 2025. Framskrevet folkemengde etter aldersgrupper og geografisk område (D), i ulike scenarioer (alternativer), 2025-2050",Mellomalternativet MMM,Marka,Alder i alt,2050,2096
