ContentsCode_kode,år_kode,bosted_kode,kjønn_kode,aldersgruppe_kode,statistikkvariabel_kode,ContentsCode_navn,år_navn,bosted_navn,kjønn_navn,aldersgruppe_navn,statistikkvariabel_navn,verdi
EliminatedValue,0,301,0,0,0,ok-sos006,2004,Oslo i alt,I alt,I alt,antall personer,26583
EliminatedValue,0,301,0,1,0,ok-sos006,2004,Oslo i alt,I alt,18-29,antall personer,587
EliminatedValue,0,301,0,2,0,ok-sos006,2004,Oslo i alt,I alt,30-39,antall personer,2121
EliminatedValue,0,301,0,3,0,ok-sos006,2004,Oslo i alt,I alt,40-49,antall personer,5186
EliminatedValue,0,301,0,4,0,ok-sos006,2004,Oslo i alt,I alt,50-59,antall personer,9978
EliminatedValue,0,301,0,5,0,ok-sos006,2004,Oslo i alt,I alt,60-67,antall personer,8711
EliminatedValue,0,301,1,0,0,ok-sos006,2004,Oslo i alt,Kvinner,I alt,antall personer,14933
EliminatedValue,0,301,1,1,0,ok-sos006,2004,Oslo i alt,Kvinner,18-29,antall personer,263
EliminatedValue,0,301,1,2,0,ok-sos006,2004,Oslo i alt,Kvinner,30-39,antall personer,1059
EliminatedValue,0,301,1,3,0,ok-sos006,2004,Oslo i alt,Kvinner,40-49,antall personer,2821
EliminatedValue,0,301,1,4,0,ok-sos006,2004,Oslo i alt,Kvinner,50-59,antall personer,5832
EliminatedValue,0,301,1,5,0,ok-sos006,2004,Oslo i alt,Kvinner,60-67,antall personer,4958
EliminatedValue,0,301,2,0,0,ok-sos006,2004,Oslo i alt,Menn,I alt,antall personer,11650
EliminatedValue,0,301,2,1,0,ok-sos006,2004,Oslo i alt,Menn,18-29,antall personer,324
EliminatedValue,0,301,2,2,0,ok-sos006,2004,Oslo i alt,Menn,30-39,antall personer,1062
EliminatedValue,0,301,2,3,0,ok-sos006,2004,Oslo i alt,Menn,40-49,antall personer,2365
EliminatedValue,0,301,2,4,0,ok-sos006,2004,Oslo i alt,Menn,50-59,antall personer,4146
EliminatedValue,0,301,2,5,0,ok-sos006,2004,Oslo i alt,Menn,60-67,antall personer,3753
EliminatedValue,0,30101,0,0,0,ok-sos006,2004,Gamle Oslo,I alt,I alt,antall personer,2076
EliminatedValue,0,30101,0,1,0,ok-sos006,2004,Gamle Oslo,I alt,18-29,antall personer,44
EliminatedValue,0,30101,0,2,0,ok-sos006,2004,Gamle Oslo,I alt,30-39,antall personer,219
EliminatedValue,0,30101,0,3,0,ok-sos006,2004,Gamle Oslo,I alt,40-49,antall personer,499
EliminatedValue,0,30101,0,4,0,ok-sos006,2004,Gamle Oslo,I alt,50-59,antall personer,775
EliminatedValue,0,30101,0,5,0,ok-sos006,2004,Gamle Oslo,I alt,60-67,antall personer,539
EliminatedValue,0,30101,1,0,0,ok-sos006,2004,Gamle Oslo,Kvinner,I alt,antall personer,985
EliminatedValue,0,30101,1,1,0,ok-sos006,2004,Gamle Oslo,Kvinner,18-29,antall personer,23
EliminatedValue,0,30101,1,2,0,ok-sos006,2004,Gamle Oslo,Kvinner,30-39,antall personer,101
EliminatedValue,0,30101,1,3,0,ok-sos006,2004,Gamle Oslo,Kvinner,40-49,antall personer,236
EliminatedValue,0,30101,1,4,0,ok-sos006,2004,Gamle Oslo,Kvinner,50-59,antall personer,381
EliminatedValue,0,30101,1,5,0,ok-sos006,2004,Gamle Oslo,Kvinner,60-67,antall personer,244
EliminatedValue,0,30101,2,0,0,ok-sos006,2004,Gamle Oslo,Menn,I alt,antall personer,1091
EliminatedValue,0,30101,2,1,0,ok-sos006,2004,Gamle Oslo,Menn,18-29,antall personer,21
EliminatedValue,0,30101,2,2,0,ok-sos006,2004,Gamle Oslo,Menn,30-39,antall personer,118
EliminatedValue,0,30101,2,3,0,ok-sos006,2004,Gamle Oslo,Menn,40-49,antall personer,263
EliminatedValue,0,30101,2,4,0,ok-sos006,2004,Gamle Oslo,Menn,50-59,antall personer,394
EliminatedValue,0,30101,2,5,0,ok-sos006,2004,Gamle Oslo,Menn,60-67,antall personer,295
EliminatedValue,0,30102,0,0,0,ok-sos006,2004,Grünerløkka,I alt,I alt,antall personer,2078
EliminatedValue,0,30102,0,1,0,ok-sos006,2004,Grünerløkka,I alt,18-29,antall personer,38
EliminatedValue,0,30102,0,2,0,ok-sos006,2004,Grünerløkka,I alt,30-39,antall personer,198
EliminatedValue,0,30102,0,3,0,ok-sos006,2004,Grünerløkka,I alt,40-49,antall personer,513
EliminatedValue,0,30102,0,4,0,ok-sos006,2004,Grünerløkka,I alt,50-59,antall personer,761
EliminatedValue,0,30102,0,5,0,ok-sos006,2004,Grünerløkka,I alt,60-67,antall personer,568
EliminatedValue,0,30102,1,0,0,ok-sos006,2004,Grünerløkka,Kvinner,I alt,antall personer,965
EliminatedValue,0,30102,1,1,0,ok-sos006,2004,Grünerløkka,Kvinner,18-29,antall personer,19
EliminatedValue,0,30102,1,2,0,ok-sos006,2004,Grünerløkka,Kvinner,30-39,antall personer,84
EliminatedValue,0,30102,1,3,0,ok-sos006,2004,Grünerløkka,Kvinner,40-49,antall personer,238
EliminatedValue,0,30102,1,4,0,ok-sos006,2004,Grünerløkka,Kvinner,50-59,antall personer,380
EliminatedValue,0,30102,1,5,0,ok-sos006,2004,Grünerløkka,Kvinner,60-67,antall personer,244
EliminatedValue,0,30102,2,0,0,ok-sos006,2004,Grünerløkka,Menn,I alt,antall personer,1113
EliminatedValue,0,30102,2,1,0,ok-sos006,2004,Grünerløkka,Menn,18-29,antall personer,19
EliminatedValue,0,30102,2,2,0,ok-sos006,2004,Grünerløkka,Menn,30-39,antall personer,114
EliminatedValue,0,30102,2,3,0,ok-sos006,2004,Grünerløkka,Menn,40-49,antall personer,275
EliminatedValue,0,30102,2,4,0,ok-sos006,2004,Grünerløkka,Menn,50-59,antall personer,381
EliminatedValue,0,30102,2,5,0,ok-sos006,2004,Grünerløkka,Menn,60-67,antall personer,324
EliminatedValue,0,30103,0,0,0,ok-sos006,2004,Sagene,I alt,I alt,antall personer,1939
EliminatedValue,0,30103,0,1,0,ok-sos006,2004,Sagene,I alt,18-29,antall personer,27
EliminatedValue,0,30103,0,2,0,ok-sos006,2004,Sagene,I alt,30-39,antall personer,166
EliminatedValue,0,30103,0,3,0,ok-sos006,2004,Sagene,I alt,40-49,antall personer,441
EliminatedValue,0,30103,0,4,0,ok-sos006,2004,Sagene,I alt,50-59,antall personer,753
EliminatedValue,0,30103,0,5,0,ok-sos006,2004,Sagene,I alt,60-67,antall personer,552
EliminatedValue,0,30103,1,0,0,ok-sos006,2004,Sagene,Kvinner,I alt,antall personer,904
EliminatedValue,0,30103,1,1,0,ok-sos006,2004,Sagene,Kvinner,18-29,antall personer,15
EliminatedValue,0,30103,1,2,0,ok-sos006,2004,Sagene,Kvinner,30-39,antall personer,76
EliminatedValue,0,30103,1,3,0,ok-sos006,2004,Sagene,Kvinner,40-49,antall personer,198
EliminatedValue,0,30103,1,4,0,ok-sos006,2004,Sagene,Kvinner,50-59,antall personer,358
EliminatedValue,0,30103,1,5,0,ok-sos006,2004,Sagene,Kvinner,60-67,antall personer,257
EliminatedValue,0,30103,2,0,0,ok-sos006,2004,Sagene,Menn,I alt,antall personer,1035
EliminatedValue,0,30103,2,1,0,ok-sos006,2004,Sagene,Menn,18-29,antall personer,12
EliminatedValue,0,30103,2,2,0,ok-sos006,2004,Sagene,Menn,30-39,antall personer,90
EliminatedValue,0,30103,2,3,0,ok-sos006,2004,Sagene,Menn,40-49,antall personer,243
EliminatedValue,0,30103,2,4,0,ok-sos006,2004,Sagene,Menn,50-59,antall personer,395
EliminatedValue,0,30103,2,5,0,ok-sos006,2004,Sagene,Menn,60-67,antall personer,295
EliminatedValue,0,30104,0,0,0,ok-sos006,2004,St. Hanshaugen,I alt,I alt,antall personer,994
EliminatedValue,0,30104,0,1,0,ok-sos006,2004,St. Hanshaugen,I alt,18-29,antall personer,24
EliminatedValue,0,30104,0,2,0,ok-sos006,2004,St. Hanshaugen,I alt,30-39,antall personer,88
EliminatedValue,0,30104,0,3,0,ok-sos006,2004,St. Hanshaugen,I alt,40-49,antall personer,198
EliminatedValue,0,30104,0,4,0,ok-sos006,2004,St. Hanshaugen,I alt,50-59,antall personer,383
EliminatedValue,0,30104,0,5,0,ok-sos006,2004,St. Hanshaugen,I alt,60-67,antall personer,301
EliminatedValue,0,30104,1,0,0,ok-sos006,2004,St. Hanshaugen,Kvinner,I alt,antall personer,514
EliminatedValue,0,30104,1,1,0,ok-sos006,2004,St. Hanshaugen,Kvinner,18-29,antall personer,15
EliminatedValue,0,30104,1,2,0,ok-sos006,2004,St. Hanshaugen,Kvinner,30-39,antall personer,42
EliminatedValue,0,30104,1,3,0,ok-sos006,2004,St. Hanshaugen,Kvinner,40-49,antall personer,96
EliminatedValue,0,30104,1,4,0,ok-sos006,2004,St. Hanshaugen,Kvinner,50-59,antall personer,212
EliminatedValue,0,30104,1,5,0,ok-sos006,2004,St. Hanshaugen,Kvinner,60-67,antall personer,149
EliminatedValue,0,30104,2,0,0,ok-sos006,2004,St. Hanshaugen,Menn,I alt,antall personer,480
EliminatedValue,0,30104,2,1,0,ok-sos006,2004,St. Hanshaugen,Menn,18-29,antall personer,9
EliminatedValue,0,30104,2,2,0,ok-sos006,2004,St. Hanshaugen,Menn,30-39,antall personer,46
EliminatedValue,0,30104,2,3,0,ok-sos006,2004,St. Hanshaugen,Menn,40-49,antall personer,102
EliminatedValue,0,30104,2,4,0,ok-sos006,2004,St. Hanshaugen,Menn,50-59,antall personer,171
EliminatedValue,0,30104,2,5,0,ok-sos006,2004,St. Hanshaugen,Menn,60-67,antall personer,152
EliminatedValue,0,30105,0,0,0,ok-sos006,2004,Frogner,I alt,I alt,antall personer,1727
EliminatedValue,0,30105,0,1,0,ok-sos006,2004,Frogner,I alt,18-29,antall personer,32
EliminatedValue,0,30105,0,2,0,ok-sos006,2004,Frogner,I alt,30-39,antall personer,141
EliminatedValue,0,30105,0,3,0,ok-sos006,2004,Frogner,I alt,40-49,antall personer,253
EliminatedValue,0,30105,0,4,0,ok-sos006,2004,Frogner,I alt,50-59,antall personer,645
EliminatedValue,0,30105,0,5,0,ok-sos006,2004,Frogner,I alt,60-67,antall personer,656
EliminatedValue,0,30105,1,0,0,ok-sos006,2004,Frogner,Kvinner,I alt,antall personer,1019
EliminatedValue,0,30105,1,1,0,ok-sos006,2004,Frogner,Kvinner,18-29,antall personer,16
EliminatedValue,0,30105,1,2,0,ok-sos006,2004,Frogner,Kvinner,30-39,antall personer,66
EliminatedValue,0,30105,1,3,0,ok-sos006,2004,Frogner,Kvinner,40-49,antall personer,136
EliminatedValue,0,30105,1,4,0,ok-sos006,2004,Frogner,Kvinner,50-59,antall personer,396
EliminatedValue,0,30105,1,5,0,ok-sos006,2004,Frogner,Kvinner,60-67,antall personer,405
EliminatedValue,0,30105,2,0,0,ok-sos006,2004,Frogner,Menn,I alt,antall personer,708
EliminatedValue,0,30105,2,1,0,ok-sos006,2004,Frogner,Menn,18-29,antall personer,16
EliminatedValue,0,30105,2,2,0,ok-sos006,2004,Frogner,Menn,30-39,antall personer,75
EliminatedValue,0,30105,2,3,0,ok-sos006,2004,Frogner,Menn,40-49,antall personer,117
EliminatedValue,0,30105,2,4,0,ok-sos006,2004,Frogner,Menn,50-59,antall personer,249
EliminatedValue,0,30105,2,5,0,ok-sos006,2004,Frogner,Menn,60-67,antall personer,251
EliminatedValue,0,30106,0,0,0,ok-sos006,2004,Ullern,I alt,I alt,antall personer,865
EliminatedValue,0,30106,0,1,0,ok-sos006,2004,Ullern,I alt,18-29,antall personer,32
EliminatedValue,0,30106,0,2,0,ok-sos006,2004,Ullern,I alt,30-39,antall personer,67
EliminatedValue,0,30106,0,3,0,ok-sos006,2004,Ullern,I alt,40-49,antall personer,120
EliminatedValue,0,30106,0,4,0,ok-sos006,2004,Ullern,I alt,50-59,antall personer,316
EliminatedValue,0,30106,0,5,0,ok-sos006,2004,Ullern,I alt,60-67,antall personer,330
EliminatedValue,0,30106,1,0,0,ok-sos006,2004,Ullern,Kvinner,I alt,antall personer,562
EliminatedValue,0,30106,1,1,0,ok-sos006,2004,Ullern,Kvinner,18-29,antall personer,8
EliminatedValue,0,30106,1,2,0,ok-sos006,2004,Ullern,Kvinner,30-39,antall personer,36
EliminatedValue,0,30106,1,3,0,ok-sos006,2004,Ullern,Kvinner,40-49,antall personer,79
EliminatedValue,0,30106,1,4,0,ok-sos006,2004,Ullern,Kvinner,50-59,antall personer,212
EliminatedValue,0,30106,1,5,0,ok-sos006,2004,Ullern,Kvinner,60-67,antall personer,227
EliminatedValue,0,30106,2,0,0,ok-sos006,2004,Ullern,Menn,I alt,antall personer,303
EliminatedValue,0,30106,2,1,0,ok-sos006,2004,Ullern,Menn,18-29,antall personer,24
EliminatedValue,0,30106,2,2,0,ok-sos006,2004,Ullern,Menn,30-39,antall personer,31
EliminatedValue,0,30106,2,3,0,ok-sos006,2004,Ullern,Menn,40-49,antall personer,41
EliminatedValue,0,30106,2,4,0,ok-sos006,2004,Ullern,Menn,50-59,antall personer,104
EliminatedValue,0,30106,2,5,0,ok-sos006,2004,Ullern,Menn,60-67,antall personer,103
EliminatedValue,0,30107,0,0,0,ok-sos006,2004,Vestre Aker,I alt,I alt,antall personer,1260
EliminatedValue,0,30107,0,1,0,ok-sos006,2004,Vestre Aker,I alt,18-29,antall personer,46
EliminatedValue,0,30107,0,2,0,ok-sos006,2004,Vestre Aker,I alt,30-39,antall personer,83
EliminatedValue,0,30107,0,3,0,ok-sos006,2004,Vestre Aker,I alt,40-49,antall personer,224
EliminatedValue,0,30107,0,4,0,ok-sos006,2004,Vestre Aker,I alt,50-59,antall personer,458
EliminatedValue,0,30107,0,5,0,ok-sos006,2004,Vestre Aker,I alt,60-67,antall personer,449
EliminatedValue,0,30107,1,0,0,ok-sos006,2004,Vestre Aker,Kvinner,I alt,antall personer,808
EliminatedValue,0,30107,1,1,0,ok-sos006,2004,Vestre Aker,Kvinner,18-29,antall personer,18
EliminatedValue,0,30107,1,2,0,ok-sos006,2004,Vestre Aker,Kvinner,30-39,antall personer,37
EliminatedValue,0,30107,1,3,0,ok-sos006,2004,Vestre Aker,Kvinner,40-49,antall personer,152
EliminatedValue,0,30107,1,4,0,ok-sos006,2004,Vestre Aker,Kvinner,50-59,antall personer,311
EliminatedValue,0,30107,1,5,0,ok-sos006,2004,Vestre Aker,Kvinner,60-67,antall personer,290
EliminatedValue,0,30107,2,0,0,ok-sos006,2004,Vestre Aker,Menn,I alt,antall personer,452
EliminatedValue,0,30107,2,1,0,ok-sos006,2004,Vestre Aker,Menn,18-29,antall personer,28
EliminatedValue,0,30107,2,2,0,ok-sos006,2004,Vestre Aker,Menn,30-39,antall personer,46
EliminatedValue,0,30107,2,3,0,ok-sos006,2004,Vestre Aker,Menn,40-49,antall personer,72
EliminatedValue,0,30107,2,4,0,ok-sos006,2004,Vestre Aker,Menn,50-59,antall personer,147
EliminatedValue,0,30107,2,5,0,ok-sos006,2004,Vestre Aker,Menn,60-67,antall personer,159
EliminatedValue,0,30108,0,0,0,ok-sos006,2004,Nordre Aker,I alt,I alt,antall personer,1346
EliminatedValue,0,30108,0,1,0,ok-sos006,2004,Nordre Aker,I alt,18-29,antall personer,40
EliminatedValue,0,30108,0,2,0,ok-sos006,2004,Nordre Aker,I alt,30-39,antall personer,110
EliminatedValue,0,30108,0,3,0,ok-sos006,2004,Nordre Aker,I alt,40-49,antall personer,224
EliminatedValue,0,30108,0,4,0,ok-sos006,2004,Nordre Aker,I alt,50-59,antall personer,497
EliminatedValue,0,30108,0,5,0,ok-sos006,2004,Nordre Aker,I alt,60-67,antall personer,475
EliminatedValue,0,30108,1,0,0,ok-sos006,2004,Nordre Aker,Kvinner,I alt,antall personer,803
EliminatedValue,0,30108,1,1,0,ok-sos006,2004,Nordre Aker,Kvinner,18-29,antall personer,18
EliminatedValue,0,30108,1,2,0,ok-sos006,2004,Nordre Aker,Kvinner,30-39,antall personer,50
EliminatedValue,0,30108,1,3,0,ok-sos006,2004,Nordre Aker,Kvinner,40-49,antall personer,128
EliminatedValue,0,30108,1,4,0,ok-sos006,2004,Nordre Aker,Kvinner,50-59,antall personer,302
EliminatedValue,0,30108,1,5,0,ok-sos006,2004,Nordre Aker,Kvinner,60-67,antall personer,305
EliminatedValue,0,30108,2,0,0,ok-sos006,2004,Nordre Aker,Menn,I alt,antall personer,543
EliminatedValue,0,30108,2,1,0,ok-sos006,2004,Nordre Aker,Menn,18-29,antall personer,22
EliminatedValue,0,30108,2,2,0,ok-sos006,2004,Nordre Aker,Menn,30-39,antall personer,60
EliminatedValue,0,30108,2,3,0,ok-sos006,2004,Nordre Aker,Menn,40-49,antall personer,96
EliminatedValue,0,30108,2,4,0,ok-sos006,2004,Nordre Aker,Menn,50-59,antall personer,195
EliminatedValue,0,30108,2,5,0,ok-sos006,2004,Nordre Aker,Menn,60-67,antall personer,170
EliminatedValue,0,30109,0,0,0,ok-sos006,2004,Bjerke,I alt,I alt,antall personer,1163
EliminatedValue,0,30109,0,1,0,ok-sos006,2004,Bjerke,I alt,18-29,antall personer,33
EliminatedValue,0,30109,0,2,0,ok-sos006,2004,Bjerke,I alt,30-39,antall personer,82
EliminatedValue,0,30109,0,3,0,ok-sos006,2004,Bjerke,I alt,40-49,antall personer,227
EliminatedValue,0,30109,0,4,0,ok-sos006,2004,Bjerke,I alt,50-59,antall personer,448
EliminatedValue,0,30109,0,5,0,ok-sos006,2004,Bjerke,I alt,60-67,antall personer,373
EliminatedValue,0,30109,1,0,0,ok-sos006,2004,Bjerke,Kvinner,I alt,antall personer,666
EliminatedValue,0,30109,1,1,0,ok-sos006,2004,Bjerke,Kvinner,18-29,antall personer,20
EliminatedValue,0,30109,1,2,0,ok-sos006,2004,Bjerke,Kvinner,30-39,antall personer,49
EliminatedValue,0,30109,1,3,0,ok-sos006,2004,Bjerke,Kvinner,40-49,antall personer,123
EliminatedValue,0,30109,1,4,0,ok-sos006,2004,Bjerke,Kvinner,50-59,antall personer,251
EliminatedValue,0,30109,1,5,0,ok-sos006,2004,Bjerke,Kvinner,60-67,antall personer,223
EliminatedValue,0,30109,2,0,0,ok-sos006,2004,Bjerke,Menn,I alt,antall personer,497
EliminatedValue,0,30109,2,1,0,ok-sos006,2004,Bjerke,Menn,18-29,antall personer,13
EliminatedValue,0,30109,2,2,0,ok-sos006,2004,Bjerke,Menn,30-39,antall personer,33
EliminatedValue,0,30109,2,3,0,ok-sos006,2004,Bjerke,Menn,40-49,antall personer,104
EliminatedValue,0,30109,2,4,0,ok-sos006,2004,Bjerke,Menn,50-59,antall personer,197
EliminatedValue,0,30109,2,5,0,ok-sos006,2004,Bjerke,Menn,60-67,antall personer,150
EliminatedValue,0,30110,0,0,0,ok-sos006,2004,Grorud,I alt,I alt,antall personer,1705
EliminatedValue,0,30110,0,1,0,ok-sos006,2004,Grorud,I alt,18-29,antall personer,29
EliminatedValue,0,30110,0,2,0,ok-sos006,2004,Grorud,I alt,30-39,antall personer,114
EliminatedValue,0,30110,0,3,0,ok-sos006,2004,Grorud,I alt,40-49,antall personer,341
EliminatedValue,0,30110,0,4,0,ok-sos006,2004,Grorud,I alt,50-59,antall personer,641
EliminatedValue,0,30110,0,5,0,ok-sos006,2004,Grorud,I alt,60-67,antall personer,580
EliminatedValue,0,30110,1,0,0,ok-sos006,2004,Grorud,Kvinner,I alt,antall personer,1001
EliminatedValue,0,30110,1,1,0,ok-sos006,2004,Grorud,Kvinner,18-29,antall personer,15
EliminatedValue,0,30110,1,2,0,ok-sos006,2004,Grorud,Kvinner,30-39,antall personer,62
EliminatedValue,0,30110,1,3,0,ok-sos006,2004,Grorud,Kvinner,40-49,antall personer,181
EliminatedValue,0,30110,1,4,0,ok-sos006,2004,Grorud,Kvinner,50-59,antall personer,398
EliminatedValue,0,30110,1,5,0,ok-sos006,2004,Grorud,Kvinner,60-67,antall personer,345
EliminatedValue,0,30110,2,0,0,ok-sos006,2004,Grorud,Menn,I alt,antall personer,704
EliminatedValue,0,30110,2,1,0,ok-sos006,2004,Grorud,Menn,18-29,antall personer,14
EliminatedValue,0,30110,2,2,0,ok-sos006,2004,Grorud,Menn,30-39,antall personer,52
EliminatedValue,0,30110,2,3,0,ok-sos006,2004,Grorud,Menn,40-49,antall personer,160
EliminatedValue,0,30110,2,4,0,ok-sos006,2004,Grorud,Menn,50-59,antall personer,243
EliminatedValue,0,30110,2,5,0,ok-sos006,2004,Grorud,Menn,60-67,antall personer,235
EliminatedValue,0,30111,0,0,0,ok-sos006,2004,Stovner,I alt,I alt,antall personer,2252
EliminatedValue,0,30111,0,1,0,ok-sos006,2004,Stovner,I alt,18-29,antall personer,58
EliminatedValue,0,30111,0,2,0,ok-sos006,2004,Stovner,I alt,30-39,antall personer,154
EliminatedValue,0,30111,0,3,0,ok-sos006,2004,Stovner,I alt,40-49,antall personer,334
EliminatedValue,0,30111,0,4,0,ok-sos006,2004,Stovner,I alt,50-59,antall personer,849
EliminatedValue,0,30111,0,5,0,ok-sos006,2004,Stovner,I alt,60-67,antall personer,857
EliminatedValue,0,30111,1,0,0,ok-sos006,2004,Stovner,Kvinner,I alt,antall personer,1371
EliminatedValue,0,30111,1,1,0,ok-sos006,2004,Stovner,Kvinner,18-29,antall personer,22
EliminatedValue,0,30111,1,2,0,ok-sos006,2004,Stovner,Kvinner,30-39,antall personer,86
EliminatedValue,0,30111,1,3,0,ok-sos006,2004,Stovner,Kvinner,40-49,antall personer,201
EliminatedValue,0,30111,1,4,0,ok-sos006,2004,Stovner,Kvinner,50-59,antall personer,546
EliminatedValue,0,30111,1,5,0,ok-sos006,2004,Stovner,Kvinner,60-67,antall personer,516
EliminatedValue,0,30111,2,0,0,ok-sos006,2004,Stovner,Menn,I alt,antall personer,881
EliminatedValue,0,30111,2,1,0,ok-sos006,2004,Stovner,Menn,18-29,antall personer,36
EliminatedValue,0,30111,2,2,0,ok-sos006,2004,Stovner,Menn,30-39,antall personer,68
EliminatedValue,0,30111,2,3,0,ok-sos006,2004,Stovner,Menn,40-49,antall personer,133
EliminatedValue,0,30111,2,4,0,ok-sos006,2004,Stovner,Menn,50-59,antall personer,303
EliminatedValue,0,30111,2,5,0,ok-sos006,2004,Stovner,Menn,60-67,antall personer,341
EliminatedValue,0,30112,0,0,0,ok-sos006,2004,Alna,I alt,I alt,antall personer,3077
EliminatedValue,0,30112,0,1,0,ok-sos006,2004,Alna,I alt,18-29,antall personer,58
EliminatedValue,0,30112,0,2,0,ok-sos006,2004,Alna,I alt,30-39,antall personer,216
EliminatedValue,0,30112,0,3,0,ok-sos006,2004,Alna,I alt,40-49,antall personer,542
EliminatedValue,0,30112,0,4,0,ok-sos006,2004,Alna,I alt,50-59,antall personer,1220
EliminatedValue,0,30112,0,5,0,ok-sos006,2004,Alna,I alt,60-67,antall personer,1041
EliminatedValue,0,30112,1,0,0,ok-sos006,2004,Alna,Kvinner,I alt,antall personer,1781
EliminatedValue,0,30112,1,1,0,ok-sos006,2004,Alna,Kvinner,18-29,antall personer,24
EliminatedValue,0,30112,1,2,0,ok-sos006,2004,Alna,Kvinner,30-39,antall personer,114
EliminatedValue,0,30112,1,3,0,ok-sos006,2004,Alna,Kvinner,40-49,antall personer,312
EliminatedValue,0,30112,1,4,0,ok-sos006,2004,Alna,Kvinner,50-59,antall personer,756
EliminatedValue,0,30112,1,5,0,ok-sos006,2004,Alna,Kvinner,60-67,antall personer,575
EliminatedValue,0,30112,2,0,0,ok-sos006,2004,Alna,Menn,I alt,antall personer,1296
EliminatedValue,0,30112,2,1,0,ok-sos006,2004,Alna,Menn,18-29,antall personer,34
EliminatedValue,0,30112,2,2,0,ok-sos006,2004,Alna,Menn,30-39,antall personer,102
EliminatedValue,0,30112,2,3,0,ok-sos006,2004,Alna,Menn,40-49,antall personer,230
EliminatedValue,0,30112,2,4,0,ok-sos006,2004,Alna,Menn,50-59,antall personer,464
EliminatedValue,0,30112,2,5,0,ok-sos006,2004,Alna,Menn,60-67,antall personer,466
EliminatedValue,0,30113,0,0,0,ok-sos006,2004,Østensjø,I alt,I alt,antall personer,2278
EliminatedValue,0,30113,0,1,0,ok-sos006,2004,Østensjø,I alt,18-29,antall personer,37
EliminatedValue,0,30113,0,2,0,ok-sos006,2004,Østensjø,I alt,30-39,antall personer,165
EliminatedValue,0,30113,0,3,0,ok-sos006,2004,Østensjø,I alt,40-49,antall personer,489
EliminatedValue,0,30113,0,4,0,ok-sos006,2004,Østensjø,I alt,50-59,antall personer,785
EliminatedValue,0,30113,0,5,0,ok-sos006,2004,Østensjø,I alt,60-67,antall personer,802
EliminatedValue,0,30113,1,0,0,ok-sos006,2004,Østensjø,Kvinner,I alt,antall personer,1410
EliminatedValue,0,30113,1,1,0,ok-sos006,2004,Østensjø,Kvinner,18-29,antall personer,16
EliminatedValue,0,30113,1,2,0,ok-sos006,2004,Østensjø,Kvinner,30-39,antall personer,95
EliminatedValue,0,30113,1,3,0,ok-sos006,2004,Østensjø,Kvinner,40-49,antall personer,291
EliminatedValue,0,30113,1,4,0,ok-sos006,2004,Østensjø,Kvinner,50-59,antall personer,478
EliminatedValue,0,30113,1,5,0,ok-sos006,2004,Østensjø,Kvinner,60-67,antall personer,530
EliminatedValue,0,30113,2,0,0,ok-sos006,2004,Østensjø,Menn,I alt,antall personer,868
EliminatedValue,0,30113,2,1,0,ok-sos006,2004,Østensjø,Menn,18-29,antall personer,21
EliminatedValue,0,30113,2,2,0,ok-sos006,2004,Østensjø,Menn,30-39,antall personer,70
EliminatedValue,0,30113,2,3,0,ok-sos006,2004,Østensjø,Menn,40-49,antall personer,198
EliminatedValue,0,30113,2,4,0,ok-sos006,2004,Østensjø,Menn,50-59,antall personer,307
EliminatedValue,0,30113,2,5,0,ok-sos006,2004,Østensjø,Menn,60-67,antall personer,272
EliminatedValue,0,30114,0,0,0,ok-sos006,2004,Nordstrand,I alt,I alt,antall personer,1820
EliminatedValue,0,30114,0,1,0,ok-sos006,2004,Nordstrand,I alt,18-29,antall personer,32
EliminatedValue,0,30114,0,2,0,ok-sos006,2004,Nordstrand,I alt,30-39,antall personer,144
EliminatedValue,0,30114,0,3,0,ok-sos006,2004,Nordstrand,I alt,40-49,antall personer,297
EliminatedValue,0,30114,0,4,0,ok-sos006,2004,Nordstrand,I alt,50-59,antall personer,681
EliminatedValue,0,30114,0,5,0,ok-sos006,2004,Nordstrand,I alt,60-67,antall personer,666
EliminatedValue,0,30114,1,0,0,ok-sos006,2004,Nordstrand,Kvinner,I alt,antall personer,1118
EliminatedValue,0,30114,1,1,0,ok-sos006,2004,Nordstrand,Kvinner,18-29,antall personer,13
EliminatedValue,0,30114,1,2,0,ok-sos006,2004,Nordstrand,Kvinner,30-39,antall personer,79
EliminatedValue,0,30114,1,3,0,ok-sos006,2004,Nordstrand,Kvinner,40-49,antall personer,191
EliminatedValue,0,30114,1,4,0,ok-sos006,2004,Nordstrand,Kvinner,50-59,antall personer,432
EliminatedValue,0,30114,1,5,0,ok-sos006,2004,Nordstrand,Kvinner,60-67,antall personer,403
EliminatedValue,0,30114,2,0,0,ok-sos006,2004,Nordstrand,Menn,I alt,antall personer,702
EliminatedValue,0,30114,2,1,0,ok-sos006,2004,Nordstrand,Menn,18-29,antall personer,19
EliminatedValue,0,30114,2,2,0,ok-sos006,2004,Nordstrand,Menn,30-39,antall personer,65
EliminatedValue,0,30114,2,3,0,ok-sos006,2004,Nordstrand,Menn,40-49,antall personer,106
EliminatedValue,0,30114,2,4,0,ok-sos006,2004,Nordstrand,Menn,50-59,antall personer,249
EliminatedValue,0,30114,2,5,0,ok-sos006,2004,Nordstrand,Menn,60-67,antall personer,263
EliminatedValue,0,30115,0,0,0,ok-sos006,2004,Søndre Nordstrand,I alt,I alt,antall personer,1780
EliminatedValue,0,30115,0,1,0,ok-sos006,2004,Søndre Nordstrand,I alt,18-29,antall personer,54
EliminatedValue,0,30115,0,2,0,ok-sos006,2004,Søndre Nordstrand,I alt,30-39,antall personer,145
EliminatedValue,0,30115,0,3,0,ok-sos006,2004,Søndre Nordstrand,I alt,40-49,antall personer,413
EliminatedValue,0,30115,0,4,0,ok-sos006,2004,Søndre Nordstrand,I alt,50-59,antall personer,690
EliminatedValue,0,30115,0,5,0,ok-sos006,2004,Søndre Nordstrand,I alt,60-67,antall personer,478
EliminatedValue,0,30115,1,0,0,ok-sos006,2004,Søndre Nordstrand,Kvinner,I alt,antall personer,953
EliminatedValue,0,30115,1,1,0,ok-sos006,2004,Søndre Nordstrand,Kvinner,18-29,antall personer,20
EliminatedValue,0,30115,1,2,0,ok-sos006,2004,Søndre Nordstrand,Kvinner,30-39,antall personer,72
EliminatedValue,0,30115,1,3,0,ok-sos006,2004,Søndre Nordstrand,Kvinner,40-49,antall personer,236
EliminatedValue,0,30115,1,4,0,ok-sos006,2004,Søndre Nordstrand,Kvinner,50-59,antall personer,397
EliminatedValue,0,30115,1,5,0,ok-sos006,2004,Søndre Nordstrand,Kvinner,60-67,antall personer,228
EliminatedValue,0,30115,2,0,0,ok-sos006,2004,Søndre Nordstrand,Menn,I alt,antall personer,827
EliminatedValue,0,30115,2,1,0,ok-sos006,2004,Søndre Nordstrand,Menn,18-29,antall personer,34
EliminatedValue,0,30115,2,2,0,ok-sos006,2004,Søndre Nordstrand,Menn,30-39,antall personer,73
EliminatedValue,0,30115,2,3,0,ok-sos006,2004,Søndre Nordstrand,Menn,40-49,antall personer,177
EliminatedValue,0,30115,2,4,0,ok-sos006,2004,Søndre Nordstrand,Menn,50-59,antall personer,293
EliminatedValue,0,30115,2,5,0,ok-sos006,2004,Søndre Nordstrand,Menn,60-67,antall personer,250
EliminatedValue,0,30199,0,0,0,ok-sos006,2004,Uten registrert adresse,I alt,I alt,antall personer,223
EliminatedValue,0,30199,0,1,0,ok-sos006,2004,Uten registrert adresse,I alt,18-29,antall personer,3
EliminatedValue,0,30199,0,2,0,ok-sos006,2004,Uten registrert adresse,I alt,30-39,antall personer,29
EliminatedValue,0,30199,0,3,0,ok-sos006,2004,Uten registrert adresse,I alt,40-49,antall personer,71
EliminatedValue,0,30199,0,4,0,ok-sos006,2004,Uten registrert adresse,I alt,50-59,antall personer,76
EliminatedValue,0,30199,0,5,0,ok-sos006,2004,Uten registrert adresse,I alt,60-67,antall personer,44
EliminatedValue,0,30199,1,0,0,ok-sos006,2004,Uten registrert adresse,Kvinner,I alt,antall personer,73
EliminatedValue,0,30199,1,1,0,ok-sos006,2004,Uten registrert adresse,Kvinner,18-29,antall personer,1
EliminatedValue,0,30199,1,2,0,ok-sos006,2004,Uten registrert adresse,Kvinner,30-39,antall personer,10
EliminatedValue,0,30199,1,3,0,ok-sos006,2004,Uten registrert adresse,Kvinner,40-49,antall personer,23
EliminatedValue,0,30199,1,4,0,ok-sos006,2004,Uten registrert adresse,Kvinner,50-59,antall personer,22
EliminatedValue,0,30199,1,5,0,ok-sos006,2004,Uten registrert adresse,Kvinner,60-67,antall personer,17
EliminatedValue,0,30199,2,0,0,ok-sos006,2004,Uten registrert adresse,Menn,I alt,antall personer,150
EliminatedValue,0,30199,2,1,0,ok-sos006,2004,Uten registrert adresse,Menn,18-29,antall personer,2
EliminatedValue,0,30199,2,2,0,ok-sos006,2004,Uten registrert adresse,Menn,30-39,antall personer,19
EliminatedValue,0,30199,2,3,0,ok-sos006,2004,Uten registrert adresse,Menn,40-49,antall personer,48
EliminatedValue,0,30199,2,4,0,ok-sos006,2004,Uten registrert adresse,Menn,50-59,antall personer,54
EliminatedValue,0,30199,2,5,0,ok-sos006,2004,Uten registrert adresse,Menn,60-67,antall personer,27
EliminatedValue,0,30118195,0,0,0,ok-sos006,2004,Ukjent bydel,I alt,I alt,antall personer,
EliminatedValue,0,30118195,0,1,0,ok-sos006,2004,Ukjent bydel,I alt,18-29,antall personer,
EliminatedValue,0,30118195,0,2,0,ok-sos006,2004,Ukjent bydel,I alt,30-39,antall personer,
EliminatedValue,0,30118195,0,3,0,ok-sos006,2004,Ukjent bydel,I alt,40-49,antall personer,
EliminatedValue,0,30118195,0,4,0,ok-sos006,2004,Ukjent bydel,I alt,50-59,antall personer,
EliminatedValue,0,30118195,0,5,0,ok-sos006,2004,Ukjent bydel,I alt,60-67,antall personer,
EliminatedValue,0,30118195,1,0,0,ok-sos006,2004,Ukjent bydel,Kvinner,I alt,antall personer,
EliminatedValue,0,30118195,1,1,0,ok-sos006,2004,Ukjent bydel,Kvinner,18-29,antall personer,
EliminatedValue,0,30118195,1,2,0,ok-sos006,2004,Ukjent bydel,Kvinner,30-39,antall personer,
EliminatedValue,0,30118195,1,3,0,ok-sos006,2004,Ukjent bydel,Kvinner,40-49,antall personer,
EliminatedValue,0,30118195,1,4,0,ok-sos006,2004,Ukjent bydel,Kvinner,50-59,antall personer,
EliminatedValue,0,30118195,1,5,0,ok-sos006,2004,Ukjent bydel,Kvinner,60-67,antall personer,
EliminatedValue,0,30118195,2,0,0,ok-sos006,2004,Ukjent bydel,Menn,I alt,antall personer,
EliminatedValue,0,30118195,2,1,0,ok-sos006,2004,Ukjent bydel,Menn,18-29,antall personer,
EliminatedValue,0,30118195,2,2,0,ok-sos006,2004,Ukjent bydel,Menn,30-39,antall personer,
EliminatedValue,0,30118195,2,3,0,ok-sos006,2004,Ukjent bydel,Menn,40-49,antall personer,
EliminatedValue,0,30118195,2,4,0,ok-sos006,2004,Ukjent bydel,Menn,50-59,antall personer,
EliminatedValue,0,30118195,2,5,0,ok-sos006,2004,Ukjent bydel,Menn,60-67,antall personer,
EliminatedValue,1,301,0,0,0,ok-sos006,2005,Oslo i alt,I alt,I alt,antall personer,25960
EliminatedValue,1,301,0,1,0,ok-sos006,2005,Oslo i alt,I alt,18-29,antall personer,563
EliminatedValue,1,301,0,2,0,ok-sos006,2005,Oslo i alt,I alt,30-39,antall personer,1849
EliminatedValue,1,301,0,3,0,ok-sos006,2005,Oslo i alt,I alt,40-49,antall personer,4897
EliminatedValue,1,301,0,4,0,ok-sos006,2005,Oslo i alt,I alt,50-59,antall personer,9628
EliminatedValue,1,301,0,5,0,ok-sos006,2005,Oslo i alt,I alt,60-67,antall personer,9023
EliminatedValue,1,301,1,0,0,ok-sos006,2005,Oslo i alt,Kvinner,I alt,antall personer,14528
EliminatedValue,1,301,1,1,0,ok-sos006,2005,Oslo i alt,Kvinner,18-29,antall personer,256
EliminatedValue,1,301,1,2,0,ok-sos006,2005,Oslo i alt,Kvinner,30-39,antall personer,912
EliminatedValue,1,301,1,3,0,ok-sos006,2005,Oslo i alt,Kvinner,40-49,antall personer,2642
EliminatedValue,1,301,1,4,0,ok-sos006,2005,Oslo i alt,Kvinner,50-59,antall personer,5575
EliminatedValue,1,301,1,5,0,ok-sos006,2005,Oslo i alt,Kvinner,60-67,antall personer,5143
EliminatedValue,1,301,2,0,0,ok-sos006,2005,Oslo i alt,Menn,I alt,antall personer,11432
EliminatedValue,1,301,2,1,0,ok-sos006,2005,Oslo i alt,Menn,18-29,antall personer,307
EliminatedValue,1,301,2,2,0,ok-sos006,2005,Oslo i alt,Menn,30-39,antall personer,937
EliminatedValue,1,301,2,3,0,ok-sos006,2005,Oslo i alt,Menn,40-49,antall personer,2255
EliminatedValue,1,301,2,4,0,ok-sos006,2005,Oslo i alt,Menn,50-59,antall personer,4053
EliminatedValue,1,301,2,5,0,ok-sos006,2005,Oslo i alt,Menn,60-67,antall personer,3880
EliminatedValue,1,30101,0,0,0,ok-sos006,2005,Gamle Oslo,I alt,I alt,antall personer,2018
EliminatedValue,1,30101,0,1,0,ok-sos006,2005,Gamle Oslo,I alt,18-29,antall personer,42
EliminatedValue,1,30101,0,2,0,ok-sos006,2005,Gamle Oslo,I alt,30-39,antall personer,181
EliminatedValue,1,30101,0,3,0,ok-sos006,2005,Gamle Oslo,I alt,40-49,antall personer,474
EliminatedValue,1,30101,0,4,0,ok-sos006,2005,Gamle Oslo,I alt,50-59,antall personer,741
EliminatedValue,1,30101,0,5,0,ok-sos006,2005,Gamle Oslo,I alt,60-67,antall personer,580
EliminatedValue,1,30101,1,0,0,ok-sos006,2005,Gamle Oslo,Kvinner,I alt,antall personer,929
EliminatedValue,1,30101,1,1,0,ok-sos006,2005,Gamle Oslo,Kvinner,18-29,antall personer,22
EliminatedValue,1,30101,1,2,0,ok-sos006,2005,Gamle Oslo,Kvinner,30-39,antall personer,76
EliminatedValue,1,30101,1,3,0,ok-sos006,2005,Gamle Oslo,Kvinner,40-49,antall personer,222
EliminatedValue,1,30101,1,4,0,ok-sos006,2005,Gamle Oslo,Kvinner,50-59,antall personer,353
EliminatedValue,1,30101,1,5,0,ok-sos006,2005,Gamle Oslo,Kvinner,60-67,antall personer,256
EliminatedValue,1,30101,2,0,0,ok-sos006,2005,Gamle Oslo,Menn,I alt,antall personer,1089
EliminatedValue,1,30101,2,1,0,ok-sos006,2005,Gamle Oslo,Menn,18-29,antall personer,20
EliminatedValue,1,30101,2,2,0,ok-sos006,2005,Gamle Oslo,Menn,30-39,antall personer,105
EliminatedValue,1,30101,2,3,0,ok-sos006,2005,Gamle Oslo,Menn,40-49,antall personer,252
EliminatedValue,1,30101,2,4,0,ok-sos006,2005,Gamle Oslo,Menn,50-59,antall personer,388
EliminatedValue,1,30101,2,5,0,ok-sos006,2005,Gamle Oslo,Menn,60-67,antall personer,324
EliminatedValue,1,30102,0,0,0,ok-sos006,2005,Grünerløkka,I alt,I alt,antall personer,2004
EliminatedValue,1,30102,0,1,0,ok-sos006,2005,Grünerløkka,I alt,18-29,antall personer,32
EliminatedValue,1,30102,0,2,0,ok-sos006,2005,Grünerløkka,I alt,30-39,antall personer,182
EliminatedValue,1,30102,0,3,0,ok-sos006,2005,Grünerløkka,I alt,40-49,antall personer,463
EliminatedValue,1,30102,0,4,0,ok-sos006,2005,Grünerløkka,I alt,50-59,antall personer,742
EliminatedValue,1,30102,0,5,0,ok-sos006,2005,Grünerløkka,I alt,60-67,antall personer,585
EliminatedValue,1,30102,1,0,0,ok-sos006,2005,Grünerløkka,Kvinner,I alt,antall personer,942
EliminatedValue,1,30102,1,1,0,ok-sos006,2005,Grünerløkka,Kvinner,18-29,antall personer,16
EliminatedValue,1,30102,1,2,0,ok-sos006,2005,Grünerløkka,Kvinner,30-39,antall personer,76
EliminatedValue,1,30102,1,3,0,ok-sos006,2005,Grünerløkka,Kvinner,40-49,antall personer,214
EliminatedValue,1,30102,1,4,0,ok-sos006,2005,Grünerløkka,Kvinner,50-59,antall personer,373
EliminatedValue,1,30102,1,5,0,ok-sos006,2005,Grünerløkka,Kvinner,60-67,antall personer,263
EliminatedValue,1,30102,2,0,0,ok-sos006,2005,Grünerløkka,Menn,I alt,antall personer,1062
EliminatedValue,1,30102,2,1,0,ok-sos006,2005,Grünerløkka,Menn,18-29,antall personer,16
EliminatedValue,1,30102,2,2,0,ok-sos006,2005,Grünerløkka,Menn,30-39,antall personer,106
EliminatedValue,1,30102,2,3,0,ok-sos006,2005,Grünerløkka,Menn,40-49,antall personer,249
EliminatedValue,1,30102,2,4,0,ok-sos006,2005,Grünerløkka,Menn,50-59,antall personer,369
EliminatedValue,1,30102,2,5,0,ok-sos006,2005,Grünerløkka,Menn,60-67,antall personer,322
EliminatedValue,1,30103,0,0,0,ok-sos006,2005,Sagene,I alt,I alt,antall personer,1820
EliminatedValue,1,30103,0,1,0,ok-sos006,2005,Sagene,I alt,18-29,antall personer,25
EliminatedValue,1,30103,0,2,0,ok-sos006,2005,Sagene,I alt,30-39,antall personer,132
EliminatedValue,1,30103,0,3,0,ok-sos006,2005,Sagene,I alt,40-49,antall personer,415
EliminatedValue,1,30103,0,4,0,ok-sos006,2005,Sagene,I alt,50-59,antall personer,710
EliminatedValue,1,30103,0,5,0,ok-sos006,2005,Sagene,I alt,60-67,antall personer,538
EliminatedValue,1,30103,1,0,0,ok-sos006,2005,Sagene,Kvinner,I alt,antall personer,854
EliminatedValue,1,30103,1,1,0,ok-sos006,2005,Sagene,Kvinner,18-29,antall personer,12
EliminatedValue,1,30103,1,2,0,ok-sos006,2005,Sagene,Kvinner,30-39,antall personer,63
EliminatedValue,1,30103,1,3,0,ok-sos006,2005,Sagene,Kvinner,40-49,antall personer,183
EliminatedValue,1,30103,1,4,0,ok-sos006,2005,Sagene,Kvinner,50-59,antall personer,344
EliminatedValue,1,30103,1,5,0,ok-sos006,2005,Sagene,Kvinner,60-67,antall personer,252
EliminatedValue,1,30103,2,0,0,ok-sos006,2005,Sagene,Menn,I alt,antall personer,966
EliminatedValue,1,30103,2,1,0,ok-sos006,2005,Sagene,Menn,18-29,antall personer,13
EliminatedValue,1,30103,2,2,0,ok-sos006,2005,Sagene,Menn,30-39,antall personer,69
EliminatedValue,1,30103,2,3,0,ok-sos006,2005,Sagene,Menn,40-49,antall personer,232
EliminatedValue,1,30103,2,4,0,ok-sos006,2005,Sagene,Menn,50-59,antall personer,366
EliminatedValue,1,30103,2,5,0,ok-sos006,2005,Sagene,Menn,60-67,antall personer,286
EliminatedValue,1,30104,0,0,0,ok-sos006,2005,St. Hanshaugen,I alt,I alt,antall personer,985
EliminatedValue,1,30104,0,1,0,ok-sos006,2005,St. Hanshaugen,I alt,18-29,antall personer,27
EliminatedValue,1,30104,0,2,0,ok-sos006,2005,St. Hanshaugen,I alt,30-39,antall personer,78
EliminatedValue,1,30104,0,3,0,ok-sos006,2005,St. Hanshaugen,I alt,40-49,antall personer,195
EliminatedValue,1,30104,0,4,0,ok-sos006,2005,St. Hanshaugen,I alt,50-59,antall personer,368
EliminatedValue,1,30104,0,5,0,ok-sos006,2005,St. Hanshaugen,I alt,60-67,antall personer,317
EliminatedValue,1,30104,1,0,0,ok-sos006,2005,St. Hanshaugen,Kvinner,I alt,antall personer,519
EliminatedValue,1,30104,1,1,0,ok-sos006,2005,St. Hanshaugen,Kvinner,18-29,antall personer,14
EliminatedValue,1,30104,1,2,0,ok-sos006,2005,St. Hanshaugen,Kvinner,30-39,antall personer,37
EliminatedValue,1,30104,1,3,0,ok-sos006,2005,St. Hanshaugen,Kvinner,40-49,antall personer,88
EliminatedValue,1,30104,1,4,0,ok-sos006,2005,St. Hanshaugen,Kvinner,50-59,antall personer,211
EliminatedValue,1,30104,1,5,0,ok-sos006,2005,St. Hanshaugen,Kvinner,60-67,antall personer,169
EliminatedValue,1,30104,2,0,0,ok-sos006,2005,St. Hanshaugen,Menn,I alt,antall personer,466
EliminatedValue,1,30104,2,1,0,ok-sos006,2005,St. Hanshaugen,Menn,18-29,antall personer,13
EliminatedValue,1,30104,2,2,0,ok-sos006,2005,St. Hanshaugen,Menn,30-39,antall personer,41
EliminatedValue,1,30104,2,3,0,ok-sos006,2005,St. Hanshaugen,Menn,40-49,antall personer,107
EliminatedValue,1,30104,2,4,0,ok-sos006,2005,St. Hanshaugen,Menn,50-59,antall personer,157
EliminatedValue,1,30104,2,5,0,ok-sos006,2005,St. Hanshaugen,Menn,60-67,antall personer,148
EliminatedValue,1,30105,0,0,0,ok-sos006,2005,Frogner,I alt,I alt,antall personer,1677
EliminatedValue,1,30105,0,1,0,ok-sos006,2005,Frogner,I alt,18-29,antall personer,25
EliminatedValue,1,30105,0,2,0,ok-sos006,2005,Frogner,I alt,30-39,antall personer,128
EliminatedValue,1,30105,0,3,0,ok-sos006,2005,Frogner,I alt,40-49,antall personer,246
EliminatedValue,1,30105,0,4,0,ok-sos006,2005,Frogner,I alt,50-59,antall personer,603
EliminatedValue,1,30105,0,5,0,ok-sos006,2005,Frogner,I alt,60-67,antall personer,675
EliminatedValue,1,30105,1,0,0,ok-sos006,2005,Frogner,Kvinner,I alt,antall personer,982
EliminatedValue,1,30105,1,1,0,ok-sos006,2005,Frogner,Kvinner,18-29,antall personer,11
EliminatedValue,1,30105,1,2,0,ok-sos006,2005,Frogner,Kvinner,30-39,antall personer,60
EliminatedValue,1,30105,1,3,0,ok-sos006,2005,Frogner,Kvinner,40-49,antall personer,134
EliminatedValue,1,30105,1,4,0,ok-sos006,2005,Frogner,Kvinner,50-59,antall personer,367
EliminatedValue,1,30105,1,5,0,ok-sos006,2005,Frogner,Kvinner,60-67,antall personer,410
EliminatedValue,1,30105,2,0,0,ok-sos006,2005,Frogner,Menn,I alt,antall personer,695
EliminatedValue,1,30105,2,1,0,ok-sos006,2005,Frogner,Menn,18-29,antall personer,14
EliminatedValue,1,30105,2,2,0,ok-sos006,2005,Frogner,Menn,30-39,antall personer,68
EliminatedValue,1,30105,2,3,0,ok-sos006,2005,Frogner,Menn,40-49,antall personer,112
EliminatedValue,1,30105,2,4,0,ok-sos006,2005,Frogner,Menn,50-59,antall personer,236
EliminatedValue,1,30105,2,5,0,ok-sos006,2005,Frogner,Menn,60-67,antall personer,265
EliminatedValue,1,30106,0,0,0,ok-sos006,2005,Ullern,I alt,I alt,antall personer,847
EliminatedValue,1,30106,0,1,0,ok-sos006,2005,Ullern,I alt,18-29,antall personer,32
EliminatedValue,1,30106,0,2,0,ok-sos006,2005,Ullern,I alt,30-39,antall personer,57
EliminatedValue,1,30106,0,3,0,ok-sos006,2005,Ullern,I alt,40-49,antall personer,107
EliminatedValue,1,30106,0,4,0,ok-sos006,2005,Ullern,I alt,50-59,antall personer,318
EliminatedValue,1,30106,0,5,0,ok-sos006,2005,Ullern,I alt,60-67,antall personer,333
EliminatedValue,1,30106,1,0,0,ok-sos006,2005,Ullern,Kvinner,I alt,antall personer,553
EliminatedValue,1,30106,1,1,0,ok-sos006,2005,Ullern,Kvinner,18-29,antall personer,7
EliminatedValue,1,30106,1,2,0,ok-sos006,2005,Ullern,Kvinner,30-39,antall personer,29
EliminatedValue,1,30106,1,3,0,ok-sos006,2005,Ullern,Kvinner,40-49,antall personer,71
EliminatedValue,1,30106,1,4,0,ok-sos006,2005,Ullern,Kvinner,50-59,antall personer,217
EliminatedValue,1,30106,1,5,0,ok-sos006,2005,Ullern,Kvinner,60-67,antall personer,229
EliminatedValue,1,30106,2,0,0,ok-sos006,2005,Ullern,Menn,I alt,antall personer,294
EliminatedValue,1,30106,2,1,0,ok-sos006,2005,Ullern,Menn,18-29,antall personer,25
EliminatedValue,1,30106,2,2,0,ok-sos006,2005,Ullern,Menn,30-39,antall personer,28
EliminatedValue,1,30106,2,3,0,ok-sos006,2005,Ullern,Menn,40-49,antall personer,36
EliminatedValue,1,30106,2,4,0,ok-sos006,2005,Ullern,Menn,50-59,antall personer,101
EliminatedValue,1,30106,2,5,0,ok-sos006,2005,Ullern,Menn,60-67,antall personer,104
EliminatedValue,1,30107,0,0,0,ok-sos006,2005,Vestre Aker,I alt,I alt,antall personer,1267
EliminatedValue,1,30107,0,1,0,ok-sos006,2005,Vestre Aker,I alt,18-29,antall personer,46
EliminatedValue,1,30107,0,2,0,ok-sos006,2005,Vestre Aker,I alt,30-39,antall personer,69
EliminatedValue,1,30107,0,3,0,ok-sos006,2005,Vestre Aker,I alt,40-49,antall personer,213
EliminatedValue,1,30107,0,4,0,ok-sos006,2005,Vestre Aker,I alt,50-59,antall personer,440
EliminatedValue,1,30107,0,5,0,ok-sos006,2005,Vestre Aker,I alt,60-67,antall personer,499
EliminatedValue,1,30107,1,0,0,ok-sos006,2005,Vestre Aker,Kvinner,I alt,antall personer,796
EliminatedValue,1,30107,1,1,0,ok-sos006,2005,Vestre Aker,Kvinner,18-29,antall personer,18
EliminatedValue,1,30107,1,2,0,ok-sos006,2005,Vestre Aker,Kvinner,30-39,antall personer,30
EliminatedValue,1,30107,1,3,0,ok-sos006,2005,Vestre Aker,Kvinner,40-49,antall personer,135
EliminatedValue,1,30107,1,4,0,ok-sos006,2005,Vestre Aker,Kvinner,50-59,antall personer,301
EliminatedValue,1,30107,1,5,0,ok-sos006,2005,Vestre Aker,Kvinner,60-67,antall personer,312
EliminatedValue,1,30107,2,0,0,ok-sos006,2005,Vestre Aker,Menn,I alt,antall personer,471
EliminatedValue,1,30107,2,1,0,ok-sos006,2005,Vestre Aker,Menn,18-29,antall personer,28
EliminatedValue,1,30107,2,2,0,ok-sos006,2005,Vestre Aker,Menn,30-39,antall personer,39
EliminatedValue,1,30107,2,3,0,ok-sos006,2005,Vestre Aker,Menn,40-49,antall personer,78
EliminatedValue,1,30107,2,4,0,ok-sos006,2005,Vestre Aker,Menn,50-59,antall personer,139
EliminatedValue,1,30107,2,5,0,ok-sos006,2005,Vestre Aker,Menn,60-67,antall personer,187
EliminatedValue,1,30108,0,0,0,ok-sos006,2005,Nordre Aker,I alt,I alt,antall personer,1298
EliminatedValue,1,30108,0,1,0,ok-sos006,2005,Nordre Aker,I alt,18-29,antall personer,34
EliminatedValue,1,30108,0,2,0,ok-sos006,2005,Nordre Aker,I alt,30-39,antall personer,95
EliminatedValue,1,30108,0,3,0,ok-sos006,2005,Nordre Aker,I alt,40-49,antall personer,217
EliminatedValue,1,30108,0,4,0,ok-sos006,2005,Nordre Aker,I alt,50-59,antall personer,474
EliminatedValue,1,30108,0,5,0,ok-sos006,2005,Nordre Aker,I alt,60-67,antall personer,478
EliminatedValue,1,30108,1,0,0,ok-sos006,2005,Nordre Aker,Kvinner,I alt,antall personer,769
EliminatedValue,1,30108,1,1,0,ok-sos006,2005,Nordre Aker,Kvinner,18-29,antall personer,16
EliminatedValue,1,30108,1,2,0,ok-sos006,2005,Nordre Aker,Kvinner,30-39,antall personer,43
EliminatedValue,1,30108,1,3,0,ok-sos006,2005,Nordre Aker,Kvinner,40-49,antall personer,123
EliminatedValue,1,30108,1,4,0,ok-sos006,2005,Nordre Aker,Kvinner,50-59,antall personer,288
EliminatedValue,1,30108,1,5,0,ok-sos006,2005,Nordre Aker,Kvinner,60-67,antall personer,299
EliminatedValue,1,30108,2,0,0,ok-sos006,2005,Nordre Aker,Menn,I alt,antall personer,529
EliminatedValue,1,30108,2,1,0,ok-sos006,2005,Nordre Aker,Menn,18-29,antall personer,18
EliminatedValue,1,30108,2,2,0,ok-sos006,2005,Nordre Aker,Menn,30-39,antall personer,52
EliminatedValue,1,30108,2,3,0,ok-sos006,2005,Nordre Aker,Menn,40-49,antall personer,94
EliminatedValue,1,30108,2,4,0,ok-sos006,2005,Nordre Aker,Menn,50-59,antall personer,186
EliminatedValue,1,30108,2,5,0,ok-sos006,2005,Nordre Aker,Menn,60-67,antall personer,179
EliminatedValue,1,30109,0,0,0,ok-sos006,2005,Bjerke,I alt,I alt,antall personer,1131
EliminatedValue,1,30109,0,1,0,ok-sos006,2005,Bjerke,I alt,18-29,antall personer,33
EliminatedValue,1,30109,0,2,0,ok-sos006,2005,Bjerke,I alt,30-39,antall personer,70
EliminatedValue,1,30109,0,3,0,ok-sos006,2005,Bjerke,I alt,40-49,antall personer,227
EliminatedValue,1,30109,0,4,0,ok-sos006,2005,Bjerke,I alt,50-59,antall personer,413
EliminatedValue,1,30109,0,5,0,ok-sos006,2005,Bjerke,I alt,60-67,antall personer,388
EliminatedValue,1,30109,1,0,0,ok-sos006,2005,Bjerke,Kvinner,I alt,antall personer,646
EliminatedValue,1,30109,1,1,0,ok-sos006,2005,Bjerke,Kvinner,18-29,antall personer,21
EliminatedValue,1,30109,1,2,0,ok-sos006,2005,Bjerke,Kvinner,30-39,antall personer,40
EliminatedValue,1,30109,1,3,0,ok-sos006,2005,Bjerke,Kvinner,40-49,antall personer,121
EliminatedValue,1,30109,1,4,0,ok-sos006,2005,Bjerke,Kvinner,50-59,antall personer,230
EliminatedValue,1,30109,1,5,0,ok-sos006,2005,Bjerke,Kvinner,60-67,antall personer,234
EliminatedValue,1,30109,2,0,0,ok-sos006,2005,Bjerke,Menn,I alt,antall personer,485
EliminatedValue,1,30109,2,1,0,ok-sos006,2005,Bjerke,Menn,18-29,antall personer,12
EliminatedValue,1,30109,2,2,0,ok-sos006,2005,Bjerke,Menn,30-39,antall personer,30
EliminatedValue,1,30109,2,3,0,ok-sos006,2005,Bjerke,Menn,40-49,antall personer,106
EliminatedValue,1,30109,2,4,0,ok-sos006,2005,Bjerke,Menn,50-59,antall personer,183
EliminatedValue,1,30109,2,5,0,ok-sos006,2005,Bjerke,Menn,60-67,antall personer,154
EliminatedValue,1,30110,0,0,0,ok-sos006,2005,Grorud,I alt,I alt,antall personer,1681
EliminatedValue,1,30110,0,1,0,ok-sos006,2005,Grorud,I alt,18-29,antall personer,29
EliminatedValue,1,30110,0,2,0,ok-sos006,2005,Grorud,I alt,30-39,antall personer,106
EliminatedValue,1,30110,0,3,0,ok-sos006,2005,Grorud,I alt,40-49,antall personer,319
EliminatedValue,1,30110,0,4,0,ok-sos006,2005,Grorud,I alt,50-59,antall personer,628
EliminatedValue,1,30110,0,5,0,ok-sos006,2005,Grorud,I alt,60-67,antall personer,599
EliminatedValue,1,30110,1,0,0,ok-sos006,2005,Grorud,Kvinner,I alt,antall personer,969
EliminatedValue,1,30110,1,1,0,ok-sos006,2005,Grorud,Kvinner,18-29,antall personer,14
EliminatedValue,1,30110,1,2,0,ok-sos006,2005,Grorud,Kvinner,30-39,antall personer,58
EliminatedValue,1,30110,1,3,0,ok-sos006,2005,Grorud,Kvinner,40-49,antall personer,162
EliminatedValue,1,30110,1,4,0,ok-sos006,2005,Grorud,Kvinner,50-59,antall personer,381
EliminatedValue,1,30110,1,5,0,ok-sos006,2005,Grorud,Kvinner,60-67,antall personer,354
EliminatedValue,1,30110,2,0,0,ok-sos006,2005,Grorud,Menn,I alt,antall personer,712
EliminatedValue,1,30110,2,1,0,ok-sos006,2005,Grorud,Menn,18-29,antall personer,15
EliminatedValue,1,30110,2,2,0,ok-sos006,2005,Grorud,Menn,30-39,antall personer,48
EliminatedValue,1,30110,2,3,0,ok-sos006,2005,Grorud,Menn,40-49,antall personer,157
EliminatedValue,1,30110,2,4,0,ok-sos006,2005,Grorud,Menn,50-59,antall personer,247
EliminatedValue,1,30110,2,5,0,ok-sos006,2005,Grorud,Menn,60-67,antall personer,245
EliminatedValue,1,30111,0,0,0,ok-sos006,2005,Stovner,I alt,I alt,antall personer,2171
EliminatedValue,1,30111,0,1,0,ok-sos006,2005,Stovner,I alt,18-29,antall personer,45
EliminatedValue,1,30111,0,2,0,ok-sos006,2005,Stovner,I alt,30-39,antall personer,139
EliminatedValue,1,30111,0,3,0,ok-sos006,2005,Stovner,I alt,40-49,antall personer,317
EliminatedValue,1,30111,0,4,0,ok-sos006,2005,Stovner,I alt,50-59,antall personer,797
EliminatedValue,1,30111,0,5,0,ok-sos006,2005,Stovner,I alt,60-67,antall personer,873
EliminatedValue,1,30111,1,0,0,ok-sos006,2005,Stovner,Kvinner,I alt,antall personer,1314
EliminatedValue,1,30111,1,1,0,ok-sos006,2005,Stovner,Kvinner,18-29,antall personer,20
EliminatedValue,1,30111,1,2,0,ok-sos006,2005,Stovner,Kvinner,30-39,antall personer,79
EliminatedValue,1,30111,1,3,0,ok-sos006,2005,Stovner,Kvinner,40-49,antall personer,185
EliminatedValue,1,30111,1,4,0,ok-sos006,2005,Stovner,Kvinner,50-59,antall personer,499
EliminatedValue,1,30111,1,5,0,ok-sos006,2005,Stovner,Kvinner,60-67,antall personer,531
EliminatedValue,1,30111,2,0,0,ok-sos006,2005,Stovner,Menn,I alt,antall personer,857
EliminatedValue,1,30111,2,1,0,ok-sos006,2005,Stovner,Menn,18-29,antall personer,25
EliminatedValue,1,30111,2,2,0,ok-sos006,2005,Stovner,Menn,30-39,antall personer,60
EliminatedValue,1,30111,2,3,0,ok-sos006,2005,Stovner,Menn,40-49,antall personer,132
EliminatedValue,1,30111,2,4,0,ok-sos006,2005,Stovner,Menn,50-59,antall personer,298
EliminatedValue,1,30111,2,5,0,ok-sos006,2005,Stovner,Menn,60-67,antall personer,342
EliminatedValue,1,30112,0,0,0,ok-sos006,2005,Alna,I alt,I alt,antall personer,3008
EliminatedValue,1,30112,0,1,0,ok-sos006,2005,Alna,I alt,18-29,antall personer,61
EliminatedValue,1,30112,0,2,0,ok-sos006,2005,Alna,I alt,30-39,antall personer,201
EliminatedValue,1,30112,0,3,0,ok-sos006,2005,Alna,I alt,40-49,antall personer,496
EliminatedValue,1,30112,0,4,0,ok-sos006,2005,Alna,I alt,50-59,antall personer,1183
EliminatedValue,1,30112,0,5,0,ok-sos006,2005,Alna,I alt,60-67,antall personer,1067
EliminatedValue,1,30112,1,0,0,ok-sos006,2005,Alna,Kvinner,I alt,antall personer,1749
EliminatedValue,1,30112,1,1,0,ok-sos006,2005,Alna,Kvinner,18-29,antall personer,25
EliminatedValue,1,30112,1,2,0,ok-sos006,2005,Alna,Kvinner,30-39,antall personer,107
EliminatedValue,1,30112,1,3,0,ok-sos006,2005,Alna,Kvinner,40-49,antall personer,289
EliminatedValue,1,30112,1,4,0,ok-sos006,2005,Alna,Kvinner,50-59,antall personer,728
EliminatedValue,1,30112,1,5,0,ok-sos006,2005,Alna,Kvinner,60-67,antall personer,600
EliminatedValue,1,30112,2,0,0,ok-sos006,2005,Alna,Menn,I alt,antall personer,1259
EliminatedValue,1,30112,2,1,0,ok-sos006,2005,Alna,Menn,18-29,antall personer,36
EliminatedValue,1,30112,2,2,0,ok-sos006,2005,Alna,Menn,30-39,antall personer,94
EliminatedValue,1,30112,2,3,0,ok-sos006,2005,Alna,Menn,40-49,antall personer,207
EliminatedValue,1,30112,2,4,0,ok-sos006,2005,Alna,Menn,50-59,antall personer,455
EliminatedValue,1,30112,2,5,0,ok-sos006,2005,Alna,Menn,60-67,antall personer,467
EliminatedValue,1,30113,0,0,0,ok-sos006,2005,Østensjø,I alt,I alt,antall personer,2227
EliminatedValue,1,30113,0,1,0,ok-sos006,2005,Østensjø,I alt,18-29,antall personer,39
EliminatedValue,1,30113,0,2,0,ok-sos006,2005,Østensjø,I alt,30-39,antall personer,132
EliminatedValue,1,30113,0,3,0,ok-sos006,2005,Østensjø,I alt,40-49,antall personer,471
EliminatedValue,1,30113,0,4,0,ok-sos006,2005,Østensjø,I alt,50-59,antall personer,778
EliminatedValue,1,30113,0,5,0,ok-sos006,2005,Østensjø,I alt,60-67,antall personer,807
EliminatedValue,1,30113,1,0,0,ok-sos006,2005,Østensjø,Kvinner,I alt,antall personer,1362
EliminatedValue,1,30113,1,1,0,ok-sos006,2005,Østensjø,Kvinner,18-29,antall personer,18
EliminatedValue,1,30113,1,2,0,ok-sos006,2005,Østensjø,Kvinner,30-39,antall personer,75
EliminatedValue,1,30113,1,3,0,ok-sos006,2005,Østensjø,Kvinner,40-49,antall personer,280
EliminatedValue,1,30113,1,4,0,ok-sos006,2005,Østensjø,Kvinner,50-59,antall personer,461
EliminatedValue,1,30113,1,5,0,ok-sos006,2005,Østensjø,Kvinner,60-67,antall personer,528
EliminatedValue,1,30113,2,0,0,ok-sos006,2005,Østensjø,Menn,I alt,antall personer,865
EliminatedValue,1,30113,2,1,0,ok-sos006,2005,Østensjø,Menn,18-29,antall personer,21
EliminatedValue,1,30113,2,2,0,ok-sos006,2005,Østensjø,Menn,30-39,antall personer,57
EliminatedValue,1,30113,2,3,0,ok-sos006,2005,Østensjø,Menn,40-49,antall personer,191
EliminatedValue,1,30113,2,4,0,ok-sos006,2005,Østensjø,Menn,50-59,antall personer,317
EliminatedValue,1,30113,2,5,0,ok-sos006,2005,Østensjø,Menn,60-67,antall personer,279
EliminatedValue,1,30114,0,0,0,ok-sos006,2005,Nordstrand,I alt,I alt,antall personer,1792
EliminatedValue,1,30114,0,1,0,ok-sos006,2005,Nordstrand,I alt,18-29,antall personer,32
EliminatedValue,1,30114,0,2,0,ok-sos006,2005,Nordstrand,I alt,30-39,antall personer,122
EliminatedValue,1,30114,0,3,0,ok-sos006,2005,Nordstrand,I alt,40-49,antall personer,282
EliminatedValue,1,30114,0,4,0,ok-sos006,2005,Nordstrand,I alt,50-59,antall personer,660
EliminatedValue,1,30114,0,5,0,ok-sos006,2005,Nordstrand,I alt,60-67,antall personer,696
EliminatedValue,1,30114,1,0,0,ok-sos006,2005,Nordstrand,Kvinner,I alt,antall personer,1105
EliminatedValue,1,30114,1,1,0,ok-sos006,2005,Nordstrand,Kvinner,18-29,antall personer,15
EliminatedValue,1,30114,1,2,0,ok-sos006,2005,Nordstrand,Kvinner,30-39,antall personer,63
EliminatedValue,1,30114,1,3,0,ok-sos006,2005,Nordstrand,Kvinner,40-49,antall personer,187
EliminatedValue,1,30114,1,4,0,ok-sos006,2005,Nordstrand,Kvinner,50-59,antall personer,412
EliminatedValue,1,30114,1,5,0,ok-sos006,2005,Nordstrand,Kvinner,60-67,antall personer,428
EliminatedValue,1,30114,2,0,0,ok-sos006,2005,Nordstrand,Menn,I alt,antall personer,687
EliminatedValue,1,30114,2,1,0,ok-sos006,2005,Nordstrand,Menn,18-29,antall personer,17
EliminatedValue,1,30114,2,2,0,ok-sos006,2005,Nordstrand,Menn,30-39,antall personer,59
EliminatedValue,1,30114,2,3,0,ok-sos006,2005,Nordstrand,Menn,40-49,antall personer,95
EliminatedValue,1,30114,2,4,0,ok-sos006,2005,Nordstrand,Menn,50-59,antall personer,248
EliminatedValue,1,30114,2,5,0,ok-sos006,2005,Nordstrand,Menn,60-67,antall personer,268
EliminatedValue,1,30115,0,0,0,ok-sos006,2005,Søndre Nordstrand,I alt,I alt,antall personer,1817
EliminatedValue,1,30115,0,1,0,ok-sos006,2005,Søndre Nordstrand,I alt,18-29,antall personer,61
EliminatedValue,1,30115,0,2,0,ok-sos006,2005,Søndre Nordstrand,I alt,30-39,antall personer,128
EliminatedValue,1,30115,0,3,0,ok-sos006,2005,Søndre Nordstrand,I alt,40-49,antall personer,389
EliminatedValue,1,30115,0,4,0,ok-sos006,2005,Søndre Nordstrand,I alt,50-59,antall personer,697
EliminatedValue,1,30115,0,5,0,ok-sos006,2005,Søndre Nordstrand,I alt,60-67,antall personer,542
EliminatedValue,1,30115,1,0,0,ok-sos006,2005,Søndre Nordstrand,Kvinner,I alt,antall personer,975
EliminatedValue,1,30115,1,1,0,ok-sos006,2005,Søndre Nordstrand,Kvinner,18-29,antall personer,27
EliminatedValue,1,30115,1,2,0,ok-sos006,2005,Søndre Nordstrand,Kvinner,30-39,antall personer,64
EliminatedValue,1,30115,1,3,0,ok-sos006,2005,Søndre Nordstrand,Kvinner,40-49,antall personer,226
EliminatedValue,1,30115,1,4,0,ok-sos006,2005,Søndre Nordstrand,Kvinner,50-59,antall personer,394
EliminatedValue,1,30115,1,5,0,ok-sos006,2005,Søndre Nordstrand,Kvinner,60-67,antall personer,264
EliminatedValue,1,30115,2,0,0,ok-sos006,2005,Søndre Nordstrand,Menn,I alt,antall personer,842
EliminatedValue,1,30115,2,1,0,ok-sos006,2005,Søndre Nordstrand,Menn,18-29,antall personer,34
EliminatedValue,1,30115,2,2,0,ok-sos006,2005,Søndre Nordstrand,Menn,30-39,antall personer,64
EliminatedValue,1,30115,2,3,0,ok-sos006,2005,Søndre Nordstrand,Menn,40-49,antall personer,163
EliminatedValue,1,30115,2,4,0,ok-sos006,2005,Søndre Nordstrand,Menn,50-59,antall personer,303
EliminatedValue,1,30115,2,5,0,ok-sos006,2005,Søndre Nordstrand,Menn,60-67,antall personer,278
EliminatedValue,1,30199,0,0,0,ok-sos006,2005,Uten registrert adresse,I alt,I alt,antall personer,217
EliminatedValue,1,30199,0,1,0,ok-sos006,2005,Uten registrert adresse,I alt,18-29,antall personer,0
EliminatedValue,1,30199,0,2,0,ok-sos006,2005,Uten registrert adresse,I alt,30-39,antall personer,29
EliminatedValue,1,30199,0,3,0,ok-sos006,2005,Uten registrert adresse,I alt,40-49,antall personer,66
EliminatedValue,1,30199,0,4,0,ok-sos006,2005,Uten registrert adresse,I alt,50-59,antall personer,76
EliminatedValue,1,30199,0,5,0,ok-sos006,2005,Uten registrert adresse,I alt,60-67,antall personer,46
EliminatedValue,1,30199,1,0,0,ok-sos006,2005,Uten registrert adresse,Kvinner,I alt,antall personer,64
EliminatedValue,1,30199,1,1,0,ok-sos006,2005,Uten registrert adresse,Kvinner,18-29,antall personer,0
EliminatedValue,1,30199,1,2,0,ok-sos006,2005,Uten registrert adresse,Kvinner,30-39,antall personer,12
EliminatedValue,1,30199,1,3,0,ok-sos006,2005,Uten registrert adresse,Kvinner,40-49,antall personer,22
EliminatedValue,1,30199,1,4,0,ok-sos006,2005,Uten registrert adresse,Kvinner,50-59,antall personer,16
EliminatedValue,1,30199,1,5,0,ok-sos006,2005,Uten registrert adresse,Kvinner,60-67,antall personer,14
EliminatedValue,1,30199,2,0,0,ok-sos006,2005,Uten registrert adresse,Menn,I alt,antall personer,153
EliminatedValue,1,30199,2,1,0,ok-sos006,2005,Uten registrert adresse,Menn,18-29,antall personer,0
EliminatedValue,1,30199,2,2,0,ok-sos006,2005,Uten registrert adresse,Menn,30-39,antall personer,17
EliminatedValue,1,30199,2,3,0,ok-sos006,2005,Uten registrert adresse,Menn,40-49,antall personer,44
EliminatedValue,1,30199,2,4,0,ok-sos006,2005,Uten registrert adresse,Menn,50-59,antall personer,60
EliminatedValue,1,30199,2,5,0,ok-sos006,2005,Uten registrert adresse,Menn,60-67,antall personer,32
EliminatedValue,1,30118195,0,0,0,ok-sos006,2005,Ukjent bydel,I alt,I alt,antall personer,
EliminatedValue,1,30118195,0,1,0,ok-sos006,2005,Ukjent bydel,I alt,18-29,antall personer,
EliminatedValue,1,30118195,0,2,0,ok-sos006,2005,Ukjent bydel,I alt,30-39,antall personer,
EliminatedValue,1,30118195,0,3,0,ok-sos006,2005,Ukjent bydel,I alt,40-49,antall personer,
EliminatedValue,1,30118195,0,4,0,ok-sos006,2005,Ukjent bydel,I alt,50-59,antall personer,
EliminatedValue,1,30118195,0,5,0,ok-sos006,2005,Ukjent bydel,I alt,60-67,antall personer,
EliminatedValue,1,30118195,1,0,0,ok-sos006,2005,Ukjent bydel,Kvinner,I alt,antall personer,
EliminatedValue,1,30118195,1,1,0,ok-sos006,2005,Ukjent bydel,Kvinner,18-29,antall personer,
EliminatedValue,1,30118195,1,2,0,ok-sos006,2005,Ukjent bydel,Kvinner,30-39,antall personer,
EliminatedValue,1,30118195,1,3,0,ok-sos006,2005,Ukjent bydel,Kvinner,40-49,antall personer,
EliminatedValue,1,30118195,1,4,0,ok-sos006,2005,Ukjent bydel,Kvinner,50-59,antall personer,
EliminatedValue,1,30118195,1,5,0,ok-sos006,2005,Ukjent bydel,Kvinner,60-67,antall personer,
EliminatedValue,1,30118195,2,0,0,ok-sos006,2005,Ukjent bydel,Menn,I alt,antall personer,
EliminatedValue,1,30118195,2,1,0,ok-sos006,2005,Ukjent bydel,Menn,18-29,antall personer,
EliminatedValue,1,30118195,2,2,0,ok-sos006,2005,Ukjent bydel,Menn,30-39,antall personer,
EliminatedValue,1,30118195,2,3,0,ok-sos006,2005,Ukjent bydel,Menn,40-49,antall personer,
EliminatedValue,1,30118195,2,4,0,ok-sos006,2005,Ukjent bydel,Menn,50-59,antall personer,
EliminatedValue,1,30118195,2,5,0,ok-sos006,2005,Ukjent bydel,Menn,60-67,antall personer,
EliminatedValue,2,301,0,0,0,ok-sos006,2006,Oslo i alt,I alt,I alt,antall personer,25418
EliminatedValue,2,301,0,1,0,ok-sos006,2006,Oslo i alt,I alt,18-29,antall personer,560
EliminatedValue,2,301,0,2,0,ok-sos006,2006,Oslo i alt,I alt,30-39,antall personer,1607
EliminatedValue,2,301,0,3,0,ok-sos006,2006,Oslo i alt,I alt,40-49,antall personer,4631
EliminatedValue,2,301,0,4,0,ok-sos006,2006,Oslo i alt,I alt,50-59,antall personer,9073
EliminatedValue,2,301,0,5,0,ok-sos006,2006,Oslo i alt,I alt,60-67,antall personer,9547
EliminatedValue,2,301,1,0,0,ok-sos006,2006,Oslo i alt,Kvinner,I alt,antall personer,14143
EliminatedValue,2,301,1,1,0,ok-sos006,2006,Oslo i alt,Kvinner,18-29,antall personer,254
EliminatedValue,2,301,1,2,0,ok-sos006,2006,Oslo i alt,Kvinner,30-39,antall personer,785
EliminatedValue,2,301,1,3,0,ok-sos006,2006,Oslo i alt,Kvinner,40-49,antall personer,2428
EliminatedValue,2,301,1,4,0,ok-sos006,2006,Oslo i alt,Kvinner,50-59,antall personer,5275
EliminatedValue,2,301,1,5,0,ok-sos006,2006,Oslo i alt,Kvinner,60-67,antall personer,5401
EliminatedValue,2,301,2,0,0,ok-sos006,2006,Oslo i alt,Menn,I alt,antall personer,11275
EliminatedValue,2,301,2,1,0,ok-sos006,2006,Oslo i alt,Menn,18-29,antall personer,306
EliminatedValue,2,301,2,2,0,ok-sos006,2006,Oslo i alt,Menn,30-39,antall personer,822
EliminatedValue,2,301,2,3,0,ok-sos006,2006,Oslo i alt,Menn,40-49,antall personer,2203
EliminatedValue,2,301,2,4,0,ok-sos006,2006,Oslo i alt,Menn,50-59,antall personer,3798
EliminatedValue,2,301,2,5,0,ok-sos006,2006,Oslo i alt,Menn,60-67,antall personer,4146
EliminatedValue,2,30101,0,0,0,ok-sos006,2006,Gamle Oslo,I alt,I alt,antall personer,1941
EliminatedValue,2,30101,0,1,0,ok-sos006,2006,Gamle Oslo,I alt,18-29,antall personer,38
EliminatedValue,2,30101,0,2,0,ok-sos006,2006,Gamle Oslo,I alt,30-39,antall personer,165
EliminatedValue,2,30101,0,3,0,ok-sos006,2006,Gamle Oslo,I alt,40-49,antall personer,419
EliminatedValue,2,30101,0,4,0,ok-sos006,2006,Gamle Oslo,I alt,50-59,antall personer,722
EliminatedValue,2,30101,0,5,0,ok-sos006,2006,Gamle Oslo,I alt,60-67,antall personer,597
EliminatedValue,2,30101,1,0,0,ok-sos006,2006,Gamle Oslo,Kvinner,I alt,antall personer,913
EliminatedValue,2,30101,1,1,0,ok-sos006,2006,Gamle Oslo,Kvinner,18-29,antall personer,22
EliminatedValue,2,30101,1,2,0,ok-sos006,2006,Gamle Oslo,Kvinner,30-39,antall personer,71
EliminatedValue,2,30101,1,3,0,ok-sos006,2006,Gamle Oslo,Kvinner,40-49,antall personer,185
EliminatedValue,2,30101,1,4,0,ok-sos006,2006,Gamle Oslo,Kvinner,50-59,antall personer,360
EliminatedValue,2,30101,1,5,0,ok-sos006,2006,Gamle Oslo,Kvinner,60-67,antall personer,275
EliminatedValue,2,30101,2,0,0,ok-sos006,2006,Gamle Oslo,Menn,I alt,antall personer,1028
EliminatedValue,2,30101,2,1,0,ok-sos006,2006,Gamle Oslo,Menn,18-29,antall personer,16
EliminatedValue,2,30101,2,2,0,ok-sos006,2006,Gamle Oslo,Menn,30-39,antall personer,94
EliminatedValue,2,30101,2,3,0,ok-sos006,2006,Gamle Oslo,Menn,40-49,antall personer,234
EliminatedValue,2,30101,2,4,0,ok-sos006,2006,Gamle Oslo,Menn,50-59,antall personer,362
EliminatedValue,2,30101,2,5,0,ok-sos006,2006,Gamle Oslo,Menn,60-67,antall personer,322
EliminatedValue,2,30102,0,0,0,ok-sos006,2006,Grünerløkka,I alt,I alt,antall personer,1882
EliminatedValue,2,30102,0,1,0,ok-sos006,2006,Grünerløkka,I alt,18-29,antall personer,32
EliminatedValue,2,30102,0,2,0,ok-sos006,2006,Grünerløkka,I alt,30-39,antall personer,148
EliminatedValue,2,30102,0,3,0,ok-sos006,2006,Grünerløkka,I alt,40-49,antall personer,424
EliminatedValue,2,30102,0,4,0,ok-sos006,2006,Grünerløkka,I alt,50-59,antall personer,691
EliminatedValue,2,30102,0,5,0,ok-sos006,2006,Grünerløkka,I alt,60-67,antall personer,587
EliminatedValue,2,30102,1,0,0,ok-sos006,2006,Grünerløkka,Kvinner,I alt,antall personer,895
EliminatedValue,2,30102,1,1,0,ok-sos006,2006,Grünerløkka,Kvinner,18-29,antall personer,14
EliminatedValue,2,30102,1,2,0,ok-sos006,2006,Grünerløkka,Kvinner,30-39,antall personer,61
EliminatedValue,2,30102,1,3,0,ok-sos006,2006,Grünerløkka,Kvinner,40-49,antall personer,189
EliminatedValue,2,30102,1,4,0,ok-sos006,2006,Grünerløkka,Kvinner,50-59,antall personer,365
EliminatedValue,2,30102,1,5,0,ok-sos006,2006,Grünerløkka,Kvinner,60-67,antall personer,266
EliminatedValue,2,30102,2,0,0,ok-sos006,2006,Grünerløkka,Menn,I alt,antall personer,987
EliminatedValue,2,30102,2,1,0,ok-sos006,2006,Grünerløkka,Menn,18-29,antall personer,18
EliminatedValue,2,30102,2,2,0,ok-sos006,2006,Grünerløkka,Menn,30-39,antall personer,87
EliminatedValue,2,30102,2,3,0,ok-sos006,2006,Grünerløkka,Menn,40-49,antall personer,235
EliminatedValue,2,30102,2,4,0,ok-sos006,2006,Grünerløkka,Menn,50-59,antall personer,326
EliminatedValue,2,30102,2,5,0,ok-sos006,2006,Grünerløkka,Menn,60-67,antall personer,321
EliminatedValue,2,30103,0,0,0,ok-sos006,2006,Sagene,I alt,I alt,antall personer,1764
EliminatedValue,2,30103,0,1,0,ok-sos006,2006,Sagene,I alt,18-29,antall personer,26
EliminatedValue,2,30103,0,2,0,ok-sos006,2006,Sagene,I alt,30-39,antall personer,111
EliminatedValue,2,30103,0,3,0,ok-sos006,2006,Sagene,I alt,40-49,antall personer,383
EliminatedValue,2,30103,0,4,0,ok-sos006,2006,Sagene,I alt,50-59,antall personer,674
EliminatedValue,2,30103,0,5,0,ok-sos006,2006,Sagene,I alt,60-67,antall personer,570
EliminatedValue,2,30103,1,0,0,ok-sos006,2006,Sagene,Kvinner,I alt,antall personer,838
EliminatedValue,2,30103,1,1,0,ok-sos006,2006,Sagene,Kvinner,18-29,antall personer,10
EliminatedValue,2,30103,1,2,0,ok-sos006,2006,Sagene,Kvinner,30-39,antall personer,50
EliminatedValue,2,30103,1,3,0,ok-sos006,2006,Sagene,Kvinner,40-49,antall personer,174
EliminatedValue,2,30103,1,4,0,ok-sos006,2006,Sagene,Kvinner,50-59,antall personer,329
EliminatedValue,2,30103,1,5,0,ok-sos006,2006,Sagene,Kvinner,60-67,antall personer,275
EliminatedValue,2,30103,2,0,0,ok-sos006,2006,Sagene,Menn,I alt,antall personer,926
EliminatedValue,2,30103,2,1,0,ok-sos006,2006,Sagene,Menn,18-29,antall personer,16
EliminatedValue,2,30103,2,2,0,ok-sos006,2006,Sagene,Menn,30-39,antall personer,61
EliminatedValue,2,30103,2,3,0,ok-sos006,2006,Sagene,Menn,40-49,antall personer,209
EliminatedValue,2,30103,2,4,0,ok-sos006,2006,Sagene,Menn,50-59,antall personer,345
EliminatedValue,2,30103,2,5,0,ok-sos006,2006,Sagene,Menn,60-67,antall personer,295
EliminatedValue,2,30104,0,0,0,ok-sos006,2006,St. Hanshaugen,I alt,I alt,antall personer,993
EliminatedValue,2,30104,0,1,0,ok-sos006,2006,St. Hanshaugen,I alt,18-29,antall personer,25
EliminatedValue,2,30104,0,2,0,ok-sos006,2006,St. Hanshaugen,I alt,30-39,antall personer,81
EliminatedValue,2,30104,0,3,0,ok-sos006,2006,St. Hanshaugen,I alt,40-49,antall personer,175
EliminatedValue,2,30104,0,4,0,ok-sos006,2006,St. Hanshaugen,I alt,50-59,antall personer,351
EliminatedValue,2,30104,0,5,0,ok-sos006,2006,St. Hanshaugen,I alt,60-67,antall personer,361
EliminatedValue,2,30104,1,0,0,ok-sos006,2006,St. Hanshaugen,Kvinner,I alt,antall personer,522
EliminatedValue,2,30104,1,1,0,ok-sos006,2006,St. Hanshaugen,Kvinner,18-29,antall personer,14
EliminatedValue,2,30104,1,2,0,ok-sos006,2006,St. Hanshaugen,Kvinner,30-39,antall personer,38
EliminatedValue,2,30104,1,3,0,ok-sos006,2006,St. Hanshaugen,Kvinner,40-49,antall personer,82
EliminatedValue,2,30104,1,4,0,ok-sos006,2006,St. Hanshaugen,Kvinner,50-59,antall personer,195
EliminatedValue,2,30104,1,5,0,ok-sos006,2006,St. Hanshaugen,Kvinner,60-67,antall personer,193
EliminatedValue,2,30104,2,0,0,ok-sos006,2006,St. Hanshaugen,Menn,I alt,antall personer,471
EliminatedValue,2,30104,2,1,0,ok-sos006,2006,St. Hanshaugen,Menn,18-29,antall personer,11
EliminatedValue,2,30104,2,2,0,ok-sos006,2006,St. Hanshaugen,Menn,30-39,antall personer,43
EliminatedValue,2,30104,2,3,0,ok-sos006,2006,St. Hanshaugen,Menn,40-49,antall personer,93
EliminatedValue,2,30104,2,4,0,ok-sos006,2006,St. Hanshaugen,Menn,50-59,antall personer,156
EliminatedValue,2,30104,2,5,0,ok-sos006,2006,St. Hanshaugen,Menn,60-67,antall personer,168
EliminatedValue,2,30105,0,0,0,ok-sos006,2006,Frogner,I alt,I alt,antall personer,1621
EliminatedValue,2,30105,0,1,0,ok-sos006,2006,Frogner,I alt,18-29,antall personer,20
EliminatedValue,2,30105,0,2,0,ok-sos006,2006,Frogner,I alt,30-39,antall personer,110
EliminatedValue,2,30105,0,3,0,ok-sos006,2006,Frogner,I alt,40-49,antall personer,231
EliminatedValue,2,30105,0,4,0,ok-sos006,2006,Frogner,I alt,50-59,antall personer,555
EliminatedValue,2,30105,0,5,0,ok-sos006,2006,Frogner,I alt,60-67,antall personer,705
EliminatedValue,2,30105,1,0,0,ok-sos006,2006,Frogner,Kvinner,I alt,antall personer,927
EliminatedValue,2,30105,1,1,0,ok-sos006,2006,Frogner,Kvinner,18-29,antall personer,8
EliminatedValue,2,30105,1,2,0,ok-sos006,2006,Frogner,Kvinner,30-39,antall personer,52
EliminatedValue,2,30105,1,3,0,ok-sos006,2006,Frogner,Kvinner,40-49,antall personer,117
EliminatedValue,2,30105,1,4,0,ok-sos006,2006,Frogner,Kvinner,50-59,antall personer,333
EliminatedValue,2,30105,1,5,0,ok-sos006,2006,Frogner,Kvinner,60-67,antall personer,417
EliminatedValue,2,30105,2,0,0,ok-sos006,2006,Frogner,Menn,I alt,antall personer,694
EliminatedValue,2,30105,2,1,0,ok-sos006,2006,Frogner,Menn,18-29,antall personer,12
EliminatedValue,2,30105,2,2,0,ok-sos006,2006,Frogner,Menn,30-39,antall personer,58
EliminatedValue,2,30105,2,3,0,ok-sos006,2006,Frogner,Menn,40-49,antall personer,114
EliminatedValue,2,30105,2,4,0,ok-sos006,2006,Frogner,Menn,50-59,antall personer,222
EliminatedValue,2,30105,2,5,0,ok-sos006,2006,Frogner,Menn,60-67,antall personer,288
EliminatedValue,2,30106,0,0,0,ok-sos006,2006,Ullern,I alt,I alt,antall personer,848
EliminatedValue,2,30106,0,1,0,ok-sos006,2006,Ullern,I alt,18-29,antall personer,32
EliminatedValue,2,30106,0,2,0,ok-sos006,2006,Ullern,I alt,30-39,antall personer,54
EliminatedValue,2,30106,0,3,0,ok-sos006,2006,Ullern,I alt,40-49,antall personer,102
EliminatedValue,2,30106,0,4,0,ok-sos006,2006,Ullern,I alt,50-59,antall personer,300
EliminatedValue,2,30106,0,5,0,ok-sos006,2006,Ullern,I alt,60-67,antall personer,360
EliminatedValue,2,30106,1,0,0,ok-sos006,2006,Ullern,Kvinner,I alt,antall personer,545
EliminatedValue,2,30106,1,1,0,ok-sos006,2006,Ullern,Kvinner,18-29,antall personer,6
EliminatedValue,2,30106,1,2,0,ok-sos006,2006,Ullern,Kvinner,30-39,antall personer,29
EliminatedValue,2,30106,1,3,0,ok-sos006,2006,Ullern,Kvinner,40-49,antall personer,65
EliminatedValue,2,30106,1,4,0,ok-sos006,2006,Ullern,Kvinner,50-59,antall personer,211
EliminatedValue,2,30106,1,5,0,ok-sos006,2006,Ullern,Kvinner,60-67,antall personer,234
EliminatedValue,2,30106,2,0,0,ok-sos006,2006,Ullern,Menn,I alt,antall personer,303
EliminatedValue,2,30106,2,1,0,ok-sos006,2006,Ullern,Menn,18-29,antall personer,26
EliminatedValue,2,30106,2,2,0,ok-sos006,2006,Ullern,Menn,30-39,antall personer,25
EliminatedValue,2,30106,2,3,0,ok-sos006,2006,Ullern,Menn,40-49,antall personer,37
EliminatedValue,2,30106,2,4,0,ok-sos006,2006,Ullern,Menn,50-59,antall personer,89
EliminatedValue,2,30106,2,5,0,ok-sos006,2006,Ullern,Menn,60-67,antall personer,126
EliminatedValue,2,30107,0,0,0,ok-sos006,2006,Vestre Aker,I alt,I alt,antall personer,1229
EliminatedValue,2,30107,0,1,0,ok-sos006,2006,Vestre Aker,I alt,18-29,antall personer,45
EliminatedValue,2,30107,0,2,0,ok-sos006,2006,Vestre Aker,I alt,30-39,antall personer,58
EliminatedValue,2,30107,0,3,0,ok-sos006,2006,Vestre Aker,I alt,40-49,antall personer,188
EliminatedValue,2,30107,0,4,0,ok-sos006,2006,Vestre Aker,I alt,50-59,antall personer,410
EliminatedValue,2,30107,0,5,0,ok-sos006,2006,Vestre Aker,I alt,60-67,antall personer,528
EliminatedValue,2,30107,1,0,0,ok-sos006,2006,Vestre Aker,Kvinner,I alt,antall personer,758
EliminatedValue,2,30107,1,1,0,ok-sos006,2006,Vestre Aker,Kvinner,18-29,antall personer,16
EliminatedValue,2,30107,1,2,0,ok-sos006,2006,Vestre Aker,Kvinner,30-39,antall personer,29
EliminatedValue,2,30107,1,3,0,ok-sos006,2006,Vestre Aker,Kvinner,40-49,antall personer,113
EliminatedValue,2,30107,1,4,0,ok-sos006,2006,Vestre Aker,Kvinner,50-59,antall personer,280
EliminatedValue,2,30107,1,5,0,ok-sos006,2006,Vestre Aker,Kvinner,60-67,antall personer,320
EliminatedValue,2,30107,2,0,0,ok-sos006,2006,Vestre Aker,Menn,I alt,antall personer,471
EliminatedValue,2,30107,2,1,0,ok-sos006,2006,Vestre Aker,Menn,18-29,antall personer,29
EliminatedValue,2,30107,2,2,0,ok-sos006,2006,Vestre Aker,Menn,30-39,antall personer,29
EliminatedValue,2,30107,2,3,0,ok-sos006,2006,Vestre Aker,Menn,40-49,antall personer,75
EliminatedValue,2,30107,2,4,0,ok-sos006,2006,Vestre Aker,Menn,50-59,antall personer,130
EliminatedValue,2,30107,2,5,0,ok-sos006,2006,Vestre Aker,Menn,60-67,antall personer,208
EliminatedValue,2,30108,0,0,0,ok-sos006,2006,Nordre Aker,I alt,I alt,antall personer,1269
EliminatedValue,2,30108,0,1,0,ok-sos006,2006,Nordre Aker,I alt,18-29,antall personer,39
EliminatedValue,2,30108,0,2,0,ok-sos006,2006,Nordre Aker,I alt,30-39,antall personer,80
EliminatedValue,2,30108,0,3,0,ok-sos006,2006,Nordre Aker,I alt,40-49,antall personer,209
EliminatedValue,2,30108,0,4,0,ok-sos006,2006,Nordre Aker,I alt,50-59,antall personer,433
EliminatedValue,2,30108,0,5,0,ok-sos006,2006,Nordre Aker,I alt,60-67,antall personer,508
EliminatedValue,2,30108,1,0,0,ok-sos006,2006,Nordre Aker,Kvinner,I alt,antall personer,754
EliminatedValue,2,30108,1,1,0,ok-sos006,2006,Nordre Aker,Kvinner,18-29,antall personer,21
EliminatedValue,2,30108,1,2,0,ok-sos006,2006,Nordre Aker,Kvinner,30-39,antall personer,37
EliminatedValue,2,30108,1,3,0,ok-sos006,2006,Nordre Aker,Kvinner,40-49,antall personer,119
EliminatedValue,2,30108,1,4,0,ok-sos006,2006,Nordre Aker,Kvinner,50-59,antall personer,258
EliminatedValue,2,30108,1,5,0,ok-sos006,2006,Nordre Aker,Kvinner,60-67,antall personer,319
EliminatedValue,2,30108,2,0,0,ok-sos006,2006,Nordre Aker,Menn,I alt,antall personer,515
EliminatedValue,2,30108,2,1,0,ok-sos006,2006,Nordre Aker,Menn,18-29,antall personer,18
EliminatedValue,2,30108,2,2,0,ok-sos006,2006,Nordre Aker,Menn,30-39,antall personer,43
EliminatedValue,2,30108,2,3,0,ok-sos006,2006,Nordre Aker,Menn,40-49,antall personer,90
EliminatedValue,2,30108,2,4,0,ok-sos006,2006,Nordre Aker,Menn,50-59,antall personer,175
EliminatedValue,2,30108,2,5,0,ok-sos006,2006,Nordre Aker,Menn,60-67,antall personer,189
EliminatedValue,2,30109,0,0,0,ok-sos006,2006,Bjerke,I alt,I alt,antall personer,1130
EliminatedValue,2,30109,0,1,0,ok-sos006,2006,Bjerke,I alt,18-29,antall personer,38
EliminatedValue,2,30109,0,2,0,ok-sos006,2006,Bjerke,I alt,30-39,antall personer,64
EliminatedValue,2,30109,0,3,0,ok-sos006,2006,Bjerke,I alt,40-49,antall personer,226
EliminatedValue,2,30109,0,4,0,ok-sos006,2006,Bjerke,I alt,50-59,antall personer,378
EliminatedValue,2,30109,0,5,0,ok-sos006,2006,Bjerke,I alt,60-67,antall personer,424
EliminatedValue,2,30109,1,0,0,ok-sos006,2006,Bjerke,Kvinner,I alt,antall personer,643
EliminatedValue,2,30109,1,1,0,ok-sos006,2006,Bjerke,Kvinner,18-29,antall personer,21
EliminatedValue,2,30109,1,2,0,ok-sos006,2006,Bjerke,Kvinner,30-39,antall personer,31
EliminatedValue,2,30109,1,3,0,ok-sos006,2006,Bjerke,Kvinner,40-49,antall personer,117
EliminatedValue,2,30109,1,4,0,ok-sos006,2006,Bjerke,Kvinner,50-59,antall personer,212
EliminatedValue,2,30109,1,5,0,ok-sos006,2006,Bjerke,Kvinner,60-67,antall personer,262
EliminatedValue,2,30109,2,0,0,ok-sos006,2006,Bjerke,Menn,I alt,antall personer,487
EliminatedValue,2,30109,2,1,0,ok-sos006,2006,Bjerke,Menn,18-29,antall personer,17
EliminatedValue,2,30109,2,2,0,ok-sos006,2006,Bjerke,Menn,30-39,antall personer,33
EliminatedValue,2,30109,2,3,0,ok-sos006,2006,Bjerke,Menn,40-49,antall personer,109
EliminatedValue,2,30109,2,4,0,ok-sos006,2006,Bjerke,Menn,50-59,antall personer,166
EliminatedValue,2,30109,2,5,0,ok-sos006,2006,Bjerke,Menn,60-67,antall personer,162
EliminatedValue,2,30110,0,0,0,ok-sos006,2006,Grorud,I alt,I alt,antall personer,1645
EliminatedValue,2,30110,0,1,0,ok-sos006,2006,Grorud,I alt,18-29,antall personer,27
EliminatedValue,2,30110,0,2,0,ok-sos006,2006,Grorud,I alt,30-39,antall personer,91
EliminatedValue,2,30110,0,3,0,ok-sos006,2006,Grorud,I alt,40-49,antall personer,311
EliminatedValue,2,30110,0,4,0,ok-sos006,2006,Grorud,I alt,50-59,antall personer,584
EliminatedValue,2,30110,0,5,0,ok-sos006,2006,Grorud,I alt,60-67,antall personer,632
EliminatedValue,2,30110,1,0,0,ok-sos006,2006,Grorud,Kvinner,I alt,antall personer,949
EliminatedValue,2,30110,1,1,0,ok-sos006,2006,Grorud,Kvinner,18-29,antall personer,14
EliminatedValue,2,30110,1,2,0,ok-sos006,2006,Grorud,Kvinner,30-39,antall personer,49
EliminatedValue,2,30110,1,3,0,ok-sos006,2006,Grorud,Kvinner,40-49,antall personer,170
EliminatedValue,2,30110,1,4,0,ok-sos006,2006,Grorud,Kvinner,50-59,antall personer,348
EliminatedValue,2,30110,1,5,0,ok-sos006,2006,Grorud,Kvinner,60-67,antall personer,368
EliminatedValue,2,30110,2,0,0,ok-sos006,2006,Grorud,Menn,I alt,antall personer,696
EliminatedValue,2,30110,2,1,0,ok-sos006,2006,Grorud,Menn,18-29,antall personer,13
EliminatedValue,2,30110,2,2,0,ok-sos006,2006,Grorud,Menn,30-39,antall personer,42
EliminatedValue,2,30110,2,3,0,ok-sos006,2006,Grorud,Menn,40-49,antall personer,141
EliminatedValue,2,30110,2,4,0,ok-sos006,2006,Grorud,Menn,50-59,antall personer,236
EliminatedValue,2,30110,2,5,0,ok-sos006,2006,Grorud,Menn,60-67,antall personer,264
EliminatedValue,2,30111,0,0,0,ok-sos006,2006,Stovner,I alt,I alt,antall personer,2108
EliminatedValue,2,30111,0,1,0,ok-sos006,2006,Stovner,I alt,18-29,antall personer,45
EliminatedValue,2,30111,0,2,0,ok-sos006,2006,Stovner,I alt,30-39,antall personer,122
EliminatedValue,2,30111,0,3,0,ok-sos006,2006,Stovner,I alt,40-49,antall personer,320
EliminatedValue,2,30111,0,4,0,ok-sos006,2006,Stovner,I alt,50-59,antall personer,719
EliminatedValue,2,30111,0,5,0,ok-sos006,2006,Stovner,I alt,60-67,antall personer,902
EliminatedValue,2,30111,1,0,0,ok-sos006,2006,Stovner,Kvinner,I alt,antall personer,1267
EliminatedValue,2,30111,1,1,0,ok-sos006,2006,Stovner,Kvinner,18-29,antall personer,18
EliminatedValue,2,30111,1,2,0,ok-sos006,2006,Stovner,Kvinner,30-39,antall personer,67
EliminatedValue,2,30111,1,3,0,ok-sos006,2006,Stovner,Kvinner,40-49,antall personer,182
EliminatedValue,2,30111,1,4,0,ok-sos006,2006,Stovner,Kvinner,50-59,antall personer,459
EliminatedValue,2,30111,1,5,0,ok-sos006,2006,Stovner,Kvinner,60-67,antall personer,541
EliminatedValue,2,30111,2,0,0,ok-sos006,2006,Stovner,Menn,I alt,antall personer,841
EliminatedValue,2,30111,2,1,0,ok-sos006,2006,Stovner,Menn,18-29,antall personer,27
EliminatedValue,2,30111,2,2,0,ok-sos006,2006,Stovner,Menn,30-39,antall personer,55
EliminatedValue,2,30111,2,3,0,ok-sos006,2006,Stovner,Menn,40-49,antall personer,138
EliminatedValue,2,30111,2,4,0,ok-sos006,2006,Stovner,Menn,50-59,antall personer,260
EliminatedValue,2,30111,2,5,0,ok-sos006,2006,Stovner,Menn,60-67,antall personer,361
EliminatedValue,2,30112,0,0,0,ok-sos006,2006,Alna,I alt,I alt,antall personer,2973
EliminatedValue,2,30112,0,1,0,ok-sos006,2006,Alna,I alt,18-29,antall personer,66
EliminatedValue,2,30112,0,2,0,ok-sos006,2006,Alna,I alt,30-39,antall personer,169
EliminatedValue,2,30112,0,3,0,ok-sos006,2006,Alna,I alt,40-49,antall personer,483
EliminatedValue,2,30112,0,4,0,ok-sos006,2006,Alna,I alt,50-59,antall personer,1130
EliminatedValue,2,30112,0,5,0,ok-sos006,2006,Alna,I alt,60-67,antall personer,1125
EliminatedValue,2,30112,1,0,0,ok-sos006,2006,Alna,Kvinner,I alt,antall personer,1691
EliminatedValue,2,30112,1,1,0,ok-sos006,2006,Alna,Kvinner,18-29,antall personer,30
EliminatedValue,2,30112,1,2,0,ok-sos006,2006,Alna,Kvinner,30-39,antall personer,84
EliminatedValue,2,30112,1,3,0,ok-sos006,2006,Alna,Kvinner,40-49,antall personer,259
EliminatedValue,2,30112,1,4,0,ok-sos006,2006,Alna,Kvinner,50-59,antall personer,687
EliminatedValue,2,30112,1,5,0,ok-sos006,2006,Alna,Kvinner,60-67,antall personer,631
EliminatedValue,2,30112,2,0,0,ok-sos006,2006,Alna,Menn,I alt,antall personer,1282
EliminatedValue,2,30112,2,1,0,ok-sos006,2006,Alna,Menn,18-29,antall personer,36
EliminatedValue,2,30112,2,2,0,ok-sos006,2006,Alna,Menn,30-39,antall personer,85
EliminatedValue,2,30112,2,3,0,ok-sos006,2006,Alna,Menn,40-49,antall personer,224
EliminatedValue,2,30112,2,4,0,ok-sos006,2006,Alna,Menn,50-59,antall personer,443
EliminatedValue,2,30112,2,5,0,ok-sos006,2006,Alna,Menn,60-67,antall personer,494
EliminatedValue,2,30113,0,0,0,ok-sos006,2006,Østensjø,I alt,I alt,antall personer,2187
EliminatedValue,2,30113,0,1,0,ok-sos006,2006,Østensjø,I alt,18-29,antall personer,36
EliminatedValue,2,30113,0,2,0,ok-sos006,2006,Østensjø,I alt,30-39,antall personer,117
EliminatedValue,2,30113,0,3,0,ok-sos006,2006,Østensjø,I alt,40-49,antall personer,439
EliminatedValue,2,30113,0,4,0,ok-sos006,2006,Østensjø,I alt,50-59,antall personer,767
EliminatedValue,2,30113,0,5,0,ok-sos006,2006,Østensjø,I alt,60-67,antall personer,828
EliminatedValue,2,30113,1,0,0,ok-sos006,2006,Østensjø,Kvinner,I alt,antall personer,1309
EliminatedValue,2,30113,1,1,0,ok-sos006,2006,Østensjø,Kvinner,18-29,antall personer,17
EliminatedValue,2,30113,1,2,0,ok-sos006,2006,Østensjø,Kvinner,30-39,antall personer,67
EliminatedValue,2,30113,1,3,0,ok-sos006,2006,Østensjø,Kvinner,40-49,antall personer,256
EliminatedValue,2,30113,1,4,0,ok-sos006,2006,Østensjø,Kvinner,50-59,antall personer,453
EliminatedValue,2,30113,1,5,0,ok-sos006,2006,Østensjø,Kvinner,60-67,antall personer,516
EliminatedValue,2,30113,2,0,0,ok-sos006,2006,Østensjø,Menn,I alt,antall personer,878
EliminatedValue,2,30113,2,1,0,ok-sos006,2006,Østensjø,Menn,18-29,antall personer,19
EliminatedValue,2,30113,2,2,0,ok-sos006,2006,Østensjø,Menn,30-39,antall personer,50
EliminatedValue,2,30113,2,3,0,ok-sos006,2006,Østensjø,Menn,40-49,antall personer,183
EliminatedValue,2,30113,2,4,0,ok-sos006,2006,Østensjø,Menn,50-59,antall personer,314
EliminatedValue,2,30113,2,5,0,ok-sos006,2006,Østensjø,Menn,60-67,antall personer,312
EliminatedValue,2,30114,0,0,0,ok-sos006,2006,Nordstrand,I alt,I alt,antall personer,1806
EliminatedValue,2,30114,0,1,0,ok-sos006,2006,Nordstrand,I alt,18-29,antall personer,36
EliminatedValue,2,30114,0,2,0,ok-sos006,2006,Nordstrand,I alt,30-39,antall personer,103
EliminatedValue,2,30114,0,3,0,ok-sos006,2006,Nordstrand,I alt,40-49,antall personer,284
EliminatedValue,2,30114,0,4,0,ok-sos006,2006,Nordstrand,I alt,50-59,antall personer,622
EliminatedValue,2,30114,0,5,0,ok-sos006,2006,Nordstrand,I alt,60-67,antall personer,761
EliminatedValue,2,30114,1,0,0,ok-sos006,2006,Nordstrand,Kvinner,I alt,antall personer,1102
EliminatedValue,2,30114,1,1,0,ok-sos006,2006,Nordstrand,Kvinner,18-29,antall personer,17
EliminatedValue,2,30114,1,2,0,ok-sos006,2006,Nordstrand,Kvinner,30-39,antall personer,55
EliminatedValue,2,30114,1,3,0,ok-sos006,2006,Nordstrand,Kvinner,40-49,antall personer,178
EliminatedValue,2,30114,1,4,0,ok-sos006,2006,Nordstrand,Kvinner,50-59,antall personer,384
EliminatedValue,2,30114,1,5,0,ok-sos006,2006,Nordstrand,Kvinner,60-67,antall personer,468
EliminatedValue,2,30114,2,0,0,ok-sos006,2006,Nordstrand,Menn,I alt,antall personer,704
EliminatedValue,2,30114,2,1,0,ok-sos006,2006,Nordstrand,Menn,18-29,antall personer,19
EliminatedValue,2,30114,2,2,0,ok-sos006,2006,Nordstrand,Menn,30-39,antall personer,48
EliminatedValue,2,30114,2,3,0,ok-sos006,2006,Nordstrand,Menn,40-49,antall personer,106
EliminatedValue,2,30114,2,4,0,ok-sos006,2006,Nordstrand,Menn,50-59,antall personer,238
EliminatedValue,2,30114,2,5,0,ok-sos006,2006,Nordstrand,Menn,60-67,antall personer,293
EliminatedValue,2,30115,0,0,0,ok-sos006,2006,Søndre Nordstrand,I alt,I alt,antall personer,1822
EliminatedValue,2,30115,0,1,0,ok-sos006,2006,Søndre Nordstrand,I alt,18-29,antall personer,55
EliminatedValue,2,30115,0,2,0,ok-sos006,2006,Søndre Nordstrand,I alt,30-39,antall personer,121
EliminatedValue,2,30115,0,3,0,ok-sos006,2006,Søndre Nordstrand,I alt,40-49,antall personer,370
EliminatedValue,2,30115,0,4,0,ok-sos006,2006,Søndre Nordstrand,I alt,50-59,antall personer,668
EliminatedValue,2,30115,0,5,0,ok-sos006,2006,Søndre Nordstrand,I alt,60-67,antall personer,608
EliminatedValue,2,30115,1,0,0,ok-sos006,2006,Søndre Nordstrand,Kvinner,I alt,antall personer,975
EliminatedValue,2,30115,1,1,0,ok-sos006,2006,Søndre Nordstrand,Kvinner,18-29,antall personer,26
EliminatedValue,2,30115,1,2,0,ok-sos006,2006,Søndre Nordstrand,Kvinner,30-39,antall personer,62
EliminatedValue,2,30115,1,3,0,ok-sos006,2006,Søndre Nordstrand,Kvinner,40-49,antall personer,202
EliminatedValue,2,30115,1,4,0,ok-sos006,2006,Søndre Nordstrand,Kvinner,50-59,antall personer,384
EliminatedValue,2,30115,1,5,0,ok-sos006,2006,Søndre Nordstrand,Kvinner,60-67,antall personer,301
EliminatedValue,2,30115,2,0,0,ok-sos006,2006,Søndre Nordstrand,Menn,I alt,antall personer,847
EliminatedValue,2,30115,2,1,0,ok-sos006,2006,Søndre Nordstrand,Menn,18-29,antall personer,29
EliminatedValue,2,30115,2,2,0,ok-sos006,2006,Søndre Nordstrand,Menn,30-39,antall personer,59
EliminatedValue,2,30115,2,3,0,ok-sos006,2006,Søndre Nordstrand,Menn,40-49,antall personer,168
EliminatedValue,2,30115,2,4,0,ok-sos006,2006,Søndre Nordstrand,Menn,50-59,antall personer,284
EliminatedValue,2,30115,2,5,0,ok-sos006,2006,Søndre Nordstrand,Menn,60-67,antall personer,307
EliminatedValue,2,30199,0,0,0,ok-sos006,2006,Uten registrert adresse,I alt,I alt,antall personer,200
EliminatedValue,2,30199,0,1,0,ok-sos006,2006,Uten registrert adresse,I alt,18-29,antall personer,0
EliminatedValue,2,30199,0,2,0,ok-sos006,2006,Uten registrert adresse,I alt,30-39,antall personer,13
EliminatedValue,2,30199,0,3,0,ok-sos006,2006,Uten registrert adresse,I alt,40-49,antall personer,67
EliminatedValue,2,30199,0,4,0,ok-sos006,2006,Uten registrert adresse,I alt,50-59,antall personer,69
EliminatedValue,2,30199,0,5,0,ok-sos006,2006,Uten registrert adresse,I alt,60-67,antall personer,51
EliminatedValue,2,30199,1,0,0,ok-sos006,2006,Uten registrert adresse,Kvinner,I alt,antall personer,55
EliminatedValue,2,30199,1,1,0,ok-sos006,2006,Uten registrert adresse,Kvinner,18-29,antall personer,0
EliminatedValue,2,30199,1,2,0,ok-sos006,2006,Uten registrert adresse,Kvinner,30-39,antall personer,3
EliminatedValue,2,30199,1,3,0,ok-sos006,2006,Uten registrert adresse,Kvinner,40-49,antall personer,20
EliminatedValue,2,30199,1,4,0,ok-sos006,2006,Uten registrert adresse,Kvinner,50-59,antall personer,17
EliminatedValue,2,30199,1,5,0,ok-sos006,2006,Uten registrert adresse,Kvinner,60-67,antall personer,15
EliminatedValue,2,30199,2,0,0,ok-sos006,2006,Uten registrert adresse,Menn,I alt,antall personer,145
EliminatedValue,2,30199,2,1,0,ok-sos006,2006,Uten registrert adresse,Menn,18-29,antall personer,0
EliminatedValue,2,30199,2,2,0,ok-sos006,2006,Uten registrert adresse,Menn,30-39,antall personer,10
EliminatedValue,2,30199,2,3,0,ok-sos006,2006,Uten registrert adresse,Menn,40-49,antall personer,47
EliminatedValue,2,30199,2,4,0,ok-sos006,2006,Uten registrert adresse,Menn,50-59,antall personer,52
EliminatedValue,2,30199,2,5,0,ok-sos006,2006,Uten registrert adresse,Menn,60-67,antall personer,36
EliminatedValue,2,30118195,0,0,0,ok-sos006,2006,Ukjent bydel,I alt,I alt,antall personer,
EliminatedValue,2,30118195,0,1,0,ok-sos006,2006,Ukjent bydel,I alt,18-29,antall personer,
EliminatedValue,2,30118195,0,2,0,ok-sos006,2006,Ukjent bydel,I alt,30-39,antall personer,
EliminatedValue,2,30118195,0,3,0,ok-sos006,2006,Ukjent bydel,I alt,40-49,antall personer,
EliminatedValue,2,30118195,0,4,0,ok-sos006,2006,Ukjent bydel,I alt,50-59,antall personer,
EliminatedValue,2,30118195,0,5,0,ok-sos006,2006,Ukjent bydel,I alt,60-67,antall personer,
EliminatedValue,2,30118195,1,0,0,ok-sos006,2006,Ukjent bydel,Kvinner,I alt,antall personer,
EliminatedValue,2,30118195,1,1,0,ok-sos006,2006,Ukjent bydel,Kvinner,18-29,antall personer,
EliminatedValue,2,30118195,1,2,0,ok-sos006,2006,Ukjent bydel,Kvinner,30-39,antall personer,
EliminatedValue,2,30118195,1,3,0,ok-sos006,2006,Ukjent bydel,Kvinner,40-49,antall personer,
EliminatedValue,2,30118195,1,4,0,ok-sos006,2006,Ukjent bydel,Kvinner,50-59,antall personer,
EliminatedValue,2,30118195,1,5,0,ok-sos006,2006,Ukjent bydel,Kvinner,60-67,antall personer,
EliminatedValue,2,30118195,2,0,0,ok-sos006,2006,Ukjent bydel,Menn,I alt,antall personer,
EliminatedValue,2,30118195,2,1,0,ok-sos006,2006,Ukjent bydel,Menn,18-29,antall personer,
EliminatedValue,2,30118195,2,2,0,ok-sos006,2006,Ukjent bydel,Menn,30-39,antall personer,
EliminatedValue,2,30118195,2,3,0,ok-sos006,2006,Ukjent bydel,Menn,40-49,antall personer,
EliminatedValue,2,30118195,2,4,0,ok-sos006,2006,Ukjent bydel,Menn,50-59,antall personer,
EliminatedValue,2,30118195,2,5,0,ok-sos006,2006,Ukjent bydel,Menn,60-67,antall personer,
EliminatedValue,3,301,0,0,0,ok-sos006,2007,Oslo i alt,I alt,I alt,antall personer,24833
EliminatedValue,3,301,0,1,0,ok-sos006,2007,Oslo i alt,I alt,18-29,antall personer,556
EliminatedValue,3,301,0,2,0,ok-sos006,2007,Oslo i alt,I alt,30-39,antall personer,1423
EliminatedValue,3,301,0,3,0,ok-sos006,2007,Oslo i alt,I alt,40-49,antall personer,4376
EliminatedValue,3,301,0,4,0,ok-sos006,2007,Oslo i alt,I alt,50-59,antall personer,8659
EliminatedValue,3,301,0,5,0,ok-sos006,2007,Oslo i alt,I alt,60-67,antall personer,9819
EliminatedValue,3,301,1,0,0,ok-sos006,2007,Oslo i alt,Kvinner,I alt,antall personer,13780
EliminatedValue,3,301,1,1,0,ok-sos006,2007,Oslo i alt,Kvinner,18-29,antall personer,250
EliminatedValue,3,301,1,2,0,ok-sos006,2007,Oslo i alt,Kvinner,30-39,antall personer,679
EliminatedValue,3,301,1,3,0,ok-sos006,2007,Oslo i alt,Kvinner,40-49,antall personer,2268
EliminatedValue,3,301,1,4,0,ok-sos006,2007,Oslo i alt,Kvinner,50-59,antall personer,5008
EliminatedValue,3,301,1,5,0,ok-sos006,2007,Oslo i alt,Kvinner,60-67,antall personer,5575
EliminatedValue,3,301,2,0,0,ok-sos006,2007,Oslo i alt,Menn,I alt,antall personer,11053
EliminatedValue,3,301,2,1,0,ok-sos006,2007,Oslo i alt,Menn,18-29,antall personer,306
EliminatedValue,3,301,2,2,0,ok-sos006,2007,Oslo i alt,Menn,30-39,antall personer,744
EliminatedValue,3,301,2,3,0,ok-sos006,2007,Oslo i alt,Menn,40-49,antall personer,2108
EliminatedValue,3,301,2,4,0,ok-sos006,2007,Oslo i alt,Menn,50-59,antall personer,3651
EliminatedValue,3,301,2,5,0,ok-sos006,2007,Oslo i alt,Menn,60-67,antall personer,4244
EliminatedValue,3,30101,0,0,0,ok-sos006,2007,Gamle Oslo,I alt,I alt,antall personer,1899
EliminatedValue,3,30101,0,1,0,ok-sos006,2007,Gamle Oslo,I alt,18-29,antall personer,34
EliminatedValue,3,30101,0,2,0,ok-sos006,2007,Gamle Oslo,I alt,30-39,antall personer,150
EliminatedValue,3,30101,0,3,0,ok-sos006,2007,Gamle Oslo,I alt,40-49,antall personer,381
EliminatedValue,3,30101,0,4,0,ok-sos006,2007,Gamle Oslo,I alt,50-59,antall personer,717
EliminatedValue,3,30101,0,5,0,ok-sos006,2007,Gamle Oslo,I alt,60-67,antall personer,617
EliminatedValue,3,30101,1,0,0,ok-sos006,2007,Gamle Oslo,Kvinner,I alt,antall personer,889
EliminatedValue,3,30101,1,1,0,ok-sos006,2007,Gamle Oslo,Kvinner,18-29,antall personer,15
EliminatedValue,3,30101,1,2,0,ok-sos006,2007,Gamle Oslo,Kvinner,30-39,antall personer,70
EliminatedValue,3,30101,1,3,0,ok-sos006,2007,Gamle Oslo,Kvinner,40-49,antall personer,160
EliminatedValue,3,30101,1,4,0,ok-sos006,2007,Gamle Oslo,Kvinner,50-59,antall personer,358
EliminatedValue,3,30101,1,5,0,ok-sos006,2007,Gamle Oslo,Kvinner,60-67,antall personer,286
EliminatedValue,3,30101,2,0,0,ok-sos006,2007,Gamle Oslo,Menn,I alt,antall personer,1010
EliminatedValue,3,30101,2,1,0,ok-sos006,2007,Gamle Oslo,Menn,18-29,antall personer,19
EliminatedValue,3,30101,2,2,0,ok-sos006,2007,Gamle Oslo,Menn,30-39,antall personer,80
EliminatedValue,3,30101,2,3,0,ok-sos006,2007,Gamle Oslo,Menn,40-49,antall personer,221
EliminatedValue,3,30101,2,4,0,ok-sos006,2007,Gamle Oslo,Menn,50-59,antall personer,359
EliminatedValue,3,30101,2,5,0,ok-sos006,2007,Gamle Oslo,Menn,60-67,antall personer,331
EliminatedValue,3,30102,0,0,0,ok-sos006,2007,Grünerløkka,I alt,I alt,antall personer,1763
EliminatedValue,3,30102,0,1,0,ok-sos006,2007,Grünerløkka,I alt,18-29,antall personer,25
EliminatedValue,3,30102,0,2,0,ok-sos006,2007,Grünerløkka,I alt,30-39,antall personer,121
EliminatedValue,3,30102,0,3,0,ok-sos006,2007,Grünerløkka,I alt,40-49,antall personer,395
EliminatedValue,3,30102,0,4,0,ok-sos006,2007,Grünerløkka,I alt,50-59,antall personer,636
EliminatedValue,3,30102,0,5,0,ok-sos006,2007,Grünerløkka,I alt,60-67,antall personer,586
EliminatedValue,3,30102,1,0,0,ok-sos006,2007,Grünerløkka,Kvinner,I alt,antall personer,842
EliminatedValue,3,30102,1,1,0,ok-sos006,2007,Grünerløkka,Kvinner,18-29,antall personer,8
EliminatedValue,3,30102,1,2,0,ok-sos006,2007,Grünerløkka,Kvinner,30-39,antall personer,52
EliminatedValue,3,30102,1,3,0,ok-sos006,2007,Grünerløkka,Kvinner,40-49,antall personer,171
EliminatedValue,3,30102,1,4,0,ok-sos006,2007,Grünerløkka,Kvinner,50-59,antall personer,336
EliminatedValue,3,30102,1,5,0,ok-sos006,2007,Grünerløkka,Kvinner,60-67,antall personer,275
EliminatedValue,3,30102,2,0,0,ok-sos006,2007,Grünerløkka,Menn,I alt,antall personer,921
EliminatedValue,3,30102,2,1,0,ok-sos006,2007,Grünerløkka,Menn,18-29,antall personer,17
EliminatedValue,3,30102,2,2,0,ok-sos006,2007,Grünerløkka,Menn,30-39,antall personer,69
EliminatedValue,3,30102,2,3,0,ok-sos006,2007,Grünerløkka,Menn,40-49,antall personer,224
EliminatedValue,3,30102,2,4,0,ok-sos006,2007,Grünerløkka,Menn,50-59,antall personer,300
EliminatedValue,3,30102,2,5,0,ok-sos006,2007,Grünerløkka,Menn,60-67,antall personer,311
EliminatedValue,3,30103,0,0,0,ok-sos006,2007,Sagene,I alt,I alt,antall personer,1736
EliminatedValue,3,30103,0,1,0,ok-sos006,2007,Sagene,I alt,18-29,antall personer,23
EliminatedValue,3,30103,0,2,0,ok-sos006,2007,Sagene,I alt,30-39,antall personer,101
EliminatedValue,3,30103,0,3,0,ok-sos006,2007,Sagene,I alt,40-49,antall personer,380
EliminatedValue,3,30103,0,4,0,ok-sos006,2007,Sagene,I alt,50-59,antall personer,637
EliminatedValue,3,30103,0,5,0,ok-sos006,2007,Sagene,I alt,60-67,antall personer,595
EliminatedValue,3,30103,1,0,0,ok-sos006,2007,Sagene,Kvinner,I alt,antall personer,821
EliminatedValue,3,30103,1,1,0,ok-sos006,2007,Sagene,Kvinner,18-29,antall personer,10
EliminatedValue,3,30103,1,2,0,ok-sos006,2007,Sagene,Kvinner,30-39,antall personer,40
EliminatedValue,3,30103,1,3,0,ok-sos006,2007,Sagene,Kvinner,40-49,antall personer,178
EliminatedValue,3,30103,1,4,0,ok-sos006,2007,Sagene,Kvinner,50-59,antall personer,304
EliminatedValue,3,30103,1,5,0,ok-sos006,2007,Sagene,Kvinner,60-67,antall personer,289
EliminatedValue,3,30103,2,0,0,ok-sos006,2007,Sagene,Menn,I alt,antall personer,915
EliminatedValue,3,30103,2,1,0,ok-sos006,2007,Sagene,Menn,18-29,antall personer,13
EliminatedValue,3,30103,2,2,0,ok-sos006,2007,Sagene,Menn,30-39,antall personer,61
EliminatedValue,3,30103,2,3,0,ok-sos006,2007,Sagene,Menn,40-49,antall personer,202
EliminatedValue,3,30103,2,4,0,ok-sos006,2007,Sagene,Menn,50-59,antall personer,333
EliminatedValue,3,30103,2,5,0,ok-sos006,2007,Sagene,Menn,60-67,antall personer,306
EliminatedValue,3,30104,0,0,0,ok-sos006,2007,St. Hanshaugen,I alt,I alt,antall personer,956
EliminatedValue,3,30104,0,1,0,ok-sos006,2007,St. Hanshaugen,I alt,18-29,antall personer,21
EliminatedValue,3,30104,0,2,0,ok-sos006,2007,St. Hanshaugen,I alt,30-39,antall personer,58
EliminatedValue,3,30104,0,3,0,ok-sos006,2007,St. Hanshaugen,I alt,40-49,antall personer,165
EliminatedValue,3,30104,0,4,0,ok-sos006,2007,St. Hanshaugen,I alt,50-59,antall personer,349
EliminatedValue,3,30104,0,5,0,ok-sos006,2007,St. Hanshaugen,I alt,60-67,antall personer,363
EliminatedValue,3,30104,1,0,0,ok-sos006,2007,St. Hanshaugen,Kvinner,I alt,antall personer,502
EliminatedValue,3,30104,1,1,0,ok-sos006,2007,St. Hanshaugen,Kvinner,18-29,antall personer,11
EliminatedValue,3,30104,1,2,0,ok-sos006,2007,St. Hanshaugen,Kvinner,30-39,antall personer,26
EliminatedValue,3,30104,1,3,0,ok-sos006,2007,St. Hanshaugen,Kvinner,40-49,antall personer,71
EliminatedValue,3,30104,1,4,0,ok-sos006,2007,St. Hanshaugen,Kvinner,50-59,antall personer,187
EliminatedValue,3,30104,1,5,0,ok-sos006,2007,St. Hanshaugen,Kvinner,60-67,antall personer,207
EliminatedValue,3,30104,2,0,0,ok-sos006,2007,St. Hanshaugen,Menn,I alt,antall personer,454
EliminatedValue,3,30104,2,1,0,ok-sos006,2007,St. Hanshaugen,Menn,18-29,antall personer,10
EliminatedValue,3,30104,2,2,0,ok-sos006,2007,St. Hanshaugen,Menn,30-39,antall personer,32
EliminatedValue,3,30104,2,3,0,ok-sos006,2007,St. Hanshaugen,Menn,40-49,antall personer,94
EliminatedValue,3,30104,2,4,0,ok-sos006,2007,St. Hanshaugen,Menn,50-59,antall personer,162
EliminatedValue,3,30104,2,5,0,ok-sos006,2007,St. Hanshaugen,Menn,60-67,antall personer,156
EliminatedValue,3,30105,0,0,0,ok-sos006,2007,Frogner,I alt,I alt,antall personer,1586
EliminatedValue,3,30105,0,1,0,ok-sos006,2007,Frogner,I alt,18-29,antall personer,20
EliminatedValue,3,30105,0,2,0,ok-sos006,2007,Frogner,I alt,30-39,antall personer,90
EliminatedValue,3,30105,0,3,0,ok-sos006,2007,Frogner,I alt,40-49,antall personer,214
EliminatedValue,3,30105,0,4,0,ok-sos006,2007,Frogner,I alt,50-59,antall personer,513
EliminatedValue,3,30105,0,5,0,ok-sos006,2007,Frogner,I alt,60-67,antall personer,749
EliminatedValue,3,30105,1,0,0,ok-sos006,2007,Frogner,Kvinner,I alt,antall personer,921
EliminatedValue,3,30105,1,1,0,ok-sos006,2007,Frogner,Kvinner,18-29,antall personer,8
EliminatedValue,3,30105,1,2,0,ok-sos006,2007,Frogner,Kvinner,30-39,antall personer,42
EliminatedValue,3,30105,1,3,0,ok-sos006,2007,Frogner,Kvinner,40-49,antall personer,116
EliminatedValue,3,30105,1,4,0,ok-sos006,2007,Frogner,Kvinner,50-59,antall personer,304
EliminatedValue,3,30105,1,5,0,ok-sos006,2007,Frogner,Kvinner,60-67,antall personer,451
EliminatedValue,3,30105,2,0,0,ok-sos006,2007,Frogner,Menn,I alt,antall personer,665
EliminatedValue,3,30105,2,1,0,ok-sos006,2007,Frogner,Menn,18-29,antall personer,12
EliminatedValue,3,30105,2,2,0,ok-sos006,2007,Frogner,Menn,30-39,antall personer,48
EliminatedValue,3,30105,2,3,0,ok-sos006,2007,Frogner,Menn,40-49,antall personer,98
EliminatedValue,3,30105,2,4,0,ok-sos006,2007,Frogner,Menn,50-59,antall personer,209
EliminatedValue,3,30105,2,5,0,ok-sos006,2007,Frogner,Menn,60-67,antall personer,298
EliminatedValue,3,30106,0,0,0,ok-sos006,2007,Ullern,I alt,I alt,antall personer,842
EliminatedValue,3,30106,0,1,0,ok-sos006,2007,Ullern,I alt,18-29,antall personer,30
EliminatedValue,3,30106,0,2,0,ok-sos006,2007,Ullern,I alt,30-39,antall personer,45
EliminatedValue,3,30106,0,3,0,ok-sos006,2007,Ullern,I alt,40-49,antall personer,107
EliminatedValue,3,30106,0,4,0,ok-sos006,2007,Ullern,I alt,50-59,antall personer,275
EliminatedValue,3,30106,0,5,0,ok-sos006,2007,Ullern,I alt,60-67,antall personer,385
EliminatedValue,3,30106,1,0,0,ok-sos006,2007,Ullern,Kvinner,I alt,antall personer,540
EliminatedValue,3,30106,1,1,0,ok-sos006,2007,Ullern,Kvinner,18-29,antall personer,5
EliminatedValue,3,30106,1,2,0,ok-sos006,2007,Ullern,Kvinner,30-39,antall personer,22
EliminatedValue,3,30106,1,3,0,ok-sos006,2007,Ullern,Kvinner,40-49,antall personer,68
EliminatedValue,3,30106,1,4,0,ok-sos006,2007,Ullern,Kvinner,50-59,antall personer,192
EliminatedValue,3,30106,1,5,0,ok-sos006,2007,Ullern,Kvinner,60-67,antall personer,253
EliminatedValue,3,30106,2,0,0,ok-sos006,2007,Ullern,Menn,I alt,antall personer,302
EliminatedValue,3,30106,2,1,0,ok-sos006,2007,Ullern,Menn,18-29,antall personer,25
EliminatedValue,3,30106,2,2,0,ok-sos006,2007,Ullern,Menn,30-39,antall personer,23
EliminatedValue,3,30106,2,3,0,ok-sos006,2007,Ullern,Menn,40-49,antall personer,39
EliminatedValue,3,30106,2,4,0,ok-sos006,2007,Ullern,Menn,50-59,antall personer,83
EliminatedValue,3,30106,2,5,0,ok-sos006,2007,Ullern,Menn,60-67,antall personer,132
EliminatedValue,3,30107,0,0,0,ok-sos006,2007,Vestre Aker,I alt,I alt,antall personer,1226
EliminatedValue,3,30107,0,1,0,ok-sos006,2007,Vestre Aker,I alt,18-29,antall personer,40
EliminatedValue,3,30107,0,2,0,ok-sos006,2007,Vestre Aker,I alt,30-39,antall personer,58
EliminatedValue,3,30107,0,3,0,ok-sos006,2007,Vestre Aker,I alt,40-49,antall personer,179
EliminatedValue,3,30107,0,4,0,ok-sos006,2007,Vestre Aker,I alt,50-59,antall personer,405
EliminatedValue,3,30107,0,5,0,ok-sos006,2007,Vestre Aker,I alt,60-67,antall personer,544
EliminatedValue,3,30107,1,0,0,ok-sos006,2007,Vestre Aker,Kvinner,I alt,antall personer,751
EliminatedValue,3,30107,1,1,0,ok-sos006,2007,Vestre Aker,Kvinner,18-29,antall personer,17
EliminatedValue,3,30107,1,2,0,ok-sos006,2007,Vestre Aker,Kvinner,30-39,antall personer,26
EliminatedValue,3,30107,1,3,0,ok-sos006,2007,Vestre Aker,Kvinner,40-49,antall personer,100
EliminatedValue,3,30107,1,4,0,ok-sos006,2007,Vestre Aker,Kvinner,50-59,antall personer,278
EliminatedValue,3,30107,1,5,0,ok-sos006,2007,Vestre Aker,Kvinner,60-67,antall personer,330
EliminatedValue,3,30107,2,0,0,ok-sos006,2007,Vestre Aker,Menn,I alt,antall personer,475
EliminatedValue,3,30107,2,1,0,ok-sos006,2007,Vestre Aker,Menn,18-29,antall personer,23
EliminatedValue,3,30107,2,2,0,ok-sos006,2007,Vestre Aker,Menn,30-39,antall personer,32
EliminatedValue,3,30107,2,3,0,ok-sos006,2007,Vestre Aker,Menn,40-49,antall personer,79
EliminatedValue,3,30107,2,4,0,ok-sos006,2007,Vestre Aker,Menn,50-59,antall personer,127
EliminatedValue,3,30107,2,5,0,ok-sos006,2007,Vestre Aker,Menn,60-67,antall personer,214
EliminatedValue,3,30108,0,0,0,ok-sos006,2007,Nordre Aker,I alt,I alt,antall personer,1222
EliminatedValue,3,30108,0,1,0,ok-sos006,2007,Nordre Aker,I alt,18-29,antall personer,40
EliminatedValue,3,30108,0,2,0,ok-sos006,2007,Nordre Aker,I alt,30-39,antall personer,72
EliminatedValue,3,30108,0,3,0,ok-sos006,2007,Nordre Aker,I alt,40-49,antall personer,194
EliminatedValue,3,30108,0,4,0,ok-sos006,2007,Nordre Aker,I alt,50-59,antall personer,404
EliminatedValue,3,30108,0,5,0,ok-sos006,2007,Nordre Aker,I alt,60-67,antall personer,512
EliminatedValue,3,30108,1,0,0,ok-sos006,2007,Nordre Aker,Kvinner,I alt,antall personer,711
EliminatedValue,3,30108,1,1,0,ok-sos006,2007,Nordre Aker,Kvinner,18-29,antall personer,21
EliminatedValue,3,30108,1,2,0,ok-sos006,2007,Nordre Aker,Kvinner,30-39,antall personer,33
EliminatedValue,3,30108,1,3,0,ok-sos006,2007,Nordre Aker,Kvinner,40-49,antall personer,102
EliminatedValue,3,30108,1,4,0,ok-sos006,2007,Nordre Aker,Kvinner,50-59,antall personer,239
EliminatedValue,3,30108,1,5,0,ok-sos006,2007,Nordre Aker,Kvinner,60-67,antall personer,316
EliminatedValue,3,30108,2,0,0,ok-sos006,2007,Nordre Aker,Menn,I alt,antall personer,511
EliminatedValue,3,30108,2,1,0,ok-sos006,2007,Nordre Aker,Menn,18-29,antall personer,19
EliminatedValue,3,30108,2,2,0,ok-sos006,2007,Nordre Aker,Menn,30-39,antall personer,39
EliminatedValue,3,30108,2,3,0,ok-sos006,2007,Nordre Aker,Menn,40-49,antall personer,92
EliminatedValue,3,30108,2,4,0,ok-sos006,2007,Nordre Aker,Menn,50-59,antall personer,165
EliminatedValue,3,30108,2,5,0,ok-sos006,2007,Nordre Aker,Menn,60-67,antall personer,196
EliminatedValue,3,30109,0,0,0,ok-sos006,2007,Bjerke,I alt,I alt,antall personer,1106
EliminatedValue,3,30109,0,1,0,ok-sos006,2007,Bjerke,I alt,18-29,antall personer,40
EliminatedValue,3,30109,0,2,0,ok-sos006,2007,Bjerke,I alt,30-39,antall personer,53
EliminatedValue,3,30109,0,3,0,ok-sos006,2007,Bjerke,I alt,40-49,antall personer,211
EliminatedValue,3,30109,0,4,0,ok-sos006,2007,Bjerke,I alt,50-59,antall personer,381
EliminatedValue,3,30109,0,5,0,ok-sos006,2007,Bjerke,I alt,60-67,antall personer,421
EliminatedValue,3,30109,1,0,0,ok-sos006,2007,Bjerke,Kvinner,I alt,antall personer,622
EliminatedValue,3,30109,1,1,0,ok-sos006,2007,Bjerke,Kvinner,18-29,antall personer,20
EliminatedValue,3,30109,1,2,0,ok-sos006,2007,Bjerke,Kvinner,30-39,antall personer,23
EliminatedValue,3,30109,1,3,0,ok-sos006,2007,Bjerke,Kvinner,40-49,antall personer,114
EliminatedValue,3,30109,1,4,0,ok-sos006,2007,Bjerke,Kvinner,50-59,antall personer,219
EliminatedValue,3,30109,1,5,0,ok-sos006,2007,Bjerke,Kvinner,60-67,antall personer,246
EliminatedValue,3,30109,2,0,0,ok-sos006,2007,Bjerke,Menn,I alt,antall personer,484
EliminatedValue,3,30109,2,1,0,ok-sos006,2007,Bjerke,Menn,18-29,antall personer,20
EliminatedValue,3,30109,2,2,0,ok-sos006,2007,Bjerke,Menn,30-39,antall personer,30
EliminatedValue,3,30109,2,3,0,ok-sos006,2007,Bjerke,Menn,40-49,antall personer,97
EliminatedValue,3,30109,2,4,0,ok-sos006,2007,Bjerke,Menn,50-59,antall personer,162
EliminatedValue,3,30109,2,5,0,ok-sos006,2007,Bjerke,Menn,60-67,antall personer,175
EliminatedValue,3,30110,0,0,0,ok-sos006,2007,Grorud,I alt,I alt,antall personer,1609
EliminatedValue,3,30110,0,1,0,ok-sos006,2007,Grorud,I alt,18-29,antall personer,36
EliminatedValue,3,30110,0,2,0,ok-sos006,2007,Grorud,I alt,30-39,antall personer,86
EliminatedValue,3,30110,0,3,0,ok-sos006,2007,Grorud,I alt,40-49,antall personer,297
EliminatedValue,3,30110,0,4,0,ok-sos006,2007,Grorud,I alt,50-59,antall personer,556
EliminatedValue,3,30110,0,5,0,ok-sos006,2007,Grorud,I alt,60-67,antall personer,634
EliminatedValue,3,30110,1,0,0,ok-sos006,2007,Grorud,Kvinner,I alt,antall personer,917
EliminatedValue,3,30110,1,1,0,ok-sos006,2007,Grorud,Kvinner,18-29,antall personer,17
EliminatedValue,3,30110,1,2,0,ok-sos006,2007,Grorud,Kvinner,30-39,antall personer,47
EliminatedValue,3,30110,1,3,0,ok-sos006,2007,Grorud,Kvinner,40-49,antall personer,153
EliminatedValue,3,30110,1,4,0,ok-sos006,2007,Grorud,Kvinner,50-59,antall personer,320
EliminatedValue,3,30110,1,5,0,ok-sos006,2007,Grorud,Kvinner,60-67,antall personer,380
EliminatedValue,3,30110,2,0,0,ok-sos006,2007,Grorud,Menn,I alt,antall personer,692
EliminatedValue,3,30110,2,1,0,ok-sos006,2007,Grorud,Menn,18-29,antall personer,19
EliminatedValue,3,30110,2,2,0,ok-sos006,2007,Grorud,Menn,30-39,antall personer,39
EliminatedValue,3,30110,2,3,0,ok-sos006,2007,Grorud,Menn,40-49,antall personer,144
EliminatedValue,3,30110,2,4,0,ok-sos006,2007,Grorud,Menn,50-59,antall personer,236
EliminatedValue,3,30110,2,5,0,ok-sos006,2007,Grorud,Menn,60-67,antall personer,254
EliminatedValue,3,30111,0,0,0,ok-sos006,2007,Stovner,I alt,I alt,antall personer,2048
EliminatedValue,3,30111,0,1,0,ok-sos006,2007,Stovner,I alt,18-29,antall personer,37
EliminatedValue,3,30111,0,2,0,ok-sos006,2007,Stovner,I alt,30-39,antall personer,112
EliminatedValue,3,30111,0,3,0,ok-sos006,2007,Stovner,I alt,40-49,antall personer,296
EliminatedValue,3,30111,0,4,0,ok-sos006,2007,Stovner,I alt,50-59,antall personer,685
EliminatedValue,3,30111,0,5,0,ok-sos006,2007,Stovner,I alt,60-67,antall personer,918
EliminatedValue,3,30111,1,0,0,ok-sos006,2007,Stovner,Kvinner,I alt,antall personer,1219
EliminatedValue,3,30111,1,1,0,ok-sos006,2007,Stovner,Kvinner,18-29,antall personer,16
EliminatedValue,3,30111,1,2,0,ok-sos006,2007,Stovner,Kvinner,30-39,antall personer,60
EliminatedValue,3,30111,1,3,0,ok-sos006,2007,Stovner,Kvinner,40-49,antall personer,168
EliminatedValue,3,30111,1,4,0,ok-sos006,2007,Stovner,Kvinner,50-59,antall personer,423
EliminatedValue,3,30111,1,5,0,ok-sos006,2007,Stovner,Kvinner,60-67,antall personer,552
EliminatedValue,3,30111,2,0,0,ok-sos006,2007,Stovner,Menn,I alt,antall personer,829
EliminatedValue,3,30111,2,1,0,ok-sos006,2007,Stovner,Menn,18-29,antall personer,21
EliminatedValue,3,30111,2,2,0,ok-sos006,2007,Stovner,Menn,30-39,antall personer,52
EliminatedValue,3,30111,2,3,0,ok-sos006,2007,Stovner,Menn,40-49,antall personer,128
EliminatedValue,3,30111,2,4,0,ok-sos006,2007,Stovner,Menn,50-59,antall personer,262
EliminatedValue,3,30111,2,5,0,ok-sos006,2007,Stovner,Menn,60-67,antall personer,366
EliminatedValue,3,30112,0,0,0,ok-sos006,2007,Alna,I alt,I alt,antall personer,2945
EliminatedValue,3,30112,0,1,0,ok-sos006,2007,Alna,I alt,18-29,antall personer,72
EliminatedValue,3,30112,0,2,0,ok-sos006,2007,Alna,I alt,30-39,antall personer,159
EliminatedValue,3,30112,0,3,0,ok-sos006,2007,Alna,I alt,40-49,antall personer,465
EliminatedValue,3,30112,0,4,0,ok-sos006,2007,Alna,I alt,50-59,antall personer,1070
EliminatedValue,3,30112,0,5,0,ok-sos006,2007,Alna,I alt,60-67,antall personer,1179
EliminatedValue,3,30112,1,0,0,ok-sos006,2007,Alna,Kvinner,I alt,antall personer,1669
EliminatedValue,3,30112,1,1,0,ok-sos006,2007,Alna,Kvinner,18-29,antall personer,33
EliminatedValue,3,30112,1,2,0,ok-sos006,2007,Alna,Kvinner,30-39,antall personer,73
EliminatedValue,3,30112,1,3,0,ok-sos006,2007,Alna,Kvinner,40-49,antall personer,248
EliminatedValue,3,30112,1,4,0,ok-sos006,2007,Alna,Kvinner,50-59,antall personer,650
EliminatedValue,3,30112,1,5,0,ok-sos006,2007,Alna,Kvinner,60-67,antall personer,665
EliminatedValue,3,30112,2,0,0,ok-sos006,2007,Alna,Menn,I alt,antall personer,1276
EliminatedValue,3,30112,2,1,0,ok-sos006,2007,Alna,Menn,18-29,antall personer,39
EliminatedValue,3,30112,2,2,0,ok-sos006,2007,Alna,Menn,30-39,antall personer,86
EliminatedValue,3,30112,2,3,0,ok-sos006,2007,Alna,Menn,40-49,antall personer,217
EliminatedValue,3,30112,2,4,0,ok-sos006,2007,Alna,Menn,50-59,antall personer,420
EliminatedValue,3,30112,2,5,0,ok-sos006,2007,Alna,Menn,60-67,antall personer,514
EliminatedValue,3,30113,0,0,0,ok-sos006,2007,Østensjø,I alt,I alt,antall personer,2132
EliminatedValue,3,30113,0,1,0,ok-sos006,2007,Østensjø,I alt,18-29,antall personer,42
EliminatedValue,3,30113,0,2,0,ok-sos006,2007,Østensjø,I alt,30-39,antall personer,107
EliminatedValue,3,30113,0,3,0,ok-sos006,2007,Østensjø,I alt,40-49,antall personer,407
EliminatedValue,3,30113,0,4,0,ok-sos006,2007,Østensjø,I alt,50-59,antall personer,727
EliminatedValue,3,30113,0,5,0,ok-sos006,2007,Østensjø,I alt,60-67,antall personer,849
EliminatedValue,3,30113,1,0,0,ok-sos006,2007,Østensjø,Kvinner,I alt,antall personer,1274
EliminatedValue,3,30113,1,1,0,ok-sos006,2007,Østensjø,Kvinner,18-29,antall personer,21
EliminatedValue,3,30113,1,2,0,ok-sos006,2007,Østensjø,Kvinner,30-39,antall personer,59
EliminatedValue,3,30113,1,3,0,ok-sos006,2007,Østensjø,Kvinner,40-49,antall personer,244
EliminatedValue,3,30113,1,4,0,ok-sos006,2007,Østensjø,Kvinner,50-59,antall personer,442
EliminatedValue,3,30113,1,5,0,ok-sos006,2007,Østensjø,Kvinner,60-67,antall personer,508
EliminatedValue,3,30113,2,0,0,ok-sos006,2007,Østensjø,Menn,I alt,antall personer,858
EliminatedValue,3,30113,2,1,0,ok-sos006,2007,Østensjø,Menn,18-29,antall personer,21
EliminatedValue,3,30113,2,2,0,ok-sos006,2007,Østensjø,Menn,30-39,antall personer,48
EliminatedValue,3,30113,2,3,0,ok-sos006,2007,Østensjø,Menn,40-49,antall personer,163
EliminatedValue,3,30113,2,4,0,ok-sos006,2007,Østensjø,Menn,50-59,antall personer,285
EliminatedValue,3,30113,2,5,0,ok-sos006,2007,Østensjø,Menn,60-67,antall personer,341
EliminatedValue,3,30114,0,0,0,ok-sos006,2007,Nordstrand,I alt,I alt,antall personer,1762
EliminatedValue,3,30114,0,1,0,ok-sos006,2007,Nordstrand,I alt,18-29,antall personer,40
EliminatedValue,3,30114,0,2,0,ok-sos006,2007,Nordstrand,I alt,30-39,antall personer,88
EliminatedValue,3,30114,0,3,0,ok-sos006,2007,Nordstrand,I alt,40-49,antall personer,275
EliminatedValue,3,30114,0,4,0,ok-sos006,2007,Nordstrand,I alt,50-59,antall personer,584
EliminatedValue,3,30114,0,5,0,ok-sos006,2007,Nordstrand,I alt,60-67,antall personer,775
EliminatedValue,3,30114,1,0,0,ok-sos006,2007,Nordstrand,Kvinner,I alt,antall personer,1065
EliminatedValue,3,30114,1,1,0,ok-sos006,2007,Nordstrand,Kvinner,18-29,antall personer,19
EliminatedValue,3,30114,1,2,0,ok-sos006,2007,Nordstrand,Kvinner,30-39,antall personer,45
EliminatedValue,3,30114,1,3,0,ok-sos006,2007,Nordstrand,Kvinner,40-49,antall personer,167
EliminatedValue,3,30114,1,4,0,ok-sos006,2007,Nordstrand,Kvinner,50-59,antall personer,358
EliminatedValue,3,30114,1,5,0,ok-sos006,2007,Nordstrand,Kvinner,60-67,antall personer,476
EliminatedValue,3,30114,2,0,0,ok-sos006,2007,Nordstrand,Menn,I alt,antall personer,697
EliminatedValue,3,30114,2,1,0,ok-sos006,2007,Nordstrand,Menn,18-29,antall personer,21
EliminatedValue,3,30114,2,2,0,ok-sos006,2007,Nordstrand,Menn,30-39,antall personer,43
EliminatedValue,3,30114,2,3,0,ok-sos006,2007,Nordstrand,Menn,40-49,antall personer,108
EliminatedValue,3,30114,2,4,0,ok-sos006,2007,Nordstrand,Menn,50-59,antall personer,226
EliminatedValue,3,30114,2,5,0,ok-sos006,2007,Nordstrand,Menn,60-67,antall personer,299
EliminatedValue,3,30115,0,0,0,ok-sos006,2007,Søndre Nordstrand,I alt,I alt,antall personer,1822
EliminatedValue,3,30115,0,1,0,ok-sos006,2007,Søndre Nordstrand,I alt,18-29,antall personer,55
EliminatedValue,3,30115,0,2,0,ok-sos006,2007,Søndre Nordstrand,I alt,30-39,antall personer,112
EliminatedValue,3,30115,0,3,0,ok-sos006,2007,Søndre Nordstrand,I alt,40-49,antall personer,350
EliminatedValue,3,30115,0,4,0,ok-sos006,2007,Søndre Nordstrand,I alt,50-59,antall personer,659
EliminatedValue,3,30115,0,5,0,ok-sos006,2007,Søndre Nordstrand,I alt,60-67,antall personer,646
EliminatedValue,3,30115,1,0,0,ok-sos006,2007,Søndre Nordstrand,Kvinner,I alt,antall personer,979
EliminatedValue,3,30115,1,1,0,ok-sos006,2007,Søndre Nordstrand,Kvinner,18-29,antall personer,28
EliminatedValue,3,30115,1,2,0,ok-sos006,2007,Søndre Nordstrand,Kvinner,30-39,antall personer,57
EliminatedValue,3,30115,1,3,0,ok-sos006,2007,Søndre Nordstrand,Kvinner,40-49,antall personer,186
EliminatedValue,3,30115,1,4,0,ok-sos006,2007,Søndre Nordstrand,Kvinner,50-59,antall personer,381
EliminatedValue,3,30115,1,5,0,ok-sos006,2007,Søndre Nordstrand,Kvinner,60-67,antall personer,327
EliminatedValue,3,30115,2,0,0,ok-sos006,2007,Søndre Nordstrand,Menn,I alt,antall personer,843
EliminatedValue,3,30115,2,1,0,ok-sos006,2007,Søndre Nordstrand,Menn,18-29,antall personer,27
EliminatedValue,3,30115,2,2,0,ok-sos006,2007,Søndre Nordstrand,Menn,30-39,antall personer,55
EliminatedValue,3,30115,2,3,0,ok-sos006,2007,Søndre Nordstrand,Menn,40-49,antall personer,164
EliminatedValue,3,30115,2,4,0,ok-sos006,2007,Søndre Nordstrand,Menn,50-59,antall personer,278
EliminatedValue,3,30115,2,5,0,ok-sos006,2007,Søndre Nordstrand,Menn,60-67,antall personer,319
EliminatedValue,3,30199,0,0,0,ok-sos006,2007,Uten registrert adresse,I alt,I alt,antall personer,179
EliminatedValue,3,30199,0,1,0,ok-sos006,2007,Uten registrert adresse,I alt,18-29,antall personer,1
EliminatedValue,3,30199,0,2,0,ok-sos006,2007,Uten registrert adresse,I alt,30-39,antall personer,11
EliminatedValue,3,30199,0,3,0,ok-sos006,2007,Uten registrert adresse,I alt,40-49,antall personer,60
EliminatedValue,3,30199,0,4,0,ok-sos006,2007,Uten registrert adresse,I alt,50-59,antall personer,61
EliminatedValue,3,30199,0,5,0,ok-sos006,2007,Uten registrert adresse,I alt,60-67,antall personer,46
EliminatedValue,3,30199,1,0,0,ok-sos006,2007,Uten registrert adresse,Kvinner,I alt,antall personer,58
EliminatedValue,3,30199,1,1,0,ok-sos006,2007,Uten registrert adresse,Kvinner,18-29,antall personer,1
EliminatedValue,3,30199,1,2,0,ok-sos006,2007,Uten registrert adresse,Kvinner,30-39,antall personer,4
EliminatedValue,3,30199,1,3,0,ok-sos006,2007,Uten registrert adresse,Kvinner,40-49,antall personer,22
EliminatedValue,3,30199,1,4,0,ok-sos006,2007,Uten registrert adresse,Kvinner,50-59,antall personer,17
EliminatedValue,3,30199,1,5,0,ok-sos006,2007,Uten registrert adresse,Kvinner,60-67,antall personer,14
EliminatedValue,3,30199,2,0,0,ok-sos006,2007,Uten registrert adresse,Menn,I alt,antall personer,121
EliminatedValue,3,30199,2,1,0,ok-sos006,2007,Uten registrert adresse,Menn,18-29,antall personer,0
EliminatedValue,3,30199,2,2,0,ok-sos006,2007,Uten registrert adresse,Menn,30-39,antall personer,7
EliminatedValue,3,30199,2,3,0,ok-sos006,2007,Uten registrert adresse,Menn,40-49,antall personer,38
EliminatedValue,3,30199,2,4,0,ok-sos006,2007,Uten registrert adresse,Menn,50-59,antall personer,44
EliminatedValue,3,30199,2,5,0,ok-sos006,2007,Uten registrert adresse,Menn,60-67,antall personer,32
EliminatedValue,3,30118195,0,0,0,ok-sos006,2007,Ukjent bydel,I alt,I alt,antall personer,
EliminatedValue,3,30118195,0,1,0,ok-sos006,2007,Ukjent bydel,I alt,18-29,antall personer,
EliminatedValue,3,30118195,0,2,0,ok-sos006,2007,Ukjent bydel,I alt,30-39,antall personer,
EliminatedValue,3,30118195,0,3,0,ok-sos006,2007,Ukjent bydel,I alt,40-49,antall personer,
EliminatedValue,3,30118195,0,4,0,ok-sos006,2007,Ukjent bydel,I alt,50-59,antall personer,
EliminatedValue,3,30118195,0,5,0,ok-sos006,2007,Ukjent bydel,I alt,60-67,antall personer,
EliminatedValue,3,30118195,1,0,0,ok-sos006,2007,Ukjent bydel,Kvinner,I alt,antall personer,
EliminatedValue,3,30118195,1,1,0,ok-sos006,2007,Ukjent bydel,Kvinner,18-29,antall personer,
EliminatedValue,3,30118195,1,2,0,ok-sos006,2007,Ukjent bydel,Kvinner,30-39,antall personer,
EliminatedValue,3,30118195,1,3,0,ok-sos006,2007,Ukjent bydel,Kvinner,40-49,antall personer,
EliminatedValue,3,30118195,1,4,0,ok-sos006,2007,Ukjent bydel,Kvinner,50-59,antall personer,
EliminatedValue,3,30118195,1,5,0,ok-sos006,2007,Ukjent bydel,Kvinner,60-67,antall personer,
EliminatedValue,3,30118195,2,0,0,ok-sos006,2007,Ukjent bydel,Menn,I alt,antall personer,
EliminatedValue,3,30118195,2,1,0,ok-sos006,2007,Ukjent bydel,Menn,18-29,antall personer,
EliminatedValue,3,30118195,2,2,0,ok-sos006,2007,Ukjent bydel,Menn,30-39,antall personer,
EliminatedValue,3,30118195,2,3,0,ok-sos006,2007,Ukjent bydel,Menn,40-49,antall personer,
EliminatedValue,3,30118195,2,4,0,ok-sos006,2007,Ukjent bydel,Menn,50-59,antall personer,
EliminatedValue,3,30118195,2,5,0,ok-sos006,2007,Ukjent bydel,Menn,60-67,antall personer,
EliminatedValue,4,301,0,0,0,ok-sos006,2008,Oslo i alt,I alt,I alt,antall personer,24362
EliminatedValue,4,301,0,1,0,ok-sos006,2008,Oslo i alt,I alt,18-29,antall personer,545
EliminatedValue,4,301,0,2,0,ok-sos006,2008,Oslo i alt,I alt,30-39,antall personer,1305
EliminatedValue,4,301,0,3,0,ok-sos006,2008,Oslo i alt,I alt,40-49,antall personer,4057
EliminatedValue,4,301,0,4,0,ok-sos006,2008,Oslo i alt,I alt,50-59,antall personer,8391
EliminatedValue,4,301,0,5,0,ok-sos006,2008,Oslo i alt,I alt,60-67,antall personer,10064
EliminatedValue,4,301,1,0,0,ok-sos006,2008,Oslo i alt,Kvinner,I alt,antall personer,13543
EliminatedValue,4,301,1,1,0,ok-sos006,2008,Oslo i alt,Kvinner,18-29,antall personer,255
EliminatedValue,4,301,1,2,0,ok-sos006,2008,Oslo i alt,Kvinner,30-39,antall personer,622
EliminatedValue,4,301,1,3,0,ok-sos006,2008,Oslo i alt,Kvinner,40-49,antall personer,2094
EliminatedValue,4,301,1,4,0,ok-sos006,2008,Oslo i alt,Kvinner,50-59,antall personer,4817
EliminatedValue,4,301,1,5,0,ok-sos006,2008,Oslo i alt,Kvinner,60-67,antall personer,5755
EliminatedValue,4,301,2,0,0,ok-sos006,2008,Oslo i alt,Menn,I alt,antall personer,10819
EliminatedValue,4,301,2,1,0,ok-sos006,2008,Oslo i alt,Menn,18-29,antall personer,290
EliminatedValue,4,301,2,2,0,ok-sos006,2008,Oslo i alt,Menn,30-39,antall personer,683
EliminatedValue,4,301,2,3,0,ok-sos006,2008,Oslo i alt,Menn,40-49,antall personer,1963
EliminatedValue,4,301,2,4,0,ok-sos006,2008,Oslo i alt,Menn,50-59,antall personer,3574
EliminatedValue,4,301,2,5,0,ok-sos006,2008,Oslo i alt,Menn,60-67,antall personer,4309
EliminatedValue,4,30101,0,0,0,ok-sos006,2008,Gamle Oslo,I alt,I alt,antall personer,1818
EliminatedValue,4,30101,0,1,0,ok-sos006,2008,Gamle Oslo,I alt,18-29,antall personer,35
EliminatedValue,4,30101,0,2,0,ok-sos006,2008,Gamle Oslo,I alt,30-39,antall personer,133
EliminatedValue,4,30101,0,3,0,ok-sos006,2008,Gamle Oslo,I alt,40-49,antall personer,345
EliminatedValue,4,30101,0,4,0,ok-sos006,2008,Gamle Oslo,I alt,50-59,antall personer,681
EliminatedValue,4,30101,0,5,0,ok-sos006,2008,Gamle Oslo,I alt,60-67,antall personer,624
EliminatedValue,4,30101,1,0,0,ok-sos006,2008,Gamle Oslo,Kvinner,I alt,antall personer,870
EliminatedValue,4,30101,1,1,0,ok-sos006,2008,Gamle Oslo,Kvinner,18-29,antall personer,17
EliminatedValue,4,30101,1,2,0,ok-sos006,2008,Gamle Oslo,Kvinner,30-39,antall personer,58
EliminatedValue,4,30101,1,3,0,ok-sos006,2008,Gamle Oslo,Kvinner,40-49,antall personer,149
EliminatedValue,4,30101,1,4,0,ok-sos006,2008,Gamle Oslo,Kvinner,50-59,antall personer,341
EliminatedValue,4,30101,1,5,0,ok-sos006,2008,Gamle Oslo,Kvinner,60-67,antall personer,305
EliminatedValue,4,30101,2,0,0,ok-sos006,2008,Gamle Oslo,Menn,I alt,antall personer,948
EliminatedValue,4,30101,2,1,0,ok-sos006,2008,Gamle Oslo,Menn,18-29,antall personer,18
EliminatedValue,4,30101,2,2,0,ok-sos006,2008,Gamle Oslo,Menn,30-39,antall personer,75
EliminatedValue,4,30101,2,3,0,ok-sos006,2008,Gamle Oslo,Menn,40-49,antall personer,196
EliminatedValue,4,30101,2,4,0,ok-sos006,2008,Gamle Oslo,Menn,50-59,antall personer,340
EliminatedValue,4,30101,2,5,0,ok-sos006,2008,Gamle Oslo,Menn,60-67,antall personer,319
EliminatedValue,4,30102,0,0,0,ok-sos006,2008,Grünerløkka,I alt,I alt,antall personer,1676
EliminatedValue,4,30102,0,1,0,ok-sos006,2008,Grünerløkka,I alt,18-29,antall personer,21
EliminatedValue,4,30102,0,2,0,ok-sos006,2008,Grünerløkka,I alt,30-39,antall personer,110
EliminatedValue,4,30102,0,3,0,ok-sos006,2008,Grünerløkka,I alt,40-49,antall personer,333
EliminatedValue,4,30102,0,4,0,ok-sos006,2008,Grünerløkka,I alt,50-59,antall personer,611
EliminatedValue,4,30102,0,5,0,ok-sos006,2008,Grünerløkka,I alt,60-67,antall personer,601
EliminatedValue,4,30102,1,0,0,ok-sos006,2008,Grünerløkka,Kvinner,I alt,antall personer,796
EliminatedValue,4,30102,1,1,0,ok-sos006,2008,Grünerløkka,Kvinner,18-29,antall personer,7
EliminatedValue,4,30102,1,2,0,ok-sos006,2008,Grünerløkka,Kvinner,30-39,antall personer,51
EliminatedValue,4,30102,1,3,0,ok-sos006,2008,Grünerløkka,Kvinner,40-49,antall personer,140
EliminatedValue,4,30102,1,4,0,ok-sos006,2008,Grünerløkka,Kvinner,50-59,antall personer,316
EliminatedValue,4,30102,1,5,0,ok-sos006,2008,Grünerløkka,Kvinner,60-67,antall personer,282
EliminatedValue,4,30102,2,0,0,ok-sos006,2008,Grünerløkka,Menn,I alt,antall personer,880
EliminatedValue,4,30102,2,1,0,ok-sos006,2008,Grünerløkka,Menn,18-29,antall personer,14
EliminatedValue,4,30102,2,2,0,ok-sos006,2008,Grünerløkka,Menn,30-39,antall personer,59
EliminatedValue,4,30102,2,3,0,ok-sos006,2008,Grünerløkka,Menn,40-49,antall personer,193
EliminatedValue,4,30102,2,4,0,ok-sos006,2008,Grünerløkka,Menn,50-59,antall personer,295
EliminatedValue,4,30102,2,5,0,ok-sos006,2008,Grünerløkka,Menn,60-67,antall personer,319
EliminatedValue,4,30103,0,0,0,ok-sos006,2008,Sagene,I alt,I alt,antall personer,1698
EliminatedValue,4,30103,0,1,0,ok-sos006,2008,Sagene,I alt,18-29,antall personer,20
EliminatedValue,4,30103,0,2,0,ok-sos006,2008,Sagene,I alt,30-39,antall personer,88
EliminatedValue,4,30103,0,3,0,ok-sos006,2008,Sagene,I alt,40-49,antall personer,356
EliminatedValue,4,30103,0,4,0,ok-sos006,2008,Sagene,I alt,50-59,antall personer,619
EliminatedValue,4,30103,0,5,0,ok-sos006,2008,Sagene,I alt,60-67,antall personer,615
EliminatedValue,4,30103,1,0,0,ok-sos006,2008,Sagene,Kvinner,I alt,antall personer,808
EliminatedValue,4,30103,1,1,0,ok-sos006,2008,Sagene,Kvinner,18-29,antall personer,8
EliminatedValue,4,30103,1,2,0,ok-sos006,2008,Sagene,Kvinner,30-39,antall personer,36
EliminatedValue,4,30103,1,3,0,ok-sos006,2008,Sagene,Kvinner,40-49,antall personer,164
EliminatedValue,4,30103,1,4,0,ok-sos006,2008,Sagene,Kvinner,50-59,antall personer,291
EliminatedValue,4,30103,1,5,0,ok-sos006,2008,Sagene,Kvinner,60-67,antall personer,309
EliminatedValue,4,30103,2,0,0,ok-sos006,2008,Sagene,Menn,I alt,antall personer,890
EliminatedValue,4,30103,2,1,0,ok-sos006,2008,Sagene,Menn,18-29,antall personer,12
EliminatedValue,4,30103,2,2,0,ok-sos006,2008,Sagene,Menn,30-39,antall personer,52
EliminatedValue,4,30103,2,3,0,ok-sos006,2008,Sagene,Menn,40-49,antall personer,192
EliminatedValue,4,30103,2,4,0,ok-sos006,2008,Sagene,Menn,50-59,antall personer,328
EliminatedValue,4,30103,2,5,0,ok-sos006,2008,Sagene,Menn,60-67,antall personer,306
EliminatedValue,4,30104,0,0,0,ok-sos006,2008,St. Hanshaugen,I alt,I alt,antall personer,982
EliminatedValue,4,30104,0,1,0,ok-sos006,2008,St. Hanshaugen,I alt,18-29,antall personer,25
EliminatedValue,4,30104,0,2,0,ok-sos006,2008,St. Hanshaugen,I alt,30-39,antall personer,59
EliminatedValue,4,30104,0,3,0,ok-sos006,2008,St. Hanshaugen,I alt,40-49,antall personer,163
EliminatedValue,4,30104,0,4,0,ok-sos006,2008,St. Hanshaugen,I alt,50-59,antall personer,360
EliminatedValue,4,30104,0,5,0,ok-sos006,2008,St. Hanshaugen,I alt,60-67,antall personer,375
EliminatedValue,4,30104,1,0,0,ok-sos006,2008,St. Hanshaugen,Kvinner,I alt,antall personer,527
EliminatedValue,4,30104,1,1,0,ok-sos006,2008,St. Hanshaugen,Kvinner,18-29,antall personer,13
EliminatedValue,4,30104,1,2,0,ok-sos006,2008,St. Hanshaugen,Kvinner,30-39,antall personer,26
EliminatedValue,4,30104,1,3,0,ok-sos006,2008,St. Hanshaugen,Kvinner,40-49,antall personer,71
EliminatedValue,4,30104,1,4,0,ok-sos006,2008,St. Hanshaugen,Kvinner,50-59,antall personer,192
EliminatedValue,4,30104,1,5,0,ok-sos006,2008,St. Hanshaugen,Kvinner,60-67,antall personer,225
EliminatedValue,4,30104,2,0,0,ok-sos006,2008,St. Hanshaugen,Menn,I alt,antall personer,455
EliminatedValue,4,30104,2,1,0,ok-sos006,2008,St. Hanshaugen,Menn,18-29,antall personer,12
EliminatedValue,4,30104,2,2,0,ok-sos006,2008,St. Hanshaugen,Menn,30-39,antall personer,33
EliminatedValue,4,30104,2,3,0,ok-sos006,2008,St. Hanshaugen,Menn,40-49,antall personer,92
EliminatedValue,4,30104,2,4,0,ok-sos006,2008,St. Hanshaugen,Menn,50-59,antall personer,168
EliminatedValue,4,30104,2,5,0,ok-sos006,2008,St. Hanshaugen,Menn,60-67,antall personer,150
EliminatedValue,4,30105,0,0,0,ok-sos006,2008,Frogner,I alt,I alt,antall personer,1560
EliminatedValue,4,30105,0,1,0,ok-sos006,2008,Frogner,I alt,18-29,antall personer,22
EliminatedValue,4,30105,0,2,0,ok-sos006,2008,Frogner,I alt,30-39,antall personer,87
EliminatedValue,4,30105,0,3,0,ok-sos006,2008,Frogner,I alt,40-49,antall personer,217
EliminatedValue,4,30105,0,4,0,ok-sos006,2008,Frogner,I alt,50-59,antall personer,476
EliminatedValue,4,30105,0,5,0,ok-sos006,2008,Frogner,I alt,60-67,antall personer,758
EliminatedValue,4,30105,1,0,0,ok-sos006,2008,Frogner,Kvinner,I alt,antall personer,895
EliminatedValue,4,30105,1,1,0,ok-sos006,2008,Frogner,Kvinner,18-29,antall personer,11
EliminatedValue,4,30105,1,2,0,ok-sos006,2008,Frogner,Kvinner,30-39,antall personer,43
EliminatedValue,4,30105,1,3,0,ok-sos006,2008,Frogner,Kvinner,40-49,antall personer,116
EliminatedValue,4,30105,1,4,0,ok-sos006,2008,Frogner,Kvinner,50-59,antall personer,271
EliminatedValue,4,30105,1,5,0,ok-sos006,2008,Frogner,Kvinner,60-67,antall personer,454
EliminatedValue,4,30105,2,0,0,ok-sos006,2008,Frogner,Menn,I alt,antall personer,665
EliminatedValue,4,30105,2,1,0,ok-sos006,2008,Frogner,Menn,18-29,antall personer,11
EliminatedValue,4,30105,2,2,0,ok-sos006,2008,Frogner,Menn,30-39,antall personer,44
EliminatedValue,4,30105,2,3,0,ok-sos006,2008,Frogner,Menn,40-49,antall personer,101
EliminatedValue,4,30105,2,4,0,ok-sos006,2008,Frogner,Menn,50-59,antall personer,205
EliminatedValue,4,30105,2,5,0,ok-sos006,2008,Frogner,Menn,60-67,antall personer,304
EliminatedValue,4,30106,0,0,0,ok-sos006,2008,Ullern,I alt,I alt,antall personer,834
EliminatedValue,4,30106,0,1,0,ok-sos006,2008,Ullern,I alt,18-29,antall personer,29
EliminatedValue,4,30106,0,2,0,ok-sos006,2008,Ullern,I alt,30-39,antall personer,45
EliminatedValue,4,30106,0,3,0,ok-sos006,2008,Ullern,I alt,40-49,antall personer,96
EliminatedValue,4,30106,0,4,0,ok-sos006,2008,Ullern,I alt,50-59,antall personer,256
EliminatedValue,4,30106,0,5,0,ok-sos006,2008,Ullern,I alt,60-67,antall personer,408
EliminatedValue,4,30106,1,0,0,ok-sos006,2008,Ullern,Kvinner,I alt,antall personer,531
EliminatedValue,4,30106,1,1,0,ok-sos006,2008,Ullern,Kvinner,18-29,antall personer,6
EliminatedValue,4,30106,1,2,0,ok-sos006,2008,Ullern,Kvinner,30-39,antall personer,21
EliminatedValue,4,30106,1,3,0,ok-sos006,2008,Ullern,Kvinner,40-49,antall personer,58
EliminatedValue,4,30106,1,4,0,ok-sos006,2008,Ullern,Kvinner,50-59,antall personer,181
EliminatedValue,4,30106,1,5,0,ok-sos006,2008,Ullern,Kvinner,60-67,antall personer,265
EliminatedValue,4,30106,2,0,0,ok-sos006,2008,Ullern,Menn,I alt,antall personer,303
EliminatedValue,4,30106,2,1,0,ok-sos006,2008,Ullern,Menn,18-29,antall personer,23
EliminatedValue,4,30106,2,2,0,ok-sos006,2008,Ullern,Menn,30-39,antall personer,24
EliminatedValue,4,30106,2,3,0,ok-sos006,2008,Ullern,Menn,40-49,antall personer,38
EliminatedValue,4,30106,2,4,0,ok-sos006,2008,Ullern,Menn,50-59,antall personer,75
EliminatedValue,4,30106,2,5,0,ok-sos006,2008,Ullern,Menn,60-67,antall personer,143
EliminatedValue,4,30107,0,0,0,ok-sos006,2008,Vestre Aker,I alt,I alt,antall personer,1245
EliminatedValue,4,30107,0,1,0,ok-sos006,2008,Vestre Aker,I alt,18-29,antall personer,38
EliminatedValue,4,30107,0,2,0,ok-sos006,2008,Vestre Aker,I alt,30-39,antall personer,62
EliminatedValue,4,30107,0,3,0,ok-sos006,2008,Vestre Aker,I alt,40-49,antall personer,177
EliminatedValue,4,30107,0,4,0,ok-sos006,2008,Vestre Aker,I alt,50-59,antall personer,387
EliminatedValue,4,30107,0,5,0,ok-sos006,2008,Vestre Aker,I alt,60-67,antall personer,581
EliminatedValue,4,30107,1,0,0,ok-sos006,2008,Vestre Aker,Kvinner,I alt,antall personer,768
EliminatedValue,4,30107,1,1,0,ok-sos006,2008,Vestre Aker,Kvinner,18-29,antall personer,17
EliminatedValue,4,30107,1,2,0,ok-sos006,2008,Vestre Aker,Kvinner,30-39,antall personer,25
EliminatedValue,4,30107,1,3,0,ok-sos006,2008,Vestre Aker,Kvinner,40-49,antall personer,102
EliminatedValue,4,30107,1,4,0,ok-sos006,2008,Vestre Aker,Kvinner,50-59,antall personer,271
EliminatedValue,4,30107,1,5,0,ok-sos006,2008,Vestre Aker,Kvinner,60-67,antall personer,353
EliminatedValue,4,30107,2,0,0,ok-sos006,2008,Vestre Aker,Menn,I alt,antall personer,477
EliminatedValue,4,30107,2,1,0,ok-sos006,2008,Vestre Aker,Menn,18-29,antall personer,21
EliminatedValue,4,30107,2,2,0,ok-sos006,2008,Vestre Aker,Menn,30-39,antall personer,37
EliminatedValue,4,30107,2,3,0,ok-sos006,2008,Vestre Aker,Menn,40-49,antall personer,75
EliminatedValue,4,30107,2,4,0,ok-sos006,2008,Vestre Aker,Menn,50-59,antall personer,116
EliminatedValue,4,30107,2,5,0,ok-sos006,2008,Vestre Aker,Menn,60-67,antall personer,228
EliminatedValue,4,30108,0,0,0,ok-sos006,2008,Nordre Aker,I alt,I alt,antall personer,1183
EliminatedValue,4,30108,0,1,0,ok-sos006,2008,Nordre Aker,I alt,18-29,antall personer,40
EliminatedValue,4,30108,0,2,0,ok-sos006,2008,Nordre Aker,I alt,30-39,antall personer,66
EliminatedValue,4,30108,0,3,0,ok-sos006,2008,Nordre Aker,I alt,40-49,antall personer,172
EliminatedValue,4,30108,0,4,0,ok-sos006,2008,Nordre Aker,I alt,50-59,antall personer,390
EliminatedValue,4,30108,0,5,0,ok-sos006,2008,Nordre Aker,I alt,60-67,antall personer,515
EliminatedValue,4,30108,1,0,0,ok-sos006,2008,Nordre Aker,Kvinner,I alt,antall personer,697
EliminatedValue,4,30108,1,1,0,ok-sos006,2008,Nordre Aker,Kvinner,18-29,antall personer,21
EliminatedValue,4,30108,1,2,0,ok-sos006,2008,Nordre Aker,Kvinner,30-39,antall personer,32
EliminatedValue,4,30108,1,3,0,ok-sos006,2008,Nordre Aker,Kvinner,40-49,antall personer,93
EliminatedValue,4,30108,1,4,0,ok-sos006,2008,Nordre Aker,Kvinner,50-59,antall personer,231
EliminatedValue,4,30108,1,5,0,ok-sos006,2008,Nordre Aker,Kvinner,60-67,antall personer,320
EliminatedValue,4,30108,2,0,0,ok-sos006,2008,Nordre Aker,Menn,I alt,antall personer,486
EliminatedValue,4,30108,2,1,0,ok-sos006,2008,Nordre Aker,Menn,18-29,antall personer,19
EliminatedValue,4,30108,2,2,0,ok-sos006,2008,Nordre Aker,Menn,30-39,antall personer,34
EliminatedValue,4,30108,2,3,0,ok-sos006,2008,Nordre Aker,Menn,40-49,antall personer,79
EliminatedValue,4,30108,2,4,0,ok-sos006,2008,Nordre Aker,Menn,50-59,antall personer,159
EliminatedValue,4,30108,2,5,0,ok-sos006,2008,Nordre Aker,Menn,60-67,antall personer,195
EliminatedValue,4,30109,0,0,0,ok-sos006,2008,Bjerke,I alt,I alt,antall personer,1096
EliminatedValue,4,30109,0,1,0,ok-sos006,2008,Bjerke,I alt,18-29,antall personer,38
EliminatedValue,4,30109,0,2,0,ok-sos006,2008,Bjerke,I alt,30-39,antall personer,57
EliminatedValue,4,30109,0,3,0,ok-sos006,2008,Bjerke,I alt,40-49,antall personer,194
EliminatedValue,4,30109,0,4,0,ok-sos006,2008,Bjerke,I alt,50-59,antall personer,369
EliminatedValue,4,30109,0,5,0,ok-sos006,2008,Bjerke,I alt,60-67,antall personer,438
EliminatedValue,4,30109,1,0,0,ok-sos006,2008,Bjerke,Kvinner,I alt,antall personer,613
EliminatedValue,4,30109,1,1,0,ok-sos006,2008,Bjerke,Kvinner,18-29,antall personer,21
EliminatedValue,4,30109,1,2,0,ok-sos006,2008,Bjerke,Kvinner,30-39,antall personer,22
EliminatedValue,4,30109,1,3,0,ok-sos006,2008,Bjerke,Kvinner,40-49,antall personer,111
EliminatedValue,4,30109,1,4,0,ok-sos006,2008,Bjerke,Kvinner,50-59,antall personer,210
EliminatedValue,4,30109,1,5,0,ok-sos006,2008,Bjerke,Kvinner,60-67,antall personer,249
EliminatedValue,4,30109,2,0,0,ok-sos006,2008,Bjerke,Menn,I alt,antall personer,483
EliminatedValue,4,30109,2,1,0,ok-sos006,2008,Bjerke,Menn,18-29,antall personer,17
EliminatedValue,4,30109,2,2,0,ok-sos006,2008,Bjerke,Menn,30-39,antall personer,35
EliminatedValue,4,30109,2,3,0,ok-sos006,2008,Bjerke,Menn,40-49,antall personer,83
EliminatedValue,4,30109,2,4,0,ok-sos006,2008,Bjerke,Menn,50-59,antall personer,159
EliminatedValue,4,30109,2,5,0,ok-sos006,2008,Bjerke,Menn,60-67,antall personer,189
EliminatedValue,4,30110,0,0,0,ok-sos006,2008,Grorud,I alt,I alt,antall personer,1596
EliminatedValue,4,30110,0,1,0,ok-sos006,2008,Grorud,I alt,18-29,antall personer,38
EliminatedValue,4,30110,0,2,0,ok-sos006,2008,Grorud,I alt,30-39,antall personer,73
EliminatedValue,4,30110,0,3,0,ok-sos006,2008,Grorud,I alt,40-49,antall personer,269
EliminatedValue,4,30110,0,4,0,ok-sos006,2008,Grorud,I alt,50-59,antall personer,558
EliminatedValue,4,30110,0,5,0,ok-sos006,2008,Grorud,I alt,60-67,antall personer,658
EliminatedValue,4,30110,1,0,0,ok-sos006,2008,Grorud,Kvinner,I alt,antall personer,903
EliminatedValue,4,30110,1,1,0,ok-sos006,2008,Grorud,Kvinner,18-29,antall personer,18
EliminatedValue,4,30110,1,2,0,ok-sos006,2008,Grorud,Kvinner,30-39,antall personer,38
EliminatedValue,4,30110,1,3,0,ok-sos006,2008,Grorud,Kvinner,40-49,antall personer,147
EliminatedValue,4,30110,1,4,0,ok-sos006,2008,Grorud,Kvinner,50-59,antall personer,308
EliminatedValue,4,30110,1,5,0,ok-sos006,2008,Grorud,Kvinner,60-67,antall personer,392
EliminatedValue,4,30110,2,0,0,ok-sos006,2008,Grorud,Menn,I alt,antall personer,693
EliminatedValue,4,30110,2,1,0,ok-sos006,2008,Grorud,Menn,18-29,antall personer,20
EliminatedValue,4,30110,2,2,0,ok-sos006,2008,Grorud,Menn,30-39,antall personer,35
EliminatedValue,4,30110,2,3,0,ok-sos006,2008,Grorud,Menn,40-49,antall personer,122
EliminatedValue,4,30110,2,4,0,ok-sos006,2008,Grorud,Menn,50-59,antall personer,250
EliminatedValue,4,30110,2,5,0,ok-sos006,2008,Grorud,Menn,60-67,antall personer,266
EliminatedValue,4,30111,0,0,0,ok-sos006,2008,Stovner,I alt,I alt,antall personer,2015
EliminatedValue,4,30111,0,1,0,ok-sos006,2008,Stovner,I alt,18-29,antall personer,35
EliminatedValue,4,30111,0,2,0,ok-sos006,2008,Stovner,I alt,30-39,antall personer,108
EliminatedValue,4,30111,0,3,0,ok-sos006,2008,Stovner,I alt,40-49,antall personer,293
EliminatedValue,4,30111,0,4,0,ok-sos006,2008,Stovner,I alt,50-59,antall personer,645
EliminatedValue,4,30111,0,5,0,ok-sos006,2008,Stovner,I alt,60-67,antall personer,934
EliminatedValue,4,30111,1,0,0,ok-sos006,2008,Stovner,Kvinner,I alt,antall personer,1202
EliminatedValue,4,30111,1,1,0,ok-sos006,2008,Stovner,Kvinner,18-29,antall personer,15
EliminatedValue,4,30111,1,2,0,ok-sos006,2008,Stovner,Kvinner,30-39,antall personer,56
EliminatedValue,4,30111,1,3,0,ok-sos006,2008,Stovner,Kvinner,40-49,antall personer,162
EliminatedValue,4,30111,1,4,0,ok-sos006,2008,Stovner,Kvinner,50-59,antall personer,399
EliminatedValue,4,30111,1,5,0,ok-sos006,2008,Stovner,Kvinner,60-67,antall personer,570
EliminatedValue,4,30111,2,0,0,ok-sos006,2008,Stovner,Menn,I alt,antall personer,813
EliminatedValue,4,30111,2,1,0,ok-sos006,2008,Stovner,Menn,18-29,antall personer,20
EliminatedValue,4,30111,2,2,0,ok-sos006,2008,Stovner,Menn,30-39,antall personer,52
EliminatedValue,4,30111,2,3,0,ok-sos006,2008,Stovner,Menn,40-49,antall personer,131
EliminatedValue,4,30111,2,4,0,ok-sos006,2008,Stovner,Menn,50-59,antall personer,246
EliminatedValue,4,30111,2,5,0,ok-sos006,2008,Stovner,Menn,60-67,antall personer,364
EliminatedValue,4,30112,0,0,0,ok-sos006,2008,Alna,I alt,I alt,antall personer,2862
EliminatedValue,4,30112,0,1,0,ok-sos006,2008,Alna,I alt,18-29,antall personer,64
EliminatedValue,4,30112,0,2,0,ok-sos006,2008,Alna,I alt,30-39,antall personer,136
EliminatedValue,4,30112,0,3,0,ok-sos006,2008,Alna,I alt,40-49,antall personer,449
EliminatedValue,4,30112,0,4,0,ok-sos006,2008,Alna,I alt,50-59,antall personer,1047
EliminatedValue,4,30112,0,5,0,ok-sos006,2008,Alna,I alt,60-67,antall personer,1166
EliminatedValue,4,30112,1,0,0,ok-sos006,2008,Alna,Kvinner,I alt,antall personer,1614
EliminatedValue,4,30112,1,1,0,ok-sos006,2008,Alna,Kvinner,18-29,antall personer,31
EliminatedValue,4,30112,1,2,0,ok-sos006,2008,Alna,Kvinner,30-39,antall personer,66
EliminatedValue,4,30112,1,3,0,ok-sos006,2008,Alna,Kvinner,40-49,antall personer,230
EliminatedValue,4,30112,1,4,0,ok-sos006,2008,Alna,Kvinner,50-59,antall personer,622
EliminatedValue,4,30112,1,5,0,ok-sos006,2008,Alna,Kvinner,60-67,antall personer,665
EliminatedValue,4,30112,2,0,0,ok-sos006,2008,Alna,Menn,I alt,antall personer,1248
EliminatedValue,4,30112,2,1,0,ok-sos006,2008,Alna,Menn,18-29,antall personer,33
EliminatedValue,4,30112,2,2,0,ok-sos006,2008,Alna,Menn,30-39,antall personer,70
EliminatedValue,4,30112,2,3,0,ok-sos006,2008,Alna,Menn,40-49,antall personer,219
EliminatedValue,4,30112,2,4,0,ok-sos006,2008,Alna,Menn,50-59,antall personer,425
EliminatedValue,4,30112,2,5,0,ok-sos006,2008,Alna,Menn,60-67,antall personer,501
EliminatedValue,4,30113,0,0,0,ok-sos006,2008,Østensjø,I alt,I alt,antall personer,2072
EliminatedValue,4,30113,0,1,0,ok-sos006,2008,Østensjø,I alt,18-29,antall personer,41
EliminatedValue,4,30113,0,2,0,ok-sos006,2008,Østensjø,I alt,30-39,antall personer,94
EliminatedValue,4,30113,0,3,0,ok-sos006,2008,Østensjø,I alt,40-49,antall personer,374
EliminatedValue,4,30113,0,4,0,ok-sos006,2008,Østensjø,I alt,50-59,antall personer,712
EliminatedValue,4,30113,0,5,0,ok-sos006,2008,Østensjø,I alt,60-67,antall personer,851
EliminatedValue,4,30113,1,0,0,ok-sos006,2008,Østensjø,Kvinner,I alt,antall personer,1233
EliminatedValue,4,30113,1,1,0,ok-sos006,2008,Østensjø,Kvinner,18-29,antall personer,23
EliminatedValue,4,30113,1,2,0,ok-sos006,2008,Østensjø,Kvinner,30-39,antall personer,49
EliminatedValue,4,30113,1,3,0,ok-sos006,2008,Østensjø,Kvinner,40-49,antall personer,223
EliminatedValue,4,30113,1,4,0,ok-sos006,2008,Østensjø,Kvinner,50-59,antall personer,426
EliminatedValue,4,30113,1,5,0,ok-sos006,2008,Østensjø,Kvinner,60-67,antall personer,512
EliminatedValue,4,30113,2,0,0,ok-sos006,2008,Østensjø,Menn,I alt,antall personer,839
EliminatedValue,4,30113,2,1,0,ok-sos006,2008,Østensjø,Menn,18-29,antall personer,18
EliminatedValue,4,30113,2,2,0,ok-sos006,2008,Østensjø,Menn,30-39,antall personer,45
EliminatedValue,4,30113,2,3,0,ok-sos006,2008,Østensjø,Menn,40-49,antall personer,151
EliminatedValue,4,30113,2,4,0,ok-sos006,2008,Østensjø,Menn,50-59,antall personer,286
EliminatedValue,4,30113,2,5,0,ok-sos006,2008,Østensjø,Menn,60-67,antall personer,339
EliminatedValue,4,30114,0,0,0,ok-sos006,2008,Nordstrand,I alt,I alt,antall personer,1767
EliminatedValue,4,30114,0,1,0,ok-sos006,2008,Nordstrand,I alt,18-29,antall personer,40
EliminatedValue,4,30114,0,2,0,ok-sos006,2008,Nordstrand,I alt,30-39,antall personer,82
EliminatedValue,4,30114,0,3,0,ok-sos006,2008,Nordstrand,I alt,40-49,antall personer,243
EliminatedValue,4,30114,0,4,0,ok-sos006,2008,Nordstrand,I alt,50-59,antall personer,582
EliminatedValue,4,30114,0,5,0,ok-sos006,2008,Nordstrand,I alt,60-67,antall personer,820
EliminatedValue,4,30114,1,0,0,ok-sos006,2008,Nordstrand,Kvinner,I alt,antall personer,1068
EliminatedValue,4,30114,1,1,0,ok-sos006,2008,Nordstrand,Kvinner,18-29,antall personer,20
EliminatedValue,4,30114,1,2,0,ok-sos006,2008,Nordstrand,Kvinner,30-39,antall personer,43
EliminatedValue,4,30114,1,3,0,ok-sos006,2008,Nordstrand,Kvinner,40-49,antall personer,149
EliminatedValue,4,30114,1,4,0,ok-sos006,2008,Nordstrand,Kvinner,50-59,antall personer,358
EliminatedValue,4,30114,1,5,0,ok-sos006,2008,Nordstrand,Kvinner,60-67,antall personer,498
EliminatedValue,4,30114,2,0,0,ok-sos006,2008,Nordstrand,Menn,I alt,antall personer,699
EliminatedValue,4,30114,2,1,0,ok-sos006,2008,Nordstrand,Menn,18-29,antall personer,20
EliminatedValue,4,30114,2,2,0,ok-sos006,2008,Nordstrand,Menn,30-39,antall personer,39
EliminatedValue,4,30114,2,3,0,ok-sos006,2008,Nordstrand,Menn,40-49,antall personer,94
EliminatedValue,4,30114,2,4,0,ok-sos006,2008,Nordstrand,Menn,50-59,antall personer,224
EliminatedValue,4,30114,2,5,0,ok-sos006,2008,Nordstrand,Menn,60-67,antall personer,322
EliminatedValue,4,30115,0,0,0,ok-sos006,2008,Søndre Nordstrand,I alt,I alt,antall personer,1775
EliminatedValue,4,30115,0,1,0,ok-sos006,2008,Søndre Nordstrand,I alt,18-29,antall personer,59
EliminatedValue,4,30115,0,2,0,ok-sos006,2008,Søndre Nordstrand,I alt,30-39,antall personer,87
EliminatedValue,4,30115,0,3,0,ok-sos006,2008,Søndre Nordstrand,I alt,40-49,antall personer,319
EliminatedValue,4,30115,0,4,0,ok-sos006,2008,Søndre Nordstrand,I alt,50-59,antall personer,639
EliminatedValue,4,30115,0,5,0,ok-sos006,2008,Søndre Nordstrand,I alt,60-67,antall personer,671
EliminatedValue,4,30115,1,0,0,ok-sos006,2008,Søndre Nordstrand,Kvinner,I alt,antall personer,957
EliminatedValue,4,30115,1,1,0,ok-sos006,2008,Søndre Nordstrand,Kvinner,18-29,antall personer,27
EliminatedValue,4,30115,1,2,0,ok-sos006,2008,Søndre Nordstrand,Kvinner,30-39,antall personer,50
EliminatedValue,4,30115,1,3,0,ok-sos006,2008,Søndre Nordstrand,Kvinner,40-49,antall personer,157
EliminatedValue,4,30115,1,4,0,ok-sos006,2008,Søndre Nordstrand,Kvinner,50-59,antall personer,380
EliminatedValue,4,30115,1,5,0,ok-sos006,2008,Søndre Nordstrand,Kvinner,60-67,antall personer,343
EliminatedValue,4,30115,2,0,0,ok-sos006,2008,Søndre Nordstrand,Menn,I alt,antall personer,818
EliminatedValue,4,30115,2,1,0,ok-sos006,2008,Søndre Nordstrand,Menn,18-29,antall personer,32
EliminatedValue,4,30115,2,2,0,ok-sos006,2008,Søndre Nordstrand,Menn,30-39,antall personer,37
EliminatedValue,4,30115,2,3,0,ok-sos006,2008,Søndre Nordstrand,Menn,40-49,antall personer,162
EliminatedValue,4,30115,2,4,0,ok-sos006,2008,Søndre Nordstrand,Menn,50-59,antall personer,259
EliminatedValue,4,30115,2,5,0,ok-sos006,2008,Søndre Nordstrand,Menn,60-67,antall personer,328
EliminatedValue,4,30199,0,0,0,ok-sos006,2008,Uten registrert adresse,I alt,I alt,antall personer,183
EliminatedValue,4,30199,0,1,0,ok-sos006,2008,Uten registrert adresse,I alt,18-29,antall personer,0
EliminatedValue,4,30199,0,2,0,ok-sos006,2008,Uten registrert adresse,I alt,30-39,antall personer,18
EliminatedValue,4,30199,0,3,0,ok-sos006,2008,Uten registrert adresse,I alt,40-49,antall personer,57
EliminatedValue,4,30199,0,4,0,ok-sos006,2008,Uten registrert adresse,I alt,50-59,antall personer,59
EliminatedValue,4,30199,0,5,0,ok-sos006,2008,Uten registrert adresse,I alt,60-67,antall personer,49
EliminatedValue,4,30199,1,0,0,ok-sos006,2008,Uten registrert adresse,Kvinner,I alt,antall personer,61
EliminatedValue,4,30199,1,1,0,ok-sos006,2008,Uten registrert adresse,Kvinner,18-29,antall personer,0
EliminatedValue,4,30199,1,2,0,ok-sos006,2008,Uten registrert adresse,Kvinner,30-39,antall personer,6
EliminatedValue,4,30199,1,3,0,ok-sos006,2008,Uten registrert adresse,Kvinner,40-49,antall personer,22
EliminatedValue,4,30199,1,4,0,ok-sos006,2008,Uten registrert adresse,Kvinner,50-59,antall personer,20
EliminatedValue,4,30199,1,5,0,ok-sos006,2008,Uten registrert adresse,Kvinner,60-67,antall personer,13
EliminatedValue,4,30199,2,0,0,ok-sos006,2008,Uten registrert adresse,Menn,I alt,antall personer,122
EliminatedValue,4,30199,2,1,0,ok-sos006,2008,Uten registrert adresse,Menn,18-29,antall personer,0
EliminatedValue,4,30199,2,2,0,ok-sos006,2008,Uten registrert adresse,Menn,30-39,antall personer,12
EliminatedValue,4,30199,2,3,0,ok-sos006,2008,Uten registrert adresse,Menn,40-49,antall personer,35
EliminatedValue,4,30199,2,4,0,ok-sos006,2008,Uten registrert adresse,Menn,50-59,antall personer,39
EliminatedValue,4,30199,2,5,0,ok-sos006,2008,Uten registrert adresse,Menn,60-67,antall personer,36
EliminatedValue,4,30118195,0,0,0,ok-sos006,2008,Ukjent bydel,I alt,I alt,antall personer,
EliminatedValue,4,30118195,0,1,0,ok-sos006,2008,Ukjent bydel,I alt,18-29,antall personer,
EliminatedValue,4,30118195,0,2,0,ok-sos006,2008,Ukjent bydel,I alt,30-39,antall personer,
EliminatedValue,4,30118195,0,3,0,ok-sos006,2008,Ukjent bydel,I alt,40-49,antall personer,
EliminatedValue,4,30118195,0,4,0,ok-sos006,2008,Ukjent bydel,I alt,50-59,antall personer,
EliminatedValue,4,30118195,0,5,0,ok-sos006,2008,Ukjent bydel,I alt,60-67,antall personer,
EliminatedValue,4,30118195,1,0,0,ok-sos006,2008,Ukjent bydel,Kvinner,I alt,antall personer,
EliminatedValue,4,30118195,1,1,0,ok-sos006,2008,Ukjent bydel,Kvinner,18-29,antall personer,
EliminatedValue,4,30118195,1,2,0,ok-sos006,2008,Ukjent bydel,Kvinner,30-39,antall personer,
EliminatedValue,4,30118195,1,3,0,ok-sos006,2008,Ukjent bydel,Kvinner,40-49,antall personer,
EliminatedValue,4,30118195,1,4,0,ok-sos006,2008,Ukjent bydel,Kvinner,50-59,antall personer,
EliminatedValue,4,30118195,1,5,0,ok-sos006,2008,Ukjent bydel,Kvinner,60-67,antall personer,
EliminatedValue,4,30118195,2,0,0,ok-sos006,2008,Ukjent bydel,Menn,I alt,antall personer,
EliminatedValue,4,30118195,2,1,0,ok-sos006,2008,Ukjent bydel,Menn,18-29,antall personer,
EliminatedValue,4,30118195,2,2,0,ok-sos006,2008,Ukjent bydel,Menn,30-39,antall personer,
EliminatedValue,4,30118195,2,3,0,ok-sos006,2008,Ukjent bydel,Menn,40-49,antall personer,
EliminatedValue,4,30118195,2,4,0,ok-sos006,2008,Ukjent bydel,Menn,50-59,antall personer,
EliminatedValue,4,30118195,2,5,0,ok-sos006,2008,Ukjent bydel,Menn,60-67,antall personer,
EliminatedValue,5,301,0,0,0,ok-sos006,2009,Oslo i alt,I alt,I alt,antall personer,24059
EliminatedValue,5,301,0,1,0,ok-sos006,2009,Oslo i alt,I alt,18-29,antall personer,534
EliminatedValue,5,301,0,2,0,ok-sos006,2009,Oslo i alt,I alt,30-39,antall personer,1216
EliminatedValue,5,301,0,3,0,ok-sos006,2009,Oslo i alt,I alt,40-49,antall personer,3826
EliminatedValue,5,301,0,4,0,ok-sos006,2009,Oslo i alt,I alt,50-59,antall personer,8108
EliminatedValue,5,301,0,5,0,ok-sos006,2009,Oslo i alt,I alt,60-67,antall personer,10375
EliminatedValue,5,301,1,0,0,ok-sos006,2009,Oslo i alt,Kvinner,I alt,antall personer,13449
EliminatedValue,5,301,1,1,0,ok-sos006,2009,Oslo i alt,Kvinner,18-29,antall personer,251
EliminatedValue,5,301,1,2,0,ok-sos006,2009,Oslo i alt,Kvinner,30-39,antall personer,576
EliminatedValue,5,301,1,3,0,ok-sos006,2009,Oslo i alt,Kvinner,40-49,antall personer,1998
EliminatedValue,5,301,1,4,0,ok-sos006,2009,Oslo i alt,Kvinner,50-59,antall personer,4651
EliminatedValue,5,301,1,5,0,ok-sos006,2009,Oslo i alt,Kvinner,60-67,antall personer,5973
EliminatedValue,5,301,2,0,0,ok-sos006,2009,Oslo i alt,Menn,I alt,antall personer,10610
EliminatedValue,5,301,2,1,0,ok-sos006,2009,Oslo i alt,Menn,18-29,antall personer,283
EliminatedValue,5,301,2,2,0,ok-sos006,2009,Oslo i alt,Menn,30-39,antall personer,640
EliminatedValue,5,301,2,3,0,ok-sos006,2009,Oslo i alt,Menn,40-49,antall personer,1828
EliminatedValue,5,301,2,4,0,ok-sos006,2009,Oslo i alt,Menn,50-59,antall personer,3457
EliminatedValue,5,301,2,5,0,ok-sos006,2009,Oslo i alt,Menn,60-67,antall personer,4402
EliminatedValue,5,30101,0,0,0,ok-sos006,2009,Gamle Oslo,I alt,I alt,antall personer,1763
EliminatedValue,5,30101,0,1,0,ok-sos006,2009,Gamle Oslo,I alt,18-29,antall personer,34
EliminatedValue,5,30101,0,2,0,ok-sos006,2009,Gamle Oslo,I alt,30-39,antall personer,119
EliminatedValue,5,30101,0,3,0,ok-sos006,2009,Gamle Oslo,I alt,40-49,antall personer,321
EliminatedValue,5,30101,0,4,0,ok-sos006,2009,Gamle Oslo,I alt,50-59,antall personer,619
EliminatedValue,5,30101,0,5,0,ok-sos006,2009,Gamle Oslo,I alt,60-67,antall personer,670
EliminatedValue,5,30101,1,0,0,ok-sos006,2009,Gamle Oslo,Kvinner,I alt,antall personer,843
EliminatedValue,5,30101,1,1,0,ok-sos006,2009,Gamle Oslo,Kvinner,18-29,antall personer,13
EliminatedValue,5,30101,1,2,0,ok-sos006,2009,Gamle Oslo,Kvinner,30-39,antall personer,56
EliminatedValue,5,30101,1,3,0,ok-sos006,2009,Gamle Oslo,Kvinner,40-49,antall personer,137
EliminatedValue,5,30101,1,4,0,ok-sos006,2009,Gamle Oslo,Kvinner,50-59,antall personer,303
EliminatedValue,5,30101,1,5,0,ok-sos006,2009,Gamle Oslo,Kvinner,60-67,antall personer,334
EliminatedValue,5,30101,2,0,0,ok-sos006,2009,Gamle Oslo,Menn,I alt,antall personer,920
EliminatedValue,5,30101,2,1,0,ok-sos006,2009,Gamle Oslo,Menn,18-29,antall personer,21
EliminatedValue,5,30101,2,2,0,ok-sos006,2009,Gamle Oslo,Menn,30-39,antall personer,63
EliminatedValue,5,30101,2,3,0,ok-sos006,2009,Gamle Oslo,Menn,40-49,antall personer,184
EliminatedValue,5,30101,2,4,0,ok-sos006,2009,Gamle Oslo,Menn,50-59,antall personer,316
EliminatedValue,5,30101,2,5,0,ok-sos006,2009,Gamle Oslo,Menn,60-67,antall personer,336
EliminatedValue,5,30102,0,0,0,ok-sos006,2009,Grünerløkka,I alt,I alt,antall personer,1683
EliminatedValue,5,30102,0,1,0,ok-sos006,2009,Grünerløkka,I alt,18-29,antall personer,16
EliminatedValue,5,30102,0,2,0,ok-sos006,2009,Grünerløkka,I alt,30-39,antall personer,103
EliminatedValue,5,30102,0,3,0,ok-sos006,2009,Grünerløkka,I alt,40-49,antall personer,316
EliminatedValue,5,30102,0,4,0,ok-sos006,2009,Grünerløkka,I alt,50-59,antall personer,627
EliminatedValue,5,30102,0,5,0,ok-sos006,2009,Grünerløkka,I alt,60-67,antall personer,621
EliminatedValue,5,30102,1,0,0,ok-sos006,2009,Grünerløkka,Kvinner,I alt,antall personer,827
EliminatedValue,5,30102,1,1,0,ok-sos006,2009,Grünerløkka,Kvinner,18-29,antall personer,7
EliminatedValue,5,30102,1,2,0,ok-sos006,2009,Grünerløkka,Kvinner,30-39,antall personer,41
EliminatedValue,5,30102,1,3,0,ok-sos006,2009,Grünerløkka,Kvinner,40-49,antall personer,153
EliminatedValue,5,30102,1,4,0,ok-sos006,2009,Grünerløkka,Kvinner,50-59,antall personer,309
EliminatedValue,5,30102,1,5,0,ok-sos006,2009,Grünerløkka,Kvinner,60-67,antall personer,317
EliminatedValue,5,30102,2,0,0,ok-sos006,2009,Grünerløkka,Menn,I alt,antall personer,856
EliminatedValue,5,30102,2,1,0,ok-sos006,2009,Grünerløkka,Menn,18-29,antall personer,9
EliminatedValue,5,30102,2,2,0,ok-sos006,2009,Grünerløkka,Menn,30-39,antall personer,62
EliminatedValue,5,30102,2,3,0,ok-sos006,2009,Grünerløkka,Menn,40-49,antall personer,163
EliminatedValue,5,30102,2,4,0,ok-sos006,2009,Grünerløkka,Menn,50-59,antall personer,318
EliminatedValue,5,30102,2,5,0,ok-sos006,2009,Grünerløkka,Menn,60-67,antall personer,304
EliminatedValue,5,30103,0,0,0,ok-sos006,2009,Sagene,I alt,I alt,antall personer,1626
EliminatedValue,5,30103,0,1,0,ok-sos006,2009,Sagene,I alt,18-29,antall personer,27
EliminatedValue,5,30103,0,2,0,ok-sos006,2009,Sagene,I alt,30-39,antall personer,77
EliminatedValue,5,30103,0,3,0,ok-sos006,2009,Sagene,I alt,40-49,antall personer,333
EliminatedValue,5,30103,0,4,0,ok-sos006,2009,Sagene,I alt,50-59,antall personer,584
EliminatedValue,5,30103,0,5,0,ok-sos006,2009,Sagene,I alt,60-67,antall personer,605
EliminatedValue,5,30103,1,0,0,ok-sos006,2009,Sagene,Kvinner,I alt,antall personer,768
EliminatedValue,5,30103,1,1,0,ok-sos006,2009,Sagene,Kvinner,18-29,antall personer,11
EliminatedValue,5,30103,1,2,0,ok-sos006,2009,Sagene,Kvinner,30-39,antall personer,33
EliminatedValue,5,30103,1,3,0,ok-sos006,2009,Sagene,Kvinner,40-49,antall personer,148
EliminatedValue,5,30103,1,4,0,ok-sos006,2009,Sagene,Kvinner,50-59,antall personer,277
EliminatedValue,5,30103,1,5,0,ok-sos006,2009,Sagene,Kvinner,60-67,antall personer,299
EliminatedValue,5,30103,2,0,0,ok-sos006,2009,Sagene,Menn,I alt,antall personer,858
EliminatedValue,5,30103,2,1,0,ok-sos006,2009,Sagene,Menn,18-29,antall personer,16
EliminatedValue,5,30103,2,2,0,ok-sos006,2009,Sagene,Menn,30-39,antall personer,44
EliminatedValue,5,30103,2,3,0,ok-sos006,2009,Sagene,Menn,40-49,antall personer,185
EliminatedValue,5,30103,2,4,0,ok-sos006,2009,Sagene,Menn,50-59,antall personer,307
EliminatedValue,5,30103,2,5,0,ok-sos006,2009,Sagene,Menn,60-67,antall personer,306
EliminatedValue,5,30104,0,0,0,ok-sos006,2009,St. Hanshaugen,I alt,I alt,antall personer,904
EliminatedValue,5,30104,0,1,0,ok-sos006,2009,St. Hanshaugen,I alt,18-29,antall personer,19
EliminatedValue,5,30104,0,2,0,ok-sos006,2009,St. Hanshaugen,I alt,30-39,antall personer,44
EliminatedValue,5,30104,0,3,0,ok-sos006,2009,St. Hanshaugen,I alt,40-49,antall personer,159
EliminatedValue,5,30104,0,4,0,ok-sos006,2009,St. Hanshaugen,I alt,50-59,antall personer,294
EliminatedValue,5,30104,0,5,0,ok-sos006,2009,St. Hanshaugen,I alt,60-67,antall personer,388
EliminatedValue,5,30104,1,0,0,ok-sos006,2009,St. Hanshaugen,Kvinner,I alt,antall personer,472
EliminatedValue,5,30104,1,1,0,ok-sos006,2009,St. Hanshaugen,Kvinner,18-29,antall personer,11
EliminatedValue,5,30104,1,2,0,ok-sos006,2009,St. Hanshaugen,Kvinner,30-39,antall personer,17
EliminatedValue,5,30104,1,3,0,ok-sos006,2009,St. Hanshaugen,Kvinner,40-49,antall personer,67
EliminatedValue,5,30104,1,4,0,ok-sos006,2009,St. Hanshaugen,Kvinner,50-59,antall personer,149
EliminatedValue,5,30104,1,5,0,ok-sos006,2009,St. Hanshaugen,Kvinner,60-67,antall personer,228
EliminatedValue,5,30104,2,0,0,ok-sos006,2009,St. Hanshaugen,Menn,I alt,antall personer,432
EliminatedValue,5,30104,2,1,0,ok-sos006,2009,St. Hanshaugen,Menn,18-29,antall personer,8
EliminatedValue,5,30104,2,2,0,ok-sos006,2009,St. Hanshaugen,Menn,30-39,antall personer,27
EliminatedValue,5,30104,2,3,0,ok-sos006,2009,St. Hanshaugen,Menn,40-49,antall personer,92
EliminatedValue,5,30104,2,4,0,ok-sos006,2009,St. Hanshaugen,Menn,50-59,antall personer,145
EliminatedValue,5,30104,2,5,0,ok-sos006,2009,St. Hanshaugen,Menn,60-67,antall personer,160
EliminatedValue,5,30105,0,0,0,ok-sos006,2009,Frogner,I alt,I alt,antall personer,1555
EliminatedValue,5,30105,0,1,0,ok-sos006,2009,Frogner,I alt,18-29,antall personer,22
EliminatedValue,5,30105,0,2,0,ok-sos006,2009,Frogner,I alt,30-39,antall personer,83
EliminatedValue,5,30105,0,3,0,ok-sos006,2009,Frogner,I alt,40-49,antall personer,199
EliminatedValue,5,30105,0,4,0,ok-sos006,2009,Frogner,I alt,50-59,antall personer,463
EliminatedValue,5,30105,0,5,0,ok-sos006,2009,Frogner,I alt,60-67,antall personer,788
EliminatedValue,5,30105,1,0,0,ok-sos006,2009,Frogner,Kvinner,I alt,antall personer,894
EliminatedValue,5,30105,1,1,0,ok-sos006,2009,Frogner,Kvinner,18-29,antall personer,9
EliminatedValue,5,30105,1,2,0,ok-sos006,2009,Frogner,Kvinner,30-39,antall personer,44
EliminatedValue,5,30105,1,3,0,ok-sos006,2009,Frogner,Kvinner,40-49,antall personer,107
EliminatedValue,5,30105,1,4,0,ok-sos006,2009,Frogner,Kvinner,50-59,antall personer,260
EliminatedValue,5,30105,1,5,0,ok-sos006,2009,Frogner,Kvinner,60-67,antall personer,474
EliminatedValue,5,30105,2,0,0,ok-sos006,2009,Frogner,Menn,I alt,antall personer,661
EliminatedValue,5,30105,2,1,0,ok-sos006,2009,Frogner,Menn,18-29,antall personer,13
EliminatedValue,5,30105,2,2,0,ok-sos006,2009,Frogner,Menn,30-39,antall personer,39
EliminatedValue,5,30105,2,3,0,ok-sos006,2009,Frogner,Menn,40-49,antall personer,92
EliminatedValue,5,30105,2,4,0,ok-sos006,2009,Frogner,Menn,50-59,antall personer,203
EliminatedValue,5,30105,2,5,0,ok-sos006,2009,Frogner,Menn,60-67,antall personer,314
EliminatedValue,5,30106,0,0,0,ok-sos006,2009,Ullern,I alt,I alt,antall personer,855
EliminatedValue,5,30106,0,1,0,ok-sos006,2009,Ullern,I alt,18-29,antall personer,27
EliminatedValue,5,30106,0,2,0,ok-sos006,2009,Ullern,I alt,30-39,antall personer,50
EliminatedValue,5,30106,0,3,0,ok-sos006,2009,Ullern,I alt,40-49,antall personer,92
EliminatedValue,5,30106,0,4,0,ok-sos006,2009,Ullern,I alt,50-59,antall personer,252
EliminatedValue,5,30106,0,5,0,ok-sos006,2009,Ullern,I alt,60-67,antall personer,434
EliminatedValue,5,30106,1,0,0,ok-sos006,2009,Ullern,Kvinner,I alt,antall personer,552
EliminatedValue,5,30106,1,1,0,ok-sos006,2009,Ullern,Kvinner,18-29,antall personer,8
EliminatedValue,5,30106,1,2,0,ok-sos006,2009,Ullern,Kvinner,30-39,antall personer,22
EliminatedValue,5,30106,1,3,0,ok-sos006,2009,Ullern,Kvinner,40-49,antall personer,52
EliminatedValue,5,30106,1,4,0,ok-sos006,2009,Ullern,Kvinner,50-59,antall personer,186
EliminatedValue,5,30106,1,5,0,ok-sos006,2009,Ullern,Kvinner,60-67,antall personer,284
EliminatedValue,5,30106,2,0,0,ok-sos006,2009,Ullern,Menn,I alt,antall personer,303
EliminatedValue,5,30106,2,1,0,ok-sos006,2009,Ullern,Menn,18-29,antall personer,19
EliminatedValue,5,30106,2,2,0,ok-sos006,2009,Ullern,Menn,30-39,antall personer,28
EliminatedValue,5,30106,2,3,0,ok-sos006,2009,Ullern,Menn,40-49,antall personer,40
EliminatedValue,5,30106,2,4,0,ok-sos006,2009,Ullern,Menn,50-59,antall personer,66
EliminatedValue,5,30106,2,5,0,ok-sos006,2009,Ullern,Menn,60-67,antall personer,150
EliminatedValue,5,30107,0,0,0,ok-sos006,2009,Vestre Aker,I alt,I alt,antall personer,1235
EliminatedValue,5,30107,0,1,0,ok-sos006,2009,Vestre Aker,I alt,18-29,antall personer,37
EliminatedValue,5,30107,0,2,0,ok-sos006,2009,Vestre Aker,I alt,30-39,antall personer,65
EliminatedValue,5,30107,0,3,0,ok-sos006,2009,Vestre Aker,I alt,40-49,antall personer,161
EliminatedValue,5,30107,0,4,0,ok-sos006,2009,Vestre Aker,I alt,50-59,antall personer,391
EliminatedValue,5,30107,0,5,0,ok-sos006,2009,Vestre Aker,I alt,60-67,antall personer,581
EliminatedValue,5,30107,1,0,0,ok-sos006,2009,Vestre Aker,Kvinner,I alt,antall personer,756
EliminatedValue,5,30107,1,1,0,ok-sos006,2009,Vestre Aker,Kvinner,18-29,antall personer,17
EliminatedValue,5,30107,1,2,0,ok-sos006,2009,Vestre Aker,Kvinner,30-39,antall personer,25
EliminatedValue,5,30107,1,3,0,ok-sos006,2009,Vestre Aker,Kvinner,40-49,antall personer,91
EliminatedValue,5,30107,1,4,0,ok-sos006,2009,Vestre Aker,Kvinner,50-59,antall personer,275
EliminatedValue,5,30107,1,5,0,ok-sos006,2009,Vestre Aker,Kvinner,60-67,antall personer,348
EliminatedValue,5,30107,2,0,0,ok-sos006,2009,Vestre Aker,Menn,I alt,antall personer,479
EliminatedValue,5,30107,2,1,0,ok-sos006,2009,Vestre Aker,Menn,18-29,antall personer,20
EliminatedValue,5,30107,2,2,0,ok-sos006,2009,Vestre Aker,Menn,30-39,antall personer,40
EliminatedValue,5,30107,2,3,0,ok-sos006,2009,Vestre Aker,Menn,40-49,antall personer,70
EliminatedValue,5,30107,2,4,0,ok-sos006,2009,Vestre Aker,Menn,50-59,antall personer,116
EliminatedValue,5,30107,2,5,0,ok-sos006,2009,Vestre Aker,Menn,60-67,antall personer,233
EliminatedValue,5,30108,0,0,0,ok-sos006,2009,Nordre Aker,I alt,I alt,antall personer,1245
EliminatedValue,5,30108,0,1,0,ok-sos006,2009,Nordre Aker,I alt,18-29,antall personer,37
EliminatedValue,5,30108,0,2,0,ok-sos006,2009,Nordre Aker,I alt,30-39,antall personer,72
EliminatedValue,5,30108,0,3,0,ok-sos006,2009,Nordre Aker,I alt,40-49,antall personer,171
EliminatedValue,5,30108,0,4,0,ok-sos006,2009,Nordre Aker,I alt,50-59,antall personer,408
EliminatedValue,5,30108,0,5,0,ok-sos006,2009,Nordre Aker,I alt,60-67,antall personer,557
EliminatedValue,5,30108,1,0,0,ok-sos006,2009,Nordre Aker,Kvinner,I alt,antall personer,739
EliminatedValue,5,30108,1,1,0,ok-sos006,2009,Nordre Aker,Kvinner,18-29,antall personer,18
EliminatedValue,5,30108,1,2,0,ok-sos006,2009,Nordre Aker,Kvinner,30-39,antall personer,36
EliminatedValue,5,30108,1,3,0,ok-sos006,2009,Nordre Aker,Kvinner,40-49,antall personer,97
EliminatedValue,5,30108,1,4,0,ok-sos006,2009,Nordre Aker,Kvinner,50-59,antall personer,241
EliminatedValue,5,30108,1,5,0,ok-sos006,2009,Nordre Aker,Kvinner,60-67,antall personer,347
EliminatedValue,5,30108,2,0,0,ok-sos006,2009,Nordre Aker,Menn,I alt,antall personer,506
EliminatedValue,5,30108,2,1,0,ok-sos006,2009,Nordre Aker,Menn,18-29,antall personer,19
EliminatedValue,5,30108,2,2,0,ok-sos006,2009,Nordre Aker,Menn,30-39,antall personer,36
EliminatedValue,5,30108,2,3,0,ok-sos006,2009,Nordre Aker,Menn,40-49,antall personer,74
EliminatedValue,5,30108,2,4,0,ok-sos006,2009,Nordre Aker,Menn,50-59,antall personer,167
EliminatedValue,5,30108,2,5,0,ok-sos006,2009,Nordre Aker,Menn,60-67,antall personer,210
EliminatedValue,5,30109,0,0,0,ok-sos006,2009,Bjerke,I alt,I alt,antall personer,1084
EliminatedValue,5,30109,0,1,0,ok-sos006,2009,Bjerke,I alt,18-29,antall personer,36
EliminatedValue,5,30109,0,2,0,ok-sos006,2009,Bjerke,I alt,30-39,antall personer,53
EliminatedValue,5,30109,0,3,0,ok-sos006,2009,Bjerke,I alt,40-49,antall personer,192
EliminatedValue,5,30109,0,4,0,ok-sos006,2009,Bjerke,I alt,50-59,antall personer,343
EliminatedValue,5,30109,0,5,0,ok-sos006,2009,Bjerke,I alt,60-67,antall personer,460
EliminatedValue,5,30109,1,0,0,ok-sos006,2009,Bjerke,Kvinner,I alt,antall personer,599
EliminatedValue,5,30109,1,1,0,ok-sos006,2009,Bjerke,Kvinner,18-29,antall personer,20
EliminatedValue,5,30109,1,2,0,ok-sos006,2009,Bjerke,Kvinner,30-39,antall personer,28
EliminatedValue,5,30109,1,3,0,ok-sos006,2009,Bjerke,Kvinner,40-49,antall personer,101
EliminatedValue,5,30109,1,4,0,ok-sos006,2009,Bjerke,Kvinner,50-59,antall personer,197
EliminatedValue,5,30109,1,5,0,ok-sos006,2009,Bjerke,Kvinner,60-67,antall personer,253
EliminatedValue,5,30109,2,0,0,ok-sos006,2009,Bjerke,Menn,I alt,antall personer,485
EliminatedValue,5,30109,2,1,0,ok-sos006,2009,Bjerke,Menn,18-29,antall personer,16
EliminatedValue,5,30109,2,2,0,ok-sos006,2009,Bjerke,Menn,30-39,antall personer,25
EliminatedValue,5,30109,2,3,0,ok-sos006,2009,Bjerke,Menn,40-49,antall personer,91
EliminatedValue,5,30109,2,4,0,ok-sos006,2009,Bjerke,Menn,50-59,antall personer,146
EliminatedValue,5,30109,2,5,0,ok-sos006,2009,Bjerke,Menn,60-67,antall personer,207
EliminatedValue,5,30110,0,0,0,ok-sos006,2009,Grorud,I alt,I alt,antall personer,1616
EliminatedValue,5,30110,0,1,0,ok-sos006,2009,Grorud,I alt,18-29,antall personer,36
EliminatedValue,5,30110,0,2,0,ok-sos006,2009,Grorud,I alt,30-39,antall personer,77
EliminatedValue,5,30110,0,3,0,ok-sos006,2009,Grorud,I alt,40-49,antall personer,247
EliminatedValue,5,30110,0,4,0,ok-sos006,2009,Grorud,I alt,50-59,antall personer,586
EliminatedValue,5,30110,0,5,0,ok-sos006,2009,Grorud,I alt,60-67,antall personer,670
EliminatedValue,5,30110,1,0,0,ok-sos006,2009,Grorud,Kvinner,I alt,antall personer,939
EliminatedValue,5,30110,1,1,0,ok-sos006,2009,Grorud,Kvinner,18-29,antall personer,18
EliminatedValue,5,30110,1,2,0,ok-sos006,2009,Grorud,Kvinner,30-39,antall personer,40
EliminatedValue,5,30110,1,3,0,ok-sos006,2009,Grorud,Kvinner,40-49,antall personer,144
EliminatedValue,5,30110,1,4,0,ok-sos006,2009,Grorud,Kvinner,50-59,antall personer,331
EliminatedValue,5,30110,1,5,0,ok-sos006,2009,Grorud,Kvinner,60-67,antall personer,406
EliminatedValue,5,30110,2,0,0,ok-sos006,2009,Grorud,Menn,I alt,antall personer,677
EliminatedValue,5,30110,2,1,0,ok-sos006,2009,Grorud,Menn,18-29,antall personer,18
EliminatedValue,5,30110,2,2,0,ok-sos006,2009,Grorud,Menn,30-39,antall personer,37
EliminatedValue,5,30110,2,3,0,ok-sos006,2009,Grorud,Menn,40-49,antall personer,103
EliminatedValue,5,30110,2,4,0,ok-sos006,2009,Grorud,Menn,50-59,antall personer,255
EliminatedValue,5,30110,2,5,0,ok-sos006,2009,Grorud,Menn,60-67,antall personer,264
EliminatedValue,5,30111,0,0,0,ok-sos006,2009,Stovner,I alt,I alt,antall personer,1991
EliminatedValue,5,30111,0,1,0,ok-sos006,2009,Stovner,I alt,18-29,antall personer,40
EliminatedValue,5,30111,0,2,0,ok-sos006,2009,Stovner,I alt,30-39,antall personer,98
EliminatedValue,5,30111,0,3,0,ok-sos006,2009,Stovner,I alt,40-49,antall personer,302
EliminatedValue,5,30111,0,4,0,ok-sos006,2009,Stovner,I alt,50-59,antall personer,639
EliminatedValue,5,30111,0,5,0,ok-sos006,2009,Stovner,I alt,60-67,antall personer,912
EliminatedValue,5,30111,1,0,0,ok-sos006,2009,Stovner,Kvinner,I alt,antall personer,1174
EliminatedValue,5,30111,1,1,0,ok-sos006,2009,Stovner,Kvinner,18-29,antall personer,15
EliminatedValue,5,30111,1,2,0,ok-sos006,2009,Stovner,Kvinner,30-39,antall personer,49
EliminatedValue,5,30111,1,3,0,ok-sos006,2009,Stovner,Kvinner,40-49,antall personer,159
EliminatedValue,5,30111,1,4,0,ok-sos006,2009,Stovner,Kvinner,50-59,antall personer,393
EliminatedValue,5,30111,1,5,0,ok-sos006,2009,Stovner,Kvinner,60-67,antall personer,558
EliminatedValue,5,30111,2,0,0,ok-sos006,2009,Stovner,Menn,I alt,antall personer,817
EliminatedValue,5,30111,2,1,0,ok-sos006,2009,Stovner,Menn,18-29,antall personer,25
EliminatedValue,5,30111,2,2,0,ok-sos006,2009,Stovner,Menn,30-39,antall personer,49
EliminatedValue,5,30111,2,3,0,ok-sos006,2009,Stovner,Menn,40-49,antall personer,143
EliminatedValue,5,30111,2,4,0,ok-sos006,2009,Stovner,Menn,50-59,antall personer,246
EliminatedValue,5,30111,2,5,0,ok-sos006,2009,Stovner,Menn,60-67,antall personer,354
EliminatedValue,5,30112,0,0,0,ok-sos006,2009,Alna,I alt,I alt,antall personer,2811
EliminatedValue,5,30112,0,1,0,ok-sos006,2009,Alna,I alt,18-29,antall personer,67
EliminatedValue,5,30112,0,2,0,ok-sos006,2009,Alna,I alt,30-39,antall personer,119
EliminatedValue,5,30112,0,3,0,ok-sos006,2009,Alna,I alt,40-49,antall personer,438
EliminatedValue,5,30112,0,4,0,ok-sos006,2009,Alna,I alt,50-59,antall personer,946
EliminatedValue,5,30112,0,5,0,ok-sos006,2009,Alna,I alt,60-67,antall personer,1241
EliminatedValue,5,30112,1,0,0,ok-sos006,2009,Alna,Kvinner,I alt,antall personer,1587
EliminatedValue,5,30112,1,1,0,ok-sos006,2009,Alna,Kvinner,18-29,antall personer,34
EliminatedValue,5,30112,1,2,0,ok-sos006,2009,Alna,Kvinner,30-39,antall personer,55
EliminatedValue,5,30112,1,3,0,ok-sos006,2009,Alna,Kvinner,40-49,antall personer,226
EliminatedValue,5,30112,1,4,0,ok-sos006,2009,Alna,Kvinner,50-59,antall personer,565
EliminatedValue,5,30112,1,5,0,ok-sos006,2009,Alna,Kvinner,60-67,antall personer,707
EliminatedValue,5,30112,2,0,0,ok-sos006,2009,Alna,Menn,I alt,antall personer,1224
EliminatedValue,5,30112,2,1,0,ok-sos006,2009,Alna,Menn,18-29,antall personer,33
EliminatedValue,5,30112,2,2,0,ok-sos006,2009,Alna,Menn,30-39,antall personer,64
EliminatedValue,5,30112,2,3,0,ok-sos006,2009,Alna,Menn,40-49,antall personer,212
EliminatedValue,5,30112,2,4,0,ok-sos006,2009,Alna,Menn,50-59,antall personer,381
EliminatedValue,5,30112,2,5,0,ok-sos006,2009,Alna,Menn,60-67,antall personer,534
EliminatedValue,5,30113,0,0,0,ok-sos006,2009,Østensjø,I alt,I alt,antall personer,2067
EliminatedValue,5,30113,0,1,0,ok-sos006,2009,Østensjø,I alt,18-29,antall personer,35
EliminatedValue,5,30113,0,2,0,ok-sos006,2009,Østensjø,I alt,30-39,antall personer,90
EliminatedValue,5,30113,0,3,0,ok-sos006,2009,Østensjø,I alt,40-49,antall personer,343
EliminatedValue,5,30113,0,4,0,ok-sos006,2009,Østensjø,I alt,50-59,antall personer,714
EliminatedValue,5,30113,0,5,0,ok-sos006,2009,Østensjø,I alt,60-67,antall personer,885
EliminatedValue,5,30113,1,0,0,ok-sos006,2009,Østensjø,Kvinner,I alt,antall personer,1212
EliminatedValue,5,30113,1,1,0,ok-sos006,2009,Østensjø,Kvinner,18-29,antall personer,22
EliminatedValue,5,30113,1,2,0,ok-sos006,2009,Østensjø,Kvinner,30-39,antall personer,42
EliminatedValue,5,30113,1,3,0,ok-sos006,2009,Østensjø,Kvinner,40-49,antall personer,198
EliminatedValue,5,30113,1,4,0,ok-sos006,2009,Østensjø,Kvinner,50-59,antall personer,421
EliminatedValue,5,30113,1,5,0,ok-sos006,2009,Østensjø,Kvinner,60-67,antall personer,529
EliminatedValue,5,30113,2,0,0,ok-sos006,2009,Østensjø,Menn,I alt,antall personer,855
EliminatedValue,5,30113,2,1,0,ok-sos006,2009,Østensjø,Menn,18-29,antall personer,13
EliminatedValue,5,30113,2,2,0,ok-sos006,2009,Østensjø,Menn,30-39,antall personer,48
EliminatedValue,5,30113,2,3,0,ok-sos006,2009,Østensjø,Menn,40-49,antall personer,145
EliminatedValue,5,30113,2,4,0,ok-sos006,2009,Østensjø,Menn,50-59,antall personer,293
EliminatedValue,5,30113,2,5,0,ok-sos006,2009,Østensjø,Menn,60-67,antall personer,356
EliminatedValue,5,30114,0,0,0,ok-sos006,2009,Nordstrand,I alt,I alt,antall personer,1778
EliminatedValue,5,30114,0,1,0,ok-sos006,2009,Nordstrand,I alt,18-29,antall personer,43
EliminatedValue,5,30114,0,2,0,ok-sos006,2009,Nordstrand,I alt,30-39,antall personer,77
EliminatedValue,5,30114,0,3,0,ok-sos006,2009,Nordstrand,I alt,40-49,antall personer,229
EliminatedValue,5,30114,0,4,0,ok-sos006,2009,Nordstrand,I alt,50-59,antall personer,572
EliminatedValue,5,30114,0,5,0,ok-sos006,2009,Nordstrand,I alt,60-67,antall personer,857
EliminatedValue,5,30114,1,0,0,ok-sos006,2009,Nordstrand,Kvinner,I alt,antall personer,1083
EliminatedValue,5,30114,1,1,0,ok-sos006,2009,Nordstrand,Kvinner,18-29,antall personer,21
EliminatedValue,5,30114,1,2,0,ok-sos006,2009,Nordstrand,Kvinner,30-39,antall personer,43
EliminatedValue,5,30114,1,3,0,ok-sos006,2009,Nordstrand,Kvinner,40-49,antall personer,144
EliminatedValue,5,30114,1,4,0,ok-sos006,2009,Nordstrand,Kvinner,50-59,antall personer,358
EliminatedValue,5,30114,1,5,0,ok-sos006,2009,Nordstrand,Kvinner,60-67,antall personer,517
EliminatedValue,5,30114,2,0,0,ok-sos006,2009,Nordstrand,Menn,I alt,antall personer,695
EliminatedValue,5,30114,2,1,0,ok-sos006,2009,Nordstrand,Menn,18-29,antall personer,22
EliminatedValue,5,30114,2,2,0,ok-sos006,2009,Nordstrand,Menn,30-39,antall personer,34
EliminatedValue,5,30114,2,3,0,ok-sos006,2009,Nordstrand,Menn,40-49,antall personer,85
EliminatedValue,5,30114,2,4,0,ok-sos006,2009,Nordstrand,Menn,50-59,antall personer,214
EliminatedValue,5,30114,2,5,0,ok-sos006,2009,Nordstrand,Menn,60-67,antall personer,340
EliminatedValue,5,30115,0,0,0,ok-sos006,2009,Søndre Nordstrand,I alt,I alt,antall personer,1774
EliminatedValue,5,30115,0,1,0,ok-sos006,2009,Søndre Nordstrand,I alt,18-29,antall personer,58
EliminatedValue,5,30115,0,2,0,ok-sos006,2009,Søndre Nordstrand,I alt,30-39,antall personer,81
EliminatedValue,5,30115,0,3,0,ok-sos006,2009,Søndre Nordstrand,I alt,40-49,antall personer,306
EliminatedValue,5,30115,0,4,0,ok-sos006,2009,Søndre Nordstrand,I alt,50-59,antall personer,648
EliminatedValue,5,30115,0,5,0,ok-sos006,2009,Søndre Nordstrand,I alt,60-67,antall personer,681
EliminatedValue,5,30115,1,0,0,ok-sos006,2009,Søndre Nordstrand,Kvinner,I alt,antall personer,970
EliminatedValue,5,30115,1,1,0,ok-sos006,2009,Søndre Nordstrand,Kvinner,18-29,antall personer,27
EliminatedValue,5,30115,1,2,0,ok-sos006,2009,Søndre Nordstrand,Kvinner,30-39,antall personer,42
EliminatedValue,5,30115,1,3,0,ok-sos006,2009,Søndre Nordstrand,Kvinner,40-49,antall personer,166
EliminatedValue,5,30115,1,4,0,ok-sos006,2009,Søndre Nordstrand,Kvinner,50-59,antall personer,375
EliminatedValue,5,30115,1,5,0,ok-sos006,2009,Søndre Nordstrand,Kvinner,60-67,antall personer,360
EliminatedValue,5,30115,2,0,0,ok-sos006,2009,Søndre Nordstrand,Menn,I alt,antall personer,804
EliminatedValue,5,30115,2,1,0,ok-sos006,2009,Søndre Nordstrand,Menn,18-29,antall personer,31
EliminatedValue,5,30115,2,2,0,ok-sos006,2009,Søndre Nordstrand,Menn,30-39,antall personer,39
EliminatedValue,5,30115,2,3,0,ok-sos006,2009,Søndre Nordstrand,Menn,40-49,antall personer,140
EliminatedValue,5,30115,2,4,0,ok-sos006,2009,Søndre Nordstrand,Menn,50-59,antall personer,273
EliminatedValue,5,30115,2,5,0,ok-sos006,2009,Søndre Nordstrand,Menn,60-67,antall personer,321
EliminatedValue,5,30199,0,0,0,ok-sos006,2009,Uten registrert adresse,I alt,I alt,antall personer,72
EliminatedValue,5,30199,0,1,0,ok-sos006,2009,Uten registrert adresse,I alt,18-29,antall personer,0
EliminatedValue,5,30199,0,2,0,ok-sos006,2009,Uten registrert adresse,I alt,30-39,antall personer,8
EliminatedValue,5,30199,0,3,0,ok-sos006,2009,Uten registrert adresse,I alt,40-49,antall personer,17
EliminatedValue,5,30199,0,4,0,ok-sos006,2009,Uten registrert adresse,I alt,50-59,antall personer,22
EliminatedValue,5,30199,0,5,0,ok-sos006,2009,Uten registrert adresse,I alt,60-67,antall personer,25
EliminatedValue,5,30199,1,0,0,ok-sos006,2009,Uten registrert adresse,Kvinner,I alt,antall personer,34
EliminatedValue,5,30199,1,1,0,ok-sos006,2009,Uten registrert adresse,Kvinner,18-29,antall personer,0
EliminatedValue,5,30199,1,2,0,ok-sos006,2009,Uten registrert adresse,Kvinner,30-39,antall personer,3
EliminatedValue,5,30199,1,3,0,ok-sos006,2009,Uten registrert adresse,Kvinner,40-49,antall personer,8
EliminatedValue,5,30199,1,4,0,ok-sos006,2009,Uten registrert adresse,Kvinner,50-59,antall personer,11
EliminatedValue,5,30199,1,5,0,ok-sos006,2009,Uten registrert adresse,Kvinner,60-67,antall personer,12
EliminatedValue,5,30199,2,0,0,ok-sos006,2009,Uten registrert adresse,Menn,I alt,antall personer,38
EliminatedValue,5,30199,2,1,0,ok-sos006,2009,Uten registrert adresse,Menn,18-29,antall personer,0
EliminatedValue,5,30199,2,2,0,ok-sos006,2009,Uten registrert adresse,Menn,30-39,antall personer,5
EliminatedValue,5,30199,2,3,0,ok-sos006,2009,Uten registrert adresse,Menn,40-49,antall personer,9
EliminatedValue,5,30199,2,4,0,ok-sos006,2009,Uten registrert adresse,Menn,50-59,antall personer,11
EliminatedValue,5,30199,2,5,0,ok-sos006,2009,Uten registrert adresse,Menn,60-67,antall personer,13
EliminatedValue,5,30118195,0,0,0,ok-sos006,2009,Ukjent bydel,I alt,I alt,antall personer,
EliminatedValue,5,30118195,0,1,0,ok-sos006,2009,Ukjent bydel,I alt,18-29,antall personer,
EliminatedValue,5,30118195,0,2,0,ok-sos006,2009,Ukjent bydel,I alt,30-39,antall personer,
EliminatedValue,5,30118195,0,3,0,ok-sos006,2009,Ukjent bydel,I alt,40-49,antall personer,
EliminatedValue,5,30118195,0,4,0,ok-sos006,2009,Ukjent bydel,I alt,50-59,antall personer,
EliminatedValue,5,30118195,0,5,0,ok-sos006,2009,Ukjent bydel,I alt,60-67,antall personer,
EliminatedValue,5,30118195,1,0,0,ok-sos006,2009,Ukjent bydel,Kvinner,I alt,antall personer,
EliminatedValue,5,30118195,1,1,0,ok-sos006,2009,Ukjent bydel,Kvinner,18-29,antall personer,
EliminatedValue,5,30118195,1,2,0,ok-sos006,2009,Ukjent bydel,Kvinner,30-39,antall personer,
EliminatedValue,5,30118195,1,3,0,ok-sos006,2009,Ukjent bydel,Kvinner,40-49,antall personer,
EliminatedValue,5,30118195,1,4,0,ok-sos006,2009,Ukjent bydel,Kvinner,50-59,antall personer,
EliminatedValue,5,30118195,1,5,0,ok-sos006,2009,Ukjent bydel,Kvinner,60-67,antall personer,
EliminatedValue,5,30118195,2,0,0,ok-sos006,2009,Ukjent bydel,Menn,I alt,antall personer,
EliminatedValue,5,30118195,2,1,0,ok-sos006,2009,Ukjent bydel,Menn,18-29,antall personer,
EliminatedValue,5,30118195,2,2,0,ok-sos006,2009,Ukjent bydel,Menn,30-39,antall personer,
EliminatedValue,5,30118195,2,3,0,ok-sos006,2009,Ukjent bydel,Menn,40-49,antall personer,
EliminatedValue,5,30118195,2,4,0,ok-sos006,2009,Ukjent bydel,Menn,50-59,antall personer,
EliminatedValue,5,30118195,2,5,0,ok-sos006,2009,Ukjent bydel,Menn,60-67,antall personer,
EliminatedValue,6,301,0,0,0,ok-sos006,2010,Oslo i alt,I alt,I alt,antall personer,23890
EliminatedValue,6,301,0,1,0,ok-sos006,2010,Oslo i alt,I alt,18-29,antall personer,599
EliminatedValue,6,301,0,2,0,ok-sos006,2010,Oslo i alt,I alt,30-39,antall personer,1179
EliminatedValue,6,301,0,3,0,ok-sos006,2010,Oslo i alt,I alt,40-49,antall personer,3823
EliminatedValue,6,301,0,4,0,ok-sos006,2010,Oslo i alt,I alt,50-59,antall personer,7993
EliminatedValue,6,301,0,5,0,ok-sos006,2010,Oslo i alt,I alt,60-67,antall personer,10296
EliminatedValue,6,301,1,0,0,ok-sos006,2010,Oslo i alt,Kvinner,I alt,antall personer,13333
EliminatedValue,6,301,1,1,0,ok-sos006,2010,Oslo i alt,Kvinner,18-29,antall personer,266
EliminatedValue,6,301,1,2,0,ok-sos006,2010,Oslo i alt,Kvinner,30-39,antall personer,547
EliminatedValue,6,301,1,3,0,ok-sos006,2010,Oslo i alt,Kvinner,40-49,antall personer,2004
EliminatedValue,6,301,1,4,0,ok-sos006,2010,Oslo i alt,Kvinner,50-59,antall personer,4562
EliminatedValue,6,301,1,5,0,ok-sos006,2010,Oslo i alt,Kvinner,60-67,antall personer,5954
EliminatedValue,6,301,2,0,0,ok-sos006,2010,Oslo i alt,Menn,I alt,antall personer,10557
EliminatedValue,6,301,2,1,0,ok-sos006,2010,Oslo i alt,Menn,18-29,antall personer,333
EliminatedValue,6,301,2,2,0,ok-sos006,2010,Oslo i alt,Menn,30-39,antall personer,632
EliminatedValue,6,301,2,3,0,ok-sos006,2010,Oslo i alt,Menn,40-49,antall personer,1819
EliminatedValue,6,301,2,4,0,ok-sos006,2010,Oslo i alt,Menn,50-59,antall personer,3431
EliminatedValue,6,301,2,5,0,ok-sos006,2010,Oslo i alt,Menn,60-67,antall personer,4342
EliminatedValue,6,30101,0,0,0,ok-sos006,2010,Gamle Oslo,I alt,I alt,antall personer,1817
EliminatedValue,6,30101,0,1,0,ok-sos006,2010,Gamle Oslo,I alt,18-29,antall personer,35
EliminatedValue,6,30101,0,2,0,ok-sos006,2010,Gamle Oslo,I alt,30-39,antall personer,111
EliminatedValue,6,30101,0,3,0,ok-sos006,2010,Gamle Oslo,I alt,40-49,antall personer,337
EliminatedValue,6,30101,0,4,0,ok-sos006,2010,Gamle Oslo,I alt,50-59,antall personer,611
EliminatedValue,6,30101,0,5,0,ok-sos006,2010,Gamle Oslo,I alt,60-67,antall personer,723
EliminatedValue,6,30101,1,0,0,ok-sos006,2010,Gamle Oslo,Kvinner,I alt,antall personer,872
EliminatedValue,6,30101,1,1,0,ok-sos006,2010,Gamle Oslo,Kvinner,18-29,antall personer,10
EliminatedValue,6,30101,1,2,0,ok-sos006,2010,Gamle Oslo,Kvinner,30-39,antall personer,55
EliminatedValue,6,30101,1,3,0,ok-sos006,2010,Gamle Oslo,Kvinner,40-49,antall personer,139
EliminatedValue,6,30101,1,4,0,ok-sos006,2010,Gamle Oslo,Kvinner,50-59,antall personer,310
EliminatedValue,6,30101,1,5,0,ok-sos006,2010,Gamle Oslo,Kvinner,60-67,antall personer,358
EliminatedValue,6,30101,2,0,0,ok-sos006,2010,Gamle Oslo,Menn,I alt,antall personer,945
EliminatedValue,6,30101,2,1,0,ok-sos006,2010,Gamle Oslo,Menn,18-29,antall personer,25
EliminatedValue,6,30101,2,2,0,ok-sos006,2010,Gamle Oslo,Menn,30-39,antall personer,56
EliminatedValue,6,30101,2,3,0,ok-sos006,2010,Gamle Oslo,Menn,40-49,antall personer,198
EliminatedValue,6,30101,2,4,0,ok-sos006,2010,Gamle Oslo,Menn,50-59,antall personer,301
EliminatedValue,6,30101,2,5,0,ok-sos006,2010,Gamle Oslo,Menn,60-67,antall personer,365
EliminatedValue,6,30102,0,0,0,ok-sos006,2010,Grünerløkka,I alt,I alt,antall personer,1678
EliminatedValue,6,30102,0,1,0,ok-sos006,2010,Grünerløkka,I alt,18-29,antall personer,21
EliminatedValue,6,30102,0,2,0,ok-sos006,2010,Grünerløkka,I alt,30-39,antall personer,92
EliminatedValue,6,30102,0,3,0,ok-sos006,2010,Grünerløkka,I alt,40-49,antall personer,309
EliminatedValue,6,30102,0,4,0,ok-sos006,2010,Grünerløkka,I alt,50-59,antall personer,628
EliminatedValue,6,30102,0,5,0,ok-sos006,2010,Grünerløkka,I alt,60-67,antall personer,628
EliminatedValue,6,30102,1,0,0,ok-sos006,2010,Grünerløkka,Kvinner,I alt,antall personer,815
EliminatedValue,6,30102,1,1,0,ok-sos006,2010,Grünerløkka,Kvinner,18-29,antall personer,11
EliminatedValue,6,30102,1,2,0,ok-sos006,2010,Grünerløkka,Kvinner,30-39,antall personer,38
EliminatedValue,6,30102,1,3,0,ok-sos006,2010,Grünerløkka,Kvinner,40-49,antall personer,149
EliminatedValue,6,30102,1,4,0,ok-sos006,2010,Grünerløkka,Kvinner,50-59,antall personer,298
EliminatedValue,6,30102,1,5,0,ok-sos006,2010,Grünerløkka,Kvinner,60-67,antall personer,319
EliminatedValue,6,30102,2,0,0,ok-sos006,2010,Grünerløkka,Menn,I alt,antall personer,863
EliminatedValue,6,30102,2,1,0,ok-sos006,2010,Grünerløkka,Menn,18-29,antall personer,10
EliminatedValue,6,30102,2,2,0,ok-sos006,2010,Grünerløkka,Menn,30-39,antall personer,54
EliminatedValue,6,30102,2,3,0,ok-sos006,2010,Grünerløkka,Menn,40-49,antall personer,160
EliminatedValue,6,30102,2,4,0,ok-sos006,2010,Grünerløkka,Menn,50-59,antall personer,330
EliminatedValue,6,30102,2,5,0,ok-sos006,2010,Grünerløkka,Menn,60-67,antall personer,309
EliminatedValue,6,30103,0,0,0,ok-sos006,2010,Sagene,I alt,I alt,antall personer,1597
EliminatedValue,6,30103,0,1,0,ok-sos006,2010,Sagene,I alt,18-29,antall personer,34
EliminatedValue,6,30103,0,2,0,ok-sos006,2010,Sagene,I alt,30-39,antall personer,74
EliminatedValue,6,30103,0,3,0,ok-sos006,2010,Sagene,I alt,40-49,antall personer,325
EliminatedValue,6,30103,0,4,0,ok-sos006,2010,Sagene,I alt,50-59,antall personer,564
EliminatedValue,6,30103,0,5,0,ok-sos006,2010,Sagene,I alt,60-67,antall personer,600
EliminatedValue,6,30103,1,0,0,ok-sos006,2010,Sagene,Kvinner,I alt,antall personer,766
EliminatedValue,6,30103,1,1,0,ok-sos006,2010,Sagene,Kvinner,18-29,antall personer,10
EliminatedValue,6,30103,1,2,0,ok-sos006,2010,Sagene,Kvinner,30-39,antall personer,34
EliminatedValue,6,30103,1,3,0,ok-sos006,2010,Sagene,Kvinner,40-49,antall personer,150
EliminatedValue,6,30103,1,4,0,ok-sos006,2010,Sagene,Kvinner,50-59,antall personer,270
EliminatedValue,6,30103,1,5,0,ok-sos006,2010,Sagene,Kvinner,60-67,antall personer,302
EliminatedValue,6,30103,2,0,0,ok-sos006,2010,Sagene,Menn,I alt,antall personer,831
EliminatedValue,6,30103,2,1,0,ok-sos006,2010,Sagene,Menn,18-29,antall personer,24
EliminatedValue,6,30103,2,2,0,ok-sos006,2010,Sagene,Menn,30-39,antall personer,40
EliminatedValue,6,30103,2,3,0,ok-sos006,2010,Sagene,Menn,40-49,antall personer,175
EliminatedValue,6,30103,2,4,0,ok-sos006,2010,Sagene,Menn,50-59,antall personer,294
EliminatedValue,6,30103,2,5,0,ok-sos006,2010,Sagene,Menn,60-67,antall personer,298
EliminatedValue,6,30104,0,0,0,ok-sos006,2010,St. Hanshaugen,I alt,I alt,antall personer,874
EliminatedValue,6,30104,0,1,0,ok-sos006,2010,St. Hanshaugen,I alt,18-29,antall personer,17
EliminatedValue,6,30104,0,2,0,ok-sos006,2010,St. Hanshaugen,I alt,30-39,antall personer,46
EliminatedValue,6,30104,0,3,0,ok-sos006,2010,St. Hanshaugen,I alt,40-49,antall personer,154
EliminatedValue,6,30104,0,4,0,ok-sos006,2010,St. Hanshaugen,I alt,50-59,antall personer,289
EliminatedValue,6,30104,0,5,0,ok-sos006,2010,St. Hanshaugen,I alt,60-67,antall personer,368
EliminatedValue,6,30104,1,0,0,ok-sos006,2010,St. Hanshaugen,Kvinner,I alt,antall personer,461
EliminatedValue,6,30104,1,1,0,ok-sos006,2010,St. Hanshaugen,Kvinner,18-29,antall personer,7
EliminatedValue,6,30104,1,2,0,ok-sos006,2010,St. Hanshaugen,Kvinner,30-39,antall personer,22
EliminatedValue,6,30104,1,3,0,ok-sos006,2010,St. Hanshaugen,Kvinner,40-49,antall personer,70
EliminatedValue,6,30104,1,4,0,ok-sos006,2010,St. Hanshaugen,Kvinner,50-59,antall personer,145
EliminatedValue,6,30104,1,5,0,ok-sos006,2010,St. Hanshaugen,Kvinner,60-67,antall personer,217
EliminatedValue,6,30104,2,0,0,ok-sos006,2010,St. Hanshaugen,Menn,I alt,antall personer,413
EliminatedValue,6,30104,2,1,0,ok-sos006,2010,St. Hanshaugen,Menn,18-29,antall personer,10
EliminatedValue,6,30104,2,2,0,ok-sos006,2010,St. Hanshaugen,Menn,30-39,antall personer,24
EliminatedValue,6,30104,2,3,0,ok-sos006,2010,St. Hanshaugen,Menn,40-49,antall personer,84
EliminatedValue,6,30104,2,4,0,ok-sos006,2010,St. Hanshaugen,Menn,50-59,antall personer,144
EliminatedValue,6,30104,2,5,0,ok-sos006,2010,St. Hanshaugen,Menn,60-67,antall personer,151
EliminatedValue,6,30105,0,0,0,ok-sos006,2010,Frogner,I alt,I alt,antall personer,1497
EliminatedValue,6,30105,0,1,0,ok-sos006,2010,Frogner,I alt,18-29,antall personer,20
EliminatedValue,6,30105,0,2,0,ok-sos006,2010,Frogner,I alt,30-39,antall personer,85
EliminatedValue,6,30105,0,3,0,ok-sos006,2010,Frogner,I alt,40-49,antall personer,203
EliminatedValue,6,30105,0,4,0,ok-sos006,2010,Frogner,I alt,50-59,antall personer,436
EliminatedValue,6,30105,0,5,0,ok-sos006,2010,Frogner,I alt,60-67,antall personer,753
EliminatedValue,6,30105,1,0,0,ok-sos006,2010,Frogner,Kvinner,I alt,antall personer,852
EliminatedValue,6,30105,1,1,0,ok-sos006,2010,Frogner,Kvinner,18-29,antall personer,7
EliminatedValue,6,30105,1,2,0,ok-sos006,2010,Frogner,Kvinner,30-39,antall personer,47
EliminatedValue,6,30105,1,3,0,ok-sos006,2010,Frogner,Kvinner,40-49,antall personer,106
EliminatedValue,6,30105,1,4,0,ok-sos006,2010,Frogner,Kvinner,50-59,antall personer,244
EliminatedValue,6,30105,1,5,0,ok-sos006,2010,Frogner,Kvinner,60-67,antall personer,448
EliminatedValue,6,30105,2,0,0,ok-sos006,2010,Frogner,Menn,I alt,antall personer,645
EliminatedValue,6,30105,2,1,0,ok-sos006,2010,Frogner,Menn,18-29,antall personer,13
EliminatedValue,6,30105,2,2,0,ok-sos006,2010,Frogner,Menn,30-39,antall personer,38
EliminatedValue,6,30105,2,3,0,ok-sos006,2010,Frogner,Menn,40-49,antall personer,97
EliminatedValue,6,30105,2,4,0,ok-sos006,2010,Frogner,Menn,50-59,antall personer,192
EliminatedValue,6,30105,2,5,0,ok-sos006,2010,Frogner,Menn,60-67,antall personer,305
EliminatedValue,6,30106,0,0,0,ok-sos006,2010,Ullern,I alt,I alt,antall personer,856
EliminatedValue,6,30106,0,1,0,ok-sos006,2010,Ullern,I alt,18-29,antall personer,28
EliminatedValue,6,30106,0,2,0,ok-sos006,2010,Ullern,I alt,30-39,antall personer,52
EliminatedValue,6,30106,0,3,0,ok-sos006,2010,Ullern,I alt,40-49,antall personer,91
EliminatedValue,6,30106,0,4,0,ok-sos006,2010,Ullern,I alt,50-59,antall personer,243
EliminatedValue,6,30106,0,5,0,ok-sos006,2010,Ullern,I alt,60-67,antall personer,442
EliminatedValue,6,30106,1,0,0,ok-sos006,2010,Ullern,Kvinner,I alt,antall personer,550
EliminatedValue,6,30106,1,1,0,ok-sos006,2010,Ullern,Kvinner,18-29,antall personer,8
EliminatedValue,6,30106,1,2,0,ok-sos006,2010,Ullern,Kvinner,30-39,antall personer,23
EliminatedValue,6,30106,1,3,0,ok-sos006,2010,Ullern,Kvinner,40-49,antall personer,53
EliminatedValue,6,30106,1,4,0,ok-sos006,2010,Ullern,Kvinner,50-59,antall personer,175
EliminatedValue,6,30106,1,5,0,ok-sos006,2010,Ullern,Kvinner,60-67,antall personer,291
EliminatedValue,6,30106,2,0,0,ok-sos006,2010,Ullern,Menn,I alt,antall personer,306
EliminatedValue,6,30106,2,1,0,ok-sos006,2010,Ullern,Menn,18-29,antall personer,20
EliminatedValue,6,30106,2,2,0,ok-sos006,2010,Ullern,Menn,30-39,antall personer,29
EliminatedValue,6,30106,2,3,0,ok-sos006,2010,Ullern,Menn,40-49,antall personer,38
EliminatedValue,6,30106,2,4,0,ok-sos006,2010,Ullern,Menn,50-59,antall personer,68
EliminatedValue,6,30106,2,5,0,ok-sos006,2010,Ullern,Menn,60-67,antall personer,151
EliminatedValue,6,30107,0,0,0,ok-sos006,2010,Vestre Aker,I alt,I alt,antall personer,1215
EliminatedValue,6,30107,0,1,0,ok-sos006,2010,Vestre Aker,I alt,18-29,antall personer,42
EliminatedValue,6,30107,0,2,0,ok-sos006,2010,Vestre Aker,I alt,30-39,antall personer,64
EliminatedValue,6,30107,0,3,0,ok-sos006,2010,Vestre Aker,I alt,40-49,antall personer,169
EliminatedValue,6,30107,0,4,0,ok-sos006,2010,Vestre Aker,I alt,50-59,antall personer,385
EliminatedValue,6,30107,0,5,0,ok-sos006,2010,Vestre Aker,I alt,60-67,antall personer,555
EliminatedValue,6,30107,1,0,0,ok-sos006,2010,Vestre Aker,Kvinner,I alt,antall personer,740
EliminatedValue,6,30107,1,1,0,ok-sos006,2010,Vestre Aker,Kvinner,18-29,antall personer,21
EliminatedValue,6,30107,1,2,0,ok-sos006,2010,Vestre Aker,Kvinner,30-39,antall personer,23
EliminatedValue,6,30107,1,3,0,ok-sos006,2010,Vestre Aker,Kvinner,40-49,antall personer,94
EliminatedValue,6,30107,1,4,0,ok-sos006,2010,Vestre Aker,Kvinner,50-59,antall personer,265
EliminatedValue,6,30107,1,5,0,ok-sos006,2010,Vestre Aker,Kvinner,60-67,antall personer,337
EliminatedValue,6,30107,2,0,0,ok-sos006,2010,Vestre Aker,Menn,I alt,antall personer,475
EliminatedValue,6,30107,2,1,0,ok-sos006,2010,Vestre Aker,Menn,18-29,antall personer,21
EliminatedValue,6,30107,2,2,0,ok-sos006,2010,Vestre Aker,Menn,30-39,antall personer,41
EliminatedValue,6,30107,2,3,0,ok-sos006,2010,Vestre Aker,Menn,40-49,antall personer,75
EliminatedValue,6,30107,2,4,0,ok-sos006,2010,Vestre Aker,Menn,50-59,antall personer,120
EliminatedValue,6,30107,2,5,0,ok-sos006,2010,Vestre Aker,Menn,60-67,antall personer,218
EliminatedValue,6,30108,0,0,0,ok-sos006,2010,Nordre Aker,I alt,I alt,antall personer,1237
EliminatedValue,6,30108,0,1,0,ok-sos006,2010,Nordre Aker,I alt,18-29,antall personer,47
EliminatedValue,6,30108,0,2,0,ok-sos006,2010,Nordre Aker,I alt,30-39,antall personer,62
EliminatedValue,6,30108,0,3,0,ok-sos006,2010,Nordre Aker,I alt,40-49,antall personer,167
EliminatedValue,6,30108,0,4,0,ok-sos006,2010,Nordre Aker,I alt,50-59,antall personer,401
EliminatedValue,6,30108,0,5,0,ok-sos006,2010,Nordre Aker,I alt,60-67,antall personer,560
EliminatedValue,6,30108,1,0,0,ok-sos006,2010,Nordre Aker,Kvinner,I alt,antall personer,717
EliminatedValue,6,30108,1,1,0,ok-sos006,2010,Nordre Aker,Kvinner,18-29,antall personer,20
EliminatedValue,6,30108,1,2,0,ok-sos006,2010,Nordre Aker,Kvinner,30-39,antall personer,27
EliminatedValue,6,30108,1,3,0,ok-sos006,2010,Nordre Aker,Kvinner,40-49,antall personer,89
EliminatedValue,6,30108,1,4,0,ok-sos006,2010,Nordre Aker,Kvinner,50-59,antall personer,241
EliminatedValue,6,30108,1,5,0,ok-sos006,2010,Nordre Aker,Kvinner,60-67,antall personer,340
EliminatedValue,6,30108,2,0,0,ok-sos006,2010,Nordre Aker,Menn,I alt,antall personer,520
EliminatedValue,6,30108,2,1,0,ok-sos006,2010,Nordre Aker,Menn,18-29,antall personer,27
EliminatedValue,6,30108,2,2,0,ok-sos006,2010,Nordre Aker,Menn,30-39,antall personer,35
EliminatedValue,6,30108,2,3,0,ok-sos006,2010,Nordre Aker,Menn,40-49,antall personer,78
EliminatedValue,6,30108,2,4,0,ok-sos006,2010,Nordre Aker,Menn,50-59,antall personer,160
EliminatedValue,6,30108,2,5,0,ok-sos006,2010,Nordre Aker,Menn,60-67,antall personer,220
EliminatedValue,6,30109,0,0,0,ok-sos006,2010,Bjerke,I alt,I alt,antall personer,1084
EliminatedValue,6,30109,0,1,0,ok-sos006,2010,Bjerke,I alt,18-29,antall personer,35
EliminatedValue,6,30109,0,2,0,ok-sos006,2010,Bjerke,I alt,30-39,antall personer,53
EliminatedValue,6,30109,0,3,0,ok-sos006,2010,Bjerke,I alt,40-49,antall personer,189
EliminatedValue,6,30109,0,4,0,ok-sos006,2010,Bjerke,I alt,50-59,antall personer,357
EliminatedValue,6,30109,0,5,0,ok-sos006,2010,Bjerke,I alt,60-67,antall personer,450
EliminatedValue,6,30109,1,0,0,ok-sos006,2010,Bjerke,Kvinner,I alt,antall personer,590
EliminatedValue,6,30109,1,1,0,ok-sos006,2010,Bjerke,Kvinner,18-29,antall personer,21
EliminatedValue,6,30109,1,2,0,ok-sos006,2010,Bjerke,Kvinner,30-39,antall personer,24
EliminatedValue,6,30109,1,3,0,ok-sos006,2010,Bjerke,Kvinner,40-49,antall personer,103
EliminatedValue,6,30109,1,4,0,ok-sos006,2010,Bjerke,Kvinner,50-59,antall personer,190
EliminatedValue,6,30109,1,5,0,ok-sos006,2010,Bjerke,Kvinner,60-67,antall personer,252
EliminatedValue,6,30109,2,0,0,ok-sos006,2010,Bjerke,Menn,I alt,antall personer,494
EliminatedValue,6,30109,2,1,0,ok-sos006,2010,Bjerke,Menn,18-29,antall personer,14
EliminatedValue,6,30109,2,2,0,ok-sos006,2010,Bjerke,Menn,30-39,antall personer,29
EliminatedValue,6,30109,2,3,0,ok-sos006,2010,Bjerke,Menn,40-49,antall personer,86
EliminatedValue,6,30109,2,4,0,ok-sos006,2010,Bjerke,Menn,50-59,antall personer,167
EliminatedValue,6,30109,2,5,0,ok-sos006,2010,Bjerke,Menn,60-67,antall personer,198
EliminatedValue,6,30110,0,0,0,ok-sos006,2010,Grorud,I alt,I alt,antall personer,1598
EliminatedValue,6,30110,0,1,0,ok-sos006,2010,Grorud,I alt,18-29,antall personer,44
EliminatedValue,6,30110,0,2,0,ok-sos006,2010,Grorud,I alt,30-39,antall personer,75
EliminatedValue,6,30110,0,3,0,ok-sos006,2010,Grorud,I alt,40-49,antall personer,235
EliminatedValue,6,30110,0,4,0,ok-sos006,2010,Grorud,I alt,50-59,antall personer,573
EliminatedValue,6,30110,0,5,0,ok-sos006,2010,Grorud,I alt,60-67,antall personer,671
EliminatedValue,6,30110,1,0,0,ok-sos006,2010,Grorud,Kvinner,I alt,antall personer,917
EliminatedValue,6,30110,1,1,0,ok-sos006,2010,Grorud,Kvinner,18-29,antall personer,17
EliminatedValue,6,30110,1,2,0,ok-sos006,2010,Grorud,Kvinner,30-39,antall personer,34
EliminatedValue,6,30110,1,3,0,ok-sos006,2010,Grorud,Kvinner,40-49,antall personer,133
EliminatedValue,6,30110,1,4,0,ok-sos006,2010,Grorud,Kvinner,50-59,antall personer,329
EliminatedValue,6,30110,1,5,0,ok-sos006,2010,Grorud,Kvinner,60-67,antall personer,404
EliminatedValue,6,30110,2,0,0,ok-sos006,2010,Grorud,Menn,I alt,antall personer,681
EliminatedValue,6,30110,2,1,0,ok-sos006,2010,Grorud,Menn,18-29,antall personer,27
EliminatedValue,6,30110,2,2,0,ok-sos006,2010,Grorud,Menn,30-39,antall personer,41
EliminatedValue,6,30110,2,3,0,ok-sos006,2010,Grorud,Menn,40-49,antall personer,102
EliminatedValue,6,30110,2,4,0,ok-sos006,2010,Grorud,Menn,50-59,antall personer,244
EliminatedValue,6,30110,2,5,0,ok-sos006,2010,Grorud,Menn,60-67,antall personer,267
EliminatedValue,6,30111,0,0,0,ok-sos006,2010,Stovner,I alt,I alt,antall personer,1952
EliminatedValue,6,30111,0,1,0,ok-sos006,2010,Stovner,I alt,18-29,antall personer,41
EliminatedValue,6,30111,0,2,0,ok-sos006,2010,Stovner,I alt,30-39,antall personer,93
EliminatedValue,6,30111,0,3,0,ok-sos006,2010,Stovner,I alt,40-49,antall personer,299
EliminatedValue,6,30111,0,4,0,ok-sos006,2010,Stovner,I alt,50-59,antall personer,624
EliminatedValue,6,30111,0,5,0,ok-sos006,2010,Stovner,I alt,60-67,antall personer,895
EliminatedValue,6,30111,1,0,0,ok-sos006,2010,Stovner,Kvinner,I alt,antall personer,1157
EliminatedValue,6,30111,1,1,0,ok-sos006,2010,Stovner,Kvinner,18-29,antall personer,18
EliminatedValue,6,30111,1,2,0,ok-sos006,2010,Stovner,Kvinner,30-39,antall personer,44
EliminatedValue,6,30111,1,3,0,ok-sos006,2010,Stovner,Kvinner,40-49,antall personer,165
EliminatedValue,6,30111,1,4,0,ok-sos006,2010,Stovner,Kvinner,50-59,antall personer,382
EliminatedValue,6,30111,1,5,0,ok-sos006,2010,Stovner,Kvinner,60-67,antall personer,548
EliminatedValue,6,30111,2,0,0,ok-sos006,2010,Stovner,Menn,I alt,antall personer,795
EliminatedValue,6,30111,2,1,0,ok-sos006,2010,Stovner,Menn,18-29,antall personer,23
EliminatedValue,6,30111,2,2,0,ok-sos006,2010,Stovner,Menn,30-39,antall personer,49
EliminatedValue,6,30111,2,3,0,ok-sos006,2010,Stovner,Menn,40-49,antall personer,134
EliminatedValue,6,30111,2,4,0,ok-sos006,2010,Stovner,Menn,50-59,antall personer,242
EliminatedValue,6,30111,2,5,0,ok-sos006,2010,Stovner,Menn,60-67,antall personer,347
EliminatedValue,6,30112,0,0,0,ok-sos006,2010,Alna,I alt,I alt,antall personer,2815
EliminatedValue,6,30112,0,1,0,ok-sos006,2010,Alna,I alt,18-29,antall personer,79
EliminatedValue,6,30112,0,2,0,ok-sos006,2010,Alna,I alt,30-39,antall personer,133
EliminatedValue,6,30112,0,3,0,ok-sos006,2010,Alna,I alt,40-49,antall personer,438
EliminatedValue,6,30112,0,4,0,ok-sos006,2010,Alna,I alt,50-59,antall personer,933
EliminatedValue,6,30112,0,5,0,ok-sos006,2010,Alna,I alt,60-67,antall personer,1232
EliminatedValue,6,30112,1,0,0,ok-sos006,2010,Alna,Kvinner,I alt,antall personer,1586
EliminatedValue,6,30112,1,1,0,ok-sos006,2010,Alna,Kvinner,18-29,antall personer,36
EliminatedValue,6,30112,1,2,0,ok-sos006,2010,Alna,Kvinner,30-39,antall personer,61
EliminatedValue,6,30112,1,3,0,ok-sos006,2010,Alna,Kvinner,40-49,antall personer,228
EliminatedValue,6,30112,1,4,0,ok-sos006,2010,Alna,Kvinner,50-59,antall personer,553
EliminatedValue,6,30112,1,5,0,ok-sos006,2010,Alna,Kvinner,60-67,antall personer,708
EliminatedValue,6,30112,2,0,0,ok-sos006,2010,Alna,Menn,I alt,antall personer,1229
EliminatedValue,6,30112,2,1,0,ok-sos006,2010,Alna,Menn,18-29,antall personer,43
EliminatedValue,6,30112,2,2,0,ok-sos006,2010,Alna,Menn,30-39,antall personer,72
EliminatedValue,6,30112,2,3,0,ok-sos006,2010,Alna,Menn,40-49,antall personer,210
EliminatedValue,6,30112,2,4,0,ok-sos006,2010,Alna,Menn,50-59,antall personer,380
EliminatedValue,6,30112,2,5,0,ok-sos006,2010,Alna,Menn,60-67,antall personer,524
EliminatedValue,6,30113,0,0,0,ok-sos006,2010,Østensjø,I alt,I alt,antall personer,2097
EliminatedValue,6,30113,0,1,0,ok-sos006,2010,Østensjø,I alt,18-29,antall personer,36
EliminatedValue,6,30113,0,2,0,ok-sos006,2010,Østensjø,I alt,30-39,antall personer,83
EliminatedValue,6,30113,0,3,0,ok-sos006,2010,Østensjø,I alt,40-49,antall personer,352
EliminatedValue,6,30113,0,4,0,ok-sos006,2010,Østensjø,I alt,50-59,antall personer,740
EliminatedValue,6,30113,0,5,0,ok-sos006,2010,Østensjø,I alt,60-67,antall personer,886
EliminatedValue,6,30113,1,0,0,ok-sos006,2010,Østensjø,Kvinner,I alt,antall personer,1252
EliminatedValue,6,30113,1,1,0,ok-sos006,2010,Østensjø,Kvinner,18-29,antall personer,25
EliminatedValue,6,30113,1,2,0,ok-sos006,2010,Østensjø,Kvinner,30-39,antall personer,39
EliminatedValue,6,30113,1,3,0,ok-sos006,2010,Østensjø,Kvinner,40-49,antall personer,204
EliminatedValue,6,30113,1,4,0,ok-sos006,2010,Østensjø,Kvinner,50-59,antall personer,442
EliminatedValue,6,30113,1,5,0,ok-sos006,2010,Østensjø,Kvinner,60-67,antall personer,542
EliminatedValue,6,30113,2,0,0,ok-sos006,2010,Østensjø,Menn,I alt,antall personer,845
EliminatedValue,6,30113,2,1,0,ok-sos006,2010,Østensjø,Menn,18-29,antall personer,11
EliminatedValue,6,30113,2,2,0,ok-sos006,2010,Østensjø,Menn,30-39,antall personer,44
EliminatedValue,6,30113,2,3,0,ok-sos006,2010,Østensjø,Menn,40-49,antall personer,148
EliminatedValue,6,30113,2,4,0,ok-sos006,2010,Østensjø,Menn,50-59,antall personer,298
EliminatedValue,6,30113,2,5,0,ok-sos006,2010,Østensjø,Menn,60-67,antall personer,344
EliminatedValue,6,30114,0,0,0,ok-sos006,2010,Nordstrand,I alt,I alt,antall personer,1706
EliminatedValue,6,30114,0,1,0,ok-sos006,2010,Nordstrand,I alt,18-29,antall personer,49
EliminatedValue,6,30114,0,2,0,ok-sos006,2010,Nordstrand,I alt,30-39,antall personer,67
EliminatedValue,6,30114,0,3,0,ok-sos006,2010,Nordstrand,I alt,40-49,antall personer,228
EliminatedValue,6,30114,0,4,0,ok-sos006,2010,Nordstrand,I alt,50-59,antall personer,534
EliminatedValue,6,30114,0,5,0,ok-sos006,2010,Nordstrand,I alt,60-67,antall personer,828
EliminatedValue,6,30114,1,0,0,ok-sos006,2010,Nordstrand,Kvinner,I alt,antall personer,1041
EliminatedValue,6,30114,1,1,0,ok-sos006,2010,Nordstrand,Kvinner,18-29,antall personer,24
EliminatedValue,6,30114,1,2,0,ok-sos006,2010,Nordstrand,Kvinner,30-39,antall personer,35
EliminatedValue,6,30114,1,3,0,ok-sos006,2010,Nordstrand,Kvinner,40-49,antall personer,139
EliminatedValue,6,30114,1,4,0,ok-sos006,2010,Nordstrand,Kvinner,50-59,antall personer,338
EliminatedValue,6,30114,1,5,0,ok-sos006,2010,Nordstrand,Kvinner,60-67,antall personer,505
EliminatedValue,6,30114,2,0,0,ok-sos006,2010,Nordstrand,Menn,I alt,antall personer,665
EliminatedValue,6,30114,2,1,0,ok-sos006,2010,Nordstrand,Menn,18-29,antall personer,25
EliminatedValue,6,30114,2,2,0,ok-sos006,2010,Nordstrand,Menn,30-39,antall personer,32
EliminatedValue,6,30114,2,3,0,ok-sos006,2010,Nordstrand,Menn,40-49,antall personer,89
EliminatedValue,6,30114,2,4,0,ok-sos006,2010,Nordstrand,Menn,50-59,antall personer,196
EliminatedValue,6,30114,2,5,0,ok-sos006,2010,Nordstrand,Menn,60-67,antall personer,323
EliminatedValue,6,30115,0,0,0,ok-sos006,2010,Søndre Nordstrand,I alt,I alt,antall personer,1794
EliminatedValue,6,30115,0,1,0,ok-sos006,2010,Søndre Nordstrand,I alt,18-29,antall personer,71
EliminatedValue,6,30115,0,2,0,ok-sos006,2010,Søndre Nordstrand,I alt,30-39,antall personer,86
EliminatedValue,6,30115,0,3,0,ok-sos006,2010,Søndre Nordstrand,I alt,40-49,antall personer,306
EliminatedValue,6,30115,0,4,0,ok-sos006,2010,Søndre Nordstrand,I alt,50-59,antall personer,651
EliminatedValue,6,30115,0,5,0,ok-sos006,2010,Søndre Nordstrand,I alt,60-67,antall personer,680
EliminatedValue,6,30115,1,0,0,ok-sos006,2010,Søndre Nordstrand,Kvinner,I alt,antall personer,982
EliminatedValue,6,30115,1,1,0,ok-sos006,2010,Søndre Nordstrand,Kvinner,18-29,antall personer,31
EliminatedValue,6,30115,1,2,0,ok-sos006,2010,Søndre Nordstrand,Kvinner,30-39,antall personer,40
EliminatedValue,6,30115,1,3,0,ok-sos006,2010,Søndre Nordstrand,Kvinner,40-49,antall personer,171
EliminatedValue,6,30115,1,4,0,ok-sos006,2010,Søndre Nordstrand,Kvinner,50-59,antall personer,369
EliminatedValue,6,30115,1,5,0,ok-sos006,2010,Søndre Nordstrand,Kvinner,60-67,antall personer,371
EliminatedValue,6,30115,2,0,0,ok-sos006,2010,Søndre Nordstrand,Menn,I alt,antall personer,812
EliminatedValue,6,30115,2,1,0,ok-sos006,2010,Søndre Nordstrand,Menn,18-29,antall personer,40
EliminatedValue,6,30115,2,2,0,ok-sos006,2010,Søndre Nordstrand,Menn,30-39,antall personer,46
EliminatedValue,6,30115,2,3,0,ok-sos006,2010,Søndre Nordstrand,Menn,40-49,antall personer,135
EliminatedValue,6,30115,2,4,0,ok-sos006,2010,Søndre Nordstrand,Menn,50-59,antall personer,282
EliminatedValue,6,30115,2,5,0,ok-sos006,2010,Søndre Nordstrand,Menn,60-67,antall personer,309
EliminatedValue,6,30199,0,0,0,ok-sos006,2010,Uten registrert adresse,I alt,I alt,antall personer,73
EliminatedValue,6,30199,0,1,0,ok-sos006,2010,Uten registrert adresse,I alt,18-29,antall personer,0
EliminatedValue,6,30199,0,2,0,ok-sos006,2010,Uten registrert adresse,I alt,30-39,antall personer,3
EliminatedValue,6,30199,0,3,0,ok-sos006,2010,Uten registrert adresse,I alt,40-49,antall personer,21
EliminatedValue,6,30199,0,4,0,ok-sos006,2010,Uten registrert adresse,I alt,50-59,antall personer,24
EliminatedValue,6,30199,0,5,0,ok-sos006,2010,Uten registrert adresse,I alt,60-67,antall personer,25
EliminatedValue,6,30199,1,0,0,ok-sos006,2010,Uten registrert adresse,Kvinner,I alt,antall personer,35
EliminatedValue,6,30199,1,1,0,ok-sos006,2010,Uten registrert adresse,Kvinner,18-29,antall personer,0
EliminatedValue,6,30199,1,2,0,ok-sos006,2010,Uten registrert adresse,Kvinner,30-39,antall personer,1
EliminatedValue,6,30199,1,3,0,ok-sos006,2010,Uten registrert adresse,Kvinner,40-49,antall personer,11
EliminatedValue,6,30199,1,4,0,ok-sos006,2010,Uten registrert adresse,Kvinner,50-59,antall personer,11
EliminatedValue,6,30199,1,5,0,ok-sos006,2010,Uten registrert adresse,Kvinner,60-67,antall personer,12
EliminatedValue,6,30199,2,0,0,ok-sos006,2010,Uten registrert adresse,Menn,I alt,antall personer,38
EliminatedValue,6,30199,2,1,0,ok-sos006,2010,Uten registrert adresse,Menn,18-29,antall personer,0
EliminatedValue,6,30199,2,2,0,ok-sos006,2010,Uten registrert adresse,Menn,30-39,antall personer,2
EliminatedValue,6,30199,2,3,0,ok-sos006,2010,Uten registrert adresse,Menn,40-49,antall personer,10
EliminatedValue,6,30199,2,4,0,ok-sos006,2010,Uten registrert adresse,Menn,50-59,antall personer,13
EliminatedValue,6,30199,2,5,0,ok-sos006,2010,Uten registrert adresse,Menn,60-67,antall personer,13
EliminatedValue,6,30118195,0,0,0,ok-sos006,2010,Ukjent bydel,I alt,I alt,antall personer,
EliminatedValue,6,30118195,0,1,0,ok-sos006,2010,Ukjent bydel,I alt,18-29,antall personer,
EliminatedValue,6,30118195,0,2,0,ok-sos006,2010,Ukjent bydel,I alt,30-39,antall personer,
EliminatedValue,6,30118195,0,3,0,ok-sos006,2010,Ukjent bydel,I alt,40-49,antall personer,
EliminatedValue,6,30118195,0,4,0,ok-sos006,2010,Ukjent bydel,I alt,50-59,antall personer,
EliminatedValue,6,30118195,0,5,0,ok-sos006,2010,Ukjent bydel,I alt,60-67,antall personer,
EliminatedValue,6,30118195,1,0,0,ok-sos006,2010,Ukjent bydel,Kvinner,I alt,antall personer,
EliminatedValue,6,30118195,1,1,0,ok-sos006,2010,Ukjent bydel,Kvinner,18-29,antall personer,
EliminatedValue,6,30118195,1,2,0,ok-sos006,2010,Ukjent bydel,Kvinner,30-39,antall personer,
EliminatedValue,6,30118195,1,3,0,ok-sos006,2010,Ukjent bydel,Kvinner,40-49,antall personer,
EliminatedValue,6,30118195,1,4,0,ok-sos006,2010,Ukjent bydel,Kvinner,50-59,antall personer,
EliminatedValue,6,30118195,1,5,0,ok-sos006,2010,Ukjent bydel,Kvinner,60-67,antall personer,
EliminatedValue,6,30118195,2,0,0,ok-sos006,2010,Ukjent bydel,Menn,I alt,antall personer,
EliminatedValue,6,30118195,2,1,0,ok-sos006,2010,Ukjent bydel,Menn,18-29,antall personer,
EliminatedValue,6,30118195,2,2,0,ok-sos006,2010,Ukjent bydel,Menn,30-39,antall personer,
EliminatedValue,6,30118195,2,3,0,ok-sos006,2010,Ukjent bydel,Menn,40-49,antall personer,
EliminatedValue,6,30118195,2,4,0,ok-sos006,2010,Ukjent bydel,Menn,50-59,antall personer,
EliminatedValue,6,30118195,2,5,0,ok-sos006,2010,Ukjent bydel,Menn,60-67,antall personer,
EliminatedValue,7,301,0,0,0,ok-sos006,2011,Oslo i alt,I alt,I alt,antall personer,24193
EliminatedValue,7,301,0,1,0,ok-sos006,2011,Oslo i alt,I alt,18-29,antall personer,645
EliminatedValue,7,301,0,2,0,ok-sos006,2011,Oslo i alt,I alt,30-39,antall personer,1238
EliminatedValue,7,301,0,3,0,ok-sos006,2011,Oslo i alt,I alt,40-49,antall personer,4034
EliminatedValue,7,301,0,4,0,ok-sos006,2011,Oslo i alt,I alt,50-59,antall personer,8155
EliminatedValue,7,301,0,5,0,ok-sos006,2011,Oslo i alt,I alt,60-67,antall personer,10121
EliminatedValue,7,301,1,0,0,ok-sos006,2011,Oslo i alt,Kvinner,I alt,antall personer,13438
EliminatedValue,7,301,1,1,0,ok-sos006,2011,Oslo i alt,Kvinner,18-29,antall personer,278
EliminatedValue,7,301,1,2,0,ok-sos006,2011,Oslo i alt,Kvinner,30-39,antall personer,585
EliminatedValue,7,301,1,3,0,ok-sos006,2011,Oslo i alt,Kvinner,40-49,antall personer,2093
EliminatedValue,7,301,1,4,0,ok-sos006,2011,Oslo i alt,Kvinner,50-59,antall personer,4649
EliminatedValue,7,301,1,5,0,ok-sos006,2011,Oslo i alt,Kvinner,60-67,antall personer,5833
EliminatedValue,7,301,2,0,0,ok-sos006,2011,Oslo i alt,Menn,I alt,antall personer,10755
EliminatedValue,7,301,2,1,0,ok-sos006,2011,Oslo i alt,Menn,18-29,antall personer,367
EliminatedValue,7,301,2,2,0,ok-sos006,2011,Oslo i alt,Menn,30-39,antall personer,653
EliminatedValue,7,301,2,3,0,ok-sos006,2011,Oslo i alt,Menn,40-49,antall personer,1941
EliminatedValue,7,301,2,4,0,ok-sos006,2011,Oslo i alt,Menn,50-59,antall personer,3506
EliminatedValue,7,301,2,5,0,ok-sos006,2011,Oslo i alt,Menn,60-67,antall personer,4288
EliminatedValue,7,30101,0,0,0,ok-sos006,2011,Gamle Oslo,I alt,I alt,antall personer,1895
EliminatedValue,7,30101,0,1,0,ok-sos006,2011,Gamle Oslo,I alt,18-29,antall personer,40
EliminatedValue,7,30101,0,2,0,ok-sos006,2011,Gamle Oslo,I alt,30-39,antall personer,112
EliminatedValue,7,30101,0,3,0,ok-sos006,2011,Gamle Oslo,I alt,40-49,antall personer,361
EliminatedValue,7,30101,0,4,0,ok-sos006,2011,Gamle Oslo,I alt,50-59,antall personer,643
EliminatedValue,7,30101,0,5,0,ok-sos006,2011,Gamle Oslo,I alt,60-67,antall personer,739
EliminatedValue,7,30101,1,0,0,ok-sos006,2011,Gamle Oslo,Kvinner,I alt,antall personer,906
EliminatedValue,7,30101,1,1,0,ok-sos006,2011,Gamle Oslo,Kvinner,18-29,antall personer,15
EliminatedValue,7,30101,1,2,0,ok-sos006,2011,Gamle Oslo,Kvinner,30-39,antall personer,52
EliminatedValue,7,30101,1,3,0,ok-sos006,2011,Gamle Oslo,Kvinner,40-49,antall personer,145
EliminatedValue,7,30101,1,4,0,ok-sos006,2011,Gamle Oslo,Kvinner,50-59,antall personer,323
EliminatedValue,7,30101,1,5,0,ok-sos006,2011,Gamle Oslo,Kvinner,60-67,antall personer,371
EliminatedValue,7,30101,2,0,0,ok-sos006,2011,Gamle Oslo,Menn,I alt,antall personer,989
EliminatedValue,7,30101,2,1,0,ok-sos006,2011,Gamle Oslo,Menn,18-29,antall personer,25
EliminatedValue,7,30101,2,2,0,ok-sos006,2011,Gamle Oslo,Menn,30-39,antall personer,60
EliminatedValue,7,30101,2,3,0,ok-sos006,2011,Gamle Oslo,Menn,40-49,antall personer,216
EliminatedValue,7,30101,2,4,0,ok-sos006,2011,Gamle Oslo,Menn,50-59,antall personer,320
EliminatedValue,7,30101,2,5,0,ok-sos006,2011,Gamle Oslo,Menn,60-67,antall personer,368
EliminatedValue,7,30102,0,0,0,ok-sos006,2011,Grünerløkka,I alt,I alt,antall personer,1670
EliminatedValue,7,30102,0,1,0,ok-sos006,2011,Grünerløkka,I alt,18-29,antall personer,22
EliminatedValue,7,30102,0,2,0,ok-sos006,2011,Grünerløkka,I alt,30-39,antall personer,92
EliminatedValue,7,30102,0,3,0,ok-sos006,2011,Grünerløkka,I alt,40-49,antall personer,307
EliminatedValue,7,30102,0,4,0,ok-sos006,2011,Grünerløkka,I alt,50-59,antall personer,646
EliminatedValue,7,30102,0,5,0,ok-sos006,2011,Grünerløkka,I alt,60-67,antall personer,603
EliminatedValue,7,30102,1,0,0,ok-sos006,2011,Grünerløkka,Kvinner,I alt,antall personer,813
EliminatedValue,7,30102,1,1,0,ok-sos006,2011,Grünerløkka,Kvinner,18-29,antall personer,11
EliminatedValue,7,30102,1,2,0,ok-sos006,2011,Grünerløkka,Kvinner,30-39,antall personer,38
EliminatedValue,7,30102,1,3,0,ok-sos006,2011,Grünerløkka,Kvinner,40-49,antall personer,138
EliminatedValue,7,30102,1,4,0,ok-sos006,2011,Grünerløkka,Kvinner,50-59,antall personer,320
EliminatedValue,7,30102,1,5,0,ok-sos006,2011,Grünerløkka,Kvinner,60-67,antall personer,306
EliminatedValue,7,30102,2,0,0,ok-sos006,2011,Grünerløkka,Menn,I alt,antall personer,857
EliminatedValue,7,30102,2,1,0,ok-sos006,2011,Grünerløkka,Menn,18-29,antall personer,11
EliminatedValue,7,30102,2,2,0,ok-sos006,2011,Grünerløkka,Menn,30-39,antall personer,54
EliminatedValue,7,30102,2,3,0,ok-sos006,2011,Grünerløkka,Menn,40-49,antall personer,169
EliminatedValue,7,30102,2,4,0,ok-sos006,2011,Grünerløkka,Menn,50-59,antall personer,326
EliminatedValue,7,30102,2,5,0,ok-sos006,2011,Grünerløkka,Menn,60-67,antall personer,297
EliminatedValue,7,30103,0,0,0,ok-sos006,2011,Sagene,I alt,I alt,antall personer,1572
EliminatedValue,7,30103,0,1,0,ok-sos006,2011,Sagene,I alt,18-29,antall personer,33
EliminatedValue,7,30103,0,2,0,ok-sos006,2011,Sagene,I alt,30-39,antall personer,67
EliminatedValue,7,30103,0,3,0,ok-sos006,2011,Sagene,I alt,40-49,antall personer,328
EliminatedValue,7,30103,0,4,0,ok-sos006,2011,Sagene,I alt,50-59,antall personer,552
EliminatedValue,7,30103,0,5,0,ok-sos006,2011,Sagene,I alt,60-67,antall personer,592
EliminatedValue,7,30103,1,0,0,ok-sos006,2011,Sagene,Kvinner,I alt,antall personer,766
EliminatedValue,7,30103,1,1,0,ok-sos006,2011,Sagene,Kvinner,18-29,antall personer,11
EliminatedValue,7,30103,1,2,0,ok-sos006,2011,Sagene,Kvinner,30-39,antall personer,29
EliminatedValue,7,30103,1,3,0,ok-sos006,2011,Sagene,Kvinner,40-49,antall personer,165
EliminatedValue,7,30103,1,4,0,ok-sos006,2011,Sagene,Kvinner,50-59,antall personer,265
EliminatedValue,7,30103,1,5,0,ok-sos006,2011,Sagene,Kvinner,60-67,antall personer,296
EliminatedValue,7,30103,2,0,0,ok-sos006,2011,Sagene,Menn,I alt,antall personer,806
EliminatedValue,7,30103,2,1,0,ok-sos006,2011,Sagene,Menn,18-29,antall personer,22
EliminatedValue,7,30103,2,2,0,ok-sos006,2011,Sagene,Menn,30-39,antall personer,38
EliminatedValue,7,30103,2,3,0,ok-sos006,2011,Sagene,Menn,40-49,antall personer,163
EliminatedValue,7,30103,2,4,0,ok-sos006,2011,Sagene,Menn,50-59,antall personer,287
EliminatedValue,7,30103,2,5,0,ok-sos006,2011,Sagene,Menn,60-67,antall personer,296
EliminatedValue,7,30104,0,0,0,ok-sos006,2011,St. Hanshaugen,I alt,I alt,antall personer,876
EliminatedValue,7,30104,0,1,0,ok-sos006,2011,St. Hanshaugen,I alt,18-29,antall personer,14
EliminatedValue,7,30104,0,2,0,ok-sos006,2011,St. Hanshaugen,I alt,30-39,antall personer,62
EliminatedValue,7,30104,0,3,0,ok-sos006,2011,St. Hanshaugen,I alt,40-49,antall personer,154
EliminatedValue,7,30104,0,4,0,ok-sos006,2011,St. Hanshaugen,I alt,50-59,antall personer,285
EliminatedValue,7,30104,0,5,0,ok-sos006,2011,St. Hanshaugen,I alt,60-67,antall personer,361
EliminatedValue,7,30104,1,0,0,ok-sos006,2011,St. Hanshaugen,Kvinner,I alt,antall personer,454
EliminatedValue,7,30104,1,1,0,ok-sos006,2011,St. Hanshaugen,Kvinner,18-29,antall personer,4
EliminatedValue,7,30104,1,2,0,ok-sos006,2011,St. Hanshaugen,Kvinner,30-39,antall personer,27
EliminatedValue,7,30104,1,3,0,ok-sos006,2011,St. Hanshaugen,Kvinner,40-49,antall personer,73
EliminatedValue,7,30104,1,4,0,ok-sos006,2011,St. Hanshaugen,Kvinner,50-59,antall personer,147
EliminatedValue,7,30104,1,5,0,ok-sos006,2011,St. Hanshaugen,Kvinner,60-67,antall personer,203
EliminatedValue,7,30104,2,0,0,ok-sos006,2011,St. Hanshaugen,Menn,I alt,antall personer,422
EliminatedValue,7,30104,2,1,0,ok-sos006,2011,St. Hanshaugen,Menn,18-29,antall personer,10
EliminatedValue,7,30104,2,2,0,ok-sos006,2011,St. Hanshaugen,Menn,30-39,antall personer,35
EliminatedValue,7,30104,2,3,0,ok-sos006,2011,St. Hanshaugen,Menn,40-49,antall personer,81
EliminatedValue,7,30104,2,4,0,ok-sos006,2011,St. Hanshaugen,Menn,50-59,antall personer,138
EliminatedValue,7,30104,2,5,0,ok-sos006,2011,St. Hanshaugen,Menn,60-67,antall personer,158
EliminatedValue,7,30105,0,0,0,ok-sos006,2011,Frogner,I alt,I alt,antall personer,1490
EliminatedValue,7,30105,0,1,0,ok-sos006,2011,Frogner,I alt,18-29,antall personer,29
EliminatedValue,7,30105,0,2,0,ok-sos006,2011,Frogner,I alt,30-39,antall personer,86
EliminatedValue,7,30105,0,3,0,ok-sos006,2011,Frogner,I alt,40-49,antall personer,225
EliminatedValue,7,30105,0,4,0,ok-sos006,2011,Frogner,I alt,50-59,antall personer,428
EliminatedValue,7,30105,0,5,0,ok-sos006,2011,Frogner,I alt,60-67,antall personer,722
EliminatedValue,7,30105,1,0,0,ok-sos006,2011,Frogner,Kvinner,I alt,antall personer,850
EliminatedValue,7,30105,1,1,0,ok-sos006,2011,Frogner,Kvinner,18-29,antall personer,16
EliminatedValue,7,30105,1,2,0,ok-sos006,2011,Frogner,Kvinner,30-39,antall personer,48
EliminatedValue,7,30105,1,3,0,ok-sos006,2011,Frogner,Kvinner,40-49,antall personer,116
EliminatedValue,7,30105,1,4,0,ok-sos006,2011,Frogner,Kvinner,50-59,antall personer,252
EliminatedValue,7,30105,1,5,0,ok-sos006,2011,Frogner,Kvinner,60-67,antall personer,418
EliminatedValue,7,30105,2,0,0,ok-sos006,2011,Frogner,Menn,I alt,antall personer,640
EliminatedValue,7,30105,2,1,0,ok-sos006,2011,Frogner,Menn,18-29,antall personer,13
EliminatedValue,7,30105,2,2,0,ok-sos006,2011,Frogner,Menn,30-39,antall personer,38
EliminatedValue,7,30105,2,3,0,ok-sos006,2011,Frogner,Menn,40-49,antall personer,109
EliminatedValue,7,30105,2,4,0,ok-sos006,2011,Frogner,Menn,50-59,antall personer,176
EliminatedValue,7,30105,2,5,0,ok-sos006,2011,Frogner,Menn,60-67,antall personer,304
EliminatedValue,7,30106,0,0,0,ok-sos006,2011,Ullern,I alt,I alt,antall personer,879
EliminatedValue,7,30106,0,1,0,ok-sos006,2011,Ullern,I alt,18-29,antall personer,31
EliminatedValue,7,30106,0,2,0,ok-sos006,2011,Ullern,I alt,30-39,antall personer,55
EliminatedValue,7,30106,0,3,0,ok-sos006,2011,Ullern,I alt,40-49,antall personer,110
EliminatedValue,7,30106,0,4,0,ok-sos006,2011,Ullern,I alt,50-59,antall personer,246
EliminatedValue,7,30106,0,5,0,ok-sos006,2011,Ullern,I alt,60-67,antall personer,437
EliminatedValue,7,30106,1,0,0,ok-sos006,2011,Ullern,Kvinner,I alt,antall personer,553
EliminatedValue,7,30106,1,1,0,ok-sos006,2011,Ullern,Kvinner,18-29,antall personer,6
EliminatedValue,7,30106,1,2,0,ok-sos006,2011,Ullern,Kvinner,30-39,antall personer,23
EliminatedValue,7,30106,1,3,0,ok-sos006,2011,Ullern,Kvinner,40-49,antall personer,61
EliminatedValue,7,30106,1,4,0,ok-sos006,2011,Ullern,Kvinner,50-59,antall personer,168
EliminatedValue,7,30106,1,5,0,ok-sos006,2011,Ullern,Kvinner,60-67,antall personer,295
EliminatedValue,7,30106,2,0,0,ok-sos006,2011,Ullern,Menn,I alt,antall personer,326
EliminatedValue,7,30106,2,1,0,ok-sos006,2011,Ullern,Menn,18-29,antall personer,25
EliminatedValue,7,30106,2,2,0,ok-sos006,2011,Ullern,Menn,30-39,antall personer,32
EliminatedValue,7,30106,2,3,0,ok-sos006,2011,Ullern,Menn,40-49,antall personer,49
EliminatedValue,7,30106,2,4,0,ok-sos006,2011,Ullern,Menn,50-59,antall personer,78
EliminatedValue,7,30106,2,5,0,ok-sos006,2011,Ullern,Menn,60-67,antall personer,142
EliminatedValue,7,30107,0,0,0,ok-sos006,2011,Vestre Aker,I alt,I alt,antall personer,1222
EliminatedValue,7,30107,0,1,0,ok-sos006,2011,Vestre Aker,I alt,18-29,antall personer,50
EliminatedValue,7,30107,0,2,0,ok-sos006,2011,Vestre Aker,I alt,30-39,antall personer,68
EliminatedValue,7,30107,0,3,0,ok-sos006,2011,Vestre Aker,I alt,40-49,antall personer,175
EliminatedValue,7,30107,0,4,0,ok-sos006,2011,Vestre Aker,I alt,50-59,antall personer,383
EliminatedValue,7,30107,0,5,0,ok-sos006,2011,Vestre Aker,I alt,60-67,antall personer,546
EliminatedValue,7,30107,1,0,0,ok-sos006,2011,Vestre Aker,Kvinner,I alt,antall personer,725
EliminatedValue,7,30107,1,1,0,ok-sos006,2011,Vestre Aker,Kvinner,18-29,antall personer,23
EliminatedValue,7,30107,1,2,0,ok-sos006,2011,Vestre Aker,Kvinner,30-39,antall personer,26
EliminatedValue,7,30107,1,3,0,ok-sos006,2011,Vestre Aker,Kvinner,40-49,antall personer,97
EliminatedValue,7,30107,1,4,0,ok-sos006,2011,Vestre Aker,Kvinner,50-59,antall personer,249
EliminatedValue,7,30107,1,5,0,ok-sos006,2011,Vestre Aker,Kvinner,60-67,antall personer,330
EliminatedValue,7,30107,2,0,0,ok-sos006,2011,Vestre Aker,Menn,I alt,antall personer,497
EliminatedValue,7,30107,2,1,0,ok-sos006,2011,Vestre Aker,Menn,18-29,antall personer,27
EliminatedValue,7,30107,2,2,0,ok-sos006,2011,Vestre Aker,Menn,30-39,antall personer,42
EliminatedValue,7,30107,2,3,0,ok-sos006,2011,Vestre Aker,Menn,40-49,antall personer,78
EliminatedValue,7,30107,2,4,0,ok-sos006,2011,Vestre Aker,Menn,50-59,antall personer,134
EliminatedValue,7,30107,2,5,0,ok-sos006,2011,Vestre Aker,Menn,60-67,antall personer,216
EliminatedValue,7,30108,0,0,0,ok-sos006,2011,Nordre Aker,I alt,I alt,antall personer,1257
EliminatedValue,7,30108,0,1,0,ok-sos006,2011,Nordre Aker,I alt,18-29,antall personer,46
EliminatedValue,7,30108,0,2,0,ok-sos006,2011,Nordre Aker,I alt,30-39,antall personer,65
EliminatedValue,7,30108,0,3,0,ok-sos006,2011,Nordre Aker,I alt,40-49,antall personer,198
EliminatedValue,7,30108,0,4,0,ok-sos006,2011,Nordre Aker,I alt,50-59,antall personer,397
EliminatedValue,7,30108,0,5,0,ok-sos006,2011,Nordre Aker,I alt,60-67,antall personer,551
EliminatedValue,7,30108,1,0,0,ok-sos006,2011,Nordre Aker,Kvinner,I alt,antall personer,724
EliminatedValue,7,30108,1,1,0,ok-sos006,2011,Nordre Aker,Kvinner,18-29,antall personer,22
EliminatedValue,7,30108,1,2,0,ok-sos006,2011,Nordre Aker,Kvinner,30-39,antall personer,33
EliminatedValue,7,30108,1,3,0,ok-sos006,2011,Nordre Aker,Kvinner,40-49,antall personer,93
EliminatedValue,7,30108,1,4,0,ok-sos006,2011,Nordre Aker,Kvinner,50-59,antall personer,231
EliminatedValue,7,30108,1,5,0,ok-sos006,2011,Nordre Aker,Kvinner,60-67,antall personer,345
EliminatedValue,7,30108,2,0,0,ok-sos006,2011,Nordre Aker,Menn,I alt,antall personer,533
EliminatedValue,7,30108,2,1,0,ok-sos006,2011,Nordre Aker,Menn,18-29,antall personer,24
EliminatedValue,7,30108,2,2,0,ok-sos006,2011,Nordre Aker,Menn,30-39,antall personer,32
EliminatedValue,7,30108,2,3,0,ok-sos006,2011,Nordre Aker,Menn,40-49,antall personer,105
EliminatedValue,7,30108,2,4,0,ok-sos006,2011,Nordre Aker,Menn,50-59,antall personer,166
EliminatedValue,7,30108,2,5,0,ok-sos006,2011,Nordre Aker,Menn,60-67,antall personer,206
EliminatedValue,7,30109,0,0,0,ok-sos006,2011,Bjerke,I alt,I alt,antall personer,1107
EliminatedValue,7,30109,0,1,0,ok-sos006,2011,Bjerke,I alt,18-29,antall personer,42
EliminatedValue,7,30109,0,2,0,ok-sos006,2011,Bjerke,I alt,30-39,antall personer,55
EliminatedValue,7,30109,0,3,0,ok-sos006,2011,Bjerke,I alt,40-49,antall personer,199
EliminatedValue,7,30109,0,4,0,ok-sos006,2011,Bjerke,I alt,50-59,antall personer,364
EliminatedValue,7,30109,0,5,0,ok-sos006,2011,Bjerke,I alt,60-67,antall personer,447
EliminatedValue,7,30109,1,0,0,ok-sos006,2011,Bjerke,Kvinner,I alt,antall personer,597
EliminatedValue,7,30109,1,1,0,ok-sos006,2011,Bjerke,Kvinner,18-29,antall personer,22
EliminatedValue,7,30109,1,2,0,ok-sos006,2011,Bjerke,Kvinner,30-39,antall personer,23
EliminatedValue,7,30109,1,3,0,ok-sos006,2011,Bjerke,Kvinner,40-49,antall personer,108
EliminatedValue,7,30109,1,4,0,ok-sos006,2011,Bjerke,Kvinner,50-59,antall personer,193
EliminatedValue,7,30109,1,5,0,ok-sos006,2011,Bjerke,Kvinner,60-67,antall personer,251
EliminatedValue,7,30109,2,0,0,ok-sos006,2011,Bjerke,Menn,I alt,antall personer,510
EliminatedValue,7,30109,2,1,0,ok-sos006,2011,Bjerke,Menn,18-29,antall personer,20
EliminatedValue,7,30109,2,2,0,ok-sos006,2011,Bjerke,Menn,30-39,antall personer,32
EliminatedValue,7,30109,2,3,0,ok-sos006,2011,Bjerke,Menn,40-49,antall personer,91
EliminatedValue,7,30109,2,4,0,ok-sos006,2011,Bjerke,Menn,50-59,antall personer,171
EliminatedValue,7,30109,2,5,0,ok-sos006,2011,Bjerke,Menn,60-67,antall personer,196
EliminatedValue,7,30110,0,0,0,ok-sos006,2011,Grorud,I alt,I alt,antall personer,1582
EliminatedValue,7,30110,0,1,0,ok-sos006,2011,Grorud,I alt,18-29,antall personer,49
EliminatedValue,7,30110,0,2,0,ok-sos006,2011,Grorud,I alt,30-39,antall personer,77
EliminatedValue,7,30110,0,3,0,ok-sos006,2011,Grorud,I alt,40-49,antall personer,253
EliminatedValue,7,30110,0,4,0,ok-sos006,2011,Grorud,I alt,50-59,antall personer,571
EliminatedValue,7,30110,0,5,0,ok-sos006,2011,Grorud,I alt,60-67,antall personer,632
EliminatedValue,7,30110,1,0,0,ok-sos006,2011,Grorud,Kvinner,I alt,antall personer,914
EliminatedValue,7,30110,1,1,0,ok-sos006,2011,Grorud,Kvinner,18-29,antall personer,20
EliminatedValue,7,30110,1,2,0,ok-sos006,2011,Grorud,Kvinner,30-39,antall personer,39
EliminatedValue,7,30110,1,3,0,ok-sos006,2011,Grorud,Kvinner,40-49,antall personer,141
EliminatedValue,7,30110,1,4,0,ok-sos006,2011,Grorud,Kvinner,50-59,antall personer,335
EliminatedValue,7,30110,1,5,0,ok-sos006,2011,Grorud,Kvinner,60-67,antall personer,379
EliminatedValue,7,30110,2,0,0,ok-sos006,2011,Grorud,Menn,I alt,antall personer,668
EliminatedValue,7,30110,2,1,0,ok-sos006,2011,Grorud,Menn,18-29,antall personer,29
EliminatedValue,7,30110,2,2,0,ok-sos006,2011,Grorud,Menn,30-39,antall personer,38
EliminatedValue,7,30110,2,3,0,ok-sos006,2011,Grorud,Menn,40-49,antall personer,112
EliminatedValue,7,30110,2,4,0,ok-sos006,2011,Grorud,Menn,50-59,antall personer,236
EliminatedValue,7,30110,2,5,0,ok-sos006,2011,Grorud,Menn,60-67,antall personer,253
EliminatedValue,7,30111,0,0,0,ok-sos006,2011,Stovner,I alt,I alt,antall personer,1961
EliminatedValue,7,30111,0,1,0,ok-sos006,2011,Stovner,I alt,18-29,antall personer,42
EliminatedValue,7,30111,0,2,0,ok-sos006,2011,Stovner,I alt,30-39,antall personer,95
EliminatedValue,7,30111,0,3,0,ok-sos006,2011,Stovner,I alt,40-49,antall personer,327
EliminatedValue,7,30111,0,4,0,ok-sos006,2011,Stovner,I alt,50-59,antall personer,645
EliminatedValue,7,30111,0,5,0,ok-sos006,2011,Stovner,I alt,60-67,antall personer,852
EliminatedValue,7,30111,1,0,0,ok-sos006,2011,Stovner,Kvinner,I alt,antall personer,1109
EliminatedValue,7,30111,1,1,0,ok-sos006,2011,Stovner,Kvinner,18-29,antall personer,16
EliminatedValue,7,30111,1,2,0,ok-sos006,2011,Stovner,Kvinner,30-39,antall personer,48
EliminatedValue,7,30111,1,3,0,ok-sos006,2011,Stovner,Kvinner,40-49,antall personer,172
EliminatedValue,7,30111,1,4,0,ok-sos006,2011,Stovner,Kvinner,50-59,antall personer,374
EliminatedValue,7,30111,1,5,0,ok-sos006,2011,Stovner,Kvinner,60-67,antall personer,499
EliminatedValue,7,30111,2,0,0,ok-sos006,2011,Stovner,Menn,I alt,antall personer,852
EliminatedValue,7,30111,2,1,0,ok-sos006,2011,Stovner,Menn,18-29,antall personer,26
EliminatedValue,7,30111,2,2,0,ok-sos006,2011,Stovner,Menn,30-39,antall personer,47
EliminatedValue,7,30111,2,3,0,ok-sos006,2011,Stovner,Menn,40-49,antall personer,155
EliminatedValue,7,30111,2,4,0,ok-sos006,2011,Stovner,Menn,50-59,antall personer,271
EliminatedValue,7,30111,2,5,0,ok-sos006,2011,Stovner,Menn,60-67,antall personer,353
EliminatedValue,7,30112,0,0,0,ok-sos006,2011,Alna,I alt,I alt,antall personer,2864
EliminatedValue,7,30112,0,1,0,ok-sos006,2011,Alna,I alt,18-29,antall personer,81
EliminatedValue,7,30112,0,2,0,ok-sos006,2011,Alna,I alt,30-39,antall personer,136
EliminatedValue,7,30112,0,3,0,ok-sos006,2011,Alna,I alt,40-49,antall personer,456
EliminatedValue,7,30112,0,4,0,ok-sos006,2011,Alna,I alt,50-59,antall personer,965
EliminatedValue,7,30112,0,5,0,ok-sos006,2011,Alna,I alt,60-67,antall personer,1226
EliminatedValue,7,30112,1,0,0,ok-sos006,2011,Alna,Kvinner,I alt,antall personer,1612
EliminatedValue,7,30112,1,1,0,ok-sos006,2011,Alna,Kvinner,18-29,antall personer,36
EliminatedValue,7,30112,1,2,0,ok-sos006,2011,Alna,Kvinner,30-39,antall personer,61
EliminatedValue,7,30112,1,3,0,ok-sos006,2011,Alna,Kvinner,40-49,antall personer,236
EliminatedValue,7,30112,1,4,0,ok-sos006,2011,Alna,Kvinner,50-59,antall personer,565
EliminatedValue,7,30112,1,5,0,ok-sos006,2011,Alna,Kvinner,60-67,antall personer,714
EliminatedValue,7,30112,2,0,0,ok-sos006,2011,Alna,Menn,I alt,antall personer,1252
EliminatedValue,7,30112,2,1,0,ok-sos006,2011,Alna,Menn,18-29,antall personer,45
EliminatedValue,7,30112,2,2,0,ok-sos006,2011,Alna,Menn,30-39,antall personer,75
EliminatedValue,7,30112,2,3,0,ok-sos006,2011,Alna,Menn,40-49,antall personer,220
EliminatedValue,7,30112,2,4,0,ok-sos006,2011,Alna,Menn,50-59,antall personer,400
EliminatedValue,7,30112,2,5,0,ok-sos006,2011,Alna,Menn,60-67,antall personer,512
EliminatedValue,7,30113,0,0,0,ok-sos006,2011,Østensjø,I alt,I alt,antall personer,2172
EliminatedValue,7,30113,0,1,0,ok-sos006,2011,Østensjø,I alt,18-29,antall personer,41
EliminatedValue,7,30113,0,2,0,ok-sos006,2011,Østensjø,I alt,30-39,antall personer,92
EliminatedValue,7,30113,0,3,0,ok-sos006,2011,Østensjø,I alt,40-49,antall personer,360
EliminatedValue,7,30113,0,4,0,ok-sos006,2011,Østensjø,I alt,50-59,antall personer,795
EliminatedValue,7,30113,0,5,0,ok-sos006,2011,Østensjø,I alt,60-67,antall personer,884
EliminatedValue,7,30113,1,0,0,ok-sos006,2011,Østensjø,Kvinner,I alt,antall personer,1307
EliminatedValue,7,30113,1,1,0,ok-sos006,2011,Østensjø,Kvinner,18-29,antall personer,26
EliminatedValue,7,30113,1,2,0,ok-sos006,2011,Østensjø,Kvinner,30-39,antall personer,47
EliminatedValue,7,30113,1,3,0,ok-sos006,2011,Østensjø,Kvinner,40-49,antall personer,225
EliminatedValue,7,30113,1,4,0,ok-sos006,2011,Østensjø,Kvinner,50-59,antall personer,470
EliminatedValue,7,30113,1,5,0,ok-sos006,2011,Østensjø,Kvinner,60-67,antall personer,539
EliminatedValue,7,30113,2,0,0,ok-sos006,2011,Østensjø,Menn,I alt,antall personer,865
EliminatedValue,7,30113,2,1,0,ok-sos006,2011,Østensjø,Menn,18-29,antall personer,15
EliminatedValue,7,30113,2,2,0,ok-sos006,2011,Østensjø,Menn,30-39,antall personer,45
EliminatedValue,7,30113,2,3,0,ok-sos006,2011,Østensjø,Menn,40-49,antall personer,135
EliminatedValue,7,30113,2,4,0,ok-sos006,2011,Østensjø,Menn,50-59,antall personer,325
EliminatedValue,7,30113,2,5,0,ok-sos006,2011,Østensjø,Menn,60-67,antall personer,345
EliminatedValue,7,30114,0,0,0,ok-sos006,2011,Nordstrand,I alt,I alt,antall personer,1702
EliminatedValue,7,30114,0,1,0,ok-sos006,2011,Nordstrand,I alt,18-29,antall personer,50
EliminatedValue,7,30114,0,2,0,ok-sos006,2011,Nordstrand,I alt,30-39,antall personer,71
EliminatedValue,7,30114,0,3,0,ok-sos006,2011,Nordstrand,I alt,40-49,antall personer,238
EliminatedValue,7,30114,0,4,0,ok-sos006,2011,Nordstrand,I alt,50-59,antall personer,535
EliminatedValue,7,30114,0,5,0,ok-sos006,2011,Nordstrand,I alt,60-67,antall personer,808
EliminatedValue,7,30114,1,0,0,ok-sos006,2011,Nordstrand,Kvinner,I alt,antall personer,1049
EliminatedValue,7,30114,1,1,0,ok-sos006,2011,Nordstrand,Kvinner,18-29,antall personer,22
EliminatedValue,7,30114,1,2,0,ok-sos006,2011,Nordstrand,Kvinner,30-39,antall personer,42
EliminatedValue,7,30114,1,3,0,ok-sos006,2011,Nordstrand,Kvinner,40-49,antall personer,142
EliminatedValue,7,30114,1,4,0,ok-sos006,2011,Nordstrand,Kvinner,50-59,antall personer,347
EliminatedValue,7,30114,1,5,0,ok-sos006,2011,Nordstrand,Kvinner,60-67,antall personer,496
EliminatedValue,7,30114,2,0,0,ok-sos006,2011,Nordstrand,Menn,I alt,antall personer,653
EliminatedValue,7,30114,2,1,0,ok-sos006,2011,Nordstrand,Menn,18-29,antall personer,28
EliminatedValue,7,30114,2,2,0,ok-sos006,2011,Nordstrand,Menn,30-39,antall personer,29
EliminatedValue,7,30114,2,3,0,ok-sos006,2011,Nordstrand,Menn,40-49,antall personer,96
EliminatedValue,7,30114,2,4,0,ok-sos006,2011,Nordstrand,Menn,50-59,antall personer,188
EliminatedValue,7,30114,2,5,0,ok-sos006,2011,Nordstrand,Menn,60-67,antall personer,312
EliminatedValue,7,30115,0,0,0,ok-sos006,2011,Søndre Nordstrand,I alt,I alt,antall personer,1872
EliminatedValue,7,30115,0,1,0,ok-sos006,2011,Søndre Nordstrand,I alt,18-29,antall personer,75
EliminatedValue,7,30115,0,2,0,ok-sos006,2011,Søndre Nordstrand,I alt,30-39,antall personer,100
EliminatedValue,7,30115,0,3,0,ok-sos006,2011,Søndre Nordstrand,I alt,40-49,antall personer,328
EliminatedValue,7,30115,0,4,0,ok-sos006,2011,Søndre Nordstrand,I alt,50-59,antall personer,674
EliminatedValue,7,30115,0,5,0,ok-sos006,2011,Søndre Nordstrand,I alt,60-67,antall personer,695
EliminatedValue,7,30115,1,0,0,ok-sos006,2011,Søndre Nordstrand,Kvinner,I alt,antall personer,1023
EliminatedValue,7,30115,1,1,0,ok-sos006,2011,Søndre Nordstrand,Kvinner,18-29,antall personer,28
EliminatedValue,7,30115,1,2,0,ok-sos006,2011,Søndre Nordstrand,Kvinner,30-39,antall personer,46
EliminatedValue,7,30115,1,3,0,ok-sos006,2011,Søndre Nordstrand,Kvinner,40-49,antall personer,174
EliminatedValue,7,30115,1,4,0,ok-sos006,2011,Søndre Nordstrand,Kvinner,50-59,antall personer,394
EliminatedValue,7,30115,1,5,0,ok-sos006,2011,Søndre Nordstrand,Kvinner,60-67,antall personer,381
EliminatedValue,7,30115,2,0,0,ok-sos006,2011,Søndre Nordstrand,Menn,I alt,antall personer,849
EliminatedValue,7,30115,2,1,0,ok-sos006,2011,Søndre Nordstrand,Menn,18-29,antall personer,47
EliminatedValue,7,30115,2,2,0,ok-sos006,2011,Søndre Nordstrand,Menn,30-39,antall personer,54
EliminatedValue,7,30115,2,3,0,ok-sos006,2011,Søndre Nordstrand,Menn,40-49,antall personer,154
EliminatedValue,7,30115,2,4,0,ok-sos006,2011,Søndre Nordstrand,Menn,50-59,antall personer,280
EliminatedValue,7,30115,2,5,0,ok-sos006,2011,Søndre Nordstrand,Menn,60-67,antall personer,314
EliminatedValue,7,30199,0,0,0,ok-sos006,2011,Uten registrert adresse,I alt,I alt,antall personer,72
EliminatedValue,7,30199,0,1,0,ok-sos006,2011,Uten registrert adresse,I alt,18-29,antall personer,0
EliminatedValue,7,30199,0,2,0,ok-sos006,2011,Uten registrert adresse,I alt,30-39,antall personer,5
EliminatedValue,7,30199,0,3,0,ok-sos006,2011,Uten registrert adresse,I alt,40-49,antall personer,15
EliminatedValue,7,30199,0,4,0,ok-sos006,2011,Uten registrert adresse,I alt,50-59,antall personer,26
EliminatedValue,7,30199,0,5,0,ok-sos006,2011,Uten registrert adresse,I alt,60-67,antall personer,26
EliminatedValue,7,30199,1,0,0,ok-sos006,2011,Uten registrert adresse,Kvinner,I alt,antall personer,36
EliminatedValue,7,30199,1,1,0,ok-sos006,2011,Uten registrert adresse,Kvinner,18-29,antall personer,0
EliminatedValue,7,30199,1,2,0,ok-sos006,2011,Uten registrert adresse,Kvinner,30-39,antall personer,3
EliminatedValue,7,30199,1,3,0,ok-sos006,2011,Uten registrert adresse,Kvinner,40-49,antall personer,7
EliminatedValue,7,30199,1,4,0,ok-sos006,2011,Uten registrert adresse,Kvinner,50-59,antall personer,16
EliminatedValue,7,30199,1,5,0,ok-sos006,2011,Uten registrert adresse,Kvinner,60-67,antall personer,10
EliminatedValue,7,30199,2,0,0,ok-sos006,2011,Uten registrert adresse,Menn,I alt,antall personer,36
EliminatedValue,7,30199,2,1,0,ok-sos006,2011,Uten registrert adresse,Menn,18-29,antall personer,0
EliminatedValue,7,30199,2,2,0,ok-sos006,2011,Uten registrert adresse,Menn,30-39,antall personer,2
EliminatedValue,7,30199,2,3,0,ok-sos006,2011,Uten registrert adresse,Menn,40-49,antall personer,8
EliminatedValue,7,30199,2,4,0,ok-sos006,2011,Uten registrert adresse,Menn,50-59,antall personer,10
EliminatedValue,7,30199,2,5,0,ok-sos006,2011,Uten registrert adresse,Menn,60-67,antall personer,16
EliminatedValue,7,30118195,0,0,0,ok-sos006,2011,Ukjent bydel,I alt,I alt,antall personer,
EliminatedValue,7,30118195,0,1,0,ok-sos006,2011,Ukjent bydel,I alt,18-29,antall personer,
EliminatedValue,7,30118195,0,2,0,ok-sos006,2011,Ukjent bydel,I alt,30-39,antall personer,
EliminatedValue,7,30118195,0,3,0,ok-sos006,2011,Ukjent bydel,I alt,40-49,antall personer,
EliminatedValue,7,30118195,0,4,0,ok-sos006,2011,Ukjent bydel,I alt,50-59,antall personer,
EliminatedValue,7,30118195,0,5,0,ok-sos006,2011,Ukjent bydel,I alt,60-67,antall personer,
EliminatedValue,7,30118195,1,0,0,ok-sos006,2011,Ukjent bydel,Kvinner,I alt,antall personer,
EliminatedValue,7,30118195,1,1,0,ok-sos006,2011,Ukjent bydel,Kvinner,18-29,antall personer,
EliminatedValue,7,30118195,1,2,0,ok-sos006,2011,Ukjent bydel,Kvinner,30-39,antall personer,
EliminatedValue,7,30118195,1,3,0,ok-sos006,2011,Ukjent bydel,Kvinner,40-49,antall personer,
EliminatedValue,7,30118195,1,4,0,ok-sos006,2011,Ukjent bydel,Kvinner,50-59,antall personer,
EliminatedValue,7,30118195,1,5,0,ok-sos006,2011,Ukjent bydel,Kvinner,60-67,antall personer,
EliminatedValue,7,30118195,2,0,0,ok-sos006,2011,Ukjent bydel,Menn,I alt,antall personer,
EliminatedValue,7,30118195,2,1,0,ok-sos006,2011,Ukjent bydel,Menn,18-29,antall personer,
EliminatedValue,7,30118195,2,2,0,ok-sos006,2011,Ukjent bydel,Menn,30-39,antall personer,
EliminatedValue,7,30118195,2,3,0,ok-sos006,2011,Ukjent bydel,Menn,40-49,antall personer,
EliminatedValue,7,30118195,2,4,0,ok-sos006,2011,Ukjent bydel,Menn,50-59,antall personer,
EliminatedValue,7,30118195,2,5,0,ok-sos006,2011,Ukjent bydel,Menn,60-67,antall personer,
EliminatedValue,8,301,0,0,0,ok-sos006,2012,Oslo i alt,I alt,I alt,antall personer,24249
EliminatedValue,8,301,0,1,0,ok-sos006,2012,Oslo i alt,I alt,18-29,antall personer,686
EliminatedValue,8,301,0,2,0,ok-sos006,2012,Oslo i alt,I alt,30-39,antall personer,1301
EliminatedValue,8,301,0,3,0,ok-sos006,2012,Oslo i alt,I alt,40-49,antall personer,4139
EliminatedValue,8,301,0,4,0,ok-sos006,2012,Oslo i alt,I alt,50-59,antall personer,8272
EliminatedValue,8,301,0,5,0,ok-sos006,2012,Oslo i alt,I alt,60-67,antall personer,9851
EliminatedValue,8,301,1,0,0,ok-sos006,2012,Oslo i alt,Kvinner,I alt,antall personer,13496
EliminatedValue,8,301,1,1,0,ok-sos006,2012,Oslo i alt,Kvinner,18-29,antall personer,298
EliminatedValue,8,301,1,2,0,ok-sos006,2012,Oslo i alt,Kvinner,30-39,antall personer,623
EliminatedValue,8,301,1,3,0,ok-sos006,2012,Oslo i alt,Kvinner,40-49,antall personer,2155
EliminatedValue,8,301,1,4,0,ok-sos006,2012,Oslo i alt,Kvinner,50-59,antall personer,4696
EliminatedValue,8,301,1,5,0,ok-sos006,2012,Oslo i alt,Kvinner,60-67,antall personer,5724
EliminatedValue,8,301,2,0,0,ok-sos006,2012,Oslo i alt,Menn,I alt,antall personer,10753
EliminatedValue,8,301,2,1,0,ok-sos006,2012,Oslo i alt,Menn,18-29,antall personer,388
EliminatedValue,8,301,2,2,0,ok-sos006,2012,Oslo i alt,Menn,30-39,antall personer,678
EliminatedValue,8,301,2,3,0,ok-sos006,2012,Oslo i alt,Menn,40-49,antall personer,1984
EliminatedValue,8,301,2,4,0,ok-sos006,2012,Oslo i alt,Menn,50-59,antall personer,3576
EliminatedValue,8,301,2,5,0,ok-sos006,2012,Oslo i alt,Menn,60-67,antall personer,4127
EliminatedValue,8,30101,0,0,0,ok-sos006,2012,Gamle Oslo,I alt,I alt,antall personer,1888
EliminatedValue,8,30101,0,1,0,ok-sos006,2012,Gamle Oslo,I alt,18-29,antall personer,38
EliminatedValue,8,30101,0,2,0,ok-sos006,2012,Gamle Oslo,I alt,30-39,antall personer,116
EliminatedValue,8,30101,0,3,0,ok-sos006,2012,Gamle Oslo,I alt,40-49,antall personer,368
EliminatedValue,8,30101,0,4,0,ok-sos006,2012,Gamle Oslo,I alt,50-59,antall personer,648
EliminatedValue,8,30101,0,5,0,ok-sos006,2012,Gamle Oslo,I alt,60-67,antall personer,718
EliminatedValue,8,30101,1,0,0,ok-sos006,2012,Gamle Oslo,Kvinner,I alt,antall personer,902
EliminatedValue,8,30101,1,1,0,ok-sos006,2012,Gamle Oslo,Kvinner,18-29,antall personer,14
EliminatedValue,8,30101,1,2,0,ok-sos006,2012,Gamle Oslo,Kvinner,30-39,antall personer,51
EliminatedValue,8,30101,1,3,0,ok-sos006,2012,Gamle Oslo,Kvinner,40-49,antall personer,145
EliminatedValue,8,30101,1,4,0,ok-sos006,2012,Gamle Oslo,Kvinner,50-59,antall personer,319
EliminatedValue,8,30101,1,5,0,ok-sos006,2012,Gamle Oslo,Kvinner,60-67,antall personer,373
EliminatedValue,8,30101,2,0,0,ok-sos006,2012,Gamle Oslo,Menn,I alt,antall personer,986
EliminatedValue,8,30101,2,1,0,ok-sos006,2012,Gamle Oslo,Menn,18-29,antall personer,24
EliminatedValue,8,30101,2,2,0,ok-sos006,2012,Gamle Oslo,Menn,30-39,antall personer,65
EliminatedValue,8,30101,2,3,0,ok-sos006,2012,Gamle Oslo,Menn,40-49,antall personer,223
EliminatedValue,8,30101,2,4,0,ok-sos006,2012,Gamle Oslo,Menn,50-59,antall personer,329
EliminatedValue,8,30101,2,5,0,ok-sos006,2012,Gamle Oslo,Menn,60-67,antall personer,345
EliminatedValue,8,30102,0,0,0,ok-sos006,2012,Grünerløkka,I alt,I alt,antall personer,1699
EliminatedValue,8,30102,0,1,0,ok-sos006,2012,Grünerløkka,I alt,18-29,antall personer,29
EliminatedValue,8,30102,0,2,0,ok-sos006,2012,Grünerløkka,I alt,30-39,antall personer,95
EliminatedValue,8,30102,0,3,0,ok-sos006,2012,Grünerløkka,I alt,40-49,antall personer,318
EliminatedValue,8,30102,0,4,0,ok-sos006,2012,Grünerløkka,I alt,50-59,antall personer,640
EliminatedValue,8,30102,0,5,0,ok-sos006,2012,Grünerløkka,I alt,60-67,antall personer,617
EliminatedValue,8,30102,1,0,0,ok-sos006,2012,Grünerløkka,Kvinner,I alt,antall personer,834
EliminatedValue,8,30102,1,1,0,ok-sos006,2012,Grünerløkka,Kvinner,18-29,antall personer,14
EliminatedValue,8,30102,1,2,0,ok-sos006,2012,Grünerløkka,Kvinner,30-39,antall personer,41
EliminatedValue,8,30102,1,3,0,ok-sos006,2012,Grünerløkka,Kvinner,40-49,antall personer,134
EliminatedValue,8,30102,1,4,0,ok-sos006,2012,Grünerløkka,Kvinner,50-59,antall personer,322
EliminatedValue,8,30102,1,5,0,ok-sos006,2012,Grünerløkka,Kvinner,60-67,antall personer,323
EliminatedValue,8,30102,2,0,0,ok-sos006,2012,Grünerløkka,Menn,I alt,antall personer,865
EliminatedValue,8,30102,2,1,0,ok-sos006,2012,Grünerløkka,Menn,18-29,antall personer,15
EliminatedValue,8,30102,2,2,0,ok-sos006,2012,Grünerløkka,Menn,30-39,antall personer,54
EliminatedValue,8,30102,2,3,0,ok-sos006,2012,Grünerløkka,Menn,40-49,antall personer,184
EliminatedValue,8,30102,2,4,0,ok-sos006,2012,Grünerløkka,Menn,50-59,antall personer,318
EliminatedValue,8,30102,2,5,0,ok-sos006,2012,Grünerløkka,Menn,60-67,antall personer,294
EliminatedValue,8,30103,0,0,0,ok-sos006,2012,Sagene,I alt,I alt,antall personer,1582
EliminatedValue,8,30103,0,1,0,ok-sos006,2012,Sagene,I alt,18-29,antall personer,41
EliminatedValue,8,30103,0,2,0,ok-sos006,2012,Sagene,I alt,30-39,antall personer,75
EliminatedValue,8,30103,0,3,0,ok-sos006,2012,Sagene,I alt,40-49,antall personer,321
EliminatedValue,8,30103,0,4,0,ok-sos006,2012,Sagene,I alt,50-59,antall personer,577
EliminatedValue,8,30103,0,5,0,ok-sos006,2012,Sagene,I alt,60-67,antall personer,568
EliminatedValue,8,30103,1,0,0,ok-sos006,2012,Sagene,Kvinner,I alt,antall personer,767
EliminatedValue,8,30103,1,1,0,ok-sos006,2012,Sagene,Kvinner,18-29,antall personer,13
EliminatedValue,8,30103,1,2,0,ok-sos006,2012,Sagene,Kvinner,30-39,antall personer,29
EliminatedValue,8,30103,1,3,0,ok-sos006,2012,Sagene,Kvinner,40-49,antall personer,158
EliminatedValue,8,30103,1,4,0,ok-sos006,2012,Sagene,Kvinner,50-59,antall personer,286
EliminatedValue,8,30103,1,5,0,ok-sos006,2012,Sagene,Kvinner,60-67,antall personer,281
EliminatedValue,8,30103,2,0,0,ok-sos006,2012,Sagene,Menn,I alt,antall personer,815
EliminatedValue,8,30103,2,1,0,ok-sos006,2012,Sagene,Menn,18-29,antall personer,28
EliminatedValue,8,30103,2,2,0,ok-sos006,2012,Sagene,Menn,30-39,antall personer,46
EliminatedValue,8,30103,2,3,0,ok-sos006,2012,Sagene,Menn,40-49,antall personer,163
EliminatedValue,8,30103,2,4,0,ok-sos006,2012,Sagene,Menn,50-59,antall personer,291
EliminatedValue,8,30103,2,5,0,ok-sos006,2012,Sagene,Menn,60-67,antall personer,287
EliminatedValue,8,30104,0,0,0,ok-sos006,2012,St. Hanshaugen,I alt,I alt,antall personer,881
EliminatedValue,8,30104,0,1,0,ok-sos006,2012,St. Hanshaugen,I alt,18-29,antall personer,17
EliminatedValue,8,30104,0,2,0,ok-sos006,2012,St. Hanshaugen,I alt,30-39,antall personer,70
EliminatedValue,8,30104,0,3,0,ok-sos006,2012,St. Hanshaugen,I alt,40-49,antall personer,142
EliminatedValue,8,30104,0,4,0,ok-sos006,2012,St. Hanshaugen,I alt,50-59,antall personer,297
EliminatedValue,8,30104,0,5,0,ok-sos006,2012,St. Hanshaugen,I alt,60-67,antall personer,355
EliminatedValue,8,30104,1,0,0,ok-sos006,2012,St. Hanshaugen,Kvinner,I alt,antall personer,453
EliminatedValue,8,30104,1,1,0,ok-sos006,2012,St. Hanshaugen,Kvinner,18-29,antall personer,4
EliminatedValue,8,30104,1,2,0,ok-sos006,2012,St. Hanshaugen,Kvinner,30-39,antall personer,32
EliminatedValue,8,30104,1,3,0,ok-sos006,2012,St. Hanshaugen,Kvinner,40-49,antall personer,66
EliminatedValue,8,30104,1,4,0,ok-sos006,2012,St. Hanshaugen,Kvinner,50-59,antall personer,153
EliminatedValue,8,30104,1,5,0,ok-sos006,2012,St. Hanshaugen,Kvinner,60-67,antall personer,198
EliminatedValue,8,30104,2,0,0,ok-sos006,2012,St. Hanshaugen,Menn,I alt,antall personer,428
EliminatedValue,8,30104,2,1,0,ok-sos006,2012,St. Hanshaugen,Menn,18-29,antall personer,13
EliminatedValue,8,30104,2,2,0,ok-sos006,2012,St. Hanshaugen,Menn,30-39,antall personer,38
EliminatedValue,8,30104,2,3,0,ok-sos006,2012,St. Hanshaugen,Menn,40-49,antall personer,76
EliminatedValue,8,30104,2,4,0,ok-sos006,2012,St. Hanshaugen,Menn,50-59,antall personer,144
EliminatedValue,8,30104,2,5,0,ok-sos006,2012,St. Hanshaugen,Menn,60-67,antall personer,157
EliminatedValue,8,30105,0,0,0,ok-sos006,2012,Frogner,I alt,I alt,antall personer,1478
EliminatedValue,8,30105,0,1,0,ok-sos006,2012,Frogner,I alt,18-29,antall personer,31
EliminatedValue,8,30105,0,2,0,ok-sos006,2012,Frogner,I alt,30-39,antall personer,91
EliminatedValue,8,30105,0,3,0,ok-sos006,2012,Frogner,I alt,40-49,antall personer,235
EliminatedValue,8,30105,0,4,0,ok-sos006,2012,Frogner,I alt,50-59,antall personer,436
EliminatedValue,8,30105,0,5,0,ok-sos006,2012,Frogner,I alt,60-67,antall personer,685
EliminatedValue,8,30105,1,0,0,ok-sos006,2012,Frogner,Kvinner,I alt,antall personer,845
EliminatedValue,8,30105,1,1,0,ok-sos006,2012,Frogner,Kvinner,18-29,antall personer,16
EliminatedValue,8,30105,1,2,0,ok-sos006,2012,Frogner,Kvinner,30-39,antall personer,53
EliminatedValue,8,30105,1,3,0,ok-sos006,2012,Frogner,Kvinner,40-49,antall personer,122
EliminatedValue,8,30105,1,4,0,ok-sos006,2012,Frogner,Kvinner,50-59,antall personer,248
EliminatedValue,8,30105,1,5,0,ok-sos006,2012,Frogner,Kvinner,60-67,antall personer,406
EliminatedValue,8,30105,2,0,0,ok-sos006,2012,Frogner,Menn,I alt,antall personer,633
EliminatedValue,8,30105,2,1,0,ok-sos006,2012,Frogner,Menn,18-29,antall personer,15
EliminatedValue,8,30105,2,2,0,ok-sos006,2012,Frogner,Menn,30-39,antall personer,38
EliminatedValue,8,30105,2,3,0,ok-sos006,2012,Frogner,Menn,40-49,antall personer,113
EliminatedValue,8,30105,2,4,0,ok-sos006,2012,Frogner,Menn,50-59,antall personer,188
EliminatedValue,8,30105,2,5,0,ok-sos006,2012,Frogner,Menn,60-67,antall personer,279
EliminatedValue,8,30106,0,0,0,ok-sos006,2012,Ullern,I alt,I alt,antall personer,856
EliminatedValue,8,30106,0,1,0,ok-sos006,2012,Ullern,I alt,18-29,antall personer,26
EliminatedValue,8,30106,0,2,0,ok-sos006,2012,Ullern,I alt,30-39,antall personer,52
EliminatedValue,8,30106,0,3,0,ok-sos006,2012,Ullern,I alt,40-49,antall personer,107
EliminatedValue,8,30106,0,4,0,ok-sos006,2012,Ullern,I alt,50-59,antall personer,270
EliminatedValue,8,30106,0,5,0,ok-sos006,2012,Ullern,I alt,60-67,antall personer,401
EliminatedValue,8,30106,1,0,0,ok-sos006,2012,Ullern,Kvinner,I alt,antall personer,558
EliminatedValue,8,30106,1,1,0,ok-sos006,2012,Ullern,Kvinner,18-29,antall personer,6
EliminatedValue,8,30106,1,2,0,ok-sos006,2012,Ullern,Kvinner,30-39,antall personer,21
EliminatedValue,8,30106,1,3,0,ok-sos006,2012,Ullern,Kvinner,40-49,antall personer,63
EliminatedValue,8,30106,1,4,0,ok-sos006,2012,Ullern,Kvinner,50-59,antall personer,182
EliminatedValue,8,30106,1,5,0,ok-sos006,2012,Ullern,Kvinner,60-67,antall personer,286
EliminatedValue,8,30106,2,0,0,ok-sos006,2012,Ullern,Menn,I alt,antall personer,298
EliminatedValue,8,30106,2,1,0,ok-sos006,2012,Ullern,Menn,18-29,antall personer,20
EliminatedValue,8,30106,2,2,0,ok-sos006,2012,Ullern,Menn,30-39,antall personer,31
EliminatedValue,8,30106,2,3,0,ok-sos006,2012,Ullern,Menn,40-49,antall personer,44
EliminatedValue,8,30106,2,4,0,ok-sos006,2012,Ullern,Menn,50-59,antall personer,88
EliminatedValue,8,30106,2,5,0,ok-sos006,2012,Ullern,Menn,60-67,antall personer,115
EliminatedValue,8,30107,0,0,0,ok-sos006,2012,Vestre Aker,I alt,I alt,antall personer,1211
EliminatedValue,8,30107,0,1,0,ok-sos006,2012,Vestre Aker,I alt,18-29,antall personer,48
EliminatedValue,8,30107,0,2,0,ok-sos006,2012,Vestre Aker,I alt,30-39,antall personer,79
EliminatedValue,8,30107,0,3,0,ok-sos006,2012,Vestre Aker,I alt,40-49,antall personer,174
EliminatedValue,8,30107,0,4,0,ok-sos006,2012,Vestre Aker,I alt,50-59,antall personer,379
EliminatedValue,8,30107,0,5,0,ok-sos006,2012,Vestre Aker,I alt,60-67,antall personer,531
EliminatedValue,8,30107,1,0,0,ok-sos006,2012,Vestre Aker,Kvinner,I alt,antall personer,734
EliminatedValue,8,30107,1,1,0,ok-sos006,2012,Vestre Aker,Kvinner,18-29,antall personer,24
EliminatedValue,8,30107,1,2,0,ok-sos006,2012,Vestre Aker,Kvinner,30-39,antall personer,35
EliminatedValue,8,30107,1,3,0,ok-sos006,2012,Vestre Aker,Kvinner,40-49,antall personer,94
EliminatedValue,8,30107,1,4,0,ok-sos006,2012,Vestre Aker,Kvinner,50-59,antall personer,251
EliminatedValue,8,30107,1,5,0,ok-sos006,2012,Vestre Aker,Kvinner,60-67,antall personer,330
EliminatedValue,8,30107,2,0,0,ok-sos006,2012,Vestre Aker,Menn,I alt,antall personer,477
EliminatedValue,8,30107,2,1,0,ok-sos006,2012,Vestre Aker,Menn,18-29,antall personer,24
EliminatedValue,8,30107,2,2,0,ok-sos006,2012,Vestre Aker,Menn,30-39,antall personer,44
EliminatedValue,8,30107,2,3,0,ok-sos006,2012,Vestre Aker,Menn,40-49,antall personer,80
EliminatedValue,8,30107,2,4,0,ok-sos006,2012,Vestre Aker,Menn,50-59,antall personer,128
EliminatedValue,8,30107,2,5,0,ok-sos006,2012,Vestre Aker,Menn,60-67,antall personer,201
EliminatedValue,8,30108,0,0,0,ok-sos006,2012,Nordre Aker,I alt,I alt,antall personer,1238
EliminatedValue,8,30108,0,1,0,ok-sos006,2012,Nordre Aker,I alt,18-29,antall personer,44
EliminatedValue,8,30108,0,2,0,ok-sos006,2012,Nordre Aker,I alt,30-39,antall personer,74
EliminatedValue,8,30108,0,3,0,ok-sos006,2012,Nordre Aker,I alt,40-49,antall personer,198
EliminatedValue,8,30108,0,4,0,ok-sos006,2012,Nordre Aker,I alt,50-59,antall personer,385
EliminatedValue,8,30108,0,5,0,ok-sos006,2012,Nordre Aker,I alt,60-67,antall personer,537
EliminatedValue,8,30108,1,0,0,ok-sos006,2012,Nordre Aker,Kvinner,I alt,antall personer,707
EliminatedValue,8,30108,1,1,0,ok-sos006,2012,Nordre Aker,Kvinner,18-29,antall personer,18
EliminatedValue,8,30108,1,2,0,ok-sos006,2012,Nordre Aker,Kvinner,30-39,antall personer,37
EliminatedValue,8,30108,1,3,0,ok-sos006,2012,Nordre Aker,Kvinner,40-49,antall personer,95
EliminatedValue,8,30108,1,4,0,ok-sos006,2012,Nordre Aker,Kvinner,50-59,antall personer,225
EliminatedValue,8,30108,1,5,0,ok-sos006,2012,Nordre Aker,Kvinner,60-67,antall personer,332
EliminatedValue,8,30108,2,0,0,ok-sos006,2012,Nordre Aker,Menn,I alt,antall personer,531
EliminatedValue,8,30108,2,1,0,ok-sos006,2012,Nordre Aker,Menn,18-29,antall personer,26
EliminatedValue,8,30108,2,2,0,ok-sos006,2012,Nordre Aker,Menn,30-39,antall personer,37
EliminatedValue,8,30108,2,3,0,ok-sos006,2012,Nordre Aker,Menn,40-49,antall personer,103
EliminatedValue,8,30108,2,4,0,ok-sos006,2012,Nordre Aker,Menn,50-59,antall personer,160
EliminatedValue,8,30108,2,5,0,ok-sos006,2012,Nordre Aker,Menn,60-67,antall personer,205
EliminatedValue,8,30109,0,0,0,ok-sos006,2012,Bjerke,I alt,I alt,antall personer,1150
EliminatedValue,8,30109,0,1,0,ok-sos006,2012,Bjerke,I alt,18-29,antall personer,44
EliminatedValue,8,30109,0,2,0,ok-sos006,2012,Bjerke,I alt,30-39,antall personer,64
EliminatedValue,8,30109,0,3,0,ok-sos006,2012,Bjerke,I alt,40-49,antall personer,203
EliminatedValue,8,30109,0,4,0,ok-sos006,2012,Bjerke,I alt,50-59,antall personer,369
EliminatedValue,8,30109,0,5,0,ok-sos006,2012,Bjerke,I alt,60-67,antall personer,470
EliminatedValue,8,30109,1,0,0,ok-sos006,2012,Bjerke,Kvinner,I alt,antall personer,633
EliminatedValue,8,30109,1,1,0,ok-sos006,2012,Bjerke,Kvinner,18-29,antall personer,25
EliminatedValue,8,30109,1,2,0,ok-sos006,2012,Bjerke,Kvinner,30-39,antall personer,29
EliminatedValue,8,30109,1,3,0,ok-sos006,2012,Bjerke,Kvinner,40-49,antall personer,109
EliminatedValue,8,30109,1,4,0,ok-sos006,2012,Bjerke,Kvinner,50-59,antall personer,204
EliminatedValue,8,30109,1,5,0,ok-sos006,2012,Bjerke,Kvinner,60-67,antall personer,266
EliminatedValue,8,30109,2,0,0,ok-sos006,2012,Bjerke,Menn,I alt,antall personer,517
EliminatedValue,8,30109,2,1,0,ok-sos006,2012,Bjerke,Menn,18-29,antall personer,19
EliminatedValue,8,30109,2,2,0,ok-sos006,2012,Bjerke,Menn,30-39,antall personer,35
EliminatedValue,8,30109,2,3,0,ok-sos006,2012,Bjerke,Menn,40-49,antall personer,94
EliminatedValue,8,30109,2,4,0,ok-sos006,2012,Bjerke,Menn,50-59,antall personer,165
EliminatedValue,8,30109,2,5,0,ok-sos006,2012,Bjerke,Menn,60-67,antall personer,204
EliminatedValue,8,30110,0,0,0,ok-sos006,2012,Grorud,I alt,I alt,antall personer,1582
EliminatedValue,8,30110,0,1,0,ok-sos006,2012,Grorud,I alt,18-29,antall personer,50
EliminatedValue,8,30110,0,2,0,ok-sos006,2012,Grorud,I alt,30-39,antall personer,79
EliminatedValue,8,30110,0,3,0,ok-sos006,2012,Grorud,I alt,40-49,antall personer,262
EliminatedValue,8,30110,0,4,0,ok-sos006,2012,Grorud,I alt,50-59,antall personer,569
EliminatedValue,8,30110,0,5,0,ok-sos006,2012,Grorud,I alt,60-67,antall personer,622
EliminatedValue,8,30110,1,0,0,ok-sos006,2012,Grorud,Kvinner,I alt,antall personer,913
EliminatedValue,8,30110,1,1,0,ok-sos006,2012,Grorud,Kvinner,18-29,antall personer,23
EliminatedValue,8,30110,1,2,0,ok-sos006,2012,Grorud,Kvinner,30-39,antall personer,37
EliminatedValue,8,30110,1,3,0,ok-sos006,2012,Grorud,Kvinner,40-49,antall personer,152
EliminatedValue,8,30110,1,4,0,ok-sos006,2012,Grorud,Kvinner,50-59,antall personer,329
EliminatedValue,8,30110,1,5,0,ok-sos006,2012,Grorud,Kvinner,60-67,antall personer,372
EliminatedValue,8,30110,2,0,0,ok-sos006,2012,Grorud,Menn,I alt,antall personer,669
EliminatedValue,8,30110,2,1,0,ok-sos006,2012,Grorud,Menn,18-29,antall personer,27
EliminatedValue,8,30110,2,2,0,ok-sos006,2012,Grorud,Menn,30-39,antall personer,42
EliminatedValue,8,30110,2,3,0,ok-sos006,2012,Grorud,Menn,40-49,antall personer,110
EliminatedValue,8,30110,2,4,0,ok-sos006,2012,Grorud,Menn,50-59,antall personer,240
EliminatedValue,8,30110,2,5,0,ok-sos006,2012,Grorud,Menn,60-67,antall personer,250
EliminatedValue,8,30111,0,0,0,ok-sos006,2012,Stovner,I alt,I alt,antall personer,1976
EliminatedValue,8,30111,0,1,0,ok-sos006,2012,Stovner,I alt,18-29,antall personer,50
EliminatedValue,8,30111,0,2,0,ok-sos006,2012,Stovner,I alt,30-39,antall personer,93
EliminatedValue,8,30111,0,3,0,ok-sos006,2012,Stovner,I alt,40-49,antall personer,356
EliminatedValue,8,30111,0,4,0,ok-sos006,2012,Stovner,I alt,50-59,antall personer,645
EliminatedValue,8,30111,0,5,0,ok-sos006,2012,Stovner,I alt,60-67,antall personer,832
EliminatedValue,8,30111,1,0,0,ok-sos006,2012,Stovner,Kvinner,I alt,antall personer,1108
EliminatedValue,8,30111,1,1,0,ok-sos006,2012,Stovner,Kvinner,18-29,antall personer,19
EliminatedValue,8,30111,1,2,0,ok-sos006,2012,Stovner,Kvinner,30-39,antall personer,50
EliminatedValue,8,30111,1,3,0,ok-sos006,2012,Stovner,Kvinner,40-49,antall personer,190
EliminatedValue,8,30111,1,4,0,ok-sos006,2012,Stovner,Kvinner,50-59,antall personer,368
EliminatedValue,8,30111,1,5,0,ok-sos006,2012,Stovner,Kvinner,60-67,antall personer,481
EliminatedValue,8,30111,2,0,0,ok-sos006,2012,Stovner,Menn,I alt,antall personer,868
EliminatedValue,8,30111,2,1,0,ok-sos006,2012,Stovner,Menn,18-29,antall personer,31
EliminatedValue,8,30111,2,2,0,ok-sos006,2012,Stovner,Menn,30-39,antall personer,43
EliminatedValue,8,30111,2,3,0,ok-sos006,2012,Stovner,Menn,40-49,antall personer,166
EliminatedValue,8,30111,2,4,0,ok-sos006,2012,Stovner,Menn,50-59,antall personer,277
EliminatedValue,8,30111,2,5,0,ok-sos006,2012,Stovner,Menn,60-67,antall personer,351
EliminatedValue,8,30112,0,0,0,ok-sos006,2012,Alna,I alt,I alt,antall personer,2857
EliminatedValue,8,30112,0,1,0,ok-sos006,2012,Alna,I alt,18-29,antall personer,91
EliminatedValue,8,30112,0,2,0,ok-sos006,2012,Alna,I alt,30-39,antall personer,131
EliminatedValue,8,30112,0,3,0,ok-sos006,2012,Alna,I alt,40-49,antall personer,475
EliminatedValue,8,30112,0,4,0,ok-sos006,2012,Alna,I alt,50-59,antall personer,983
EliminatedValue,8,30112,0,5,0,ok-sos006,2012,Alna,I alt,60-67,antall personer,1177
EliminatedValue,8,30112,1,0,0,ok-sos006,2012,Alna,Kvinner,I alt,antall personer,1597
EliminatedValue,8,30112,1,1,0,ok-sos006,2012,Alna,Kvinner,18-29,antall personer,40
EliminatedValue,8,30112,1,2,0,ok-sos006,2012,Alna,Kvinner,30-39,antall personer,66
EliminatedValue,8,30112,1,3,0,ok-sos006,2012,Alna,Kvinner,40-49,antall personer,251
EliminatedValue,8,30112,1,4,0,ok-sos006,2012,Alna,Kvinner,50-59,antall personer,552
EliminatedValue,8,30112,1,5,0,ok-sos006,2012,Alna,Kvinner,60-67,antall personer,688
EliminatedValue,8,30112,2,0,0,ok-sos006,2012,Alna,Menn,I alt,antall personer,1260
EliminatedValue,8,30112,2,1,0,ok-sos006,2012,Alna,Menn,18-29,antall personer,51
EliminatedValue,8,30112,2,2,0,ok-sos006,2012,Alna,Menn,30-39,antall personer,65
EliminatedValue,8,30112,2,3,0,ok-sos006,2012,Alna,Menn,40-49,antall personer,224
EliminatedValue,8,30112,2,4,0,ok-sos006,2012,Alna,Menn,50-59,antall personer,431
EliminatedValue,8,30112,2,5,0,ok-sos006,2012,Alna,Menn,60-67,antall personer,489
EliminatedValue,8,30113,0,0,0,ok-sos006,2012,Østensjø,I alt,I alt,antall personer,2171
EliminatedValue,8,30113,0,1,0,ok-sos006,2012,Østensjø,I alt,18-29,antall personer,45
EliminatedValue,8,30113,0,2,0,ok-sos006,2012,Østensjø,I alt,30-39,antall personer,94
EliminatedValue,8,30113,0,3,0,ok-sos006,2012,Østensjø,I alt,40-49,antall personer,366
EliminatedValue,8,30113,0,4,0,ok-sos006,2012,Østensjø,I alt,50-59,antall personer,827
EliminatedValue,8,30113,0,5,0,ok-sos006,2012,Østensjø,I alt,60-67,antall personer,839
EliminatedValue,8,30113,1,0,0,ok-sos006,2012,Østensjø,Kvinner,I alt,antall personer,1312
EliminatedValue,8,30113,1,1,0,ok-sos006,2012,Østensjø,Kvinner,18-29,antall personer,25
EliminatedValue,8,30113,1,2,0,ok-sos006,2012,Østensjø,Kvinner,30-39,antall personer,50
EliminatedValue,8,30113,1,3,0,ok-sos006,2012,Østensjø,Kvinner,40-49,antall personer,231
EliminatedValue,8,30113,1,4,0,ok-sos006,2012,Østensjø,Kvinner,50-59,antall personer,497
EliminatedValue,8,30113,1,5,0,ok-sos006,2012,Østensjø,Kvinner,60-67,antall personer,509
EliminatedValue,8,30113,2,0,0,ok-sos006,2012,Østensjø,Menn,I alt,antall personer,859
EliminatedValue,8,30113,2,1,0,ok-sos006,2012,Østensjø,Menn,18-29,antall personer,20
EliminatedValue,8,30113,2,2,0,ok-sos006,2012,Østensjø,Menn,30-39,antall personer,44
EliminatedValue,8,30113,2,3,0,ok-sos006,2012,Østensjø,Menn,40-49,antall personer,135
EliminatedValue,8,30113,2,4,0,ok-sos006,2012,Østensjø,Menn,50-59,antall personer,330
EliminatedValue,8,30113,2,5,0,ok-sos006,2012,Østensjø,Menn,60-67,antall personer,330
EliminatedValue,8,30114,0,0,0,ok-sos006,2012,Nordstrand,I alt,I alt,antall personer,1656
EliminatedValue,8,30114,0,1,0,ok-sos006,2012,Nordstrand,I alt,18-29,antall personer,53
EliminatedValue,8,30114,0,2,0,ok-sos006,2012,Nordstrand,I alt,30-39,antall personer,73
EliminatedValue,8,30114,0,3,0,ok-sos006,2012,Nordstrand,I alt,40-49,antall personer,248
EliminatedValue,8,30114,0,4,0,ok-sos006,2012,Nordstrand,I alt,50-59,antall personer,526
EliminatedValue,8,30114,0,5,0,ok-sos006,2012,Nordstrand,I alt,60-67,antall personer,756
EliminatedValue,8,30114,1,0,0,ok-sos006,2012,Nordstrand,Kvinner,I alt,antall personer,1025
EliminatedValue,8,30114,1,1,0,ok-sos006,2012,Nordstrand,Kvinner,18-29,antall personer,25
EliminatedValue,8,30114,1,2,0,ok-sos006,2012,Nordstrand,Kvinner,30-39,antall personer,41
EliminatedValue,8,30114,1,3,0,ok-sos006,2012,Nordstrand,Kvinner,40-49,antall personer,146
EliminatedValue,8,30114,1,4,0,ok-sos006,2012,Nordstrand,Kvinner,50-59,antall personer,347
EliminatedValue,8,30114,1,5,0,ok-sos006,2012,Nordstrand,Kvinner,60-67,antall personer,466
EliminatedValue,8,30114,2,0,0,ok-sos006,2012,Nordstrand,Menn,I alt,antall personer,631
EliminatedValue,8,30114,2,1,0,ok-sos006,2012,Nordstrand,Menn,18-29,antall personer,28
EliminatedValue,8,30114,2,2,0,ok-sos006,2012,Nordstrand,Menn,30-39,antall personer,32
EliminatedValue,8,30114,2,3,0,ok-sos006,2012,Nordstrand,Menn,40-49,antall personer,102
EliminatedValue,8,30114,2,4,0,ok-sos006,2012,Nordstrand,Menn,50-59,antall personer,179
EliminatedValue,8,30114,2,5,0,ok-sos006,2012,Nordstrand,Menn,60-67,antall personer,290
EliminatedValue,8,30115,0,0,0,ok-sos006,2012,Søndre Nordstrand,I alt,I alt,antall personer,1950
EliminatedValue,8,30115,0,1,0,ok-sos006,2012,Søndre Nordstrand,I alt,18-29,antall personer,77
EliminatedValue,8,30115,0,2,0,ok-sos006,2012,Søndre Nordstrand,I alt,30-39,antall personer,109
EliminatedValue,8,30115,0,3,0,ok-sos006,2012,Søndre Nordstrand,I alt,40-49,antall personer,348
EliminatedValue,8,30115,0,4,0,ok-sos006,2012,Søndre Nordstrand,I alt,50-59,antall personer,697
EliminatedValue,8,30115,0,5,0,ok-sos006,2012,Søndre Nordstrand,I alt,60-67,antall personer,719
EliminatedValue,8,30115,1,0,0,ok-sos006,2012,Søndre Nordstrand,Kvinner,I alt,antall personer,1073
EliminatedValue,8,30115,1,1,0,ok-sos006,2012,Søndre Nordstrand,Kvinner,18-29,antall personer,32
EliminatedValue,8,30115,1,2,0,ok-sos006,2012,Søndre Nordstrand,Kvinner,30-39,antall personer,47
EliminatedValue,8,30115,1,3,0,ok-sos006,2012,Søndre Nordstrand,Kvinner,40-49,antall personer,191
EliminatedValue,8,30115,1,4,0,ok-sos006,2012,Søndre Nordstrand,Kvinner,50-59,antall personer,401
EliminatedValue,8,30115,1,5,0,ok-sos006,2012,Søndre Nordstrand,Kvinner,60-67,antall personer,402
EliminatedValue,8,30115,2,0,0,ok-sos006,2012,Søndre Nordstrand,Menn,I alt,antall personer,877
EliminatedValue,8,30115,2,1,0,ok-sos006,2012,Søndre Nordstrand,Menn,18-29,antall personer,45
EliminatedValue,8,30115,2,2,0,ok-sos006,2012,Søndre Nordstrand,Menn,30-39,antall personer,62
EliminatedValue,8,30115,2,3,0,ok-sos006,2012,Søndre Nordstrand,Menn,40-49,antall personer,157
EliminatedValue,8,30115,2,4,0,ok-sos006,2012,Søndre Nordstrand,Menn,50-59,antall personer,296
EliminatedValue,8,30115,2,5,0,ok-sos006,2012,Søndre Nordstrand,Menn,60-67,antall personer,317
EliminatedValue,8,30199,0,0,0,ok-sos006,2012,Uten registrert adresse,I alt,I alt,antall personer,74
EliminatedValue,8,30199,0,1,0,ok-sos006,2012,Uten registrert adresse,I alt,18-29,antall personer,2
EliminatedValue,8,30199,0,2,0,ok-sos006,2012,Uten registrert adresse,I alt,30-39,antall personer,6
EliminatedValue,8,30199,0,3,0,ok-sos006,2012,Uten registrert adresse,I alt,40-49,antall personer,18
EliminatedValue,8,30199,0,4,0,ok-sos006,2012,Uten registrert adresse,I alt,50-59,antall personer,24
EliminatedValue,8,30199,0,5,0,ok-sos006,2012,Uten registrert adresse,I alt,60-67,antall personer,24
EliminatedValue,8,30199,1,0,0,ok-sos006,2012,Uten registrert adresse,Kvinner,I alt,antall personer,35
EliminatedValue,8,30199,1,1,0,ok-sos006,2012,Uten registrert adresse,Kvinner,18-29,antall personer,0
EliminatedValue,8,30199,1,2,0,ok-sos006,2012,Uten registrert adresse,Kvinner,30-39,antall personer,4
EliminatedValue,8,30199,1,3,0,ok-sos006,2012,Uten registrert adresse,Kvinner,40-49,antall personer,8
EliminatedValue,8,30199,1,4,0,ok-sos006,2012,Uten registrert adresse,Kvinner,50-59,antall personer,12
EliminatedValue,8,30199,1,5,0,ok-sos006,2012,Uten registrert adresse,Kvinner,60-67,antall personer,11
EliminatedValue,8,30199,2,0,0,ok-sos006,2012,Uten registrert adresse,Menn,I alt,antall personer,39
EliminatedValue,8,30199,2,1,0,ok-sos006,2012,Uten registrert adresse,Menn,18-29,antall personer,2
EliminatedValue,8,30199,2,2,0,ok-sos006,2012,Uten registrert adresse,Menn,30-39,antall personer,2
EliminatedValue,8,30199,2,3,0,ok-sos006,2012,Uten registrert adresse,Menn,40-49,antall personer,10
EliminatedValue,8,30199,2,4,0,ok-sos006,2012,Uten registrert adresse,Menn,50-59,antall personer,12
EliminatedValue,8,30199,2,5,0,ok-sos006,2012,Uten registrert adresse,Menn,60-67,antall personer,13
EliminatedValue,8,30118195,0,0,0,ok-sos006,2012,Ukjent bydel,I alt,I alt,antall personer,
EliminatedValue,8,30118195,0,1,0,ok-sos006,2012,Ukjent bydel,I alt,18-29,antall personer,
EliminatedValue,8,30118195,0,2,0,ok-sos006,2012,Ukjent bydel,I alt,30-39,antall personer,
EliminatedValue,8,30118195,0,3,0,ok-sos006,2012,Ukjent bydel,I alt,40-49,antall personer,
EliminatedValue,8,30118195,0,4,0,ok-sos006,2012,Ukjent bydel,I alt,50-59,antall personer,
EliminatedValue,8,30118195,0,5,0,ok-sos006,2012,Ukjent bydel,I alt,60-67,antall personer,
EliminatedValue,8,30118195,1,0,0,ok-sos006,2012,Ukjent bydel,Kvinner,I alt,antall personer,
EliminatedValue,8,30118195,1,1,0,ok-sos006,2012,Ukjent bydel,Kvinner,18-29,antall personer,
EliminatedValue,8,30118195,1,2,0,ok-sos006,2012,Ukjent bydel,Kvinner,30-39,antall personer,
EliminatedValue,8,30118195,1,3,0,ok-sos006,2012,Ukjent bydel,Kvinner,40-49,antall personer,
EliminatedValue,8,30118195,1,4,0,ok-sos006,2012,Ukjent bydel,Kvinner,50-59,antall personer,
EliminatedValue,8,30118195,1,5,0,ok-sos006,2012,Ukjent bydel,Kvinner,60-67,antall personer,
EliminatedValue,8,30118195,2,0,0,ok-sos006,2012,Ukjent bydel,Menn,I alt,antall personer,
EliminatedValue,8,30118195,2,1,0,ok-sos006,2012,Ukjent bydel,Menn,18-29,antall personer,
EliminatedValue,8,30118195,2,2,0,ok-sos006,2012,Ukjent bydel,Menn,30-39,antall personer,
EliminatedValue,8,30118195,2,3,0,ok-sos006,2012,Ukjent bydel,Menn,40-49,antall personer,
EliminatedValue,8,30118195,2,4,0,ok-sos006,2012,Ukjent bydel,Menn,50-59,antall personer,
EliminatedValue,8,30118195,2,5,0,ok-sos006,2012,Ukjent bydel,Menn,60-67,antall personer,
EliminatedValue,9,301,0,0,0,ok-sos006,2013,Oslo i alt,I alt,I alt,antall personer,23727
EliminatedValue,9,301,0,1,0,ok-sos006,2013,Oslo i alt,I alt,18-29,antall personer,739
EliminatedValue,9,301,0,2,0,ok-sos006,2013,Oslo i alt,I alt,30-39,antall personer,1354
EliminatedValue,9,301,0,3,0,ok-sos006,2013,Oslo i alt,I alt,40-49,antall personer,4079
EliminatedValue,9,301,0,4,0,ok-sos006,2013,Oslo i alt,I alt,50-59,antall personer,8324
EliminatedValue,9,301,0,5,0,ok-sos006,2013,Oslo i alt,I alt,60-67,antall personer,9231
EliminatedValue,9,301,1,0,0,ok-sos006,2013,Oslo i alt,Kvinner,I alt,antall personer,13206
EliminatedValue,9,301,1,1,0,ok-sos006,2013,Oslo i alt,Kvinner,18-29,antall personer,315
EliminatedValue,9,301,1,2,0,ok-sos006,2013,Oslo i alt,Kvinner,30-39,antall personer,649
EliminatedValue,9,301,1,3,0,ok-sos006,2013,Oslo i alt,Kvinner,40-49,antall personer,2151
EliminatedValue,9,301,1,4,0,ok-sos006,2013,Oslo i alt,Kvinner,50-59,antall personer,4703
EliminatedValue,9,301,1,5,0,ok-sos006,2013,Oslo i alt,Kvinner,60-67,antall personer,5388
EliminatedValue,9,301,2,0,0,ok-sos006,2013,Oslo i alt,Menn,I alt,antall personer,10521
EliminatedValue,9,301,2,1,0,ok-sos006,2013,Oslo i alt,Menn,18-29,antall personer,424
EliminatedValue,9,301,2,2,0,ok-sos006,2013,Oslo i alt,Menn,30-39,antall personer,705
EliminatedValue,9,301,2,3,0,ok-sos006,2013,Oslo i alt,Menn,40-49,antall personer,1928
EliminatedValue,9,301,2,4,0,ok-sos006,2013,Oslo i alt,Menn,50-59,antall personer,3621
EliminatedValue,9,301,2,5,0,ok-sos006,2013,Oslo i alt,Menn,60-67,antall personer,3843
EliminatedValue,9,30101,0,0,0,ok-sos006,2013,Gamle Oslo,I alt,I alt,antall personer,1935
EliminatedValue,9,30101,0,1,0,ok-sos006,2013,Gamle Oslo,I alt,18-29,antall personer,41
EliminatedValue,9,30101,0,2,0,ok-sos006,2013,Gamle Oslo,I alt,30-39,antall personer,129
EliminatedValue,9,30101,0,3,0,ok-sos006,2013,Gamle Oslo,I alt,40-49,antall personer,362
EliminatedValue,9,30101,0,4,0,ok-sos006,2013,Gamle Oslo,I alt,50-59,antall personer,701
EliminatedValue,9,30101,0,5,0,ok-sos006,2013,Gamle Oslo,I alt,60-67,antall personer,702
EliminatedValue,9,30101,1,0,0,ok-sos006,2013,Gamle Oslo,Kvinner,I alt,antall personer,951
EliminatedValue,9,30101,1,1,0,ok-sos006,2013,Gamle Oslo,Kvinner,18-29,antall personer,17
EliminatedValue,9,30101,1,2,0,ok-sos006,2013,Gamle Oslo,Kvinner,30-39,antall personer,64
EliminatedValue,9,30101,1,3,0,ok-sos006,2013,Gamle Oslo,Kvinner,40-49,antall personer,151
EliminatedValue,9,30101,1,4,0,ok-sos006,2013,Gamle Oslo,Kvinner,50-59,antall personer,342
EliminatedValue,9,30101,1,5,0,ok-sos006,2013,Gamle Oslo,Kvinner,60-67,antall personer,377
EliminatedValue,9,30101,2,0,0,ok-sos006,2013,Gamle Oslo,Menn,I alt,antall personer,984
EliminatedValue,9,30101,2,1,0,ok-sos006,2013,Gamle Oslo,Menn,18-29,antall personer,24
EliminatedValue,9,30101,2,2,0,ok-sos006,2013,Gamle Oslo,Menn,30-39,antall personer,65
EliminatedValue,9,30101,2,3,0,ok-sos006,2013,Gamle Oslo,Menn,40-49,antall personer,211
EliminatedValue,9,30101,2,4,0,ok-sos006,2013,Gamle Oslo,Menn,50-59,antall personer,359
EliminatedValue,9,30101,2,5,0,ok-sos006,2013,Gamle Oslo,Menn,60-67,antall personer,325
EliminatedValue,9,30102,0,0,0,ok-sos006,2013,Grünerløkka,I alt,I alt,antall personer,1573
EliminatedValue,9,30102,0,1,0,ok-sos006,2013,Grünerløkka,I alt,18-29,antall personer,33
EliminatedValue,9,30102,0,2,0,ok-sos006,2013,Grünerløkka,I alt,30-39,antall personer,86
EliminatedValue,9,30102,0,3,0,ok-sos006,2013,Grünerløkka,I alt,40-49,antall personer,305
EliminatedValue,9,30102,0,4,0,ok-sos006,2013,Grünerløkka,I alt,50-59,antall personer,582
EliminatedValue,9,30102,0,5,0,ok-sos006,2013,Grünerløkka,I alt,60-67,antall personer,567
EliminatedValue,9,30102,1,0,0,ok-sos006,2013,Grünerløkka,Kvinner,I alt,antall personer,783
EliminatedValue,9,30102,1,1,0,ok-sos006,2013,Grünerløkka,Kvinner,18-29,antall personer,14
EliminatedValue,9,30102,1,2,0,ok-sos006,2013,Grünerløkka,Kvinner,30-39,antall personer,42
EliminatedValue,9,30102,1,3,0,ok-sos006,2013,Grünerløkka,Kvinner,40-49,antall personer,134
EliminatedValue,9,30102,1,4,0,ok-sos006,2013,Grünerløkka,Kvinner,50-59,antall personer,289
EliminatedValue,9,30102,1,5,0,ok-sos006,2013,Grünerløkka,Kvinner,60-67,antall personer,304
EliminatedValue,9,30102,2,0,0,ok-sos006,2013,Grünerløkka,Menn,I alt,antall personer,790
EliminatedValue,9,30102,2,1,0,ok-sos006,2013,Grünerløkka,Menn,18-29,antall personer,19
EliminatedValue,9,30102,2,2,0,ok-sos006,2013,Grünerløkka,Menn,30-39,antall personer,44
EliminatedValue,9,30102,2,3,0,ok-sos006,2013,Grünerløkka,Menn,40-49,antall personer,171
EliminatedValue,9,30102,2,4,0,ok-sos006,2013,Grünerløkka,Menn,50-59,antall personer,293
EliminatedValue,9,30102,2,5,0,ok-sos006,2013,Grünerløkka,Menn,60-67,antall personer,263
EliminatedValue,9,30103,0,0,0,ok-sos006,2013,Sagene,I alt,I alt,antall personer,1542
EliminatedValue,9,30103,0,1,0,ok-sos006,2013,Sagene,I alt,18-29,antall personer,46
EliminatedValue,9,30103,0,2,0,ok-sos006,2013,Sagene,I alt,30-39,antall personer,73
EliminatedValue,9,30103,0,3,0,ok-sos006,2013,Sagene,I alt,40-49,antall personer,289
EliminatedValue,9,30103,0,4,0,ok-sos006,2013,Sagene,I alt,50-59,antall personer,585
EliminatedValue,9,30103,0,5,0,ok-sos006,2013,Sagene,I alt,60-67,antall personer,549
EliminatedValue,9,30103,1,0,0,ok-sos006,2013,Sagene,Kvinner,I alt,antall personer,746
EliminatedValue,9,30103,1,1,0,ok-sos006,2013,Sagene,Kvinner,18-29,antall personer,13
EliminatedValue,9,30103,1,2,0,ok-sos006,2013,Sagene,Kvinner,30-39,antall personer,29
EliminatedValue,9,30103,1,3,0,ok-sos006,2013,Sagene,Kvinner,40-49,antall personer,144
EliminatedValue,9,30103,1,4,0,ok-sos006,2013,Sagene,Kvinner,50-59,antall personer,282
EliminatedValue,9,30103,1,5,0,ok-sos006,2013,Sagene,Kvinner,60-67,antall personer,278
EliminatedValue,9,30103,2,0,0,ok-sos006,2013,Sagene,Menn,I alt,antall personer,796
EliminatedValue,9,30103,2,1,0,ok-sos006,2013,Sagene,Menn,18-29,antall personer,33
EliminatedValue,9,30103,2,2,0,ok-sos006,2013,Sagene,Menn,30-39,antall personer,44
EliminatedValue,9,30103,2,3,0,ok-sos006,2013,Sagene,Menn,40-49,antall personer,145
EliminatedValue,9,30103,2,4,0,ok-sos006,2013,Sagene,Menn,50-59,antall personer,303
EliminatedValue,9,30103,2,5,0,ok-sos006,2013,Sagene,Menn,60-67,antall personer,271
EliminatedValue,9,30104,0,0,0,ok-sos006,2013,St. Hanshaugen,I alt,I alt,antall personer,945
EliminatedValue,9,30104,0,1,0,ok-sos006,2013,St. Hanshaugen,I alt,18-29,antall personer,17
EliminatedValue,9,30104,0,2,0,ok-sos006,2013,St. Hanshaugen,I alt,30-39,antall personer,76
EliminatedValue,9,30104,0,3,0,ok-sos006,2013,St. Hanshaugen,I alt,40-49,antall personer,167
EliminatedValue,9,30104,0,4,0,ok-sos006,2013,St. Hanshaugen,I alt,50-59,antall personer,325
EliminatedValue,9,30104,0,5,0,ok-sos006,2013,St. Hanshaugen,I alt,60-67,antall personer,360
EliminatedValue,9,30104,1,0,0,ok-sos006,2013,St. Hanshaugen,Kvinner,I alt,antall personer,487
EliminatedValue,9,30104,1,1,0,ok-sos006,2013,St. Hanshaugen,Kvinner,18-29,antall personer,5
EliminatedValue,9,30104,1,2,0,ok-sos006,2013,St. Hanshaugen,Kvinner,30-39,antall personer,38
EliminatedValue,9,30104,1,3,0,ok-sos006,2013,St. Hanshaugen,Kvinner,40-49,antall personer,84
EliminatedValue,9,30104,1,4,0,ok-sos006,2013,St. Hanshaugen,Kvinner,50-59,antall personer,169
EliminatedValue,9,30104,1,5,0,ok-sos006,2013,St. Hanshaugen,Kvinner,60-67,antall personer,191
EliminatedValue,9,30104,2,0,0,ok-sos006,2013,St. Hanshaugen,Menn,I alt,antall personer,458
EliminatedValue,9,30104,2,1,0,ok-sos006,2013,St. Hanshaugen,Menn,18-29,antall personer,12
EliminatedValue,9,30104,2,2,0,ok-sos006,2013,St. Hanshaugen,Menn,30-39,antall personer,38
EliminatedValue,9,30104,2,3,0,ok-sos006,2013,St. Hanshaugen,Menn,40-49,antall personer,83
EliminatedValue,9,30104,2,4,0,ok-sos006,2013,St. Hanshaugen,Menn,50-59,antall personer,156
EliminatedValue,9,30104,2,5,0,ok-sos006,2013,St. Hanshaugen,Menn,60-67,antall personer,169
EliminatedValue,9,30105,0,0,0,ok-sos006,2013,Frogner,I alt,I alt,antall personer,1440
EliminatedValue,9,30105,0,1,0,ok-sos006,2013,Frogner,I alt,18-29,antall personer,41
EliminatedValue,9,30105,0,2,0,ok-sos006,2013,Frogner,I alt,30-39,antall personer,99
EliminatedValue,9,30105,0,3,0,ok-sos006,2013,Frogner,I alt,40-49,antall personer,237
EliminatedValue,9,30105,0,4,0,ok-sos006,2013,Frogner,I alt,50-59,antall personer,432
EliminatedValue,9,30105,0,5,0,ok-sos006,2013,Frogner,I alt,60-67,antall personer,631
EliminatedValue,9,30105,1,0,0,ok-sos006,2013,Frogner,Kvinner,I alt,antall personer,827
EliminatedValue,9,30105,1,1,0,ok-sos006,2013,Frogner,Kvinner,18-29,antall personer,24
EliminatedValue,9,30105,1,2,0,ok-sos006,2013,Frogner,Kvinner,30-39,antall personer,54
EliminatedValue,9,30105,1,3,0,ok-sos006,2013,Frogner,Kvinner,40-49,antall personer,118
EliminatedValue,9,30105,1,4,0,ok-sos006,2013,Frogner,Kvinner,50-59,antall personer,249
EliminatedValue,9,30105,1,5,0,ok-sos006,2013,Frogner,Kvinner,60-67,antall personer,382
EliminatedValue,9,30105,2,0,0,ok-sos006,2013,Frogner,Menn,I alt,antall personer,613
EliminatedValue,9,30105,2,1,0,ok-sos006,2013,Frogner,Menn,18-29,antall personer,17
EliminatedValue,9,30105,2,2,0,ok-sos006,2013,Frogner,Menn,30-39,antall personer,45
EliminatedValue,9,30105,2,3,0,ok-sos006,2013,Frogner,Menn,40-49,antall personer,119
EliminatedValue,9,30105,2,4,0,ok-sos006,2013,Frogner,Menn,50-59,antall personer,183
EliminatedValue,9,30105,2,5,0,ok-sos006,2013,Frogner,Menn,60-67,antall personer,249
EliminatedValue,9,30106,0,0,0,ok-sos006,2013,Ullern,I alt,I alt,antall personer,844
EliminatedValue,9,30106,0,1,0,ok-sos006,2013,Ullern,I alt,18-29,antall personer,24
EliminatedValue,9,30106,0,2,0,ok-sos006,2013,Ullern,I alt,30-39,antall personer,52
EliminatedValue,9,30106,0,3,0,ok-sos006,2013,Ullern,I alt,40-49,antall personer,106
EliminatedValue,9,30106,0,4,0,ok-sos006,2013,Ullern,I alt,50-59,antall personer,266
EliminatedValue,9,30106,0,5,0,ok-sos006,2013,Ullern,I alt,60-67,antall personer,396
EliminatedValue,9,30106,1,0,0,ok-sos006,2013,Ullern,Kvinner,I alt,antall personer,556
EliminatedValue,9,30106,1,1,0,ok-sos006,2013,Ullern,Kvinner,18-29,antall personer,6
EliminatedValue,9,30106,1,2,0,ok-sos006,2013,Ullern,Kvinner,30-39,antall personer,20
EliminatedValue,9,30106,1,3,0,ok-sos006,2013,Ullern,Kvinner,40-49,antall personer,63
EliminatedValue,9,30106,1,4,0,ok-sos006,2013,Ullern,Kvinner,50-59,antall personer,178
EliminatedValue,9,30106,1,5,0,ok-sos006,2013,Ullern,Kvinner,60-67,antall personer,289
EliminatedValue,9,30106,2,0,0,ok-sos006,2013,Ullern,Menn,I alt,antall personer,288
EliminatedValue,9,30106,2,1,0,ok-sos006,2013,Ullern,Menn,18-29,antall personer,18
EliminatedValue,9,30106,2,2,0,ok-sos006,2013,Ullern,Menn,30-39,antall personer,32
EliminatedValue,9,30106,2,3,0,ok-sos006,2013,Ullern,Menn,40-49,antall personer,43
EliminatedValue,9,30106,2,4,0,ok-sos006,2013,Ullern,Menn,50-59,antall personer,88
EliminatedValue,9,30106,2,5,0,ok-sos006,2013,Ullern,Menn,60-67,antall personer,107
EliminatedValue,9,30107,0,0,0,ok-sos006,2013,Vestre Aker,I alt,I alt,antall personer,1161
EliminatedValue,9,30107,0,1,0,ok-sos006,2013,Vestre Aker,I alt,18-29,antall personer,51
EliminatedValue,9,30107,0,2,0,ok-sos006,2013,Vestre Aker,I alt,30-39,antall personer,76
EliminatedValue,9,30107,0,3,0,ok-sos006,2013,Vestre Aker,I alt,40-49,antall personer,166
EliminatedValue,9,30107,0,4,0,ok-sos006,2013,Vestre Aker,I alt,50-59,antall personer,372
EliminatedValue,9,30107,0,5,0,ok-sos006,2013,Vestre Aker,I alt,60-67,antall personer,496
EliminatedValue,9,30107,1,0,0,ok-sos006,2013,Vestre Aker,Kvinner,I alt,antall personer,708
EliminatedValue,9,30107,1,1,0,ok-sos006,2013,Vestre Aker,Kvinner,18-29,antall personer,23
EliminatedValue,9,30107,1,2,0,ok-sos006,2013,Vestre Aker,Kvinner,30-39,antall personer,36
EliminatedValue,9,30107,1,3,0,ok-sos006,2013,Vestre Aker,Kvinner,40-49,antall personer,88
EliminatedValue,9,30107,1,4,0,ok-sos006,2013,Vestre Aker,Kvinner,50-59,antall personer,239
EliminatedValue,9,30107,1,5,0,ok-sos006,2013,Vestre Aker,Kvinner,60-67,antall personer,322
EliminatedValue,9,30107,2,0,0,ok-sos006,2013,Vestre Aker,Menn,I alt,antall personer,453
EliminatedValue,9,30107,2,1,0,ok-sos006,2013,Vestre Aker,Menn,18-29,antall personer,28
EliminatedValue,9,30107,2,2,0,ok-sos006,2013,Vestre Aker,Menn,30-39,antall personer,40
EliminatedValue,9,30107,2,3,0,ok-sos006,2013,Vestre Aker,Menn,40-49,antall personer,78
EliminatedValue,9,30107,2,4,0,ok-sos006,2013,Vestre Aker,Menn,50-59,antall personer,133
EliminatedValue,9,30107,2,5,0,ok-sos006,2013,Vestre Aker,Menn,60-67,antall personer,174
EliminatedValue,9,30108,0,0,0,ok-sos006,2013,Nordre Aker,I alt,I alt,antall personer,1179
EliminatedValue,9,30108,0,1,0,ok-sos006,2013,Nordre Aker,I alt,18-29,antall personer,48
EliminatedValue,9,30108,0,2,0,ok-sos006,2013,Nordre Aker,I alt,30-39,antall personer,82
EliminatedValue,9,30108,0,3,0,ok-sos006,2013,Nordre Aker,I alt,40-49,antall personer,197
EliminatedValue,9,30108,0,4,0,ok-sos006,2013,Nordre Aker,I alt,50-59,antall personer,369
EliminatedValue,9,30108,0,5,0,ok-sos006,2013,Nordre Aker,I alt,60-67,antall personer,483
EliminatedValue,9,30108,1,0,0,ok-sos006,2013,Nordre Aker,Kvinner,I alt,antall personer,666
EliminatedValue,9,30108,1,1,0,ok-sos006,2013,Nordre Aker,Kvinner,18-29,antall personer,19
EliminatedValue,9,30108,1,2,0,ok-sos006,2013,Nordre Aker,Kvinner,30-39,antall personer,39
EliminatedValue,9,30108,1,3,0,ok-sos006,2013,Nordre Aker,Kvinner,40-49,antall personer,104
EliminatedValue,9,30108,1,4,0,ok-sos006,2013,Nordre Aker,Kvinner,50-59,antall personer,207
EliminatedValue,9,30108,1,5,0,ok-sos006,2013,Nordre Aker,Kvinner,60-67,antall personer,297
EliminatedValue,9,30108,2,0,0,ok-sos006,2013,Nordre Aker,Menn,I alt,antall personer,513
EliminatedValue,9,30108,2,1,0,ok-sos006,2013,Nordre Aker,Menn,18-29,antall personer,29
EliminatedValue,9,30108,2,2,0,ok-sos006,2013,Nordre Aker,Menn,30-39,antall personer,43
EliminatedValue,9,30108,2,3,0,ok-sos006,2013,Nordre Aker,Menn,40-49,antall personer,93
EliminatedValue,9,30108,2,4,0,ok-sos006,2013,Nordre Aker,Menn,50-59,antall personer,162
EliminatedValue,9,30108,2,5,0,ok-sos006,2013,Nordre Aker,Menn,60-67,antall personer,186
EliminatedValue,9,30109,0,0,0,ok-sos006,2013,Bjerke,I alt,I alt,antall personer,1146
EliminatedValue,9,30109,0,1,0,ok-sos006,2013,Bjerke,I alt,18-29,antall personer,48
EliminatedValue,9,30109,0,2,0,ok-sos006,2013,Bjerke,I alt,30-39,antall personer,69
EliminatedValue,9,30109,0,3,0,ok-sos006,2013,Bjerke,I alt,40-49,antall personer,182
EliminatedValue,9,30109,0,4,0,ok-sos006,2013,Bjerke,I alt,50-59,antall personer,413
EliminatedValue,9,30109,0,5,0,ok-sos006,2013,Bjerke,I alt,60-67,antall personer,434
EliminatedValue,9,30109,1,0,0,ok-sos006,2013,Bjerke,Kvinner,I alt,antall personer,605
EliminatedValue,9,30109,1,1,0,ok-sos006,2013,Bjerke,Kvinner,18-29,antall personer,23
EliminatedValue,9,30109,1,2,0,ok-sos006,2013,Bjerke,Kvinner,30-39,antall personer,29
EliminatedValue,9,30109,1,3,0,ok-sos006,2013,Bjerke,Kvinner,40-49,antall personer,93
EliminatedValue,9,30109,1,4,0,ok-sos006,2013,Bjerke,Kvinner,50-59,antall personer,233
EliminatedValue,9,30109,1,5,0,ok-sos006,2013,Bjerke,Kvinner,60-67,antall personer,227
EliminatedValue,9,30109,2,0,0,ok-sos006,2013,Bjerke,Menn,I alt,antall personer,541
EliminatedValue,9,30109,2,1,0,ok-sos006,2013,Bjerke,Menn,18-29,antall personer,25
EliminatedValue,9,30109,2,2,0,ok-sos006,2013,Bjerke,Menn,30-39,antall personer,40
EliminatedValue,9,30109,2,3,0,ok-sos006,2013,Bjerke,Menn,40-49,antall personer,89
EliminatedValue,9,30109,2,4,0,ok-sos006,2013,Bjerke,Menn,50-59,antall personer,180
EliminatedValue,9,30109,2,5,0,ok-sos006,2013,Bjerke,Menn,60-67,antall personer,207
EliminatedValue,9,30110,0,0,0,ok-sos006,2013,Grorud,I alt,I alt,antall personer,1578
EliminatedValue,9,30110,0,1,0,ok-sos006,2013,Grorud,I alt,18-29,antall personer,58
EliminatedValue,9,30110,0,2,0,ok-sos006,2013,Grorud,I alt,30-39,antall personer,91
EliminatedValue,9,30110,0,3,0,ok-sos006,2013,Grorud,I alt,40-49,antall personer,257
EliminatedValue,9,30110,0,4,0,ok-sos006,2013,Grorud,I alt,50-59,antall personer,583
EliminatedValue,9,30110,0,5,0,ok-sos006,2013,Grorud,I alt,60-67,antall personer,589
EliminatedValue,9,30110,1,0,0,ok-sos006,2013,Grorud,Kvinner,I alt,antall personer,894
EliminatedValue,9,30110,1,1,0,ok-sos006,2013,Grorud,Kvinner,18-29,antall personer,23
EliminatedValue,9,30110,1,2,0,ok-sos006,2013,Grorud,Kvinner,30-39,antall personer,46
EliminatedValue,9,30110,1,3,0,ok-sos006,2013,Grorud,Kvinner,40-49,antall personer,145
EliminatedValue,9,30110,1,4,0,ok-sos006,2013,Grorud,Kvinner,50-59,antall personer,324
EliminatedValue,9,30110,1,5,0,ok-sos006,2013,Grorud,Kvinner,60-67,antall personer,356
EliminatedValue,9,30110,2,0,0,ok-sos006,2013,Grorud,Menn,I alt,antall personer,684
EliminatedValue,9,30110,2,1,0,ok-sos006,2013,Grorud,Menn,18-29,antall personer,35
EliminatedValue,9,30110,2,2,0,ok-sos006,2013,Grorud,Menn,30-39,antall personer,45
EliminatedValue,9,30110,2,3,0,ok-sos006,2013,Grorud,Menn,40-49,antall personer,112
EliminatedValue,9,30110,2,4,0,ok-sos006,2013,Grorud,Menn,50-59,antall personer,259
EliminatedValue,9,30110,2,5,0,ok-sos006,2013,Grorud,Menn,60-67,antall personer,233
EliminatedValue,9,30111,0,0,0,ok-sos006,2013,Stovner,I alt,I alt,antall personer,1922
EliminatedValue,9,30111,0,1,0,ok-sos006,2013,Stovner,I alt,18-29,antall personer,57
EliminatedValue,9,30111,0,2,0,ok-sos006,2013,Stovner,I alt,30-39,antall personer,104
EliminatedValue,9,30111,0,3,0,ok-sos006,2013,Stovner,I alt,40-49,antall personer,365
EliminatedValue,9,30111,0,4,0,ok-sos006,2013,Stovner,I alt,50-59,antall personer,627
EliminatedValue,9,30111,0,5,0,ok-sos006,2013,Stovner,I alt,60-67,antall personer,769
EliminatedValue,9,30111,1,0,0,ok-sos006,2013,Stovner,Kvinner,I alt,antall personer,1089
EliminatedValue,9,30111,1,1,0,ok-sos006,2013,Stovner,Kvinner,18-29,antall personer,25
EliminatedValue,9,30111,1,2,0,ok-sos006,2013,Stovner,Kvinner,30-39,antall personer,54
EliminatedValue,9,30111,1,3,0,ok-sos006,2013,Stovner,Kvinner,40-49,antall personer,201
EliminatedValue,9,30111,1,4,0,ok-sos006,2013,Stovner,Kvinner,50-59,antall personer,363
EliminatedValue,9,30111,1,5,0,ok-sos006,2013,Stovner,Kvinner,60-67,antall personer,446
EliminatedValue,9,30111,2,0,0,ok-sos006,2013,Stovner,Menn,I alt,antall personer,833
EliminatedValue,9,30111,2,1,0,ok-sos006,2013,Stovner,Menn,18-29,antall personer,32
EliminatedValue,9,30111,2,2,0,ok-sos006,2013,Stovner,Menn,30-39,antall personer,50
EliminatedValue,9,30111,2,3,0,ok-sos006,2013,Stovner,Menn,40-49,antall personer,164
EliminatedValue,9,30111,2,4,0,ok-sos006,2013,Stovner,Menn,50-59,antall personer,264
EliminatedValue,9,30111,2,5,0,ok-sos006,2013,Stovner,Menn,60-67,antall personer,323
EliminatedValue,9,30112,0,0,0,ok-sos006,2013,Alna,I alt,I alt,antall personer,2846
EliminatedValue,9,30112,0,1,0,ok-sos006,2013,Alna,I alt,18-29,antall personer,97
EliminatedValue,9,30112,0,2,0,ok-sos006,2013,Alna,I alt,30-39,antall personer,134
EliminatedValue,9,30112,0,3,0,ok-sos006,2013,Alna,I alt,40-49,antall personer,497
EliminatedValue,9,30112,0,4,0,ok-sos006,2013,Alna,I alt,50-59,antall personer,978
EliminatedValue,9,30112,0,5,0,ok-sos006,2013,Alna,I alt,60-67,antall personer,1140
EliminatedValue,9,30112,1,0,0,ok-sos006,2013,Alna,Kvinner,I alt,antall personer,1577
EliminatedValue,9,30112,1,1,0,ok-sos006,2013,Alna,Kvinner,18-29,antall personer,46
EliminatedValue,9,30112,1,2,0,ok-sos006,2013,Alna,Kvinner,30-39,antall personer,63
EliminatedValue,9,30112,1,3,0,ok-sos006,2013,Alna,Kvinner,40-49,antall personer,269
EliminatedValue,9,30112,1,4,0,ok-sos006,2013,Alna,Kvinner,50-59,antall personer,537
EliminatedValue,9,30112,1,5,0,ok-sos006,2013,Alna,Kvinner,60-67,antall personer,662
EliminatedValue,9,30112,2,0,0,ok-sos006,2013,Alna,Menn,I alt,antall personer,1269
EliminatedValue,9,30112,2,1,0,ok-sos006,2013,Alna,Menn,18-29,antall personer,51
EliminatedValue,9,30112,2,2,0,ok-sos006,2013,Alna,Menn,30-39,antall personer,71
EliminatedValue,9,30112,2,3,0,ok-sos006,2013,Alna,Menn,40-49,antall personer,228
EliminatedValue,9,30112,2,4,0,ok-sos006,2013,Alna,Menn,50-59,antall personer,441
EliminatedValue,9,30112,2,5,0,ok-sos006,2013,Alna,Menn,60-67,antall personer,478
EliminatedValue,9,30113,0,0,0,ok-sos006,2013,Østensjø,I alt,I alt,antall personer,2096
EliminatedValue,9,30113,0,1,0,ok-sos006,2013,Østensjø,I alt,18-29,antall personer,48
EliminatedValue,9,30113,0,2,0,ok-sos006,2013,Østensjø,I alt,30-39,antall personer,91
EliminatedValue,9,30113,0,3,0,ok-sos006,2013,Østensjø,I alt,40-49,antall personer,350
EliminatedValue,9,30113,0,4,0,ok-sos006,2013,Østensjø,I alt,50-59,antall personer,840
EliminatedValue,9,30113,0,5,0,ok-sos006,2013,Østensjø,I alt,60-67,antall personer,767
EliminatedValue,9,30113,1,0,0,ok-sos006,2013,Østensjø,Kvinner,I alt,antall personer,1274
EliminatedValue,9,30113,1,1,0,ok-sos006,2013,Østensjø,Kvinner,18-29,antall personer,24
EliminatedValue,9,30113,1,2,0,ok-sos006,2013,Østensjø,Kvinner,30-39,antall personer,43
EliminatedValue,9,30113,1,3,0,ok-sos006,2013,Østensjø,Kvinner,40-49,antall personer,214
EliminatedValue,9,30113,1,4,0,ok-sos006,2013,Østensjø,Kvinner,50-59,antall personer,523
EliminatedValue,9,30113,1,5,0,ok-sos006,2013,Østensjø,Kvinner,60-67,antall personer,470
EliminatedValue,9,30113,2,0,0,ok-sos006,2013,Østensjø,Menn,I alt,antall personer,822
EliminatedValue,9,30113,2,1,0,ok-sos006,2013,Østensjø,Menn,18-29,antall personer,24
EliminatedValue,9,30113,2,2,0,ok-sos006,2013,Østensjø,Menn,30-39,antall personer,48
EliminatedValue,9,30113,2,3,0,ok-sos006,2013,Østensjø,Menn,40-49,antall personer,136
EliminatedValue,9,30113,2,4,0,ok-sos006,2013,Østensjø,Menn,50-59,antall personer,317
EliminatedValue,9,30113,2,5,0,ok-sos006,2013,Østensjø,Menn,60-67,antall personer,297
EliminatedValue,9,30114,0,0,0,ok-sos006,2013,Nordstrand,I alt,I alt,antall personer,1557
EliminatedValue,9,30114,0,1,0,ok-sos006,2013,Nordstrand,I alt,18-29,antall personer,54
EliminatedValue,9,30114,0,2,0,ok-sos006,2013,Nordstrand,I alt,30-39,antall personer,69
EliminatedValue,9,30114,0,3,0,ok-sos006,2013,Nordstrand,I alt,40-49,antall personer,260
EliminatedValue,9,30114,0,4,0,ok-sos006,2013,Nordstrand,I alt,50-59,antall personer,502
EliminatedValue,9,30114,0,5,0,ok-sos006,2013,Nordstrand,I alt,60-67,antall personer,672
EliminatedValue,9,30114,1,0,0,ok-sos006,2013,Nordstrand,Kvinner,I alt,antall personer,950
EliminatedValue,9,30114,1,1,0,ok-sos006,2013,Nordstrand,Kvinner,18-29,antall personer,21
EliminatedValue,9,30114,1,2,0,ok-sos006,2013,Nordstrand,Kvinner,30-39,antall personer,38
EliminatedValue,9,30114,1,3,0,ok-sos006,2013,Nordstrand,Kvinner,40-49,antall personer,151
EliminatedValue,9,30114,1,4,0,ok-sos006,2013,Nordstrand,Kvinner,50-59,antall personer,324
EliminatedValue,9,30114,1,5,0,ok-sos006,2013,Nordstrand,Kvinner,60-67,antall personer,416
EliminatedValue,9,30114,2,0,0,ok-sos006,2013,Nordstrand,Menn,I alt,antall personer,607
EliminatedValue,9,30114,2,1,0,ok-sos006,2013,Nordstrand,Menn,18-29,antall personer,33
EliminatedValue,9,30114,2,2,0,ok-sos006,2013,Nordstrand,Menn,30-39,antall personer,31
EliminatedValue,9,30114,2,3,0,ok-sos006,2013,Nordstrand,Menn,40-49,antall personer,109
EliminatedValue,9,30114,2,4,0,ok-sos006,2013,Nordstrand,Menn,50-59,antall personer,178
EliminatedValue,9,30114,2,5,0,ok-sos006,2013,Nordstrand,Menn,60-67,antall personer,256
EliminatedValue,9,30115,0,0,0,ok-sos006,2013,Søndre Nordstrand,I alt,I alt,antall personer,1963
EliminatedValue,9,30115,0,1,0,ok-sos006,2013,Søndre Nordstrand,I alt,18-29,antall personer,76
EliminatedValue,9,30115,0,2,0,ok-sos006,2013,Søndre Nordstrand,I alt,30-39,antall personer,123
EliminatedValue,9,30115,0,3,0,ok-sos006,2013,Søndre Nordstrand,I alt,40-49,antall personer,339
EliminatedValue,9,30115,0,4,0,ok-sos006,2013,Søndre Nordstrand,I alt,50-59,antall personer,749
EliminatedValue,9,30115,0,5,0,ok-sos006,2013,Søndre Nordstrand,I alt,60-67,antall personer,676
EliminatedValue,9,30115,1,0,0,ok-sos006,2013,Søndre Nordstrand,Kvinner,I alt,antall personer,1093
EliminatedValue,9,30115,1,1,0,ok-sos006,2013,Søndre Nordstrand,Kvinner,18-29,antall personer,32
EliminatedValue,9,30115,1,2,0,ok-sos006,2013,Søndre Nordstrand,Kvinner,30-39,antall personer,54
EliminatedValue,9,30115,1,3,0,ok-sos006,2013,Søndre Nordstrand,Kvinner,40-49,antall personer,192
EliminatedValue,9,30115,1,4,0,ok-sos006,2013,Søndre Nordstrand,Kvinner,50-59,antall personer,444
EliminatedValue,9,30115,1,5,0,ok-sos006,2013,Søndre Nordstrand,Kvinner,60-67,antall personer,371
EliminatedValue,9,30115,2,0,0,ok-sos006,2013,Søndre Nordstrand,Menn,I alt,antall personer,870
EliminatedValue,9,30115,2,1,0,ok-sos006,2013,Søndre Nordstrand,Menn,18-29,antall personer,44
EliminatedValue,9,30115,2,2,0,ok-sos006,2013,Søndre Nordstrand,Menn,30-39,antall personer,69
EliminatedValue,9,30115,2,3,0,ok-sos006,2013,Søndre Nordstrand,Menn,40-49,antall personer,147
EliminatedValue,9,30115,2,4,0,ok-sos006,2013,Søndre Nordstrand,Menn,50-59,antall personer,305
EliminatedValue,9,30115,2,5,0,ok-sos006,2013,Søndre Nordstrand,Menn,60-67,antall personer,305
EliminatedValue,9,30199,0,0,0,ok-sos006,2013,Uten registrert adresse,I alt,I alt,antall personer,203
EliminatedValue,9,30199,0,1,0,ok-sos006,2013,Uten registrert adresse,I alt,18-29,antall personer,4
EliminatedValue,9,30199,0,2,0,ok-sos006,2013,Uten registrert adresse,I alt,30-39,antall personer,17
EliminatedValue,9,30199,0,3,0,ok-sos006,2013,Uten registrert adresse,I alt,40-49,antall personer,56
EliminatedValue,9,30199,0,4,0,ok-sos006,2013,Uten registrert adresse,I alt,50-59,antall personer,71
EliminatedValue,9,30199,0,5,0,ok-sos006,2013,Uten registrert adresse,I alt,60-67,antall personer,55
EliminatedValue,9,30199,1,0,0,ok-sos006,2013,Uten registrert adresse,Kvinner,I alt,antall personer,67
EliminatedValue,9,30199,1,1,0,ok-sos006,2013,Uten registrert adresse,Kvinner,18-29,antall personer,0
EliminatedValue,9,30199,1,2,0,ok-sos006,2013,Uten registrert adresse,Kvinner,30-39,antall personer,3
EliminatedValue,9,30199,1,3,0,ok-sos006,2013,Uten registrert adresse,Kvinner,40-49,antall personer,18
EliminatedValue,9,30199,1,4,0,ok-sos006,2013,Uten registrert adresse,Kvinner,50-59,antall personer,28
EliminatedValue,9,30199,1,5,0,ok-sos006,2013,Uten registrert adresse,Kvinner,60-67,antall personer,18
EliminatedValue,9,30199,2,0,0,ok-sos006,2013,Uten registrert adresse,Menn,I alt,antall personer,136
EliminatedValue,9,30199,2,1,0,ok-sos006,2013,Uten registrert adresse,Menn,18-29,antall personer,4
EliminatedValue,9,30199,2,2,0,ok-sos006,2013,Uten registrert adresse,Menn,30-39,antall personer,14
EliminatedValue,9,30199,2,3,0,ok-sos006,2013,Uten registrert adresse,Menn,40-49,antall personer,38
EliminatedValue,9,30199,2,4,0,ok-sos006,2013,Uten registrert adresse,Menn,50-59,antall personer,43
EliminatedValue,9,30199,2,5,0,ok-sos006,2013,Uten registrert adresse,Menn,60-67,antall personer,37
EliminatedValue,9,30118195,0,0,0,ok-sos006,2013,Ukjent bydel,I alt,I alt,antall personer,
EliminatedValue,9,30118195,0,1,0,ok-sos006,2013,Ukjent bydel,I alt,18-29,antall personer,
EliminatedValue,9,30118195,0,2,0,ok-sos006,2013,Ukjent bydel,I alt,30-39,antall personer,
EliminatedValue,9,30118195,0,3,0,ok-sos006,2013,Ukjent bydel,I alt,40-49,antall personer,
EliminatedValue,9,30118195,0,4,0,ok-sos006,2013,Ukjent bydel,I alt,50-59,antall personer,
EliminatedValue,9,30118195,0,5,0,ok-sos006,2013,Ukjent bydel,I alt,60-67,antall personer,
EliminatedValue,9,30118195,1,0,0,ok-sos006,2013,Ukjent bydel,Kvinner,I alt,antall personer,
EliminatedValue,9,30118195,1,1,0,ok-sos006,2013,Ukjent bydel,Kvinner,18-29,antall personer,
EliminatedValue,9,30118195,1,2,0,ok-sos006,2013,Ukjent bydel,Kvinner,30-39,antall personer,
EliminatedValue,9,30118195,1,3,0,ok-sos006,2013,Ukjent bydel,Kvinner,40-49,antall personer,
EliminatedValue,9,30118195,1,4,0,ok-sos006,2013,Ukjent bydel,Kvinner,50-59,antall personer,
EliminatedValue,9,30118195,1,5,0,ok-sos006,2013,Ukjent bydel,Kvinner,60-67,antall personer,
EliminatedValue,9,30118195,2,0,0,ok-sos006,2013,Ukjent bydel,Menn,I alt,antall personer,
EliminatedValue,9,30118195,2,1,0,ok-sos006,2013,Ukjent bydel,Menn,18-29,antall personer,
EliminatedValue,9,30118195,2,2,0,ok-sos006,2013,Ukjent bydel,Menn,30-39,antall personer,
EliminatedValue,9,30118195,2,3,0,ok-sos006,2013,Ukjent bydel,Menn,40-49,antall personer,
EliminatedValue,9,30118195,2,4,0,ok-sos006,2013,Ukjent bydel,Menn,50-59,antall personer,
EliminatedValue,9,30118195,2,5,0,ok-sos006,2013,Ukjent bydel,Menn,60-67,antall personer,
EliminatedValue,10,301,0,0,0,ok-sos006,2014,Oslo i alt,I alt,I alt,antall personer,24042
EliminatedValue,10,301,0,1,0,ok-sos006,2014,Oslo i alt,I alt,18-29,antall personer,816
EliminatedValue,10,301,0,2,0,ok-sos006,2014,Oslo i alt,I alt,30-39,antall personer,1421
EliminatedValue,10,301,0,3,0,ok-sos006,2014,Oslo i alt,I alt,40-49,antall personer,4248
EliminatedValue,10,301,0,4,0,ok-sos006,2014,Oslo i alt,I alt,50-59,antall personer,8606
EliminatedValue,10,301,0,5,0,ok-sos006,2014,Oslo i alt,I alt,60-67,antall personer,8951
EliminatedValue,10,301,1,0,0,ok-sos006,2014,Oslo i alt,Kvinner,I alt,antall personer,13554
EliminatedValue,10,301,1,1,0,ok-sos006,2014,Oslo i alt,Kvinner,18-29,antall personer,361
EliminatedValue,10,301,1,2,0,ok-sos006,2014,Oslo i alt,Kvinner,30-39,antall personer,705
EliminatedValue,10,301,1,3,0,ok-sos006,2014,Oslo i alt,Kvinner,40-49,antall personer,2330
EliminatedValue,10,301,1,4,0,ok-sos006,2014,Oslo i alt,Kvinner,50-59,antall personer,4917
EliminatedValue,10,301,1,5,0,ok-sos006,2014,Oslo i alt,Kvinner,60-67,antall personer,5241
EliminatedValue,10,301,2,0,0,ok-sos006,2014,Oslo i alt,Menn,I alt,antall personer,10488
EliminatedValue,10,301,2,1,0,ok-sos006,2014,Oslo i alt,Menn,18-29,antall personer,455
EliminatedValue,10,301,2,2,0,ok-sos006,2014,Oslo i alt,Menn,30-39,antall personer,716
EliminatedValue,10,301,2,3,0,ok-sos006,2014,Oslo i alt,Menn,40-49,antall personer,1918
EliminatedValue,10,301,2,4,0,ok-sos006,2014,Oslo i alt,Menn,50-59,antall personer,3689
EliminatedValue,10,301,2,5,0,ok-sos006,2014,Oslo i alt,Menn,60-67,antall personer,3710
EliminatedValue,10,30101,0,0,0,ok-sos006,2014,Gamle Oslo,I alt,I alt,antall personer,2040
EliminatedValue,10,30101,0,1,0,ok-sos006,2014,Gamle Oslo,I alt,18-29,antall personer,47
EliminatedValue,10,30101,0,2,0,ok-sos006,2014,Gamle Oslo,I alt,30-39,antall personer,140
EliminatedValue,10,30101,0,3,0,ok-sos006,2014,Gamle Oslo,I alt,40-49,antall personer,395
EliminatedValue,10,30101,0,4,0,ok-sos006,2014,Gamle Oslo,I alt,50-59,antall personer,765
EliminatedValue,10,30101,0,5,0,ok-sos006,2014,Gamle Oslo,I alt,60-67,antall personer,693
EliminatedValue,10,30101,1,0,0,ok-sos006,2014,Gamle Oslo,Kvinner,I alt,antall personer,1016
EliminatedValue,10,30101,1,1,0,ok-sos006,2014,Gamle Oslo,Kvinner,18-29,antall personer,26
EliminatedValue,10,30101,1,2,0,ok-sos006,2014,Gamle Oslo,Kvinner,30-39,antall personer,68
EliminatedValue,10,30101,1,3,0,ok-sos006,2014,Gamle Oslo,Kvinner,40-49,antall personer,176
EliminatedValue,10,30101,1,4,0,ok-sos006,2014,Gamle Oslo,Kvinner,50-59,antall personer,373
EliminatedValue,10,30101,1,5,0,ok-sos006,2014,Gamle Oslo,Kvinner,60-67,antall personer,373
EliminatedValue,10,30101,2,0,0,ok-sos006,2014,Gamle Oslo,Menn,I alt,antall personer,1024
EliminatedValue,10,30101,2,1,0,ok-sos006,2014,Gamle Oslo,Menn,18-29,antall personer,21
EliminatedValue,10,30101,2,2,0,ok-sos006,2014,Gamle Oslo,Menn,30-39,antall personer,72
EliminatedValue,10,30101,2,3,0,ok-sos006,2014,Gamle Oslo,Menn,40-49,antall personer,219
EliminatedValue,10,30101,2,4,0,ok-sos006,2014,Gamle Oslo,Menn,50-59,antall personer,392
EliminatedValue,10,30101,2,5,0,ok-sos006,2014,Gamle Oslo,Menn,60-67,antall personer,320
EliminatedValue,10,30102,0,0,0,ok-sos006,2014,Grünerløkka,I alt,I alt,antall personer,1680
EliminatedValue,10,30102,0,1,0,ok-sos006,2014,Grünerløkka,I alt,18-29,antall personer,44
EliminatedValue,10,30102,0,2,0,ok-sos006,2014,Grünerløkka,I alt,30-39,antall personer,102
EliminatedValue,10,30102,0,3,0,ok-sos006,2014,Grünerløkka,I alt,40-49,antall personer,328
EliminatedValue,10,30102,0,4,0,ok-sos006,2014,Grünerløkka,I alt,50-59,antall personer,625
EliminatedValue,10,30102,0,5,0,ok-sos006,2014,Grünerløkka,I alt,60-67,antall personer,581
EliminatedValue,10,30102,1,0,0,ok-sos006,2014,Grünerløkka,Kvinner,I alt,antall personer,849
EliminatedValue,10,30102,1,1,0,ok-sos006,2014,Grünerløkka,Kvinner,18-29,antall personer,20
EliminatedValue,10,30102,1,2,0,ok-sos006,2014,Grünerløkka,Kvinner,30-39,antall personer,52
EliminatedValue,10,30102,1,3,0,ok-sos006,2014,Grünerløkka,Kvinner,40-49,antall personer,143
EliminatedValue,10,30102,1,4,0,ok-sos006,2014,Grünerløkka,Kvinner,50-59,antall personer,312
EliminatedValue,10,30102,1,5,0,ok-sos006,2014,Grünerløkka,Kvinner,60-67,antall personer,322
EliminatedValue,10,30102,2,0,0,ok-sos006,2014,Grünerløkka,Menn,I alt,antall personer,831
EliminatedValue,10,30102,2,1,0,ok-sos006,2014,Grünerløkka,Menn,18-29,antall personer,24
EliminatedValue,10,30102,2,2,0,ok-sos006,2014,Grünerløkka,Menn,30-39,antall personer,50
EliminatedValue,10,30102,2,3,0,ok-sos006,2014,Grünerløkka,Menn,40-49,antall personer,185
EliminatedValue,10,30102,2,4,0,ok-sos006,2014,Grünerløkka,Menn,50-59,antall personer,313
EliminatedValue,10,30102,2,5,0,ok-sos006,2014,Grünerløkka,Menn,60-67,antall personer,259
EliminatedValue,10,30103,0,0,0,ok-sos006,2014,Sagene,I alt,I alt,antall personer,1522
EliminatedValue,10,30103,0,1,0,ok-sos006,2014,Sagene,I alt,18-29,antall personer,45
EliminatedValue,10,30103,0,2,0,ok-sos006,2014,Sagene,I alt,30-39,antall personer,78
EliminatedValue,10,30103,0,3,0,ok-sos006,2014,Sagene,I alt,40-49,antall personer,276
EliminatedValue,10,30103,0,4,0,ok-sos006,2014,Sagene,I alt,50-59,antall personer,585
EliminatedValue,10,30103,0,5,0,ok-sos006,2014,Sagene,I alt,60-67,antall personer,538
EliminatedValue,10,30103,1,0,0,ok-sos006,2014,Sagene,Kvinner,I alt,antall personer,751
EliminatedValue,10,30103,1,1,0,ok-sos006,2014,Sagene,Kvinner,18-29,antall personer,15
EliminatedValue,10,30103,1,2,0,ok-sos006,2014,Sagene,Kvinner,30-39,antall personer,34
EliminatedValue,10,30103,1,3,0,ok-sos006,2014,Sagene,Kvinner,40-49,antall personer,148
EliminatedValue,10,30103,1,4,0,ok-sos006,2014,Sagene,Kvinner,50-59,antall personer,283
EliminatedValue,10,30103,1,5,0,ok-sos006,2014,Sagene,Kvinner,60-67,antall personer,271
EliminatedValue,10,30103,2,0,0,ok-sos006,2014,Sagene,Menn,I alt,antall personer,771
EliminatedValue,10,30103,2,1,0,ok-sos006,2014,Sagene,Menn,18-29,antall personer,30
EliminatedValue,10,30103,2,2,0,ok-sos006,2014,Sagene,Menn,30-39,antall personer,44
EliminatedValue,10,30103,2,3,0,ok-sos006,2014,Sagene,Menn,40-49,antall personer,128
EliminatedValue,10,30103,2,4,0,ok-sos006,2014,Sagene,Menn,50-59,antall personer,302
EliminatedValue,10,30103,2,5,0,ok-sos006,2014,Sagene,Menn,60-67,antall personer,267
EliminatedValue,10,30104,0,0,0,ok-sos006,2014,St. Hanshaugen,I alt,I alt,antall personer,892
EliminatedValue,10,30104,0,1,0,ok-sos006,2014,St. Hanshaugen,I alt,18-29,antall personer,23
EliminatedValue,10,30104,0,2,0,ok-sos006,2014,St. Hanshaugen,I alt,30-39,antall personer,72
EliminatedValue,10,30104,0,3,0,ok-sos006,2014,St. Hanshaugen,I alt,40-49,antall personer,157
EliminatedValue,10,30104,0,4,0,ok-sos006,2014,St. Hanshaugen,I alt,50-59,antall personer,308
EliminatedValue,10,30104,0,5,0,ok-sos006,2014,St. Hanshaugen,I alt,60-67,antall personer,332
EliminatedValue,10,30104,1,0,0,ok-sos006,2014,St. Hanshaugen,Kvinner,I alt,antall personer,467
EliminatedValue,10,30104,1,1,0,ok-sos006,2014,St. Hanshaugen,Kvinner,18-29,antall personer,8
EliminatedValue,10,30104,1,2,0,ok-sos006,2014,St. Hanshaugen,Kvinner,30-39,antall personer,39
EliminatedValue,10,30104,1,3,0,ok-sos006,2014,St. Hanshaugen,Kvinner,40-49,antall personer,84
EliminatedValue,10,30104,1,4,0,ok-sos006,2014,St. Hanshaugen,Kvinner,50-59,antall personer,163
EliminatedValue,10,30104,1,5,0,ok-sos006,2014,St. Hanshaugen,Kvinner,60-67,antall personer,173
EliminatedValue,10,30104,2,0,0,ok-sos006,2014,St. Hanshaugen,Menn,I alt,antall personer,425
EliminatedValue,10,30104,2,1,0,ok-sos006,2014,St. Hanshaugen,Menn,18-29,antall personer,15
EliminatedValue,10,30104,2,2,0,ok-sos006,2014,St. Hanshaugen,Menn,30-39,antall personer,33
EliminatedValue,10,30104,2,3,0,ok-sos006,2014,St. Hanshaugen,Menn,40-49,antall personer,73
EliminatedValue,10,30104,2,4,0,ok-sos006,2014,St. Hanshaugen,Menn,50-59,antall personer,145
EliminatedValue,10,30104,2,5,0,ok-sos006,2014,St. Hanshaugen,Menn,60-67,antall personer,159
EliminatedValue,10,30105,0,0,0,ok-sos006,2014,Frogner,I alt,I alt,antall personer,1463
EliminatedValue,10,30105,0,1,0,ok-sos006,2014,Frogner,I alt,18-29,antall personer,43
EliminatedValue,10,30105,0,2,0,ok-sos006,2014,Frogner,I alt,30-39,antall personer,106
EliminatedValue,10,30105,0,3,0,ok-sos006,2014,Frogner,I alt,40-49,antall personer,261
EliminatedValue,10,30105,0,4,0,ok-sos006,2014,Frogner,I alt,50-59,antall personer,468
EliminatedValue,10,30105,0,5,0,ok-sos006,2014,Frogner,I alt,60-67,antall personer,585
EliminatedValue,10,30105,1,0,0,ok-sos006,2014,Frogner,Kvinner,I alt,antall personer,845
EliminatedValue,10,30105,1,1,0,ok-sos006,2014,Frogner,Kvinner,18-29,antall personer,19
EliminatedValue,10,30105,1,2,0,ok-sos006,2014,Frogner,Kvinner,30-39,antall personer,64
EliminatedValue,10,30105,1,3,0,ok-sos006,2014,Frogner,Kvinner,40-49,antall personer,137
EliminatedValue,10,30105,1,4,0,ok-sos006,2014,Frogner,Kvinner,50-59,antall personer,274
EliminatedValue,10,30105,1,5,0,ok-sos006,2014,Frogner,Kvinner,60-67,antall personer,351
EliminatedValue,10,30105,2,0,0,ok-sos006,2014,Frogner,Menn,I alt,antall personer,618
EliminatedValue,10,30105,2,1,0,ok-sos006,2014,Frogner,Menn,18-29,antall personer,24
EliminatedValue,10,30105,2,2,0,ok-sos006,2014,Frogner,Menn,30-39,antall personer,42
EliminatedValue,10,30105,2,3,0,ok-sos006,2014,Frogner,Menn,40-49,antall personer,124
EliminatedValue,10,30105,2,4,0,ok-sos006,2014,Frogner,Menn,50-59,antall personer,194
EliminatedValue,10,30105,2,5,0,ok-sos006,2014,Frogner,Menn,60-67,antall personer,234
EliminatedValue,10,30106,0,0,0,ok-sos006,2014,Ullern,I alt,I alt,antall personer,806
EliminatedValue,10,30106,0,1,0,ok-sos006,2014,Ullern,I alt,18-29,antall personer,24
EliminatedValue,10,30106,0,2,0,ok-sos006,2014,Ullern,I alt,30-39,antall personer,47
EliminatedValue,10,30106,0,3,0,ok-sos006,2014,Ullern,I alt,40-49,antall personer,104
EliminatedValue,10,30106,0,4,0,ok-sos006,2014,Ullern,I alt,50-59,antall personer,265
EliminatedValue,10,30106,0,5,0,ok-sos006,2014,Ullern,I alt,60-67,antall personer,366
EliminatedValue,10,30106,1,0,0,ok-sos006,2014,Ullern,Kvinner,I alt,antall personer,536
EliminatedValue,10,30106,1,1,0,ok-sos006,2014,Ullern,Kvinner,18-29,antall personer,9
EliminatedValue,10,30106,1,2,0,ok-sos006,2014,Ullern,Kvinner,30-39,antall personer,19
EliminatedValue,10,30106,1,3,0,ok-sos006,2014,Ullern,Kvinner,40-49,antall personer,61
EliminatedValue,10,30106,1,4,0,ok-sos006,2014,Ullern,Kvinner,50-59,antall personer,178
EliminatedValue,10,30106,1,5,0,ok-sos006,2014,Ullern,Kvinner,60-67,antall personer,269
EliminatedValue,10,30106,2,0,0,ok-sos006,2014,Ullern,Menn,I alt,antall personer,270
EliminatedValue,10,30106,2,1,0,ok-sos006,2014,Ullern,Menn,18-29,antall personer,15
EliminatedValue,10,30106,2,2,0,ok-sos006,2014,Ullern,Menn,30-39,antall personer,28
EliminatedValue,10,30106,2,3,0,ok-sos006,2014,Ullern,Menn,40-49,antall personer,43
EliminatedValue,10,30106,2,4,0,ok-sos006,2014,Ullern,Menn,50-59,antall personer,87
EliminatedValue,10,30106,2,5,0,ok-sos006,2014,Ullern,Menn,60-67,antall personer,97
EliminatedValue,10,30107,0,0,0,ok-sos006,2014,Vestre Aker,I alt,I alt,antall personer,1161
EliminatedValue,10,30107,0,1,0,ok-sos006,2014,Vestre Aker,I alt,18-29,antall personer,52
EliminatedValue,10,30107,0,2,0,ok-sos006,2014,Vestre Aker,I alt,30-39,antall personer,74
EliminatedValue,10,30107,0,3,0,ok-sos006,2014,Vestre Aker,I alt,40-49,antall personer,182
EliminatedValue,10,30107,0,4,0,ok-sos006,2014,Vestre Aker,I alt,50-59,antall personer,381
EliminatedValue,10,30107,0,5,0,ok-sos006,2014,Vestre Aker,I alt,60-67,antall personer,472
EliminatedValue,10,30107,1,0,0,ok-sos006,2014,Vestre Aker,Kvinner,I alt,antall personer,728
EliminatedValue,10,30107,1,1,0,ok-sos006,2014,Vestre Aker,Kvinner,18-29,antall personer,28
EliminatedValue,10,30107,1,2,0,ok-sos006,2014,Vestre Aker,Kvinner,30-39,antall personer,33
EliminatedValue,10,30107,1,3,0,ok-sos006,2014,Vestre Aker,Kvinner,40-49,antall personer,110
EliminatedValue,10,30107,1,4,0,ok-sos006,2014,Vestre Aker,Kvinner,50-59,antall personer,242
EliminatedValue,10,30107,1,5,0,ok-sos006,2014,Vestre Aker,Kvinner,60-67,antall personer,315
EliminatedValue,10,30107,2,0,0,ok-sos006,2014,Vestre Aker,Menn,I alt,antall personer,433
EliminatedValue,10,30107,2,1,0,ok-sos006,2014,Vestre Aker,Menn,18-29,antall personer,24
EliminatedValue,10,30107,2,2,0,ok-sos006,2014,Vestre Aker,Menn,30-39,antall personer,41
EliminatedValue,10,30107,2,3,0,ok-sos006,2014,Vestre Aker,Menn,40-49,antall personer,72
EliminatedValue,10,30107,2,4,0,ok-sos006,2014,Vestre Aker,Menn,50-59,antall personer,139
EliminatedValue,10,30107,2,5,0,ok-sos006,2014,Vestre Aker,Menn,60-67,antall personer,157
EliminatedValue,10,30108,0,0,0,ok-sos006,2014,Nordre Aker,I alt,I alt,antall personer,1169
EliminatedValue,10,30108,0,1,0,ok-sos006,2014,Nordre Aker,I alt,18-29,antall personer,47
EliminatedValue,10,30108,0,2,0,ok-sos006,2014,Nordre Aker,I alt,30-39,antall personer,85
EliminatedValue,10,30108,0,3,0,ok-sos006,2014,Nordre Aker,I alt,40-49,antall personer,193
EliminatedValue,10,30108,0,4,0,ok-sos006,2014,Nordre Aker,I alt,50-59,antall personer,382
EliminatedValue,10,30108,0,5,0,ok-sos006,2014,Nordre Aker,I alt,60-67,antall personer,462
EliminatedValue,10,30108,1,0,0,ok-sos006,2014,Nordre Aker,Kvinner,I alt,antall personer,684
EliminatedValue,10,30108,1,1,0,ok-sos006,2014,Nordre Aker,Kvinner,18-29,antall personer,22
EliminatedValue,10,30108,1,2,0,ok-sos006,2014,Nordre Aker,Kvinner,30-39,antall personer,41
EliminatedValue,10,30108,1,3,0,ok-sos006,2014,Nordre Aker,Kvinner,40-49,antall personer,107
EliminatedValue,10,30108,1,4,0,ok-sos006,2014,Nordre Aker,Kvinner,50-59,antall personer,223
EliminatedValue,10,30108,1,5,0,ok-sos006,2014,Nordre Aker,Kvinner,60-67,antall personer,291
EliminatedValue,10,30108,2,0,0,ok-sos006,2014,Nordre Aker,Menn,I alt,antall personer,485
EliminatedValue,10,30108,2,1,0,ok-sos006,2014,Nordre Aker,Menn,18-29,antall personer,25
EliminatedValue,10,30108,2,2,0,ok-sos006,2014,Nordre Aker,Menn,30-39,antall personer,44
EliminatedValue,10,30108,2,3,0,ok-sos006,2014,Nordre Aker,Menn,40-49,antall personer,86
EliminatedValue,10,30108,2,4,0,ok-sos006,2014,Nordre Aker,Menn,50-59,antall personer,159
EliminatedValue,10,30108,2,5,0,ok-sos006,2014,Nordre Aker,Menn,60-67,antall personer,171
EliminatedValue,10,30109,0,0,0,ok-sos006,2014,Bjerke,I alt,I alt,antall personer,1122
EliminatedValue,10,30109,0,1,0,ok-sos006,2014,Bjerke,I alt,18-29,antall personer,45
EliminatedValue,10,30109,0,2,0,ok-sos006,2014,Bjerke,I alt,30-39,antall personer,75
EliminatedValue,10,30109,0,3,0,ok-sos006,2014,Bjerke,I alt,40-49,antall personer,185
EliminatedValue,10,30109,0,4,0,ok-sos006,2014,Bjerke,I alt,50-59,antall personer,395
EliminatedValue,10,30109,0,5,0,ok-sos006,2014,Bjerke,I alt,60-67,antall personer,422
EliminatedValue,10,30109,1,0,0,ok-sos006,2014,Bjerke,Kvinner,I alt,antall personer,622
EliminatedValue,10,30109,1,1,0,ok-sos006,2014,Bjerke,Kvinner,18-29,antall personer,21
EliminatedValue,10,30109,1,2,0,ok-sos006,2014,Bjerke,Kvinner,30-39,antall personer,42
EliminatedValue,10,30109,1,3,0,ok-sos006,2014,Bjerke,Kvinner,40-49,antall personer,97
EliminatedValue,10,30109,1,4,0,ok-sos006,2014,Bjerke,Kvinner,50-59,antall personer,232
EliminatedValue,10,30109,1,5,0,ok-sos006,2014,Bjerke,Kvinner,60-67,antall personer,230
EliminatedValue,10,30109,2,0,0,ok-sos006,2014,Bjerke,Menn,I alt,antall personer,500
EliminatedValue,10,30109,2,1,0,ok-sos006,2014,Bjerke,Menn,18-29,antall personer,24
EliminatedValue,10,30109,2,2,0,ok-sos006,2014,Bjerke,Menn,30-39,antall personer,33
EliminatedValue,10,30109,2,3,0,ok-sos006,2014,Bjerke,Menn,40-49,antall personer,88
EliminatedValue,10,30109,2,4,0,ok-sos006,2014,Bjerke,Menn,50-59,antall personer,163
EliminatedValue,10,30109,2,5,0,ok-sos006,2014,Bjerke,Menn,60-67,antall personer,192
EliminatedValue,10,30110,0,0,0,ok-sos006,2014,Grorud,I alt,I alt,antall personer,1633
EliminatedValue,10,30110,0,1,0,ok-sos006,2014,Grorud,I alt,18-29,antall personer,74
EliminatedValue,10,30110,0,2,0,ok-sos006,2014,Grorud,I alt,30-39,antall personer,102
EliminatedValue,10,30110,0,3,0,ok-sos006,2014,Grorud,I alt,40-49,antall personer,287
EliminatedValue,10,30110,0,4,0,ok-sos006,2014,Grorud,I alt,50-59,antall personer,588
EliminatedValue,10,30110,0,5,0,ok-sos006,2014,Grorud,I alt,60-67,antall personer,582
EliminatedValue,10,30110,1,0,0,ok-sos006,2014,Grorud,Kvinner,I alt,antall personer,921
EliminatedValue,10,30110,1,1,0,ok-sos006,2014,Grorud,Kvinner,18-29,antall personer,29
EliminatedValue,10,30110,1,2,0,ok-sos006,2014,Grorud,Kvinner,30-39,antall personer,51
EliminatedValue,10,30110,1,3,0,ok-sos006,2014,Grorud,Kvinner,40-49,antall personer,174
EliminatedValue,10,30110,1,4,0,ok-sos006,2014,Grorud,Kvinner,50-59,antall personer,331
EliminatedValue,10,30110,1,5,0,ok-sos006,2014,Grorud,Kvinner,60-67,antall personer,336
EliminatedValue,10,30110,2,0,0,ok-sos006,2014,Grorud,Menn,I alt,antall personer,712
EliminatedValue,10,30110,2,1,0,ok-sos006,2014,Grorud,Menn,18-29,antall personer,45
EliminatedValue,10,30110,2,2,0,ok-sos006,2014,Grorud,Menn,30-39,antall personer,51
EliminatedValue,10,30110,2,3,0,ok-sos006,2014,Grorud,Menn,40-49,antall personer,113
EliminatedValue,10,30110,2,4,0,ok-sos006,2014,Grorud,Menn,50-59,antall personer,257
EliminatedValue,10,30110,2,5,0,ok-sos006,2014,Grorud,Menn,60-67,antall personer,246
EliminatedValue,10,30111,0,0,0,ok-sos006,2014,Stovner,I alt,I alt,antall personer,1955
EliminatedValue,10,30111,0,1,0,ok-sos006,2014,Stovner,I alt,18-29,antall personer,65
EliminatedValue,10,30111,0,2,0,ok-sos006,2014,Stovner,I alt,30-39,antall personer,108
EliminatedValue,10,30111,0,3,0,ok-sos006,2014,Stovner,I alt,40-49,antall personer,392
EliminatedValue,10,30111,0,4,0,ok-sos006,2014,Stovner,I alt,50-59,antall personer,646
EliminatedValue,10,30111,0,5,0,ok-sos006,2014,Stovner,I alt,60-67,antall personer,744
EliminatedValue,10,30111,1,0,0,ok-sos006,2014,Stovner,Kvinner,I alt,antall personer,1092
EliminatedValue,10,30111,1,1,0,ok-sos006,2014,Stovner,Kvinner,18-29,antall personer,28
EliminatedValue,10,30111,1,2,0,ok-sos006,2014,Stovner,Kvinner,30-39,antall personer,55
EliminatedValue,10,30111,1,3,0,ok-sos006,2014,Stovner,Kvinner,40-49,antall personer,214
EliminatedValue,10,30111,1,4,0,ok-sos006,2014,Stovner,Kvinner,50-59,antall personer,373
EliminatedValue,10,30111,1,5,0,ok-sos006,2014,Stovner,Kvinner,60-67,antall personer,422
EliminatedValue,10,30111,2,0,0,ok-sos006,2014,Stovner,Menn,I alt,antall personer,863
EliminatedValue,10,30111,2,1,0,ok-sos006,2014,Stovner,Menn,18-29,antall personer,37
EliminatedValue,10,30111,2,2,0,ok-sos006,2014,Stovner,Menn,30-39,antall personer,53
EliminatedValue,10,30111,2,3,0,ok-sos006,2014,Stovner,Menn,40-49,antall personer,178
EliminatedValue,10,30111,2,4,0,ok-sos006,2014,Stovner,Menn,50-59,antall personer,273
EliminatedValue,10,30111,2,5,0,ok-sos006,2014,Stovner,Menn,60-67,antall personer,322
EliminatedValue,10,30112,0,0,0,ok-sos006,2014,Alna,I alt,I alt,antall personer,2894
EliminatedValue,10,30112,0,1,0,ok-sos006,2014,Alna,I alt,18-29,antall personer,118
EliminatedValue,10,30112,0,2,0,ok-sos006,2014,Alna,I alt,30-39,antall personer,139
EliminatedValue,10,30112,0,3,0,ok-sos006,2014,Alna,I alt,40-49,antall personer,506
EliminatedValue,10,30112,0,4,0,ok-sos006,2014,Alna,I alt,50-59,antall personer,1018
EliminatedValue,10,30112,0,5,0,ok-sos006,2014,Alna,I alt,60-67,antall personer,1113
EliminatedValue,10,30112,1,0,0,ok-sos006,2014,Alna,Kvinner,I alt,antall personer,1602
EliminatedValue,10,30112,1,1,0,ok-sos006,2014,Alna,Kvinner,18-29,antall personer,49
EliminatedValue,10,30112,1,2,0,ok-sos006,2014,Alna,Kvinner,30-39,antall personer,65
EliminatedValue,10,30112,1,3,0,ok-sos006,2014,Alna,Kvinner,40-49,antall personer,276
EliminatedValue,10,30112,1,4,0,ok-sos006,2014,Alna,Kvinner,50-59,antall personer,562
EliminatedValue,10,30112,1,5,0,ok-sos006,2014,Alna,Kvinner,60-67,antall personer,650
EliminatedValue,10,30112,2,0,0,ok-sos006,2014,Alna,Menn,I alt,antall personer,1292
EliminatedValue,10,30112,2,1,0,ok-sos006,2014,Alna,Menn,18-29,antall personer,69
EliminatedValue,10,30112,2,2,0,ok-sos006,2014,Alna,Menn,30-39,antall personer,74
EliminatedValue,10,30112,2,3,0,ok-sos006,2014,Alna,Menn,40-49,antall personer,230
EliminatedValue,10,30112,2,4,0,ok-sos006,2014,Alna,Menn,50-59,antall personer,456
EliminatedValue,10,30112,2,5,0,ok-sos006,2014,Alna,Menn,60-67,antall personer,463
EliminatedValue,10,30113,0,0,0,ok-sos006,2014,Østensjø,I alt,I alt,antall personer,2081
EliminatedValue,10,30113,0,1,0,ok-sos006,2014,Østensjø,I alt,18-29,antall personer,49
EliminatedValue,10,30113,0,2,0,ok-sos006,2014,Østensjø,I alt,30-39,antall personer,96
EliminatedValue,10,30113,0,3,0,ok-sos006,2014,Østensjø,I alt,40-49,antall personer,361
EliminatedValue,10,30113,0,4,0,ok-sos006,2014,Østensjø,I alt,50-59,antall personer,845
EliminatedValue,10,30113,0,5,0,ok-sos006,2014,Østensjø,I alt,60-67,antall personer,730
EliminatedValue,10,30113,1,0,0,ok-sos006,2014,Østensjø,Kvinner,I alt,antall personer,1285
EliminatedValue,10,30113,1,1,0,ok-sos006,2014,Østensjø,Kvinner,18-29,antall personer,27
EliminatedValue,10,30113,1,2,0,ok-sos006,2014,Østensjø,Kvinner,30-39,antall personer,48
EliminatedValue,10,30113,1,3,0,ok-sos006,2014,Østensjø,Kvinner,40-49,antall personer,230
EliminatedValue,10,30113,1,4,0,ok-sos006,2014,Østensjø,Kvinner,50-59,antall personer,530
EliminatedValue,10,30113,1,5,0,ok-sos006,2014,Østensjø,Kvinner,60-67,antall personer,450
EliminatedValue,10,30113,2,0,0,ok-sos006,2014,Østensjø,Menn,I alt,antall personer,796
EliminatedValue,10,30113,2,1,0,ok-sos006,2014,Østensjø,Menn,18-29,antall personer,22
EliminatedValue,10,30113,2,2,0,ok-sos006,2014,Østensjø,Menn,30-39,antall personer,48
EliminatedValue,10,30113,2,3,0,ok-sos006,2014,Østensjø,Menn,40-49,antall personer,131
EliminatedValue,10,30113,2,4,0,ok-sos006,2014,Østensjø,Menn,50-59,antall personer,315
EliminatedValue,10,30113,2,5,0,ok-sos006,2014,Østensjø,Menn,60-67,antall personer,280
EliminatedValue,10,30114,0,0,0,ok-sos006,2014,Nordstrand,I alt,I alt,antall personer,1583
EliminatedValue,10,30114,0,1,0,ok-sos006,2014,Nordstrand,I alt,18-29,antall personer,57
EliminatedValue,10,30114,0,2,0,ok-sos006,2014,Nordstrand,I alt,30-39,antall personer,72
EliminatedValue,10,30114,0,3,0,ok-sos006,2014,Nordstrand,I alt,40-49,antall personer,265
EliminatedValue,10,30114,0,4,0,ok-sos006,2014,Nordstrand,I alt,50-59,antall personer,539
EliminatedValue,10,30114,0,5,0,ok-sos006,2014,Nordstrand,I alt,60-67,antall personer,650
EliminatedValue,10,30114,1,0,0,ok-sos006,2014,Nordstrand,Kvinner,I alt,antall personer,991
EliminatedValue,10,30114,1,1,0,ok-sos006,2014,Nordstrand,Kvinner,18-29,antall personer,22
EliminatedValue,10,30114,1,2,0,ok-sos006,2014,Nordstrand,Kvinner,30-39,antall personer,39
EliminatedValue,10,30114,1,3,0,ok-sos006,2014,Nordstrand,Kvinner,40-49,antall personer,162
EliminatedValue,10,30114,1,4,0,ok-sos006,2014,Nordstrand,Kvinner,50-59,antall personer,353
EliminatedValue,10,30114,1,5,0,ok-sos006,2014,Nordstrand,Kvinner,60-67,antall personer,415
EliminatedValue,10,30114,2,0,0,ok-sos006,2014,Nordstrand,Menn,I alt,antall personer,592
EliminatedValue,10,30114,2,1,0,ok-sos006,2014,Nordstrand,Menn,18-29,antall personer,35
EliminatedValue,10,30114,2,2,0,ok-sos006,2014,Nordstrand,Menn,30-39,antall personer,33
EliminatedValue,10,30114,2,3,0,ok-sos006,2014,Nordstrand,Menn,40-49,antall personer,103
EliminatedValue,10,30114,2,4,0,ok-sos006,2014,Nordstrand,Menn,50-59,antall personer,186
EliminatedValue,10,30114,2,5,0,ok-sos006,2014,Nordstrand,Menn,60-67,antall personer,235
EliminatedValue,10,30115,0,0,0,ok-sos006,2014,Søndre Nordstrand,I alt,I alt,antall personer,2040
EliminatedValue,10,30115,0,1,0,ok-sos006,2014,Søndre Nordstrand,I alt,18-29,antall personer,83
EliminatedValue,10,30115,0,2,0,ok-sos006,2014,Søndre Nordstrand,I alt,30-39,antall personer,125
EliminatedValue,10,30115,0,3,0,ok-sos006,2014,Søndre Nordstrand,I alt,40-49,antall personer,356
EliminatedValue,10,30115,0,4,0,ok-sos006,2014,Søndre Nordstrand,I alt,50-59,antall personer,795
EliminatedValue,10,30115,0,5,0,ok-sos006,2014,Søndre Nordstrand,I alt,60-67,antall personer,681
EliminatedValue,10,30115,1,0,0,ok-sos006,2014,Søndre Nordstrand,Kvinner,I alt,antall personer,1165
EliminatedValue,10,30115,1,1,0,ok-sos006,2014,Søndre Nordstrand,Kvinner,18-29,antall personer,38
EliminatedValue,10,30115,1,2,0,ok-sos006,2014,Søndre Nordstrand,Kvinner,30-39,antall personer,55
EliminatedValue,10,30115,1,3,0,ok-sos006,2014,Søndre Nordstrand,Kvinner,40-49,antall personer,211
EliminatedValue,10,30115,1,4,0,ok-sos006,2014,Søndre Nordstrand,Kvinner,50-59,antall personer,488
EliminatedValue,10,30115,1,5,0,ok-sos006,2014,Søndre Nordstrand,Kvinner,60-67,antall personer,373
EliminatedValue,10,30115,2,0,0,ok-sos006,2014,Søndre Nordstrand,Menn,I alt,antall personer,875
EliminatedValue,10,30115,2,1,0,ok-sos006,2014,Søndre Nordstrand,Menn,18-29,antall personer,45
EliminatedValue,10,30115,2,2,0,ok-sos006,2014,Søndre Nordstrand,Menn,30-39,antall personer,70
EliminatedValue,10,30115,2,3,0,ok-sos006,2014,Søndre Nordstrand,Menn,40-49,antall personer,145
EliminatedValue,10,30115,2,4,0,ok-sos006,2014,Søndre Nordstrand,Menn,50-59,antall personer,307
EliminatedValue,10,30115,2,5,0,ok-sos006,2014,Søndre Nordstrand,Menn,60-67,antall personer,308
EliminatedValue,10,30199,0,0,0,ok-sos006,2014,Uten registrert adresse,I alt,I alt,antall personer,
EliminatedValue,10,30199,0,1,0,ok-sos006,2014,Uten registrert adresse,I alt,18-29,antall personer,
EliminatedValue,10,30199,0,2,0,ok-sos006,2014,Uten registrert adresse,I alt,30-39,antall personer,
EliminatedValue,10,30199,0,3,0,ok-sos006,2014,Uten registrert adresse,I alt,40-49,antall personer,
EliminatedValue,10,30199,0,4,0,ok-sos006,2014,Uten registrert adresse,I alt,50-59,antall personer,
EliminatedValue,10,30199,0,5,0,ok-sos006,2014,Uten registrert adresse,I alt,60-67,antall personer,
EliminatedValue,10,30199,1,0,0,ok-sos006,2014,Uten registrert adresse,Kvinner,I alt,antall personer,
EliminatedValue,10,30199,1,1,0,ok-sos006,2014,Uten registrert adresse,Kvinner,18-29,antall personer,
EliminatedValue,10,30199,1,2,0,ok-sos006,2014,Uten registrert adresse,Kvinner,30-39,antall personer,
EliminatedValue,10,30199,1,3,0,ok-sos006,2014,Uten registrert adresse,Kvinner,40-49,antall personer,
EliminatedValue,10,30199,1,4,0,ok-sos006,2014,Uten registrert adresse,Kvinner,50-59,antall personer,
EliminatedValue,10,30199,1,5,0,ok-sos006,2014,Uten registrert adresse,Kvinner,60-67,antall personer,
EliminatedValue,10,30199,2,0,0,ok-sos006,2014,Uten registrert adresse,Menn,I alt,antall personer,
EliminatedValue,10,30199,2,1,0,ok-sos006,2014,Uten registrert adresse,Menn,18-29,antall personer,
EliminatedValue,10,30199,2,2,0,ok-sos006,2014,Uten registrert adresse,Menn,30-39,antall personer,
EliminatedValue,10,30199,2,3,0,ok-sos006,2014,Uten registrert adresse,Menn,40-49,antall personer,
EliminatedValue,10,30199,2,4,0,ok-sos006,2014,Uten registrert adresse,Menn,50-59,antall personer,
EliminatedValue,10,30199,2,5,0,ok-sos006,2014,Uten registrert adresse,Menn,60-67,antall personer,
EliminatedValue,10,30118195,0,0,0,ok-sos006,2014,Ukjent bydel,I alt,I alt,antall personer,
EliminatedValue,10,30118195,0,1,0,ok-sos006,2014,Ukjent bydel,I alt,18-29,antall personer,
EliminatedValue,10,30118195,0,2,0,ok-sos006,2014,Ukjent bydel,I alt,30-39,antall personer,
EliminatedValue,10,30118195,0,3,0,ok-sos006,2014,Ukjent bydel,I alt,40-49,antall personer,
EliminatedValue,10,30118195,0,4,0,ok-sos006,2014,Ukjent bydel,I alt,50-59,antall personer,
EliminatedValue,10,30118195,0,5,0,ok-sos006,2014,Ukjent bydel,I alt,60-67,antall personer,
EliminatedValue,10,30118195,1,0,0,ok-sos006,2014,Ukjent bydel,Kvinner,I alt,antall personer,
EliminatedValue,10,30118195,1,1,0,ok-sos006,2014,Ukjent bydel,Kvinner,18-29,antall personer,
EliminatedValue,10,30118195,1,2,0,ok-sos006,2014,Ukjent bydel,Kvinner,30-39,antall personer,
EliminatedValue,10,30118195,1,3,0,ok-sos006,2014,Ukjent bydel,Kvinner,40-49,antall personer,
EliminatedValue,10,30118195,1,4,0,ok-sos006,2014,Ukjent bydel,Kvinner,50-59,antall personer,
EliminatedValue,10,30118195,1,5,0,ok-sos006,2014,Ukjent bydel,Kvinner,60-67,antall personer,
EliminatedValue,10,30118195,2,0,0,ok-sos006,2014,Ukjent bydel,Menn,I alt,antall personer,
EliminatedValue,10,30118195,2,1,0,ok-sos006,2014,Ukjent bydel,Menn,18-29,antall personer,
EliminatedValue,10,30118195,2,2,0,ok-sos006,2014,Ukjent bydel,Menn,30-39,antall personer,
EliminatedValue,10,30118195,2,3,0,ok-sos006,2014,Ukjent bydel,Menn,40-49,antall personer,
EliminatedValue,10,30118195,2,4,0,ok-sos006,2014,Ukjent bydel,Menn,50-59,antall personer,
EliminatedValue,10,30118195,2,5,0,ok-sos006,2014,Ukjent bydel,Menn,60-67,antall personer,
EliminatedValue,11,301,0,0,0,ok-sos006,2015,Oslo i alt,I alt,I alt,antall personer,24002
EliminatedValue,11,301,0,1,0,ok-sos006,2015,Oslo i alt,I alt,18-29,antall personer,880
EliminatedValue,11,301,0,2,0,ok-sos006,2015,Oslo i alt,I alt,30-39,antall personer,1461
EliminatedValue,11,301,0,3,0,ok-sos006,2015,Oslo i alt,I alt,40-49,antall personer,4139
EliminatedValue,11,301,0,4,0,ok-sos006,2015,Oslo i alt,I alt,50-59,antall personer,8735
EliminatedValue,11,301,0,5,0,ok-sos006,2015,Oslo i alt,I alt,60-67,antall personer,8787
EliminatedValue,11,301,1,0,0,ok-sos006,2015,Oslo i alt,Kvinner,I alt,antall personer,13492
EliminatedValue,11,301,1,1,0,ok-sos006,2015,Oslo i alt,Kvinner,18-29,antall personer,387
EliminatedValue,11,301,1,2,0,ok-sos006,2015,Oslo i alt,Kvinner,30-39,antall personer,694
EliminatedValue,11,301,1,3,0,ok-sos006,2015,Oslo i alt,Kvinner,40-49,antall personer,2281
EliminatedValue,11,301,1,4,0,ok-sos006,2015,Oslo i alt,Kvinner,50-59,antall personer,4971
EliminatedValue,11,301,1,5,0,ok-sos006,2015,Oslo i alt,Kvinner,60-67,antall personer,5159
EliminatedValue,11,301,2,0,0,ok-sos006,2015,Oslo i alt,Menn,I alt,antall personer,10510
EliminatedValue,11,301,2,1,0,ok-sos006,2015,Oslo i alt,Menn,18-29,antall personer,493
EliminatedValue,11,301,2,2,0,ok-sos006,2015,Oslo i alt,Menn,30-39,antall personer,767
EliminatedValue,11,301,2,3,0,ok-sos006,2015,Oslo i alt,Menn,40-49,antall personer,1858
EliminatedValue,11,301,2,4,0,ok-sos006,2015,Oslo i alt,Menn,50-59,antall personer,3764
EliminatedValue,11,301,2,5,0,ok-sos006,2015,Oslo i alt,Menn,60-67,antall personer,3628
EliminatedValue,11,30101,0,0,0,ok-sos006,2015,Gamle Oslo,I alt,I alt,antall personer,2058
EliminatedValue,11,30101,0,1,0,ok-sos006,2015,Gamle Oslo,I alt,18-29,antall personer,48
EliminatedValue,11,30101,0,2,0,ok-sos006,2015,Gamle Oslo,I alt,30-39,antall personer,142
EliminatedValue,11,30101,0,3,0,ok-sos006,2015,Gamle Oslo,I alt,40-49,antall personer,395
EliminatedValue,11,30101,0,4,0,ok-sos006,2015,Gamle Oslo,I alt,50-59,antall personer,777
EliminatedValue,11,30101,0,5,0,ok-sos006,2015,Gamle Oslo,I alt,60-67,antall personer,696
EliminatedValue,11,30101,1,0,0,ok-sos006,2015,Gamle Oslo,Kvinner,I alt,antall personer,1022
EliminatedValue,11,30101,1,1,0,ok-sos006,2015,Gamle Oslo,Kvinner,18-29,antall personer,26
EliminatedValue,11,30101,1,2,0,ok-sos006,2015,Gamle Oslo,Kvinner,30-39,antall personer,67
EliminatedValue,11,30101,1,3,0,ok-sos006,2015,Gamle Oslo,Kvinner,40-49,antall personer,182
EliminatedValue,11,30101,1,4,0,ok-sos006,2015,Gamle Oslo,Kvinner,50-59,antall personer,379
EliminatedValue,11,30101,1,5,0,ok-sos006,2015,Gamle Oslo,Kvinner,60-67,antall personer,368
EliminatedValue,11,30101,2,0,0,ok-sos006,2015,Gamle Oslo,Menn,I alt,antall personer,1036
EliminatedValue,11,30101,2,1,0,ok-sos006,2015,Gamle Oslo,Menn,18-29,antall personer,22
EliminatedValue,11,30101,2,2,0,ok-sos006,2015,Gamle Oslo,Menn,30-39,antall personer,75
EliminatedValue,11,30101,2,3,0,ok-sos006,2015,Gamle Oslo,Menn,40-49,antall personer,213
EliminatedValue,11,30101,2,4,0,ok-sos006,2015,Gamle Oslo,Menn,50-59,antall personer,398
EliminatedValue,11,30101,2,5,0,ok-sos006,2015,Gamle Oslo,Menn,60-67,antall personer,328
EliminatedValue,11,30102,0,0,0,ok-sos006,2015,Grünerløkka,I alt,I alt,antall personer,1674
EliminatedValue,11,30102,0,1,0,ok-sos006,2015,Grünerløkka,I alt,18-29,antall personer,39
EliminatedValue,11,30102,0,2,0,ok-sos006,2015,Grünerløkka,I alt,30-39,antall personer,111
EliminatedValue,11,30102,0,3,0,ok-sos006,2015,Grünerløkka,I alt,40-49,antall personer,322
EliminatedValue,11,30102,0,4,0,ok-sos006,2015,Grünerløkka,I alt,50-59,antall personer,637
EliminatedValue,11,30102,0,5,0,ok-sos006,2015,Grünerløkka,I alt,60-67,antall personer,565
EliminatedValue,11,30102,1,0,0,ok-sos006,2015,Grünerløkka,Kvinner,I alt,antall personer,835
EliminatedValue,11,30102,1,1,0,ok-sos006,2015,Grünerløkka,Kvinner,18-29,antall personer,11
EliminatedValue,11,30102,1,2,0,ok-sos006,2015,Grünerløkka,Kvinner,30-39,antall personer,53
EliminatedValue,11,30102,1,3,0,ok-sos006,2015,Grünerløkka,Kvinner,40-49,antall personer,144
EliminatedValue,11,30102,1,4,0,ok-sos006,2015,Grünerløkka,Kvinner,50-59,antall personer,311
EliminatedValue,11,30102,1,5,0,ok-sos006,2015,Grünerløkka,Kvinner,60-67,antall personer,316
EliminatedValue,11,30102,2,0,0,ok-sos006,2015,Grünerløkka,Menn,I alt,antall personer,839
EliminatedValue,11,30102,2,1,0,ok-sos006,2015,Grünerløkka,Menn,18-29,antall personer,28
EliminatedValue,11,30102,2,2,0,ok-sos006,2015,Grünerløkka,Menn,30-39,antall personer,58
EliminatedValue,11,30102,2,3,0,ok-sos006,2015,Grünerløkka,Menn,40-49,antall personer,178
EliminatedValue,11,30102,2,4,0,ok-sos006,2015,Grünerløkka,Menn,50-59,antall personer,326
EliminatedValue,11,30102,2,5,0,ok-sos006,2015,Grünerløkka,Menn,60-67,antall personer,249
EliminatedValue,11,30103,0,0,0,ok-sos006,2015,Sagene,I alt,I alt,antall personer,1534
EliminatedValue,11,30103,0,1,0,ok-sos006,2015,Sagene,I alt,18-29,antall personer,50
EliminatedValue,11,30103,0,2,0,ok-sos006,2015,Sagene,I alt,30-39,antall personer,100
EliminatedValue,11,30103,0,3,0,ok-sos006,2015,Sagene,I alt,40-49,antall personer,261
EliminatedValue,11,30103,0,4,0,ok-sos006,2015,Sagene,I alt,50-59,antall personer,599
EliminatedValue,11,30103,0,5,0,ok-sos006,2015,Sagene,I alt,60-67,antall personer,524
EliminatedValue,11,30103,1,0,0,ok-sos006,2015,Sagene,Kvinner,I alt,antall personer,756
EliminatedValue,11,30103,1,1,0,ok-sos006,2015,Sagene,Kvinner,18-29,antall personer,17
EliminatedValue,11,30103,1,2,0,ok-sos006,2015,Sagene,Kvinner,30-39,antall personer,41
EliminatedValue,11,30103,1,3,0,ok-sos006,2015,Sagene,Kvinner,40-49,antall personer,129
EliminatedValue,11,30103,1,4,0,ok-sos006,2015,Sagene,Kvinner,50-59,antall personer,300
EliminatedValue,11,30103,1,5,0,ok-sos006,2015,Sagene,Kvinner,60-67,antall personer,269
EliminatedValue,11,30103,2,0,0,ok-sos006,2015,Sagene,Menn,I alt,antall personer,778
EliminatedValue,11,30103,2,1,0,ok-sos006,2015,Sagene,Menn,18-29,antall personer,33
EliminatedValue,11,30103,2,2,0,ok-sos006,2015,Sagene,Menn,30-39,antall personer,59
EliminatedValue,11,30103,2,3,0,ok-sos006,2015,Sagene,Menn,40-49,antall personer,132
EliminatedValue,11,30103,2,4,0,ok-sos006,2015,Sagene,Menn,50-59,antall personer,299
EliminatedValue,11,30103,2,5,0,ok-sos006,2015,Sagene,Menn,60-67,antall personer,255
EliminatedValue,11,30104,0,0,0,ok-sos006,2015,St. Hanshaugen,I alt,I alt,antall personer,905
EliminatedValue,11,30104,0,1,0,ok-sos006,2015,St. Hanshaugen,I alt,18-29,antall personer,32
EliminatedValue,11,30104,0,2,0,ok-sos006,2015,St. Hanshaugen,I alt,30-39,antall personer,69
EliminatedValue,11,30104,0,3,0,ok-sos006,2015,St. Hanshaugen,I alt,40-49,antall personer,170
EliminatedValue,11,30104,0,4,0,ok-sos006,2015,St. Hanshaugen,I alt,50-59,antall personer,293
EliminatedValue,11,30104,0,5,0,ok-sos006,2015,St. Hanshaugen,I alt,60-67,antall personer,341
EliminatedValue,11,30104,1,0,0,ok-sos006,2015,St. Hanshaugen,Kvinner,I alt,antall personer,479
EliminatedValue,11,30104,1,1,0,ok-sos006,2015,St. Hanshaugen,Kvinner,18-29,antall personer,12
EliminatedValue,11,30104,1,2,0,ok-sos006,2015,St. Hanshaugen,Kvinner,30-39,antall personer,35
EliminatedValue,11,30104,1,3,0,ok-sos006,2015,St. Hanshaugen,Kvinner,40-49,antall personer,95
EliminatedValue,11,30104,1,4,0,ok-sos006,2015,St. Hanshaugen,Kvinner,50-59,antall personer,161
EliminatedValue,11,30104,1,5,0,ok-sos006,2015,St. Hanshaugen,Kvinner,60-67,antall personer,176
EliminatedValue,11,30104,2,0,0,ok-sos006,2015,St. Hanshaugen,Menn,I alt,antall personer,426
EliminatedValue,11,30104,2,1,0,ok-sos006,2015,St. Hanshaugen,Menn,18-29,antall personer,20
EliminatedValue,11,30104,2,2,0,ok-sos006,2015,St. Hanshaugen,Menn,30-39,antall personer,34
EliminatedValue,11,30104,2,3,0,ok-sos006,2015,St. Hanshaugen,Menn,40-49,antall personer,75
EliminatedValue,11,30104,2,4,0,ok-sos006,2015,St. Hanshaugen,Menn,50-59,antall personer,132
EliminatedValue,11,30104,2,5,0,ok-sos006,2015,St. Hanshaugen,Menn,60-67,antall personer,165
EliminatedValue,11,30105,0,0,0,ok-sos006,2015,Frogner,I alt,I alt,antall personer,1430
EliminatedValue,11,30105,0,1,0,ok-sos006,2015,Frogner,I alt,18-29,antall personer,42
EliminatedValue,11,30105,0,2,0,ok-sos006,2015,Frogner,I alt,30-39,antall personer,102
EliminatedValue,11,30105,0,3,0,ok-sos006,2015,Frogner,I alt,40-49,antall personer,241
EliminatedValue,11,30105,0,4,0,ok-sos006,2015,Frogner,I alt,50-59,antall personer,489
EliminatedValue,11,30105,0,5,0,ok-sos006,2015,Frogner,I alt,60-67,antall personer,556
EliminatedValue,11,30105,1,0,0,ok-sos006,2015,Frogner,Kvinner,I alt,antall personer,843
EliminatedValue,11,30105,1,1,0,ok-sos006,2015,Frogner,Kvinner,18-29,antall personer,23
EliminatedValue,11,30105,1,2,0,ok-sos006,2015,Frogner,Kvinner,30-39,antall personer,60
EliminatedValue,11,30105,1,3,0,ok-sos006,2015,Frogner,Kvinner,40-49,antall personer,121
EliminatedValue,11,30105,1,4,0,ok-sos006,2015,Frogner,Kvinner,50-59,antall personer,294
EliminatedValue,11,30105,1,5,0,ok-sos006,2015,Frogner,Kvinner,60-67,antall personer,345
EliminatedValue,11,30105,2,0,0,ok-sos006,2015,Frogner,Menn,I alt,antall personer,587
EliminatedValue,11,30105,2,1,0,ok-sos006,2015,Frogner,Menn,18-29,antall personer,19
EliminatedValue,11,30105,2,2,0,ok-sos006,2015,Frogner,Menn,30-39,antall personer,42
EliminatedValue,11,30105,2,3,0,ok-sos006,2015,Frogner,Menn,40-49,antall personer,120
EliminatedValue,11,30105,2,4,0,ok-sos006,2015,Frogner,Menn,50-59,antall personer,195
EliminatedValue,11,30105,2,5,0,ok-sos006,2015,Frogner,Menn,60-67,antall personer,211
EliminatedValue,11,30106,0,0,0,ok-sos006,2015,Ullern,I alt,I alt,antall personer,792
EliminatedValue,11,30106,0,1,0,ok-sos006,2015,Ullern,I alt,18-29,antall personer,31
EliminatedValue,11,30106,0,2,0,ok-sos006,2015,Ullern,I alt,30-39,antall personer,44
EliminatedValue,11,30106,0,3,0,ok-sos006,2015,Ullern,I alt,40-49,antall personer,110
EliminatedValue,11,30106,0,4,0,ok-sos006,2015,Ullern,I alt,50-59,antall personer,272
EliminatedValue,11,30106,0,5,0,ok-sos006,2015,Ullern,I alt,60-67,antall personer,335
EliminatedValue,11,30106,1,0,0,ok-sos006,2015,Ullern,Kvinner,I alt,antall personer,523
EliminatedValue,11,30106,1,1,0,ok-sos006,2015,Ullern,Kvinner,18-29,antall personer,15
EliminatedValue,11,30106,1,2,0,ok-sos006,2015,Ullern,Kvinner,30-39,antall personer,18
EliminatedValue,11,30106,1,3,0,ok-sos006,2015,Ullern,Kvinner,40-49,antall personer,68
EliminatedValue,11,30106,1,4,0,ok-sos006,2015,Ullern,Kvinner,50-59,antall personer,179
EliminatedValue,11,30106,1,5,0,ok-sos006,2015,Ullern,Kvinner,60-67,antall personer,243
EliminatedValue,11,30106,2,0,0,ok-sos006,2015,Ullern,Menn,I alt,antall personer,269
EliminatedValue,11,30106,2,1,0,ok-sos006,2015,Ullern,Menn,18-29,antall personer,16
EliminatedValue,11,30106,2,2,0,ok-sos006,2015,Ullern,Menn,30-39,antall personer,26
EliminatedValue,11,30106,2,3,0,ok-sos006,2015,Ullern,Menn,40-49,antall personer,42
EliminatedValue,11,30106,2,4,0,ok-sos006,2015,Ullern,Menn,50-59,antall personer,93
EliminatedValue,11,30106,2,5,0,ok-sos006,2015,Ullern,Menn,60-67,antall personer,92
EliminatedValue,11,30107,0,0,0,ok-sos006,2015,Vestre Aker,I alt,I alt,antall personer,1134
EliminatedValue,11,30107,0,1,0,ok-sos006,2015,Vestre Aker,I alt,18-29,antall personer,55
EliminatedValue,11,30107,0,2,0,ok-sos006,2015,Vestre Aker,I alt,30-39,antall personer,76
EliminatedValue,11,30107,0,3,0,ok-sos006,2015,Vestre Aker,I alt,40-49,antall personer,166
EliminatedValue,11,30107,0,4,0,ok-sos006,2015,Vestre Aker,I alt,50-59,antall personer,366
EliminatedValue,11,30107,0,5,0,ok-sos006,2015,Vestre Aker,I alt,60-67,antall personer,471
EliminatedValue,11,30107,1,0,0,ok-sos006,2015,Vestre Aker,Kvinner,I alt,antall personer,714
EliminatedValue,11,30107,1,1,0,ok-sos006,2015,Vestre Aker,Kvinner,18-29,antall personer,28
EliminatedValue,11,30107,1,2,0,ok-sos006,2015,Vestre Aker,Kvinner,30-39,antall personer,41
EliminatedValue,11,30107,1,3,0,ok-sos006,2015,Vestre Aker,Kvinner,40-49,antall personer,99
EliminatedValue,11,30107,1,4,0,ok-sos006,2015,Vestre Aker,Kvinner,50-59,antall personer,231
EliminatedValue,11,30107,1,5,0,ok-sos006,2015,Vestre Aker,Kvinner,60-67,antall personer,315
EliminatedValue,11,30107,2,0,0,ok-sos006,2015,Vestre Aker,Menn,I alt,antall personer,420
EliminatedValue,11,30107,2,1,0,ok-sos006,2015,Vestre Aker,Menn,18-29,antall personer,27
EliminatedValue,11,30107,2,2,0,ok-sos006,2015,Vestre Aker,Menn,30-39,antall personer,35
EliminatedValue,11,30107,2,3,0,ok-sos006,2015,Vestre Aker,Menn,40-49,antall personer,67
EliminatedValue,11,30107,2,4,0,ok-sos006,2015,Vestre Aker,Menn,50-59,antall personer,135
EliminatedValue,11,30107,2,5,0,ok-sos006,2015,Vestre Aker,Menn,60-67,antall personer,156
EliminatedValue,11,30108,0,0,0,ok-sos006,2015,Nordre Aker,I alt,I alt,antall personer,1137
EliminatedValue,11,30108,0,1,0,ok-sos006,2015,Nordre Aker,I alt,18-29,antall personer,54
EliminatedValue,11,30108,0,2,0,ok-sos006,2015,Nordre Aker,I alt,30-39,antall personer,85
EliminatedValue,11,30108,0,3,0,ok-sos006,2015,Nordre Aker,I alt,40-49,antall personer,201
EliminatedValue,11,30108,0,4,0,ok-sos006,2015,Nordre Aker,I alt,50-59,antall personer,349
EliminatedValue,11,30108,0,5,0,ok-sos006,2015,Nordre Aker,I alt,60-67,antall personer,448
EliminatedValue,11,30108,1,0,0,ok-sos006,2015,Nordre Aker,Kvinner,I alt,antall personer,668
EliminatedValue,11,30108,1,1,0,ok-sos006,2015,Nordre Aker,Kvinner,18-29,antall personer,27
EliminatedValue,11,30108,1,2,0,ok-sos006,2015,Nordre Aker,Kvinner,30-39,antall personer,39
EliminatedValue,11,30108,1,3,0,ok-sos006,2015,Nordre Aker,Kvinner,40-49,antall personer,111
EliminatedValue,11,30108,1,4,0,ok-sos006,2015,Nordre Aker,Kvinner,50-59,antall personer,206
EliminatedValue,11,30108,1,5,0,ok-sos006,2015,Nordre Aker,Kvinner,60-67,antall personer,285
EliminatedValue,11,30108,2,0,0,ok-sos006,2015,Nordre Aker,Menn,I alt,antall personer,469
EliminatedValue,11,30108,2,1,0,ok-sos006,2015,Nordre Aker,Menn,18-29,antall personer,27
EliminatedValue,11,30108,2,2,0,ok-sos006,2015,Nordre Aker,Menn,30-39,antall personer,46
EliminatedValue,11,30108,2,3,0,ok-sos006,2015,Nordre Aker,Menn,40-49,antall personer,90
EliminatedValue,11,30108,2,4,0,ok-sos006,2015,Nordre Aker,Menn,50-59,antall personer,143
EliminatedValue,11,30108,2,5,0,ok-sos006,2015,Nordre Aker,Menn,60-67,antall personer,163
EliminatedValue,11,30109,0,0,0,ok-sos006,2015,Bjerke,I alt,I alt,antall personer,1109
EliminatedValue,11,30109,0,1,0,ok-sos006,2015,Bjerke,I alt,18-29,antall personer,43
EliminatedValue,11,30109,0,2,0,ok-sos006,2015,Bjerke,I alt,30-39,antall personer,72
EliminatedValue,11,30109,0,3,0,ok-sos006,2015,Bjerke,I alt,40-49,antall personer,177
EliminatedValue,11,30109,0,4,0,ok-sos006,2015,Bjerke,I alt,50-59,antall personer,385
EliminatedValue,11,30109,0,5,0,ok-sos006,2015,Bjerke,I alt,60-67,antall personer,432
EliminatedValue,11,30109,1,0,0,ok-sos006,2015,Bjerke,Kvinner,I alt,antall personer,614
EliminatedValue,11,30109,1,1,0,ok-sos006,2015,Bjerke,Kvinner,18-29,antall personer,19
EliminatedValue,11,30109,1,2,0,ok-sos006,2015,Bjerke,Kvinner,30-39,antall personer,39
EliminatedValue,11,30109,1,3,0,ok-sos006,2015,Bjerke,Kvinner,40-49,antall personer,95
EliminatedValue,11,30109,1,4,0,ok-sos006,2015,Bjerke,Kvinner,50-59,antall personer,212
EliminatedValue,11,30109,1,5,0,ok-sos006,2015,Bjerke,Kvinner,60-67,antall personer,249
EliminatedValue,11,30109,2,0,0,ok-sos006,2015,Bjerke,Menn,I alt,antall personer,495
EliminatedValue,11,30109,2,1,0,ok-sos006,2015,Bjerke,Menn,18-29,antall personer,24
EliminatedValue,11,30109,2,2,0,ok-sos006,2015,Bjerke,Menn,30-39,antall personer,33
EliminatedValue,11,30109,2,3,0,ok-sos006,2015,Bjerke,Menn,40-49,antall personer,82
EliminatedValue,11,30109,2,4,0,ok-sos006,2015,Bjerke,Menn,50-59,antall personer,173
EliminatedValue,11,30109,2,5,0,ok-sos006,2015,Bjerke,Menn,60-67,antall personer,183
EliminatedValue,11,30110,0,0,0,ok-sos006,2015,Grorud,I alt,I alt,antall personer,1651
EliminatedValue,11,30110,0,1,0,ok-sos006,2015,Grorud,I alt,18-29,antall personer,76
EliminatedValue,11,30110,0,2,0,ok-sos006,2015,Grorud,I alt,30-39,antall personer,91
EliminatedValue,11,30110,0,3,0,ok-sos006,2015,Grorud,I alt,40-49,antall personer,286
EliminatedValue,11,30110,0,4,0,ok-sos006,2015,Grorud,I alt,50-59,antall personer,617
EliminatedValue,11,30110,0,5,0,ok-sos006,2015,Grorud,I alt,60-67,antall personer,581
EliminatedValue,11,30110,1,0,0,ok-sos006,2015,Grorud,Kvinner,I alt,antall personer,922
EliminatedValue,11,30110,1,1,0,ok-sos006,2015,Grorud,Kvinner,18-29,antall personer,34
EliminatedValue,11,30110,1,2,0,ok-sos006,2015,Grorud,Kvinner,30-39,antall personer,39
EliminatedValue,11,30110,1,3,0,ok-sos006,2015,Grorud,Kvinner,40-49,antall personer,168
EliminatedValue,11,30110,1,4,0,ok-sos006,2015,Grorud,Kvinner,50-59,antall personer,343
EliminatedValue,11,30110,1,5,0,ok-sos006,2015,Grorud,Kvinner,60-67,antall personer,338
EliminatedValue,11,30110,2,0,0,ok-sos006,2015,Grorud,Menn,I alt,antall personer,729
EliminatedValue,11,30110,2,1,0,ok-sos006,2015,Grorud,Menn,18-29,antall personer,42
EliminatedValue,11,30110,2,2,0,ok-sos006,2015,Grorud,Menn,30-39,antall personer,52
EliminatedValue,11,30110,2,3,0,ok-sos006,2015,Grorud,Menn,40-49,antall personer,118
EliminatedValue,11,30110,2,4,0,ok-sos006,2015,Grorud,Menn,50-59,antall personer,274
EliminatedValue,11,30110,2,5,0,ok-sos006,2015,Grorud,Menn,60-67,antall personer,243
EliminatedValue,11,30111,0,0,0,ok-sos006,2015,Stovner,I alt,I alt,antall personer,1915
EliminatedValue,11,30111,0,1,0,ok-sos006,2015,Stovner,I alt,18-29,antall personer,73
EliminatedValue,11,30111,0,2,0,ok-sos006,2015,Stovner,I alt,30-39,antall personer,109
EliminatedValue,11,30111,0,3,0,ok-sos006,2015,Stovner,I alt,40-49,antall personer,373
EliminatedValue,11,30111,0,4,0,ok-sos006,2015,Stovner,I alt,50-59,antall personer,662
EliminatedValue,11,30111,0,5,0,ok-sos006,2015,Stovner,I alt,60-67,antall personer,698
EliminatedValue,11,30111,1,0,0,ok-sos006,2015,Stovner,Kvinner,I alt,antall personer,1050
EliminatedValue,11,30111,1,1,0,ok-sos006,2015,Stovner,Kvinner,18-29,antall personer,30
EliminatedValue,11,30111,1,2,0,ok-sos006,2015,Stovner,Kvinner,30-39,antall personer,53
EliminatedValue,11,30111,1,3,0,ok-sos006,2015,Stovner,Kvinner,40-49,antall personer,209
EliminatedValue,11,30111,1,4,0,ok-sos006,2015,Stovner,Kvinner,50-59,antall personer,362
EliminatedValue,11,30111,1,5,0,ok-sos006,2015,Stovner,Kvinner,60-67,antall personer,396
EliminatedValue,11,30111,2,0,0,ok-sos006,2015,Stovner,Menn,I alt,antall personer,865
EliminatedValue,11,30111,2,1,0,ok-sos006,2015,Stovner,Menn,18-29,antall personer,43
EliminatedValue,11,30111,2,2,0,ok-sos006,2015,Stovner,Menn,30-39,antall personer,56
EliminatedValue,11,30111,2,3,0,ok-sos006,2015,Stovner,Menn,40-49,antall personer,164
EliminatedValue,11,30111,2,4,0,ok-sos006,2015,Stovner,Menn,50-59,antall personer,300
EliminatedValue,11,30111,2,5,0,ok-sos006,2015,Stovner,Menn,60-67,antall personer,302
EliminatedValue,11,30112,0,0,0,ok-sos006,2015,Alna,I alt,I alt,antall personer,2934
EliminatedValue,11,30112,0,1,0,ok-sos006,2015,Alna,I alt,18-29,antall personer,132
EliminatedValue,11,30112,0,2,0,ok-sos006,2015,Alna,I alt,30-39,antall personer,150
EliminatedValue,11,30112,0,3,0,ok-sos006,2015,Alna,I alt,40-49,antall personer,514
EliminatedValue,11,30112,0,4,0,ok-sos006,2015,Alna,I alt,50-59,antall personer,1036
EliminatedValue,11,30112,0,5,0,ok-sos006,2015,Alna,I alt,60-67,antall personer,1102
EliminatedValue,11,30112,1,0,0,ok-sos006,2015,Alna,Kvinner,I alt,antall personer,1629
EliminatedValue,11,30112,1,1,0,ok-sos006,2015,Alna,Kvinner,18-29,antall personer,52
EliminatedValue,11,30112,1,2,0,ok-sos006,2015,Alna,Kvinner,30-39,antall personer,66
EliminatedValue,11,30112,1,3,0,ok-sos006,2015,Alna,Kvinner,40-49,antall personer,300
EliminatedValue,11,30112,1,4,0,ok-sos006,2015,Alna,Kvinner,50-59,antall personer,572
EliminatedValue,11,30112,1,5,0,ok-sos006,2015,Alna,Kvinner,60-67,antall personer,639
EliminatedValue,11,30112,2,0,0,ok-sos006,2015,Alna,Menn,I alt,antall personer,1305
EliminatedValue,11,30112,2,1,0,ok-sos006,2015,Alna,Menn,18-29,antall personer,80
EliminatedValue,11,30112,2,2,0,ok-sos006,2015,Alna,Menn,30-39,antall personer,84
EliminatedValue,11,30112,2,3,0,ok-sos006,2015,Alna,Menn,40-49,antall personer,214
EliminatedValue,11,30112,2,4,0,ok-sos006,2015,Alna,Menn,50-59,antall personer,464
EliminatedValue,11,30112,2,5,0,ok-sos006,2015,Alna,Menn,60-67,antall personer,463
EliminatedValue,11,30113,0,0,0,ok-sos006,2015,Østensjø,I alt,I alt,antall personer,2100
EliminatedValue,11,30113,0,1,0,ok-sos006,2015,Østensjø,I alt,18-29,antall personer,48
EliminatedValue,11,30113,0,2,0,ok-sos006,2015,Østensjø,I alt,30-39,antall personer,93
EliminatedValue,11,30113,0,3,0,ok-sos006,2015,Østensjø,I alt,40-49,antall personer,353
EliminatedValue,11,30113,0,4,0,ok-sos006,2015,Østensjø,I alt,50-59,antall personer,890
EliminatedValue,11,30113,0,5,0,ok-sos006,2015,Østensjø,I alt,60-67,antall personer,716
EliminatedValue,11,30113,1,0,0,ok-sos006,2015,Østensjø,Kvinner,I alt,antall personer,1286
EliminatedValue,11,30113,1,1,0,ok-sos006,2015,Østensjø,Kvinner,18-29,antall personer,23
EliminatedValue,11,30113,1,2,0,ok-sos006,2015,Østensjø,Kvinner,30-39,antall personer,52
EliminatedValue,11,30113,1,3,0,ok-sos006,2015,Østensjø,Kvinner,40-49,antall personer,219
EliminatedValue,11,30113,1,4,0,ok-sos006,2015,Østensjø,Kvinner,50-59,antall personer,558
EliminatedValue,11,30113,1,5,0,ok-sos006,2015,Østensjø,Kvinner,60-67,antall personer,434
EliminatedValue,11,30113,2,0,0,ok-sos006,2015,Østensjø,Menn,I alt,antall personer,814
EliminatedValue,11,30113,2,1,0,ok-sos006,2015,Østensjø,Menn,18-29,antall personer,25
EliminatedValue,11,30113,2,2,0,ok-sos006,2015,Østensjø,Menn,30-39,antall personer,41
EliminatedValue,11,30113,2,3,0,ok-sos006,2015,Østensjø,Menn,40-49,antall personer,134
EliminatedValue,11,30113,2,4,0,ok-sos006,2015,Østensjø,Menn,50-59,antall personer,332
EliminatedValue,11,30113,2,5,0,ok-sos006,2015,Østensjø,Menn,60-67,antall personer,282
EliminatedValue,11,30114,0,0,0,ok-sos006,2015,Nordstrand,I alt,I alt,antall personer,1523
EliminatedValue,11,30114,0,1,0,ok-sos006,2015,Nordstrand,I alt,18-29,antall personer,62
EliminatedValue,11,30114,0,2,0,ok-sos006,2015,Nordstrand,I alt,30-39,antall personer,79
EliminatedValue,11,30114,0,3,0,ok-sos006,2015,Nordstrand,I alt,40-49,antall personer,230
EliminatedValue,11,30114,0,4,0,ok-sos006,2015,Nordstrand,I alt,50-59,antall personer,535
EliminatedValue,11,30114,0,5,0,ok-sos006,2015,Nordstrand,I alt,60-67,antall personer,617
EliminatedValue,11,30114,1,0,0,ok-sos006,2015,Nordstrand,Kvinner,I alt,antall personer,957
EliminatedValue,11,30114,1,1,0,ok-sos006,2015,Nordstrand,Kvinner,18-29,antall personer,26
EliminatedValue,11,30114,1,2,0,ok-sos006,2015,Nordstrand,Kvinner,30-39,antall personer,38
EliminatedValue,11,30114,1,3,0,ok-sos006,2015,Nordstrand,Kvinner,40-49,antall personer,145
EliminatedValue,11,30114,1,4,0,ok-sos006,2015,Nordstrand,Kvinner,50-59,antall personer,352
EliminatedValue,11,30114,1,5,0,ok-sos006,2015,Nordstrand,Kvinner,60-67,antall personer,396
EliminatedValue,11,30114,2,0,0,ok-sos006,2015,Nordstrand,Menn,I alt,antall personer,566
EliminatedValue,11,30114,2,1,0,ok-sos006,2015,Nordstrand,Menn,18-29,antall personer,36
EliminatedValue,11,30114,2,2,0,ok-sos006,2015,Nordstrand,Menn,30-39,antall personer,41
EliminatedValue,11,30114,2,3,0,ok-sos006,2015,Nordstrand,Menn,40-49,antall personer,85
EliminatedValue,11,30114,2,4,0,ok-sos006,2015,Nordstrand,Menn,50-59,antall personer,183
EliminatedValue,11,30114,2,5,0,ok-sos006,2015,Nordstrand,Menn,60-67,antall personer,221
EliminatedValue,11,30115,0,0,0,ok-sos006,2015,Søndre Nordstrand,I alt,I alt,antall personer,2106
EliminatedValue,11,30115,0,1,0,ok-sos006,2015,Søndre Nordstrand,I alt,18-29,antall personer,95
EliminatedValue,11,30115,0,2,0,ok-sos006,2015,Søndre Nordstrand,I alt,30-39,antall personer,138
EliminatedValue,11,30115,0,3,0,ok-sos006,2015,Søndre Nordstrand,I alt,40-49,antall personer,340
EliminatedValue,11,30115,0,4,0,ok-sos006,2015,Søndre Nordstrand,I alt,50-59,antall personer,828
EliminatedValue,11,30115,0,5,0,ok-sos006,2015,Søndre Nordstrand,I alt,60-67,antall personer,705
EliminatedValue,11,30115,1,0,0,ok-sos006,2015,Søndre Nordstrand,Kvinner,I alt,antall personer,1194
EliminatedValue,11,30115,1,1,0,ok-sos006,2015,Søndre Nordstrand,Kvinner,18-29,antall personer,44
EliminatedValue,11,30115,1,2,0,ok-sos006,2015,Søndre Nordstrand,Kvinner,30-39,antall personer,53
EliminatedValue,11,30115,1,3,0,ok-sos006,2015,Søndre Nordstrand,Kvinner,40-49,antall personer,196
EliminatedValue,11,30115,1,4,0,ok-sos006,2015,Søndre Nordstrand,Kvinner,50-59,antall personer,511
EliminatedValue,11,30115,1,5,0,ok-sos006,2015,Søndre Nordstrand,Kvinner,60-67,antall personer,390
EliminatedValue,11,30115,2,0,0,ok-sos006,2015,Søndre Nordstrand,Menn,I alt,antall personer,912
EliminatedValue,11,30115,2,1,0,ok-sos006,2015,Søndre Nordstrand,Menn,18-29,antall personer,51
EliminatedValue,11,30115,2,2,0,ok-sos006,2015,Søndre Nordstrand,Menn,30-39,antall personer,85
EliminatedValue,11,30115,2,3,0,ok-sos006,2015,Søndre Nordstrand,Menn,40-49,antall personer,144
EliminatedValue,11,30115,2,4,0,ok-sos006,2015,Søndre Nordstrand,Menn,50-59,antall personer,317
EliminatedValue,11,30115,2,5,0,ok-sos006,2015,Søndre Nordstrand,Menn,60-67,antall personer,315
EliminatedValue,11,30199,0,0,0,ok-sos006,2015,Uten registrert adresse,I alt,I alt,antall personer,
EliminatedValue,11,30199,0,1,0,ok-sos006,2015,Uten registrert adresse,I alt,18-29,antall personer,
EliminatedValue,11,30199,0,2,0,ok-sos006,2015,Uten registrert adresse,I alt,30-39,antall personer,
EliminatedValue,11,30199,0,3,0,ok-sos006,2015,Uten registrert adresse,I alt,40-49,antall personer,
EliminatedValue,11,30199,0,4,0,ok-sos006,2015,Uten registrert adresse,I alt,50-59,antall personer,
EliminatedValue,11,30199,0,5,0,ok-sos006,2015,Uten registrert adresse,I alt,60-67,antall personer,
EliminatedValue,11,30199,1,0,0,ok-sos006,2015,Uten registrert adresse,Kvinner,I alt,antall personer,
EliminatedValue,11,30199,1,1,0,ok-sos006,2015,Uten registrert adresse,Kvinner,18-29,antall personer,
EliminatedValue,11,30199,1,2,0,ok-sos006,2015,Uten registrert adresse,Kvinner,30-39,antall personer,
EliminatedValue,11,30199,1,3,0,ok-sos006,2015,Uten registrert adresse,Kvinner,40-49,antall personer,
EliminatedValue,11,30199,1,4,0,ok-sos006,2015,Uten registrert adresse,Kvinner,50-59,antall personer,
EliminatedValue,11,30199,1,5,0,ok-sos006,2015,Uten registrert adresse,Kvinner,60-67,antall personer,
EliminatedValue,11,30199,2,0,0,ok-sos006,2015,Uten registrert adresse,Menn,I alt,antall personer,
EliminatedValue,11,30199,2,1,0,ok-sos006,2015,Uten registrert adresse,Menn,18-29,antall personer,
EliminatedValue,11,30199,2,2,0,ok-sos006,2015,Uten registrert adresse,Menn,30-39,antall personer,
EliminatedValue,11,30199,2,3,0,ok-sos006,2015,Uten registrert adresse,Menn,40-49,antall personer,
EliminatedValue,11,30199,2,4,0,ok-sos006,2015,Uten registrert adresse,Menn,50-59,antall personer,
EliminatedValue,11,30199,2,5,0,ok-sos006,2015,Uten registrert adresse,Menn,60-67,antall personer,
EliminatedValue,11,30118195,0,0,0,ok-sos006,2015,Ukjent bydel,I alt,I alt,antall personer,
EliminatedValue,11,30118195,0,1,0,ok-sos006,2015,Ukjent bydel,I alt,18-29,antall personer,
EliminatedValue,11,30118195,0,2,0,ok-sos006,2015,Ukjent bydel,I alt,30-39,antall personer,
EliminatedValue,11,30118195,0,3,0,ok-sos006,2015,Ukjent bydel,I alt,40-49,antall personer,
EliminatedValue,11,30118195,0,4,0,ok-sos006,2015,Ukjent bydel,I alt,50-59,antall personer,
EliminatedValue,11,30118195,0,5,0,ok-sos006,2015,Ukjent bydel,I alt,60-67,antall personer,
EliminatedValue,11,30118195,1,0,0,ok-sos006,2015,Ukjent bydel,Kvinner,I alt,antall personer,
EliminatedValue,11,30118195,1,1,0,ok-sos006,2015,Ukjent bydel,Kvinner,18-29,antall personer,
EliminatedValue,11,30118195,1,2,0,ok-sos006,2015,Ukjent bydel,Kvinner,30-39,antall personer,
EliminatedValue,11,30118195,1,3,0,ok-sos006,2015,Ukjent bydel,Kvinner,40-49,antall personer,
EliminatedValue,11,30118195,1,4,0,ok-sos006,2015,Ukjent bydel,Kvinner,50-59,antall personer,
EliminatedValue,11,30118195,1,5,0,ok-sos006,2015,Ukjent bydel,Kvinner,60-67,antall personer,
EliminatedValue,11,30118195,2,0,0,ok-sos006,2015,Ukjent bydel,Menn,I alt,antall personer,
EliminatedValue,11,30118195,2,1,0,ok-sos006,2015,Ukjent bydel,Menn,18-29,antall personer,
EliminatedValue,11,30118195,2,2,0,ok-sos006,2015,Ukjent bydel,Menn,30-39,antall personer,
EliminatedValue,11,30118195,2,3,0,ok-sos006,2015,Ukjent bydel,Menn,40-49,antall personer,
EliminatedValue,11,30118195,2,4,0,ok-sos006,2015,Ukjent bydel,Menn,50-59,antall personer,
EliminatedValue,11,30118195,2,5,0,ok-sos006,2015,Ukjent bydel,Menn,60-67,antall personer,
EliminatedValue,12,301,0,0,0,ok-sos006,2016,Oslo i alt,I alt,I alt,antall personer,24014
EliminatedValue,12,301,0,1,0,ok-sos006,2016,Oslo i alt,I alt,18-29,antall personer,952
EliminatedValue,12,301,0,2,0,ok-sos006,2016,Oslo i alt,I alt,30-39,antall personer,1508
EliminatedValue,12,301,0,3,0,ok-sos006,2016,Oslo i alt,I alt,40-49,antall personer,4092
EliminatedValue,12,301,0,4,0,ok-sos006,2016,Oslo i alt,I alt,50-59,antall personer,8739
EliminatedValue,12,301,0,5,0,ok-sos006,2016,Oslo i alt,I alt,60-67,antall personer,8723
EliminatedValue,12,301,1,0,0,ok-sos006,2016,Oslo i alt,Kvinner,I alt,antall personer,13496
EliminatedValue,12,301,1,1,0,ok-sos006,2016,Oslo i alt,Kvinner,18-29,antall personer,416
EliminatedValue,12,301,1,2,0,ok-sos006,2016,Oslo i alt,Kvinner,30-39,antall personer,722
EliminatedValue,12,301,1,3,0,ok-sos006,2016,Oslo i alt,Kvinner,40-49,antall personer,2267
EliminatedValue,12,301,1,4,0,ok-sos006,2016,Oslo i alt,Kvinner,50-59,antall personer,4954
EliminatedValue,12,301,1,5,0,ok-sos006,2016,Oslo i alt,Kvinner,60-67,antall personer,5137
EliminatedValue,12,301,2,0,0,ok-sos006,2016,Oslo i alt,Menn,I alt,antall personer,10518
EliminatedValue,12,301,2,1,0,ok-sos006,2016,Oslo i alt,Menn,18-29,antall personer,536
EliminatedValue,12,301,2,2,0,ok-sos006,2016,Oslo i alt,Menn,30-39,antall personer,786
EliminatedValue,12,301,2,3,0,ok-sos006,2016,Oslo i alt,Menn,40-49,antall personer,1825
EliminatedValue,12,301,2,4,0,ok-sos006,2016,Oslo i alt,Menn,50-59,antall personer,3785
EliminatedValue,12,301,2,5,0,ok-sos006,2016,Oslo i alt,Menn,60-67,antall personer,3586
EliminatedValue,12,30101,0,0,0,ok-sos006,2016,Gamle Oslo,I alt,I alt,antall personer,2102
EliminatedValue,12,30101,0,1,0,ok-sos006,2016,Gamle Oslo,I alt,18-29,antall personer,47
EliminatedValue,12,30101,0,2,0,ok-sos006,2016,Gamle Oslo,I alt,30-39,antall personer,140
EliminatedValue,12,30101,0,3,0,ok-sos006,2016,Gamle Oslo,I alt,40-49,antall personer,394
EliminatedValue,12,30101,0,4,0,ok-sos006,2016,Gamle Oslo,I alt,50-59,antall personer,785
EliminatedValue,12,30101,0,5,0,ok-sos006,2016,Gamle Oslo,I alt,60-67,antall personer,736
EliminatedValue,12,30101,1,0,0,ok-sos006,2016,Gamle Oslo,Kvinner,I alt,antall personer,1041
EliminatedValue,12,30101,1,1,0,ok-sos006,2016,Gamle Oslo,Kvinner,18-29,antall personer,26
EliminatedValue,12,30101,1,2,0,ok-sos006,2016,Gamle Oslo,Kvinner,30-39,antall personer,62
EliminatedValue,12,30101,1,3,0,ok-sos006,2016,Gamle Oslo,Kvinner,40-49,antall personer,181
EliminatedValue,12,30101,1,4,0,ok-sos006,2016,Gamle Oslo,Kvinner,50-59,antall personer,379
EliminatedValue,12,30101,1,5,0,ok-sos006,2016,Gamle Oslo,Kvinner,60-67,antall personer,393
EliminatedValue,12,30101,2,0,0,ok-sos006,2016,Gamle Oslo,Menn,I alt,antall personer,1061
EliminatedValue,12,30101,2,1,0,ok-sos006,2016,Gamle Oslo,Menn,18-29,antall personer,21
EliminatedValue,12,30101,2,2,0,ok-sos006,2016,Gamle Oslo,Menn,30-39,antall personer,78
EliminatedValue,12,30101,2,3,0,ok-sos006,2016,Gamle Oslo,Menn,40-49,antall personer,213
EliminatedValue,12,30101,2,4,0,ok-sos006,2016,Gamle Oslo,Menn,50-59,antall personer,406
EliminatedValue,12,30101,2,5,0,ok-sos006,2016,Gamle Oslo,Menn,60-67,antall personer,343
EliminatedValue,12,30102,0,0,0,ok-sos006,2016,Grünerløkka,I alt,I alt,antall personer,1704
EliminatedValue,12,30102,0,1,0,ok-sos006,2016,Grünerløkka,I alt,18-29,antall personer,51
EliminatedValue,12,30102,0,2,0,ok-sos006,2016,Grünerløkka,I alt,30-39,antall personer,119
EliminatedValue,12,30102,0,3,0,ok-sos006,2016,Grünerløkka,I alt,40-49,antall personer,321
EliminatedValue,12,30102,0,4,0,ok-sos006,2016,Grünerløkka,I alt,50-59,antall personer,638
EliminatedValue,12,30102,0,5,0,ok-sos006,2016,Grünerløkka,I alt,60-67,antall personer,575
EliminatedValue,12,30102,1,0,0,ok-sos006,2016,Grünerløkka,Kvinner,I alt,antall personer,852
EliminatedValue,12,30102,1,1,0,ok-sos006,2016,Grünerløkka,Kvinner,18-29,antall personer,20
EliminatedValue,12,30102,1,2,0,ok-sos006,2016,Grünerløkka,Kvinner,30-39,antall personer,55
EliminatedValue,12,30102,1,3,0,ok-sos006,2016,Grünerløkka,Kvinner,40-49,antall personer,141
EliminatedValue,12,30102,1,4,0,ok-sos006,2016,Grünerløkka,Kvinner,50-59,antall personer,316
EliminatedValue,12,30102,1,5,0,ok-sos006,2016,Grünerløkka,Kvinner,60-67,antall personer,320
EliminatedValue,12,30102,2,0,0,ok-sos006,2016,Grünerløkka,Menn,I alt,antall personer,852
EliminatedValue,12,30102,2,1,0,ok-sos006,2016,Grünerløkka,Menn,18-29,antall personer,31
EliminatedValue,12,30102,2,2,0,ok-sos006,2016,Grünerløkka,Menn,30-39,antall personer,64
EliminatedValue,12,30102,2,3,0,ok-sos006,2016,Grünerløkka,Menn,40-49,antall personer,180
EliminatedValue,12,30102,2,4,0,ok-sos006,2016,Grünerløkka,Menn,50-59,antall personer,322
EliminatedValue,12,30102,2,5,0,ok-sos006,2016,Grünerløkka,Menn,60-67,antall personer,255
EliminatedValue,12,30103,0,0,0,ok-sos006,2016,Sagene,I alt,I alt,antall personer,1564
EliminatedValue,12,30103,0,1,0,ok-sos006,2016,Sagene,I alt,18-29,antall personer,61
EliminatedValue,12,30103,0,2,0,ok-sos006,2016,Sagene,I alt,30-39,antall personer,105
EliminatedValue,12,30103,0,3,0,ok-sos006,2016,Sagene,I alt,40-49,antall personer,266
EliminatedValue,12,30103,0,4,0,ok-sos006,2016,Sagene,I alt,50-59,antall personer,588
EliminatedValue,12,30103,0,5,0,ok-sos006,2016,Sagene,I alt,60-67,antall personer,544
EliminatedValue,12,30103,1,0,0,ok-sos006,2016,Sagene,Kvinner,I alt,antall personer,759
EliminatedValue,12,30103,1,1,0,ok-sos006,2016,Sagene,Kvinner,18-29,antall personer,24
EliminatedValue,12,30103,1,2,0,ok-sos006,2016,Sagene,Kvinner,30-39,antall personer,42
EliminatedValue,12,30103,1,3,0,ok-sos006,2016,Sagene,Kvinner,40-49,antall personer,127
EliminatedValue,12,30103,1,4,0,ok-sos006,2016,Sagene,Kvinner,50-59,antall personer,286
EliminatedValue,12,30103,1,5,0,ok-sos006,2016,Sagene,Kvinner,60-67,antall personer,280
EliminatedValue,12,30103,2,0,0,ok-sos006,2016,Sagene,Menn,I alt,antall personer,805
EliminatedValue,12,30103,2,1,0,ok-sos006,2016,Sagene,Menn,18-29,antall personer,37
EliminatedValue,12,30103,2,2,0,ok-sos006,2016,Sagene,Menn,30-39,antall personer,63
EliminatedValue,12,30103,2,3,0,ok-sos006,2016,Sagene,Menn,40-49,antall personer,139
EliminatedValue,12,30103,2,4,0,ok-sos006,2016,Sagene,Menn,50-59,antall personer,302
EliminatedValue,12,30103,2,5,0,ok-sos006,2016,Sagene,Menn,60-67,antall personer,264
EliminatedValue,12,30104,0,0,0,ok-sos006,2016,St. Hanshaugen,I alt,I alt,antall personer,905
EliminatedValue,12,30104,0,1,0,ok-sos006,2016,St. Hanshaugen,I alt,18-29,antall personer,30
EliminatedValue,12,30104,0,2,0,ok-sos006,2016,St. Hanshaugen,I alt,30-39,antall personer,76
EliminatedValue,12,30104,0,3,0,ok-sos006,2016,St. Hanshaugen,I alt,40-49,antall personer,174
EliminatedValue,12,30104,0,4,0,ok-sos006,2016,St. Hanshaugen,I alt,50-59,antall personer,295
EliminatedValue,12,30104,0,5,0,ok-sos006,2016,St. Hanshaugen,I alt,60-67,antall personer,330
EliminatedValue,12,30104,1,0,0,ok-sos006,2016,St. Hanshaugen,Kvinner,I alt,antall personer,486
EliminatedValue,12,30104,1,1,0,ok-sos006,2016,St. Hanshaugen,Kvinner,18-29,antall personer,11
EliminatedValue,12,30104,1,2,0,ok-sos006,2016,St. Hanshaugen,Kvinner,30-39,antall personer,37
EliminatedValue,12,30104,1,3,0,ok-sos006,2016,St. Hanshaugen,Kvinner,40-49,antall personer,99
EliminatedValue,12,30104,1,4,0,ok-sos006,2016,St. Hanshaugen,Kvinner,50-59,antall personer,167
EliminatedValue,12,30104,1,5,0,ok-sos006,2016,St. Hanshaugen,Kvinner,60-67,antall personer,172
EliminatedValue,12,30104,2,0,0,ok-sos006,2016,St. Hanshaugen,Menn,I alt,antall personer,419
EliminatedValue,12,30104,2,1,0,ok-sos006,2016,St. Hanshaugen,Menn,18-29,antall personer,19
EliminatedValue,12,30104,2,2,0,ok-sos006,2016,St. Hanshaugen,Menn,30-39,antall personer,39
EliminatedValue,12,30104,2,3,0,ok-sos006,2016,St. Hanshaugen,Menn,40-49,antall personer,75
EliminatedValue,12,30104,2,4,0,ok-sos006,2016,St. Hanshaugen,Menn,50-59,antall personer,128
EliminatedValue,12,30104,2,5,0,ok-sos006,2016,St. Hanshaugen,Menn,60-67,antall personer,158
EliminatedValue,12,30105,0,0,0,ok-sos006,2016,Frogner,I alt,I alt,antall personer,1434
EliminatedValue,12,30105,0,1,0,ok-sos006,2016,Frogner,I alt,18-29,antall personer,41
EliminatedValue,12,30105,0,2,0,ok-sos006,2016,Frogner,I alt,30-39,antall personer,96
EliminatedValue,12,30105,0,3,0,ok-sos006,2016,Frogner,I alt,40-49,antall personer,243
EliminatedValue,12,30105,0,4,0,ok-sos006,2016,Frogner,I alt,50-59,antall personer,495
EliminatedValue,12,30105,0,5,0,ok-sos006,2016,Frogner,I alt,60-67,antall personer,559
EliminatedValue,12,30105,1,0,0,ok-sos006,2016,Frogner,Kvinner,I alt,antall personer,844
EliminatedValue,12,30105,1,1,0,ok-sos006,2016,Frogner,Kvinner,18-29,antall personer,19
EliminatedValue,12,30105,1,2,0,ok-sos006,2016,Frogner,Kvinner,30-39,antall personer,59
EliminatedValue,12,30105,1,3,0,ok-sos006,2016,Frogner,Kvinner,40-49,antall personer,134
EliminatedValue,12,30105,1,4,0,ok-sos006,2016,Frogner,Kvinner,50-59,antall personer,290
EliminatedValue,12,30105,1,5,0,ok-sos006,2016,Frogner,Kvinner,60-67,antall personer,342
EliminatedValue,12,30105,2,0,0,ok-sos006,2016,Frogner,Menn,I alt,antall personer,590
EliminatedValue,12,30105,2,1,0,ok-sos006,2016,Frogner,Menn,18-29,antall personer,22
EliminatedValue,12,30105,2,2,0,ok-sos006,2016,Frogner,Menn,30-39,antall personer,37
EliminatedValue,12,30105,2,3,0,ok-sos006,2016,Frogner,Menn,40-49,antall personer,109
EliminatedValue,12,30105,2,4,0,ok-sos006,2016,Frogner,Menn,50-59,antall personer,205
EliminatedValue,12,30105,2,5,0,ok-sos006,2016,Frogner,Menn,60-67,antall personer,217
EliminatedValue,12,30106,0,0,0,ok-sos006,2016,Ullern,I alt,I alt,antall personer,772
EliminatedValue,12,30106,0,1,0,ok-sos006,2016,Ullern,I alt,18-29,antall personer,32
EliminatedValue,12,30106,0,2,0,ok-sos006,2016,Ullern,I alt,30-39,antall personer,45
EliminatedValue,12,30106,0,3,0,ok-sos006,2016,Ullern,I alt,40-49,antall personer,99
EliminatedValue,12,30106,0,4,0,ok-sos006,2016,Ullern,I alt,50-59,antall personer,250
EliminatedValue,12,30106,0,5,0,ok-sos006,2016,Ullern,I alt,60-67,antall personer,346
EliminatedValue,12,30106,1,0,0,ok-sos006,2016,Ullern,Kvinner,I alt,antall personer,512
EliminatedValue,12,30106,1,1,0,ok-sos006,2016,Ullern,Kvinner,18-29,antall personer,14
EliminatedValue,12,30106,1,2,0,ok-sos006,2016,Ullern,Kvinner,30-39,antall personer,20
EliminatedValue,12,30106,1,3,0,ok-sos006,2016,Ullern,Kvinner,40-49,antall personer,62
EliminatedValue,12,30106,1,4,0,ok-sos006,2016,Ullern,Kvinner,50-59,antall personer,167
EliminatedValue,12,30106,1,5,0,ok-sos006,2016,Ullern,Kvinner,60-67,antall personer,249
EliminatedValue,12,30106,2,0,0,ok-sos006,2016,Ullern,Menn,I alt,antall personer,260
EliminatedValue,12,30106,2,1,0,ok-sos006,2016,Ullern,Menn,18-29,antall personer,18
EliminatedValue,12,30106,2,2,0,ok-sos006,2016,Ullern,Menn,30-39,antall personer,25
EliminatedValue,12,30106,2,3,0,ok-sos006,2016,Ullern,Menn,40-49,antall personer,37
EliminatedValue,12,30106,2,4,0,ok-sos006,2016,Ullern,Menn,50-59,antall personer,83
EliminatedValue,12,30106,2,5,0,ok-sos006,2016,Ullern,Menn,60-67,antall personer,97
EliminatedValue,12,30107,0,0,0,ok-sos006,2016,Vestre Aker,I alt,I alt,antall personer,1135
EliminatedValue,12,30107,0,1,0,ok-sos006,2016,Vestre Aker,I alt,18-29,antall personer,66
EliminatedValue,12,30107,0,2,0,ok-sos006,2016,Vestre Aker,I alt,30-39,antall personer,79
EliminatedValue,12,30107,0,3,0,ok-sos006,2016,Vestre Aker,I alt,40-49,antall personer,177
EliminatedValue,12,30107,0,4,0,ok-sos006,2016,Vestre Aker,I alt,50-59,antall personer,369
EliminatedValue,12,30107,0,5,0,ok-sos006,2016,Vestre Aker,I alt,60-67,antall personer,444
EliminatedValue,12,30107,1,0,0,ok-sos006,2016,Vestre Aker,Kvinner,I alt,antall personer,717
EliminatedValue,12,30107,1,1,0,ok-sos006,2016,Vestre Aker,Kvinner,18-29,antall personer,31
EliminatedValue,12,30107,1,2,0,ok-sos006,2016,Vestre Aker,Kvinner,30-39,antall personer,42
EliminatedValue,12,30107,1,3,0,ok-sos006,2016,Vestre Aker,Kvinner,40-49,antall personer,112
EliminatedValue,12,30107,1,4,0,ok-sos006,2016,Vestre Aker,Kvinner,50-59,antall personer,231
EliminatedValue,12,30107,1,5,0,ok-sos006,2016,Vestre Aker,Kvinner,60-67,antall personer,301
EliminatedValue,12,30107,2,0,0,ok-sos006,2016,Vestre Aker,Menn,I alt,antall personer,418
EliminatedValue,12,30107,2,1,0,ok-sos006,2016,Vestre Aker,Menn,18-29,antall personer,35
EliminatedValue,12,30107,2,2,0,ok-sos006,2016,Vestre Aker,Menn,30-39,antall personer,37
EliminatedValue,12,30107,2,3,0,ok-sos006,2016,Vestre Aker,Menn,40-49,antall personer,65
EliminatedValue,12,30107,2,4,0,ok-sos006,2016,Vestre Aker,Menn,50-59,antall personer,138
EliminatedValue,12,30107,2,5,0,ok-sos006,2016,Vestre Aker,Menn,60-67,antall personer,143
EliminatedValue,12,30108,0,0,0,ok-sos006,2016,Nordre Aker,I alt,I alt,antall personer,1163
EliminatedValue,12,30108,0,1,0,ok-sos006,2016,Nordre Aker,I alt,18-29,antall personer,55
EliminatedValue,12,30108,0,2,0,ok-sos006,2016,Nordre Aker,I alt,30-39,antall personer,100
EliminatedValue,12,30108,0,3,0,ok-sos006,2016,Nordre Aker,I alt,40-49,antall personer,197
EliminatedValue,12,30108,0,4,0,ok-sos006,2016,Nordre Aker,I alt,50-59,antall personer,365
EliminatedValue,12,30108,0,5,0,ok-sos006,2016,Nordre Aker,I alt,60-67,antall personer,446
EliminatedValue,12,30108,1,0,0,ok-sos006,2016,Nordre Aker,Kvinner,I alt,antall personer,686
EliminatedValue,12,30108,1,1,0,ok-sos006,2016,Nordre Aker,Kvinner,18-29,antall personer,31
EliminatedValue,12,30108,1,2,0,ok-sos006,2016,Nordre Aker,Kvinner,30-39,antall personer,49
EliminatedValue,12,30108,1,3,0,ok-sos006,2016,Nordre Aker,Kvinner,40-49,antall personer,112
EliminatedValue,12,30108,1,4,0,ok-sos006,2016,Nordre Aker,Kvinner,50-59,antall personer,218
EliminatedValue,12,30108,1,5,0,ok-sos006,2016,Nordre Aker,Kvinner,60-67,antall personer,276
EliminatedValue,12,30108,2,0,0,ok-sos006,2016,Nordre Aker,Menn,I alt,antall personer,477
EliminatedValue,12,30108,2,1,0,ok-sos006,2016,Nordre Aker,Menn,18-29,antall personer,24
EliminatedValue,12,30108,2,2,0,ok-sos006,2016,Nordre Aker,Menn,30-39,antall personer,51
EliminatedValue,12,30108,2,3,0,ok-sos006,2016,Nordre Aker,Menn,40-49,antall personer,85
EliminatedValue,12,30108,2,4,0,ok-sos006,2016,Nordre Aker,Menn,50-59,antall personer,147
EliminatedValue,12,30108,2,5,0,ok-sos006,2016,Nordre Aker,Menn,60-67,antall personer,170
EliminatedValue,12,30109,0,0,0,ok-sos006,2016,Bjerke,I alt,I alt,antall personer,1089
EliminatedValue,12,30109,0,1,0,ok-sos006,2016,Bjerke,I alt,18-29,antall personer,53
EliminatedValue,12,30109,0,2,0,ok-sos006,2016,Bjerke,I alt,30-39,antall personer,64
EliminatedValue,12,30109,0,3,0,ok-sos006,2016,Bjerke,I alt,40-49,antall personer,173
EliminatedValue,12,30109,0,4,0,ok-sos006,2016,Bjerke,I alt,50-59,antall personer,379
EliminatedValue,12,30109,0,5,0,ok-sos006,2016,Bjerke,I alt,60-67,antall personer,420
EliminatedValue,12,30109,1,0,0,ok-sos006,2016,Bjerke,Kvinner,I alt,antall personer,580
EliminatedValue,12,30109,1,1,0,ok-sos006,2016,Bjerke,Kvinner,18-29,antall personer,21
EliminatedValue,12,30109,1,2,0,ok-sos006,2016,Bjerke,Kvinner,30-39,antall personer,33
EliminatedValue,12,30109,1,3,0,ok-sos006,2016,Bjerke,Kvinner,40-49,antall personer,92
EliminatedValue,12,30109,1,4,0,ok-sos006,2016,Bjerke,Kvinner,50-59,antall personer,201
EliminatedValue,12,30109,1,5,0,ok-sos006,2016,Bjerke,Kvinner,60-67,antall personer,233
EliminatedValue,12,30109,2,0,0,ok-sos006,2016,Bjerke,Menn,I alt,antall personer,509
EliminatedValue,12,30109,2,1,0,ok-sos006,2016,Bjerke,Menn,18-29,antall personer,32
EliminatedValue,12,30109,2,2,0,ok-sos006,2016,Bjerke,Menn,30-39,antall personer,31
EliminatedValue,12,30109,2,3,0,ok-sos006,2016,Bjerke,Menn,40-49,antall personer,81
EliminatedValue,12,30109,2,4,0,ok-sos006,2016,Bjerke,Menn,50-59,antall personer,178
EliminatedValue,12,30109,2,5,0,ok-sos006,2016,Bjerke,Menn,60-67,antall personer,187
EliminatedValue,12,30110,0,0,0,ok-sos006,2016,Grorud,I alt,I alt,antall personer,1637
EliminatedValue,12,30110,0,1,0,ok-sos006,2016,Grorud,I alt,18-29,antall personer,78
EliminatedValue,12,30110,0,2,0,ok-sos006,2016,Grorud,I alt,30-39,antall personer,97
EliminatedValue,12,30110,0,3,0,ok-sos006,2016,Grorud,I alt,40-49,antall personer,290
EliminatedValue,12,30110,0,4,0,ok-sos006,2016,Grorud,I alt,50-59,antall personer,618
EliminatedValue,12,30110,0,5,0,ok-sos006,2016,Grorud,I alt,60-67,antall personer,554
EliminatedValue,12,30110,1,0,0,ok-sos006,2016,Grorud,Kvinner,I alt,antall personer,906
EliminatedValue,12,30110,1,1,0,ok-sos006,2016,Grorud,Kvinner,18-29,antall personer,32
EliminatedValue,12,30110,1,2,0,ok-sos006,2016,Grorud,Kvinner,30-39,antall personer,44
EliminatedValue,12,30110,1,3,0,ok-sos006,2016,Grorud,Kvinner,40-49,antall personer,170
EliminatedValue,12,30110,1,4,0,ok-sos006,2016,Grorud,Kvinner,50-59,antall personer,345
EliminatedValue,12,30110,1,5,0,ok-sos006,2016,Grorud,Kvinner,60-67,antall personer,315
EliminatedValue,12,30110,2,0,0,ok-sos006,2016,Grorud,Menn,I alt,antall personer,731
EliminatedValue,12,30110,2,1,0,ok-sos006,2016,Grorud,Menn,18-29,antall personer,46
EliminatedValue,12,30110,2,2,0,ok-sos006,2016,Grorud,Menn,30-39,antall personer,53
EliminatedValue,12,30110,2,3,0,ok-sos006,2016,Grorud,Menn,40-49,antall personer,120
EliminatedValue,12,30110,2,4,0,ok-sos006,2016,Grorud,Menn,50-59,antall personer,273
EliminatedValue,12,30110,2,5,0,ok-sos006,2016,Grorud,Menn,60-67,antall personer,239
EliminatedValue,12,30111,0,0,0,ok-sos006,2016,Stovner,I alt,I alt,antall personer,1903
EliminatedValue,12,30111,0,1,0,ok-sos006,2016,Stovner,I alt,18-29,antall personer,75
EliminatedValue,12,30111,0,2,0,ok-sos006,2016,Stovner,I alt,30-39,antall personer,117
EliminatedValue,12,30111,0,3,0,ok-sos006,2016,Stovner,I alt,40-49,antall personer,339
EliminatedValue,12,30111,0,4,0,ok-sos006,2016,Stovner,I alt,50-59,antall personer,698
EliminatedValue,12,30111,0,5,0,ok-sos006,2016,Stovner,I alt,60-67,antall personer,674
EliminatedValue,12,30111,1,0,0,ok-sos006,2016,Stovner,Kvinner,I alt,antall personer,1046
EliminatedValue,12,30111,1,1,0,ok-sos006,2016,Stovner,Kvinner,18-29,antall personer,27
EliminatedValue,12,30111,1,2,0,ok-sos006,2016,Stovner,Kvinner,30-39,antall personer,58
EliminatedValue,12,30111,1,3,0,ok-sos006,2016,Stovner,Kvinner,40-49,antall personer,193
EliminatedValue,12,30111,1,4,0,ok-sos006,2016,Stovner,Kvinner,50-59,antall personer,386
EliminatedValue,12,30111,1,5,0,ok-sos006,2016,Stovner,Kvinner,60-67,antall personer,382
EliminatedValue,12,30111,2,0,0,ok-sos006,2016,Stovner,Menn,I alt,antall personer,857
EliminatedValue,12,30111,2,1,0,ok-sos006,2016,Stovner,Menn,18-29,antall personer,48
EliminatedValue,12,30111,2,2,0,ok-sos006,2016,Stovner,Menn,30-39,antall personer,59
EliminatedValue,12,30111,2,3,0,ok-sos006,2016,Stovner,Menn,40-49,antall personer,146
EliminatedValue,12,30111,2,4,0,ok-sos006,2016,Stovner,Menn,50-59,antall personer,312
EliminatedValue,12,30111,2,5,0,ok-sos006,2016,Stovner,Menn,60-67,antall personer,292
EliminatedValue,12,30112,0,0,0,ok-sos006,2016,Alna,I alt,I alt,antall personer,2914
EliminatedValue,12,30112,0,1,0,ok-sos006,2016,Alna,I alt,18-29,antall personer,142
EliminatedValue,12,30112,0,2,0,ok-sos006,2016,Alna,I alt,30-39,antall personer,159
EliminatedValue,12,30112,0,3,0,ok-sos006,2016,Alna,I alt,40-49,antall personer,513
EliminatedValue,12,30112,0,4,0,ok-sos006,2016,Alna,I alt,50-59,antall personer,1054
EliminatedValue,12,30112,0,5,0,ok-sos006,2016,Alna,I alt,60-67,antall personer,1046
EliminatedValue,12,30112,1,0,0,ok-sos006,2016,Alna,Kvinner,I alt,antall personer,1631
EliminatedValue,12,30112,1,1,0,ok-sos006,2016,Alna,Kvinner,18-29,antall personer,59
EliminatedValue,12,30112,1,2,0,ok-sos006,2016,Alna,Kvinner,30-39,antall personer,69
EliminatedValue,12,30112,1,3,0,ok-sos006,2016,Alna,Kvinner,40-49,antall personer,296
EliminatedValue,12,30112,1,4,0,ok-sos006,2016,Alna,Kvinner,50-59,antall personer,585
EliminatedValue,12,30112,1,5,0,ok-sos006,2016,Alna,Kvinner,60-67,antall personer,622
EliminatedValue,12,30112,2,0,0,ok-sos006,2016,Alna,Menn,I alt,antall personer,1283
EliminatedValue,12,30112,2,1,0,ok-sos006,2016,Alna,Menn,18-29,antall personer,83
EliminatedValue,12,30112,2,2,0,ok-sos006,2016,Alna,Menn,30-39,antall personer,90
EliminatedValue,12,30112,2,3,0,ok-sos006,2016,Alna,Menn,40-49,antall personer,217
EliminatedValue,12,30112,2,4,0,ok-sos006,2016,Alna,Menn,50-59,antall personer,469
EliminatedValue,12,30112,2,5,0,ok-sos006,2016,Alna,Menn,60-67,antall personer,424
EliminatedValue,12,30113,0,0,0,ok-sos006,2016,Østensjø,I alt,I alt,antall personer,2087
EliminatedValue,12,30113,0,1,0,ok-sos006,2016,Østensjø,I alt,18-29,antall personer,54
EliminatedValue,12,30113,0,2,0,ok-sos006,2016,Østensjø,I alt,30-39,antall personer,97
EliminatedValue,12,30113,0,3,0,ok-sos006,2016,Østensjø,I alt,40-49,antall personer,336
EliminatedValue,12,30113,0,4,0,ok-sos006,2016,Østensjø,I alt,50-59,antall personer,841
EliminatedValue,12,30113,0,5,0,ok-sos006,2016,Østensjø,I alt,60-67,antall personer,759
EliminatedValue,12,30113,1,0,0,ok-sos006,2016,Østensjø,Kvinner,I alt,antall personer,1300
EliminatedValue,12,30113,1,1,0,ok-sos006,2016,Østensjø,Kvinner,18-29,antall personer,25
EliminatedValue,12,30113,1,2,0,ok-sos006,2016,Østensjø,Kvinner,30-39,antall personer,56
EliminatedValue,12,30113,1,3,0,ok-sos006,2016,Østensjø,Kvinner,40-49,antall personer,215
EliminatedValue,12,30113,1,4,0,ok-sos006,2016,Østensjø,Kvinner,50-59,antall personer,531
EliminatedValue,12,30113,1,5,0,ok-sos006,2016,Østensjø,Kvinner,60-67,antall personer,473
EliminatedValue,12,30113,2,0,0,ok-sos006,2016,Østensjø,Menn,I alt,antall personer,787
EliminatedValue,12,30113,2,1,0,ok-sos006,2016,Østensjø,Menn,18-29,antall personer,29
EliminatedValue,12,30113,2,2,0,ok-sos006,2016,Østensjø,Menn,30-39,antall personer,41
EliminatedValue,12,30113,2,3,0,ok-sos006,2016,Østensjø,Menn,40-49,antall personer,121
EliminatedValue,12,30113,2,4,0,ok-sos006,2016,Østensjø,Menn,50-59,antall personer,310
EliminatedValue,12,30113,2,5,0,ok-sos006,2016,Østensjø,Menn,60-67,antall personer,286
EliminatedValue,12,30114,0,0,0,ok-sos006,2016,Nordstrand,I alt,I alt,antall personer,1511
EliminatedValue,12,30114,0,1,0,ok-sos006,2016,Nordstrand,I alt,18-29,antall personer,68
EliminatedValue,12,30114,0,2,0,ok-sos006,2016,Nordstrand,I alt,30-39,antall personer,78
EliminatedValue,12,30114,0,3,0,ok-sos006,2016,Nordstrand,I alt,40-49,antall personer,225
EliminatedValue,12,30114,0,4,0,ok-sos006,2016,Nordstrand,I alt,50-59,antall personer,555
EliminatedValue,12,30114,0,5,0,ok-sos006,2016,Nordstrand,I alt,60-67,antall personer,585
EliminatedValue,12,30114,1,0,0,ok-sos006,2016,Nordstrand,Kvinner,I alt,antall personer,945
EliminatedValue,12,30114,1,1,0,ok-sos006,2016,Nordstrand,Kvinner,18-29,antall personer,29
EliminatedValue,12,30114,1,2,0,ok-sos006,2016,Nordstrand,Kvinner,30-39,antall personer,39
EliminatedValue,12,30114,1,3,0,ok-sos006,2016,Nordstrand,Kvinner,40-49,antall personer,135
EliminatedValue,12,30114,1,4,0,ok-sos006,2016,Nordstrand,Kvinner,50-59,antall personer,358
EliminatedValue,12,30114,1,5,0,ok-sos006,2016,Nordstrand,Kvinner,60-67,antall personer,384
EliminatedValue,12,30114,2,0,0,ok-sos006,2016,Nordstrand,Menn,I alt,antall personer,566
EliminatedValue,12,30114,2,1,0,ok-sos006,2016,Nordstrand,Menn,18-29,antall personer,39
EliminatedValue,12,30114,2,2,0,ok-sos006,2016,Nordstrand,Menn,30-39,antall personer,39
EliminatedValue,12,30114,2,3,0,ok-sos006,2016,Nordstrand,Menn,40-49,antall personer,90
EliminatedValue,12,30114,2,4,0,ok-sos006,2016,Nordstrand,Menn,50-59,antall personer,197
EliminatedValue,12,30114,2,5,0,ok-sos006,2016,Nordstrand,Menn,60-67,antall personer,201
EliminatedValue,12,30115,0,0,0,ok-sos006,2016,Søndre Nordstrand,I alt,I alt,antall personer,2091
EliminatedValue,12,30115,0,1,0,ok-sos006,2016,Søndre Nordstrand,I alt,18-29,antall personer,99
EliminatedValue,12,30115,0,2,0,ok-sos006,2016,Søndre Nordstrand,I alt,30-39,antall personer,136
EliminatedValue,12,30115,0,3,0,ok-sos006,2016,Søndre Nordstrand,I alt,40-49,antall personer,345
EliminatedValue,12,30115,0,4,0,ok-sos006,2016,Søndre Nordstrand,I alt,50-59,antall personer,808
EliminatedValue,12,30115,0,5,0,ok-sos006,2016,Søndre Nordstrand,I alt,60-67,antall personer,703
EliminatedValue,12,30115,1,0,0,ok-sos006,2016,Søndre Nordstrand,Kvinner,I alt,antall personer,1191
EliminatedValue,12,30115,1,1,0,ok-sos006,2016,Søndre Nordstrand,Kvinner,18-29,antall personer,47
EliminatedValue,12,30115,1,2,0,ok-sos006,2016,Søndre Nordstrand,Kvinner,30-39,antall personer,57
EliminatedValue,12,30115,1,3,0,ok-sos006,2016,Søndre Nordstrand,Kvinner,40-49,antall personer,198
EliminatedValue,12,30115,1,4,0,ok-sos006,2016,Søndre Nordstrand,Kvinner,50-59,antall personer,494
EliminatedValue,12,30115,1,5,0,ok-sos006,2016,Søndre Nordstrand,Kvinner,60-67,antall personer,395
EliminatedValue,12,30115,2,0,0,ok-sos006,2016,Søndre Nordstrand,Menn,I alt,antall personer,900
EliminatedValue,12,30115,2,1,0,ok-sos006,2016,Søndre Nordstrand,Menn,18-29,antall personer,52
EliminatedValue,12,30115,2,2,0,ok-sos006,2016,Søndre Nordstrand,Menn,30-39,antall personer,79
EliminatedValue,12,30115,2,3,0,ok-sos006,2016,Søndre Nordstrand,Menn,40-49,antall personer,147
EliminatedValue,12,30115,2,4,0,ok-sos006,2016,Søndre Nordstrand,Menn,50-59,antall personer,314
EliminatedValue,12,30115,2,5,0,ok-sos006,2016,Søndre Nordstrand,Menn,60-67,antall personer,308
EliminatedValue,12,30199,0,0,0,ok-sos006,2016,Uten registrert adresse,I alt,I alt,antall personer,
EliminatedValue,12,30199,0,1,0,ok-sos006,2016,Uten registrert adresse,I alt,18-29,antall personer,
EliminatedValue,12,30199,0,2,0,ok-sos006,2016,Uten registrert adresse,I alt,30-39,antall personer,
EliminatedValue,12,30199,0,3,0,ok-sos006,2016,Uten registrert adresse,I alt,40-49,antall personer,
EliminatedValue,12,30199,0,4,0,ok-sos006,2016,Uten registrert adresse,I alt,50-59,antall personer,
EliminatedValue,12,30199,0,5,0,ok-sos006,2016,Uten registrert adresse,I alt,60-67,antall personer,
EliminatedValue,12,30199,1,0,0,ok-sos006,2016,Uten registrert adresse,Kvinner,I alt,antall personer,
EliminatedValue,12,30199,1,1,0,ok-sos006,2016,Uten registrert adresse,Kvinner,18-29,antall personer,
EliminatedValue,12,30199,1,2,0,ok-sos006,2016,Uten registrert adresse,Kvinner,30-39,antall personer,
EliminatedValue,12,30199,1,3,0,ok-sos006,2016,Uten registrert adresse,Kvinner,40-49,antall personer,
EliminatedValue,12,30199,1,4,0,ok-sos006,2016,Uten registrert adresse,Kvinner,50-59,antall personer,
EliminatedValue,12,30199,1,5,0,ok-sos006,2016,Uten registrert adresse,Kvinner,60-67,antall personer,
EliminatedValue,12,30199,2,0,0,ok-sos006,2016,Uten registrert adresse,Menn,I alt,antall personer,
EliminatedValue,12,30199,2,1,0,ok-sos006,2016,Uten registrert adresse,Menn,18-29,antall personer,
EliminatedValue,12,30199,2,2,0,ok-sos006,2016,Uten registrert adresse,Menn,30-39,antall personer,
EliminatedValue,12,30199,2,3,0,ok-sos006,2016,Uten registrert adresse,Menn,40-49,antall personer,
EliminatedValue,12,30199,2,4,0,ok-sos006,2016,Uten registrert adresse,Menn,50-59,antall personer,
EliminatedValue,12,30199,2,5,0,ok-sos006,2016,Uten registrert adresse,Menn,60-67,antall personer,
EliminatedValue,12,30118195,0,0,0,ok-sos006,2016,Ukjent bydel,I alt,I alt,antall personer,
EliminatedValue,12,30118195,0,1,0,ok-sos006,2016,Ukjent bydel,I alt,18-29,antall personer,
EliminatedValue,12,30118195,0,2,0,ok-sos006,2016,Ukjent bydel,I alt,30-39,antall personer,
EliminatedValue,12,30118195,0,3,0,ok-sos006,2016,Ukjent bydel,I alt,40-49,antall personer,
EliminatedValue,12,30118195,0,4,0,ok-sos006,2016,Ukjent bydel,I alt,50-59,antall personer,
EliminatedValue,12,30118195,0,5,0,ok-sos006,2016,Ukjent bydel,I alt,60-67,antall personer,
EliminatedValue,12,30118195,1,0,0,ok-sos006,2016,Ukjent bydel,Kvinner,I alt,antall personer,
EliminatedValue,12,30118195,1,1,0,ok-sos006,2016,Ukjent bydel,Kvinner,18-29,antall personer,
EliminatedValue,12,30118195,1,2,0,ok-sos006,2016,Ukjent bydel,Kvinner,30-39,antall personer,
EliminatedValue,12,30118195,1,3,0,ok-sos006,2016,Ukjent bydel,Kvinner,40-49,antall personer,
EliminatedValue,12,30118195,1,4,0,ok-sos006,2016,Ukjent bydel,Kvinner,50-59,antall personer,
EliminatedValue,12,30118195,1,5,0,ok-sos006,2016,Ukjent bydel,Kvinner,60-67,antall personer,
EliminatedValue,12,30118195,2,0,0,ok-sos006,2016,Ukjent bydel,Menn,I alt,antall personer,
EliminatedValue,12,30118195,2,1,0,ok-sos006,2016,Ukjent bydel,Menn,18-29,antall personer,
EliminatedValue,12,30118195,2,2,0,ok-sos006,2016,Ukjent bydel,Menn,30-39,antall personer,
EliminatedValue,12,30118195,2,3,0,ok-sos006,2016,Ukjent bydel,Menn,40-49,antall personer,
EliminatedValue,12,30118195,2,4,0,ok-sos006,2016,Ukjent bydel,Menn,50-59,antall personer,
EliminatedValue,12,30118195,2,5,0,ok-sos006,2016,Ukjent bydel,Menn,60-67,antall personer,
EliminatedValue,13,301,0,0,0,ok-sos006,2017,Oslo i alt,I alt,I alt,antall personer,24664
EliminatedValue,13,301,0,1,0,ok-sos006,2017,Oslo i alt,I alt,18-29,antall personer,1038
EliminatedValue,13,301,0,2,0,ok-sos006,2017,Oslo i alt,I alt,30-39,antall personer,1733
EliminatedValue,13,301,0,3,0,ok-sos006,2017,Oslo i alt,I alt,40-49,antall personer,4202
EliminatedValue,13,301,0,4,0,ok-sos006,2017,Oslo i alt,I alt,50-59,antall personer,8942
EliminatedValue,13,301,0,5,0,ok-sos006,2017,Oslo i alt,I alt,60-67,antall personer,8749
EliminatedValue,13,301,1,0,0,ok-sos006,2017,Oslo i alt,Kvinner,I alt,antall personer,13804
EliminatedValue,13,301,1,1,0,ok-sos006,2017,Oslo i alt,Kvinner,18-29,antall personer,447
EliminatedValue,13,301,1,2,0,ok-sos006,2017,Oslo i alt,Kvinner,30-39,antall personer,839
EliminatedValue,13,301,1,3,0,ok-sos006,2017,Oslo i alt,Kvinner,40-49,antall personer,2337
EliminatedValue,13,301,1,4,0,ok-sos006,2017,Oslo i alt,Kvinner,50-59,antall personer,5033
EliminatedValue,13,301,1,5,0,ok-sos006,2017,Oslo i alt,Kvinner,60-67,antall personer,5148
EliminatedValue,13,301,2,0,0,ok-sos006,2017,Oslo i alt,Menn,I alt,antall personer,10860
EliminatedValue,13,301,2,1,0,ok-sos006,2017,Oslo i alt,Menn,18-29,antall personer,591
EliminatedValue,13,301,2,2,0,ok-sos006,2017,Oslo i alt,Menn,30-39,antall personer,894
EliminatedValue,13,301,2,3,0,ok-sos006,2017,Oslo i alt,Menn,40-49,antall personer,1865
EliminatedValue,13,301,2,4,0,ok-sos006,2017,Oslo i alt,Menn,50-59,antall personer,3909
EliminatedValue,13,301,2,5,0,ok-sos006,2017,Oslo i alt,Menn,60-67,antall personer,3601
EliminatedValue,13,30101,0,0,0,ok-sos006,2017,Gamle Oslo,I alt,I alt,antall personer,2195
EliminatedValue,13,30101,0,1,0,ok-sos006,2017,Gamle Oslo,I alt,18-29,antall personer,62
EliminatedValue,13,30101,0,2,0,ok-sos006,2017,Gamle Oslo,I alt,30-39,antall personer,175
EliminatedValue,13,30101,0,3,0,ok-sos006,2017,Gamle Oslo,I alt,40-49,antall personer,411
EliminatedValue,13,30101,0,4,0,ok-sos006,2017,Gamle Oslo,I alt,50-59,antall personer,817
EliminatedValue,13,30101,0,5,0,ok-sos006,2017,Gamle Oslo,I alt,60-67,antall personer,730
EliminatedValue,13,30101,1,0,0,ok-sos006,2017,Gamle Oslo,Kvinner,I alt,antall personer,1095
EliminatedValue,13,30101,1,1,0,ok-sos006,2017,Gamle Oslo,Kvinner,18-29,antall personer,28
EliminatedValue,13,30101,1,2,0,ok-sos006,2017,Gamle Oslo,Kvinner,30-39,antall personer,77
EliminatedValue,13,30101,1,3,0,ok-sos006,2017,Gamle Oslo,Kvinner,40-49,antall personer,201
EliminatedValue,13,30101,1,4,0,ok-sos006,2017,Gamle Oslo,Kvinner,50-59,antall personer,397
EliminatedValue,13,30101,1,5,0,ok-sos006,2017,Gamle Oslo,Kvinner,60-67,antall personer,392
EliminatedValue,13,30101,2,0,0,ok-sos006,2017,Gamle Oslo,Menn,I alt,antall personer,1100
EliminatedValue,13,30101,2,1,0,ok-sos006,2017,Gamle Oslo,Menn,18-29,antall personer,34
EliminatedValue,13,30101,2,2,0,ok-sos006,2017,Gamle Oslo,Menn,30-39,antall personer,98
EliminatedValue,13,30101,2,3,0,ok-sos006,2017,Gamle Oslo,Menn,40-49,antall personer,210
EliminatedValue,13,30101,2,4,0,ok-sos006,2017,Gamle Oslo,Menn,50-59,antall personer,420
EliminatedValue,13,30101,2,5,0,ok-sos006,2017,Gamle Oslo,Menn,60-67,antall personer,338
EliminatedValue,13,30102,0,0,0,ok-sos006,2017,Grünerløkka,I alt,I alt,antall personer,1794
EliminatedValue,13,30102,0,1,0,ok-sos006,2017,Grünerløkka,I alt,18-29,antall personer,62
EliminatedValue,13,30102,0,2,0,ok-sos006,2017,Grünerløkka,I alt,30-39,antall personer,156
EliminatedValue,13,30102,0,3,0,ok-sos006,2017,Grünerløkka,I alt,40-49,antall personer,334
EliminatedValue,13,30102,0,4,0,ok-sos006,2017,Grünerløkka,I alt,50-59,antall personer,640
EliminatedValue,13,30102,0,5,0,ok-sos006,2017,Grünerløkka,I alt,60-67,antall personer,602
EliminatedValue,13,30102,1,0,0,ok-sos006,2017,Grünerløkka,Kvinner,I alt,antall personer,895
EliminatedValue,13,30102,1,1,0,ok-sos006,2017,Grünerløkka,Kvinner,18-29,antall personer,30
EliminatedValue,13,30102,1,2,0,ok-sos006,2017,Grünerløkka,Kvinner,30-39,antall personer,74
EliminatedValue,13,30102,1,3,0,ok-sos006,2017,Grünerløkka,Kvinner,40-49,antall personer,154
EliminatedValue,13,30102,1,4,0,ok-sos006,2017,Grünerløkka,Kvinner,50-59,antall personer,309
EliminatedValue,13,30102,1,5,0,ok-sos006,2017,Grünerløkka,Kvinner,60-67,antall personer,328
EliminatedValue,13,30102,2,0,0,ok-sos006,2017,Grünerløkka,Menn,I alt,antall personer,899
EliminatedValue,13,30102,2,1,0,ok-sos006,2017,Grünerløkka,Menn,18-29,antall personer,32
EliminatedValue,13,30102,2,2,0,ok-sos006,2017,Grünerløkka,Menn,30-39,antall personer,82
EliminatedValue,13,30102,2,3,0,ok-sos006,2017,Grünerløkka,Menn,40-49,antall personer,180
EliminatedValue,13,30102,2,4,0,ok-sos006,2017,Grünerløkka,Menn,50-59,antall personer,331
EliminatedValue,13,30102,2,5,0,ok-sos006,2017,Grünerløkka,Menn,60-67,antall personer,274
EliminatedValue,13,30103,0,0,0,ok-sos006,2017,Sagene,I alt,I alt,antall personer,1637
EliminatedValue,13,30103,0,1,0,ok-sos006,2017,Sagene,I alt,18-29,antall personer,61
EliminatedValue,13,30103,0,2,0,ok-sos006,2017,Sagene,I alt,30-39,antall personer,125
EliminatedValue,13,30103,0,3,0,ok-sos006,2017,Sagene,I alt,40-49,antall personer,274
EliminatedValue,13,30103,0,4,0,ok-sos006,2017,Sagene,I alt,50-59,antall personer,599
EliminatedValue,13,30103,0,5,0,ok-sos006,2017,Sagene,I alt,60-67,antall personer,578
EliminatedValue,13,30103,1,0,0,ok-sos006,2017,Sagene,Kvinner,I alt,antall personer,789
EliminatedValue,13,30103,1,1,0,ok-sos006,2017,Sagene,Kvinner,18-29,antall personer,24
EliminatedValue,13,30103,1,2,0,ok-sos006,2017,Sagene,Kvinner,30-39,antall personer,53
EliminatedValue,13,30103,1,3,0,ok-sos006,2017,Sagene,Kvinner,40-49,antall personer,124
EliminatedValue,13,30103,1,4,0,ok-sos006,2017,Sagene,Kvinner,50-59,antall personer,293
EliminatedValue,13,30103,1,5,0,ok-sos006,2017,Sagene,Kvinner,60-67,antall personer,295
EliminatedValue,13,30103,2,0,0,ok-sos006,2017,Sagene,Menn,I alt,antall personer,848
EliminatedValue,13,30103,2,1,0,ok-sos006,2017,Sagene,Menn,18-29,antall personer,37
EliminatedValue,13,30103,2,2,0,ok-sos006,2017,Sagene,Menn,30-39,antall personer,72
EliminatedValue,13,30103,2,3,0,ok-sos006,2017,Sagene,Menn,40-49,antall personer,150
EliminatedValue,13,30103,2,4,0,ok-sos006,2017,Sagene,Menn,50-59,antall personer,306
EliminatedValue,13,30103,2,5,0,ok-sos006,2017,Sagene,Menn,60-67,antall personer,283
EliminatedValue,13,30104,0,0,0,ok-sos006,2017,St. Hanshaugen,I alt,I alt,antall personer,965
EliminatedValue,13,30104,0,1,0,ok-sos006,2017,St. Hanshaugen,I alt,18-29,antall personer,34
EliminatedValue,13,30104,0,2,0,ok-sos006,2017,St. Hanshaugen,I alt,30-39,antall personer,107
EliminatedValue,13,30104,0,3,0,ok-sos006,2017,St. Hanshaugen,I alt,40-49,antall personer,178
EliminatedValue,13,30104,0,4,0,ok-sos006,2017,St. Hanshaugen,I alt,50-59,antall personer,304
EliminatedValue,13,30104,0,5,0,ok-sos006,2017,St. Hanshaugen,I alt,60-67,antall personer,342
EliminatedValue,13,30104,1,0,0,ok-sos006,2017,St. Hanshaugen,Kvinner,I alt,antall personer,508
EliminatedValue,13,30104,1,1,0,ok-sos006,2017,St. Hanshaugen,Kvinner,18-29,antall personer,16
EliminatedValue,13,30104,1,2,0,ok-sos006,2017,St. Hanshaugen,Kvinner,30-39,antall personer,53
EliminatedValue,13,30104,1,3,0,ok-sos006,2017,St. Hanshaugen,Kvinner,40-49,antall personer,89
EliminatedValue,13,30104,1,4,0,ok-sos006,2017,St. Hanshaugen,Kvinner,50-59,antall personer,166
EliminatedValue,13,30104,1,5,0,ok-sos006,2017,St. Hanshaugen,Kvinner,60-67,antall personer,184
EliminatedValue,13,30104,2,0,0,ok-sos006,2017,St. Hanshaugen,Menn,I alt,antall personer,457
EliminatedValue,13,30104,2,1,0,ok-sos006,2017,St. Hanshaugen,Menn,18-29,antall personer,18
EliminatedValue,13,30104,2,2,0,ok-sos006,2017,St. Hanshaugen,Menn,30-39,antall personer,54
EliminatedValue,13,30104,2,3,0,ok-sos006,2017,St. Hanshaugen,Menn,40-49,antall personer,89
EliminatedValue,13,30104,2,4,0,ok-sos006,2017,St. Hanshaugen,Menn,50-59,antall personer,138
EliminatedValue,13,30104,2,5,0,ok-sos006,2017,St. Hanshaugen,Menn,60-67,antall personer,158
EliminatedValue,13,30105,0,0,0,ok-sos006,2017,Frogner,I alt,I alt,antall personer,1494
EliminatedValue,13,30105,0,1,0,ok-sos006,2017,Frogner,I alt,18-29,antall personer,43
EliminatedValue,13,30105,0,2,0,ok-sos006,2017,Frogner,I alt,30-39,antall personer,115
EliminatedValue,13,30105,0,3,0,ok-sos006,2017,Frogner,I alt,40-49,antall personer,269
EliminatedValue,13,30105,0,4,0,ok-sos006,2017,Frogner,I alt,50-59,antall personer,531
EliminatedValue,13,30105,0,5,0,ok-sos006,2017,Frogner,I alt,60-67,antall personer,536
EliminatedValue,13,30105,1,0,0,ok-sos006,2017,Frogner,Kvinner,I alt,antall personer,880
EliminatedValue,13,30105,1,1,0,ok-sos006,2017,Frogner,Kvinner,18-29,antall personer,16
EliminatedValue,13,30105,1,2,0,ok-sos006,2017,Frogner,Kvinner,30-39,antall personer,66
EliminatedValue,13,30105,1,3,0,ok-sos006,2017,Frogner,Kvinner,40-49,antall personer,154
EliminatedValue,13,30105,1,4,0,ok-sos006,2017,Frogner,Kvinner,50-59,antall personer,319
EliminatedValue,13,30105,1,5,0,ok-sos006,2017,Frogner,Kvinner,60-67,antall personer,325
EliminatedValue,13,30105,2,0,0,ok-sos006,2017,Frogner,Menn,I alt,antall personer,614
EliminatedValue,13,30105,2,1,0,ok-sos006,2017,Frogner,Menn,18-29,antall personer,27
EliminatedValue,13,30105,2,2,0,ok-sos006,2017,Frogner,Menn,30-39,antall personer,49
EliminatedValue,13,30105,2,3,0,ok-sos006,2017,Frogner,Menn,40-49,antall personer,115
EliminatedValue,13,30105,2,4,0,ok-sos006,2017,Frogner,Menn,50-59,antall personer,212
EliminatedValue,13,30105,2,5,0,ok-sos006,2017,Frogner,Menn,60-67,antall personer,211
EliminatedValue,13,30106,0,0,0,ok-sos006,2017,Ullern,I alt,I alt,antall personer,761
EliminatedValue,13,30106,0,1,0,ok-sos006,2017,Ullern,I alt,18-29,antall personer,41
EliminatedValue,13,30106,0,2,0,ok-sos006,2017,Ullern,I alt,30-39,antall personer,52
EliminatedValue,13,30106,0,3,0,ok-sos006,2017,Ullern,I alt,40-49,antall personer,95
EliminatedValue,13,30106,0,4,0,ok-sos006,2017,Ullern,I alt,50-59,antall personer,244
EliminatedValue,13,30106,0,5,0,ok-sos006,2017,Ullern,I alt,60-67,antall personer,329
EliminatedValue,13,30106,1,0,0,ok-sos006,2017,Ullern,Kvinner,I alt,antall personer,496
EliminatedValue,13,30106,1,1,0,ok-sos006,2017,Ullern,Kvinner,18-29,antall personer,16
EliminatedValue,13,30106,1,2,0,ok-sos006,2017,Ullern,Kvinner,30-39,antall personer,26
EliminatedValue,13,30106,1,3,0,ok-sos006,2017,Ullern,Kvinner,40-49,antall personer,55
EliminatedValue,13,30106,1,4,0,ok-sos006,2017,Ullern,Kvinner,50-59,antall personer,160
EliminatedValue,13,30106,1,5,0,ok-sos006,2017,Ullern,Kvinner,60-67,antall personer,239
EliminatedValue,13,30106,2,0,0,ok-sos006,2017,Ullern,Menn,I alt,antall personer,265
EliminatedValue,13,30106,2,1,0,ok-sos006,2017,Ullern,Menn,18-29,antall personer,25
EliminatedValue,13,30106,2,2,0,ok-sos006,2017,Ullern,Menn,30-39,antall personer,26
EliminatedValue,13,30106,2,3,0,ok-sos006,2017,Ullern,Menn,40-49,antall personer,40
EliminatedValue,13,30106,2,4,0,ok-sos006,2017,Ullern,Menn,50-59,antall personer,84
EliminatedValue,13,30106,2,5,0,ok-sos006,2017,Ullern,Menn,60-67,antall personer,90
EliminatedValue,13,30107,0,0,0,ok-sos006,2017,Vestre Aker,I alt,I alt,antall personer,1159
EliminatedValue,13,30107,0,1,0,ok-sos006,2017,Vestre Aker,I alt,18-29,antall personer,70
EliminatedValue,13,30107,0,2,0,ok-sos006,2017,Vestre Aker,I alt,30-39,antall personer,70
EliminatedValue,13,30107,0,3,0,ok-sos006,2017,Vestre Aker,I alt,40-49,antall personer,180
EliminatedValue,13,30107,0,4,0,ok-sos006,2017,Vestre Aker,I alt,50-59,antall personer,391
EliminatedValue,13,30107,0,5,0,ok-sos006,2017,Vestre Aker,I alt,60-67,antall personer,448
EliminatedValue,13,30107,1,0,0,ok-sos006,2017,Vestre Aker,Kvinner,I alt,antall personer,736
EliminatedValue,13,30107,1,1,0,ok-sos006,2017,Vestre Aker,Kvinner,18-29,antall personer,37
EliminatedValue,13,30107,1,2,0,ok-sos006,2017,Vestre Aker,Kvinner,30-39,antall personer,37
EliminatedValue,13,30107,1,3,0,ok-sos006,2017,Vestre Aker,Kvinner,40-49,antall personer,112
EliminatedValue,13,30107,1,4,0,ok-sos006,2017,Vestre Aker,Kvinner,50-59,antall personer,247
EliminatedValue,13,30107,1,5,0,ok-sos006,2017,Vestre Aker,Kvinner,60-67,antall personer,303
EliminatedValue,13,30107,2,0,0,ok-sos006,2017,Vestre Aker,Menn,I alt,antall personer,423
EliminatedValue,13,30107,2,1,0,ok-sos006,2017,Vestre Aker,Menn,18-29,antall personer,33
EliminatedValue,13,30107,2,2,0,ok-sos006,2017,Vestre Aker,Menn,30-39,antall personer,33
EliminatedValue,13,30107,2,3,0,ok-sos006,2017,Vestre Aker,Menn,40-49,antall personer,68
EliminatedValue,13,30107,2,4,0,ok-sos006,2017,Vestre Aker,Menn,50-59,antall personer,144
EliminatedValue,13,30107,2,5,0,ok-sos006,2017,Vestre Aker,Menn,60-67,antall personer,145
EliminatedValue,13,30108,0,0,0,ok-sos006,2017,Nordre Aker,I alt,I alt,antall personer,1191
EliminatedValue,13,30108,0,1,0,ok-sos006,2017,Nordre Aker,I alt,18-29,antall personer,65
EliminatedValue,13,30108,0,2,0,ok-sos006,2017,Nordre Aker,I alt,30-39,antall personer,105
EliminatedValue,13,30108,0,3,0,ok-sos006,2017,Nordre Aker,I alt,40-49,antall personer,202
EliminatedValue,13,30108,0,4,0,ok-sos006,2017,Nordre Aker,I alt,50-59,antall personer,374
EliminatedValue,13,30108,0,5,0,ok-sos006,2017,Nordre Aker,I alt,60-67,antall personer,445
EliminatedValue,13,30108,1,0,0,ok-sos006,2017,Nordre Aker,Kvinner,I alt,antall personer,701
EliminatedValue,13,30108,1,1,0,ok-sos006,2017,Nordre Aker,Kvinner,18-29,antall personer,33
EliminatedValue,13,30108,1,2,0,ok-sos006,2017,Nordre Aker,Kvinner,30-39,antall personer,53
EliminatedValue,13,30108,1,3,0,ok-sos006,2017,Nordre Aker,Kvinner,40-49,antall personer,111
EliminatedValue,13,30108,1,4,0,ok-sos006,2017,Nordre Aker,Kvinner,50-59,antall personer,228
EliminatedValue,13,30108,1,5,0,ok-sos006,2017,Nordre Aker,Kvinner,60-67,antall personer,276
EliminatedValue,13,30108,2,0,0,ok-sos006,2017,Nordre Aker,Menn,I alt,antall personer,490
EliminatedValue,13,30108,2,1,0,ok-sos006,2017,Nordre Aker,Menn,18-29,antall personer,32
EliminatedValue,13,30108,2,2,0,ok-sos006,2017,Nordre Aker,Menn,30-39,antall personer,52
EliminatedValue,13,30108,2,3,0,ok-sos006,2017,Nordre Aker,Menn,40-49,antall personer,91
EliminatedValue,13,30108,2,4,0,ok-sos006,2017,Nordre Aker,Menn,50-59,antall personer,146
EliminatedValue,13,30108,2,5,0,ok-sos006,2017,Nordre Aker,Menn,60-67,antall personer,169
EliminatedValue,13,30109,0,0,0,ok-sos006,2017,Bjerke,I alt,I alt,antall personer,1121
EliminatedValue,13,30109,0,1,0,ok-sos006,2017,Bjerke,I alt,18-29,antall personer,59
EliminatedValue,13,30109,0,2,0,ok-sos006,2017,Bjerke,I alt,30-39,antall personer,78
EliminatedValue,13,30109,0,3,0,ok-sos006,2017,Bjerke,I alt,40-49,antall personer,176
EliminatedValue,13,30109,0,4,0,ok-sos006,2017,Bjerke,I alt,50-59,antall personer,402
EliminatedValue,13,30109,0,5,0,ok-sos006,2017,Bjerke,I alt,60-67,antall personer,406
EliminatedValue,13,30109,1,0,0,ok-sos006,2017,Bjerke,Kvinner,I alt,antall personer,607
EliminatedValue,13,30109,1,1,0,ok-sos006,2017,Bjerke,Kvinner,18-29,antall personer,23
EliminatedValue,13,30109,1,2,0,ok-sos006,2017,Bjerke,Kvinner,30-39,antall personer,41
EliminatedValue,13,30109,1,3,0,ok-sos006,2017,Bjerke,Kvinner,40-49,antall personer,98
EliminatedValue,13,30109,1,4,0,ok-sos006,2017,Bjerke,Kvinner,50-59,antall personer,210
EliminatedValue,13,30109,1,5,0,ok-sos006,2017,Bjerke,Kvinner,60-67,antall personer,235
EliminatedValue,13,30109,2,0,0,ok-sos006,2017,Bjerke,Menn,I alt,antall personer,514
EliminatedValue,13,30109,2,1,0,ok-sos006,2017,Bjerke,Menn,18-29,antall personer,36
EliminatedValue,13,30109,2,2,0,ok-sos006,2017,Bjerke,Menn,30-39,antall personer,37
EliminatedValue,13,30109,2,3,0,ok-sos006,2017,Bjerke,Menn,40-49,antall personer,78
EliminatedValue,13,30109,2,4,0,ok-sos006,2017,Bjerke,Menn,50-59,antall personer,192
EliminatedValue,13,30109,2,5,0,ok-sos006,2017,Bjerke,Menn,60-67,antall personer,171
EliminatedValue,13,30110,0,0,0,ok-sos006,2017,Grorud,I alt,I alt,antall personer,1729
EliminatedValue,13,30110,0,1,0,ok-sos006,2017,Grorud,I alt,18-29,antall personer,77
EliminatedValue,13,30110,0,2,0,ok-sos006,2017,Grorud,I alt,30-39,antall personer,115
EliminatedValue,13,30110,0,3,0,ok-sos006,2017,Grorud,I alt,40-49,antall personer,303
EliminatedValue,13,30110,0,4,0,ok-sos006,2017,Grorud,I alt,50-59,antall personer,652
EliminatedValue,13,30110,0,5,0,ok-sos006,2017,Grorud,I alt,60-67,antall personer,582
EliminatedValue,13,30110,1,0,0,ok-sos006,2017,Grorud,Kvinner,I alt,antall personer,950
EliminatedValue,13,30110,1,1,0,ok-sos006,2017,Grorud,Kvinner,18-29,antall personer,30
EliminatedValue,13,30110,1,2,0,ok-sos006,2017,Grorud,Kvinner,30-39,antall personer,54
EliminatedValue,13,30110,1,3,0,ok-sos006,2017,Grorud,Kvinner,40-49,antall personer,184
EliminatedValue,13,30110,1,4,0,ok-sos006,2017,Grorud,Kvinner,50-59,antall personer,351
EliminatedValue,13,30110,1,5,0,ok-sos006,2017,Grorud,Kvinner,60-67,antall personer,331
EliminatedValue,13,30110,2,0,0,ok-sos006,2017,Grorud,Menn,I alt,antall personer,779
EliminatedValue,13,30110,2,1,0,ok-sos006,2017,Grorud,Menn,18-29,antall personer,47
EliminatedValue,13,30110,2,2,0,ok-sos006,2017,Grorud,Menn,30-39,antall personer,61
EliminatedValue,13,30110,2,3,0,ok-sos006,2017,Grorud,Menn,40-49,antall personer,119
EliminatedValue,13,30110,2,4,0,ok-sos006,2017,Grorud,Menn,50-59,antall personer,301
EliminatedValue,13,30110,2,5,0,ok-sos006,2017,Grorud,Menn,60-67,antall personer,251
EliminatedValue,13,30111,0,0,0,ok-sos006,2017,Stovner,I alt,I alt,antall personer,1864
EliminatedValue,13,30111,0,1,0,ok-sos006,2017,Stovner,I alt,18-29,antall personer,84
EliminatedValue,13,30111,0,2,0,ok-sos006,2017,Stovner,I alt,30-39,antall personer,120
EliminatedValue,13,30111,0,3,0,ok-sos006,2017,Stovner,I alt,40-49,antall personer,325
EliminatedValue,13,30111,0,4,0,ok-sos006,2017,Stovner,I alt,50-59,antall personer,711
EliminatedValue,13,30111,0,5,0,ok-sos006,2017,Stovner,I alt,60-67,antall personer,624
EliminatedValue,13,30111,1,0,0,ok-sos006,2017,Stovner,Kvinner,I alt,antall personer,1019
EliminatedValue,13,30111,1,1,0,ok-sos006,2017,Stovner,Kvinner,18-29,antall personer,31
EliminatedValue,13,30111,1,2,0,ok-sos006,2017,Stovner,Kvinner,30-39,antall personer,58
EliminatedValue,13,30111,1,3,0,ok-sos006,2017,Stovner,Kvinner,40-49,antall personer,189
EliminatedValue,13,30111,1,4,0,ok-sos006,2017,Stovner,Kvinner,50-59,antall personer,379
EliminatedValue,13,30111,1,5,0,ok-sos006,2017,Stovner,Kvinner,60-67,antall personer,362
EliminatedValue,13,30111,2,0,0,ok-sos006,2017,Stovner,Menn,I alt,antall personer,845
EliminatedValue,13,30111,2,1,0,ok-sos006,2017,Stovner,Menn,18-29,antall personer,53
EliminatedValue,13,30111,2,2,0,ok-sos006,2017,Stovner,Menn,30-39,antall personer,62
EliminatedValue,13,30111,2,3,0,ok-sos006,2017,Stovner,Menn,40-49,antall personer,136
EliminatedValue,13,30111,2,4,0,ok-sos006,2017,Stovner,Menn,50-59,antall personer,332
EliminatedValue,13,30111,2,5,0,ok-sos006,2017,Stovner,Menn,60-67,antall personer,262
EliminatedValue,13,30112,0,0,0,ok-sos006,2017,Alna,I alt,I alt,antall personer,2929
EliminatedValue,13,30112,0,1,0,ok-sos006,2017,Alna,I alt,18-29,antall personer,131
EliminatedValue,13,30112,0,2,0,ok-sos006,2017,Alna,I alt,30-39,antall personer,176
EliminatedValue,13,30112,0,3,0,ok-sos006,2017,Alna,I alt,40-49,antall personer,534
EliminatedValue,13,30112,0,4,0,ok-sos006,2017,Alna,I alt,50-59,antall personer,1071
EliminatedValue,13,30112,0,5,0,ok-sos006,2017,Alna,I alt,60-67,antall personer,1017
EliminatedValue,13,30112,1,0,0,ok-sos006,2017,Alna,Kvinner,I alt,antall personer,1637
EliminatedValue,13,30112,1,1,0,ok-sos006,2017,Alna,Kvinner,18-29,antall personer,51
EliminatedValue,13,30112,1,2,0,ok-sos006,2017,Alna,Kvinner,30-39,antall personer,82
EliminatedValue,13,30112,1,3,0,ok-sos006,2017,Alna,Kvinner,40-49,antall personer,315
EliminatedValue,13,30112,1,4,0,ok-sos006,2017,Alna,Kvinner,50-59,antall personer,582
EliminatedValue,13,30112,1,5,0,ok-sos006,2017,Alna,Kvinner,60-67,antall personer,607
EliminatedValue,13,30112,2,0,0,ok-sos006,2017,Alna,Menn,I alt,antall personer,1292
EliminatedValue,13,30112,2,1,0,ok-sos006,2017,Alna,Menn,18-29,antall personer,80
EliminatedValue,13,30112,2,2,0,ok-sos006,2017,Alna,Menn,30-39,antall personer,94
EliminatedValue,13,30112,2,3,0,ok-sos006,2017,Alna,Menn,40-49,antall personer,219
EliminatedValue,13,30112,2,4,0,ok-sos006,2017,Alna,Menn,50-59,antall personer,489
EliminatedValue,13,30112,2,5,0,ok-sos006,2017,Alna,Menn,60-67,antall personer,410
EliminatedValue,13,30113,0,0,0,ok-sos006,2017,Østensjø,I alt,I alt,antall personer,2136
EliminatedValue,13,30113,0,1,0,ok-sos006,2017,Østensjø,I alt,18-29,antall personer,59
EliminatedValue,13,30113,0,2,0,ok-sos006,2017,Østensjø,I alt,30-39,antall personer,104
EliminatedValue,13,30113,0,3,0,ok-sos006,2017,Østensjø,I alt,40-49,antall personer,325
EliminatedValue,13,30113,0,4,0,ok-sos006,2017,Østensjø,I alt,50-59,antall personer,858
EliminatedValue,13,30113,0,5,0,ok-sos006,2017,Østensjø,I alt,60-67,antall personer,790
EliminatedValue,13,30113,1,0,0,ok-sos006,2017,Østensjø,Kvinner,I alt,antall personer,1309
EliminatedValue,13,30113,1,1,0,ok-sos006,2017,Østensjø,Kvinner,18-29,antall personer,25
EliminatedValue,13,30113,1,2,0,ok-sos006,2017,Østensjø,Kvinner,30-39,antall personer,56
EliminatedValue,13,30113,1,3,0,ok-sos006,2017,Østensjø,Kvinner,40-49,antall personer,199
EliminatedValue,13,30113,1,4,0,ok-sos006,2017,Østensjø,Kvinner,50-59,antall personer,548
EliminatedValue,13,30113,1,5,0,ok-sos006,2017,Østensjø,Kvinner,60-67,antall personer,481
EliminatedValue,13,30113,2,0,0,ok-sos006,2017,Østensjø,Menn,I alt,antall personer,827
EliminatedValue,13,30113,2,1,0,ok-sos006,2017,Østensjø,Menn,18-29,antall personer,34
EliminatedValue,13,30113,2,2,0,ok-sos006,2017,Østensjø,Menn,30-39,antall personer,48
EliminatedValue,13,30113,2,3,0,ok-sos006,2017,Østensjø,Menn,40-49,antall personer,126
EliminatedValue,13,30113,2,4,0,ok-sos006,2017,Østensjø,Menn,50-59,antall personer,310
EliminatedValue,13,30113,2,5,0,ok-sos006,2017,Østensjø,Menn,60-67,antall personer,309
EliminatedValue,13,30114,0,0,0,ok-sos006,2017,Nordstrand,I alt,I alt,antall personer,1561
EliminatedValue,13,30114,0,1,0,ok-sos006,2017,Nordstrand,I alt,18-29,antall personer,81
EliminatedValue,13,30114,0,2,0,ok-sos006,2017,Nordstrand,I alt,30-39,antall personer,86
EliminatedValue,13,30114,0,3,0,ok-sos006,2017,Nordstrand,I alt,40-49,antall personer,228
EliminatedValue,13,30114,0,4,0,ok-sos006,2017,Nordstrand,I alt,50-59,antall personer,577
EliminatedValue,13,30114,0,5,0,ok-sos006,2017,Nordstrand,I alt,60-67,antall personer,589
EliminatedValue,13,30114,1,0,0,ok-sos006,2017,Nordstrand,Kvinner,I alt,antall personer,981
EliminatedValue,13,30114,1,1,0,ok-sos006,2017,Nordstrand,Kvinner,18-29,antall personer,38
EliminatedValue,13,30114,1,2,0,ok-sos006,2017,Nordstrand,Kvinner,30-39,antall personer,43
EliminatedValue,13,30114,1,3,0,ok-sos006,2017,Nordstrand,Kvinner,40-49,antall personer,144
EliminatedValue,13,30114,1,4,0,ok-sos006,2017,Nordstrand,Kvinner,50-59,antall personer,373
EliminatedValue,13,30114,1,5,0,ok-sos006,2017,Nordstrand,Kvinner,60-67,antall personer,383
EliminatedValue,13,30114,2,0,0,ok-sos006,2017,Nordstrand,Menn,I alt,antall personer,580
EliminatedValue,13,30114,2,1,0,ok-sos006,2017,Nordstrand,Menn,18-29,antall personer,43
EliminatedValue,13,30114,2,2,0,ok-sos006,2017,Nordstrand,Menn,30-39,antall personer,43
EliminatedValue,13,30114,2,3,0,ok-sos006,2017,Nordstrand,Menn,40-49,antall personer,84
EliminatedValue,13,30114,2,4,0,ok-sos006,2017,Nordstrand,Menn,50-59,antall personer,204
EliminatedValue,13,30114,2,5,0,ok-sos006,2017,Nordstrand,Menn,60-67,antall personer,206
EliminatedValue,13,30115,0,0,0,ok-sos006,2017,Søndre Nordstrand,I alt,I alt,antall personer,2128
EliminatedValue,13,30115,0,1,0,ok-sos006,2017,Søndre Nordstrand,I alt,18-29,antall personer,109
EliminatedValue,13,30115,0,2,0,ok-sos006,2017,Søndre Nordstrand,I alt,30-39,antall personer,149
EliminatedValue,13,30115,0,3,0,ok-sos006,2017,Søndre Nordstrand,I alt,40-49,antall personer,368
EliminatedValue,13,30115,0,4,0,ok-sos006,2017,Søndre Nordstrand,I alt,50-59,antall personer,771
EliminatedValue,13,30115,0,5,0,ok-sos006,2017,Søndre Nordstrand,I alt,60-67,antall personer,731
EliminatedValue,13,30115,1,0,0,ok-sos006,2017,Søndre Nordstrand,Kvinner,I alt,antall personer,1201
EliminatedValue,13,30115,1,1,0,ok-sos006,2017,Søndre Nordstrand,Kvinner,18-29,antall personer,49
EliminatedValue,13,30115,1,2,0,ok-sos006,2017,Søndre Nordstrand,Kvinner,30-39,antall personer,66
EliminatedValue,13,30115,1,3,0,ok-sos006,2017,Søndre Nordstrand,Kvinner,40-49,antall personer,208
EliminatedValue,13,30115,1,4,0,ok-sos006,2017,Søndre Nordstrand,Kvinner,50-59,antall personer,471
EliminatedValue,13,30115,1,5,0,ok-sos006,2017,Søndre Nordstrand,Kvinner,60-67,antall personer,407
EliminatedValue,13,30115,2,0,0,ok-sos006,2017,Søndre Nordstrand,Menn,I alt,antall personer,927
EliminatedValue,13,30115,2,1,0,ok-sos006,2017,Søndre Nordstrand,Menn,18-29,antall personer,60
EliminatedValue,13,30115,2,2,0,ok-sos006,2017,Søndre Nordstrand,Menn,30-39,antall personer,83
EliminatedValue,13,30115,2,3,0,ok-sos006,2017,Søndre Nordstrand,Menn,40-49,antall personer,160
EliminatedValue,13,30115,2,4,0,ok-sos006,2017,Søndre Nordstrand,Menn,50-59,antall personer,300
EliminatedValue,13,30115,2,5,0,ok-sos006,2017,Søndre Nordstrand,Menn,60-67,antall personer,324
EliminatedValue,13,30199,0,0,0,ok-sos006,2017,Uten registrert adresse,I alt,I alt,antall personer,
EliminatedValue,13,30199,0,1,0,ok-sos006,2017,Uten registrert adresse,I alt,18-29,antall personer,
EliminatedValue,13,30199,0,2,0,ok-sos006,2017,Uten registrert adresse,I alt,30-39,antall personer,
EliminatedValue,13,30199,0,3,0,ok-sos006,2017,Uten registrert adresse,I alt,40-49,antall personer,
EliminatedValue,13,30199,0,4,0,ok-sos006,2017,Uten registrert adresse,I alt,50-59,antall personer,
EliminatedValue,13,30199,0,5,0,ok-sos006,2017,Uten registrert adresse,I alt,60-67,antall personer,
EliminatedValue,13,30199,1,0,0,ok-sos006,2017,Uten registrert adresse,Kvinner,I alt,antall personer,
EliminatedValue,13,30199,1,1,0,ok-sos006,2017,Uten registrert adresse,Kvinner,18-29,antall personer,
EliminatedValue,13,30199,1,2,0,ok-sos006,2017,Uten registrert adresse,Kvinner,30-39,antall personer,
EliminatedValue,13,30199,1,3,0,ok-sos006,2017,Uten registrert adresse,Kvinner,40-49,antall personer,
EliminatedValue,13,30199,1,4,0,ok-sos006,2017,Uten registrert adresse,Kvinner,50-59,antall personer,
EliminatedValue,13,30199,1,5,0,ok-sos006,2017,Uten registrert adresse,Kvinner,60-67,antall personer,
EliminatedValue,13,30199,2,0,0,ok-sos006,2017,Uten registrert adresse,Menn,I alt,antall personer,
EliminatedValue,13,30199,2,1,0,ok-sos006,2017,Uten registrert adresse,Menn,18-29,antall personer,
EliminatedValue,13,30199,2,2,0,ok-sos006,2017,Uten registrert adresse,Menn,30-39,antall personer,
EliminatedValue,13,30199,2,3,0,ok-sos006,2017,Uten registrert adresse,Menn,40-49,antall personer,
EliminatedValue,13,30199,2,4,0,ok-sos006,2017,Uten registrert adresse,Menn,50-59,antall personer,
EliminatedValue,13,30199,2,5,0,ok-sos006,2017,Uten registrert adresse,Menn,60-67,antall personer,
EliminatedValue,13,30118195,0,0,0,ok-sos006,2017,Ukjent bydel,I alt,I alt,antall personer,
EliminatedValue,13,30118195,0,1,0,ok-sos006,2017,Ukjent bydel,I alt,18-29,antall personer,
EliminatedValue,13,30118195,0,2,0,ok-sos006,2017,Ukjent bydel,I alt,30-39,antall personer,
EliminatedValue,13,30118195,0,3,0,ok-sos006,2017,Ukjent bydel,I alt,40-49,antall personer,
EliminatedValue,13,30118195,0,4,0,ok-sos006,2017,Ukjent bydel,I alt,50-59,antall personer,
EliminatedValue,13,30118195,0,5,0,ok-sos006,2017,Ukjent bydel,I alt,60-67,antall personer,
EliminatedValue,13,30118195,1,0,0,ok-sos006,2017,Ukjent bydel,Kvinner,I alt,antall personer,
EliminatedValue,13,30118195,1,1,0,ok-sos006,2017,Ukjent bydel,Kvinner,18-29,antall personer,
EliminatedValue,13,30118195,1,2,0,ok-sos006,2017,Ukjent bydel,Kvinner,30-39,antall personer,
EliminatedValue,13,30118195,1,3,0,ok-sos006,2017,Ukjent bydel,Kvinner,40-49,antall personer,
EliminatedValue,13,30118195,1,4,0,ok-sos006,2017,Ukjent bydel,Kvinner,50-59,antall personer,
EliminatedValue,13,30118195,1,5,0,ok-sos006,2017,Ukjent bydel,Kvinner,60-67,antall personer,
EliminatedValue,13,30118195,2,0,0,ok-sos006,2017,Ukjent bydel,Menn,I alt,antall personer,
EliminatedValue,13,30118195,2,1,0,ok-sos006,2017,Ukjent bydel,Menn,18-29,antall personer,
EliminatedValue,13,30118195,2,2,0,ok-sos006,2017,Ukjent bydel,Menn,30-39,antall personer,
EliminatedValue,13,30118195,2,3,0,ok-sos006,2017,Ukjent bydel,Menn,40-49,antall personer,
EliminatedValue,13,30118195,2,4,0,ok-sos006,2017,Ukjent bydel,Menn,50-59,antall personer,
EliminatedValue,13,30118195,2,5,0,ok-sos006,2017,Ukjent bydel,Menn,60-67,antall personer,
EliminatedValue,14,301,0,0,0,ok-sos006,2018,Oslo i alt,I alt,I alt,antall personer,26633
EliminatedValue,14,301,0,1,0,ok-sos006,2018,Oslo i alt,I alt,18-29,antall personer,1196
EliminatedValue,14,301,0,2,0,ok-sos006,2018,Oslo i alt,I alt,30-39,antall personer,2101
EliminatedValue,14,301,0,3,0,ok-sos006,2018,Oslo i alt,I alt,40-49,antall personer,4671
EliminatedValue,14,301,0,4,0,ok-sos006,2018,Oslo i alt,I alt,50-59,antall personer,9611
EliminatedValue,14,301,0,5,0,ok-sos006,2018,Oslo i alt,I alt,60-67,antall personer,9054
EliminatedValue,14,301,1,0,0,ok-sos006,2018,Oslo i alt,Kvinner,I alt,antall personer,14898
EliminatedValue,14,301,1,1,0,ok-sos006,2018,Oslo i alt,Kvinner,18-29,antall personer,545
EliminatedValue,14,301,1,2,0,ok-sos006,2018,Oslo i alt,Kvinner,30-39,antall personer,1042
EliminatedValue,14,301,1,3,0,ok-sos006,2018,Oslo i alt,Kvinner,40-49,antall personer,2609
EliminatedValue,14,301,1,4,0,ok-sos006,2018,Oslo i alt,Kvinner,50-59,antall personer,5396
EliminatedValue,14,301,1,5,0,ok-sos006,2018,Oslo i alt,Kvinner,60-67,antall personer,5306
EliminatedValue,14,301,2,0,0,ok-sos006,2018,Oslo i alt,Menn,I alt,antall personer,11735
EliminatedValue,14,301,2,1,0,ok-sos006,2018,Oslo i alt,Menn,18-29,antall personer,651
EliminatedValue,14,301,2,2,0,ok-sos006,2018,Oslo i alt,Menn,30-39,antall personer,1059
EliminatedValue,14,301,2,3,0,ok-sos006,2018,Oslo i alt,Menn,40-49,antall personer,2062
EliminatedValue,14,301,2,4,0,ok-sos006,2018,Oslo i alt,Menn,50-59,antall personer,4215
EliminatedValue,14,301,2,5,0,ok-sos006,2018,Oslo i alt,Menn,60-67,antall personer,3748
EliminatedValue,14,30101,0,0,0,ok-sos006,2018,Gamle Oslo,I alt,I alt,antall personer,2289
EliminatedValue,14,30101,0,1,0,ok-sos006,2018,Gamle Oslo,I alt,18-29,antall personer,73
EliminatedValue,14,30101,0,2,0,ok-sos006,2018,Gamle Oslo,I alt,30-39,antall personer,197
EliminatedValue,14,30101,0,3,0,ok-sos006,2018,Gamle Oslo,I alt,40-49,antall personer,436
EliminatedValue,14,30101,0,4,0,ok-sos006,2018,Gamle Oslo,I alt,50-59,antall personer,827
EliminatedValue,14,30101,0,5,0,ok-sos006,2018,Gamle Oslo,I alt,60-67,antall personer,756
EliminatedValue,14,30101,1,0,0,ok-sos006,2018,Gamle Oslo,Kvinner,I alt,antall personer,1127
EliminatedValue,14,30101,1,1,0,ok-sos006,2018,Gamle Oslo,Kvinner,18-29,antall personer,35
EliminatedValue,14,30101,1,2,0,ok-sos006,2018,Gamle Oslo,Kvinner,30-39,antall personer,86
EliminatedValue,14,30101,1,3,0,ok-sos006,2018,Gamle Oslo,Kvinner,40-49,antall personer,210
EliminatedValue,14,30101,1,4,0,ok-sos006,2018,Gamle Oslo,Kvinner,50-59,antall personer,399
EliminatedValue,14,30101,1,5,0,ok-sos006,2018,Gamle Oslo,Kvinner,60-67,antall personer,397
EliminatedValue,14,30101,2,0,0,ok-sos006,2018,Gamle Oslo,Menn,I alt,antall personer,1162
EliminatedValue,14,30101,2,1,0,ok-sos006,2018,Gamle Oslo,Menn,18-29,antall personer,38
EliminatedValue,14,30101,2,2,0,ok-sos006,2018,Gamle Oslo,Menn,30-39,antall personer,111
EliminatedValue,14,30101,2,3,0,ok-sos006,2018,Gamle Oslo,Menn,40-49,antall personer,226
EliminatedValue,14,30101,2,4,0,ok-sos006,2018,Gamle Oslo,Menn,50-59,antall personer,428
EliminatedValue,14,30101,2,5,0,ok-sos006,2018,Gamle Oslo,Menn,60-67,antall personer,359
EliminatedValue,14,30102,0,0,0,ok-sos006,2018,Grünerløkka,I alt,I alt,antall personer,2008
EliminatedValue,14,30102,0,1,0,ok-sos006,2018,Grünerløkka,I alt,18-29,antall personer,88
EliminatedValue,14,30102,0,2,0,ok-sos006,2018,Grünerløkka,I alt,30-39,antall personer,188
EliminatedValue,14,30102,0,3,0,ok-sos006,2018,Grünerløkka,I alt,40-49,antall personer,382
EliminatedValue,14,30102,0,4,0,ok-sos006,2018,Grünerløkka,I alt,50-59,antall personer,711
EliminatedValue,14,30102,0,5,0,ok-sos006,2018,Grünerløkka,I alt,60-67,antall personer,639
EliminatedValue,14,30102,1,0,0,ok-sos006,2018,Grünerløkka,Kvinner,I alt,antall personer,1005
EliminatedValue,14,30102,1,1,0,ok-sos006,2018,Grünerløkka,Kvinner,18-29,antall personer,45
EliminatedValue,14,30102,1,2,0,ok-sos006,2018,Grünerløkka,Kvinner,30-39,antall personer,99
EliminatedValue,14,30102,1,3,0,ok-sos006,2018,Grünerløkka,Kvinner,40-49,antall personer,173
EliminatedValue,14,30102,1,4,0,ok-sos006,2018,Grünerløkka,Kvinner,50-59,antall personer,346
EliminatedValue,14,30102,1,5,0,ok-sos006,2018,Grünerløkka,Kvinner,60-67,antall personer,342
EliminatedValue,14,30102,2,0,0,ok-sos006,2018,Grünerløkka,Menn,I alt,antall personer,1003
EliminatedValue,14,30102,2,1,0,ok-sos006,2018,Grünerløkka,Menn,18-29,antall personer,43
EliminatedValue,14,30102,2,2,0,ok-sos006,2018,Grünerløkka,Menn,30-39,antall personer,89
EliminatedValue,14,30102,2,3,0,ok-sos006,2018,Grünerløkka,Menn,40-49,antall personer,209
EliminatedValue,14,30102,2,4,0,ok-sos006,2018,Grünerløkka,Menn,50-59,antall personer,365
EliminatedValue,14,30102,2,5,0,ok-sos006,2018,Grünerløkka,Menn,60-67,antall personer,297
EliminatedValue,14,30103,0,0,0,ok-sos006,2018,Sagene,I alt,I alt,antall personer,1724
EliminatedValue,14,30103,0,1,0,ok-sos006,2018,Sagene,I alt,18-29,antall personer,65
EliminatedValue,14,30103,0,2,0,ok-sos006,2018,Sagene,I alt,30-39,antall personer,136
EliminatedValue,14,30103,0,3,0,ok-sos006,2018,Sagene,I alt,40-49,antall personer,288
EliminatedValue,14,30103,0,4,0,ok-sos006,2018,Sagene,I alt,50-59,antall personer,647
EliminatedValue,14,30103,0,5,0,ok-sos006,2018,Sagene,I alt,60-67,antall personer,588
EliminatedValue,14,30103,1,0,0,ok-sos006,2018,Sagene,Kvinner,I alt,antall personer,862
EliminatedValue,14,30103,1,1,0,ok-sos006,2018,Sagene,Kvinner,18-29,antall personer,35
EliminatedValue,14,30103,1,2,0,ok-sos006,2018,Sagene,Kvinner,30-39,antall personer,62
EliminatedValue,14,30103,1,3,0,ok-sos006,2018,Sagene,Kvinner,40-49,antall personer,138
EliminatedValue,14,30103,1,4,0,ok-sos006,2018,Sagene,Kvinner,50-59,antall personer,316
EliminatedValue,14,30103,1,5,0,ok-sos006,2018,Sagene,Kvinner,60-67,antall personer,311
EliminatedValue,14,30103,2,0,0,ok-sos006,2018,Sagene,Menn,I alt,antall personer,862
EliminatedValue,14,30103,2,1,0,ok-sos006,2018,Sagene,Menn,18-29,antall personer,30
EliminatedValue,14,30103,2,2,0,ok-sos006,2018,Sagene,Menn,30-39,antall personer,74
EliminatedValue,14,30103,2,3,0,ok-sos006,2018,Sagene,Menn,40-49,antall personer,150
EliminatedValue,14,30103,2,4,0,ok-sos006,2018,Sagene,Menn,50-59,antall personer,331
EliminatedValue,14,30103,2,5,0,ok-sos006,2018,Sagene,Menn,60-67,antall personer,277
EliminatedValue,14,30104,0,0,0,ok-sos006,2018,St. Hanshaugen,I alt,I alt,antall personer,1101
EliminatedValue,14,30104,0,1,0,ok-sos006,2018,St. Hanshaugen,I alt,18-29,antall personer,46
EliminatedValue,14,30104,0,2,0,ok-sos006,2018,St. Hanshaugen,I alt,30-39,antall personer,124
EliminatedValue,14,30104,0,3,0,ok-sos006,2018,St. Hanshaugen,I alt,40-49,antall personer,229
EliminatedValue,14,30104,0,4,0,ok-sos006,2018,St. Hanshaugen,I alt,50-59,antall personer,354
EliminatedValue,14,30104,0,5,0,ok-sos006,2018,St. Hanshaugen,I alt,60-67,antall personer,348
EliminatedValue,14,30104,1,0,0,ok-sos006,2018,St. Hanshaugen,Kvinner,I alt,antall personer,565
EliminatedValue,14,30104,1,1,0,ok-sos006,2018,St. Hanshaugen,Kvinner,18-29,antall personer,24
EliminatedValue,14,30104,1,2,0,ok-sos006,2018,St. Hanshaugen,Kvinner,30-39,antall personer,62
EliminatedValue,14,30104,1,3,0,ok-sos006,2018,St. Hanshaugen,Kvinner,40-49,antall personer,118
EliminatedValue,14,30104,1,4,0,ok-sos006,2018,St. Hanshaugen,Kvinner,50-59,antall personer,174
EliminatedValue,14,30104,1,5,0,ok-sos006,2018,St. Hanshaugen,Kvinner,60-67,antall personer,187
EliminatedValue,14,30104,2,0,0,ok-sos006,2018,St. Hanshaugen,Menn,I alt,antall personer,536
EliminatedValue,14,30104,2,1,0,ok-sos006,2018,St. Hanshaugen,Menn,18-29,antall personer,22
EliminatedValue,14,30104,2,2,0,ok-sos006,2018,St. Hanshaugen,Menn,30-39,antall personer,62
EliminatedValue,14,30104,2,3,0,ok-sos006,2018,St. Hanshaugen,Menn,40-49,antall personer,111
EliminatedValue,14,30104,2,4,0,ok-sos006,2018,St. Hanshaugen,Menn,50-59,antall personer,180
EliminatedValue,14,30104,2,5,0,ok-sos006,2018,St. Hanshaugen,Menn,60-67,antall personer,161
EliminatedValue,14,30105,0,0,0,ok-sos006,2018,Frogner,I alt,I alt,antall personer,1600
EliminatedValue,14,30105,0,1,0,ok-sos006,2018,Frogner,I alt,18-29,antall personer,40
EliminatedValue,14,30105,0,2,0,ok-sos006,2018,Frogner,I alt,30-39,antall personer,136
EliminatedValue,14,30105,0,3,0,ok-sos006,2018,Frogner,I alt,40-49,antall personer,311
EliminatedValue,14,30105,0,4,0,ok-sos006,2018,Frogner,I alt,50-59,antall personer,559
EliminatedValue,14,30105,0,5,0,ok-sos006,2018,Frogner,I alt,60-67,antall personer,554
EliminatedValue,14,30105,1,0,0,ok-sos006,2018,Frogner,Kvinner,I alt,antall personer,942
EliminatedValue,14,30105,1,1,0,ok-sos006,2018,Frogner,Kvinner,18-29,antall personer,23
EliminatedValue,14,30105,1,2,0,ok-sos006,2018,Frogner,Kvinner,30-39,antall personer,73
EliminatedValue,14,30105,1,3,0,ok-sos006,2018,Frogner,Kvinner,40-49,antall personer,178
EliminatedValue,14,30105,1,4,0,ok-sos006,2018,Frogner,Kvinner,50-59,antall personer,339
EliminatedValue,14,30105,1,5,0,ok-sos006,2018,Frogner,Kvinner,60-67,antall personer,329
EliminatedValue,14,30105,2,0,0,ok-sos006,2018,Frogner,Menn,I alt,antall personer,658
EliminatedValue,14,30105,2,1,0,ok-sos006,2018,Frogner,Menn,18-29,antall personer,17
EliminatedValue,14,30105,2,2,0,ok-sos006,2018,Frogner,Menn,30-39,antall personer,63
EliminatedValue,14,30105,2,3,0,ok-sos006,2018,Frogner,Menn,40-49,antall personer,133
EliminatedValue,14,30105,2,4,0,ok-sos006,2018,Frogner,Menn,50-59,antall personer,220
EliminatedValue,14,30105,2,5,0,ok-sos006,2018,Frogner,Menn,60-67,antall personer,225
EliminatedValue,14,30106,0,0,0,ok-sos006,2018,Ullern,I alt,I alt,antall personer,810
EliminatedValue,14,30106,0,1,0,ok-sos006,2018,Ullern,I alt,18-29,antall personer,44
EliminatedValue,14,30106,0,2,0,ok-sos006,2018,Ullern,I alt,30-39,antall personer,64
EliminatedValue,14,30106,0,3,0,ok-sos006,2018,Ullern,I alt,40-49,antall personer,108
EliminatedValue,14,30106,0,4,0,ok-sos006,2018,Ullern,I alt,50-59,antall personer,267
EliminatedValue,14,30106,0,5,0,ok-sos006,2018,Ullern,I alt,60-67,antall personer,327
EliminatedValue,14,30106,1,0,0,ok-sos006,2018,Ullern,Kvinner,I alt,antall personer,522
EliminatedValue,14,30106,1,1,0,ok-sos006,2018,Ullern,Kvinner,18-29,antall personer,16
EliminatedValue,14,30106,1,2,0,ok-sos006,2018,Ullern,Kvinner,30-39,antall personer,31
EliminatedValue,14,30106,1,3,0,ok-sos006,2018,Ullern,Kvinner,40-49,antall personer,64
EliminatedValue,14,30106,1,4,0,ok-sos006,2018,Ullern,Kvinner,50-59,antall personer,174
EliminatedValue,14,30106,1,5,0,ok-sos006,2018,Ullern,Kvinner,60-67,antall personer,237
EliminatedValue,14,30106,2,0,0,ok-sos006,2018,Ullern,Menn,I alt,antall personer,288
EliminatedValue,14,30106,2,1,0,ok-sos006,2018,Ullern,Menn,18-29,antall personer,28
EliminatedValue,14,30106,2,2,0,ok-sos006,2018,Ullern,Menn,30-39,antall personer,33
EliminatedValue,14,30106,2,3,0,ok-sos006,2018,Ullern,Menn,40-49,antall personer,44
EliminatedValue,14,30106,2,4,0,ok-sos006,2018,Ullern,Menn,50-59,antall personer,93
EliminatedValue,14,30106,2,5,0,ok-sos006,2018,Ullern,Menn,60-67,antall personer,90
EliminatedValue,14,30107,0,0,0,ok-sos006,2018,Vestre Aker,I alt,I alt,antall personer,1232
EliminatedValue,14,30107,0,1,0,ok-sos006,2018,Vestre Aker,I alt,18-29,antall personer,67
EliminatedValue,14,30107,0,2,0,ok-sos006,2018,Vestre Aker,I alt,30-39,antall personer,99
EliminatedValue,14,30107,0,3,0,ok-sos006,2018,Vestre Aker,I alt,40-49,antall personer,203
EliminatedValue,14,30107,0,4,0,ok-sos006,2018,Vestre Aker,I alt,50-59,antall personer,417
EliminatedValue,14,30107,0,5,0,ok-sos006,2018,Vestre Aker,I alt,60-67,antall personer,446
EliminatedValue,14,30107,1,0,0,ok-sos006,2018,Vestre Aker,Kvinner,I alt,antall personer,780
EliminatedValue,14,30107,1,1,0,ok-sos006,2018,Vestre Aker,Kvinner,18-29,antall personer,34
EliminatedValue,14,30107,1,2,0,ok-sos006,2018,Vestre Aker,Kvinner,30-39,antall personer,54
EliminatedValue,14,30107,1,3,0,ok-sos006,2018,Vestre Aker,Kvinner,40-49,antall personer,124
EliminatedValue,14,30107,1,4,0,ok-sos006,2018,Vestre Aker,Kvinner,50-59,antall personer,266
EliminatedValue,14,30107,1,5,0,ok-sos006,2018,Vestre Aker,Kvinner,60-67,antall personer,302
EliminatedValue,14,30107,2,0,0,ok-sos006,2018,Vestre Aker,Menn,I alt,antall personer,452
EliminatedValue,14,30107,2,1,0,ok-sos006,2018,Vestre Aker,Menn,18-29,antall personer,33
EliminatedValue,14,30107,2,2,0,ok-sos006,2018,Vestre Aker,Menn,30-39,antall personer,45
EliminatedValue,14,30107,2,3,0,ok-sos006,2018,Vestre Aker,Menn,40-49,antall personer,79
EliminatedValue,14,30107,2,4,0,ok-sos006,2018,Vestre Aker,Menn,50-59,antall personer,151
EliminatedValue,14,30107,2,5,0,ok-sos006,2018,Vestre Aker,Menn,60-67,antall personer,144
EliminatedValue,14,30108,0,0,0,ok-sos006,2018,Nordre Aker,I alt,I alt,antall personer,1325
EliminatedValue,14,30108,0,1,0,ok-sos006,2018,Nordre Aker,I alt,18-29,antall personer,78
EliminatedValue,14,30108,0,2,0,ok-sos006,2018,Nordre Aker,I alt,30-39,antall personer,125
EliminatedValue,14,30108,0,3,0,ok-sos006,2018,Nordre Aker,I alt,40-49,antall personer,251
EliminatedValue,14,30108,0,4,0,ok-sos006,2018,Nordre Aker,I alt,50-59,antall personer,410
EliminatedValue,14,30108,0,5,0,ok-sos006,2018,Nordre Aker,I alt,60-67,antall personer,461
EliminatedValue,14,30108,1,0,0,ok-sos006,2018,Nordre Aker,Kvinner,I alt,antall personer,782
EliminatedValue,14,30108,1,1,0,ok-sos006,2018,Nordre Aker,Kvinner,18-29,antall personer,33
EliminatedValue,14,30108,1,2,0,ok-sos006,2018,Nordre Aker,Kvinner,30-39,antall personer,69
EliminatedValue,14,30108,1,3,0,ok-sos006,2018,Nordre Aker,Kvinner,40-49,antall personer,143
EliminatedValue,14,30108,1,4,0,ok-sos006,2018,Nordre Aker,Kvinner,50-59,antall personer,254
EliminatedValue,14,30108,1,5,0,ok-sos006,2018,Nordre Aker,Kvinner,60-67,antall personer,283
EliminatedValue,14,30108,2,0,0,ok-sos006,2018,Nordre Aker,Menn,I alt,antall personer,543
EliminatedValue,14,30108,2,1,0,ok-sos006,2018,Nordre Aker,Menn,18-29,antall personer,45
EliminatedValue,14,30108,2,2,0,ok-sos006,2018,Nordre Aker,Menn,30-39,antall personer,56
EliminatedValue,14,30108,2,3,0,ok-sos006,2018,Nordre Aker,Menn,40-49,antall personer,108
EliminatedValue,14,30108,2,4,0,ok-sos006,2018,Nordre Aker,Menn,50-59,antall personer,156
EliminatedValue,14,30108,2,5,0,ok-sos006,2018,Nordre Aker,Menn,60-67,antall personer,178
EliminatedValue,14,30109,0,0,0,ok-sos006,2018,Bjerke,I alt,I alt,antall personer,1275
EliminatedValue,14,30109,0,1,0,ok-sos006,2018,Bjerke,I alt,18-29,antall personer,71
EliminatedValue,14,30109,0,2,0,ok-sos006,2018,Bjerke,I alt,30-39,antall personer,100
EliminatedValue,14,30109,0,3,0,ok-sos006,2018,Bjerke,I alt,40-49,antall personer,230
EliminatedValue,14,30109,0,4,0,ok-sos006,2018,Bjerke,I alt,50-59,antall personer,453
EliminatedValue,14,30109,0,5,0,ok-sos006,2018,Bjerke,I alt,60-67,antall personer,421
EliminatedValue,14,30109,1,0,0,ok-sos006,2018,Bjerke,Kvinner,I alt,antall personer,681
EliminatedValue,14,30109,1,1,0,ok-sos006,2018,Bjerke,Kvinner,18-29,antall personer,26
EliminatedValue,14,30109,1,2,0,ok-sos006,2018,Bjerke,Kvinner,30-39,antall personer,49
EliminatedValue,14,30109,1,3,0,ok-sos006,2018,Bjerke,Kvinner,40-49,antall personer,131
EliminatedValue,14,30109,1,4,0,ok-sos006,2018,Bjerke,Kvinner,50-59,antall personer,235
EliminatedValue,14,30109,1,5,0,ok-sos006,2018,Bjerke,Kvinner,60-67,antall personer,240
EliminatedValue,14,30109,2,0,0,ok-sos006,2018,Bjerke,Menn,I alt,antall personer,594
EliminatedValue,14,30109,2,1,0,ok-sos006,2018,Bjerke,Menn,18-29,antall personer,45
EliminatedValue,14,30109,2,2,0,ok-sos006,2018,Bjerke,Menn,30-39,antall personer,51
EliminatedValue,14,30109,2,3,0,ok-sos006,2018,Bjerke,Menn,40-49,antall personer,99
EliminatedValue,14,30109,2,4,0,ok-sos006,2018,Bjerke,Menn,50-59,antall personer,218
EliminatedValue,14,30109,2,5,0,ok-sos006,2018,Bjerke,Menn,60-67,antall personer,181
EliminatedValue,14,30110,0,0,0,ok-sos006,2018,Grorud,I alt,I alt,antall personer,1861
EliminatedValue,14,30110,0,1,0,ok-sos006,2018,Grorud,I alt,18-29,antall personer,94
EliminatedValue,14,30110,0,2,0,ok-sos006,2018,Grorud,I alt,30-39,antall personer,149
EliminatedValue,14,30110,0,3,0,ok-sos006,2018,Grorud,I alt,40-49,antall personer,305
EliminatedValue,14,30110,0,4,0,ok-sos006,2018,Grorud,I alt,50-59,antall personer,703
EliminatedValue,14,30110,0,5,0,ok-sos006,2018,Grorud,I alt,60-67,antall personer,610
EliminatedValue,14,30110,1,0,0,ok-sos006,2018,Grorud,Kvinner,I alt,antall personer,1008
EliminatedValue,14,30110,1,1,0,ok-sos006,2018,Grorud,Kvinner,18-29,antall personer,40
EliminatedValue,14,30110,1,2,0,ok-sos006,2018,Grorud,Kvinner,30-39,antall personer,68
EliminatedValue,14,30110,1,3,0,ok-sos006,2018,Grorud,Kvinner,40-49,antall personer,181
EliminatedValue,14,30110,1,4,0,ok-sos006,2018,Grorud,Kvinner,50-59,antall personer,377
EliminatedValue,14,30110,1,5,0,ok-sos006,2018,Grorud,Kvinner,60-67,antall personer,342
EliminatedValue,14,30110,2,0,0,ok-sos006,2018,Grorud,Menn,I alt,antall personer,853
EliminatedValue,14,30110,2,1,0,ok-sos006,2018,Grorud,Menn,18-29,antall personer,54
EliminatedValue,14,30110,2,2,0,ok-sos006,2018,Grorud,Menn,30-39,antall personer,81
EliminatedValue,14,30110,2,3,0,ok-sos006,2018,Grorud,Menn,40-49,antall personer,124
EliminatedValue,14,30110,2,4,0,ok-sos006,2018,Grorud,Menn,50-59,antall personer,326
EliminatedValue,14,30110,2,5,0,ok-sos006,2018,Grorud,Menn,60-67,antall personer,268
EliminatedValue,14,30111,0,0,0,ok-sos006,2018,Stovner,I alt,I alt,antall personer,1949
EliminatedValue,14,30111,0,1,0,ok-sos006,2018,Stovner,I alt,18-29,antall personer,104
EliminatedValue,14,30111,0,2,0,ok-sos006,2018,Stovner,I alt,30-39,antall personer,147
EliminatedValue,14,30111,0,3,0,ok-sos006,2018,Stovner,I alt,40-49,antall personer,346
EliminatedValue,14,30111,0,4,0,ok-sos006,2018,Stovner,I alt,50-59,antall personer,726
EliminatedValue,14,30111,0,5,0,ok-sos006,2018,Stovner,I alt,60-67,antall personer,626
EliminatedValue,14,30111,1,0,0,ok-sos006,2018,Stovner,Kvinner,I alt,antall personer,1066
EliminatedValue,14,30111,1,1,0,ok-sos006,2018,Stovner,Kvinner,18-29,antall personer,39
EliminatedValue,14,30111,1,2,0,ok-sos006,2018,Stovner,Kvinner,30-39,antall personer,71
EliminatedValue,14,30111,1,3,0,ok-sos006,2018,Stovner,Kvinner,40-49,antall personer,198
EliminatedValue,14,30111,1,4,0,ok-sos006,2018,Stovner,Kvinner,50-59,antall personer,390
EliminatedValue,14,30111,1,5,0,ok-sos006,2018,Stovner,Kvinner,60-67,antall personer,368
EliminatedValue,14,30111,2,0,0,ok-sos006,2018,Stovner,Menn,I alt,antall personer,883
EliminatedValue,14,30111,2,1,0,ok-sos006,2018,Stovner,Menn,18-29,antall personer,65
EliminatedValue,14,30111,2,2,0,ok-sos006,2018,Stovner,Menn,30-39,antall personer,76
EliminatedValue,14,30111,2,3,0,ok-sos006,2018,Stovner,Menn,40-49,antall personer,148
EliminatedValue,14,30111,2,4,0,ok-sos006,2018,Stovner,Menn,50-59,antall personer,336
EliminatedValue,14,30111,2,5,0,ok-sos006,2018,Stovner,Menn,60-67,antall personer,258
EliminatedValue,14,30112,0,0,0,ok-sos006,2018,Alna,I alt,I alt,antall personer,3234
EliminatedValue,14,30112,0,1,0,ok-sos006,2018,Alna,I alt,18-29,antall personer,141
EliminatedValue,14,30112,0,2,0,ok-sos006,2018,Alna,I alt,30-39,antall personer,221
EliminatedValue,14,30112,0,3,0,ok-sos006,2018,Alna,I alt,40-49,antall personer,579
EliminatedValue,14,30112,0,4,0,ok-sos006,2018,Alna,I alt,50-59,antall personer,1245
EliminatedValue,14,30112,0,5,0,ok-sos006,2018,Alna,I alt,60-67,antall personer,1048
EliminatedValue,14,30112,1,0,0,ok-sos006,2018,Alna,Kvinner,I alt,antall personer,1800
EliminatedValue,14,30112,1,1,0,ok-sos006,2018,Alna,Kvinner,18-29,antall personer,57
EliminatedValue,14,30112,1,2,0,ok-sos006,2018,Alna,Kvinner,30-39,antall personer,106
EliminatedValue,14,30112,1,3,0,ok-sos006,2018,Alna,Kvinner,40-49,antall personer,333
EliminatedValue,14,30112,1,4,0,ok-sos006,2018,Alna,Kvinner,50-59,antall personer,689
EliminatedValue,14,30112,1,5,0,ok-sos006,2018,Alna,Kvinner,60-67,antall personer,615
EliminatedValue,14,30112,2,0,0,ok-sos006,2018,Alna,Menn,I alt,antall personer,1434
EliminatedValue,14,30112,2,1,0,ok-sos006,2018,Alna,Menn,18-29,antall personer,84
EliminatedValue,14,30112,2,2,0,ok-sos006,2018,Alna,Menn,30-39,antall personer,115
EliminatedValue,14,30112,2,3,0,ok-sos006,2018,Alna,Menn,40-49,antall personer,246
EliminatedValue,14,30112,2,4,0,ok-sos006,2018,Alna,Menn,50-59,antall personer,556
EliminatedValue,14,30112,2,5,0,ok-sos006,2018,Alna,Menn,60-67,antall personer,433
EliminatedValue,14,30113,0,0,0,ok-sos006,2018,Østensjø,I alt,I alt,antall personer,2286
EliminatedValue,14,30113,0,1,0,ok-sos006,2018,Østensjø,I alt,18-29,antall personer,84
EliminatedValue,14,30113,0,2,0,ok-sos006,2018,Østensjø,I alt,30-39,antall personer,125
EliminatedValue,14,30113,0,3,0,ok-sos006,2018,Østensjø,I alt,40-49,antall personer,364
EliminatedValue,14,30113,0,4,0,ok-sos006,2018,Østensjø,I alt,50-59,antall personer,880
EliminatedValue,14,30113,0,5,0,ok-sos006,2018,Østensjø,I alt,60-67,antall personer,833
EliminatedValue,14,30113,1,0,0,ok-sos006,2018,Østensjø,Kvinner,I alt,antall personer,1391
EliminatedValue,14,30113,1,1,0,ok-sos006,2018,Østensjø,Kvinner,18-29,antall personer,38
EliminatedValue,14,30113,1,2,0,ok-sos006,2018,Østensjø,Kvinner,30-39,antall personer,68
EliminatedValue,14,30113,1,3,0,ok-sos006,2018,Østensjø,Kvinner,40-49,antall personer,221
EliminatedValue,14,30113,1,4,0,ok-sos006,2018,Østensjø,Kvinner,50-59,antall personer,559
EliminatedValue,14,30113,1,5,0,ok-sos006,2018,Østensjø,Kvinner,60-67,antall personer,505
EliminatedValue,14,30113,2,0,0,ok-sos006,2018,Østensjø,Menn,I alt,antall personer,895
EliminatedValue,14,30113,2,1,0,ok-sos006,2018,Østensjø,Menn,18-29,antall personer,46
EliminatedValue,14,30113,2,2,0,ok-sos006,2018,Østensjø,Menn,30-39,antall personer,57
EliminatedValue,14,30113,2,3,0,ok-sos006,2018,Østensjø,Menn,40-49,antall personer,143
EliminatedValue,14,30113,2,4,0,ok-sos006,2018,Østensjø,Menn,50-59,antall personer,321
EliminatedValue,14,30113,2,5,0,ok-sos006,2018,Østensjø,Menn,60-67,antall personer,328
EliminatedValue,14,30114,0,0,0,ok-sos006,2018,Nordstrand,I alt,I alt,antall personer,1655
EliminatedValue,14,30114,0,1,0,ok-sos006,2018,Nordstrand,I alt,18-29,antall personer,82
EliminatedValue,14,30114,0,2,0,ok-sos006,2018,Nordstrand,I alt,30-39,antall personer,117
EliminatedValue,14,30114,0,3,0,ok-sos006,2018,Nordstrand,I alt,40-49,antall personer,244
EliminatedValue,14,30114,0,4,0,ok-sos006,2018,Nordstrand,I alt,50-59,antall personer,608
EliminatedValue,14,30114,0,5,0,ok-sos006,2018,Nordstrand,I alt,60-67,antall personer,604
EliminatedValue,14,30114,1,0,0,ok-sos006,2018,Nordstrand,Kvinner,I alt,antall personer,1045
EliminatedValue,14,30114,1,1,0,ok-sos006,2018,Nordstrand,Kvinner,18-29,antall personer,41
EliminatedValue,14,30114,1,2,0,ok-sos006,2018,Nordstrand,Kvinner,30-39,antall personer,60
EliminatedValue,14,30114,1,3,0,ok-sos006,2018,Nordstrand,Kvinner,40-49,antall personer,158
EliminatedValue,14,30114,1,4,0,ok-sos006,2018,Nordstrand,Kvinner,50-59,antall personer,392
EliminatedValue,14,30114,1,5,0,ok-sos006,2018,Nordstrand,Kvinner,60-67,antall personer,394
EliminatedValue,14,30114,2,0,0,ok-sos006,2018,Nordstrand,Menn,I alt,antall personer,610
EliminatedValue,14,30114,2,1,0,ok-sos006,2018,Nordstrand,Menn,18-29,antall personer,41
EliminatedValue,14,30114,2,2,0,ok-sos006,2018,Nordstrand,Menn,30-39,antall personer,57
EliminatedValue,14,30114,2,3,0,ok-sos006,2018,Nordstrand,Menn,40-49,antall personer,86
EliminatedValue,14,30114,2,4,0,ok-sos006,2018,Nordstrand,Menn,50-59,antall personer,216
EliminatedValue,14,30114,2,5,0,ok-sos006,2018,Nordstrand,Menn,60-67,antall personer,210
EliminatedValue,14,30115,0,0,0,ok-sos006,2018,Søndre Nordstrand,I alt,I alt,antall personer,2264
EliminatedValue,14,30115,0,1,0,ok-sos006,2018,Søndre Nordstrand,I alt,18-29,antall personer,119
EliminatedValue,14,30115,0,2,0,ok-sos006,2018,Søndre Nordstrand,I alt,30-39,antall personer,172
EliminatedValue,14,30115,0,3,0,ok-sos006,2018,Søndre Nordstrand,I alt,40-49,antall personer,392
EliminatedValue,14,30115,0,4,0,ok-sos006,2018,Søndre Nordstrand,I alt,50-59,antall personer,791
EliminatedValue,14,30115,0,5,0,ok-sos006,2018,Søndre Nordstrand,I alt,60-67,antall personer,790
EliminatedValue,14,30115,1,0,0,ok-sos006,2018,Søndre Nordstrand,Kvinner,I alt,antall personer,1315
EliminatedValue,14,30115,1,1,0,ok-sos006,2018,Søndre Nordstrand,Kvinner,18-29,antall personer,59
EliminatedValue,14,30115,1,2,0,ok-sos006,2018,Søndre Nordstrand,Kvinner,30-39,antall personer,84
EliminatedValue,14,30115,1,3,0,ok-sos006,2018,Søndre Nordstrand,Kvinner,40-49,antall personer,239
EliminatedValue,14,30115,1,4,0,ok-sos006,2018,Søndre Nordstrand,Kvinner,50-59,antall personer,481
EliminatedValue,14,30115,1,5,0,ok-sos006,2018,Søndre Nordstrand,Kvinner,60-67,antall personer,452
EliminatedValue,14,30115,2,0,0,ok-sos006,2018,Søndre Nordstrand,Menn,I alt,antall personer,949
EliminatedValue,14,30115,2,1,0,ok-sos006,2018,Søndre Nordstrand,Menn,18-29,antall personer,60
EliminatedValue,14,30115,2,2,0,ok-sos006,2018,Søndre Nordstrand,Menn,30-39,antall personer,88
EliminatedValue,14,30115,2,3,0,ok-sos006,2018,Søndre Nordstrand,Menn,40-49,antall personer,153
EliminatedValue,14,30115,2,4,0,ok-sos006,2018,Søndre Nordstrand,Menn,50-59,antall personer,310
EliminatedValue,14,30115,2,5,0,ok-sos006,2018,Søndre Nordstrand,Menn,60-67,antall personer,338
EliminatedValue,14,30199,0,0,0,ok-sos006,2018,Uten registrert adresse,I alt,I alt,antall personer,
EliminatedValue,14,30199,0,1,0,ok-sos006,2018,Uten registrert adresse,I alt,18-29,antall personer,
EliminatedValue,14,30199,0,2,0,ok-sos006,2018,Uten registrert adresse,I alt,30-39,antall personer,
EliminatedValue,14,30199,0,3,0,ok-sos006,2018,Uten registrert adresse,I alt,40-49,antall personer,
EliminatedValue,14,30199,0,4,0,ok-sos006,2018,Uten registrert adresse,I alt,50-59,antall personer,
EliminatedValue,14,30199,0,5,0,ok-sos006,2018,Uten registrert adresse,I alt,60-67,antall personer,
EliminatedValue,14,30199,1,0,0,ok-sos006,2018,Uten registrert adresse,Kvinner,I alt,antall personer,
EliminatedValue,14,30199,1,1,0,ok-sos006,2018,Uten registrert adresse,Kvinner,18-29,antall personer,
EliminatedValue,14,30199,1,2,0,ok-sos006,2018,Uten registrert adresse,Kvinner,30-39,antall personer,
EliminatedValue,14,30199,1,3,0,ok-sos006,2018,Uten registrert adresse,Kvinner,40-49,antall personer,
EliminatedValue,14,30199,1,4,0,ok-sos006,2018,Uten registrert adresse,Kvinner,50-59,antall personer,
EliminatedValue,14,30199,1,5,0,ok-sos006,2018,Uten registrert adresse,Kvinner,60-67,antall personer,
EliminatedValue,14,30199,2,0,0,ok-sos006,2018,Uten registrert adresse,Menn,I alt,antall personer,
EliminatedValue,14,30199,2,1,0,ok-sos006,2018,Uten registrert adresse,Menn,18-29,antall personer,
EliminatedValue,14,30199,2,2,0,ok-sos006,2018,Uten registrert adresse,Menn,30-39,antall personer,
EliminatedValue,14,30199,2,3,0,ok-sos006,2018,Uten registrert adresse,Menn,40-49,antall personer,
EliminatedValue,14,30199,2,4,0,ok-sos006,2018,Uten registrert adresse,Menn,50-59,antall personer,
EliminatedValue,14,30199,2,5,0,ok-sos006,2018,Uten registrert adresse,Menn,60-67,antall personer,
EliminatedValue,14,30118195,0,0,0,ok-sos006,2018,Ukjent bydel,I alt,I alt,antall personer,
EliminatedValue,14,30118195,0,1,0,ok-sos006,2018,Ukjent bydel,I alt,18-29,antall personer,
EliminatedValue,14,30118195,0,2,0,ok-sos006,2018,Ukjent bydel,I alt,30-39,antall personer,
EliminatedValue,14,30118195,0,3,0,ok-sos006,2018,Ukjent bydel,I alt,40-49,antall personer,
EliminatedValue,14,30118195,0,4,0,ok-sos006,2018,Ukjent bydel,I alt,50-59,antall personer,
EliminatedValue,14,30118195,0,5,0,ok-sos006,2018,Ukjent bydel,I alt,60-67,antall personer,
EliminatedValue,14,30118195,1,0,0,ok-sos006,2018,Ukjent bydel,Kvinner,I alt,antall personer,
EliminatedValue,14,30118195,1,1,0,ok-sos006,2018,Ukjent bydel,Kvinner,18-29,antall personer,
EliminatedValue,14,30118195,1,2,0,ok-sos006,2018,Ukjent bydel,Kvinner,30-39,antall personer,
EliminatedValue,14,30118195,1,3,0,ok-sos006,2018,Ukjent bydel,Kvinner,40-49,antall personer,
EliminatedValue,14,30118195,1,4,0,ok-sos006,2018,Ukjent bydel,Kvinner,50-59,antall personer,
EliminatedValue,14,30118195,1,5,0,ok-sos006,2018,Ukjent bydel,Kvinner,60-67,antall personer,
EliminatedValue,14,30118195,2,0,0,ok-sos006,2018,Ukjent bydel,Menn,I alt,antall personer,
EliminatedValue,14,30118195,2,1,0,ok-sos006,2018,Ukjent bydel,Menn,18-29,antall personer,
EliminatedValue,14,30118195,2,2,0,ok-sos006,2018,Ukjent bydel,Menn,30-39,antall personer,
EliminatedValue,14,30118195,2,3,0,ok-sos006,2018,Ukjent bydel,Menn,40-49,antall personer,
EliminatedValue,14,30118195,2,4,0,ok-sos006,2018,Ukjent bydel,Menn,50-59,antall personer,
EliminatedValue,14,30118195,2,5,0,ok-sos006,2018,Ukjent bydel,Menn,60-67,antall personer,
EliminatedValue,15,301,0,0,0,ok-sos006,2019,Oslo i alt,I alt,I alt,antall personer,28421
EliminatedValue,15,301,0,1,0,ok-sos006,2019,Oslo i alt,I alt,18-29,antall personer,1418
EliminatedValue,15,301,0,2,0,ok-sos006,2019,Oslo i alt,I alt,30-39,antall personer,2454
EliminatedValue,15,301,0,3,0,ok-sos006,2019,Oslo i alt,I alt,40-49,antall personer,5083
EliminatedValue,15,301,0,4,0,ok-sos006,2019,Oslo i alt,I alt,50-59,antall personer,10130
EliminatedValue,15,301,0,5,0,ok-sos006,2019,Oslo i alt,I alt,60-67,antall personer,9336
EliminatedValue,15,301,1,0,0,ok-sos006,2019,Oslo i alt,Kvinner,I alt,antall personer,15913
EliminatedValue,15,301,1,1,0,ok-sos006,2019,Oslo i alt,Kvinner,18-29,antall personer,647
EliminatedValue,15,301,1,2,0,ok-sos006,2019,Oslo i alt,Kvinner,30-39,antall personer,1235
EliminatedValue,15,301,1,3,0,ok-sos006,2019,Oslo i alt,Kvinner,40-49,antall personer,2873
EliminatedValue,15,301,1,4,0,ok-sos006,2019,Oslo i alt,Kvinner,50-59,antall personer,5752
EliminatedValue,15,301,1,5,0,ok-sos006,2019,Oslo i alt,Kvinner,60-67,antall personer,5406
EliminatedValue,15,301,2,0,0,ok-sos006,2019,Oslo i alt,Menn,I alt,antall personer,12508
EliminatedValue,15,301,2,1,0,ok-sos006,2019,Oslo i alt,Menn,18-29,antall personer,771
EliminatedValue,15,301,2,2,0,ok-sos006,2019,Oslo i alt,Menn,30-39,antall personer,1219
EliminatedValue,15,301,2,3,0,ok-sos006,2019,Oslo i alt,Menn,40-49,antall personer,2210
EliminatedValue,15,301,2,4,0,ok-sos006,2019,Oslo i alt,Menn,50-59,antall personer,4378
EliminatedValue,15,301,2,5,0,ok-sos006,2019,Oslo i alt,Menn,60-67,antall personer,3930
EliminatedValue,15,30101,0,0,0,ok-sos006,2019,Gamle Oslo,I alt,I alt,antall personer,2483
EliminatedValue,15,30101,0,1,0,ok-sos006,2019,Gamle Oslo,I alt,18-29,antall personer,86
EliminatedValue,15,30101,0,2,0,ok-sos006,2019,Gamle Oslo,I alt,30-39,antall personer,234
EliminatedValue,15,30101,0,3,0,ok-sos006,2019,Gamle Oslo,I alt,40-49,antall personer,485
EliminatedValue,15,30101,0,4,0,ok-sos006,2019,Gamle Oslo,I alt,50-59,antall personer,893
EliminatedValue,15,30101,0,5,0,ok-sos006,2019,Gamle Oslo,I alt,60-67,antall personer,785
EliminatedValue,15,30101,1,0,0,ok-sos006,2019,Gamle Oslo,Kvinner,I alt,antall personer,1255
EliminatedValue,15,30101,1,1,0,ok-sos006,2019,Gamle Oslo,Kvinner,18-29,antall personer,38
EliminatedValue,15,30101,1,2,0,ok-sos006,2019,Gamle Oslo,Kvinner,30-39,antall personer,110
EliminatedValue,15,30101,1,3,0,ok-sos006,2019,Gamle Oslo,Kvinner,40-49,antall personer,244
EliminatedValue,15,30101,1,4,0,ok-sos006,2019,Gamle Oslo,Kvinner,50-59,antall personer,444
EliminatedValue,15,30101,1,5,0,ok-sos006,2019,Gamle Oslo,Kvinner,60-67,antall personer,419
EliminatedValue,15,30101,2,0,0,ok-sos006,2019,Gamle Oslo,Menn,I alt,antall personer,1228
EliminatedValue,15,30101,2,1,0,ok-sos006,2019,Gamle Oslo,Menn,18-29,antall personer,48
EliminatedValue,15,30101,2,2,0,ok-sos006,2019,Gamle Oslo,Menn,30-39,antall personer,124
EliminatedValue,15,30101,2,3,0,ok-sos006,2019,Gamle Oslo,Menn,40-49,antall personer,241
EliminatedValue,15,30101,2,4,0,ok-sos006,2019,Gamle Oslo,Menn,50-59,antall personer,449
EliminatedValue,15,30101,2,5,0,ok-sos006,2019,Gamle Oslo,Menn,60-67,antall personer,366
EliminatedValue,15,30102,0,0,0,ok-sos006,2019,Grünerløkka,I alt,I alt,antall personer,2204
EliminatedValue,15,30102,0,1,0,ok-sos006,2019,Grünerløkka,I alt,18-29,antall personer,131
EliminatedValue,15,30102,0,2,0,ok-sos006,2019,Grünerløkka,I alt,30-39,antall personer,245
EliminatedValue,15,30102,0,3,0,ok-sos006,2019,Grünerløkka,I alt,40-49,antall personer,430
EliminatedValue,15,30102,0,4,0,ok-sos006,2019,Grünerløkka,I alt,50-59,antall personer,741
EliminatedValue,15,30102,0,5,0,ok-sos006,2019,Grünerløkka,I alt,60-67,antall personer,657
EliminatedValue,15,30102,1,0,0,ok-sos006,2019,Grünerløkka,Kvinner,I alt,antall personer,1106
EliminatedValue,15,30102,1,1,0,ok-sos006,2019,Grünerløkka,Kvinner,18-29,antall personer,65
EliminatedValue,15,30102,1,2,0,ok-sos006,2019,Grünerløkka,Kvinner,30-39,antall personer,134
EliminatedValue,15,30102,1,3,0,ok-sos006,2019,Grünerløkka,Kvinner,40-49,antall personer,204
EliminatedValue,15,30102,1,4,0,ok-sos006,2019,Grünerløkka,Kvinner,50-59,antall personer,366
EliminatedValue,15,30102,1,5,0,ok-sos006,2019,Grünerløkka,Kvinner,60-67,antall personer,337
EliminatedValue,15,30102,2,0,0,ok-sos006,2019,Grünerløkka,Menn,I alt,antall personer,1098
EliminatedValue,15,30102,2,1,0,ok-sos006,2019,Grünerløkka,Menn,18-29,antall personer,66
EliminatedValue,15,30102,2,2,0,ok-sos006,2019,Grünerløkka,Menn,30-39,antall personer,111
EliminatedValue,15,30102,2,3,0,ok-sos006,2019,Grünerløkka,Menn,40-49,antall personer,226
EliminatedValue,15,30102,2,4,0,ok-sos006,2019,Grünerløkka,Menn,50-59,antall personer,375
EliminatedValue,15,30102,2,5,0,ok-sos006,2019,Grünerløkka,Menn,60-67,antall personer,320
EliminatedValue,15,30103,0,0,0,ok-sos006,2019,Sagene,I alt,I alt,antall personer,1843
EliminatedValue,15,30103,0,1,0,ok-sos006,2019,Sagene,I alt,18-29,antall personer,72
EliminatedValue,15,30103,0,2,0,ok-sos006,2019,Sagene,I alt,30-39,antall personer,172
EliminatedValue,15,30103,0,3,0,ok-sos006,2019,Sagene,I alt,40-49,antall personer,329
EliminatedValue,15,30103,0,4,0,ok-sos006,2019,Sagene,I alt,50-59,antall personer,673
EliminatedValue,15,30103,0,5,0,ok-sos006,2019,Sagene,I alt,60-67,antall personer,597
EliminatedValue,15,30103,1,0,0,ok-sos006,2019,Sagene,Kvinner,I alt,antall personer,947
EliminatedValue,15,30103,1,1,0,ok-sos006,2019,Sagene,Kvinner,18-29,antall personer,35
EliminatedValue,15,30103,1,2,0,ok-sos006,2019,Sagene,Kvinner,30-39,antall personer,87
EliminatedValue,15,30103,1,3,0,ok-sos006,2019,Sagene,Kvinner,40-49,antall personer,164
EliminatedValue,15,30103,1,4,0,ok-sos006,2019,Sagene,Kvinner,50-59,antall personer,332
EliminatedValue,15,30103,1,5,0,ok-sos006,2019,Sagene,Kvinner,60-67,antall personer,329
EliminatedValue,15,30103,2,0,0,ok-sos006,2019,Sagene,Menn,I alt,antall personer,896
EliminatedValue,15,30103,2,1,0,ok-sos006,2019,Sagene,Menn,18-29,antall personer,37
EliminatedValue,15,30103,2,2,0,ok-sos006,2019,Sagene,Menn,30-39,antall personer,85
EliminatedValue,15,30103,2,3,0,ok-sos006,2019,Sagene,Menn,40-49,antall personer,165
EliminatedValue,15,30103,2,4,0,ok-sos006,2019,Sagene,Menn,50-59,antall personer,341
EliminatedValue,15,30103,2,5,0,ok-sos006,2019,Sagene,Menn,60-67,antall personer,268
EliminatedValue,15,30104,0,0,0,ok-sos006,2019,St. Hanshaugen,I alt,I alt,antall personer,1223
EliminatedValue,15,30104,0,1,0,ok-sos006,2019,St. Hanshaugen,I alt,18-29,antall personer,57
EliminatedValue,15,30104,0,2,0,ok-sos006,2019,St. Hanshaugen,I alt,30-39,antall personer,146
EliminatedValue,15,30104,0,3,0,ok-sos006,2019,St. Hanshaugen,I alt,40-49,antall personer,242
EliminatedValue,15,30104,0,4,0,ok-sos006,2019,St. Hanshaugen,I alt,50-59,antall personer,408
EliminatedValue,15,30104,0,5,0,ok-sos006,2019,St. Hanshaugen,I alt,60-67,antall personer,370
EliminatedValue,15,30104,1,0,0,ok-sos006,2019,St. Hanshaugen,Kvinner,I alt,antall personer,645
EliminatedValue,15,30104,1,1,0,ok-sos006,2019,St. Hanshaugen,Kvinner,18-29,antall personer,32
EliminatedValue,15,30104,1,2,0,ok-sos006,2019,St. Hanshaugen,Kvinner,30-39,antall personer,70
EliminatedValue,15,30104,1,3,0,ok-sos006,2019,St. Hanshaugen,Kvinner,40-49,antall personer,131
EliminatedValue,15,30104,1,4,0,ok-sos006,2019,St. Hanshaugen,Kvinner,50-59,antall personer,204
EliminatedValue,15,30104,1,5,0,ok-sos006,2019,St. Hanshaugen,Kvinner,60-67,antall personer,208
EliminatedValue,15,30104,2,0,0,ok-sos006,2019,St. Hanshaugen,Menn,I alt,antall personer,578
EliminatedValue,15,30104,2,1,0,ok-sos006,2019,St. Hanshaugen,Menn,18-29,antall personer,25
EliminatedValue,15,30104,2,2,0,ok-sos006,2019,St. Hanshaugen,Menn,30-39,antall personer,76
EliminatedValue,15,30104,2,3,0,ok-sos006,2019,St. Hanshaugen,Menn,40-49,antall personer,111
EliminatedValue,15,30104,2,4,0,ok-sos006,2019,St. Hanshaugen,Menn,50-59,antall personer,204
EliminatedValue,15,30104,2,5,0,ok-sos006,2019,St. Hanshaugen,Menn,60-67,antall personer,162
EliminatedValue,15,30105,0,0,0,ok-sos006,2019,Frogner,I alt,I alt,antall personer,1696
EliminatedValue,15,30105,0,1,0,ok-sos006,2019,Frogner,I alt,18-29,antall personer,56
EliminatedValue,15,30105,0,2,0,ok-sos006,2019,Frogner,I alt,30-39,antall personer,142
EliminatedValue,15,30105,0,3,0,ok-sos006,2019,Frogner,I alt,40-49,antall personer,330
EliminatedValue,15,30105,0,4,0,ok-sos006,2019,Frogner,I alt,50-59,antall personer,584
EliminatedValue,15,30105,0,5,0,ok-sos006,2019,Frogner,I alt,60-67,antall personer,584
EliminatedValue,15,30105,1,0,0,ok-sos006,2019,Frogner,Kvinner,I alt,antall personer,995
EliminatedValue,15,30105,1,1,0,ok-sos006,2019,Frogner,Kvinner,18-29,antall personer,34
EliminatedValue,15,30105,1,2,0,ok-sos006,2019,Frogner,Kvinner,30-39,antall personer,72
EliminatedValue,15,30105,1,3,0,ok-sos006,2019,Frogner,Kvinner,40-49,antall personer,185
EliminatedValue,15,30105,1,4,0,ok-sos006,2019,Frogner,Kvinner,50-59,antall personer,358
EliminatedValue,15,30105,1,5,0,ok-sos006,2019,Frogner,Kvinner,60-67,antall personer,346
EliminatedValue,15,30105,2,0,0,ok-sos006,2019,Frogner,Menn,I alt,antall personer,701
EliminatedValue,15,30105,2,1,0,ok-sos006,2019,Frogner,Menn,18-29,antall personer,22
EliminatedValue,15,30105,2,2,0,ok-sos006,2019,Frogner,Menn,30-39,antall personer,70
EliminatedValue,15,30105,2,3,0,ok-sos006,2019,Frogner,Menn,40-49,antall personer,145
EliminatedValue,15,30105,2,4,0,ok-sos006,2019,Frogner,Menn,50-59,antall personer,226
EliminatedValue,15,30105,2,5,0,ok-sos006,2019,Frogner,Menn,60-67,antall personer,238
EliminatedValue,15,30106,0,0,0,ok-sos006,2019,Ullern,I alt,I alt,antall personer,862
EliminatedValue,15,30106,0,1,0,ok-sos006,2019,Ullern,I alt,18-29,antall personer,54
EliminatedValue,15,30106,0,2,0,ok-sos006,2019,Ullern,I alt,30-39,antall personer,64
EliminatedValue,15,30106,0,3,0,ok-sos006,2019,Ullern,I alt,40-49,antall personer,135
EliminatedValue,15,30106,0,4,0,ok-sos006,2019,Ullern,I alt,50-59,antall personer,282
EliminatedValue,15,30106,0,5,0,ok-sos006,2019,Ullern,I alt,60-67,antall personer,327
EliminatedValue,15,30106,1,0,0,ok-sos006,2019,Ullern,Kvinner,I alt,antall personer,544
EliminatedValue,15,30106,1,1,0,ok-sos006,2019,Ullern,Kvinner,18-29,antall personer,23
EliminatedValue,15,30106,1,2,0,ok-sos006,2019,Ullern,Kvinner,30-39,antall personer,26
EliminatedValue,15,30106,1,3,0,ok-sos006,2019,Ullern,Kvinner,40-49,antall personer,75
EliminatedValue,15,30106,1,4,0,ok-sos006,2019,Ullern,Kvinner,50-59,antall personer,183
EliminatedValue,15,30106,1,5,0,ok-sos006,2019,Ullern,Kvinner,60-67,antall personer,237
EliminatedValue,15,30106,2,0,0,ok-sos006,2019,Ullern,Menn,I alt,antall personer,318
EliminatedValue,15,30106,2,1,0,ok-sos006,2019,Ullern,Menn,18-29,antall personer,31
EliminatedValue,15,30106,2,2,0,ok-sos006,2019,Ullern,Menn,30-39,antall personer,38
EliminatedValue,15,30106,2,3,0,ok-sos006,2019,Ullern,Menn,40-49,antall personer,60
EliminatedValue,15,30106,2,4,0,ok-sos006,2019,Ullern,Menn,50-59,antall personer,99
EliminatedValue,15,30106,2,5,0,ok-sos006,2019,Ullern,Menn,60-67,antall personer,90
EliminatedValue,15,30107,0,0,0,ok-sos006,2019,Vestre Aker,I alt,I alt,antall personer,1300
EliminatedValue,15,30107,0,1,0,ok-sos006,2019,Vestre Aker,I alt,18-29,antall personer,80
EliminatedValue,15,30107,0,2,0,ok-sos006,2019,Vestre Aker,I alt,30-39,antall personer,114
EliminatedValue,15,30107,0,3,0,ok-sos006,2019,Vestre Aker,I alt,40-49,antall personer,220
EliminatedValue,15,30107,0,4,0,ok-sos006,2019,Vestre Aker,I alt,50-59,antall personer,429
EliminatedValue,15,30107,0,5,0,ok-sos006,2019,Vestre Aker,I alt,60-67,antall personer,457
EliminatedValue,15,30107,1,0,0,ok-sos006,2019,Vestre Aker,Kvinner,I alt,antall personer,811
EliminatedValue,15,30107,1,1,0,ok-sos006,2019,Vestre Aker,Kvinner,18-29,antall personer,39
EliminatedValue,15,30107,1,2,0,ok-sos006,2019,Vestre Aker,Kvinner,30-39,antall personer,61
EliminatedValue,15,30107,1,3,0,ok-sos006,2019,Vestre Aker,Kvinner,40-49,antall personer,138
EliminatedValue,15,30107,1,4,0,ok-sos006,2019,Vestre Aker,Kvinner,50-59,antall personer,272
EliminatedValue,15,30107,1,5,0,ok-sos006,2019,Vestre Aker,Kvinner,60-67,antall personer,301
EliminatedValue,15,30107,2,0,0,ok-sos006,2019,Vestre Aker,Menn,I alt,antall personer,489
EliminatedValue,15,30107,2,1,0,ok-sos006,2019,Vestre Aker,Menn,18-29,antall personer,41
EliminatedValue,15,30107,2,2,0,ok-sos006,2019,Vestre Aker,Menn,30-39,antall personer,53
EliminatedValue,15,30107,2,3,0,ok-sos006,2019,Vestre Aker,Menn,40-49,antall personer,82
EliminatedValue,15,30107,2,4,0,ok-sos006,2019,Vestre Aker,Menn,50-59,antall personer,157
EliminatedValue,15,30107,2,5,0,ok-sos006,2019,Vestre Aker,Menn,60-67,antall personer,156
EliminatedValue,15,30108,0,0,0,ok-sos006,2019,Nordre Aker,I alt,I alt,antall personer,1407
EliminatedValue,15,30108,0,1,0,ok-sos006,2019,Nordre Aker,I alt,18-29,antall personer,93
EliminatedValue,15,30108,0,2,0,ok-sos006,2019,Nordre Aker,I alt,30-39,antall personer,144
EliminatedValue,15,30108,0,3,0,ok-sos006,2019,Nordre Aker,I alt,40-49,antall personer,277
EliminatedValue,15,30108,0,4,0,ok-sos006,2019,Nordre Aker,I alt,50-59,antall personer,444
EliminatedValue,15,30108,0,5,0,ok-sos006,2019,Nordre Aker,I alt,60-67,antall personer,449
EliminatedValue,15,30108,1,0,0,ok-sos006,2019,Nordre Aker,Kvinner,I alt,antall personer,820
EliminatedValue,15,30108,1,1,0,ok-sos006,2019,Nordre Aker,Kvinner,18-29,antall personer,45
EliminatedValue,15,30108,1,2,0,ok-sos006,2019,Nordre Aker,Kvinner,30-39,antall personer,73
EliminatedValue,15,30108,1,3,0,ok-sos006,2019,Nordre Aker,Kvinner,40-49,antall personer,164
EliminatedValue,15,30108,1,4,0,ok-sos006,2019,Nordre Aker,Kvinner,50-59,antall personer,273
EliminatedValue,15,30108,1,5,0,ok-sos006,2019,Nordre Aker,Kvinner,60-67,antall personer,265
EliminatedValue,15,30108,2,0,0,ok-sos006,2019,Nordre Aker,Menn,I alt,antall personer,587
EliminatedValue,15,30108,2,1,0,ok-sos006,2019,Nordre Aker,Menn,18-29,antall personer,48
EliminatedValue,15,30108,2,2,0,ok-sos006,2019,Nordre Aker,Menn,30-39,antall personer,71
EliminatedValue,15,30108,2,3,0,ok-sos006,2019,Nordre Aker,Menn,40-49,antall personer,113
EliminatedValue,15,30108,2,4,0,ok-sos006,2019,Nordre Aker,Menn,50-59,antall personer,171
EliminatedValue,15,30108,2,5,0,ok-sos006,2019,Nordre Aker,Menn,60-67,antall personer,184
EliminatedValue,15,30109,0,0,0,ok-sos006,2019,Bjerke,I alt,I alt,antall personer,1418
EliminatedValue,15,30109,0,1,0,ok-sos006,2019,Bjerke,I alt,18-29,antall personer,76
EliminatedValue,15,30109,0,2,0,ok-sos006,2019,Bjerke,I alt,30-39,antall personer,122
EliminatedValue,15,30109,0,3,0,ok-sos006,2019,Bjerke,I alt,40-49,antall personer,261
EliminatedValue,15,30109,0,4,0,ok-sos006,2019,Bjerke,I alt,50-59,antall personer,518
EliminatedValue,15,30109,0,5,0,ok-sos006,2019,Bjerke,I alt,60-67,antall personer,441
EliminatedValue,15,30109,1,0,0,ok-sos006,2019,Bjerke,Kvinner,I alt,antall personer,772
EliminatedValue,15,30109,1,1,0,ok-sos006,2019,Bjerke,Kvinner,18-29,antall personer,30
EliminatedValue,15,30109,1,2,0,ok-sos006,2019,Bjerke,Kvinner,30-39,antall personer,57
EliminatedValue,15,30109,1,3,0,ok-sos006,2019,Bjerke,Kvinner,40-49,antall personer,157
EliminatedValue,15,30109,1,4,0,ok-sos006,2019,Bjerke,Kvinner,50-59,antall personer,278
EliminatedValue,15,30109,1,5,0,ok-sos006,2019,Bjerke,Kvinner,60-67,antall personer,250
EliminatedValue,15,30109,2,0,0,ok-sos006,2019,Bjerke,Menn,I alt,antall personer,646
EliminatedValue,15,30109,2,1,0,ok-sos006,2019,Bjerke,Menn,18-29,antall personer,46
EliminatedValue,15,30109,2,2,0,ok-sos006,2019,Bjerke,Menn,30-39,antall personer,65
EliminatedValue,15,30109,2,3,0,ok-sos006,2019,Bjerke,Menn,40-49,antall personer,104
EliminatedValue,15,30109,2,4,0,ok-sos006,2019,Bjerke,Menn,50-59,antall personer,240
EliminatedValue,15,30109,2,5,0,ok-sos006,2019,Bjerke,Menn,60-67,antall personer,191
EliminatedValue,15,30110,0,0,0,ok-sos006,2019,Grorud,I alt,I alt,antall personer,1979
EliminatedValue,15,30110,0,1,0,ok-sos006,2019,Grorud,I alt,18-29,antall personer,112
EliminatedValue,15,30110,0,2,0,ok-sos006,2019,Grorud,I alt,30-39,antall personer,174
EliminatedValue,15,30110,0,3,0,ok-sos006,2019,Grorud,I alt,40-49,antall personer,332
EliminatedValue,15,30110,0,4,0,ok-sos006,2019,Grorud,I alt,50-59,antall personer,728
EliminatedValue,15,30110,0,5,0,ok-sos006,2019,Grorud,I alt,60-67,antall personer,633
EliminatedValue,15,30110,1,0,0,ok-sos006,2019,Grorud,Kvinner,I alt,antall personer,1059
EliminatedValue,15,30110,1,1,0,ok-sos006,2019,Grorud,Kvinner,18-29,antall personer,45
EliminatedValue,15,30110,1,2,0,ok-sos006,2019,Grorud,Kvinner,30-39,antall personer,87
EliminatedValue,15,30110,1,3,0,ok-sos006,2019,Grorud,Kvinner,40-49,antall personer,195
EliminatedValue,15,30110,1,4,0,ok-sos006,2019,Grorud,Kvinner,50-59,antall personer,403
EliminatedValue,15,30110,1,5,0,ok-sos006,2019,Grorud,Kvinner,60-67,antall personer,329
EliminatedValue,15,30110,2,0,0,ok-sos006,2019,Grorud,Menn,I alt,antall personer,920
EliminatedValue,15,30110,2,1,0,ok-sos006,2019,Grorud,Menn,18-29,antall personer,67
EliminatedValue,15,30110,2,2,0,ok-sos006,2019,Grorud,Menn,30-39,antall personer,87
EliminatedValue,15,30110,2,3,0,ok-sos006,2019,Grorud,Menn,40-49,antall personer,137
EliminatedValue,15,30110,2,4,0,ok-sos006,2019,Grorud,Menn,50-59,antall personer,325
EliminatedValue,15,30110,2,5,0,ok-sos006,2019,Grorud,Menn,60-67,antall personer,304
EliminatedValue,15,30111,0,0,0,ok-sos006,2019,Stovner,I alt,I alt,antall personer,2067
EliminatedValue,15,30111,0,1,0,ok-sos006,2019,Stovner,I alt,18-29,antall personer,125
EliminatedValue,15,30111,0,2,0,ok-sos006,2019,Stovner,I alt,30-39,antall personer,145
EliminatedValue,15,30111,0,3,0,ok-sos006,2019,Stovner,I alt,40-49,antall personer,362
EliminatedValue,15,30111,0,4,0,ok-sos006,2019,Stovner,I alt,50-59,antall personer,791
EliminatedValue,15,30111,0,5,0,ok-sos006,2019,Stovner,I alt,60-67,antall personer,644
EliminatedValue,15,30111,1,0,0,ok-sos006,2019,Stovner,Kvinner,I alt,antall personer,1111
EliminatedValue,15,30111,1,1,0,ok-sos006,2019,Stovner,Kvinner,18-29,antall personer,42
EliminatedValue,15,30111,1,2,0,ok-sos006,2019,Stovner,Kvinner,30-39,antall personer,68
EliminatedValue,15,30111,1,3,0,ok-sos006,2019,Stovner,Kvinner,40-49,antall personer,211
EliminatedValue,15,30111,1,4,0,ok-sos006,2019,Stovner,Kvinner,50-59,antall personer,416
EliminatedValue,15,30111,1,5,0,ok-sos006,2019,Stovner,Kvinner,60-67,antall personer,374
EliminatedValue,15,30111,2,0,0,ok-sos006,2019,Stovner,Menn,I alt,antall personer,956
EliminatedValue,15,30111,2,1,0,ok-sos006,2019,Stovner,Menn,18-29,antall personer,83
EliminatedValue,15,30111,2,2,0,ok-sos006,2019,Stovner,Menn,30-39,antall personer,77
EliminatedValue,15,30111,2,3,0,ok-sos006,2019,Stovner,Menn,40-49,antall personer,151
EliminatedValue,15,30111,2,4,0,ok-sos006,2019,Stovner,Menn,50-59,antall personer,375
EliminatedValue,15,30111,2,5,0,ok-sos006,2019,Stovner,Menn,60-67,antall personer,270
EliminatedValue,15,30112,0,0,0,ok-sos006,2019,Alna,I alt,I alt,antall personer,3393
EliminatedValue,15,30112,0,1,0,ok-sos006,2019,Alna,I alt,18-29,antall personer,156
EliminatedValue,15,30112,0,2,0,ok-sos006,2019,Alna,I alt,30-39,antall personer,265
EliminatedValue,15,30112,0,3,0,ok-sos006,2019,Alna,I alt,40-49,antall personer,592
EliminatedValue,15,30112,0,4,0,ok-sos006,2019,Alna,I alt,50-59,antall personer,1301
EliminatedValue,15,30112,0,5,0,ok-sos006,2019,Alna,I alt,60-67,antall personer,1079
EliminatedValue,15,30112,1,0,0,ok-sos006,2019,Alna,Kvinner,I alt,antall personer,1889
EliminatedValue,15,30112,1,1,0,ok-sos006,2019,Alna,Kvinner,18-29,antall personer,68
EliminatedValue,15,30112,1,2,0,ok-sos006,2019,Alna,Kvinner,30-39,antall personer,134
EliminatedValue,15,30112,1,3,0,ok-sos006,2019,Alna,Kvinner,40-49,antall personer,336
EliminatedValue,15,30112,1,4,0,ok-sos006,2019,Alna,Kvinner,50-59,antall personer,734
EliminatedValue,15,30112,1,5,0,ok-sos006,2019,Alna,Kvinner,60-67,antall personer,617
EliminatedValue,15,30112,2,0,0,ok-sos006,2019,Alna,Menn,I alt,antall personer,1504
EliminatedValue,15,30112,2,1,0,ok-sos006,2019,Alna,Menn,18-29,antall personer,88
EliminatedValue,15,30112,2,2,0,ok-sos006,2019,Alna,Menn,30-39,antall personer,131
EliminatedValue,15,30112,2,3,0,ok-sos006,2019,Alna,Menn,40-49,antall personer,256
EliminatedValue,15,30112,2,4,0,ok-sos006,2019,Alna,Menn,50-59,antall personer,567
EliminatedValue,15,30112,2,5,0,ok-sos006,2019,Alna,Menn,60-67,antall personer,462
EliminatedValue,15,30113,0,0,0,ok-sos006,2019,Østensjø,I alt,I alt,antall personer,2356
EliminatedValue,15,30113,0,1,0,ok-sos006,2019,Østensjø,I alt,18-29,antall personer,97
EliminatedValue,15,30113,0,2,0,ok-sos006,2019,Østensjø,I alt,30-39,antall personer,144
EliminatedValue,15,30113,0,3,0,ok-sos006,2019,Østensjø,I alt,40-49,antall personer,365
EliminatedValue,15,30113,0,4,0,ok-sos006,2019,Østensjø,I alt,50-59,antall personer,880
EliminatedValue,15,30113,0,5,0,ok-sos006,2019,Østensjø,I alt,60-67,antall personer,870
EliminatedValue,15,30113,1,0,0,ok-sos006,2019,Østensjø,Kvinner,I alt,antall personer,1442
EliminatedValue,15,30113,1,1,0,ok-sos006,2019,Østensjø,Kvinner,18-29,antall personer,47
EliminatedValue,15,30113,1,2,0,ok-sos006,2019,Østensjø,Kvinner,30-39,antall personer,79
EliminatedValue,15,30113,1,3,0,ok-sos006,2019,Østensjø,Kvinner,40-49,antall personer,217
EliminatedValue,15,30113,1,4,0,ok-sos006,2019,Østensjø,Kvinner,50-59,antall personer,573
EliminatedValue,15,30113,1,5,0,ok-sos006,2019,Østensjø,Kvinner,60-67,antall personer,526
EliminatedValue,15,30113,2,0,0,ok-sos006,2019,Østensjø,Menn,I alt,antall personer,914
EliminatedValue,15,30113,2,1,0,ok-sos006,2019,Østensjø,Menn,18-29,antall personer,50
EliminatedValue,15,30113,2,2,0,ok-sos006,2019,Østensjø,Menn,30-39,antall personer,65
EliminatedValue,15,30113,2,3,0,ok-sos006,2019,Østensjø,Menn,40-49,antall personer,148
EliminatedValue,15,30113,2,4,0,ok-sos006,2019,Østensjø,Menn,50-59,antall personer,307
EliminatedValue,15,30113,2,5,0,ok-sos006,2019,Østensjø,Menn,60-67,antall personer,344
EliminatedValue,15,30114,0,0,0,ok-sos006,2019,Nordstrand,I alt,I alt,antall personer,1818
EliminatedValue,15,30114,0,1,0,ok-sos006,2019,Nordstrand,I alt,18-29,antall personer,102
EliminatedValue,15,30114,0,2,0,ok-sos006,2019,Nordstrand,I alt,30-39,antall personer,147
EliminatedValue,15,30114,0,3,0,ok-sos006,2019,Nordstrand,I alt,40-49,antall personer,292
EliminatedValue,15,30114,0,4,0,ok-sos006,2019,Nordstrand,I alt,50-59,antall personer,626
EliminatedValue,15,30114,0,5,0,ok-sos006,2019,Nordstrand,I alt,60-67,antall personer,651
EliminatedValue,15,30114,1,0,0,ok-sos006,2019,Nordstrand,Kvinner,I alt,antall personer,1151
EliminatedValue,15,30114,1,1,0,ok-sos006,2019,Nordstrand,Kvinner,18-29,antall personer,46
EliminatedValue,15,30114,1,2,0,ok-sos006,2019,Nordstrand,Kvinner,30-39,antall personer,80
EliminatedValue,15,30114,1,3,0,ok-sos006,2019,Nordstrand,Kvinner,40-49,antall personer,195
EliminatedValue,15,30114,1,4,0,ok-sos006,2019,Nordstrand,Kvinner,50-59,antall personer,406
EliminatedValue,15,30114,1,5,0,ok-sos006,2019,Nordstrand,Kvinner,60-67,antall personer,424
EliminatedValue,15,30114,2,0,0,ok-sos006,2019,Nordstrand,Menn,I alt,antall personer,667
EliminatedValue,15,30114,2,1,0,ok-sos006,2019,Nordstrand,Menn,18-29,antall personer,56
EliminatedValue,15,30114,2,2,0,ok-sos006,2019,Nordstrand,Menn,30-39,antall personer,67
EliminatedValue,15,30114,2,3,0,ok-sos006,2019,Nordstrand,Menn,40-49,antall personer,97
EliminatedValue,15,30114,2,4,0,ok-sos006,2019,Nordstrand,Menn,50-59,antall personer,220
EliminatedValue,15,30114,2,5,0,ok-sos006,2019,Nordstrand,Menn,60-67,antall personer,227
EliminatedValue,15,30115,0,0,0,ok-sos006,2019,Søndre Nordstrand,I alt,I alt,antall personer,2354
EliminatedValue,15,30115,0,1,0,ok-sos006,2019,Søndre Nordstrand,I alt,18-29,antall personer,121
EliminatedValue,15,30115,0,2,0,ok-sos006,2019,Søndre Nordstrand,I alt,30-39,antall personer,195
EliminatedValue,15,30115,0,3,0,ok-sos006,2019,Søndre Nordstrand,I alt,40-49,antall personer,430
EliminatedValue,15,30115,0,4,0,ok-sos006,2019,Søndre Nordstrand,I alt,50-59,antall personer,822
EliminatedValue,15,30115,0,5,0,ok-sos006,2019,Søndre Nordstrand,I alt,60-67,antall personer,786
EliminatedValue,15,30115,1,0,0,ok-sos006,2019,Søndre Nordstrand,Kvinner,I alt,antall personer,1355
EliminatedValue,15,30115,1,1,0,ok-sos006,2019,Søndre Nordstrand,Kvinner,18-29,antall personer,58
EliminatedValue,15,30115,1,2,0,ok-sos006,2019,Søndre Nordstrand,Kvinner,30-39,antall personer,96
EliminatedValue,15,30115,1,3,0,ok-sos006,2019,Søndre Nordstrand,Kvinner,40-49,antall personer,257
EliminatedValue,15,30115,1,4,0,ok-sos006,2019,Søndre Nordstrand,Kvinner,50-59,antall personer,503
EliminatedValue,15,30115,1,5,0,ok-sos006,2019,Søndre Nordstrand,Kvinner,60-67,antall personer,441
EliminatedValue,15,30115,2,0,0,ok-sos006,2019,Søndre Nordstrand,Menn,I alt,antall personer,999
EliminatedValue,15,30115,2,1,0,ok-sos006,2019,Søndre Nordstrand,Menn,18-29,antall personer,63
EliminatedValue,15,30115,2,2,0,ok-sos006,2019,Søndre Nordstrand,Menn,30-39,antall personer,99
EliminatedValue,15,30115,2,3,0,ok-sos006,2019,Søndre Nordstrand,Menn,40-49,antall personer,173
EliminatedValue,15,30115,2,4,0,ok-sos006,2019,Søndre Nordstrand,Menn,50-59,antall personer,319
EliminatedValue,15,30115,2,5,0,ok-sos006,2019,Søndre Nordstrand,Menn,60-67,antall personer,345
EliminatedValue,15,30199,0,0,0,ok-sos006,2019,Uten registrert adresse,I alt,I alt,antall personer,18
EliminatedValue,15,30199,0,1,0,ok-sos006,2019,Uten registrert adresse,I alt,18-29,antall personer,
EliminatedValue,15,30199,0,2,0,ok-sos006,2019,Uten registrert adresse,I alt,30-39,antall personer,1
EliminatedValue,15,30199,0,3,0,ok-sos006,2019,Uten registrert adresse,I alt,40-49,antall personer,1
EliminatedValue,15,30199,0,4,0,ok-sos006,2019,Uten registrert adresse,I alt,50-59,antall personer,10
EliminatedValue,15,30199,0,5,0,ok-sos006,2019,Uten registrert adresse,I alt,60-67,antall personer,6
EliminatedValue,15,30199,1,0,0,ok-sos006,2019,Uten registrert adresse,Kvinner,I alt,antall personer,11
EliminatedValue,15,30199,1,1,0,ok-sos006,2019,Uten registrert adresse,Kvinner,18-29,antall personer,
EliminatedValue,15,30199,1,2,0,ok-sos006,2019,Uten registrert adresse,Kvinner,30-39,antall personer,1
EliminatedValue,15,30199,1,3,0,ok-sos006,2019,Uten registrert adresse,Kvinner,40-49,antall personer,
EliminatedValue,15,30199,1,4,0,ok-sos006,2019,Uten registrert adresse,Kvinner,50-59,antall personer,7
EliminatedValue,15,30199,1,5,0,ok-sos006,2019,Uten registrert adresse,Kvinner,60-67,antall personer,3
EliminatedValue,15,30199,2,0,0,ok-sos006,2019,Uten registrert adresse,Menn,I alt,antall personer,7
EliminatedValue,15,30199,2,1,0,ok-sos006,2019,Uten registrert adresse,Menn,18-29,antall personer,
EliminatedValue,15,30199,2,2,0,ok-sos006,2019,Uten registrert adresse,Menn,30-39,antall personer,
EliminatedValue,15,30199,2,3,0,ok-sos006,2019,Uten registrert adresse,Menn,40-49,antall personer,1
EliminatedValue,15,30199,2,4,0,ok-sos006,2019,Uten registrert adresse,Menn,50-59,antall personer,3
EliminatedValue,15,30199,2,5,0,ok-sos006,2019,Uten registrert adresse,Menn,60-67,antall personer,3
EliminatedValue,15,30118195,0,0,0,ok-sos006,2019,Ukjent bydel,I alt,I alt,antall personer,
EliminatedValue,15,30118195,0,1,0,ok-sos006,2019,Ukjent bydel,I alt,18-29,antall personer,
EliminatedValue,15,30118195,0,2,0,ok-sos006,2019,Ukjent bydel,I alt,30-39,antall personer,
EliminatedValue,15,30118195,0,3,0,ok-sos006,2019,Ukjent bydel,I alt,40-49,antall personer,
EliminatedValue,15,30118195,0,4,0,ok-sos006,2019,Ukjent bydel,I alt,50-59,antall personer,
EliminatedValue,15,30118195,0,5,0,ok-sos006,2019,Ukjent bydel,I alt,60-67,antall personer,
EliminatedValue,15,30118195,1,0,0,ok-sos006,2019,Ukjent bydel,Kvinner,I alt,antall personer,
EliminatedValue,15,30118195,1,1,0,ok-sos006,2019,Ukjent bydel,Kvinner,18-29,antall personer,
EliminatedValue,15,30118195,1,2,0,ok-sos006,2019,Ukjent bydel,Kvinner,30-39,antall personer,
EliminatedValue,15,30118195,1,3,0,ok-sos006,2019,Ukjent bydel,Kvinner,40-49,antall personer,
EliminatedValue,15,30118195,1,4,0,ok-sos006,2019,Ukjent bydel,Kvinner,50-59,antall personer,
EliminatedValue,15,30118195,1,5,0,ok-sos006,2019,Ukjent bydel,Kvinner,60-67,antall personer,
EliminatedValue,15,30118195,2,0,0,ok-sos006,2019,Ukjent bydel,Menn,I alt,antall personer,
EliminatedValue,15,30118195,2,1,0,ok-sos006,2019,Ukjent bydel,Menn,18-29,antall personer,
EliminatedValue,15,30118195,2,2,0,ok-sos006,2019,Ukjent bydel,Menn,30-39,antall personer,
EliminatedValue,15,30118195,2,3,0,ok-sos006,2019,Ukjent bydel,Menn,40-49,antall personer,
EliminatedValue,15,30118195,2,4,0,ok-sos006,2019,Ukjent bydel,Menn,50-59,antall personer,
EliminatedValue,15,30118195,2,5,0,ok-sos006,2019,Ukjent bydel,Menn,60-67,antall personer,
EliminatedValue,16,301,0,0,0,ok-sos006,2020,Oslo i alt,I alt,I alt,antall personer,29963
EliminatedValue,16,301,0,1,0,ok-sos006,2020,Oslo i alt,I alt,18-29,antall personer,1615
EliminatedValue,16,301,0,2,0,ok-sos006,2020,Oslo i alt,I alt,30-39,antall personer,2846
EliminatedValue,16,301,0,3,0,ok-sos006,2020,Oslo i alt,I alt,40-49,antall personer,5406
EliminatedValue,16,301,0,4,0,ok-sos006,2020,Oslo i alt,I alt,50-59,antall personer,10558
EliminatedValue,16,301,0,5,0,ok-sos006,2020,Oslo i alt,I alt,60-67,antall personer,9538
EliminatedValue,16,301,1,0,0,ok-sos006,2020,Oslo i alt,Kvinner,I alt,antall personer,16755
EliminatedValue,16,301,1,1,0,ok-sos006,2020,Oslo i alt,Kvinner,18-29,antall personer,756
EliminatedValue,16,301,1,2,0,ok-sos006,2020,Oslo i alt,Kvinner,30-39,antall personer,1421
EliminatedValue,16,301,1,3,0,ok-sos006,2020,Oslo i alt,Kvinner,40-49,antall personer,3098
EliminatedValue,16,301,1,4,0,ok-sos006,2020,Oslo i alt,Kvinner,50-59,antall personer,5997
EliminatedValue,16,301,1,5,0,ok-sos006,2020,Oslo i alt,Kvinner,60-67,antall personer,5483
EliminatedValue,16,301,2,0,0,ok-sos006,2020,Oslo i alt,Menn,I alt,antall personer,13208
EliminatedValue,16,301,2,1,0,ok-sos006,2020,Oslo i alt,Menn,18-29,antall personer,859
EliminatedValue,16,301,2,2,0,ok-sos006,2020,Oslo i alt,Menn,30-39,antall personer,1425
EliminatedValue,16,301,2,3,0,ok-sos006,2020,Oslo i alt,Menn,40-49,antall personer,2308
EliminatedValue,16,301,2,4,0,ok-sos006,2020,Oslo i alt,Menn,50-59,antall personer,4561
EliminatedValue,16,301,2,5,0,ok-sos006,2020,Oslo i alt,Menn,60-67,antall personer,4055
EliminatedValue,16,30101,0,0,0,ok-sos006,2020,Gamle Oslo,I alt,I alt,antall personer,2718
EliminatedValue,16,30101,0,1,0,ok-sos006,2020,Gamle Oslo,I alt,18-29,antall personer,96
EliminatedValue,16,30101,0,2,0,ok-sos006,2020,Gamle Oslo,I alt,30-39,antall personer,293
EliminatedValue,16,30101,0,3,0,ok-sos006,2020,Gamle Oslo,I alt,40-49,antall personer,549
EliminatedValue,16,30101,0,4,0,ok-sos006,2020,Gamle Oslo,I alt,50-59,antall personer,960
EliminatedValue,16,30101,0,5,0,ok-sos006,2020,Gamle Oslo,I alt,60-67,antall personer,820
EliminatedValue,16,30101,1,0,0,ok-sos006,2020,Gamle Oslo,Kvinner,I alt,antall personer,1380
EliminatedValue,16,30101,1,1,0,ok-sos006,2020,Gamle Oslo,Kvinner,18-29,antall personer,43
EliminatedValue,16,30101,1,2,0,ok-sos006,2020,Gamle Oslo,Kvinner,30-39,antall personer,140
EliminatedValue,16,30101,1,3,0,ok-sos006,2020,Gamle Oslo,Kvinner,40-49,antall personer,281
EliminatedValue,16,30101,1,4,0,ok-sos006,2020,Gamle Oslo,Kvinner,50-59,antall personer,473
EliminatedValue,16,30101,1,5,0,ok-sos006,2020,Gamle Oslo,Kvinner,60-67,antall personer,443
EliminatedValue,16,30101,2,0,0,ok-sos006,2020,Gamle Oslo,Menn,I alt,antall personer,1338
EliminatedValue,16,30101,2,1,0,ok-sos006,2020,Gamle Oslo,Menn,18-29,antall personer,53
EliminatedValue,16,30101,2,2,0,ok-sos006,2020,Gamle Oslo,Menn,30-39,antall personer,153
EliminatedValue,16,30101,2,3,0,ok-sos006,2020,Gamle Oslo,Menn,40-49,antall personer,268
EliminatedValue,16,30101,2,4,0,ok-sos006,2020,Gamle Oslo,Menn,50-59,antall personer,487
EliminatedValue,16,30101,2,5,0,ok-sos006,2020,Gamle Oslo,Menn,60-67,antall personer,377
EliminatedValue,16,30102,0,0,0,ok-sos006,2020,Grünerløkka,I alt,I alt,antall personer,2352
EliminatedValue,16,30102,0,1,0,ok-sos006,2020,Grünerløkka,I alt,18-29,antall personer,157
EliminatedValue,16,30102,0,2,0,ok-sos006,2020,Grünerløkka,I alt,30-39,antall personer,266
EliminatedValue,16,30102,0,3,0,ok-sos006,2020,Grünerløkka,I alt,40-49,antall personer,462
EliminatedValue,16,30102,0,4,0,ok-sos006,2020,Grünerløkka,I alt,50-59,antall personer,806
EliminatedValue,16,30102,0,5,0,ok-sos006,2020,Grünerløkka,I alt,60-67,antall personer,661
EliminatedValue,16,30102,1,0,0,ok-sos006,2020,Grünerløkka,Kvinner,I alt,antall personer,1175
EliminatedValue,16,30102,1,1,0,ok-sos006,2020,Grünerløkka,Kvinner,18-29,antall personer,75
EliminatedValue,16,30102,1,2,0,ok-sos006,2020,Grünerløkka,Kvinner,30-39,antall personer,138
EliminatedValue,16,30102,1,3,0,ok-sos006,2020,Grünerløkka,Kvinner,40-49,antall personer,226
EliminatedValue,16,30102,1,4,0,ok-sos006,2020,Grünerløkka,Kvinner,50-59,antall personer,398
EliminatedValue,16,30102,1,5,0,ok-sos006,2020,Grünerløkka,Kvinner,60-67,antall personer,338
EliminatedValue,16,30102,2,0,0,ok-sos006,2020,Grünerløkka,Menn,I alt,antall personer,1177
EliminatedValue,16,30102,2,1,0,ok-sos006,2020,Grünerløkka,Menn,18-29,antall personer,82
EliminatedValue,16,30102,2,2,0,ok-sos006,2020,Grünerløkka,Menn,30-39,antall personer,128
EliminatedValue,16,30102,2,3,0,ok-sos006,2020,Grünerløkka,Menn,40-49,antall personer,236
EliminatedValue,16,30102,2,4,0,ok-sos006,2020,Grünerløkka,Menn,50-59,antall personer,408
EliminatedValue,16,30102,2,5,0,ok-sos006,2020,Grünerløkka,Menn,60-67,antall personer,323
EliminatedValue,16,30103,0,0,0,ok-sos006,2020,Sagene,I alt,I alt,antall personer,1883
EliminatedValue,16,30103,0,1,0,ok-sos006,2020,Sagene,I alt,18-29,antall personer,91
EliminatedValue,16,30103,0,2,0,ok-sos006,2020,Sagene,I alt,30-39,antall personer,188
EliminatedValue,16,30103,0,3,0,ok-sos006,2020,Sagene,I alt,40-49,antall personer,342
EliminatedValue,16,30103,0,4,0,ok-sos006,2020,Sagene,I alt,50-59,antall personer,683
EliminatedValue,16,30103,0,5,0,ok-sos006,2020,Sagene,I alt,60-67,antall personer,579
EliminatedValue,16,30103,1,0,0,ok-sos006,2020,Sagene,Kvinner,I alt,antall personer,965
EliminatedValue,16,30103,1,1,0,ok-sos006,2020,Sagene,Kvinner,18-29,antall personer,45
EliminatedValue,16,30103,1,2,0,ok-sos006,2020,Sagene,Kvinner,30-39,antall personer,100
EliminatedValue,16,30103,1,3,0,ok-sos006,2020,Sagene,Kvinner,40-49,antall personer,170
EliminatedValue,16,30103,1,4,0,ok-sos006,2020,Sagene,Kvinner,50-59,antall personer,348
EliminatedValue,16,30103,1,5,0,ok-sos006,2020,Sagene,Kvinner,60-67,antall personer,302
EliminatedValue,16,30103,2,0,0,ok-sos006,2020,Sagene,Menn,I alt,antall personer,918
EliminatedValue,16,30103,2,1,0,ok-sos006,2020,Sagene,Menn,18-29,antall personer,46
EliminatedValue,16,30103,2,2,0,ok-sos006,2020,Sagene,Menn,30-39,antall personer,88
EliminatedValue,16,30103,2,3,0,ok-sos006,2020,Sagene,Menn,40-49,antall personer,172
EliminatedValue,16,30103,2,4,0,ok-sos006,2020,Sagene,Menn,50-59,antall personer,335
EliminatedValue,16,30103,2,5,0,ok-sos006,2020,Sagene,Menn,60-67,antall personer,277
EliminatedValue,16,30104,0,0,0,ok-sos006,2020,St. Hanshaugen,I alt,I alt,antall personer,1314
EliminatedValue,16,30104,0,1,0,ok-sos006,2020,St. Hanshaugen,I alt,18-29,antall personer,72
EliminatedValue,16,30104,0,2,0,ok-sos006,2020,St. Hanshaugen,I alt,30-39,antall personer,173
EliminatedValue,16,30104,0,3,0,ok-sos006,2020,St. Hanshaugen,I alt,40-49,antall personer,259
EliminatedValue,16,30104,0,4,0,ok-sos006,2020,St. Hanshaugen,I alt,50-59,antall personer,427
EliminatedValue,16,30104,0,5,0,ok-sos006,2020,St. Hanshaugen,I alt,60-67,antall personer,383
EliminatedValue,16,30104,1,0,0,ok-sos006,2020,St. Hanshaugen,Kvinner,I alt,antall personer,693
EliminatedValue,16,30104,1,1,0,ok-sos006,2020,St. Hanshaugen,Kvinner,18-29,antall personer,45
EliminatedValue,16,30104,1,2,0,ok-sos006,2020,St. Hanshaugen,Kvinner,30-39,antall personer,76
EliminatedValue,16,30104,1,3,0,ok-sos006,2020,St. Hanshaugen,Kvinner,40-49,antall personer,141
EliminatedValue,16,30104,1,4,0,ok-sos006,2020,St. Hanshaugen,Kvinner,50-59,antall personer,215
EliminatedValue,16,30104,1,5,0,ok-sos006,2020,St. Hanshaugen,Kvinner,60-67,antall personer,216
EliminatedValue,16,30104,2,0,0,ok-sos006,2020,St. Hanshaugen,Menn,I alt,antall personer,621
EliminatedValue,16,30104,2,1,0,ok-sos006,2020,St. Hanshaugen,Menn,18-29,antall personer,27
EliminatedValue,16,30104,2,2,0,ok-sos006,2020,St. Hanshaugen,Menn,30-39,antall personer,97
EliminatedValue,16,30104,2,3,0,ok-sos006,2020,St. Hanshaugen,Menn,40-49,antall personer,118
EliminatedValue,16,30104,2,4,0,ok-sos006,2020,St. Hanshaugen,Menn,50-59,antall personer,212
EliminatedValue,16,30104,2,5,0,ok-sos006,2020,St. Hanshaugen,Menn,60-67,antall personer,167
EliminatedValue,16,30105,0,0,0,ok-sos006,2020,Frogner,I alt,I alt,antall personer,1815
EliminatedValue,16,30105,0,1,0,ok-sos006,2020,Frogner,I alt,18-29,antall personer,74
EliminatedValue,16,30105,0,2,0,ok-sos006,2020,Frogner,I alt,30-39,antall personer,166
EliminatedValue,16,30105,0,3,0,ok-sos006,2020,Frogner,I alt,40-49,antall personer,347
EliminatedValue,16,30105,0,4,0,ok-sos006,2020,Frogner,I alt,50-59,antall personer,629
EliminatedValue,16,30105,0,5,0,ok-sos006,2020,Frogner,I alt,60-67,antall personer,599
EliminatedValue,16,30105,1,0,0,ok-sos006,2020,Frogner,Kvinner,I alt,antall personer,1053
EliminatedValue,16,30105,1,1,0,ok-sos006,2020,Frogner,Kvinner,18-29,antall personer,48
EliminatedValue,16,30105,1,2,0,ok-sos006,2020,Frogner,Kvinner,30-39,antall personer,79
EliminatedValue,16,30105,1,3,0,ok-sos006,2020,Frogner,Kvinner,40-49,antall personer,192
EliminatedValue,16,30105,1,4,0,ok-sos006,2020,Frogner,Kvinner,50-59,antall personer,388
EliminatedValue,16,30105,1,5,0,ok-sos006,2020,Frogner,Kvinner,60-67,antall personer,346
EliminatedValue,16,30105,2,0,0,ok-sos006,2020,Frogner,Menn,I alt,antall personer,762
EliminatedValue,16,30105,2,1,0,ok-sos006,2020,Frogner,Menn,18-29,antall personer,26
EliminatedValue,16,30105,2,2,0,ok-sos006,2020,Frogner,Menn,30-39,antall personer,87
EliminatedValue,16,30105,2,3,0,ok-sos006,2020,Frogner,Menn,40-49,antall personer,155
EliminatedValue,16,30105,2,4,0,ok-sos006,2020,Frogner,Menn,50-59,antall personer,241
EliminatedValue,16,30105,2,5,0,ok-sos006,2020,Frogner,Menn,60-67,antall personer,253
EliminatedValue,16,30106,0,0,0,ok-sos006,2020,Ullern,I alt,I alt,antall personer,887
EliminatedValue,16,30106,0,1,0,ok-sos006,2020,Ullern,I alt,18-29,antall personer,56
EliminatedValue,16,30106,0,2,0,ok-sos006,2020,Ullern,I alt,30-39,antall personer,75
EliminatedValue,16,30106,0,3,0,ok-sos006,2020,Ullern,I alt,40-49,antall personer,142
EliminatedValue,16,30106,0,4,0,ok-sos006,2020,Ullern,I alt,50-59,antall personer,268
EliminatedValue,16,30106,0,5,0,ok-sos006,2020,Ullern,I alt,60-67,antall personer,346
EliminatedValue,16,30106,1,0,0,ok-sos006,2020,Ullern,Kvinner,I alt,antall personer,558
EliminatedValue,16,30106,1,1,0,ok-sos006,2020,Ullern,Kvinner,18-29,antall personer,28
EliminatedValue,16,30106,1,2,0,ok-sos006,2020,Ullern,Kvinner,30-39,antall personer,35
EliminatedValue,16,30106,1,3,0,ok-sos006,2020,Ullern,Kvinner,40-49,antall personer,78
EliminatedValue,16,30106,1,4,0,ok-sos006,2020,Ullern,Kvinner,50-59,antall personer,173
EliminatedValue,16,30106,1,5,0,ok-sos006,2020,Ullern,Kvinner,60-67,antall personer,244
EliminatedValue,16,30106,2,0,0,ok-sos006,2020,Ullern,Menn,I alt,antall personer,329
EliminatedValue,16,30106,2,1,0,ok-sos006,2020,Ullern,Menn,18-29,antall personer,28
EliminatedValue,16,30106,2,2,0,ok-sos006,2020,Ullern,Menn,30-39,antall personer,40
EliminatedValue,16,30106,2,3,0,ok-sos006,2020,Ullern,Menn,40-49,antall personer,64
EliminatedValue,16,30106,2,4,0,ok-sos006,2020,Ullern,Menn,50-59,antall personer,95
EliminatedValue,16,30106,2,5,0,ok-sos006,2020,Ullern,Menn,60-67,antall personer,102
EliminatedValue,16,30107,0,0,0,ok-sos006,2020,Vestre Aker,I alt,I alt,antall personer,1279
EliminatedValue,16,30107,0,1,0,ok-sos006,2020,Vestre Aker,I alt,18-29,antall personer,77
EliminatedValue,16,30107,0,2,0,ok-sos006,2020,Vestre Aker,I alt,30-39,antall personer,130
EliminatedValue,16,30107,0,3,0,ok-sos006,2020,Vestre Aker,I alt,40-49,antall personer,225
EliminatedValue,16,30107,0,4,0,ok-sos006,2020,Vestre Aker,I alt,50-59,antall personer,426
EliminatedValue,16,30107,0,5,0,ok-sos006,2020,Vestre Aker,I alt,60-67,antall personer,421
EliminatedValue,16,30107,1,0,0,ok-sos006,2020,Vestre Aker,Kvinner,I alt,antall personer,785
EliminatedValue,16,30107,1,1,0,ok-sos006,2020,Vestre Aker,Kvinner,18-29,antall personer,34
EliminatedValue,16,30107,1,2,0,ok-sos006,2020,Vestre Aker,Kvinner,30-39,antall personer,65
EliminatedValue,16,30107,1,3,0,ok-sos006,2020,Vestre Aker,Kvinner,40-49,antall personer,143
EliminatedValue,16,30107,1,4,0,ok-sos006,2020,Vestre Aker,Kvinner,50-59,antall personer,276
EliminatedValue,16,30107,1,5,0,ok-sos006,2020,Vestre Aker,Kvinner,60-67,antall personer,267
EliminatedValue,16,30107,2,0,0,ok-sos006,2020,Vestre Aker,Menn,I alt,antall personer,494
EliminatedValue,16,30107,2,1,0,ok-sos006,2020,Vestre Aker,Menn,18-29,antall personer,43
EliminatedValue,16,30107,2,2,0,ok-sos006,2020,Vestre Aker,Menn,30-39,antall personer,65
EliminatedValue,16,30107,2,3,0,ok-sos006,2020,Vestre Aker,Menn,40-49,antall personer,82
EliminatedValue,16,30107,2,4,0,ok-sos006,2020,Vestre Aker,Menn,50-59,antall personer,150
EliminatedValue,16,30107,2,5,0,ok-sos006,2020,Vestre Aker,Menn,60-67,antall personer,154
EliminatedValue,16,30108,0,0,0,ok-sos006,2020,Nordre Aker,I alt,I alt,antall personer,1453
EliminatedValue,16,30108,0,1,0,ok-sos006,2020,Nordre Aker,I alt,18-29,antall personer,105
EliminatedValue,16,30108,0,2,0,ok-sos006,2020,Nordre Aker,I alt,30-39,antall personer,162
EliminatedValue,16,30108,0,3,0,ok-sos006,2020,Nordre Aker,I alt,40-49,antall personer,276
EliminatedValue,16,30108,0,4,0,ok-sos006,2020,Nordre Aker,I alt,50-59,antall personer,453
EliminatedValue,16,30108,0,5,0,ok-sos006,2020,Nordre Aker,I alt,60-67,antall personer,457
EliminatedValue,16,30108,1,0,0,ok-sos006,2020,Nordre Aker,Kvinner,I alt,antall personer,857
EliminatedValue,16,30108,1,1,0,ok-sos006,2020,Nordre Aker,Kvinner,18-29,antall personer,57
EliminatedValue,16,30108,1,2,0,ok-sos006,2020,Nordre Aker,Kvinner,30-39,antall personer,87
EliminatedValue,16,30108,1,3,0,ok-sos006,2020,Nordre Aker,Kvinner,40-49,antall personer,164
EliminatedValue,16,30108,1,4,0,ok-sos006,2020,Nordre Aker,Kvinner,50-59,antall personer,278
EliminatedValue,16,30108,1,5,0,ok-sos006,2020,Nordre Aker,Kvinner,60-67,antall personer,271
EliminatedValue,16,30108,2,0,0,ok-sos006,2020,Nordre Aker,Menn,I alt,antall personer,596
EliminatedValue,16,30108,2,1,0,ok-sos006,2020,Nordre Aker,Menn,18-29,antall personer,48
EliminatedValue,16,30108,2,2,0,ok-sos006,2020,Nordre Aker,Menn,30-39,antall personer,75
EliminatedValue,16,30108,2,3,0,ok-sos006,2020,Nordre Aker,Menn,40-49,antall personer,112
EliminatedValue,16,30108,2,4,0,ok-sos006,2020,Nordre Aker,Menn,50-59,antall personer,175
EliminatedValue,16,30108,2,5,0,ok-sos006,2020,Nordre Aker,Menn,60-67,antall personer,186
EliminatedValue,16,30109,0,0,0,ok-sos006,2020,Bjerke,I alt,I alt,antall personer,1550
EliminatedValue,16,30109,0,1,0,ok-sos006,2020,Bjerke,I alt,18-29,antall personer,110
EliminatedValue,16,30109,0,2,0,ok-sos006,2020,Bjerke,I alt,30-39,antall personer,130
EliminatedValue,16,30109,0,3,0,ok-sos006,2020,Bjerke,I alt,40-49,antall personer,304
EliminatedValue,16,30109,0,4,0,ok-sos006,2020,Bjerke,I alt,50-59,antall personer,536
EliminatedValue,16,30109,0,5,0,ok-sos006,2020,Bjerke,I alt,60-67,antall personer,470
EliminatedValue,16,30109,1,0,0,ok-sos006,2020,Bjerke,Kvinner,I alt,antall personer,847
EliminatedValue,16,30109,1,1,0,ok-sos006,2020,Bjerke,Kvinner,18-29,antall personer,50
EliminatedValue,16,30109,1,2,0,ok-sos006,2020,Bjerke,Kvinner,30-39,antall personer,67
EliminatedValue,16,30109,1,3,0,ok-sos006,2020,Bjerke,Kvinner,40-49,antall personer,183
EliminatedValue,16,30109,1,4,0,ok-sos006,2020,Bjerke,Kvinner,50-59,antall personer,291
EliminatedValue,16,30109,1,5,0,ok-sos006,2020,Bjerke,Kvinner,60-67,antall personer,256
EliminatedValue,16,30109,2,0,0,ok-sos006,2020,Bjerke,Menn,I alt,antall personer,703
EliminatedValue,16,30109,2,1,0,ok-sos006,2020,Bjerke,Menn,18-29,antall personer,60
EliminatedValue,16,30109,2,2,0,ok-sos006,2020,Bjerke,Menn,30-39,antall personer,63
EliminatedValue,16,30109,2,3,0,ok-sos006,2020,Bjerke,Menn,40-49,antall personer,121
EliminatedValue,16,30109,2,4,0,ok-sos006,2020,Bjerke,Menn,50-59,antall personer,245
EliminatedValue,16,30109,2,5,0,ok-sos006,2020,Bjerke,Menn,60-67,antall personer,214
EliminatedValue,16,30110,0,0,0,ok-sos006,2020,Grorud,I alt,I alt,antall personer,2113
EliminatedValue,16,30110,0,1,0,ok-sos006,2020,Grorud,I alt,18-29,antall personer,129
EliminatedValue,16,30110,0,2,0,ok-sos006,2020,Grorud,I alt,30-39,antall personer,225
EliminatedValue,16,30110,0,3,0,ok-sos006,2020,Grorud,I alt,40-49,antall personer,349
EliminatedValue,16,30110,0,4,0,ok-sos006,2020,Grorud,I alt,50-59,antall personer,788
EliminatedValue,16,30110,0,5,0,ok-sos006,2020,Grorud,I alt,60-67,antall personer,622
EliminatedValue,16,30110,1,0,0,ok-sos006,2020,Grorud,Kvinner,I alt,antall personer,1147
EliminatedValue,16,30110,1,1,0,ok-sos006,2020,Grorud,Kvinner,18-29,antall personer,59
EliminatedValue,16,30110,1,2,0,ok-sos006,2020,Grorud,Kvinner,30-39,antall personer,112
EliminatedValue,16,30110,1,3,0,ok-sos006,2020,Grorud,Kvinner,40-49,antall personer,207
EliminatedValue,16,30110,1,4,0,ok-sos006,2020,Grorud,Kvinner,50-59,antall personer,445
EliminatedValue,16,30110,1,5,0,ok-sos006,2020,Grorud,Kvinner,60-67,antall personer,324
EliminatedValue,16,30110,2,0,0,ok-sos006,2020,Grorud,Menn,I alt,antall personer,966
EliminatedValue,16,30110,2,1,0,ok-sos006,2020,Grorud,Menn,18-29,antall personer,70
EliminatedValue,16,30110,2,2,0,ok-sos006,2020,Grorud,Menn,30-39,antall personer,113
EliminatedValue,16,30110,2,3,0,ok-sos006,2020,Grorud,Menn,40-49,antall personer,142
EliminatedValue,16,30110,2,4,0,ok-sos006,2020,Grorud,Menn,50-59,antall personer,343
EliminatedValue,16,30110,2,5,0,ok-sos006,2020,Grorud,Menn,60-67,antall personer,298
EliminatedValue,16,30111,0,0,0,ok-sos006,2020,Stovner,I alt,I alt,antall personer,2201
EliminatedValue,16,30111,0,1,0,ok-sos006,2020,Stovner,I alt,18-29,antall personer,137
EliminatedValue,16,30111,0,2,0,ok-sos006,2020,Stovner,I alt,30-39,antall personer,169
EliminatedValue,16,30111,0,3,0,ok-sos006,2020,Stovner,I alt,40-49,antall personer,403
EliminatedValue,16,30111,0,4,0,ok-sos006,2020,Stovner,I alt,50-59,antall personer,826
EliminatedValue,16,30111,0,5,0,ok-sos006,2020,Stovner,I alt,60-67,antall personer,666
EliminatedValue,16,30111,1,0,0,ok-sos006,2020,Stovner,Kvinner,I alt,antall personer,1192
EliminatedValue,16,30111,1,1,0,ok-sos006,2020,Stovner,Kvinner,18-29,antall personer,51
EliminatedValue,16,30111,1,2,0,ok-sos006,2020,Stovner,Kvinner,30-39,antall personer,78
EliminatedValue,16,30111,1,3,0,ok-sos006,2020,Stovner,Kvinner,40-49,antall personer,247
EliminatedValue,16,30111,1,4,0,ok-sos006,2020,Stovner,Kvinner,50-59,antall personer,437
EliminatedValue,16,30111,1,5,0,ok-sos006,2020,Stovner,Kvinner,60-67,antall personer,379
EliminatedValue,16,30111,2,0,0,ok-sos006,2020,Stovner,Menn,I alt,antall personer,1009
EliminatedValue,16,30111,2,1,0,ok-sos006,2020,Stovner,Menn,18-29,antall personer,86
EliminatedValue,16,30111,2,2,0,ok-sos006,2020,Stovner,Menn,30-39,antall personer,91
EliminatedValue,16,30111,2,3,0,ok-sos006,2020,Stovner,Menn,40-49,antall personer,156
EliminatedValue,16,30111,2,4,0,ok-sos006,2020,Stovner,Menn,50-59,antall personer,389
EliminatedValue,16,30111,2,5,0,ok-sos006,2020,Stovner,Menn,60-67,antall personer,287
EliminatedValue,16,30112,0,0,0,ok-sos006,2020,Alna,I alt,I alt,antall personer,3491
EliminatedValue,16,30112,0,1,0,ok-sos006,2020,Alna,I alt,18-29,antall personer,159
EliminatedValue,16,30112,0,2,0,ok-sos006,2020,Alna,I alt,30-39,antall personer,293
EliminatedValue,16,30112,0,3,0,ok-sos006,2020,Alna,I alt,40-49,antall personer,616
EliminatedValue,16,30112,0,4,0,ok-sos006,2020,Alna,I alt,50-59,antall personer,1309
EliminatedValue,16,30112,0,5,0,ok-sos006,2020,Alna,I alt,60-67,antall personer,1114
EliminatedValue,16,30112,1,0,0,ok-sos006,2020,Alna,Kvinner,I alt,antall personer,1959
EliminatedValue,16,30112,1,1,0,ok-sos006,2020,Alna,Kvinner,18-29,antall personer,63
EliminatedValue,16,30112,1,2,0,ok-sos006,2020,Alna,Kvinner,30-39,antall personer,143
EliminatedValue,16,30112,1,3,0,ok-sos006,2020,Alna,Kvinner,40-49,antall personer,370
EliminatedValue,16,30112,1,4,0,ok-sos006,2020,Alna,Kvinner,50-59,antall personer,752
EliminatedValue,16,30112,1,5,0,ok-sos006,2020,Alna,Kvinner,60-67,antall personer,631
EliminatedValue,16,30112,2,0,0,ok-sos006,2020,Alna,Menn,I alt,antall personer,1532
EliminatedValue,16,30112,2,1,0,ok-sos006,2020,Alna,Menn,18-29,antall personer,96
EliminatedValue,16,30112,2,2,0,ok-sos006,2020,Alna,Menn,30-39,antall personer,150
EliminatedValue,16,30112,2,3,0,ok-sos006,2020,Alna,Menn,40-49,antall personer,246
EliminatedValue,16,30112,2,4,0,ok-sos006,2020,Alna,Menn,50-59,antall personer,557
EliminatedValue,16,30112,2,5,0,ok-sos006,2020,Alna,Menn,60-67,antall personer,483
EliminatedValue,16,30113,0,0,0,ok-sos006,2020,Østensjø,I alt,I alt,antall personer,2435
EliminatedValue,16,30113,0,1,0,ok-sos006,2020,Østensjø,I alt,18-29,antall personer,103
EliminatedValue,16,30113,0,2,0,ok-sos006,2020,Østensjø,I alt,30-39,antall personer,173
EliminatedValue,16,30113,0,3,0,ok-sos006,2020,Østensjø,I alt,40-49,antall personer,378
EliminatedValue,16,30113,0,4,0,ok-sos006,2020,Østensjø,I alt,50-59,antall personer,886
EliminatedValue,16,30113,0,5,0,ok-sos006,2020,Østensjø,I alt,60-67,antall personer,895
EliminatedValue,16,30113,1,0,0,ok-sos006,2020,Østensjø,Kvinner,I alt,antall personer,1497
EliminatedValue,16,30113,1,1,0,ok-sos006,2020,Østensjø,Kvinner,18-29,antall personer,47
EliminatedValue,16,30113,1,2,0,ok-sos006,2020,Østensjø,Kvinner,30-39,antall personer,97
EliminatedValue,16,30113,1,3,0,ok-sos006,2020,Østensjø,Kvinner,40-49,antall personer,225
EliminatedValue,16,30113,1,4,0,ok-sos006,2020,Østensjø,Kvinner,50-59,antall personer,566
EliminatedValue,16,30113,1,5,0,ok-sos006,2020,Østensjø,Kvinner,60-67,antall personer,562
EliminatedValue,16,30113,2,0,0,ok-sos006,2020,Østensjø,Menn,I alt,antall personer,938
EliminatedValue,16,30113,2,1,0,ok-sos006,2020,Østensjø,Menn,18-29,antall personer,56
EliminatedValue,16,30113,2,2,0,ok-sos006,2020,Østensjø,Menn,30-39,antall personer,76
EliminatedValue,16,30113,2,3,0,ok-sos006,2020,Østensjø,Menn,40-49,antall personer,153
EliminatedValue,16,30113,2,4,0,ok-sos006,2020,Østensjø,Menn,50-59,antall personer,320
EliminatedValue,16,30113,2,5,0,ok-sos006,2020,Østensjø,Menn,60-67,antall personer,333
EliminatedValue,16,30114,0,0,0,ok-sos006,2020,Nordstrand,I alt,I alt,antall personer,1968
EliminatedValue,16,30114,0,1,0,ok-sos006,2020,Nordstrand,I alt,18-29,antall personer,114
EliminatedValue,16,30114,0,2,0,ok-sos006,2020,Nordstrand,I alt,30-39,antall personer,173
EliminatedValue,16,30114,0,3,0,ok-sos006,2020,Nordstrand,I alt,40-49,antall personer,317
EliminatedValue,16,30114,0,4,0,ok-sos006,2020,Nordstrand,I alt,50-59,antall personer,692
EliminatedValue,16,30114,0,5,0,ok-sos006,2020,Nordstrand,I alt,60-67,antall personer,672
EliminatedValue,16,30114,1,0,0,ok-sos006,2020,Nordstrand,Kvinner,I alt,antall personer,1205
EliminatedValue,16,30114,1,1,0,ok-sos006,2020,Nordstrand,Kvinner,18-29,antall personer,52
EliminatedValue,16,30114,1,2,0,ok-sos006,2020,Nordstrand,Kvinner,30-39,antall personer,92
EliminatedValue,16,30114,1,3,0,ok-sos006,2020,Nordstrand,Kvinner,40-49,antall personer,206
EliminatedValue,16,30114,1,4,0,ok-sos006,2020,Nordstrand,Kvinner,50-59,antall personer,425
EliminatedValue,16,30114,1,5,0,ok-sos006,2020,Nordstrand,Kvinner,60-67,antall personer,430
EliminatedValue,16,30114,2,0,0,ok-sos006,2020,Nordstrand,Menn,I alt,antall personer,763
EliminatedValue,16,30114,2,1,0,ok-sos006,2020,Nordstrand,Menn,18-29,antall personer,62
EliminatedValue,16,30114,2,2,0,ok-sos006,2020,Nordstrand,Menn,30-39,antall personer,81
EliminatedValue,16,30114,2,3,0,ok-sos006,2020,Nordstrand,Menn,40-49,antall personer,111
EliminatedValue,16,30114,2,4,0,ok-sos006,2020,Nordstrand,Menn,50-59,antall personer,267
EliminatedValue,16,30114,2,5,0,ok-sos006,2020,Nordstrand,Menn,60-67,antall personer,242
EliminatedValue,16,30115,0,0,0,ok-sos006,2020,Søndre Nordstrand,I alt,I alt,antall personer,2493
EliminatedValue,16,30115,0,1,0,ok-sos006,2020,Søndre Nordstrand,I alt,18-29,antall personer,135
EliminatedValue,16,30115,0,2,0,ok-sos006,2020,Søndre Nordstrand,I alt,30-39,antall personer,230
EliminatedValue,16,30115,0,3,0,ok-sos006,2020,Søndre Nordstrand,I alt,40-49,antall personer,436
EliminatedValue,16,30115,0,4,0,ok-sos006,2020,Søndre Nordstrand,I alt,50-59,antall personer,862
EliminatedValue,16,30115,0,5,0,ok-sos006,2020,Søndre Nordstrand,I alt,60-67,antall personer,830
EliminatedValue,16,30115,1,0,0,ok-sos006,2020,Søndre Nordstrand,Kvinner,I alt,antall personer,1436
EliminatedValue,16,30115,1,1,0,ok-sos006,2020,Søndre Nordstrand,Kvinner,18-29,antall personer,59
EliminatedValue,16,30115,1,2,0,ok-sos006,2020,Søndre Nordstrand,Kvinner,30-39,antall personer,112
EliminatedValue,16,30115,1,3,0,ok-sos006,2020,Søndre Nordstrand,Kvinner,40-49,antall personer,265
EliminatedValue,16,30115,1,4,0,ok-sos006,2020,Søndre Nordstrand,Kvinner,50-59,antall personer,527
EliminatedValue,16,30115,1,5,0,ok-sos006,2020,Søndre Nordstrand,Kvinner,60-67,antall personer,473
EliminatedValue,16,30115,2,0,0,ok-sos006,2020,Søndre Nordstrand,Menn,I alt,antall personer,1057
EliminatedValue,16,30115,2,1,0,ok-sos006,2020,Søndre Nordstrand,Menn,18-29,antall personer,76
EliminatedValue,16,30115,2,2,0,ok-sos006,2020,Søndre Nordstrand,Menn,30-39,antall personer,118
EliminatedValue,16,30115,2,3,0,ok-sos006,2020,Søndre Nordstrand,Menn,40-49,antall personer,171
EliminatedValue,16,30115,2,4,0,ok-sos006,2020,Søndre Nordstrand,Menn,50-59,antall personer,335
EliminatedValue,16,30115,2,5,0,ok-sos006,2020,Søndre Nordstrand,Menn,60-67,antall personer,357
EliminatedValue,16,30199,0,0,0,ok-sos006,2020,Uten registrert adresse,I alt,I alt,antall personer,11
EliminatedValue,16,30199,0,1,0,ok-sos006,2020,Uten registrert adresse,I alt,18-29,antall personer,
EliminatedValue,16,30199,0,2,0,ok-sos006,2020,Uten registrert adresse,I alt,30-39,antall personer,
EliminatedValue,16,30199,0,3,0,ok-sos006,2020,Uten registrert adresse,I alt,40-49,antall personer,1
EliminatedValue,16,30199,0,4,0,ok-sos006,2020,Uten registrert adresse,I alt,50-59,antall personer,7
EliminatedValue,16,30199,0,5,0,ok-sos006,2020,Uten registrert adresse,I alt,60-67,antall personer,3
EliminatedValue,16,30199,1,0,0,ok-sos006,2020,Uten registrert adresse,Kvinner,I alt,antall personer,6
EliminatedValue,16,30199,1,1,0,ok-sos006,2020,Uten registrert adresse,Kvinner,18-29,antall personer,
EliminatedValue,16,30199,1,2,0,ok-sos006,2020,Uten registrert adresse,Kvinner,30-39,antall personer,
EliminatedValue,16,30199,1,3,0,ok-sos006,2020,Uten registrert adresse,Kvinner,40-49,antall personer,
EliminatedValue,16,30199,1,4,0,ok-sos006,2020,Uten registrert adresse,Kvinner,50-59,antall personer,5
EliminatedValue,16,30199,1,5,0,ok-sos006,2020,Uten registrert adresse,Kvinner,60-67,antall personer,1
EliminatedValue,16,30199,2,0,0,ok-sos006,2020,Uten registrert adresse,Menn,I alt,antall personer,5
EliminatedValue,16,30199,2,1,0,ok-sos006,2020,Uten registrert adresse,Menn,18-29,antall personer,
EliminatedValue,16,30199,2,2,0,ok-sos006,2020,Uten registrert adresse,Menn,30-39,antall personer,
EliminatedValue,16,30199,2,3,0,ok-sos006,2020,Uten registrert adresse,Menn,40-49,antall personer,1
EliminatedValue,16,30199,2,4,0,ok-sos006,2020,Uten registrert adresse,Menn,50-59,antall personer,2
EliminatedValue,16,30199,2,5,0,ok-sos006,2020,Uten registrert adresse,Menn,60-67,antall personer,2
EliminatedValue,16,30118195,0,0,0,ok-sos006,2020,Ukjent bydel,I alt,I alt,antall personer,
EliminatedValue,16,30118195,0,1,0,ok-sos006,2020,Ukjent bydel,I alt,18-29,antall personer,
EliminatedValue,16,30118195,0,2,0,ok-sos006,2020,Ukjent bydel,I alt,30-39,antall personer,
EliminatedValue,16,30118195,0,3,0,ok-sos006,2020,Ukjent bydel,I alt,40-49,antall personer,
EliminatedValue,16,30118195,0,4,0,ok-sos006,2020,Ukjent bydel,I alt,50-59,antall personer,
EliminatedValue,16,30118195,0,5,0,ok-sos006,2020,Ukjent bydel,I alt,60-67,antall personer,
EliminatedValue,16,30118195,1,0,0,ok-sos006,2020,Ukjent bydel,Kvinner,I alt,antall personer,
EliminatedValue,16,30118195,1,1,0,ok-sos006,2020,Ukjent bydel,Kvinner,18-29,antall personer,
EliminatedValue,16,30118195,1,2,0,ok-sos006,2020,Ukjent bydel,Kvinner,30-39,antall personer,
EliminatedValue,16,30118195,1,3,0,ok-sos006,2020,Ukjent bydel,Kvinner,40-49,antall personer,
EliminatedValue,16,30118195,1,4,0,ok-sos006,2020,Ukjent bydel,Kvinner,50-59,antall personer,
EliminatedValue,16,30118195,1,5,0,ok-sos006,2020,Ukjent bydel,Kvinner,60-67,antall personer,
EliminatedValue,16,30118195,2,0,0,ok-sos006,2020,Ukjent bydel,Menn,I alt,antall personer,
EliminatedValue,16,30118195,2,1,0,ok-sos006,2020,Ukjent bydel,Menn,18-29,antall personer,
EliminatedValue,16,30118195,2,2,0,ok-sos006,2020,Ukjent bydel,Menn,30-39,antall personer,
EliminatedValue,16,30118195,2,3,0,ok-sos006,2020,Ukjent bydel,Menn,40-49,antall personer,
EliminatedValue,16,30118195,2,4,0,ok-sos006,2020,Ukjent bydel,Menn,50-59,antall personer,
EliminatedValue,16,30118195,2,5,0,ok-sos006,2020,Ukjent bydel,Menn,60-67,antall personer,
EliminatedValue,17,301,0,0,0,ok-sos006,2021,Oslo i alt,I alt,I alt,antall personer,30266
EliminatedValue,17,301,0,1,0,ok-sos006,2021,Oslo i alt,I alt,18-29,antall personer,1679
EliminatedValue,17,301,0,2,0,ok-sos006,2021,Oslo i alt,I alt,30-39,antall personer,3074
EliminatedValue,17,301,0,3,0,ok-sos006,2021,Oslo i alt,I alt,40-49,antall personer,5394
EliminatedValue,17,301,0,4,0,ok-sos006,2021,Oslo i alt,I alt,50-59,antall personer,10561
EliminatedValue,17,301,0,5,0,ok-sos006,2021,Oslo i alt,I alt,60-67,antall personer,9558
EliminatedValue,17,301,1,0,0,ok-sos006,2021,Oslo i alt,Kvinner,I alt,antall personer,16892
EliminatedValue,17,301,1,1,0,ok-sos006,2021,Oslo i alt,Kvinner,18-29,antall personer,781
EliminatedValue,17,301,1,2,0,ok-sos006,2021,Oslo i alt,Kvinner,30-39,antall personer,1553
EliminatedValue,17,301,1,3,0,ok-sos006,2021,Oslo i alt,Kvinner,40-49,antall personer,3079
EliminatedValue,17,301,1,4,0,ok-sos006,2021,Oslo i alt,Kvinner,50-59,antall personer,6000
EliminatedValue,17,301,1,5,0,ok-sos006,2021,Oslo i alt,Kvinner,60-67,antall personer,5479
EliminatedValue,17,301,2,0,0,ok-sos006,2021,Oslo i alt,Menn,I alt,antall personer,13374
EliminatedValue,17,301,2,1,0,ok-sos006,2021,Oslo i alt,Menn,18-29,antall personer,898
EliminatedValue,17,301,2,2,0,ok-sos006,2021,Oslo i alt,Menn,30-39,antall personer,1521
EliminatedValue,17,301,2,3,0,ok-sos006,2021,Oslo i alt,Menn,40-49,antall personer,2315
EliminatedValue,17,301,2,4,0,ok-sos006,2021,Oslo i alt,Menn,50-59,antall personer,4561
EliminatedValue,17,301,2,5,0,ok-sos006,2021,Oslo i alt,Menn,60-67,antall personer,4079
EliminatedValue,17,30101,0,0,0,ok-sos006,2021,Gamle Oslo,I alt,I alt,antall personer,2754
EliminatedValue,17,30101,0,1,0,ok-sos006,2021,Gamle Oslo,I alt,18-29,antall personer,101
EliminatedValue,17,30101,0,2,0,ok-sos006,2021,Gamle Oslo,I alt,30-39,antall personer,320
EliminatedValue,17,30101,0,3,0,ok-sos006,2021,Gamle Oslo,I alt,40-49,antall personer,573
EliminatedValue,17,30101,0,4,0,ok-sos006,2021,Gamle Oslo,I alt,50-59,antall personer,950
EliminatedValue,17,30101,0,5,0,ok-sos006,2021,Gamle Oslo,I alt,60-67,antall personer,810
EliminatedValue,17,30101,1,0,0,ok-sos006,2021,Gamle Oslo,Kvinner,I alt,antall personer,1413
EliminatedValue,17,30101,1,1,0,ok-sos006,2021,Gamle Oslo,Kvinner,18-29,antall personer,42
EliminatedValue,17,30101,1,2,0,ok-sos006,2021,Gamle Oslo,Kvinner,30-39,antall personer,159
EliminatedValue,17,30101,1,3,0,ok-sos006,2021,Gamle Oslo,Kvinner,40-49,antall personer,289
EliminatedValue,17,30101,1,4,0,ok-sos006,2021,Gamle Oslo,Kvinner,50-59,antall personer,473
EliminatedValue,17,30101,1,5,0,ok-sos006,2021,Gamle Oslo,Kvinner,60-67,antall personer,450
EliminatedValue,17,30101,2,0,0,ok-sos006,2021,Gamle Oslo,Menn,I alt,antall personer,1341
EliminatedValue,17,30101,2,1,0,ok-sos006,2021,Gamle Oslo,Menn,18-29,antall personer,59
EliminatedValue,17,30101,2,2,0,ok-sos006,2021,Gamle Oslo,Menn,30-39,antall personer,161
EliminatedValue,17,30101,2,3,0,ok-sos006,2021,Gamle Oslo,Menn,40-49,antall personer,284
EliminatedValue,17,30101,2,4,0,ok-sos006,2021,Gamle Oslo,Menn,50-59,antall personer,477
EliminatedValue,17,30101,2,5,0,ok-sos006,2021,Gamle Oslo,Menn,60-67,antall personer,360
EliminatedValue,17,30102,0,0,0,ok-sos006,2021,Grünerløkka,I alt,I alt,antall personer,2370
EliminatedValue,17,30102,0,1,0,ok-sos006,2021,Grünerløkka,I alt,18-29,antall personer,160
EliminatedValue,17,30102,0,2,0,ok-sos006,2021,Grünerløkka,I alt,30-39,antall personer,275
EliminatedValue,17,30102,0,3,0,ok-sos006,2021,Grünerløkka,I alt,40-49,antall personer,468
EliminatedValue,17,30102,0,4,0,ok-sos006,2021,Grünerløkka,I alt,50-59,antall personer,785
EliminatedValue,17,30102,0,5,0,ok-sos006,2021,Grünerløkka,I alt,60-67,antall personer,682
EliminatedValue,17,30102,1,0,0,ok-sos006,2021,Grünerløkka,Kvinner,I alt,antall personer,1186
EliminatedValue,17,30102,1,1,0,ok-sos006,2021,Grünerløkka,Kvinner,18-29,antall personer,82
EliminatedValue,17,30102,1,2,0,ok-sos006,2021,Grünerløkka,Kvinner,30-39,antall personer,139
EliminatedValue,17,30102,1,3,0,ok-sos006,2021,Grünerløkka,Kvinner,40-49,antall personer,234
EliminatedValue,17,30102,1,4,0,ok-sos006,2021,Grünerløkka,Kvinner,50-59,antall personer,382
EliminatedValue,17,30102,1,5,0,ok-sos006,2021,Grünerløkka,Kvinner,60-67,antall personer,349
EliminatedValue,17,30102,2,0,0,ok-sos006,2021,Grünerløkka,Menn,I alt,antall personer,1184
EliminatedValue,17,30102,2,1,0,ok-sos006,2021,Grünerløkka,Menn,18-29,antall personer,78
EliminatedValue,17,30102,2,2,0,ok-sos006,2021,Grünerløkka,Menn,30-39,antall personer,136
EliminatedValue,17,30102,2,3,0,ok-sos006,2021,Grünerløkka,Menn,40-49,antall personer,234
EliminatedValue,17,30102,2,4,0,ok-sos006,2021,Grünerløkka,Menn,50-59,antall personer,403
EliminatedValue,17,30102,2,5,0,ok-sos006,2021,Grünerløkka,Menn,60-67,antall personer,333
EliminatedValue,17,30103,0,0,0,ok-sos006,2021,Sagene,I alt,I alt,antall personer,1890
EliminatedValue,17,30103,0,1,0,ok-sos006,2021,Sagene,I alt,18-29,antall personer,95
EliminatedValue,17,30103,0,2,0,ok-sos006,2021,Sagene,I alt,30-39,antall personer,196
EliminatedValue,17,30103,0,3,0,ok-sos006,2021,Sagene,I alt,40-49,antall personer,343
EliminatedValue,17,30103,0,4,0,ok-sos006,2021,Sagene,I alt,50-59,antall personer,679
EliminatedValue,17,30103,0,5,0,ok-sos006,2021,Sagene,I alt,60-67,antall personer,577
EliminatedValue,17,30103,1,0,0,ok-sos006,2021,Sagene,Kvinner,I alt,antall personer,966
EliminatedValue,17,30103,1,1,0,ok-sos006,2021,Sagene,Kvinner,18-29,antall personer,59
EliminatedValue,17,30103,1,2,0,ok-sos006,2021,Sagene,Kvinner,30-39,antall personer,95
EliminatedValue,17,30103,1,3,0,ok-sos006,2021,Sagene,Kvinner,40-49,antall personer,160
EliminatedValue,17,30103,1,4,0,ok-sos006,2021,Sagene,Kvinner,50-59,antall personer,363
EliminatedValue,17,30103,1,5,0,ok-sos006,2021,Sagene,Kvinner,60-67,antall personer,289
EliminatedValue,17,30103,2,0,0,ok-sos006,2021,Sagene,Menn,I alt,antall personer,924
EliminatedValue,17,30103,2,1,0,ok-sos006,2021,Sagene,Menn,18-29,antall personer,36
EliminatedValue,17,30103,2,2,0,ok-sos006,2021,Sagene,Menn,30-39,antall personer,101
EliminatedValue,17,30103,2,3,0,ok-sos006,2021,Sagene,Menn,40-49,antall personer,183
EliminatedValue,17,30103,2,4,0,ok-sos006,2021,Sagene,Menn,50-59,antall personer,316
EliminatedValue,17,30103,2,5,0,ok-sos006,2021,Sagene,Menn,60-67,antall personer,288
EliminatedValue,17,30104,0,0,0,ok-sos006,2021,St. Hanshaugen,I alt,I alt,antall personer,1344
EliminatedValue,17,30104,0,1,0,ok-sos006,2021,St. Hanshaugen,I alt,18-29,antall personer,78
EliminatedValue,17,30104,0,2,0,ok-sos006,2021,St. Hanshaugen,I alt,30-39,antall personer,189
EliminatedValue,17,30104,0,3,0,ok-sos006,2021,St. Hanshaugen,I alt,40-49,antall personer,252
EliminatedValue,17,30104,0,4,0,ok-sos006,2021,St. Hanshaugen,I alt,50-59,antall personer,444
EliminatedValue,17,30104,0,5,0,ok-sos006,2021,St. Hanshaugen,I alt,60-67,antall personer,381
EliminatedValue,17,30104,1,0,0,ok-sos006,2021,St. Hanshaugen,Kvinner,I alt,antall personer,691
EliminatedValue,17,30104,1,1,0,ok-sos006,2021,St. Hanshaugen,Kvinner,18-29,antall personer,45
EliminatedValue,17,30104,1,2,0,ok-sos006,2021,St. Hanshaugen,Kvinner,30-39,antall personer,82
EliminatedValue,17,30104,1,3,0,ok-sos006,2021,St. Hanshaugen,Kvinner,40-49,antall personer,127
EliminatedValue,17,30104,1,4,0,ok-sos006,2021,St. Hanshaugen,Kvinner,50-59,antall personer,225
EliminatedValue,17,30104,1,5,0,ok-sos006,2021,St. Hanshaugen,Kvinner,60-67,antall personer,212
EliminatedValue,17,30104,2,0,0,ok-sos006,2021,St. Hanshaugen,Menn,I alt,antall personer,653
EliminatedValue,17,30104,2,1,0,ok-sos006,2021,St. Hanshaugen,Menn,18-29,antall personer,33
EliminatedValue,17,30104,2,2,0,ok-sos006,2021,St. Hanshaugen,Menn,30-39,antall personer,107
EliminatedValue,17,30104,2,3,0,ok-sos006,2021,St. Hanshaugen,Menn,40-49,antall personer,125
EliminatedValue,17,30104,2,4,0,ok-sos006,2021,St. Hanshaugen,Menn,50-59,antall personer,219
EliminatedValue,17,30104,2,5,0,ok-sos006,2021,St. Hanshaugen,Menn,60-67,antall personer,169
EliminatedValue,17,30105,0,0,0,ok-sos006,2021,Frogner,I alt,I alt,antall personer,1827
EliminatedValue,17,30105,0,1,0,ok-sos006,2021,Frogner,I alt,18-29,antall personer,94
EliminatedValue,17,30105,0,2,0,ok-sos006,2021,Frogner,I alt,30-39,antall personer,173
EliminatedValue,17,30105,0,3,0,ok-sos006,2021,Frogner,I alt,40-49,antall personer,328
EliminatedValue,17,30105,0,4,0,ok-sos006,2021,Frogner,I alt,50-59,antall personer,636
EliminatedValue,17,30105,0,5,0,ok-sos006,2021,Frogner,I alt,60-67,antall personer,596
EliminatedValue,17,30105,1,0,0,ok-sos006,2021,Frogner,Kvinner,I alt,antall personer,1085
EliminatedValue,17,30105,1,1,0,ok-sos006,2021,Frogner,Kvinner,18-29,antall personer,58
EliminatedValue,17,30105,1,2,0,ok-sos006,2021,Frogner,Kvinner,30-39,antall personer,99
EliminatedValue,17,30105,1,3,0,ok-sos006,2021,Frogner,Kvinner,40-49,antall personer,189
EliminatedValue,17,30105,1,4,0,ok-sos006,2021,Frogner,Kvinner,50-59,antall personer,375
EliminatedValue,17,30105,1,5,0,ok-sos006,2021,Frogner,Kvinner,60-67,antall personer,364
EliminatedValue,17,30105,2,0,0,ok-sos006,2021,Frogner,Menn,I alt,antall personer,742
EliminatedValue,17,30105,2,1,0,ok-sos006,2021,Frogner,Menn,18-29,antall personer,36
EliminatedValue,17,30105,2,2,0,ok-sos006,2021,Frogner,Menn,30-39,antall personer,74
EliminatedValue,17,30105,2,3,0,ok-sos006,2021,Frogner,Menn,40-49,antall personer,139
EliminatedValue,17,30105,2,4,0,ok-sos006,2021,Frogner,Menn,50-59,antall personer,261
EliminatedValue,17,30105,2,5,0,ok-sos006,2021,Frogner,Menn,60-67,antall personer,232
EliminatedValue,17,30106,0,0,0,ok-sos006,2021,Ullern,I alt,I alt,antall personer,890
EliminatedValue,17,30106,0,1,0,ok-sos006,2021,Ullern,I alt,18-29,antall personer,56
EliminatedValue,17,30106,0,2,0,ok-sos006,2021,Ullern,I alt,30-39,antall personer,77
EliminatedValue,17,30106,0,3,0,ok-sos006,2021,Ullern,I alt,40-49,antall personer,161
EliminatedValue,17,30106,0,4,0,ok-sos006,2021,Ullern,I alt,50-59,antall personer,272
EliminatedValue,17,30106,0,5,0,ok-sos006,2021,Ullern,I alt,60-67,antall personer,324
EliminatedValue,17,30106,1,0,0,ok-sos006,2021,Ullern,Kvinner,I alt,antall personer,558
EliminatedValue,17,30106,1,1,0,ok-sos006,2021,Ullern,Kvinner,18-29,antall personer,27
EliminatedValue,17,30106,1,2,0,ok-sos006,2021,Ullern,Kvinner,30-39,antall personer,40
EliminatedValue,17,30106,1,3,0,ok-sos006,2021,Ullern,Kvinner,40-49,antall personer,93
EliminatedValue,17,30106,1,4,0,ok-sos006,2021,Ullern,Kvinner,50-59,antall personer,173
EliminatedValue,17,30106,1,5,0,ok-sos006,2021,Ullern,Kvinner,60-67,antall personer,225
EliminatedValue,17,30106,2,0,0,ok-sos006,2021,Ullern,Menn,I alt,antall personer,332
EliminatedValue,17,30106,2,1,0,ok-sos006,2021,Ullern,Menn,18-29,antall personer,29
EliminatedValue,17,30106,2,2,0,ok-sos006,2021,Ullern,Menn,30-39,antall personer,37
EliminatedValue,17,30106,2,3,0,ok-sos006,2021,Ullern,Menn,40-49,antall personer,68
EliminatedValue,17,30106,2,4,0,ok-sos006,2021,Ullern,Menn,50-59,antall personer,99
EliminatedValue,17,30106,2,5,0,ok-sos006,2021,Ullern,Menn,60-67,antall personer,99
EliminatedValue,17,30107,0,0,0,ok-sos006,2021,Vestre Aker,I alt,I alt,antall personer,1238
EliminatedValue,17,30107,0,1,0,ok-sos006,2021,Vestre Aker,I alt,18-29,antall personer,73
EliminatedValue,17,30107,0,2,0,ok-sos006,2021,Vestre Aker,I alt,30-39,antall personer,136
EliminatedValue,17,30107,0,3,0,ok-sos006,2021,Vestre Aker,I alt,40-49,antall personer,215
EliminatedValue,17,30107,0,4,0,ok-sos006,2021,Vestre Aker,I alt,50-59,antall personer,411
EliminatedValue,17,30107,0,5,0,ok-sos006,2021,Vestre Aker,I alt,60-67,antall personer,403
EliminatedValue,17,30107,1,0,0,ok-sos006,2021,Vestre Aker,Kvinner,I alt,antall personer,753
EliminatedValue,17,30107,1,1,0,ok-sos006,2021,Vestre Aker,Kvinner,18-29,antall personer,33
EliminatedValue,17,30107,1,2,0,ok-sos006,2021,Vestre Aker,Kvinner,30-39,antall personer,73
EliminatedValue,17,30107,1,3,0,ok-sos006,2021,Vestre Aker,Kvinner,40-49,antall personer,125
EliminatedValue,17,30107,1,4,0,ok-sos006,2021,Vestre Aker,Kvinner,50-59,antall personer,266
EliminatedValue,17,30107,1,5,0,ok-sos006,2021,Vestre Aker,Kvinner,60-67,antall personer,256
EliminatedValue,17,30107,2,0,0,ok-sos006,2021,Vestre Aker,Menn,I alt,antall personer,485
EliminatedValue,17,30107,2,1,0,ok-sos006,2021,Vestre Aker,Menn,18-29,antall personer,40
EliminatedValue,17,30107,2,2,0,ok-sos006,2021,Vestre Aker,Menn,30-39,antall personer,63
EliminatedValue,17,30107,2,3,0,ok-sos006,2021,Vestre Aker,Menn,40-49,antall personer,90
EliminatedValue,17,30107,2,4,0,ok-sos006,2021,Vestre Aker,Menn,50-59,antall personer,145
EliminatedValue,17,30107,2,5,0,ok-sos006,2021,Vestre Aker,Menn,60-67,antall personer,147
EliminatedValue,17,30108,0,0,0,ok-sos006,2021,Nordre Aker,I alt,I alt,antall personer,1467
EliminatedValue,17,30108,0,1,0,ok-sos006,2021,Nordre Aker,I alt,18-29,antall personer,103
EliminatedValue,17,30108,0,2,0,ok-sos006,2021,Nordre Aker,I alt,30-39,antall personer,178
EliminatedValue,17,30108,0,3,0,ok-sos006,2021,Nordre Aker,I alt,40-49,antall personer,280
EliminatedValue,17,30108,0,4,0,ok-sos006,2021,Nordre Aker,I alt,50-59,antall personer,460
EliminatedValue,17,30108,0,5,0,ok-sos006,2021,Nordre Aker,I alt,60-67,antall personer,446
EliminatedValue,17,30108,1,0,0,ok-sos006,2021,Nordre Aker,Kvinner,I alt,antall personer,857
EliminatedValue,17,30108,1,1,0,ok-sos006,2021,Nordre Aker,Kvinner,18-29,antall personer,53
EliminatedValue,17,30108,1,2,0,ok-sos006,2021,Nordre Aker,Kvinner,30-39,antall personer,99
EliminatedValue,17,30108,1,3,0,ok-sos006,2021,Nordre Aker,Kvinner,40-49,antall personer,175
EliminatedValue,17,30108,1,4,0,ok-sos006,2021,Nordre Aker,Kvinner,50-59,antall personer,271
EliminatedValue,17,30108,1,5,0,ok-sos006,2021,Nordre Aker,Kvinner,60-67,antall personer,259
EliminatedValue,17,30108,2,0,0,ok-sos006,2021,Nordre Aker,Menn,I alt,antall personer,610
EliminatedValue,17,30108,2,1,0,ok-sos006,2021,Nordre Aker,Menn,18-29,antall personer,50
EliminatedValue,17,30108,2,2,0,ok-sos006,2021,Nordre Aker,Menn,30-39,antall personer,79
EliminatedValue,17,30108,2,3,0,ok-sos006,2021,Nordre Aker,Menn,40-49,antall personer,105
EliminatedValue,17,30108,2,4,0,ok-sos006,2021,Nordre Aker,Menn,50-59,antall personer,189
EliminatedValue,17,30108,2,5,0,ok-sos006,2021,Nordre Aker,Menn,60-67,antall personer,187
EliminatedValue,17,30109,0,0,0,ok-sos006,2021,Bjerke,I alt,I alt,antall personer,1598
EliminatedValue,17,30109,0,1,0,ok-sos006,2021,Bjerke,I alt,18-29,antall personer,107
EliminatedValue,17,30109,0,2,0,ok-sos006,2021,Bjerke,I alt,30-39,antall personer,136
EliminatedValue,17,30109,0,3,0,ok-sos006,2021,Bjerke,I alt,40-49,antall personer,319
EliminatedValue,17,30109,0,4,0,ok-sos006,2021,Bjerke,I alt,50-59,antall personer,549
EliminatedValue,17,30109,0,5,0,ok-sos006,2021,Bjerke,I alt,60-67,antall personer,487
EliminatedValue,17,30109,1,0,0,ok-sos006,2021,Bjerke,Kvinner,I alt,antall personer,867
EliminatedValue,17,30109,1,1,0,ok-sos006,2021,Bjerke,Kvinner,18-29,antall personer,47
EliminatedValue,17,30109,1,2,0,ok-sos006,2021,Bjerke,Kvinner,30-39,antall personer,60
EliminatedValue,17,30109,1,3,0,ok-sos006,2021,Bjerke,Kvinner,40-49,antall personer,198
EliminatedValue,17,30109,1,4,0,ok-sos006,2021,Bjerke,Kvinner,50-59,antall personer,304
EliminatedValue,17,30109,1,5,0,ok-sos006,2021,Bjerke,Kvinner,60-67,antall personer,258
EliminatedValue,17,30109,2,0,0,ok-sos006,2021,Bjerke,Menn,I alt,antall personer,731
EliminatedValue,17,30109,2,1,0,ok-sos006,2021,Bjerke,Menn,18-29,antall personer,60
EliminatedValue,17,30109,2,2,0,ok-sos006,2021,Bjerke,Menn,30-39,antall personer,76
EliminatedValue,17,30109,2,3,0,ok-sos006,2021,Bjerke,Menn,40-49,antall personer,121
EliminatedValue,17,30109,2,4,0,ok-sos006,2021,Bjerke,Menn,50-59,antall personer,245
EliminatedValue,17,30109,2,5,0,ok-sos006,2021,Bjerke,Menn,60-67,antall personer,229
EliminatedValue,17,30110,0,0,0,ok-sos006,2021,Grorud,I alt,I alt,antall personer,2124
EliminatedValue,17,30110,0,1,0,ok-sos006,2021,Grorud,I alt,18-29,antall personer,128
EliminatedValue,17,30110,0,2,0,ok-sos006,2021,Grorud,I alt,30-39,antall personer,231
EliminatedValue,17,30110,0,3,0,ok-sos006,2021,Grorud,I alt,40-49,antall personer,330
EliminatedValue,17,30110,0,4,0,ok-sos006,2021,Grorud,I alt,50-59,antall personer,791
EliminatedValue,17,30110,0,5,0,ok-sos006,2021,Grorud,I alt,60-67,antall personer,644
EliminatedValue,17,30110,1,0,0,ok-sos006,2021,Grorud,Kvinner,I alt,antall personer,1166
EliminatedValue,17,30110,1,1,0,ok-sos006,2021,Grorud,Kvinner,18-29,antall personer,55
EliminatedValue,17,30110,1,2,0,ok-sos006,2021,Grorud,Kvinner,30-39,antall personer,120
EliminatedValue,17,30110,1,3,0,ok-sos006,2021,Grorud,Kvinner,40-49,antall personer,200
EliminatedValue,17,30110,1,4,0,ok-sos006,2021,Grorud,Kvinner,50-59,antall personer,449
EliminatedValue,17,30110,1,5,0,ok-sos006,2021,Grorud,Kvinner,60-67,antall personer,342
EliminatedValue,17,30110,2,0,0,ok-sos006,2021,Grorud,Menn,I alt,antall personer,958
EliminatedValue,17,30110,2,1,0,ok-sos006,2021,Grorud,Menn,18-29,antall personer,73
EliminatedValue,17,30110,2,2,0,ok-sos006,2021,Grorud,Menn,30-39,antall personer,111
EliminatedValue,17,30110,2,3,0,ok-sos006,2021,Grorud,Menn,40-49,antall personer,130
EliminatedValue,17,30110,2,4,0,ok-sos006,2021,Grorud,Menn,50-59,antall personer,342
EliminatedValue,17,30110,2,5,0,ok-sos006,2021,Grorud,Menn,60-67,antall personer,302
EliminatedValue,17,30111,0,0,0,ok-sos006,2021,Stovner,I alt,I alt,antall personer,2249
EliminatedValue,17,30111,0,1,0,ok-sos006,2021,Stovner,I alt,18-29,antall personer,150
EliminatedValue,17,30111,0,2,0,ok-sos006,2021,Stovner,I alt,30-39,antall personer,197
EliminatedValue,17,30111,0,3,0,ok-sos006,2021,Stovner,I alt,40-49,antall personer,387
EliminatedValue,17,30111,0,4,0,ok-sos006,2021,Stovner,I alt,50-59,antall personer,843
EliminatedValue,17,30111,0,5,0,ok-sos006,2021,Stovner,I alt,60-67,antall personer,672
EliminatedValue,17,30111,1,0,0,ok-sos006,2021,Stovner,Kvinner,I alt,antall personer,1211
EliminatedValue,17,30111,1,1,0,ok-sos006,2021,Stovner,Kvinner,18-29,antall personer,53
EliminatedValue,17,30111,1,2,0,ok-sos006,2021,Stovner,Kvinner,30-39,antall personer,90
EliminatedValue,17,30111,1,3,0,ok-sos006,2021,Stovner,Kvinner,40-49,antall personer,234
EliminatedValue,17,30111,1,4,0,ok-sos006,2021,Stovner,Kvinner,50-59,antall personer,454
EliminatedValue,17,30111,1,5,0,ok-sos006,2021,Stovner,Kvinner,60-67,antall personer,380
EliminatedValue,17,30111,2,0,0,ok-sos006,2021,Stovner,Menn,I alt,antall personer,1038
EliminatedValue,17,30111,2,1,0,ok-sos006,2021,Stovner,Menn,18-29,antall personer,97
EliminatedValue,17,30111,2,2,0,ok-sos006,2021,Stovner,Menn,30-39,antall personer,107
EliminatedValue,17,30111,2,3,0,ok-sos006,2021,Stovner,Menn,40-49,antall personer,153
EliminatedValue,17,30111,2,4,0,ok-sos006,2021,Stovner,Menn,50-59,antall personer,389
EliminatedValue,17,30111,2,5,0,ok-sos006,2021,Stovner,Menn,60-67,antall personer,292
EliminatedValue,17,30112,0,0,0,ok-sos006,2021,Alna,I alt,I alt,antall personer,3538
EliminatedValue,17,30112,0,1,0,ok-sos006,2021,Alna,I alt,18-29,antall personer,169
EliminatedValue,17,30112,0,2,0,ok-sos006,2021,Alna,I alt,30-39,antall personer,312
EliminatedValue,17,30112,0,3,0,ok-sos006,2021,Alna,I alt,40-49,antall personer,624
EliminatedValue,17,30112,0,4,0,ok-sos006,2021,Alna,I alt,50-59,antall personer,1293
EliminatedValue,17,30112,0,5,0,ok-sos006,2021,Alna,I alt,60-67,antall personer,1140
EliminatedValue,17,30112,1,0,0,ok-sos006,2021,Alna,Kvinner,I alt,antall personer,1972
EliminatedValue,17,30112,1,1,0,ok-sos006,2021,Alna,Kvinner,18-29,antall personer,66
EliminatedValue,17,30112,1,2,0,ok-sos006,2021,Alna,Kvinner,30-39,antall personer,165
EliminatedValue,17,30112,1,3,0,ok-sos006,2021,Alna,Kvinner,40-49,antall personer,356
EliminatedValue,17,30112,1,4,0,ok-sos006,2021,Alna,Kvinner,50-59,antall personer,749
EliminatedValue,17,30112,1,5,0,ok-sos006,2021,Alna,Kvinner,60-67,antall personer,636
EliminatedValue,17,30112,2,0,0,ok-sos006,2021,Alna,Menn,I alt,antall personer,1566
EliminatedValue,17,30112,2,1,0,ok-sos006,2021,Alna,Menn,18-29,antall personer,103
EliminatedValue,17,30112,2,2,0,ok-sos006,2021,Alna,Menn,30-39,antall personer,147
EliminatedValue,17,30112,2,3,0,ok-sos006,2021,Alna,Menn,40-49,antall personer,268
EliminatedValue,17,30112,2,4,0,ok-sos006,2021,Alna,Menn,50-59,antall personer,544
EliminatedValue,17,30112,2,5,0,ok-sos006,2021,Alna,Menn,60-67,antall personer,504
EliminatedValue,17,30113,0,0,0,ok-sos006,2021,Østensjø,I alt,I alt,antall personer,2429
EliminatedValue,17,30113,0,1,0,ok-sos006,2021,Østensjø,I alt,18-29,antall personer,100
EliminatedValue,17,30113,0,2,0,ok-sos006,2021,Østensjø,I alt,30-39,antall personer,187
EliminatedValue,17,30113,0,3,0,ok-sos006,2021,Østensjø,I alt,40-49,antall personer,361
EliminatedValue,17,30113,0,4,0,ok-sos006,2021,Østensjø,I alt,50-59,antall personer,885
EliminatedValue,17,30113,0,5,0,ok-sos006,2021,Østensjø,I alt,60-67,antall personer,896
EliminatedValue,17,30113,1,0,0,ok-sos006,2021,Østensjø,Kvinner,I alt,antall personer,1472
EliminatedValue,17,30113,1,1,0,ok-sos006,2021,Østensjø,Kvinner,18-29,antall personer,47
EliminatedValue,17,30113,1,2,0,ok-sos006,2021,Østensjø,Kvinner,30-39,antall personer,103
EliminatedValue,17,30113,1,3,0,ok-sos006,2021,Østensjø,Kvinner,40-49,antall personer,212
EliminatedValue,17,30113,1,4,0,ok-sos006,2021,Østensjø,Kvinner,50-59,antall personer,551
EliminatedValue,17,30113,1,5,0,ok-sos006,2021,Østensjø,Kvinner,60-67,antall personer,559
EliminatedValue,17,30113,2,0,0,ok-sos006,2021,Østensjø,Menn,I alt,antall personer,957
EliminatedValue,17,30113,2,1,0,ok-sos006,2021,Østensjø,Menn,18-29,antall personer,53
EliminatedValue,17,30113,2,2,0,ok-sos006,2021,Østensjø,Menn,30-39,antall personer,84
EliminatedValue,17,30113,2,3,0,ok-sos006,2021,Østensjø,Menn,40-49,antall personer,149
EliminatedValue,17,30113,2,4,0,ok-sos006,2021,Østensjø,Menn,50-59,antall personer,334
EliminatedValue,17,30113,2,5,0,ok-sos006,2021,Østensjø,Menn,60-67,antall personer,337
EliminatedValue,17,30114,0,0,0,ok-sos006,2021,Nordstrand,I alt,I alt,antall personer,1981
EliminatedValue,17,30114,0,1,0,ok-sos006,2021,Nordstrand,I alt,18-29,antall personer,121
EliminatedValue,17,30114,0,2,0,ok-sos006,2021,Nordstrand,I alt,30-39,antall personer,205
EliminatedValue,17,30114,0,3,0,ok-sos006,2021,Nordstrand,I alt,40-49,antall personer,314
EliminatedValue,17,30114,0,4,0,ok-sos006,2021,Nordstrand,I alt,50-59,antall personer,687
EliminatedValue,17,30114,0,5,0,ok-sos006,2021,Nordstrand,I alt,60-67,antall personer,654
EliminatedValue,17,30114,1,0,0,ok-sos006,2021,Nordstrand,Kvinner,I alt,antall personer,1214
EliminatedValue,17,30114,1,1,0,ok-sos006,2021,Nordstrand,Kvinner,18-29,antall personer,52
EliminatedValue,17,30114,1,2,0,ok-sos006,2021,Nordstrand,Kvinner,30-39,antall personer,106
EliminatedValue,17,30114,1,3,0,ok-sos006,2021,Nordstrand,Kvinner,40-49,antall personer,211
EliminatedValue,17,30114,1,4,0,ok-sos006,2021,Nordstrand,Kvinner,50-59,antall personer,422
EliminatedValue,17,30114,1,5,0,ok-sos006,2021,Nordstrand,Kvinner,60-67,antall personer,423
EliminatedValue,17,30114,2,0,0,ok-sos006,2021,Nordstrand,Menn,I alt,antall personer,767
EliminatedValue,17,30114,2,1,0,ok-sos006,2021,Nordstrand,Menn,18-29,antall personer,69
EliminatedValue,17,30114,2,2,0,ok-sos006,2021,Nordstrand,Menn,30-39,antall personer,99
EliminatedValue,17,30114,2,3,0,ok-sos006,2021,Nordstrand,Menn,40-49,antall personer,103
EliminatedValue,17,30114,2,4,0,ok-sos006,2021,Nordstrand,Menn,50-59,antall personer,265
EliminatedValue,17,30114,2,5,0,ok-sos006,2021,Nordstrand,Menn,60-67,antall personer,231
EliminatedValue,17,30115,0,0,0,ok-sos006,2021,Søndre Nordstrand,I alt,I alt,antall personer,2563
EliminatedValue,17,30115,0,1,0,ok-sos006,2021,Søndre Nordstrand,I alt,18-29,antall personer,144
EliminatedValue,17,30115,0,2,0,ok-sos006,2021,Søndre Nordstrand,I alt,30-39,antall personer,262
EliminatedValue,17,30115,0,3,0,ok-sos006,2021,Søndre Nordstrand,I alt,40-49,antall personer,439
EliminatedValue,17,30115,0,4,0,ok-sos006,2021,Søndre Nordstrand,I alt,50-59,antall personer,872
EliminatedValue,17,30115,0,5,0,ok-sos006,2021,Søndre Nordstrand,I alt,60-67,antall personer,846
EliminatedValue,17,30115,1,0,0,ok-sos006,2021,Søndre Nordstrand,Kvinner,I alt,antall personer,1478
EliminatedValue,17,30115,1,1,0,ok-sos006,2021,Søndre Nordstrand,Kvinner,18-29,antall personer,62
EliminatedValue,17,30115,1,2,0,ok-sos006,2021,Søndre Nordstrand,Kvinner,30-39,antall personer,123
EliminatedValue,17,30115,1,3,0,ok-sos006,2021,Søndre Nordstrand,Kvinner,40-49,antall personer,276
EliminatedValue,17,30115,1,4,0,ok-sos006,2021,Søndre Nordstrand,Kvinner,50-59,antall personer,540
EliminatedValue,17,30115,1,5,0,ok-sos006,2021,Søndre Nordstrand,Kvinner,60-67,antall personer,477
EliminatedValue,17,30115,2,0,0,ok-sos006,2021,Søndre Nordstrand,Menn,I alt,antall personer,1085
EliminatedValue,17,30115,2,1,0,ok-sos006,2021,Søndre Nordstrand,Menn,18-29,antall personer,82
EliminatedValue,17,30115,2,2,0,ok-sos006,2021,Søndre Nordstrand,Menn,30-39,antall personer,139
EliminatedValue,17,30115,2,3,0,ok-sos006,2021,Søndre Nordstrand,Menn,40-49,antall personer,163
EliminatedValue,17,30115,2,4,0,ok-sos006,2021,Søndre Nordstrand,Menn,50-59,antall personer,332
EliminatedValue,17,30115,2,5,0,ok-sos006,2021,Søndre Nordstrand,Menn,60-67,antall personer,369
EliminatedValue,17,30199,0,0,0,ok-sos006,2021,Uten registrert adresse,I alt,I alt,antall personer,4
EliminatedValue,17,30199,0,1,0,ok-sos006,2021,Uten registrert adresse,I alt,18-29,antall personer,
EliminatedValue,17,30199,0,2,0,ok-sos006,2021,Uten registrert adresse,I alt,30-39,antall personer,
EliminatedValue,17,30199,0,3,0,ok-sos006,2021,Uten registrert adresse,I alt,40-49,antall personer,
EliminatedValue,17,30199,0,4,0,ok-sos006,2021,Uten registrert adresse,I alt,50-59,antall personer,4
EliminatedValue,17,30199,0,5,0,ok-sos006,2021,Uten registrert adresse,I alt,60-67,antall personer,
EliminatedValue,17,30199,1,0,0,ok-sos006,2021,Uten registrert adresse,Kvinner,I alt,antall personer,3
EliminatedValue,17,30199,1,1,0,ok-sos006,2021,Uten registrert adresse,Kvinner,18-29,antall personer,
EliminatedValue,17,30199,1,2,0,ok-sos006,2021,Uten registrert adresse,Kvinner,30-39,antall personer,
EliminatedValue,17,30199,1,3,0,ok-sos006,2021,Uten registrert adresse,Kvinner,40-49,antall personer,
EliminatedValue,17,30199,1,4,0,ok-sos006,2021,Uten registrert adresse,Kvinner,50-59,antall personer,3
EliminatedValue,17,30199,1,5,0,ok-sos006,2021,Uten registrert adresse,Kvinner,60-67,antall personer,
EliminatedValue,17,30199,2,0,0,ok-sos006,2021,Uten registrert adresse,Menn,I alt,antall personer,1
EliminatedValue,17,30199,2,1,0,ok-sos006,2021,Uten registrert adresse,Menn,18-29,antall personer,
EliminatedValue,17,30199,2,2,0,ok-sos006,2021,Uten registrert adresse,Menn,30-39,antall personer,
EliminatedValue,17,30199,2,3,0,ok-sos006,2021,Uten registrert adresse,Menn,40-49,antall personer,
EliminatedValue,17,30199,2,4,0,ok-sos006,2021,Uten registrert adresse,Menn,50-59,antall personer,1
EliminatedValue,17,30199,2,5,0,ok-sos006,2021,Uten registrert adresse,Menn,60-67,antall personer,
EliminatedValue,17,30118195,0,0,0,ok-sos006,2021,Ukjent bydel,I alt,I alt,antall personer,
EliminatedValue,17,30118195,0,1,0,ok-sos006,2021,Ukjent bydel,I alt,18-29,antall personer,
EliminatedValue,17,30118195,0,2,0,ok-sos006,2021,Ukjent bydel,I alt,30-39,antall personer,
EliminatedValue,17,30118195,0,3,0,ok-sos006,2021,Ukjent bydel,I alt,40-49,antall personer,
EliminatedValue,17,30118195,0,4,0,ok-sos006,2021,Ukjent bydel,I alt,50-59,antall personer,
EliminatedValue,17,30118195,0,5,0,ok-sos006,2021,Ukjent bydel,I alt,60-67,antall personer,
EliminatedValue,17,30118195,1,0,0,ok-sos006,2021,Ukjent bydel,Kvinner,I alt,antall personer,
EliminatedValue,17,30118195,1,1,0,ok-sos006,2021,Ukjent bydel,Kvinner,18-29,antall personer,
EliminatedValue,17,30118195,1,2,0,ok-sos006,2021,Ukjent bydel,Kvinner,30-39,antall personer,
EliminatedValue,17,30118195,1,3,0,ok-sos006,2021,Ukjent bydel,Kvinner,40-49,antall personer,
EliminatedValue,17,30118195,1,4,0,ok-sos006,2021,Ukjent bydel,Kvinner,50-59,antall personer,
EliminatedValue,17,30118195,1,5,0,ok-sos006,2021,Ukjent bydel,Kvinner,60-67,antall personer,
EliminatedValue,17,30118195,2,0,0,ok-sos006,2021,Ukjent bydel,Menn,I alt,antall personer,
EliminatedValue,17,30118195,2,1,0,ok-sos006,2021,Ukjent bydel,Menn,18-29,antall personer,
EliminatedValue,17,30118195,2,2,0,ok-sos006,2021,Ukjent bydel,Menn,30-39,antall personer,
EliminatedValue,17,30118195,2,3,0,ok-sos006,2021,Ukjent bydel,Menn,40-49,antall personer,
EliminatedValue,17,30118195,2,4,0,ok-sos006,2021,Ukjent bydel,Menn,50-59,antall personer,
EliminatedValue,17,30118195,2,5,0,ok-sos006,2021,Ukjent bydel,Menn,60-67,antall personer,
EliminatedValue,18,301,0,0,0,ok-sos006,2022,Oslo i alt,I alt,I alt,antall personer,30967
EliminatedValue,18,301,0,1,0,ok-sos006,2022,Oslo i alt,I alt,18-29,antall personer,1778
EliminatedValue,18,301,0,2,0,ok-sos006,2022,Oslo i alt,I alt,30-39,antall personer,3230
EliminatedValue,18,301,0,3,0,ok-sos006,2022,Oslo i alt,I alt,40-49,antall personer,5609
EliminatedValue,18,301,0,4,0,ok-sos006,2022,Oslo i alt,I alt,50-59,antall personer,10583
EliminatedValue,18,301,0,5,0,ok-sos006,2022,Oslo i alt,I alt,60-67,antall personer,9767
EliminatedValue,18,301,1,0,0,ok-sos006,2022,Oslo i alt,Kvinner,I alt,antall personer,17175
EliminatedValue,18,301,1,1,0,ok-sos006,2022,Oslo i alt,Kvinner,18-29,antall personer,798
EliminatedValue,18,301,1,2,0,ok-sos006,2022,Oslo i alt,Kvinner,30-39,antall personer,1645
EliminatedValue,18,301,1,3,0,ok-sos006,2022,Oslo i alt,Kvinner,40-49,antall personer,3189
EliminatedValue,18,301,1,4,0,ok-sos006,2022,Oslo i alt,Kvinner,50-59,antall personer,6028
EliminatedValue,18,301,1,5,0,ok-sos006,2022,Oslo i alt,Kvinner,60-67,antall personer,5515
EliminatedValue,18,301,2,0,0,ok-sos006,2022,Oslo i alt,Menn,I alt,antall personer,13792
EliminatedValue,18,301,2,1,0,ok-sos006,2022,Oslo i alt,Menn,18-29,antall personer,980
EliminatedValue,18,301,2,2,0,ok-sos006,2022,Oslo i alt,Menn,30-39,antall personer,1585
EliminatedValue,18,301,2,3,0,ok-sos006,2022,Oslo i alt,Menn,40-49,antall personer,2420
EliminatedValue,18,301,2,4,0,ok-sos006,2022,Oslo i alt,Menn,50-59,antall personer,4555
EliminatedValue,18,301,2,5,0,ok-sos006,2022,Oslo i alt,Menn,60-67,antall personer,4252
EliminatedValue,18,30101,0,0,0,ok-sos006,2022,Gamle Oslo,I alt,I alt,antall personer,2845
EliminatedValue,18,30101,0,1,0,ok-sos006,2022,Gamle Oslo,I alt,18-29,antall personer,122
EliminatedValue,18,30101,0,2,0,ok-sos006,2022,Gamle Oslo,I alt,30-39,antall personer,353
EliminatedValue,18,30101,0,3,0,ok-sos006,2022,Gamle Oslo,I alt,40-49,antall personer,587
EliminatedValue,18,30101,0,4,0,ok-sos006,2022,Gamle Oslo,I alt,50-59,antall personer,967
EliminatedValue,18,30101,0,5,0,ok-sos006,2022,Gamle Oslo,I alt,60-67,antall personer,816
EliminatedValue,18,30101,1,0,0,ok-sos006,2022,Gamle Oslo,Kvinner,I alt,antall personer,1471
EliminatedValue,18,30101,1,1,0,ok-sos006,2022,Gamle Oslo,Kvinner,18-29,antall personer,48
EliminatedValue,18,30101,1,2,0,ok-sos006,2022,Gamle Oslo,Kvinner,30-39,antall personer,176
EliminatedValue,18,30101,1,3,0,ok-sos006,2022,Gamle Oslo,Kvinner,40-49,antall personer,308
EliminatedValue,18,30101,1,4,0,ok-sos006,2022,Gamle Oslo,Kvinner,50-59,antall personer,488
EliminatedValue,18,30101,1,5,0,ok-sos006,2022,Gamle Oslo,Kvinner,60-67,antall personer,451
EliminatedValue,18,30101,2,0,0,ok-sos006,2022,Gamle Oslo,Menn,I alt,antall personer,1374
EliminatedValue,18,30101,2,1,0,ok-sos006,2022,Gamle Oslo,Menn,18-29,antall personer,74
EliminatedValue,18,30101,2,2,0,ok-sos006,2022,Gamle Oslo,Menn,30-39,antall personer,177
EliminatedValue,18,30101,2,3,0,ok-sos006,2022,Gamle Oslo,Menn,40-49,antall personer,279
EliminatedValue,18,30101,2,4,0,ok-sos006,2022,Gamle Oslo,Menn,50-59,antall personer,479
EliminatedValue,18,30101,2,5,0,ok-sos006,2022,Gamle Oslo,Menn,60-67,antall personer,365
EliminatedValue,18,30102,0,0,0,ok-sos006,2022,Grünerløkka,I alt,I alt,antall personer,2431
EliminatedValue,18,30102,0,1,0,ok-sos006,2022,Grünerløkka,I alt,18-29,antall personer,155
EliminatedValue,18,30102,0,2,0,ok-sos006,2022,Grünerløkka,I alt,30-39,antall personer,272
EliminatedValue,18,30102,0,3,0,ok-sos006,2022,Grünerløkka,I alt,40-49,antall personer,474
EliminatedValue,18,30102,0,4,0,ok-sos006,2022,Grünerløkka,I alt,50-59,antall personer,820
EliminatedValue,18,30102,0,5,0,ok-sos006,2022,Grünerløkka,I alt,60-67,antall personer,710
EliminatedValue,18,30102,1,0,0,ok-sos006,2022,Grünerløkka,Kvinner,I alt,antall personer,1187
EliminatedValue,18,30102,1,1,0,ok-sos006,2022,Grünerløkka,Kvinner,18-29,antall personer,75
EliminatedValue,18,30102,1,2,0,ok-sos006,2022,Grünerløkka,Kvinner,30-39,antall personer,128
EliminatedValue,18,30102,1,3,0,ok-sos006,2022,Grünerløkka,Kvinner,40-49,antall personer,240
EliminatedValue,18,30102,1,4,0,ok-sos006,2022,Grünerløkka,Kvinner,50-59,antall personer,386
EliminatedValue,18,30102,1,5,0,ok-sos006,2022,Grünerløkka,Kvinner,60-67,antall personer,358
EliminatedValue,18,30102,2,0,0,ok-sos006,2022,Grünerløkka,Menn,I alt,antall personer,1244
EliminatedValue,18,30102,2,1,0,ok-sos006,2022,Grünerløkka,Menn,18-29,antall personer,80
EliminatedValue,18,30102,2,2,0,ok-sos006,2022,Grünerløkka,Menn,30-39,antall personer,144
EliminatedValue,18,30102,2,3,0,ok-sos006,2022,Grünerløkka,Menn,40-49,antall personer,234
EliminatedValue,18,30102,2,4,0,ok-sos006,2022,Grünerløkka,Menn,50-59,antall personer,434
EliminatedValue,18,30102,2,5,0,ok-sos006,2022,Grünerløkka,Menn,60-67,antall personer,352
EliminatedValue,18,30103,0,0,0,ok-sos006,2022,Sagene,I alt,I alt,antall personer,1888
EliminatedValue,18,30103,0,1,0,ok-sos006,2022,Sagene,I alt,18-29,antall personer,105
EliminatedValue,18,30103,0,2,0,ok-sos006,2022,Sagene,I alt,30-39,antall personer,196
EliminatedValue,18,30103,0,3,0,ok-sos006,2022,Sagene,I alt,40-49,antall personer,350
EliminatedValue,18,30103,0,4,0,ok-sos006,2022,Sagene,I alt,50-59,antall personer,659
EliminatedValue,18,30103,0,5,0,ok-sos006,2022,Sagene,I alt,60-67,antall personer,578
EliminatedValue,18,30103,1,0,0,ok-sos006,2022,Sagene,Kvinner,I alt,antall personer,982
EliminatedValue,18,30103,1,1,0,ok-sos006,2022,Sagene,Kvinner,18-29,antall personer,64
EliminatedValue,18,30103,1,2,0,ok-sos006,2022,Sagene,Kvinner,30-39,antall personer,93
EliminatedValue,18,30103,1,3,0,ok-sos006,2022,Sagene,Kvinner,40-49,antall personer,162
EliminatedValue,18,30103,1,4,0,ok-sos006,2022,Sagene,Kvinner,50-59,antall personer,353
EliminatedValue,18,30103,1,5,0,ok-sos006,2022,Sagene,Kvinner,60-67,antall personer,310
EliminatedValue,18,30103,2,0,0,ok-sos006,2022,Sagene,Menn,I alt,antall personer,906
EliminatedValue,18,30103,2,1,0,ok-sos006,2022,Sagene,Menn,18-29,antall personer,41
EliminatedValue,18,30103,2,2,0,ok-sos006,2022,Sagene,Menn,30-39,antall personer,103
EliminatedValue,18,30103,2,3,0,ok-sos006,2022,Sagene,Menn,40-49,antall personer,188
EliminatedValue,18,30103,2,4,0,ok-sos006,2022,Sagene,Menn,50-59,antall personer,306
EliminatedValue,18,30103,2,5,0,ok-sos006,2022,Sagene,Menn,60-67,antall personer,268
EliminatedValue,18,30104,0,0,0,ok-sos006,2022,St. Hanshaugen,I alt,I alt,antall personer,1317
EliminatedValue,18,30104,0,1,0,ok-sos006,2022,St. Hanshaugen,I alt,18-29,antall personer,71
EliminatedValue,18,30104,0,2,0,ok-sos006,2022,St. Hanshaugen,I alt,30-39,antall personer,194
EliminatedValue,18,30104,0,3,0,ok-sos006,2022,St. Hanshaugen,I alt,40-49,antall personer,248
EliminatedValue,18,30104,0,4,0,ok-sos006,2022,St. Hanshaugen,I alt,50-59,antall personer,409
EliminatedValue,18,30104,0,5,0,ok-sos006,2022,St. Hanshaugen,I alt,60-67,antall personer,395
EliminatedValue,18,30104,1,0,0,ok-sos006,2022,St. Hanshaugen,Kvinner,I alt,antall personer,666
EliminatedValue,18,30104,1,1,0,ok-sos006,2022,St. Hanshaugen,Kvinner,18-29,antall personer,42
EliminatedValue,18,30104,1,2,0,ok-sos006,2022,St. Hanshaugen,Kvinner,30-39,antall personer,92
EliminatedValue,18,30104,1,3,0,ok-sos006,2022,St. Hanshaugen,Kvinner,40-49,antall personer,117
EliminatedValue,18,30104,1,4,0,ok-sos006,2022,St. Hanshaugen,Kvinner,50-59,antall personer,205
EliminatedValue,18,30104,1,5,0,ok-sos006,2022,St. Hanshaugen,Kvinner,60-67,antall personer,210
EliminatedValue,18,30104,2,0,0,ok-sos006,2022,St. Hanshaugen,Menn,I alt,antall personer,651
EliminatedValue,18,30104,2,1,0,ok-sos006,2022,St. Hanshaugen,Menn,18-29,antall personer,29
EliminatedValue,18,30104,2,2,0,ok-sos006,2022,St. Hanshaugen,Menn,30-39,antall personer,102
EliminatedValue,18,30104,2,3,0,ok-sos006,2022,St. Hanshaugen,Menn,40-49,antall personer,131
EliminatedValue,18,30104,2,4,0,ok-sos006,2022,St. Hanshaugen,Menn,50-59,antall personer,204
EliminatedValue,18,30104,2,5,0,ok-sos006,2022,St. Hanshaugen,Menn,60-67,antall personer,185
EliminatedValue,18,30105,0,0,0,ok-sos006,2022,Frogner,I alt,I alt,antall personer,1876
EliminatedValue,18,30105,0,1,0,ok-sos006,2022,Frogner,I alt,18-29,antall personer,106
EliminatedValue,18,30105,0,2,0,ok-sos006,2022,Frogner,I alt,30-39,antall personer,191
EliminatedValue,18,30105,0,3,0,ok-sos006,2022,Frogner,I alt,40-49,antall personer,353
EliminatedValue,18,30105,0,4,0,ok-sos006,2022,Frogner,I alt,50-59,antall personer,629
EliminatedValue,18,30105,0,5,0,ok-sos006,2022,Frogner,I alt,60-67,antall personer,597
EliminatedValue,18,30105,1,0,0,ok-sos006,2022,Frogner,Kvinner,I alt,antall personer,1069
EliminatedValue,18,30105,1,1,0,ok-sos006,2022,Frogner,Kvinner,18-29,antall personer,62
EliminatedValue,18,30105,1,2,0,ok-sos006,2022,Frogner,Kvinner,30-39,antall personer,106
EliminatedValue,18,30105,1,3,0,ok-sos006,2022,Frogner,Kvinner,40-49,antall personer,192
EliminatedValue,18,30105,1,4,0,ok-sos006,2022,Frogner,Kvinner,50-59,antall personer,353
EliminatedValue,18,30105,1,5,0,ok-sos006,2022,Frogner,Kvinner,60-67,antall personer,356
EliminatedValue,18,30105,2,0,0,ok-sos006,2022,Frogner,Menn,I alt,antall personer,807
EliminatedValue,18,30105,2,1,0,ok-sos006,2022,Frogner,Menn,18-29,antall personer,44
EliminatedValue,18,30105,2,2,0,ok-sos006,2022,Frogner,Menn,30-39,antall personer,85
EliminatedValue,18,30105,2,3,0,ok-sos006,2022,Frogner,Menn,40-49,antall personer,161
EliminatedValue,18,30105,2,4,0,ok-sos006,2022,Frogner,Menn,50-59,antall personer,276
EliminatedValue,18,30105,2,5,0,ok-sos006,2022,Frogner,Menn,60-67,antall personer,241
EliminatedValue,18,30106,0,0,0,ok-sos006,2022,Ullern,I alt,I alt,antall personer,912
EliminatedValue,18,30106,0,1,0,ok-sos006,2022,Ullern,I alt,18-29,antall personer,61
EliminatedValue,18,30106,0,2,0,ok-sos006,2022,Ullern,I alt,30-39,antall personer,87
EliminatedValue,18,30106,0,3,0,ok-sos006,2022,Ullern,I alt,40-49,antall personer,165
EliminatedValue,18,30106,0,4,0,ok-sos006,2022,Ullern,I alt,50-59,antall personer,285
EliminatedValue,18,30106,0,5,0,ok-sos006,2022,Ullern,I alt,60-67,antall personer,314
EliminatedValue,18,30106,1,0,0,ok-sos006,2022,Ullern,Kvinner,I alt,antall personer,560
EliminatedValue,18,30106,1,1,0,ok-sos006,2022,Ullern,Kvinner,18-29,antall personer,30
EliminatedValue,18,30106,1,2,0,ok-sos006,2022,Ullern,Kvinner,30-39,antall personer,46
EliminatedValue,18,30106,1,3,0,ok-sos006,2022,Ullern,Kvinner,40-49,antall personer,94
EliminatedValue,18,30106,1,4,0,ok-sos006,2022,Ullern,Kvinner,50-59,antall personer,179
EliminatedValue,18,30106,1,5,0,ok-sos006,2022,Ullern,Kvinner,60-67,antall personer,211
EliminatedValue,18,30106,2,0,0,ok-sos006,2022,Ullern,Menn,I alt,antall personer,352
EliminatedValue,18,30106,2,1,0,ok-sos006,2022,Ullern,Menn,18-29,antall personer,31
EliminatedValue,18,30106,2,2,0,ok-sos006,2022,Ullern,Menn,30-39,antall personer,41
EliminatedValue,18,30106,2,3,0,ok-sos006,2022,Ullern,Menn,40-49,antall personer,71
EliminatedValue,18,30106,2,4,0,ok-sos006,2022,Ullern,Menn,50-59,antall personer,106
EliminatedValue,18,30106,2,5,0,ok-sos006,2022,Ullern,Menn,60-67,antall personer,103
EliminatedValue,18,30107,0,0,0,ok-sos006,2022,Vestre Aker,I alt,I alt,antall personer,1253
EliminatedValue,18,30107,0,1,0,ok-sos006,2022,Vestre Aker,I alt,18-29,antall personer,79
EliminatedValue,18,30107,0,2,0,ok-sos006,2022,Vestre Aker,I alt,30-39,antall personer,136
EliminatedValue,18,30107,0,3,0,ok-sos006,2022,Vestre Aker,I alt,40-49,antall personer,218
EliminatedValue,18,30107,0,4,0,ok-sos006,2022,Vestre Aker,I alt,50-59,antall personer,405
EliminatedValue,18,30107,0,5,0,ok-sos006,2022,Vestre Aker,I alt,60-67,antall personer,415
EliminatedValue,18,30107,1,0,0,ok-sos006,2022,Vestre Aker,Kvinner,I alt,antall personer,771
EliminatedValue,18,30107,1,1,0,ok-sos006,2022,Vestre Aker,Kvinner,18-29,antall personer,35
EliminatedValue,18,30107,1,2,0,ok-sos006,2022,Vestre Aker,Kvinner,30-39,antall personer,75
EliminatedValue,18,30107,1,3,0,ok-sos006,2022,Vestre Aker,Kvinner,40-49,antall personer,138
EliminatedValue,18,30107,1,4,0,ok-sos006,2022,Vestre Aker,Kvinner,50-59,antall personer,266
EliminatedValue,18,30107,1,5,0,ok-sos006,2022,Vestre Aker,Kvinner,60-67,antall personer,257
EliminatedValue,18,30107,2,0,0,ok-sos006,2022,Vestre Aker,Menn,I alt,antall personer,482
EliminatedValue,18,30107,2,1,0,ok-sos006,2022,Vestre Aker,Menn,18-29,antall personer,44
EliminatedValue,18,30107,2,2,0,ok-sos006,2022,Vestre Aker,Menn,30-39,antall personer,61
EliminatedValue,18,30107,2,3,0,ok-sos006,2022,Vestre Aker,Menn,40-49,antall personer,80
EliminatedValue,18,30107,2,4,0,ok-sos006,2022,Vestre Aker,Menn,50-59,antall personer,139
EliminatedValue,18,30107,2,5,0,ok-sos006,2022,Vestre Aker,Menn,60-67,antall personer,158
EliminatedValue,18,30108,0,0,0,ok-sos006,2022,Nordre Aker,I alt,I alt,antall personer,1503
EliminatedValue,18,30108,0,1,0,ok-sos006,2022,Nordre Aker,I alt,18-29,antall personer,107
EliminatedValue,18,30108,0,2,0,ok-sos006,2022,Nordre Aker,I alt,30-39,antall personer,187
EliminatedValue,18,30108,0,3,0,ok-sos006,2022,Nordre Aker,I alt,40-49,antall personer,303
EliminatedValue,18,30108,0,4,0,ok-sos006,2022,Nordre Aker,I alt,50-59,antall personer,486
EliminatedValue,18,30108,0,5,0,ok-sos006,2022,Nordre Aker,I alt,60-67,antall personer,420
EliminatedValue,18,30108,1,0,0,ok-sos006,2022,Nordre Aker,Kvinner,I alt,antall personer,888
EliminatedValue,18,30108,1,1,0,ok-sos006,2022,Nordre Aker,Kvinner,18-29,antall personer,53
EliminatedValue,18,30108,1,2,0,ok-sos006,2022,Nordre Aker,Kvinner,30-39,antall personer,103
EliminatedValue,18,30108,1,3,0,ok-sos006,2022,Nordre Aker,Kvinner,40-49,antall personer,192
EliminatedValue,18,30108,1,4,0,ok-sos006,2022,Nordre Aker,Kvinner,50-59,antall personer,297
EliminatedValue,18,30108,1,5,0,ok-sos006,2022,Nordre Aker,Kvinner,60-67,antall personer,243
EliminatedValue,18,30108,2,0,0,ok-sos006,2022,Nordre Aker,Menn,I alt,antall personer,615
EliminatedValue,18,30108,2,1,0,ok-sos006,2022,Nordre Aker,Menn,18-29,antall personer,54
EliminatedValue,18,30108,2,2,0,ok-sos006,2022,Nordre Aker,Menn,30-39,antall personer,84
EliminatedValue,18,30108,2,3,0,ok-sos006,2022,Nordre Aker,Menn,40-49,antall personer,111
EliminatedValue,18,30108,2,4,0,ok-sos006,2022,Nordre Aker,Menn,50-59,antall personer,189
EliminatedValue,18,30108,2,5,0,ok-sos006,2022,Nordre Aker,Menn,60-67,antall personer,177
EliminatedValue,18,30109,0,0,0,ok-sos006,2022,Bjerke,I alt,I alt,antall personer,1595
EliminatedValue,18,30109,0,1,0,ok-sos006,2022,Bjerke,I alt,18-29,antall personer,116
EliminatedValue,18,30109,0,2,0,ok-sos006,2022,Bjerke,I alt,30-39,antall personer,147
EliminatedValue,18,30109,0,3,0,ok-sos006,2022,Bjerke,I alt,40-49,antall personer,301
EliminatedValue,18,30109,0,4,0,ok-sos006,2022,Bjerke,I alt,50-59,antall personer,543
EliminatedValue,18,30109,0,5,0,ok-sos006,2022,Bjerke,I alt,60-67,antall personer,488
EliminatedValue,18,30109,1,0,0,ok-sos006,2022,Bjerke,Kvinner,I alt,antall personer,867
EliminatedValue,18,30109,1,1,0,ok-sos006,2022,Bjerke,Kvinner,18-29,antall personer,52
EliminatedValue,18,30109,1,2,0,ok-sos006,2022,Bjerke,Kvinner,30-39,antall personer,65
EliminatedValue,18,30109,1,3,0,ok-sos006,2022,Bjerke,Kvinner,40-49,antall personer,191
EliminatedValue,18,30109,1,4,0,ok-sos006,2022,Bjerke,Kvinner,50-59,antall personer,300
EliminatedValue,18,30109,1,5,0,ok-sos006,2022,Bjerke,Kvinner,60-67,antall personer,259
EliminatedValue,18,30109,2,0,0,ok-sos006,2022,Bjerke,Menn,I alt,antall personer,728
EliminatedValue,18,30109,2,1,0,ok-sos006,2022,Bjerke,Menn,18-29,antall personer,64
EliminatedValue,18,30109,2,2,0,ok-sos006,2022,Bjerke,Menn,30-39,antall personer,82
EliminatedValue,18,30109,2,3,0,ok-sos006,2022,Bjerke,Menn,40-49,antall personer,110
EliminatedValue,18,30109,2,4,0,ok-sos006,2022,Bjerke,Menn,50-59,antall personer,243
EliminatedValue,18,30109,2,5,0,ok-sos006,2022,Bjerke,Menn,60-67,antall personer,229
EliminatedValue,18,30110,0,0,0,ok-sos006,2022,Grorud,I alt,I alt,antall personer,2154
EliminatedValue,18,30110,0,1,0,ok-sos006,2022,Grorud,I alt,18-29,antall personer,125
EliminatedValue,18,30110,0,2,0,ok-sos006,2022,Grorud,I alt,30-39,antall personer,239
EliminatedValue,18,30110,0,3,0,ok-sos006,2022,Grorud,I alt,40-49,antall personer,359
EliminatedValue,18,30110,0,4,0,ok-sos006,2022,Grorud,I alt,50-59,antall personer,767
EliminatedValue,18,30110,0,5,0,ok-sos006,2022,Grorud,I alt,60-67,antall personer,664
EliminatedValue,18,30110,1,0,0,ok-sos006,2022,Grorud,Kvinner,I alt,antall personer,1192
EliminatedValue,18,30110,1,1,0,ok-sos006,2022,Grorud,Kvinner,18-29,antall personer,49
EliminatedValue,18,30110,1,2,0,ok-sos006,2022,Grorud,Kvinner,30-39,antall personer,127
EliminatedValue,18,30110,1,3,0,ok-sos006,2022,Grorud,Kvinner,40-49,antall personer,206
EliminatedValue,18,30110,1,4,0,ok-sos006,2022,Grorud,Kvinner,50-59,antall personer,453
EliminatedValue,18,30110,1,5,0,ok-sos006,2022,Grorud,Kvinner,60-67,antall personer,357
EliminatedValue,18,30110,2,0,0,ok-sos006,2022,Grorud,Menn,I alt,antall personer,962
EliminatedValue,18,30110,2,1,0,ok-sos006,2022,Grorud,Menn,18-29,antall personer,76
EliminatedValue,18,30110,2,2,0,ok-sos006,2022,Grorud,Menn,30-39,antall personer,112
EliminatedValue,18,30110,2,3,0,ok-sos006,2022,Grorud,Menn,40-49,antall personer,153
EliminatedValue,18,30110,2,4,0,ok-sos006,2022,Grorud,Menn,50-59,antall personer,314
EliminatedValue,18,30110,2,5,0,ok-sos006,2022,Grorud,Menn,60-67,antall personer,307
EliminatedValue,18,30111,0,0,0,ok-sos006,2022,Stovner,I alt,I alt,antall personer,2319
EliminatedValue,18,30111,0,1,0,ok-sos006,2022,Stovner,I alt,18-29,antall personer,156
EliminatedValue,18,30111,0,2,0,ok-sos006,2022,Stovner,I alt,30-39,antall personer,202
EliminatedValue,18,30111,0,3,0,ok-sos006,2022,Stovner,I alt,40-49,antall personer,388
EliminatedValue,18,30111,0,4,0,ok-sos006,2022,Stovner,I alt,50-59,antall personer,852
EliminatedValue,18,30111,0,5,0,ok-sos006,2022,Stovner,I alt,60-67,antall personer,721
EliminatedValue,18,30111,1,0,0,ok-sos006,2022,Stovner,Kvinner,I alt,antall personer,1234
EliminatedValue,18,30111,1,1,0,ok-sos006,2022,Stovner,Kvinner,18-29,antall personer,58
EliminatedValue,18,30111,1,2,0,ok-sos006,2022,Stovner,Kvinner,30-39,antall personer,91
EliminatedValue,18,30111,1,3,0,ok-sos006,2022,Stovner,Kvinner,40-49,antall personer,235
EliminatedValue,18,30111,1,4,0,ok-sos006,2022,Stovner,Kvinner,50-59,antall personer,467
EliminatedValue,18,30111,1,5,0,ok-sos006,2022,Stovner,Kvinner,60-67,antall personer,383
EliminatedValue,18,30111,2,0,0,ok-sos006,2022,Stovner,Menn,I alt,antall personer,1085
EliminatedValue,18,30111,2,1,0,ok-sos006,2022,Stovner,Menn,18-29,antall personer,98
EliminatedValue,18,30111,2,2,0,ok-sos006,2022,Stovner,Menn,30-39,antall personer,111
EliminatedValue,18,30111,2,3,0,ok-sos006,2022,Stovner,Menn,40-49,antall personer,153
EliminatedValue,18,30111,2,4,0,ok-sos006,2022,Stovner,Menn,50-59,antall personer,385
EliminatedValue,18,30111,2,5,0,ok-sos006,2022,Stovner,Menn,60-67,antall personer,338
EliminatedValue,18,30112,0,0,0,ok-sos006,2022,Alna,I alt,I alt,antall personer,3666
EliminatedValue,18,30112,0,1,0,ok-sos006,2022,Alna,I alt,18-29,antall personer,188
EliminatedValue,18,30112,0,2,0,ok-sos006,2022,Alna,I alt,30-39,antall personer,330
EliminatedValue,18,30112,0,3,0,ok-sos006,2022,Alna,I alt,40-49,antall personer,662
EliminatedValue,18,30112,0,4,0,ok-sos006,2022,Alna,I alt,50-59,antall personer,1295
EliminatedValue,18,30112,0,5,0,ok-sos006,2022,Alna,I alt,60-67,antall personer,1191
EliminatedValue,18,30112,1,0,0,ok-sos006,2022,Alna,Kvinner,I alt,antall personer,2022
EliminatedValue,18,30112,1,1,0,ok-sos006,2022,Alna,Kvinner,18-29,antall personer,69
EliminatedValue,18,30112,1,2,0,ok-sos006,2022,Alna,Kvinner,30-39,antall personer,177
EliminatedValue,18,30112,1,3,0,ok-sos006,2022,Alna,Kvinner,40-49,antall personer,375
EliminatedValue,18,30112,1,4,0,ok-sos006,2022,Alna,Kvinner,50-59,antall personer,767
EliminatedValue,18,30112,1,5,0,ok-sos006,2022,Alna,Kvinner,60-67,antall personer,634
EliminatedValue,18,30112,2,0,0,ok-sos006,2022,Alna,Menn,I alt,antall personer,1644
EliminatedValue,18,30112,2,1,0,ok-sos006,2022,Alna,Menn,18-29,antall personer,119
EliminatedValue,18,30112,2,2,0,ok-sos006,2022,Alna,Menn,30-39,antall personer,153
EliminatedValue,18,30112,2,3,0,ok-sos006,2022,Alna,Menn,40-49,antall personer,287
EliminatedValue,18,30112,2,4,0,ok-sos006,2022,Alna,Menn,50-59,antall personer,528
EliminatedValue,18,30112,2,5,0,ok-sos006,2022,Alna,Menn,60-67,antall personer,557
EliminatedValue,18,30113,0,0,0,ok-sos006,2022,Østensjø,I alt,I alt,antall personer,2482
EliminatedValue,18,30113,0,1,0,ok-sos006,2022,Østensjø,I alt,18-29,antall personer,111
EliminatedValue,18,30113,0,2,0,ok-sos006,2022,Østensjø,I alt,30-39,antall personer,195
EliminatedValue,18,30113,0,3,0,ok-sos006,2022,Østensjø,I alt,40-49,antall personer,378
EliminatedValue,18,30113,0,4,0,ok-sos006,2022,Østensjø,I alt,50-59,antall personer,881
EliminatedValue,18,30113,0,5,0,ok-sos006,2022,Østensjø,I alt,60-67,antall personer,917
EliminatedValue,18,30113,1,0,0,ok-sos006,2022,Østensjø,Kvinner,I alt,antall personer,1491
EliminatedValue,18,30113,1,1,0,ok-sos006,2022,Østensjø,Kvinner,18-29,antall personer,50
EliminatedValue,18,30113,1,2,0,ok-sos006,2022,Østensjø,Kvinner,30-39,antall personer,112
EliminatedValue,18,30113,1,3,0,ok-sos006,2022,Østensjø,Kvinner,40-49,antall personer,226
EliminatedValue,18,30113,1,4,0,ok-sos006,2022,Østensjø,Kvinner,50-59,antall personer,552
EliminatedValue,18,30113,1,5,0,ok-sos006,2022,Østensjø,Kvinner,60-67,antall personer,551
EliminatedValue,18,30113,2,0,0,ok-sos006,2022,Østensjø,Menn,I alt,antall personer,991
EliminatedValue,18,30113,2,1,0,ok-sos006,2022,Østensjø,Menn,18-29,antall personer,61
EliminatedValue,18,30113,2,2,0,ok-sos006,2022,Østensjø,Menn,30-39,antall personer,83
EliminatedValue,18,30113,2,3,0,ok-sos006,2022,Østensjø,Menn,40-49,antall personer,152
EliminatedValue,18,30113,2,4,0,ok-sos006,2022,Østensjø,Menn,50-59,antall personer,329
EliminatedValue,18,30113,2,5,0,ok-sos006,2022,Østensjø,Menn,60-67,antall personer,366
EliminatedValue,18,30114,0,0,0,ok-sos006,2022,Nordstrand,I alt,I alt,antall personer,2054
EliminatedValue,18,30114,0,1,0,ok-sos006,2022,Nordstrand,I alt,18-29,antall personer,126
EliminatedValue,18,30114,0,2,0,ok-sos006,2022,Nordstrand,I alt,30-39,antall personer,210
EliminatedValue,18,30114,0,3,0,ok-sos006,2022,Nordstrand,I alt,40-49,antall personer,344
EliminatedValue,18,30114,0,4,0,ok-sos006,2022,Nordstrand,I alt,50-59,antall personer,694
EliminatedValue,18,30114,0,5,0,ok-sos006,2022,Nordstrand,I alt,60-67,antall personer,680
EliminatedValue,18,30114,1,0,0,ok-sos006,2022,Nordstrand,Kvinner,I alt,antall personer,1252
EliminatedValue,18,30114,1,1,0,ok-sos006,2022,Nordstrand,Kvinner,18-29,antall personer,55
EliminatedValue,18,30114,1,2,0,ok-sos006,2022,Nordstrand,Kvinner,30-39,antall personer,110
EliminatedValue,18,30114,1,3,0,ok-sos006,2022,Nordstrand,Kvinner,40-49,antall personer,223
EliminatedValue,18,30114,1,4,0,ok-sos006,2022,Nordstrand,Kvinner,50-59,antall personer,421
EliminatedValue,18,30114,1,5,0,ok-sos006,2022,Nordstrand,Kvinner,60-67,antall personer,443
EliminatedValue,18,30114,2,0,0,ok-sos006,2022,Nordstrand,Menn,I alt,antall personer,802
EliminatedValue,18,30114,2,1,0,ok-sos006,2022,Nordstrand,Menn,18-29,antall personer,71
EliminatedValue,18,30114,2,2,0,ok-sos006,2022,Nordstrand,Menn,30-39,antall personer,100
EliminatedValue,18,30114,2,3,0,ok-sos006,2022,Nordstrand,Menn,40-49,antall personer,121
EliminatedValue,18,30114,2,4,0,ok-sos006,2022,Nordstrand,Menn,50-59,antall personer,273
EliminatedValue,18,30114,2,5,0,ok-sos006,2022,Nordstrand,Menn,60-67,antall personer,237
EliminatedValue,18,30115,0,0,0,ok-sos006,2022,Søndre Nordstrand,I alt,I alt,antall personer,2668
EliminatedValue,18,30115,0,1,0,ok-sos006,2022,Søndre Nordstrand,I alt,18-29,antall personer,150
EliminatedValue,18,30115,0,2,0,ok-sos006,2022,Søndre Nordstrand,I alt,30-39,antall personer,291
EliminatedValue,18,30115,0,3,0,ok-sos006,2022,Søndre Nordstrand,I alt,40-49,antall personer,479
EliminatedValue,18,30115,0,4,0,ok-sos006,2022,Søndre Nordstrand,I alt,50-59,antall personer,887
EliminatedValue,18,30115,0,5,0,ok-sos006,2022,Søndre Nordstrand,I alt,60-67,antall personer,861
EliminatedValue,18,30115,1,0,0,ok-sos006,2022,Søndre Nordstrand,Kvinner,I alt,antall personer,1520
EliminatedValue,18,30115,1,1,0,ok-sos006,2022,Søndre Nordstrand,Kvinner,18-29,antall personer,56
EliminatedValue,18,30115,1,2,0,ok-sos006,2022,Søndre Nordstrand,Kvinner,30-39,antall personer,144
EliminatedValue,18,30115,1,3,0,ok-sos006,2022,Søndre Nordstrand,Kvinner,40-49,antall personer,290
EliminatedValue,18,30115,1,4,0,ok-sos006,2022,Søndre Nordstrand,Kvinner,50-59,antall personer,538
EliminatedValue,18,30115,1,5,0,ok-sos006,2022,Søndre Nordstrand,Kvinner,60-67,antall personer,492
EliminatedValue,18,30115,2,0,0,ok-sos006,2022,Søndre Nordstrand,Menn,I alt,antall personer,1148
EliminatedValue,18,30115,2,1,0,ok-sos006,2022,Søndre Nordstrand,Menn,18-29,antall personer,94
EliminatedValue,18,30115,2,2,0,ok-sos006,2022,Søndre Nordstrand,Menn,30-39,antall personer,147
EliminatedValue,18,30115,2,3,0,ok-sos006,2022,Søndre Nordstrand,Menn,40-49,antall personer,189
EliminatedValue,18,30115,2,4,0,ok-sos006,2022,Søndre Nordstrand,Menn,50-59,antall personer,349
EliminatedValue,18,30115,2,5,0,ok-sos006,2022,Søndre Nordstrand,Menn,60-67,antall personer,369
EliminatedValue,18,30199,0,0,0,ok-sos006,2022,Uten registrert adresse,I alt,I alt,antall personer,4
EliminatedValue,18,30199,0,1,0,ok-sos006,2022,Uten registrert adresse,I alt,18-29,antall personer,
EliminatedValue,18,30199,0,2,0,ok-sos006,2022,Uten registrert adresse,I alt,30-39,antall personer,
EliminatedValue,18,30199,0,3,0,ok-sos006,2022,Uten registrert adresse,I alt,40-49,antall personer,
EliminatedValue,18,30199,0,4,0,ok-sos006,2022,Uten registrert adresse,I alt,50-59,antall personer,4
EliminatedValue,18,30199,0,5,0,ok-sos006,2022,Uten registrert adresse,I alt,60-67,antall personer,
EliminatedValue,18,30199,1,0,0,ok-sos006,2022,Uten registrert adresse,Kvinner,I alt,antall personer,3
EliminatedValue,18,30199,1,1,0,ok-sos006,2022,Uten registrert adresse,Kvinner,18-29,antall personer,
EliminatedValue,18,30199,1,2,0,ok-sos006,2022,Uten registrert adresse,Kvinner,30-39,antall personer,
EliminatedValue,18,30199,1,3,0,ok-sos006,2022,Uten registrert adresse,Kvinner,40-49,antall personer,
EliminatedValue,18,30199,1,4,0,ok-sos006,2022,Uten registrert adresse,Kvinner,50-59,antall personer,3
EliminatedValue,18,30199,1,5,0,ok-sos006,2022,Uten registrert adresse,Kvinner,60-67,antall personer,
EliminatedValue,18,30199,2,0,0,ok-sos006,2022,Uten registrert adresse,Menn,I alt,antall personer,1
EliminatedValue,18,30199,2,1,0,ok-sos006,2022,Uten registrert adresse,Menn,18-29,antall personer,
EliminatedValue,18,30199,2,2,0,ok-sos006,2022,Uten registrert adresse,Menn,30-39,antall personer,
EliminatedValue,18,30199,2,3,0,ok-sos006,2022,Uten registrert adresse,Menn,40-49,antall personer,
EliminatedValue,18,30199,2,4,0,ok-sos006,2022,Uten registrert adresse,Menn,50-59,antall personer,1
EliminatedValue,18,30199,2,5,0,ok-sos006,2022,Uten registrert adresse,Menn,60-67,antall personer,
EliminatedValue,18,30118195,0,0,0,ok-sos006,2022,Ukjent bydel,I alt,I alt,antall personer,
EliminatedValue,18,30118195,0,1,0,ok-sos006,2022,Ukjent bydel,I alt,18-29,antall personer,
EliminatedValue,18,30118195,0,2,0,ok-sos006,2022,Ukjent bydel,I alt,30-39,antall personer,
EliminatedValue,18,30118195,0,3,0,ok-sos006,2022,Ukjent bydel,I alt,40-49,antall personer,
EliminatedValue,18,30118195,0,4,0,ok-sos006,2022,Ukjent bydel,I alt,50-59,antall personer,
EliminatedValue,18,30118195,0,5,0,ok-sos006,2022,Ukjent bydel,I alt,60-67,antall personer,
EliminatedValue,18,30118195,1,0,0,ok-sos006,2022,Ukjent bydel,Kvinner,I alt,antall personer,
EliminatedValue,18,30118195,1,1,0,ok-sos006,2022,Ukjent bydel,Kvinner,18-29,antall personer,
EliminatedValue,18,30118195,1,2,0,ok-sos006,2022,Ukjent bydel,Kvinner,30-39,antall personer,
EliminatedValue,18,30118195,1,3,0,ok-sos006,2022,Ukjent bydel,Kvinner,40-49,antall personer,
EliminatedValue,18,30118195,1,4,0,ok-sos006,2022,Ukjent bydel,Kvinner,50-59,antall personer,
EliminatedValue,18,30118195,1,5,0,ok-sos006,2022,Ukjent bydel,Kvinner,60-67,antall personer,
EliminatedValue,18,30118195,2,0,0,ok-sos006,2022,Ukjent bydel,Menn,I alt,antall personer,
EliminatedValue,18,30118195,2,1,0,ok-sos006,2022,Ukjent bydel,Menn,18-29,antall personer,
EliminatedValue,18,30118195,2,2,0,ok-sos006,2022,Ukjent bydel,Menn,30-39,antall personer,
EliminatedValue,18,30118195,2,3,0,ok-sos006,2022,Ukjent bydel,Menn,40-49,antall personer,
EliminatedValue,18,30118195,2,4,0,ok-sos006,2022,Ukjent bydel,Menn,50-59,antall personer,
EliminatedValue,18,30118195,2,5,0,ok-sos006,2022,Ukjent bydel,Menn,60-67,antall personer,
EliminatedValue,19,301,0,0,0,ok-sos006,2023,Oslo i alt,I alt,I alt,antall personer,31549
EliminatedValue,19,301,0,1,0,ok-sos006,2023,Oslo i alt,I alt,18-29,antall personer,1822
EliminatedValue,19,301,0,2,0,ok-sos006,2023,Oslo i alt,I alt,30-39,antall personer,3341
EliminatedValue,19,301,0,3,0,ok-sos006,2023,Oslo i alt,I alt,40-49,antall personer,5793
EliminatedValue,19,301,0,4,0,ok-sos006,2023,Oslo i alt,I alt,50-59,antall personer,10665
EliminatedValue,19,301,0,5,0,ok-sos006,2023,Oslo i alt,I alt,60-67,antall personer,9928
EliminatedValue,19,301,1,0,0,ok-sos006,2023,Oslo i alt,Kvinner,I alt,antall personer,17549
EliminatedValue,19,301,1,1,0,ok-sos006,2023,Oslo i alt,Kvinner,18-29,antall personer,819
EliminatedValue,19,301,1,2,0,ok-sos006,2023,Oslo i alt,Kvinner,30-39,antall personer,1699
EliminatedValue,19,301,1,3,0,ok-sos006,2023,Oslo i alt,Kvinner,40-49,antall personer,3286
EliminatedValue,19,301,1,4,0,ok-sos006,2023,Oslo i alt,Kvinner,50-59,antall personer,6146
EliminatedValue,19,301,1,5,0,ok-sos006,2023,Oslo i alt,Kvinner,60-67,antall personer,5599
EliminatedValue,19,301,2,0,0,ok-sos006,2023,Oslo i alt,Menn,I alt,antall personer,14000
EliminatedValue,19,301,2,1,0,ok-sos006,2023,Oslo i alt,Menn,18-29,antall personer,1003
EliminatedValue,19,301,2,2,0,ok-sos006,2023,Oslo i alt,Menn,30-39,antall personer,1642
EliminatedValue,19,301,2,3,0,ok-sos006,2023,Oslo i alt,Menn,40-49,antall personer,2507
EliminatedValue,19,301,2,4,0,ok-sos006,2023,Oslo i alt,Menn,50-59,antall personer,4519
EliminatedValue,19,301,2,5,0,ok-sos006,2023,Oslo i alt,Menn,60-67,antall personer,4329
EliminatedValue,19,30101,0,0,0,ok-sos006,2023,Gamle Oslo,I alt,I alt,antall personer,2997
EliminatedValue,19,30101,0,1,0,ok-sos006,2023,Gamle Oslo,I alt,18-29,antall personer,133
EliminatedValue,19,30101,0,2,0,ok-sos006,2023,Gamle Oslo,I alt,30-39,antall personer,366
EliminatedValue,19,30101,0,3,0,ok-sos006,2023,Gamle Oslo,I alt,40-49,antall personer,641
EliminatedValue,19,30101,0,4,0,ok-sos006,2023,Gamle Oslo,I alt,50-59,antall personer,1005
EliminatedValue,19,30101,0,5,0,ok-sos006,2023,Gamle Oslo,I alt,60-67,antall personer,852
EliminatedValue,19,30101,1,0,0,ok-sos006,2023,Gamle Oslo,Kvinner,I alt,antall personer,1544
EliminatedValue,19,30101,1,1,0,ok-sos006,2023,Gamle Oslo,Kvinner,18-29,antall personer,59
EliminatedValue,19,30101,1,2,0,ok-sos006,2023,Gamle Oslo,Kvinner,30-39,antall personer,185
EliminatedValue,19,30101,1,3,0,ok-sos006,2023,Gamle Oslo,Kvinner,40-49,antall personer,334
EliminatedValue,19,30101,1,4,0,ok-sos006,2023,Gamle Oslo,Kvinner,50-59,antall personer,514
EliminatedValue,19,30101,1,5,0,ok-sos006,2023,Gamle Oslo,Kvinner,60-67,antall personer,452
EliminatedValue,19,30101,2,0,0,ok-sos006,2023,Gamle Oslo,Menn,I alt,antall personer,1453
EliminatedValue,19,30101,2,1,0,ok-sos006,2023,Gamle Oslo,Menn,18-29,antall personer,74
EliminatedValue,19,30101,2,2,0,ok-sos006,2023,Gamle Oslo,Menn,30-39,antall personer,181
EliminatedValue,19,30101,2,3,0,ok-sos006,2023,Gamle Oslo,Menn,40-49,antall personer,307
EliminatedValue,19,30101,2,4,0,ok-sos006,2023,Gamle Oslo,Menn,50-59,antall personer,491
EliminatedValue,19,30101,2,5,0,ok-sos006,2023,Gamle Oslo,Menn,60-67,antall personer,400
EliminatedValue,19,30102,0,0,0,ok-sos006,2023,Grünerløkka,I alt,I alt,antall personer,2421
EliminatedValue,19,30102,0,1,0,ok-sos006,2023,Grünerløkka,I alt,18-29,antall personer,154
EliminatedValue,19,30102,0,2,0,ok-sos006,2023,Grünerløkka,I alt,30-39,antall personer,289
EliminatedValue,19,30102,0,3,0,ok-sos006,2023,Grünerløkka,I alt,40-49,antall personer,482
EliminatedValue,19,30102,0,4,0,ok-sos006,2023,Grünerløkka,I alt,50-59,antall personer,797
EliminatedValue,19,30102,0,5,0,ok-sos006,2023,Grünerløkka,I alt,60-67,antall personer,699
EliminatedValue,19,30102,1,0,0,ok-sos006,2023,Grünerløkka,Kvinner,I alt,antall personer,1201
EliminatedValue,19,30102,1,1,0,ok-sos006,2023,Grünerløkka,Kvinner,18-29,antall personer,78
EliminatedValue,19,30102,1,2,0,ok-sos006,2023,Grünerløkka,Kvinner,30-39,antall personer,131
EliminatedValue,19,30102,1,3,0,ok-sos006,2023,Grünerløkka,Kvinner,40-49,antall personer,256
EliminatedValue,19,30102,1,4,0,ok-sos006,2023,Grünerløkka,Kvinner,50-59,antall personer,379
EliminatedValue,19,30102,1,5,0,ok-sos006,2023,Grünerløkka,Kvinner,60-67,antall personer,357
EliminatedValue,19,30102,2,0,0,ok-sos006,2023,Grünerløkka,Menn,I alt,antall personer,1220
EliminatedValue,19,30102,2,1,0,ok-sos006,2023,Grünerløkka,Menn,18-29,antall personer,76
EliminatedValue,19,30102,2,2,0,ok-sos006,2023,Grünerløkka,Menn,30-39,antall personer,158
EliminatedValue,19,30102,2,3,0,ok-sos006,2023,Grünerløkka,Menn,40-49,antall personer,226
EliminatedValue,19,30102,2,4,0,ok-sos006,2023,Grünerløkka,Menn,50-59,antall personer,418
EliminatedValue,19,30102,2,5,0,ok-sos006,2023,Grünerløkka,Menn,60-67,antall personer,342
EliminatedValue,19,30103,0,0,0,ok-sos006,2023,Sagene,I alt,I alt,antall personer,1926
EliminatedValue,19,30103,0,1,0,ok-sos006,2023,Sagene,I alt,18-29,antall personer,102
EliminatedValue,19,30103,0,2,0,ok-sos006,2023,Sagene,I alt,30-39,antall personer,223
EliminatedValue,19,30103,0,3,0,ok-sos006,2023,Sagene,I alt,40-49,antall personer,369
EliminatedValue,19,30103,0,4,0,ok-sos006,2023,Sagene,I alt,50-59,antall personer,645
EliminatedValue,19,30103,0,5,0,ok-sos006,2023,Sagene,I alt,60-67,antall personer,587
EliminatedValue,19,30103,1,0,0,ok-sos006,2023,Sagene,Kvinner,I alt,antall personer,1003
EliminatedValue,19,30103,1,1,0,ok-sos006,2023,Sagene,Kvinner,18-29,antall personer,60
EliminatedValue,19,30103,1,2,0,ok-sos006,2023,Sagene,Kvinner,30-39,antall personer,111
EliminatedValue,19,30103,1,3,0,ok-sos006,2023,Sagene,Kvinner,40-49,antall personer,177
EliminatedValue,19,30103,1,4,0,ok-sos006,2023,Sagene,Kvinner,50-59,antall personer,345
EliminatedValue,19,30103,1,5,0,ok-sos006,2023,Sagene,Kvinner,60-67,antall personer,310
EliminatedValue,19,30103,2,0,0,ok-sos006,2023,Sagene,Menn,I alt,antall personer,923
EliminatedValue,19,30103,2,1,0,ok-sos006,2023,Sagene,Menn,18-29,antall personer,42
EliminatedValue,19,30103,2,2,0,ok-sos006,2023,Sagene,Menn,30-39,antall personer,112
EliminatedValue,19,30103,2,3,0,ok-sos006,2023,Sagene,Menn,40-49,antall personer,192
EliminatedValue,19,30103,2,4,0,ok-sos006,2023,Sagene,Menn,50-59,antall personer,300
EliminatedValue,19,30103,2,5,0,ok-sos006,2023,Sagene,Menn,60-67,antall personer,277
EliminatedValue,19,30104,0,0,0,ok-sos006,2023,St. Hanshaugen,I alt,I alt,antall personer,1314
EliminatedValue,19,30104,0,1,0,ok-sos006,2023,St. Hanshaugen,I alt,18-29,antall personer,76
EliminatedValue,19,30104,0,2,0,ok-sos006,2023,St. Hanshaugen,I alt,30-39,antall personer,190
EliminatedValue,19,30104,0,3,0,ok-sos006,2023,St. Hanshaugen,I alt,40-49,antall personer,265
EliminatedValue,19,30104,0,4,0,ok-sos006,2023,St. Hanshaugen,I alt,50-59,antall personer,409
EliminatedValue,19,30104,0,5,0,ok-sos006,2023,St. Hanshaugen,I alt,60-67,antall personer,374
EliminatedValue,19,30104,1,0,0,ok-sos006,2023,St. Hanshaugen,Kvinner,I alt,antall personer,662
EliminatedValue,19,30104,1,1,0,ok-sos006,2023,St. Hanshaugen,Kvinner,18-29,antall personer,43
EliminatedValue,19,30104,1,2,0,ok-sos006,2023,St. Hanshaugen,Kvinner,30-39,antall personer,86
EliminatedValue,19,30104,1,3,0,ok-sos006,2023,St. Hanshaugen,Kvinner,40-49,antall personer,129
EliminatedValue,19,30104,1,4,0,ok-sos006,2023,St. Hanshaugen,Kvinner,50-59,antall personer,204
EliminatedValue,19,30104,1,5,0,ok-sos006,2023,St. Hanshaugen,Kvinner,60-67,antall personer,200
EliminatedValue,19,30104,2,0,0,ok-sos006,2023,St. Hanshaugen,Menn,I alt,antall personer,652
EliminatedValue,19,30104,2,1,0,ok-sos006,2023,St. Hanshaugen,Menn,18-29,antall personer,33
EliminatedValue,19,30104,2,2,0,ok-sos006,2023,St. Hanshaugen,Menn,30-39,antall personer,104
EliminatedValue,19,30104,2,3,0,ok-sos006,2023,St. Hanshaugen,Menn,40-49,antall personer,136
EliminatedValue,19,30104,2,4,0,ok-sos006,2023,St. Hanshaugen,Menn,50-59,antall personer,205
EliminatedValue,19,30104,2,5,0,ok-sos006,2023,St. Hanshaugen,Menn,60-67,antall personer,174
EliminatedValue,19,30105,0,0,0,ok-sos006,2023,Frogner,I alt,I alt,antall personer,1909
EliminatedValue,19,30105,0,1,0,ok-sos006,2023,Frogner,I alt,18-29,antall personer,114
EliminatedValue,19,30105,0,2,0,ok-sos006,2023,Frogner,I alt,30-39,antall personer,189
EliminatedValue,19,30105,0,3,0,ok-sos006,2023,Frogner,I alt,40-49,antall personer,353
EliminatedValue,19,30105,0,4,0,ok-sos006,2023,Frogner,I alt,50-59,antall personer,632
EliminatedValue,19,30105,0,5,0,ok-sos006,2023,Frogner,I alt,60-67,antall personer,621
EliminatedValue,19,30105,1,0,0,ok-sos006,2023,Frogner,Kvinner,I alt,antall personer,1092
EliminatedValue,19,30105,1,1,0,ok-sos006,2023,Frogner,Kvinner,18-29,antall personer,65
EliminatedValue,19,30105,1,2,0,ok-sos006,2023,Frogner,Kvinner,30-39,antall personer,111
EliminatedValue,19,30105,1,3,0,ok-sos006,2023,Frogner,Kvinner,40-49,antall personer,184
EliminatedValue,19,30105,1,4,0,ok-sos006,2023,Frogner,Kvinner,50-59,antall personer,362
EliminatedValue,19,30105,1,5,0,ok-sos006,2023,Frogner,Kvinner,60-67,antall personer,370
EliminatedValue,19,30105,2,0,0,ok-sos006,2023,Frogner,Menn,I alt,antall personer,817
EliminatedValue,19,30105,2,1,0,ok-sos006,2023,Frogner,Menn,18-29,antall personer,49
EliminatedValue,19,30105,2,2,0,ok-sos006,2023,Frogner,Menn,30-39,antall personer,78
EliminatedValue,19,30105,2,3,0,ok-sos006,2023,Frogner,Menn,40-49,antall personer,169
EliminatedValue,19,30105,2,4,0,ok-sos006,2023,Frogner,Menn,50-59,antall personer,270
EliminatedValue,19,30105,2,5,0,ok-sos006,2023,Frogner,Menn,60-67,antall personer,251
EliminatedValue,19,30106,0,0,0,ok-sos006,2023,Ullern,I alt,I alt,antall personer,917
EliminatedValue,19,30106,0,1,0,ok-sos006,2023,Ullern,I alt,18-29,antall personer,63
EliminatedValue,19,30106,0,2,0,ok-sos006,2023,Ullern,I alt,30-39,antall personer,97
EliminatedValue,19,30106,0,3,0,ok-sos006,2023,Ullern,I alt,40-49,antall personer,165
EliminatedValue,19,30106,0,4,0,ok-sos006,2023,Ullern,I alt,50-59,antall personer,279
EliminatedValue,19,30106,0,5,0,ok-sos006,2023,Ullern,I alt,60-67,antall personer,313
EliminatedValue,19,30106,1,0,0,ok-sos006,2023,Ullern,Kvinner,I alt,antall personer,568
EliminatedValue,19,30106,1,1,0,ok-sos006,2023,Ullern,Kvinner,18-29,antall personer,27
EliminatedValue,19,30106,1,2,0,ok-sos006,2023,Ullern,Kvinner,30-39,antall personer,50
EliminatedValue,19,30106,1,3,0,ok-sos006,2023,Ullern,Kvinner,40-49,antall personer,96
EliminatedValue,19,30106,1,4,0,ok-sos006,2023,Ullern,Kvinner,50-59,antall personer,179
EliminatedValue,19,30106,1,5,0,ok-sos006,2023,Ullern,Kvinner,60-67,antall personer,216
EliminatedValue,19,30106,2,0,0,ok-sos006,2023,Ullern,Menn,I alt,antall personer,349
EliminatedValue,19,30106,2,1,0,ok-sos006,2023,Ullern,Menn,18-29,antall personer,36
EliminatedValue,19,30106,2,2,0,ok-sos006,2023,Ullern,Menn,30-39,antall personer,47
EliminatedValue,19,30106,2,3,0,ok-sos006,2023,Ullern,Menn,40-49,antall personer,69
EliminatedValue,19,30106,2,4,0,ok-sos006,2023,Ullern,Menn,50-59,antall personer,100
EliminatedValue,19,30106,2,5,0,ok-sos006,2023,Ullern,Menn,60-67,antall personer,97
EliminatedValue,19,30107,0,0,0,ok-sos006,2023,Vestre Aker,I alt,I alt,antall personer,1231
EliminatedValue,19,30107,0,1,0,ok-sos006,2023,Vestre Aker,I alt,18-29,antall personer,73
EliminatedValue,19,30107,0,2,0,ok-sos006,2023,Vestre Aker,I alt,30-39,antall personer,136
EliminatedValue,19,30107,0,3,0,ok-sos006,2023,Vestre Aker,I alt,40-49,antall personer,223
EliminatedValue,19,30107,0,4,0,ok-sos006,2023,Vestre Aker,I alt,50-59,antall personer,395
EliminatedValue,19,30107,0,5,0,ok-sos006,2023,Vestre Aker,I alt,60-67,antall personer,404
EliminatedValue,19,30107,1,0,0,ok-sos006,2023,Vestre Aker,Kvinner,I alt,antall personer,753
EliminatedValue,19,30107,1,1,0,ok-sos006,2023,Vestre Aker,Kvinner,18-29,antall personer,31
EliminatedValue,19,30107,1,2,0,ok-sos006,2023,Vestre Aker,Kvinner,30-39,antall personer,73
EliminatedValue,19,30107,1,3,0,ok-sos006,2023,Vestre Aker,Kvinner,40-49,antall personer,134
EliminatedValue,19,30107,1,4,0,ok-sos006,2023,Vestre Aker,Kvinner,50-59,antall personer,260
EliminatedValue,19,30107,1,5,0,ok-sos006,2023,Vestre Aker,Kvinner,60-67,antall personer,255
EliminatedValue,19,30107,2,0,0,ok-sos006,2023,Vestre Aker,Menn,I alt,antall personer,478
EliminatedValue,19,30107,2,1,0,ok-sos006,2023,Vestre Aker,Menn,18-29,antall personer,42
EliminatedValue,19,30107,2,2,0,ok-sos006,2023,Vestre Aker,Menn,30-39,antall personer,63
EliminatedValue,19,30107,2,3,0,ok-sos006,2023,Vestre Aker,Menn,40-49,antall personer,89
EliminatedValue,19,30107,2,4,0,ok-sos006,2023,Vestre Aker,Menn,50-59,antall personer,135
EliminatedValue,19,30107,2,5,0,ok-sos006,2023,Vestre Aker,Menn,60-67,antall personer,149
EliminatedValue,19,30108,0,0,0,ok-sos006,2023,Nordre Aker,I alt,I alt,antall personer,1553
EliminatedValue,19,30108,0,1,0,ok-sos006,2023,Nordre Aker,I alt,18-29,antall personer,98
EliminatedValue,19,30108,0,2,0,ok-sos006,2023,Nordre Aker,I alt,30-39,antall personer,196
EliminatedValue,19,30108,0,3,0,ok-sos006,2023,Nordre Aker,I alt,40-49,antall personer,297
EliminatedValue,19,30108,0,4,0,ok-sos006,2023,Nordre Aker,I alt,50-59,antall personer,511
EliminatedValue,19,30108,0,5,0,ok-sos006,2023,Nordre Aker,I alt,60-67,antall personer,451
EliminatedValue,19,30108,1,0,0,ok-sos006,2023,Nordre Aker,Kvinner,I alt,antall personer,930
EliminatedValue,19,30108,1,1,0,ok-sos006,2023,Nordre Aker,Kvinner,18-29,antall personer,53
EliminatedValue,19,30108,1,2,0,ok-sos006,2023,Nordre Aker,Kvinner,30-39,antall personer,104
EliminatedValue,19,30108,1,3,0,ok-sos006,2023,Nordre Aker,Kvinner,40-49,antall personer,189
EliminatedValue,19,30108,1,4,0,ok-sos006,2023,Nordre Aker,Kvinner,50-59,antall personer,323
EliminatedValue,19,30108,1,5,0,ok-sos006,2023,Nordre Aker,Kvinner,60-67,antall personer,261
EliminatedValue,19,30108,2,0,0,ok-sos006,2023,Nordre Aker,Menn,I alt,antall personer,623
EliminatedValue,19,30108,2,1,0,ok-sos006,2023,Nordre Aker,Menn,18-29,antall personer,45
EliminatedValue,19,30108,2,2,0,ok-sos006,2023,Nordre Aker,Menn,30-39,antall personer,92
EliminatedValue,19,30108,2,3,0,ok-sos006,2023,Nordre Aker,Menn,40-49,antall personer,108
EliminatedValue,19,30108,2,4,0,ok-sos006,2023,Nordre Aker,Menn,50-59,antall personer,188
EliminatedValue,19,30108,2,5,0,ok-sos006,2023,Nordre Aker,Menn,60-67,antall personer,190
EliminatedValue,19,30109,0,0,0,ok-sos006,2023,Bjerke,I alt,I alt,antall personer,1629
EliminatedValue,19,30109,0,1,0,ok-sos006,2023,Bjerke,I alt,18-29,antall personer,118
EliminatedValue,19,30109,0,2,0,ok-sos006,2023,Bjerke,I alt,30-39,antall personer,158
EliminatedValue,19,30109,0,3,0,ok-sos006,2023,Bjerke,I alt,40-49,antall personer,315
EliminatedValue,19,30109,0,4,0,ok-sos006,2023,Bjerke,I alt,50-59,antall personer,550
EliminatedValue,19,30109,0,5,0,ok-sos006,2023,Bjerke,I alt,60-67,antall personer,488
EliminatedValue,19,30109,1,0,0,ok-sos006,2023,Bjerke,Kvinner,I alt,antall personer,895
EliminatedValue,19,30109,1,1,0,ok-sos006,2023,Bjerke,Kvinner,18-29,antall personer,52
EliminatedValue,19,30109,1,2,0,ok-sos006,2023,Bjerke,Kvinner,30-39,antall personer,80
EliminatedValue,19,30109,1,3,0,ok-sos006,2023,Bjerke,Kvinner,40-49,antall personer,205
EliminatedValue,19,30109,1,4,0,ok-sos006,2023,Bjerke,Kvinner,50-59,antall personer,309
EliminatedValue,19,30109,1,5,0,ok-sos006,2023,Bjerke,Kvinner,60-67,antall personer,249
EliminatedValue,19,30109,2,0,0,ok-sos006,2023,Bjerke,Menn,I alt,antall personer,734
EliminatedValue,19,30109,2,1,0,ok-sos006,2023,Bjerke,Menn,18-29,antall personer,66
EliminatedValue,19,30109,2,2,0,ok-sos006,2023,Bjerke,Menn,30-39,antall personer,78
EliminatedValue,19,30109,2,3,0,ok-sos006,2023,Bjerke,Menn,40-49,antall personer,110
EliminatedValue,19,30109,2,4,0,ok-sos006,2023,Bjerke,Menn,50-59,antall personer,241
EliminatedValue,19,30109,2,5,0,ok-sos006,2023,Bjerke,Menn,60-67,antall personer,239
EliminatedValue,19,30110,0,0,0,ok-sos006,2023,Grorud,I alt,I alt,antall personer,2234
EliminatedValue,19,30110,0,1,0,ok-sos006,2023,Grorud,I alt,18-29,antall personer,131
EliminatedValue,19,30110,0,2,0,ok-sos006,2023,Grorud,I alt,30-39,antall personer,247
EliminatedValue,19,30110,0,3,0,ok-sos006,2023,Grorud,I alt,40-49,antall personer,378
EliminatedValue,19,30110,0,4,0,ok-sos006,2023,Grorud,I alt,50-59,antall personer,786
EliminatedValue,19,30110,0,5,0,ok-sos006,2023,Grorud,I alt,60-67,antall personer,692
EliminatedValue,19,30110,1,0,0,ok-sos006,2023,Grorud,Kvinner,I alt,antall personer,1234
EliminatedValue,19,30110,1,1,0,ok-sos006,2023,Grorud,Kvinner,18-29,antall personer,49
EliminatedValue,19,30110,1,2,0,ok-sos006,2023,Grorud,Kvinner,30-39,antall personer,137
EliminatedValue,19,30110,1,3,0,ok-sos006,2023,Grorud,Kvinner,40-49,antall personer,217
EliminatedValue,19,30110,1,4,0,ok-sos006,2023,Grorud,Kvinner,50-59,antall personer,462
EliminatedValue,19,30110,1,5,0,ok-sos006,2023,Grorud,Kvinner,60-67,antall personer,369
EliminatedValue,19,30110,2,0,0,ok-sos006,2023,Grorud,Menn,I alt,antall personer,1000
EliminatedValue,19,30110,2,1,0,ok-sos006,2023,Grorud,Menn,18-29,antall personer,82
EliminatedValue,19,30110,2,2,0,ok-sos006,2023,Grorud,Menn,30-39,antall personer,110
EliminatedValue,19,30110,2,3,0,ok-sos006,2023,Grorud,Menn,40-49,antall personer,161
EliminatedValue,19,30110,2,4,0,ok-sos006,2023,Grorud,Menn,50-59,antall personer,324
EliminatedValue,19,30110,2,5,0,ok-sos006,2023,Grorud,Menn,60-67,antall personer,323
EliminatedValue,19,30111,0,0,0,ok-sos006,2023,Stovner,I alt,I alt,antall personer,2400
EliminatedValue,19,30111,0,1,0,ok-sos006,2023,Stovner,I alt,18-29,antall personer,159
EliminatedValue,19,30111,0,2,0,ok-sos006,2023,Stovner,I alt,30-39,antall personer,203
EliminatedValue,19,30111,0,3,0,ok-sos006,2023,Stovner,I alt,40-49,antall personer,428
EliminatedValue,19,30111,0,4,0,ok-sos006,2023,Stovner,I alt,50-59,antall personer,857
EliminatedValue,19,30111,0,5,0,ok-sos006,2023,Stovner,I alt,60-67,antall personer,753
EliminatedValue,19,30111,1,0,0,ok-sos006,2023,Stovner,Kvinner,I alt,antall personer,1281
EliminatedValue,19,30111,1,1,0,ok-sos006,2023,Stovner,Kvinner,18-29,antall personer,68
EliminatedValue,19,30111,1,2,0,ok-sos006,2023,Stovner,Kvinner,30-39,antall personer,86
EliminatedValue,19,30111,1,3,0,ok-sos006,2023,Stovner,Kvinner,40-49,antall personer,256
EliminatedValue,19,30111,1,4,0,ok-sos006,2023,Stovner,Kvinner,50-59,antall personer,484
EliminatedValue,19,30111,1,5,0,ok-sos006,2023,Stovner,Kvinner,60-67,antall personer,387
EliminatedValue,19,30111,2,0,0,ok-sos006,2023,Stovner,Menn,I alt,antall personer,1119
EliminatedValue,19,30111,2,1,0,ok-sos006,2023,Stovner,Menn,18-29,antall personer,91
EliminatedValue,19,30111,2,2,0,ok-sos006,2023,Stovner,Menn,30-39,antall personer,117
EliminatedValue,19,30111,2,3,0,ok-sos006,2023,Stovner,Menn,40-49,antall personer,172
EliminatedValue,19,30111,2,4,0,ok-sos006,2023,Stovner,Menn,50-59,antall personer,373
EliminatedValue,19,30111,2,5,0,ok-sos006,2023,Stovner,Menn,60-67,antall personer,366
EliminatedValue,19,30112,0,0,0,ok-sos006,2023,Alna,I alt,I alt,antall personer,3727
EliminatedValue,19,30112,0,1,0,ok-sos006,2023,Alna,I alt,18-29,antall personer,202
EliminatedValue,19,30112,0,2,0,ok-sos006,2023,Alna,I alt,30-39,antall personer,335
EliminatedValue,19,30112,0,3,0,ok-sos006,2023,Alna,I alt,40-49,antall personer,658
EliminatedValue,19,30112,0,4,0,ok-sos006,2023,Alna,I alt,50-59,antall personer,1328
EliminatedValue,19,30112,0,5,0,ok-sos006,2023,Alna,I alt,60-67,antall personer,1204
EliminatedValue,19,30112,1,0,0,ok-sos006,2023,Alna,Kvinner,I alt,antall personer,2041
EliminatedValue,19,30112,1,1,0,ok-sos006,2023,Alna,Kvinner,18-29,antall personer,76
EliminatedValue,19,30112,1,2,0,ok-sos006,2023,Alna,Kvinner,30-39,antall personer,181
EliminatedValue,19,30112,1,3,0,ok-sos006,2023,Alna,Kvinner,40-49,antall personer,366
EliminatedValue,19,30112,1,4,0,ok-sos006,2023,Alna,Kvinner,50-59,antall personer,783
EliminatedValue,19,30112,1,5,0,ok-sos006,2023,Alna,Kvinner,60-67,antall personer,635
EliminatedValue,19,30112,2,0,0,ok-sos006,2023,Alna,Menn,I alt,antall personer,1686
EliminatedValue,19,30112,2,1,0,ok-sos006,2023,Alna,Menn,18-29,antall personer,126
EliminatedValue,19,30112,2,2,0,ok-sos006,2023,Alna,Menn,30-39,antall personer,154
EliminatedValue,19,30112,2,3,0,ok-sos006,2023,Alna,Menn,40-49,antall personer,292
EliminatedValue,19,30112,2,4,0,ok-sos006,2023,Alna,Menn,50-59,antall personer,545
EliminatedValue,19,30112,2,5,0,ok-sos006,2023,Alna,Menn,60-67,antall personer,569
EliminatedValue,19,30113,0,0,0,ok-sos006,2023,Østensjø,I alt,I alt,antall personer,2457
EliminatedValue,19,30113,0,1,0,ok-sos006,2023,Østensjø,I alt,18-29,antall personer,111
EliminatedValue,19,30113,0,2,0,ok-sos006,2023,Østensjø,I alt,30-39,antall personer,194
EliminatedValue,19,30113,0,3,0,ok-sos006,2023,Østensjø,I alt,40-49,antall personer,387
EliminatedValue,19,30113,0,4,0,ok-sos006,2023,Østensjø,I alt,50-59,antall personer,870
EliminatedValue,19,30113,0,5,0,ok-sos006,2023,Østensjø,I alt,60-67,antall personer,895
EliminatedValue,19,30113,1,0,0,ok-sos006,2023,Østensjø,Kvinner,I alt,antall personer,1501
EliminatedValue,19,30113,1,1,0,ok-sos006,2023,Østensjø,Kvinner,18-29,antall personer,46
EliminatedValue,19,30113,1,2,0,ok-sos006,2023,Østensjø,Kvinner,30-39,antall personer,104
EliminatedValue,19,30113,1,3,0,ok-sos006,2023,Østensjø,Kvinner,40-49,antall personer,234
EliminatedValue,19,30113,1,4,0,ok-sos006,2023,Østensjø,Kvinner,50-59,antall personer,552
EliminatedValue,19,30113,1,5,0,ok-sos006,2023,Østensjø,Kvinner,60-67,antall personer,565
EliminatedValue,19,30113,2,0,0,ok-sos006,2023,Østensjø,Menn,I alt,antall personer,956
EliminatedValue,19,30113,2,1,0,ok-sos006,2023,Østensjø,Menn,18-29,antall personer,65
EliminatedValue,19,30113,2,2,0,ok-sos006,2023,Østensjø,Menn,30-39,antall personer,90
EliminatedValue,19,30113,2,3,0,ok-sos006,2023,Østensjø,Menn,40-49,antall personer,153
EliminatedValue,19,30113,2,4,0,ok-sos006,2023,Østensjø,Menn,50-59,antall personer,318
EliminatedValue,19,30113,2,5,0,ok-sos006,2023,Østensjø,Menn,60-67,antall personer,330
EliminatedValue,19,30114,0,0,0,ok-sos006,2023,Nordstrand,I alt,I alt,antall personer,2104
EliminatedValue,19,30114,0,1,0,ok-sos006,2023,Nordstrand,I alt,18-29,antall personer,132
EliminatedValue,19,30114,0,2,0,ok-sos006,2023,Nordstrand,I alt,30-39,antall personer,214
EliminatedValue,19,30114,0,3,0,ok-sos006,2023,Nordstrand,I alt,40-49,antall personer,346
EliminatedValue,19,30114,0,4,0,ok-sos006,2023,Nordstrand,I alt,50-59,antall personer,705
EliminatedValue,19,30114,0,5,0,ok-sos006,2023,Nordstrand,I alt,60-67,antall personer,707
EliminatedValue,19,30114,1,0,0,ok-sos006,2023,Nordstrand,Kvinner,I alt,antall personer,1282
EliminatedValue,19,30114,1,1,0,ok-sos006,2023,Nordstrand,Kvinner,18-29,antall personer,55
EliminatedValue,19,30114,1,2,0,ok-sos006,2023,Nordstrand,Kvinner,30-39,antall personer,107
EliminatedValue,19,30114,1,3,0,ok-sos006,2023,Nordstrand,Kvinner,40-49,antall personer,214
EliminatedValue,19,30114,1,4,0,ok-sos006,2023,Nordstrand,Kvinner,50-59,antall personer,447
EliminatedValue,19,30114,1,5,0,ok-sos006,2023,Nordstrand,Kvinner,60-67,antall personer,459
EliminatedValue,19,30114,2,0,0,ok-sos006,2023,Nordstrand,Menn,I alt,antall personer,822
EliminatedValue,19,30114,2,1,0,ok-sos006,2023,Nordstrand,Menn,18-29,antall personer,77
EliminatedValue,19,30114,2,2,0,ok-sos006,2023,Nordstrand,Menn,30-39,antall personer,107
EliminatedValue,19,30114,2,3,0,ok-sos006,2023,Nordstrand,Menn,40-49,antall personer,132
EliminatedValue,19,30114,2,4,0,ok-sos006,2023,Nordstrand,Menn,50-59,antall personer,258
EliminatedValue,19,30114,2,5,0,ok-sos006,2023,Nordstrand,Menn,60-67,antall personer,248
EliminatedValue,19,30115,0,0,0,ok-sos006,2023,Søndre Nordstrand,I alt,I alt,antall personer,2726
EliminatedValue,19,30115,0,1,0,ok-sos006,2023,Søndre Nordstrand,I alt,18-29,antall personer,156
EliminatedValue,19,30115,0,2,0,ok-sos006,2023,Søndre Nordstrand,I alt,30-39,antall personer,304
EliminatedValue,19,30115,0,3,0,ok-sos006,2023,Søndre Nordstrand,I alt,40-49,antall personer,486
EliminatedValue,19,30115,0,4,0,ok-sos006,2023,Søndre Nordstrand,I alt,50-59,antall personer,893
EliminatedValue,19,30115,0,5,0,ok-sos006,2023,Søndre Nordstrand,I alt,60-67,antall personer,887
EliminatedValue,19,30115,1,0,0,ok-sos006,2023,Søndre Nordstrand,Kvinner,I alt,antall personer,1559
EliminatedValue,19,30115,1,1,0,ok-sos006,2023,Søndre Nordstrand,Kvinner,18-29,antall personer,57
EliminatedValue,19,30115,1,2,0,ok-sos006,2023,Søndre Nordstrand,Kvinner,30-39,antall personer,153
EliminatedValue,19,30115,1,3,0,ok-sos006,2023,Søndre Nordstrand,Kvinner,40-49,antall personer,295
EliminatedValue,19,30115,1,4,0,ok-sos006,2023,Søndre Nordstrand,Kvinner,50-59,antall personer,541
EliminatedValue,19,30115,1,5,0,ok-sos006,2023,Søndre Nordstrand,Kvinner,60-67,antall personer,513
EliminatedValue,19,30115,2,0,0,ok-sos006,2023,Søndre Nordstrand,Menn,I alt,antall personer,1167
EliminatedValue,19,30115,2,1,0,ok-sos006,2023,Søndre Nordstrand,Menn,18-29,antall personer,99
EliminatedValue,19,30115,2,2,0,ok-sos006,2023,Søndre Nordstrand,Menn,30-39,antall personer,151
EliminatedValue,19,30115,2,3,0,ok-sos006,2023,Søndre Nordstrand,Menn,40-49,antall personer,191
EliminatedValue,19,30115,2,4,0,ok-sos006,2023,Søndre Nordstrand,Menn,50-59,antall personer,352
EliminatedValue,19,30115,2,5,0,ok-sos006,2023,Søndre Nordstrand,Menn,60-67,antall personer,374
EliminatedValue,19,30199,0,0,0,ok-sos006,2023,Uten registrert adresse,I alt,I alt,antall personer,
EliminatedValue,19,30199,0,1,0,ok-sos006,2023,Uten registrert adresse,I alt,18-29,antall personer,
EliminatedValue,19,30199,0,2,0,ok-sos006,2023,Uten registrert adresse,I alt,30-39,antall personer,
EliminatedValue,19,30199,0,3,0,ok-sos006,2023,Uten registrert adresse,I alt,40-49,antall personer,
EliminatedValue,19,30199,0,4,0,ok-sos006,2023,Uten registrert adresse,I alt,50-59,antall personer,
EliminatedValue,19,30199,0,5,0,ok-sos006,2023,Uten registrert adresse,I alt,60-67,antall personer,
EliminatedValue,19,30199,1,0,0,ok-sos006,2023,Uten registrert adresse,Kvinner,I alt,antall personer,
EliminatedValue,19,30199,1,1,0,ok-sos006,2023,Uten registrert adresse,Kvinner,18-29,antall personer,
EliminatedValue,19,30199,1,2,0,ok-sos006,2023,Uten registrert adresse,Kvinner,30-39,antall personer,
EliminatedValue,19,30199,1,3,0,ok-sos006,2023,Uten registrert adresse,Kvinner,40-49,antall personer,
EliminatedValue,19,30199,1,4,0,ok-sos006,2023,Uten registrert adresse,Kvinner,50-59,antall personer,
EliminatedValue,19,30199,1,5,0,ok-sos006,2023,Uten registrert adresse,Kvinner,60-67,antall personer,
EliminatedValue,19,30199,2,0,0,ok-sos006,2023,Uten registrert adresse,Menn,I alt,antall personer,
EliminatedValue,19,30199,2,1,0,ok-sos006,2023,Uten registrert adresse,Menn,18-29,antall personer,
EliminatedValue,19,30199,2,2,0,ok-sos006,2023,Uten registrert adresse,Menn,30-39,antall personer,
EliminatedValue,19,30199,2,3,0,ok-sos006,2023,Uten registrert adresse,Menn,40-49,antall personer,
EliminatedValue,19,30199,2,4,0,ok-sos006,2023,Uten registrert adresse,Menn,50-59,antall personer,
EliminatedValue,19,30199,2,5,0,ok-sos006,2023,Uten registrert adresse,Menn,60-67,antall personer,
EliminatedValue,19,30118195,0,0,0,ok-sos006,2023,Ukjent bydel,I alt,I alt,antall personer,4
EliminatedValue,19,30118195,0,1,0,ok-sos006,2023,Ukjent bydel,I alt,18-29,antall personer,
EliminatedValue,19,30118195,0,2,0,ok-sos006,2023,Ukjent bydel,I alt,30-39,antall personer,
EliminatedValue,19,30118195,0,3,0,ok-sos006,2023,Ukjent bydel,I alt,40-49,antall personer,
EliminatedValue,19,30118195,0,4,0,ok-sos006,2023,Ukjent bydel,I alt,50-59,antall personer,3
EliminatedValue,19,30118195,0,5,0,ok-sos006,2023,Ukjent bydel,I alt,60-67,antall personer,1
EliminatedValue,19,30118195,1,0,0,ok-sos006,2023,Ukjent bydel,Kvinner,I alt,antall personer,3
EliminatedValue,19,30118195,1,1,0,ok-sos006,2023,Ukjent bydel,Kvinner,18-29,antall personer,
EliminatedValue,19,30118195,1,2,0,ok-sos006,2023,Ukjent bydel,Kvinner,30-39,antall personer,
EliminatedValue,19,30118195,1,3,0,ok-sos006,2023,Ukjent bydel,Kvinner,40-49,antall personer,
EliminatedValue,19,30118195,1,4,0,ok-sos006,2023,Ukjent bydel,Kvinner,50-59,antall personer,2
EliminatedValue,19,30118195,1,5,0,ok-sos006,2023,Ukjent bydel,Kvinner,60-67,antall personer,1
EliminatedValue,19,30118195,2,0,0,ok-sos006,2023,Ukjent bydel,Menn,I alt,antall personer,1
EliminatedValue,19,30118195,2,1,0,ok-sos006,2023,Ukjent bydel,Menn,18-29,antall personer,
EliminatedValue,19,30118195,2,2,0,ok-sos006,2023,Ukjent bydel,Menn,30-39,antall personer,
EliminatedValue,19,30118195,2,3,0,ok-sos006,2023,Ukjent bydel,Menn,40-49,antall personer,
EliminatedValue,19,30118195,2,4,0,ok-sos006,2023,Ukjent bydel,Menn,50-59,antall personer,1
EliminatedValue,19,30118195,2,5,0,ok-sos006,2023,Ukjent bydel,Menn,60-67,antall personer,
EliminatedValue,20,301,0,0,0,ok-sos006,2024,Oslo i alt,I alt,I alt,antall personer,32120
EliminatedValue,20,301,0,1,0,ok-sos006,2024,Oslo i alt,I alt,18-29,antall personer,1926
EliminatedValue,20,301,0,2,0,ok-sos006,2024,Oslo i alt,I alt,30-39,antall personer,3437
EliminatedValue,20,301,0,3,0,ok-sos006,2024,Oslo i alt,I alt,40-49,antall personer,5822
EliminatedValue,20,301,0,4,0,ok-sos006,2024,Oslo i alt,I alt,50-59,antall personer,10774
EliminatedValue,20,301,0,5,0,ok-sos006,2024,Oslo i alt,I alt,60-67,antall personer,10161
EliminatedValue,20,301,1,0,0,ok-sos006,2024,Oslo i alt,Kvinner,I alt,antall personer,17882
EliminatedValue,20,301,1,1,0,ok-sos006,2024,Oslo i alt,Kvinner,18-29,antall personer,868
EliminatedValue,20,301,1,2,0,ok-sos006,2024,Oslo i alt,Kvinner,30-39,antall personer,1753
EliminatedValue,20,301,1,3,0,ok-sos006,2024,Oslo i alt,Kvinner,40-49,antall personer,3265
EliminatedValue,20,301,1,4,0,ok-sos006,2024,Oslo i alt,Kvinner,50-59,antall personer,6307
EliminatedValue,20,301,1,5,0,ok-sos006,2024,Oslo i alt,Kvinner,60-67,antall personer,5689
EliminatedValue,20,301,2,0,0,ok-sos006,2024,Oslo i alt,Menn,I alt,antall personer,14238
EliminatedValue,20,301,2,1,0,ok-sos006,2024,Oslo i alt,Menn,18-29,antall personer,1058
EliminatedValue,20,301,2,2,0,ok-sos006,2024,Oslo i alt,Menn,30-39,antall personer,1684
EliminatedValue,20,301,2,3,0,ok-sos006,2024,Oslo i alt,Menn,40-49,antall personer,2557
EliminatedValue,20,301,2,4,0,ok-sos006,2024,Oslo i alt,Menn,50-59,antall personer,4467
EliminatedValue,20,301,2,5,0,ok-sos006,2024,Oslo i alt,Menn,60-67,antall personer,4472
EliminatedValue,20,30101,0,0,0,ok-sos006,2024,Gamle Oslo,I alt,I alt,antall personer,3044
EliminatedValue,20,30101,0,1,0,ok-sos006,2024,Gamle Oslo,I alt,18-29,antall personer,144
EliminatedValue,20,30101,0,2,0,ok-sos006,2024,Gamle Oslo,I alt,30-39,antall personer,364
EliminatedValue,20,30101,0,3,0,ok-sos006,2024,Gamle Oslo,I alt,40-49,antall personer,648
EliminatedValue,20,30101,0,4,0,ok-sos006,2024,Gamle Oslo,I alt,50-59,antall personer,1055
EliminatedValue,20,30101,0,5,0,ok-sos006,2024,Gamle Oslo,I alt,60-67,antall personer,833
EliminatedValue,20,30101,1,0,0,ok-sos006,2024,Gamle Oslo,Kvinner,I alt,antall personer,1591
EliminatedValue,20,30101,1,1,0,ok-sos006,2024,Gamle Oslo,Kvinner,18-29,antall personer,71
EliminatedValue,20,30101,1,2,0,ok-sos006,2024,Gamle Oslo,Kvinner,30-39,antall personer,187
EliminatedValue,20,30101,1,3,0,ok-sos006,2024,Gamle Oslo,Kvinner,40-49,antall personer,350
EliminatedValue,20,30101,1,4,0,ok-sos006,2024,Gamle Oslo,Kvinner,50-59,antall personer,548
EliminatedValue,20,30101,1,5,0,ok-sos006,2024,Gamle Oslo,Kvinner,60-67,antall personer,435
EliminatedValue,20,30101,2,0,0,ok-sos006,2024,Gamle Oslo,Menn,I alt,antall personer,1453
EliminatedValue,20,30101,2,1,0,ok-sos006,2024,Gamle Oslo,Menn,18-29,antall personer,73
EliminatedValue,20,30101,2,2,0,ok-sos006,2024,Gamle Oslo,Menn,30-39,antall personer,177
EliminatedValue,20,30101,2,3,0,ok-sos006,2024,Gamle Oslo,Menn,40-49,antall personer,298
EliminatedValue,20,30101,2,4,0,ok-sos006,2024,Gamle Oslo,Menn,50-59,antall personer,507
EliminatedValue,20,30101,2,5,0,ok-sos006,2024,Gamle Oslo,Menn,60-67,antall personer,398
EliminatedValue,20,30102,0,0,0,ok-sos006,2024,Grünerløkka,I alt,I alt,antall personer,2448
EliminatedValue,20,30102,0,1,0,ok-sos006,2024,Grünerløkka,I alt,18-29,antall personer,149
EliminatedValue,20,30102,0,2,0,ok-sos006,2024,Grünerløkka,I alt,30-39,antall personer,290
EliminatedValue,20,30102,0,3,0,ok-sos006,2024,Grünerløkka,I alt,40-49,antall personer,487
EliminatedValue,20,30102,0,4,0,ok-sos006,2024,Grünerløkka,I alt,50-59,antall personer,812
EliminatedValue,20,30102,0,5,0,ok-sos006,2024,Grünerløkka,I alt,60-67,antall personer,710
EliminatedValue,20,30102,1,0,0,ok-sos006,2024,Grünerløkka,Kvinner,I alt,antall personer,1208
EliminatedValue,20,30102,1,1,0,ok-sos006,2024,Grünerløkka,Kvinner,18-29,antall personer,72
EliminatedValue,20,30102,1,2,0,ok-sos006,2024,Grünerløkka,Kvinner,30-39,antall personer,147
EliminatedValue,20,30102,1,3,0,ok-sos006,2024,Grünerløkka,Kvinner,40-49,antall personer,252
EliminatedValue,20,30102,1,4,0,ok-sos006,2024,Grünerløkka,Kvinner,50-59,antall personer,384
EliminatedValue,20,30102,1,5,0,ok-sos006,2024,Grünerløkka,Kvinner,60-67,antall personer,353
EliminatedValue,20,30102,2,0,0,ok-sos006,2024,Grünerløkka,Menn,I alt,antall personer,1240
EliminatedValue,20,30102,2,1,0,ok-sos006,2024,Grünerløkka,Menn,18-29,antall personer,77
EliminatedValue,20,30102,2,2,0,ok-sos006,2024,Grünerløkka,Menn,30-39,antall personer,143
EliminatedValue,20,30102,2,3,0,ok-sos006,2024,Grünerløkka,Menn,40-49,antall personer,235
EliminatedValue,20,30102,2,4,0,ok-sos006,2024,Grünerløkka,Menn,50-59,antall personer,428
EliminatedValue,20,30102,2,5,0,ok-sos006,2024,Grünerløkka,Menn,60-67,antall personer,357
EliminatedValue,20,30103,0,0,0,ok-sos006,2024,Sagene,I alt,I alt,antall personer,1946
EliminatedValue,20,30103,0,1,0,ok-sos006,2024,Sagene,I alt,18-29,antall personer,99
EliminatedValue,20,30103,0,2,0,ok-sos006,2024,Sagene,I alt,30-39,antall personer,240
EliminatedValue,20,30103,0,3,0,ok-sos006,2024,Sagene,I alt,40-49,antall personer,369
EliminatedValue,20,30103,0,4,0,ok-sos006,2024,Sagene,I alt,50-59,antall personer,624
EliminatedValue,20,30103,0,5,0,ok-sos006,2024,Sagene,I alt,60-67,antall personer,614
EliminatedValue,20,30103,1,0,0,ok-sos006,2024,Sagene,Kvinner,I alt,antall personer,1019
EliminatedValue,20,30103,1,1,0,ok-sos006,2024,Sagene,Kvinner,18-29,antall personer,55
EliminatedValue,20,30103,1,2,0,ok-sos006,2024,Sagene,Kvinner,30-39,antall personer,124
EliminatedValue,20,30103,1,3,0,ok-sos006,2024,Sagene,Kvinner,40-49,antall personer,184
EliminatedValue,20,30103,1,4,0,ok-sos006,2024,Sagene,Kvinner,50-59,antall personer,331
EliminatedValue,20,30103,1,5,0,ok-sos006,2024,Sagene,Kvinner,60-67,antall personer,325
EliminatedValue,20,30103,2,0,0,ok-sos006,2024,Sagene,Menn,I alt,antall personer,927
EliminatedValue,20,30103,2,1,0,ok-sos006,2024,Sagene,Menn,18-29,antall personer,44
EliminatedValue,20,30103,2,2,0,ok-sos006,2024,Sagene,Menn,30-39,antall personer,116
EliminatedValue,20,30103,2,3,0,ok-sos006,2024,Sagene,Menn,40-49,antall personer,185
EliminatedValue,20,30103,2,4,0,ok-sos006,2024,Sagene,Menn,50-59,antall personer,293
EliminatedValue,20,30103,2,5,0,ok-sos006,2024,Sagene,Menn,60-67,antall personer,289
EliminatedValue,20,30104,0,0,0,ok-sos006,2024,St. Hanshaugen,I alt,I alt,antall personer,1288
EliminatedValue,20,30104,0,1,0,ok-sos006,2024,St. Hanshaugen,I alt,18-29,antall personer,80
EliminatedValue,20,30104,0,2,0,ok-sos006,2024,St. Hanshaugen,I alt,30-39,antall personer,177
EliminatedValue,20,30104,0,3,0,ok-sos006,2024,St. Hanshaugen,I alt,40-49,antall personer,261
EliminatedValue,20,30104,0,4,0,ok-sos006,2024,St. Hanshaugen,I alt,50-59,antall personer,406
EliminatedValue,20,30104,0,5,0,ok-sos006,2024,St. Hanshaugen,I alt,60-67,antall personer,364
EliminatedValue,20,30104,1,0,0,ok-sos006,2024,St. Hanshaugen,Kvinner,I alt,antall personer,645
EliminatedValue,20,30104,1,1,0,ok-sos006,2024,St. Hanshaugen,Kvinner,18-29,antall personer,47
EliminatedValue,20,30104,1,2,0,ok-sos006,2024,St. Hanshaugen,Kvinner,30-39,antall personer,87
EliminatedValue,20,30104,1,3,0,ok-sos006,2024,St. Hanshaugen,Kvinner,40-49,antall personer,115
EliminatedValue,20,30104,1,4,0,ok-sos006,2024,St. Hanshaugen,Kvinner,50-59,antall personer,205
EliminatedValue,20,30104,1,5,0,ok-sos006,2024,St. Hanshaugen,Kvinner,60-67,antall personer,191
EliminatedValue,20,30104,2,0,0,ok-sos006,2024,St. Hanshaugen,Menn,I alt,antall personer,643
EliminatedValue,20,30104,2,1,0,ok-sos006,2024,St. Hanshaugen,Menn,18-29,antall personer,33
EliminatedValue,20,30104,2,2,0,ok-sos006,2024,St. Hanshaugen,Menn,30-39,antall personer,90
EliminatedValue,20,30104,2,3,0,ok-sos006,2024,St. Hanshaugen,Menn,40-49,antall personer,146
EliminatedValue,20,30104,2,4,0,ok-sos006,2024,St. Hanshaugen,Menn,50-59,antall personer,201
EliminatedValue,20,30104,2,5,0,ok-sos006,2024,St. Hanshaugen,Menn,60-67,antall personer,173
EliminatedValue,20,30105,0,0,0,ok-sos006,2024,Frogner,I alt,I alt,antall personer,1965
EliminatedValue,20,30105,0,1,0,ok-sos006,2024,Frogner,I alt,18-29,antall personer,116
EliminatedValue,20,30105,0,2,0,ok-sos006,2024,Frogner,I alt,30-39,antall personer,217
EliminatedValue,20,30105,0,3,0,ok-sos006,2024,Frogner,I alt,40-49,antall personer,359
EliminatedValue,20,30105,0,4,0,ok-sos006,2024,Frogner,I alt,50-59,antall personer,654
EliminatedValue,20,30105,0,5,0,ok-sos006,2024,Frogner,I alt,60-67,antall personer,619
EliminatedValue,20,30105,1,0,0,ok-sos006,2024,Frogner,Kvinner,I alt,antall personer,1113
EliminatedValue,20,30105,1,1,0,ok-sos006,2024,Frogner,Kvinner,18-29,antall personer,69
EliminatedValue,20,30105,1,2,0,ok-sos006,2024,Frogner,Kvinner,30-39,antall personer,114
EliminatedValue,20,30105,1,3,0,ok-sos006,2024,Frogner,Kvinner,40-49,antall personer,176
EliminatedValue,20,30105,1,4,0,ok-sos006,2024,Frogner,Kvinner,50-59,antall personer,393
EliminatedValue,20,30105,1,5,0,ok-sos006,2024,Frogner,Kvinner,60-67,antall personer,361
EliminatedValue,20,30105,2,0,0,ok-sos006,2024,Frogner,Menn,I alt,antall personer,852
EliminatedValue,20,30105,2,1,0,ok-sos006,2024,Frogner,Menn,18-29,antall personer,47
EliminatedValue,20,30105,2,2,0,ok-sos006,2024,Frogner,Menn,30-39,antall personer,103
EliminatedValue,20,30105,2,3,0,ok-sos006,2024,Frogner,Menn,40-49,antall personer,183
EliminatedValue,20,30105,2,4,0,ok-sos006,2024,Frogner,Menn,50-59,antall personer,261
EliminatedValue,20,30105,2,5,0,ok-sos006,2024,Frogner,Menn,60-67,antall personer,258
EliminatedValue,20,30106,0,0,0,ok-sos006,2024,Ullern,I alt,I alt,antall personer,920
EliminatedValue,20,30106,0,1,0,ok-sos006,2024,Ullern,I alt,18-29,antall personer,63
EliminatedValue,20,30106,0,2,0,ok-sos006,2024,Ullern,I alt,30-39,antall personer,98
EliminatedValue,20,30106,0,3,0,ok-sos006,2024,Ullern,I alt,40-49,antall personer,157
EliminatedValue,20,30106,0,4,0,ok-sos006,2024,Ullern,I alt,50-59,antall personer,278
EliminatedValue,20,30106,0,5,0,ok-sos006,2024,Ullern,I alt,60-67,antall personer,324
EliminatedValue,20,30106,1,0,0,ok-sos006,2024,Ullern,Kvinner,I alt,antall personer,583
EliminatedValue,20,30106,1,1,0,ok-sos006,2024,Ullern,Kvinner,18-29,antall personer,28
EliminatedValue,20,30106,1,2,0,ok-sos006,2024,Ullern,Kvinner,30-39,antall personer,56
EliminatedValue,20,30106,1,3,0,ok-sos006,2024,Ullern,Kvinner,40-49,antall personer,87
EliminatedValue,20,30106,1,4,0,ok-sos006,2024,Ullern,Kvinner,50-59,antall personer,190
EliminatedValue,20,30106,1,5,0,ok-sos006,2024,Ullern,Kvinner,60-67,antall personer,222
EliminatedValue,20,30106,2,0,0,ok-sos006,2024,Ullern,Menn,I alt,antall personer,337
EliminatedValue,20,30106,2,1,0,ok-sos006,2024,Ullern,Menn,18-29,antall personer,35
EliminatedValue,20,30106,2,2,0,ok-sos006,2024,Ullern,Menn,30-39,antall personer,42
EliminatedValue,20,30106,2,3,0,ok-sos006,2024,Ullern,Menn,40-49,antall personer,70
EliminatedValue,20,30106,2,4,0,ok-sos006,2024,Ullern,Menn,50-59,antall personer,88
EliminatedValue,20,30106,2,5,0,ok-sos006,2024,Ullern,Menn,60-67,antall personer,102
EliminatedValue,20,30107,0,0,0,ok-sos006,2024,Vestre Aker,I alt,I alt,antall personer,1216
EliminatedValue,20,30107,0,1,0,ok-sos006,2024,Vestre Aker,I alt,18-29,antall personer,80
EliminatedValue,20,30107,0,2,0,ok-sos006,2024,Vestre Aker,I alt,30-39,antall personer,134
EliminatedValue,20,30107,0,3,0,ok-sos006,2024,Vestre Aker,I alt,40-49,antall personer,200
EliminatedValue,20,30107,0,4,0,ok-sos006,2024,Vestre Aker,I alt,50-59,antall personer,390
EliminatedValue,20,30107,0,5,0,ok-sos006,2024,Vestre Aker,I alt,60-67,antall personer,412
EliminatedValue,20,30107,1,0,0,ok-sos006,2024,Vestre Aker,Kvinner,I alt,antall personer,752
EliminatedValue,20,30107,1,1,0,ok-sos006,2024,Vestre Aker,Kvinner,18-29,antall personer,30
EliminatedValue,20,30107,1,2,0,ok-sos006,2024,Vestre Aker,Kvinner,30-39,antall personer,74
EliminatedValue,20,30107,1,3,0,ok-sos006,2024,Vestre Aker,Kvinner,40-49,antall personer,127
EliminatedValue,20,30107,1,4,0,ok-sos006,2024,Vestre Aker,Kvinner,50-59,antall personer,258
EliminatedValue,20,30107,1,5,0,ok-sos006,2024,Vestre Aker,Kvinner,60-67,antall personer,263
EliminatedValue,20,30107,2,0,0,ok-sos006,2024,Vestre Aker,Menn,I alt,antall personer,464
EliminatedValue,20,30107,2,1,0,ok-sos006,2024,Vestre Aker,Menn,18-29,antall personer,50
EliminatedValue,20,30107,2,2,0,ok-sos006,2024,Vestre Aker,Menn,30-39,antall personer,60
EliminatedValue,20,30107,2,3,0,ok-sos006,2024,Vestre Aker,Menn,40-49,antall personer,73
EliminatedValue,20,30107,2,4,0,ok-sos006,2024,Vestre Aker,Menn,50-59,antall personer,132
EliminatedValue,20,30107,2,5,0,ok-sos006,2024,Vestre Aker,Menn,60-67,antall personer,149
EliminatedValue,20,30108,0,0,0,ok-sos006,2024,Nordre Aker,I alt,I alt,antall personer,1622
EliminatedValue,20,30108,0,1,0,ok-sos006,2024,Nordre Aker,I alt,18-29,antall personer,105
EliminatedValue,20,30108,0,2,0,ok-sos006,2024,Nordre Aker,I alt,30-39,antall personer,218
EliminatedValue,20,30108,0,3,0,ok-sos006,2024,Nordre Aker,I alt,40-49,antall personer,298
EliminatedValue,20,30108,0,4,0,ok-sos006,2024,Nordre Aker,I alt,50-59,antall personer,532
EliminatedValue,20,30108,0,5,0,ok-sos006,2024,Nordre Aker,I alt,60-67,antall personer,469
EliminatedValue,20,30108,1,0,0,ok-sos006,2024,Nordre Aker,Kvinner,I alt,antall personer,979
EliminatedValue,20,30108,1,1,0,ok-sos006,2024,Nordre Aker,Kvinner,18-29,antall personer,60
EliminatedValue,20,30108,1,2,0,ok-sos006,2024,Nordre Aker,Kvinner,30-39,antall personer,118
EliminatedValue,20,30108,1,3,0,ok-sos006,2024,Nordre Aker,Kvinner,40-49,antall personer,191
EliminatedValue,20,30108,1,4,0,ok-sos006,2024,Nordre Aker,Kvinner,50-59,antall personer,338
EliminatedValue,20,30108,1,5,0,ok-sos006,2024,Nordre Aker,Kvinner,60-67,antall personer,272
EliminatedValue,20,30108,2,0,0,ok-sos006,2024,Nordre Aker,Menn,I alt,antall personer,643
EliminatedValue,20,30108,2,1,0,ok-sos006,2024,Nordre Aker,Menn,18-29,antall personer,45
EliminatedValue,20,30108,2,2,0,ok-sos006,2024,Nordre Aker,Menn,30-39,antall personer,100
EliminatedValue,20,30108,2,3,0,ok-sos006,2024,Nordre Aker,Menn,40-49,antall personer,107
EliminatedValue,20,30108,2,4,0,ok-sos006,2024,Nordre Aker,Menn,50-59,antall personer,194
EliminatedValue,20,30108,2,5,0,ok-sos006,2024,Nordre Aker,Menn,60-67,antall personer,197
EliminatedValue,20,30109,0,0,0,ok-sos006,2024,Bjerke,I alt,I alt,antall personer,1649
EliminatedValue,20,30109,0,1,0,ok-sos006,2024,Bjerke,I alt,18-29,antall personer,119
EliminatedValue,20,30109,0,2,0,ok-sos006,2024,Bjerke,I alt,30-39,antall personer,170
EliminatedValue,20,30109,0,3,0,ok-sos006,2024,Bjerke,I alt,40-49,antall personer,306
EliminatedValue,20,30109,0,4,0,ok-sos006,2024,Bjerke,I alt,50-59,antall personer,546
EliminatedValue,20,30109,0,5,0,ok-sos006,2024,Bjerke,I alt,60-67,antall personer,508
EliminatedValue,20,30109,1,0,0,ok-sos006,2024,Bjerke,Kvinner,I alt,antall personer,920
EliminatedValue,20,30109,1,1,0,ok-sos006,2024,Bjerke,Kvinner,18-29,antall personer,55
EliminatedValue,20,30109,1,2,0,ok-sos006,2024,Bjerke,Kvinner,30-39,antall personer,86
EliminatedValue,20,30109,1,3,0,ok-sos006,2024,Bjerke,Kvinner,40-49,antall personer,195
EliminatedValue,20,30109,1,4,0,ok-sos006,2024,Bjerke,Kvinner,50-59,antall personer,321
EliminatedValue,20,30109,1,5,0,ok-sos006,2024,Bjerke,Kvinner,60-67,antall personer,263
EliminatedValue,20,30109,2,0,0,ok-sos006,2024,Bjerke,Menn,I alt,antall personer,729
EliminatedValue,20,30109,2,1,0,ok-sos006,2024,Bjerke,Menn,18-29,antall personer,64
EliminatedValue,20,30109,2,2,0,ok-sos006,2024,Bjerke,Menn,30-39,antall personer,84
EliminatedValue,20,30109,2,3,0,ok-sos006,2024,Bjerke,Menn,40-49,antall personer,111
EliminatedValue,20,30109,2,4,0,ok-sos006,2024,Bjerke,Menn,50-59,antall personer,225
EliminatedValue,20,30109,2,5,0,ok-sos006,2024,Bjerke,Menn,60-67,antall personer,245
EliminatedValue,20,30110,0,0,0,ok-sos006,2024,Grorud,I alt,I alt,antall personer,2316
EliminatedValue,20,30110,0,1,0,ok-sos006,2024,Grorud,I alt,18-29,antall personer,150
EliminatedValue,20,30110,0,2,0,ok-sos006,2024,Grorud,I alt,30-39,antall personer,235
EliminatedValue,20,30110,0,3,0,ok-sos006,2024,Grorud,I alt,40-49,antall personer,409
EliminatedValue,20,30110,0,4,0,ok-sos006,2024,Grorud,I alt,50-59,antall personer,812
EliminatedValue,20,30110,0,5,0,ok-sos006,2024,Grorud,I alt,60-67,antall personer,710
EliminatedValue,20,30110,1,0,0,ok-sos006,2024,Grorud,Kvinner,I alt,antall personer,1285
EliminatedValue,20,30110,1,1,0,ok-sos006,2024,Grorud,Kvinner,18-29,antall personer,54
EliminatedValue,20,30110,1,2,0,ok-sos006,2024,Grorud,Kvinner,30-39,antall personer,121
EliminatedValue,20,30110,1,3,0,ok-sos006,2024,Grorud,Kvinner,40-49,antall personer,241
EliminatedValue,20,30110,1,4,0,ok-sos006,2024,Grorud,Kvinner,50-59,antall personer,491
EliminatedValue,20,30110,1,5,0,ok-sos006,2024,Grorud,Kvinner,60-67,antall personer,378
EliminatedValue,20,30110,2,0,0,ok-sos006,2024,Grorud,Menn,I alt,antall personer,1031
EliminatedValue,20,30110,2,1,0,ok-sos006,2024,Grorud,Menn,18-29,antall personer,96
EliminatedValue,20,30110,2,2,0,ok-sos006,2024,Grorud,Menn,30-39,antall personer,114
EliminatedValue,20,30110,2,3,0,ok-sos006,2024,Grorud,Menn,40-49,antall personer,168
EliminatedValue,20,30110,2,4,0,ok-sos006,2024,Grorud,Menn,50-59,antall personer,321
EliminatedValue,20,30110,2,5,0,ok-sos006,2024,Grorud,Menn,60-67,antall personer,332
EliminatedValue,20,30111,0,0,0,ok-sos006,2024,Stovner,I alt,I alt,antall personer,2523
EliminatedValue,20,30111,0,1,0,ok-sos006,2024,Stovner,I alt,18-29,antall personer,174
EliminatedValue,20,30111,0,2,0,ok-sos006,2024,Stovner,I alt,30-39,antall personer,233
EliminatedValue,20,30111,0,3,0,ok-sos006,2024,Stovner,I alt,40-49,antall personer,436
EliminatedValue,20,30111,0,4,0,ok-sos006,2024,Stovner,I alt,50-59,antall personer,879
EliminatedValue,20,30111,0,5,0,ok-sos006,2024,Stovner,I alt,60-67,antall personer,801
EliminatedValue,20,30111,1,0,0,ok-sos006,2024,Stovner,Kvinner,I alt,antall personer,1341
EliminatedValue,20,30111,1,1,0,ok-sos006,2024,Stovner,Kvinner,18-29,antall personer,67
EliminatedValue,20,30111,1,2,0,ok-sos006,2024,Stovner,Kvinner,30-39,antall personer,99
EliminatedValue,20,30111,1,3,0,ok-sos006,2024,Stovner,Kvinner,40-49,antall personer,251
EliminatedValue,20,30111,1,4,0,ok-sos006,2024,Stovner,Kvinner,50-59,antall personer,509
EliminatedValue,20,30111,1,5,0,ok-sos006,2024,Stovner,Kvinner,60-67,antall personer,415
EliminatedValue,20,30111,2,0,0,ok-sos006,2024,Stovner,Menn,I alt,antall personer,1182
EliminatedValue,20,30111,2,1,0,ok-sos006,2024,Stovner,Menn,18-29,antall personer,107
EliminatedValue,20,30111,2,2,0,ok-sos006,2024,Stovner,Menn,30-39,antall personer,134
EliminatedValue,20,30111,2,3,0,ok-sos006,2024,Stovner,Menn,40-49,antall personer,185
EliminatedValue,20,30111,2,4,0,ok-sos006,2024,Stovner,Menn,50-59,antall personer,370
EliminatedValue,20,30111,2,5,0,ok-sos006,2024,Stovner,Menn,60-67,antall personer,386
EliminatedValue,20,30112,0,0,0,ok-sos006,2024,Alna,I alt,I alt,antall personer,3761
EliminatedValue,20,30112,0,1,0,ok-sos006,2024,Alna,I alt,18-29,antall personer,217
EliminatedValue,20,30112,0,2,0,ok-sos006,2024,Alna,I alt,30-39,antall personer,338
EliminatedValue,20,30112,0,3,0,ok-sos006,2024,Alna,I alt,40-49,antall personer,661
EliminatedValue,20,30112,0,4,0,ok-sos006,2024,Alna,I alt,50-59,antall personer,1343
EliminatedValue,20,30112,0,5,0,ok-sos006,2024,Alna,I alt,60-67,antall personer,1202
EliminatedValue,20,30112,1,0,0,ok-sos006,2024,Alna,Kvinner,I alt,antall personer,2031
EliminatedValue,20,30112,1,1,0,ok-sos006,2024,Alna,Kvinner,18-29,antall personer,87
EliminatedValue,20,30112,1,2,0,ok-sos006,2024,Alna,Kvinner,30-39,antall personer,172
EliminatedValue,20,30112,1,3,0,ok-sos006,2024,Alna,Kvinner,40-49,antall personer,355
EliminatedValue,20,30112,1,4,0,ok-sos006,2024,Alna,Kvinner,50-59,antall personer,784
EliminatedValue,20,30112,1,5,0,ok-sos006,2024,Alna,Kvinner,60-67,antall personer,633
EliminatedValue,20,30112,2,0,0,ok-sos006,2024,Alna,Menn,I alt,antall personer,1730
EliminatedValue,20,30112,2,1,0,ok-sos006,2024,Alna,Menn,18-29,antall personer,130
EliminatedValue,20,30112,2,2,0,ok-sos006,2024,Alna,Menn,30-39,antall personer,166
EliminatedValue,20,30112,2,3,0,ok-sos006,2024,Alna,Menn,40-49,antall personer,306
EliminatedValue,20,30112,2,4,0,ok-sos006,2024,Alna,Menn,50-59,antall personer,559
EliminatedValue,20,30112,2,5,0,ok-sos006,2024,Alna,Menn,60-67,antall personer,569
EliminatedValue,20,30113,0,0,0,ok-sos006,2024,Østensjø,I alt,I alt,antall personer,2476
EliminatedValue,20,30113,0,1,0,ok-sos006,2024,Østensjø,I alt,18-29,antall personer,118
EliminatedValue,20,30113,0,2,0,ok-sos006,2024,Østensjø,I alt,30-39,antall personer,207
EliminatedValue,20,30113,0,3,0,ok-sos006,2024,Østensjø,I alt,40-49,antall personer,387
EliminatedValue,20,30113,0,4,0,ok-sos006,2024,Østensjø,I alt,50-59,antall personer,858
EliminatedValue,20,30113,0,5,0,ok-sos006,2024,Østensjø,I alt,60-67,antall personer,906
EliminatedValue,20,30113,1,0,0,ok-sos006,2024,Østensjø,Kvinner,I alt,antall personer,1514
EliminatedValue,20,30113,1,1,0,ok-sos006,2024,Østensjø,Kvinner,18-29,antall personer,54
EliminatedValue,20,30113,1,2,0,ok-sos006,2024,Østensjø,Kvinner,30-39,antall personer,111
EliminatedValue,20,30113,1,3,0,ok-sos006,2024,Østensjø,Kvinner,40-49,antall personer,230
EliminatedValue,20,30113,1,4,0,ok-sos006,2024,Østensjø,Kvinner,50-59,antall personer,556
EliminatedValue,20,30113,1,5,0,ok-sos006,2024,Østensjø,Kvinner,60-67,antall personer,563
EliminatedValue,20,30113,2,0,0,ok-sos006,2024,Østensjø,Menn,I alt,antall personer,962
EliminatedValue,20,30113,2,1,0,ok-sos006,2024,Østensjø,Menn,18-29,antall personer,64
EliminatedValue,20,30113,2,2,0,ok-sos006,2024,Østensjø,Menn,30-39,antall personer,96
EliminatedValue,20,30113,2,3,0,ok-sos006,2024,Østensjø,Menn,40-49,antall personer,157
EliminatedValue,20,30113,2,4,0,ok-sos006,2024,Østensjø,Menn,50-59,antall personer,302
EliminatedValue,20,30113,2,5,0,ok-sos006,2024,Østensjø,Menn,60-67,antall personer,343
EliminatedValue,20,30114,0,0,0,ok-sos006,2024,Nordstrand,I alt,I alt,antall personer,2113
EliminatedValue,20,30114,0,1,0,ok-sos006,2024,Nordstrand,I alt,18-29,antall personer,141
EliminatedValue,20,30114,0,2,0,ok-sos006,2024,Nordstrand,I alt,30-39,antall personer,215
EliminatedValue,20,30114,0,3,0,ok-sos006,2024,Nordstrand,I alt,40-49,antall personer,342
EliminatedValue,20,30114,0,4,0,ok-sos006,2024,Nordstrand,I alt,50-59,antall personer,672
EliminatedValue,20,30114,0,5,0,ok-sos006,2024,Nordstrand,I alt,60-67,antall personer,743
EliminatedValue,20,30114,1,0,0,ok-sos006,2024,Nordstrand,Kvinner,I alt,antall personer,1285
EliminatedValue,20,30114,1,1,0,ok-sos006,2024,Nordstrand,Kvinner,18-29,antall personer,58
EliminatedValue,20,30114,1,2,0,ok-sos006,2024,Nordstrand,Kvinner,30-39,antall personer,105
EliminatedValue,20,30114,1,3,0,ok-sos006,2024,Nordstrand,Kvinner,40-49,antall personer,209
EliminatedValue,20,30114,1,4,0,ok-sos006,2024,Nordstrand,Kvinner,50-59,antall personer,440
EliminatedValue,20,30114,1,5,0,ok-sos006,2024,Nordstrand,Kvinner,60-67,antall personer,473
EliminatedValue,20,30114,2,0,0,ok-sos006,2024,Nordstrand,Menn,I alt,antall personer,828
EliminatedValue,20,30114,2,1,0,ok-sos006,2024,Nordstrand,Menn,18-29,antall personer,83
EliminatedValue,20,30114,2,2,0,ok-sos006,2024,Nordstrand,Menn,30-39,antall personer,110
EliminatedValue,20,30114,2,3,0,ok-sos006,2024,Nordstrand,Menn,40-49,antall personer,133
EliminatedValue,20,30114,2,4,0,ok-sos006,2024,Nordstrand,Menn,50-59,antall personer,232
EliminatedValue,20,30114,2,5,0,ok-sos006,2024,Nordstrand,Menn,60-67,antall personer,270
EliminatedValue,20,30115,0,0,0,ok-sos006,2024,Søndre Nordstrand,I alt,I alt,antall personer,2833
EliminatedValue,20,30115,0,1,0,ok-sos006,2024,Søndre Nordstrand,I alt,18-29,antall personer,171
EliminatedValue,20,30115,0,2,0,ok-sos006,2024,Søndre Nordstrand,I alt,30-39,antall personer,301
EliminatedValue,20,30115,0,3,0,ok-sos006,2024,Søndre Nordstrand,I alt,40-49,antall personer,502
EliminatedValue,20,30115,0,4,0,ok-sos006,2024,Søndre Nordstrand,I alt,50-59,antall personer,913
EliminatedValue,20,30115,0,5,0,ok-sos006,2024,Søndre Nordstrand,I alt,60-67,antall personer,946
EliminatedValue,20,30115,1,0,0,ok-sos006,2024,Søndre Nordstrand,Kvinner,I alt,antall personer,1616
EliminatedValue,20,30115,1,1,0,ok-sos006,2024,Søndre Nordstrand,Kvinner,18-29,antall personer,61
EliminatedValue,20,30115,1,2,0,ok-sos006,2024,Søndre Nordstrand,Kvinner,30-39,antall personer,152
EliminatedValue,20,30115,1,3,0,ok-sos006,2024,Søndre Nordstrand,Kvinner,40-49,antall personer,302
EliminatedValue,20,30115,1,4,0,ok-sos006,2024,Søndre Nordstrand,Kvinner,50-59,antall personer,559
EliminatedValue,20,30115,1,5,0,ok-sos006,2024,Søndre Nordstrand,Kvinner,60-67,antall personer,542
EliminatedValue,20,30115,2,0,0,ok-sos006,2024,Søndre Nordstrand,Menn,I alt,antall personer,1217
EliminatedValue,20,30115,2,1,0,ok-sos006,2024,Søndre Nordstrand,Menn,18-29,antall personer,110
EliminatedValue,20,30115,2,2,0,ok-sos006,2024,Søndre Nordstrand,Menn,30-39,antall personer,149
EliminatedValue,20,30115,2,3,0,ok-sos006,2024,Søndre Nordstrand,Menn,40-49,antall personer,200
EliminatedValue,20,30115,2,4,0,ok-sos006,2024,Søndre Nordstrand,Menn,50-59,antall personer,354
EliminatedValue,20,30115,2,5,0,ok-sos006,2024,Søndre Nordstrand,Menn,60-67,antall personer,404
EliminatedValue,20,30199,0,0,0,ok-sos006,2024,Uten registrert adresse,I alt,I alt,antall personer,
EliminatedValue,20,30199,0,1,0,ok-sos006,2024,Uten registrert adresse,I alt,18-29,antall personer,
EliminatedValue,20,30199,0,2,0,ok-sos006,2024,Uten registrert adresse,I alt,30-39,antall personer,
EliminatedValue,20,30199,0,3,0,ok-sos006,2024,Uten registrert adresse,I alt,40-49,antall personer,
EliminatedValue,20,30199,0,4,0,ok-sos006,2024,Uten registrert adresse,I alt,50-59,antall personer,
EliminatedValue,20,30199,0,5,0,ok-sos006,2024,Uten registrert adresse,I alt,60-67,antall personer,
EliminatedValue,20,30199,1,0,0,ok-sos006,2024,Uten registrert adresse,Kvinner,I alt,antall personer,
EliminatedValue,20,30199,1,1,0,ok-sos006,2024,Uten registrert adresse,Kvinner,18-29,antall personer,
EliminatedValue,20,30199,1,2,0,ok-sos006,2024,Uten registrert adresse,Kvinner,30-39,antall personer,
EliminatedValue,20,30199,1,3,0,ok-sos006,2024,Uten registrert adresse,Kvinner,40-49,antall personer,
EliminatedValue,20,30199,1,4,0,ok-sos006,2024,Uten registrert adresse,Kvinner,50-59,antall personer,
EliminatedValue,20,30199,1,5,0,ok-sos006,2024,Uten registrert adresse,Kvinner,60-67,antall personer,
EliminatedValue,20,30199,2,0,0,ok-sos006,2024,Uten registrert adresse,Menn,I alt,antall personer,
EliminatedValue,20,30199,2,1,0,ok-sos006,2024,Uten registrert adresse,Menn,18-29,antall personer,
EliminatedValue,20,30199,2,2,0,ok-sos006,2024,Uten registrert adresse,Menn,30-39,antall personer,
EliminatedValue,20,30199,2,3,0,ok-sos006,2024,Uten registrert adresse,Menn,40-49,antall personer,
EliminatedValue,20,30199,2,4,0,ok-sos006,2024,Uten registrert adresse,Menn,50-59,antall personer,
EliminatedValue,20,30199,2,5,0,ok-sos006,2024,Uten registrert adresse,Menn,60-67,antall personer,
EliminatedValue,20,30118195,0,0,0,ok-sos006,2024,Ukjent bydel,I alt,I alt,antall personer,
EliminatedValue,20,30118195,0,1,0,ok-sos006,2024,Ukjent bydel,I alt,18-29,antall personer,
EliminatedValue,20,30118195,0,2,0,ok-sos006,2024,Ukjent bydel,I alt,30-39,antall personer,
EliminatedValue,20,30118195,0,3,0,ok-sos006,2024,Ukjent bydel,I alt,40-49,antall personer,
EliminatedValue,20,30118195,0,4,0,ok-sos006,2024,Ukjent bydel,I alt,50-59,antall personer,
EliminatedValue,20,30118195,0,5,0,ok-sos006,2024,Ukjent bydel,I alt,60-67,antall personer,
EliminatedValue,20,30118195,1,0,0,ok-sos006,2024,Ukjent bydel,Kvinner,I alt,antall personer,
EliminatedValue,20,30118195,1,1,0,ok-sos006,2024,Ukjent bydel,Kvinner,18-29,antall personer,
EliminatedValue,20,30118195,1,2,0,ok-sos006,2024,Ukjent bydel,Kvinner,30-39,antall personer,
EliminatedValue,20,30118195,1,3,0,ok-sos006,2024,Ukjent bydel,Kvinner,40-49,antall personer,
EliminatedValue,20,30118195,1,4,0,ok-sos006,2024,Ukjent bydel,Kvinner,50-59,antall personer,
EliminatedValue,20,30118195,1,5,0,ok-sos006,2024,Ukjent bydel,Kvinner,60-67,antall personer,
EliminatedValue,20,30118195,2,0,0,ok-sos006,2024,Ukjent bydel,Menn,I alt,antall personer,
EliminatedValue,20,30118195,2,1,0,ok-sos006,2024,Ukjent bydel,Menn,18-29,antall personer,
EliminatedValue,20,30118195,2,2,0,ok-sos006,2024,Ukjent bydel,Menn,30-39,antall personer,
EliminatedValue,20,30118195,2,3,0,ok-sos006,2024,Ukjent bydel,Menn,40-49,antall personer,
EliminatedValue,20,30118195,2,4,0,ok-sos006,2024,Ukjent bydel,Menn,50-59,antall personer,
EliminatedValue,20,30118195,2,5,0,ok-sos006,2024,Ukjent bydel,Menn,60-67,antall personer,
