ContentsCode_kode,år_kode,geografi_kode,kjønn_kode,aldersgruppe_kode,statistikkvariabel_kode,ContentsCode_navn,år_navn,geografi_navn,kjønn_navn,aldersgruppe_navn,statistikkvariabel_navn,verdi
EliminatedValue,0,301,0,0,0,ok-sos001,2012,Oslo i alt,Begge kjønn,Alder i alt,Antall mottakere av AAP,21087
EliminatedValue,0,301,0,1,0,ok-sos001,2012,Oslo i alt,Begge kjønn,Under 30,Antall mottakere av AAP,2901
EliminatedValue,0,301,0,2,0,ok-sos001,2012,Oslo i alt,Begge kjønn,30-39,Antall mottakere av AAP,4991
EliminatedValue,0,301,0,3,0,ok-sos001,2012,Oslo i alt,Begge kjønn,40-49,Antall mottakere av AAP,6158
EliminatedValue,0,301,0,4,0,ok-sos001,2012,Oslo i alt,Begge kjønn,50-59,Antall mottakere av AAP,5217
EliminatedValue,0,301,0,5,0,ok-sos001,2012,Oslo i alt,Begge kjønn,60+,Antall mottakere av AAP,1820
EliminatedValue,0,301,1,0,0,ok-sos001,2012,Oslo i alt,Menn,Alder i alt,Antall mottakere av AAP,9221
EliminatedValue,0,301,1,1,0,ok-sos001,2012,Oslo i alt,Menn,Under 30,Antall mottakere av AAP,1274
EliminatedValue,0,301,1,2,0,ok-sos001,2012,Oslo i alt,Menn,30-39,Antall mottakere av AAP,2166
EliminatedValue,0,301,1,3,0,ok-sos001,2012,Oslo i alt,Menn,40-49,Antall mottakere av AAP,2611
EliminatedValue,0,301,1,4,0,ok-sos001,2012,Oslo i alt,Menn,50-59,Antall mottakere av AAP,2290
EliminatedValue,0,301,1,5,0,ok-sos001,2012,Oslo i alt,Menn,60+,Antall mottakere av AAP,880
EliminatedValue,0,301,2,0,0,ok-sos001,2012,Oslo i alt,Kvinner,Alder i alt,Antall mottakere av AAP,11866
EliminatedValue,0,301,2,1,0,ok-sos001,2012,Oslo i alt,Kvinner,Under 30,Antall mottakere av AAP,1627
EliminatedValue,0,301,2,2,0,ok-sos001,2012,Oslo i alt,Kvinner,30-39,Antall mottakere av AAP,2825
EliminatedValue,0,301,2,3,0,ok-sos001,2012,Oslo i alt,Kvinner,40-49,Antall mottakere av AAP,3547
EliminatedValue,0,301,2,4,0,ok-sos001,2012,Oslo i alt,Kvinner,50-59,Antall mottakere av AAP,2927
EliminatedValue,0,301,2,5,0,ok-sos001,2012,Oslo i alt,Kvinner,60+,Antall mottakere av AAP,940
EliminatedValue,0,30101,0,0,0,ok-sos001,2012,Gamle Oslo,Begge kjønn,Alder i alt,Antall mottakere av AAP,2247
EliminatedValue,0,30101,0,1,0,ok-sos001,2012,Gamle Oslo,Begge kjønn,Under 30,Antall mottakere av AAP,325
EliminatedValue,0,30101,0,2,0,ok-sos001,2012,Gamle Oslo,Begge kjønn,30-39,Antall mottakere av AAP,625
EliminatedValue,0,30101,0,3,0,ok-sos001,2012,Gamle Oslo,Begge kjønn,40-49,Antall mottakere av AAP,651
EliminatedValue,0,30101,0,4,0,ok-sos001,2012,Gamle Oslo,Begge kjønn,50-59,Antall mottakere av AAP,507
EliminatedValue,0,30101,0,5,0,ok-sos001,2012,Gamle Oslo,Begge kjønn,60+,Antall mottakere av AAP,139
EliminatedValue,0,30101,1,0,0,ok-sos001,2012,Gamle Oslo,Menn,Alder i alt,Antall mottakere av AAP,1125
EliminatedValue,0,30101,1,1,0,ok-sos001,2012,Gamle Oslo,Menn,Under 30,Antall mottakere av AAP,139
EliminatedValue,0,30101,1,2,0,ok-sos001,2012,Gamle Oslo,Menn,30-39,Antall mottakere av AAP,309
EliminatedValue,0,30101,1,3,0,ok-sos001,2012,Gamle Oslo,Menn,40-49,Antall mottakere av AAP,334
EliminatedValue,0,30101,1,4,0,ok-sos001,2012,Gamle Oslo,Menn,50-59,Antall mottakere av AAP,269
EliminatedValue,0,30101,1,5,0,ok-sos001,2012,Gamle Oslo,Menn,60+,Antall mottakere av AAP,74
EliminatedValue,0,30101,2,0,0,ok-sos001,2012,Gamle Oslo,Kvinner,Alder i alt,Antall mottakere av AAP,1122
EliminatedValue,0,30101,2,1,0,ok-sos001,2012,Gamle Oslo,Kvinner,Under 30,Antall mottakere av AAP,186
EliminatedValue,0,30101,2,2,0,ok-sos001,2012,Gamle Oslo,Kvinner,30-39,Antall mottakere av AAP,316
EliminatedValue,0,30101,2,3,0,ok-sos001,2012,Gamle Oslo,Kvinner,40-49,Antall mottakere av AAP,317
EliminatedValue,0,30101,2,4,0,ok-sos001,2012,Gamle Oslo,Kvinner,50-59,Antall mottakere av AAP,238
EliminatedValue,0,30101,2,5,0,ok-sos001,2012,Gamle Oslo,Kvinner,60+,Antall mottakere av AAP,65
EliminatedValue,0,30102,0,0,0,ok-sos001,2012,Grünerløkka,Begge kjønn,Alder i alt,Antall mottakere av AAP,1821
EliminatedValue,0,30102,0,1,0,ok-sos001,2012,Grünerløkka,Begge kjønn,Under 30,Antall mottakere av AAP,299
EliminatedValue,0,30102,0,2,0,ok-sos001,2012,Grünerløkka,Begge kjønn,30-39,Antall mottakere av AAP,514
EliminatedValue,0,30102,0,3,0,ok-sos001,2012,Grünerløkka,Begge kjønn,40-49,Antall mottakere av AAP,492
EliminatedValue,0,30102,0,4,0,ok-sos001,2012,Grünerløkka,Begge kjønn,50-59,Antall mottakere av AAP,382
EliminatedValue,0,30102,0,5,0,ok-sos001,2012,Grünerløkka,Begge kjønn,60+,Antall mottakere av AAP,134
EliminatedValue,0,30102,1,0,0,ok-sos001,2012,Grünerløkka,Menn,Alder i alt,Antall mottakere av AAP,889
EliminatedValue,0,30102,1,1,0,ok-sos001,2012,Grünerløkka,Menn,Under 30,Antall mottakere av AAP,121
EliminatedValue,0,30102,1,2,0,ok-sos001,2012,Grünerløkka,Menn,30-39,Antall mottakere av AAP,236
EliminatedValue,0,30102,1,3,0,ok-sos001,2012,Grünerløkka,Menn,40-49,Antall mottakere av AAP,277
EliminatedValue,0,30102,1,4,0,ok-sos001,2012,Grünerløkka,Menn,50-59,Antall mottakere av AAP,177
EliminatedValue,0,30102,1,5,0,ok-sos001,2012,Grünerløkka,Menn,60+,Antall mottakere av AAP,78
EliminatedValue,0,30102,2,0,0,ok-sos001,2012,Grünerløkka,Kvinner,Alder i alt,Antall mottakere av AAP,932
EliminatedValue,0,30102,2,1,0,ok-sos001,2012,Grünerløkka,Kvinner,Under 30,Antall mottakere av AAP,178
EliminatedValue,0,30102,2,2,0,ok-sos001,2012,Grünerløkka,Kvinner,30-39,Antall mottakere av AAP,278
EliminatedValue,0,30102,2,3,0,ok-sos001,2012,Grünerløkka,Kvinner,40-49,Antall mottakere av AAP,215
EliminatedValue,0,30102,2,4,0,ok-sos001,2012,Grünerløkka,Kvinner,50-59,Antall mottakere av AAP,205
EliminatedValue,0,30102,2,5,0,ok-sos001,2012,Grünerløkka,Kvinner,60+,Antall mottakere av AAP,56
EliminatedValue,0,30103,0,0,0,ok-sos001,2012,Sagene,Begge kjønn,Alder i alt,Antall mottakere av AAP,1649
EliminatedValue,0,30103,0,1,0,ok-sos001,2012,Sagene,Begge kjønn,Under 30,Antall mottakere av AAP,277
EliminatedValue,0,30103,0,2,0,ok-sos001,2012,Sagene,Begge kjønn,30-39,Antall mottakere av AAP,449
EliminatedValue,0,30103,0,3,0,ok-sos001,2012,Sagene,Begge kjønn,40-49,Antall mottakere av AAP,452
EliminatedValue,0,30103,0,4,0,ok-sos001,2012,Sagene,Begge kjønn,50-59,Antall mottakere av AAP,373
EliminatedValue,0,30103,0,5,0,ok-sos001,2012,Sagene,Begge kjønn,60+,Antall mottakere av AAP,98
EliminatedValue,0,30103,1,0,0,ok-sos001,2012,Sagene,Menn,Alder i alt,Antall mottakere av AAP,808
EliminatedValue,0,30103,1,1,0,ok-sos001,2012,Sagene,Menn,Under 30,Antall mottakere av AAP,111
EliminatedValue,0,30103,1,2,0,ok-sos001,2012,Sagene,Menn,30-39,Antall mottakere av AAP,211
EliminatedValue,0,30103,1,3,0,ok-sos001,2012,Sagene,Menn,40-49,Antall mottakere av AAP,239
EliminatedValue,0,30103,1,4,0,ok-sos001,2012,Sagene,Menn,50-59,Antall mottakere av AAP,191
EliminatedValue,0,30103,1,5,0,ok-sos001,2012,Sagene,Menn,60+,Antall mottakere av AAP,56
EliminatedValue,0,30103,2,0,0,ok-sos001,2012,Sagene,Kvinner,Alder i alt,Antall mottakere av AAP,841
EliminatedValue,0,30103,2,1,0,ok-sos001,2012,Sagene,Kvinner,Under 30,Antall mottakere av AAP,166
EliminatedValue,0,30103,2,2,0,ok-sos001,2012,Sagene,Kvinner,30-39,Antall mottakere av AAP,238
EliminatedValue,0,30103,2,3,0,ok-sos001,2012,Sagene,Kvinner,40-49,Antall mottakere av AAP,213
EliminatedValue,0,30103,2,4,0,ok-sos001,2012,Sagene,Kvinner,50-59,Antall mottakere av AAP,182
EliminatedValue,0,30103,2,5,0,ok-sos001,2012,Sagene,Kvinner,60+,Antall mottakere av AAP,42
EliminatedValue,0,30104,0,0,0,ok-sos001,2012,St. Hanshaugen,Begge kjønn,Alder i alt,Antall mottakere av AAP,1078
EliminatedValue,0,30104,0,1,0,ok-sos001,2012,St. Hanshaugen,Begge kjønn,Under 30,Antall mottakere av AAP,276
EliminatedValue,0,30104,0,2,0,ok-sos001,2012,St. Hanshaugen,Begge kjønn,30-39,Antall mottakere av AAP,300
EliminatedValue,0,30104,0,3,0,ok-sos001,2012,St. Hanshaugen,Begge kjønn,40-49,Antall mottakere av AAP,258
EliminatedValue,0,30104,0,4,0,ok-sos001,2012,St. Hanshaugen,Begge kjønn,50-59,Antall mottakere av AAP,180
EliminatedValue,0,30104,0,5,0,ok-sos001,2012,St. Hanshaugen,Begge kjønn,60+,Antall mottakere av AAP,64
EliminatedValue,0,30104,1,0,0,ok-sos001,2012,St. Hanshaugen,Menn,Alder i alt,Antall mottakere av AAP,483
EliminatedValue,0,30104,1,1,0,ok-sos001,2012,St. Hanshaugen,Menn,Under 30,Antall mottakere av AAP,107
EliminatedValue,0,30104,1,2,0,ok-sos001,2012,St. Hanshaugen,Menn,30-39,Antall mottakere av AAP,148
EliminatedValue,0,30104,1,3,0,ok-sos001,2012,St. Hanshaugen,Menn,40-49,Antall mottakere av AAP,120
EliminatedValue,0,30104,1,4,0,ok-sos001,2012,St. Hanshaugen,Menn,50-59,Antall mottakere av AAP,74
EliminatedValue,0,30104,1,5,0,ok-sos001,2012,St. Hanshaugen,Menn,60+,Antall mottakere av AAP,34
EliminatedValue,0,30104,2,0,0,ok-sos001,2012,St. Hanshaugen,Kvinner,Alder i alt,Antall mottakere av AAP,595
EliminatedValue,0,30104,2,1,0,ok-sos001,2012,St. Hanshaugen,Kvinner,Under 30,Antall mottakere av AAP,169
EliminatedValue,0,30104,2,2,0,ok-sos001,2012,St. Hanshaugen,Kvinner,30-39,Antall mottakere av AAP,152
EliminatedValue,0,30104,2,3,0,ok-sos001,2012,St. Hanshaugen,Kvinner,40-49,Antall mottakere av AAP,138
EliminatedValue,0,30104,2,4,0,ok-sos001,2012,St. Hanshaugen,Kvinner,50-59,Antall mottakere av AAP,106
EliminatedValue,0,30104,2,5,0,ok-sos001,2012,St. Hanshaugen,Kvinner,60+,Antall mottakere av AAP,30
EliminatedValue,0,30105,0,0,0,ok-sos001,2012,Frogner,Begge kjønn,Alder i alt,Antall mottakere av AAP,1632
EliminatedValue,0,30105,0,1,0,ok-sos001,2012,Frogner,Begge kjønn,Under 30,Antall mottakere av AAP,275
EliminatedValue,0,30105,0,2,0,ok-sos001,2012,Frogner,Begge kjønn,30-39,Antall mottakere av AAP,388
EliminatedValue,0,30105,0,3,0,ok-sos001,2012,Frogner,Begge kjønn,40-49,Antall mottakere av AAP,408
EliminatedValue,0,30105,0,4,0,ok-sos001,2012,Frogner,Begge kjønn,50-59,Antall mottakere av AAP,371
EliminatedValue,0,30105,0,5,0,ok-sos001,2012,Frogner,Begge kjønn,60+,Antall mottakere av AAP,190
EliminatedValue,0,30105,1,0,0,ok-sos001,2012,Frogner,Menn,Alder i alt,Antall mottakere av AAP,696
EliminatedValue,0,30105,1,1,0,ok-sos001,2012,Frogner,Menn,Under 30,Antall mottakere av AAP,111
EliminatedValue,0,30105,1,2,0,ok-sos001,2012,Frogner,Menn,30-39,Antall mottakere av AAP,155
EliminatedValue,0,30105,1,3,0,ok-sos001,2012,Frogner,Menn,40-49,Antall mottakere av AAP,190
EliminatedValue,0,30105,1,4,0,ok-sos001,2012,Frogner,Menn,50-59,Antall mottakere av AAP,157
EliminatedValue,0,30105,1,5,0,ok-sos001,2012,Frogner,Menn,60+,Antall mottakere av AAP,83
EliminatedValue,0,30105,2,0,0,ok-sos001,2012,Frogner,Kvinner,Alder i alt,Antall mottakere av AAP,936
EliminatedValue,0,30105,2,1,0,ok-sos001,2012,Frogner,Kvinner,Under 30,Antall mottakere av AAP,164
EliminatedValue,0,30105,2,2,0,ok-sos001,2012,Frogner,Kvinner,30-39,Antall mottakere av AAP,233
EliminatedValue,0,30105,2,3,0,ok-sos001,2012,Frogner,Kvinner,40-49,Antall mottakere av AAP,218
EliminatedValue,0,30105,2,4,0,ok-sos001,2012,Frogner,Kvinner,50-59,Antall mottakere av AAP,214
EliminatedValue,0,30105,2,5,0,ok-sos001,2012,Frogner,Kvinner,60+,Antall mottakere av AAP,107
EliminatedValue,0,30106,0,0,0,ok-sos001,2012,Ullern,Begge kjønn,Alder i alt,Antall mottakere av AAP,681
EliminatedValue,0,30106,0,1,0,ok-sos001,2012,Ullern,Begge kjønn,Under 30,Antall mottakere av AAP,88
EliminatedValue,0,30106,0,2,0,ok-sos001,2012,Ullern,Begge kjønn,30-39,Antall mottakere av AAP,118
EliminatedValue,0,30106,0,3,0,ok-sos001,2012,Ullern,Begge kjønn,40-49,Antall mottakere av AAP,185
EliminatedValue,0,30106,0,4,0,ok-sos001,2012,Ullern,Begge kjønn,50-59,Antall mottakere av AAP,204
EliminatedValue,0,30106,0,5,0,ok-sos001,2012,Ullern,Begge kjønn,60+,Antall mottakere av AAP,86
EliminatedValue,0,30106,1,0,0,ok-sos001,2012,Ullern,Menn,Alder i alt,Antall mottakere av AAP,270
EliminatedValue,0,30106,1,1,0,ok-sos001,2012,Ullern,Menn,Under 30,Antall mottakere av AAP,40
EliminatedValue,0,30106,1,2,0,ok-sos001,2012,Ullern,Menn,30-39,Antall mottakere av AAP,51
EliminatedValue,0,30106,1,3,0,ok-sos001,2012,Ullern,Menn,40-49,Antall mottakere av AAP,64
EliminatedValue,0,30106,1,4,0,ok-sos001,2012,Ullern,Menn,50-59,Antall mottakere av AAP,75
EliminatedValue,0,30106,1,5,0,ok-sos001,2012,Ullern,Menn,60+,Antall mottakere av AAP,40
EliminatedValue,0,30106,2,0,0,ok-sos001,2012,Ullern,Kvinner,Alder i alt,Antall mottakere av AAP,411
EliminatedValue,0,30106,2,1,0,ok-sos001,2012,Ullern,Kvinner,Under 30,Antall mottakere av AAP,48
EliminatedValue,0,30106,2,2,0,ok-sos001,2012,Ullern,Kvinner,30-39,Antall mottakere av AAP,67
EliminatedValue,0,30106,2,3,0,ok-sos001,2012,Ullern,Kvinner,40-49,Antall mottakere av AAP,121
EliminatedValue,0,30106,2,4,0,ok-sos001,2012,Ullern,Kvinner,50-59,Antall mottakere av AAP,129
EliminatedValue,0,30106,2,5,0,ok-sos001,2012,Ullern,Kvinner,60+,Antall mottakere av AAP,46
EliminatedValue,0,30107,0,0,0,ok-sos001,2012,Vestre Aker,Begge kjønn,Alder i alt,Antall mottakere av AAP,971
EliminatedValue,0,30107,0,1,0,ok-sos001,2012,Vestre Aker,Begge kjønn,Under 30,Antall mottakere av AAP,119
EliminatedValue,0,30107,0,2,0,ok-sos001,2012,Vestre Aker,Begge kjønn,30-39,Antall mottakere av AAP,188
EliminatedValue,0,30107,0,3,0,ok-sos001,2012,Vestre Aker,Begge kjønn,40-49,Antall mottakere av AAP,268
EliminatedValue,0,30107,0,4,0,ok-sos001,2012,Vestre Aker,Begge kjønn,50-59,Antall mottakere av AAP,265
EliminatedValue,0,30107,0,5,0,ok-sos001,2012,Vestre Aker,Begge kjønn,60+,Antall mottakere av AAP,131
EliminatedValue,0,30107,1,0,0,ok-sos001,2012,Vestre Aker,Menn,Alder i alt,Antall mottakere av AAP,338
EliminatedValue,0,30107,1,1,0,ok-sos001,2012,Vestre Aker,Menn,Under 30,Antall mottakere av AAP,49
EliminatedValue,0,30107,1,2,0,ok-sos001,2012,Vestre Aker,Menn,30-39,Antall mottakere av AAP,80
EliminatedValue,0,30107,1,3,0,ok-sos001,2012,Vestre Aker,Menn,40-49,Antall mottakere av AAP,73
EliminatedValue,0,30107,1,4,0,ok-sos001,2012,Vestre Aker,Menn,50-59,Antall mottakere av AAP,92
EliminatedValue,0,30107,1,5,0,ok-sos001,2012,Vestre Aker,Menn,60+,Antall mottakere av AAP,44
EliminatedValue,0,30107,2,0,0,ok-sos001,2012,Vestre Aker,Kvinner,Alder i alt,Antall mottakere av AAP,633
EliminatedValue,0,30107,2,1,0,ok-sos001,2012,Vestre Aker,Kvinner,Under 30,Antall mottakere av AAP,70
EliminatedValue,0,30107,2,2,0,ok-sos001,2012,Vestre Aker,Kvinner,30-39,Antall mottakere av AAP,108
EliminatedValue,0,30107,2,3,0,ok-sos001,2012,Vestre Aker,Kvinner,40-49,Antall mottakere av AAP,195
EliminatedValue,0,30107,2,4,0,ok-sos001,2012,Vestre Aker,Kvinner,50-59,Antall mottakere av AAP,173
EliminatedValue,0,30107,2,5,0,ok-sos001,2012,Vestre Aker,Kvinner,60+,Antall mottakere av AAP,87
EliminatedValue,0,30108,0,0,0,ok-sos001,2012,Nordre Aker,Begge kjønn,Alder i alt,Antall mottakere av AAP,1095
EliminatedValue,0,30108,0,1,0,ok-sos001,2012,Nordre Aker,Begge kjønn,Under 30,Antall mottakere av AAP,165
EliminatedValue,0,30108,0,2,0,ok-sos001,2012,Nordre Aker,Begge kjønn,30-39,Antall mottakere av AAP,251
EliminatedValue,0,30108,0,3,0,ok-sos001,2012,Nordre Aker,Begge kjønn,40-49,Antall mottakere av AAP,311
EliminatedValue,0,30108,0,4,0,ok-sos001,2012,Nordre Aker,Begge kjønn,50-59,Antall mottakere av AAP,265
EliminatedValue,0,30108,0,5,0,ok-sos001,2012,Nordre Aker,Begge kjønn,60+,Antall mottakere av AAP,103
EliminatedValue,0,30108,1,0,0,ok-sos001,2012,Nordre Aker,Menn,Alder i alt,Antall mottakere av AAP,448
EliminatedValue,0,30108,1,1,0,ok-sos001,2012,Nordre Aker,Menn,Under 30,Antall mottakere av AAP,70
EliminatedValue,0,30108,1,2,0,ok-sos001,2012,Nordre Aker,Menn,30-39,Antall mottakere av AAP,89
EliminatedValue,0,30108,1,3,0,ok-sos001,2012,Nordre Aker,Menn,40-49,Antall mottakere av AAP,118
EliminatedValue,0,30108,1,4,0,ok-sos001,2012,Nordre Aker,Menn,50-59,Antall mottakere av AAP,117
EliminatedValue,0,30108,1,5,0,ok-sos001,2012,Nordre Aker,Menn,60+,Antall mottakere av AAP,54
EliminatedValue,0,30108,2,0,0,ok-sos001,2012,Nordre Aker,Kvinner,Alder i alt,Antall mottakere av AAP,647
EliminatedValue,0,30108,2,1,0,ok-sos001,2012,Nordre Aker,Kvinner,Under 30,Antall mottakere av AAP,95
EliminatedValue,0,30108,2,2,0,ok-sos001,2012,Nordre Aker,Kvinner,30-39,Antall mottakere av AAP,162
EliminatedValue,0,30108,2,3,0,ok-sos001,2012,Nordre Aker,Kvinner,40-49,Antall mottakere av AAP,193
EliminatedValue,0,30108,2,4,0,ok-sos001,2012,Nordre Aker,Kvinner,50-59,Antall mottakere av AAP,148
EliminatedValue,0,30108,2,5,0,ok-sos001,2012,Nordre Aker,Kvinner,60+,Antall mottakere av AAP,49
EliminatedValue,0,30109,0,0,0,ok-sos001,2012,Bjerke,Begge kjønn,Alder i alt,Antall mottakere av AAP,1002
EliminatedValue,0,30109,0,1,0,ok-sos001,2012,Bjerke,Begge kjønn,Under 30,Antall mottakere av AAP,107
EliminatedValue,0,30109,0,2,0,ok-sos001,2012,Bjerke,Begge kjønn,30-39,Antall mottakere av AAP,239
EliminatedValue,0,30109,0,3,0,ok-sos001,2012,Bjerke,Begge kjønn,40-49,Antall mottakere av AAP,315
EliminatedValue,0,30109,0,4,0,ok-sos001,2012,Bjerke,Begge kjønn,50-59,Antall mottakere av AAP,258
EliminatedValue,0,30109,0,5,0,ok-sos001,2012,Bjerke,Begge kjønn,60+,Antall mottakere av AAP,83
EliminatedValue,0,30109,1,0,0,ok-sos001,2012,Bjerke,Menn,Alder i alt,Antall mottakere av AAP,446
EliminatedValue,0,30109,1,1,0,ok-sos001,2012,Bjerke,Menn,Under 30,Antall mottakere av AAP,42
EliminatedValue,0,30109,1,2,0,ok-sos001,2012,Bjerke,Menn,30-39,Antall mottakere av AAP,102
EliminatedValue,0,30109,1,3,0,ok-sos001,2012,Bjerke,Menn,40-49,Antall mottakere av AAP,141
EliminatedValue,0,30109,1,4,0,ok-sos001,2012,Bjerke,Menn,50-59,Antall mottakere av AAP,114
EliminatedValue,0,30109,1,5,0,ok-sos001,2012,Bjerke,Menn,60+,Antall mottakere av AAP,47
EliminatedValue,0,30109,2,0,0,ok-sos001,2012,Bjerke,Kvinner,Alder i alt,Antall mottakere av AAP,556
EliminatedValue,0,30109,2,1,0,ok-sos001,2012,Bjerke,Kvinner,Under 30,Antall mottakere av AAP,65
EliminatedValue,0,30109,2,2,0,ok-sos001,2012,Bjerke,Kvinner,30-39,Antall mottakere av AAP,137
EliminatedValue,0,30109,2,3,0,ok-sos001,2012,Bjerke,Kvinner,40-49,Antall mottakere av AAP,174
EliminatedValue,0,30109,2,4,0,ok-sos001,2012,Bjerke,Kvinner,50-59,Antall mottakere av AAP,144
EliminatedValue,0,30109,2,5,0,ok-sos001,2012,Bjerke,Kvinner,60+,Antall mottakere av AAP,36
EliminatedValue,0,30110,0,0,0,ok-sos001,2012,Grorud,Begge kjønn,Alder i alt,Antall mottakere av AAP,992
EliminatedValue,0,30110,0,1,0,ok-sos001,2012,Grorud,Begge kjønn,Under 30,Antall mottakere av AAP,80
EliminatedValue,0,30110,0,2,0,ok-sos001,2012,Grorud,Begge kjønn,30-39,Antall mottakere av AAP,238
EliminatedValue,0,30110,0,3,0,ok-sos001,2012,Grorud,Begge kjønn,40-49,Antall mottakere av AAP,359
EliminatedValue,0,30110,0,4,0,ok-sos001,2012,Grorud,Begge kjønn,50-59,Antall mottakere av AAP,231
EliminatedValue,0,30110,0,5,0,ok-sos001,2012,Grorud,Begge kjønn,60+,Antall mottakere av AAP,84
EliminatedValue,0,30110,1,0,0,ok-sos001,2012,Grorud,Menn,Alder i alt,Antall mottakere av AAP,425
EliminatedValue,0,30110,1,1,0,ok-sos001,2012,Grorud,Menn,Under 30,Antall mottakere av AAP,39
EliminatedValue,0,30110,1,2,0,ok-sos001,2012,Grorud,Menn,30-39,Antall mottakere av AAP,104
EliminatedValue,0,30110,1,3,0,ok-sos001,2012,Grorud,Menn,40-49,Antall mottakere av AAP,151
EliminatedValue,0,30110,1,4,0,ok-sos001,2012,Grorud,Menn,50-59,Antall mottakere av AAP,93
EliminatedValue,0,30110,1,5,0,ok-sos001,2012,Grorud,Menn,60+,Antall mottakere av AAP,38
EliminatedValue,0,30110,2,0,0,ok-sos001,2012,Grorud,Kvinner,Alder i alt,Antall mottakere av AAP,567
EliminatedValue,0,30110,2,1,0,ok-sos001,2012,Grorud,Kvinner,Under 30,Antall mottakere av AAP,41
EliminatedValue,0,30110,2,2,0,ok-sos001,2012,Grorud,Kvinner,30-39,Antall mottakere av AAP,134
EliminatedValue,0,30110,2,3,0,ok-sos001,2012,Grorud,Kvinner,40-49,Antall mottakere av AAP,208
EliminatedValue,0,30110,2,4,0,ok-sos001,2012,Grorud,Kvinner,50-59,Antall mottakere av AAP,138
EliminatedValue,0,30110,2,5,0,ok-sos001,2012,Grorud,Kvinner,60+,Antall mottakere av AAP,46
EliminatedValue,0,30111,0,0,0,ok-sos001,2012,Stovner,Begge kjønn,Alder i alt,Antall mottakere av AAP,1126
EliminatedValue,0,30111,0,1,0,ok-sos001,2012,Stovner,Begge kjønn,Under 30,Antall mottakere av AAP,127
EliminatedValue,0,30111,0,2,0,ok-sos001,2012,Stovner,Begge kjønn,30-39,Antall mottakere av AAP,228
EliminatedValue,0,30111,0,3,0,ok-sos001,2012,Stovner,Begge kjønn,40-49,Antall mottakere av AAP,381
EliminatedValue,0,30111,0,4,0,ok-sos001,2012,Stovner,Begge kjønn,50-59,Antall mottakere av AAP,290
EliminatedValue,0,30111,0,5,0,ok-sos001,2012,Stovner,Begge kjønn,60+,Antall mottakere av AAP,100
EliminatedValue,0,30111,1,0,0,ok-sos001,2012,Stovner,Menn,Alder i alt,Antall mottakere av AAP,522
EliminatedValue,0,30111,1,1,0,ok-sos001,2012,Stovner,Menn,Under 30,Antall mottakere av AAP,65
EliminatedValue,0,30111,1,2,0,ok-sos001,2012,Stovner,Menn,30-39,Antall mottakere av AAP,98
EliminatedValue,0,30111,1,3,0,ok-sos001,2012,Stovner,Menn,40-49,Antall mottakere av AAP,168
EliminatedValue,0,30111,1,4,0,ok-sos001,2012,Stovner,Menn,50-59,Antall mottakere av AAP,141
EliminatedValue,0,30111,1,5,0,ok-sos001,2012,Stovner,Menn,60+,Antall mottakere av AAP,50
EliminatedValue,0,30111,2,0,0,ok-sos001,2012,Stovner,Kvinner,Alder i alt,Antall mottakere av AAP,604
EliminatedValue,0,30111,2,1,0,ok-sos001,2012,Stovner,Kvinner,Under 30,Antall mottakere av AAP,62
EliminatedValue,0,30111,2,2,0,ok-sos001,2012,Stovner,Kvinner,30-39,Antall mottakere av AAP,130
EliminatedValue,0,30111,2,3,0,ok-sos001,2012,Stovner,Kvinner,40-49,Antall mottakere av AAP,213
EliminatedValue,0,30111,2,4,0,ok-sos001,2012,Stovner,Kvinner,50-59,Antall mottakere av AAP,149
EliminatedValue,0,30111,2,5,0,ok-sos001,2012,Stovner,Kvinner,60+,Antall mottakere av AAP,50
EliminatedValue,0,30112,0,0,0,ok-sos001,2012,Alna,Begge kjønn,Alder i alt,Antall mottakere av AAP,2218
EliminatedValue,0,30112,0,1,0,ok-sos001,2012,Alna,Begge kjønn,Under 30,Antall mottakere av AAP,219
EliminatedValue,0,30112,0,2,0,ok-sos001,2012,Alna,Begge kjønn,30-39,Antall mottakere av AAP,503
EliminatedValue,0,30112,0,3,0,ok-sos001,2012,Alna,Begge kjønn,40-49,Antall mottakere av AAP,715
EliminatedValue,0,30112,0,4,0,ok-sos001,2012,Alna,Begge kjønn,50-59,Antall mottakere av AAP,597
EliminatedValue,0,30112,0,5,0,ok-sos001,2012,Alna,Begge kjønn,60+,Antall mottakere av AAP,184
EliminatedValue,0,30112,1,0,0,ok-sos001,2012,Alna,Menn,Alder i alt,Antall mottakere av AAP,961
EliminatedValue,0,30112,1,1,0,ok-sos001,2012,Alna,Menn,Under 30,Antall mottakere av AAP,105
EliminatedValue,0,30112,1,2,0,ok-sos001,2012,Alna,Menn,30-39,Antall mottakere av AAP,212
EliminatedValue,0,30112,1,3,0,ok-sos001,2012,Alna,Menn,40-49,Antall mottakere av AAP,265
EliminatedValue,0,30112,1,4,0,ok-sos001,2012,Alna,Menn,50-59,Antall mottakere av AAP,285
EliminatedValue,0,30112,1,5,0,ok-sos001,2012,Alna,Menn,60+,Antall mottakere av AAP,94
EliminatedValue,0,30112,2,0,0,ok-sos001,2012,Alna,Kvinner,Alder i alt,Antall mottakere av AAP,1257
EliminatedValue,0,30112,2,1,0,ok-sos001,2012,Alna,Kvinner,Under 30,Antall mottakere av AAP,114
EliminatedValue,0,30112,2,2,0,ok-sos001,2012,Alna,Kvinner,30-39,Antall mottakere av AAP,291
EliminatedValue,0,30112,2,3,0,ok-sos001,2012,Alna,Kvinner,40-49,Antall mottakere av AAP,450
EliminatedValue,0,30112,2,4,0,ok-sos001,2012,Alna,Kvinner,50-59,Antall mottakere av AAP,312
EliminatedValue,0,30112,2,5,0,ok-sos001,2012,Alna,Kvinner,60+,Antall mottakere av AAP,90
EliminatedValue,0,30113,0,0,0,ok-sos001,2012,Østensjø,Begge kjønn,Alder i alt,Antall mottakere av AAP,1527
EliminatedValue,0,30113,0,1,0,ok-sos001,2012,Østensjø,Begge kjønn,Under 30,Antall mottakere av AAP,172
EliminatedValue,0,30113,0,2,0,ok-sos001,2012,Østensjø,Begge kjønn,30-39,Antall mottakere av AAP,340
EliminatedValue,0,30113,0,3,0,ok-sos001,2012,Østensjø,Begge kjønn,40-49,Antall mottakere av AAP,469
EliminatedValue,0,30113,0,4,0,ok-sos001,2012,Østensjø,Begge kjønn,50-59,Antall mottakere av AAP,411
EliminatedValue,0,30113,0,5,0,ok-sos001,2012,Østensjø,Begge kjønn,60+,Antall mottakere av AAP,135
EliminatedValue,0,30113,1,0,0,ok-sos001,2012,Østensjø,Menn,Alder i alt,Antall mottakere av AAP,587
EliminatedValue,0,30113,1,1,0,ok-sos001,2012,Østensjø,Menn,Under 30,Antall mottakere av AAP,81
EliminatedValue,0,30113,1,2,0,ok-sos001,2012,Østensjø,Menn,30-39,Antall mottakere av AAP,140
EliminatedValue,0,30113,1,3,0,ok-sos001,2012,Østensjø,Menn,40-49,Antall mottakere av AAP,162
EliminatedValue,0,30113,1,4,0,ok-sos001,2012,Østensjø,Menn,50-59,Antall mottakere av AAP,147
EliminatedValue,0,30113,1,5,0,ok-sos001,2012,Østensjø,Menn,60+,Antall mottakere av AAP,57
EliminatedValue,0,30113,2,0,0,ok-sos001,2012,Østensjø,Kvinner,Alder i alt,Antall mottakere av AAP,940
EliminatedValue,0,30113,2,1,0,ok-sos001,2012,Østensjø,Kvinner,Under 30,Antall mottakere av AAP,91
EliminatedValue,0,30113,2,2,0,ok-sos001,2012,Østensjø,Kvinner,30-39,Antall mottakere av AAP,200
EliminatedValue,0,30113,2,3,0,ok-sos001,2012,Østensjø,Kvinner,40-49,Antall mottakere av AAP,307
EliminatedValue,0,30113,2,4,0,ok-sos001,2012,Østensjø,Kvinner,50-59,Antall mottakere av AAP,264
EliminatedValue,0,30113,2,5,0,ok-sos001,2012,Østensjø,Kvinner,60+,Antall mottakere av AAP,78
EliminatedValue,0,30114,0,0,0,ok-sos001,2012,Nordstrand,Begge kjønn,Alder i alt,Antall mottakere av AAP,1342
EliminatedValue,0,30114,0,1,0,ok-sos001,2012,Nordstrand,Begge kjønn,Under 30,Antall mottakere av AAP,184
EliminatedValue,0,30114,0,2,0,ok-sos001,2012,Nordstrand,Begge kjønn,30-39,Antall mottakere av AAP,264
EliminatedValue,0,30114,0,3,0,ok-sos001,2012,Nordstrand,Begge kjønn,40-49,Antall mottakere av AAP,356
EliminatedValue,0,30114,0,4,0,ok-sos001,2012,Nordstrand,Begge kjønn,50-59,Antall mottakere av AAP,371
EliminatedValue,0,30114,0,5,0,ok-sos001,2012,Nordstrand,Begge kjønn,60+,Antall mottakere av AAP,167
EliminatedValue,0,30114,1,0,0,ok-sos001,2012,Nordstrand,Menn,Alder i alt,Antall mottakere av AAP,529
EliminatedValue,0,30114,1,1,0,ok-sos001,2012,Nordstrand,Menn,Under 30,Antall mottakere av AAP,85
EliminatedValue,0,30114,1,2,0,ok-sos001,2012,Nordstrand,Menn,30-39,Antall mottakere av AAP,103
EliminatedValue,0,30114,1,3,0,ok-sos001,2012,Nordstrand,Menn,40-49,Antall mottakere av AAP,125
EliminatedValue,0,30114,1,4,0,ok-sos001,2012,Nordstrand,Menn,50-59,Antall mottakere av AAP,142
EliminatedValue,0,30114,1,5,0,ok-sos001,2012,Nordstrand,Menn,60+,Antall mottakere av AAP,74
EliminatedValue,0,30114,2,0,0,ok-sos001,2012,Nordstrand,Kvinner,Alder i alt,Antall mottakere av AAP,813
EliminatedValue,0,30114,2,1,0,ok-sos001,2012,Nordstrand,Kvinner,Under 30,Antall mottakere av AAP,99
EliminatedValue,0,30114,2,2,0,ok-sos001,2012,Nordstrand,Kvinner,30-39,Antall mottakere av AAP,161
EliminatedValue,0,30114,2,3,0,ok-sos001,2012,Nordstrand,Kvinner,40-49,Antall mottakere av AAP,231
EliminatedValue,0,30114,2,4,0,ok-sos001,2012,Nordstrand,Kvinner,50-59,Antall mottakere av AAP,229
EliminatedValue,0,30114,2,5,0,ok-sos001,2012,Nordstrand,Kvinner,60+,Antall mottakere av AAP,93
EliminatedValue,0,30115,0,0,0,ok-sos001,2012,Søndre Nordstrand,Begge kjønn,Alder i alt,Antall mottakere av AAP,1706
EliminatedValue,0,30115,0,1,0,ok-sos001,2012,Søndre Nordstrand,Begge kjønn,Under 30,Antall mottakere av AAP,188
EliminatedValue,0,30115,0,2,0,ok-sos001,2012,Søndre Nordstrand,Begge kjønn,30-39,Antall mottakere av AAP,346
EliminatedValue,0,30115,0,3,0,ok-sos001,2012,Søndre Nordstrand,Begge kjønn,40-49,Antall mottakere av AAP,538
EliminatedValue,0,30115,0,4,0,ok-sos001,2012,Søndre Nordstrand,Begge kjønn,50-59,Antall mottakere av AAP,512
EliminatedValue,0,30115,0,5,0,ok-sos001,2012,Søndre Nordstrand,Begge kjønn,60+,Antall mottakere av AAP,122
EliminatedValue,0,30115,1,0,0,ok-sos001,2012,Søndre Nordstrand,Menn,Alder i alt,Antall mottakere av AAP,694
EliminatedValue,0,30115,1,1,0,ok-sos001,2012,Søndre Nordstrand,Menn,Under 30,Antall mottakere av AAP,109
EliminatedValue,0,30115,1,2,0,ok-sos001,2012,Søndre Nordstrand,Menn,30-39,Antall mottakere av AAP,128
EliminatedValue,0,30115,1,3,0,ok-sos001,2012,Søndre Nordstrand,Menn,40-49,Antall mottakere av AAP,184
EliminatedValue,0,30115,1,4,0,ok-sos001,2012,Søndre Nordstrand,Menn,50-59,Antall mottakere av AAP,216
EliminatedValue,0,30115,1,5,0,ok-sos001,2012,Søndre Nordstrand,Menn,60+,Antall mottakere av AAP,57
EliminatedValue,0,30115,2,0,0,ok-sos001,2012,Søndre Nordstrand,Kvinner,Alder i alt,Antall mottakere av AAP,1012
EliminatedValue,0,30115,2,1,0,ok-sos001,2012,Søndre Nordstrand,Kvinner,Under 30,Antall mottakere av AAP,79
EliminatedValue,0,30115,2,2,0,ok-sos001,2012,Søndre Nordstrand,Kvinner,30-39,Antall mottakere av AAP,218
EliminatedValue,0,30115,2,3,0,ok-sos001,2012,Søndre Nordstrand,Kvinner,40-49,Antall mottakere av AAP,354
EliminatedValue,0,30115,2,4,0,ok-sos001,2012,Søndre Nordstrand,Kvinner,50-59,Antall mottakere av AAP,296
EliminatedValue,0,30115,2,5,0,ok-sos001,2012,Søndre Nordstrand,Kvinner,60+,Antall mottakere av AAP,65
EliminatedValue,0,30116,0,0,0,ok-sos001,2012,Sentrum,Begge kjønn,Alder i alt,Antall mottakere av AAP,
EliminatedValue,0,30116,0,1,0,ok-sos001,2012,Sentrum,Begge kjønn,Under 30,Antall mottakere av AAP,
EliminatedValue,0,30116,0,2,0,ok-sos001,2012,Sentrum,Begge kjønn,30-39,Antall mottakere av AAP,
EliminatedValue,0,30116,0,3,0,ok-sos001,2012,Sentrum,Begge kjønn,40-49,Antall mottakere av AAP,
EliminatedValue,0,30116,0,4,0,ok-sos001,2012,Sentrum,Begge kjønn,50-59,Antall mottakere av AAP,
EliminatedValue,0,30116,0,5,0,ok-sos001,2012,Sentrum,Begge kjønn,60+,Antall mottakere av AAP,
EliminatedValue,0,30116,1,0,0,ok-sos001,2012,Sentrum,Menn,Alder i alt,Antall mottakere av AAP,
EliminatedValue,0,30116,1,1,0,ok-sos001,2012,Sentrum,Menn,Under 30,Antall mottakere av AAP,
EliminatedValue,0,30116,1,2,0,ok-sos001,2012,Sentrum,Menn,30-39,Antall mottakere av AAP,
EliminatedValue,0,30116,1,3,0,ok-sos001,2012,Sentrum,Menn,40-49,Antall mottakere av AAP,
EliminatedValue,0,30116,1,4,0,ok-sos001,2012,Sentrum,Menn,50-59,Antall mottakere av AAP,
EliminatedValue,0,30116,1,5,0,ok-sos001,2012,Sentrum,Menn,60+,Antall mottakere av AAP,
EliminatedValue,0,30116,2,0,0,ok-sos001,2012,Sentrum,Kvinner,Alder i alt,Antall mottakere av AAP,
EliminatedValue,0,30116,2,1,0,ok-sos001,2012,Sentrum,Kvinner,Under 30,Antall mottakere av AAP,
EliminatedValue,0,30116,2,2,0,ok-sos001,2012,Sentrum,Kvinner,30-39,Antall mottakere av AAP,
EliminatedValue,0,30116,2,3,0,ok-sos001,2012,Sentrum,Kvinner,40-49,Antall mottakere av AAP,
EliminatedValue,0,30116,2,4,0,ok-sos001,2012,Sentrum,Kvinner,50-59,Antall mottakere av AAP,
EliminatedValue,0,30116,2,5,0,ok-sos001,2012,Sentrum,Kvinner,60+,Antall mottakere av AAP,
EliminatedValue,0,30117,0,0,0,ok-sos001,2012,Marka,Begge kjønn,Alder i alt,Antall mottakere av AAP,
EliminatedValue,0,30117,0,1,0,ok-sos001,2012,Marka,Begge kjønn,Under 30,Antall mottakere av AAP,
EliminatedValue,0,30117,0,2,0,ok-sos001,2012,Marka,Begge kjønn,30-39,Antall mottakere av AAP,
EliminatedValue,0,30117,0,3,0,ok-sos001,2012,Marka,Begge kjønn,40-49,Antall mottakere av AAP,
EliminatedValue,0,30117,0,4,0,ok-sos001,2012,Marka,Begge kjønn,50-59,Antall mottakere av AAP,
EliminatedValue,0,30117,0,5,0,ok-sos001,2012,Marka,Begge kjønn,60+,Antall mottakere av AAP,
EliminatedValue,0,30117,1,0,0,ok-sos001,2012,Marka,Menn,Alder i alt,Antall mottakere av AAP,
EliminatedValue,0,30117,1,1,0,ok-sos001,2012,Marka,Menn,Under 30,Antall mottakere av AAP,
EliminatedValue,0,30117,1,2,0,ok-sos001,2012,Marka,Menn,30-39,Antall mottakere av AAP,
EliminatedValue,0,30117,1,3,0,ok-sos001,2012,Marka,Menn,40-49,Antall mottakere av AAP,
EliminatedValue,0,30117,1,4,0,ok-sos001,2012,Marka,Menn,50-59,Antall mottakere av AAP,
EliminatedValue,0,30117,1,5,0,ok-sos001,2012,Marka,Menn,60+,Antall mottakere av AAP,
EliminatedValue,0,30117,2,0,0,ok-sos001,2012,Marka,Kvinner,Alder i alt,Antall mottakere av AAP,
EliminatedValue,0,30117,2,1,0,ok-sos001,2012,Marka,Kvinner,Under 30,Antall mottakere av AAP,
EliminatedValue,0,30117,2,2,0,ok-sos001,2012,Marka,Kvinner,30-39,Antall mottakere av AAP,
EliminatedValue,0,30117,2,3,0,ok-sos001,2012,Marka,Kvinner,40-49,Antall mottakere av AAP,
EliminatedValue,0,30117,2,4,0,ok-sos001,2012,Marka,Kvinner,50-59,Antall mottakere av AAP,
EliminatedValue,0,30117,2,5,0,ok-sos001,2012,Marka,Kvinner,60+,Antall mottakere av AAP,
EliminatedValue,1,301,0,0,0,ok-sos001,2013,Oslo i alt,Begge kjønn,Alder i alt,Antall mottakere av AAP,20880
EliminatedValue,1,301,0,1,0,ok-sos001,2013,Oslo i alt,Begge kjønn,Under 30,Antall mottakere av AAP,2865
EliminatedValue,1,301,0,2,0,ok-sos001,2013,Oslo i alt,Begge kjønn,30-39,Antall mottakere av AAP,4788
EliminatedValue,1,301,0,3,0,ok-sos001,2013,Oslo i alt,Begge kjønn,40-49,Antall mottakere av AAP,5935
EliminatedValue,1,301,0,4,0,ok-sos001,2013,Oslo i alt,Begge kjønn,50-59,Antall mottakere av AAP,5226
EliminatedValue,1,301,0,5,0,ok-sos001,2013,Oslo i alt,Begge kjønn,60+,Antall mottakere av AAP,2066
EliminatedValue,1,301,1,0,0,ok-sos001,2013,Oslo i alt,Menn,Alder i alt,Antall mottakere av AAP,9201
EliminatedValue,1,301,1,1,0,ok-sos001,2013,Oslo i alt,Menn,Under 30,Antall mottakere av AAP,1259
EliminatedValue,1,301,1,2,0,ok-sos001,2013,Oslo i alt,Menn,30-39,Antall mottakere av AAP,2111
EliminatedValue,1,301,1,3,0,ok-sos001,2013,Oslo i alt,Menn,40-49,Antall mottakere av AAP,2524
EliminatedValue,1,301,1,4,0,ok-sos001,2013,Oslo i alt,Menn,50-59,Antall mottakere av AAP,2324
EliminatedValue,1,301,1,5,0,ok-sos001,2013,Oslo i alt,Menn,60+,Antall mottakere av AAP,983
EliminatedValue,1,301,2,0,0,ok-sos001,2013,Oslo i alt,Kvinner,Alder i alt,Antall mottakere av AAP,11679
EliminatedValue,1,301,2,1,0,ok-sos001,2013,Oslo i alt,Kvinner,Under 30,Antall mottakere av AAP,1606
EliminatedValue,1,301,2,2,0,ok-sos001,2013,Oslo i alt,Kvinner,30-39,Antall mottakere av AAP,2677
EliminatedValue,1,301,2,3,0,ok-sos001,2013,Oslo i alt,Kvinner,40-49,Antall mottakere av AAP,3411
EliminatedValue,1,301,2,4,0,ok-sos001,2013,Oslo i alt,Kvinner,50-59,Antall mottakere av AAP,2902
EliminatedValue,1,301,2,5,0,ok-sos001,2013,Oslo i alt,Kvinner,60+,Antall mottakere av AAP,1083
EliminatedValue,1,30101,0,0,0,ok-sos001,2013,Gamle Oslo,Begge kjønn,Alder i alt,Antall mottakere av AAP,2236
EliminatedValue,1,30101,0,1,0,ok-sos001,2013,Gamle Oslo,Begge kjønn,Under 30,Antall mottakere av AAP,314
EliminatedValue,1,30101,0,2,0,ok-sos001,2013,Gamle Oslo,Begge kjønn,30-39,Antall mottakere av AAP,608
EliminatedValue,1,30101,0,3,0,ok-sos001,2013,Gamle Oslo,Begge kjønn,40-49,Antall mottakere av AAP,626
EliminatedValue,1,30101,0,4,0,ok-sos001,2013,Gamle Oslo,Begge kjønn,50-59,Antall mottakere av AAP,504
EliminatedValue,1,30101,0,5,0,ok-sos001,2013,Gamle Oslo,Begge kjønn,60+,Antall mottakere av AAP,184
EliminatedValue,1,30101,1,0,0,ok-sos001,2013,Gamle Oslo,Menn,Alder i alt,Antall mottakere av AAP,1138
EliminatedValue,1,30101,1,1,0,ok-sos001,2013,Gamle Oslo,Menn,Under 30,Antall mottakere av AAP,135
EliminatedValue,1,30101,1,2,0,ok-sos001,2013,Gamle Oslo,Menn,30-39,Antall mottakere av AAP,307
EliminatedValue,1,30101,1,3,0,ok-sos001,2013,Gamle Oslo,Menn,40-49,Antall mottakere av AAP,338
EliminatedValue,1,30101,1,4,0,ok-sos001,2013,Gamle Oslo,Menn,50-59,Antall mottakere av AAP,258
EliminatedValue,1,30101,1,5,0,ok-sos001,2013,Gamle Oslo,Menn,60+,Antall mottakere av AAP,100
EliminatedValue,1,30101,2,0,0,ok-sos001,2013,Gamle Oslo,Kvinner,Alder i alt,Antall mottakere av AAP,1098
EliminatedValue,1,30101,2,1,0,ok-sos001,2013,Gamle Oslo,Kvinner,Under 30,Antall mottakere av AAP,179
EliminatedValue,1,30101,2,2,0,ok-sos001,2013,Gamle Oslo,Kvinner,30-39,Antall mottakere av AAP,301
EliminatedValue,1,30101,2,3,0,ok-sos001,2013,Gamle Oslo,Kvinner,40-49,Antall mottakere av AAP,288
EliminatedValue,1,30101,2,4,0,ok-sos001,2013,Gamle Oslo,Kvinner,50-59,Antall mottakere av AAP,246
EliminatedValue,1,30101,2,5,0,ok-sos001,2013,Gamle Oslo,Kvinner,60+,Antall mottakere av AAP,84
EliminatedValue,1,30102,0,0,0,ok-sos001,2013,Grünerløkka,Begge kjønn,Alder i alt,Antall mottakere av AAP,1876
EliminatedValue,1,30102,0,1,0,ok-sos001,2013,Grünerløkka,Begge kjønn,Under 30,Antall mottakere av AAP,284
EliminatedValue,1,30102,0,2,0,ok-sos001,2013,Grünerløkka,Begge kjønn,30-39,Antall mottakere av AAP,512
EliminatedValue,1,30102,0,3,0,ok-sos001,2013,Grünerløkka,Begge kjønn,40-49,Antall mottakere av AAP,507
EliminatedValue,1,30102,0,4,0,ok-sos001,2013,Grünerløkka,Begge kjønn,50-59,Antall mottakere av AAP,427
EliminatedValue,1,30102,0,5,0,ok-sos001,2013,Grünerløkka,Begge kjønn,60+,Antall mottakere av AAP,146
EliminatedValue,1,30102,1,0,0,ok-sos001,2013,Grünerløkka,Menn,Alder i alt,Antall mottakere av AAP,927
EliminatedValue,1,30102,1,1,0,ok-sos001,2013,Grünerløkka,Menn,Under 30,Antall mottakere av AAP,111
EliminatedValue,1,30102,1,2,0,ok-sos001,2013,Grünerløkka,Menn,30-39,Antall mottakere av AAP,237
EliminatedValue,1,30102,1,3,0,ok-sos001,2013,Grünerløkka,Menn,40-49,Antall mottakere av AAP,285
EliminatedValue,1,30102,1,4,0,ok-sos001,2013,Grünerløkka,Menn,50-59,Antall mottakere av AAP,213
EliminatedValue,1,30102,1,5,0,ok-sos001,2013,Grünerløkka,Menn,60+,Antall mottakere av AAP,81
EliminatedValue,1,30102,2,0,0,ok-sos001,2013,Grünerløkka,Kvinner,Alder i alt,Antall mottakere av AAP,949
EliminatedValue,1,30102,2,1,0,ok-sos001,2013,Grünerløkka,Kvinner,Under 30,Antall mottakere av AAP,173
EliminatedValue,1,30102,2,2,0,ok-sos001,2013,Grünerløkka,Kvinner,30-39,Antall mottakere av AAP,275
EliminatedValue,1,30102,2,3,0,ok-sos001,2013,Grünerløkka,Kvinner,40-49,Antall mottakere av AAP,222
EliminatedValue,1,30102,2,4,0,ok-sos001,2013,Grünerløkka,Kvinner,50-59,Antall mottakere av AAP,214
EliminatedValue,1,30102,2,5,0,ok-sos001,2013,Grünerløkka,Kvinner,60+,Antall mottakere av AAP,65
EliminatedValue,1,30103,0,0,0,ok-sos001,2013,Sagene,Begge kjønn,Alder i alt,Antall mottakere av AAP,1643
EliminatedValue,1,30103,0,1,0,ok-sos001,2013,Sagene,Begge kjønn,Under 30,Antall mottakere av AAP,259
EliminatedValue,1,30103,0,2,0,ok-sos001,2013,Sagene,Begge kjønn,30-39,Antall mottakere av AAP,441
EliminatedValue,1,30103,0,3,0,ok-sos001,2013,Sagene,Begge kjønn,40-49,Antall mottakere av AAP,470
EliminatedValue,1,30103,0,4,0,ok-sos001,2013,Sagene,Begge kjønn,50-59,Antall mottakere av AAP,341
EliminatedValue,1,30103,0,5,0,ok-sos001,2013,Sagene,Begge kjønn,60+,Antall mottakere av AAP,132
EliminatedValue,1,30103,1,0,0,ok-sos001,2013,Sagene,Menn,Alder i alt,Antall mottakere av AAP,814
EliminatedValue,1,30103,1,1,0,ok-sos001,2013,Sagene,Menn,Under 30,Antall mottakere av AAP,106
EliminatedValue,1,30103,1,2,0,ok-sos001,2013,Sagene,Menn,30-39,Antall mottakere av AAP,207
EliminatedValue,1,30103,1,3,0,ok-sos001,2013,Sagene,Menn,40-49,Antall mottakere av AAP,252
EliminatedValue,1,30103,1,4,0,ok-sos001,2013,Sagene,Menn,50-59,Antall mottakere av AAP,181
EliminatedValue,1,30103,1,5,0,ok-sos001,2013,Sagene,Menn,60+,Antall mottakere av AAP,68
EliminatedValue,1,30103,2,0,0,ok-sos001,2013,Sagene,Kvinner,Alder i alt,Antall mottakere av AAP,829
EliminatedValue,1,30103,2,1,0,ok-sos001,2013,Sagene,Kvinner,Under 30,Antall mottakere av AAP,153
EliminatedValue,1,30103,2,2,0,ok-sos001,2013,Sagene,Kvinner,30-39,Antall mottakere av AAP,234
EliminatedValue,1,30103,2,3,0,ok-sos001,2013,Sagene,Kvinner,40-49,Antall mottakere av AAP,218
EliminatedValue,1,30103,2,4,0,ok-sos001,2013,Sagene,Kvinner,50-59,Antall mottakere av AAP,160
EliminatedValue,1,30103,2,5,0,ok-sos001,2013,Sagene,Kvinner,60+,Antall mottakere av AAP,64
EliminatedValue,1,30104,0,0,0,ok-sos001,2013,St. Hanshaugen,Begge kjønn,Alder i alt,Antall mottakere av AAP,1123
EliminatedValue,1,30104,0,1,0,ok-sos001,2013,St. Hanshaugen,Begge kjønn,Under 30,Antall mottakere av AAP,259
EliminatedValue,1,30104,0,2,0,ok-sos001,2013,St. Hanshaugen,Begge kjønn,30-39,Antall mottakere av AAP,309
EliminatedValue,1,30104,0,3,0,ok-sos001,2013,St. Hanshaugen,Begge kjønn,40-49,Antall mottakere av AAP,248
EliminatedValue,1,30104,0,4,0,ok-sos001,2013,St. Hanshaugen,Begge kjønn,50-59,Antall mottakere av AAP,220
EliminatedValue,1,30104,0,5,0,ok-sos001,2013,St. Hanshaugen,Begge kjønn,60+,Antall mottakere av AAP,87
EliminatedValue,1,30104,1,0,0,ok-sos001,2013,St. Hanshaugen,Menn,Alder i alt,Antall mottakere av AAP,518
EliminatedValue,1,30104,1,1,0,ok-sos001,2013,St. Hanshaugen,Menn,Under 30,Antall mottakere av AAP,106
EliminatedValue,1,30104,1,2,0,ok-sos001,2013,St. Hanshaugen,Menn,30-39,Antall mottakere av AAP,152
EliminatedValue,1,30104,1,3,0,ok-sos001,2013,St. Hanshaugen,Menn,40-49,Antall mottakere av AAP,113
EliminatedValue,1,30104,1,4,0,ok-sos001,2013,St. Hanshaugen,Menn,50-59,Antall mottakere av AAP,101
EliminatedValue,1,30104,1,5,0,ok-sos001,2013,St. Hanshaugen,Menn,60+,Antall mottakere av AAP,46
EliminatedValue,1,30104,2,0,0,ok-sos001,2013,St. Hanshaugen,Kvinner,Alder i alt,Antall mottakere av AAP,605
EliminatedValue,1,30104,2,1,0,ok-sos001,2013,St. Hanshaugen,Kvinner,Under 30,Antall mottakere av AAP,153
EliminatedValue,1,30104,2,2,0,ok-sos001,2013,St. Hanshaugen,Kvinner,30-39,Antall mottakere av AAP,157
EliminatedValue,1,30104,2,3,0,ok-sos001,2013,St. Hanshaugen,Kvinner,40-49,Antall mottakere av AAP,135
EliminatedValue,1,30104,2,4,0,ok-sos001,2013,St. Hanshaugen,Kvinner,50-59,Antall mottakere av AAP,119
EliminatedValue,1,30104,2,5,0,ok-sos001,2013,St. Hanshaugen,Kvinner,60+,Antall mottakere av AAP,41
EliminatedValue,1,30105,0,0,0,ok-sos001,2013,Frogner,Begge kjønn,Alder i alt,Antall mottakere av AAP,1556
EliminatedValue,1,30105,0,1,0,ok-sos001,2013,Frogner,Begge kjønn,Under 30,Antall mottakere av AAP,253
EliminatedValue,1,30105,0,2,0,ok-sos001,2013,Frogner,Begge kjønn,30-39,Antall mottakere av AAP,354
EliminatedValue,1,30105,0,3,0,ok-sos001,2013,Frogner,Begge kjønn,40-49,Antall mottakere av AAP,394
EliminatedValue,1,30105,0,4,0,ok-sos001,2013,Frogner,Begge kjønn,50-59,Antall mottakere av AAP,373
EliminatedValue,1,30105,0,5,0,ok-sos001,2013,Frogner,Begge kjønn,60+,Antall mottakere av AAP,182
EliminatedValue,1,30105,1,0,0,ok-sos001,2013,Frogner,Menn,Alder i alt,Antall mottakere av AAP,671
EliminatedValue,1,30105,1,1,0,ok-sos001,2013,Frogner,Menn,Under 30,Antall mottakere av AAP,104
EliminatedValue,1,30105,1,2,0,ok-sos001,2013,Frogner,Menn,30-39,Antall mottakere av AAP,146
EliminatedValue,1,30105,1,3,0,ok-sos001,2013,Frogner,Menn,40-49,Antall mottakere av AAP,183
EliminatedValue,1,30105,1,4,0,ok-sos001,2013,Frogner,Menn,50-59,Antall mottakere av AAP,153
EliminatedValue,1,30105,1,5,0,ok-sos001,2013,Frogner,Menn,60+,Antall mottakere av AAP,85
EliminatedValue,1,30105,2,0,0,ok-sos001,2013,Frogner,Kvinner,Alder i alt,Antall mottakere av AAP,885
EliminatedValue,1,30105,2,1,0,ok-sos001,2013,Frogner,Kvinner,Under 30,Antall mottakere av AAP,149
EliminatedValue,1,30105,2,2,0,ok-sos001,2013,Frogner,Kvinner,30-39,Antall mottakere av AAP,208
EliminatedValue,1,30105,2,3,0,ok-sos001,2013,Frogner,Kvinner,40-49,Antall mottakere av AAP,211
EliminatedValue,1,30105,2,4,0,ok-sos001,2013,Frogner,Kvinner,50-59,Antall mottakere av AAP,220
EliminatedValue,1,30105,2,5,0,ok-sos001,2013,Frogner,Kvinner,60+,Antall mottakere av AAP,97
EliminatedValue,1,30106,0,0,0,ok-sos001,2013,Ullern,Begge kjønn,Alder i alt,Antall mottakere av AAP,634
EliminatedValue,1,30106,0,1,0,ok-sos001,2013,Ullern,Begge kjønn,Under 30,Antall mottakere av AAP,79
EliminatedValue,1,30106,0,2,0,ok-sos001,2013,Ullern,Begge kjønn,30-39,Antall mottakere av AAP,113
EliminatedValue,1,30106,0,3,0,ok-sos001,2013,Ullern,Begge kjønn,40-49,Antall mottakere av AAP,168
EliminatedValue,1,30106,0,4,0,ok-sos001,2013,Ullern,Begge kjønn,50-59,Antall mottakere av AAP,192
EliminatedValue,1,30106,0,5,0,ok-sos001,2013,Ullern,Begge kjønn,60+,Antall mottakere av AAP,82
EliminatedValue,1,30106,1,0,0,ok-sos001,2013,Ullern,Menn,Alder i alt,Antall mottakere av AAP,246
EliminatedValue,1,30106,1,1,0,ok-sos001,2013,Ullern,Menn,Under 30,Antall mottakere av AAP,35
EliminatedValue,1,30106,1,2,0,ok-sos001,2013,Ullern,Menn,30-39,Antall mottakere av AAP,53
EliminatedValue,1,30106,1,3,0,ok-sos001,2013,Ullern,Menn,40-49,Antall mottakere av AAP,61
EliminatedValue,1,30106,1,4,0,ok-sos001,2013,Ullern,Menn,50-59,Antall mottakere av AAP,63
EliminatedValue,1,30106,1,5,0,ok-sos001,2013,Ullern,Menn,60+,Antall mottakere av AAP,34
EliminatedValue,1,30106,2,0,0,ok-sos001,2013,Ullern,Kvinner,Alder i alt,Antall mottakere av AAP,388
EliminatedValue,1,30106,2,1,0,ok-sos001,2013,Ullern,Kvinner,Under 30,Antall mottakere av AAP,44
EliminatedValue,1,30106,2,2,0,ok-sos001,2013,Ullern,Kvinner,30-39,Antall mottakere av AAP,60
EliminatedValue,1,30106,2,3,0,ok-sos001,2013,Ullern,Kvinner,40-49,Antall mottakere av AAP,107
EliminatedValue,1,30106,2,4,0,ok-sos001,2013,Ullern,Kvinner,50-59,Antall mottakere av AAP,129
EliminatedValue,1,30106,2,5,0,ok-sos001,2013,Ullern,Kvinner,60+,Antall mottakere av AAP,48
EliminatedValue,1,30107,0,0,0,ok-sos001,2013,Vestre Aker,Begge kjønn,Alder i alt,Antall mottakere av AAP,958
EliminatedValue,1,30107,0,1,0,ok-sos001,2013,Vestre Aker,Begge kjønn,Under 30,Antall mottakere av AAP,113
EliminatedValue,1,30107,0,2,0,ok-sos001,2013,Vestre Aker,Begge kjønn,30-39,Antall mottakere av AAP,171
EliminatedValue,1,30107,0,3,0,ok-sos001,2013,Vestre Aker,Begge kjønn,40-49,Antall mottakere av AAP,270
EliminatedValue,1,30107,0,4,0,ok-sos001,2013,Vestre Aker,Begge kjønn,50-59,Antall mottakere av AAP,258
EliminatedValue,1,30107,0,5,0,ok-sos001,2013,Vestre Aker,Begge kjønn,60+,Antall mottakere av AAP,146
EliminatedValue,1,30107,1,0,0,ok-sos001,2013,Vestre Aker,Menn,Alder i alt,Antall mottakere av AAP,335
EliminatedValue,1,30107,1,1,0,ok-sos001,2013,Vestre Aker,Menn,Under 30,Antall mottakere av AAP,54
EliminatedValue,1,30107,1,2,0,ok-sos001,2013,Vestre Aker,Menn,30-39,Antall mottakere av AAP,65
EliminatedValue,1,30107,1,3,0,ok-sos001,2013,Vestre Aker,Menn,40-49,Antall mottakere av AAP,77
EliminatedValue,1,30107,1,4,0,ok-sos001,2013,Vestre Aker,Menn,50-59,Antall mottakere av AAP,85
EliminatedValue,1,30107,1,5,0,ok-sos001,2013,Vestre Aker,Menn,60+,Antall mottakere av AAP,54
EliminatedValue,1,30107,2,0,0,ok-sos001,2013,Vestre Aker,Kvinner,Alder i alt,Antall mottakere av AAP,623
EliminatedValue,1,30107,2,1,0,ok-sos001,2013,Vestre Aker,Kvinner,Under 30,Antall mottakere av AAP,59
EliminatedValue,1,30107,2,2,0,ok-sos001,2013,Vestre Aker,Kvinner,30-39,Antall mottakere av AAP,106
EliminatedValue,1,30107,2,3,0,ok-sos001,2013,Vestre Aker,Kvinner,40-49,Antall mottakere av AAP,193
EliminatedValue,1,30107,2,4,0,ok-sos001,2013,Vestre Aker,Kvinner,50-59,Antall mottakere av AAP,173
EliminatedValue,1,30107,2,5,0,ok-sos001,2013,Vestre Aker,Kvinner,60+,Antall mottakere av AAP,92
EliminatedValue,1,30108,0,0,0,ok-sos001,2013,Nordre Aker,Begge kjønn,Alder i alt,Antall mottakere av AAP,1034
EliminatedValue,1,30108,0,1,0,ok-sos001,2013,Nordre Aker,Begge kjønn,Under 30,Antall mottakere av AAP,186
EliminatedValue,1,30108,0,2,0,ok-sos001,2013,Nordre Aker,Begge kjønn,30-39,Antall mottakere av AAP,220
EliminatedValue,1,30108,0,3,0,ok-sos001,2013,Nordre Aker,Begge kjønn,40-49,Antall mottakere av AAP,292
EliminatedValue,1,30108,0,4,0,ok-sos001,2013,Nordre Aker,Begge kjønn,50-59,Antall mottakere av AAP,218
EliminatedValue,1,30108,0,5,0,ok-sos001,2013,Nordre Aker,Begge kjønn,60+,Antall mottakere av AAP,118
EliminatedValue,1,30108,1,0,0,ok-sos001,2013,Nordre Aker,Menn,Alder i alt,Antall mottakere av AAP,398
EliminatedValue,1,30108,1,1,0,ok-sos001,2013,Nordre Aker,Menn,Under 30,Antall mottakere av AAP,72
EliminatedValue,1,30108,1,2,0,ok-sos001,2013,Nordre Aker,Menn,30-39,Antall mottakere av AAP,78
EliminatedValue,1,30108,1,3,0,ok-sos001,2013,Nordre Aker,Menn,40-49,Antall mottakere av AAP,96
EliminatedValue,1,30108,1,4,0,ok-sos001,2013,Nordre Aker,Menn,50-59,Antall mottakere av AAP,87
EliminatedValue,1,30108,1,5,0,ok-sos001,2013,Nordre Aker,Menn,60+,Antall mottakere av AAP,65
EliminatedValue,1,30108,2,0,0,ok-sos001,2013,Nordre Aker,Kvinner,Alder i alt,Antall mottakere av AAP,636
EliminatedValue,1,30108,2,1,0,ok-sos001,2013,Nordre Aker,Kvinner,Under 30,Antall mottakere av AAP,114
EliminatedValue,1,30108,2,2,0,ok-sos001,2013,Nordre Aker,Kvinner,30-39,Antall mottakere av AAP,142
EliminatedValue,1,30108,2,3,0,ok-sos001,2013,Nordre Aker,Kvinner,40-49,Antall mottakere av AAP,196
EliminatedValue,1,30108,2,4,0,ok-sos001,2013,Nordre Aker,Kvinner,50-59,Antall mottakere av AAP,131
EliminatedValue,1,30108,2,5,0,ok-sos001,2013,Nordre Aker,Kvinner,60+,Antall mottakere av AAP,53
EliminatedValue,1,30109,0,0,0,ok-sos001,2013,Bjerke,Begge kjønn,Alder i alt,Antall mottakere av AAP,964
EliminatedValue,1,30109,0,1,0,ok-sos001,2013,Bjerke,Begge kjønn,Under 30,Antall mottakere av AAP,106
EliminatedValue,1,30109,0,2,0,ok-sos001,2013,Bjerke,Begge kjønn,30-39,Antall mottakere av AAP,220
EliminatedValue,1,30109,0,3,0,ok-sos001,2013,Bjerke,Begge kjønn,40-49,Antall mottakere av AAP,288
EliminatedValue,1,30109,0,4,0,ok-sos001,2013,Bjerke,Begge kjønn,50-59,Antall mottakere av AAP,260
EliminatedValue,1,30109,0,5,0,ok-sos001,2013,Bjerke,Begge kjønn,60+,Antall mottakere av AAP,90
EliminatedValue,1,30109,1,0,0,ok-sos001,2013,Bjerke,Menn,Alder i alt,Antall mottakere av AAP,410
EliminatedValue,1,30109,1,1,0,ok-sos001,2013,Bjerke,Menn,Under 30,Antall mottakere av AAP,48
EliminatedValue,1,30109,1,2,0,ok-sos001,2013,Bjerke,Menn,30-39,Antall mottakere av AAP,82
EliminatedValue,1,30109,1,3,0,ok-sos001,2013,Bjerke,Menn,40-49,Antall mottakere av AAP,121
EliminatedValue,1,30109,1,4,0,ok-sos001,2013,Bjerke,Menn,50-59,Antall mottakere av AAP,116
EliminatedValue,1,30109,1,5,0,ok-sos001,2013,Bjerke,Menn,60+,Antall mottakere av AAP,43
EliminatedValue,1,30109,2,0,0,ok-sos001,2013,Bjerke,Kvinner,Alder i alt,Antall mottakere av AAP,554
EliminatedValue,1,30109,2,1,0,ok-sos001,2013,Bjerke,Kvinner,Under 30,Antall mottakere av AAP,58
EliminatedValue,1,30109,2,2,0,ok-sos001,2013,Bjerke,Kvinner,30-39,Antall mottakere av AAP,138
EliminatedValue,1,30109,2,3,0,ok-sos001,2013,Bjerke,Kvinner,40-49,Antall mottakere av AAP,167
EliminatedValue,1,30109,2,4,0,ok-sos001,2013,Bjerke,Kvinner,50-59,Antall mottakere av AAP,144
EliminatedValue,1,30109,2,5,0,ok-sos001,2013,Bjerke,Kvinner,60+,Antall mottakere av AAP,47
EliminatedValue,1,30110,0,0,0,ok-sos001,2013,Grorud,Begge kjønn,Alder i alt,Antall mottakere av AAP,1004
EliminatedValue,1,30110,0,1,0,ok-sos001,2013,Grorud,Begge kjønn,Under 30,Antall mottakere av AAP,107
EliminatedValue,1,30110,0,2,0,ok-sos001,2013,Grorud,Begge kjønn,30-39,Antall mottakere av AAP,215
EliminatedValue,1,30110,0,3,0,ok-sos001,2013,Grorud,Begge kjønn,40-49,Antall mottakere av AAP,337
EliminatedValue,1,30110,0,4,0,ok-sos001,2013,Grorud,Begge kjønn,50-59,Antall mottakere av AAP,246
EliminatedValue,1,30110,0,5,0,ok-sos001,2013,Grorud,Begge kjønn,60+,Antall mottakere av AAP,99
EliminatedValue,1,30110,1,0,0,ok-sos001,2013,Grorud,Menn,Alder i alt,Antall mottakere av AAP,431
EliminatedValue,1,30110,1,1,0,ok-sos001,2013,Grorud,Menn,Under 30,Antall mottakere av AAP,46
EliminatedValue,1,30110,1,2,0,ok-sos001,2013,Grorud,Menn,30-39,Antall mottakere av AAP,98
EliminatedValue,1,30110,1,3,0,ok-sos001,2013,Grorud,Menn,40-49,Antall mottakere av AAP,137
EliminatedValue,1,30110,1,4,0,ok-sos001,2013,Grorud,Menn,50-59,Antall mottakere av AAP,100
EliminatedValue,1,30110,1,5,0,ok-sos001,2013,Grorud,Menn,60+,Antall mottakere av AAP,50
EliminatedValue,1,30110,2,0,0,ok-sos001,2013,Grorud,Kvinner,Alder i alt,Antall mottakere av AAP,573
EliminatedValue,1,30110,2,1,0,ok-sos001,2013,Grorud,Kvinner,Under 30,Antall mottakere av AAP,61
EliminatedValue,1,30110,2,2,0,ok-sos001,2013,Grorud,Kvinner,30-39,Antall mottakere av AAP,117
EliminatedValue,1,30110,2,3,0,ok-sos001,2013,Grorud,Kvinner,40-49,Antall mottakere av AAP,200
EliminatedValue,1,30110,2,4,0,ok-sos001,2013,Grorud,Kvinner,50-59,Antall mottakere av AAP,146
EliminatedValue,1,30110,2,5,0,ok-sos001,2013,Grorud,Kvinner,60+,Antall mottakere av AAP,49
EliminatedValue,1,30111,0,0,0,ok-sos001,2013,Stovner,Begge kjønn,Alder i alt,Antall mottakere av AAP,1068
EliminatedValue,1,30111,0,1,0,ok-sos001,2013,Stovner,Begge kjønn,Under 30,Antall mottakere av AAP,133
EliminatedValue,1,30111,0,2,0,ok-sos001,2013,Stovner,Begge kjønn,30-39,Antall mottakere av AAP,217
EliminatedValue,1,30111,0,3,0,ok-sos001,2013,Stovner,Begge kjønn,40-49,Antall mottakere av AAP,337
EliminatedValue,1,30111,0,4,0,ok-sos001,2013,Stovner,Begge kjønn,50-59,Antall mottakere av AAP,279
EliminatedValue,1,30111,0,5,0,ok-sos001,2013,Stovner,Begge kjønn,60+,Antall mottakere av AAP,102
EliminatedValue,1,30111,1,0,0,ok-sos001,2013,Stovner,Menn,Alder i alt,Antall mottakere av AAP,499
EliminatedValue,1,30111,1,1,0,ok-sos001,2013,Stovner,Menn,Under 30,Antall mottakere av AAP,65
EliminatedValue,1,30111,1,2,0,ok-sos001,2013,Stovner,Menn,30-39,Antall mottakere av AAP,94
EliminatedValue,1,30111,1,3,0,ok-sos001,2013,Stovner,Menn,40-49,Antall mottakere av AAP,145
EliminatedValue,1,30111,1,4,0,ok-sos001,2013,Stovner,Menn,50-59,Antall mottakere av AAP,139
EliminatedValue,1,30111,1,5,0,ok-sos001,2013,Stovner,Menn,60+,Antall mottakere av AAP,56
EliminatedValue,1,30111,2,0,0,ok-sos001,2013,Stovner,Kvinner,Alder i alt,Antall mottakere av AAP,569
EliminatedValue,1,30111,2,1,0,ok-sos001,2013,Stovner,Kvinner,Under 30,Antall mottakere av AAP,68
EliminatedValue,1,30111,2,2,0,ok-sos001,2013,Stovner,Kvinner,30-39,Antall mottakere av AAP,123
EliminatedValue,1,30111,2,3,0,ok-sos001,2013,Stovner,Kvinner,40-49,Antall mottakere av AAP,192
EliminatedValue,1,30111,2,4,0,ok-sos001,2013,Stovner,Kvinner,50-59,Antall mottakere av AAP,140
EliminatedValue,1,30111,2,5,0,ok-sos001,2013,Stovner,Kvinner,60+,Antall mottakere av AAP,46
EliminatedValue,1,30112,0,0,0,ok-sos001,2013,Alna,Begge kjønn,Alder i alt,Antall mottakere av AAP,2246
EliminatedValue,1,30112,0,1,0,ok-sos001,2013,Alna,Begge kjønn,Under 30,Antall mottakere av AAP,209
EliminatedValue,1,30112,0,2,0,ok-sos001,2013,Alna,Begge kjønn,30-39,Antall mottakere av AAP,519
EliminatedValue,1,30112,0,3,0,ok-sos001,2013,Alna,Begge kjønn,40-49,Antall mottakere av AAP,698
EliminatedValue,1,30112,0,4,0,ok-sos001,2013,Alna,Begge kjønn,50-59,Antall mottakere av AAP,613
EliminatedValue,1,30112,0,5,0,ok-sos001,2013,Alna,Begge kjønn,60+,Antall mottakere av AAP,207
EliminatedValue,1,30112,1,0,0,ok-sos001,2013,Alna,Menn,Alder i alt,Antall mottakere av AAP,992
EliminatedValue,1,30112,1,1,0,ok-sos001,2013,Alna,Menn,Under 30,Antall mottakere av AAP,104
EliminatedValue,1,30112,1,2,0,ok-sos001,2013,Alna,Menn,30-39,Antall mottakere av AAP,235
EliminatedValue,1,30112,1,3,0,ok-sos001,2013,Alna,Menn,40-49,Antall mottakere av AAP,252
EliminatedValue,1,30112,1,4,0,ok-sos001,2013,Alna,Menn,50-59,Antall mottakere av AAP,300
EliminatedValue,1,30112,1,5,0,ok-sos001,2013,Alna,Menn,60+,Antall mottakere av AAP,101
EliminatedValue,1,30112,2,0,0,ok-sos001,2013,Alna,Kvinner,Alder i alt,Antall mottakere av AAP,1254
EliminatedValue,1,30112,2,1,0,ok-sos001,2013,Alna,Kvinner,Under 30,Antall mottakere av AAP,105
EliminatedValue,1,30112,2,2,0,ok-sos001,2013,Alna,Kvinner,30-39,Antall mottakere av AAP,284
EliminatedValue,1,30112,2,3,0,ok-sos001,2013,Alna,Kvinner,40-49,Antall mottakere av AAP,446
EliminatedValue,1,30112,2,4,0,ok-sos001,2013,Alna,Kvinner,50-59,Antall mottakere av AAP,313
EliminatedValue,1,30112,2,5,0,ok-sos001,2013,Alna,Kvinner,60+,Antall mottakere av AAP,106
EliminatedValue,1,30113,0,0,0,ok-sos001,2013,Østensjø,Begge kjønn,Alder i alt,Antall mottakere av AAP,1551
EliminatedValue,1,30113,0,1,0,ok-sos001,2013,Østensjø,Begge kjønn,Under 30,Antall mottakere av AAP,192
EliminatedValue,1,30113,0,2,0,ok-sos001,2013,Østensjø,Begge kjønn,30-39,Antall mottakere av AAP,315
EliminatedValue,1,30113,0,3,0,ok-sos001,2013,Østensjø,Begge kjønn,40-49,Antall mottakere av AAP,460
EliminatedValue,1,30113,0,4,0,ok-sos001,2013,Østensjø,Begge kjønn,50-59,Antall mottakere av AAP,429
EliminatedValue,1,30113,0,5,0,ok-sos001,2013,Østensjø,Begge kjønn,60+,Antall mottakere av AAP,155
EliminatedValue,1,30113,1,0,0,ok-sos001,2013,Østensjø,Menn,Alder i alt,Antall mottakere av AAP,618
EliminatedValue,1,30113,1,1,0,ok-sos001,2013,Østensjø,Menn,Under 30,Antall mottakere av AAP,93
EliminatedValue,1,30113,1,2,0,ok-sos001,2013,Østensjø,Menn,30-39,Antall mottakere av AAP,133
EliminatedValue,1,30113,1,3,0,ok-sos001,2013,Østensjø,Menn,40-49,Antall mottakere av AAP,161
EliminatedValue,1,30113,1,4,0,ok-sos001,2013,Østensjø,Menn,50-59,Antall mottakere av AAP,169
EliminatedValue,1,30113,1,5,0,ok-sos001,2013,Østensjø,Menn,60+,Antall mottakere av AAP,62
EliminatedValue,1,30113,2,0,0,ok-sos001,2013,Østensjø,Kvinner,Alder i alt,Antall mottakere av AAP,933
EliminatedValue,1,30113,2,1,0,ok-sos001,2013,Østensjø,Kvinner,Under 30,Antall mottakere av AAP,99
EliminatedValue,1,30113,2,2,0,ok-sos001,2013,Østensjø,Kvinner,30-39,Antall mottakere av AAP,182
EliminatedValue,1,30113,2,3,0,ok-sos001,2013,Østensjø,Kvinner,40-49,Antall mottakere av AAP,299
EliminatedValue,1,30113,2,4,0,ok-sos001,2013,Østensjø,Kvinner,50-59,Antall mottakere av AAP,260
EliminatedValue,1,30113,2,5,0,ok-sos001,2013,Østensjø,Kvinner,60+,Antall mottakere av AAP,93
EliminatedValue,1,30114,0,0,0,ok-sos001,2013,Nordstrand,Begge kjønn,Alder i alt,Antall mottakere av AAP,1332
EliminatedValue,1,30114,0,1,0,ok-sos001,2013,Nordstrand,Begge kjønn,Under 30,Antall mottakere av AAP,180
EliminatedValue,1,30114,0,2,0,ok-sos001,2013,Nordstrand,Begge kjønn,30-39,Antall mottakere av AAP,254
EliminatedValue,1,30114,0,3,0,ok-sos001,2013,Nordstrand,Begge kjønn,40-49,Antall mottakere av AAP,327
EliminatedValue,1,30114,0,4,0,ok-sos001,2013,Nordstrand,Begge kjønn,50-59,Antall mottakere av AAP,386
EliminatedValue,1,30114,0,5,0,ok-sos001,2013,Nordstrand,Begge kjønn,60+,Antall mottakere av AAP,185
EliminatedValue,1,30114,1,0,0,ok-sos001,2013,Nordstrand,Menn,Alder i alt,Antall mottakere av AAP,513
EliminatedValue,1,30114,1,1,0,ok-sos001,2013,Nordstrand,Menn,Under 30,Antall mottakere av AAP,73
EliminatedValue,1,30114,1,2,0,ok-sos001,2013,Nordstrand,Menn,30-39,Antall mottakere av AAP,101
EliminatedValue,1,30114,1,3,0,ok-sos001,2013,Nordstrand,Menn,40-49,Antall mottakere av AAP,121
EliminatedValue,1,30114,1,4,0,ok-sos001,2013,Nordstrand,Menn,50-59,Antall mottakere av AAP,152
EliminatedValue,1,30114,1,5,0,ok-sos001,2013,Nordstrand,Menn,60+,Antall mottakere av AAP,66
EliminatedValue,1,30114,2,0,0,ok-sos001,2013,Nordstrand,Kvinner,Alder i alt,Antall mottakere av AAP,819
EliminatedValue,1,30114,2,1,0,ok-sos001,2013,Nordstrand,Kvinner,Under 30,Antall mottakere av AAP,107
EliminatedValue,1,30114,2,2,0,ok-sos001,2013,Nordstrand,Kvinner,30-39,Antall mottakere av AAP,153
EliminatedValue,1,30114,2,3,0,ok-sos001,2013,Nordstrand,Kvinner,40-49,Antall mottakere av AAP,206
EliminatedValue,1,30114,2,4,0,ok-sos001,2013,Nordstrand,Kvinner,50-59,Antall mottakere av AAP,234
EliminatedValue,1,30114,2,5,0,ok-sos001,2013,Nordstrand,Kvinner,60+,Antall mottakere av AAP,119
EliminatedValue,1,30115,0,0,0,ok-sos001,2013,Søndre Nordstrand,Begge kjønn,Alder i alt,Antall mottakere av AAP,1655
EliminatedValue,1,30115,0,1,0,ok-sos001,2013,Søndre Nordstrand,Begge kjønn,Under 30,Antall mottakere av AAP,191
EliminatedValue,1,30115,0,2,0,ok-sos001,2013,Søndre Nordstrand,Begge kjønn,30-39,Antall mottakere av AAP,320
EliminatedValue,1,30115,0,3,0,ok-sos001,2013,Søndre Nordstrand,Begge kjønn,40-49,Antall mottakere av AAP,513
EliminatedValue,1,30115,0,4,0,ok-sos001,2013,Søndre Nordstrand,Begge kjønn,50-59,Antall mottakere av AAP,480
EliminatedValue,1,30115,0,5,0,ok-sos001,2013,Søndre Nordstrand,Begge kjønn,60+,Antall mottakere av AAP,151
EliminatedValue,1,30115,1,0,0,ok-sos001,2013,Søndre Nordstrand,Menn,Alder i alt,Antall mottakere av AAP,691
EliminatedValue,1,30115,1,1,0,ok-sos001,2013,Søndre Nordstrand,Menn,Under 30,Antall mottakere av AAP,107
EliminatedValue,1,30115,1,2,0,ok-sos001,2013,Søndre Nordstrand,Menn,30-39,Antall mottakere av AAP,123
EliminatedValue,1,30115,1,3,0,ok-sos001,2013,Søndre Nordstrand,Menn,40-49,Antall mottakere av AAP,182
EliminatedValue,1,30115,1,4,0,ok-sos001,2013,Søndre Nordstrand,Menn,50-59,Antall mottakere av AAP,207
EliminatedValue,1,30115,1,5,0,ok-sos001,2013,Søndre Nordstrand,Menn,60+,Antall mottakere av AAP,72
EliminatedValue,1,30115,2,0,0,ok-sos001,2013,Søndre Nordstrand,Kvinner,Alder i alt,Antall mottakere av AAP,964
EliminatedValue,1,30115,2,1,0,ok-sos001,2013,Søndre Nordstrand,Kvinner,Under 30,Antall mottakere av AAP,84
EliminatedValue,1,30115,2,2,0,ok-sos001,2013,Søndre Nordstrand,Kvinner,30-39,Antall mottakere av AAP,197
EliminatedValue,1,30115,2,3,0,ok-sos001,2013,Søndre Nordstrand,Kvinner,40-49,Antall mottakere av AAP,331
EliminatedValue,1,30115,2,4,0,ok-sos001,2013,Søndre Nordstrand,Kvinner,50-59,Antall mottakere av AAP,273
EliminatedValue,1,30115,2,5,0,ok-sos001,2013,Søndre Nordstrand,Kvinner,60+,Antall mottakere av AAP,79
EliminatedValue,1,30116,0,0,0,ok-sos001,2013,Sentrum,Begge kjønn,Alder i alt,Antall mottakere av AAP,
EliminatedValue,1,30116,0,1,0,ok-sos001,2013,Sentrum,Begge kjønn,Under 30,Antall mottakere av AAP,
EliminatedValue,1,30116,0,2,0,ok-sos001,2013,Sentrum,Begge kjønn,30-39,Antall mottakere av AAP,
EliminatedValue,1,30116,0,3,0,ok-sos001,2013,Sentrum,Begge kjønn,40-49,Antall mottakere av AAP,
EliminatedValue,1,30116,0,4,0,ok-sos001,2013,Sentrum,Begge kjønn,50-59,Antall mottakere av AAP,
EliminatedValue,1,30116,0,5,0,ok-sos001,2013,Sentrum,Begge kjønn,60+,Antall mottakere av AAP,
EliminatedValue,1,30116,1,0,0,ok-sos001,2013,Sentrum,Menn,Alder i alt,Antall mottakere av AAP,
EliminatedValue,1,30116,1,1,0,ok-sos001,2013,Sentrum,Menn,Under 30,Antall mottakere av AAP,
EliminatedValue,1,30116,1,2,0,ok-sos001,2013,Sentrum,Menn,30-39,Antall mottakere av AAP,
EliminatedValue,1,30116,1,3,0,ok-sos001,2013,Sentrum,Menn,40-49,Antall mottakere av AAP,
EliminatedValue,1,30116,1,4,0,ok-sos001,2013,Sentrum,Menn,50-59,Antall mottakere av AAP,
EliminatedValue,1,30116,1,5,0,ok-sos001,2013,Sentrum,Menn,60+,Antall mottakere av AAP,
EliminatedValue,1,30116,2,0,0,ok-sos001,2013,Sentrum,Kvinner,Alder i alt,Antall mottakere av AAP,
EliminatedValue,1,30116,2,1,0,ok-sos001,2013,Sentrum,Kvinner,Under 30,Antall mottakere av AAP,
EliminatedValue,1,30116,2,2,0,ok-sos001,2013,Sentrum,Kvinner,30-39,Antall mottakere av AAP,
EliminatedValue,1,30116,2,3,0,ok-sos001,2013,Sentrum,Kvinner,40-49,Antall mottakere av AAP,
EliminatedValue,1,30116,2,4,0,ok-sos001,2013,Sentrum,Kvinner,50-59,Antall mottakere av AAP,
EliminatedValue,1,30116,2,5,0,ok-sos001,2013,Sentrum,Kvinner,60+,Antall mottakere av AAP,
EliminatedValue,1,30117,0,0,0,ok-sos001,2013,Marka,Begge kjønn,Alder i alt,Antall mottakere av AAP,
EliminatedValue,1,30117,0,1,0,ok-sos001,2013,Marka,Begge kjønn,Under 30,Antall mottakere av AAP,
EliminatedValue,1,30117,0,2,0,ok-sos001,2013,Marka,Begge kjønn,30-39,Antall mottakere av AAP,
EliminatedValue,1,30117,0,3,0,ok-sos001,2013,Marka,Begge kjønn,40-49,Antall mottakere av AAP,
EliminatedValue,1,30117,0,4,0,ok-sos001,2013,Marka,Begge kjønn,50-59,Antall mottakere av AAP,
EliminatedValue,1,30117,0,5,0,ok-sos001,2013,Marka,Begge kjønn,60+,Antall mottakere av AAP,
EliminatedValue,1,30117,1,0,0,ok-sos001,2013,Marka,Menn,Alder i alt,Antall mottakere av AAP,
EliminatedValue,1,30117,1,1,0,ok-sos001,2013,Marka,Menn,Under 30,Antall mottakere av AAP,
EliminatedValue,1,30117,1,2,0,ok-sos001,2013,Marka,Menn,30-39,Antall mottakere av AAP,
EliminatedValue,1,30117,1,3,0,ok-sos001,2013,Marka,Menn,40-49,Antall mottakere av AAP,
EliminatedValue,1,30117,1,4,0,ok-sos001,2013,Marka,Menn,50-59,Antall mottakere av AAP,
EliminatedValue,1,30117,1,5,0,ok-sos001,2013,Marka,Menn,60+,Antall mottakere av AAP,
EliminatedValue,1,30117,2,0,0,ok-sos001,2013,Marka,Kvinner,Alder i alt,Antall mottakere av AAP,
EliminatedValue,1,30117,2,1,0,ok-sos001,2013,Marka,Kvinner,Under 30,Antall mottakere av AAP,
EliminatedValue,1,30117,2,2,0,ok-sos001,2013,Marka,Kvinner,30-39,Antall mottakere av AAP,
EliminatedValue,1,30117,2,3,0,ok-sos001,2013,Marka,Kvinner,40-49,Antall mottakere av AAP,
EliminatedValue,1,30117,2,4,0,ok-sos001,2013,Marka,Kvinner,50-59,Antall mottakere av AAP,
EliminatedValue,1,30117,2,5,0,ok-sos001,2013,Marka,Kvinner,60+,Antall mottakere av AAP,
EliminatedValue,2,301,0,0,0,ok-sos001,2014,Oslo i alt,Begge kjønn,Alder i alt,Antall mottakere av AAP,18986
EliminatedValue,2,301,0,1,0,ok-sos001,2014,Oslo i alt,Begge kjønn,Under 30,Antall mottakere av AAP,2852
EliminatedValue,2,301,0,2,0,ok-sos001,2014,Oslo i alt,Begge kjønn,30-39,Antall mottakere av AAP,4396
EliminatedValue,2,301,0,3,0,ok-sos001,2014,Oslo i alt,Begge kjønn,40-49,Antall mottakere av AAP,5160
EliminatedValue,2,301,0,4,0,ok-sos001,2014,Oslo i alt,Begge kjønn,50-59,Antall mottakere av AAP,4664
EliminatedValue,2,301,0,5,0,ok-sos001,2014,Oslo i alt,Begge kjønn,60+,Antall mottakere av AAP,1914
EliminatedValue,2,301,1,0,0,ok-sos001,2014,Oslo i alt,Menn,Alder i alt,Antall mottakere av AAP,8338
EliminatedValue,2,301,1,1,0,ok-sos001,2014,Oslo i alt,Menn,Under 30,Antall mottakere av AAP,1247
EliminatedValue,2,301,1,2,0,ok-sos001,2014,Oslo i alt,Menn,30-39,Antall mottakere av AAP,1906
EliminatedValue,2,301,1,3,0,ok-sos001,2014,Oslo i alt,Menn,40-49,Antall mottakere av AAP,2200
EliminatedValue,2,301,1,4,0,ok-sos001,2014,Oslo i alt,Menn,50-59,Antall mottakere av AAP,2114
EliminatedValue,2,301,1,5,0,ok-sos001,2014,Oslo i alt,Menn,60+,Antall mottakere av AAP,871
EliminatedValue,2,301,2,0,0,ok-sos001,2014,Oslo i alt,Kvinner,Alder i alt,Antall mottakere av AAP,10648
EliminatedValue,2,301,2,1,0,ok-sos001,2014,Oslo i alt,Kvinner,Under 30,Antall mottakere av AAP,1605
EliminatedValue,2,301,2,2,0,ok-sos001,2014,Oslo i alt,Kvinner,30-39,Antall mottakere av AAP,2490
EliminatedValue,2,301,2,3,0,ok-sos001,2014,Oslo i alt,Kvinner,40-49,Antall mottakere av AAP,2960
EliminatedValue,2,301,2,4,0,ok-sos001,2014,Oslo i alt,Kvinner,50-59,Antall mottakere av AAP,2550
EliminatedValue,2,301,2,5,0,ok-sos001,2014,Oslo i alt,Kvinner,60+,Antall mottakere av AAP,1043
EliminatedValue,2,30101,0,0,0,ok-sos001,2014,Gamle Oslo,Begge kjønn,Alder i alt,Antall mottakere av AAP,1991
EliminatedValue,2,30101,0,1,0,ok-sos001,2014,Gamle Oslo,Begge kjønn,Under 30,Antall mottakere av AAP,311
EliminatedValue,2,30101,0,2,0,ok-sos001,2014,Gamle Oslo,Begge kjønn,30-39,Antall mottakere av AAP,532
EliminatedValue,2,30101,0,3,0,ok-sos001,2014,Gamle Oslo,Begge kjønn,40-49,Antall mottakere av AAP,535
EliminatedValue,2,30101,0,4,0,ok-sos001,2014,Gamle Oslo,Begge kjønn,50-59,Antall mottakere av AAP,456
EliminatedValue,2,30101,0,5,0,ok-sos001,2014,Gamle Oslo,Begge kjønn,60+,Antall mottakere av AAP,157
EliminatedValue,2,30101,1,0,0,ok-sos001,2014,Gamle Oslo,Menn,Alder i alt,Antall mottakere av AAP,984
EliminatedValue,2,30101,1,1,0,ok-sos001,2014,Gamle Oslo,Menn,Under 30,Antall mottakere av AAP,146
EliminatedValue,2,30101,1,2,0,ok-sos001,2014,Gamle Oslo,Menn,30-39,Antall mottakere av AAP,243
EliminatedValue,2,30101,1,3,0,ok-sos001,2014,Gamle Oslo,Menn,40-49,Antall mottakere av AAP,284
EliminatedValue,2,30101,1,4,0,ok-sos001,2014,Gamle Oslo,Menn,50-59,Antall mottakere av AAP,231
EliminatedValue,2,30101,1,5,0,ok-sos001,2014,Gamle Oslo,Menn,60+,Antall mottakere av AAP,80
EliminatedValue,2,30101,2,0,0,ok-sos001,2014,Gamle Oslo,Kvinner,Alder i alt,Antall mottakere av AAP,1007
EliminatedValue,2,30101,2,1,0,ok-sos001,2014,Gamle Oslo,Kvinner,Under 30,Antall mottakere av AAP,165
EliminatedValue,2,30101,2,2,0,ok-sos001,2014,Gamle Oslo,Kvinner,30-39,Antall mottakere av AAP,289
EliminatedValue,2,30101,2,3,0,ok-sos001,2014,Gamle Oslo,Kvinner,40-49,Antall mottakere av AAP,251
EliminatedValue,2,30101,2,4,0,ok-sos001,2014,Gamle Oslo,Kvinner,50-59,Antall mottakere av AAP,225
EliminatedValue,2,30101,2,5,0,ok-sos001,2014,Gamle Oslo,Kvinner,60+,Antall mottakere av AAP,77
EliminatedValue,2,30102,0,0,0,ok-sos001,2014,Grünerløkka,Begge kjønn,Alder i alt,Antall mottakere av AAP,1607
EliminatedValue,2,30102,0,1,0,ok-sos001,2014,Grünerløkka,Begge kjønn,Under 30,Antall mottakere av AAP,290
EliminatedValue,2,30102,0,2,0,ok-sos001,2014,Grünerløkka,Begge kjønn,30-39,Antall mottakere av AAP,449
EliminatedValue,2,30102,0,3,0,ok-sos001,2014,Grünerløkka,Begge kjønn,40-49,Antall mottakere av AAP,397
EliminatedValue,2,30102,0,4,0,ok-sos001,2014,Grünerløkka,Begge kjønn,50-59,Antall mottakere av AAP,347
EliminatedValue,2,30102,0,5,0,ok-sos001,2014,Grünerløkka,Begge kjønn,60+,Antall mottakere av AAP,124
EliminatedValue,2,30102,1,0,0,ok-sos001,2014,Grünerløkka,Menn,Alder i alt,Antall mottakere av AAP,786
EliminatedValue,2,30102,1,1,0,ok-sos001,2014,Grünerløkka,Menn,Under 30,Antall mottakere av AAP,114
EliminatedValue,2,30102,1,2,0,ok-sos001,2014,Grünerløkka,Menn,30-39,Antall mottakere av AAP,211
EliminatedValue,2,30102,1,3,0,ok-sos001,2014,Grünerløkka,Menn,40-49,Antall mottakere av AAP,215
EliminatedValue,2,30102,1,4,0,ok-sos001,2014,Grünerløkka,Menn,50-59,Antall mottakere av AAP,184
EliminatedValue,2,30102,1,5,0,ok-sos001,2014,Grünerløkka,Menn,60+,Antall mottakere av AAP,62
EliminatedValue,2,30102,2,0,0,ok-sos001,2014,Grünerløkka,Kvinner,Alder i alt,Antall mottakere av AAP,821
EliminatedValue,2,30102,2,1,0,ok-sos001,2014,Grünerløkka,Kvinner,Under 30,Antall mottakere av AAP,176
EliminatedValue,2,30102,2,2,0,ok-sos001,2014,Grünerløkka,Kvinner,30-39,Antall mottakere av AAP,238
EliminatedValue,2,30102,2,3,0,ok-sos001,2014,Grünerløkka,Kvinner,40-49,Antall mottakere av AAP,182
EliminatedValue,2,30102,2,4,0,ok-sos001,2014,Grünerløkka,Kvinner,50-59,Antall mottakere av AAP,163
EliminatedValue,2,30102,2,5,0,ok-sos001,2014,Grünerløkka,Kvinner,60+,Antall mottakere av AAP,62
EliminatedValue,2,30103,0,0,0,ok-sos001,2014,Sagene,Begge kjønn,Alder i alt,Antall mottakere av AAP,1562
EliminatedValue,2,30103,0,1,0,ok-sos001,2014,Sagene,Begge kjønn,Under 30,Antall mottakere av AAP,269
EliminatedValue,2,30103,0,2,0,ok-sos001,2014,Sagene,Begge kjønn,30-39,Antall mottakere av AAP,435
EliminatedValue,2,30103,0,3,0,ok-sos001,2014,Sagene,Begge kjønn,40-49,Antall mottakere av AAP,401
EliminatedValue,2,30103,0,4,0,ok-sos001,2014,Sagene,Begge kjønn,50-59,Antall mottakere av AAP,318
EliminatedValue,2,30103,0,5,0,ok-sos001,2014,Sagene,Begge kjønn,60+,Antall mottakere av AAP,139
EliminatedValue,2,30103,1,0,0,ok-sos001,2014,Sagene,Menn,Alder i alt,Antall mottakere av AAP,752
EliminatedValue,2,30103,1,1,0,ok-sos001,2014,Sagene,Menn,Under 30,Antall mottakere av AAP,111
EliminatedValue,2,30103,1,2,0,ok-sos001,2014,Sagene,Menn,30-39,Antall mottakere av AAP,201
EliminatedValue,2,30103,1,3,0,ok-sos001,2014,Sagene,Menn,40-49,Antall mottakere av AAP,208
EliminatedValue,2,30103,1,4,0,ok-sos001,2014,Sagene,Menn,50-59,Antall mottakere av AAP,165
EliminatedValue,2,30103,1,5,0,ok-sos001,2014,Sagene,Menn,60+,Antall mottakere av AAP,67
EliminatedValue,2,30103,2,0,0,ok-sos001,2014,Sagene,Kvinner,Alder i alt,Antall mottakere av AAP,810
EliminatedValue,2,30103,2,1,0,ok-sos001,2014,Sagene,Kvinner,Under 30,Antall mottakere av AAP,158
EliminatedValue,2,30103,2,2,0,ok-sos001,2014,Sagene,Kvinner,30-39,Antall mottakere av AAP,234
EliminatedValue,2,30103,2,3,0,ok-sos001,2014,Sagene,Kvinner,40-49,Antall mottakere av AAP,193
EliminatedValue,2,30103,2,4,0,ok-sos001,2014,Sagene,Kvinner,50-59,Antall mottakere av AAP,153
EliminatedValue,2,30103,2,5,0,ok-sos001,2014,Sagene,Kvinner,60+,Antall mottakere av AAP,72
EliminatedValue,2,30104,0,0,0,ok-sos001,2014,St. Hanshaugen,Begge kjønn,Alder i alt,Antall mottakere av AAP,1176
EliminatedValue,2,30104,0,1,0,ok-sos001,2014,St. Hanshaugen,Begge kjønn,Under 30,Antall mottakere av AAP,246
EliminatedValue,2,30104,0,2,0,ok-sos001,2014,St. Hanshaugen,Begge kjønn,30-39,Antall mottakere av AAP,338
EliminatedValue,2,30104,0,3,0,ok-sos001,2014,St. Hanshaugen,Begge kjønn,40-49,Antall mottakere av AAP,257
EliminatedValue,2,30104,0,4,0,ok-sos001,2014,St. Hanshaugen,Begge kjønn,50-59,Antall mottakere av AAP,240
EliminatedValue,2,30104,0,5,0,ok-sos001,2014,St. Hanshaugen,Begge kjønn,60+,Antall mottakere av AAP,95
EliminatedValue,2,30104,1,0,0,ok-sos001,2014,St. Hanshaugen,Menn,Alder i alt,Antall mottakere av AAP,537
EliminatedValue,2,30104,1,1,0,ok-sos001,2014,St. Hanshaugen,Menn,Under 30,Antall mottakere av AAP,97
EliminatedValue,2,30104,1,2,0,ok-sos001,2014,St. Hanshaugen,Menn,30-39,Antall mottakere av AAP,161
EliminatedValue,2,30104,1,3,0,ok-sos001,2014,St. Hanshaugen,Menn,40-49,Antall mottakere av AAP,128
EliminatedValue,2,30104,1,4,0,ok-sos001,2014,St. Hanshaugen,Menn,50-59,Antall mottakere av AAP,105
EliminatedValue,2,30104,1,5,0,ok-sos001,2014,St. Hanshaugen,Menn,60+,Antall mottakere av AAP,46
EliminatedValue,2,30104,2,0,0,ok-sos001,2014,St. Hanshaugen,Kvinner,Alder i alt,Antall mottakere av AAP,639
EliminatedValue,2,30104,2,1,0,ok-sos001,2014,St. Hanshaugen,Kvinner,Under 30,Antall mottakere av AAP,149
EliminatedValue,2,30104,2,2,0,ok-sos001,2014,St. Hanshaugen,Kvinner,30-39,Antall mottakere av AAP,177
EliminatedValue,2,30104,2,3,0,ok-sos001,2014,St. Hanshaugen,Kvinner,40-49,Antall mottakere av AAP,129
EliminatedValue,2,30104,2,4,0,ok-sos001,2014,St. Hanshaugen,Kvinner,50-59,Antall mottakere av AAP,135
EliminatedValue,2,30104,2,5,0,ok-sos001,2014,St. Hanshaugen,Kvinner,60+,Antall mottakere av AAP,49
EliminatedValue,2,30105,0,0,0,ok-sos001,2014,Frogner,Begge kjønn,Alder i alt,Antall mottakere av AAP,1483
EliminatedValue,2,30105,0,1,0,ok-sos001,2014,Frogner,Begge kjønn,Under 30,Antall mottakere av AAP,282
EliminatedValue,2,30105,0,2,0,ok-sos001,2014,Frogner,Begge kjønn,30-39,Antall mottakere av AAP,347
EliminatedValue,2,30105,0,3,0,ok-sos001,2014,Frogner,Begge kjønn,40-49,Antall mottakere av AAP,356
EliminatedValue,2,30105,0,4,0,ok-sos001,2014,Frogner,Begge kjønn,50-59,Antall mottakere av AAP,339
EliminatedValue,2,30105,0,5,0,ok-sos001,2014,Frogner,Begge kjønn,60+,Antall mottakere av AAP,159
EliminatedValue,2,30105,1,0,0,ok-sos001,2014,Frogner,Menn,Alder i alt,Antall mottakere av AAP,609
EliminatedValue,2,30105,1,1,0,ok-sos001,2014,Frogner,Menn,Under 30,Antall mottakere av AAP,99
EliminatedValue,2,30105,1,2,0,ok-sos001,2014,Frogner,Menn,30-39,Antall mottakere av AAP,145
EliminatedValue,2,30105,1,3,0,ok-sos001,2014,Frogner,Menn,40-49,Antall mottakere av AAP,153
EliminatedValue,2,30105,1,4,0,ok-sos001,2014,Frogner,Menn,50-59,Antall mottakere av AAP,151
EliminatedValue,2,30105,1,5,0,ok-sos001,2014,Frogner,Menn,60+,Antall mottakere av AAP,61
EliminatedValue,2,30105,2,0,0,ok-sos001,2014,Frogner,Kvinner,Alder i alt,Antall mottakere av AAP,874
EliminatedValue,2,30105,2,1,0,ok-sos001,2014,Frogner,Kvinner,Under 30,Antall mottakere av AAP,183
EliminatedValue,2,30105,2,2,0,ok-sos001,2014,Frogner,Kvinner,30-39,Antall mottakere av AAP,202
EliminatedValue,2,30105,2,3,0,ok-sos001,2014,Frogner,Kvinner,40-49,Antall mottakere av AAP,203
EliminatedValue,2,30105,2,4,0,ok-sos001,2014,Frogner,Kvinner,50-59,Antall mottakere av AAP,188
EliminatedValue,2,30105,2,5,0,ok-sos001,2014,Frogner,Kvinner,60+,Antall mottakere av AAP,98
EliminatedValue,2,30106,0,0,0,ok-sos001,2014,Ullern,Begge kjønn,Alder i alt,Antall mottakere av AAP,601
EliminatedValue,2,30106,0,1,0,ok-sos001,2014,Ullern,Begge kjønn,Under 30,Antall mottakere av AAP,88
EliminatedValue,2,30106,0,2,0,ok-sos001,2014,Ullern,Begge kjønn,30-39,Antall mottakere av AAP,110
EliminatedValue,2,30106,0,3,0,ok-sos001,2014,Ullern,Begge kjønn,40-49,Antall mottakere av AAP,149
EliminatedValue,2,30106,0,4,0,ok-sos001,2014,Ullern,Begge kjønn,50-59,Antall mottakere av AAP,175
EliminatedValue,2,30106,0,5,0,ok-sos001,2014,Ullern,Begge kjønn,60+,Antall mottakere av AAP,79
EliminatedValue,2,30106,1,0,0,ok-sos001,2014,Ullern,Menn,Alder i alt,Antall mottakere av AAP,235
EliminatedValue,2,30106,1,1,0,ok-sos001,2014,Ullern,Menn,Under 30,Antall mottakere av AAP,37
EliminatedValue,2,30106,1,2,0,ok-sos001,2014,Ullern,Menn,30-39,Antall mottakere av AAP,48
EliminatedValue,2,30106,1,3,0,ok-sos001,2014,Ullern,Menn,40-49,Antall mottakere av AAP,53
EliminatedValue,2,30106,1,4,0,ok-sos001,2014,Ullern,Menn,50-59,Antall mottakere av AAP,69
EliminatedValue,2,30106,1,5,0,ok-sos001,2014,Ullern,Menn,60+,Antall mottakere av AAP,28
EliminatedValue,2,30106,2,0,0,ok-sos001,2014,Ullern,Kvinner,Alder i alt,Antall mottakere av AAP,366
EliminatedValue,2,30106,2,1,0,ok-sos001,2014,Ullern,Kvinner,Under 30,Antall mottakere av AAP,51
EliminatedValue,2,30106,2,2,0,ok-sos001,2014,Ullern,Kvinner,30-39,Antall mottakere av AAP,62
EliminatedValue,2,30106,2,3,0,ok-sos001,2014,Ullern,Kvinner,40-49,Antall mottakere av AAP,96
EliminatedValue,2,30106,2,4,0,ok-sos001,2014,Ullern,Kvinner,50-59,Antall mottakere av AAP,106
EliminatedValue,2,30106,2,5,0,ok-sos001,2014,Ullern,Kvinner,60+,Antall mottakere av AAP,51
EliminatedValue,2,30107,0,0,0,ok-sos001,2014,Vestre Aker,Begge kjønn,Alder i alt,Antall mottakere av AAP,904
EliminatedValue,2,30107,0,1,0,ok-sos001,2014,Vestre Aker,Begge kjønn,Under 30,Antall mottakere av AAP,122
EliminatedValue,2,30107,0,2,0,ok-sos001,2014,Vestre Aker,Begge kjønn,30-39,Antall mottakere av AAP,156
EliminatedValue,2,30107,0,3,0,ok-sos001,2014,Vestre Aker,Begge kjønn,40-49,Antall mottakere av AAP,243
EliminatedValue,2,30107,0,4,0,ok-sos001,2014,Vestre Aker,Begge kjønn,50-59,Antall mottakere av AAP,230
EliminatedValue,2,30107,0,5,0,ok-sos001,2014,Vestre Aker,Begge kjønn,60+,Antall mottakere av AAP,153
EliminatedValue,2,30107,1,0,0,ok-sos001,2014,Vestre Aker,Menn,Alder i alt,Antall mottakere av AAP,327
EliminatedValue,2,30107,1,1,0,ok-sos001,2014,Vestre Aker,Menn,Under 30,Antall mottakere av AAP,64
EliminatedValue,2,30107,1,2,0,ok-sos001,2014,Vestre Aker,Menn,30-39,Antall mottakere av AAP,58
EliminatedValue,2,30107,1,3,0,ok-sos001,2014,Vestre Aker,Menn,40-49,Antall mottakere av AAP,66
EliminatedValue,2,30107,1,4,0,ok-sos001,2014,Vestre Aker,Menn,50-59,Antall mottakere av AAP,76
EliminatedValue,2,30107,1,5,0,ok-sos001,2014,Vestre Aker,Menn,60+,Antall mottakere av AAP,63
EliminatedValue,2,30107,2,0,0,ok-sos001,2014,Vestre Aker,Kvinner,Alder i alt,Antall mottakere av AAP,577
EliminatedValue,2,30107,2,1,0,ok-sos001,2014,Vestre Aker,Kvinner,Under 30,Antall mottakere av AAP,58
EliminatedValue,2,30107,2,2,0,ok-sos001,2014,Vestre Aker,Kvinner,30-39,Antall mottakere av AAP,98
EliminatedValue,2,30107,2,3,0,ok-sos001,2014,Vestre Aker,Kvinner,40-49,Antall mottakere av AAP,177
EliminatedValue,2,30107,2,4,0,ok-sos001,2014,Vestre Aker,Kvinner,50-59,Antall mottakere av AAP,154
EliminatedValue,2,30107,2,5,0,ok-sos001,2014,Vestre Aker,Kvinner,60+,Antall mottakere av AAP,90
EliminatedValue,2,30108,0,0,0,ok-sos001,2014,Nordre Aker,Begge kjønn,Alder i alt,Antall mottakere av AAP,972
EliminatedValue,2,30108,0,1,0,ok-sos001,2014,Nordre Aker,Begge kjønn,Under 30,Antall mottakere av AAP,178
EliminatedValue,2,30108,0,2,0,ok-sos001,2014,Nordre Aker,Begge kjønn,30-39,Antall mottakere av AAP,203
EliminatedValue,2,30108,0,3,0,ok-sos001,2014,Nordre Aker,Begge kjønn,40-49,Antall mottakere av AAP,253
EliminatedValue,2,30108,0,4,0,ok-sos001,2014,Nordre Aker,Begge kjønn,50-59,Antall mottakere av AAP,211
EliminatedValue,2,30108,0,5,0,ok-sos001,2014,Nordre Aker,Begge kjønn,60+,Antall mottakere av AAP,127
EliminatedValue,2,30108,1,0,0,ok-sos001,2014,Nordre Aker,Menn,Alder i alt,Antall mottakere av AAP,378
EliminatedValue,2,30108,1,1,0,ok-sos001,2014,Nordre Aker,Menn,Under 30,Antall mottakere av AAP,77
EliminatedValue,2,30108,1,2,0,ok-sos001,2014,Nordre Aker,Menn,30-39,Antall mottakere av AAP,79
EliminatedValue,2,30108,1,3,0,ok-sos001,2014,Nordre Aker,Menn,40-49,Antall mottakere av AAP,83
EliminatedValue,2,30108,1,4,0,ok-sos001,2014,Nordre Aker,Menn,50-59,Antall mottakere av AAP,77
EliminatedValue,2,30108,1,5,0,ok-sos001,2014,Nordre Aker,Menn,60+,Antall mottakere av AAP,62
EliminatedValue,2,30108,2,0,0,ok-sos001,2014,Nordre Aker,Kvinner,Alder i alt,Antall mottakere av AAP,594
EliminatedValue,2,30108,2,1,0,ok-sos001,2014,Nordre Aker,Kvinner,Under 30,Antall mottakere av AAP,101
EliminatedValue,2,30108,2,2,0,ok-sos001,2014,Nordre Aker,Kvinner,30-39,Antall mottakere av AAP,124
EliminatedValue,2,30108,2,3,0,ok-sos001,2014,Nordre Aker,Kvinner,40-49,Antall mottakere av AAP,170
EliminatedValue,2,30108,2,4,0,ok-sos001,2014,Nordre Aker,Kvinner,50-59,Antall mottakere av AAP,134
EliminatedValue,2,30108,2,5,0,ok-sos001,2014,Nordre Aker,Kvinner,60+,Antall mottakere av AAP,65
EliminatedValue,2,30109,0,0,0,ok-sos001,2014,Bjerke,Begge kjønn,Alder i alt,Antall mottakere av AAP,810
EliminatedValue,2,30109,0,1,0,ok-sos001,2014,Bjerke,Begge kjønn,Under 30,Antall mottakere av AAP,104
EliminatedValue,2,30109,0,2,0,ok-sos001,2014,Bjerke,Begge kjønn,30-39,Antall mottakere av AAP,162
EliminatedValue,2,30109,0,3,0,ok-sos001,2014,Bjerke,Begge kjønn,40-49,Antall mottakere av AAP,248
EliminatedValue,2,30109,0,4,0,ok-sos001,2014,Bjerke,Begge kjønn,50-59,Antall mottakere av AAP,217
EliminatedValue,2,30109,0,5,0,ok-sos001,2014,Bjerke,Begge kjønn,60+,Antall mottakere av AAP,79
EliminatedValue,2,30109,1,0,0,ok-sos001,2014,Bjerke,Menn,Alder i alt,Antall mottakere av AAP,357
EliminatedValue,2,30109,1,1,0,ok-sos001,2014,Bjerke,Menn,Under 30,Antall mottakere av AAP,48
EliminatedValue,2,30109,1,2,0,ok-sos001,2014,Bjerke,Menn,30-39,Antall mottakere av AAP,66
EliminatedValue,2,30109,1,3,0,ok-sos001,2014,Bjerke,Menn,40-49,Antall mottakere av AAP,105
EliminatedValue,2,30109,1,4,0,ok-sos001,2014,Bjerke,Menn,50-59,Antall mottakere av AAP,104
EliminatedValue,2,30109,1,5,0,ok-sos001,2014,Bjerke,Menn,60+,Antall mottakere av AAP,34
EliminatedValue,2,30109,2,0,0,ok-sos001,2014,Bjerke,Kvinner,Alder i alt,Antall mottakere av AAP,453
EliminatedValue,2,30109,2,1,0,ok-sos001,2014,Bjerke,Kvinner,Under 30,Antall mottakere av AAP,56
EliminatedValue,2,30109,2,2,0,ok-sos001,2014,Bjerke,Kvinner,30-39,Antall mottakere av AAP,96
EliminatedValue,2,30109,2,3,0,ok-sos001,2014,Bjerke,Kvinner,40-49,Antall mottakere av AAP,143
EliminatedValue,2,30109,2,4,0,ok-sos001,2014,Bjerke,Kvinner,50-59,Antall mottakere av AAP,113
EliminatedValue,2,30109,2,5,0,ok-sos001,2014,Bjerke,Kvinner,60+,Antall mottakere av AAP,45
EliminatedValue,2,30110,0,0,0,ok-sos001,2014,Grorud,Begge kjønn,Alder i alt,Antall mottakere av AAP,904
EliminatedValue,2,30110,0,1,0,ok-sos001,2014,Grorud,Begge kjønn,Under 30,Antall mottakere av AAP,99
EliminatedValue,2,30110,0,2,0,ok-sos001,2014,Grorud,Begge kjønn,30-39,Antall mottakere av AAP,201
EliminatedValue,2,30110,0,3,0,ok-sos001,2014,Grorud,Begge kjønn,40-49,Antall mottakere av AAP,294
EliminatedValue,2,30110,0,4,0,ok-sos001,2014,Grorud,Begge kjønn,50-59,Antall mottakere av AAP,225
EliminatedValue,2,30110,0,5,0,ok-sos001,2014,Grorud,Begge kjønn,60+,Antall mottakere av AAP,85
EliminatedValue,2,30110,1,0,0,ok-sos001,2014,Grorud,Menn,Alder i alt,Antall mottakere av AAP,406
EliminatedValue,2,30110,1,1,0,ok-sos001,2014,Grorud,Menn,Under 30,Antall mottakere av AAP,46
EliminatedValue,2,30110,1,2,0,ok-sos001,2014,Grorud,Menn,30-39,Antall mottakere av AAP,94
EliminatedValue,2,30110,1,3,0,ok-sos001,2014,Grorud,Menn,40-49,Antall mottakere av AAP,125
EliminatedValue,2,30110,1,4,0,ok-sos001,2014,Grorud,Menn,50-59,Antall mottakere av AAP,101
EliminatedValue,2,30110,1,5,0,ok-sos001,2014,Grorud,Menn,60+,Antall mottakere av AAP,40
EliminatedValue,2,30110,2,0,0,ok-sos001,2014,Grorud,Kvinner,Alder i alt,Antall mottakere av AAP,498
EliminatedValue,2,30110,2,1,0,ok-sos001,2014,Grorud,Kvinner,Under 30,Antall mottakere av AAP,53
EliminatedValue,2,30110,2,2,0,ok-sos001,2014,Grorud,Kvinner,30-39,Antall mottakere av AAP,107
EliminatedValue,2,30110,2,3,0,ok-sos001,2014,Grorud,Kvinner,40-49,Antall mottakere av AAP,169
EliminatedValue,2,30110,2,4,0,ok-sos001,2014,Grorud,Kvinner,50-59,Antall mottakere av AAP,124
EliminatedValue,2,30110,2,5,0,ok-sos001,2014,Grorud,Kvinner,60+,Antall mottakere av AAP,45
EliminatedValue,2,30111,0,0,0,ok-sos001,2014,Stovner,Begge kjønn,Alder i alt,Antall mottakere av AAP,839
EliminatedValue,2,30111,0,1,0,ok-sos001,2014,Stovner,Begge kjønn,Under 30,Antall mottakere av AAP,114
EliminatedValue,2,30111,0,2,0,ok-sos001,2014,Stovner,Begge kjønn,30-39,Antall mottakere av AAP,166
EliminatedValue,2,30111,0,3,0,ok-sos001,2014,Stovner,Begge kjønn,40-49,Antall mottakere av AAP,265
EliminatedValue,2,30111,0,4,0,ok-sos001,2014,Stovner,Begge kjønn,50-59,Antall mottakere av AAP,219
EliminatedValue,2,30111,0,5,0,ok-sos001,2014,Stovner,Begge kjønn,60+,Antall mottakere av AAP,75
EliminatedValue,2,30111,1,0,0,ok-sos001,2014,Stovner,Menn,Alder i alt,Antall mottakere av AAP,389
EliminatedValue,2,30111,1,1,0,ok-sos001,2014,Stovner,Menn,Under 30,Antall mottakere av AAP,60
EliminatedValue,2,30111,1,2,0,ok-sos001,2014,Stovner,Menn,30-39,Antall mottakere av AAP,70
EliminatedValue,2,30111,1,3,0,ok-sos001,2014,Stovner,Menn,40-49,Antall mottakere av AAP,111
EliminatedValue,2,30111,1,4,0,ok-sos001,2014,Stovner,Menn,50-59,Antall mottakere av AAP,113
EliminatedValue,2,30111,1,5,0,ok-sos001,2014,Stovner,Menn,60+,Antall mottakere av AAP,35
EliminatedValue,2,30111,2,0,0,ok-sos001,2014,Stovner,Kvinner,Alder i alt,Antall mottakere av AAP,450
EliminatedValue,2,30111,2,1,0,ok-sos001,2014,Stovner,Kvinner,Under 30,Antall mottakere av AAP,54
EliminatedValue,2,30111,2,2,0,ok-sos001,2014,Stovner,Kvinner,30-39,Antall mottakere av AAP,96
EliminatedValue,2,30111,2,3,0,ok-sos001,2014,Stovner,Kvinner,40-49,Antall mottakere av AAP,154
EliminatedValue,2,30111,2,4,0,ok-sos001,2014,Stovner,Kvinner,50-59,Antall mottakere av AAP,106
EliminatedValue,2,30111,2,5,0,ok-sos001,2014,Stovner,Kvinner,60+,Antall mottakere av AAP,40
EliminatedValue,2,30112,0,0,0,ok-sos001,2014,Alna,Begge kjønn,Alder i alt,Antall mottakere av AAP,2154
EliminatedValue,2,30112,0,1,0,ok-sos001,2014,Alna,Begge kjønn,Under 30,Antall mottakere av AAP,219
EliminatedValue,2,30112,0,2,0,ok-sos001,2014,Alna,Begge kjønn,30-39,Antall mottakere av AAP,484
EliminatedValue,2,30112,0,3,0,ok-sos001,2014,Alna,Begge kjønn,40-49,Antall mottakere av AAP,671
EliminatedValue,2,30112,0,4,0,ok-sos001,2014,Alna,Begge kjønn,50-59,Antall mottakere av AAP,574
EliminatedValue,2,30112,0,5,0,ok-sos001,2014,Alna,Begge kjønn,60+,Antall mottakere av AAP,206
EliminatedValue,2,30112,1,0,0,ok-sos001,2014,Alna,Menn,Alder i alt,Antall mottakere av AAP,978
EliminatedValue,2,30112,1,1,0,ok-sos001,2014,Alna,Menn,Under 30,Antall mottakere av AAP,103
EliminatedValue,2,30112,1,2,0,ok-sos001,2014,Alna,Menn,30-39,Antall mottakere av AAP,214
EliminatedValue,2,30112,1,3,0,ok-sos001,2014,Alna,Menn,40-49,Antall mottakere av AAP,267
EliminatedValue,2,30112,1,4,0,ok-sos001,2014,Alna,Menn,50-59,Antall mottakere av AAP,287
EliminatedValue,2,30112,1,5,0,ok-sos001,2014,Alna,Menn,60+,Antall mottakere av AAP,107
EliminatedValue,2,30112,2,0,0,ok-sos001,2014,Alna,Kvinner,Alder i alt,Antall mottakere av AAP,1176
EliminatedValue,2,30112,2,1,0,ok-sos001,2014,Alna,Kvinner,Under 30,Antall mottakere av AAP,116
EliminatedValue,2,30112,2,2,0,ok-sos001,2014,Alna,Kvinner,30-39,Antall mottakere av AAP,270
EliminatedValue,2,30112,2,3,0,ok-sos001,2014,Alna,Kvinner,40-49,Antall mottakere av AAP,404
EliminatedValue,2,30112,2,4,0,ok-sos001,2014,Alna,Kvinner,50-59,Antall mottakere av AAP,287
EliminatedValue,2,30112,2,5,0,ok-sos001,2014,Alna,Kvinner,60+,Antall mottakere av AAP,99
EliminatedValue,2,30113,0,0,0,ok-sos001,2014,Østensjø,Begge kjønn,Alder i alt,Antall mottakere av AAP,1475
EliminatedValue,2,30113,0,1,0,ok-sos001,2014,Østensjø,Begge kjønn,Under 30,Antall mottakere av AAP,179
EliminatedValue,2,30113,0,2,0,ok-sos001,2014,Østensjø,Begge kjønn,30-39,Antall mottakere av AAP,297
EliminatedValue,2,30113,0,3,0,ok-sos001,2014,Østensjø,Begge kjønn,40-49,Antall mottakere av AAP,426
EliminatedValue,2,30113,0,4,0,ok-sos001,2014,Østensjø,Begge kjønn,50-59,Antall mottakere av AAP,403
EliminatedValue,2,30113,0,5,0,ok-sos001,2014,Østensjø,Begge kjønn,60+,Antall mottakere av AAP,170
EliminatedValue,2,30113,1,0,0,ok-sos001,2014,Østensjø,Menn,Alder i alt,Antall mottakere av AAP,595
EliminatedValue,2,30113,1,1,0,ok-sos001,2014,Østensjø,Menn,Under 30,Antall mottakere av AAP,85
EliminatedValue,2,30113,1,2,0,ok-sos001,2014,Østensjø,Menn,30-39,Antall mottakere av AAP,121
EliminatedValue,2,30113,1,3,0,ok-sos001,2014,Østensjø,Menn,40-49,Antall mottakere av AAP,154
EliminatedValue,2,30113,1,4,0,ok-sos001,2014,Østensjø,Menn,50-59,Antall mottakere av AAP,162
EliminatedValue,2,30113,1,5,0,ok-sos001,2014,Østensjø,Menn,60+,Antall mottakere av AAP,73
EliminatedValue,2,30113,2,0,0,ok-sos001,2014,Østensjø,Kvinner,Alder i alt,Antall mottakere av AAP,880
EliminatedValue,2,30113,2,1,0,ok-sos001,2014,Østensjø,Kvinner,Under 30,Antall mottakere av AAP,94
EliminatedValue,2,30113,2,2,0,ok-sos001,2014,Østensjø,Kvinner,30-39,Antall mottakere av AAP,176
EliminatedValue,2,30113,2,3,0,ok-sos001,2014,Østensjø,Kvinner,40-49,Antall mottakere av AAP,272
EliminatedValue,2,30113,2,4,0,ok-sos001,2014,Østensjø,Kvinner,50-59,Antall mottakere av AAP,241
EliminatedValue,2,30113,2,5,0,ok-sos001,2014,Østensjø,Kvinner,60+,Antall mottakere av AAP,97
EliminatedValue,2,30114,0,0,0,ok-sos001,2014,Nordstrand,Begge kjønn,Alder i alt,Antall mottakere av AAP,1168
EliminatedValue,2,30114,0,1,0,ok-sos001,2014,Nordstrand,Begge kjønn,Under 30,Antall mottakere av AAP,167
EliminatedValue,2,30114,0,2,0,ok-sos001,2014,Nordstrand,Begge kjønn,30-39,Antall mottakere av AAP,240
EliminatedValue,2,30114,0,3,0,ok-sos001,2014,Nordstrand,Begge kjønn,40-49,Antall mottakere av AAP,281
EliminatedValue,2,30114,0,4,0,ok-sos001,2014,Nordstrand,Begge kjønn,50-59,Antall mottakere av AAP,337
EliminatedValue,2,30114,0,5,0,ok-sos001,2014,Nordstrand,Begge kjønn,60+,Antall mottakere av AAP,143
EliminatedValue,2,30114,1,0,0,ok-sos001,2014,Nordstrand,Menn,Alder i alt,Antall mottakere av AAP,437
EliminatedValue,2,30114,1,1,0,ok-sos001,2014,Nordstrand,Menn,Under 30,Antall mottakere av AAP,64
EliminatedValue,2,30114,1,2,0,ok-sos001,2014,Nordstrand,Menn,30-39,Antall mottakere av AAP,93
EliminatedValue,2,30114,1,3,0,ok-sos001,2014,Nordstrand,Menn,40-49,Antall mottakere av AAP,104
EliminatedValue,2,30114,1,4,0,ok-sos001,2014,Nordstrand,Menn,50-59,Antall mottakere av AAP,126
EliminatedValue,2,30114,1,5,0,ok-sos001,2014,Nordstrand,Menn,60+,Antall mottakere av AAP,50
EliminatedValue,2,30114,2,0,0,ok-sos001,2014,Nordstrand,Kvinner,Alder i alt,Antall mottakere av AAP,731
EliminatedValue,2,30114,2,1,0,ok-sos001,2014,Nordstrand,Kvinner,Under 30,Antall mottakere av AAP,103
EliminatedValue,2,30114,2,2,0,ok-sos001,2014,Nordstrand,Kvinner,30-39,Antall mottakere av AAP,147
EliminatedValue,2,30114,2,3,0,ok-sos001,2014,Nordstrand,Kvinner,40-49,Antall mottakere av AAP,177
EliminatedValue,2,30114,2,4,0,ok-sos001,2014,Nordstrand,Kvinner,50-59,Antall mottakere av AAP,211
EliminatedValue,2,30114,2,5,0,ok-sos001,2014,Nordstrand,Kvinner,60+,Antall mottakere av AAP,93
EliminatedValue,2,30115,0,0,0,ok-sos001,2014,Søndre Nordstrand,Begge kjønn,Alder i alt,Antall mottakere av AAP,1340
EliminatedValue,2,30115,0,1,0,ok-sos001,2014,Søndre Nordstrand,Begge kjønn,Under 30,Antall mottakere av AAP,184
EliminatedValue,2,30115,0,2,0,ok-sos001,2014,Søndre Nordstrand,Begge kjønn,30-39,Antall mottakere av AAP,276
EliminatedValue,2,30115,0,3,0,ok-sos001,2014,Søndre Nordstrand,Begge kjønn,40-49,Antall mottakere av AAP,384
EliminatedValue,2,30115,0,4,0,ok-sos001,2014,Søndre Nordstrand,Begge kjønn,50-59,Antall mottakere av AAP,373
EliminatedValue,2,30115,0,5,0,ok-sos001,2014,Søndre Nordstrand,Begge kjønn,60+,Antall mottakere av AAP,123
EliminatedValue,2,30115,1,0,0,ok-sos001,2014,Søndre Nordstrand,Menn,Alder i alt,Antall mottakere av AAP,568
EliminatedValue,2,30115,1,1,0,ok-sos001,2014,Søndre Nordstrand,Menn,Under 30,Antall mottakere av AAP,96
EliminatedValue,2,30115,1,2,0,ok-sos001,2014,Søndre Nordstrand,Menn,30-39,Antall mottakere av AAP,102
EliminatedValue,2,30115,1,3,0,ok-sos001,2014,Søndre Nordstrand,Menn,40-49,Antall mottakere av AAP,144
EliminatedValue,2,30115,1,4,0,ok-sos001,2014,Søndre Nordstrand,Menn,50-59,Antall mottakere av AAP,163
EliminatedValue,2,30115,1,5,0,ok-sos001,2014,Søndre Nordstrand,Menn,60+,Antall mottakere av AAP,63
EliminatedValue,2,30115,2,0,0,ok-sos001,2014,Søndre Nordstrand,Kvinner,Alder i alt,Antall mottakere av AAP,772
EliminatedValue,2,30115,2,1,0,ok-sos001,2014,Søndre Nordstrand,Kvinner,Under 30,Antall mottakere av AAP,88
EliminatedValue,2,30115,2,2,0,ok-sos001,2014,Søndre Nordstrand,Kvinner,30-39,Antall mottakere av AAP,174
EliminatedValue,2,30115,2,3,0,ok-sos001,2014,Søndre Nordstrand,Kvinner,40-49,Antall mottakere av AAP,240
EliminatedValue,2,30115,2,4,0,ok-sos001,2014,Søndre Nordstrand,Kvinner,50-59,Antall mottakere av AAP,210
EliminatedValue,2,30115,2,5,0,ok-sos001,2014,Søndre Nordstrand,Kvinner,60+,Antall mottakere av AAP,60
EliminatedValue,2,30116,0,0,0,ok-sos001,2014,Sentrum,Begge kjønn,Alder i alt,Antall mottakere av AAP,
EliminatedValue,2,30116,0,1,0,ok-sos001,2014,Sentrum,Begge kjønn,Under 30,Antall mottakere av AAP,
EliminatedValue,2,30116,0,2,0,ok-sos001,2014,Sentrum,Begge kjønn,30-39,Antall mottakere av AAP,
EliminatedValue,2,30116,0,3,0,ok-sos001,2014,Sentrum,Begge kjønn,40-49,Antall mottakere av AAP,
EliminatedValue,2,30116,0,4,0,ok-sos001,2014,Sentrum,Begge kjønn,50-59,Antall mottakere av AAP,
EliminatedValue,2,30116,0,5,0,ok-sos001,2014,Sentrum,Begge kjønn,60+,Antall mottakere av AAP,
EliminatedValue,2,30116,1,0,0,ok-sos001,2014,Sentrum,Menn,Alder i alt,Antall mottakere av AAP,
EliminatedValue,2,30116,1,1,0,ok-sos001,2014,Sentrum,Menn,Under 30,Antall mottakere av AAP,
EliminatedValue,2,30116,1,2,0,ok-sos001,2014,Sentrum,Menn,30-39,Antall mottakere av AAP,
EliminatedValue,2,30116,1,3,0,ok-sos001,2014,Sentrum,Menn,40-49,Antall mottakere av AAP,
EliminatedValue,2,30116,1,4,0,ok-sos001,2014,Sentrum,Menn,50-59,Antall mottakere av AAP,
EliminatedValue,2,30116,1,5,0,ok-sos001,2014,Sentrum,Menn,60+,Antall mottakere av AAP,
EliminatedValue,2,30116,2,0,0,ok-sos001,2014,Sentrum,Kvinner,Alder i alt,Antall mottakere av AAP,
EliminatedValue,2,30116,2,1,0,ok-sos001,2014,Sentrum,Kvinner,Under 30,Antall mottakere av AAP,
EliminatedValue,2,30116,2,2,0,ok-sos001,2014,Sentrum,Kvinner,30-39,Antall mottakere av AAP,
EliminatedValue,2,30116,2,3,0,ok-sos001,2014,Sentrum,Kvinner,40-49,Antall mottakere av AAP,
EliminatedValue,2,30116,2,4,0,ok-sos001,2014,Sentrum,Kvinner,50-59,Antall mottakere av AAP,
EliminatedValue,2,30116,2,5,0,ok-sos001,2014,Sentrum,Kvinner,60+,Antall mottakere av AAP,
EliminatedValue,2,30117,0,0,0,ok-sos001,2014,Marka,Begge kjønn,Alder i alt,Antall mottakere av AAP,
EliminatedValue,2,30117,0,1,0,ok-sos001,2014,Marka,Begge kjønn,Under 30,Antall mottakere av AAP,
EliminatedValue,2,30117,0,2,0,ok-sos001,2014,Marka,Begge kjønn,30-39,Antall mottakere av AAP,
EliminatedValue,2,30117,0,3,0,ok-sos001,2014,Marka,Begge kjønn,40-49,Antall mottakere av AAP,
EliminatedValue,2,30117,0,4,0,ok-sos001,2014,Marka,Begge kjønn,50-59,Antall mottakere av AAP,
EliminatedValue,2,30117,0,5,0,ok-sos001,2014,Marka,Begge kjønn,60+,Antall mottakere av AAP,
EliminatedValue,2,30117,1,0,0,ok-sos001,2014,Marka,Menn,Alder i alt,Antall mottakere av AAP,
EliminatedValue,2,30117,1,1,0,ok-sos001,2014,Marka,Menn,Under 30,Antall mottakere av AAP,
EliminatedValue,2,30117,1,2,0,ok-sos001,2014,Marka,Menn,30-39,Antall mottakere av AAP,
EliminatedValue,2,30117,1,3,0,ok-sos001,2014,Marka,Menn,40-49,Antall mottakere av AAP,
EliminatedValue,2,30117,1,4,0,ok-sos001,2014,Marka,Menn,50-59,Antall mottakere av AAP,
EliminatedValue,2,30117,1,5,0,ok-sos001,2014,Marka,Menn,60+,Antall mottakere av AAP,
EliminatedValue,2,30117,2,0,0,ok-sos001,2014,Marka,Kvinner,Alder i alt,Antall mottakere av AAP,
EliminatedValue,2,30117,2,1,0,ok-sos001,2014,Marka,Kvinner,Under 30,Antall mottakere av AAP,
EliminatedValue,2,30117,2,2,0,ok-sos001,2014,Marka,Kvinner,30-39,Antall mottakere av AAP,
EliminatedValue,2,30117,2,3,0,ok-sos001,2014,Marka,Kvinner,40-49,Antall mottakere av AAP,
EliminatedValue,2,30117,2,4,0,ok-sos001,2014,Marka,Kvinner,50-59,Antall mottakere av AAP,
EliminatedValue,2,30117,2,5,0,ok-sos001,2014,Marka,Kvinner,60+,Antall mottakere av AAP,
EliminatedValue,3,301,0,0,0,ok-sos001,2015,Oslo i alt,Begge kjønn,Alder i alt,Antall mottakere av AAP,18557
EliminatedValue,3,301,0,1,0,ok-sos001,2015,Oslo i alt,Begge kjønn,Under 30,Antall mottakere av AAP,2945
EliminatedValue,3,301,0,2,0,ok-sos001,2015,Oslo i alt,Begge kjønn,30-39,Antall mottakere av AAP,4178
EliminatedValue,3,301,0,3,0,ok-sos001,2015,Oslo i alt,Begge kjønn,40-49,Antall mottakere av AAP,4967
EliminatedValue,3,301,0,4,0,ok-sos001,2015,Oslo i alt,Begge kjønn,50-59,Antall mottakere av AAP,4578
EliminatedValue,3,301,0,5,0,ok-sos001,2015,Oslo i alt,Begge kjønn,60+,Antall mottakere av AAP,1889
EliminatedValue,3,301,1,0,0,ok-sos001,2015,Oslo i alt,Menn,Alder i alt,Antall mottakere av AAP,8054
EliminatedValue,3,301,1,1,0,ok-sos001,2015,Oslo i alt,Menn,Under 30,Antall mottakere av AAP,1287
EliminatedValue,3,301,1,2,0,ok-sos001,2015,Oslo i alt,Menn,30-39,Antall mottakere av AAP,1773
EliminatedValue,3,301,1,3,0,ok-sos001,2015,Oslo i alt,Menn,40-49,Antall mottakere av AAP,2066
EliminatedValue,3,301,1,4,0,ok-sos001,2015,Oslo i alt,Menn,50-59,Antall mottakere av AAP,2070
EliminatedValue,3,301,1,5,0,ok-sos001,2015,Oslo i alt,Menn,60+,Antall mottakere av AAP,858
EliminatedValue,3,301,2,0,0,ok-sos001,2015,Oslo i alt,Kvinner,Alder i alt,Antall mottakere av AAP,10503
EliminatedValue,3,301,2,1,0,ok-sos001,2015,Oslo i alt,Kvinner,Under 30,Antall mottakere av AAP,1658
EliminatedValue,3,301,2,2,0,ok-sos001,2015,Oslo i alt,Kvinner,30-39,Antall mottakere av AAP,2405
EliminatedValue,3,301,2,3,0,ok-sos001,2015,Oslo i alt,Kvinner,40-49,Antall mottakere av AAP,2901
EliminatedValue,3,301,2,4,0,ok-sos001,2015,Oslo i alt,Kvinner,50-59,Antall mottakere av AAP,2508
EliminatedValue,3,301,2,5,0,ok-sos001,2015,Oslo i alt,Kvinner,60+,Antall mottakere av AAP,1031
EliminatedValue,3,30101,0,0,0,ok-sos001,2015,Gamle Oslo,Begge kjønn,Alder i alt,Antall mottakere av AAP,1844
EliminatedValue,3,30101,0,1,0,ok-sos001,2015,Gamle Oslo,Begge kjønn,Under 30,Antall mottakere av AAP,282
EliminatedValue,3,30101,0,2,0,ok-sos001,2015,Gamle Oslo,Begge kjønn,30-39,Antall mottakere av AAP,541
EliminatedValue,3,30101,0,3,0,ok-sos001,2015,Gamle Oslo,Begge kjønn,40-49,Antall mottakere av AAP,466
EliminatedValue,3,30101,0,4,0,ok-sos001,2015,Gamle Oslo,Begge kjønn,50-59,Antall mottakere av AAP,413
EliminatedValue,3,30101,0,5,0,ok-sos001,2015,Gamle Oslo,Begge kjønn,60+,Antall mottakere av AAP,142
EliminatedValue,3,30101,1,0,0,ok-sos001,2015,Gamle Oslo,Menn,Alder i alt,Antall mottakere av AAP,890
EliminatedValue,3,30101,1,1,0,ok-sos001,2015,Gamle Oslo,Menn,Under 30,Antall mottakere av AAP,127
EliminatedValue,3,30101,1,2,0,ok-sos001,2015,Gamle Oslo,Menn,30-39,Antall mottakere av AAP,264
EliminatedValue,3,30101,1,3,0,ok-sos001,2015,Gamle Oslo,Menn,40-49,Antall mottakere av AAP,230
EliminatedValue,3,30101,1,4,0,ok-sos001,2015,Gamle Oslo,Menn,50-59,Antall mottakere av AAP,200
EliminatedValue,3,30101,1,5,0,ok-sos001,2015,Gamle Oslo,Menn,60+,Antall mottakere av AAP,69
EliminatedValue,3,30101,2,0,0,ok-sos001,2015,Gamle Oslo,Kvinner,Alder i alt,Antall mottakere av AAP,954
EliminatedValue,3,30101,2,1,0,ok-sos001,2015,Gamle Oslo,Kvinner,Under 30,Antall mottakere av AAP,155
EliminatedValue,3,30101,2,2,0,ok-sos001,2015,Gamle Oslo,Kvinner,30-39,Antall mottakere av AAP,277
EliminatedValue,3,30101,2,3,0,ok-sos001,2015,Gamle Oslo,Kvinner,40-49,Antall mottakere av AAP,236
EliminatedValue,3,30101,2,4,0,ok-sos001,2015,Gamle Oslo,Kvinner,50-59,Antall mottakere av AAP,213
EliminatedValue,3,30101,2,5,0,ok-sos001,2015,Gamle Oslo,Kvinner,60+,Antall mottakere av AAP,73
EliminatedValue,3,30102,0,0,0,ok-sos001,2015,Grünerløkka,Begge kjønn,Alder i alt,Antall mottakere av AAP,1688
EliminatedValue,3,30102,0,1,0,ok-sos001,2015,Grünerløkka,Begge kjønn,Under 30,Antall mottakere av AAP,315
EliminatedValue,3,30102,0,2,0,ok-sos001,2015,Grünerløkka,Begge kjønn,30-39,Antall mottakere av AAP,487
EliminatedValue,3,30102,0,3,0,ok-sos001,2015,Grünerløkka,Begge kjønn,40-49,Antall mottakere av AAP,420
EliminatedValue,3,30102,0,4,0,ok-sos001,2015,Grünerløkka,Begge kjønn,50-59,Antall mottakere av AAP,332
EliminatedValue,3,30102,0,5,0,ok-sos001,2015,Grünerløkka,Begge kjønn,60+,Antall mottakere av AAP,134
EliminatedValue,3,30102,1,0,0,ok-sos001,2015,Grünerløkka,Menn,Alder i alt,Antall mottakere av AAP,804
EliminatedValue,3,30102,1,1,0,ok-sos001,2015,Grünerløkka,Menn,Under 30,Antall mottakere av AAP,123
EliminatedValue,3,30102,1,2,0,ok-sos001,2015,Grünerløkka,Menn,30-39,Antall mottakere av AAP,231
EliminatedValue,3,30102,1,3,0,ok-sos001,2015,Grünerløkka,Menn,40-49,Antall mottakere av AAP,220
EliminatedValue,3,30102,1,4,0,ok-sos001,2015,Grünerløkka,Menn,50-59,Antall mottakere av AAP,165
EliminatedValue,3,30102,1,5,0,ok-sos001,2015,Grünerløkka,Menn,60+,Antall mottakere av AAP,65
EliminatedValue,3,30102,2,0,0,ok-sos001,2015,Grünerløkka,Kvinner,Alder i alt,Antall mottakere av AAP,884
EliminatedValue,3,30102,2,1,0,ok-sos001,2015,Grünerløkka,Kvinner,Under 30,Antall mottakere av AAP,192
EliminatedValue,3,30102,2,2,0,ok-sos001,2015,Grünerløkka,Kvinner,30-39,Antall mottakere av AAP,256
EliminatedValue,3,30102,2,3,0,ok-sos001,2015,Grünerløkka,Kvinner,40-49,Antall mottakere av AAP,200
EliminatedValue,3,30102,2,4,0,ok-sos001,2015,Grünerløkka,Kvinner,50-59,Antall mottakere av AAP,167
EliminatedValue,3,30102,2,5,0,ok-sos001,2015,Grünerløkka,Kvinner,60+,Antall mottakere av AAP,69
EliminatedValue,3,30103,0,0,0,ok-sos001,2015,Sagene,Begge kjønn,Alder i alt,Antall mottakere av AAP,1556
EliminatedValue,3,30103,0,1,0,ok-sos001,2015,Sagene,Begge kjønn,Under 30,Antall mottakere av AAP,303
EliminatedValue,3,30103,0,2,0,ok-sos001,2015,Sagene,Begge kjønn,30-39,Antall mottakere av AAP,394
EliminatedValue,3,30103,0,3,0,ok-sos001,2015,Sagene,Begge kjønn,40-49,Antall mottakere av AAP,382
EliminatedValue,3,30103,0,4,0,ok-sos001,2015,Sagene,Begge kjønn,50-59,Antall mottakere av AAP,349
EliminatedValue,3,30103,0,5,0,ok-sos001,2015,Sagene,Begge kjønn,60+,Antall mottakere av AAP,128
EliminatedValue,3,30103,1,0,0,ok-sos001,2015,Sagene,Menn,Alder i alt,Antall mottakere av AAP,727
EliminatedValue,3,30103,1,1,0,ok-sos001,2015,Sagene,Menn,Under 30,Antall mottakere av AAP,125
EliminatedValue,3,30103,1,2,0,ok-sos001,2015,Sagene,Menn,30-39,Antall mottakere av AAP,172
EliminatedValue,3,30103,1,3,0,ok-sos001,2015,Sagene,Menn,40-49,Antall mottakere av AAP,188
EliminatedValue,3,30103,1,4,0,ok-sos001,2015,Sagene,Menn,50-59,Antall mottakere av AAP,175
EliminatedValue,3,30103,1,5,0,ok-sos001,2015,Sagene,Menn,60+,Antall mottakere av AAP,67
EliminatedValue,3,30103,2,0,0,ok-sos001,2015,Sagene,Kvinner,Alder i alt,Antall mottakere av AAP,829
EliminatedValue,3,30103,2,1,0,ok-sos001,2015,Sagene,Kvinner,Under 30,Antall mottakere av AAP,178
EliminatedValue,3,30103,2,2,0,ok-sos001,2015,Sagene,Kvinner,30-39,Antall mottakere av AAP,222
EliminatedValue,3,30103,2,3,0,ok-sos001,2015,Sagene,Kvinner,40-49,Antall mottakere av AAP,194
EliminatedValue,3,30103,2,4,0,ok-sos001,2015,Sagene,Kvinner,50-59,Antall mottakere av AAP,174
EliminatedValue,3,30103,2,5,0,ok-sos001,2015,Sagene,Kvinner,60+,Antall mottakere av AAP,61
EliminatedValue,3,30104,0,0,0,ok-sos001,2015,St. Hanshaugen,Begge kjønn,Alder i alt,Antall mottakere av AAP,1184
EliminatedValue,3,30104,0,1,0,ok-sos001,2015,St. Hanshaugen,Begge kjønn,Under 30,Antall mottakere av AAP,276
EliminatedValue,3,30104,0,2,0,ok-sos001,2015,St. Hanshaugen,Begge kjønn,30-39,Antall mottakere av AAP,342
EliminatedValue,3,30104,0,3,0,ok-sos001,2015,St. Hanshaugen,Begge kjønn,40-49,Antall mottakere av AAP,247
EliminatedValue,3,30104,0,4,0,ok-sos001,2015,St. Hanshaugen,Begge kjønn,50-59,Antall mottakere av AAP,231
EliminatedValue,3,30104,0,5,0,ok-sos001,2015,St. Hanshaugen,Begge kjønn,60+,Antall mottakere av AAP,88
EliminatedValue,3,30104,1,0,0,ok-sos001,2015,St. Hanshaugen,Menn,Alder i alt,Antall mottakere av AAP,518
EliminatedValue,3,30104,1,1,0,ok-sos001,2015,St. Hanshaugen,Menn,Under 30,Antall mottakere av AAP,102
EliminatedValue,3,30104,1,2,0,ok-sos001,2015,St. Hanshaugen,Menn,30-39,Antall mottakere av AAP,153
EliminatedValue,3,30104,1,3,0,ok-sos001,2015,St. Hanshaugen,Menn,40-49,Antall mottakere av AAP,123
EliminatedValue,3,30104,1,4,0,ok-sos001,2015,St. Hanshaugen,Menn,50-59,Antall mottakere av AAP,105
EliminatedValue,3,30104,1,5,0,ok-sos001,2015,St. Hanshaugen,Menn,60+,Antall mottakere av AAP,35
EliminatedValue,3,30104,2,0,0,ok-sos001,2015,St. Hanshaugen,Kvinner,Alder i alt,Antall mottakere av AAP,666
EliminatedValue,3,30104,2,1,0,ok-sos001,2015,St. Hanshaugen,Kvinner,Under 30,Antall mottakere av AAP,174
EliminatedValue,3,30104,2,2,0,ok-sos001,2015,St. Hanshaugen,Kvinner,30-39,Antall mottakere av AAP,189
EliminatedValue,3,30104,2,3,0,ok-sos001,2015,St. Hanshaugen,Kvinner,40-49,Antall mottakere av AAP,124
EliminatedValue,3,30104,2,4,0,ok-sos001,2015,St. Hanshaugen,Kvinner,50-59,Antall mottakere av AAP,126
EliminatedValue,3,30104,2,5,0,ok-sos001,2015,St. Hanshaugen,Kvinner,60+,Antall mottakere av AAP,53
EliminatedValue,3,30105,0,0,0,ok-sos001,2015,Frogner,Begge kjønn,Alder i alt,Antall mottakere av AAP,1475
EliminatedValue,3,30105,0,1,0,ok-sos001,2015,Frogner,Begge kjønn,Under 30,Antall mottakere av AAP,295
EliminatedValue,3,30105,0,2,0,ok-sos001,2015,Frogner,Begge kjønn,30-39,Antall mottakere av AAP,308
EliminatedValue,3,30105,0,3,0,ok-sos001,2015,Frogner,Begge kjønn,40-49,Antall mottakere av AAP,366
EliminatedValue,3,30105,0,4,0,ok-sos001,2015,Frogner,Begge kjønn,50-59,Antall mottakere av AAP,337
EliminatedValue,3,30105,0,5,0,ok-sos001,2015,Frogner,Begge kjønn,60+,Antall mottakere av AAP,169
EliminatedValue,3,30105,1,0,0,ok-sos001,2015,Frogner,Menn,Alder i alt,Antall mottakere av AAP,612
EliminatedValue,3,30105,1,1,0,ok-sos001,2015,Frogner,Menn,Under 30,Antall mottakere av AAP,112
EliminatedValue,3,30105,1,2,0,ok-sos001,2015,Frogner,Menn,30-39,Antall mottakere av AAP,128
EliminatedValue,3,30105,1,3,0,ok-sos001,2015,Frogner,Menn,40-49,Antall mottakere av AAP,159
EliminatedValue,3,30105,1,4,0,ok-sos001,2015,Frogner,Menn,50-59,Antall mottakere av AAP,144
EliminatedValue,3,30105,1,5,0,ok-sos001,2015,Frogner,Menn,60+,Antall mottakere av AAP,69
EliminatedValue,3,30105,2,0,0,ok-sos001,2015,Frogner,Kvinner,Alder i alt,Antall mottakere av AAP,863
EliminatedValue,3,30105,2,1,0,ok-sos001,2015,Frogner,Kvinner,Under 30,Antall mottakere av AAP,183
EliminatedValue,3,30105,2,2,0,ok-sos001,2015,Frogner,Kvinner,30-39,Antall mottakere av AAP,180
EliminatedValue,3,30105,2,3,0,ok-sos001,2015,Frogner,Kvinner,40-49,Antall mottakere av AAP,207
EliminatedValue,3,30105,2,4,0,ok-sos001,2015,Frogner,Kvinner,50-59,Antall mottakere av AAP,193
EliminatedValue,3,30105,2,5,0,ok-sos001,2015,Frogner,Kvinner,60+,Antall mottakere av AAP,100
EliminatedValue,3,30106,0,0,0,ok-sos001,2015,Ullern,Begge kjønn,Alder i alt,Antall mottakere av AAP,614
EliminatedValue,3,30106,0,1,0,ok-sos001,2015,Ullern,Begge kjønn,Under 30,Antall mottakere av AAP,87
EliminatedValue,3,30106,0,2,0,ok-sos001,2015,Ullern,Begge kjønn,30-39,Antall mottakere av AAP,108
EliminatedValue,3,30106,0,3,0,ok-sos001,2015,Ullern,Begge kjønn,40-49,Antall mottakere av AAP,145
EliminatedValue,3,30106,0,4,0,ok-sos001,2015,Ullern,Begge kjønn,50-59,Antall mottakere av AAP,178
EliminatedValue,3,30106,0,5,0,ok-sos001,2015,Ullern,Begge kjønn,60+,Antall mottakere av AAP,96
EliminatedValue,3,30106,1,0,0,ok-sos001,2015,Ullern,Menn,Alder i alt,Antall mottakere av AAP,251
EliminatedValue,3,30106,1,1,0,ok-sos001,2015,Ullern,Menn,Under 30,Antall mottakere av AAP,48
EliminatedValue,3,30106,1,2,0,ok-sos001,2015,Ullern,Menn,30-39,Antall mottakere av AAP,43
EliminatedValue,3,30106,1,3,0,ok-sos001,2015,Ullern,Menn,40-49,Antall mottakere av AAP,53
EliminatedValue,3,30106,1,4,0,ok-sos001,2015,Ullern,Menn,50-59,Antall mottakere av AAP,75
EliminatedValue,3,30106,1,5,0,ok-sos001,2015,Ullern,Menn,60+,Antall mottakere av AAP,32
EliminatedValue,3,30106,2,0,0,ok-sos001,2015,Ullern,Kvinner,Alder i alt,Antall mottakere av AAP,363
EliminatedValue,3,30106,2,1,0,ok-sos001,2015,Ullern,Kvinner,Under 30,Antall mottakere av AAP,39
EliminatedValue,3,30106,2,2,0,ok-sos001,2015,Ullern,Kvinner,30-39,Antall mottakere av AAP,65
EliminatedValue,3,30106,2,3,0,ok-sos001,2015,Ullern,Kvinner,40-49,Antall mottakere av AAP,92
EliminatedValue,3,30106,2,4,0,ok-sos001,2015,Ullern,Kvinner,50-59,Antall mottakere av AAP,103
EliminatedValue,3,30106,2,5,0,ok-sos001,2015,Ullern,Kvinner,60+,Antall mottakere av AAP,64
EliminatedValue,3,30107,0,0,0,ok-sos001,2015,Vestre Aker,Begge kjønn,Alder i alt,Antall mottakere av AAP,860
EliminatedValue,3,30107,0,1,0,ok-sos001,2015,Vestre Aker,Begge kjønn,Under 30,Antall mottakere av AAP,106
EliminatedValue,3,30107,0,2,0,ok-sos001,2015,Vestre Aker,Begge kjønn,30-39,Antall mottakere av AAP,151
EliminatedValue,3,30107,0,3,0,ok-sos001,2015,Vestre Aker,Begge kjønn,40-49,Antall mottakere av AAP,226
EliminatedValue,3,30107,0,4,0,ok-sos001,2015,Vestre Aker,Begge kjønn,50-59,Antall mottakere av AAP,246
EliminatedValue,3,30107,0,5,0,ok-sos001,2015,Vestre Aker,Begge kjønn,60+,Antall mottakere av AAP,131
EliminatedValue,3,30107,1,0,0,ok-sos001,2015,Vestre Aker,Menn,Alder i alt,Antall mottakere av AAP,303
EliminatedValue,3,30107,1,1,0,ok-sos001,2015,Vestre Aker,Menn,Under 30,Antall mottakere av AAP,51
EliminatedValue,3,30107,1,2,0,ok-sos001,2015,Vestre Aker,Menn,30-39,Antall mottakere av AAP,52
EliminatedValue,3,30107,1,3,0,ok-sos001,2015,Vestre Aker,Menn,40-49,Antall mottakere av AAP,66
EliminatedValue,3,30107,1,4,0,ok-sos001,2015,Vestre Aker,Menn,50-59,Antall mottakere av AAP,86
EliminatedValue,3,30107,1,5,0,ok-sos001,2015,Vestre Aker,Menn,60+,Antall mottakere av AAP,48
EliminatedValue,3,30107,2,0,0,ok-sos001,2015,Vestre Aker,Kvinner,Alder i alt,Antall mottakere av AAP,557
EliminatedValue,3,30107,2,1,0,ok-sos001,2015,Vestre Aker,Kvinner,Under 30,Antall mottakere av AAP,55
EliminatedValue,3,30107,2,2,0,ok-sos001,2015,Vestre Aker,Kvinner,30-39,Antall mottakere av AAP,99
EliminatedValue,3,30107,2,3,0,ok-sos001,2015,Vestre Aker,Kvinner,40-49,Antall mottakere av AAP,160
EliminatedValue,3,30107,2,4,0,ok-sos001,2015,Vestre Aker,Kvinner,50-59,Antall mottakere av AAP,160
EliminatedValue,3,30107,2,5,0,ok-sos001,2015,Vestre Aker,Kvinner,60+,Antall mottakere av AAP,83
EliminatedValue,3,30108,0,0,0,ok-sos001,2015,Nordre Aker,Begge kjønn,Alder i alt,Antall mottakere av AAP,969
EliminatedValue,3,30108,0,1,0,ok-sos001,2015,Nordre Aker,Begge kjønn,Under 30,Antall mottakere av AAP,182
EliminatedValue,3,30108,0,2,0,ok-sos001,2015,Nordre Aker,Begge kjønn,30-39,Antall mottakere av AAP,188
EliminatedValue,3,30108,0,3,0,ok-sos001,2015,Nordre Aker,Begge kjønn,40-49,Antall mottakere av AAP,271
EliminatedValue,3,30108,0,4,0,ok-sos001,2015,Nordre Aker,Begge kjønn,50-59,Antall mottakere av AAP,213
EliminatedValue,3,30108,0,5,0,ok-sos001,2015,Nordre Aker,Begge kjønn,60+,Antall mottakere av AAP,115
EliminatedValue,3,30108,1,0,0,ok-sos001,2015,Nordre Aker,Menn,Alder i alt,Antall mottakere av AAP,389
EliminatedValue,3,30108,1,1,0,ok-sos001,2015,Nordre Aker,Menn,Under 30,Antall mottakere av AAP,90
EliminatedValue,3,30108,1,2,0,ok-sos001,2015,Nordre Aker,Menn,30-39,Antall mottakere av AAP,80
EliminatedValue,3,30108,1,3,0,ok-sos001,2015,Nordre Aker,Menn,40-49,Antall mottakere av AAP,86
EliminatedValue,3,30108,1,4,0,ok-sos001,2015,Nordre Aker,Menn,50-59,Antall mottakere av AAP,83
EliminatedValue,3,30108,1,5,0,ok-sos001,2015,Nordre Aker,Menn,60+,Antall mottakere av AAP,50
EliminatedValue,3,30108,2,0,0,ok-sos001,2015,Nordre Aker,Kvinner,Alder i alt,Antall mottakere av AAP,580
EliminatedValue,3,30108,2,1,0,ok-sos001,2015,Nordre Aker,Kvinner,Under 30,Antall mottakere av AAP,92
EliminatedValue,3,30108,2,2,0,ok-sos001,2015,Nordre Aker,Kvinner,30-39,Antall mottakere av AAP,108
EliminatedValue,3,30108,2,3,0,ok-sos001,2015,Nordre Aker,Kvinner,40-49,Antall mottakere av AAP,185
EliminatedValue,3,30108,2,4,0,ok-sos001,2015,Nordre Aker,Kvinner,50-59,Antall mottakere av AAP,130
EliminatedValue,3,30108,2,5,0,ok-sos001,2015,Nordre Aker,Kvinner,60+,Antall mottakere av AAP,65
EliminatedValue,3,30109,0,0,0,ok-sos001,2015,Bjerke,Begge kjønn,Alder i alt,Antall mottakere av AAP,801
EliminatedValue,3,30109,0,1,0,ok-sos001,2015,Bjerke,Begge kjønn,Under 30,Antall mottakere av AAP,102
EliminatedValue,3,30109,0,2,0,ok-sos001,2015,Bjerke,Begge kjønn,30-39,Antall mottakere av AAP,168
EliminatedValue,3,30109,0,3,0,ok-sos001,2015,Bjerke,Begge kjønn,40-49,Antall mottakere av AAP,243
EliminatedValue,3,30109,0,4,0,ok-sos001,2015,Bjerke,Begge kjønn,50-59,Antall mottakere av AAP,209
EliminatedValue,3,30109,0,5,0,ok-sos001,2015,Bjerke,Begge kjønn,60+,Antall mottakere av AAP,79
EliminatedValue,3,30109,1,0,0,ok-sos001,2015,Bjerke,Menn,Alder i alt,Antall mottakere av AAP,358
EliminatedValue,3,30109,1,1,0,ok-sos001,2015,Bjerke,Menn,Under 30,Antall mottakere av AAP,51
EliminatedValue,3,30109,1,2,0,ok-sos001,2015,Bjerke,Menn,30-39,Antall mottakere av AAP,63
EliminatedValue,3,30109,1,3,0,ok-sos001,2015,Bjerke,Menn,40-49,Antall mottakere av AAP,98
EliminatedValue,3,30109,1,4,0,ok-sos001,2015,Bjerke,Menn,50-59,Antall mottakere av AAP,104
EliminatedValue,3,30109,1,5,0,ok-sos001,2015,Bjerke,Menn,60+,Antall mottakere av AAP,42
EliminatedValue,3,30109,2,0,0,ok-sos001,2015,Bjerke,Kvinner,Alder i alt,Antall mottakere av AAP,443
EliminatedValue,3,30109,2,1,0,ok-sos001,2015,Bjerke,Kvinner,Under 30,Antall mottakere av AAP,51
EliminatedValue,3,30109,2,2,0,ok-sos001,2015,Bjerke,Kvinner,30-39,Antall mottakere av AAP,105
EliminatedValue,3,30109,2,3,0,ok-sos001,2015,Bjerke,Kvinner,40-49,Antall mottakere av AAP,145
EliminatedValue,3,30109,2,4,0,ok-sos001,2015,Bjerke,Kvinner,50-59,Antall mottakere av AAP,105
EliminatedValue,3,30109,2,5,0,ok-sos001,2015,Bjerke,Kvinner,60+,Antall mottakere av AAP,37
EliminatedValue,3,30110,0,0,0,ok-sos001,2015,Grorud,Begge kjønn,Alder i alt,Antall mottakere av AAP,864
EliminatedValue,3,30110,0,1,0,ok-sos001,2015,Grorud,Begge kjønn,Under 30,Antall mottakere av AAP,111
EliminatedValue,3,30110,0,2,0,ok-sos001,2015,Grorud,Begge kjønn,30-39,Antall mottakere av AAP,178
EliminatedValue,3,30110,0,3,0,ok-sos001,2015,Grorud,Begge kjønn,40-49,Antall mottakere av AAP,272
EliminatedValue,3,30110,0,4,0,ok-sos001,2015,Grorud,Begge kjønn,50-59,Antall mottakere av AAP,207
EliminatedValue,3,30110,0,5,0,ok-sos001,2015,Grorud,Begge kjønn,60+,Antall mottakere av AAP,96
EliminatedValue,3,30110,1,0,0,ok-sos001,2015,Grorud,Menn,Alder i alt,Antall mottakere av AAP,375
EliminatedValue,3,30110,1,1,0,ok-sos001,2015,Grorud,Menn,Under 30,Antall mottakere av AAP,49
EliminatedValue,3,30110,1,2,0,ok-sos001,2015,Grorud,Menn,30-39,Antall mottakere av AAP,78
EliminatedValue,3,30110,1,3,0,ok-sos001,2015,Grorud,Menn,40-49,Antall mottakere av AAP,112
EliminatedValue,3,30110,1,4,0,ok-sos001,2015,Grorud,Menn,50-59,Antall mottakere av AAP,90
EliminatedValue,3,30110,1,5,0,ok-sos001,2015,Grorud,Menn,60+,Antall mottakere av AAP,46
EliminatedValue,3,30110,2,0,0,ok-sos001,2015,Grorud,Kvinner,Alder i alt,Antall mottakere av AAP,489
EliminatedValue,3,30110,2,1,0,ok-sos001,2015,Grorud,Kvinner,Under 30,Antall mottakere av AAP,62
EliminatedValue,3,30110,2,2,0,ok-sos001,2015,Grorud,Kvinner,30-39,Antall mottakere av AAP,100
EliminatedValue,3,30110,2,3,0,ok-sos001,2015,Grorud,Kvinner,40-49,Antall mottakere av AAP,160
EliminatedValue,3,30110,2,4,0,ok-sos001,2015,Grorud,Kvinner,50-59,Antall mottakere av AAP,117
EliminatedValue,3,30110,2,5,0,ok-sos001,2015,Grorud,Kvinner,60+,Antall mottakere av AAP,50
EliminatedValue,3,30111,0,0,0,ok-sos001,2015,Stovner,Begge kjønn,Alder i alt,Antall mottakere av AAP,823
EliminatedValue,3,30111,0,1,0,ok-sos001,2015,Stovner,Begge kjønn,Under 30,Antall mottakere av AAP,101
EliminatedValue,3,30111,0,2,0,ok-sos001,2015,Stovner,Begge kjønn,30-39,Antall mottakere av AAP,154
EliminatedValue,3,30111,0,3,0,ok-sos001,2015,Stovner,Begge kjønn,40-49,Antall mottakere av AAP,269
EliminatedValue,3,30111,0,4,0,ok-sos001,2015,Stovner,Begge kjønn,50-59,Antall mottakere av AAP,235
EliminatedValue,3,30111,0,5,0,ok-sos001,2015,Stovner,Begge kjønn,60+,Antall mottakere av AAP,64
EliminatedValue,3,30111,1,0,0,ok-sos001,2015,Stovner,Menn,Alder i alt,Antall mottakere av AAP,378
EliminatedValue,3,30111,1,1,0,ok-sos001,2015,Stovner,Menn,Under 30,Antall mottakere av AAP,53
EliminatedValue,3,30111,1,2,0,ok-sos001,2015,Stovner,Menn,30-39,Antall mottakere av AAP,56
EliminatedValue,3,30111,1,3,0,ok-sos001,2015,Stovner,Menn,40-49,Antall mottakere av AAP,116
EliminatedValue,3,30111,1,4,0,ok-sos001,2015,Stovner,Menn,50-59,Antall mottakere av AAP,120
EliminatedValue,3,30111,1,5,0,ok-sos001,2015,Stovner,Menn,60+,Antall mottakere av AAP,33
EliminatedValue,3,30111,2,0,0,ok-sos001,2015,Stovner,Kvinner,Alder i alt,Antall mottakere av AAP,445
EliminatedValue,3,30111,2,1,0,ok-sos001,2015,Stovner,Kvinner,Under 30,Antall mottakere av AAP,48
EliminatedValue,3,30111,2,2,0,ok-sos001,2015,Stovner,Kvinner,30-39,Antall mottakere av AAP,98
EliminatedValue,3,30111,2,3,0,ok-sos001,2015,Stovner,Kvinner,40-49,Antall mottakere av AAP,153
EliminatedValue,3,30111,2,4,0,ok-sos001,2015,Stovner,Kvinner,50-59,Antall mottakere av AAP,115
EliminatedValue,3,30111,2,5,0,ok-sos001,2015,Stovner,Kvinner,60+,Antall mottakere av AAP,31
EliminatedValue,3,30112,0,0,0,ok-sos001,2015,Alna,Begge kjønn,Alder i alt,Antall mottakere av AAP,2040
EliminatedValue,3,30112,0,1,0,ok-sos001,2015,Alna,Begge kjønn,Under 30,Antall mottakere av AAP,235
EliminatedValue,3,30112,0,2,0,ok-sos001,2015,Alna,Begge kjønn,30-39,Antall mottakere av AAP,425
EliminatedValue,3,30112,0,3,0,ok-sos001,2015,Alna,Begge kjønn,40-49,Antall mottakere av AAP,629
EliminatedValue,3,30112,0,4,0,ok-sos001,2015,Alna,Begge kjønn,50-59,Antall mottakere av AAP,550
EliminatedValue,3,30112,0,5,0,ok-sos001,2015,Alna,Begge kjønn,60+,Antall mottakere av AAP,201
EliminatedValue,3,30112,1,0,0,ok-sos001,2015,Alna,Menn,Alder i alt,Antall mottakere av AAP,921
EliminatedValue,3,30112,1,1,0,ok-sos001,2015,Alna,Menn,Under 30,Antall mottakere av AAP,117
EliminatedValue,3,30112,1,2,0,ok-sos001,2015,Alna,Menn,30-39,Antall mottakere av AAP,184
EliminatedValue,3,30112,1,3,0,ok-sos001,2015,Alna,Menn,40-49,Antall mottakere av AAP,244
EliminatedValue,3,30112,1,4,0,ok-sos001,2015,Alna,Menn,50-59,Antall mottakere av AAP,270
EliminatedValue,3,30112,1,5,0,ok-sos001,2015,Alna,Menn,60+,Antall mottakere av AAP,106
EliminatedValue,3,30112,2,0,0,ok-sos001,2015,Alna,Kvinner,Alder i alt,Antall mottakere av AAP,1119
EliminatedValue,3,30112,2,1,0,ok-sos001,2015,Alna,Kvinner,Under 30,Antall mottakere av AAP,118
EliminatedValue,3,30112,2,2,0,ok-sos001,2015,Alna,Kvinner,30-39,Antall mottakere av AAP,241
EliminatedValue,3,30112,2,3,0,ok-sos001,2015,Alna,Kvinner,40-49,Antall mottakere av AAP,385
EliminatedValue,3,30112,2,4,0,ok-sos001,2015,Alna,Kvinner,50-59,Antall mottakere av AAP,280
EliminatedValue,3,30112,2,5,0,ok-sos001,2015,Alna,Kvinner,60+,Antall mottakere av AAP,95
EliminatedValue,3,30113,0,0,0,ok-sos001,2015,Østensjø,Begge kjønn,Alder i alt,Antall mottakere av AAP,1482
EliminatedValue,3,30113,0,1,0,ok-sos001,2015,Østensjø,Begge kjønn,Under 30,Antall mottakere av AAP,199
EliminatedValue,3,30113,0,2,0,ok-sos001,2015,Østensjø,Begge kjønn,30-39,Antall mottakere av AAP,271
EliminatedValue,3,30113,0,3,0,ok-sos001,2015,Østensjø,Begge kjønn,40-49,Antall mottakere av AAP,400
EliminatedValue,3,30113,0,4,0,ok-sos001,2015,Østensjø,Begge kjønn,50-59,Antall mottakere av AAP,430
EliminatedValue,3,30113,0,5,0,ok-sos001,2015,Østensjø,Begge kjønn,60+,Antall mottakere av AAP,182
EliminatedValue,3,30113,1,0,0,ok-sos001,2015,Østensjø,Menn,Alder i alt,Antall mottakere av AAP,574
EliminatedValue,3,30113,1,1,0,ok-sos001,2015,Østensjø,Menn,Under 30,Antall mottakere av AAP,88
EliminatedValue,3,30113,1,2,0,ok-sos001,2015,Østensjø,Menn,30-39,Antall mottakere av AAP,95
EliminatedValue,3,30113,1,3,0,ok-sos001,2015,Østensjø,Menn,40-49,Antall mottakere av AAP,139
EliminatedValue,3,30113,1,4,0,ok-sos001,2015,Østensjø,Menn,50-59,Antall mottakere av AAP,179
EliminatedValue,3,30113,1,5,0,ok-sos001,2015,Østensjø,Menn,60+,Antall mottakere av AAP,73
EliminatedValue,3,30113,2,0,0,ok-sos001,2015,Østensjø,Kvinner,Alder i alt,Antall mottakere av AAP,908
EliminatedValue,3,30113,2,1,0,ok-sos001,2015,Østensjø,Kvinner,Under 30,Antall mottakere av AAP,111
EliminatedValue,3,30113,2,2,0,ok-sos001,2015,Østensjø,Kvinner,30-39,Antall mottakere av AAP,176
EliminatedValue,3,30113,2,3,0,ok-sos001,2015,Østensjø,Kvinner,40-49,Antall mottakere av AAP,261
EliminatedValue,3,30113,2,4,0,ok-sos001,2015,Østensjø,Kvinner,50-59,Antall mottakere av AAP,251
EliminatedValue,3,30113,2,5,0,ok-sos001,2015,Østensjø,Kvinner,60+,Antall mottakere av AAP,109
EliminatedValue,3,30114,0,0,0,ok-sos001,2015,Nordstrand,Begge kjønn,Alder i alt,Antall mottakere av AAP,1190
EliminatedValue,3,30114,0,1,0,ok-sos001,2015,Nordstrand,Begge kjønn,Under 30,Antall mottakere av AAP,193
EliminatedValue,3,30114,0,2,0,ok-sos001,2015,Nordstrand,Begge kjønn,30-39,Antall mottakere av AAP,228
EliminatedValue,3,30114,0,3,0,ok-sos001,2015,Nordstrand,Begge kjønn,40-49,Antall mottakere av AAP,299
EliminatedValue,3,30114,0,4,0,ok-sos001,2015,Nordstrand,Begge kjønn,50-59,Antall mottakere av AAP,320
EliminatedValue,3,30114,0,5,0,ok-sos001,2015,Nordstrand,Begge kjønn,60+,Antall mottakere av AAP,150
EliminatedValue,3,30114,1,0,0,ok-sos001,2015,Nordstrand,Menn,Alder i alt,Antall mottakere av AAP,448
EliminatedValue,3,30114,1,1,0,ok-sos001,2015,Nordstrand,Menn,Under 30,Antall mottakere av AAP,76
EliminatedValue,3,30114,1,2,0,ok-sos001,2015,Nordstrand,Menn,30-39,Antall mottakere av AAP,83
EliminatedValue,3,30114,1,3,0,ok-sos001,2015,Nordstrand,Menn,40-49,Antall mottakere av AAP,111
EliminatedValue,3,30114,1,4,0,ok-sos001,2015,Nordstrand,Menn,50-59,Antall mottakere av AAP,125
EliminatedValue,3,30114,1,5,0,ok-sos001,2015,Nordstrand,Menn,60+,Antall mottakere av AAP,53
EliminatedValue,3,30114,2,0,0,ok-sos001,2015,Nordstrand,Kvinner,Alder i alt,Antall mottakere av AAP,742
EliminatedValue,3,30114,2,1,0,ok-sos001,2015,Nordstrand,Kvinner,Under 30,Antall mottakere av AAP,117
EliminatedValue,3,30114,2,2,0,ok-sos001,2015,Nordstrand,Kvinner,30-39,Antall mottakere av AAP,145
EliminatedValue,3,30114,2,3,0,ok-sos001,2015,Nordstrand,Kvinner,40-49,Antall mottakere av AAP,188
EliminatedValue,3,30114,2,4,0,ok-sos001,2015,Nordstrand,Kvinner,50-59,Antall mottakere av AAP,195
EliminatedValue,3,30114,2,5,0,ok-sos001,2015,Nordstrand,Kvinner,60+,Antall mottakere av AAP,97
EliminatedValue,3,30115,0,0,0,ok-sos001,2015,Søndre Nordstrand,Begge kjønn,Alder i alt,Antall mottakere av AAP,1167
EliminatedValue,3,30115,0,1,0,ok-sos001,2015,Søndre Nordstrand,Begge kjønn,Under 30,Antall mottakere av AAP,158
EliminatedValue,3,30115,0,2,0,ok-sos001,2015,Søndre Nordstrand,Begge kjønn,30-39,Antall mottakere av AAP,235
EliminatedValue,3,30115,0,3,0,ok-sos001,2015,Søndre Nordstrand,Begge kjønn,40-49,Antall mottakere av AAP,332
EliminatedValue,3,30115,0,4,0,ok-sos001,2015,Søndre Nordstrand,Begge kjønn,50-59,Antall mottakere av AAP,328
EliminatedValue,3,30115,0,5,0,ok-sos001,2015,Søndre Nordstrand,Begge kjønn,60+,Antall mottakere av AAP,114
EliminatedValue,3,30115,1,0,0,ok-sos001,2015,Søndre Nordstrand,Menn,Alder i alt,Antall mottakere av AAP,506
EliminatedValue,3,30115,1,1,0,ok-sos001,2015,Søndre Nordstrand,Menn,Under 30,Antall mottakere av AAP,75
EliminatedValue,3,30115,1,2,0,ok-sos001,2015,Søndre Nordstrand,Menn,30-39,Antall mottakere av AAP,91
EliminatedValue,3,30115,1,3,0,ok-sos001,2015,Søndre Nordstrand,Menn,40-49,Antall mottakere av AAP,121
EliminatedValue,3,30115,1,4,0,ok-sos001,2015,Søndre Nordstrand,Menn,50-59,Antall mottakere av AAP,149
EliminatedValue,3,30115,1,5,0,ok-sos001,2015,Søndre Nordstrand,Menn,60+,Antall mottakere av AAP,70
EliminatedValue,3,30115,2,0,0,ok-sos001,2015,Søndre Nordstrand,Kvinner,Alder i alt,Antall mottakere av AAP,661
EliminatedValue,3,30115,2,1,0,ok-sos001,2015,Søndre Nordstrand,Kvinner,Under 30,Antall mottakere av AAP,83
EliminatedValue,3,30115,2,2,0,ok-sos001,2015,Søndre Nordstrand,Kvinner,30-39,Antall mottakere av AAP,144
EliminatedValue,3,30115,2,3,0,ok-sos001,2015,Søndre Nordstrand,Kvinner,40-49,Antall mottakere av AAP,211
EliminatedValue,3,30115,2,4,0,ok-sos001,2015,Søndre Nordstrand,Kvinner,50-59,Antall mottakere av AAP,179
EliminatedValue,3,30115,2,5,0,ok-sos001,2015,Søndre Nordstrand,Kvinner,60+,Antall mottakere av AAP,44
EliminatedValue,3,30116,0,0,0,ok-sos001,2015,Sentrum,Begge kjønn,Alder i alt,Antall mottakere av AAP,
EliminatedValue,3,30116,0,1,0,ok-sos001,2015,Sentrum,Begge kjønn,Under 30,Antall mottakere av AAP,
EliminatedValue,3,30116,0,2,0,ok-sos001,2015,Sentrum,Begge kjønn,30-39,Antall mottakere av AAP,
EliminatedValue,3,30116,0,3,0,ok-sos001,2015,Sentrum,Begge kjønn,40-49,Antall mottakere av AAP,
EliminatedValue,3,30116,0,4,0,ok-sos001,2015,Sentrum,Begge kjønn,50-59,Antall mottakere av AAP,
EliminatedValue,3,30116,0,5,0,ok-sos001,2015,Sentrum,Begge kjønn,60+,Antall mottakere av AAP,
EliminatedValue,3,30116,1,0,0,ok-sos001,2015,Sentrum,Menn,Alder i alt,Antall mottakere av AAP,
EliminatedValue,3,30116,1,1,0,ok-sos001,2015,Sentrum,Menn,Under 30,Antall mottakere av AAP,
EliminatedValue,3,30116,1,2,0,ok-sos001,2015,Sentrum,Menn,30-39,Antall mottakere av AAP,
EliminatedValue,3,30116,1,3,0,ok-sos001,2015,Sentrum,Menn,40-49,Antall mottakere av AAP,
EliminatedValue,3,30116,1,4,0,ok-sos001,2015,Sentrum,Menn,50-59,Antall mottakere av AAP,
EliminatedValue,3,30116,1,5,0,ok-sos001,2015,Sentrum,Menn,60+,Antall mottakere av AAP,
EliminatedValue,3,30116,2,0,0,ok-sos001,2015,Sentrum,Kvinner,Alder i alt,Antall mottakere av AAP,
EliminatedValue,3,30116,2,1,0,ok-sos001,2015,Sentrum,Kvinner,Under 30,Antall mottakere av AAP,
EliminatedValue,3,30116,2,2,0,ok-sos001,2015,Sentrum,Kvinner,30-39,Antall mottakere av AAP,
EliminatedValue,3,30116,2,3,0,ok-sos001,2015,Sentrum,Kvinner,40-49,Antall mottakere av AAP,
EliminatedValue,3,30116,2,4,0,ok-sos001,2015,Sentrum,Kvinner,50-59,Antall mottakere av AAP,
EliminatedValue,3,30116,2,5,0,ok-sos001,2015,Sentrum,Kvinner,60+,Antall mottakere av AAP,
EliminatedValue,3,30117,0,0,0,ok-sos001,2015,Marka,Begge kjønn,Alder i alt,Antall mottakere av AAP,
EliminatedValue,3,30117,0,1,0,ok-sos001,2015,Marka,Begge kjønn,Under 30,Antall mottakere av AAP,
EliminatedValue,3,30117,0,2,0,ok-sos001,2015,Marka,Begge kjønn,30-39,Antall mottakere av AAP,
EliminatedValue,3,30117,0,3,0,ok-sos001,2015,Marka,Begge kjønn,40-49,Antall mottakere av AAP,
EliminatedValue,3,30117,0,4,0,ok-sos001,2015,Marka,Begge kjønn,50-59,Antall mottakere av AAP,
EliminatedValue,3,30117,0,5,0,ok-sos001,2015,Marka,Begge kjønn,60+,Antall mottakere av AAP,
EliminatedValue,3,30117,1,0,0,ok-sos001,2015,Marka,Menn,Alder i alt,Antall mottakere av AAP,
EliminatedValue,3,30117,1,1,0,ok-sos001,2015,Marka,Menn,Under 30,Antall mottakere av AAP,
EliminatedValue,3,30117,1,2,0,ok-sos001,2015,Marka,Menn,30-39,Antall mottakere av AAP,
EliminatedValue,3,30117,1,3,0,ok-sos001,2015,Marka,Menn,40-49,Antall mottakere av AAP,
EliminatedValue,3,30117,1,4,0,ok-sos001,2015,Marka,Menn,50-59,Antall mottakere av AAP,
EliminatedValue,3,30117,1,5,0,ok-sos001,2015,Marka,Menn,60+,Antall mottakere av AAP,
EliminatedValue,3,30117,2,0,0,ok-sos001,2015,Marka,Kvinner,Alder i alt,Antall mottakere av AAP,
EliminatedValue,3,30117,2,1,0,ok-sos001,2015,Marka,Kvinner,Under 30,Antall mottakere av AAP,
EliminatedValue,3,30117,2,2,0,ok-sos001,2015,Marka,Kvinner,30-39,Antall mottakere av AAP,
EliminatedValue,3,30117,2,3,0,ok-sos001,2015,Marka,Kvinner,40-49,Antall mottakere av AAP,
EliminatedValue,3,30117,2,4,0,ok-sos001,2015,Marka,Kvinner,50-59,Antall mottakere av AAP,
EliminatedValue,3,30117,2,5,0,ok-sos001,2015,Marka,Kvinner,60+,Antall mottakere av AAP,
EliminatedValue,4,301,0,0,0,ok-sos001,2016,Oslo i alt,Begge kjønn,Alder i alt,Antall mottakere av AAP,18301
EliminatedValue,4,301,0,1,0,ok-sos001,2016,Oslo i alt,Begge kjønn,Under 30,Antall mottakere av AAP,3003
EliminatedValue,4,301,0,2,0,ok-sos001,2016,Oslo i alt,Begge kjønn,30-39,Antall mottakere av AAP,4130
EliminatedValue,4,301,0,3,0,ok-sos001,2016,Oslo i alt,Begge kjønn,40-49,Antall mottakere av AAP,4856
EliminatedValue,4,301,0,4,0,ok-sos001,2016,Oslo i alt,Begge kjønn,50-59,Antall mottakere av AAP,4443
EliminatedValue,4,301,0,5,0,ok-sos001,2016,Oslo i alt,Begge kjønn,60+,Antall mottakere av AAP,1869
EliminatedValue,4,301,1,0,0,ok-sos001,2016,Oslo i alt,Menn,Alder i alt,Antall mottakere av AAP,7810
EliminatedValue,4,301,1,1,0,ok-sos001,2016,Oslo i alt,Menn,Under 30,Antall mottakere av AAP,1269
EliminatedValue,4,301,1,2,0,ok-sos001,2016,Oslo i alt,Menn,30-39,Antall mottakere av AAP,1741
EliminatedValue,4,301,1,3,0,ok-sos001,2016,Oslo i alt,Menn,40-49,Antall mottakere av AAP,1987
EliminatedValue,4,301,1,4,0,ok-sos001,2016,Oslo i alt,Menn,50-59,Antall mottakere av AAP,1940
EliminatedValue,4,301,1,5,0,ok-sos001,2016,Oslo i alt,Menn,60+,Antall mottakere av AAP,873
EliminatedValue,4,301,2,0,0,ok-sos001,2016,Oslo i alt,Kvinner,Alder i alt,Antall mottakere av AAP,10491
EliminatedValue,4,301,2,1,0,ok-sos001,2016,Oslo i alt,Kvinner,Under 30,Antall mottakere av AAP,1734
EliminatedValue,4,301,2,2,0,ok-sos001,2016,Oslo i alt,Kvinner,30-39,Antall mottakere av AAP,2389
EliminatedValue,4,301,2,3,0,ok-sos001,2016,Oslo i alt,Kvinner,40-49,Antall mottakere av AAP,2869
EliminatedValue,4,301,2,4,0,ok-sos001,2016,Oslo i alt,Kvinner,50-59,Antall mottakere av AAP,2503
EliminatedValue,4,301,2,5,0,ok-sos001,2016,Oslo i alt,Kvinner,60+,Antall mottakere av AAP,996
EliminatedValue,4,30101,0,0,0,ok-sos001,2016,Gamle Oslo,Begge kjønn,Alder i alt,Antall mottakere av AAP,1736
EliminatedValue,4,30101,0,1,0,ok-sos001,2016,Gamle Oslo,Begge kjønn,Under 30,Antall mottakere av AAP,289
EliminatedValue,4,30101,0,2,0,ok-sos001,2016,Gamle Oslo,Begge kjønn,30-39,Antall mottakere av AAP,504
EliminatedValue,4,30101,0,3,0,ok-sos001,2016,Gamle Oslo,Begge kjønn,40-49,Antall mottakere av AAP,453
EliminatedValue,4,30101,0,4,0,ok-sos001,2016,Gamle Oslo,Begge kjønn,50-59,Antall mottakere av AAP,370
EliminatedValue,4,30101,0,5,0,ok-sos001,2016,Gamle Oslo,Begge kjønn,60+,Antall mottakere av AAP,120
EliminatedValue,4,30101,1,0,0,ok-sos001,2016,Gamle Oslo,Menn,Alder i alt,Antall mottakere av AAP,838
EliminatedValue,4,30101,1,1,0,ok-sos001,2016,Gamle Oslo,Menn,Under 30,Antall mottakere av AAP,123
EliminatedValue,4,30101,1,2,0,ok-sos001,2016,Gamle Oslo,Menn,30-39,Antall mottakere av AAP,243
EliminatedValue,4,30101,1,3,0,ok-sos001,2016,Gamle Oslo,Menn,40-49,Antall mottakere av AAP,226
EliminatedValue,4,30101,1,4,0,ok-sos001,2016,Gamle Oslo,Menn,50-59,Antall mottakere av AAP,188
EliminatedValue,4,30101,1,5,0,ok-sos001,2016,Gamle Oslo,Menn,60+,Antall mottakere av AAP,58
EliminatedValue,4,30101,2,0,0,ok-sos001,2016,Gamle Oslo,Kvinner,Alder i alt,Antall mottakere av AAP,898
EliminatedValue,4,30101,2,1,0,ok-sos001,2016,Gamle Oslo,Kvinner,Under 30,Antall mottakere av AAP,166
EliminatedValue,4,30101,2,2,0,ok-sos001,2016,Gamle Oslo,Kvinner,30-39,Antall mottakere av AAP,261
EliminatedValue,4,30101,2,3,0,ok-sos001,2016,Gamle Oslo,Kvinner,40-49,Antall mottakere av AAP,227
EliminatedValue,4,30101,2,4,0,ok-sos001,2016,Gamle Oslo,Kvinner,50-59,Antall mottakere av AAP,182
EliminatedValue,4,30101,2,5,0,ok-sos001,2016,Gamle Oslo,Kvinner,60+,Antall mottakere av AAP,62
EliminatedValue,4,30102,0,0,0,ok-sos001,2016,Grünerløkka,Begge kjønn,Alder i alt,Antall mottakere av AAP,1672
EliminatedValue,4,30102,0,1,0,ok-sos001,2016,Grünerløkka,Begge kjønn,Under 30,Antall mottakere av AAP,356
EliminatedValue,4,30102,0,2,0,ok-sos001,2016,Grünerløkka,Begge kjønn,30-39,Antall mottakere av AAP,475
EliminatedValue,4,30102,0,3,0,ok-sos001,2016,Grünerløkka,Begge kjønn,40-49,Antall mottakere av AAP,405
EliminatedValue,4,30102,0,4,0,ok-sos001,2016,Grünerløkka,Begge kjønn,50-59,Antall mottakere av AAP,307
EliminatedValue,4,30102,0,5,0,ok-sos001,2016,Grünerløkka,Begge kjønn,60+,Antall mottakere av AAP,129
EliminatedValue,4,30102,1,0,0,ok-sos001,2016,Grünerløkka,Menn,Alder i alt,Antall mottakere av AAP,784
EliminatedValue,4,30102,1,1,0,ok-sos001,2016,Grünerløkka,Menn,Under 30,Antall mottakere av AAP,146
EliminatedValue,4,30102,1,2,0,ok-sos001,2016,Grünerløkka,Menn,30-39,Antall mottakere av AAP,212
EliminatedValue,4,30102,1,3,0,ok-sos001,2016,Grünerløkka,Menn,40-49,Antall mottakere av AAP,197
EliminatedValue,4,30102,1,4,0,ok-sos001,2016,Grünerløkka,Menn,50-59,Antall mottakere av AAP,159
EliminatedValue,4,30102,1,5,0,ok-sos001,2016,Grünerløkka,Menn,60+,Antall mottakere av AAP,70
EliminatedValue,4,30102,2,0,0,ok-sos001,2016,Grünerløkka,Kvinner,Alder i alt,Antall mottakere av AAP,888
EliminatedValue,4,30102,2,1,0,ok-sos001,2016,Grünerløkka,Kvinner,Under 30,Antall mottakere av AAP,210
EliminatedValue,4,30102,2,2,0,ok-sos001,2016,Grünerløkka,Kvinner,30-39,Antall mottakere av AAP,263
EliminatedValue,4,30102,2,3,0,ok-sos001,2016,Grünerløkka,Kvinner,40-49,Antall mottakere av AAP,208
EliminatedValue,4,30102,2,4,0,ok-sos001,2016,Grünerløkka,Kvinner,50-59,Antall mottakere av AAP,148
EliminatedValue,4,30102,2,5,0,ok-sos001,2016,Grünerløkka,Kvinner,60+,Antall mottakere av AAP,59
EliminatedValue,4,30103,0,0,0,ok-sos001,2016,Sagene,Begge kjønn,Alder i alt,Antall mottakere av AAP,1471
EliminatedValue,4,30103,0,1,0,ok-sos001,2016,Sagene,Begge kjønn,Under 30,Antall mottakere av AAP,301
EliminatedValue,4,30103,0,2,0,ok-sos001,2016,Sagene,Begge kjønn,30-39,Antall mottakere av AAP,385
EliminatedValue,4,30103,0,3,0,ok-sos001,2016,Sagene,Begge kjønn,40-49,Antall mottakere av AAP,368
EliminatedValue,4,30103,0,4,0,ok-sos001,2016,Sagene,Begge kjønn,50-59,Antall mottakere av AAP,311
EliminatedValue,4,30103,0,5,0,ok-sos001,2016,Sagene,Begge kjønn,60+,Antall mottakere av AAP,106
EliminatedValue,4,30103,1,0,0,ok-sos001,2016,Sagene,Menn,Alder i alt,Antall mottakere av AAP,640
EliminatedValue,4,30103,1,1,0,ok-sos001,2016,Sagene,Menn,Under 30,Antall mottakere av AAP,110
EliminatedValue,4,30103,1,2,0,ok-sos001,2016,Sagene,Menn,30-39,Antall mottakere av AAP,149
EliminatedValue,4,30103,1,3,0,ok-sos001,2016,Sagene,Menn,40-49,Antall mottakere av AAP,172
EliminatedValue,4,30103,1,4,0,ok-sos001,2016,Sagene,Menn,50-59,Antall mottakere av AAP,154
EliminatedValue,4,30103,1,5,0,ok-sos001,2016,Sagene,Menn,60+,Antall mottakere av AAP,55
EliminatedValue,4,30103,2,0,0,ok-sos001,2016,Sagene,Kvinner,Alder i alt,Antall mottakere av AAP,831
EliminatedValue,4,30103,2,1,0,ok-sos001,2016,Sagene,Kvinner,Under 30,Antall mottakere av AAP,191
EliminatedValue,4,30103,2,2,0,ok-sos001,2016,Sagene,Kvinner,30-39,Antall mottakere av AAP,236
EliminatedValue,4,30103,2,3,0,ok-sos001,2016,Sagene,Kvinner,40-49,Antall mottakere av AAP,196
EliminatedValue,4,30103,2,4,0,ok-sos001,2016,Sagene,Kvinner,50-59,Antall mottakere av AAP,157
EliminatedValue,4,30103,2,5,0,ok-sos001,2016,Sagene,Kvinner,60+,Antall mottakere av AAP,51
EliminatedValue,4,30104,0,0,0,ok-sos001,2016,St. Hanshaugen,Begge kjønn,Alder i alt,Antall mottakere av AAP,1145
EliminatedValue,4,30104,0,1,0,ok-sos001,2016,St. Hanshaugen,Begge kjønn,Under 30,Antall mottakere av AAP,282
EliminatedValue,4,30104,0,2,0,ok-sos001,2016,St. Hanshaugen,Begge kjønn,30-39,Antall mottakere av AAP,314
EliminatedValue,4,30104,0,3,0,ok-sos001,2016,St. Hanshaugen,Begge kjønn,40-49,Antall mottakere av AAP,233
EliminatedValue,4,30104,0,4,0,ok-sos001,2016,St. Hanshaugen,Begge kjønn,50-59,Antall mottakere av AAP,229
EliminatedValue,4,30104,0,5,0,ok-sos001,2016,St. Hanshaugen,Begge kjønn,60+,Antall mottakere av AAP,87
EliminatedValue,4,30104,1,0,0,ok-sos001,2016,St. Hanshaugen,Menn,Alder i alt,Antall mottakere av AAP,494
EliminatedValue,4,30104,1,1,0,ok-sos001,2016,St. Hanshaugen,Menn,Under 30,Antall mottakere av AAP,102
EliminatedValue,4,30104,1,2,0,ok-sos001,2016,St. Hanshaugen,Menn,30-39,Antall mottakere av AAP,143
EliminatedValue,4,30104,1,3,0,ok-sos001,2016,St. Hanshaugen,Menn,40-49,Antall mottakere av AAP,111
EliminatedValue,4,30104,1,4,0,ok-sos001,2016,St. Hanshaugen,Menn,50-59,Antall mottakere av AAP,105
EliminatedValue,4,30104,1,5,0,ok-sos001,2016,St. Hanshaugen,Menn,60+,Antall mottakere av AAP,33
EliminatedValue,4,30104,2,0,0,ok-sos001,2016,St. Hanshaugen,Kvinner,Alder i alt,Antall mottakere av AAP,651
EliminatedValue,4,30104,2,1,0,ok-sos001,2016,St. Hanshaugen,Kvinner,Under 30,Antall mottakere av AAP,180
EliminatedValue,4,30104,2,2,0,ok-sos001,2016,St. Hanshaugen,Kvinner,30-39,Antall mottakere av AAP,171
EliminatedValue,4,30104,2,3,0,ok-sos001,2016,St. Hanshaugen,Kvinner,40-49,Antall mottakere av AAP,122
EliminatedValue,4,30104,2,4,0,ok-sos001,2016,St. Hanshaugen,Kvinner,50-59,Antall mottakere av AAP,124
EliminatedValue,4,30104,2,5,0,ok-sos001,2016,St. Hanshaugen,Kvinner,60+,Antall mottakere av AAP,54
EliminatedValue,4,30105,0,0,0,ok-sos001,2016,Frogner,Begge kjønn,Alder i alt,Antall mottakere av AAP,1438
EliminatedValue,4,30105,0,1,0,ok-sos001,2016,Frogner,Begge kjønn,Under 30,Antall mottakere av AAP,262
EliminatedValue,4,30105,0,2,0,ok-sos001,2016,Frogner,Begge kjønn,30-39,Antall mottakere av AAP,336
EliminatedValue,4,30105,0,3,0,ok-sos001,2016,Frogner,Begge kjønn,40-49,Antall mottakere av AAP,361
EliminatedValue,4,30105,0,4,0,ok-sos001,2016,Frogner,Begge kjønn,50-59,Antall mottakere av AAP,319
EliminatedValue,4,30105,0,5,0,ok-sos001,2016,Frogner,Begge kjønn,60+,Antall mottakere av AAP,160
EliminatedValue,4,30105,1,0,0,ok-sos001,2016,Frogner,Menn,Alder i alt,Antall mottakere av AAP,577
EliminatedValue,4,30105,1,1,0,ok-sos001,2016,Frogner,Menn,Under 30,Antall mottakere av AAP,81
EliminatedValue,4,30105,1,2,0,ok-sos001,2016,Frogner,Menn,30-39,Antall mottakere av AAP,135
EliminatedValue,4,30105,1,3,0,ok-sos001,2016,Frogner,Menn,40-49,Antall mottakere av AAP,161
EliminatedValue,4,30105,1,4,0,ok-sos001,2016,Frogner,Menn,50-59,Antall mottakere av AAP,136
EliminatedValue,4,30105,1,5,0,ok-sos001,2016,Frogner,Menn,60+,Antall mottakere av AAP,64
EliminatedValue,4,30105,2,0,0,ok-sos001,2016,Frogner,Kvinner,Alder i alt,Antall mottakere av AAP,861
EliminatedValue,4,30105,2,1,0,ok-sos001,2016,Frogner,Kvinner,Under 30,Antall mottakere av AAP,181
EliminatedValue,4,30105,2,2,0,ok-sos001,2016,Frogner,Kvinner,30-39,Antall mottakere av AAP,201
EliminatedValue,4,30105,2,3,0,ok-sos001,2016,Frogner,Kvinner,40-49,Antall mottakere av AAP,200
EliminatedValue,4,30105,2,4,0,ok-sos001,2016,Frogner,Kvinner,50-59,Antall mottakere av AAP,183
EliminatedValue,4,30105,2,5,0,ok-sos001,2016,Frogner,Kvinner,60+,Antall mottakere av AAP,96
EliminatedValue,4,30106,0,0,0,ok-sos001,2016,Ullern,Begge kjønn,Alder i alt,Antall mottakere av AAP,617
EliminatedValue,4,30106,0,1,0,ok-sos001,2016,Ullern,Begge kjønn,Under 30,Antall mottakere av AAP,98
EliminatedValue,4,30106,0,2,0,ok-sos001,2016,Ullern,Begge kjønn,30-39,Antall mottakere av AAP,102
EliminatedValue,4,30106,0,3,0,ok-sos001,2016,Ullern,Begge kjønn,40-49,Antall mottakere av AAP,149
EliminatedValue,4,30106,0,4,0,ok-sos001,2016,Ullern,Begge kjønn,50-59,Antall mottakere av AAP,170
EliminatedValue,4,30106,0,5,0,ok-sos001,2016,Ullern,Begge kjønn,60+,Antall mottakere av AAP,98
EliminatedValue,4,30106,1,0,0,ok-sos001,2016,Ullern,Menn,Alder i alt,Antall mottakere av AAP,253
EliminatedValue,4,30106,1,1,0,ok-sos001,2016,Ullern,Menn,Under 30,Antall mottakere av AAP,50
EliminatedValue,4,30106,1,2,0,ok-sos001,2016,Ullern,Menn,30-39,Antall mottakere av AAP,47
EliminatedValue,4,30106,1,3,0,ok-sos001,2016,Ullern,Menn,40-49,Antall mottakere av AAP,55
EliminatedValue,4,30106,1,4,0,ok-sos001,2016,Ullern,Menn,50-59,Antall mottakere av AAP,63
EliminatedValue,4,30106,1,5,0,ok-sos001,2016,Ullern,Menn,60+,Antall mottakere av AAP,38
EliminatedValue,4,30106,2,0,0,ok-sos001,2016,Ullern,Kvinner,Alder i alt,Antall mottakere av AAP,364
EliminatedValue,4,30106,2,1,0,ok-sos001,2016,Ullern,Kvinner,Under 30,Antall mottakere av AAP,48
EliminatedValue,4,30106,2,2,0,ok-sos001,2016,Ullern,Kvinner,30-39,Antall mottakere av AAP,55
EliminatedValue,4,30106,2,3,0,ok-sos001,2016,Ullern,Kvinner,40-49,Antall mottakere av AAP,94
EliminatedValue,4,30106,2,4,0,ok-sos001,2016,Ullern,Kvinner,50-59,Antall mottakere av AAP,107
EliminatedValue,4,30106,2,5,0,ok-sos001,2016,Ullern,Kvinner,60+,Antall mottakere av AAP,60
EliminatedValue,4,30107,0,0,0,ok-sos001,2016,Vestre Aker,Begge kjønn,Alder i alt,Antall mottakere av AAP,795
EliminatedValue,4,30107,0,1,0,ok-sos001,2016,Vestre Aker,Begge kjønn,Under 30,Antall mottakere av AAP,102
EliminatedValue,4,30107,0,2,0,ok-sos001,2016,Vestre Aker,Begge kjønn,30-39,Antall mottakere av AAP,146
EliminatedValue,4,30107,0,3,0,ok-sos001,2016,Vestre Aker,Begge kjønn,40-49,Antall mottakere av AAP,211
EliminatedValue,4,30107,0,4,0,ok-sos001,2016,Vestre Aker,Begge kjønn,50-59,Antall mottakere av AAP,203
EliminatedValue,4,30107,0,5,0,ok-sos001,2016,Vestre Aker,Begge kjønn,60+,Antall mottakere av AAP,133
EliminatedValue,4,30107,1,0,0,ok-sos001,2016,Vestre Aker,Menn,Alder i alt,Antall mottakere av AAP,302
EliminatedValue,4,30107,1,1,0,ok-sos001,2016,Vestre Aker,Menn,Under 30,Antall mottakere av AAP,52
EliminatedValue,4,30107,1,2,0,ok-sos001,2016,Vestre Aker,Menn,30-39,Antall mottakere av AAP,55
EliminatedValue,4,30107,1,3,0,ok-sos001,2016,Vestre Aker,Menn,40-49,Antall mottakere av AAP,72
EliminatedValue,4,30107,1,4,0,ok-sos001,2016,Vestre Aker,Menn,50-59,Antall mottakere av AAP,66
EliminatedValue,4,30107,1,5,0,ok-sos001,2016,Vestre Aker,Menn,60+,Antall mottakere av AAP,57
EliminatedValue,4,30107,2,0,0,ok-sos001,2016,Vestre Aker,Kvinner,Alder i alt,Antall mottakere av AAP,493
EliminatedValue,4,30107,2,1,0,ok-sos001,2016,Vestre Aker,Kvinner,Under 30,Antall mottakere av AAP,50
EliminatedValue,4,30107,2,2,0,ok-sos001,2016,Vestre Aker,Kvinner,30-39,Antall mottakere av AAP,91
EliminatedValue,4,30107,2,3,0,ok-sos001,2016,Vestre Aker,Kvinner,40-49,Antall mottakere av AAP,139
EliminatedValue,4,30107,2,4,0,ok-sos001,2016,Vestre Aker,Kvinner,50-59,Antall mottakere av AAP,137
EliminatedValue,4,30107,2,5,0,ok-sos001,2016,Vestre Aker,Kvinner,60+,Antall mottakere av AAP,76
EliminatedValue,4,30108,0,0,0,ok-sos001,2016,Nordre Aker,Begge kjønn,Alder i alt,Antall mottakere av AAP,952
EliminatedValue,4,30108,0,1,0,ok-sos001,2016,Nordre Aker,Begge kjønn,Under 30,Antall mottakere av AAP,195
EliminatedValue,4,30108,0,2,0,ok-sos001,2016,Nordre Aker,Begge kjønn,30-39,Antall mottakere av AAP,184
EliminatedValue,4,30108,0,3,0,ok-sos001,2016,Nordre Aker,Begge kjønn,40-49,Antall mottakere av AAP,244
EliminatedValue,4,30108,0,4,0,ok-sos001,2016,Nordre Aker,Begge kjønn,50-59,Antall mottakere av AAP,211
EliminatedValue,4,30108,0,5,0,ok-sos001,2016,Nordre Aker,Begge kjønn,60+,Antall mottakere av AAP,118
EliminatedValue,4,30108,1,0,0,ok-sos001,2016,Nordre Aker,Menn,Alder i alt,Antall mottakere av AAP,375
EliminatedValue,4,30108,1,1,0,ok-sos001,2016,Nordre Aker,Menn,Under 30,Antall mottakere av AAP,89
EliminatedValue,4,30108,1,2,0,ok-sos001,2016,Nordre Aker,Menn,30-39,Antall mottakere av AAP,86
EliminatedValue,4,30108,1,3,0,ok-sos001,2016,Nordre Aker,Menn,40-49,Antall mottakere av AAP,70
EliminatedValue,4,30108,1,4,0,ok-sos001,2016,Nordre Aker,Menn,50-59,Antall mottakere av AAP,76
EliminatedValue,4,30108,1,5,0,ok-sos001,2016,Nordre Aker,Menn,60+,Antall mottakere av AAP,54
EliminatedValue,4,30108,2,0,0,ok-sos001,2016,Nordre Aker,Kvinner,Alder i alt,Antall mottakere av AAP,577
EliminatedValue,4,30108,2,1,0,ok-sos001,2016,Nordre Aker,Kvinner,Under 30,Antall mottakere av AAP,106
EliminatedValue,4,30108,2,2,0,ok-sos001,2016,Nordre Aker,Kvinner,30-39,Antall mottakere av AAP,98
EliminatedValue,4,30108,2,3,0,ok-sos001,2016,Nordre Aker,Kvinner,40-49,Antall mottakere av AAP,174
EliminatedValue,4,30108,2,4,0,ok-sos001,2016,Nordre Aker,Kvinner,50-59,Antall mottakere av AAP,135
EliminatedValue,4,30108,2,5,0,ok-sos001,2016,Nordre Aker,Kvinner,60+,Antall mottakere av AAP,64
EliminatedValue,4,30109,0,0,0,ok-sos001,2016,Bjerke,Begge kjønn,Alder i alt,Antall mottakere av AAP,788
EliminatedValue,4,30109,0,1,0,ok-sos001,2016,Bjerke,Begge kjønn,Under 30,Antall mottakere av AAP,105
EliminatedValue,4,30109,0,2,0,ok-sos001,2016,Bjerke,Begge kjønn,30-39,Antall mottakere av AAP,169
EliminatedValue,4,30109,0,3,0,ok-sos001,2016,Bjerke,Begge kjønn,40-49,Antall mottakere av AAP,236
EliminatedValue,4,30109,0,4,0,ok-sos001,2016,Bjerke,Begge kjønn,50-59,Antall mottakere av AAP,203
EliminatedValue,4,30109,0,5,0,ok-sos001,2016,Bjerke,Begge kjønn,60+,Antall mottakere av AAP,75
EliminatedValue,4,30109,1,0,0,ok-sos001,2016,Bjerke,Menn,Alder i alt,Antall mottakere av AAP,366
EliminatedValue,4,30109,1,1,0,ok-sos001,2016,Bjerke,Menn,Under 30,Antall mottakere av AAP,47
EliminatedValue,4,30109,1,2,0,ok-sos001,2016,Bjerke,Menn,30-39,Antall mottakere av AAP,80
EliminatedValue,4,30109,1,3,0,ok-sos001,2016,Bjerke,Menn,40-49,Antall mottakere av AAP,97
EliminatedValue,4,30109,1,4,0,ok-sos001,2016,Bjerke,Menn,50-59,Antall mottakere av AAP,101
EliminatedValue,4,30109,1,5,0,ok-sos001,2016,Bjerke,Menn,60+,Antall mottakere av AAP,41
EliminatedValue,4,30109,2,0,0,ok-sos001,2016,Bjerke,Kvinner,Alder i alt,Antall mottakere av AAP,422
EliminatedValue,4,30109,2,1,0,ok-sos001,2016,Bjerke,Kvinner,Under 30,Antall mottakere av AAP,58
EliminatedValue,4,30109,2,2,0,ok-sos001,2016,Bjerke,Kvinner,30-39,Antall mottakere av AAP,89
EliminatedValue,4,30109,2,3,0,ok-sos001,2016,Bjerke,Kvinner,40-49,Antall mottakere av AAP,139
EliminatedValue,4,30109,2,4,0,ok-sos001,2016,Bjerke,Kvinner,50-59,Antall mottakere av AAP,102
EliminatedValue,4,30109,2,5,0,ok-sos001,2016,Bjerke,Kvinner,60+,Antall mottakere av AAP,34
EliminatedValue,4,30110,0,0,0,ok-sos001,2016,Grorud,Begge kjønn,Alder i alt,Antall mottakere av AAP,875
EliminatedValue,4,30110,0,1,0,ok-sos001,2016,Grorud,Begge kjønn,Under 30,Antall mottakere av AAP,113
EliminatedValue,4,30110,0,2,0,ok-sos001,2016,Grorud,Begge kjønn,30-39,Antall mottakere av AAP,171
EliminatedValue,4,30110,0,3,0,ok-sos001,2016,Grorud,Begge kjønn,40-49,Antall mottakere av AAP,277
EliminatedValue,4,30110,0,4,0,ok-sos001,2016,Grorud,Begge kjønn,50-59,Antall mottakere av AAP,233
EliminatedValue,4,30110,0,5,0,ok-sos001,2016,Grorud,Begge kjønn,60+,Antall mottakere av AAP,81
EliminatedValue,4,30110,1,0,0,ok-sos001,2016,Grorud,Menn,Alder i alt,Antall mottakere av AAP,373
EliminatedValue,4,30110,1,1,0,ok-sos001,2016,Grorud,Menn,Under 30,Antall mottakere av AAP,49
EliminatedValue,4,30110,1,2,0,ok-sos001,2016,Grorud,Menn,30-39,Antall mottakere av AAP,64
EliminatedValue,4,30110,1,3,0,ok-sos001,2016,Grorud,Menn,40-49,Antall mottakere av AAP,114
EliminatedValue,4,30110,1,4,0,ok-sos001,2016,Grorud,Menn,50-59,Antall mottakere av AAP,107
EliminatedValue,4,30110,1,5,0,ok-sos001,2016,Grorud,Menn,60+,Antall mottakere av AAP,39
EliminatedValue,4,30110,2,0,0,ok-sos001,2016,Grorud,Kvinner,Alder i alt,Antall mottakere av AAP,502
EliminatedValue,4,30110,2,1,0,ok-sos001,2016,Grorud,Kvinner,Under 30,Antall mottakere av AAP,64
EliminatedValue,4,30110,2,2,0,ok-sos001,2016,Grorud,Kvinner,30-39,Antall mottakere av AAP,107
EliminatedValue,4,30110,2,3,0,ok-sos001,2016,Grorud,Kvinner,40-49,Antall mottakere av AAP,163
EliminatedValue,4,30110,2,4,0,ok-sos001,2016,Grorud,Kvinner,50-59,Antall mottakere av AAP,126
EliminatedValue,4,30110,2,5,0,ok-sos001,2016,Grorud,Kvinner,60+,Antall mottakere av AAP,42
EliminatedValue,4,30111,0,0,0,ok-sos001,2016,Stovner,Begge kjønn,Alder i alt,Antall mottakere av AAP,894
EliminatedValue,4,30111,0,1,0,ok-sos001,2016,Stovner,Begge kjønn,Under 30,Antall mottakere av AAP,133
EliminatedValue,4,30111,0,2,0,ok-sos001,2016,Stovner,Begge kjønn,30-39,Antall mottakere av AAP,172
EliminatedValue,4,30111,0,3,0,ok-sos001,2016,Stovner,Begge kjønn,40-49,Antall mottakere av AAP,258
EliminatedValue,4,30111,0,4,0,ok-sos001,2016,Stovner,Begge kjønn,50-59,Antall mottakere av AAP,243
EliminatedValue,4,30111,0,5,0,ok-sos001,2016,Stovner,Begge kjønn,60+,Antall mottakere av AAP,88
EliminatedValue,4,30111,1,0,0,ok-sos001,2016,Stovner,Menn,Alder i alt,Antall mottakere av AAP,406
EliminatedValue,4,30111,1,1,0,ok-sos001,2016,Stovner,Menn,Under 30,Antall mottakere av AAP,67
EliminatedValue,4,30111,1,2,0,ok-sos001,2016,Stovner,Menn,30-39,Antall mottakere av AAP,68
EliminatedValue,4,30111,1,3,0,ok-sos001,2016,Stovner,Menn,40-49,Antall mottakere av AAP,109
EliminatedValue,4,30111,1,4,0,ok-sos001,2016,Stovner,Menn,50-59,Antall mottakere av AAP,113
EliminatedValue,4,30111,1,5,0,ok-sos001,2016,Stovner,Menn,60+,Antall mottakere av AAP,49
EliminatedValue,4,30111,2,0,0,ok-sos001,2016,Stovner,Kvinner,Alder i alt,Antall mottakere av AAP,488
EliminatedValue,4,30111,2,1,0,ok-sos001,2016,Stovner,Kvinner,Under 30,Antall mottakere av AAP,66
EliminatedValue,4,30111,2,2,0,ok-sos001,2016,Stovner,Kvinner,30-39,Antall mottakere av AAP,104
EliminatedValue,4,30111,2,3,0,ok-sos001,2016,Stovner,Kvinner,40-49,Antall mottakere av AAP,149
EliminatedValue,4,30111,2,4,0,ok-sos001,2016,Stovner,Kvinner,50-59,Antall mottakere av AAP,130
EliminatedValue,4,30111,2,5,0,ok-sos001,2016,Stovner,Kvinner,60+,Antall mottakere av AAP,39
EliminatedValue,4,30112,0,0,0,ok-sos001,2016,Alna,Begge kjønn,Alder i alt,Antall mottakere av AAP,2006
EliminatedValue,4,30112,0,1,0,ok-sos001,2016,Alna,Begge kjønn,Under 30,Antall mottakere av AAP,220
EliminatedValue,4,30112,0,2,0,ok-sos001,2016,Alna,Begge kjønn,30-39,Antall mottakere av AAP,425
EliminatedValue,4,30112,0,3,0,ok-sos001,2016,Alna,Begge kjønn,40-49,Antall mottakere av AAP,596
EliminatedValue,4,30112,0,4,0,ok-sos001,2016,Alna,Begge kjønn,50-59,Antall mottakere av AAP,559
EliminatedValue,4,30112,0,5,0,ok-sos001,2016,Alna,Begge kjønn,60+,Antall mottakere av AAP,206
EliminatedValue,4,30112,1,0,0,ok-sos001,2016,Alna,Menn,Alder i alt,Antall mottakere av AAP,896
EliminatedValue,4,30112,1,1,0,ok-sos001,2016,Alna,Menn,Under 30,Antall mottakere av AAP,110
EliminatedValue,4,30112,1,2,0,ok-sos001,2016,Alna,Menn,30-39,Antall mottakere av AAP,180
EliminatedValue,4,30112,1,3,0,ok-sos001,2016,Alna,Menn,40-49,Antall mottakere av AAP,232
EliminatedValue,4,30112,1,4,0,ok-sos001,2016,Alna,Menn,50-59,Antall mottakere av AAP,263
EliminatedValue,4,30112,1,5,0,ok-sos001,2016,Alna,Menn,60+,Antall mottakere av AAP,111
EliminatedValue,4,30112,2,0,0,ok-sos001,2016,Alna,Kvinner,Alder i alt,Antall mottakere av AAP,1110
EliminatedValue,4,30112,2,1,0,ok-sos001,2016,Alna,Kvinner,Under 30,Antall mottakere av AAP,110
EliminatedValue,4,30112,2,2,0,ok-sos001,2016,Alna,Kvinner,30-39,Antall mottakere av AAP,245
EliminatedValue,4,30112,2,3,0,ok-sos001,2016,Alna,Kvinner,40-49,Antall mottakere av AAP,364
EliminatedValue,4,30112,2,4,0,ok-sos001,2016,Alna,Kvinner,50-59,Antall mottakere av AAP,296
EliminatedValue,4,30112,2,5,0,ok-sos001,2016,Alna,Kvinner,60+,Antall mottakere av AAP,95
EliminatedValue,4,30113,0,0,0,ok-sos001,2016,Østensjø,Begge kjønn,Alder i alt,Antall mottakere av AAP,1374
EliminatedValue,4,30113,0,1,0,ok-sos001,2016,Østensjø,Begge kjønn,Under 30,Antall mottakere av AAP,174
EliminatedValue,4,30113,0,2,0,ok-sos001,2016,Østensjø,Begge kjønn,30-39,Antall mottakere av AAP,254
EliminatedValue,4,30113,0,3,0,ok-sos001,2016,Østensjø,Begge kjønn,40-49,Antall mottakere av AAP,392
EliminatedValue,4,30113,0,4,0,ok-sos001,2016,Østensjø,Begge kjønn,50-59,Antall mottakere av AAP,378
EliminatedValue,4,30113,0,5,0,ok-sos001,2016,Østensjø,Begge kjønn,60+,Antall mottakere av AAP,176
EliminatedValue,4,30113,1,0,0,ok-sos001,2016,Østensjø,Menn,Alder i alt,Antall mottakere av AAP,518
EliminatedValue,4,30113,1,1,0,ok-sos001,2016,Østensjø,Menn,Under 30,Antall mottakere av AAP,77
EliminatedValue,4,30113,1,2,0,ok-sos001,2016,Østensjø,Menn,30-39,Antall mottakere av AAP,87
EliminatedValue,4,30113,1,3,0,ok-sos001,2016,Østensjø,Menn,40-49,Antall mottakere av AAP,142
EliminatedValue,4,30113,1,4,0,ok-sos001,2016,Østensjø,Menn,50-59,Antall mottakere av AAP,139
EliminatedValue,4,30113,1,5,0,ok-sos001,2016,Østensjø,Menn,60+,Antall mottakere av AAP,73
EliminatedValue,4,30113,2,0,0,ok-sos001,2016,Østensjø,Kvinner,Alder i alt,Antall mottakere av AAP,856
EliminatedValue,4,30113,2,1,0,ok-sos001,2016,Østensjø,Kvinner,Under 30,Antall mottakere av AAP,97
EliminatedValue,4,30113,2,2,0,ok-sos001,2016,Østensjø,Kvinner,30-39,Antall mottakere av AAP,167
EliminatedValue,4,30113,2,3,0,ok-sos001,2016,Østensjø,Kvinner,40-49,Antall mottakere av AAP,250
EliminatedValue,4,30113,2,4,0,ok-sos001,2016,Østensjø,Kvinner,50-59,Antall mottakere av AAP,239
EliminatedValue,4,30113,2,5,0,ok-sos001,2016,Østensjø,Kvinner,60+,Antall mottakere av AAP,103
EliminatedValue,4,30114,0,0,0,ok-sos001,2016,Nordstrand,Begge kjønn,Alder i alt,Antall mottakere av AAP,1244
EliminatedValue,4,30114,0,1,0,ok-sos001,2016,Nordstrand,Begge kjønn,Under 30,Antall mottakere av AAP,212
EliminatedValue,4,30114,0,2,0,ok-sos001,2016,Nordstrand,Begge kjønn,30-39,Antall mottakere av AAP,218
EliminatedValue,4,30114,0,3,0,ok-sos001,2016,Nordstrand,Begge kjønn,40-49,Antall mottakere av AAP,312
EliminatedValue,4,30114,0,4,0,ok-sos001,2016,Nordstrand,Begge kjønn,50-59,Antall mottakere av AAP,350
EliminatedValue,4,30114,0,5,0,ok-sos001,2016,Nordstrand,Begge kjønn,60+,Antall mottakere av AAP,152
EliminatedValue,4,30114,1,0,0,ok-sos001,2016,Nordstrand,Menn,Alder i alt,Antall mottakere av AAP,448
EliminatedValue,4,30114,1,1,0,ok-sos001,2016,Nordstrand,Menn,Under 30,Antall mottakere av AAP,87
EliminatedValue,4,30114,1,2,0,ok-sos001,2016,Nordstrand,Menn,30-39,Antall mottakere av AAP,80
EliminatedValue,4,30114,1,3,0,ok-sos001,2016,Nordstrand,Menn,40-49,Antall mottakere av AAP,104
EliminatedValue,4,30114,1,4,0,ok-sos001,2016,Nordstrand,Menn,50-59,Antall mottakere av AAP,124
EliminatedValue,4,30114,1,5,0,ok-sos001,2016,Nordstrand,Menn,60+,Antall mottakere av AAP,53
EliminatedValue,4,30114,2,0,0,ok-sos001,2016,Nordstrand,Kvinner,Alder i alt,Antall mottakere av AAP,796
EliminatedValue,4,30114,2,1,0,ok-sos001,2016,Nordstrand,Kvinner,Under 30,Antall mottakere av AAP,125
EliminatedValue,4,30114,2,2,0,ok-sos001,2016,Nordstrand,Kvinner,30-39,Antall mottakere av AAP,138
EliminatedValue,4,30114,2,3,0,ok-sos001,2016,Nordstrand,Kvinner,40-49,Antall mottakere av AAP,208
EliminatedValue,4,30114,2,4,0,ok-sos001,2016,Nordstrand,Kvinner,50-59,Antall mottakere av AAP,226
EliminatedValue,4,30114,2,5,0,ok-sos001,2016,Nordstrand,Kvinner,60+,Antall mottakere av AAP,99
EliminatedValue,4,30115,0,0,0,ok-sos001,2016,Søndre Nordstrand,Begge kjønn,Alder i alt,Antall mottakere av AAP,1294
EliminatedValue,4,30115,0,1,0,ok-sos001,2016,Søndre Nordstrand,Begge kjønn,Under 30,Antall mottakere av AAP,161
EliminatedValue,4,30115,0,2,0,ok-sos001,2016,Søndre Nordstrand,Begge kjønn,30-39,Antall mottakere av AAP,275
EliminatedValue,4,30115,0,3,0,ok-sos001,2016,Søndre Nordstrand,Begge kjønn,40-49,Antall mottakere av AAP,361
EliminatedValue,4,30115,0,4,0,ok-sos001,2016,Søndre Nordstrand,Begge kjønn,50-59,Antall mottakere av AAP,357
EliminatedValue,4,30115,0,5,0,ok-sos001,2016,Søndre Nordstrand,Begge kjønn,60+,Antall mottakere av AAP,140
EliminatedValue,4,30115,1,0,0,ok-sos001,2016,Søndre Nordstrand,Menn,Alder i alt,Antall mottakere av AAP,540
EliminatedValue,4,30115,1,1,0,ok-sos001,2016,Søndre Nordstrand,Menn,Under 30,Antall mottakere av AAP,79
EliminatedValue,4,30115,1,2,0,ok-sos001,2016,Søndre Nordstrand,Menn,30-39,Antall mottakere av AAP,112
EliminatedValue,4,30115,1,3,0,ok-sos001,2016,Søndre Nordstrand,Menn,40-49,Antall mottakere av AAP,125
EliminatedValue,4,30115,1,4,0,ok-sos001,2016,Søndre Nordstrand,Menn,50-59,Antall mottakere av AAP,146
EliminatedValue,4,30115,1,5,0,ok-sos001,2016,Søndre Nordstrand,Menn,60+,Antall mottakere av AAP,78
EliminatedValue,4,30115,2,0,0,ok-sos001,2016,Søndre Nordstrand,Kvinner,Alder i alt,Antall mottakere av AAP,754
EliminatedValue,4,30115,2,1,0,ok-sos001,2016,Søndre Nordstrand,Kvinner,Under 30,Antall mottakere av AAP,82
EliminatedValue,4,30115,2,2,0,ok-sos001,2016,Søndre Nordstrand,Kvinner,30-39,Antall mottakere av AAP,163
EliminatedValue,4,30115,2,3,0,ok-sos001,2016,Søndre Nordstrand,Kvinner,40-49,Antall mottakere av AAP,236
EliminatedValue,4,30115,2,4,0,ok-sos001,2016,Søndre Nordstrand,Kvinner,50-59,Antall mottakere av AAP,211
EliminatedValue,4,30115,2,5,0,ok-sos001,2016,Søndre Nordstrand,Kvinner,60+,Antall mottakere av AAP,62
EliminatedValue,4,30116,0,0,0,ok-sos001,2016,Sentrum,Begge kjønn,Alder i alt,Antall mottakere av AAP,
EliminatedValue,4,30116,0,1,0,ok-sos001,2016,Sentrum,Begge kjønn,Under 30,Antall mottakere av AAP,
EliminatedValue,4,30116,0,2,0,ok-sos001,2016,Sentrum,Begge kjønn,30-39,Antall mottakere av AAP,
EliminatedValue,4,30116,0,3,0,ok-sos001,2016,Sentrum,Begge kjønn,40-49,Antall mottakere av AAP,
EliminatedValue,4,30116,0,4,0,ok-sos001,2016,Sentrum,Begge kjønn,50-59,Antall mottakere av AAP,
EliminatedValue,4,30116,0,5,0,ok-sos001,2016,Sentrum,Begge kjønn,60+,Antall mottakere av AAP,
EliminatedValue,4,30116,1,0,0,ok-sos001,2016,Sentrum,Menn,Alder i alt,Antall mottakere av AAP,
EliminatedValue,4,30116,1,1,0,ok-sos001,2016,Sentrum,Menn,Under 30,Antall mottakere av AAP,
EliminatedValue,4,30116,1,2,0,ok-sos001,2016,Sentrum,Menn,30-39,Antall mottakere av AAP,
EliminatedValue,4,30116,1,3,0,ok-sos001,2016,Sentrum,Menn,40-49,Antall mottakere av AAP,
EliminatedValue,4,30116,1,4,0,ok-sos001,2016,Sentrum,Menn,50-59,Antall mottakere av AAP,
EliminatedValue,4,30116,1,5,0,ok-sos001,2016,Sentrum,Menn,60+,Antall mottakere av AAP,
EliminatedValue,4,30116,2,0,0,ok-sos001,2016,Sentrum,Kvinner,Alder i alt,Antall mottakere av AAP,
EliminatedValue,4,30116,2,1,0,ok-sos001,2016,Sentrum,Kvinner,Under 30,Antall mottakere av AAP,
EliminatedValue,4,30116,2,2,0,ok-sos001,2016,Sentrum,Kvinner,30-39,Antall mottakere av AAP,
EliminatedValue,4,30116,2,3,0,ok-sos001,2016,Sentrum,Kvinner,40-49,Antall mottakere av AAP,
EliminatedValue,4,30116,2,4,0,ok-sos001,2016,Sentrum,Kvinner,50-59,Antall mottakere av AAP,
EliminatedValue,4,30116,2,5,0,ok-sos001,2016,Sentrum,Kvinner,60+,Antall mottakere av AAP,
EliminatedValue,4,30117,0,0,0,ok-sos001,2016,Marka,Begge kjønn,Alder i alt,Antall mottakere av AAP,
EliminatedValue,4,30117,0,1,0,ok-sos001,2016,Marka,Begge kjønn,Under 30,Antall mottakere av AAP,
EliminatedValue,4,30117,0,2,0,ok-sos001,2016,Marka,Begge kjønn,30-39,Antall mottakere av AAP,
EliminatedValue,4,30117,0,3,0,ok-sos001,2016,Marka,Begge kjønn,40-49,Antall mottakere av AAP,
EliminatedValue,4,30117,0,4,0,ok-sos001,2016,Marka,Begge kjønn,50-59,Antall mottakere av AAP,
EliminatedValue,4,30117,0,5,0,ok-sos001,2016,Marka,Begge kjønn,60+,Antall mottakere av AAP,
EliminatedValue,4,30117,1,0,0,ok-sos001,2016,Marka,Menn,Alder i alt,Antall mottakere av AAP,
EliminatedValue,4,30117,1,1,0,ok-sos001,2016,Marka,Menn,Under 30,Antall mottakere av AAP,
EliminatedValue,4,30117,1,2,0,ok-sos001,2016,Marka,Menn,30-39,Antall mottakere av AAP,
EliminatedValue,4,30117,1,3,0,ok-sos001,2016,Marka,Menn,40-49,Antall mottakere av AAP,
EliminatedValue,4,30117,1,4,0,ok-sos001,2016,Marka,Menn,50-59,Antall mottakere av AAP,
EliminatedValue,4,30117,1,5,0,ok-sos001,2016,Marka,Menn,60+,Antall mottakere av AAP,
EliminatedValue,4,30117,2,0,0,ok-sos001,2016,Marka,Kvinner,Alder i alt,Antall mottakere av AAP,
EliminatedValue,4,30117,2,1,0,ok-sos001,2016,Marka,Kvinner,Under 30,Antall mottakere av AAP,
EliminatedValue,4,30117,2,2,0,ok-sos001,2016,Marka,Kvinner,30-39,Antall mottakere av AAP,
EliminatedValue,4,30117,2,3,0,ok-sos001,2016,Marka,Kvinner,40-49,Antall mottakere av AAP,
EliminatedValue,4,30117,2,4,0,ok-sos001,2016,Marka,Kvinner,50-59,Antall mottakere av AAP,
EliminatedValue,4,30117,2,5,0,ok-sos001,2016,Marka,Kvinner,60+,Antall mottakere av AAP,
EliminatedValue,5,301,0,0,0,ok-sos001,2017,Oslo i alt,Begge kjønn,Alder i alt,Antall mottakere av AAP,17685
EliminatedValue,5,301,0,1,0,ok-sos001,2017,Oslo i alt,Begge kjønn,Under 30,Antall mottakere av AAP,3103
EliminatedValue,5,301,0,2,0,ok-sos001,2017,Oslo i alt,Begge kjønn,30-39,Antall mottakere av AAP,3981
EliminatedValue,5,301,0,3,0,ok-sos001,2017,Oslo i alt,Begge kjønn,40-49,Antall mottakere av AAP,4570
EliminatedValue,5,301,0,4,0,ok-sos001,2017,Oslo i alt,Begge kjønn,50-59,Antall mottakere av AAP,4224
EliminatedValue,5,301,0,5,0,ok-sos001,2017,Oslo i alt,Begge kjønn,60+,Antall mottakere av AAP,1807
EliminatedValue,5,301,1,0,0,ok-sos001,2017,Oslo i alt,Menn,Alder i alt,Antall mottakere av AAP,7500
EliminatedValue,5,301,1,1,0,ok-sos001,2017,Oslo i alt,Menn,Under 30,Antall mottakere av AAP,1301
EliminatedValue,5,301,1,2,0,ok-sos001,2017,Oslo i alt,Menn,30-39,Antall mottakere av AAP,1707
EliminatedValue,5,301,1,3,0,ok-sos001,2017,Oslo i alt,Menn,40-49,Antall mottakere av AAP,1829
EliminatedValue,5,301,1,4,0,ok-sos001,2017,Oslo i alt,Menn,50-59,Antall mottakere av AAP,1832
EliminatedValue,5,301,1,5,0,ok-sos001,2017,Oslo i alt,Menn,60+,Antall mottakere av AAP,831
EliminatedValue,5,301,2,0,0,ok-sos001,2017,Oslo i alt,Kvinner,Alder i alt,Antall mottakere av AAP,10185
EliminatedValue,5,301,2,1,0,ok-sos001,2017,Oslo i alt,Kvinner,Under 30,Antall mottakere av AAP,1802
EliminatedValue,5,301,2,2,0,ok-sos001,2017,Oslo i alt,Kvinner,30-39,Antall mottakere av AAP,2274
EliminatedValue,5,301,2,3,0,ok-sos001,2017,Oslo i alt,Kvinner,40-49,Antall mottakere av AAP,2741
EliminatedValue,5,301,2,4,0,ok-sos001,2017,Oslo i alt,Kvinner,50-59,Antall mottakere av AAP,2392
EliminatedValue,5,301,2,5,0,ok-sos001,2017,Oslo i alt,Kvinner,60+,Antall mottakere av AAP,976
EliminatedValue,5,30101,0,0,0,ok-sos001,2017,Gamle Oslo,Begge kjønn,Alder i alt,Antall mottakere av AAP,1684
EliminatedValue,5,30101,0,1,0,ok-sos001,2017,Gamle Oslo,Begge kjønn,Under 30,Antall mottakere av AAP,328
EliminatedValue,5,30101,0,2,0,ok-sos001,2017,Gamle Oslo,Begge kjønn,30-39,Antall mottakere av AAP,468
EliminatedValue,5,30101,0,3,0,ok-sos001,2017,Gamle Oslo,Begge kjønn,40-49,Antall mottakere av AAP,435
EliminatedValue,5,30101,0,4,0,ok-sos001,2017,Gamle Oslo,Begge kjønn,50-59,Antall mottakere av AAP,343
EliminatedValue,5,30101,0,5,0,ok-sos001,2017,Gamle Oslo,Begge kjønn,60+,Antall mottakere av AAP,110
EliminatedValue,5,30101,1,0,0,ok-sos001,2017,Gamle Oslo,Menn,Alder i alt,Antall mottakere av AAP,772
EliminatedValue,5,30101,1,1,0,ok-sos001,2017,Gamle Oslo,Menn,Under 30,Antall mottakere av AAP,133
EliminatedValue,5,30101,1,2,0,ok-sos001,2017,Gamle Oslo,Menn,30-39,Antall mottakere av AAP,208
EliminatedValue,5,30101,1,3,0,ok-sos001,2017,Gamle Oslo,Menn,40-49,Antall mottakere av AAP,200
EliminatedValue,5,30101,1,4,0,ok-sos001,2017,Gamle Oslo,Menn,50-59,Antall mottakere av AAP,177
EliminatedValue,5,30101,1,5,0,ok-sos001,2017,Gamle Oslo,Menn,60+,Antall mottakere av AAP,54
EliminatedValue,5,30101,2,0,0,ok-sos001,2017,Gamle Oslo,Kvinner,Alder i alt,Antall mottakere av AAP,912
EliminatedValue,5,30101,2,1,0,ok-sos001,2017,Gamle Oslo,Kvinner,Under 30,Antall mottakere av AAP,195
EliminatedValue,5,30101,2,2,0,ok-sos001,2017,Gamle Oslo,Kvinner,30-39,Antall mottakere av AAP,260
EliminatedValue,5,30101,2,3,0,ok-sos001,2017,Gamle Oslo,Kvinner,40-49,Antall mottakere av AAP,235
EliminatedValue,5,30101,2,4,0,ok-sos001,2017,Gamle Oslo,Kvinner,50-59,Antall mottakere av AAP,166
EliminatedValue,5,30101,2,5,0,ok-sos001,2017,Gamle Oslo,Kvinner,60+,Antall mottakere av AAP,56
EliminatedValue,5,30102,0,0,0,ok-sos001,2017,Grünerløkka,Begge kjønn,Alder i alt,Antall mottakere av AAP,1580
EliminatedValue,5,30102,0,1,0,ok-sos001,2017,Grünerløkka,Begge kjønn,Under 30,Antall mottakere av AAP,355
EliminatedValue,5,30102,0,2,0,ok-sos001,2017,Grünerløkka,Begge kjønn,30-39,Antall mottakere av AAP,437
EliminatedValue,5,30102,0,3,0,ok-sos001,2017,Grünerløkka,Begge kjønn,40-49,Antall mottakere av AAP,393
EliminatedValue,5,30102,0,4,0,ok-sos001,2017,Grünerløkka,Begge kjønn,50-59,Antall mottakere av AAP,275
EliminatedValue,5,30102,0,5,0,ok-sos001,2017,Grünerløkka,Begge kjønn,60+,Antall mottakere av AAP,120
EliminatedValue,5,30102,1,0,0,ok-sos001,2017,Grünerløkka,Menn,Alder i alt,Antall mottakere av AAP,717
EliminatedValue,5,30102,1,1,0,ok-sos001,2017,Grünerløkka,Menn,Under 30,Antall mottakere av AAP,145
EliminatedValue,5,30102,1,2,0,ok-sos001,2017,Grünerløkka,Menn,30-39,Antall mottakere av AAP,198
EliminatedValue,5,30102,1,3,0,ok-sos001,2017,Grünerløkka,Menn,40-49,Antall mottakere av AAP,175
EliminatedValue,5,30102,1,4,0,ok-sos001,2017,Grünerløkka,Menn,50-59,Antall mottakere av AAP,122
EliminatedValue,5,30102,1,5,0,ok-sos001,2017,Grünerløkka,Menn,60+,Antall mottakere av AAP,77
EliminatedValue,5,30102,2,0,0,ok-sos001,2017,Grünerløkka,Kvinner,Alder i alt,Antall mottakere av AAP,863
EliminatedValue,5,30102,2,1,0,ok-sos001,2017,Grünerløkka,Kvinner,Under 30,Antall mottakere av AAP,210
EliminatedValue,5,30102,2,2,0,ok-sos001,2017,Grünerløkka,Kvinner,30-39,Antall mottakere av AAP,239
EliminatedValue,5,30102,2,3,0,ok-sos001,2017,Grünerløkka,Kvinner,40-49,Antall mottakere av AAP,218
EliminatedValue,5,30102,2,4,0,ok-sos001,2017,Grünerløkka,Kvinner,50-59,Antall mottakere av AAP,153
EliminatedValue,5,30102,2,5,0,ok-sos001,2017,Grünerløkka,Kvinner,60+,Antall mottakere av AAP,43
EliminatedValue,5,30103,0,0,0,ok-sos001,2017,Sagene,Begge kjønn,Alder i alt,Antall mottakere av AAP,1240
EliminatedValue,5,30103,0,1,0,ok-sos001,2017,Sagene,Begge kjønn,Under 30,Antall mottakere av AAP,270
EliminatedValue,5,30103,0,2,0,ok-sos001,2017,Sagene,Begge kjønn,30-39,Antall mottakere av AAP,351
EliminatedValue,5,30103,0,3,0,ok-sos001,2017,Sagene,Begge kjønn,40-49,Antall mottakere av AAP,315
EliminatedValue,5,30103,0,4,0,ok-sos001,2017,Sagene,Begge kjønn,50-59,Antall mottakere av AAP,214
EliminatedValue,5,30103,0,5,0,ok-sos001,2017,Sagene,Begge kjønn,60+,Antall mottakere av AAP,90
EliminatedValue,5,30103,1,0,0,ok-sos001,2017,Sagene,Menn,Alder i alt,Antall mottakere av AAP,518
EliminatedValue,5,30103,1,1,0,ok-sos001,2017,Sagene,Menn,Under 30,Antall mottakere av AAP,102
EliminatedValue,5,30103,1,2,0,ok-sos001,2017,Sagene,Menn,30-39,Antall mottakere av AAP,134
EliminatedValue,5,30103,1,3,0,ok-sos001,2017,Sagene,Menn,40-49,Antall mottakere av AAP,136
EliminatedValue,5,30103,1,4,0,ok-sos001,2017,Sagene,Menn,50-59,Antall mottakere av AAP,102
EliminatedValue,5,30103,1,5,0,ok-sos001,2017,Sagene,Menn,60+,Antall mottakere av AAP,44
EliminatedValue,5,30103,2,0,0,ok-sos001,2017,Sagene,Kvinner,Alder i alt,Antall mottakere av AAP,722
EliminatedValue,5,30103,2,1,0,ok-sos001,2017,Sagene,Kvinner,Under 30,Antall mottakere av AAP,168
EliminatedValue,5,30103,2,2,0,ok-sos001,2017,Sagene,Kvinner,30-39,Antall mottakere av AAP,217
EliminatedValue,5,30103,2,3,0,ok-sos001,2017,Sagene,Kvinner,40-49,Antall mottakere av AAP,179
EliminatedValue,5,30103,2,4,0,ok-sos001,2017,Sagene,Kvinner,50-59,Antall mottakere av AAP,112
EliminatedValue,5,30103,2,5,0,ok-sos001,2017,Sagene,Kvinner,60+,Antall mottakere av AAP,46
EliminatedValue,5,30104,0,0,0,ok-sos001,2017,St. Hanshaugen,Begge kjønn,Alder i alt,Antall mottakere av AAP,1080
EliminatedValue,5,30104,0,1,0,ok-sos001,2017,St. Hanshaugen,Begge kjønn,Under 30,Antall mottakere av AAP,270
EliminatedValue,5,30104,0,2,0,ok-sos001,2017,St. Hanshaugen,Begge kjønn,30-39,Antall mottakere av AAP,290
EliminatedValue,5,30104,0,3,0,ok-sos001,2017,St. Hanshaugen,Begge kjønn,40-49,Antall mottakere av AAP,238
EliminatedValue,5,30104,0,4,0,ok-sos001,2017,St. Hanshaugen,Begge kjønn,50-59,Antall mottakere av AAP,213
EliminatedValue,5,30104,0,5,0,ok-sos001,2017,St. Hanshaugen,Begge kjønn,60+,Antall mottakere av AAP,69
EliminatedValue,5,30104,1,0,0,ok-sos001,2017,St. Hanshaugen,Menn,Alder i alt,Antall mottakere av AAP,477
EliminatedValue,5,30104,1,1,0,ok-sos001,2017,St. Hanshaugen,Menn,Under 30,Antall mottakere av AAP,98
EliminatedValue,5,30104,1,2,0,ok-sos001,2017,St. Hanshaugen,Menn,30-39,Antall mottakere av AAP,135
EliminatedValue,5,30104,1,3,0,ok-sos001,2017,St. Hanshaugen,Menn,40-49,Antall mottakere av AAP,116
EliminatedValue,5,30104,1,4,0,ok-sos001,2017,St. Hanshaugen,Menn,50-59,Antall mottakere av AAP,103
EliminatedValue,5,30104,1,5,0,ok-sos001,2017,St. Hanshaugen,Menn,60+,Antall mottakere av AAP,25
EliminatedValue,5,30104,2,0,0,ok-sos001,2017,St. Hanshaugen,Kvinner,Alder i alt,Antall mottakere av AAP,603
EliminatedValue,5,30104,2,1,0,ok-sos001,2017,St. Hanshaugen,Kvinner,Under 30,Antall mottakere av AAP,172
EliminatedValue,5,30104,2,2,0,ok-sos001,2017,St. Hanshaugen,Kvinner,30-39,Antall mottakere av AAP,155
EliminatedValue,5,30104,2,3,0,ok-sos001,2017,St. Hanshaugen,Kvinner,40-49,Antall mottakere av AAP,122
EliminatedValue,5,30104,2,4,0,ok-sos001,2017,St. Hanshaugen,Kvinner,50-59,Antall mottakere av AAP,110
EliminatedValue,5,30104,2,5,0,ok-sos001,2017,St. Hanshaugen,Kvinner,60+,Antall mottakere av AAP,44
EliminatedValue,5,30105,0,0,0,ok-sos001,2017,Frogner,Begge kjønn,Alder i alt,Antall mottakere av AAP,1409
EliminatedValue,5,30105,0,1,0,ok-sos001,2017,Frogner,Begge kjønn,Under 30,Antall mottakere av AAP,290
EliminatedValue,5,30105,0,2,0,ok-sos001,2017,Frogner,Begge kjønn,30-39,Antall mottakere av AAP,330
EliminatedValue,5,30105,0,3,0,ok-sos001,2017,Frogner,Begge kjønn,40-49,Antall mottakere av AAP,325
EliminatedValue,5,30105,0,4,0,ok-sos001,2017,Frogner,Begge kjønn,50-59,Antall mottakere av AAP,304
EliminatedValue,5,30105,0,5,0,ok-sos001,2017,Frogner,Begge kjønn,60+,Antall mottakere av AAP,160
EliminatedValue,5,30105,1,0,0,ok-sos001,2017,Frogner,Menn,Alder i alt,Antall mottakere av AAP,591
EliminatedValue,5,30105,1,1,0,ok-sos001,2017,Frogner,Menn,Under 30,Antall mottakere av AAP,95
EliminatedValue,5,30105,1,2,0,ok-sos001,2017,Frogner,Menn,30-39,Antall mottakere av AAP,147
EliminatedValue,5,30105,1,3,0,ok-sos001,2017,Frogner,Menn,40-49,Antall mottakere av AAP,151
EliminatedValue,5,30105,1,4,0,ok-sos001,2017,Frogner,Menn,50-59,Antall mottakere av AAP,137
EliminatedValue,5,30105,1,5,0,ok-sos001,2017,Frogner,Menn,60+,Antall mottakere av AAP,61
EliminatedValue,5,30105,2,0,0,ok-sos001,2017,Frogner,Kvinner,Alder i alt,Antall mottakere av AAP,818
EliminatedValue,5,30105,2,1,0,ok-sos001,2017,Frogner,Kvinner,Under 30,Antall mottakere av AAP,195
EliminatedValue,5,30105,2,2,0,ok-sos001,2017,Frogner,Kvinner,30-39,Antall mottakere av AAP,183
EliminatedValue,5,30105,2,3,0,ok-sos001,2017,Frogner,Kvinner,40-49,Antall mottakere av AAP,174
EliminatedValue,5,30105,2,4,0,ok-sos001,2017,Frogner,Kvinner,50-59,Antall mottakere av AAP,167
EliminatedValue,5,30105,2,5,0,ok-sos001,2017,Frogner,Kvinner,60+,Antall mottakere av AAP,99
EliminatedValue,5,30106,0,0,0,ok-sos001,2017,Ullern,Begge kjønn,Alder i alt,Antall mottakere av AAP,602
EliminatedValue,5,30106,0,1,0,ok-sos001,2017,Ullern,Begge kjønn,Under 30,Antall mottakere av AAP,91
EliminatedValue,5,30106,0,2,0,ok-sos001,2017,Ullern,Begge kjønn,30-39,Antall mottakere av AAP,108
EliminatedValue,5,30106,0,3,0,ok-sos001,2017,Ullern,Begge kjønn,40-49,Antall mottakere av AAP,146
EliminatedValue,5,30106,0,4,0,ok-sos001,2017,Ullern,Begge kjønn,50-59,Antall mottakere av AAP,152
EliminatedValue,5,30106,0,5,0,ok-sos001,2017,Ullern,Begge kjønn,60+,Antall mottakere av AAP,105
EliminatedValue,5,30106,1,0,0,ok-sos001,2017,Ullern,Menn,Alder i alt,Antall mottakere av AAP,221
EliminatedValue,5,30106,1,1,0,ok-sos001,2017,Ullern,Menn,Under 30,Antall mottakere av AAP,43
EliminatedValue,5,30106,1,2,0,ok-sos001,2017,Ullern,Menn,30-39,Antall mottakere av AAP,46
EliminatedValue,5,30106,1,3,0,ok-sos001,2017,Ullern,Menn,40-49,Antall mottakere av AAP,49
EliminatedValue,5,30106,1,4,0,ok-sos001,2017,Ullern,Menn,50-59,Antall mottakere av AAP,46
EliminatedValue,5,30106,1,5,0,ok-sos001,2017,Ullern,Menn,60+,Antall mottakere av AAP,37
EliminatedValue,5,30106,2,0,0,ok-sos001,2017,Ullern,Kvinner,Alder i alt,Antall mottakere av AAP,381
EliminatedValue,5,30106,2,1,0,ok-sos001,2017,Ullern,Kvinner,Under 30,Antall mottakere av AAP,48
EliminatedValue,5,30106,2,2,0,ok-sos001,2017,Ullern,Kvinner,30-39,Antall mottakere av AAP,62
EliminatedValue,5,30106,2,3,0,ok-sos001,2017,Ullern,Kvinner,40-49,Antall mottakere av AAP,97
EliminatedValue,5,30106,2,4,0,ok-sos001,2017,Ullern,Kvinner,50-59,Antall mottakere av AAP,106
EliminatedValue,5,30106,2,5,0,ok-sos001,2017,Ullern,Kvinner,60+,Antall mottakere av AAP,68
EliminatedValue,5,30107,0,0,0,ok-sos001,2017,Vestre Aker,Begge kjønn,Alder i alt,Antall mottakere av AAP,788
EliminatedValue,5,30107,0,1,0,ok-sos001,2017,Vestre Aker,Begge kjønn,Under 30,Antall mottakere av AAP,136
EliminatedValue,5,30107,0,2,0,ok-sos001,2017,Vestre Aker,Begge kjønn,30-39,Antall mottakere av AAP,136
EliminatedValue,5,30107,0,3,0,ok-sos001,2017,Vestre Aker,Begge kjønn,40-49,Antall mottakere av AAP,224
EliminatedValue,5,30107,0,4,0,ok-sos001,2017,Vestre Aker,Begge kjønn,50-59,Antall mottakere av AAP,182
EliminatedValue,5,30107,0,5,0,ok-sos001,2017,Vestre Aker,Begge kjønn,60+,Antall mottakere av AAP,110
EliminatedValue,5,30107,1,0,0,ok-sos001,2017,Vestre Aker,Menn,Alder i alt,Antall mottakere av AAP,292
EliminatedValue,5,30107,1,1,0,ok-sos001,2017,Vestre Aker,Menn,Under 30,Antall mottakere av AAP,64
EliminatedValue,5,30107,1,2,0,ok-sos001,2017,Vestre Aker,Menn,30-39,Antall mottakere av AAP,55
EliminatedValue,5,30107,1,3,0,ok-sos001,2017,Vestre Aker,Menn,40-49,Antall mottakere av AAP,71
EliminatedValue,5,30107,1,4,0,ok-sos001,2017,Vestre Aker,Menn,50-59,Antall mottakere av AAP,58
EliminatedValue,5,30107,1,5,0,ok-sos001,2017,Vestre Aker,Menn,60+,Antall mottakere av AAP,44
EliminatedValue,5,30107,2,0,0,ok-sos001,2017,Vestre Aker,Kvinner,Alder i alt,Antall mottakere av AAP,496
EliminatedValue,5,30107,2,1,0,ok-sos001,2017,Vestre Aker,Kvinner,Under 30,Antall mottakere av AAP,72
EliminatedValue,5,30107,2,2,0,ok-sos001,2017,Vestre Aker,Kvinner,30-39,Antall mottakere av AAP,81
EliminatedValue,5,30107,2,3,0,ok-sos001,2017,Vestre Aker,Kvinner,40-49,Antall mottakere av AAP,153
EliminatedValue,5,30107,2,4,0,ok-sos001,2017,Vestre Aker,Kvinner,50-59,Antall mottakere av AAP,124
EliminatedValue,5,30107,2,5,0,ok-sos001,2017,Vestre Aker,Kvinner,60+,Antall mottakere av AAP,66
EliminatedValue,5,30108,0,0,0,ok-sos001,2017,Nordre Aker,Begge kjønn,Alder i alt,Antall mottakere av AAP,972
EliminatedValue,5,30108,0,1,0,ok-sos001,2017,Nordre Aker,Begge kjønn,Under 30,Antall mottakere av AAP,216
EliminatedValue,5,30108,0,2,0,ok-sos001,2017,Nordre Aker,Begge kjønn,30-39,Antall mottakere av AAP,197
EliminatedValue,5,30108,0,3,0,ok-sos001,2017,Nordre Aker,Begge kjønn,40-49,Antall mottakere av AAP,229
EliminatedValue,5,30108,0,4,0,ok-sos001,2017,Nordre Aker,Begge kjønn,50-59,Antall mottakere av AAP,210
EliminatedValue,5,30108,0,5,0,ok-sos001,2017,Nordre Aker,Begge kjønn,60+,Antall mottakere av AAP,120
EliminatedValue,5,30108,1,0,0,ok-sos001,2017,Nordre Aker,Menn,Alder i alt,Antall mottakere av AAP,396
EliminatedValue,5,30108,1,1,0,ok-sos001,2017,Nordre Aker,Menn,Under 30,Antall mottakere av AAP,95
EliminatedValue,5,30108,1,2,0,ok-sos001,2017,Nordre Aker,Menn,30-39,Antall mottakere av AAP,90
EliminatedValue,5,30108,1,3,0,ok-sos001,2017,Nordre Aker,Menn,40-49,Antall mottakere av AAP,73
EliminatedValue,5,30108,1,4,0,ok-sos001,2017,Nordre Aker,Menn,50-59,Antall mottakere av AAP,80
EliminatedValue,5,30108,1,5,0,ok-sos001,2017,Nordre Aker,Menn,60+,Antall mottakere av AAP,58
EliminatedValue,5,30108,2,0,0,ok-sos001,2017,Nordre Aker,Kvinner,Alder i alt,Antall mottakere av AAP,576
EliminatedValue,5,30108,2,1,0,ok-sos001,2017,Nordre Aker,Kvinner,Under 30,Antall mottakere av AAP,121
EliminatedValue,5,30108,2,2,0,ok-sos001,2017,Nordre Aker,Kvinner,30-39,Antall mottakere av AAP,107
EliminatedValue,5,30108,2,3,0,ok-sos001,2017,Nordre Aker,Kvinner,40-49,Antall mottakere av AAP,156
EliminatedValue,5,30108,2,4,0,ok-sos001,2017,Nordre Aker,Kvinner,50-59,Antall mottakere av AAP,130
EliminatedValue,5,30108,2,5,0,ok-sos001,2017,Nordre Aker,Kvinner,60+,Antall mottakere av AAP,62
EliminatedValue,5,30109,0,0,0,ok-sos001,2017,Bjerke,Begge kjønn,Alder i alt,Antall mottakere av AAP,801
EliminatedValue,5,30109,0,1,0,ok-sos001,2017,Bjerke,Begge kjønn,Under 30,Antall mottakere av AAP,115
EliminatedValue,5,30109,0,2,0,ok-sos001,2017,Bjerke,Begge kjønn,30-39,Antall mottakere av AAP,166
EliminatedValue,5,30109,0,3,0,ok-sos001,2017,Bjerke,Begge kjønn,40-49,Antall mottakere av AAP,221
EliminatedValue,5,30109,0,4,0,ok-sos001,2017,Bjerke,Begge kjønn,50-59,Antall mottakere av AAP,211
EliminatedValue,5,30109,0,5,0,ok-sos001,2017,Bjerke,Begge kjønn,60+,Antall mottakere av AAP,88
EliminatedValue,5,30109,1,0,0,ok-sos001,2017,Bjerke,Menn,Alder i alt,Antall mottakere av AAP,355
EliminatedValue,5,30109,1,1,0,ok-sos001,2017,Bjerke,Menn,Under 30,Antall mottakere av AAP,60
EliminatedValue,5,30109,1,2,0,ok-sos001,2017,Bjerke,Menn,30-39,Antall mottakere av AAP,67
EliminatedValue,5,30109,1,3,0,ok-sos001,2017,Bjerke,Menn,40-49,Antall mottakere av AAP,87
EliminatedValue,5,30109,1,4,0,ok-sos001,2017,Bjerke,Menn,50-59,Antall mottakere av AAP,98
EliminatedValue,5,30109,1,5,0,ok-sos001,2017,Bjerke,Menn,60+,Antall mottakere av AAP,43
EliminatedValue,5,30109,2,0,0,ok-sos001,2017,Bjerke,Kvinner,Alder i alt,Antall mottakere av AAP,446
EliminatedValue,5,30109,2,1,0,ok-sos001,2017,Bjerke,Kvinner,Under 30,Antall mottakere av AAP,55
EliminatedValue,5,30109,2,2,0,ok-sos001,2017,Bjerke,Kvinner,30-39,Antall mottakere av AAP,99
EliminatedValue,5,30109,2,3,0,ok-sos001,2017,Bjerke,Kvinner,40-49,Antall mottakere av AAP,134
EliminatedValue,5,30109,2,4,0,ok-sos001,2017,Bjerke,Kvinner,50-59,Antall mottakere av AAP,113
EliminatedValue,5,30109,2,5,0,ok-sos001,2017,Bjerke,Kvinner,60+,Antall mottakere av AAP,45
EliminatedValue,5,30110,0,0,0,ok-sos001,2017,Grorud,Begge kjønn,Alder i alt,Antall mottakere av AAP,818
EliminatedValue,5,30110,0,1,0,ok-sos001,2017,Grorud,Begge kjønn,Under 30,Antall mottakere av AAP,118
EliminatedValue,5,30110,0,2,0,ok-sos001,2017,Grorud,Begge kjønn,30-39,Antall mottakere av AAP,176
EliminatedValue,5,30110,0,3,0,ok-sos001,2017,Grorud,Begge kjønn,40-49,Antall mottakere av AAP,220
EliminatedValue,5,30110,0,4,0,ok-sos001,2017,Grorud,Begge kjønn,50-59,Antall mottakere av AAP,230
EliminatedValue,5,30110,0,5,0,ok-sos001,2017,Grorud,Begge kjønn,60+,Antall mottakere av AAP,74
EliminatedValue,5,30110,1,0,0,ok-sos001,2017,Grorud,Menn,Alder i alt,Antall mottakere av AAP,351
EliminatedValue,5,30110,1,1,0,ok-sos001,2017,Grorud,Menn,Under 30,Antall mottakere av AAP,49
EliminatedValue,5,30110,1,2,0,ok-sos001,2017,Grorud,Menn,30-39,Antall mottakere av AAP,75
EliminatedValue,5,30110,1,3,0,ok-sos001,2017,Grorud,Menn,40-49,Antall mottakere av AAP,93
EliminatedValue,5,30110,1,4,0,ok-sos001,2017,Grorud,Menn,50-59,Antall mottakere av AAP,99
EliminatedValue,5,30110,1,5,0,ok-sos001,2017,Grorud,Menn,60+,Antall mottakere av AAP,35
EliminatedValue,5,30110,2,0,0,ok-sos001,2017,Grorud,Kvinner,Alder i alt,Antall mottakere av AAP,467
EliminatedValue,5,30110,2,1,0,ok-sos001,2017,Grorud,Kvinner,Under 30,Antall mottakere av AAP,69
EliminatedValue,5,30110,2,2,0,ok-sos001,2017,Grorud,Kvinner,30-39,Antall mottakere av AAP,101
EliminatedValue,5,30110,2,3,0,ok-sos001,2017,Grorud,Kvinner,40-49,Antall mottakere av AAP,127
EliminatedValue,5,30110,2,4,0,ok-sos001,2017,Grorud,Kvinner,50-59,Antall mottakere av AAP,131
EliminatedValue,5,30110,2,5,0,ok-sos001,2017,Grorud,Kvinner,60+,Antall mottakere av AAP,39
EliminatedValue,5,30111,0,0,0,ok-sos001,2017,Stovner,Begge kjønn,Alder i alt,Antall mottakere av AAP,995
EliminatedValue,5,30111,0,1,0,ok-sos001,2017,Stovner,Begge kjønn,Under 30,Antall mottakere av AAP,151
EliminatedValue,5,30111,0,2,0,ok-sos001,2017,Stovner,Begge kjønn,30-39,Antall mottakere av AAP,189
EliminatedValue,5,30111,0,3,0,ok-sos001,2017,Stovner,Begge kjønn,40-49,Antall mottakere av AAP,291
EliminatedValue,5,30111,0,4,0,ok-sos001,2017,Stovner,Begge kjønn,50-59,Antall mottakere av AAP,282
EliminatedValue,5,30111,0,5,0,ok-sos001,2017,Stovner,Begge kjønn,60+,Antall mottakere av AAP,82
EliminatedValue,5,30111,1,0,0,ok-sos001,2017,Stovner,Menn,Alder i alt,Antall mottakere av AAP,444
EliminatedValue,5,30111,1,1,0,ok-sos001,2017,Stovner,Menn,Under 30,Antall mottakere av AAP,69
EliminatedValue,5,30111,1,2,0,ok-sos001,2017,Stovner,Menn,30-39,Antall mottakere av AAP,86
EliminatedValue,5,30111,1,3,0,ok-sos001,2017,Stovner,Menn,40-49,Antall mottakere av AAP,122
EliminatedValue,5,30111,1,4,0,ok-sos001,2017,Stovner,Menn,50-59,Antall mottakere av AAP,128
EliminatedValue,5,30111,1,5,0,ok-sos001,2017,Stovner,Menn,60+,Antall mottakere av AAP,39
EliminatedValue,5,30111,2,0,0,ok-sos001,2017,Stovner,Kvinner,Alder i alt,Antall mottakere av AAP,551
EliminatedValue,5,30111,2,1,0,ok-sos001,2017,Stovner,Kvinner,Under 30,Antall mottakere av AAP,82
EliminatedValue,5,30111,2,2,0,ok-sos001,2017,Stovner,Kvinner,30-39,Antall mottakere av AAP,103
EliminatedValue,5,30111,2,3,0,ok-sos001,2017,Stovner,Kvinner,40-49,Antall mottakere av AAP,169
EliminatedValue,5,30111,2,4,0,ok-sos001,2017,Stovner,Kvinner,50-59,Antall mottakere av AAP,154
EliminatedValue,5,30111,2,5,0,ok-sos001,2017,Stovner,Kvinner,60+,Antall mottakere av AAP,43
EliminatedValue,5,30112,0,0,0,ok-sos001,2017,Alna,Begge kjønn,Alder i alt,Antall mottakere av AAP,2003
EliminatedValue,5,30112,0,1,0,ok-sos001,2017,Alna,Begge kjønn,Under 30,Antall mottakere av AAP,234
EliminatedValue,5,30112,0,2,0,ok-sos001,2017,Alna,Begge kjønn,30-39,Antall mottakere av AAP,410
EliminatedValue,5,30112,0,3,0,ok-sos001,2017,Alna,Begge kjønn,40-49,Antall mottakere av AAP,568
EliminatedValue,5,30112,0,4,0,ok-sos001,2017,Alna,Begge kjønn,50-59,Antall mottakere av AAP,558
EliminatedValue,5,30112,0,5,0,ok-sos001,2017,Alna,Begge kjønn,60+,Antall mottakere av AAP,233
EliminatedValue,5,30112,1,0,0,ok-sos001,2017,Alna,Menn,Alder i alt,Antall mottakere av AAP,897
EliminatedValue,5,30112,1,1,0,ok-sos001,2017,Alna,Menn,Under 30,Antall mottakere av AAP,117
EliminatedValue,5,30112,1,2,0,ok-sos001,2017,Alna,Menn,30-39,Antall mottakere av AAP,185
EliminatedValue,5,30112,1,3,0,ok-sos001,2017,Alna,Menn,40-49,Antall mottakere av AAP,229
EliminatedValue,5,30112,1,4,0,ok-sos001,2017,Alna,Menn,50-59,Antall mottakere av AAP,252
EliminatedValue,5,30112,1,5,0,ok-sos001,2017,Alna,Menn,60+,Antall mottakere av AAP,114
EliminatedValue,5,30112,2,0,0,ok-sos001,2017,Alna,Kvinner,Alder i alt,Antall mottakere av AAP,1106
EliminatedValue,5,30112,2,1,0,ok-sos001,2017,Alna,Kvinner,Under 30,Antall mottakere av AAP,117
EliminatedValue,5,30112,2,2,0,ok-sos001,2017,Alna,Kvinner,30-39,Antall mottakere av AAP,225
EliminatedValue,5,30112,2,3,0,ok-sos001,2017,Alna,Kvinner,40-49,Antall mottakere av AAP,339
EliminatedValue,5,30112,2,4,0,ok-sos001,2017,Alna,Kvinner,50-59,Antall mottakere av AAP,306
EliminatedValue,5,30112,2,5,0,ok-sos001,2017,Alna,Kvinner,60+,Antall mottakere av AAP,119
EliminatedValue,5,30113,0,0,0,ok-sos001,2017,Østensjø,Begge kjønn,Alder i alt,Antall mottakere av AAP,1233
EliminatedValue,5,30113,0,1,0,ok-sos001,2017,Østensjø,Begge kjønn,Under 30,Antall mottakere av AAP,163
EliminatedValue,5,30113,0,2,0,ok-sos001,2017,Østensjø,Begge kjønn,30-39,Antall mottakere av AAP,242
EliminatedValue,5,30113,0,3,0,ok-sos001,2017,Østensjø,Begge kjønn,40-49,Antall mottakere av AAP,324
EliminatedValue,5,30113,0,4,0,ok-sos001,2017,Østensjø,Begge kjønn,50-59,Antall mottakere av AAP,359
EliminatedValue,5,30113,0,5,0,ok-sos001,2017,Østensjø,Begge kjønn,60+,Antall mottakere av AAP,145
EliminatedValue,5,30113,1,0,0,ok-sos001,2017,Østensjø,Menn,Alder i alt,Antall mottakere av AAP,474
EliminatedValue,5,30113,1,1,0,ok-sos001,2017,Østensjø,Menn,Under 30,Antall mottakere av AAP,71
EliminatedValue,5,30113,1,2,0,ok-sos001,2017,Østensjø,Menn,30-39,Antall mottakere av AAP,88
EliminatedValue,5,30113,1,3,0,ok-sos001,2017,Østensjø,Menn,40-49,Antall mottakere av AAP,114
EliminatedValue,5,30113,1,4,0,ok-sos001,2017,Østensjø,Menn,50-59,Antall mottakere av AAP,138
EliminatedValue,5,30113,1,5,0,ok-sos001,2017,Østensjø,Menn,60+,Antall mottakere av AAP,63
EliminatedValue,5,30113,2,0,0,ok-sos001,2017,Østensjø,Kvinner,Alder i alt,Antall mottakere av AAP,759
EliminatedValue,5,30113,2,1,0,ok-sos001,2017,Østensjø,Kvinner,Under 30,Antall mottakere av AAP,92
EliminatedValue,5,30113,2,2,0,ok-sos001,2017,Østensjø,Kvinner,30-39,Antall mottakere av AAP,154
EliminatedValue,5,30113,2,3,0,ok-sos001,2017,Østensjø,Kvinner,40-49,Antall mottakere av AAP,210
EliminatedValue,5,30113,2,4,0,ok-sos001,2017,Østensjø,Kvinner,50-59,Antall mottakere av AAP,221
EliminatedValue,5,30113,2,5,0,ok-sos001,2017,Østensjø,Kvinner,60+,Antall mottakere av AAP,82
EliminatedValue,5,30114,0,0,0,ok-sos001,2017,Nordstrand,Begge kjønn,Alder i alt,Antall mottakere av AAP,1202
EliminatedValue,5,30114,0,1,0,ok-sos001,2017,Nordstrand,Begge kjønn,Under 30,Antall mottakere av AAP,208
EliminatedValue,5,30114,0,2,0,ok-sos001,2017,Nordstrand,Begge kjønn,30-39,Antall mottakere av AAP,226
EliminatedValue,5,30114,0,3,0,ok-sos001,2017,Nordstrand,Begge kjønn,40-49,Antall mottakere av AAP,288
EliminatedValue,5,30114,0,4,0,ok-sos001,2017,Nordstrand,Begge kjønn,50-59,Antall mottakere av AAP,330
EliminatedValue,5,30114,0,5,0,ok-sos001,2017,Nordstrand,Begge kjønn,60+,Antall mottakere av AAP,150
EliminatedValue,5,30114,1,0,0,ok-sos001,2017,Nordstrand,Menn,Alder i alt,Antall mottakere av AAP,459
EliminatedValue,5,30114,1,1,0,ok-sos001,2017,Nordstrand,Menn,Under 30,Antall mottakere av AAP,84
EliminatedValue,5,30114,1,2,0,ok-sos001,2017,Nordstrand,Menn,30-39,Antall mottakere av AAP,91
EliminatedValue,5,30114,1,3,0,ok-sos001,2017,Nordstrand,Menn,40-49,Antall mottakere av AAP,96
EliminatedValue,5,30114,1,4,0,ok-sos001,2017,Nordstrand,Menn,50-59,Antall mottakere av AAP,131
EliminatedValue,5,30114,1,5,0,ok-sos001,2017,Nordstrand,Menn,60+,Antall mottakere av AAP,57
EliminatedValue,5,30114,2,0,0,ok-sos001,2017,Nordstrand,Kvinner,Alder i alt,Antall mottakere av AAP,743
EliminatedValue,5,30114,2,1,0,ok-sos001,2017,Nordstrand,Kvinner,Under 30,Antall mottakere av AAP,124
EliminatedValue,5,30114,2,2,0,ok-sos001,2017,Nordstrand,Kvinner,30-39,Antall mottakere av AAP,135
EliminatedValue,5,30114,2,3,0,ok-sos001,2017,Nordstrand,Kvinner,40-49,Antall mottakere av AAP,192
EliminatedValue,5,30114,2,4,0,ok-sos001,2017,Nordstrand,Kvinner,50-59,Antall mottakere av AAP,199
EliminatedValue,5,30114,2,5,0,ok-sos001,2017,Nordstrand,Kvinner,60+,Antall mottakere av AAP,93
EliminatedValue,5,30115,0,0,0,ok-sos001,2017,Søndre Nordstrand,Begge kjønn,Alder i alt,Antall mottakere av AAP,1278
EliminatedValue,5,30115,0,1,0,ok-sos001,2017,Søndre Nordstrand,Begge kjønn,Under 30,Antall mottakere av AAP,158
EliminatedValue,5,30115,0,2,0,ok-sos001,2017,Søndre Nordstrand,Begge kjønn,30-39,Antall mottakere av AAP,255
EliminatedValue,5,30115,0,3,0,ok-sos001,2017,Søndre Nordstrand,Begge kjønn,40-49,Antall mottakere av AAP,353
EliminatedValue,5,30115,0,4,0,ok-sos001,2017,Søndre Nordstrand,Begge kjønn,50-59,Antall mottakere av AAP,361
EliminatedValue,5,30115,0,5,0,ok-sos001,2017,Søndre Nordstrand,Begge kjønn,60+,Antall mottakere av AAP,151
EliminatedValue,5,30115,1,0,0,ok-sos001,2017,Søndre Nordstrand,Menn,Alder i alt,Antall mottakere av AAP,536
EliminatedValue,5,30115,1,1,0,ok-sos001,2017,Søndre Nordstrand,Menn,Under 30,Antall mottakere av AAP,76
EliminatedValue,5,30115,1,2,0,ok-sos001,2017,Søndre Nordstrand,Menn,30-39,Antall mottakere av AAP,102
EliminatedValue,5,30115,1,3,0,ok-sos001,2017,Søndre Nordstrand,Menn,40-49,Antall mottakere av AAP,117
EliminatedValue,5,30115,1,4,0,ok-sos001,2017,Søndre Nordstrand,Menn,50-59,Antall mottakere av AAP,161
EliminatedValue,5,30115,1,5,0,ok-sos001,2017,Søndre Nordstrand,Menn,60+,Antall mottakere av AAP,80
EliminatedValue,5,30115,2,0,0,ok-sos001,2017,Søndre Nordstrand,Kvinner,Alder i alt,Antall mottakere av AAP,742
EliminatedValue,5,30115,2,1,0,ok-sos001,2017,Søndre Nordstrand,Kvinner,Under 30,Antall mottakere av AAP,82
EliminatedValue,5,30115,2,2,0,ok-sos001,2017,Søndre Nordstrand,Kvinner,30-39,Antall mottakere av AAP,153
EliminatedValue,5,30115,2,3,0,ok-sos001,2017,Søndre Nordstrand,Kvinner,40-49,Antall mottakere av AAP,236
EliminatedValue,5,30115,2,4,0,ok-sos001,2017,Søndre Nordstrand,Kvinner,50-59,Antall mottakere av AAP,200
EliminatedValue,5,30115,2,5,0,ok-sos001,2017,Søndre Nordstrand,Kvinner,60+,Antall mottakere av AAP,71
EliminatedValue,5,30116,0,0,0,ok-sos001,2017,Sentrum,Begge kjønn,Alder i alt,Antall mottakere av AAP,
EliminatedValue,5,30116,0,1,0,ok-sos001,2017,Sentrum,Begge kjønn,Under 30,Antall mottakere av AAP,
EliminatedValue,5,30116,0,2,0,ok-sos001,2017,Sentrum,Begge kjønn,30-39,Antall mottakere av AAP,
EliminatedValue,5,30116,0,3,0,ok-sos001,2017,Sentrum,Begge kjønn,40-49,Antall mottakere av AAP,
EliminatedValue,5,30116,0,4,0,ok-sos001,2017,Sentrum,Begge kjønn,50-59,Antall mottakere av AAP,
EliminatedValue,5,30116,0,5,0,ok-sos001,2017,Sentrum,Begge kjønn,60+,Antall mottakere av AAP,
EliminatedValue,5,30116,1,0,0,ok-sos001,2017,Sentrum,Menn,Alder i alt,Antall mottakere av AAP,
EliminatedValue,5,30116,1,1,0,ok-sos001,2017,Sentrum,Menn,Under 30,Antall mottakere av AAP,
EliminatedValue,5,30116,1,2,0,ok-sos001,2017,Sentrum,Menn,30-39,Antall mottakere av AAP,
EliminatedValue,5,30116,1,3,0,ok-sos001,2017,Sentrum,Menn,40-49,Antall mottakere av AAP,
EliminatedValue,5,30116,1,4,0,ok-sos001,2017,Sentrum,Menn,50-59,Antall mottakere av AAP,
EliminatedValue,5,30116,1,5,0,ok-sos001,2017,Sentrum,Menn,60+,Antall mottakere av AAP,
EliminatedValue,5,30116,2,0,0,ok-sos001,2017,Sentrum,Kvinner,Alder i alt,Antall mottakere av AAP,
EliminatedValue,5,30116,2,1,0,ok-sos001,2017,Sentrum,Kvinner,Under 30,Antall mottakere av AAP,
EliminatedValue,5,30116,2,2,0,ok-sos001,2017,Sentrum,Kvinner,30-39,Antall mottakere av AAP,
EliminatedValue,5,30116,2,3,0,ok-sos001,2017,Sentrum,Kvinner,40-49,Antall mottakere av AAP,
EliminatedValue,5,30116,2,4,0,ok-sos001,2017,Sentrum,Kvinner,50-59,Antall mottakere av AAP,
EliminatedValue,5,30116,2,5,0,ok-sos001,2017,Sentrum,Kvinner,60+,Antall mottakere av AAP,
EliminatedValue,5,30117,0,0,0,ok-sos001,2017,Marka,Begge kjønn,Alder i alt,Antall mottakere av AAP,
EliminatedValue,5,30117,0,1,0,ok-sos001,2017,Marka,Begge kjønn,Under 30,Antall mottakere av AAP,
EliminatedValue,5,30117,0,2,0,ok-sos001,2017,Marka,Begge kjønn,30-39,Antall mottakere av AAP,
EliminatedValue,5,30117,0,3,0,ok-sos001,2017,Marka,Begge kjønn,40-49,Antall mottakere av AAP,
EliminatedValue,5,30117,0,4,0,ok-sos001,2017,Marka,Begge kjønn,50-59,Antall mottakere av AAP,
EliminatedValue,5,30117,0,5,0,ok-sos001,2017,Marka,Begge kjønn,60+,Antall mottakere av AAP,
EliminatedValue,5,30117,1,0,0,ok-sos001,2017,Marka,Menn,Alder i alt,Antall mottakere av AAP,
EliminatedValue,5,30117,1,1,0,ok-sos001,2017,Marka,Menn,Under 30,Antall mottakere av AAP,
EliminatedValue,5,30117,1,2,0,ok-sos001,2017,Marka,Menn,30-39,Antall mottakere av AAP,
EliminatedValue,5,30117,1,3,0,ok-sos001,2017,Marka,Menn,40-49,Antall mottakere av AAP,
EliminatedValue,5,30117,1,4,0,ok-sos001,2017,Marka,Menn,50-59,Antall mottakere av AAP,
EliminatedValue,5,30117,1,5,0,ok-sos001,2017,Marka,Menn,60+,Antall mottakere av AAP,
EliminatedValue,5,30117,2,0,0,ok-sos001,2017,Marka,Kvinner,Alder i alt,Antall mottakere av AAP,
EliminatedValue,5,30117,2,1,0,ok-sos001,2017,Marka,Kvinner,Under 30,Antall mottakere av AAP,
EliminatedValue,5,30117,2,2,0,ok-sos001,2017,Marka,Kvinner,30-39,Antall mottakere av AAP,
EliminatedValue,5,30117,2,3,0,ok-sos001,2017,Marka,Kvinner,40-49,Antall mottakere av AAP,
EliminatedValue,5,30117,2,4,0,ok-sos001,2017,Marka,Kvinner,50-59,Antall mottakere av AAP,
EliminatedValue,5,30117,2,5,0,ok-sos001,2017,Marka,Kvinner,60+,Antall mottakere av AAP,
EliminatedValue,6,301,0,0,0,ok-sos001,2018,Oslo i alt,Begge kjønn,Alder i alt,Antall mottakere av AAP,15695
EliminatedValue,6,301,0,1,0,ok-sos001,2018,Oslo i alt,Begge kjønn,Under 30,Antall mottakere av AAP,2880
EliminatedValue,6,301,0,2,0,ok-sos001,2018,Oslo i alt,Begge kjønn,30-39,Antall mottakere av AAP,3691
EliminatedValue,6,301,0,3,0,ok-sos001,2018,Oslo i alt,Begge kjønn,40-49,Antall mottakere av AAP,3919
EliminatedValue,6,301,0,4,0,ok-sos001,2018,Oslo i alt,Begge kjønn,50-59,Antall mottakere av AAP,3615
EliminatedValue,6,301,0,5,0,ok-sos001,2018,Oslo i alt,Begge kjønn,60+,Antall mottakere av AAP,1590
EliminatedValue,6,301,1,0,0,ok-sos001,2018,Oslo i alt,Menn,Alder i alt,Antall mottakere av AAP,6660
EliminatedValue,6,301,1,1,0,ok-sos001,2018,Oslo i alt,Menn,Under 30,Antall mottakere av AAP,1211
EliminatedValue,6,301,1,2,0,ok-sos001,2018,Oslo i alt,Menn,30-39,Antall mottakere av AAP,1533
EliminatedValue,6,301,1,3,0,ok-sos001,2018,Oslo i alt,Menn,40-49,Antall mottakere av AAP,1568
EliminatedValue,6,301,1,4,0,ok-sos001,2018,Oslo i alt,Menn,50-59,Antall mottakere av AAP,1585
EliminatedValue,6,301,1,5,0,ok-sos001,2018,Oslo i alt,Menn,60+,Antall mottakere av AAP,763
EliminatedValue,6,301,2,0,0,ok-sos001,2018,Oslo i alt,Kvinner,Alder i alt,Antall mottakere av AAP,9035
EliminatedValue,6,301,2,1,0,ok-sos001,2018,Oslo i alt,Kvinner,Under 30,Antall mottakere av AAP,1669
EliminatedValue,6,301,2,2,0,ok-sos001,2018,Oslo i alt,Kvinner,30-39,Antall mottakere av AAP,2158
EliminatedValue,6,301,2,3,0,ok-sos001,2018,Oslo i alt,Kvinner,40-49,Antall mottakere av AAP,2351
EliminatedValue,6,301,2,4,0,ok-sos001,2018,Oslo i alt,Kvinner,50-59,Antall mottakere av AAP,2030
EliminatedValue,6,301,2,5,0,ok-sos001,2018,Oslo i alt,Kvinner,60+,Antall mottakere av AAP,827
EliminatedValue,6,30101,0,0,0,ok-sos001,2018,Gamle Oslo,Begge kjønn,Alder i alt,Antall mottakere av AAP,1526
EliminatedValue,6,30101,0,1,0,ok-sos001,2018,Gamle Oslo,Begge kjønn,Under 30,Antall mottakere av AAP,296
EliminatedValue,6,30101,0,2,0,ok-sos001,2018,Gamle Oslo,Begge kjønn,30-39,Antall mottakere av AAP,452
EliminatedValue,6,30101,0,3,0,ok-sos001,2018,Gamle Oslo,Begge kjønn,40-49,Antall mottakere av AAP,401
EliminatedValue,6,30101,0,4,0,ok-sos001,2018,Gamle Oslo,Begge kjønn,50-59,Antall mottakere av AAP,272
EliminatedValue,6,30101,0,5,0,ok-sos001,2018,Gamle Oslo,Begge kjønn,60+,Antall mottakere av AAP,105
EliminatedValue,6,30101,1,0,0,ok-sos001,2018,Gamle Oslo,Menn,Alder i alt,Antall mottakere av AAP,706
EliminatedValue,6,30101,1,1,0,ok-sos001,2018,Gamle Oslo,Menn,Under 30,Antall mottakere av AAP,125
EliminatedValue,6,30101,1,2,0,ok-sos001,2018,Gamle Oslo,Menn,30-39,Antall mottakere av AAP,203
EliminatedValue,6,30101,1,3,0,ok-sos001,2018,Gamle Oslo,Menn,40-49,Antall mottakere av AAP,184
EliminatedValue,6,30101,1,4,0,ok-sos001,2018,Gamle Oslo,Menn,50-59,Antall mottakere av AAP,144
EliminatedValue,6,30101,1,5,0,ok-sos001,2018,Gamle Oslo,Menn,60+,Antall mottakere av AAP,50
EliminatedValue,6,30101,2,0,0,ok-sos001,2018,Gamle Oslo,Kvinner,Alder i alt,Antall mottakere av AAP,820
EliminatedValue,6,30101,2,1,0,ok-sos001,2018,Gamle Oslo,Kvinner,Under 30,Antall mottakere av AAP,171
EliminatedValue,6,30101,2,2,0,ok-sos001,2018,Gamle Oslo,Kvinner,30-39,Antall mottakere av AAP,249
EliminatedValue,6,30101,2,3,0,ok-sos001,2018,Gamle Oslo,Kvinner,40-49,Antall mottakere av AAP,217
EliminatedValue,6,30101,2,4,0,ok-sos001,2018,Gamle Oslo,Kvinner,50-59,Antall mottakere av AAP,128
EliminatedValue,6,30101,2,5,0,ok-sos001,2018,Gamle Oslo,Kvinner,60+,Antall mottakere av AAP,55
EliminatedValue,6,30102,0,0,0,ok-sos001,2018,Grünerløkka,Begge kjønn,Alder i alt,Antall mottakere av AAP,1433
EliminatedValue,6,30102,0,1,0,ok-sos001,2018,Grünerløkka,Begge kjønn,Under 30,Antall mottakere av AAP,319
EliminatedValue,6,30102,0,2,0,ok-sos001,2018,Grünerløkka,Begge kjønn,30-39,Antall mottakere av AAP,421
EliminatedValue,6,30102,0,3,0,ok-sos001,2018,Grünerløkka,Begge kjønn,40-49,Antall mottakere av AAP,334
EliminatedValue,6,30102,0,4,0,ok-sos001,2018,Grünerløkka,Begge kjønn,50-59,Antall mottakere av AAP,256
EliminatedValue,6,30102,0,5,0,ok-sos001,2018,Grünerløkka,Begge kjønn,60+,Antall mottakere av AAP,103
EliminatedValue,6,30102,1,0,0,ok-sos001,2018,Grünerløkka,Menn,Alder i alt,Antall mottakere av AAP,617
EliminatedValue,6,30102,1,1,0,ok-sos001,2018,Grünerløkka,Menn,Under 30,Antall mottakere av AAP,119
EliminatedValue,6,30102,1,2,0,ok-sos001,2018,Grünerløkka,Menn,30-39,Antall mottakere av AAP,171
EliminatedValue,6,30102,1,3,0,ok-sos001,2018,Grünerløkka,Menn,40-49,Antall mottakere av AAP,147
EliminatedValue,6,30102,1,4,0,ok-sos001,2018,Grünerløkka,Menn,50-59,Antall mottakere av AAP,114
EliminatedValue,6,30102,1,5,0,ok-sos001,2018,Grünerløkka,Menn,60+,Antall mottakere av AAP,66
EliminatedValue,6,30102,2,0,0,ok-sos001,2018,Grünerløkka,Kvinner,Alder i alt,Antall mottakere av AAP,816
EliminatedValue,6,30102,2,1,0,ok-sos001,2018,Grünerløkka,Kvinner,Under 30,Antall mottakere av AAP,200
EliminatedValue,6,30102,2,2,0,ok-sos001,2018,Grünerløkka,Kvinner,30-39,Antall mottakere av AAP,250
EliminatedValue,6,30102,2,3,0,ok-sos001,2018,Grünerløkka,Kvinner,40-49,Antall mottakere av AAP,187
EliminatedValue,6,30102,2,4,0,ok-sos001,2018,Grünerløkka,Kvinner,50-59,Antall mottakere av AAP,142
EliminatedValue,6,30102,2,5,0,ok-sos001,2018,Grünerløkka,Kvinner,60+,Antall mottakere av AAP,37
EliminatedValue,6,30103,0,0,0,ok-sos001,2018,Sagene,Begge kjønn,Alder i alt,Antall mottakere av AAP,1036
EliminatedValue,6,30103,0,1,0,ok-sos001,2018,Sagene,Begge kjønn,Under 30,Antall mottakere av AAP,230
EliminatedValue,6,30103,0,2,0,ok-sos001,2018,Sagene,Begge kjønn,30-39,Antall mottakere av AAP,316
EliminatedValue,6,30103,0,3,0,ok-sos001,2018,Sagene,Begge kjønn,40-49,Antall mottakere av AAP,251
EliminatedValue,6,30103,0,4,0,ok-sos001,2018,Sagene,Begge kjønn,50-59,Antall mottakere av AAP,178
EliminatedValue,6,30103,0,5,0,ok-sos001,2018,Sagene,Begge kjønn,60+,Antall mottakere av AAP,61
EliminatedValue,6,30103,1,0,0,ok-sos001,2018,Sagene,Menn,Alder i alt,Antall mottakere av AAP,418
EliminatedValue,6,30103,1,1,0,ok-sos001,2018,Sagene,Menn,Under 30,Antall mottakere av AAP,88
EliminatedValue,6,30103,1,2,0,ok-sos001,2018,Sagene,Menn,30-39,Antall mottakere av AAP,124
EliminatedValue,6,30103,1,3,0,ok-sos001,2018,Sagene,Menn,40-49,Antall mottakere av AAP,103
EliminatedValue,6,30103,1,4,0,ok-sos001,2018,Sagene,Menn,50-59,Antall mottakere av AAP,73
EliminatedValue,6,30103,1,5,0,ok-sos001,2018,Sagene,Menn,60+,Antall mottakere av AAP,30
EliminatedValue,6,30103,2,0,0,ok-sos001,2018,Sagene,Kvinner,Alder i alt,Antall mottakere av AAP,618
EliminatedValue,6,30103,2,1,0,ok-sos001,2018,Sagene,Kvinner,Under 30,Antall mottakere av AAP,142
EliminatedValue,6,30103,2,2,0,ok-sos001,2018,Sagene,Kvinner,30-39,Antall mottakere av AAP,192
EliminatedValue,6,30103,2,3,0,ok-sos001,2018,Sagene,Kvinner,40-49,Antall mottakere av AAP,148
EliminatedValue,6,30103,2,4,0,ok-sos001,2018,Sagene,Kvinner,50-59,Antall mottakere av AAP,105
EliminatedValue,6,30103,2,5,0,ok-sos001,2018,Sagene,Kvinner,60+,Antall mottakere av AAP,31
EliminatedValue,6,30104,0,0,0,ok-sos001,2018,St. Hanshaugen,Begge kjønn,Alder i alt,Antall mottakere av AAP,894
EliminatedValue,6,30104,0,1,0,ok-sos001,2018,St. Hanshaugen,Begge kjønn,Under 30,Antall mottakere av AAP,238
EliminatedValue,6,30104,0,2,0,ok-sos001,2018,St. Hanshaugen,Begge kjønn,30-39,Antall mottakere av AAP,255
EliminatedValue,6,30104,0,3,0,ok-sos001,2018,St. Hanshaugen,Begge kjønn,40-49,Antall mottakere av AAP,170
EliminatedValue,6,30104,0,4,0,ok-sos001,2018,St. Hanshaugen,Begge kjønn,50-59,Antall mottakere av AAP,176
EliminatedValue,6,30104,0,5,0,ok-sos001,2018,St. Hanshaugen,Begge kjønn,60+,Antall mottakere av AAP,55
EliminatedValue,6,30104,1,0,0,ok-sos001,2018,St. Hanshaugen,Menn,Alder i alt,Antall mottakere av AAP,378
EliminatedValue,6,30104,1,1,0,ok-sos001,2018,St. Hanshaugen,Menn,Under 30,Antall mottakere av AAP,85
EliminatedValue,6,30104,1,2,0,ok-sos001,2018,St. Hanshaugen,Menn,30-39,Antall mottakere av AAP,112
EliminatedValue,6,30104,1,3,0,ok-sos001,2018,St. Hanshaugen,Menn,40-49,Antall mottakere av AAP,82
EliminatedValue,6,30104,1,4,0,ok-sos001,2018,St. Hanshaugen,Menn,50-59,Antall mottakere av AAP,77
EliminatedValue,6,30104,1,5,0,ok-sos001,2018,St. Hanshaugen,Menn,60+,Antall mottakere av AAP,22
EliminatedValue,6,30104,2,0,0,ok-sos001,2018,St. Hanshaugen,Kvinner,Alder i alt,Antall mottakere av AAP,516
EliminatedValue,6,30104,2,1,0,ok-sos001,2018,St. Hanshaugen,Kvinner,Under 30,Antall mottakere av AAP,153
EliminatedValue,6,30104,2,2,0,ok-sos001,2018,St. Hanshaugen,Kvinner,30-39,Antall mottakere av AAP,143
EliminatedValue,6,30104,2,3,0,ok-sos001,2018,St. Hanshaugen,Kvinner,40-49,Antall mottakere av AAP,88
EliminatedValue,6,30104,2,4,0,ok-sos001,2018,St. Hanshaugen,Kvinner,50-59,Antall mottakere av AAP,99
EliminatedValue,6,30104,2,5,0,ok-sos001,2018,St. Hanshaugen,Kvinner,60+,Antall mottakere av AAP,33
EliminatedValue,6,30105,0,0,0,ok-sos001,2018,Frogner,Begge kjønn,Alder i alt,Antall mottakere av AAP,1197
EliminatedValue,6,30105,0,1,0,ok-sos001,2018,Frogner,Begge kjønn,Under 30,Antall mottakere av AAP,308
EliminatedValue,6,30105,0,2,0,ok-sos001,2018,Frogner,Begge kjønn,30-39,Antall mottakere av AAP,245
EliminatedValue,6,30105,0,3,0,ok-sos001,2018,Frogner,Begge kjønn,40-49,Antall mottakere av AAP,263
EliminatedValue,6,30105,0,4,0,ok-sos001,2018,Frogner,Begge kjønn,50-59,Antall mottakere av AAP,256
EliminatedValue,6,30105,0,5,0,ok-sos001,2018,Frogner,Begge kjønn,60+,Antall mottakere av AAP,125
EliminatedValue,6,30105,1,0,0,ok-sos001,2018,Frogner,Menn,Alder i alt,Antall mottakere av AAP,480
EliminatedValue,6,30105,1,1,0,ok-sos001,2018,Frogner,Menn,Under 30,Antall mottakere av AAP,96
EliminatedValue,6,30105,1,2,0,ok-sos001,2018,Frogner,Menn,30-39,Antall mottakere av AAP,104
EliminatedValue,6,30105,1,3,0,ok-sos001,2018,Frogner,Menn,40-49,Antall mottakere av AAP,120
EliminatedValue,6,30105,1,4,0,ok-sos001,2018,Frogner,Menn,50-59,Antall mottakere av AAP,107
EliminatedValue,6,30105,1,5,0,ok-sos001,2018,Frogner,Menn,60+,Antall mottakere av AAP,53
EliminatedValue,6,30105,2,0,0,ok-sos001,2018,Frogner,Kvinner,Alder i alt,Antall mottakere av AAP,717
EliminatedValue,6,30105,2,1,0,ok-sos001,2018,Frogner,Kvinner,Under 30,Antall mottakere av AAP,212
EliminatedValue,6,30105,2,2,0,ok-sos001,2018,Frogner,Kvinner,30-39,Antall mottakere av AAP,141
EliminatedValue,6,30105,2,3,0,ok-sos001,2018,Frogner,Kvinner,40-49,Antall mottakere av AAP,143
EliminatedValue,6,30105,2,4,0,ok-sos001,2018,Frogner,Kvinner,50-59,Antall mottakere av AAP,149
EliminatedValue,6,30105,2,5,0,ok-sos001,2018,Frogner,Kvinner,60+,Antall mottakere av AAP,72
EliminatedValue,6,30106,0,0,0,ok-sos001,2018,Ullern,Begge kjønn,Alder i alt,Antall mottakere av AAP,521
EliminatedValue,6,30106,0,1,0,ok-sos001,2018,Ullern,Begge kjønn,Under 30,Antall mottakere av AAP,86
EliminatedValue,6,30106,0,2,0,ok-sos001,2018,Ullern,Begge kjønn,30-39,Antall mottakere av AAP,109
EliminatedValue,6,30106,0,3,0,ok-sos001,2018,Ullern,Begge kjønn,40-49,Antall mottakere av AAP,133
EliminatedValue,6,30106,0,4,0,ok-sos001,2018,Ullern,Begge kjønn,50-59,Antall mottakere av AAP,122
EliminatedValue,6,30106,0,5,0,ok-sos001,2018,Ullern,Begge kjønn,60+,Antall mottakere av AAP,71
EliminatedValue,6,30106,1,0,0,ok-sos001,2018,Ullern,Menn,Alder i alt,Antall mottakere av AAP,199
EliminatedValue,6,30106,1,1,0,ok-sos001,2018,Ullern,Menn,Under 30,Antall mottakere av AAP,44
EliminatedValue,6,30106,1,2,0,ok-sos001,2018,Ullern,Menn,30-39,Antall mottakere av AAP,40
EliminatedValue,6,30106,1,3,0,ok-sos001,2018,Ullern,Menn,40-49,Antall mottakere av AAP,44
EliminatedValue,6,30106,1,4,0,ok-sos001,2018,Ullern,Menn,50-59,Antall mottakere av AAP,42
EliminatedValue,6,30106,1,5,0,ok-sos001,2018,Ullern,Menn,60+,Antall mottakere av AAP,29
EliminatedValue,6,30106,2,0,0,ok-sos001,2018,Ullern,Kvinner,Alder i alt,Antall mottakere av AAP,322
EliminatedValue,6,30106,2,1,0,ok-sos001,2018,Ullern,Kvinner,Under 30,Antall mottakere av AAP,42
EliminatedValue,6,30106,2,2,0,ok-sos001,2018,Ullern,Kvinner,30-39,Antall mottakere av AAP,69
EliminatedValue,6,30106,2,3,0,ok-sos001,2018,Ullern,Kvinner,40-49,Antall mottakere av AAP,89
EliminatedValue,6,30106,2,4,0,ok-sos001,2018,Ullern,Kvinner,50-59,Antall mottakere av AAP,80
EliminatedValue,6,30106,2,5,0,ok-sos001,2018,Ullern,Kvinner,60+,Antall mottakere av AAP,42
EliminatedValue,6,30107,0,0,0,ok-sos001,2018,Vestre Aker,Begge kjønn,Alder i alt,Antall mottakere av AAP,678
EliminatedValue,6,30107,0,1,0,ok-sos001,2018,Vestre Aker,Begge kjønn,Under 30,Antall mottakere av AAP,116
EliminatedValue,6,30107,0,2,0,ok-sos001,2018,Vestre Aker,Begge kjønn,30-39,Antall mottakere av AAP,140
EliminatedValue,6,30107,0,3,0,ok-sos001,2018,Vestre Aker,Begge kjønn,40-49,Antall mottakere av AAP,156
EliminatedValue,6,30107,0,4,0,ok-sos001,2018,Vestre Aker,Begge kjønn,50-59,Antall mottakere av AAP,167
EliminatedValue,6,30107,0,5,0,ok-sos001,2018,Vestre Aker,Begge kjønn,60+,Antall mottakere av AAP,99
EliminatedValue,6,30107,1,0,0,ok-sos001,2018,Vestre Aker,Menn,Alder i alt,Antall mottakere av AAP,244
EliminatedValue,6,30107,1,1,0,ok-sos001,2018,Vestre Aker,Menn,Under 30,Antall mottakere av AAP,55
EliminatedValue,6,30107,1,2,0,ok-sos001,2018,Vestre Aker,Menn,30-39,Antall mottakere av AAP,45
EliminatedValue,6,30107,1,3,0,ok-sos001,2018,Vestre Aker,Menn,40-49,Antall mottakere av AAP,48
EliminatedValue,6,30107,1,4,0,ok-sos001,2018,Vestre Aker,Menn,50-59,Antall mottakere av AAP,50
EliminatedValue,6,30107,1,5,0,ok-sos001,2018,Vestre Aker,Menn,60+,Antall mottakere av AAP,46
EliminatedValue,6,30107,2,0,0,ok-sos001,2018,Vestre Aker,Kvinner,Alder i alt,Antall mottakere av AAP,434
EliminatedValue,6,30107,2,1,0,ok-sos001,2018,Vestre Aker,Kvinner,Under 30,Antall mottakere av AAP,61
EliminatedValue,6,30107,2,2,0,ok-sos001,2018,Vestre Aker,Kvinner,30-39,Antall mottakere av AAP,95
EliminatedValue,6,30107,2,3,0,ok-sos001,2018,Vestre Aker,Kvinner,40-49,Antall mottakere av AAP,108
EliminatedValue,6,30107,2,4,0,ok-sos001,2018,Vestre Aker,Kvinner,50-59,Antall mottakere av AAP,117
EliminatedValue,6,30107,2,5,0,ok-sos001,2018,Vestre Aker,Kvinner,60+,Antall mottakere av AAP,53
EliminatedValue,6,30108,0,0,0,ok-sos001,2018,Nordre Aker,Begge kjønn,Alder i alt,Antall mottakere av AAP,872
EliminatedValue,6,30108,0,1,0,ok-sos001,2018,Nordre Aker,Begge kjønn,Under 30,Antall mottakere av AAP,212
EliminatedValue,6,30108,0,2,0,ok-sos001,2018,Nordre Aker,Begge kjønn,30-39,Antall mottakere av AAP,202
EliminatedValue,6,30108,0,3,0,ok-sos001,2018,Nordre Aker,Begge kjønn,40-49,Antall mottakere av AAP,186
EliminatedValue,6,30108,0,4,0,ok-sos001,2018,Nordre Aker,Begge kjønn,50-59,Antall mottakere av AAP,177
EliminatedValue,6,30108,0,5,0,ok-sos001,2018,Nordre Aker,Begge kjønn,60+,Antall mottakere av AAP,95
EliminatedValue,6,30108,1,0,0,ok-sos001,2018,Nordre Aker,Menn,Alder i alt,Antall mottakere av AAP,360
EliminatedValue,6,30108,1,1,0,ok-sos001,2018,Nordre Aker,Menn,Under 30,Antall mottakere av AAP,99
EliminatedValue,6,30108,1,2,0,ok-sos001,2018,Nordre Aker,Menn,30-39,Antall mottakere av AAP,81
EliminatedValue,6,30108,1,3,0,ok-sos001,2018,Nordre Aker,Menn,40-49,Antall mottakere av AAP,64
EliminatedValue,6,30108,1,4,0,ok-sos001,2018,Nordre Aker,Menn,50-59,Antall mottakere av AAP,73
EliminatedValue,6,30108,1,5,0,ok-sos001,2018,Nordre Aker,Menn,60+,Antall mottakere av AAP,43
EliminatedValue,6,30108,2,0,0,ok-sos001,2018,Nordre Aker,Kvinner,Alder i alt,Antall mottakere av AAP,512
EliminatedValue,6,30108,2,1,0,ok-sos001,2018,Nordre Aker,Kvinner,Under 30,Antall mottakere av AAP,113
EliminatedValue,6,30108,2,2,0,ok-sos001,2018,Nordre Aker,Kvinner,30-39,Antall mottakere av AAP,121
EliminatedValue,6,30108,2,3,0,ok-sos001,2018,Nordre Aker,Kvinner,40-49,Antall mottakere av AAP,122
EliminatedValue,6,30108,2,4,0,ok-sos001,2018,Nordre Aker,Kvinner,50-59,Antall mottakere av AAP,104
EliminatedValue,6,30108,2,5,0,ok-sos001,2018,Nordre Aker,Kvinner,60+,Antall mottakere av AAP,52
EliminatedValue,6,30109,0,0,0,ok-sos001,2018,Bjerke,Begge kjønn,Alder i alt,Antall mottakere av AAP,721
EliminatedValue,6,30109,0,1,0,ok-sos001,2018,Bjerke,Begge kjønn,Under 30,Antall mottakere av AAP,105
EliminatedValue,6,30109,0,2,0,ok-sos001,2018,Bjerke,Begge kjønn,30-39,Antall mottakere av AAP,148
EliminatedValue,6,30109,0,3,0,ok-sos001,2018,Bjerke,Begge kjønn,40-49,Antall mottakere av AAP,202
EliminatedValue,6,30109,0,4,0,ok-sos001,2018,Bjerke,Begge kjønn,50-59,Antall mottakere av AAP,189
EliminatedValue,6,30109,0,5,0,ok-sos001,2018,Bjerke,Begge kjønn,60+,Antall mottakere av AAP,77
EliminatedValue,6,30109,1,0,0,ok-sos001,2018,Bjerke,Menn,Alder i alt,Antall mottakere av AAP,306
EliminatedValue,6,30109,1,1,0,ok-sos001,2018,Bjerke,Menn,Under 30,Antall mottakere av AAP,52
EliminatedValue,6,30109,1,2,0,ok-sos001,2018,Bjerke,Menn,30-39,Antall mottakere av AAP,60
EliminatedValue,6,30109,1,3,0,ok-sos001,2018,Bjerke,Menn,40-49,Antall mottakere av AAP,77
EliminatedValue,6,30109,1,4,0,ok-sos001,2018,Bjerke,Menn,50-59,Antall mottakere av AAP,83
EliminatedValue,6,30109,1,5,0,ok-sos001,2018,Bjerke,Menn,60+,Antall mottakere av AAP,34
EliminatedValue,6,30109,2,0,0,ok-sos001,2018,Bjerke,Kvinner,Alder i alt,Antall mottakere av AAP,415
EliminatedValue,6,30109,2,1,0,ok-sos001,2018,Bjerke,Kvinner,Under 30,Antall mottakere av AAP,53
EliminatedValue,6,30109,2,2,0,ok-sos001,2018,Bjerke,Kvinner,30-39,Antall mottakere av AAP,88
EliminatedValue,6,30109,2,3,0,ok-sos001,2018,Bjerke,Kvinner,40-49,Antall mottakere av AAP,125
EliminatedValue,6,30109,2,4,0,ok-sos001,2018,Bjerke,Kvinner,50-59,Antall mottakere av AAP,106
EliminatedValue,6,30109,2,5,0,ok-sos001,2018,Bjerke,Kvinner,60+,Antall mottakere av AAP,43
EliminatedValue,6,30110,0,0,0,ok-sos001,2018,Grorud,Begge kjønn,Alder i alt,Antall mottakere av AAP,743
EliminatedValue,6,30110,0,1,0,ok-sos001,2018,Grorud,Begge kjønn,Under 30,Antall mottakere av AAP,128
EliminatedValue,6,30110,0,2,0,ok-sos001,2018,Grorud,Begge kjønn,30-39,Antall mottakere av AAP,163
EliminatedValue,6,30110,0,3,0,ok-sos001,2018,Grorud,Begge kjønn,40-49,Antall mottakere av AAP,195
EliminatedValue,6,30110,0,4,0,ok-sos001,2018,Grorud,Begge kjønn,50-59,Antall mottakere av AAP,191
EliminatedValue,6,30110,0,5,0,ok-sos001,2018,Grorud,Begge kjønn,60+,Antall mottakere av AAP,66
EliminatedValue,6,30110,1,0,0,ok-sos001,2018,Grorud,Menn,Alder i alt,Antall mottakere av AAP,329
EliminatedValue,6,30110,1,1,0,ok-sos001,2018,Grorud,Menn,Under 30,Antall mottakere av AAP,60
EliminatedValue,6,30110,1,2,0,ok-sos001,2018,Grorud,Menn,30-39,Antall mottakere av AAP,66
EliminatedValue,6,30110,1,3,0,ok-sos001,2018,Grorud,Menn,40-49,Antall mottakere av AAP,81
EliminatedValue,6,30110,1,4,0,ok-sos001,2018,Grorud,Menn,50-59,Antall mottakere av AAP,90
EliminatedValue,6,30110,1,5,0,ok-sos001,2018,Grorud,Menn,60+,Antall mottakere av AAP,32
EliminatedValue,6,30110,2,0,0,ok-sos001,2018,Grorud,Kvinner,Alder i alt,Antall mottakere av AAP,414
EliminatedValue,6,30110,2,1,0,ok-sos001,2018,Grorud,Kvinner,Under 30,Antall mottakere av AAP,68
EliminatedValue,6,30110,2,2,0,ok-sos001,2018,Grorud,Kvinner,30-39,Antall mottakere av AAP,97
EliminatedValue,6,30110,2,3,0,ok-sos001,2018,Grorud,Kvinner,40-49,Antall mottakere av AAP,114
EliminatedValue,6,30110,2,4,0,ok-sos001,2018,Grorud,Kvinner,50-59,Antall mottakere av AAP,101
EliminatedValue,6,30110,2,5,0,ok-sos001,2018,Grorud,Kvinner,60+,Antall mottakere av AAP,34
EliminatedValue,6,30111,0,0,0,ok-sos001,2018,Stovner,Begge kjønn,Alder i alt,Antall mottakere av AAP,966
EliminatedValue,6,30111,0,1,0,ok-sos001,2018,Stovner,Begge kjønn,Under 30,Antall mottakere av AAP,148
EliminatedValue,6,30111,0,2,0,ok-sos001,2018,Stovner,Begge kjønn,30-39,Antall mottakere av AAP,202
EliminatedValue,6,30111,0,3,0,ok-sos001,2018,Stovner,Begge kjønn,40-49,Antall mottakere av AAP,244
EliminatedValue,6,30111,0,4,0,ok-sos001,2018,Stovner,Begge kjønn,50-59,Antall mottakere av AAP,264
EliminatedValue,6,30111,0,5,0,ok-sos001,2018,Stovner,Begge kjønn,60+,Antall mottakere av AAP,108
EliminatedValue,6,30111,1,0,0,ok-sos001,2018,Stovner,Menn,Alder i alt,Antall mottakere av AAP,465
EliminatedValue,6,30111,1,1,0,ok-sos001,2018,Stovner,Menn,Under 30,Antall mottakere av AAP,73
EliminatedValue,6,30111,1,2,0,ok-sos001,2018,Stovner,Menn,30-39,Antall mottakere av AAP,103
EliminatedValue,6,30111,1,3,0,ok-sos001,2018,Stovner,Menn,40-49,Antall mottakere av AAP,104
EliminatedValue,6,30111,1,4,0,ok-sos001,2018,Stovner,Menn,50-59,Antall mottakere av AAP,133
EliminatedValue,6,30111,1,5,0,ok-sos001,2018,Stovner,Menn,60+,Antall mottakere av AAP,52
EliminatedValue,6,30111,2,0,0,ok-sos001,2018,Stovner,Kvinner,Alder i alt,Antall mottakere av AAP,501
EliminatedValue,6,30111,2,1,0,ok-sos001,2018,Stovner,Kvinner,Under 30,Antall mottakere av AAP,75
EliminatedValue,6,30111,2,2,0,ok-sos001,2018,Stovner,Kvinner,30-39,Antall mottakere av AAP,99
EliminatedValue,6,30111,2,3,0,ok-sos001,2018,Stovner,Kvinner,40-49,Antall mottakere av AAP,140
EliminatedValue,6,30111,2,4,0,ok-sos001,2018,Stovner,Kvinner,50-59,Antall mottakere av AAP,131
EliminatedValue,6,30111,2,5,0,ok-sos001,2018,Stovner,Kvinner,60+,Antall mottakere av AAP,56
EliminatedValue,6,30112,0,0,0,ok-sos001,2018,Alna,Begge kjønn,Alder i alt,Antall mottakere av AAP,1744
EliminatedValue,6,30112,0,1,0,ok-sos001,2018,Alna,Begge kjønn,Under 30,Antall mottakere av AAP,206
EliminatedValue,6,30112,0,2,0,ok-sos001,2018,Alna,Begge kjønn,30-39,Antall mottakere av AAP,363
EliminatedValue,6,30112,0,3,0,ok-sos001,2018,Alna,Begge kjønn,40-49,Antall mottakere av AAP,503
EliminatedValue,6,30112,0,4,0,ok-sos001,2018,Alna,Begge kjønn,50-59,Antall mottakere av AAP,468
EliminatedValue,6,30112,0,5,0,ok-sos001,2018,Alna,Begge kjønn,60+,Antall mottakere av AAP,204
EliminatedValue,6,30112,1,0,0,ok-sos001,2018,Alna,Menn,Alder i alt,Antall mottakere av AAP,797
EliminatedValue,6,30112,1,1,0,ok-sos001,2018,Alna,Menn,Under 30,Antall mottakere av AAP,101
EliminatedValue,6,30112,1,2,0,ok-sos001,2018,Alna,Menn,30-39,Antall mottakere av AAP,156
EliminatedValue,6,30112,1,3,0,ok-sos001,2018,Alna,Menn,40-49,Antall mottakere av AAP,210
EliminatedValue,6,30112,1,4,0,ok-sos001,2018,Alna,Menn,50-59,Antall mottakere av AAP,219
EliminatedValue,6,30112,1,5,0,ok-sos001,2018,Alna,Menn,60+,Antall mottakere av AAP,111
EliminatedValue,6,30112,2,0,0,ok-sos001,2018,Alna,Kvinner,Alder i alt,Antall mottakere av AAP,947
EliminatedValue,6,30112,2,1,0,ok-sos001,2018,Alna,Kvinner,Under 30,Antall mottakere av AAP,105
EliminatedValue,6,30112,2,2,0,ok-sos001,2018,Alna,Kvinner,30-39,Antall mottakere av AAP,207
EliminatedValue,6,30112,2,3,0,ok-sos001,2018,Alna,Kvinner,40-49,Antall mottakere av AAP,293
EliminatedValue,6,30112,2,4,0,ok-sos001,2018,Alna,Kvinner,50-59,Antall mottakere av AAP,249
EliminatedValue,6,30112,2,5,0,ok-sos001,2018,Alna,Kvinner,60+,Antall mottakere av AAP,93
EliminatedValue,6,30113,0,0,0,ok-sos001,2018,Østensjø,Begge kjønn,Alder i alt,Antall mottakere av AAP,1050
EliminatedValue,6,30113,0,1,0,ok-sos001,2018,Østensjø,Begge kjønn,Under 30,Antall mottakere av AAP,136
EliminatedValue,6,30113,0,2,0,ok-sos001,2018,Østensjø,Begge kjønn,30-39,Antall mottakere av AAP,226
EliminatedValue,6,30113,0,3,0,ok-sos001,2018,Østensjø,Begge kjønn,40-49,Antall mottakere av AAP,270
EliminatedValue,6,30113,0,4,0,ok-sos001,2018,Østensjø,Begge kjønn,50-59,Antall mottakere av AAP,292
EliminatedValue,6,30113,0,5,0,ok-sos001,2018,Østensjø,Begge kjønn,60+,Antall mottakere av AAP,126
EliminatedValue,6,30113,1,0,0,ok-sos001,2018,Østensjø,Menn,Alder i alt,Antall mottakere av AAP,419
EliminatedValue,6,30113,1,1,0,ok-sos001,2018,Østensjø,Menn,Under 30,Antall mottakere av AAP,55
EliminatedValue,6,30113,1,2,0,ok-sos001,2018,Østensjø,Menn,30-39,Antall mottakere av AAP,89
EliminatedValue,6,30113,1,3,0,ok-sos001,2018,Østensjø,Menn,40-49,Antall mottakere av AAP,94
EliminatedValue,6,30113,1,4,0,ok-sos001,2018,Østensjø,Menn,50-59,Antall mottakere av AAP,119
EliminatedValue,6,30113,1,5,0,ok-sos001,2018,Østensjø,Menn,60+,Antall mottakere av AAP,62
EliminatedValue,6,30113,2,0,0,ok-sos001,2018,Østensjø,Kvinner,Alder i alt,Antall mottakere av AAP,631
EliminatedValue,6,30113,2,1,0,ok-sos001,2018,Østensjø,Kvinner,Under 30,Antall mottakere av AAP,81
EliminatedValue,6,30113,2,2,0,ok-sos001,2018,Østensjø,Kvinner,30-39,Antall mottakere av AAP,137
EliminatedValue,6,30113,2,3,0,ok-sos001,2018,Østensjø,Kvinner,40-49,Antall mottakere av AAP,176
EliminatedValue,6,30113,2,4,0,ok-sos001,2018,Østensjø,Kvinner,50-59,Antall mottakere av AAP,173
EliminatedValue,6,30113,2,5,0,ok-sos001,2018,Østensjø,Kvinner,60+,Antall mottakere av AAP,64
EliminatedValue,6,30114,0,0,0,ok-sos001,2018,Nordstrand,Begge kjønn,Alder i alt,Antall mottakere av AAP,1108
EliminatedValue,6,30114,0,1,0,ok-sos001,2018,Nordstrand,Begge kjønn,Under 30,Antall mottakere av AAP,200
EliminatedValue,6,30114,0,2,0,ok-sos001,2018,Nordstrand,Begge kjønn,30-39,Antall mottakere av AAP,214
EliminatedValue,6,30114,0,3,0,ok-sos001,2018,Nordstrand,Begge kjønn,40-49,Antall mottakere av AAP,273
EliminatedValue,6,30114,0,4,0,ok-sos001,2018,Nordstrand,Begge kjønn,50-59,Antall mottakere av AAP,276
EliminatedValue,6,30114,0,5,0,ok-sos001,2018,Nordstrand,Begge kjønn,60+,Antall mottakere av AAP,145
EliminatedValue,6,30114,1,0,0,ok-sos001,2018,Nordstrand,Menn,Alder i alt,Antall mottakere av AAP,434
EliminatedValue,6,30114,1,1,0,ok-sos001,2018,Nordstrand,Menn,Under 30,Antall mottakere av AAP,89
EliminatedValue,6,30114,1,2,0,ok-sos001,2018,Nordstrand,Menn,30-39,Antall mottakere av AAP,83
EliminatedValue,6,30114,1,3,0,ok-sos001,2018,Nordstrand,Menn,40-49,Antall mottakere av AAP,85
EliminatedValue,6,30114,1,4,0,ok-sos001,2018,Nordstrand,Menn,50-59,Antall mottakere av AAP,115
EliminatedValue,6,30114,1,5,0,ok-sos001,2018,Nordstrand,Menn,60+,Antall mottakere av AAP,62
EliminatedValue,6,30114,2,0,0,ok-sos001,2018,Nordstrand,Kvinner,Alder i alt,Antall mottakere av AAP,674
EliminatedValue,6,30114,2,1,0,ok-sos001,2018,Nordstrand,Kvinner,Under 30,Antall mottakere av AAP,111
EliminatedValue,6,30114,2,2,0,ok-sos001,2018,Nordstrand,Kvinner,30-39,Antall mottakere av AAP,131
EliminatedValue,6,30114,2,3,0,ok-sos001,2018,Nordstrand,Kvinner,40-49,Antall mottakere av AAP,188
EliminatedValue,6,30114,2,4,0,ok-sos001,2018,Nordstrand,Kvinner,50-59,Antall mottakere av AAP,161
EliminatedValue,6,30114,2,5,0,ok-sos001,2018,Nordstrand,Kvinner,60+,Antall mottakere av AAP,83
EliminatedValue,6,30115,0,0,0,ok-sos001,2018,Søndre Nordstrand,Begge kjønn,Alder i alt,Antall mottakere av AAP,1177
EliminatedValue,6,30115,0,1,0,ok-sos001,2018,Søndre Nordstrand,Begge kjønn,Under 30,Antall mottakere av AAP,142
EliminatedValue,6,30115,0,2,0,ok-sos001,2018,Søndre Nordstrand,Begge kjønn,30-39,Antall mottakere av AAP,230
EliminatedValue,6,30115,0,3,0,ok-sos001,2018,Søndre Nordstrand,Begge kjønn,40-49,Antall mottakere av AAP,329
EliminatedValue,6,30115,0,4,0,ok-sos001,2018,Søndre Nordstrand,Begge kjønn,50-59,Antall mottakere av AAP,326
EliminatedValue,6,30115,0,5,0,ok-sos001,2018,Søndre Nordstrand,Begge kjønn,60+,Antall mottakere av AAP,150
EliminatedValue,6,30115,1,0,0,ok-sos001,2018,Søndre Nordstrand,Menn,Alder i alt,Antall mottakere av AAP,489
EliminatedValue,6,30115,1,1,0,ok-sos001,2018,Søndre Nordstrand,Menn,Under 30,Antall mottakere av AAP,70
EliminatedValue,6,30115,1,2,0,ok-sos001,2018,Søndre Nordstrand,Menn,30-39,Antall mottakere av AAP,91
EliminatedValue,6,30115,1,3,0,ok-sos001,2018,Søndre Nordstrand,Menn,40-49,Antall mottakere av AAP,116
EliminatedValue,6,30115,1,4,0,ok-sos001,2018,Søndre Nordstrand,Menn,50-59,Antall mottakere av AAP,141
EliminatedValue,6,30115,1,5,0,ok-sos001,2018,Søndre Nordstrand,Menn,60+,Antall mottakere av AAP,71
EliminatedValue,6,30115,2,0,0,ok-sos001,2018,Søndre Nordstrand,Kvinner,Alder i alt,Antall mottakere av AAP,688
EliminatedValue,6,30115,2,1,0,ok-sos001,2018,Søndre Nordstrand,Kvinner,Under 30,Antall mottakere av AAP,72
EliminatedValue,6,30115,2,2,0,ok-sos001,2018,Søndre Nordstrand,Kvinner,30-39,Antall mottakere av AAP,139
EliminatedValue,6,30115,2,3,0,ok-sos001,2018,Søndre Nordstrand,Kvinner,40-49,Antall mottakere av AAP,213
EliminatedValue,6,30115,2,4,0,ok-sos001,2018,Søndre Nordstrand,Kvinner,50-59,Antall mottakere av AAP,185
EliminatedValue,6,30115,2,5,0,ok-sos001,2018,Søndre Nordstrand,Kvinner,60+,Antall mottakere av AAP,79
EliminatedValue,6,30116,0,0,0,ok-sos001,2018,Sentrum,Begge kjønn,Alder i alt,Antall mottakere av AAP,29
EliminatedValue,6,30116,0,1,0,ok-sos001,2018,Sentrum,Begge kjønn,Under 30,Antall mottakere av AAP,10
EliminatedValue,6,30116,0,2,0,ok-sos001,2018,Sentrum,Begge kjønn,30-39,Antall mottakere av AAP,5
EliminatedValue,6,30116,0,3,0,ok-sos001,2018,Sentrum,Begge kjønn,40-49,Antall mottakere av AAP,9
EliminatedValue,6,30116,0,4,0,ok-sos001,2018,Sentrum,Begge kjønn,50-59,Antall mottakere av AAP,5
EliminatedValue,6,30116,0,5,0,ok-sos001,2018,Sentrum,Begge kjønn,60+,Antall mottakere av AAP,
EliminatedValue,6,30116,1,0,0,ok-sos001,2018,Sentrum,Menn,Alder i alt,Antall mottakere av AAP,19
EliminatedValue,6,30116,1,1,0,ok-sos001,2018,Sentrum,Menn,Under 30,Antall mottakere av AAP,
EliminatedValue,6,30116,1,2,0,ok-sos001,2018,Sentrum,Menn,30-39,Antall mottakere av AAP,5
EliminatedValue,6,30116,1,3,0,ok-sos001,2018,Sentrum,Menn,40-49,Antall mottakere av AAP,9
EliminatedValue,6,30116,1,4,0,ok-sos001,2018,Sentrum,Menn,50-59,Antall mottakere av AAP,5
EliminatedValue,6,30116,1,5,0,ok-sos001,2018,Sentrum,Menn,60+,Antall mottakere av AAP,
EliminatedValue,6,30116,2,0,0,ok-sos001,2018,Sentrum,Kvinner,Alder i alt,Antall mottakere av AAP,10
EliminatedValue,6,30116,2,1,0,ok-sos001,2018,Sentrum,Kvinner,Under 30,Antall mottakere av AAP,10
EliminatedValue,6,30116,2,2,0,ok-sos001,2018,Sentrum,Kvinner,30-39,Antall mottakere av AAP,
EliminatedValue,6,30116,2,3,0,ok-sos001,2018,Sentrum,Kvinner,40-49,Antall mottakere av AAP,
EliminatedValue,6,30116,2,4,0,ok-sos001,2018,Sentrum,Kvinner,50-59,Antall mottakere av AAP,
EliminatedValue,6,30116,2,5,0,ok-sos001,2018,Sentrum,Kvinner,60+,Antall mottakere av AAP,
EliminatedValue,6,30117,0,0,0,ok-sos001,2018,Marka,Begge kjønn,Alder i alt,Antall mottakere av AAP,
EliminatedValue,6,30117,0,1,0,ok-sos001,2018,Marka,Begge kjønn,Under 30,Antall mottakere av AAP,
EliminatedValue,6,30117,0,2,0,ok-sos001,2018,Marka,Begge kjønn,30-39,Antall mottakere av AAP,
EliminatedValue,6,30117,0,3,0,ok-sos001,2018,Marka,Begge kjønn,40-49,Antall mottakere av AAP,
EliminatedValue,6,30117,0,4,0,ok-sos001,2018,Marka,Begge kjønn,50-59,Antall mottakere av AAP,
EliminatedValue,6,30117,0,5,0,ok-sos001,2018,Marka,Begge kjønn,60+,Antall mottakere av AAP,
EliminatedValue,6,30117,1,0,0,ok-sos001,2018,Marka,Menn,Alder i alt,Antall mottakere av AAP,
EliminatedValue,6,30117,1,1,0,ok-sos001,2018,Marka,Menn,Under 30,Antall mottakere av AAP,
EliminatedValue,6,30117,1,2,0,ok-sos001,2018,Marka,Menn,30-39,Antall mottakere av AAP,
EliminatedValue,6,30117,1,3,0,ok-sos001,2018,Marka,Menn,40-49,Antall mottakere av AAP,
EliminatedValue,6,30117,1,4,0,ok-sos001,2018,Marka,Menn,50-59,Antall mottakere av AAP,
EliminatedValue,6,30117,1,5,0,ok-sos001,2018,Marka,Menn,60+,Antall mottakere av AAP,
EliminatedValue,6,30117,2,0,0,ok-sos001,2018,Marka,Kvinner,Alder i alt,Antall mottakere av AAP,
EliminatedValue,6,30117,2,1,0,ok-sos001,2018,Marka,Kvinner,Under 30,Antall mottakere av AAP,
EliminatedValue,6,30117,2,2,0,ok-sos001,2018,Marka,Kvinner,30-39,Antall mottakere av AAP,
EliminatedValue,6,30117,2,3,0,ok-sos001,2018,Marka,Kvinner,40-49,Antall mottakere av AAP,
EliminatedValue,6,30117,2,4,0,ok-sos001,2018,Marka,Kvinner,50-59,Antall mottakere av AAP,
EliminatedValue,6,30117,2,5,0,ok-sos001,2018,Marka,Kvinner,60+,Antall mottakere av AAP,
EliminatedValue,7,301,0,0,0,ok-sos001,2019,Oslo i alt,Begge kjønn,Alder i alt,Antall mottakere av AAP,14457
EliminatedValue,7,301,0,1,0,ok-sos001,2019,Oslo i alt,Begge kjønn,Under 30,Antall mottakere av AAP,2743
EliminatedValue,7,301,0,2,0,ok-sos001,2019,Oslo i alt,Begge kjønn,30-39,Antall mottakere av AAP,3542
EliminatedValue,7,301,0,3,0,ok-sos001,2019,Oslo i alt,Begge kjønn,40-49,Antall mottakere av AAP,3580
EliminatedValue,7,301,0,4,0,ok-sos001,2019,Oslo i alt,Begge kjønn,50-59,Antall mottakere av AAP,3254
EliminatedValue,7,301,0,5,0,ok-sos001,2019,Oslo i alt,Begge kjønn,60+,Antall mottakere av AAP,1338
EliminatedValue,7,301,1,0,0,ok-sos001,2019,Oslo i alt,Menn,Alder i alt,Antall mottakere av AAP,6215
EliminatedValue,7,301,1,1,0,ok-sos001,2019,Oslo i alt,Menn,Under 30,Antall mottakere av AAP,1173
EliminatedValue,7,301,1,2,0,ok-sos001,2019,Oslo i alt,Menn,30-39,Antall mottakere av AAP,1517
EliminatedValue,7,301,1,3,0,ok-sos001,2019,Oslo i alt,Menn,40-49,Antall mottakere av AAP,1464
EliminatedValue,7,301,1,4,0,ok-sos001,2019,Oslo i alt,Menn,50-59,Antall mottakere av AAP,1423
EliminatedValue,7,301,1,5,0,ok-sos001,2019,Oslo i alt,Menn,60+,Antall mottakere av AAP,638
EliminatedValue,7,301,2,0,0,ok-sos001,2019,Oslo i alt,Kvinner,Alder i alt,Antall mottakere av AAP,8242
EliminatedValue,7,301,2,1,0,ok-sos001,2019,Oslo i alt,Kvinner,Under 30,Antall mottakere av AAP,1570
EliminatedValue,7,301,2,2,0,ok-sos001,2019,Oslo i alt,Kvinner,30-39,Antall mottakere av AAP,2025
EliminatedValue,7,301,2,3,0,ok-sos001,2019,Oslo i alt,Kvinner,40-49,Antall mottakere av AAP,2116
EliminatedValue,7,301,2,4,0,ok-sos001,2019,Oslo i alt,Kvinner,50-59,Antall mottakere av AAP,1831
EliminatedValue,7,301,2,5,0,ok-sos001,2019,Oslo i alt,Kvinner,60+,Antall mottakere av AAP,700
EliminatedValue,7,30101,0,0,0,ok-sos001,2019,Gamle Oslo,Begge kjønn,Alder i alt,Antall mottakere av AAP,1444
EliminatedValue,7,30101,0,1,0,ok-sos001,2019,Gamle Oslo,Begge kjønn,Under 30,Antall mottakere av AAP,249
EliminatedValue,7,30101,0,2,0,ok-sos001,2019,Gamle Oslo,Begge kjønn,30-39,Antall mottakere av AAP,421
EliminatedValue,7,30101,0,3,0,ok-sos001,2019,Gamle Oslo,Begge kjønn,40-49,Antall mottakere av AAP,410
EliminatedValue,7,30101,0,4,0,ok-sos001,2019,Gamle Oslo,Begge kjønn,50-59,Antall mottakere av AAP,259
EliminatedValue,7,30101,0,5,0,ok-sos001,2019,Gamle Oslo,Begge kjønn,60+,Antall mottakere av AAP,105
EliminatedValue,7,30101,1,0,0,ok-sos001,2019,Gamle Oslo,Menn,Alder i alt,Antall mottakere av AAP,663
EliminatedValue,7,30101,1,1,0,ok-sos001,2019,Gamle Oslo,Menn,Under 30,Antall mottakere av AAP,110
EliminatedValue,7,30101,1,2,0,ok-sos001,2019,Gamle Oslo,Menn,30-39,Antall mottakere av AAP,190
EliminatedValue,7,30101,1,3,0,ok-sos001,2019,Gamle Oslo,Menn,40-49,Antall mottakere av AAP,186
EliminatedValue,7,30101,1,4,0,ok-sos001,2019,Gamle Oslo,Menn,50-59,Antall mottakere av AAP,129
EliminatedValue,7,30101,1,5,0,ok-sos001,2019,Gamle Oslo,Menn,60+,Antall mottakere av AAP,48
EliminatedValue,7,30101,2,0,0,ok-sos001,2019,Gamle Oslo,Kvinner,Alder i alt,Antall mottakere av AAP,781
EliminatedValue,7,30101,2,1,0,ok-sos001,2019,Gamle Oslo,Kvinner,Under 30,Antall mottakere av AAP,139
EliminatedValue,7,30101,2,2,0,ok-sos001,2019,Gamle Oslo,Kvinner,30-39,Antall mottakere av AAP,231
EliminatedValue,7,30101,2,3,0,ok-sos001,2019,Gamle Oslo,Kvinner,40-49,Antall mottakere av AAP,224
EliminatedValue,7,30101,2,4,0,ok-sos001,2019,Gamle Oslo,Kvinner,50-59,Antall mottakere av AAP,130
EliminatedValue,7,30101,2,5,0,ok-sos001,2019,Gamle Oslo,Kvinner,60+,Antall mottakere av AAP,57
EliminatedValue,7,30102,0,0,0,ok-sos001,2019,Grünerløkka,Begge kjønn,Alder i alt,Antall mottakere av AAP,1282
EliminatedValue,7,30102,0,1,0,ok-sos001,2019,Grünerløkka,Begge kjønn,Under 30,Antall mottakere av AAP,316
EliminatedValue,7,30102,0,2,0,ok-sos001,2019,Grünerløkka,Begge kjønn,30-39,Antall mottakere av AAP,382
EliminatedValue,7,30102,0,3,0,ok-sos001,2019,Grünerløkka,Begge kjønn,40-49,Antall mottakere av AAP,290
EliminatedValue,7,30102,0,4,0,ok-sos001,2019,Grünerløkka,Begge kjønn,50-59,Antall mottakere av AAP,211
EliminatedValue,7,30102,0,5,0,ok-sos001,2019,Grünerløkka,Begge kjønn,60+,Antall mottakere av AAP,83
EliminatedValue,7,30102,1,0,0,ok-sos001,2019,Grünerløkka,Menn,Alder i alt,Antall mottakere av AAP,531
EliminatedValue,7,30102,1,1,0,ok-sos001,2019,Grünerløkka,Menn,Under 30,Antall mottakere av AAP,101
EliminatedValue,7,30102,1,2,0,ok-sos001,2019,Grünerløkka,Menn,30-39,Antall mottakere av AAP,152
EliminatedValue,7,30102,1,3,0,ok-sos001,2019,Grünerløkka,Menn,40-49,Antall mottakere av AAP,138
EliminatedValue,7,30102,1,4,0,ok-sos001,2019,Grünerløkka,Menn,50-59,Antall mottakere av AAP,95
EliminatedValue,7,30102,1,5,0,ok-sos001,2019,Grünerløkka,Menn,60+,Antall mottakere av AAP,45
EliminatedValue,7,30102,2,0,0,ok-sos001,2019,Grünerløkka,Kvinner,Alder i alt,Antall mottakere av AAP,751
EliminatedValue,7,30102,2,1,0,ok-sos001,2019,Grünerløkka,Kvinner,Under 30,Antall mottakere av AAP,215
EliminatedValue,7,30102,2,2,0,ok-sos001,2019,Grünerløkka,Kvinner,30-39,Antall mottakere av AAP,230
EliminatedValue,7,30102,2,3,0,ok-sos001,2019,Grünerløkka,Kvinner,40-49,Antall mottakere av AAP,152
EliminatedValue,7,30102,2,4,0,ok-sos001,2019,Grünerløkka,Kvinner,50-59,Antall mottakere av AAP,116
EliminatedValue,7,30102,2,5,0,ok-sos001,2019,Grünerløkka,Kvinner,60+,Antall mottakere av AAP,38
EliminatedValue,7,30103,0,0,0,ok-sos001,2019,Sagene,Begge kjønn,Alder i alt,Antall mottakere av AAP,942
EliminatedValue,7,30103,0,1,0,ok-sos001,2019,Sagene,Begge kjønn,Under 30,Antall mottakere av AAP,229
EliminatedValue,7,30103,0,2,0,ok-sos001,2019,Sagene,Begge kjønn,30-39,Antall mottakere av AAP,288
EliminatedValue,7,30103,0,3,0,ok-sos001,2019,Sagene,Begge kjønn,40-49,Antall mottakere av AAP,221
EliminatedValue,7,30103,0,4,0,ok-sos001,2019,Sagene,Begge kjønn,50-59,Antall mottakere av AAP,153
EliminatedValue,7,30103,0,5,0,ok-sos001,2019,Sagene,Begge kjønn,60+,Antall mottakere av AAP,51
EliminatedValue,7,30103,1,0,0,ok-sos001,2019,Sagene,Menn,Alder i alt,Antall mottakere av AAP,385
EliminatedValue,7,30103,1,1,0,ok-sos001,2019,Sagene,Menn,Under 30,Antall mottakere av AAP,92
EliminatedValue,7,30103,1,2,0,ok-sos001,2019,Sagene,Menn,30-39,Antall mottakere av AAP,114
EliminatedValue,7,30103,1,3,0,ok-sos001,2019,Sagene,Menn,40-49,Antall mottakere av AAP,98
EliminatedValue,7,30103,1,4,0,ok-sos001,2019,Sagene,Menn,50-59,Antall mottakere av AAP,60
EliminatedValue,7,30103,1,5,0,ok-sos001,2019,Sagene,Menn,60+,Antall mottakere av AAP,21
EliminatedValue,7,30103,2,0,0,ok-sos001,2019,Sagene,Kvinner,Alder i alt,Antall mottakere av AAP,557
EliminatedValue,7,30103,2,1,0,ok-sos001,2019,Sagene,Kvinner,Under 30,Antall mottakere av AAP,137
EliminatedValue,7,30103,2,2,0,ok-sos001,2019,Sagene,Kvinner,30-39,Antall mottakere av AAP,174
EliminatedValue,7,30103,2,3,0,ok-sos001,2019,Sagene,Kvinner,40-49,Antall mottakere av AAP,123
EliminatedValue,7,30103,2,4,0,ok-sos001,2019,Sagene,Kvinner,50-59,Antall mottakere av AAP,93
EliminatedValue,7,30103,2,5,0,ok-sos001,2019,Sagene,Kvinner,60+,Antall mottakere av AAP,30
EliminatedValue,7,30104,0,0,0,ok-sos001,2019,St. Hanshaugen,Begge kjønn,Alder i alt,Antall mottakere av AAP,791
EliminatedValue,7,30104,0,1,0,ok-sos001,2019,St. Hanshaugen,Begge kjønn,Under 30,Antall mottakere av AAP,260
EliminatedValue,7,30104,0,2,0,ok-sos001,2019,St. Hanshaugen,Begge kjønn,30-39,Antall mottakere av AAP,207
EliminatedValue,7,30104,0,3,0,ok-sos001,2019,St. Hanshaugen,Begge kjønn,40-49,Antall mottakere av AAP,140
EliminatedValue,7,30104,0,4,0,ok-sos001,2019,St. Hanshaugen,Begge kjønn,50-59,Antall mottakere av AAP,129
EliminatedValue,7,30104,0,5,0,ok-sos001,2019,St. Hanshaugen,Begge kjønn,60+,Antall mottakere av AAP,55
EliminatedValue,7,30104,1,0,0,ok-sos001,2019,St. Hanshaugen,Menn,Alder i alt,Antall mottakere av AAP,352
EliminatedValue,7,30104,1,1,0,ok-sos001,2019,St. Hanshaugen,Menn,Under 30,Antall mottakere av AAP,111
EliminatedValue,7,30104,1,2,0,ok-sos001,2019,St. Hanshaugen,Menn,30-39,Antall mottakere av AAP,98
EliminatedValue,7,30104,1,3,0,ok-sos001,2019,St. Hanshaugen,Menn,40-49,Antall mottakere av AAP,61
EliminatedValue,7,30104,1,4,0,ok-sos001,2019,St. Hanshaugen,Menn,50-59,Antall mottakere av AAP,59
EliminatedValue,7,30104,1,5,0,ok-sos001,2019,St. Hanshaugen,Menn,60+,Antall mottakere av AAP,23
EliminatedValue,7,30104,2,0,0,ok-sos001,2019,St. Hanshaugen,Kvinner,Alder i alt,Antall mottakere av AAP,439
EliminatedValue,7,30104,2,1,0,ok-sos001,2019,St. Hanshaugen,Kvinner,Under 30,Antall mottakere av AAP,149
EliminatedValue,7,30104,2,2,0,ok-sos001,2019,St. Hanshaugen,Kvinner,30-39,Antall mottakere av AAP,109
EliminatedValue,7,30104,2,3,0,ok-sos001,2019,St. Hanshaugen,Kvinner,40-49,Antall mottakere av AAP,79
EliminatedValue,7,30104,2,4,0,ok-sos001,2019,St. Hanshaugen,Kvinner,50-59,Antall mottakere av AAP,70
EliminatedValue,7,30104,2,5,0,ok-sos001,2019,St. Hanshaugen,Kvinner,60+,Antall mottakere av AAP,32
EliminatedValue,7,30105,0,0,0,ok-sos001,2019,Frogner,Begge kjønn,Alder i alt,Antall mottakere av AAP,1112
EliminatedValue,7,30105,0,1,0,ok-sos001,2019,Frogner,Begge kjønn,Under 30,Antall mottakere av AAP,271
EliminatedValue,7,30105,0,2,0,ok-sos001,2019,Frogner,Begge kjønn,30-39,Antall mottakere av AAP,291
EliminatedValue,7,30105,0,3,0,ok-sos001,2019,Frogner,Begge kjønn,40-49,Antall mottakere av AAP,211
EliminatedValue,7,30105,0,4,0,ok-sos001,2019,Frogner,Begge kjønn,50-59,Antall mottakere av AAP,233
EliminatedValue,7,30105,0,5,0,ok-sos001,2019,Frogner,Begge kjønn,60+,Antall mottakere av AAP,106
EliminatedValue,7,30105,1,0,0,ok-sos001,2019,Frogner,Menn,Alder i alt,Antall mottakere av AAP,466
EliminatedValue,7,30105,1,1,0,ok-sos001,2019,Frogner,Menn,Under 30,Antall mottakere av AAP,86
EliminatedValue,7,30105,1,2,0,ok-sos001,2019,Frogner,Menn,30-39,Antall mottakere av AAP,133
EliminatedValue,7,30105,1,3,0,ok-sos001,2019,Frogner,Menn,40-49,Antall mottakere av AAP,87
EliminatedValue,7,30105,1,4,0,ok-sos001,2019,Frogner,Menn,50-59,Antall mottakere av AAP,108
EliminatedValue,7,30105,1,5,0,ok-sos001,2019,Frogner,Menn,60+,Antall mottakere av AAP,52
EliminatedValue,7,30105,2,0,0,ok-sos001,2019,Frogner,Kvinner,Alder i alt,Antall mottakere av AAP,646
EliminatedValue,7,30105,2,1,0,ok-sos001,2019,Frogner,Kvinner,Under 30,Antall mottakere av AAP,185
EliminatedValue,7,30105,2,2,0,ok-sos001,2019,Frogner,Kvinner,30-39,Antall mottakere av AAP,158
EliminatedValue,7,30105,2,3,0,ok-sos001,2019,Frogner,Kvinner,40-49,Antall mottakere av AAP,124
EliminatedValue,7,30105,2,4,0,ok-sos001,2019,Frogner,Kvinner,50-59,Antall mottakere av AAP,125
EliminatedValue,7,30105,2,5,0,ok-sos001,2019,Frogner,Kvinner,60+,Antall mottakere av AAP,54
EliminatedValue,7,30106,0,0,0,ok-sos001,2019,Ullern,Begge kjønn,Alder i alt,Antall mottakere av AAP,479
EliminatedValue,7,30106,0,1,0,ok-sos001,2019,Ullern,Begge kjønn,Under 30,Antall mottakere av AAP,88
EliminatedValue,7,30106,0,2,0,ok-sos001,2019,Ullern,Begge kjønn,30-39,Antall mottakere av AAP,99
EliminatedValue,7,30106,0,3,0,ok-sos001,2019,Ullern,Begge kjønn,40-49,Antall mottakere av AAP,113
EliminatedValue,7,30106,0,4,0,ok-sos001,2019,Ullern,Begge kjønn,50-59,Antall mottakere av AAP,127
EliminatedValue,7,30106,0,5,0,ok-sos001,2019,Ullern,Begge kjønn,60+,Antall mottakere av AAP,52
EliminatedValue,7,30106,1,0,0,ok-sos001,2019,Ullern,Menn,Alder i alt,Antall mottakere av AAP,171
EliminatedValue,7,30106,1,1,0,ok-sos001,2019,Ullern,Menn,Under 30,Antall mottakere av AAP,35
EliminatedValue,7,30106,1,2,0,ok-sos001,2019,Ullern,Menn,30-39,Antall mottakere av AAP,37
EliminatedValue,7,30106,1,3,0,ok-sos001,2019,Ullern,Menn,40-49,Antall mottakere av AAP,37
EliminatedValue,7,30106,1,4,0,ok-sos001,2019,Ullern,Menn,50-59,Antall mottakere av AAP,45
EliminatedValue,7,30106,1,5,0,ok-sos001,2019,Ullern,Menn,60+,Antall mottakere av AAP,17
EliminatedValue,7,30106,2,0,0,ok-sos001,2019,Ullern,Kvinner,Alder i alt,Antall mottakere av AAP,308
EliminatedValue,7,30106,2,1,0,ok-sos001,2019,Ullern,Kvinner,Under 30,Antall mottakere av AAP,53
EliminatedValue,7,30106,2,2,0,ok-sos001,2019,Ullern,Kvinner,30-39,Antall mottakere av AAP,62
EliminatedValue,7,30106,2,3,0,ok-sos001,2019,Ullern,Kvinner,40-49,Antall mottakere av AAP,76
EliminatedValue,7,30106,2,4,0,ok-sos001,2019,Ullern,Kvinner,50-59,Antall mottakere av AAP,82
EliminatedValue,7,30106,2,5,0,ok-sos001,2019,Ullern,Kvinner,60+,Antall mottakere av AAP,35
EliminatedValue,7,30107,0,0,0,ok-sos001,2019,Vestre Aker,Begge kjønn,Alder i alt,Antall mottakere av AAP,669
EliminatedValue,7,30107,0,1,0,ok-sos001,2019,Vestre Aker,Begge kjønn,Under 30,Antall mottakere av AAP,121
EliminatedValue,7,30107,0,2,0,ok-sos001,2019,Vestre Aker,Begge kjønn,30-39,Antall mottakere av AAP,143
EliminatedValue,7,30107,0,3,0,ok-sos001,2019,Vestre Aker,Begge kjønn,40-49,Antall mottakere av AAP,161
EliminatedValue,7,30107,0,4,0,ok-sos001,2019,Vestre Aker,Begge kjønn,50-59,Antall mottakere av AAP,169
EliminatedValue,7,30107,0,5,0,ok-sos001,2019,Vestre Aker,Begge kjønn,60+,Antall mottakere av AAP,75
EliminatedValue,7,30107,1,0,0,ok-sos001,2019,Vestre Aker,Menn,Alder i alt,Antall mottakere av AAP,241
EliminatedValue,7,30107,1,1,0,ok-sos001,2019,Vestre Aker,Menn,Under 30,Antall mottakere av AAP,54
EliminatedValue,7,30107,1,2,0,ok-sos001,2019,Vestre Aker,Menn,30-39,Antall mottakere av AAP,52
EliminatedValue,7,30107,1,3,0,ok-sos001,2019,Vestre Aker,Menn,40-49,Antall mottakere av AAP,48
EliminatedValue,7,30107,1,4,0,ok-sos001,2019,Vestre Aker,Menn,50-59,Antall mottakere av AAP,54
EliminatedValue,7,30107,1,5,0,ok-sos001,2019,Vestre Aker,Menn,60+,Antall mottakere av AAP,33
EliminatedValue,7,30107,2,0,0,ok-sos001,2019,Vestre Aker,Kvinner,Alder i alt,Antall mottakere av AAP,428
EliminatedValue,7,30107,2,1,0,ok-sos001,2019,Vestre Aker,Kvinner,Under 30,Antall mottakere av AAP,67
EliminatedValue,7,30107,2,2,0,ok-sos001,2019,Vestre Aker,Kvinner,30-39,Antall mottakere av AAP,91
EliminatedValue,7,30107,2,3,0,ok-sos001,2019,Vestre Aker,Kvinner,40-49,Antall mottakere av AAP,113
EliminatedValue,7,30107,2,4,0,ok-sos001,2019,Vestre Aker,Kvinner,50-59,Antall mottakere av AAP,115
EliminatedValue,7,30107,2,5,0,ok-sos001,2019,Vestre Aker,Kvinner,60+,Antall mottakere av AAP,42
EliminatedValue,7,30108,0,0,0,ok-sos001,2019,Nordre Aker,Begge kjønn,Alder i alt,Antall mottakere av AAP,787
EliminatedValue,7,30108,0,1,0,ok-sos001,2019,Nordre Aker,Begge kjønn,Under 30,Antall mottakere av AAP,206
EliminatedValue,7,30108,0,2,0,ok-sos001,2019,Nordre Aker,Begge kjønn,30-39,Antall mottakere av AAP,184
EliminatedValue,7,30108,0,3,0,ok-sos001,2019,Nordre Aker,Begge kjønn,40-49,Antall mottakere av AAP,183
EliminatedValue,7,30108,0,4,0,ok-sos001,2019,Nordre Aker,Begge kjønn,50-59,Antall mottakere av AAP,146
EliminatedValue,7,30108,0,5,0,ok-sos001,2019,Nordre Aker,Begge kjønn,60+,Antall mottakere av AAP,68
EliminatedValue,7,30108,1,0,0,ok-sos001,2019,Nordre Aker,Menn,Alder i alt,Antall mottakere av AAP,323
EliminatedValue,7,30108,1,1,0,ok-sos001,2019,Nordre Aker,Menn,Under 30,Antall mottakere av AAP,92
EliminatedValue,7,30108,1,2,0,ok-sos001,2019,Nordre Aker,Menn,30-39,Antall mottakere av AAP,72
EliminatedValue,7,30108,1,3,0,ok-sos001,2019,Nordre Aker,Menn,40-49,Antall mottakere av AAP,62
EliminatedValue,7,30108,1,4,0,ok-sos001,2019,Nordre Aker,Menn,50-59,Antall mottakere av AAP,61
EliminatedValue,7,30108,1,5,0,ok-sos001,2019,Nordre Aker,Menn,60+,Antall mottakere av AAP,36
EliminatedValue,7,30108,2,0,0,ok-sos001,2019,Nordre Aker,Kvinner,Alder i alt,Antall mottakere av AAP,464
EliminatedValue,7,30108,2,1,0,ok-sos001,2019,Nordre Aker,Kvinner,Under 30,Antall mottakere av AAP,114
EliminatedValue,7,30108,2,2,0,ok-sos001,2019,Nordre Aker,Kvinner,30-39,Antall mottakere av AAP,112
EliminatedValue,7,30108,2,3,0,ok-sos001,2019,Nordre Aker,Kvinner,40-49,Antall mottakere av AAP,121
EliminatedValue,7,30108,2,4,0,ok-sos001,2019,Nordre Aker,Kvinner,50-59,Antall mottakere av AAP,85
EliminatedValue,7,30108,2,5,0,ok-sos001,2019,Nordre Aker,Kvinner,60+,Antall mottakere av AAP,32
EliminatedValue,7,30109,0,0,0,ok-sos001,2019,Bjerke,Begge kjønn,Alder i alt,Antall mottakere av AAP,697
EliminatedValue,7,30109,0,1,0,ok-sos001,2019,Bjerke,Begge kjønn,Under 30,Antall mottakere av AAP,105
EliminatedValue,7,30109,0,2,0,ok-sos001,2019,Bjerke,Begge kjønn,30-39,Antall mottakere av AAP,169
EliminatedValue,7,30109,0,3,0,ok-sos001,2019,Bjerke,Begge kjønn,40-49,Antall mottakere av AAP,178
EliminatedValue,7,30109,0,4,0,ok-sos001,2019,Bjerke,Begge kjønn,50-59,Antall mottakere av AAP,171
EliminatedValue,7,30109,0,5,0,ok-sos001,2019,Bjerke,Begge kjønn,60+,Antall mottakere av AAP,74
EliminatedValue,7,30109,1,0,0,ok-sos001,2019,Bjerke,Menn,Alder i alt,Antall mottakere av AAP,296
EliminatedValue,7,30109,1,1,0,ok-sos001,2019,Bjerke,Menn,Under 30,Antall mottakere av AAP,53
EliminatedValue,7,30109,1,2,0,ok-sos001,2019,Bjerke,Menn,30-39,Antall mottakere av AAP,69
EliminatedValue,7,30109,1,3,0,ok-sos001,2019,Bjerke,Menn,40-49,Antall mottakere av AAP,63
EliminatedValue,7,30109,1,4,0,ok-sos001,2019,Bjerke,Menn,50-59,Antall mottakere av AAP,76
EliminatedValue,7,30109,1,5,0,ok-sos001,2019,Bjerke,Menn,60+,Antall mottakere av AAP,35
EliminatedValue,7,30109,2,0,0,ok-sos001,2019,Bjerke,Kvinner,Alder i alt,Antall mottakere av AAP,401
EliminatedValue,7,30109,2,1,0,ok-sos001,2019,Bjerke,Kvinner,Under 30,Antall mottakere av AAP,52
EliminatedValue,7,30109,2,2,0,ok-sos001,2019,Bjerke,Kvinner,30-39,Antall mottakere av AAP,100
EliminatedValue,7,30109,2,3,0,ok-sos001,2019,Bjerke,Kvinner,40-49,Antall mottakere av AAP,115
EliminatedValue,7,30109,2,4,0,ok-sos001,2019,Bjerke,Kvinner,50-59,Antall mottakere av AAP,95
EliminatedValue,7,30109,2,5,0,ok-sos001,2019,Bjerke,Kvinner,60+,Antall mottakere av AAP,39
EliminatedValue,7,30110,0,0,0,ok-sos001,2019,Grorud,Begge kjønn,Alder i alt,Antall mottakere av AAP,758
EliminatedValue,7,30110,0,1,0,ok-sos001,2019,Grorud,Begge kjønn,Under 30,Antall mottakere av AAP,112
EliminatedValue,7,30110,0,2,0,ok-sos001,2019,Grorud,Begge kjønn,30-39,Antall mottakere av AAP,186
EliminatedValue,7,30110,0,3,0,ok-sos001,2019,Grorud,Begge kjønn,40-49,Antall mottakere av AAP,185
EliminatedValue,7,30110,0,4,0,ok-sos001,2019,Grorud,Begge kjønn,50-59,Antall mottakere av AAP,206
EliminatedValue,7,30110,0,5,0,ok-sos001,2019,Grorud,Begge kjønn,60+,Antall mottakere av AAP,69
EliminatedValue,7,30110,1,0,0,ok-sos001,2019,Grorud,Menn,Alder i alt,Antall mottakere av AAP,344
EliminatedValue,7,30110,1,1,0,ok-sos001,2019,Grorud,Menn,Under 30,Antall mottakere av AAP,55
EliminatedValue,7,30110,1,2,0,ok-sos001,2019,Grorud,Menn,30-39,Antall mottakere av AAP,80
EliminatedValue,7,30110,1,3,0,ok-sos001,2019,Grorud,Menn,40-49,Antall mottakere av AAP,83
EliminatedValue,7,30110,1,4,0,ok-sos001,2019,Grorud,Menn,50-59,Antall mottakere av AAP,97
EliminatedValue,7,30110,1,5,0,ok-sos001,2019,Grorud,Menn,60+,Antall mottakere av AAP,29
EliminatedValue,7,30110,2,0,0,ok-sos001,2019,Grorud,Kvinner,Alder i alt,Antall mottakere av AAP,414
EliminatedValue,7,30110,2,1,0,ok-sos001,2019,Grorud,Kvinner,Under 30,Antall mottakere av AAP,57
EliminatedValue,7,30110,2,2,0,ok-sos001,2019,Grorud,Kvinner,30-39,Antall mottakere av AAP,106
EliminatedValue,7,30110,2,3,0,ok-sos001,2019,Grorud,Kvinner,40-49,Antall mottakere av AAP,102
EliminatedValue,7,30110,2,4,0,ok-sos001,2019,Grorud,Kvinner,50-59,Antall mottakere av AAP,109
EliminatedValue,7,30110,2,5,0,ok-sos001,2019,Grorud,Kvinner,60+,Antall mottakere av AAP,40
EliminatedValue,7,30111,0,0,0,ok-sos001,2019,Stovner,Begge kjønn,Alder i alt,Antall mottakere av AAP,939
EliminatedValue,7,30111,0,1,0,ok-sos001,2019,Stovner,Begge kjønn,Under 30,Antall mottakere av AAP,137
EliminatedValue,7,30111,0,2,0,ok-sos001,2019,Stovner,Begge kjønn,30-39,Antall mottakere av AAP,185
EliminatedValue,7,30111,0,3,0,ok-sos001,2019,Stovner,Begge kjønn,40-49,Antall mottakere av AAP,271
EliminatedValue,7,30111,0,4,0,ok-sos001,2019,Stovner,Begge kjønn,50-59,Antall mottakere av AAP,259
EliminatedValue,7,30111,0,5,0,ok-sos001,2019,Stovner,Begge kjønn,60+,Antall mottakere av AAP,87
EliminatedValue,7,30111,1,0,0,ok-sos001,2019,Stovner,Menn,Alder i alt,Antall mottakere av AAP,457
EliminatedValue,7,30111,1,1,0,ok-sos001,2019,Stovner,Menn,Under 30,Antall mottakere av AAP,71
EliminatedValue,7,30111,1,2,0,ok-sos001,2019,Stovner,Menn,30-39,Antall mottakere av AAP,102
EliminatedValue,7,30111,1,3,0,ok-sos001,2019,Stovner,Menn,40-49,Antall mottakere av AAP,106
EliminatedValue,7,30111,1,4,0,ok-sos001,2019,Stovner,Menn,50-59,Antall mottakere av AAP,136
EliminatedValue,7,30111,1,5,0,ok-sos001,2019,Stovner,Menn,60+,Antall mottakere av AAP,42
EliminatedValue,7,30111,2,0,0,ok-sos001,2019,Stovner,Kvinner,Alder i alt,Antall mottakere av AAP,482
EliminatedValue,7,30111,2,1,0,ok-sos001,2019,Stovner,Kvinner,Under 30,Antall mottakere av AAP,66
EliminatedValue,7,30111,2,2,0,ok-sos001,2019,Stovner,Kvinner,30-39,Antall mottakere av AAP,83
EliminatedValue,7,30111,2,3,0,ok-sos001,2019,Stovner,Kvinner,40-49,Antall mottakere av AAP,165
EliminatedValue,7,30111,2,4,0,ok-sos001,2019,Stovner,Kvinner,50-59,Antall mottakere av AAP,123
EliminatedValue,7,30111,2,5,0,ok-sos001,2019,Stovner,Kvinner,60+,Antall mottakere av AAP,45
EliminatedValue,7,30112,0,0,0,ok-sos001,2019,Alna,Begge kjønn,Alder i alt,Antall mottakere av AAP,1539
EliminatedValue,7,30112,0,1,0,ok-sos001,2019,Alna,Begge kjønn,Under 30,Antall mottakere av AAP,197
EliminatedValue,7,30112,0,2,0,ok-sos001,2019,Alna,Begge kjønn,30-39,Antall mottakere av AAP,361
EliminatedValue,7,30112,0,3,0,ok-sos001,2019,Alna,Begge kjønn,40-49,Antall mottakere av AAP,429
EliminatedValue,7,30112,0,4,0,ok-sos001,2019,Alna,Begge kjønn,50-59,Antall mottakere av AAP,383
EliminatedValue,7,30112,0,5,0,ok-sos001,2019,Alna,Begge kjønn,60+,Antall mottakere av AAP,169
EliminatedValue,7,30112,1,0,0,ok-sos001,2019,Alna,Menn,Alder i alt,Antall mottakere av AAP,716
EliminatedValue,7,30112,1,1,0,ok-sos001,2019,Alna,Menn,Under 30,Antall mottakere av AAP,104
EliminatedValue,7,30112,1,2,0,ok-sos001,2019,Alna,Menn,30-39,Antall mottakere av AAP,163
EliminatedValue,7,30112,1,3,0,ok-sos001,2019,Alna,Menn,40-49,Antall mottakere av AAP,198
EliminatedValue,7,30112,1,4,0,ok-sos001,2019,Alna,Menn,50-59,Antall mottakere av AAP,164
EliminatedValue,7,30112,1,5,0,ok-sos001,2019,Alna,Menn,60+,Antall mottakere av AAP,87
EliminatedValue,7,30112,2,0,0,ok-sos001,2019,Alna,Kvinner,Alder i alt,Antall mottakere av AAP,823
EliminatedValue,7,30112,2,1,0,ok-sos001,2019,Alna,Kvinner,Under 30,Antall mottakere av AAP,93
EliminatedValue,7,30112,2,2,0,ok-sos001,2019,Alna,Kvinner,30-39,Antall mottakere av AAP,198
EliminatedValue,7,30112,2,3,0,ok-sos001,2019,Alna,Kvinner,40-49,Antall mottakere av AAP,231
EliminatedValue,7,30112,2,4,0,ok-sos001,2019,Alna,Kvinner,50-59,Antall mottakere av AAP,219
EliminatedValue,7,30112,2,5,0,ok-sos001,2019,Alna,Kvinner,60+,Antall mottakere av AAP,82
EliminatedValue,7,30113,0,0,0,ok-sos001,2019,Østensjø,Begge kjønn,Alder i alt,Antall mottakere av AAP,970
EliminatedValue,7,30113,0,1,0,ok-sos001,2019,Østensjø,Begge kjønn,Under 30,Antall mottakere av AAP,144
EliminatedValue,7,30113,0,2,0,ok-sos001,2019,Østensjø,Begge kjønn,30-39,Antall mottakere av AAP,205
EliminatedValue,7,30113,0,3,0,ok-sos001,2019,Østensjø,Begge kjønn,40-49,Antall mottakere av AAP,247
EliminatedValue,7,30113,0,4,0,ok-sos001,2019,Østensjø,Begge kjønn,50-59,Antall mottakere av AAP,276
EliminatedValue,7,30113,0,5,0,ok-sos001,2019,Østensjø,Begge kjønn,60+,Antall mottakere av AAP,98
EliminatedValue,7,30113,1,0,0,ok-sos001,2019,Østensjø,Menn,Alder i alt,Antall mottakere av AAP,412
EliminatedValue,7,30113,1,1,0,ok-sos001,2019,Østensjø,Menn,Under 30,Antall mottakere av AAP,62
EliminatedValue,7,30113,1,2,0,ok-sos001,2019,Østensjø,Menn,30-39,Antall mottakere av AAP,81
EliminatedValue,7,30113,1,3,0,ok-sos001,2019,Østensjø,Menn,40-49,Antall mottakere av AAP,98
EliminatedValue,7,30113,1,4,0,ok-sos001,2019,Østensjø,Menn,50-59,Antall mottakere av AAP,122
EliminatedValue,7,30113,1,5,0,ok-sos001,2019,Østensjø,Menn,60+,Antall mottakere av AAP,49
EliminatedValue,7,30113,2,0,0,ok-sos001,2019,Østensjø,Kvinner,Alder i alt,Antall mottakere av AAP,558
EliminatedValue,7,30113,2,1,0,ok-sos001,2019,Østensjø,Kvinner,Under 30,Antall mottakere av AAP,82
EliminatedValue,7,30113,2,2,0,ok-sos001,2019,Østensjø,Kvinner,30-39,Antall mottakere av AAP,124
EliminatedValue,7,30113,2,3,0,ok-sos001,2019,Østensjø,Kvinner,40-49,Antall mottakere av AAP,149
EliminatedValue,7,30113,2,4,0,ok-sos001,2019,Østensjø,Kvinner,50-59,Antall mottakere av AAP,154
EliminatedValue,7,30113,2,5,0,ok-sos001,2019,Østensjø,Kvinner,60+,Antall mottakere av AAP,49
EliminatedValue,7,30114,0,0,0,ok-sos001,2019,Nordstrand,Begge kjønn,Alder i alt,Antall mottakere av AAP,974
EliminatedValue,7,30114,0,1,0,ok-sos001,2019,Nordstrand,Begge kjønn,Under 30,Antall mottakere av AAP,179
EliminatedValue,7,30114,0,2,0,ok-sos001,2019,Nordstrand,Begge kjønn,30-39,Antall mottakere av AAP,194
EliminatedValue,7,30114,0,3,0,ok-sos001,2019,Nordstrand,Begge kjønn,40-49,Antall mottakere av AAP,234
EliminatedValue,7,30114,0,4,0,ok-sos001,2019,Nordstrand,Begge kjønn,50-59,Antall mottakere av AAP,257
EliminatedValue,7,30114,0,5,0,ok-sos001,2019,Nordstrand,Begge kjønn,60+,Antall mottakere av AAP,110
EliminatedValue,7,30114,1,0,0,ok-sos001,2019,Nordstrand,Menn,Alder i alt,Antall mottakere av AAP,396
EliminatedValue,7,30114,1,1,0,ok-sos001,2019,Nordstrand,Menn,Under 30,Antall mottakere av AAP,76
EliminatedValue,7,30114,1,2,0,ok-sos001,2019,Nordstrand,Menn,30-39,Antall mottakere av AAP,79
EliminatedValue,7,30114,1,3,0,ok-sos001,2019,Nordstrand,Menn,40-49,Antall mottakere av AAP,77
EliminatedValue,7,30114,1,4,0,ok-sos001,2019,Nordstrand,Menn,50-59,Antall mottakere av AAP,106
EliminatedValue,7,30114,1,5,0,ok-sos001,2019,Nordstrand,Menn,60+,Antall mottakere av AAP,58
EliminatedValue,7,30114,2,0,0,ok-sos001,2019,Nordstrand,Kvinner,Alder i alt,Antall mottakere av AAP,578
EliminatedValue,7,30114,2,1,0,ok-sos001,2019,Nordstrand,Kvinner,Under 30,Antall mottakere av AAP,103
EliminatedValue,7,30114,2,2,0,ok-sos001,2019,Nordstrand,Kvinner,30-39,Antall mottakere av AAP,115
EliminatedValue,7,30114,2,3,0,ok-sos001,2019,Nordstrand,Kvinner,40-49,Antall mottakere av AAP,157
EliminatedValue,7,30114,2,4,0,ok-sos001,2019,Nordstrand,Kvinner,50-59,Antall mottakere av AAP,151
EliminatedValue,7,30114,2,5,0,ok-sos001,2019,Nordstrand,Kvinner,60+,Antall mottakere av AAP,52
EliminatedValue,7,30115,0,0,0,ok-sos001,2019,Søndre Nordstrand,Begge kjønn,Alder i alt,Antall mottakere av AAP,1052
EliminatedValue,7,30115,0,1,0,ok-sos001,2019,Søndre Nordstrand,Begge kjønn,Under 30,Antall mottakere av AAP,123
EliminatedValue,7,30115,0,2,0,ok-sos001,2019,Søndre Nordstrand,Begge kjønn,30-39,Antall mottakere av AAP,217
EliminatedValue,7,30115,0,3,0,ok-sos001,2019,Søndre Nordstrand,Begge kjønn,40-49,Antall mottakere av AAP,301
EliminatedValue,7,30115,0,4,0,ok-sos001,2019,Søndre Nordstrand,Begge kjønn,50-59,Antall mottakere av AAP,275
EliminatedValue,7,30115,0,5,0,ok-sos001,2019,Søndre Nordstrand,Begge kjønn,60+,Antall mottakere av AAP,136
EliminatedValue,7,30115,1,0,0,ok-sos001,2019,Søndre Nordstrand,Menn,Alder i alt,Antall mottakere av AAP,450
EliminatedValue,7,30115,1,1,0,ok-sos001,2019,Søndre Nordstrand,Menn,Under 30,Antall mottakere av AAP,71
EliminatedValue,7,30115,1,2,0,ok-sos001,2019,Søndre Nordstrand,Menn,30-39,Antall mottakere av AAP,89
EliminatedValue,7,30115,1,3,0,ok-sos001,2019,Søndre Nordstrand,Menn,40-49,Antall mottakere av AAP,116
EliminatedValue,7,30115,1,4,0,ok-sos001,2019,Søndre Nordstrand,Menn,50-59,Antall mottakere av AAP,111
EliminatedValue,7,30115,1,5,0,ok-sos001,2019,Søndre Nordstrand,Menn,60+,Antall mottakere av AAP,63
EliminatedValue,7,30115,2,0,0,ok-sos001,2019,Søndre Nordstrand,Kvinner,Alder i alt,Antall mottakere av AAP,602
EliminatedValue,7,30115,2,1,0,ok-sos001,2019,Søndre Nordstrand,Kvinner,Under 30,Antall mottakere av AAP,52
EliminatedValue,7,30115,2,2,0,ok-sos001,2019,Søndre Nordstrand,Kvinner,30-39,Antall mottakere av AAP,128
EliminatedValue,7,30115,2,3,0,ok-sos001,2019,Søndre Nordstrand,Kvinner,40-49,Antall mottakere av AAP,185
EliminatedValue,7,30115,2,4,0,ok-sos001,2019,Søndre Nordstrand,Kvinner,50-59,Antall mottakere av AAP,164
EliminatedValue,7,30115,2,5,0,ok-sos001,2019,Søndre Nordstrand,Kvinner,60+,Antall mottakere av AAP,73
EliminatedValue,7,30116,0,0,0,ok-sos001,2019,Sentrum,Begge kjønn,Alder i alt,Antall mottakere av AAP,22
EliminatedValue,7,30116,0,1,0,ok-sos001,2019,Sentrum,Begge kjønn,Under 30,Antall mottakere av AAP,6
EliminatedValue,7,30116,0,2,0,ok-sos001,2019,Sentrum,Begge kjønn,30-39,Antall mottakere av AAP,10
EliminatedValue,7,30116,0,3,0,ok-sos001,2019,Sentrum,Begge kjønn,40-49,Antall mottakere av AAP,6
EliminatedValue,7,30116,0,4,0,ok-sos001,2019,Sentrum,Begge kjønn,50-59,Antall mottakere av AAP,
EliminatedValue,7,30116,0,5,0,ok-sos001,2019,Sentrum,Begge kjønn,60+,Antall mottakere av AAP,
EliminatedValue,7,30116,1,0,0,ok-sos001,2019,Sentrum,Menn,Alder i alt,Antall mottakere av AAP,12
EliminatedValue,7,30116,1,1,0,ok-sos001,2019,Sentrum,Menn,Under 30,Antall mottakere av AAP,
EliminatedValue,7,30116,1,2,0,ok-sos001,2019,Sentrum,Menn,30-39,Antall mottakere av AAP,6
EliminatedValue,7,30116,1,3,0,ok-sos001,2019,Sentrum,Menn,40-49,Antall mottakere av AAP,6
EliminatedValue,7,30116,1,4,0,ok-sos001,2019,Sentrum,Menn,50-59,Antall mottakere av AAP,
EliminatedValue,7,30116,1,5,0,ok-sos001,2019,Sentrum,Menn,60+,Antall mottakere av AAP,
EliminatedValue,7,30116,2,0,0,ok-sos001,2019,Sentrum,Kvinner,Alder i alt,Antall mottakere av AAP,10
EliminatedValue,7,30116,2,1,0,ok-sos001,2019,Sentrum,Kvinner,Under 30,Antall mottakere av AAP,6
EliminatedValue,7,30116,2,2,0,ok-sos001,2019,Sentrum,Kvinner,30-39,Antall mottakere av AAP,4
EliminatedValue,7,30116,2,3,0,ok-sos001,2019,Sentrum,Kvinner,40-49,Antall mottakere av AAP,
EliminatedValue,7,30116,2,4,0,ok-sos001,2019,Sentrum,Kvinner,50-59,Antall mottakere av AAP,
EliminatedValue,7,30116,2,5,0,ok-sos001,2019,Sentrum,Kvinner,60+,Antall mottakere av AAP,
EliminatedValue,7,30117,0,0,0,ok-sos001,2019,Marka,Begge kjønn,Alder i alt,Antall mottakere av AAP,
EliminatedValue,7,30117,0,1,0,ok-sos001,2019,Marka,Begge kjønn,Under 30,Antall mottakere av AAP,
EliminatedValue,7,30117,0,2,0,ok-sos001,2019,Marka,Begge kjønn,30-39,Antall mottakere av AAP,
EliminatedValue,7,30117,0,3,0,ok-sos001,2019,Marka,Begge kjønn,40-49,Antall mottakere av AAP,
EliminatedValue,7,30117,0,4,0,ok-sos001,2019,Marka,Begge kjønn,50-59,Antall mottakere av AAP,
EliminatedValue,7,30117,0,5,0,ok-sos001,2019,Marka,Begge kjønn,60+,Antall mottakere av AAP,
EliminatedValue,7,30117,1,0,0,ok-sos001,2019,Marka,Menn,Alder i alt,Antall mottakere av AAP,
EliminatedValue,7,30117,1,1,0,ok-sos001,2019,Marka,Menn,Under 30,Antall mottakere av AAP,
EliminatedValue,7,30117,1,2,0,ok-sos001,2019,Marka,Menn,30-39,Antall mottakere av AAP,
EliminatedValue,7,30117,1,3,0,ok-sos001,2019,Marka,Menn,40-49,Antall mottakere av AAP,
EliminatedValue,7,30117,1,4,0,ok-sos001,2019,Marka,Menn,50-59,Antall mottakere av AAP,
EliminatedValue,7,30117,1,5,0,ok-sos001,2019,Marka,Menn,60+,Antall mottakere av AAP,
EliminatedValue,7,30117,2,0,0,ok-sos001,2019,Marka,Kvinner,Alder i alt,Antall mottakere av AAP,
EliminatedValue,7,30117,2,1,0,ok-sos001,2019,Marka,Kvinner,Under 30,Antall mottakere av AAP,
EliminatedValue,7,30117,2,2,0,ok-sos001,2019,Marka,Kvinner,30-39,Antall mottakere av AAP,
EliminatedValue,7,30117,2,3,0,ok-sos001,2019,Marka,Kvinner,40-49,Antall mottakere av AAP,
EliminatedValue,7,30117,2,4,0,ok-sos001,2019,Marka,Kvinner,50-59,Antall mottakere av AAP,
EliminatedValue,7,30117,2,5,0,ok-sos001,2019,Marka,Kvinner,60+,Antall mottakere av AAP,
EliminatedValue,8,301,0,0,0,ok-sos001,2020,Oslo i alt,Begge kjønn,Alder i alt,Antall mottakere av AAP,14895
EliminatedValue,8,301,0,1,0,ok-sos001,2020,Oslo i alt,Begge kjønn,Under 30,Antall mottakere av AAP,2869
EliminatedValue,8,301,0,2,0,ok-sos001,2020,Oslo i alt,Begge kjønn,30-39,Antall mottakere av AAP,3649
EliminatedValue,8,301,0,3,0,ok-sos001,2020,Oslo i alt,Begge kjønn,40-49,Antall mottakere av AAP,3705
EliminatedValue,8,301,0,4,0,ok-sos001,2020,Oslo i alt,Begge kjønn,50-59,Antall mottakere av AAP,3304
EliminatedValue,8,301,0,5,0,ok-sos001,2020,Oslo i alt,Begge kjønn,60+,Antall mottakere av AAP,1368
EliminatedValue,8,301,1,0,0,ok-sos001,2020,Oslo i alt,Menn,Alder i alt,Antall mottakere av AAP,6525
EliminatedValue,8,301,1,1,0,ok-sos001,2020,Oslo i alt,Menn,Under 30,Antall mottakere av AAP,1233
EliminatedValue,8,301,1,2,0,ok-sos001,2020,Oslo i alt,Menn,30-39,Antall mottakere av AAP,1564
EliminatedValue,8,301,1,3,0,ok-sos001,2020,Oslo i alt,Menn,40-49,Antall mottakere av AAP,1541
EliminatedValue,8,301,1,4,0,ok-sos001,2020,Oslo i alt,Menn,50-59,Antall mottakere av AAP,1507
EliminatedValue,8,301,1,5,0,ok-sos001,2020,Oslo i alt,Menn,60+,Antall mottakere av AAP,680
EliminatedValue,8,301,2,0,0,ok-sos001,2020,Oslo i alt,Kvinner,Alder i alt,Antall mottakere av AAP,8370
EliminatedValue,8,301,2,1,0,ok-sos001,2020,Oslo i alt,Kvinner,Under 30,Antall mottakere av AAP,1636
EliminatedValue,8,301,2,2,0,ok-sos001,2020,Oslo i alt,Kvinner,30-39,Antall mottakere av AAP,2085
EliminatedValue,8,301,2,3,0,ok-sos001,2020,Oslo i alt,Kvinner,40-49,Antall mottakere av AAP,2164
EliminatedValue,8,301,2,4,0,ok-sos001,2020,Oslo i alt,Kvinner,50-59,Antall mottakere av AAP,1797
EliminatedValue,8,301,2,5,0,ok-sos001,2020,Oslo i alt,Kvinner,60+,Antall mottakere av AAP,688
EliminatedValue,8,30101,0,0,0,ok-sos001,2020,Gamle Oslo,Begge kjønn,Alder i alt,Antall mottakere av AAP,1448
EliminatedValue,8,30101,0,1,0,ok-sos001,2020,Gamle Oslo,Begge kjønn,Under 30,Antall mottakere av AAP,258
EliminatedValue,8,30101,0,2,0,ok-sos001,2020,Gamle Oslo,Begge kjønn,30-39,Antall mottakere av AAP,412
EliminatedValue,8,30101,0,3,0,ok-sos001,2020,Gamle Oslo,Begge kjønn,40-49,Antall mottakere av AAP,407
EliminatedValue,8,30101,0,4,0,ok-sos001,2020,Gamle Oslo,Begge kjønn,50-59,Antall mottakere av AAP,270
EliminatedValue,8,30101,0,5,0,ok-sos001,2020,Gamle Oslo,Begge kjønn,60+,Antall mottakere av AAP,101
EliminatedValue,8,30101,1,0,0,ok-sos001,2020,Gamle Oslo,Menn,Alder i alt,Antall mottakere av AAP,666
EliminatedValue,8,30101,1,1,0,ok-sos001,2020,Gamle Oslo,Menn,Under 30,Antall mottakere av AAP,102
EliminatedValue,8,30101,1,2,0,ok-sos001,2020,Gamle Oslo,Menn,30-39,Antall mottakere av AAP,194
EliminatedValue,8,30101,1,3,0,ok-sos001,2020,Gamle Oslo,Menn,40-49,Antall mottakere av AAP,184
EliminatedValue,8,30101,1,4,0,ok-sos001,2020,Gamle Oslo,Menn,50-59,Antall mottakere av AAP,132
EliminatedValue,8,30101,1,5,0,ok-sos001,2020,Gamle Oslo,Menn,60+,Antall mottakere av AAP,54
EliminatedValue,8,30101,2,0,0,ok-sos001,2020,Gamle Oslo,Kvinner,Alder i alt,Antall mottakere av AAP,782
EliminatedValue,8,30101,2,1,0,ok-sos001,2020,Gamle Oslo,Kvinner,Under 30,Antall mottakere av AAP,156
EliminatedValue,8,30101,2,2,0,ok-sos001,2020,Gamle Oslo,Kvinner,30-39,Antall mottakere av AAP,218
EliminatedValue,8,30101,2,3,0,ok-sos001,2020,Gamle Oslo,Kvinner,40-49,Antall mottakere av AAP,223
EliminatedValue,8,30101,2,4,0,ok-sos001,2020,Gamle Oslo,Kvinner,50-59,Antall mottakere av AAP,138
EliminatedValue,8,30101,2,5,0,ok-sos001,2020,Gamle Oslo,Kvinner,60+,Antall mottakere av AAP,47
EliminatedValue,8,30102,0,0,0,ok-sos001,2020,Grünerløkka,Begge kjønn,Alder i alt,Antall mottakere av AAP,1321
EliminatedValue,8,30102,0,1,0,ok-sos001,2020,Grünerløkka,Begge kjønn,Under 30,Antall mottakere av AAP,340
EliminatedValue,8,30102,0,2,0,ok-sos001,2020,Grünerløkka,Begge kjønn,30-39,Antall mottakere av AAP,400
EliminatedValue,8,30102,0,3,0,ok-sos001,2020,Grünerløkka,Begge kjønn,40-49,Antall mottakere av AAP,294
EliminatedValue,8,30102,0,4,0,ok-sos001,2020,Grünerløkka,Begge kjønn,50-59,Antall mottakere av AAP,212
EliminatedValue,8,30102,0,5,0,ok-sos001,2020,Grünerløkka,Begge kjønn,60+,Antall mottakere av AAP,75
EliminatedValue,8,30102,1,0,0,ok-sos001,2020,Grünerløkka,Menn,Alder i alt,Antall mottakere av AAP,556
EliminatedValue,8,30102,1,1,0,ok-sos001,2020,Grünerløkka,Menn,Under 30,Antall mottakere av AAP,117
EliminatedValue,8,30102,1,2,0,ok-sos001,2020,Grünerløkka,Menn,30-39,Antall mottakere av AAP,166
EliminatedValue,8,30102,1,3,0,ok-sos001,2020,Grünerløkka,Menn,40-49,Antall mottakere av AAP,140
EliminatedValue,8,30102,1,4,0,ok-sos001,2020,Grünerløkka,Menn,50-59,Antall mottakere av AAP,97
EliminatedValue,8,30102,1,5,0,ok-sos001,2020,Grünerløkka,Menn,60+,Antall mottakere av AAP,36
EliminatedValue,8,30102,2,0,0,ok-sos001,2020,Grünerløkka,Kvinner,Alder i alt,Antall mottakere av AAP,765
EliminatedValue,8,30102,2,1,0,ok-sos001,2020,Grünerløkka,Kvinner,Under 30,Antall mottakere av AAP,223
EliminatedValue,8,30102,2,2,0,ok-sos001,2020,Grünerløkka,Kvinner,30-39,Antall mottakere av AAP,234
EliminatedValue,8,30102,2,3,0,ok-sos001,2020,Grünerløkka,Kvinner,40-49,Antall mottakere av AAP,154
EliminatedValue,8,30102,2,4,0,ok-sos001,2020,Grünerløkka,Kvinner,50-59,Antall mottakere av AAP,115
EliminatedValue,8,30102,2,5,0,ok-sos001,2020,Grünerløkka,Kvinner,60+,Antall mottakere av AAP,39
EliminatedValue,8,30103,0,0,0,ok-sos001,2020,Sagene,Begge kjønn,Alder i alt,Antall mottakere av AAP,958
EliminatedValue,8,30103,0,1,0,ok-sos001,2020,Sagene,Begge kjønn,Under 30,Antall mottakere av AAP,224
EliminatedValue,8,30103,0,2,0,ok-sos001,2020,Sagene,Begge kjønn,30-39,Antall mottakere av AAP,282
EliminatedValue,8,30103,0,3,0,ok-sos001,2020,Sagene,Begge kjønn,40-49,Antall mottakere av AAP,232
EliminatedValue,8,30103,0,4,0,ok-sos001,2020,Sagene,Begge kjønn,50-59,Antall mottakere av AAP,161
EliminatedValue,8,30103,0,5,0,ok-sos001,2020,Sagene,Begge kjønn,60+,Antall mottakere av AAP,59
EliminatedValue,8,30103,1,0,0,ok-sos001,2020,Sagene,Menn,Alder i alt,Antall mottakere av AAP,419
EliminatedValue,8,30103,1,1,0,ok-sos001,2020,Sagene,Menn,Under 30,Antall mottakere av AAP,91
EliminatedValue,8,30103,1,2,0,ok-sos001,2020,Sagene,Menn,30-39,Antall mottakere av AAP,114
EliminatedValue,8,30103,1,3,0,ok-sos001,2020,Sagene,Menn,40-49,Antall mottakere av AAP,109
EliminatedValue,8,30103,1,4,0,ok-sos001,2020,Sagene,Menn,50-59,Antall mottakere av AAP,79
EliminatedValue,8,30103,1,5,0,ok-sos001,2020,Sagene,Menn,60+,Antall mottakere av AAP,26
EliminatedValue,8,30103,2,0,0,ok-sos001,2020,Sagene,Kvinner,Alder i alt,Antall mottakere av AAP,539
EliminatedValue,8,30103,2,1,0,ok-sos001,2020,Sagene,Kvinner,Under 30,Antall mottakere av AAP,133
EliminatedValue,8,30103,2,2,0,ok-sos001,2020,Sagene,Kvinner,30-39,Antall mottakere av AAP,168
EliminatedValue,8,30103,2,3,0,ok-sos001,2020,Sagene,Kvinner,40-49,Antall mottakere av AAP,123
EliminatedValue,8,30103,2,4,0,ok-sos001,2020,Sagene,Kvinner,50-59,Antall mottakere av AAP,82
EliminatedValue,8,30103,2,5,0,ok-sos001,2020,Sagene,Kvinner,60+,Antall mottakere av AAP,33
EliminatedValue,8,30104,0,0,0,ok-sos001,2020,St. Hanshaugen,Begge kjønn,Alder i alt,Antall mottakere av AAP,788
EliminatedValue,8,30104,0,1,0,ok-sos001,2020,St. Hanshaugen,Begge kjønn,Under 30,Antall mottakere av AAP,276
EliminatedValue,8,30104,0,2,0,ok-sos001,2020,St. Hanshaugen,Begge kjønn,30-39,Antall mottakere av AAP,210
EliminatedValue,8,30104,0,3,0,ok-sos001,2020,St. Hanshaugen,Begge kjønn,40-49,Antall mottakere av AAP,139
EliminatedValue,8,30104,0,4,0,ok-sos001,2020,St. Hanshaugen,Begge kjønn,50-59,Antall mottakere av AAP,113
EliminatedValue,8,30104,0,5,0,ok-sos001,2020,St. Hanshaugen,Begge kjønn,60+,Antall mottakere av AAP,50
EliminatedValue,8,30104,1,0,0,ok-sos001,2020,St. Hanshaugen,Menn,Alder i alt,Antall mottakere av AAP,339
EliminatedValue,8,30104,1,1,0,ok-sos001,2020,St. Hanshaugen,Menn,Under 30,Antall mottakere av AAP,101
EliminatedValue,8,30104,1,2,0,ok-sos001,2020,St. Hanshaugen,Menn,30-39,Antall mottakere av AAP,99
EliminatedValue,8,30104,1,3,0,ok-sos001,2020,St. Hanshaugen,Menn,40-49,Antall mottakere av AAP,70
EliminatedValue,8,30104,1,4,0,ok-sos001,2020,St. Hanshaugen,Menn,50-59,Antall mottakere av AAP,47
EliminatedValue,8,30104,1,5,0,ok-sos001,2020,St. Hanshaugen,Menn,60+,Antall mottakere av AAP,22
EliminatedValue,8,30104,2,0,0,ok-sos001,2020,St. Hanshaugen,Kvinner,Alder i alt,Antall mottakere av AAP,449
EliminatedValue,8,30104,2,1,0,ok-sos001,2020,St. Hanshaugen,Kvinner,Under 30,Antall mottakere av AAP,175
EliminatedValue,8,30104,2,2,0,ok-sos001,2020,St. Hanshaugen,Kvinner,30-39,Antall mottakere av AAP,111
EliminatedValue,8,30104,2,3,0,ok-sos001,2020,St. Hanshaugen,Kvinner,40-49,Antall mottakere av AAP,69
EliminatedValue,8,30104,2,4,0,ok-sos001,2020,St. Hanshaugen,Kvinner,50-59,Antall mottakere av AAP,66
EliminatedValue,8,30104,2,5,0,ok-sos001,2020,St. Hanshaugen,Kvinner,60+,Antall mottakere av AAP,28
EliminatedValue,8,30105,0,0,0,ok-sos001,2020,Frogner,Begge kjønn,Alder i alt,Antall mottakere av AAP,1150
EliminatedValue,8,30105,0,1,0,ok-sos001,2020,Frogner,Begge kjønn,Under 30,Antall mottakere av AAP,268
EliminatedValue,8,30105,0,2,0,ok-sos001,2020,Frogner,Begge kjønn,30-39,Antall mottakere av AAP,309
EliminatedValue,8,30105,0,3,0,ok-sos001,2020,Frogner,Begge kjønn,40-49,Antall mottakere av AAP,264
EliminatedValue,8,30105,0,4,0,ok-sos001,2020,Frogner,Begge kjønn,50-59,Antall mottakere av AAP,212
EliminatedValue,8,30105,0,5,0,ok-sos001,2020,Frogner,Begge kjønn,60+,Antall mottakere av AAP,97
EliminatedValue,8,30105,1,0,0,ok-sos001,2020,Frogner,Menn,Alder i alt,Antall mottakere av AAP,484
EliminatedValue,8,30105,1,1,0,ok-sos001,2020,Frogner,Menn,Under 30,Antall mottakere av AAP,86
EliminatedValue,8,30105,1,2,0,ok-sos001,2020,Frogner,Menn,30-39,Antall mottakere av AAP,125
EliminatedValue,8,30105,1,3,0,ok-sos001,2020,Frogner,Menn,40-49,Antall mottakere av AAP,120
EliminatedValue,8,30105,1,4,0,ok-sos001,2020,Frogner,Menn,50-59,Antall mottakere av AAP,106
EliminatedValue,8,30105,1,5,0,ok-sos001,2020,Frogner,Menn,60+,Antall mottakere av AAP,47
EliminatedValue,8,30105,2,0,0,ok-sos001,2020,Frogner,Kvinner,Alder i alt,Antall mottakere av AAP,666
EliminatedValue,8,30105,2,1,0,ok-sos001,2020,Frogner,Kvinner,Under 30,Antall mottakere av AAP,182
EliminatedValue,8,30105,2,2,0,ok-sos001,2020,Frogner,Kvinner,30-39,Antall mottakere av AAP,184
EliminatedValue,8,30105,2,3,0,ok-sos001,2020,Frogner,Kvinner,40-49,Antall mottakere av AAP,144
EliminatedValue,8,30105,2,4,0,ok-sos001,2020,Frogner,Kvinner,50-59,Antall mottakere av AAP,106
EliminatedValue,8,30105,2,5,0,ok-sos001,2020,Frogner,Kvinner,60+,Antall mottakere av AAP,50
EliminatedValue,8,30106,0,0,0,ok-sos001,2020,Ullern,Begge kjønn,Alder i alt,Antall mottakere av AAP,520
EliminatedValue,8,30106,0,1,0,ok-sos001,2020,Ullern,Begge kjønn,Under 30,Antall mottakere av AAP,94
EliminatedValue,8,30106,0,2,0,ok-sos001,2020,Ullern,Begge kjønn,30-39,Antall mottakere av AAP,121
EliminatedValue,8,30106,0,3,0,ok-sos001,2020,Ullern,Begge kjønn,40-49,Antall mottakere av AAP,111
EliminatedValue,8,30106,0,4,0,ok-sos001,2020,Ullern,Begge kjønn,50-59,Antall mottakere av AAP,137
EliminatedValue,8,30106,0,5,0,ok-sos001,2020,Ullern,Begge kjønn,60+,Antall mottakere av AAP,57
EliminatedValue,8,30106,1,0,0,ok-sos001,2020,Ullern,Menn,Alder i alt,Antall mottakere av AAP,202
EliminatedValue,8,30106,1,1,0,ok-sos001,2020,Ullern,Menn,Under 30,Antall mottakere av AAP,34
EliminatedValue,8,30106,1,2,0,ok-sos001,2020,Ullern,Menn,30-39,Antall mottakere av AAP,46
EliminatedValue,8,30106,1,3,0,ok-sos001,2020,Ullern,Menn,40-49,Antall mottakere av AAP,32
EliminatedValue,8,30106,1,4,0,ok-sos001,2020,Ullern,Menn,50-59,Antall mottakere av AAP,64
EliminatedValue,8,30106,1,5,0,ok-sos001,2020,Ullern,Menn,60+,Antall mottakere av AAP,26
EliminatedValue,8,30106,2,0,0,ok-sos001,2020,Ullern,Kvinner,Alder i alt,Antall mottakere av AAP,318
EliminatedValue,8,30106,2,1,0,ok-sos001,2020,Ullern,Kvinner,Under 30,Antall mottakere av AAP,60
EliminatedValue,8,30106,2,2,0,ok-sos001,2020,Ullern,Kvinner,30-39,Antall mottakere av AAP,75
EliminatedValue,8,30106,2,3,0,ok-sos001,2020,Ullern,Kvinner,40-49,Antall mottakere av AAP,79
EliminatedValue,8,30106,2,4,0,ok-sos001,2020,Ullern,Kvinner,50-59,Antall mottakere av AAP,73
EliminatedValue,8,30106,2,5,0,ok-sos001,2020,Ullern,Kvinner,60+,Antall mottakere av AAP,31
EliminatedValue,8,30107,0,0,0,ok-sos001,2020,Vestre Aker,Begge kjønn,Alder i alt,Antall mottakere av AAP,722
EliminatedValue,8,30107,0,1,0,ok-sos001,2020,Vestre Aker,Begge kjønn,Under 30,Antall mottakere av AAP,132
EliminatedValue,8,30107,0,2,0,ok-sos001,2020,Vestre Aker,Begge kjønn,30-39,Antall mottakere av AAP,138
EliminatedValue,8,30107,0,3,0,ok-sos001,2020,Vestre Aker,Begge kjønn,40-49,Antall mottakere av AAP,178
EliminatedValue,8,30107,0,4,0,ok-sos001,2020,Vestre Aker,Begge kjønn,50-59,Antall mottakere av AAP,183
EliminatedValue,8,30107,0,5,0,ok-sos001,2020,Vestre Aker,Begge kjønn,60+,Antall mottakere av AAP,91
EliminatedValue,8,30107,1,0,0,ok-sos001,2020,Vestre Aker,Menn,Alder i alt,Antall mottakere av AAP,279
EliminatedValue,8,30107,1,1,0,ok-sos001,2020,Vestre Aker,Menn,Under 30,Antall mottakere av AAP,61
EliminatedValue,8,30107,1,2,0,ok-sos001,2020,Vestre Aker,Menn,30-39,Antall mottakere av AAP,57
EliminatedValue,8,30107,1,3,0,ok-sos001,2020,Vestre Aker,Menn,40-49,Antall mottakere av AAP,60
EliminatedValue,8,30107,1,4,0,ok-sos001,2020,Vestre Aker,Menn,50-59,Antall mottakere av AAP,65
EliminatedValue,8,30107,1,5,0,ok-sos001,2020,Vestre Aker,Menn,60+,Antall mottakere av AAP,36
EliminatedValue,8,30107,2,0,0,ok-sos001,2020,Vestre Aker,Kvinner,Alder i alt,Antall mottakere av AAP,443
EliminatedValue,8,30107,2,1,0,ok-sos001,2020,Vestre Aker,Kvinner,Under 30,Antall mottakere av AAP,71
EliminatedValue,8,30107,2,2,0,ok-sos001,2020,Vestre Aker,Kvinner,30-39,Antall mottakere av AAP,81
EliminatedValue,8,30107,2,3,0,ok-sos001,2020,Vestre Aker,Kvinner,40-49,Antall mottakere av AAP,118
EliminatedValue,8,30107,2,4,0,ok-sos001,2020,Vestre Aker,Kvinner,50-59,Antall mottakere av AAP,118
EliminatedValue,8,30107,2,5,0,ok-sos001,2020,Vestre Aker,Kvinner,60+,Antall mottakere av AAP,55
EliminatedValue,8,30108,0,0,0,ok-sos001,2020,Nordre Aker,Begge kjønn,Alder i alt,Antall mottakere av AAP,808
EliminatedValue,8,30108,0,1,0,ok-sos001,2020,Nordre Aker,Begge kjønn,Under 30,Antall mottakere av AAP,204
EliminatedValue,8,30108,0,2,0,ok-sos001,2020,Nordre Aker,Begge kjønn,30-39,Antall mottakere av AAP,187
EliminatedValue,8,30108,0,3,0,ok-sos001,2020,Nordre Aker,Begge kjønn,40-49,Antall mottakere av AAP,184
EliminatedValue,8,30108,0,4,0,ok-sos001,2020,Nordre Aker,Begge kjønn,50-59,Antall mottakere av AAP,168
EliminatedValue,8,30108,0,5,0,ok-sos001,2020,Nordre Aker,Begge kjønn,60+,Antall mottakere av AAP,65
EliminatedValue,8,30108,1,0,0,ok-sos001,2020,Nordre Aker,Menn,Alder i alt,Antall mottakere av AAP,334
EliminatedValue,8,30108,1,1,0,ok-sos001,2020,Nordre Aker,Menn,Under 30,Antall mottakere av AAP,96
EliminatedValue,8,30108,1,2,0,ok-sos001,2020,Nordre Aker,Menn,30-39,Antall mottakere av AAP,82
EliminatedValue,8,30108,1,3,0,ok-sos001,2020,Nordre Aker,Menn,40-49,Antall mottakere av AAP,55
EliminatedValue,8,30108,1,4,0,ok-sos001,2020,Nordre Aker,Menn,50-59,Antall mottakere av AAP,70
EliminatedValue,8,30108,1,5,0,ok-sos001,2020,Nordre Aker,Menn,60+,Antall mottakere av AAP,31
EliminatedValue,8,30108,2,0,0,ok-sos001,2020,Nordre Aker,Kvinner,Alder i alt,Antall mottakere av AAP,474
EliminatedValue,8,30108,2,1,0,ok-sos001,2020,Nordre Aker,Kvinner,Under 30,Antall mottakere av AAP,108
EliminatedValue,8,30108,2,2,0,ok-sos001,2020,Nordre Aker,Kvinner,30-39,Antall mottakere av AAP,105
EliminatedValue,8,30108,2,3,0,ok-sos001,2020,Nordre Aker,Kvinner,40-49,Antall mottakere av AAP,129
EliminatedValue,8,30108,2,4,0,ok-sos001,2020,Nordre Aker,Kvinner,50-59,Antall mottakere av AAP,98
EliminatedValue,8,30108,2,5,0,ok-sos001,2020,Nordre Aker,Kvinner,60+,Antall mottakere av AAP,34
EliminatedValue,8,30109,0,0,0,ok-sos001,2020,Bjerke,Begge kjønn,Alder i alt,Antall mottakere av AAP,737
EliminatedValue,8,30109,0,1,0,ok-sos001,2020,Bjerke,Begge kjønn,Under 30,Antall mottakere av AAP,98
EliminatedValue,8,30109,0,2,0,ok-sos001,2020,Bjerke,Begge kjønn,30-39,Antall mottakere av AAP,201
EliminatedValue,8,30109,0,3,0,ok-sos001,2020,Bjerke,Begge kjønn,40-49,Antall mottakere av AAP,196
EliminatedValue,8,30109,0,4,0,ok-sos001,2020,Bjerke,Begge kjønn,50-59,Antall mottakere av AAP,180
EliminatedValue,8,30109,0,5,0,ok-sos001,2020,Bjerke,Begge kjønn,60+,Antall mottakere av AAP,62
EliminatedValue,8,30109,1,0,0,ok-sos001,2020,Bjerke,Menn,Alder i alt,Antall mottakere av AAP,333
EliminatedValue,8,30109,1,1,0,ok-sos001,2020,Bjerke,Menn,Under 30,Antall mottakere av AAP,51
EliminatedValue,8,30109,1,2,0,ok-sos001,2020,Bjerke,Menn,30-39,Antall mottakere av AAP,90
EliminatedValue,8,30109,1,3,0,ok-sos001,2020,Bjerke,Menn,40-49,Antall mottakere av AAP,70
EliminatedValue,8,30109,1,4,0,ok-sos001,2020,Bjerke,Menn,50-59,Antall mottakere av AAP,86
EliminatedValue,8,30109,1,5,0,ok-sos001,2020,Bjerke,Menn,60+,Antall mottakere av AAP,36
EliminatedValue,8,30109,2,0,0,ok-sos001,2020,Bjerke,Kvinner,Alder i alt,Antall mottakere av AAP,404
EliminatedValue,8,30109,2,1,0,ok-sos001,2020,Bjerke,Kvinner,Under 30,Antall mottakere av AAP,47
EliminatedValue,8,30109,2,2,0,ok-sos001,2020,Bjerke,Kvinner,30-39,Antall mottakere av AAP,111
EliminatedValue,8,30109,2,3,0,ok-sos001,2020,Bjerke,Kvinner,40-49,Antall mottakere av AAP,126
EliminatedValue,8,30109,2,4,0,ok-sos001,2020,Bjerke,Kvinner,50-59,Antall mottakere av AAP,94
EliminatedValue,8,30109,2,5,0,ok-sos001,2020,Bjerke,Kvinner,60+,Antall mottakere av AAP,26
EliminatedValue,8,30110,0,0,0,ok-sos001,2020,Grorud,Begge kjønn,Alder i alt,Antall mottakere av AAP,772
EliminatedValue,8,30110,0,1,0,ok-sos001,2020,Grorud,Begge kjønn,Under 30,Antall mottakere av AAP,124
EliminatedValue,8,30110,0,2,0,ok-sos001,2020,Grorud,Begge kjønn,30-39,Antall mottakere av AAP,167
EliminatedValue,8,30110,0,3,0,ok-sos001,2020,Grorud,Begge kjønn,40-49,Antall mottakere av AAP,213
EliminatedValue,8,30110,0,4,0,ok-sos001,2020,Grorud,Begge kjønn,50-59,Antall mottakere av AAP,193
EliminatedValue,8,30110,0,5,0,ok-sos001,2020,Grorud,Begge kjønn,60+,Antall mottakere av AAP,75
EliminatedValue,8,30110,1,0,0,ok-sos001,2020,Grorud,Menn,Alder i alt,Antall mottakere av AAP,365
EliminatedValue,8,30110,1,1,0,ok-sos001,2020,Grorud,Menn,Under 30,Antall mottakere av AAP,64
EliminatedValue,8,30110,1,2,0,ok-sos001,2020,Grorud,Menn,30-39,Antall mottakere av AAP,64
EliminatedValue,8,30110,1,3,0,ok-sos001,2020,Grorud,Menn,40-49,Antall mottakere av AAP,98
EliminatedValue,8,30110,1,4,0,ok-sos001,2020,Grorud,Menn,50-59,Antall mottakere av AAP,100
EliminatedValue,8,30110,1,5,0,ok-sos001,2020,Grorud,Menn,60+,Antall mottakere av AAP,39
EliminatedValue,8,30110,2,0,0,ok-sos001,2020,Grorud,Kvinner,Alder i alt,Antall mottakere av AAP,407
EliminatedValue,8,30110,2,1,0,ok-sos001,2020,Grorud,Kvinner,Under 30,Antall mottakere av AAP,60
EliminatedValue,8,30110,2,2,0,ok-sos001,2020,Grorud,Kvinner,30-39,Antall mottakere av AAP,103
EliminatedValue,8,30110,2,3,0,ok-sos001,2020,Grorud,Kvinner,40-49,Antall mottakere av AAP,115
EliminatedValue,8,30110,2,4,0,ok-sos001,2020,Grorud,Kvinner,50-59,Antall mottakere av AAP,93
EliminatedValue,8,30110,2,5,0,ok-sos001,2020,Grorud,Kvinner,60+,Antall mottakere av AAP,36
EliminatedValue,8,30111,0,0,0,ok-sos001,2020,Stovner,Begge kjønn,Alder i alt,Antall mottakere av AAP,998
EliminatedValue,8,30111,0,1,0,ok-sos001,2020,Stovner,Begge kjønn,Under 30,Antall mottakere av AAP,141
EliminatedValue,8,30111,0,2,0,ok-sos001,2020,Stovner,Begge kjønn,30-39,Antall mottakere av AAP,181
EliminatedValue,8,30111,0,3,0,ok-sos001,2020,Stovner,Begge kjønn,40-49,Antall mottakere av AAP,281
EliminatedValue,8,30111,0,4,0,ok-sos001,2020,Stovner,Begge kjønn,50-59,Antall mottakere av AAP,299
EliminatedValue,8,30111,0,5,0,ok-sos001,2020,Stovner,Begge kjønn,60+,Antall mottakere av AAP,96
EliminatedValue,8,30111,1,0,0,ok-sos001,2020,Stovner,Menn,Alder i alt,Antall mottakere av AAP,482
EliminatedValue,8,30111,1,1,0,ok-sos001,2020,Stovner,Menn,Under 30,Antall mottakere av AAP,70
EliminatedValue,8,30111,1,2,0,ok-sos001,2020,Stovner,Menn,30-39,Antall mottakere av AAP,93
EliminatedValue,8,30111,1,3,0,ok-sos001,2020,Stovner,Menn,40-49,Antall mottakere av AAP,120
EliminatedValue,8,30111,1,4,0,ok-sos001,2020,Stovner,Menn,50-59,Antall mottakere av AAP,151
EliminatedValue,8,30111,1,5,0,ok-sos001,2020,Stovner,Menn,60+,Antall mottakere av AAP,48
EliminatedValue,8,30111,2,0,0,ok-sos001,2020,Stovner,Kvinner,Alder i alt,Antall mottakere av AAP,516
EliminatedValue,8,30111,2,1,0,ok-sos001,2020,Stovner,Kvinner,Under 30,Antall mottakere av AAP,71
EliminatedValue,8,30111,2,2,0,ok-sos001,2020,Stovner,Kvinner,30-39,Antall mottakere av AAP,88
EliminatedValue,8,30111,2,3,0,ok-sos001,2020,Stovner,Kvinner,40-49,Antall mottakere av AAP,161
EliminatedValue,8,30111,2,4,0,ok-sos001,2020,Stovner,Kvinner,50-59,Antall mottakere av AAP,148
EliminatedValue,8,30111,2,5,0,ok-sos001,2020,Stovner,Kvinner,60+,Antall mottakere av AAP,48
EliminatedValue,8,30112,0,0,0,ok-sos001,2020,Alna,Begge kjønn,Alder i alt,Antall mottakere av AAP,1555
EliminatedValue,8,30112,0,1,0,ok-sos001,2020,Alna,Begge kjønn,Under 30,Antall mottakere av AAP,202
EliminatedValue,8,30112,0,2,0,ok-sos001,2020,Alna,Begge kjønn,30-39,Antall mottakere av AAP,378
EliminatedValue,8,30112,0,3,0,ok-sos001,2020,Alna,Begge kjønn,40-49,Antall mottakere av AAP,424
EliminatedValue,8,30112,0,4,0,ok-sos001,2020,Alna,Begge kjønn,50-59,Antall mottakere av AAP,377
EliminatedValue,8,30112,0,5,0,ok-sos001,2020,Alna,Begge kjønn,60+,Antall mottakere av AAP,174
EliminatedValue,8,30112,1,0,0,ok-sos001,2020,Alna,Menn,Alder i alt,Antall mottakere av AAP,752
EliminatedValue,8,30112,1,1,0,ok-sos001,2020,Alna,Menn,Under 30,Antall mottakere av AAP,110
EliminatedValue,8,30112,1,2,0,ok-sos001,2020,Alna,Menn,30-39,Antall mottakere av AAP,171
EliminatedValue,8,30112,1,3,0,ok-sos001,2020,Alna,Menn,40-49,Antall mottakere av AAP,194
EliminatedValue,8,30112,1,4,0,ok-sos001,2020,Alna,Menn,50-59,Antall mottakere av AAP,181
EliminatedValue,8,30112,1,5,0,ok-sos001,2020,Alna,Menn,60+,Antall mottakere av AAP,96
EliminatedValue,8,30112,2,0,0,ok-sos001,2020,Alna,Kvinner,Alder i alt,Antall mottakere av AAP,803
EliminatedValue,8,30112,2,1,0,ok-sos001,2020,Alna,Kvinner,Under 30,Antall mottakere av AAP,92
EliminatedValue,8,30112,2,2,0,ok-sos001,2020,Alna,Kvinner,30-39,Antall mottakere av AAP,207
EliminatedValue,8,30112,2,3,0,ok-sos001,2020,Alna,Kvinner,40-49,Antall mottakere av AAP,230
EliminatedValue,8,30112,2,4,0,ok-sos001,2020,Alna,Kvinner,50-59,Antall mottakere av AAP,196
EliminatedValue,8,30112,2,5,0,ok-sos001,2020,Alna,Kvinner,60+,Antall mottakere av AAP,78
EliminatedValue,8,30113,0,0,0,ok-sos001,2020,Østensjø,Begge kjønn,Alder i alt,Antall mottakere av AAP,995
EliminatedValue,8,30113,0,1,0,ok-sos001,2020,Østensjø,Begge kjønn,Under 30,Antall mottakere av AAP,152
EliminatedValue,8,30113,0,2,0,ok-sos001,2020,Østensjø,Begge kjønn,30-39,Antall mottakere av AAP,213
EliminatedValue,8,30113,0,3,0,ok-sos001,2020,Østensjø,Begge kjønn,40-49,Antall mottakere av AAP,245
EliminatedValue,8,30113,0,4,0,ok-sos001,2020,Østensjø,Begge kjønn,50-59,Antall mottakere av AAP,271
EliminatedValue,8,30113,0,5,0,ok-sos001,2020,Østensjø,Begge kjønn,60+,Antall mottakere av AAP,114
EliminatedValue,8,30113,1,0,0,ok-sos001,2020,Østensjø,Menn,Alder i alt,Antall mottakere av AAP,421
EliminatedValue,8,30113,1,1,0,ok-sos001,2020,Østensjø,Menn,Under 30,Antall mottakere av AAP,70
EliminatedValue,8,30113,1,2,0,ok-sos001,2020,Østensjø,Menn,30-39,Antall mottakere av AAP,80
EliminatedValue,8,30113,1,3,0,ok-sos001,2020,Østensjø,Menn,40-49,Antall mottakere av AAP,91
EliminatedValue,8,30113,1,4,0,ok-sos001,2020,Østensjø,Menn,50-59,Antall mottakere av AAP,117
EliminatedValue,8,30113,1,5,0,ok-sos001,2020,Østensjø,Menn,60+,Antall mottakere av AAP,63
EliminatedValue,8,30113,2,0,0,ok-sos001,2020,Østensjø,Kvinner,Alder i alt,Antall mottakere av AAP,574
EliminatedValue,8,30113,2,1,0,ok-sos001,2020,Østensjø,Kvinner,Under 30,Antall mottakere av AAP,82
EliminatedValue,8,30113,2,2,0,ok-sos001,2020,Østensjø,Kvinner,30-39,Antall mottakere av AAP,133
EliminatedValue,8,30113,2,3,0,ok-sos001,2020,Østensjø,Kvinner,40-49,Antall mottakere av AAP,154
EliminatedValue,8,30113,2,4,0,ok-sos001,2020,Østensjø,Kvinner,50-59,Antall mottakere av AAP,154
EliminatedValue,8,30113,2,5,0,ok-sos001,2020,Østensjø,Kvinner,60+,Antall mottakere av AAP,51
EliminatedValue,8,30114,0,0,0,ok-sos001,2020,Nordstrand,Begge kjønn,Alder i alt,Antall mottakere av AAP,956
EliminatedValue,8,30114,0,1,0,ok-sos001,2020,Nordstrand,Begge kjønn,Under 30,Antall mottakere av AAP,194
EliminatedValue,8,30114,0,2,0,ok-sos001,2020,Nordstrand,Begge kjønn,30-39,Antall mottakere av AAP,199
EliminatedValue,8,30114,0,3,0,ok-sos001,2020,Nordstrand,Begge kjønn,40-49,Antall mottakere av AAP,221
EliminatedValue,8,30114,0,4,0,ok-sos001,2020,Nordstrand,Begge kjønn,50-59,Antall mottakere av AAP,231
EliminatedValue,8,30114,0,5,0,ok-sos001,2020,Nordstrand,Begge kjønn,60+,Antall mottakere av AAP,111
EliminatedValue,8,30114,1,0,0,ok-sos001,2020,Nordstrand,Menn,Alder i alt,Antall mottakere av AAP,379
EliminatedValue,8,30114,1,1,0,ok-sos001,2020,Nordstrand,Menn,Under 30,Antall mottakere av AAP,89
EliminatedValue,8,30114,1,2,0,ok-sos001,2020,Nordstrand,Menn,30-39,Antall mottakere av AAP,76
EliminatedValue,8,30114,1,3,0,ok-sos001,2020,Nordstrand,Menn,40-49,Antall mottakere av AAP,73
EliminatedValue,8,30114,1,4,0,ok-sos001,2020,Nordstrand,Menn,50-59,Antall mottakere av AAP,92
EliminatedValue,8,30114,1,5,0,ok-sos001,2020,Nordstrand,Menn,60+,Antall mottakere av AAP,49
EliminatedValue,8,30114,2,0,0,ok-sos001,2020,Nordstrand,Kvinner,Alder i alt,Antall mottakere av AAP,577
EliminatedValue,8,30114,2,1,0,ok-sos001,2020,Nordstrand,Kvinner,Under 30,Antall mottakere av AAP,105
EliminatedValue,8,30114,2,2,0,ok-sos001,2020,Nordstrand,Kvinner,30-39,Antall mottakere av AAP,123
EliminatedValue,8,30114,2,3,0,ok-sos001,2020,Nordstrand,Kvinner,40-49,Antall mottakere av AAP,148
EliminatedValue,8,30114,2,4,0,ok-sos001,2020,Nordstrand,Kvinner,50-59,Antall mottakere av AAP,139
EliminatedValue,8,30114,2,5,0,ok-sos001,2020,Nordstrand,Kvinner,60+,Antall mottakere av AAP,62
EliminatedValue,8,30115,0,0,0,ok-sos001,2020,Søndre Nordstrand,Begge kjønn,Alder i alt,Antall mottakere av AAP,1144
EliminatedValue,8,30115,0,1,0,ok-sos001,2020,Søndre Nordstrand,Begge kjønn,Under 30,Antall mottakere av AAP,155
EliminatedValue,8,30115,0,2,0,ok-sos001,2020,Søndre Nordstrand,Begge kjønn,30-39,Antall mottakere av AAP,240
EliminatedValue,8,30115,0,3,0,ok-sos001,2020,Søndre Nordstrand,Begge kjønn,40-49,Antall mottakere av AAP,311
EliminatedValue,8,30115,0,4,0,ok-sos001,2020,Søndre Nordstrand,Begge kjønn,50-59,Antall mottakere av AAP,297
EliminatedValue,8,30115,0,5,0,ok-sos001,2020,Søndre Nordstrand,Begge kjønn,60+,Antall mottakere av AAP,141
EliminatedValue,8,30115,1,0,0,ok-sos001,2020,Søndre Nordstrand,Menn,Alder i alt,Antall mottakere av AAP,502
EliminatedValue,8,30115,1,1,0,ok-sos001,2020,Søndre Nordstrand,Menn,Under 30,Antall mottakere av AAP,91
EliminatedValue,8,30115,1,2,0,ok-sos001,2020,Søndre Nordstrand,Menn,30-39,Antall mottakere av AAP,100
EliminatedValue,8,30115,1,3,0,ok-sos001,2020,Søndre Nordstrand,Menn,40-49,Antall mottakere av AAP,120
EliminatedValue,8,30115,1,4,0,ok-sos001,2020,Søndre Nordstrand,Menn,50-59,Antall mottakere av AAP,120
EliminatedValue,8,30115,1,5,0,ok-sos001,2020,Søndre Nordstrand,Menn,60+,Antall mottakere av AAP,71
EliminatedValue,8,30115,2,0,0,ok-sos001,2020,Søndre Nordstrand,Kvinner,Alder i alt,Antall mottakere av AAP,642
EliminatedValue,8,30115,2,1,0,ok-sos001,2020,Søndre Nordstrand,Kvinner,Under 30,Antall mottakere av AAP,64
EliminatedValue,8,30115,2,2,0,ok-sos001,2020,Søndre Nordstrand,Kvinner,30-39,Antall mottakere av AAP,140
EliminatedValue,8,30115,2,3,0,ok-sos001,2020,Søndre Nordstrand,Kvinner,40-49,Antall mottakere av AAP,191
EliminatedValue,8,30115,2,4,0,ok-sos001,2020,Søndre Nordstrand,Kvinner,50-59,Antall mottakere av AAP,177
EliminatedValue,8,30115,2,5,0,ok-sos001,2020,Søndre Nordstrand,Kvinner,60+,Antall mottakere av AAP,70
EliminatedValue,8,30116,0,0,0,ok-sos001,2020,Sentrum,Begge kjønn,Alder i alt,Antall mottakere av AAP,23
EliminatedValue,8,30116,0,1,0,ok-sos001,2020,Sentrum,Begge kjønn,Under 30,Antall mottakere av AAP,7
EliminatedValue,8,30116,0,2,0,ok-sos001,2020,Sentrum,Begge kjønn,30-39,Antall mottakere av AAP,11
EliminatedValue,8,30116,0,3,0,ok-sos001,2020,Sentrum,Begge kjønn,40-49,Antall mottakere av AAP,5
EliminatedValue,8,30116,0,4,0,ok-sos001,2020,Sentrum,Begge kjønn,50-59,Antall mottakere av AAP,
EliminatedValue,8,30116,0,5,0,ok-sos001,2020,Sentrum,Begge kjønn,60+,Antall mottakere av AAP,
EliminatedValue,8,30116,1,0,0,ok-sos001,2020,Sentrum,Menn,Alder i alt,Antall mottakere av AAP,12
EliminatedValue,8,30116,1,1,0,ok-sos001,2020,Sentrum,Menn,Under 30,Antall mottakere av AAP,
EliminatedValue,8,30116,1,2,0,ok-sos001,2020,Sentrum,Menn,30-39,Antall mottakere av AAP,7
EliminatedValue,8,30116,1,3,0,ok-sos001,2020,Sentrum,Menn,40-49,Antall mottakere av AAP,5
EliminatedValue,8,30116,1,4,0,ok-sos001,2020,Sentrum,Menn,50-59,Antall mottakere av AAP,
EliminatedValue,8,30116,1,5,0,ok-sos001,2020,Sentrum,Menn,60+,Antall mottakere av AAP,
EliminatedValue,8,30116,2,0,0,ok-sos001,2020,Sentrum,Kvinner,Alder i alt,Antall mottakere av AAP,11
EliminatedValue,8,30116,2,1,0,ok-sos001,2020,Sentrum,Kvinner,Under 30,Antall mottakere av AAP,7
EliminatedValue,8,30116,2,2,0,ok-sos001,2020,Sentrum,Kvinner,30-39,Antall mottakere av AAP,4
EliminatedValue,8,30116,2,3,0,ok-sos001,2020,Sentrum,Kvinner,40-49,Antall mottakere av AAP,
EliminatedValue,8,30116,2,4,0,ok-sos001,2020,Sentrum,Kvinner,50-59,Antall mottakere av AAP,
EliminatedValue,8,30116,2,5,0,ok-sos001,2020,Sentrum,Kvinner,60+,Antall mottakere av AAP,
EliminatedValue,8,30117,0,0,0,ok-sos001,2020,Marka,Begge kjønn,Alder i alt,Antall mottakere av AAP,
EliminatedValue,8,30117,0,1,0,ok-sos001,2020,Marka,Begge kjønn,Under 30,Antall mottakere av AAP,
EliminatedValue,8,30117,0,2,0,ok-sos001,2020,Marka,Begge kjønn,30-39,Antall mottakere av AAP,
EliminatedValue,8,30117,0,3,0,ok-sos001,2020,Marka,Begge kjønn,40-49,Antall mottakere av AAP,
EliminatedValue,8,30117,0,4,0,ok-sos001,2020,Marka,Begge kjønn,50-59,Antall mottakere av AAP,
EliminatedValue,8,30117,0,5,0,ok-sos001,2020,Marka,Begge kjønn,60+,Antall mottakere av AAP,
EliminatedValue,8,30117,1,0,0,ok-sos001,2020,Marka,Menn,Alder i alt,Antall mottakere av AAP,
EliminatedValue,8,30117,1,1,0,ok-sos001,2020,Marka,Menn,Under 30,Antall mottakere av AAP,
EliminatedValue,8,30117,1,2,0,ok-sos001,2020,Marka,Menn,30-39,Antall mottakere av AAP,
EliminatedValue,8,30117,1,3,0,ok-sos001,2020,Marka,Menn,40-49,Antall mottakere av AAP,
EliminatedValue,8,30117,1,4,0,ok-sos001,2020,Marka,Menn,50-59,Antall mottakere av AAP,
EliminatedValue,8,30117,1,5,0,ok-sos001,2020,Marka,Menn,60+,Antall mottakere av AAP,
EliminatedValue,8,30117,2,0,0,ok-sos001,2020,Marka,Kvinner,Alder i alt,Antall mottakere av AAP,
EliminatedValue,8,30117,2,1,0,ok-sos001,2020,Marka,Kvinner,Under 30,Antall mottakere av AAP,
EliminatedValue,8,30117,2,2,0,ok-sos001,2020,Marka,Kvinner,30-39,Antall mottakere av AAP,
EliminatedValue,8,30117,2,3,0,ok-sos001,2020,Marka,Kvinner,40-49,Antall mottakere av AAP,
EliminatedValue,8,30117,2,4,0,ok-sos001,2020,Marka,Kvinner,50-59,Antall mottakere av AAP,
EliminatedValue,8,30117,2,5,0,ok-sos001,2020,Marka,Kvinner,60+,Antall mottakere av AAP,
EliminatedValue,9,301,0,0,0,ok-sos001,2021,Oslo i alt,Begge kjønn,Alder i alt,Antall mottakere av AAP,15803
EliminatedValue,9,301,0,1,0,ok-sos001,2021,Oslo i alt,Begge kjønn,Under 30,Antall mottakere av AAP,2891
EliminatedValue,9,301,0,2,0,ok-sos001,2021,Oslo i alt,Begge kjønn,30-39,Antall mottakere av AAP,3779
EliminatedValue,9,301,0,3,0,ok-sos001,2021,Oslo i alt,Begge kjønn,40-49,Antall mottakere av AAP,3912
EliminatedValue,9,301,0,4,0,ok-sos001,2021,Oslo i alt,Begge kjønn,50-59,Antall mottakere av AAP,3688
EliminatedValue,9,301,0,5,0,ok-sos001,2021,Oslo i alt,Begge kjønn,60+,Antall mottakere av AAP,1533
EliminatedValue,9,301,1,0,0,ok-sos001,2021,Oslo i alt,Menn,Alder i alt,Antall mottakere av AAP,6940
EliminatedValue,9,301,1,1,0,ok-sos001,2021,Oslo i alt,Menn,Under 30,Antall mottakere av AAP,1264
EliminatedValue,9,301,1,2,0,ok-sos001,2021,Oslo i alt,Menn,30-39,Antall mottakere av AAP,1587
EliminatedValue,9,301,1,3,0,ok-sos001,2021,Oslo i alt,Menn,40-49,Antall mottakere av AAP,1630
EliminatedValue,9,301,1,4,0,ok-sos001,2021,Oslo i alt,Menn,50-59,Antall mottakere av AAP,1661
EliminatedValue,9,301,1,5,0,ok-sos001,2021,Oslo i alt,Menn,60+,Antall mottakere av AAP,798
EliminatedValue,9,301,2,0,0,ok-sos001,2021,Oslo i alt,Kvinner,Alder i alt,Antall mottakere av AAP,8863
EliminatedValue,9,301,2,1,0,ok-sos001,2021,Oslo i alt,Kvinner,Under 30,Antall mottakere av AAP,1627
EliminatedValue,9,301,2,2,0,ok-sos001,2021,Oslo i alt,Kvinner,30-39,Antall mottakere av AAP,2192
EliminatedValue,9,301,2,3,0,ok-sos001,2021,Oslo i alt,Kvinner,40-49,Antall mottakere av AAP,2282
EliminatedValue,9,301,2,4,0,ok-sos001,2021,Oslo i alt,Kvinner,50-59,Antall mottakere av AAP,2027
EliminatedValue,9,301,2,5,0,ok-sos001,2021,Oslo i alt,Kvinner,60+,Antall mottakere av AAP,735
EliminatedValue,9,30101,0,0,0,ok-sos001,2021,Gamle Oslo,Begge kjønn,Alder i alt,Antall mottakere av AAP,1496
EliminatedValue,9,30101,0,1,0,ok-sos001,2021,Gamle Oslo,Begge kjønn,Under 30,Antall mottakere av AAP,265
EliminatedValue,9,30101,0,2,0,ok-sos001,2021,Gamle Oslo,Begge kjønn,30-39,Antall mottakere av AAP,396
EliminatedValue,9,30101,0,3,0,ok-sos001,2021,Gamle Oslo,Begge kjønn,40-49,Antall mottakere av AAP,394
EliminatedValue,9,30101,0,4,0,ok-sos001,2021,Gamle Oslo,Begge kjønn,50-59,Antall mottakere av AAP,326
EliminatedValue,9,30101,0,5,0,ok-sos001,2021,Gamle Oslo,Begge kjønn,60+,Antall mottakere av AAP,115
EliminatedValue,9,30101,1,0,0,ok-sos001,2021,Gamle Oslo,Menn,Alder i alt,Antall mottakere av AAP,671
EliminatedValue,9,30101,1,1,0,ok-sos001,2021,Gamle Oslo,Menn,Under 30,Antall mottakere av AAP,101
EliminatedValue,9,30101,1,2,0,ok-sos001,2021,Gamle Oslo,Menn,30-39,Antall mottakere av AAP,170
EliminatedValue,9,30101,1,3,0,ok-sos001,2021,Gamle Oslo,Menn,40-49,Antall mottakere av AAP,177
EliminatedValue,9,30101,1,4,0,ok-sos001,2021,Gamle Oslo,Menn,50-59,Antall mottakere av AAP,158
EliminatedValue,9,30101,1,5,0,ok-sos001,2021,Gamle Oslo,Menn,60+,Antall mottakere av AAP,65
EliminatedValue,9,30101,2,0,0,ok-sos001,2021,Gamle Oslo,Kvinner,Alder i alt,Antall mottakere av AAP,825
EliminatedValue,9,30101,2,1,0,ok-sos001,2021,Gamle Oslo,Kvinner,Under 30,Antall mottakere av AAP,164
EliminatedValue,9,30101,2,2,0,ok-sos001,2021,Gamle Oslo,Kvinner,30-39,Antall mottakere av AAP,226
EliminatedValue,9,30101,2,3,0,ok-sos001,2021,Gamle Oslo,Kvinner,40-49,Antall mottakere av AAP,217
EliminatedValue,9,30101,2,4,0,ok-sos001,2021,Gamle Oslo,Kvinner,50-59,Antall mottakere av AAP,168
EliminatedValue,9,30101,2,5,0,ok-sos001,2021,Gamle Oslo,Kvinner,60+,Antall mottakere av AAP,50
EliminatedValue,9,30102,0,0,0,ok-sos001,2021,Grünerløkka,Begge kjønn,Alder i alt,Antall mottakere av AAP,1349
EliminatedValue,9,30102,0,1,0,ok-sos001,2021,Grünerløkka,Begge kjønn,Under 30,Antall mottakere av AAP,303
EliminatedValue,9,30102,0,2,0,ok-sos001,2021,Grünerløkka,Begge kjønn,30-39,Antall mottakere av AAP,405
EliminatedValue,9,30102,0,3,0,ok-sos001,2021,Grünerløkka,Begge kjønn,40-49,Antall mottakere av AAP,316
EliminatedValue,9,30102,0,4,0,ok-sos001,2021,Grünerløkka,Begge kjønn,50-59,Antall mottakere av AAP,230
EliminatedValue,9,30102,0,5,0,ok-sos001,2021,Grünerløkka,Begge kjønn,60+,Antall mottakere av AAP,95
EliminatedValue,9,30102,1,0,0,ok-sos001,2021,Grünerløkka,Menn,Alder i alt,Antall mottakere av AAP,633
EliminatedValue,9,30102,1,1,0,ok-sos001,2021,Grünerløkka,Menn,Under 30,Antall mottakere av AAP,116
EliminatedValue,9,30102,1,2,0,ok-sos001,2021,Grünerløkka,Menn,30-39,Antall mottakere av AAP,171
EliminatedValue,9,30102,1,3,0,ok-sos001,2021,Grünerløkka,Menn,40-49,Antall mottakere av AAP,162
EliminatedValue,9,30102,1,4,0,ok-sos001,2021,Grünerløkka,Menn,50-59,Antall mottakere av AAP,129
EliminatedValue,9,30102,1,5,0,ok-sos001,2021,Grünerløkka,Menn,60+,Antall mottakere av AAP,55
EliminatedValue,9,30102,2,0,0,ok-sos001,2021,Grünerløkka,Kvinner,Alder i alt,Antall mottakere av AAP,716
EliminatedValue,9,30102,2,1,0,ok-sos001,2021,Grünerløkka,Kvinner,Under 30,Antall mottakere av AAP,187
EliminatedValue,9,30102,2,2,0,ok-sos001,2021,Grünerløkka,Kvinner,30-39,Antall mottakere av AAP,234
EliminatedValue,9,30102,2,3,0,ok-sos001,2021,Grünerløkka,Kvinner,40-49,Antall mottakere av AAP,154
EliminatedValue,9,30102,2,4,0,ok-sos001,2021,Grünerløkka,Kvinner,50-59,Antall mottakere av AAP,101
EliminatedValue,9,30102,2,5,0,ok-sos001,2021,Grünerløkka,Kvinner,60+,Antall mottakere av AAP,40
EliminatedValue,9,30103,0,0,0,ok-sos001,2021,Sagene,Begge kjønn,Alder i alt,Antall mottakere av AAP,1011
EliminatedValue,9,30103,0,1,0,ok-sos001,2021,Sagene,Begge kjønn,Under 30,Antall mottakere av AAP,244
EliminatedValue,9,30103,0,2,0,ok-sos001,2021,Sagene,Begge kjønn,30-39,Antall mottakere av AAP,291
EliminatedValue,9,30103,0,3,0,ok-sos001,2021,Sagene,Begge kjønn,40-49,Antall mottakere av AAP,241
EliminatedValue,9,30103,0,4,0,ok-sos001,2021,Sagene,Begge kjønn,50-59,Antall mottakere av AAP,169
EliminatedValue,9,30103,0,5,0,ok-sos001,2021,Sagene,Begge kjønn,60+,Antall mottakere av AAP,66
EliminatedValue,9,30103,1,0,0,ok-sos001,2021,Sagene,Menn,Alder i alt,Antall mottakere av AAP,432
EliminatedValue,9,30103,1,1,0,ok-sos001,2021,Sagene,Menn,Under 30,Antall mottakere av AAP,85
EliminatedValue,9,30103,1,2,0,ok-sos001,2021,Sagene,Menn,30-39,Antall mottakere av AAP,123
EliminatedValue,9,30103,1,3,0,ok-sos001,2021,Sagene,Menn,40-49,Antall mottakere av AAP,112
EliminatedValue,9,30103,1,4,0,ok-sos001,2021,Sagene,Menn,50-59,Antall mottakere av AAP,83
EliminatedValue,9,30103,1,5,0,ok-sos001,2021,Sagene,Menn,60+,Antall mottakere av AAP,29
EliminatedValue,9,30103,2,0,0,ok-sos001,2021,Sagene,Kvinner,Alder i alt,Antall mottakere av AAP,579
EliminatedValue,9,30103,2,1,0,ok-sos001,2021,Sagene,Kvinner,Under 30,Antall mottakere av AAP,159
EliminatedValue,9,30103,2,2,0,ok-sos001,2021,Sagene,Kvinner,30-39,Antall mottakere av AAP,168
EliminatedValue,9,30103,2,3,0,ok-sos001,2021,Sagene,Kvinner,40-49,Antall mottakere av AAP,129
EliminatedValue,9,30103,2,4,0,ok-sos001,2021,Sagene,Kvinner,50-59,Antall mottakere av AAP,86
EliminatedValue,9,30103,2,5,0,ok-sos001,2021,Sagene,Kvinner,60+,Antall mottakere av AAP,37
EliminatedValue,9,30104,0,0,0,ok-sos001,2021,St. Hanshaugen,Begge kjønn,Alder i alt,Antall mottakere av AAP,907
EliminatedValue,9,30104,0,1,0,ok-sos001,2021,St. Hanshaugen,Begge kjønn,Under 30,Antall mottakere av AAP,297
EliminatedValue,9,30104,0,2,0,ok-sos001,2021,St. Hanshaugen,Begge kjønn,30-39,Antall mottakere av AAP,260
EliminatedValue,9,30104,0,3,0,ok-sos001,2021,St. Hanshaugen,Begge kjønn,40-49,Antall mottakere av AAP,165
EliminatedValue,9,30104,0,4,0,ok-sos001,2021,St. Hanshaugen,Begge kjønn,50-59,Antall mottakere av AAP,130
EliminatedValue,9,30104,0,5,0,ok-sos001,2021,St. Hanshaugen,Begge kjønn,60+,Antall mottakere av AAP,55
EliminatedValue,9,30104,1,0,0,ok-sos001,2021,St. Hanshaugen,Menn,Alder i alt,Antall mottakere av AAP,384
EliminatedValue,9,30104,1,1,0,ok-sos001,2021,St. Hanshaugen,Menn,Under 30,Antall mottakere av AAP,112
EliminatedValue,9,30104,1,2,0,ok-sos001,2021,St. Hanshaugen,Menn,30-39,Antall mottakere av AAP,115
EliminatedValue,9,30104,1,3,0,ok-sos001,2021,St. Hanshaugen,Menn,40-49,Antall mottakere av AAP,78
EliminatedValue,9,30104,1,4,0,ok-sos001,2021,St. Hanshaugen,Menn,50-59,Antall mottakere av AAP,58
EliminatedValue,9,30104,1,5,0,ok-sos001,2021,St. Hanshaugen,Menn,60+,Antall mottakere av AAP,21
EliminatedValue,9,30104,2,0,0,ok-sos001,2021,St. Hanshaugen,Kvinner,Alder i alt,Antall mottakere av AAP,523
EliminatedValue,9,30104,2,1,0,ok-sos001,2021,St. Hanshaugen,Kvinner,Under 30,Antall mottakere av AAP,185
EliminatedValue,9,30104,2,2,0,ok-sos001,2021,St. Hanshaugen,Kvinner,30-39,Antall mottakere av AAP,145
EliminatedValue,9,30104,2,3,0,ok-sos001,2021,St. Hanshaugen,Kvinner,40-49,Antall mottakere av AAP,87
EliminatedValue,9,30104,2,4,0,ok-sos001,2021,St. Hanshaugen,Kvinner,50-59,Antall mottakere av AAP,72
EliminatedValue,9,30104,2,5,0,ok-sos001,2021,St. Hanshaugen,Kvinner,60+,Antall mottakere av AAP,34
EliminatedValue,9,30105,0,0,0,ok-sos001,2021,Frogner,Begge kjønn,Alder i alt,Antall mottakere av AAP,1199
EliminatedValue,9,30105,0,1,0,ok-sos001,2021,Frogner,Begge kjønn,Under 30,Antall mottakere av AAP,269
EliminatedValue,9,30105,0,2,0,ok-sos001,2021,Frogner,Begge kjønn,30-39,Antall mottakere av AAP,311
EliminatedValue,9,30105,0,3,0,ok-sos001,2021,Frogner,Begge kjønn,40-49,Antall mottakere av AAP,252
EliminatedValue,9,30105,0,4,0,ok-sos001,2021,Frogner,Begge kjønn,50-59,Antall mottakere av AAP,257
EliminatedValue,9,30105,0,5,0,ok-sos001,2021,Frogner,Begge kjønn,60+,Antall mottakere av AAP,110
EliminatedValue,9,30105,1,0,0,ok-sos001,2021,Frogner,Menn,Alder i alt,Antall mottakere av AAP,519
EliminatedValue,9,30105,1,1,0,ok-sos001,2021,Frogner,Menn,Under 30,Antall mottakere av AAP,95
EliminatedValue,9,30105,1,2,0,ok-sos001,2021,Frogner,Menn,30-39,Antall mottakere av AAP,129
EliminatedValue,9,30105,1,3,0,ok-sos001,2021,Frogner,Menn,40-49,Antall mottakere av AAP,115
EliminatedValue,9,30105,1,4,0,ok-sos001,2021,Frogner,Menn,50-59,Antall mottakere av AAP,125
EliminatedValue,9,30105,1,5,0,ok-sos001,2021,Frogner,Menn,60+,Antall mottakere av AAP,55
EliminatedValue,9,30105,2,0,0,ok-sos001,2021,Frogner,Kvinner,Alder i alt,Antall mottakere av AAP,680
EliminatedValue,9,30105,2,1,0,ok-sos001,2021,Frogner,Kvinner,Under 30,Antall mottakere av AAP,174
EliminatedValue,9,30105,2,2,0,ok-sos001,2021,Frogner,Kvinner,30-39,Antall mottakere av AAP,182
EliminatedValue,9,30105,2,3,0,ok-sos001,2021,Frogner,Kvinner,40-49,Antall mottakere av AAP,137
EliminatedValue,9,30105,2,4,0,ok-sos001,2021,Frogner,Kvinner,50-59,Antall mottakere av AAP,132
EliminatedValue,9,30105,2,5,0,ok-sos001,2021,Frogner,Kvinner,60+,Antall mottakere av AAP,55
EliminatedValue,9,30106,0,0,0,ok-sos001,2021,Ullern,Begge kjønn,Alder i alt,Antall mottakere av AAP,524
EliminatedValue,9,30106,0,1,0,ok-sos001,2021,Ullern,Begge kjønn,Under 30,Antall mottakere av AAP,73
EliminatedValue,9,30106,0,2,0,ok-sos001,2021,Ullern,Begge kjønn,30-39,Antall mottakere av AAP,124
EliminatedValue,9,30106,0,3,0,ok-sos001,2021,Ullern,Begge kjønn,40-49,Antall mottakere av AAP,119
EliminatedValue,9,30106,0,4,0,ok-sos001,2021,Ullern,Begge kjønn,50-59,Antall mottakere av AAP,142
EliminatedValue,9,30106,0,5,0,ok-sos001,2021,Ullern,Begge kjønn,60+,Antall mottakere av AAP,66
EliminatedValue,9,30106,1,0,0,ok-sos001,2021,Ullern,Menn,Alder i alt,Antall mottakere av AAP,222
EliminatedValue,9,30106,1,1,0,ok-sos001,2021,Ullern,Menn,Under 30,Antall mottakere av AAP,33
EliminatedValue,9,30106,1,2,0,ok-sos001,2021,Ullern,Menn,30-39,Antall mottakere av AAP,51
EliminatedValue,9,30106,1,3,0,ok-sos001,2021,Ullern,Menn,40-49,Antall mottakere av AAP,39
EliminatedValue,9,30106,1,4,0,ok-sos001,2021,Ullern,Menn,50-59,Antall mottakere av AAP,63
EliminatedValue,9,30106,1,5,0,ok-sos001,2021,Ullern,Menn,60+,Antall mottakere av AAP,36
EliminatedValue,9,30106,2,0,0,ok-sos001,2021,Ullern,Kvinner,Alder i alt,Antall mottakere av AAP,302
EliminatedValue,9,30106,2,1,0,ok-sos001,2021,Ullern,Kvinner,Under 30,Antall mottakere av AAP,40
EliminatedValue,9,30106,2,2,0,ok-sos001,2021,Ullern,Kvinner,30-39,Antall mottakere av AAP,73
EliminatedValue,9,30106,2,3,0,ok-sos001,2021,Ullern,Kvinner,40-49,Antall mottakere av AAP,80
EliminatedValue,9,30106,2,4,0,ok-sos001,2021,Ullern,Kvinner,50-59,Antall mottakere av AAP,79
EliminatedValue,9,30106,2,5,0,ok-sos001,2021,Ullern,Kvinner,60+,Antall mottakere av AAP,30
EliminatedValue,9,30107,0,0,0,ok-sos001,2021,Vestre Aker,Begge kjønn,Alder i alt,Antall mottakere av AAP,740
EliminatedValue,9,30107,0,1,0,ok-sos001,2021,Vestre Aker,Begge kjønn,Under 30,Antall mottakere av AAP,126
EliminatedValue,9,30107,0,2,0,ok-sos001,2021,Vestre Aker,Begge kjønn,30-39,Antall mottakere av AAP,145
EliminatedValue,9,30107,0,3,0,ok-sos001,2021,Vestre Aker,Begge kjønn,40-49,Antall mottakere av AAP,169
EliminatedValue,9,30107,0,4,0,ok-sos001,2021,Vestre Aker,Begge kjønn,50-59,Antall mottakere av AAP,208
EliminatedValue,9,30107,0,5,0,ok-sos001,2021,Vestre Aker,Begge kjønn,60+,Antall mottakere av AAP,92
EliminatedValue,9,30107,1,0,0,ok-sos001,2021,Vestre Aker,Menn,Alder i alt,Antall mottakere av AAP,283
EliminatedValue,9,30107,1,1,0,ok-sos001,2021,Vestre Aker,Menn,Under 30,Antall mottakere av AAP,59
EliminatedValue,9,30107,1,2,0,ok-sos001,2021,Vestre Aker,Menn,30-39,Antall mottakere av AAP,58
EliminatedValue,9,30107,1,3,0,ok-sos001,2021,Vestre Aker,Menn,40-49,Antall mottakere av AAP,54
EliminatedValue,9,30107,1,4,0,ok-sos001,2021,Vestre Aker,Menn,50-59,Antall mottakere av AAP,76
EliminatedValue,9,30107,1,5,0,ok-sos001,2021,Vestre Aker,Menn,60+,Antall mottakere av AAP,36
EliminatedValue,9,30107,2,0,0,ok-sos001,2021,Vestre Aker,Kvinner,Alder i alt,Antall mottakere av AAP,457
EliminatedValue,9,30107,2,1,0,ok-sos001,2021,Vestre Aker,Kvinner,Under 30,Antall mottakere av AAP,67
EliminatedValue,9,30107,2,2,0,ok-sos001,2021,Vestre Aker,Kvinner,30-39,Antall mottakere av AAP,87
EliminatedValue,9,30107,2,3,0,ok-sos001,2021,Vestre Aker,Kvinner,40-49,Antall mottakere av AAP,115
EliminatedValue,9,30107,2,4,0,ok-sos001,2021,Vestre Aker,Kvinner,50-59,Antall mottakere av AAP,132
EliminatedValue,9,30107,2,5,0,ok-sos001,2021,Vestre Aker,Kvinner,60+,Antall mottakere av AAP,56
EliminatedValue,9,30108,0,0,0,ok-sos001,2021,Nordre Aker,Begge kjønn,Alder i alt,Antall mottakere av AAP,862
EliminatedValue,9,30108,0,1,0,ok-sos001,2021,Nordre Aker,Begge kjønn,Under 30,Antall mottakere av AAP,199
EliminatedValue,9,30108,0,2,0,ok-sos001,2021,Nordre Aker,Begge kjønn,30-39,Antall mottakere av AAP,201
EliminatedValue,9,30108,0,3,0,ok-sos001,2021,Nordre Aker,Begge kjønn,40-49,Antall mottakere av AAP,191
EliminatedValue,9,30108,0,4,0,ok-sos001,2021,Nordre Aker,Begge kjønn,50-59,Antall mottakere av AAP,180
EliminatedValue,9,30108,0,5,0,ok-sos001,2021,Nordre Aker,Begge kjønn,60+,Antall mottakere av AAP,91
EliminatedValue,9,30108,1,0,0,ok-sos001,2021,Nordre Aker,Menn,Alder i alt,Antall mottakere av AAP,340
EliminatedValue,9,30108,1,1,0,ok-sos001,2021,Nordre Aker,Menn,Under 30,Antall mottakere av AAP,83
EliminatedValue,9,30108,1,2,0,ok-sos001,2021,Nordre Aker,Menn,30-39,Antall mottakere av AAP,77
EliminatedValue,9,30108,1,3,0,ok-sos001,2021,Nordre Aker,Menn,40-49,Antall mottakere av AAP,66
EliminatedValue,9,30108,1,4,0,ok-sos001,2021,Nordre Aker,Menn,50-59,Antall mottakere av AAP,71
EliminatedValue,9,30108,1,5,0,ok-sos001,2021,Nordre Aker,Menn,60+,Antall mottakere av AAP,43
EliminatedValue,9,30108,2,0,0,ok-sos001,2021,Nordre Aker,Kvinner,Alder i alt,Antall mottakere av AAP,522
EliminatedValue,9,30108,2,1,0,ok-sos001,2021,Nordre Aker,Kvinner,Under 30,Antall mottakere av AAP,116
EliminatedValue,9,30108,2,2,0,ok-sos001,2021,Nordre Aker,Kvinner,30-39,Antall mottakere av AAP,124
EliminatedValue,9,30108,2,3,0,ok-sos001,2021,Nordre Aker,Kvinner,40-49,Antall mottakere av AAP,125
EliminatedValue,9,30108,2,4,0,ok-sos001,2021,Nordre Aker,Kvinner,50-59,Antall mottakere av AAP,109
EliminatedValue,9,30108,2,5,0,ok-sos001,2021,Nordre Aker,Kvinner,60+,Antall mottakere av AAP,48
EliminatedValue,9,30109,0,0,0,ok-sos001,2021,Bjerke,Begge kjønn,Alder i alt,Antall mottakere av AAP,852
EliminatedValue,9,30109,0,1,0,ok-sos001,2021,Bjerke,Begge kjønn,Under 30,Antall mottakere av AAP,110
EliminatedValue,9,30109,0,2,0,ok-sos001,2021,Bjerke,Begge kjønn,30-39,Antall mottakere av AAP,205
EliminatedValue,9,30109,0,3,0,ok-sos001,2021,Bjerke,Begge kjønn,40-49,Antall mottakere av AAP,244
EliminatedValue,9,30109,0,4,0,ok-sos001,2021,Bjerke,Begge kjønn,50-59,Antall mottakere av AAP,217
EliminatedValue,9,30109,0,5,0,ok-sos001,2021,Bjerke,Begge kjønn,60+,Antall mottakere av AAP,76
EliminatedValue,9,30109,1,0,0,ok-sos001,2021,Bjerke,Menn,Alder i alt,Antall mottakere av AAP,391
EliminatedValue,9,30109,1,1,0,ok-sos001,2021,Bjerke,Menn,Under 30,Antall mottakere av AAP,55
EliminatedValue,9,30109,1,2,0,ok-sos001,2021,Bjerke,Menn,30-39,Antall mottakere av AAP,92
EliminatedValue,9,30109,1,3,0,ok-sos001,2021,Bjerke,Menn,40-49,Antall mottakere av AAP,95
EliminatedValue,9,30109,1,4,0,ok-sos001,2021,Bjerke,Menn,50-59,Antall mottakere av AAP,103
EliminatedValue,9,30109,1,5,0,ok-sos001,2021,Bjerke,Menn,60+,Antall mottakere av AAP,46
EliminatedValue,9,30109,2,0,0,ok-sos001,2021,Bjerke,Kvinner,Alder i alt,Antall mottakere av AAP,461
EliminatedValue,9,30109,2,1,0,ok-sos001,2021,Bjerke,Kvinner,Under 30,Antall mottakere av AAP,55
EliminatedValue,9,30109,2,2,0,ok-sos001,2021,Bjerke,Kvinner,30-39,Antall mottakere av AAP,113
EliminatedValue,9,30109,2,3,0,ok-sos001,2021,Bjerke,Kvinner,40-49,Antall mottakere av AAP,149
EliminatedValue,9,30109,2,4,0,ok-sos001,2021,Bjerke,Kvinner,50-59,Antall mottakere av AAP,114
EliminatedValue,9,30109,2,5,0,ok-sos001,2021,Bjerke,Kvinner,60+,Antall mottakere av AAP,30
EliminatedValue,9,30110,0,0,0,ok-sos001,2021,Grorud,Begge kjønn,Alder i alt,Antall mottakere av AAP,828
EliminatedValue,9,30110,0,1,0,ok-sos001,2021,Grorud,Begge kjønn,Under 30,Antall mottakere av AAP,115
EliminatedValue,9,30110,0,2,0,ok-sos001,2021,Grorud,Begge kjønn,30-39,Antall mottakere av AAP,191
EliminatedValue,9,30110,0,3,0,ok-sos001,2021,Grorud,Begge kjønn,40-49,Antall mottakere av AAP,222
EliminatedValue,9,30110,0,4,0,ok-sos001,2021,Grorud,Begge kjønn,50-59,Antall mottakere av AAP,216
EliminatedValue,9,30110,0,5,0,ok-sos001,2021,Grorud,Begge kjønn,60+,Antall mottakere av AAP,84
EliminatedValue,9,30110,1,0,0,ok-sos001,2021,Grorud,Menn,Alder i alt,Antall mottakere av AAP,379
EliminatedValue,9,30110,1,1,0,ok-sos001,2021,Grorud,Menn,Under 30,Antall mottakere av AAP,59
EliminatedValue,9,30110,1,2,0,ok-sos001,2021,Grorud,Menn,30-39,Antall mottakere av AAP,77
EliminatedValue,9,30110,1,3,0,ok-sos001,2021,Grorud,Menn,40-49,Antall mottakere av AAP,97
EliminatedValue,9,30110,1,4,0,ok-sos001,2021,Grorud,Menn,50-59,Antall mottakere av AAP,99
EliminatedValue,9,30110,1,5,0,ok-sos001,2021,Grorud,Menn,60+,Antall mottakere av AAP,47
EliminatedValue,9,30110,2,0,0,ok-sos001,2021,Grorud,Kvinner,Alder i alt,Antall mottakere av AAP,449
EliminatedValue,9,30110,2,1,0,ok-sos001,2021,Grorud,Kvinner,Under 30,Antall mottakere av AAP,56
EliminatedValue,9,30110,2,2,0,ok-sos001,2021,Grorud,Kvinner,30-39,Antall mottakere av AAP,114
EliminatedValue,9,30110,2,3,0,ok-sos001,2021,Grorud,Kvinner,40-49,Antall mottakere av AAP,125
EliminatedValue,9,30110,2,4,0,ok-sos001,2021,Grorud,Kvinner,50-59,Antall mottakere av AAP,117
EliminatedValue,9,30110,2,5,0,ok-sos001,2021,Grorud,Kvinner,60+,Antall mottakere av AAP,37
EliminatedValue,9,30111,0,0,0,ok-sos001,2021,Stovner,Begge kjønn,Alder i alt,Antall mottakere av AAP,1105
EliminatedValue,9,30111,0,1,0,ok-sos001,2021,Stovner,Begge kjønn,Under 30,Antall mottakere av AAP,147
EliminatedValue,9,30111,0,2,0,ok-sos001,2021,Stovner,Begge kjønn,30-39,Antall mottakere av AAP,202
EliminatedValue,9,30111,0,3,0,ok-sos001,2021,Stovner,Begge kjønn,40-49,Antall mottakere av AAP,313
EliminatedValue,9,30111,0,4,0,ok-sos001,2021,Stovner,Begge kjønn,50-59,Antall mottakere av AAP,338
EliminatedValue,9,30111,0,5,0,ok-sos001,2021,Stovner,Begge kjønn,60+,Antall mottakere av AAP,105
EliminatedValue,9,30111,1,0,0,ok-sos001,2021,Stovner,Menn,Alder i alt,Antall mottakere av AAP,527
EliminatedValue,9,30111,1,1,0,ok-sos001,2021,Stovner,Menn,Under 30,Antall mottakere av AAP,74
EliminatedValue,9,30111,1,2,0,ok-sos001,2021,Stovner,Menn,30-39,Antall mottakere av AAP,95
EliminatedValue,9,30111,1,3,0,ok-sos001,2021,Stovner,Menn,40-49,Antall mottakere av AAP,137
EliminatedValue,9,30111,1,4,0,ok-sos001,2021,Stovner,Menn,50-59,Antall mottakere av AAP,168
EliminatedValue,9,30111,1,5,0,ok-sos001,2021,Stovner,Menn,60+,Antall mottakere av AAP,53
EliminatedValue,9,30111,2,0,0,ok-sos001,2021,Stovner,Kvinner,Alder i alt,Antall mottakere av AAP,578
EliminatedValue,9,30111,2,1,0,ok-sos001,2021,Stovner,Kvinner,Under 30,Antall mottakere av AAP,73
EliminatedValue,9,30111,2,2,0,ok-sos001,2021,Stovner,Kvinner,30-39,Antall mottakere av AAP,107
EliminatedValue,9,30111,2,3,0,ok-sos001,2021,Stovner,Kvinner,40-49,Antall mottakere av AAP,176
EliminatedValue,9,30111,2,4,0,ok-sos001,2021,Stovner,Kvinner,50-59,Antall mottakere av AAP,170
EliminatedValue,9,30111,2,5,0,ok-sos001,2021,Stovner,Kvinner,60+,Antall mottakere av AAP,52
EliminatedValue,9,30112,0,0,0,ok-sos001,2021,Alna,Begge kjønn,Alder i alt,Antall mottakere av AAP,1684
EliminatedValue,9,30112,0,1,0,ok-sos001,2021,Alna,Begge kjønn,Under 30,Antall mottakere av AAP,230
EliminatedValue,9,30112,0,2,0,ok-sos001,2021,Alna,Begge kjønn,30-39,Antall mottakere av AAP,395
EliminatedValue,9,30112,0,3,0,ok-sos001,2021,Alna,Begge kjønn,40-49,Antall mottakere av AAP,459
EliminatedValue,9,30112,0,4,0,ok-sos001,2021,Alna,Begge kjønn,50-59,Antall mottakere av AAP,438
EliminatedValue,9,30112,0,5,0,ok-sos001,2021,Alna,Begge kjønn,60+,Antall mottakere av AAP,162
EliminatedValue,9,30112,1,0,0,ok-sos001,2021,Alna,Menn,Alder i alt,Antall mottakere av AAP,795
EliminatedValue,9,30112,1,1,0,ok-sos001,2021,Alna,Menn,Under 30,Antall mottakere av AAP,120
EliminatedValue,9,30112,1,2,0,ok-sos001,2021,Alna,Menn,30-39,Antall mottakere av AAP,178
EliminatedValue,9,30112,1,3,0,ok-sos001,2021,Alna,Menn,40-49,Antall mottakere av AAP,210
EliminatedValue,9,30112,1,4,0,ok-sos001,2021,Alna,Menn,50-59,Antall mottakere av AAP,189
EliminatedValue,9,30112,1,5,0,ok-sos001,2021,Alna,Menn,60+,Antall mottakere av AAP,98
EliminatedValue,9,30112,2,0,0,ok-sos001,2021,Alna,Kvinner,Alder i alt,Antall mottakere av AAP,889
EliminatedValue,9,30112,2,1,0,ok-sos001,2021,Alna,Kvinner,Under 30,Antall mottakere av AAP,110
EliminatedValue,9,30112,2,2,0,ok-sos001,2021,Alna,Kvinner,30-39,Antall mottakere av AAP,217
EliminatedValue,9,30112,2,3,0,ok-sos001,2021,Alna,Kvinner,40-49,Antall mottakere av AAP,249
EliminatedValue,9,30112,2,4,0,ok-sos001,2021,Alna,Kvinner,50-59,Antall mottakere av AAP,249
EliminatedValue,9,30112,2,5,0,ok-sos001,2021,Alna,Kvinner,60+,Antall mottakere av AAP,64
EliminatedValue,9,30113,0,0,0,ok-sos001,2021,Østensjø,Begge kjønn,Alder i alt,Antall mottakere av AAP,1038
EliminatedValue,9,30113,0,1,0,ok-sos001,2021,Østensjø,Begge kjønn,Under 30,Antall mottakere av AAP,156
EliminatedValue,9,30113,0,2,0,ok-sos001,2021,Østensjø,Begge kjønn,30-39,Antall mottakere av AAP,208
EliminatedValue,9,30113,0,3,0,ok-sos001,2021,Østensjø,Begge kjønn,40-49,Antall mottakere av AAP,265
EliminatedValue,9,30113,0,4,0,ok-sos001,2021,Østensjø,Begge kjønn,50-59,Antall mottakere av AAP,271
EliminatedValue,9,30113,0,5,0,ok-sos001,2021,Østensjø,Begge kjønn,60+,Antall mottakere av AAP,138
EliminatedValue,9,30113,1,0,0,ok-sos001,2021,Østensjø,Menn,Alder i alt,Antall mottakere av AAP,421
EliminatedValue,9,30113,1,1,0,ok-sos001,2021,Østensjø,Menn,Under 30,Antall mottakere av AAP,68
EliminatedValue,9,30113,1,2,0,ok-sos001,2021,Østensjø,Menn,30-39,Antall mottakere av AAP,76
EliminatedValue,9,30113,1,3,0,ok-sos001,2021,Østensjø,Menn,40-49,Antall mottakere av AAP,91
EliminatedValue,9,30113,1,4,0,ok-sos001,2021,Østensjø,Menn,50-59,Antall mottakere av AAP,106
EliminatedValue,9,30113,1,5,0,ok-sos001,2021,Østensjø,Menn,60+,Antall mottakere av AAP,80
EliminatedValue,9,30113,2,0,0,ok-sos001,2021,Østensjø,Kvinner,Alder i alt,Antall mottakere av AAP,617
EliminatedValue,9,30113,2,1,0,ok-sos001,2021,Østensjø,Kvinner,Under 30,Antall mottakere av AAP,88
EliminatedValue,9,30113,2,2,0,ok-sos001,2021,Østensjø,Kvinner,30-39,Antall mottakere av AAP,132
EliminatedValue,9,30113,2,3,0,ok-sos001,2021,Østensjø,Kvinner,40-49,Antall mottakere av AAP,174
EliminatedValue,9,30113,2,4,0,ok-sos001,2021,Østensjø,Kvinner,50-59,Antall mottakere av AAP,165
EliminatedValue,9,30113,2,5,0,ok-sos001,2021,Østensjø,Kvinner,60+,Antall mottakere av AAP,58
EliminatedValue,9,30114,0,0,0,ok-sos001,2021,Nordstrand,Begge kjønn,Alder i alt,Antall mottakere av AAP,968
EliminatedValue,9,30114,0,1,0,ok-sos001,2021,Nordstrand,Begge kjønn,Under 30,Antall mottakere av AAP,197
EliminatedValue,9,30114,0,2,0,ok-sos001,2021,Nordstrand,Begge kjønn,30-39,Antall mottakere av AAP,192
EliminatedValue,9,30114,0,3,0,ok-sos001,2021,Nordstrand,Begge kjønn,40-49,Antall mottakere av AAP,239
EliminatedValue,9,30114,0,4,0,ok-sos001,2021,Nordstrand,Begge kjønn,50-59,Antall mottakere av AAP,225
EliminatedValue,9,30114,0,5,0,ok-sos001,2021,Nordstrand,Begge kjønn,60+,Antall mottakere av AAP,115
EliminatedValue,9,30114,1,0,0,ok-sos001,2021,Nordstrand,Menn,Alder i alt,Antall mottakere av AAP,403
EliminatedValue,9,30114,1,1,0,ok-sos001,2021,Nordstrand,Menn,Under 30,Antall mottakere av AAP,101
EliminatedValue,9,30114,1,2,0,ok-sos001,2021,Nordstrand,Menn,30-39,Antall mottakere av AAP,81
EliminatedValue,9,30114,1,3,0,ok-sos001,2021,Nordstrand,Menn,40-49,Antall mottakere av AAP,75
EliminatedValue,9,30114,1,4,0,ok-sos001,2021,Nordstrand,Menn,50-59,Antall mottakere av AAP,95
EliminatedValue,9,30114,1,5,0,ok-sos001,2021,Nordstrand,Menn,60+,Antall mottakere av AAP,51
EliminatedValue,9,30114,2,0,0,ok-sos001,2021,Nordstrand,Kvinner,Alder i alt,Antall mottakere av AAP,565
EliminatedValue,9,30114,2,1,0,ok-sos001,2021,Nordstrand,Kvinner,Under 30,Antall mottakere av AAP,96
EliminatedValue,9,30114,2,2,0,ok-sos001,2021,Nordstrand,Kvinner,30-39,Antall mottakere av AAP,111
EliminatedValue,9,30114,2,3,0,ok-sos001,2021,Nordstrand,Kvinner,40-49,Antall mottakere av AAP,164
EliminatedValue,9,30114,2,4,0,ok-sos001,2021,Nordstrand,Kvinner,50-59,Antall mottakere av AAP,130
EliminatedValue,9,30114,2,5,0,ok-sos001,2021,Nordstrand,Kvinner,60+,Antall mottakere av AAP,64
EliminatedValue,9,30115,0,0,0,ok-sos001,2021,Søndre Nordstrand,Begge kjønn,Alder i alt,Antall mottakere av AAP,1211
EliminatedValue,9,30115,0,1,0,ok-sos001,2021,Søndre Nordstrand,Begge kjønn,Under 30,Antall mottakere av AAP,148
EliminatedValue,9,30115,0,2,0,ok-sos001,2021,Søndre Nordstrand,Begge kjønn,30-39,Antall mottakere av AAP,240
EliminatedValue,9,30115,0,3,0,ok-sos001,2021,Søndre Nordstrand,Begge kjønn,40-49,Antall mottakere av AAP,319
EliminatedValue,9,30115,0,4,0,ok-sos001,2021,Søndre Nordstrand,Begge kjønn,50-59,Antall mottakere av AAP,341
EliminatedValue,9,30115,0,5,0,ok-sos001,2021,Søndre Nordstrand,Begge kjønn,60+,Antall mottakere av AAP,163
EliminatedValue,9,30115,1,0,0,ok-sos001,2021,Søndre Nordstrand,Menn,Alder i alt,Antall mottakere av AAP,523
EliminatedValue,9,30115,1,1,0,ok-sos001,2021,Søndre Nordstrand,Menn,Under 30,Antall mottakere av AAP,99
EliminatedValue,9,30115,1,2,0,ok-sos001,2021,Søndre Nordstrand,Menn,30-39,Antall mottakere av AAP,85
EliminatedValue,9,30115,1,3,0,ok-sos001,2021,Søndre Nordstrand,Menn,40-49,Antall mottakere av AAP,118
EliminatedValue,9,30115,1,4,0,ok-sos001,2021,Søndre Nordstrand,Menn,50-59,Antall mottakere av AAP,138
EliminatedValue,9,30115,1,5,0,ok-sos001,2021,Søndre Nordstrand,Menn,60+,Antall mottakere av AAP,83
EliminatedValue,9,30115,2,0,0,ok-sos001,2021,Søndre Nordstrand,Kvinner,Alder i alt,Antall mottakere av AAP,688
EliminatedValue,9,30115,2,1,0,ok-sos001,2021,Søndre Nordstrand,Kvinner,Under 30,Antall mottakere av AAP,49
EliminatedValue,9,30115,2,2,0,ok-sos001,2021,Søndre Nordstrand,Kvinner,30-39,Antall mottakere av AAP,155
EliminatedValue,9,30115,2,3,0,ok-sos001,2021,Søndre Nordstrand,Kvinner,40-49,Antall mottakere av AAP,201
EliminatedValue,9,30115,2,4,0,ok-sos001,2021,Søndre Nordstrand,Kvinner,50-59,Antall mottakere av AAP,203
EliminatedValue,9,30115,2,5,0,ok-sos001,2021,Søndre Nordstrand,Kvinner,60+,Antall mottakere av AAP,80
EliminatedValue,9,30116,0,0,0,ok-sos001,2021,Sentrum,Begge kjønn,Alder i alt,Antall mottakere av AAP,29
EliminatedValue,9,30116,0,1,0,ok-sos001,2021,Sentrum,Begge kjønn,Under 30,Antall mottakere av AAP,12
EliminatedValue,9,30116,0,2,0,ok-sos001,2021,Sentrum,Begge kjønn,30-39,Antall mottakere av AAP,13
EliminatedValue,9,30116,0,3,0,ok-sos001,2021,Sentrum,Begge kjønn,40-49,Antall mottakere av AAP,4
EliminatedValue,9,30116,0,4,0,ok-sos001,2021,Sentrum,Begge kjønn,50-59,Antall mottakere av AAP,
EliminatedValue,9,30116,0,5,0,ok-sos001,2021,Sentrum,Begge kjønn,60+,Antall mottakere av AAP,
EliminatedValue,9,30116,1,0,0,ok-sos001,2021,Sentrum,Menn,Alder i alt,Antall mottakere av AAP,17
EliminatedValue,9,30116,1,1,0,ok-sos001,2021,Sentrum,Menn,Under 30,Antall mottakere av AAP,4
EliminatedValue,9,30116,1,2,0,ok-sos001,2021,Sentrum,Menn,30-39,Antall mottakere av AAP,9
EliminatedValue,9,30116,1,3,0,ok-sos001,2021,Sentrum,Menn,40-49,Antall mottakere av AAP,4
EliminatedValue,9,30116,1,4,0,ok-sos001,2021,Sentrum,Menn,50-59,Antall mottakere av AAP,
EliminatedValue,9,30116,1,5,0,ok-sos001,2021,Sentrum,Menn,60+,Antall mottakere av AAP,
EliminatedValue,9,30116,2,0,0,ok-sos001,2021,Sentrum,Kvinner,Alder i alt,Antall mottakere av AAP,12
EliminatedValue,9,30116,2,1,0,ok-sos001,2021,Sentrum,Kvinner,Under 30,Antall mottakere av AAP,8
EliminatedValue,9,30116,2,2,0,ok-sos001,2021,Sentrum,Kvinner,30-39,Antall mottakere av AAP,4
EliminatedValue,9,30116,2,3,0,ok-sos001,2021,Sentrum,Kvinner,40-49,Antall mottakere av AAP,
EliminatedValue,9,30116,2,4,0,ok-sos001,2021,Sentrum,Kvinner,50-59,Antall mottakere av AAP,
EliminatedValue,9,30116,2,5,0,ok-sos001,2021,Sentrum,Kvinner,60+,Antall mottakere av AAP,
EliminatedValue,9,30117,0,0,0,ok-sos001,2021,Marka,Begge kjønn,Alder i alt,Antall mottakere av AAP,
EliminatedValue,9,30117,0,1,0,ok-sos001,2021,Marka,Begge kjønn,Under 30,Antall mottakere av AAP,
EliminatedValue,9,30117,0,2,0,ok-sos001,2021,Marka,Begge kjønn,30-39,Antall mottakere av AAP,
EliminatedValue,9,30117,0,3,0,ok-sos001,2021,Marka,Begge kjønn,40-49,Antall mottakere av AAP,
EliminatedValue,9,30117,0,4,0,ok-sos001,2021,Marka,Begge kjønn,50-59,Antall mottakere av AAP,
EliminatedValue,9,30117,0,5,0,ok-sos001,2021,Marka,Begge kjønn,60+,Antall mottakere av AAP,
EliminatedValue,9,30117,1,0,0,ok-sos001,2021,Marka,Menn,Alder i alt,Antall mottakere av AAP,
EliminatedValue,9,30117,1,1,0,ok-sos001,2021,Marka,Menn,Under 30,Antall mottakere av AAP,
EliminatedValue,9,30117,1,2,0,ok-sos001,2021,Marka,Menn,30-39,Antall mottakere av AAP,
EliminatedValue,9,30117,1,3,0,ok-sos001,2021,Marka,Menn,40-49,Antall mottakere av AAP,
EliminatedValue,9,30117,1,4,0,ok-sos001,2021,Marka,Menn,50-59,Antall mottakere av AAP,
EliminatedValue,9,30117,1,5,0,ok-sos001,2021,Marka,Menn,60+,Antall mottakere av AAP,
EliminatedValue,9,30117,2,0,0,ok-sos001,2021,Marka,Kvinner,Alder i alt,Antall mottakere av AAP,
EliminatedValue,9,30117,2,1,0,ok-sos001,2021,Marka,Kvinner,Under 30,Antall mottakere av AAP,
EliminatedValue,9,30117,2,2,0,ok-sos001,2021,Marka,Kvinner,30-39,Antall mottakere av AAP,
EliminatedValue,9,30117,2,3,0,ok-sos001,2021,Marka,Kvinner,40-49,Antall mottakere av AAP,
EliminatedValue,9,30117,2,4,0,ok-sos001,2021,Marka,Kvinner,50-59,Antall mottakere av AAP,
EliminatedValue,9,30117,2,5,0,ok-sos001,2021,Marka,Kvinner,60+,Antall mottakere av AAP,
EliminatedValue,10,301,0,0,0,ok-sos001,2022,Oslo i alt,Begge kjønn,Alder i alt,Antall mottakere av AAP,16500
EliminatedValue,10,301,0,1,0,ok-sos001,2022,Oslo i alt,Begge kjønn,Under 30,Antall mottakere av AAP,2974
EliminatedValue,10,301,0,2,0,ok-sos001,2022,Oslo i alt,Begge kjønn,30-39,Antall mottakere av AAP,3908
EliminatedValue,10,301,0,3,0,ok-sos001,2022,Oslo i alt,Begge kjønn,40-49,Antall mottakere av AAP,4082
EliminatedValue,10,301,0,4,0,ok-sos001,2022,Oslo i alt,Begge kjønn,50-59,Antall mottakere av AAP,3969
EliminatedValue,10,301,0,5,0,ok-sos001,2022,Oslo i alt,Begge kjønn,60+,Antall mottakere av AAP,1567
EliminatedValue,10,301,1,0,0,ok-sos001,2022,Oslo i alt,Menn,Alder i alt,Antall mottakere av AAP,7221
EliminatedValue,10,301,1,1,0,ok-sos001,2022,Oslo i alt,Menn,Under 30,Antall mottakere av AAP,1290
EliminatedValue,10,301,1,2,0,ok-sos001,2022,Oslo i alt,Menn,30-39,Antall mottakere av AAP,1655
EliminatedValue,10,301,1,3,0,ok-sos001,2022,Oslo i alt,Menn,40-49,Antall mottakere av AAP,1688
EliminatedValue,10,301,1,4,0,ok-sos001,2022,Oslo i alt,Menn,50-59,Antall mottakere av AAP,1781
EliminatedValue,10,301,1,5,0,ok-sos001,2022,Oslo i alt,Menn,60+,Antall mottakere av AAP,807
EliminatedValue,10,301,2,0,0,ok-sos001,2022,Oslo i alt,Kvinner,Alder i alt,Antall mottakere av AAP,9279
EliminatedValue,10,301,2,1,0,ok-sos001,2022,Oslo i alt,Kvinner,Under 30,Antall mottakere av AAP,1684
EliminatedValue,10,301,2,2,0,ok-sos001,2022,Oslo i alt,Kvinner,30-39,Antall mottakere av AAP,2253
EliminatedValue,10,301,2,3,0,ok-sos001,2022,Oslo i alt,Kvinner,40-49,Antall mottakere av AAP,2394
EliminatedValue,10,301,2,4,0,ok-sos001,2022,Oslo i alt,Kvinner,50-59,Antall mottakere av AAP,2188
EliminatedValue,10,301,2,5,0,ok-sos001,2022,Oslo i alt,Kvinner,60+,Antall mottakere av AAP,760
EliminatedValue,10,30101,0,0,0,ok-sos001,2022,Gamle Oslo,Begge kjønn,Alder i alt,Antall mottakere av AAP,1521
EliminatedValue,10,30101,0,1,0,ok-sos001,2022,Gamle Oslo,Begge kjønn,Under 30,Antall mottakere av AAP,285
EliminatedValue,10,30101,0,2,0,ok-sos001,2022,Gamle Oslo,Begge kjønn,30-39,Antall mottakere av AAP,413
EliminatedValue,10,30101,0,3,0,ok-sos001,2022,Gamle Oslo,Begge kjønn,40-49,Antall mottakere av AAP,387
EliminatedValue,10,30101,0,4,0,ok-sos001,2022,Gamle Oslo,Begge kjønn,50-59,Antall mottakere av AAP,333
EliminatedValue,10,30101,0,5,0,ok-sos001,2022,Gamle Oslo,Begge kjønn,60+,Antall mottakere av AAP,103
EliminatedValue,10,30101,1,0,0,ok-sos001,2022,Gamle Oslo,Menn,Alder i alt,Antall mottakere av AAP,680
EliminatedValue,10,30101,1,1,0,ok-sos001,2022,Gamle Oslo,Menn,Under 30,Antall mottakere av AAP,108
EliminatedValue,10,30101,1,2,0,ok-sos001,2022,Gamle Oslo,Menn,30-39,Antall mottakere av AAP,185
EliminatedValue,10,30101,1,3,0,ok-sos001,2022,Gamle Oslo,Menn,40-49,Antall mottakere av AAP,172
EliminatedValue,10,30101,1,4,0,ok-sos001,2022,Gamle Oslo,Menn,50-59,Antall mottakere av AAP,162
EliminatedValue,10,30101,1,5,0,ok-sos001,2022,Gamle Oslo,Menn,60+,Antall mottakere av AAP,53
EliminatedValue,10,30101,2,0,0,ok-sos001,2022,Gamle Oslo,Kvinner,Alder i alt,Antall mottakere av AAP,841
EliminatedValue,10,30101,2,1,0,ok-sos001,2022,Gamle Oslo,Kvinner,Under 30,Antall mottakere av AAP,177
EliminatedValue,10,30101,2,2,0,ok-sos001,2022,Gamle Oslo,Kvinner,30-39,Antall mottakere av AAP,228
EliminatedValue,10,30101,2,3,0,ok-sos001,2022,Gamle Oslo,Kvinner,40-49,Antall mottakere av AAP,215
EliminatedValue,10,30101,2,4,0,ok-sos001,2022,Gamle Oslo,Kvinner,50-59,Antall mottakere av AAP,171
EliminatedValue,10,30101,2,5,0,ok-sos001,2022,Gamle Oslo,Kvinner,60+,Antall mottakere av AAP,50
EliminatedValue,10,30102,0,0,0,ok-sos001,2022,Grünerløkka,Begge kjønn,Alder i alt,Antall mottakere av AAP,1445
EliminatedValue,10,30102,0,1,0,ok-sos001,2022,Grünerløkka,Begge kjønn,Under 30,Antall mottakere av AAP,322
EliminatedValue,10,30102,0,2,0,ok-sos001,2022,Grünerløkka,Begge kjønn,30-39,Antall mottakere av AAP,422
EliminatedValue,10,30102,0,3,0,ok-sos001,2022,Grünerløkka,Begge kjønn,40-49,Antall mottakere av AAP,328
EliminatedValue,10,30102,0,4,0,ok-sos001,2022,Grünerløkka,Begge kjønn,50-59,Antall mottakere av AAP,264
EliminatedValue,10,30102,0,5,0,ok-sos001,2022,Grünerløkka,Begge kjønn,60+,Antall mottakere av AAP,109
EliminatedValue,10,30102,1,0,0,ok-sos001,2022,Grünerløkka,Menn,Alder i alt,Antall mottakere av AAP,656
EliminatedValue,10,30102,1,1,0,ok-sos001,2022,Grünerløkka,Menn,Under 30,Antall mottakere av AAP,129
EliminatedValue,10,30102,1,2,0,ok-sos001,2022,Grünerløkka,Menn,30-39,Antall mottakere av AAP,173
EliminatedValue,10,30102,1,3,0,ok-sos001,2022,Grünerløkka,Menn,40-49,Antall mottakere av AAP,143
EliminatedValue,10,30102,1,4,0,ok-sos001,2022,Grünerløkka,Menn,50-59,Antall mottakere av AAP,148
EliminatedValue,10,30102,1,5,0,ok-sos001,2022,Grünerløkka,Menn,60+,Antall mottakere av AAP,63
EliminatedValue,10,30102,2,0,0,ok-sos001,2022,Grünerløkka,Kvinner,Alder i alt,Antall mottakere av AAP,789
EliminatedValue,10,30102,2,1,0,ok-sos001,2022,Grünerløkka,Kvinner,Under 30,Antall mottakere av AAP,193
EliminatedValue,10,30102,2,2,0,ok-sos001,2022,Grünerløkka,Kvinner,30-39,Antall mottakere av AAP,249
EliminatedValue,10,30102,2,3,0,ok-sos001,2022,Grünerløkka,Kvinner,40-49,Antall mottakere av AAP,185
EliminatedValue,10,30102,2,4,0,ok-sos001,2022,Grünerløkka,Kvinner,50-59,Antall mottakere av AAP,116
EliminatedValue,10,30102,2,5,0,ok-sos001,2022,Grünerløkka,Kvinner,60+,Antall mottakere av AAP,46
EliminatedValue,10,30103,0,0,0,ok-sos001,2022,Sagene,Begge kjønn,Alder i alt,Antall mottakere av AAP,1123
EliminatedValue,10,30103,0,1,0,ok-sos001,2022,Sagene,Begge kjønn,Under 30,Antall mottakere av AAP,251
EliminatedValue,10,30103,0,2,0,ok-sos001,2022,Sagene,Begge kjønn,30-39,Antall mottakere av AAP,323
EliminatedValue,10,30103,0,3,0,ok-sos001,2022,Sagene,Begge kjønn,40-49,Antall mottakere av AAP,263
EliminatedValue,10,30103,0,4,0,ok-sos001,2022,Sagene,Begge kjønn,50-59,Antall mottakere av AAP,216
EliminatedValue,10,30103,0,5,0,ok-sos001,2022,Sagene,Begge kjønn,60+,Antall mottakere av AAP,70
EliminatedValue,10,30103,1,0,0,ok-sos001,2022,Sagene,Menn,Alder i alt,Antall mottakere av AAP,502
EliminatedValue,10,30103,1,1,0,ok-sos001,2022,Sagene,Menn,Under 30,Antall mottakere av AAP,93
EliminatedValue,10,30103,1,2,0,ok-sos001,2022,Sagene,Menn,30-39,Antall mottakere av AAP,135
EliminatedValue,10,30103,1,3,0,ok-sos001,2022,Sagene,Menn,40-49,Antall mottakere av AAP,132
EliminatedValue,10,30103,1,4,0,ok-sos001,2022,Sagene,Menn,50-59,Antall mottakere av AAP,109
EliminatedValue,10,30103,1,5,0,ok-sos001,2022,Sagene,Menn,60+,Antall mottakere av AAP,33
EliminatedValue,10,30103,2,0,0,ok-sos001,2022,Sagene,Kvinner,Alder i alt,Antall mottakere av AAP,621
EliminatedValue,10,30103,2,1,0,ok-sos001,2022,Sagene,Kvinner,Under 30,Antall mottakere av AAP,158
EliminatedValue,10,30103,2,2,0,ok-sos001,2022,Sagene,Kvinner,30-39,Antall mottakere av AAP,188
EliminatedValue,10,30103,2,3,0,ok-sos001,2022,Sagene,Kvinner,40-49,Antall mottakere av AAP,131
EliminatedValue,10,30103,2,4,0,ok-sos001,2022,Sagene,Kvinner,50-59,Antall mottakere av AAP,107
EliminatedValue,10,30103,2,5,0,ok-sos001,2022,Sagene,Kvinner,60+,Antall mottakere av AAP,37
EliminatedValue,10,30104,0,0,0,ok-sos001,2022,St. Hanshaugen,Begge kjønn,Alder i alt,Antall mottakere av AAP,925
EliminatedValue,10,30104,0,1,0,ok-sos001,2022,St. Hanshaugen,Begge kjønn,Under 30,Antall mottakere av AAP,298
EliminatedValue,10,30104,0,2,0,ok-sos001,2022,St. Hanshaugen,Begge kjønn,30-39,Antall mottakere av AAP,271
EliminatedValue,10,30104,0,3,0,ok-sos001,2022,St. Hanshaugen,Begge kjønn,40-49,Antall mottakere av AAP,151
EliminatedValue,10,30104,0,4,0,ok-sos001,2022,St. Hanshaugen,Begge kjønn,50-59,Antall mottakere av AAP,138
EliminatedValue,10,30104,0,5,0,ok-sos001,2022,St. Hanshaugen,Begge kjønn,60+,Antall mottakere av AAP,67
EliminatedValue,10,30104,1,0,0,ok-sos001,2022,St. Hanshaugen,Menn,Alder i alt,Antall mottakere av AAP,395
EliminatedValue,10,30104,1,1,0,ok-sos001,2022,St. Hanshaugen,Menn,Under 30,Antall mottakere av AAP,107
EliminatedValue,10,30104,1,2,0,ok-sos001,2022,St. Hanshaugen,Menn,30-39,Antall mottakere av AAP,128
EliminatedValue,10,30104,1,3,0,ok-sos001,2022,St. Hanshaugen,Menn,40-49,Antall mottakere av AAP,71
EliminatedValue,10,30104,1,4,0,ok-sos001,2022,St. Hanshaugen,Menn,50-59,Antall mottakere av AAP,59
EliminatedValue,10,30104,1,5,0,ok-sos001,2022,St. Hanshaugen,Menn,60+,Antall mottakere av AAP,30
EliminatedValue,10,30104,2,0,0,ok-sos001,2022,St. Hanshaugen,Kvinner,Alder i alt,Antall mottakere av AAP,530
EliminatedValue,10,30104,2,1,0,ok-sos001,2022,St. Hanshaugen,Kvinner,Under 30,Antall mottakere av AAP,191
EliminatedValue,10,30104,2,2,0,ok-sos001,2022,St. Hanshaugen,Kvinner,30-39,Antall mottakere av AAP,143
EliminatedValue,10,30104,2,3,0,ok-sos001,2022,St. Hanshaugen,Kvinner,40-49,Antall mottakere av AAP,80
EliminatedValue,10,30104,2,4,0,ok-sos001,2022,St. Hanshaugen,Kvinner,50-59,Antall mottakere av AAP,79
EliminatedValue,10,30104,2,5,0,ok-sos001,2022,St. Hanshaugen,Kvinner,60+,Antall mottakere av AAP,37
EliminatedValue,10,30105,0,0,0,ok-sos001,2022,Frogner,Begge kjønn,Alder i alt,Antall mottakere av AAP,1245
EliminatedValue,10,30105,0,1,0,ok-sos001,2022,Frogner,Begge kjønn,Under 30,Antall mottakere av AAP,262
EliminatedValue,10,30105,0,2,0,ok-sos001,2022,Frogner,Begge kjønn,30-39,Antall mottakere av AAP,312
EliminatedValue,10,30105,0,3,0,ok-sos001,2022,Frogner,Begge kjønn,40-49,Antall mottakere av AAP,271
EliminatedValue,10,30105,0,4,0,ok-sos001,2022,Frogner,Begge kjønn,50-59,Antall mottakere av AAP,265
EliminatedValue,10,30105,0,5,0,ok-sos001,2022,Frogner,Begge kjønn,60+,Antall mottakere av AAP,135
EliminatedValue,10,30105,1,0,0,ok-sos001,2022,Frogner,Menn,Alder i alt,Antall mottakere av AAP,538
EliminatedValue,10,30105,1,1,0,ok-sos001,2022,Frogner,Menn,Under 30,Antall mottakere av AAP,92
EliminatedValue,10,30105,1,2,0,ok-sos001,2022,Frogner,Menn,30-39,Antall mottakere av AAP,125
EliminatedValue,10,30105,1,3,0,ok-sos001,2022,Frogner,Menn,40-49,Antall mottakere av AAP,127
EliminatedValue,10,30105,1,4,0,ok-sos001,2022,Frogner,Menn,50-59,Antall mottakere av AAP,126
EliminatedValue,10,30105,1,5,0,ok-sos001,2022,Frogner,Menn,60+,Antall mottakere av AAP,68
EliminatedValue,10,30105,2,0,0,ok-sos001,2022,Frogner,Kvinner,Alder i alt,Antall mottakere av AAP,707
EliminatedValue,10,30105,2,1,0,ok-sos001,2022,Frogner,Kvinner,Under 30,Antall mottakere av AAP,170
EliminatedValue,10,30105,2,2,0,ok-sos001,2022,Frogner,Kvinner,30-39,Antall mottakere av AAP,187
EliminatedValue,10,30105,2,3,0,ok-sos001,2022,Frogner,Kvinner,40-49,Antall mottakere av AAP,144
EliminatedValue,10,30105,2,4,0,ok-sos001,2022,Frogner,Kvinner,50-59,Antall mottakere av AAP,139
EliminatedValue,10,30105,2,5,0,ok-sos001,2022,Frogner,Kvinner,60+,Antall mottakere av AAP,67
EliminatedValue,10,30106,0,0,0,ok-sos001,2022,Ullern,Begge kjønn,Alder i alt,Antall mottakere av AAP,534
EliminatedValue,10,30106,0,1,0,ok-sos001,2022,Ullern,Begge kjønn,Under 30,Antall mottakere av AAP,98
EliminatedValue,10,30106,0,2,0,ok-sos001,2022,Ullern,Begge kjønn,30-39,Antall mottakere av AAP,119
EliminatedValue,10,30106,0,3,0,ok-sos001,2022,Ullern,Begge kjønn,40-49,Antall mottakere av AAP,116
EliminatedValue,10,30106,0,4,0,ok-sos001,2022,Ullern,Begge kjønn,50-59,Antall mottakere av AAP,141
EliminatedValue,10,30106,0,5,0,ok-sos001,2022,Ullern,Begge kjønn,60+,Antall mottakere av AAP,60
EliminatedValue,10,30106,1,0,0,ok-sos001,2022,Ullern,Menn,Alder i alt,Antall mottakere av AAP,236
EliminatedValue,10,30106,1,1,0,ok-sos001,2022,Ullern,Menn,Under 30,Antall mottakere av AAP,40
EliminatedValue,10,30106,1,2,0,ok-sos001,2022,Ullern,Menn,30-39,Antall mottakere av AAP,57
EliminatedValue,10,30106,1,3,0,ok-sos001,2022,Ullern,Menn,40-49,Antall mottakere av AAP,44
EliminatedValue,10,30106,1,4,0,ok-sos001,2022,Ullern,Menn,50-59,Antall mottakere av AAP,62
EliminatedValue,10,30106,1,5,0,ok-sos001,2022,Ullern,Menn,60+,Antall mottakere av AAP,33
EliminatedValue,10,30106,2,0,0,ok-sos001,2022,Ullern,Kvinner,Alder i alt,Antall mottakere av AAP,298
EliminatedValue,10,30106,2,1,0,ok-sos001,2022,Ullern,Kvinner,Under 30,Antall mottakere av AAP,58
EliminatedValue,10,30106,2,2,0,ok-sos001,2022,Ullern,Kvinner,30-39,Antall mottakere av AAP,62
EliminatedValue,10,30106,2,3,0,ok-sos001,2022,Ullern,Kvinner,40-49,Antall mottakere av AAP,72
EliminatedValue,10,30106,2,4,0,ok-sos001,2022,Ullern,Kvinner,50-59,Antall mottakere av AAP,79
EliminatedValue,10,30106,2,5,0,ok-sos001,2022,Ullern,Kvinner,60+,Antall mottakere av AAP,27
EliminatedValue,10,30107,0,0,0,ok-sos001,2022,Vestre Aker,Begge kjønn,Alder i alt,Antall mottakere av AAP,719
EliminatedValue,10,30107,0,1,0,ok-sos001,2022,Vestre Aker,Begge kjønn,Under 30,Antall mottakere av AAP,121
EliminatedValue,10,30107,0,2,0,ok-sos001,2022,Vestre Aker,Begge kjønn,30-39,Antall mottakere av AAP,127
EliminatedValue,10,30107,0,3,0,ok-sos001,2022,Vestre Aker,Begge kjønn,40-49,Antall mottakere av AAP,190
EliminatedValue,10,30107,0,4,0,ok-sos001,2022,Vestre Aker,Begge kjønn,50-59,Antall mottakere av AAP,193
EliminatedValue,10,30107,0,5,0,ok-sos001,2022,Vestre Aker,Begge kjønn,60+,Antall mottakere av AAP,88
EliminatedValue,10,30107,1,0,0,ok-sos001,2022,Vestre Aker,Menn,Alder i alt,Antall mottakere av AAP,295
EliminatedValue,10,30107,1,1,0,ok-sos001,2022,Vestre Aker,Menn,Under 30,Antall mottakere av AAP,57
EliminatedValue,10,30107,1,2,0,ok-sos001,2022,Vestre Aker,Menn,30-39,Antall mottakere av AAP,52
EliminatedValue,10,30107,1,3,0,ok-sos001,2022,Vestre Aker,Menn,40-49,Antall mottakere av AAP,65
EliminatedValue,10,30107,1,4,0,ok-sos001,2022,Vestre Aker,Menn,50-59,Antall mottakere av AAP,80
EliminatedValue,10,30107,1,5,0,ok-sos001,2022,Vestre Aker,Menn,60+,Antall mottakere av AAP,41
EliminatedValue,10,30107,2,0,0,ok-sos001,2022,Vestre Aker,Kvinner,Alder i alt,Antall mottakere av AAP,424
EliminatedValue,10,30107,2,1,0,ok-sos001,2022,Vestre Aker,Kvinner,Under 30,Antall mottakere av AAP,64
EliminatedValue,10,30107,2,2,0,ok-sos001,2022,Vestre Aker,Kvinner,30-39,Antall mottakere av AAP,75
EliminatedValue,10,30107,2,3,0,ok-sos001,2022,Vestre Aker,Kvinner,40-49,Antall mottakere av AAP,125
EliminatedValue,10,30107,2,4,0,ok-sos001,2022,Vestre Aker,Kvinner,50-59,Antall mottakere av AAP,113
EliminatedValue,10,30107,2,5,0,ok-sos001,2022,Vestre Aker,Kvinner,60+,Antall mottakere av AAP,47
EliminatedValue,10,30108,0,0,0,ok-sos001,2022,Nordre Aker,Begge kjønn,Alder i alt,Antall mottakere av AAP,873
EliminatedValue,10,30108,0,1,0,ok-sos001,2022,Nordre Aker,Begge kjønn,Under 30,Antall mottakere av AAP,193
EliminatedValue,10,30108,0,2,0,ok-sos001,2022,Nordre Aker,Begge kjønn,30-39,Antall mottakere av AAP,211
EliminatedValue,10,30108,0,3,0,ok-sos001,2022,Nordre Aker,Begge kjønn,40-49,Antall mottakere av AAP,179
EliminatedValue,10,30108,0,4,0,ok-sos001,2022,Nordre Aker,Begge kjønn,50-59,Antall mottakere av AAP,195
EliminatedValue,10,30108,0,5,0,ok-sos001,2022,Nordre Aker,Begge kjønn,60+,Antall mottakere av AAP,95
EliminatedValue,10,30108,1,0,0,ok-sos001,2022,Nordre Aker,Menn,Alder i alt,Antall mottakere av AAP,353
EliminatedValue,10,30108,1,1,0,ok-sos001,2022,Nordre Aker,Menn,Under 30,Antall mottakere av AAP,80
EliminatedValue,10,30108,1,2,0,ok-sos001,2022,Nordre Aker,Menn,30-39,Antall mottakere av AAP,84
EliminatedValue,10,30108,1,3,0,ok-sos001,2022,Nordre Aker,Menn,40-49,Antall mottakere av AAP,68
EliminatedValue,10,30108,1,4,0,ok-sos001,2022,Nordre Aker,Menn,50-59,Antall mottakere av AAP,78
EliminatedValue,10,30108,1,5,0,ok-sos001,2022,Nordre Aker,Menn,60+,Antall mottakere av AAP,43
EliminatedValue,10,30108,2,0,0,ok-sos001,2022,Nordre Aker,Kvinner,Alder i alt,Antall mottakere av AAP,520
EliminatedValue,10,30108,2,1,0,ok-sos001,2022,Nordre Aker,Kvinner,Under 30,Antall mottakere av AAP,113
EliminatedValue,10,30108,2,2,0,ok-sos001,2022,Nordre Aker,Kvinner,30-39,Antall mottakere av AAP,127
EliminatedValue,10,30108,2,3,0,ok-sos001,2022,Nordre Aker,Kvinner,40-49,Antall mottakere av AAP,111
EliminatedValue,10,30108,2,4,0,ok-sos001,2022,Nordre Aker,Kvinner,50-59,Antall mottakere av AAP,117
EliminatedValue,10,30108,2,5,0,ok-sos001,2022,Nordre Aker,Kvinner,60+,Antall mottakere av AAP,52
EliminatedValue,10,30109,0,0,0,ok-sos001,2022,Bjerke,Begge kjønn,Alder i alt,Antall mottakere av AAP,987
EliminatedValue,10,30109,0,1,0,ok-sos001,2022,Bjerke,Begge kjønn,Under 30,Antall mottakere av AAP,130
EliminatedValue,10,30109,0,2,0,ok-sos001,2022,Bjerke,Begge kjønn,30-39,Antall mottakere av AAP,212
EliminatedValue,10,30109,0,3,0,ok-sos001,2022,Bjerke,Begge kjønn,40-49,Antall mottakere av AAP,305
EliminatedValue,10,30109,0,4,0,ok-sos001,2022,Bjerke,Begge kjønn,50-59,Antall mottakere av AAP,249
EliminatedValue,10,30109,0,5,0,ok-sos001,2022,Bjerke,Begge kjønn,60+,Antall mottakere av AAP,91
EliminatedValue,10,30109,1,0,0,ok-sos001,2022,Bjerke,Menn,Alder i alt,Antall mottakere av AAP,453
EliminatedValue,10,30109,1,1,0,ok-sos001,2022,Bjerke,Menn,Under 30,Antall mottakere av AAP,74
EliminatedValue,10,30109,1,2,0,ok-sos001,2022,Bjerke,Menn,30-39,Antall mottakere av AAP,92
EliminatedValue,10,30109,1,3,0,ok-sos001,2022,Bjerke,Menn,40-49,Antall mottakere av AAP,120
EliminatedValue,10,30109,1,4,0,ok-sos001,2022,Bjerke,Menn,50-59,Antall mottakere av AAP,116
EliminatedValue,10,30109,1,5,0,ok-sos001,2022,Bjerke,Menn,60+,Antall mottakere av AAP,51
EliminatedValue,10,30109,2,0,0,ok-sos001,2022,Bjerke,Kvinner,Alder i alt,Antall mottakere av AAP,534
EliminatedValue,10,30109,2,1,0,ok-sos001,2022,Bjerke,Kvinner,Under 30,Antall mottakere av AAP,56
EliminatedValue,10,30109,2,2,0,ok-sos001,2022,Bjerke,Kvinner,30-39,Antall mottakere av AAP,120
EliminatedValue,10,30109,2,3,0,ok-sos001,2022,Bjerke,Kvinner,40-49,Antall mottakere av AAP,185
EliminatedValue,10,30109,2,4,0,ok-sos001,2022,Bjerke,Kvinner,50-59,Antall mottakere av AAP,133
EliminatedValue,10,30109,2,5,0,ok-sos001,2022,Bjerke,Kvinner,60+,Antall mottakere av AAP,40
EliminatedValue,10,30110,0,0,0,ok-sos001,2022,Grorud,Begge kjønn,Alder i alt,Antall mottakere av AAP,902
EliminatedValue,10,30110,0,1,0,ok-sos001,2022,Grorud,Begge kjønn,Under 30,Antall mottakere av AAP,112
EliminatedValue,10,30110,0,2,0,ok-sos001,2022,Grorud,Begge kjønn,30-39,Antall mottakere av AAP,180
EliminatedValue,10,30110,0,3,0,ok-sos001,2022,Grorud,Begge kjønn,40-49,Antall mottakere av AAP,241
EliminatedValue,10,30110,0,4,0,ok-sos001,2022,Grorud,Begge kjønn,50-59,Antall mottakere av AAP,270
EliminatedValue,10,30110,0,5,0,ok-sos001,2022,Grorud,Begge kjønn,60+,Antall mottakere av AAP,99
EliminatedValue,10,30110,1,0,0,ok-sos001,2022,Grorud,Menn,Alder i alt,Antall mottakere av AAP,404
EliminatedValue,10,30110,1,1,0,ok-sos001,2022,Grorud,Menn,Under 30,Antall mottakere av AAP,56
EliminatedValue,10,30110,1,2,0,ok-sos001,2022,Grorud,Menn,30-39,Antall mottakere av AAP,76
EliminatedValue,10,30110,1,3,0,ok-sos001,2022,Grorud,Menn,40-49,Antall mottakere av AAP,103
EliminatedValue,10,30110,1,4,0,ok-sos001,2022,Grorud,Menn,50-59,Antall mottakere av AAP,115
EliminatedValue,10,30110,1,5,0,ok-sos001,2022,Grorud,Menn,60+,Antall mottakere av AAP,54
EliminatedValue,10,30110,2,0,0,ok-sos001,2022,Grorud,Kvinner,Alder i alt,Antall mottakere av AAP,498
EliminatedValue,10,30110,2,1,0,ok-sos001,2022,Grorud,Kvinner,Under 30,Antall mottakere av AAP,56
EliminatedValue,10,30110,2,2,0,ok-sos001,2022,Grorud,Kvinner,30-39,Antall mottakere av AAP,104
EliminatedValue,10,30110,2,3,0,ok-sos001,2022,Grorud,Kvinner,40-49,Antall mottakere av AAP,138
EliminatedValue,10,30110,2,4,0,ok-sos001,2022,Grorud,Kvinner,50-59,Antall mottakere av AAP,155
EliminatedValue,10,30110,2,5,0,ok-sos001,2022,Grorud,Kvinner,60+,Antall mottakere av AAP,45
EliminatedValue,10,30111,0,0,0,ok-sos001,2022,Stovner,Begge kjønn,Alder i alt,Antall mottakere av AAP,1186
EliminatedValue,10,30111,0,1,0,ok-sos001,2022,Stovner,Begge kjønn,Under 30,Antall mottakere av AAP,129
EliminatedValue,10,30111,0,2,0,ok-sos001,2022,Stovner,Begge kjønn,30-39,Antall mottakere av AAP,226
EliminatedValue,10,30111,0,3,0,ok-sos001,2022,Stovner,Begge kjønn,40-49,Antall mottakere av AAP,331
EliminatedValue,10,30111,0,4,0,ok-sos001,2022,Stovner,Begge kjønn,50-59,Antall mottakere av AAP,390
EliminatedValue,10,30111,0,5,0,ok-sos001,2022,Stovner,Begge kjønn,60+,Antall mottakere av AAP,110
EliminatedValue,10,30111,1,0,0,ok-sos001,2022,Stovner,Menn,Alder i alt,Antall mottakere av AAP,562
EliminatedValue,10,30111,1,1,0,ok-sos001,2022,Stovner,Menn,Under 30,Antall mottakere av AAP,76
EliminatedValue,10,30111,1,2,0,ok-sos001,2022,Stovner,Menn,30-39,Antall mottakere av AAP,98
EliminatedValue,10,30111,1,3,0,ok-sos001,2022,Stovner,Menn,40-49,Antall mottakere av AAP,148
EliminatedValue,10,30111,1,4,0,ok-sos001,2022,Stovner,Menn,50-59,Antall mottakere av AAP,180
EliminatedValue,10,30111,1,5,0,ok-sos001,2022,Stovner,Menn,60+,Antall mottakere av AAP,60
EliminatedValue,10,30111,2,0,0,ok-sos001,2022,Stovner,Kvinner,Alder i alt,Antall mottakere av AAP,624
EliminatedValue,10,30111,2,1,0,ok-sos001,2022,Stovner,Kvinner,Under 30,Antall mottakere av AAP,53
EliminatedValue,10,30111,2,2,0,ok-sos001,2022,Stovner,Kvinner,30-39,Antall mottakere av AAP,128
EliminatedValue,10,30111,2,3,0,ok-sos001,2022,Stovner,Kvinner,40-49,Antall mottakere av AAP,183
EliminatedValue,10,30111,2,4,0,ok-sos001,2022,Stovner,Kvinner,50-59,Antall mottakere av AAP,210
EliminatedValue,10,30111,2,5,0,ok-sos001,2022,Stovner,Kvinner,60+,Antall mottakere av AAP,50
EliminatedValue,10,30112,0,0,0,ok-sos001,2022,Alna,Begge kjønn,Alder i alt,Antall mottakere av AAP,1641
EliminatedValue,10,30112,0,1,0,ok-sos001,2022,Alna,Begge kjønn,Under 30,Antall mottakere av AAP,219
EliminatedValue,10,30112,0,2,0,ok-sos001,2022,Alna,Begge kjønn,30-39,Antall mottakere av AAP,395
EliminatedValue,10,30112,0,3,0,ok-sos001,2022,Alna,Begge kjønn,40-49,Antall mottakere av AAP,435
EliminatedValue,10,30112,0,4,0,ok-sos001,2022,Alna,Begge kjønn,50-59,Antall mottakere av AAP,430
EliminatedValue,10,30112,0,5,0,ok-sos001,2022,Alna,Begge kjønn,60+,Antall mottakere av AAP,162
EliminatedValue,10,30112,1,0,0,ok-sos001,2022,Alna,Menn,Alder i alt,Antall mottakere av AAP,777
EliminatedValue,10,30112,1,1,0,ok-sos001,2022,Alna,Menn,Under 30,Antall mottakere av AAP,119
EliminatedValue,10,30112,1,2,0,ok-sos001,2022,Alna,Menn,30-39,Antall mottakere av AAP,174
EliminatedValue,10,30112,1,3,0,ok-sos001,2022,Alna,Menn,40-49,Antall mottakere av AAP,195
EliminatedValue,10,30112,1,4,0,ok-sos001,2022,Alna,Menn,50-59,Antall mottakere av AAP,196
EliminatedValue,10,30112,1,5,0,ok-sos001,2022,Alna,Menn,60+,Antall mottakere av AAP,93
EliminatedValue,10,30112,2,0,0,ok-sos001,2022,Alna,Kvinner,Alder i alt,Antall mottakere av AAP,864
EliminatedValue,10,30112,2,1,0,ok-sos001,2022,Alna,Kvinner,Under 30,Antall mottakere av AAP,100
EliminatedValue,10,30112,2,2,0,ok-sos001,2022,Alna,Kvinner,30-39,Antall mottakere av AAP,221
EliminatedValue,10,30112,2,3,0,ok-sos001,2022,Alna,Kvinner,40-49,Antall mottakere av AAP,240
EliminatedValue,10,30112,2,4,0,ok-sos001,2022,Alna,Kvinner,50-59,Antall mottakere av AAP,234
EliminatedValue,10,30112,2,5,0,ok-sos001,2022,Alna,Kvinner,60+,Antall mottakere av AAP,69
EliminatedValue,10,30113,0,0,0,ok-sos001,2022,Østensjø,Begge kjønn,Alder i alt,Antall mottakere av AAP,1126
EliminatedValue,10,30113,0,1,0,ok-sos001,2022,Østensjø,Begge kjønn,Under 30,Antall mottakere av AAP,185
EliminatedValue,10,30113,0,2,0,ok-sos001,2022,Østensjø,Begge kjønn,30-39,Antall mottakere av AAP,229
EliminatedValue,10,30113,0,3,0,ok-sos001,2022,Østensjø,Begge kjønn,40-49,Antall mottakere av AAP,317
EliminatedValue,10,30113,0,4,0,ok-sos001,2022,Østensjø,Begge kjønn,50-59,Antall mottakere av AAP,271
EliminatedValue,10,30113,0,5,0,ok-sos001,2022,Østensjø,Begge kjønn,60+,Antall mottakere av AAP,124
EliminatedValue,10,30113,1,0,0,ok-sos001,2022,Østensjø,Menn,Alder i alt,Antall mottakere av AAP,416
EliminatedValue,10,30113,1,1,0,ok-sos001,2022,Østensjø,Menn,Under 30,Antall mottakere av AAP,75
EliminatedValue,10,30113,1,2,0,ok-sos001,2022,Østensjø,Menn,30-39,Antall mottakere av AAP,82
EliminatedValue,10,30113,1,3,0,ok-sos001,2022,Østensjø,Menn,40-49,Antall mottakere av AAP,103
EliminatedValue,10,30113,1,4,0,ok-sos001,2022,Østensjø,Menn,50-59,Antall mottakere av AAP,97
EliminatedValue,10,30113,1,5,0,ok-sos001,2022,Østensjø,Menn,60+,Antall mottakere av AAP,59
EliminatedValue,10,30113,2,0,0,ok-sos001,2022,Østensjø,Kvinner,Alder i alt,Antall mottakere av AAP,710
EliminatedValue,10,30113,2,1,0,ok-sos001,2022,Østensjø,Kvinner,Under 30,Antall mottakere av AAP,110
EliminatedValue,10,30113,2,2,0,ok-sos001,2022,Østensjø,Kvinner,30-39,Antall mottakere av AAP,147
EliminatedValue,10,30113,2,3,0,ok-sos001,2022,Østensjø,Kvinner,40-49,Antall mottakere av AAP,214
EliminatedValue,10,30113,2,4,0,ok-sos001,2022,Østensjø,Kvinner,50-59,Antall mottakere av AAP,174
EliminatedValue,10,30113,2,5,0,ok-sos001,2022,Østensjø,Kvinner,60+,Antall mottakere av AAP,65
EliminatedValue,10,30114,0,0,0,ok-sos001,2022,Nordstrand,Begge kjønn,Alder i alt,Antall mottakere av AAP,931
EliminatedValue,10,30114,0,1,0,ok-sos001,2022,Nordstrand,Begge kjønn,Under 30,Antall mottakere av AAP,205
EliminatedValue,10,30114,0,2,0,ok-sos001,2022,Nordstrand,Begge kjønn,30-39,Antall mottakere av AAP,182
EliminatedValue,10,30114,0,3,0,ok-sos001,2022,Nordstrand,Begge kjønn,40-49,Antall mottakere av AAP,226
EliminatedValue,10,30114,0,4,0,ok-sos001,2022,Nordstrand,Begge kjønn,50-59,Antall mottakere av AAP,230
EliminatedValue,10,30114,0,5,0,ok-sos001,2022,Nordstrand,Begge kjønn,60+,Antall mottakere av AAP,88
EliminatedValue,10,30114,1,0,0,ok-sos001,2022,Nordstrand,Menn,Alder i alt,Antall mottakere av AAP,388
EliminatedValue,10,30114,1,1,0,ok-sos001,2022,Nordstrand,Menn,Under 30,Antall mottakere av AAP,90
EliminatedValue,10,30114,1,2,0,ok-sos001,2022,Nordstrand,Menn,30-39,Antall mottakere av AAP,81
EliminatedValue,10,30114,1,3,0,ok-sos001,2022,Nordstrand,Menn,40-49,Antall mottakere av AAP,77
EliminatedValue,10,30114,1,4,0,ok-sos001,2022,Nordstrand,Menn,50-59,Antall mottakere av AAP,96
EliminatedValue,10,30114,1,5,0,ok-sos001,2022,Nordstrand,Menn,60+,Antall mottakere av AAP,44
EliminatedValue,10,30114,2,0,0,ok-sos001,2022,Nordstrand,Kvinner,Alder i alt,Antall mottakere av AAP,543
EliminatedValue,10,30114,2,1,0,ok-sos001,2022,Nordstrand,Kvinner,Under 30,Antall mottakere av AAP,115
EliminatedValue,10,30114,2,2,0,ok-sos001,2022,Nordstrand,Kvinner,30-39,Antall mottakere av AAP,101
EliminatedValue,10,30114,2,3,0,ok-sos001,2022,Nordstrand,Kvinner,40-49,Antall mottakere av AAP,149
EliminatedValue,10,30114,2,4,0,ok-sos001,2022,Nordstrand,Kvinner,50-59,Antall mottakere av AAP,134
EliminatedValue,10,30114,2,5,0,ok-sos001,2022,Nordstrand,Kvinner,60+,Antall mottakere av AAP,44
EliminatedValue,10,30115,0,0,0,ok-sos001,2022,Søndre Nordstrand,Begge kjønn,Alder i alt,Antall mottakere av AAP,1308
EliminatedValue,10,30115,0,1,0,ok-sos001,2022,Søndre Nordstrand,Begge kjønn,Under 30,Antall mottakere av AAP,151
EliminatedValue,10,30115,0,2,0,ok-sos001,2022,Søndre Nordstrand,Begge kjønn,30-39,Antall mottakere av AAP,271
EliminatedValue,10,30115,0,3,0,ok-sos001,2022,Søndre Nordstrand,Begge kjønn,40-49,Antall mottakere av AAP,336
EliminatedValue,10,30115,0,4,0,ok-sos001,2022,Søndre Nordstrand,Begge kjønn,50-59,Antall mottakere av AAP,384
EliminatedValue,10,30115,0,5,0,ok-sos001,2022,Søndre Nordstrand,Begge kjønn,60+,Antall mottakere av AAP,166
EliminatedValue,10,30115,1,0,0,ok-sos001,2022,Søndre Nordstrand,Menn,Alder i alt,Antall mottakere av AAP,547
EliminatedValue,10,30115,1,1,0,ok-sos001,2022,Søndre Nordstrand,Menn,Under 30,Antall mottakere av AAP,90
EliminatedValue,10,30115,1,2,0,ok-sos001,2022,Søndre Nordstrand,Menn,30-39,Antall mottakere av AAP,104
EliminatedValue,10,30115,1,3,0,ok-sos001,2022,Søndre Nordstrand,Menn,40-49,Antall mottakere av AAP,114
EliminatedValue,10,30115,1,4,0,ok-sos001,2022,Søndre Nordstrand,Menn,50-59,Antall mottakere av AAP,157
EliminatedValue,10,30115,1,5,0,ok-sos001,2022,Søndre Nordstrand,Menn,60+,Antall mottakere av AAP,82
EliminatedValue,10,30115,2,0,0,ok-sos001,2022,Søndre Nordstrand,Kvinner,Alder i alt,Antall mottakere av AAP,761
EliminatedValue,10,30115,2,1,0,ok-sos001,2022,Søndre Nordstrand,Kvinner,Under 30,Antall mottakere av AAP,61
EliminatedValue,10,30115,2,2,0,ok-sos001,2022,Søndre Nordstrand,Kvinner,30-39,Antall mottakere av AAP,167
EliminatedValue,10,30115,2,3,0,ok-sos001,2022,Søndre Nordstrand,Kvinner,40-49,Antall mottakere av AAP,222
EliminatedValue,10,30115,2,4,0,ok-sos001,2022,Søndre Nordstrand,Kvinner,50-59,Antall mottakere av AAP,227
EliminatedValue,10,30115,2,5,0,ok-sos001,2022,Søndre Nordstrand,Kvinner,60+,Antall mottakere av AAP,84
EliminatedValue,10,30116,0,0,0,ok-sos001,2022,Sentrum,Begge kjønn,Alder i alt,Antall mottakere av AAP,34
EliminatedValue,10,30116,0,1,0,ok-sos001,2022,Sentrum,Begge kjønn,Under 30,Antall mottakere av AAP,13
EliminatedValue,10,30116,0,2,0,ok-sos001,2022,Sentrum,Begge kjønn,30-39,Antall mottakere av AAP,15
EliminatedValue,10,30116,0,3,0,ok-sos001,2022,Sentrum,Begge kjønn,40-49,Antall mottakere av AAP,6
EliminatedValue,10,30116,0,4,0,ok-sos001,2022,Sentrum,Begge kjønn,50-59,Antall mottakere av AAP,
EliminatedValue,10,30116,0,5,0,ok-sos001,2022,Sentrum,Begge kjønn,60+,Antall mottakere av AAP,
EliminatedValue,10,30116,1,0,0,ok-sos001,2022,Sentrum,Menn,Alder i alt,Antall mottakere av AAP,19
EliminatedValue,10,30116,1,1,0,ok-sos001,2022,Sentrum,Menn,Under 30,Antall mottakere av AAP,4
EliminatedValue,10,30116,1,2,0,ok-sos001,2022,Sentrum,Menn,30-39,Antall mottakere av AAP,9
EliminatedValue,10,30116,1,3,0,ok-sos001,2022,Sentrum,Menn,40-49,Antall mottakere av AAP,6
EliminatedValue,10,30116,1,4,0,ok-sos001,2022,Sentrum,Menn,50-59,Antall mottakere av AAP,
EliminatedValue,10,30116,1,5,0,ok-sos001,2022,Sentrum,Menn,60+,Antall mottakere av AAP,
EliminatedValue,10,30116,2,0,0,ok-sos001,2022,Sentrum,Kvinner,Alder i alt,Antall mottakere av AAP,15
EliminatedValue,10,30116,2,1,0,ok-sos001,2022,Sentrum,Kvinner,Under 30,Antall mottakere av AAP,9
EliminatedValue,10,30116,2,2,0,ok-sos001,2022,Sentrum,Kvinner,30-39,Antall mottakere av AAP,6
EliminatedValue,10,30116,2,3,0,ok-sos001,2022,Sentrum,Kvinner,40-49,Antall mottakere av AAP,
EliminatedValue,10,30116,2,4,0,ok-sos001,2022,Sentrum,Kvinner,50-59,Antall mottakere av AAP,
EliminatedValue,10,30116,2,5,0,ok-sos001,2022,Sentrum,Kvinner,60+,Antall mottakere av AAP,
EliminatedValue,10,30117,0,0,0,ok-sos001,2022,Marka,Begge kjønn,Alder i alt,Antall mottakere av AAP,
EliminatedValue,10,30117,0,1,0,ok-sos001,2022,Marka,Begge kjønn,Under 30,Antall mottakere av AAP,
EliminatedValue,10,30117,0,2,0,ok-sos001,2022,Marka,Begge kjønn,30-39,Antall mottakere av AAP,
EliminatedValue,10,30117,0,3,0,ok-sos001,2022,Marka,Begge kjønn,40-49,Antall mottakere av AAP,
EliminatedValue,10,30117,0,4,0,ok-sos001,2022,Marka,Begge kjønn,50-59,Antall mottakere av AAP,
EliminatedValue,10,30117,0,5,0,ok-sos001,2022,Marka,Begge kjønn,60+,Antall mottakere av AAP,
EliminatedValue,10,30117,1,0,0,ok-sos001,2022,Marka,Menn,Alder i alt,Antall mottakere av AAP,
EliminatedValue,10,30117,1,1,0,ok-sos001,2022,Marka,Menn,Under 30,Antall mottakere av AAP,
EliminatedValue,10,30117,1,2,0,ok-sos001,2022,Marka,Menn,30-39,Antall mottakere av AAP,
EliminatedValue,10,30117,1,3,0,ok-sos001,2022,Marka,Menn,40-49,Antall mottakere av AAP,
EliminatedValue,10,30117,1,4,0,ok-sos001,2022,Marka,Menn,50-59,Antall mottakere av AAP,
EliminatedValue,10,30117,1,5,0,ok-sos001,2022,Marka,Menn,60+,Antall mottakere av AAP,
EliminatedValue,10,30117,2,0,0,ok-sos001,2022,Marka,Kvinner,Alder i alt,Antall mottakere av AAP,
EliminatedValue,10,30117,2,1,0,ok-sos001,2022,Marka,Kvinner,Under 30,Antall mottakere av AAP,
EliminatedValue,10,30117,2,2,0,ok-sos001,2022,Marka,Kvinner,30-39,Antall mottakere av AAP,
EliminatedValue,10,30117,2,3,0,ok-sos001,2022,Marka,Kvinner,40-49,Antall mottakere av AAP,
EliminatedValue,10,30117,2,4,0,ok-sos001,2022,Marka,Kvinner,50-59,Antall mottakere av AAP,
EliminatedValue,10,30117,2,5,0,ok-sos001,2022,Marka,Kvinner,60+,Antall mottakere av AAP,
EliminatedValue,11,301,0,0,0,ok-sos001,2023,Oslo i alt,Begge kjønn,Alder i alt,Antall mottakere av AAP,17961
EliminatedValue,11,301,0,1,0,ok-sos001,2023,Oslo i alt,Begge kjønn,Under 30,Antall mottakere av AAP,3192
EliminatedValue,11,301,0,2,0,ok-sos001,2023,Oslo i alt,Begge kjønn,30-39,Antall mottakere av AAP,4323
EliminatedValue,11,301,0,3,0,ok-sos001,2023,Oslo i alt,Begge kjønn,40-49,Antall mottakere av AAP,4507
EliminatedValue,11,301,0,4,0,ok-sos001,2023,Oslo i alt,Begge kjønn,50-59,Antall mottakere av AAP,4216
EliminatedValue,11,301,0,5,0,ok-sos001,2023,Oslo i alt,Begge kjønn,60+,Antall mottakere av AAP,1723
EliminatedValue,11,301,1,0,0,ok-sos001,2023,Oslo i alt,Menn,Alder i alt,Antall mottakere av AAP,7818
EliminatedValue,11,301,1,1,0,ok-sos001,2023,Oslo i alt,Menn,Under 30,Antall mottakere av AAP,1369
EliminatedValue,11,301,1,2,0,ok-sos001,2023,Oslo i alt,Menn,30-39,Antall mottakere av AAP,1855
EliminatedValue,11,301,1,3,0,ok-sos001,2023,Oslo i alt,Menn,40-49,Antall mottakere av AAP,1870
EliminatedValue,11,301,1,4,0,ok-sos001,2023,Oslo i alt,Menn,50-59,Antall mottakere av AAP,1822
EliminatedValue,11,301,1,5,0,ok-sos001,2023,Oslo i alt,Menn,60+,Antall mottakere av AAP,902
EliminatedValue,11,301,2,0,0,ok-sos001,2023,Oslo i alt,Kvinner,Alder i alt,Antall mottakere av AAP,10143
EliminatedValue,11,301,2,1,0,ok-sos001,2023,Oslo i alt,Kvinner,Under 30,Antall mottakere av AAP,1823
EliminatedValue,11,301,2,2,0,ok-sos001,2023,Oslo i alt,Kvinner,30-39,Antall mottakere av AAP,2468
EliminatedValue,11,301,2,3,0,ok-sos001,2023,Oslo i alt,Kvinner,40-49,Antall mottakere av AAP,2637
EliminatedValue,11,301,2,4,0,ok-sos001,2023,Oslo i alt,Kvinner,50-59,Antall mottakere av AAP,2394
EliminatedValue,11,301,2,5,0,ok-sos001,2023,Oslo i alt,Kvinner,60+,Antall mottakere av AAP,821
EliminatedValue,11,30101,0,0,0,ok-sos001,2023,Gamle Oslo,Begge kjønn,Alder i alt,Antall mottakere av AAP,1671
EliminatedValue,11,30101,0,1,0,ok-sos001,2023,Gamle Oslo,Begge kjønn,Under 30,Antall mottakere av AAP,321
EliminatedValue,11,30101,0,2,0,ok-sos001,2023,Gamle Oslo,Begge kjønn,30-39,Antall mottakere av AAP,448
EliminatedValue,11,30101,0,3,0,ok-sos001,2023,Gamle Oslo,Begge kjønn,40-49,Antall mottakere av AAP,428
EliminatedValue,11,30101,0,4,0,ok-sos001,2023,Gamle Oslo,Begge kjønn,50-59,Antall mottakere av AAP,359
EliminatedValue,11,30101,0,5,0,ok-sos001,2023,Gamle Oslo,Begge kjønn,60+,Antall mottakere av AAP,115
EliminatedValue,11,30101,1,0,0,ok-sos001,2023,Gamle Oslo,Menn,Alder i alt,Antall mottakere av AAP,747
EliminatedValue,11,30101,1,1,0,ok-sos001,2023,Gamle Oslo,Menn,Under 30,Antall mottakere av AAP,119
EliminatedValue,11,30101,1,2,0,ok-sos001,2023,Gamle Oslo,Menn,30-39,Antall mottakere av AAP,202
EliminatedValue,11,30101,1,3,0,ok-sos001,2023,Gamle Oslo,Menn,40-49,Antall mottakere av AAP,189
EliminatedValue,11,30101,1,4,0,ok-sos001,2023,Gamle Oslo,Menn,50-59,Antall mottakere av AAP,178
EliminatedValue,11,30101,1,5,0,ok-sos001,2023,Gamle Oslo,Menn,60+,Antall mottakere av AAP,59
EliminatedValue,11,30101,2,0,0,ok-sos001,2023,Gamle Oslo,Kvinner,Alder i alt,Antall mottakere av AAP,924
EliminatedValue,11,30101,2,1,0,ok-sos001,2023,Gamle Oslo,Kvinner,Under 30,Antall mottakere av AAP,202
EliminatedValue,11,30101,2,2,0,ok-sos001,2023,Gamle Oslo,Kvinner,30-39,Antall mottakere av AAP,246
EliminatedValue,11,30101,2,3,0,ok-sos001,2023,Gamle Oslo,Kvinner,40-49,Antall mottakere av AAP,239
EliminatedValue,11,30101,2,4,0,ok-sos001,2023,Gamle Oslo,Kvinner,50-59,Antall mottakere av AAP,181
EliminatedValue,11,30101,2,5,0,ok-sos001,2023,Gamle Oslo,Kvinner,60+,Antall mottakere av AAP,56
EliminatedValue,11,30102,0,0,0,ok-sos001,2023,Grünerløkka,Begge kjønn,Alder i alt,Antall mottakere av AAP,1638
EliminatedValue,11,30102,0,1,0,ok-sos001,2023,Grünerløkka,Begge kjønn,Under 30,Antall mottakere av AAP,346
EliminatedValue,11,30102,0,2,0,ok-sos001,2023,Grünerløkka,Begge kjønn,30-39,Antall mottakere av AAP,452
EliminatedValue,11,30102,0,3,0,ok-sos001,2023,Grünerløkka,Begge kjønn,40-49,Antall mottakere av AAP,403
EliminatedValue,11,30102,0,4,0,ok-sos001,2023,Grünerløkka,Begge kjønn,50-59,Antall mottakere av AAP,304
EliminatedValue,11,30102,0,5,0,ok-sos001,2023,Grünerløkka,Begge kjønn,60+,Antall mottakere av AAP,133
EliminatedValue,11,30102,1,0,0,ok-sos001,2023,Grünerløkka,Menn,Alder i alt,Antall mottakere av AAP,740
EliminatedValue,11,30102,1,1,0,ok-sos001,2023,Grünerløkka,Menn,Under 30,Antall mottakere av AAP,141
EliminatedValue,11,30102,1,2,0,ok-sos001,2023,Grünerløkka,Menn,30-39,Antall mottakere av AAP,182
EliminatedValue,11,30102,1,3,0,ok-sos001,2023,Grünerløkka,Menn,40-49,Antall mottakere av AAP,190
EliminatedValue,11,30102,1,4,0,ok-sos001,2023,Grünerløkka,Menn,50-59,Antall mottakere av AAP,156
EliminatedValue,11,30102,1,5,0,ok-sos001,2023,Grünerløkka,Menn,60+,Antall mottakere av AAP,71
EliminatedValue,11,30102,2,0,0,ok-sos001,2023,Grünerløkka,Kvinner,Alder i alt,Antall mottakere av AAP,898
EliminatedValue,11,30102,2,1,0,ok-sos001,2023,Grünerløkka,Kvinner,Under 30,Antall mottakere av AAP,205
EliminatedValue,11,30102,2,2,0,ok-sos001,2023,Grünerløkka,Kvinner,30-39,Antall mottakere av AAP,270
EliminatedValue,11,30102,2,3,0,ok-sos001,2023,Grünerløkka,Kvinner,40-49,Antall mottakere av AAP,213
EliminatedValue,11,30102,2,4,0,ok-sos001,2023,Grünerløkka,Kvinner,50-59,Antall mottakere av AAP,148
EliminatedValue,11,30102,2,5,0,ok-sos001,2023,Grünerløkka,Kvinner,60+,Antall mottakere av AAP,62
EliminatedValue,11,30103,0,0,0,ok-sos001,2023,Sagene,Begge kjønn,Alder i alt,Antall mottakere av AAP,1291
EliminatedValue,11,30103,0,1,0,ok-sos001,2023,Sagene,Begge kjønn,Under 30,Antall mottakere av AAP,261
EliminatedValue,11,30103,0,2,0,ok-sos001,2023,Sagene,Begge kjønn,30-39,Antall mottakere av AAP,373
EliminatedValue,11,30103,0,3,0,ok-sos001,2023,Sagene,Begge kjønn,40-49,Antall mottakere av AAP,319
EliminatedValue,11,30103,0,4,0,ok-sos001,2023,Sagene,Begge kjønn,50-59,Antall mottakere av AAP,250
EliminatedValue,11,30103,0,5,0,ok-sos001,2023,Sagene,Begge kjønn,60+,Antall mottakere av AAP,88
EliminatedValue,11,30103,1,0,0,ok-sos001,2023,Sagene,Menn,Alder i alt,Antall mottakere av AAP,587
EliminatedValue,11,30103,1,1,0,ok-sos001,2023,Sagene,Menn,Under 30,Antall mottakere av AAP,106
EliminatedValue,11,30103,1,2,0,ok-sos001,2023,Sagene,Menn,30-39,Antall mottakere av AAP,154
EliminatedValue,11,30103,1,3,0,ok-sos001,2023,Sagene,Menn,40-49,Antall mottakere av AAP,158
EliminatedValue,11,30103,1,4,0,ok-sos001,2023,Sagene,Menn,50-59,Antall mottakere av AAP,121
EliminatedValue,11,30103,1,5,0,ok-sos001,2023,Sagene,Menn,60+,Antall mottakere av AAP,48
EliminatedValue,11,30103,2,0,0,ok-sos001,2023,Sagene,Kvinner,Alder i alt,Antall mottakere av AAP,704
EliminatedValue,11,30103,2,1,0,ok-sos001,2023,Sagene,Kvinner,Under 30,Antall mottakere av AAP,155
EliminatedValue,11,30103,2,2,0,ok-sos001,2023,Sagene,Kvinner,30-39,Antall mottakere av AAP,219
EliminatedValue,11,30103,2,3,0,ok-sos001,2023,Sagene,Kvinner,40-49,Antall mottakere av AAP,161
EliminatedValue,11,30103,2,4,0,ok-sos001,2023,Sagene,Kvinner,50-59,Antall mottakere av AAP,129
EliminatedValue,11,30103,2,5,0,ok-sos001,2023,Sagene,Kvinner,60+,Antall mottakere av AAP,40
EliminatedValue,11,30104,0,0,0,ok-sos001,2023,St. Hanshaugen,Begge kjønn,Alder i alt,Antall mottakere av AAP,989
EliminatedValue,11,30104,0,1,0,ok-sos001,2023,St. Hanshaugen,Begge kjønn,Under 30,Antall mottakere av AAP,299
EliminatedValue,11,30104,0,2,0,ok-sos001,2023,St. Hanshaugen,Begge kjønn,30-39,Antall mottakere av AAP,298
EliminatedValue,11,30104,0,3,0,ok-sos001,2023,St. Hanshaugen,Begge kjønn,40-49,Antall mottakere av AAP,189
EliminatedValue,11,30104,0,4,0,ok-sos001,2023,St. Hanshaugen,Begge kjønn,50-59,Antall mottakere av AAP,145
EliminatedValue,11,30104,0,5,0,ok-sos001,2023,St. Hanshaugen,Begge kjønn,60+,Antall mottakere av AAP,58
EliminatedValue,11,30104,1,0,0,ok-sos001,2023,St. Hanshaugen,Menn,Alder i alt,Antall mottakere av AAP,433
EliminatedValue,11,30104,1,1,0,ok-sos001,2023,St. Hanshaugen,Menn,Under 30,Antall mottakere av AAP,107
EliminatedValue,11,30104,1,2,0,ok-sos001,2023,St. Hanshaugen,Menn,30-39,Antall mottakere av AAP,137
EliminatedValue,11,30104,1,3,0,ok-sos001,2023,St. Hanshaugen,Menn,40-49,Antall mottakere av AAP,94
EliminatedValue,11,30104,1,4,0,ok-sos001,2023,St. Hanshaugen,Menn,50-59,Antall mottakere av AAP,62
EliminatedValue,11,30104,1,5,0,ok-sos001,2023,St. Hanshaugen,Menn,60+,Antall mottakere av AAP,33
EliminatedValue,11,30104,2,0,0,ok-sos001,2023,St. Hanshaugen,Kvinner,Alder i alt,Antall mottakere av AAP,556
EliminatedValue,11,30104,2,1,0,ok-sos001,2023,St. Hanshaugen,Kvinner,Under 30,Antall mottakere av AAP,192
EliminatedValue,11,30104,2,2,0,ok-sos001,2023,St. Hanshaugen,Kvinner,30-39,Antall mottakere av AAP,161
EliminatedValue,11,30104,2,3,0,ok-sos001,2023,St. Hanshaugen,Kvinner,40-49,Antall mottakere av AAP,95
EliminatedValue,11,30104,2,4,0,ok-sos001,2023,St. Hanshaugen,Kvinner,50-59,Antall mottakere av AAP,83
EliminatedValue,11,30104,2,5,0,ok-sos001,2023,St. Hanshaugen,Kvinner,60+,Antall mottakere av AAP,25
EliminatedValue,11,30105,0,0,0,ok-sos001,2023,Frogner,Begge kjønn,Alder i alt,Antall mottakere av AAP,1305
EliminatedValue,11,30105,0,1,0,ok-sos001,2023,Frogner,Begge kjønn,Under 30,Antall mottakere av AAP,252
EliminatedValue,11,30105,0,2,0,ok-sos001,2023,Frogner,Begge kjønn,30-39,Antall mottakere av AAP,363
EliminatedValue,11,30105,0,3,0,ok-sos001,2023,Frogner,Begge kjønn,40-49,Antall mottakere av AAP,288
EliminatedValue,11,30105,0,4,0,ok-sos001,2023,Frogner,Begge kjønn,50-59,Antall mottakere av AAP,273
EliminatedValue,11,30105,0,5,0,ok-sos001,2023,Frogner,Begge kjønn,60+,Antall mottakere av AAP,129
EliminatedValue,11,30105,1,0,0,ok-sos001,2023,Frogner,Menn,Alder i alt,Antall mottakere av AAP,578
EliminatedValue,11,30105,1,1,0,ok-sos001,2023,Frogner,Menn,Under 30,Antall mottakere av AAP,87
EliminatedValue,11,30105,1,2,0,ok-sos001,2023,Frogner,Menn,30-39,Antall mottakere av AAP,164
EliminatedValue,11,30105,1,3,0,ok-sos001,2023,Frogner,Menn,40-49,Antall mottakere av AAP,137
EliminatedValue,11,30105,1,4,0,ok-sos001,2023,Frogner,Menn,50-59,Antall mottakere av AAP,120
EliminatedValue,11,30105,1,5,0,ok-sos001,2023,Frogner,Menn,60+,Antall mottakere av AAP,70
EliminatedValue,11,30105,2,0,0,ok-sos001,2023,Frogner,Kvinner,Alder i alt,Antall mottakere av AAP,727
EliminatedValue,11,30105,2,1,0,ok-sos001,2023,Frogner,Kvinner,Under 30,Antall mottakere av AAP,165
EliminatedValue,11,30105,2,2,0,ok-sos001,2023,Frogner,Kvinner,30-39,Antall mottakere av AAP,199
EliminatedValue,11,30105,2,3,0,ok-sos001,2023,Frogner,Kvinner,40-49,Antall mottakere av AAP,151
EliminatedValue,11,30105,2,4,0,ok-sos001,2023,Frogner,Kvinner,50-59,Antall mottakere av AAP,153
EliminatedValue,11,30105,2,5,0,ok-sos001,2023,Frogner,Kvinner,60+,Antall mottakere av AAP,59
EliminatedValue,11,30106,0,0,0,ok-sos001,2023,Ullern,Begge kjønn,Alder i alt,Antall mottakere av AAP,523
EliminatedValue,11,30106,0,1,0,ok-sos001,2023,Ullern,Begge kjønn,Under 30,Antall mottakere av AAP,85
EliminatedValue,11,30106,0,2,0,ok-sos001,2023,Ullern,Begge kjønn,30-39,Antall mottakere av AAP,117
EliminatedValue,11,30106,0,3,0,ok-sos001,2023,Ullern,Begge kjønn,40-49,Antall mottakere av AAP,124
EliminatedValue,11,30106,0,4,0,ok-sos001,2023,Ullern,Begge kjønn,50-59,Antall mottakere av AAP,138
EliminatedValue,11,30106,0,5,0,ok-sos001,2023,Ullern,Begge kjønn,60+,Antall mottakere av AAP,59
EliminatedValue,11,30106,1,0,0,ok-sos001,2023,Ullern,Menn,Alder i alt,Antall mottakere av AAP,211
EliminatedValue,11,30106,1,1,0,ok-sos001,2023,Ullern,Menn,Under 30,Antall mottakere av AAP,35
EliminatedValue,11,30106,1,2,0,ok-sos001,2023,Ullern,Menn,30-39,Antall mottakere av AAP,50
EliminatedValue,11,30106,1,3,0,ok-sos001,2023,Ullern,Menn,40-49,Antall mottakere av AAP,39
EliminatedValue,11,30106,1,4,0,ok-sos001,2023,Ullern,Menn,50-59,Antall mottakere av AAP,58
EliminatedValue,11,30106,1,5,0,ok-sos001,2023,Ullern,Menn,60+,Antall mottakere av AAP,29
EliminatedValue,11,30106,2,0,0,ok-sos001,2023,Ullern,Kvinner,Alder i alt,Antall mottakere av AAP,312
EliminatedValue,11,30106,2,1,0,ok-sos001,2023,Ullern,Kvinner,Under 30,Antall mottakere av AAP,50
EliminatedValue,11,30106,2,2,0,ok-sos001,2023,Ullern,Kvinner,30-39,Antall mottakere av AAP,67
EliminatedValue,11,30106,2,3,0,ok-sos001,2023,Ullern,Kvinner,40-49,Antall mottakere av AAP,85
EliminatedValue,11,30106,2,4,0,ok-sos001,2023,Ullern,Kvinner,50-59,Antall mottakere av AAP,80
EliminatedValue,11,30106,2,5,0,ok-sos001,2023,Ullern,Kvinner,60+,Antall mottakere av AAP,30
EliminatedValue,11,30107,0,0,0,ok-sos001,2023,Vestre Aker,Begge kjønn,Alder i alt,Antall mottakere av AAP,789
EliminatedValue,11,30107,0,1,0,ok-sos001,2023,Vestre Aker,Begge kjønn,Under 30,Antall mottakere av AAP,125
EliminatedValue,11,30107,0,2,0,ok-sos001,2023,Vestre Aker,Begge kjønn,30-39,Antall mottakere av AAP,173
EliminatedValue,11,30107,0,3,0,ok-sos001,2023,Vestre Aker,Begge kjønn,40-49,Antall mottakere av AAP,207
EliminatedValue,11,30107,0,4,0,ok-sos001,2023,Vestre Aker,Begge kjønn,50-59,Antall mottakere av AAP,194
EliminatedValue,11,30107,0,5,0,ok-sos001,2023,Vestre Aker,Begge kjønn,60+,Antall mottakere av AAP,90
EliminatedValue,11,30107,1,0,0,ok-sos001,2023,Vestre Aker,Menn,Alder i alt,Antall mottakere av AAP,302
EliminatedValue,11,30107,1,1,0,ok-sos001,2023,Vestre Aker,Menn,Under 30,Antall mottakere av AAP,57
EliminatedValue,11,30107,1,2,0,ok-sos001,2023,Vestre Aker,Menn,30-39,Antall mottakere av AAP,68
EliminatedValue,11,30107,1,3,0,ok-sos001,2023,Vestre Aker,Menn,40-49,Antall mottakere av AAP,71
EliminatedValue,11,30107,1,4,0,ok-sos001,2023,Vestre Aker,Menn,50-59,Antall mottakere av AAP,68
EliminatedValue,11,30107,1,5,0,ok-sos001,2023,Vestre Aker,Menn,60+,Antall mottakere av AAP,38
EliminatedValue,11,30107,2,0,0,ok-sos001,2023,Vestre Aker,Kvinner,Alder i alt,Antall mottakere av AAP,487
EliminatedValue,11,30107,2,1,0,ok-sos001,2023,Vestre Aker,Kvinner,Under 30,Antall mottakere av AAP,68
EliminatedValue,11,30107,2,2,0,ok-sos001,2023,Vestre Aker,Kvinner,30-39,Antall mottakere av AAP,105
EliminatedValue,11,30107,2,3,0,ok-sos001,2023,Vestre Aker,Kvinner,40-49,Antall mottakere av AAP,136
EliminatedValue,11,30107,2,4,0,ok-sos001,2023,Vestre Aker,Kvinner,50-59,Antall mottakere av AAP,126
EliminatedValue,11,30107,2,5,0,ok-sos001,2023,Vestre Aker,Kvinner,60+,Antall mottakere av AAP,52
EliminatedValue,11,30108,0,0,0,ok-sos001,2023,Nordre Aker,Begge kjønn,Alder i alt,Antall mottakere av AAP,933
EliminatedValue,11,30108,0,1,0,ok-sos001,2023,Nordre Aker,Begge kjønn,Under 30,Antall mottakere av AAP,212
EliminatedValue,11,30108,0,2,0,ok-sos001,2023,Nordre Aker,Begge kjønn,30-39,Antall mottakere av AAP,221
EliminatedValue,11,30108,0,3,0,ok-sos001,2023,Nordre Aker,Begge kjønn,40-49,Antall mottakere av AAP,189
EliminatedValue,11,30108,0,4,0,ok-sos001,2023,Nordre Aker,Begge kjønn,50-59,Antall mottakere av AAP,211
EliminatedValue,11,30108,0,5,0,ok-sos001,2023,Nordre Aker,Begge kjønn,60+,Antall mottakere av AAP,100
EliminatedValue,11,30108,1,0,0,ok-sos001,2023,Nordre Aker,Menn,Alder i alt,Antall mottakere av AAP,384
EliminatedValue,11,30108,1,1,0,ok-sos001,2023,Nordre Aker,Menn,Under 30,Antall mottakere av AAP,94
EliminatedValue,11,30108,1,2,0,ok-sos001,2023,Nordre Aker,Menn,30-39,Antall mottakere av AAP,87
EliminatedValue,11,30108,1,3,0,ok-sos001,2023,Nordre Aker,Menn,40-49,Antall mottakere av AAP,77
EliminatedValue,11,30108,1,4,0,ok-sos001,2023,Nordre Aker,Menn,50-59,Antall mottakere av AAP,75
EliminatedValue,11,30108,1,5,0,ok-sos001,2023,Nordre Aker,Menn,60+,Antall mottakere av AAP,51
EliminatedValue,11,30108,2,0,0,ok-sos001,2023,Nordre Aker,Kvinner,Alder i alt,Antall mottakere av AAP,549
EliminatedValue,11,30108,2,1,0,ok-sos001,2023,Nordre Aker,Kvinner,Under 30,Antall mottakere av AAP,118
EliminatedValue,11,30108,2,2,0,ok-sos001,2023,Nordre Aker,Kvinner,30-39,Antall mottakere av AAP,134
EliminatedValue,11,30108,2,3,0,ok-sos001,2023,Nordre Aker,Kvinner,40-49,Antall mottakere av AAP,112
EliminatedValue,11,30108,2,4,0,ok-sos001,2023,Nordre Aker,Kvinner,50-59,Antall mottakere av AAP,136
EliminatedValue,11,30108,2,5,0,ok-sos001,2023,Nordre Aker,Kvinner,60+,Antall mottakere av AAP,49
EliminatedValue,11,30109,0,0,0,ok-sos001,2023,Bjerke,Begge kjønn,Alder i alt,Antall mottakere av AAP,1059
EliminatedValue,11,30109,0,1,0,ok-sos001,2023,Bjerke,Begge kjønn,Under 30,Antall mottakere av AAP,145
EliminatedValue,11,30109,0,2,0,ok-sos001,2023,Bjerke,Begge kjønn,30-39,Antall mottakere av AAP,224
EliminatedValue,11,30109,0,3,0,ok-sos001,2023,Bjerke,Begge kjønn,40-49,Antall mottakere av AAP,316
EliminatedValue,11,30109,0,4,0,ok-sos001,2023,Bjerke,Begge kjønn,50-59,Antall mottakere av AAP,282
EliminatedValue,11,30109,0,5,0,ok-sos001,2023,Bjerke,Begge kjønn,60+,Antall mottakere av AAP,92
EliminatedValue,11,30109,1,0,0,ok-sos001,2023,Bjerke,Menn,Alder i alt,Antall mottakere av AAP,484
EliminatedValue,11,30109,1,1,0,ok-sos001,2023,Bjerke,Menn,Under 30,Antall mottakere av AAP,78
EliminatedValue,11,30109,1,2,0,ok-sos001,2023,Bjerke,Menn,30-39,Antall mottakere av AAP,94
EliminatedValue,11,30109,1,3,0,ok-sos001,2023,Bjerke,Menn,40-49,Antall mottakere av AAP,129
EliminatedValue,11,30109,1,4,0,ok-sos001,2023,Bjerke,Menn,50-59,Antall mottakere av AAP,137
EliminatedValue,11,30109,1,5,0,ok-sos001,2023,Bjerke,Menn,60+,Antall mottakere av AAP,46
EliminatedValue,11,30109,2,0,0,ok-sos001,2023,Bjerke,Kvinner,Alder i alt,Antall mottakere av AAP,575
EliminatedValue,11,30109,2,1,0,ok-sos001,2023,Bjerke,Kvinner,Under 30,Antall mottakere av AAP,67
EliminatedValue,11,30109,2,2,0,ok-sos001,2023,Bjerke,Kvinner,30-39,Antall mottakere av AAP,130
EliminatedValue,11,30109,2,3,0,ok-sos001,2023,Bjerke,Kvinner,40-49,Antall mottakere av AAP,187
EliminatedValue,11,30109,2,4,0,ok-sos001,2023,Bjerke,Kvinner,50-59,Antall mottakere av AAP,145
EliminatedValue,11,30109,2,5,0,ok-sos001,2023,Bjerke,Kvinner,60+,Antall mottakere av AAP,46
EliminatedValue,11,30110,0,0,0,ok-sos001,2023,Grorud,Begge kjønn,Alder i alt,Antall mottakere av AAP,893
EliminatedValue,11,30110,0,1,0,ok-sos001,2023,Grorud,Begge kjønn,Under 30,Antall mottakere av AAP,119
EliminatedValue,11,30110,0,2,0,ok-sos001,2023,Grorud,Begge kjønn,30-39,Antall mottakere av AAP,184
EliminatedValue,11,30110,0,3,0,ok-sos001,2023,Grorud,Begge kjønn,40-49,Antall mottakere av AAP,263
EliminatedValue,11,30110,0,4,0,ok-sos001,2023,Grorud,Begge kjønn,50-59,Antall mottakere av AAP,239
EliminatedValue,11,30110,0,5,0,ok-sos001,2023,Grorud,Begge kjønn,60+,Antall mottakere av AAP,88
EliminatedValue,11,30110,1,0,0,ok-sos001,2023,Grorud,Menn,Alder i alt,Antall mottakere av AAP,388
EliminatedValue,11,30110,1,1,0,ok-sos001,2023,Grorud,Menn,Under 30,Antall mottakere av AAP,58
EliminatedValue,11,30110,1,2,0,ok-sos001,2023,Grorud,Menn,30-39,Antall mottakere av AAP,73
EliminatedValue,11,30110,1,3,0,ok-sos001,2023,Grorud,Menn,40-49,Antall mottakere av AAP,103
EliminatedValue,11,30110,1,4,0,ok-sos001,2023,Grorud,Menn,50-59,Antall mottakere av AAP,102
EliminatedValue,11,30110,1,5,0,ok-sos001,2023,Grorud,Menn,60+,Antall mottakere av AAP,52
EliminatedValue,11,30110,2,0,0,ok-sos001,2023,Grorud,Kvinner,Alder i alt,Antall mottakere av AAP,505
EliminatedValue,11,30110,2,1,0,ok-sos001,2023,Grorud,Kvinner,Under 30,Antall mottakere av AAP,61
EliminatedValue,11,30110,2,2,0,ok-sos001,2023,Grorud,Kvinner,30-39,Antall mottakere av AAP,111
EliminatedValue,11,30110,2,3,0,ok-sos001,2023,Grorud,Kvinner,40-49,Antall mottakere av AAP,160
EliminatedValue,11,30110,2,4,0,ok-sos001,2023,Grorud,Kvinner,50-59,Antall mottakere av AAP,137
EliminatedValue,11,30110,2,5,0,ok-sos001,2023,Grorud,Kvinner,60+,Antall mottakere av AAP,36
EliminatedValue,11,30111,0,0,0,ok-sos001,2023,Stovner,Begge kjønn,Alder i alt,Antall mottakere av AAP,1313
EliminatedValue,11,30111,0,1,0,ok-sos001,2023,Stovner,Begge kjønn,Under 30,Antall mottakere av AAP,160
EliminatedValue,11,30111,0,2,0,ok-sos001,2023,Stovner,Begge kjønn,30-39,Antall mottakere av AAP,263
EliminatedValue,11,30111,0,3,0,ok-sos001,2023,Stovner,Begge kjønn,40-49,Antall mottakere av AAP,327
EliminatedValue,11,30111,0,4,0,ok-sos001,2023,Stovner,Begge kjønn,50-59,Antall mottakere av AAP,410
EliminatedValue,11,30111,0,5,0,ok-sos001,2023,Stovner,Begge kjønn,60+,Antall mottakere av AAP,153
EliminatedValue,11,30111,1,0,0,ok-sos001,2023,Stovner,Menn,Alder i alt,Antall mottakere av AAP,598
EliminatedValue,11,30111,1,1,0,ok-sos001,2023,Stovner,Menn,Under 30,Antall mottakere av AAP,81
EliminatedValue,11,30111,1,2,0,ok-sos001,2023,Stovner,Menn,30-39,Antall mottakere av AAP,118
EliminatedValue,11,30111,1,3,0,ok-sos001,2023,Stovner,Menn,40-49,Antall mottakere av AAP,140
EliminatedValue,11,30111,1,4,0,ok-sos001,2023,Stovner,Menn,50-59,Antall mottakere av AAP,176
EliminatedValue,11,30111,1,5,0,ok-sos001,2023,Stovner,Menn,60+,Antall mottakere av AAP,83
EliminatedValue,11,30111,2,0,0,ok-sos001,2023,Stovner,Kvinner,Alder i alt,Antall mottakere av AAP,715
EliminatedValue,11,30111,2,1,0,ok-sos001,2023,Stovner,Kvinner,Under 30,Antall mottakere av AAP,79
EliminatedValue,11,30111,2,2,0,ok-sos001,2023,Stovner,Kvinner,30-39,Antall mottakere av AAP,145
EliminatedValue,11,30111,2,3,0,ok-sos001,2023,Stovner,Kvinner,40-49,Antall mottakere av AAP,187
EliminatedValue,11,30111,2,4,0,ok-sos001,2023,Stovner,Kvinner,50-59,Antall mottakere av AAP,234
EliminatedValue,11,30111,2,5,0,ok-sos001,2023,Stovner,Kvinner,60+,Antall mottakere av AAP,70
EliminatedValue,11,30112,0,0,0,ok-sos001,2023,Alna,Begge kjønn,Alder i alt,Antall mottakere av AAP,1767
EliminatedValue,11,30112,0,1,0,ok-sos001,2023,Alna,Begge kjønn,Under 30,Antall mottakere av AAP,243
EliminatedValue,11,30112,0,2,0,ok-sos001,2023,Alna,Begge kjønn,30-39,Antall mottakere av AAP,446
EliminatedValue,11,30112,0,3,0,ok-sos001,2023,Alna,Begge kjønn,40-49,Antall mottakere av AAP,463
EliminatedValue,11,30112,0,4,0,ok-sos001,2023,Alna,Begge kjønn,50-59,Antall mottakere av AAP,444
EliminatedValue,11,30112,0,5,0,ok-sos001,2023,Alna,Begge kjønn,60+,Antall mottakere av AAP,171
EliminatedValue,11,30112,1,0,0,ok-sos001,2023,Alna,Menn,Alder i alt,Antall mottakere av AAP,824
EliminatedValue,11,30112,1,1,0,ok-sos001,2023,Alna,Menn,Under 30,Antall mottakere av AAP,125
EliminatedValue,11,30112,1,2,0,ok-sos001,2023,Alna,Menn,30-39,Antall mottakere av AAP,193
EliminatedValue,11,30112,1,3,0,ok-sos001,2023,Alna,Menn,40-49,Antall mottakere av AAP,196
EliminatedValue,11,30112,1,4,0,ok-sos001,2023,Alna,Menn,50-59,Antall mottakere av AAP,206
EliminatedValue,11,30112,1,5,0,ok-sos001,2023,Alna,Menn,60+,Antall mottakere av AAP,104
EliminatedValue,11,30112,2,0,0,ok-sos001,2023,Alna,Kvinner,Alder i alt,Antall mottakere av AAP,943
EliminatedValue,11,30112,2,1,0,ok-sos001,2023,Alna,Kvinner,Under 30,Antall mottakere av AAP,118
EliminatedValue,11,30112,2,2,0,ok-sos001,2023,Alna,Kvinner,30-39,Antall mottakere av AAP,253
EliminatedValue,11,30112,2,3,0,ok-sos001,2023,Alna,Kvinner,40-49,Antall mottakere av AAP,267
EliminatedValue,11,30112,2,4,0,ok-sos001,2023,Alna,Kvinner,50-59,Antall mottakere av AAP,238
EliminatedValue,11,30112,2,5,0,ok-sos001,2023,Alna,Kvinner,60+,Antall mottakere av AAP,67
EliminatedValue,11,30113,0,0,0,ok-sos001,2023,Østensjø,Begge kjønn,Alder i alt,Antall mottakere av AAP,1224
EliminatedValue,11,30113,0,1,0,ok-sos001,2023,Østensjø,Begge kjønn,Under 30,Antall mottakere av AAP,191
EliminatedValue,11,30113,0,2,0,ok-sos001,2023,Østensjø,Begge kjønn,30-39,Antall mottakere av AAP,254
EliminatedValue,11,30113,0,3,0,ok-sos001,2023,Østensjø,Begge kjønn,40-49,Antall mottakere av AAP,319
EliminatedValue,11,30113,0,4,0,ok-sos001,2023,Østensjø,Begge kjønn,50-59,Antall mottakere av AAP,317
EliminatedValue,11,30113,0,5,0,ok-sos001,2023,Østensjø,Begge kjønn,60+,Antall mottakere av AAP,143
EliminatedValue,11,30113,1,0,0,ok-sos001,2023,Østensjø,Menn,Alder i alt,Antall mottakere av AAP,454
EliminatedValue,11,30113,1,1,0,ok-sos001,2023,Østensjø,Menn,Under 30,Antall mottakere av AAP,68
EliminatedValue,11,30113,1,2,0,ok-sos001,2023,Østensjø,Menn,30-39,Antall mottakere av AAP,107
EliminatedValue,11,30113,1,3,0,ok-sos001,2023,Østensjø,Menn,40-49,Antall mottakere av AAP,103
EliminatedValue,11,30113,1,4,0,ok-sos001,2023,Østensjø,Menn,50-59,Antall mottakere av AAP,111
EliminatedValue,11,30113,1,5,0,ok-sos001,2023,Østensjø,Menn,60+,Antall mottakere av AAP,65
EliminatedValue,11,30113,2,0,0,ok-sos001,2023,Østensjø,Kvinner,Alder i alt,Antall mottakere av AAP,770
EliminatedValue,11,30113,2,1,0,ok-sos001,2023,Østensjø,Kvinner,Under 30,Antall mottakere av AAP,123
EliminatedValue,11,30113,2,2,0,ok-sos001,2023,Østensjø,Kvinner,30-39,Antall mottakere av AAP,147
EliminatedValue,11,30113,2,3,0,ok-sos001,2023,Østensjø,Kvinner,40-49,Antall mottakere av AAP,216
EliminatedValue,11,30113,2,4,0,ok-sos001,2023,Østensjø,Kvinner,50-59,Antall mottakere av AAP,206
EliminatedValue,11,30113,2,5,0,ok-sos001,2023,Østensjø,Kvinner,60+,Antall mottakere av AAP,78
EliminatedValue,11,30114,0,0,0,ok-sos001,2023,Nordstrand,Begge kjønn,Alder i alt,Antall mottakere av AAP,1070
EliminatedValue,11,30114,0,1,0,ok-sos001,2023,Nordstrand,Begge kjønn,Under 30,Antall mottakere av AAP,229
EliminatedValue,11,30114,0,2,0,ok-sos001,2023,Nordstrand,Begge kjønn,30-39,Antall mottakere av AAP,213
EliminatedValue,11,30114,0,3,0,ok-sos001,2023,Nordstrand,Begge kjønn,40-49,Antall mottakere av AAP,276
EliminatedValue,11,30114,0,4,0,ok-sos001,2023,Nordstrand,Begge kjønn,50-59,Antall mottakere av AAP,245
EliminatedValue,11,30114,0,5,0,ok-sos001,2023,Nordstrand,Begge kjønn,60+,Antall mottakere av AAP,107
EliminatedValue,11,30114,1,0,0,ok-sos001,2023,Nordstrand,Menn,Alder i alt,Antall mottakere av AAP,448
EliminatedValue,11,30114,1,1,0,ok-sos001,2023,Nordstrand,Menn,Under 30,Antall mottakere av AAP,104
EliminatedValue,11,30114,1,2,0,ok-sos001,2023,Nordstrand,Menn,30-39,Antall mottakere av AAP,95
EliminatedValue,11,30114,1,3,0,ok-sos001,2023,Nordstrand,Menn,40-49,Antall mottakere av AAP,103
EliminatedValue,11,30114,1,4,0,ok-sos001,2023,Nordstrand,Menn,50-59,Antall mottakere av AAP,94
EliminatedValue,11,30114,1,5,0,ok-sos001,2023,Nordstrand,Menn,60+,Antall mottakere av AAP,52
EliminatedValue,11,30114,2,0,0,ok-sos001,2023,Nordstrand,Kvinner,Alder i alt,Antall mottakere av AAP,622
EliminatedValue,11,30114,2,1,0,ok-sos001,2023,Nordstrand,Kvinner,Under 30,Antall mottakere av AAP,125
EliminatedValue,11,30114,2,2,0,ok-sos001,2023,Nordstrand,Kvinner,30-39,Antall mottakere av AAP,118
EliminatedValue,11,30114,2,3,0,ok-sos001,2023,Nordstrand,Kvinner,40-49,Antall mottakere av AAP,173
EliminatedValue,11,30114,2,4,0,ok-sos001,2023,Nordstrand,Kvinner,50-59,Antall mottakere av AAP,151
EliminatedValue,11,30114,2,5,0,ok-sos001,2023,Nordstrand,Kvinner,60+,Antall mottakere av AAP,55
EliminatedValue,11,30115,0,0,0,ok-sos001,2023,Søndre Nordstrand,Begge kjønn,Alder i alt,Antall mottakere av AAP,1438
EliminatedValue,11,30115,0,1,0,ok-sos001,2023,Søndre Nordstrand,Begge kjønn,Under 30,Antall mottakere av AAP,189
EliminatedValue,11,30115,0,2,0,ok-sos001,2023,Søndre Nordstrand,Begge kjønn,30-39,Antall mottakere av AAP,282
EliminatedValue,11,30115,0,3,0,ok-sos001,2023,Søndre Nordstrand,Begge kjønn,40-49,Antall mottakere av AAP,381
EliminatedValue,11,30115,0,4,0,ok-sos001,2023,Søndre Nordstrand,Begge kjønn,50-59,Antall mottakere av AAP,393
EliminatedValue,11,30115,0,5,0,ok-sos001,2023,Søndre Nordstrand,Begge kjønn,60+,Antall mottakere av AAP,193
EliminatedValue,11,30115,1,0,0,ok-sos001,2023,Søndre Nordstrand,Menn,Alder i alt,Antall mottakere av AAP,610
EliminatedValue,11,30115,1,1,0,ok-sos001,2023,Søndre Nordstrand,Menn,Under 30,Antall mottakere av AAP,104
EliminatedValue,11,30115,1,2,0,ok-sos001,2023,Søndre Nordstrand,Menn,30-39,Antall mottakere av AAP,124
EliminatedValue,11,30115,1,3,0,ok-sos001,2023,Søndre Nordstrand,Menn,40-49,Antall mottakere av AAP,131
EliminatedValue,11,30115,1,4,0,ok-sos001,2023,Søndre Nordstrand,Menn,50-59,Antall mottakere av AAP,154
EliminatedValue,11,30115,1,5,0,ok-sos001,2023,Søndre Nordstrand,Menn,60+,Antall mottakere av AAP,97
EliminatedValue,11,30115,2,0,0,ok-sos001,2023,Søndre Nordstrand,Kvinner,Alder i alt,Antall mottakere av AAP,828
EliminatedValue,11,30115,2,1,0,ok-sos001,2023,Søndre Nordstrand,Kvinner,Under 30,Antall mottakere av AAP,85
EliminatedValue,11,30115,2,2,0,ok-sos001,2023,Søndre Nordstrand,Kvinner,30-39,Antall mottakere av AAP,158
EliminatedValue,11,30115,2,3,0,ok-sos001,2023,Søndre Nordstrand,Kvinner,40-49,Antall mottakere av AAP,250
EliminatedValue,11,30115,2,4,0,ok-sos001,2023,Søndre Nordstrand,Kvinner,50-59,Antall mottakere av AAP,239
EliminatedValue,11,30115,2,5,0,ok-sos001,2023,Søndre Nordstrand,Kvinner,60+,Antall mottakere av AAP,96
EliminatedValue,11,30116,0,0,0,ok-sos001,2023,Sentrum,Begge kjønn,Alder i alt,Antall mottakere av AAP,32
EliminatedValue,11,30116,0,1,0,ok-sos001,2023,Sentrum,Begge kjønn,Under 30,Antall mottakere av AAP,15
EliminatedValue,11,30116,0,2,0,ok-sos001,2023,Sentrum,Begge kjønn,30-39,Antall mottakere av AAP,7
EliminatedValue,11,30116,0,3,0,ok-sos001,2023,Sentrum,Begge kjønn,40-49,Antall mottakere av AAP,6
EliminatedValue,11,30116,0,4,0,ok-sos001,2023,Sentrum,Begge kjønn,50-59,Antall mottakere av AAP,4
EliminatedValue,11,30116,0,5,0,ok-sos001,2023,Sentrum,Begge kjønn,60+,Antall mottakere av AAP,
EliminatedValue,11,30116,1,0,0,ok-sos001,2023,Sentrum,Menn,Alder i alt,Antall mottakere av AAP,22
EliminatedValue,11,30116,1,1,0,ok-sos001,2023,Sentrum,Menn,Under 30,Antall mottakere av AAP,5
EliminatedValue,11,30116,1,2,0,ok-sos001,2023,Sentrum,Menn,30-39,Antall mottakere av AAP,7
EliminatedValue,11,30116,1,3,0,ok-sos001,2023,Sentrum,Menn,40-49,Antall mottakere av AAP,6
EliminatedValue,11,30116,1,4,0,ok-sos001,2023,Sentrum,Menn,50-59,Antall mottakere av AAP,4
EliminatedValue,11,30116,1,5,0,ok-sos001,2023,Sentrum,Menn,60+,Antall mottakere av AAP,
EliminatedValue,11,30116,2,0,0,ok-sos001,2023,Sentrum,Kvinner,Alder i alt,Antall mottakere av AAP,10
EliminatedValue,11,30116,2,1,0,ok-sos001,2023,Sentrum,Kvinner,Under 30,Antall mottakere av AAP,10
EliminatedValue,11,30116,2,2,0,ok-sos001,2023,Sentrum,Kvinner,30-39,Antall mottakere av AAP,
EliminatedValue,11,30116,2,3,0,ok-sos001,2023,Sentrum,Kvinner,40-49,Antall mottakere av AAP,
EliminatedValue,11,30116,2,4,0,ok-sos001,2023,Sentrum,Kvinner,50-59,Antall mottakere av AAP,
EliminatedValue,11,30116,2,5,0,ok-sos001,2023,Sentrum,Kvinner,60+,Antall mottakere av AAP,
EliminatedValue,11,30117,0,0,0,ok-sos001,2023,Marka,Begge kjønn,Alder i alt,Antall mottakere av AAP,26
EliminatedValue,11,30117,0,1,0,ok-sos001,2023,Marka,Begge kjønn,Under 30,Antall mottakere av AAP,
EliminatedValue,11,30117,0,2,0,ok-sos001,2023,Marka,Begge kjønn,30-39,Antall mottakere av AAP,5
EliminatedValue,11,30117,0,3,0,ok-sos001,2023,Marka,Begge kjønn,40-49,Antall mottakere av AAP,9
EliminatedValue,11,30117,0,4,0,ok-sos001,2023,Marka,Begge kjønn,50-59,Antall mottakere av AAP,8
EliminatedValue,11,30117,0,5,0,ok-sos001,2023,Marka,Begge kjønn,60+,Antall mottakere av AAP,4
EliminatedValue,11,30117,1,0,0,ok-sos001,2023,Marka,Menn,Alder i alt,Antall mottakere av AAP,8
EliminatedValue,11,30117,1,1,0,ok-sos001,2023,Marka,Menn,Under 30,Antall mottakere av AAP,
EliminatedValue,11,30117,1,2,0,ok-sos001,2023,Marka,Menn,30-39,Antall mottakere av AAP,
EliminatedValue,11,30117,1,3,0,ok-sos001,2023,Marka,Menn,40-49,Antall mottakere av AAP,4
EliminatedValue,11,30117,1,4,0,ok-sos001,2023,Marka,Menn,50-59,Antall mottakere av AAP,
EliminatedValue,11,30117,1,5,0,ok-sos001,2023,Marka,Menn,60+,Antall mottakere av AAP,4
EliminatedValue,11,30117,2,0,0,ok-sos001,2023,Marka,Kvinner,Alder i alt,Antall mottakere av AAP,18
EliminatedValue,11,30117,2,1,0,ok-sos001,2023,Marka,Kvinner,Under 30,Antall mottakere av AAP,
EliminatedValue,11,30117,2,2,0,ok-sos001,2023,Marka,Kvinner,30-39,Antall mottakere av AAP,5
EliminatedValue,11,30117,2,3,0,ok-sos001,2023,Marka,Kvinner,40-49,Antall mottakere av AAP,5
EliminatedValue,11,30117,2,4,0,ok-sos001,2023,Marka,Kvinner,50-59,Antall mottakere av AAP,8
EliminatedValue,11,30117,2,5,0,ok-sos001,2023,Marka,Kvinner,60+,Antall mottakere av AAP,
EliminatedValue,12,301,0,0,0,ok-sos001,2024,Oslo i alt,Begge kjønn,Alder i alt,Antall mottakere av AAP,19534
EliminatedValue,12,301,0,1,0,ok-sos001,2024,Oslo i alt,Begge kjønn,Under 30,Antall mottakere av AAP,3453
EliminatedValue,12,301,0,2,0,ok-sos001,2024,Oslo i alt,Begge kjønn,30-39,Antall mottakere av AAP,4884
EliminatedValue,12,301,0,3,0,ok-sos001,2024,Oslo i alt,Begge kjønn,40-49,Antall mottakere av AAP,4959
EliminatedValue,12,301,0,4,0,ok-sos001,2024,Oslo i alt,Begge kjønn,50-59,Antall mottakere av AAP,4483
EliminatedValue,12,301,0,5,0,ok-sos001,2024,Oslo i alt,Begge kjønn,60+,Antall mottakere av AAP,1755
EliminatedValue,12,301,1,0,0,ok-sos001,2024,Oslo i alt,Menn,Alder i alt,Antall mottakere av AAP,8441
EliminatedValue,12,301,1,1,0,ok-sos001,2024,Oslo i alt,Menn,Under 30,Antall mottakere av AAP,1445
EliminatedValue,12,301,1,2,0,ok-sos001,2024,Oslo i alt,Menn,30-39,Antall mottakere av AAP,2082
EliminatedValue,12,301,1,3,0,ok-sos001,2024,Oslo i alt,Menn,40-49,Antall mottakere av AAP,2036
EliminatedValue,12,301,1,4,0,ok-sos001,2024,Oslo i alt,Menn,50-59,Antall mottakere av AAP,1964
EliminatedValue,12,301,1,5,0,ok-sos001,2024,Oslo i alt,Menn,60+,Antall mottakere av AAP,914
EliminatedValue,12,301,2,0,0,ok-sos001,2024,Oslo i alt,Kvinner,Alder i alt,Antall mottakere av AAP,11093
EliminatedValue,12,301,2,1,0,ok-sos001,2024,Oslo i alt,Kvinner,Under 30,Antall mottakere av AAP,2008
EliminatedValue,12,301,2,2,0,ok-sos001,2024,Oslo i alt,Kvinner,30-39,Antall mottakere av AAP,2802
EliminatedValue,12,301,2,3,0,ok-sos001,2024,Oslo i alt,Kvinner,40-49,Antall mottakere av AAP,2923
EliminatedValue,12,301,2,4,0,ok-sos001,2024,Oslo i alt,Kvinner,50-59,Antall mottakere av AAP,2519
EliminatedValue,12,301,2,5,0,ok-sos001,2024,Oslo i alt,Kvinner,60+,Antall mottakere av AAP,841
EliminatedValue,12,30101,0,0,0,ok-sos001,2024,Gamle Oslo,Begge kjønn,Alder i alt,Antall mottakere av AAP,1848
EliminatedValue,12,30101,0,1,0,ok-sos001,2024,Gamle Oslo,Begge kjønn,Under 30,Antall mottakere av AAP,339
EliminatedValue,12,30101,0,2,0,ok-sos001,2024,Gamle Oslo,Begge kjønn,30-39,Antall mottakere av AAP,524
EliminatedValue,12,30101,0,3,0,ok-sos001,2024,Gamle Oslo,Begge kjønn,40-49,Antall mottakere av AAP,487
EliminatedValue,12,30101,0,4,0,ok-sos001,2024,Gamle Oslo,Begge kjønn,50-59,Antall mottakere av AAP,369
EliminatedValue,12,30101,0,5,0,ok-sos001,2024,Gamle Oslo,Begge kjønn,60+,Antall mottakere av AAP,129
EliminatedValue,12,30101,1,0,0,ok-sos001,2024,Gamle Oslo,Menn,Alder i alt,Antall mottakere av AAP,816
EliminatedValue,12,30101,1,1,0,ok-sos001,2024,Gamle Oslo,Menn,Under 30,Antall mottakere av AAP,131
EliminatedValue,12,30101,1,2,0,ok-sos001,2024,Gamle Oslo,Menn,30-39,Antall mottakere av AAP,205
EliminatedValue,12,30101,1,3,0,ok-sos001,2024,Gamle Oslo,Menn,40-49,Antall mottakere av AAP,223
EliminatedValue,12,30101,1,4,0,ok-sos001,2024,Gamle Oslo,Menn,50-59,Antall mottakere av AAP,194
EliminatedValue,12,30101,1,5,0,ok-sos001,2024,Gamle Oslo,Menn,60+,Antall mottakere av AAP,63
EliminatedValue,12,30101,2,0,0,ok-sos001,2024,Gamle Oslo,Kvinner,Alder i alt,Antall mottakere av AAP,1032
EliminatedValue,12,30101,2,1,0,ok-sos001,2024,Gamle Oslo,Kvinner,Under 30,Antall mottakere av AAP,208
EliminatedValue,12,30101,2,2,0,ok-sos001,2024,Gamle Oslo,Kvinner,30-39,Antall mottakere av AAP,319
EliminatedValue,12,30101,2,3,0,ok-sos001,2024,Gamle Oslo,Kvinner,40-49,Antall mottakere av AAP,264
EliminatedValue,12,30101,2,4,0,ok-sos001,2024,Gamle Oslo,Kvinner,50-59,Antall mottakere av AAP,175
EliminatedValue,12,30101,2,5,0,ok-sos001,2024,Gamle Oslo,Kvinner,60+,Antall mottakere av AAP,66
EliminatedValue,12,30102,0,0,0,ok-sos001,2024,Grünerløkka,Begge kjønn,Alder i alt,Antall mottakere av AAP,1891
EliminatedValue,12,30102,0,1,0,ok-sos001,2024,Grünerløkka,Begge kjønn,Under 30,Antall mottakere av AAP,377
EliminatedValue,12,30102,0,2,0,ok-sos001,2024,Grünerløkka,Begge kjønn,30-39,Antall mottakere av AAP,554
EliminatedValue,12,30102,0,3,0,ok-sos001,2024,Grünerløkka,Begge kjønn,40-49,Antall mottakere av AAP,445
EliminatedValue,12,30102,0,4,0,ok-sos001,2024,Grünerløkka,Begge kjønn,50-59,Antall mottakere av AAP,369
EliminatedValue,12,30102,0,5,0,ok-sos001,2024,Grünerløkka,Begge kjønn,60+,Antall mottakere av AAP,146
EliminatedValue,12,30102,1,0,0,ok-sos001,2024,Grünerløkka,Menn,Alder i alt,Antall mottakere av AAP,854
EliminatedValue,12,30102,1,1,0,ok-sos001,2024,Grünerløkka,Menn,Under 30,Antall mottakere av AAP,141
EliminatedValue,12,30102,1,2,0,ok-sos001,2024,Grünerløkka,Menn,30-39,Antall mottakere av AAP,249
EliminatedValue,12,30102,1,3,0,ok-sos001,2024,Grünerløkka,Menn,40-49,Antall mottakere av AAP,206
EliminatedValue,12,30102,1,4,0,ok-sos001,2024,Grünerløkka,Menn,50-59,Antall mottakere av AAP,185
EliminatedValue,12,30102,1,5,0,ok-sos001,2024,Grünerløkka,Menn,60+,Antall mottakere av AAP,73
EliminatedValue,12,30102,2,0,0,ok-sos001,2024,Grünerløkka,Kvinner,Alder i alt,Antall mottakere av AAP,1037
EliminatedValue,12,30102,2,1,0,ok-sos001,2024,Grünerløkka,Kvinner,Under 30,Antall mottakere av AAP,236
EliminatedValue,12,30102,2,2,0,ok-sos001,2024,Grünerløkka,Kvinner,30-39,Antall mottakere av AAP,305
EliminatedValue,12,30102,2,3,0,ok-sos001,2024,Grünerløkka,Kvinner,40-49,Antall mottakere av AAP,239
EliminatedValue,12,30102,2,4,0,ok-sos001,2024,Grünerløkka,Kvinner,50-59,Antall mottakere av AAP,184
EliminatedValue,12,30102,2,5,0,ok-sos001,2024,Grünerløkka,Kvinner,60+,Antall mottakere av AAP,73
EliminatedValue,12,30103,0,0,0,ok-sos001,2024,Sagene,Begge kjønn,Alder i alt,Antall mottakere av AAP,1402
EliminatedValue,12,30103,0,1,0,ok-sos001,2024,Sagene,Begge kjønn,Under 30,Antall mottakere av AAP,312
EliminatedValue,12,30103,0,2,0,ok-sos001,2024,Sagene,Begge kjønn,30-39,Antall mottakere av AAP,399
EliminatedValue,12,30103,0,3,0,ok-sos001,2024,Sagene,Begge kjønn,40-49,Antall mottakere av AAP,344
EliminatedValue,12,30103,0,4,0,ok-sos001,2024,Sagene,Begge kjønn,50-59,Antall mottakere av AAP,265
EliminatedValue,12,30103,0,5,0,ok-sos001,2024,Sagene,Begge kjønn,60+,Antall mottakere av AAP,82
EliminatedValue,12,30103,1,0,0,ok-sos001,2024,Sagene,Menn,Alder i alt,Antall mottakere av AAP,647
EliminatedValue,12,30103,1,1,0,ok-sos001,2024,Sagene,Menn,Under 30,Antall mottakere av AAP,141
EliminatedValue,12,30103,1,2,0,ok-sos001,2024,Sagene,Menn,30-39,Antall mottakere av AAP,166
EliminatedValue,12,30103,1,3,0,ok-sos001,2024,Sagene,Menn,40-49,Antall mottakere av AAP,167
EliminatedValue,12,30103,1,4,0,ok-sos001,2024,Sagene,Menn,50-59,Antall mottakere av AAP,127
EliminatedValue,12,30103,1,5,0,ok-sos001,2024,Sagene,Menn,60+,Antall mottakere av AAP,46
EliminatedValue,12,30103,2,0,0,ok-sos001,2024,Sagene,Kvinner,Alder i alt,Antall mottakere av AAP,755
EliminatedValue,12,30103,2,1,0,ok-sos001,2024,Sagene,Kvinner,Under 30,Antall mottakere av AAP,171
EliminatedValue,12,30103,2,2,0,ok-sos001,2024,Sagene,Kvinner,30-39,Antall mottakere av AAP,233
EliminatedValue,12,30103,2,3,0,ok-sos001,2024,Sagene,Kvinner,40-49,Antall mottakere av AAP,177
EliminatedValue,12,30103,2,4,0,ok-sos001,2024,Sagene,Kvinner,50-59,Antall mottakere av AAP,138
EliminatedValue,12,30103,2,5,0,ok-sos001,2024,Sagene,Kvinner,60+,Antall mottakere av AAP,36
EliminatedValue,12,30104,0,0,0,ok-sos001,2024,St. Hanshaugen,Begge kjønn,Alder i alt,Antall mottakere av AAP,1100
EliminatedValue,12,30104,0,1,0,ok-sos001,2024,St. Hanshaugen,Begge kjønn,Under 30,Antall mottakere av AAP,300
EliminatedValue,12,30104,0,2,0,ok-sos001,2024,St. Hanshaugen,Begge kjønn,30-39,Antall mottakere av AAP,358
EliminatedValue,12,30104,0,3,0,ok-sos001,2024,St. Hanshaugen,Begge kjønn,40-49,Antall mottakere av AAP,211
EliminatedValue,12,30104,0,4,0,ok-sos001,2024,St. Hanshaugen,Begge kjønn,50-59,Antall mottakere av AAP,171
EliminatedValue,12,30104,0,5,0,ok-sos001,2024,St. Hanshaugen,Begge kjønn,60+,Antall mottakere av AAP,60
EliminatedValue,12,30104,1,0,0,ok-sos001,2024,St. Hanshaugen,Menn,Alder i alt,Antall mottakere av AAP,478
EliminatedValue,12,30104,1,1,0,ok-sos001,2024,St. Hanshaugen,Menn,Under 30,Antall mottakere av AAP,107
EliminatedValue,12,30104,1,2,0,ok-sos001,2024,St. Hanshaugen,Menn,30-39,Antall mottakere av AAP,155
EliminatedValue,12,30104,1,3,0,ok-sos001,2024,St. Hanshaugen,Menn,40-49,Antall mottakere av AAP,103
EliminatedValue,12,30104,1,4,0,ok-sos001,2024,St. Hanshaugen,Menn,50-59,Antall mottakere av AAP,79
EliminatedValue,12,30104,1,5,0,ok-sos001,2024,St. Hanshaugen,Menn,60+,Antall mottakere av AAP,34
EliminatedValue,12,30104,2,0,0,ok-sos001,2024,St. Hanshaugen,Kvinner,Alder i alt,Antall mottakere av AAP,622
EliminatedValue,12,30104,2,1,0,ok-sos001,2024,St. Hanshaugen,Kvinner,Under 30,Antall mottakere av AAP,193
EliminatedValue,12,30104,2,2,0,ok-sos001,2024,St. Hanshaugen,Kvinner,30-39,Antall mottakere av AAP,203
EliminatedValue,12,30104,2,3,0,ok-sos001,2024,St. Hanshaugen,Kvinner,40-49,Antall mottakere av AAP,108
EliminatedValue,12,30104,2,4,0,ok-sos001,2024,St. Hanshaugen,Kvinner,50-59,Antall mottakere av AAP,92
EliminatedValue,12,30104,2,5,0,ok-sos001,2024,St. Hanshaugen,Kvinner,60+,Antall mottakere av AAP,26
EliminatedValue,12,30105,0,0,0,ok-sos001,2024,Frogner,Begge kjønn,Alder i alt,Antall mottakere av AAP,1378
EliminatedValue,12,30105,0,1,0,ok-sos001,2024,Frogner,Begge kjønn,Under 30,Antall mottakere av AAP,287
EliminatedValue,12,30105,0,2,0,ok-sos001,2024,Frogner,Begge kjønn,30-39,Antall mottakere av AAP,392
EliminatedValue,12,30105,0,3,0,ok-sos001,2024,Frogner,Begge kjønn,40-49,Antall mottakere av AAP,296
EliminatedValue,12,30105,0,4,0,ok-sos001,2024,Frogner,Begge kjønn,50-59,Antall mottakere av AAP,282
EliminatedValue,12,30105,0,5,0,ok-sos001,2024,Frogner,Begge kjønn,60+,Antall mottakere av AAP,121
EliminatedValue,12,30105,1,0,0,ok-sos001,2024,Frogner,Menn,Alder i alt,Antall mottakere av AAP,597
EliminatedValue,12,30105,1,1,0,ok-sos001,2024,Frogner,Menn,Under 30,Antall mottakere av AAP,102
EliminatedValue,12,30105,1,2,0,ok-sos001,2024,Frogner,Menn,30-39,Antall mottakere av AAP,176
EliminatedValue,12,30105,1,3,0,ok-sos001,2024,Frogner,Menn,40-49,Antall mottakere av AAP,135
EliminatedValue,12,30105,1,4,0,ok-sos001,2024,Frogner,Menn,50-59,Antall mottakere av AAP,122
EliminatedValue,12,30105,1,5,0,ok-sos001,2024,Frogner,Menn,60+,Antall mottakere av AAP,62
EliminatedValue,12,30105,2,0,0,ok-sos001,2024,Frogner,Kvinner,Alder i alt,Antall mottakere av AAP,781
EliminatedValue,12,30105,2,1,0,ok-sos001,2024,Frogner,Kvinner,Under 30,Antall mottakere av AAP,185
EliminatedValue,12,30105,2,2,0,ok-sos001,2024,Frogner,Kvinner,30-39,Antall mottakere av AAP,216
EliminatedValue,12,30105,2,3,0,ok-sos001,2024,Frogner,Kvinner,40-49,Antall mottakere av AAP,161
EliminatedValue,12,30105,2,4,0,ok-sos001,2024,Frogner,Kvinner,50-59,Antall mottakere av AAP,160
EliminatedValue,12,30105,2,5,0,ok-sos001,2024,Frogner,Kvinner,60+,Antall mottakere av AAP,59
EliminatedValue,12,30106,0,0,0,ok-sos001,2024,Ullern,Begge kjønn,Alder i alt,Antall mottakere av AAP,565
EliminatedValue,12,30106,0,1,0,ok-sos001,2024,Ullern,Begge kjønn,Under 30,Antall mottakere av AAP,100
EliminatedValue,12,30106,0,2,0,ok-sos001,2024,Ullern,Begge kjønn,30-39,Antall mottakere av AAP,126
EliminatedValue,12,30106,0,3,0,ok-sos001,2024,Ullern,Begge kjønn,40-49,Antall mottakere av AAP,132
EliminatedValue,12,30106,0,4,0,ok-sos001,2024,Ullern,Begge kjønn,50-59,Antall mottakere av AAP,136
EliminatedValue,12,30106,0,5,0,ok-sos001,2024,Ullern,Begge kjønn,60+,Antall mottakere av AAP,71
EliminatedValue,12,30106,1,0,0,ok-sos001,2024,Ullern,Menn,Alder i alt,Antall mottakere av AAP,240
EliminatedValue,12,30106,1,1,0,ok-sos001,2024,Ullern,Menn,Under 30,Antall mottakere av AAP,44
EliminatedValue,12,30106,1,2,0,ok-sos001,2024,Ullern,Menn,30-39,Antall mottakere av AAP,58
EliminatedValue,12,30106,1,3,0,ok-sos001,2024,Ullern,Menn,40-49,Antall mottakere av AAP,51
EliminatedValue,12,30106,1,4,0,ok-sos001,2024,Ullern,Menn,50-59,Antall mottakere av AAP,53
EliminatedValue,12,30106,1,5,0,ok-sos001,2024,Ullern,Menn,60+,Antall mottakere av AAP,34
EliminatedValue,12,30106,2,0,0,ok-sos001,2024,Ullern,Kvinner,Alder i alt,Antall mottakere av AAP,325
EliminatedValue,12,30106,2,1,0,ok-sos001,2024,Ullern,Kvinner,Under 30,Antall mottakere av AAP,56
EliminatedValue,12,30106,2,2,0,ok-sos001,2024,Ullern,Kvinner,30-39,Antall mottakere av AAP,68
EliminatedValue,12,30106,2,3,0,ok-sos001,2024,Ullern,Kvinner,40-49,Antall mottakere av AAP,81
EliminatedValue,12,30106,2,4,0,ok-sos001,2024,Ullern,Kvinner,50-59,Antall mottakere av AAP,83
EliminatedValue,12,30106,2,5,0,ok-sos001,2024,Ullern,Kvinner,60+,Antall mottakere av AAP,37
EliminatedValue,12,30107,0,0,0,ok-sos001,2024,Vestre Aker,Begge kjønn,Alder i alt,Antall mottakere av AAP,887
EliminatedValue,12,30107,0,1,0,ok-sos001,2024,Vestre Aker,Begge kjønn,Under 30,Antall mottakere av AAP,147
EliminatedValue,12,30107,0,2,0,ok-sos001,2024,Vestre Aker,Begge kjønn,30-39,Antall mottakere av AAP,211
EliminatedValue,12,30107,0,3,0,ok-sos001,2024,Vestre Aker,Begge kjønn,40-49,Antall mottakere av AAP,229
EliminatedValue,12,30107,0,4,0,ok-sos001,2024,Vestre Aker,Begge kjønn,50-59,Antall mottakere av AAP,205
EliminatedValue,12,30107,0,5,0,ok-sos001,2024,Vestre Aker,Begge kjønn,60+,Antall mottakere av AAP,95
EliminatedValue,12,30107,1,0,0,ok-sos001,2024,Vestre Aker,Menn,Alder i alt,Antall mottakere av AAP,341
EliminatedValue,12,30107,1,1,0,ok-sos001,2024,Vestre Aker,Menn,Under 30,Antall mottakere av AAP,58
EliminatedValue,12,30107,1,2,0,ok-sos001,2024,Vestre Aker,Menn,30-39,Antall mottakere av AAP,93
EliminatedValue,12,30107,1,3,0,ok-sos001,2024,Vestre Aker,Menn,40-49,Antall mottakere av AAP,69
EliminatedValue,12,30107,1,4,0,ok-sos001,2024,Vestre Aker,Menn,50-59,Antall mottakere av AAP,76
EliminatedValue,12,30107,1,5,0,ok-sos001,2024,Vestre Aker,Menn,60+,Antall mottakere av AAP,45
EliminatedValue,12,30107,2,0,0,ok-sos001,2024,Vestre Aker,Kvinner,Alder i alt,Antall mottakere av AAP,546
EliminatedValue,12,30107,2,1,0,ok-sos001,2024,Vestre Aker,Kvinner,Under 30,Antall mottakere av AAP,89
EliminatedValue,12,30107,2,2,0,ok-sos001,2024,Vestre Aker,Kvinner,30-39,Antall mottakere av AAP,118
EliminatedValue,12,30107,2,3,0,ok-sos001,2024,Vestre Aker,Kvinner,40-49,Antall mottakere av AAP,160
EliminatedValue,12,30107,2,4,0,ok-sos001,2024,Vestre Aker,Kvinner,50-59,Antall mottakere av AAP,129
EliminatedValue,12,30107,2,5,0,ok-sos001,2024,Vestre Aker,Kvinner,60+,Antall mottakere av AAP,50
EliminatedValue,12,30108,0,0,0,ok-sos001,2024,Nordre Aker,Begge kjønn,Alder i alt,Antall mottakere av AAP,982
EliminatedValue,12,30108,0,1,0,ok-sos001,2024,Nordre Aker,Begge kjønn,Under 30,Antall mottakere av AAP,230
EliminatedValue,12,30108,0,2,0,ok-sos001,2024,Nordre Aker,Begge kjønn,30-39,Antall mottakere av AAP,236
EliminatedValue,12,30108,0,3,0,ok-sos001,2024,Nordre Aker,Begge kjønn,40-49,Antall mottakere av AAP,206
EliminatedValue,12,30108,0,4,0,ok-sos001,2024,Nordre Aker,Begge kjønn,50-59,Antall mottakere av AAP,211
EliminatedValue,12,30108,0,5,0,ok-sos001,2024,Nordre Aker,Begge kjønn,60+,Antall mottakere av AAP,99
EliminatedValue,12,30108,1,0,0,ok-sos001,2024,Nordre Aker,Menn,Alder i alt,Antall mottakere av AAP,404
EliminatedValue,12,30108,1,1,0,ok-sos001,2024,Nordre Aker,Menn,Under 30,Antall mottakere av AAP,104
EliminatedValue,12,30108,1,2,0,ok-sos001,2024,Nordre Aker,Menn,30-39,Antall mottakere av AAP,105
EliminatedValue,12,30108,1,3,0,ok-sos001,2024,Nordre Aker,Menn,40-49,Antall mottakere av AAP,68
EliminatedValue,12,30108,1,4,0,ok-sos001,2024,Nordre Aker,Menn,50-59,Antall mottakere av AAP,76
EliminatedValue,12,30108,1,5,0,ok-sos001,2024,Nordre Aker,Menn,60+,Antall mottakere av AAP,51
EliminatedValue,12,30108,2,0,0,ok-sos001,2024,Nordre Aker,Kvinner,Alder i alt,Antall mottakere av AAP,578
EliminatedValue,12,30108,2,1,0,ok-sos001,2024,Nordre Aker,Kvinner,Under 30,Antall mottakere av AAP,126
EliminatedValue,12,30108,2,2,0,ok-sos001,2024,Nordre Aker,Kvinner,30-39,Antall mottakere av AAP,131
EliminatedValue,12,30108,2,3,0,ok-sos001,2024,Nordre Aker,Kvinner,40-49,Antall mottakere av AAP,138
EliminatedValue,12,30108,2,4,0,ok-sos001,2024,Nordre Aker,Kvinner,50-59,Antall mottakere av AAP,135
EliminatedValue,12,30108,2,5,0,ok-sos001,2024,Nordre Aker,Kvinner,60+,Antall mottakere av AAP,48
EliminatedValue,12,30109,0,0,0,ok-sos001,2024,Bjerke,Begge kjønn,Alder i alt,Antall mottakere av AAP,1111
EliminatedValue,12,30109,0,1,0,ok-sos001,2024,Bjerke,Begge kjønn,Under 30,Antall mottakere av AAP,164
EliminatedValue,12,30109,0,2,0,ok-sos001,2024,Bjerke,Begge kjønn,30-39,Antall mottakere av AAP,235
EliminatedValue,12,30109,0,3,0,ok-sos001,2024,Bjerke,Begge kjønn,40-49,Antall mottakere av AAP,323
EliminatedValue,12,30109,0,4,0,ok-sos001,2024,Bjerke,Begge kjønn,50-59,Antall mottakere av AAP,288
EliminatedValue,12,30109,0,5,0,ok-sos001,2024,Bjerke,Begge kjønn,60+,Antall mottakere av AAP,101
EliminatedValue,12,30109,1,0,0,ok-sos001,2024,Bjerke,Menn,Alder i alt,Antall mottakere av AAP,506
EliminatedValue,12,30109,1,1,0,ok-sos001,2024,Bjerke,Menn,Under 30,Antall mottakere av AAP,81
EliminatedValue,12,30109,1,2,0,ok-sos001,2024,Bjerke,Menn,30-39,Antall mottakere av AAP,101
EliminatedValue,12,30109,1,3,0,ok-sos001,2024,Bjerke,Menn,40-49,Antall mottakere av AAP,134
EliminatedValue,12,30109,1,4,0,ok-sos001,2024,Bjerke,Menn,50-59,Antall mottakere av AAP,135
EliminatedValue,12,30109,1,5,0,ok-sos001,2024,Bjerke,Menn,60+,Antall mottakere av AAP,55
EliminatedValue,12,30109,2,0,0,ok-sos001,2024,Bjerke,Kvinner,Alder i alt,Antall mottakere av AAP,605
EliminatedValue,12,30109,2,1,0,ok-sos001,2024,Bjerke,Kvinner,Under 30,Antall mottakere av AAP,83
EliminatedValue,12,30109,2,2,0,ok-sos001,2024,Bjerke,Kvinner,30-39,Antall mottakere av AAP,134
EliminatedValue,12,30109,2,3,0,ok-sos001,2024,Bjerke,Kvinner,40-49,Antall mottakere av AAP,189
EliminatedValue,12,30109,2,4,0,ok-sos001,2024,Bjerke,Kvinner,50-59,Antall mottakere av AAP,153
EliminatedValue,12,30109,2,5,0,ok-sos001,2024,Bjerke,Kvinner,60+,Antall mottakere av AAP,46
EliminatedValue,12,30110,0,0,0,ok-sos001,2024,Grorud,Begge kjønn,Alder i alt,Antall mottakere av AAP,917
EliminatedValue,12,30110,0,1,0,ok-sos001,2024,Grorud,Begge kjønn,Under 30,Antall mottakere av AAP,118
EliminatedValue,12,30110,0,2,0,ok-sos001,2024,Grorud,Begge kjønn,30-39,Antall mottakere av AAP,225
EliminatedValue,12,30110,0,3,0,ok-sos001,2024,Grorud,Begge kjønn,40-49,Antall mottakere av AAP,283
EliminatedValue,12,30110,0,4,0,ok-sos001,2024,Grorud,Begge kjønn,50-59,Antall mottakere av AAP,220
EliminatedValue,12,30110,0,5,0,ok-sos001,2024,Grorud,Begge kjønn,60+,Antall mottakere av AAP,71
EliminatedValue,12,30110,1,0,0,ok-sos001,2024,Grorud,Menn,Alder i alt,Antall mottakere av AAP,399
EliminatedValue,12,30110,1,1,0,ok-sos001,2024,Grorud,Menn,Under 30,Antall mottakere av AAP,55
EliminatedValue,12,30110,1,2,0,ok-sos001,2024,Grorud,Menn,30-39,Antall mottakere av AAP,90
EliminatedValue,12,30110,1,3,0,ok-sos001,2024,Grorud,Menn,40-49,Antall mottakere av AAP,120
EliminatedValue,12,30110,1,4,0,ok-sos001,2024,Grorud,Menn,50-59,Antall mottakere av AAP,95
EliminatedValue,12,30110,1,5,0,ok-sos001,2024,Grorud,Menn,60+,Antall mottakere av AAP,39
EliminatedValue,12,30110,2,0,0,ok-sos001,2024,Grorud,Kvinner,Alder i alt,Antall mottakere av AAP,518
EliminatedValue,12,30110,2,1,0,ok-sos001,2024,Grorud,Kvinner,Under 30,Antall mottakere av AAP,63
EliminatedValue,12,30110,2,2,0,ok-sos001,2024,Grorud,Kvinner,30-39,Antall mottakere av AAP,135
EliminatedValue,12,30110,2,3,0,ok-sos001,2024,Grorud,Kvinner,40-49,Antall mottakere av AAP,163
EliminatedValue,12,30110,2,4,0,ok-sos001,2024,Grorud,Kvinner,50-59,Antall mottakere av AAP,125
EliminatedValue,12,30110,2,5,0,ok-sos001,2024,Grorud,Kvinner,60+,Antall mottakere av AAP,32
EliminatedValue,12,30111,0,0,0,ok-sos001,2024,Stovner,Begge kjønn,Alder i alt,Antall mottakere av AAP,1473
EliminatedValue,12,30111,0,1,0,ok-sos001,2024,Stovner,Begge kjønn,Under 30,Antall mottakere av AAP,176
EliminatedValue,12,30111,0,2,0,ok-sos001,2024,Stovner,Begge kjønn,30-39,Antall mottakere av AAP,289
EliminatedValue,12,30111,0,3,0,ok-sos001,2024,Stovner,Begge kjønn,40-49,Antall mottakere av AAP,387
EliminatedValue,12,30111,0,4,0,ok-sos001,2024,Stovner,Begge kjønn,50-59,Antall mottakere av AAP,461
EliminatedValue,12,30111,0,5,0,ok-sos001,2024,Stovner,Begge kjønn,60+,Antall mottakere av AAP,160
EliminatedValue,12,30111,1,0,0,ok-sos001,2024,Stovner,Menn,Alder i alt,Antall mottakere av AAP,656
EliminatedValue,12,30111,1,1,0,ok-sos001,2024,Stovner,Menn,Under 30,Antall mottakere av AAP,95
EliminatedValue,12,30111,1,2,0,ok-sos001,2024,Stovner,Menn,30-39,Antall mottakere av AAP,116
EliminatedValue,12,30111,1,3,0,ok-sos001,2024,Stovner,Menn,40-49,Antall mottakere av AAP,161
EliminatedValue,12,30111,1,4,0,ok-sos001,2024,Stovner,Menn,50-59,Antall mottakere av AAP,197
EliminatedValue,12,30111,1,5,0,ok-sos001,2024,Stovner,Menn,60+,Antall mottakere av AAP,87
EliminatedValue,12,30111,2,0,0,ok-sos001,2024,Stovner,Kvinner,Alder i alt,Antall mottakere av AAP,817
EliminatedValue,12,30111,2,1,0,ok-sos001,2024,Stovner,Kvinner,Under 30,Antall mottakere av AAP,81
EliminatedValue,12,30111,2,2,0,ok-sos001,2024,Stovner,Kvinner,30-39,Antall mottakere av AAP,173
EliminatedValue,12,30111,2,3,0,ok-sos001,2024,Stovner,Kvinner,40-49,Antall mottakere av AAP,226
EliminatedValue,12,30111,2,4,0,ok-sos001,2024,Stovner,Kvinner,50-59,Antall mottakere av AAP,264
EliminatedValue,12,30111,2,5,0,ok-sos001,2024,Stovner,Kvinner,60+,Antall mottakere av AAP,73
EliminatedValue,12,30112,0,0,0,ok-sos001,2024,Alna,Begge kjønn,Alder i alt,Antall mottakere av AAP,1920
EliminatedValue,12,30112,0,1,0,ok-sos001,2024,Alna,Begge kjønn,Under 30,Antall mottakere av AAP,253
EliminatedValue,12,30112,0,2,0,ok-sos001,2024,Alna,Begge kjønn,30-39,Antall mottakere av AAP,459
EliminatedValue,12,30112,0,3,0,ok-sos001,2024,Alna,Begge kjønn,40-49,Antall mottakere av AAP,506
EliminatedValue,12,30112,0,4,0,ok-sos001,2024,Alna,Begge kjønn,50-59,Antall mottakere av AAP,526
EliminatedValue,12,30112,0,5,0,ok-sos001,2024,Alna,Begge kjønn,60+,Antall mottakere av AAP,176
EliminatedValue,12,30112,1,0,0,ok-sos001,2024,Alna,Menn,Alder i alt,Antall mottakere av AAP,848
EliminatedValue,12,30112,1,1,0,ok-sos001,2024,Alna,Menn,Under 30,Antall mottakere av AAP,106
EliminatedValue,12,30112,1,2,0,ok-sos001,2024,Alna,Menn,30-39,Antall mottakere av AAP,196
EliminatedValue,12,30112,1,3,0,ok-sos001,2024,Alna,Menn,40-49,Antall mottakere av AAP,204
EliminatedValue,12,30112,1,4,0,ok-sos001,2024,Alna,Menn,50-59,Antall mottakere av AAP,236
EliminatedValue,12,30112,1,5,0,ok-sos001,2024,Alna,Menn,60+,Antall mottakere av AAP,106
EliminatedValue,12,30112,2,0,0,ok-sos001,2024,Alna,Kvinner,Alder i alt,Antall mottakere av AAP,1072
EliminatedValue,12,30112,2,1,0,ok-sos001,2024,Alna,Kvinner,Under 30,Antall mottakere av AAP,147
EliminatedValue,12,30112,2,2,0,ok-sos001,2024,Alna,Kvinner,30-39,Antall mottakere av AAP,263
EliminatedValue,12,30112,2,3,0,ok-sos001,2024,Alna,Kvinner,40-49,Antall mottakere av AAP,302
EliminatedValue,12,30112,2,4,0,ok-sos001,2024,Alna,Kvinner,50-59,Antall mottakere av AAP,290
EliminatedValue,12,30112,2,5,0,ok-sos001,2024,Alna,Kvinner,60+,Antall mottakere av AAP,70
EliminatedValue,12,30113,0,0,0,ok-sos001,2024,Østensjø,Begge kjønn,Alder i alt,Antall mottakere av AAP,1260
EliminatedValue,12,30113,0,1,0,ok-sos001,2024,Østensjø,Begge kjønn,Under 30,Antall mottakere av AAP,195
EliminatedValue,12,30113,0,2,0,ok-sos001,2024,Østensjø,Begge kjønn,30-39,Antall mottakere av AAP,278
EliminatedValue,12,30113,0,3,0,ok-sos001,2024,Østensjø,Begge kjønn,40-49,Antall mottakere av AAP,354
EliminatedValue,12,30113,0,4,0,ok-sos001,2024,Østensjø,Begge kjønn,50-59,Antall mottakere av AAP,294
EliminatedValue,12,30113,0,5,0,ok-sos001,2024,Østensjø,Begge kjønn,60+,Antall mottakere av AAP,139
EliminatedValue,12,30113,1,0,0,ok-sos001,2024,Østensjø,Menn,Alder i alt,Antall mottakere av AAP,483
EliminatedValue,12,30113,1,1,0,ok-sos001,2024,Østensjø,Menn,Under 30,Antall mottakere av AAP,69
EliminatedValue,12,30113,1,2,0,ok-sos001,2024,Østensjø,Menn,30-39,Antall mottakere av AAP,105
EliminatedValue,12,30113,1,3,0,ok-sos001,2024,Østensjø,Menn,40-49,Antall mottakere av AAP,119
EliminatedValue,12,30113,1,4,0,ok-sos001,2024,Østensjø,Menn,50-59,Antall mottakere av AAP,113
EliminatedValue,12,30113,1,5,0,ok-sos001,2024,Østensjø,Menn,60+,Antall mottakere av AAP,77
EliminatedValue,12,30113,2,0,0,ok-sos001,2024,Østensjø,Kvinner,Alder i alt,Antall mottakere av AAP,777
EliminatedValue,12,30113,2,1,0,ok-sos001,2024,Østensjø,Kvinner,Under 30,Antall mottakere av AAP,126
EliminatedValue,12,30113,2,2,0,ok-sos001,2024,Østensjø,Kvinner,30-39,Antall mottakere av AAP,173
EliminatedValue,12,30113,2,3,0,ok-sos001,2024,Østensjø,Kvinner,40-49,Antall mottakere av AAP,235
EliminatedValue,12,30113,2,4,0,ok-sos001,2024,Østensjø,Kvinner,50-59,Antall mottakere av AAP,181
EliminatedValue,12,30113,2,5,0,ok-sos001,2024,Østensjø,Kvinner,60+,Antall mottakere av AAP,62
EliminatedValue,12,30114,0,0,0,ok-sos001,2024,Nordstrand,Begge kjønn,Alder i alt,Antall mottakere av AAP,1177
EliminatedValue,12,30114,0,1,0,ok-sos001,2024,Nordstrand,Begge kjønn,Under 30,Antall mottakere av AAP,231
EliminatedValue,12,30114,0,2,0,ok-sos001,2024,Nordstrand,Begge kjønn,30-39,Antall mottakere av AAP,266
EliminatedValue,12,30114,0,3,0,ok-sos001,2024,Nordstrand,Begge kjønn,40-49,Antall mottakere av AAP,314
EliminatedValue,12,30114,0,4,0,ok-sos001,2024,Nordstrand,Begge kjønn,50-59,Antall mottakere av AAP,246
EliminatedValue,12,30114,0,5,0,ok-sos001,2024,Nordstrand,Begge kjønn,60+,Antall mottakere av AAP,120
EliminatedValue,12,30114,1,0,0,ok-sos001,2024,Nordstrand,Menn,Alder i alt,Antall mottakere av AAP,486
EliminatedValue,12,30114,1,1,0,ok-sos001,2024,Nordstrand,Menn,Under 30,Antall mottakere av AAP,99
EliminatedValue,12,30114,1,2,0,ok-sos001,2024,Nordstrand,Menn,30-39,Antall mottakere av AAP,126
EliminatedValue,12,30114,1,3,0,ok-sos001,2024,Nordstrand,Menn,40-49,Antall mottakere av AAP,101
EliminatedValue,12,30114,1,4,0,ok-sos001,2024,Nordstrand,Menn,50-59,Antall mottakere av AAP,104
EliminatedValue,12,30114,1,5,0,ok-sos001,2024,Nordstrand,Menn,60+,Antall mottakere av AAP,56
EliminatedValue,12,30114,2,0,0,ok-sos001,2024,Nordstrand,Kvinner,Alder i alt,Antall mottakere av AAP,691
EliminatedValue,12,30114,2,1,0,ok-sos001,2024,Nordstrand,Kvinner,Under 30,Antall mottakere av AAP,132
EliminatedValue,12,30114,2,2,0,ok-sos001,2024,Nordstrand,Kvinner,30-39,Antall mottakere av AAP,140
EliminatedValue,12,30114,2,3,0,ok-sos001,2024,Nordstrand,Kvinner,40-49,Antall mottakere av AAP,213
EliminatedValue,12,30114,2,4,0,ok-sos001,2024,Nordstrand,Kvinner,50-59,Antall mottakere av AAP,142
EliminatedValue,12,30114,2,5,0,ok-sos001,2024,Nordstrand,Kvinner,60+,Antall mottakere av AAP,64
EliminatedValue,12,30115,0,0,0,ok-sos001,2024,Søndre Nordstrand,Begge kjønn,Alder i alt,Antall mottakere av AAP,1567
EliminatedValue,12,30115,0,1,0,ok-sos001,2024,Søndre Nordstrand,Begge kjønn,Under 30,Antall mottakere av AAP,210
EliminatedValue,12,30115,0,2,0,ok-sos001,2024,Søndre Nordstrand,Begge kjønn,30-39,Antall mottakere av AAP,321
EliminatedValue,12,30115,0,3,0,ok-sos001,2024,Søndre Nordstrand,Begge kjønn,40-49,Antall mottakere av AAP,425
EliminatedValue,12,30115,0,4,0,ok-sos001,2024,Søndre Nordstrand,Begge kjønn,50-59,Antall mottakere av AAP,430
EliminatedValue,12,30115,0,5,0,ok-sos001,2024,Søndre Nordstrand,Begge kjønn,60+,Antall mottakere av AAP,181
EliminatedValue,12,30115,1,0,0,ok-sos001,2024,Søndre Nordstrand,Menn,Alder i alt,Antall mottakere av AAP,655
EliminatedValue,12,30115,1,1,0,ok-sos001,2024,Søndre Nordstrand,Menn,Under 30,Antall mottakere av AAP,106
EliminatedValue,12,30115,1,2,0,ok-sos001,2024,Søndre Nordstrand,Menn,30-39,Antall mottakere av AAP,134
EliminatedValue,12,30115,1,3,0,ok-sos001,2024,Søndre Nordstrand,Menn,40-49,Antall mottakere av AAP,162
EliminatedValue,12,30115,1,4,0,ok-sos001,2024,Søndre Nordstrand,Menn,50-59,Antall mottakere av AAP,167
EliminatedValue,12,30115,1,5,0,ok-sos001,2024,Søndre Nordstrand,Menn,60+,Antall mottakere av AAP,86
EliminatedValue,12,30115,2,0,0,ok-sos001,2024,Søndre Nordstrand,Kvinner,Alder i alt,Antall mottakere av AAP,912
EliminatedValue,12,30115,2,1,0,ok-sos001,2024,Søndre Nordstrand,Kvinner,Under 30,Antall mottakere av AAP,104
EliminatedValue,12,30115,2,2,0,ok-sos001,2024,Søndre Nordstrand,Kvinner,30-39,Antall mottakere av AAP,187
EliminatedValue,12,30115,2,3,0,ok-sos001,2024,Søndre Nordstrand,Kvinner,40-49,Antall mottakere av AAP,263
EliminatedValue,12,30115,2,4,0,ok-sos001,2024,Søndre Nordstrand,Kvinner,50-59,Antall mottakere av AAP,263
EliminatedValue,12,30115,2,5,0,ok-sos001,2024,Søndre Nordstrand,Kvinner,60+,Antall mottakere av AAP,95
EliminatedValue,12,30116,0,0,0,ok-sos001,2024,Sentrum,Begge kjønn,Alder i alt,Antall mottakere av AAP,32
EliminatedValue,12,30116,0,1,0,ok-sos001,2024,Sentrum,Begge kjønn,Under 30,Antall mottakere av AAP,14
EliminatedValue,12,30116,0,2,0,ok-sos001,2024,Sentrum,Begge kjønn,30-39,Antall mottakere av AAP,7
EliminatedValue,12,30116,0,3,0,ok-sos001,2024,Sentrum,Begge kjønn,40-49,Antall mottakere av AAP,6
EliminatedValue,12,30116,0,4,0,ok-sos001,2024,Sentrum,Begge kjønn,50-59,Antall mottakere av AAP,5
EliminatedValue,12,30116,0,5,0,ok-sos001,2024,Sentrum,Begge kjønn,60+,Antall mottakere av AAP,0
EliminatedValue,12,30116,1,0,0,ok-sos001,2024,Sentrum,Menn,Alder i alt,Antall mottakere av AAP,24
EliminatedValue,12,30116,1,1,0,ok-sos001,2024,Sentrum,Menn,Under 30,Antall mottakere av AAP,6
EliminatedValue,12,30116,1,2,0,ok-sos001,2024,Sentrum,Menn,30-39,Antall mottakere av AAP,7
EliminatedValue,12,30116,1,3,0,ok-sos001,2024,Sentrum,Menn,40-49,Antall mottakere av AAP,6
EliminatedValue,12,30116,1,4,0,ok-sos001,2024,Sentrum,Menn,50-59,Antall mottakere av AAP,5
EliminatedValue,12,30116,1,5,0,ok-sos001,2024,Sentrum,Menn,60+,Antall mottakere av AAP,
EliminatedValue,12,30116,2,0,0,ok-sos001,2024,Sentrum,Kvinner,Alder i alt,Antall mottakere av AAP,8
EliminatedValue,12,30116,2,1,0,ok-sos001,2024,Sentrum,Kvinner,Under 30,Antall mottakere av AAP,8
EliminatedValue,12,30116,2,2,0,ok-sos001,2024,Sentrum,Kvinner,30-39,Antall mottakere av AAP,
EliminatedValue,12,30116,2,3,0,ok-sos001,2024,Sentrum,Kvinner,40-49,Antall mottakere av AAP,
EliminatedValue,12,30116,2,4,0,ok-sos001,2024,Sentrum,Kvinner,50-59,Antall mottakere av AAP,
EliminatedValue,12,30116,2,5,0,ok-sos001,2024,Sentrum,Kvinner,60+,Antall mottakere av AAP,
EliminatedValue,12,30117,0,0,0,ok-sos001,2024,Marka,Begge kjønn,Alder i alt,Antall mottakere av AAP,24
EliminatedValue,12,30117,0,1,0,ok-sos001,2024,Marka,Begge kjønn,Under 30,Antall mottakere av AAP,0
EliminatedValue,12,30117,0,2,0,ok-sos001,2024,Marka,Begge kjønn,30-39,Antall mottakere av AAP,4
EliminatedValue,12,30117,0,3,0,ok-sos001,2024,Marka,Begge kjønn,40-49,Antall mottakere av AAP,11
EliminatedValue,12,30117,0,4,0,ok-sos001,2024,Marka,Begge kjønn,50-59,Antall mottakere av AAP,5
EliminatedValue,12,30117,0,5,0,ok-sos001,2024,Marka,Begge kjønn,60+,Antall mottakere av AAP,4
EliminatedValue,12,30117,1,0,0,ok-sos001,2024,Marka,Menn,Alder i alt,Antall mottakere av AAP,7
EliminatedValue,12,30117,1,1,0,ok-sos001,2024,Marka,Menn,Under 30,Antall mottakere av AAP,
EliminatedValue,12,30117,1,2,0,ok-sos001,2024,Marka,Menn,30-39,Antall mottakere av AAP,
EliminatedValue,12,30117,1,3,0,ok-sos001,2024,Marka,Menn,40-49,Antall mottakere av AAP,7
EliminatedValue,12,30117,1,4,0,ok-sos001,2024,Marka,Menn,50-59,Antall mottakere av AAP,
EliminatedValue,12,30117,1,5,0,ok-sos001,2024,Marka,Menn,60+,Antall mottakere av AAP,
EliminatedValue,12,30117,2,0,0,ok-sos001,2024,Marka,Kvinner,Alder i alt,Antall mottakere av AAP,17
EliminatedValue,12,30117,2,1,0,ok-sos001,2024,Marka,Kvinner,Under 30,Antall mottakere av AAP,
EliminatedValue,12,30117,2,2,0,ok-sos001,2024,Marka,Kvinner,30-39,Antall mottakere av AAP,4
EliminatedValue,12,30117,2,3,0,ok-sos001,2024,Marka,Kvinner,40-49,Antall mottakere av AAP,4
EliminatedValue,12,30117,2,4,0,ok-sos001,2024,Marka,Kvinner,50-59,Antall mottakere av AAP,5
EliminatedValue,12,30117,2,5,0,ok-sos001,2024,Marka,Kvinner,60+,Antall mottakere av AAP,4
