ContentsCode_kode,År_kode,Geografi_kode,Aldersgrupper_kode,Måltall_kode,ContentsCode_navn,År_navn,Geografi_navn,Aldersgrupper_navn,Måltall_navn,verdi
EliminatedValue,0,100000,0,0,Folkemengden etter administrativ bydel og alder 2008-2019,2008,Oslo i alt,Alder i alt,Personer,559350
EliminatedValue,0,100000,1,0,Folkemengden etter administrativ bydel og alder 2008-2019,2008,Oslo i alt,0 år,Personer,9068
EliminatedValue,0,100000,2,0,Folkemengden etter administrativ bydel og alder 2008-2019,2008,Oslo i alt,1-2 år,Personer,16192
EliminatedValue,0,100000,3,0,Folkemengden etter administrativ bydel og alder 2008-2019,2008,Oslo i alt,3-5 år,Personer,20278
EliminatedValue,0,100000,4,0,Folkemengden etter administrativ bydel og alder 2008-2019,2008,Oslo i alt,6-9 år,Personer,22999
EliminatedValue,0,100000,5,0,Folkemengden etter administrativ bydel og alder 2008-2019,2008,Oslo i alt,10-12 år,Personer,16404
EliminatedValue,0,100000,6,0,Folkemengden etter administrativ bydel og alder 2008-2019,2008,Oslo i alt,13-15 år,Personer,15749
EliminatedValue,0,100000,7,0,Folkemengden etter administrativ bydel og alder 2008-2019,2008,Oslo i alt,16-17 år,Personer,10844
EliminatedValue,0,100000,8,0,Folkemengden etter administrativ bydel og alder 2008-2019,2008,Oslo i alt,18-19 år,Personer,11198
EliminatedValue,0,100000,9,0,Folkemengden etter administrativ bydel og alder 2008-2019,2008,Oslo i alt,20-22 år,Personer,19980
EliminatedValue,0,100000,10,0,Folkemengden etter administrativ bydel og alder 2008-2019,2008,Oslo i alt,23-24 år,Personer,16474
EliminatedValue,0,100000,11,0,Folkemengden etter administrativ bydel og alder 2008-2019,2008,Oslo i alt,25-29 år,Personer,57602
EliminatedValue,0,100000,12,0,Folkemengden etter administrativ bydel og alder 2008-2019,2008,Oslo i alt,30-39 år,Personer,107663
EliminatedValue,0,100000,13,0,Folkemengden etter administrativ bydel og alder 2008-2019,2008,Oslo i alt,40-49 år,Personer,77291
EliminatedValue,0,100000,14,0,Folkemengden etter administrativ bydel og alder 2008-2019,2008,Oslo i alt,50-66 år,Personer,97581
EliminatedValue,0,100000,15,0,Folkemengden etter administrativ bydel og alder 2008-2019,2008,Oslo i alt,67-74 år,Personer,23289
EliminatedValue,0,100000,16,0,Folkemengden etter administrativ bydel og alder 2008-2019,2008,Oslo i alt,75-79 år,Personer,13055
EliminatedValue,0,100000,17,0,Folkemengden etter administrativ bydel og alder 2008-2019,2008,Oslo i alt,80-84 år,Personer,11349
EliminatedValue,0,100000,18,0,Folkemengden etter administrativ bydel og alder 2008-2019,2008,Oslo i alt,85-89 år,Personer,8191
EliminatedValue,0,100000,19,0,Folkemengden etter administrativ bydel og alder 2008-2019,2008,Oslo i alt,90 år +,Personer,4143
EliminatedValue,0,1,0,0,Folkemengden etter administrativ bydel og alder 2008-2019,2008,Bydel Gamle Oslo,Alder i alt,Personer,39479
EliminatedValue,0,1,1,0,Folkemengden etter administrativ bydel og alder 2008-2019,2008,Bydel Gamle Oslo,0 år,Personer,856
EliminatedValue,0,1,2,0,Folkemengden etter administrativ bydel og alder 2008-2019,2008,Bydel Gamle Oslo,1-2 år,Personer,1332
EliminatedValue,0,1,3,0,Folkemengden etter administrativ bydel og alder 2008-2019,2008,Bydel Gamle Oslo,3-5 år,Personer,1457
EliminatedValue,0,1,4,0,Folkemengden etter administrativ bydel og alder 2008-2019,2008,Bydel Gamle Oslo,6-9 år,Personer,1313
EliminatedValue,0,1,5,0,Folkemengden etter administrativ bydel og alder 2008-2019,2008,Bydel Gamle Oslo,10-12 år,Personer,791
EliminatedValue,0,1,6,0,Folkemengden etter administrativ bydel og alder 2008-2019,2008,Bydel Gamle Oslo,13-15 år,Personer,754
EliminatedValue,0,1,7,0,Folkemengden etter administrativ bydel og alder 2008-2019,2008,Bydel Gamle Oslo,16-17 år,Personer,464
EliminatedValue,0,1,8,0,Folkemengden etter administrativ bydel og alder 2008-2019,2008,Bydel Gamle Oslo,18-19 år,Personer,563
EliminatedValue,0,1,9,0,Folkemengden etter administrativ bydel og alder 2008-2019,2008,Bydel Gamle Oslo,20-22 år,Personer,1391
EliminatedValue,0,1,10,0,Folkemengden etter administrativ bydel og alder 2008-2019,2008,Bydel Gamle Oslo,23-24 år,Personer,1350
EliminatedValue,0,1,11,0,Folkemengden etter administrativ bydel og alder 2008-2019,2008,Bydel Gamle Oslo,25-29 år,Personer,6198
EliminatedValue,0,1,12,0,Folkemengden etter administrativ bydel og alder 2008-2019,2008,Bydel Gamle Oslo,30-39 år,Personer,10631
EliminatedValue,0,1,13,0,Folkemengden etter administrativ bydel og alder 2008-2019,2008,Bydel Gamle Oslo,40-49 år,Personer,5027
EliminatedValue,0,1,14,0,Folkemengden etter administrativ bydel og alder 2008-2019,2008,Bydel Gamle Oslo,50-66 år,Personer,5186
EliminatedValue,0,1,15,0,Folkemengden etter administrativ bydel og alder 2008-2019,2008,Bydel Gamle Oslo,67-74 år,Personer,871
EliminatedValue,0,1,16,0,Folkemengden etter administrativ bydel og alder 2008-2019,2008,Bydel Gamle Oslo,75-79 år,Personer,383
EliminatedValue,0,1,17,0,Folkemengden etter administrativ bydel og alder 2008-2019,2008,Bydel Gamle Oslo,80-84 år,Personer,384
EliminatedValue,0,1,18,0,Folkemengden etter administrativ bydel og alder 2008-2019,2008,Bydel Gamle Oslo,85-89 år,Personer,330
EliminatedValue,0,1,19,0,Folkemengden etter administrativ bydel og alder 2008-2019,2008,Bydel Gamle Oslo,90 år +,Personer,198
EliminatedValue,0,2,0,0,Folkemengden etter administrativ bydel og alder 2008-2019,2008,Bydel Grünerløkka,Alder i alt,Personer,42007
EliminatedValue,0,2,1,0,Folkemengden etter administrativ bydel og alder 2008-2019,2008,Bydel Grünerløkka,0 år,Personer,800
EliminatedValue,0,2,2,0,Folkemengden etter administrativ bydel og alder 2008-2019,2008,Bydel Grünerløkka,1-2 år,Personer,1145
EliminatedValue,0,2,3,0,Folkemengden etter administrativ bydel og alder 2008-2019,2008,Bydel Grünerløkka,3-5 år,Personer,1129
EliminatedValue,0,2,4,0,Folkemengden etter administrativ bydel og alder 2008-2019,2008,Bydel Grünerløkka,6-9 år,Personer,979
EliminatedValue,0,2,5,0,Folkemengden etter administrativ bydel og alder 2008-2019,2008,Bydel Grünerløkka,10-12 år,Personer,661
EliminatedValue,0,2,6,0,Folkemengden etter administrativ bydel og alder 2008-2019,2008,Bydel Grünerløkka,13-15 år,Personer,607
EliminatedValue,0,2,7,0,Folkemengden etter administrativ bydel og alder 2008-2019,2008,Bydel Grünerløkka,16-17 år,Personer,390
EliminatedValue,0,2,8,0,Folkemengden etter administrativ bydel og alder 2008-2019,2008,Bydel Grünerløkka,18-19 år,Personer,569
EliminatedValue,0,2,9,0,Folkemengden etter administrativ bydel og alder 2008-2019,2008,Bydel Grünerløkka,20-22 år,Personer,1687
EliminatedValue,0,2,10,0,Folkemengden etter administrativ bydel og alder 2008-2019,2008,Bydel Grünerløkka,23-24 år,Personer,1856
EliminatedValue,0,2,11,0,Folkemengden etter administrativ bydel og alder 2008-2019,2008,Bydel Grünerløkka,25-29 år,Personer,7768
EliminatedValue,0,2,12,0,Folkemengden etter administrativ bydel og alder 2008-2019,2008,Bydel Grünerløkka,30-39 år,Personer,11824
EliminatedValue,0,2,13,0,Folkemengden etter administrativ bydel og alder 2008-2019,2008,Bydel Grünerløkka,40-49 år,Personer,5128
EliminatedValue,0,2,14,0,Folkemengden etter administrativ bydel og alder 2008-2019,2008,Bydel Grünerløkka,50-66 år,Personer,5038
EliminatedValue,0,2,15,0,Folkemengden etter administrativ bydel og alder 2008-2019,2008,Bydel Grünerløkka,67-74 år,Personer,847
EliminatedValue,0,2,16,0,Folkemengden etter administrativ bydel og alder 2008-2019,2008,Bydel Grünerløkka,75-79 år,Personer,460
EliminatedValue,0,2,17,0,Folkemengden etter administrativ bydel og alder 2008-2019,2008,Bydel Grünerløkka,80-84 år,Personer,399
EliminatedValue,0,2,18,0,Folkemengden etter administrativ bydel og alder 2008-2019,2008,Bydel Grünerløkka,85-89 år,Personer,438
EliminatedValue,0,2,19,0,Folkemengden etter administrativ bydel og alder 2008-2019,2008,Bydel Grünerløkka,90 år +,Personer,282
EliminatedValue,0,3,0,0,Folkemengden etter administrativ bydel og alder 2008-2019,2008,Bydel Sagene,Alder i alt,Personer,32438
EliminatedValue,0,3,1,0,Folkemengden etter administrativ bydel og alder 2008-2019,2008,Bydel Sagene,0 år,Personer,673
EliminatedValue,0,3,2,0,Folkemengden etter administrativ bydel og alder 2008-2019,2008,Bydel Sagene,1-2 år,Personer,977
EliminatedValue,0,3,3,0,Folkemengden etter administrativ bydel og alder 2008-2019,2008,Bydel Sagene,3-5 år,Personer,832
EliminatedValue,0,3,4,0,Folkemengden etter administrativ bydel og alder 2008-2019,2008,Bydel Sagene,6-9 år,Personer,642
EliminatedValue,0,3,5,0,Folkemengden etter administrativ bydel og alder 2008-2019,2008,Bydel Sagene,10-12 år,Personer,385
EliminatedValue,0,3,6,0,Folkemengden etter administrativ bydel og alder 2008-2019,2008,Bydel Sagene,13-15 år,Personer,378
EliminatedValue,0,3,7,0,Folkemengden etter administrativ bydel og alder 2008-2019,2008,Bydel Sagene,16-17 år,Personer,255
EliminatedValue,0,3,8,0,Folkemengden etter administrativ bydel og alder 2008-2019,2008,Bydel Sagene,18-19 år,Personer,341
EliminatedValue,0,3,9,0,Folkemengden etter administrativ bydel og alder 2008-2019,2008,Bydel Sagene,20-22 år,Personer,1080
EliminatedValue,0,3,10,0,Folkemengden etter administrativ bydel og alder 2008-2019,2008,Bydel Sagene,23-24 år,Personer,1300
EliminatedValue,0,3,11,0,Folkemengden etter administrativ bydel og alder 2008-2019,2008,Bydel Sagene,25-29 år,Personer,5850
EliminatedValue,0,3,12,0,Folkemengden etter administrativ bydel og alder 2008-2019,2008,Bydel Sagene,30-39 år,Personer,9192
EliminatedValue,0,3,13,0,Folkemengden etter administrativ bydel og alder 2008-2019,2008,Bydel Sagene,40-49 år,Personer,3799
EliminatedValue,0,3,14,0,Folkemengden etter administrativ bydel og alder 2008-2019,2008,Bydel Sagene,50-66 år,Personer,4266
EliminatedValue,0,3,15,0,Folkemengden etter administrativ bydel og alder 2008-2019,2008,Bydel Sagene,67-74 år,Personer,876
EliminatedValue,0,3,16,0,Folkemengden etter administrativ bydel og alder 2008-2019,2008,Bydel Sagene,75-79 år,Personer,459
EliminatedValue,0,3,17,0,Folkemengden etter administrativ bydel og alder 2008-2019,2008,Bydel Sagene,80-84 år,Personer,449
EliminatedValue,0,3,18,0,Folkemengden etter administrativ bydel og alder 2008-2019,2008,Bydel Sagene,85-89 år,Personer,419
EliminatedValue,0,3,19,0,Folkemengden etter administrativ bydel og alder 2008-2019,2008,Bydel Sagene,90 år +,Personer,265
EliminatedValue,0,4,0,0,Folkemengden etter administrativ bydel og alder 2008-2019,2008,Bydel St.Hanshaugen,Alder i alt,Personer,31016
EliminatedValue,0,4,1,0,Folkemengden etter administrativ bydel og alder 2008-2019,2008,Bydel St.Hanshaugen,0 år,Personer,509
EliminatedValue,0,4,2,0,Folkemengden etter administrativ bydel og alder 2008-2019,2008,Bydel St.Hanshaugen,1-2 år,Personer,691
EliminatedValue,0,4,3,0,Folkemengden etter administrativ bydel og alder 2008-2019,2008,Bydel St.Hanshaugen,3-5 år,Personer,637
EliminatedValue,0,4,4,0,Folkemengden etter administrativ bydel og alder 2008-2019,2008,Bydel St.Hanshaugen,6-9 år,Personer,586
EliminatedValue,0,4,5,0,Folkemengden etter administrativ bydel og alder 2008-2019,2008,Bydel St.Hanshaugen,10-12 år,Personer,390
EliminatedValue,0,4,6,0,Folkemengden etter administrativ bydel og alder 2008-2019,2008,Bydel St.Hanshaugen,13-15 år,Personer,306
EliminatedValue,0,4,7,0,Folkemengden etter administrativ bydel og alder 2008-2019,2008,Bydel St.Hanshaugen,16-17 år,Personer,239
EliminatedValue,0,4,8,0,Folkemengden etter administrativ bydel og alder 2008-2019,2008,Bydel St.Hanshaugen,18-19 år,Personer,314
EliminatedValue,0,4,9,0,Folkemengden etter administrativ bydel og alder 2008-2019,2008,Bydel St.Hanshaugen,20-22 år,Personer,1585
EliminatedValue,0,4,10,0,Folkemengden etter administrativ bydel og alder 2008-2019,2008,Bydel St.Hanshaugen,23-24 år,Personer,1649
EliminatedValue,0,4,11,0,Folkemengden etter administrativ bydel og alder 2008-2019,2008,Bydel St.Hanshaugen,25-29 år,Personer,6188
EliminatedValue,0,4,12,0,Folkemengden etter administrativ bydel og alder 2008-2019,2008,Bydel St.Hanshaugen,30-39 år,Personer,8161
EliminatedValue,0,4,13,0,Folkemengden etter administrativ bydel og alder 2008-2019,2008,Bydel St.Hanshaugen,40-49 år,Personer,3504
EliminatedValue,0,4,14,0,Folkemengden etter administrativ bydel og alder 2008-2019,2008,Bydel St.Hanshaugen,50-66 år,Personer,4029
EliminatedValue,0,4,15,0,Folkemengden etter administrativ bydel og alder 2008-2019,2008,Bydel St.Hanshaugen,67-74 år,Personer,866
EliminatedValue,0,4,16,0,Folkemengden etter administrativ bydel og alder 2008-2019,2008,Bydel St.Hanshaugen,75-79 år,Personer,402
EliminatedValue,0,4,17,0,Folkemengden etter administrativ bydel og alder 2008-2019,2008,Bydel St.Hanshaugen,80-84 år,Personer,385
EliminatedValue,0,4,18,0,Folkemengden etter administrativ bydel og alder 2008-2019,2008,Bydel St.Hanshaugen,85-89 år,Personer,334
EliminatedValue,0,4,19,0,Folkemengden etter administrativ bydel og alder 2008-2019,2008,Bydel St.Hanshaugen,90 år +,Personer,241
EliminatedValue,0,5,0,0,Folkemengden etter administrativ bydel og alder 2008-2019,2008,Bydel Frogner,Alder i alt,Personer,47694
EliminatedValue,0,5,1,0,Folkemengden etter administrativ bydel og alder 2008-2019,2008,Bydel Frogner,0 år,Personer,634
EliminatedValue,0,5,2,0,Folkemengden etter administrativ bydel og alder 2008-2019,2008,Bydel Frogner,1-2 år,Personer,939
EliminatedValue,0,5,3,0,Folkemengden etter administrativ bydel og alder 2008-2019,2008,Bydel Frogner,3-5 år,Personer,955
EliminatedValue,0,5,4,0,Folkemengden etter administrativ bydel og alder 2008-2019,2008,Bydel Frogner,6-9 år,Personer,918
EliminatedValue,0,5,5,0,Folkemengden etter administrativ bydel og alder 2008-2019,2008,Bydel Frogner,10-12 år,Personer,626
EliminatedValue,0,5,6,0,Folkemengden etter administrativ bydel og alder 2008-2019,2008,Bydel Frogner,13-15 år,Personer,650
EliminatedValue,0,5,7,0,Folkemengden etter administrativ bydel og alder 2008-2019,2008,Bydel Frogner,16-17 år,Personer,517
EliminatedValue,0,5,8,0,Folkemengden etter administrativ bydel og alder 2008-2019,2008,Bydel Frogner,18-19 år,Personer,668
EliminatedValue,0,5,9,0,Folkemengden etter administrativ bydel og alder 2008-2019,2008,Bydel Frogner,20-22 år,Personer,2162
EliminatedValue,0,5,10,0,Folkemengden etter administrativ bydel og alder 2008-2019,2008,Bydel Frogner,23-24 år,Personer,2094
EliminatedValue,0,5,11,0,Folkemengden etter administrativ bydel og alder 2008-2019,2008,Bydel Frogner,25-29 år,Personer,7163
EliminatedValue,0,5,12,0,Folkemengden etter administrativ bydel og alder 2008-2019,2008,Bydel Frogner,30-39 år,Personer,10055
EliminatedValue,0,5,13,0,Folkemengden etter administrativ bydel og alder 2008-2019,2008,Bydel Frogner,40-49 år,Personer,5792
EliminatedValue,0,5,14,0,Folkemengden etter administrativ bydel og alder 2008-2019,2008,Bydel Frogner,50-66 år,Personer,8926
EliminatedValue,0,5,15,0,Folkemengden etter administrativ bydel og alder 2008-2019,2008,Bydel Frogner,67-74 år,Personer,2283
EliminatedValue,0,5,16,0,Folkemengden etter administrativ bydel og alder 2008-2019,2008,Bydel Frogner,75-79 år,Personer,1117
EliminatedValue,0,5,17,0,Folkemengden etter administrativ bydel og alder 2008-2019,2008,Bydel Frogner,80-84 år,Personer,949
EliminatedValue,0,5,18,0,Folkemengden etter administrativ bydel og alder 2008-2019,2008,Bydel Frogner,85-89 år,Personer,742
EliminatedValue,0,5,19,0,Folkemengden etter administrativ bydel og alder 2008-2019,2008,Bydel Frogner,90 år +,Personer,504
EliminatedValue,0,6,0,0,Folkemengden etter administrativ bydel og alder 2008-2019,2008,Bydel Ullern,Alder i alt,Personer,28774
EliminatedValue,0,6,1,0,Folkemengden etter administrativ bydel og alder 2008-2019,2008,Bydel Ullern,0 år,Personer,409
EliminatedValue,0,6,2,0,Folkemengden etter administrativ bydel og alder 2008-2019,2008,Bydel Ullern,1-2 år,Personer,868
EliminatedValue,0,6,3,0,Folkemengden etter administrativ bydel og alder 2008-2019,2008,Bydel Ullern,3-5 år,Personer,1128
EliminatedValue,0,6,4,0,Folkemengden etter administrativ bydel og alder 2008-2019,2008,Bydel Ullern,6-9 år,Personer,1269
EliminatedValue,0,6,5,0,Folkemengden etter administrativ bydel og alder 2008-2019,2008,Bydel Ullern,10-12 år,Personer,926
EliminatedValue,0,6,6,0,Folkemengden etter administrativ bydel og alder 2008-2019,2008,Bydel Ullern,13-15 år,Personer,925
EliminatedValue,0,6,7,0,Folkemengden etter administrativ bydel og alder 2008-2019,2008,Bydel Ullern,16-17 år,Personer,596
EliminatedValue,0,6,8,0,Folkemengden etter administrativ bydel og alder 2008-2019,2008,Bydel Ullern,18-19 år,Personer,608
EliminatedValue,0,6,9,0,Folkemengden etter administrativ bydel og alder 2008-2019,2008,Bydel Ullern,20-22 år,Personer,796
EliminatedValue,0,6,10,0,Folkemengden etter administrativ bydel og alder 2008-2019,2008,Bydel Ullern,23-24 år,Personer,535
EliminatedValue,0,6,11,0,Folkemengden etter administrativ bydel og alder 2008-2019,2008,Bydel Ullern,25-29 år,Personer,1755
EliminatedValue,0,6,12,0,Folkemengden etter administrativ bydel og alder 2008-2019,2008,Bydel Ullern,30-39 år,Personer,4329
EliminatedValue,0,6,13,0,Folkemengden etter administrativ bydel og alder 2008-2019,2008,Bydel Ullern,40-49 år,Personer,4125
EliminatedValue,0,6,14,0,Folkemengden etter administrativ bydel og alder 2008-2019,2008,Bydel Ullern,50-66 år,Personer,6464
EliminatedValue,0,6,15,0,Folkemengden etter administrativ bydel og alder 2008-2019,2008,Bydel Ullern,67-74 år,Personer,1633
EliminatedValue,0,6,16,0,Folkemengden etter administrativ bydel og alder 2008-2019,2008,Bydel Ullern,75-79 år,Personer,843
EliminatedValue,0,6,17,0,Folkemengden etter administrativ bydel og alder 2008-2019,2008,Bydel Ullern,80-84 år,Personer,776
EliminatedValue,0,6,18,0,Folkemengden etter administrativ bydel og alder 2008-2019,2008,Bydel Ullern,85-89 år,Personer,514
EliminatedValue,0,6,19,0,Folkemengden etter administrativ bydel og alder 2008-2019,2008,Bydel Ullern,90 år +,Personer,275
EliminatedValue,0,7,0,0,Folkemengden etter administrativ bydel og alder 2008-2019,2008,Bydel Vestre Aker,Alder i alt,Personer,42786
EliminatedValue,0,7,1,0,Folkemengden etter administrativ bydel og alder 2008-2019,2008,Bydel Vestre Aker,0 år,Personer,637
EliminatedValue,0,7,2,0,Folkemengden etter administrativ bydel og alder 2008-2019,2008,Bydel Vestre Aker,1-2 år,Personer,1239
EliminatedValue,0,7,3,0,Folkemengden etter administrativ bydel og alder 2008-2019,2008,Bydel Vestre Aker,3-5 år,Personer,1757
EliminatedValue,0,7,4,0,Folkemengden etter administrativ bydel og alder 2008-2019,2008,Bydel Vestre Aker,6-9 år,Personer,2181
EliminatedValue,0,7,5,0,Folkemengden etter administrativ bydel og alder 2008-2019,2008,Bydel Vestre Aker,10-12 år,Personer,1626
EliminatedValue,0,7,6,0,Folkemengden etter administrativ bydel og alder 2008-2019,2008,Bydel Vestre Aker,13-15 år,Personer,1591
EliminatedValue,0,7,7,0,Folkemengden etter administrativ bydel og alder 2008-2019,2008,Bydel Vestre Aker,16-17 år,Personer,1110
EliminatedValue,0,7,8,0,Folkemengden etter administrativ bydel og alder 2008-2019,2008,Bydel Vestre Aker,18-19 år,Personer,1084
EliminatedValue,0,7,9,0,Folkemengden etter administrativ bydel og alder 2008-2019,2008,Bydel Vestre Aker,20-22 år,Personer,1385
EliminatedValue,0,7,10,0,Folkemengden etter administrativ bydel og alder 2008-2019,2008,Bydel Vestre Aker,23-24 år,Personer,842
EliminatedValue,0,7,11,0,Folkemengden etter administrativ bydel og alder 2008-2019,2008,Bydel Vestre Aker,25-29 år,Personer,2329
EliminatedValue,0,7,12,0,Folkemengden etter administrativ bydel og alder 2008-2019,2008,Bydel Vestre Aker,30-39 år,Personer,5920
EliminatedValue,0,7,13,0,Folkemengden etter administrativ bydel og alder 2008-2019,2008,Bydel Vestre Aker,40-49 år,Personer,6140
EliminatedValue,0,7,14,0,Folkemengden etter administrativ bydel og alder 2008-2019,2008,Bydel Vestre Aker,50-66 år,Personer,9528
EliminatedValue,0,7,15,0,Folkemengden etter administrativ bydel og alder 2008-2019,2008,Bydel Vestre Aker,67-74 år,Personer,2048
EliminatedValue,0,7,16,0,Folkemengden etter administrativ bydel og alder 2008-2019,2008,Bydel Vestre Aker,75-79 år,Personer,1138
EliminatedValue,0,7,17,0,Folkemengden etter administrativ bydel og alder 2008-2019,2008,Bydel Vestre Aker,80-84 år,Personer,1034
EliminatedValue,0,7,18,0,Folkemengden etter administrativ bydel og alder 2008-2019,2008,Bydel Vestre Aker,85-89 år,Personer,839
EliminatedValue,0,7,19,0,Folkemengden etter administrativ bydel og alder 2008-2019,2008,Bydel Vestre Aker,90 år +,Personer,358
EliminatedValue,0,8,0,0,Folkemengden etter administrativ bydel og alder 2008-2019,2008,Bydel Nordre Aker,Alder i alt,Personer,44684
EliminatedValue,0,8,1,0,Folkemengden etter administrativ bydel og alder 2008-2019,2008,Bydel Nordre Aker,0 år,Personer,665
EliminatedValue,0,8,2,0,Folkemengden etter administrativ bydel og alder 2008-2019,2008,Bydel Nordre Aker,1-2 år,Personer,1324
EliminatedValue,0,8,3,0,Folkemengden etter administrativ bydel og alder 2008-2019,2008,Bydel Nordre Aker,3-5 år,Personer,1863
EliminatedValue,0,8,4,0,Folkemengden etter administrativ bydel og alder 2008-2019,2008,Bydel Nordre Aker,6-9 år,Personer,2242
EliminatedValue,0,8,5,0,Folkemengden etter administrativ bydel og alder 2008-2019,2008,Bydel Nordre Aker,10-12 år,Personer,1580
EliminatedValue,0,8,6,0,Folkemengden etter administrativ bydel og alder 2008-2019,2008,Bydel Nordre Aker,13-15 år,Personer,1503
EliminatedValue,0,8,7,0,Folkemengden etter administrativ bydel og alder 2008-2019,2008,Bydel Nordre Aker,16-17 år,Personer,1008
EliminatedValue,0,8,8,0,Folkemengden etter administrativ bydel og alder 2008-2019,2008,Bydel Nordre Aker,18-19 år,Personer,1043
EliminatedValue,0,8,9,0,Folkemengden etter administrativ bydel og alder 2008-2019,2008,Bydel Nordre Aker,20-22 år,Personer,1673
EliminatedValue,0,8,10,0,Folkemengden etter administrativ bydel og alder 2008-2019,2008,Bydel Nordre Aker,23-24 år,Personer,1228
EliminatedValue,0,8,11,0,Folkemengden etter administrativ bydel og alder 2008-2019,2008,Bydel Nordre Aker,25-29 år,Personer,3115
EliminatedValue,0,8,12,0,Folkemengden etter administrativ bydel og alder 2008-2019,2008,Bydel Nordre Aker,30-39 år,Personer,7233
EliminatedValue,0,8,13,0,Folkemengden etter administrativ bydel og alder 2008-2019,2008,Bydel Nordre Aker,40-49 år,Personer,6669
EliminatedValue,0,8,14,0,Folkemengden etter administrativ bydel og alder 2008-2019,2008,Bydel Nordre Aker,50-66 år,Personer,8163
EliminatedValue,0,8,15,0,Folkemengden etter administrativ bydel og alder 2008-2019,2008,Bydel Nordre Aker,67-74 år,Personer,1940
EliminatedValue,0,8,16,0,Folkemengden etter administrativ bydel og alder 2008-2019,2008,Bydel Nordre Aker,75-79 år,Personer,1154
EliminatedValue,0,8,17,0,Folkemengden etter administrativ bydel og alder 2008-2019,2008,Bydel Nordre Aker,80-84 år,Personer,1044
EliminatedValue,0,8,18,0,Folkemengden etter administrativ bydel og alder 2008-2019,2008,Bydel Nordre Aker,85-89 år,Personer,798
EliminatedValue,0,8,19,0,Folkemengden etter administrativ bydel og alder 2008-2019,2008,Bydel Nordre Aker,90 år +,Personer,439
EliminatedValue,0,9,0,0,Folkemengden etter administrativ bydel og alder 2008-2019,2008,Bydel Bjerke,Alder i alt,Personer,26322
EliminatedValue,0,9,1,0,Folkemengden etter administrativ bydel og alder 2008-2019,2008,Bydel Bjerke,0 år,Personer,501
EliminatedValue,0,9,2,0,Folkemengden etter administrativ bydel og alder 2008-2019,2008,Bydel Bjerke,1-2 år,Personer,964
EliminatedValue,0,9,3,0,Folkemengden etter administrativ bydel og alder 2008-2019,2008,Bydel Bjerke,3-5 år,Personer,1173
EliminatedValue,0,9,4,0,Folkemengden etter administrativ bydel og alder 2008-2019,2008,Bydel Bjerke,6-9 år,Personer,1296
EliminatedValue,0,9,5,0,Folkemengden etter administrativ bydel og alder 2008-2019,2008,Bydel Bjerke,10-12 år,Personer,844
EliminatedValue,0,9,6,0,Folkemengden etter administrativ bydel og alder 2008-2019,2008,Bydel Bjerke,13-15 år,Personer,729
EliminatedValue,0,9,7,0,Folkemengden etter administrativ bydel og alder 2008-2019,2008,Bydel Bjerke,16-17 år,Personer,504
EliminatedValue,0,9,8,0,Folkemengden etter administrativ bydel og alder 2008-2019,2008,Bydel Bjerke,18-19 år,Personer,527
EliminatedValue,0,9,9,0,Folkemengden etter administrativ bydel og alder 2008-2019,2008,Bydel Bjerke,20-22 år,Personer,786
EliminatedValue,0,9,10,0,Folkemengden etter administrativ bydel og alder 2008-2019,2008,Bydel Bjerke,23-24 år,Personer,625
EliminatedValue,0,9,11,0,Folkemengden etter administrativ bydel og alder 2008-2019,2008,Bydel Bjerke,25-29 år,Personer,2148
EliminatedValue,0,9,12,0,Folkemengden etter administrativ bydel og alder 2008-2019,2008,Bydel Bjerke,30-39 år,Personer,4970
EliminatedValue,0,9,13,0,Folkemengden etter administrativ bydel og alder 2008-2019,2008,Bydel Bjerke,40-49 år,Personer,3732
EliminatedValue,0,9,14,0,Folkemengden etter administrativ bydel og alder 2008-2019,2008,Bydel Bjerke,50-66 år,Personer,4247
EliminatedValue,0,9,15,0,Folkemengden etter administrativ bydel og alder 2008-2019,2008,Bydel Bjerke,67-74 år,Personer,1133
EliminatedValue,0,9,16,0,Folkemengden etter administrativ bydel og alder 2008-2019,2008,Bydel Bjerke,75-79 år,Personer,759
EliminatedValue,0,9,17,0,Folkemengden etter administrativ bydel og alder 2008-2019,2008,Bydel Bjerke,80-84 år,Personer,725
EliminatedValue,0,9,18,0,Folkemengden etter administrativ bydel og alder 2008-2019,2008,Bydel Bjerke,85-89 år,Personer,476
EliminatedValue,0,9,19,0,Folkemengden etter administrativ bydel og alder 2008-2019,2008,Bydel Bjerke,90 år +,Personer,183
EliminatedValue,0,10,0,0,Folkemengden etter administrativ bydel og alder 2008-2019,2008,Bydel Grorud,Alder i alt,Personer,25408
EliminatedValue,0,10,1,0,Folkemengden etter administrativ bydel og alder 2008-2019,2008,Bydel Grorud,0 år,Personer,379
EliminatedValue,0,10,2,0,Folkemengden etter administrativ bydel og alder 2008-2019,2008,Bydel Grorud,1-2 år,Personer,783
EliminatedValue,0,10,3,0,Folkemengden etter administrativ bydel og alder 2008-2019,2008,Bydel Grorud,3-5 år,Personer,1002
EliminatedValue,0,10,4,0,Folkemengden etter administrativ bydel og alder 2008-2019,2008,Bydel Grorud,6-9 år,Personer,1305
EliminatedValue,0,10,5,0,Folkemengden etter administrativ bydel og alder 2008-2019,2008,Bydel Grorud,10-12 år,Personer,938
EliminatedValue,0,10,6,0,Folkemengden etter administrativ bydel og alder 2008-2019,2008,Bydel Grorud,13-15 år,Personer,930
EliminatedValue,0,10,7,0,Folkemengden etter administrativ bydel og alder 2008-2019,2008,Bydel Grorud,16-17 år,Personer,592
EliminatedValue,0,10,8,0,Folkemengden etter administrativ bydel og alder 2008-2019,2008,Bydel Grorud,18-19 år,Personer,582
EliminatedValue,0,10,9,0,Folkemengden etter administrativ bydel og alder 2008-2019,2008,Bydel Grorud,20-22 år,Personer,842
EliminatedValue,0,10,10,0,Folkemengden etter administrativ bydel og alder 2008-2019,2008,Bydel Grorud,23-24 år,Personer,620
EliminatedValue,0,10,11,0,Folkemengden etter administrativ bydel og alder 2008-2019,2008,Bydel Grorud,25-29 år,Personer,1856
EliminatedValue,0,10,12,0,Folkemengden etter administrativ bydel og alder 2008-2019,2008,Bydel Grorud,30-39 år,Personer,4241
EliminatedValue,0,10,13,0,Folkemengden etter administrativ bydel og alder 2008-2019,2008,Bydel Grorud,40-49 år,Personer,3839
EliminatedValue,0,10,14,0,Folkemengden etter administrativ bydel og alder 2008-2019,2008,Bydel Grorud,50-66 år,Personer,4479
EliminatedValue,0,10,15,0,Folkemengden etter administrativ bydel og alder 2008-2019,2008,Bydel Grorud,67-74 år,Personer,1263
EliminatedValue,0,10,16,0,Folkemengden etter administrativ bydel og alder 2008-2019,2008,Bydel Grorud,75-79 år,Personer,694
EliminatedValue,0,10,17,0,Folkemengden etter administrativ bydel og alder 2008-2019,2008,Bydel Grorud,80-84 år,Personer,554
EliminatedValue,0,10,18,0,Folkemengden etter administrativ bydel og alder 2008-2019,2008,Bydel Grorud,85-89 år,Personer,349
EliminatedValue,0,10,19,0,Folkemengden etter administrativ bydel og alder 2008-2019,2008,Bydel Grorud,90 år +,Personer,160
EliminatedValue,0,11,0,0,Folkemengden etter administrativ bydel og alder 2008-2019,2008,Bydel Stovner,Alder i alt,Personer,29373
EliminatedValue,0,11,1,0,Folkemengden etter administrativ bydel og alder 2008-2019,2008,Bydel Stovner,0 år,Personer,428
EliminatedValue,0,11,2,0,Folkemengden etter administrativ bydel og alder 2008-2019,2008,Bydel Stovner,1-2 år,Personer,819
EliminatedValue,0,11,3,0,Folkemengden etter administrativ bydel og alder 2008-2019,2008,Bydel Stovner,3-5 år,Personer,1275
EliminatedValue,0,11,4,0,Folkemengden etter administrativ bydel og alder 2008-2019,2008,Bydel Stovner,6-9 år,Personer,1660
EliminatedValue,0,11,5,0,Folkemengden etter administrativ bydel og alder 2008-2019,2008,Bydel Stovner,10-12 år,Personer,1205
EliminatedValue,0,11,6,0,Folkemengden etter administrativ bydel og alder 2008-2019,2008,Bydel Stovner,13-15 år,Personer,1175
EliminatedValue,0,11,7,0,Folkemengden etter administrativ bydel og alder 2008-2019,2008,Bydel Stovner,16-17 år,Personer,804
EliminatedValue,0,11,8,0,Folkemengden etter administrativ bydel og alder 2008-2019,2008,Bydel Stovner,18-19 år,Personer,775
EliminatedValue,0,11,9,0,Folkemengden etter administrativ bydel og alder 2008-2019,2008,Bydel Stovner,20-22 år,Personer,1057
EliminatedValue,0,11,10,0,Folkemengden etter administrativ bydel og alder 2008-2019,2008,Bydel Stovner,23-24 år,Personer,684
EliminatedValue,0,11,11,0,Folkemengden etter administrativ bydel og alder 2008-2019,2008,Bydel Stovner,25-29 år,Personer,1763
EliminatedValue,0,11,12,0,Folkemengden etter administrativ bydel og alder 2008-2019,2008,Bydel Stovner,30-39 år,Personer,4263
EliminatedValue,0,11,13,0,Folkemengden etter administrativ bydel og alder 2008-2019,2008,Bydel Stovner,40-49 år,Personer,4220
EliminatedValue,0,11,14,0,Folkemengden etter administrativ bydel og alder 2008-2019,2008,Bydel Stovner,50-66 år,Personer,6063
EliminatedValue,0,11,15,0,Folkemengden etter administrativ bydel og alder 2008-2019,2008,Bydel Stovner,67-74 år,Personer,1643
EliminatedValue,0,11,16,0,Folkemengden etter administrativ bydel og alder 2008-2019,2008,Bydel Stovner,75-79 år,Personer,714
EliminatedValue,0,11,17,0,Folkemengden etter administrativ bydel og alder 2008-2019,2008,Bydel Stovner,80-84 år,Personer,472
EliminatedValue,0,11,18,0,Folkemengden etter administrativ bydel og alder 2008-2019,2008,Bydel Stovner,85-89 år,Personer,255
EliminatedValue,0,11,19,0,Folkemengden etter administrativ bydel og alder 2008-2019,2008,Bydel Stovner,90 år +,Personer,98
EliminatedValue,0,12,0,0,Folkemengden etter administrativ bydel og alder 2008-2019,2008,Bydel Alna,Alder i alt,Personer,45074
EliminatedValue,0,12,1,0,Folkemengden etter administrativ bydel og alder 2008-2019,2008,Bydel Alna,0 år,Personer,723
EliminatedValue,0,12,2,0,Folkemengden etter administrativ bydel og alder 2008-2019,2008,Bydel Alna,1-2 år,Personer,1295
EliminatedValue,0,12,3,0,Folkemengden etter administrativ bydel og alder 2008-2019,2008,Bydel Alna,3-5 år,Personer,1778
EliminatedValue,0,12,4,0,Folkemengden etter administrativ bydel og alder 2008-2019,2008,Bydel Alna,6-9 år,Personer,2176
EliminatedValue,0,12,5,0,Folkemengden etter administrativ bydel og alder 2008-2019,2008,Bydel Alna,10-12 år,Personer,1521
EliminatedValue,0,12,6,0,Folkemengden etter administrativ bydel og alder 2008-2019,2008,Bydel Alna,13-15 år,Personer,1510
EliminatedValue,0,12,7,0,Folkemengden etter administrativ bydel og alder 2008-2019,2008,Bydel Alna,16-17 år,Personer,1039
EliminatedValue,0,12,8,0,Folkemengden etter administrativ bydel og alder 2008-2019,2008,Bydel Alna,18-19 år,Personer,1072
EliminatedValue,0,12,9,0,Folkemengden etter administrativ bydel og alder 2008-2019,2008,Bydel Alna,20-22 år,Personer,1556
EliminatedValue,0,12,10,0,Folkemengden etter administrativ bydel og alder 2008-2019,2008,Bydel Alna,23-24 år,Personer,1165
EliminatedValue,0,12,11,0,Folkemengden etter administrativ bydel og alder 2008-2019,2008,Bydel Alna,25-29 år,Personer,3697
EliminatedValue,0,12,12,0,Folkemengden etter administrativ bydel og alder 2008-2019,2008,Bydel Alna,30-39 år,Personer,7487
EliminatedValue,0,12,13,0,Folkemengden etter administrativ bydel og alder 2008-2019,2008,Bydel Alna,40-49 år,Personer,6265
EliminatedValue,0,12,14,0,Folkemengden etter administrativ bydel og alder 2008-2019,2008,Bydel Alna,50-66 år,Personer,8850
EliminatedValue,0,12,15,0,Folkemengden etter administrativ bydel og alder 2008-2019,2008,Bydel Alna,67-74 år,Personer,2063
EliminatedValue,0,12,16,0,Folkemengden etter administrativ bydel og alder 2008-2019,2008,Bydel Alna,75-79 år,Personer,1140
EliminatedValue,0,12,17,0,Folkemengden etter administrativ bydel og alder 2008-2019,2008,Bydel Alna,80-84 år,Personer,883
EliminatedValue,0,12,18,0,Folkemengden etter administrativ bydel og alder 2008-2019,2008,Bydel Alna,85-89 år,Personer,595
EliminatedValue,0,12,19,0,Folkemengden etter administrativ bydel og alder 2008-2019,2008,Bydel Alna,90 år +,Personer,259
EliminatedValue,0,13,0,0,Folkemengden etter administrativ bydel og alder 2008-2019,2008,Bydel Østensjø,Alder i alt,Personer,44506
EliminatedValue,0,13,1,0,Folkemengden etter administrativ bydel og alder 2008-2019,2008,Bydel Østensjø,0 år,Personer,643
EliminatedValue,0,13,2,0,Folkemengden etter administrativ bydel og alder 2008-2019,2008,Bydel Østensjø,1-2 år,Personer,1326
EliminatedValue,0,13,3,0,Folkemengden etter administrativ bydel og alder 2008-2019,2008,Bydel Østensjø,3-5 år,Personer,1747
EliminatedValue,0,13,4,0,Folkemengden etter administrativ bydel og alder 2008-2019,2008,Bydel Østensjø,6-9 år,Personer,2053
EliminatedValue,0,13,5,0,Folkemengden etter administrativ bydel og alder 2008-2019,2008,Bydel Østensjø,10-12 år,Personer,1535
EliminatedValue,0,13,6,0,Folkemengden etter administrativ bydel og alder 2008-2019,2008,Bydel Østensjø,13-15 år,Personer,1483
EliminatedValue,0,13,7,0,Folkemengden etter administrativ bydel og alder 2008-2019,2008,Bydel Østensjø,16-17 år,Personer,996
EliminatedValue,0,13,8,0,Folkemengden etter administrativ bydel og alder 2008-2019,2008,Bydel Østensjø,18-19 år,Personer,909
EliminatedValue,0,13,9,0,Folkemengden etter administrativ bydel og alder 2008-2019,2008,Bydel Østensjø,20-22 år,Personer,1220
EliminatedValue,0,13,10,0,Folkemengden etter administrativ bydel og alder 2008-2019,2008,Bydel Østensjø,23-24 år,Personer,811
EliminatedValue,0,13,11,0,Folkemengden etter administrativ bydel og alder 2008-2019,2008,Bydel Østensjø,25-29 år,Personer,2842
EliminatedValue,0,13,12,0,Folkemengden etter administrativ bydel og alder 2008-2019,2008,Bydel Østensjø,30-39 år,Personer,7447
EliminatedValue,0,13,13,0,Folkemengden etter administrativ bydel og alder 2008-2019,2008,Bydel Østensjø,40-49 år,Personer,6669
EliminatedValue,0,13,14,0,Folkemengden etter administrativ bydel og alder 2008-2019,2008,Bydel Østensjø,50-66 år,Personer,7339
EliminatedValue,0,13,15,0,Folkemengden etter administrativ bydel og alder 2008-2019,2008,Bydel Østensjø,67-74 år,Personer,2636
EliminatedValue,0,13,16,0,Folkemengden etter administrativ bydel og alder 2008-2019,2008,Bydel Østensjø,75-79 år,Personer,1968
EliminatedValue,0,13,17,0,Folkemengden etter administrativ bydel og alder 2008-2019,2008,Bydel Østensjø,80-84 år,Personer,1595
EliminatedValue,0,13,18,0,Folkemengden etter administrativ bydel og alder 2008-2019,2008,Bydel Østensjø,85-89 år,Personer,953
EliminatedValue,0,13,19,0,Folkemengden etter administrativ bydel og alder 2008-2019,2008,Bydel Østensjø,90 år +,Personer,334
EliminatedValue,0,14,0,0,Folkemengden etter administrativ bydel og alder 2008-2019,2008,Bydel Nordstrand,Alder i alt,Personer,44781
EliminatedValue,0,14,1,0,Folkemengden etter administrativ bydel og alder 2008-2019,2008,Bydel Nordstrand,0 år,Personer,616
EliminatedValue,0,14,2,0,Folkemengden etter administrativ bydel og alder 2008-2019,2008,Bydel Nordstrand,1-2 år,Personer,1246
EliminatedValue,0,14,3,0,Folkemengden etter administrativ bydel og alder 2008-2019,2008,Bydel Nordstrand,3-5 år,Personer,1756
EliminatedValue,0,14,4,0,Folkemengden etter administrativ bydel og alder 2008-2019,2008,Bydel Nordstrand,6-9 år,Personer,2174
EliminatedValue,0,14,5,0,Folkemengden etter administrativ bydel og alder 2008-2019,2008,Bydel Nordstrand,10-12 år,Personer,1676
EliminatedValue,0,14,6,0,Folkemengden etter administrativ bydel og alder 2008-2019,2008,Bydel Nordstrand,13-15 år,Personer,1529
EliminatedValue,0,14,7,0,Folkemengden etter administrativ bydel og alder 2008-2019,2008,Bydel Nordstrand,16-17 år,Personer,1105
EliminatedValue,0,14,8,0,Folkemengden etter administrativ bydel og alder 2008-2019,2008,Bydel Nordstrand,18-19 år,Personer,994
EliminatedValue,0,14,9,0,Folkemengden etter administrativ bydel og alder 2008-2019,2008,Bydel Nordstrand,20-22 år,Personer,1274
EliminatedValue,0,14,10,0,Folkemengden etter administrativ bydel og alder 2008-2019,2008,Bydel Nordstrand,23-24 år,Personer,818
EliminatedValue,0,14,11,0,Folkemengden etter administrativ bydel og alder 2008-2019,2008,Bydel Nordstrand,25-29 år,Personer,2739
EliminatedValue,0,14,12,0,Folkemengden etter administrativ bydel og alder 2008-2019,2008,Bydel Nordstrand,30-39 år,Personer,6700
EliminatedValue,0,14,13,0,Folkemengden etter administrativ bydel og alder 2008-2019,2008,Bydel Nordstrand,40-49 år,Personer,6834
EliminatedValue,0,14,14,0,Folkemengden etter administrativ bydel og alder 2008-2019,2008,Bydel Nordstrand,50-66 år,Personer,8732
EliminatedValue,0,14,15,0,Folkemengden etter administrativ bydel og alder 2008-2019,2008,Bydel Nordstrand,67-74 år,Personer,2297
EliminatedValue,0,14,16,0,Folkemengden etter administrativ bydel og alder 2008-2019,2008,Bydel Nordstrand,75-79 år,Personer,1422
EliminatedValue,0,14,17,0,Folkemengden etter administrativ bydel og alder 2008-2019,2008,Bydel Nordstrand,80-84 år,Personer,1411
EliminatedValue,0,14,18,0,Folkemengden etter administrativ bydel og alder 2008-2019,2008,Bydel Nordstrand,85-89 år,Personer,979
EliminatedValue,0,14,19,0,Folkemengden etter administrativ bydel og alder 2008-2019,2008,Bydel Nordstrand,90 år +,Personer,479
EliminatedValue,0,15,0,0,Folkemengden etter administrativ bydel og alder 2008-2019,2008,Bydel Søndre Nordstrand,Alder i alt,Personer,35008
EliminatedValue,0,15,1,0,Folkemengden etter administrativ bydel og alder 2008-2019,2008,Bydel Søndre Nordstrand,0 år,Personer,595
EliminatedValue,0,15,2,0,Folkemengden etter administrativ bydel og alder 2008-2019,2008,Bydel Søndre Nordstrand,1-2 år,Personer,1244
EliminatedValue,0,15,3,0,Folkemengden etter administrativ bydel og alder 2008-2019,2008,Bydel Søndre Nordstrand,3-5 år,Personer,1789
EliminatedValue,0,15,4,0,Folkemengden etter administrativ bydel og alder 2008-2019,2008,Bydel Søndre Nordstrand,6-9 år,Personer,2205
EliminatedValue,0,15,5,0,Folkemengden etter administrativ bydel og alder 2008-2019,2008,Bydel Søndre Nordstrand,10-12 år,Personer,1700
EliminatedValue,0,15,6,0,Folkemengden etter administrativ bydel og alder 2008-2019,2008,Bydel Søndre Nordstrand,13-15 år,Personer,1679
EliminatedValue,0,15,7,0,Folkemengden etter administrativ bydel og alder 2008-2019,2008,Bydel Søndre Nordstrand,16-17 år,Personer,1225
EliminatedValue,0,15,8,0,Folkemengden etter administrativ bydel og alder 2008-2019,2008,Bydel Søndre Nordstrand,18-19 år,Personer,1149
EliminatedValue,0,15,9,0,Folkemengden etter administrativ bydel og alder 2008-2019,2008,Bydel Søndre Nordstrand,20-22 år,Personer,1486
EliminatedValue,0,15,10,0,Folkemengden etter administrativ bydel og alder 2008-2019,2008,Bydel Søndre Nordstrand,23-24 år,Personer,897
EliminatedValue,0,15,11,0,Folkemengden etter administrativ bydel og alder 2008-2019,2008,Bydel Søndre Nordstrand,25-29 år,Personer,2191
EliminatedValue,0,15,12,0,Folkemengden etter administrativ bydel og alder 2008-2019,2008,Bydel Søndre Nordstrand,30-39 år,Personer,5210
EliminatedValue,0,15,13,0,Folkemengden etter administrativ bydel og alder 2008-2019,2008,Bydel Søndre Nordstrand,40-49 år,Personer,5548
EliminatedValue,0,15,14,0,Folkemengden etter administrativ bydel og alder 2008-2019,2008,Bydel Søndre Nordstrand,50-66 år,Personer,6271
EliminatedValue,0,15,15,0,Folkemengden etter administrativ bydel og alder 2008-2019,2008,Bydel Søndre Nordstrand,67-74 år,Personer,890
EliminatedValue,0,15,16,0,Folkemengden etter administrativ bydel og alder 2008-2019,2008,Bydel Søndre Nordstrand,75-79 år,Personer,402
EliminatedValue,0,15,17,0,Folkemengden etter administrativ bydel og alder 2008-2019,2008,Bydel Søndre Nordstrand,80-84 år,Personer,289
EliminatedValue,0,15,18,0,Folkemengden etter administrativ bydel og alder 2008-2019,2008,Bydel Søndre Nordstrand,85-89 år,Personer,170
EliminatedValue,0,15,19,0,Folkemengden etter administrativ bydel og alder 2008-2019,2008,Bydel Søndre Nordstrand,90 år +,Personer,68
EliminatedValue,1,100000,0,0,Folkemengden etter administrativ bydel og alder 2008-2019,2009,Oslo i alt,Alder i alt,Personer,574364
EliminatedValue,1,100000,1,0,Folkemengden etter administrativ bydel og alder 2008-2019,2009,Oslo i alt,0 år,Personer,9649
EliminatedValue,1,100000,2,0,Folkemengden etter administrativ bydel og alder 2008-2019,2009,Oslo i alt,1-2 år,Personer,16772
EliminatedValue,1,100000,3,0,Folkemengden etter administrativ bydel og alder 2008-2019,2009,Oslo i alt,3-5 år,Personer,21115
EliminatedValue,1,100000,4,0,Folkemengden etter administrativ bydel og alder 2008-2019,2009,Oslo i alt,6-9 år,Personer,23477
EliminatedValue,1,100000,5,0,Folkemengden etter administrativ bydel og alder 2008-2019,2009,Oslo i alt,10-12 år,Personer,16553
EliminatedValue,1,100000,6,0,Folkemengden etter administrativ bydel og alder 2008-2019,2009,Oslo i alt,13-15 år,Personer,16042
EliminatedValue,1,100000,7,0,Folkemengden etter administrativ bydel og alder 2008-2019,2009,Oslo i alt,16-17 år,Personer,10914
EliminatedValue,1,100000,8,0,Folkemengden etter administrativ bydel og alder 2008-2019,2009,Oslo i alt,18-19 år,Personer,11630
EliminatedValue,1,100000,9,0,Folkemengden etter administrativ bydel og alder 2008-2019,2009,Oslo i alt,20-22 år,Personer,21144
EliminatedValue,1,100000,10,0,Folkemengden etter administrativ bydel og alder 2008-2019,2009,Oslo i alt,23-24 år,Personer,17236
EliminatedValue,1,100000,11,0,Folkemengden etter administrativ bydel og alder 2008-2019,2009,Oslo i alt,25-29 år,Personer,59737
EliminatedValue,1,100000,12,0,Folkemengden etter administrativ bydel og alder 2008-2019,2009,Oslo i alt,30-39 år,Personer,110739
EliminatedValue,1,100000,13,0,Folkemengden etter administrativ bydel og alder 2008-2019,2009,Oslo i alt,40-49 år,Personer,79366
EliminatedValue,1,100000,14,0,Folkemengden etter administrativ bydel og alder 2008-2019,2009,Oslo i alt,50-66 år,Personer,100502
EliminatedValue,1,100000,15,0,Folkemengden etter administrativ bydel og alder 2008-2019,2009,Oslo i alt,67-74 år,Personer,23474
EliminatedValue,1,100000,16,0,Folkemengden etter administrativ bydel og alder 2008-2019,2009,Oslo i alt,75-79 år,Personer,12624
EliminatedValue,1,100000,17,0,Folkemengden etter administrativ bydel og alder 2008-2019,2009,Oslo i alt,80-84 år,Personer,10967
EliminatedValue,1,100000,18,0,Folkemengden etter administrativ bydel og alder 2008-2019,2009,Oslo i alt,85-89 år,Personer,8130
EliminatedValue,1,100000,19,0,Folkemengden etter administrativ bydel og alder 2008-2019,2009,Oslo i alt,90 år +,Personer,4293
EliminatedValue,1,1,0,0,Folkemengden etter administrativ bydel og alder 2008-2019,2009,Bydel Gamle Oslo,Alder i alt,Personer,41478
EliminatedValue,1,1,1,0,Folkemengden etter administrativ bydel og alder 2008-2019,2009,Bydel Gamle Oslo,0 år,Personer,940
EliminatedValue,1,1,2,0,Folkemengden etter administrativ bydel og alder 2008-2019,2009,Bydel Gamle Oslo,1-2 år,Personer,1413
EliminatedValue,1,1,3,0,Folkemengden etter administrativ bydel og alder 2008-2019,2009,Bydel Gamle Oslo,3-5 år,Personer,1481
EliminatedValue,1,1,4,0,Folkemengden etter administrativ bydel og alder 2008-2019,2009,Bydel Gamle Oslo,6-9 år,Personer,1378
EliminatedValue,1,1,5,0,Folkemengden etter administrativ bydel og alder 2008-2019,2009,Bydel Gamle Oslo,10-12 år,Personer,835
EliminatedValue,1,1,6,0,Folkemengden etter administrativ bydel og alder 2008-2019,2009,Bydel Gamle Oslo,13-15 år,Personer,767
EliminatedValue,1,1,7,0,Folkemengden etter administrativ bydel og alder 2008-2019,2009,Bydel Gamle Oslo,16-17 år,Personer,515
EliminatedValue,1,1,8,0,Folkemengden etter administrativ bydel og alder 2008-2019,2009,Bydel Gamle Oslo,18-19 år,Personer,584
EliminatedValue,1,1,9,0,Folkemengden etter administrativ bydel og alder 2008-2019,2009,Bydel Gamle Oslo,20-22 år,Personer,1544
EliminatedValue,1,1,10,0,Folkemengden etter administrativ bydel og alder 2008-2019,2009,Bydel Gamle Oslo,23-24 år,Personer,1450
EliminatedValue,1,1,11,0,Folkemengden etter administrativ bydel og alder 2008-2019,2009,Bydel Gamle Oslo,25-29 år,Personer,6302
EliminatedValue,1,1,12,0,Folkemengden etter administrativ bydel og alder 2008-2019,2009,Bydel Gamle Oslo,30-39 år,Personer,11352
EliminatedValue,1,1,13,0,Folkemengden etter administrativ bydel og alder 2008-2019,2009,Bydel Gamle Oslo,40-49 år,Personer,5307
EliminatedValue,1,1,14,0,Folkemengden etter administrativ bydel og alder 2008-2019,2009,Bydel Gamle Oslo,50-66 år,Personer,5454
EliminatedValue,1,1,15,0,Folkemengden etter administrativ bydel og alder 2008-2019,2009,Bydel Gamle Oslo,67-74 år,Personer,883
EliminatedValue,1,1,16,0,Folkemengden etter administrativ bydel og alder 2008-2019,2009,Bydel Gamle Oslo,75-79 år,Personer,397
EliminatedValue,1,1,17,0,Folkemengden etter administrativ bydel og alder 2008-2019,2009,Bydel Gamle Oslo,80-84 år,Personer,346
EliminatedValue,1,1,18,0,Folkemengden etter administrativ bydel og alder 2008-2019,2009,Bydel Gamle Oslo,85-89 år,Personer,331
EliminatedValue,1,1,19,0,Folkemengden etter administrativ bydel og alder 2008-2019,2009,Bydel Gamle Oslo,90 år +,Personer,199
EliminatedValue,1,2,0,0,Folkemengden etter administrativ bydel og alder 2008-2019,2009,Bydel Grünerløkka,Alder i alt,Personer,43839
EliminatedValue,1,2,1,0,Folkemengden etter administrativ bydel og alder 2008-2019,2009,Bydel Grünerløkka,0 år,Personer,868
EliminatedValue,1,2,2,0,Folkemengden etter administrativ bydel og alder 2008-2019,2009,Bydel Grünerløkka,1-2 år,Personer,1262
EliminatedValue,1,2,3,0,Folkemengden etter administrativ bydel og alder 2008-2019,2009,Bydel Grünerløkka,3-5 år,Personer,1221
EliminatedValue,1,2,4,0,Folkemengden etter administrativ bydel og alder 2008-2019,2009,Bydel Grünerløkka,6-9 år,Personer,1035
EliminatedValue,1,2,5,0,Folkemengden etter administrativ bydel og alder 2008-2019,2009,Bydel Grünerløkka,10-12 år,Personer,669
EliminatedValue,1,2,6,0,Folkemengden etter administrativ bydel og alder 2008-2019,2009,Bydel Grünerløkka,13-15 år,Personer,589
EliminatedValue,1,2,7,0,Folkemengden etter administrativ bydel og alder 2008-2019,2009,Bydel Grünerløkka,16-17 år,Personer,447
EliminatedValue,1,2,8,0,Folkemengden etter administrativ bydel og alder 2008-2019,2009,Bydel Grünerløkka,18-19 år,Personer,556
EliminatedValue,1,2,9,0,Folkemengden etter administrativ bydel og alder 2008-2019,2009,Bydel Grünerløkka,20-22 år,Personer,1812
EliminatedValue,1,2,10,0,Folkemengden etter administrativ bydel og alder 2008-2019,2009,Bydel Grünerløkka,23-24 år,Personer,1981
EliminatedValue,1,2,11,0,Folkemengden etter administrativ bydel og alder 2008-2019,2009,Bydel Grünerløkka,25-29 år,Personer,8002
EliminatedValue,1,2,12,0,Folkemengden etter administrativ bydel og alder 2008-2019,2009,Bydel Grünerløkka,30-39 år,Personer,12393
EliminatedValue,1,2,13,0,Folkemengden etter administrativ bydel og alder 2008-2019,2009,Bydel Grünerløkka,40-49 år,Personer,5320
EliminatedValue,1,2,14,0,Folkemengden etter administrativ bydel og alder 2008-2019,2009,Bydel Grünerløkka,50-66 år,Personer,5290
EliminatedValue,1,2,15,0,Folkemengden etter administrativ bydel og alder 2008-2019,2009,Bydel Grünerløkka,67-74 år,Personer,880
EliminatedValue,1,2,16,0,Folkemengden etter administrativ bydel og alder 2008-2019,2009,Bydel Grünerløkka,75-79 år,Personer,427
EliminatedValue,1,2,17,0,Folkemengden etter administrativ bydel og alder 2008-2019,2009,Bydel Grünerløkka,80-84 år,Personer,395
EliminatedValue,1,2,18,0,Folkemengden etter administrativ bydel og alder 2008-2019,2009,Bydel Grünerløkka,85-89 år,Personer,404
EliminatedValue,1,2,19,0,Folkemengden etter administrativ bydel og alder 2008-2019,2009,Bydel Grünerløkka,90 år +,Personer,288
EliminatedValue,1,3,0,0,Folkemengden etter administrativ bydel og alder 2008-2019,2009,Bydel Sagene,Alder i alt,Personer,33664
EliminatedValue,1,3,1,0,Folkemengden etter administrativ bydel og alder 2008-2019,2009,Bydel Sagene,0 år,Personer,762
EliminatedValue,1,3,2,0,Folkemengden etter administrativ bydel og alder 2008-2019,2009,Bydel Sagene,1-2 år,Personer,1010
EliminatedValue,1,3,3,0,Folkemengden etter administrativ bydel og alder 2008-2019,2009,Bydel Sagene,3-5 år,Personer,903
EliminatedValue,1,3,4,0,Folkemengden etter administrativ bydel og alder 2008-2019,2009,Bydel Sagene,6-9 år,Personer,690
EliminatedValue,1,3,5,0,Folkemengden etter administrativ bydel og alder 2008-2019,2009,Bydel Sagene,10-12 år,Personer,429
EliminatedValue,1,3,6,0,Folkemengden etter administrativ bydel og alder 2008-2019,2009,Bydel Sagene,13-15 år,Personer,386
EliminatedValue,1,3,7,0,Folkemengden etter administrativ bydel og alder 2008-2019,2009,Bydel Sagene,16-17 år,Personer,271
EliminatedValue,1,3,8,0,Folkemengden etter administrativ bydel og alder 2008-2019,2009,Bydel Sagene,18-19 år,Personer,333
EliminatedValue,1,3,9,0,Folkemengden etter administrativ bydel og alder 2008-2019,2009,Bydel Sagene,20-22 år,Personer,1175
EliminatedValue,1,3,10,0,Folkemengden etter administrativ bydel og alder 2008-2019,2009,Bydel Sagene,23-24 år,Personer,1282
EliminatedValue,1,3,11,0,Folkemengden etter administrativ bydel og alder 2008-2019,2009,Bydel Sagene,25-29 år,Personer,6072
EliminatedValue,1,3,12,0,Folkemengden etter administrativ bydel og alder 2008-2019,2009,Bydel Sagene,30-39 år,Personer,9561
EliminatedValue,1,3,13,0,Folkemengden etter administrativ bydel og alder 2008-2019,2009,Bydel Sagene,40-49 år,Personer,4036
EliminatedValue,1,3,14,0,Folkemengden etter administrativ bydel og alder 2008-2019,2009,Bydel Sagene,50-66 år,Personer,4365
EliminatedValue,1,3,15,0,Folkemengden etter administrativ bydel og alder 2008-2019,2009,Bydel Sagene,67-74 år,Personer,877
EliminatedValue,1,3,16,0,Folkemengden etter administrativ bydel og alder 2008-2019,2009,Bydel Sagene,75-79 år,Personer,436
EliminatedValue,1,3,17,0,Folkemengden etter administrativ bydel og alder 2008-2019,2009,Bydel Sagene,80-84 år,Personer,413
EliminatedValue,1,3,18,0,Folkemengden etter administrativ bydel og alder 2008-2019,2009,Bydel Sagene,85-89 år,Personer,395
EliminatedValue,1,3,19,0,Folkemengden etter administrativ bydel og alder 2008-2019,2009,Bydel Sagene,90 år +,Personer,268
EliminatedValue,1,4,0,0,Folkemengden etter administrativ bydel og alder 2008-2019,2009,Bydel St.Hanshaugen,Alder i alt,Personer,32441
EliminatedValue,1,4,1,0,Folkemengden etter administrativ bydel og alder 2008-2019,2009,Bydel St.Hanshaugen,0 år,Personer,539
EliminatedValue,1,4,2,0,Folkemengden etter administrativ bydel og alder 2008-2019,2009,Bydel St.Hanshaugen,1-2 år,Personer,755
EliminatedValue,1,4,3,0,Folkemengden etter administrativ bydel og alder 2008-2019,2009,Bydel St.Hanshaugen,3-5 år,Personer,707
EliminatedValue,1,4,4,0,Folkemengden etter administrativ bydel og alder 2008-2019,2009,Bydel St.Hanshaugen,6-9 år,Personer,608
EliminatedValue,1,4,5,0,Folkemengden etter administrativ bydel og alder 2008-2019,2009,Bydel St.Hanshaugen,10-12 år,Personer,405
EliminatedValue,1,4,6,0,Folkemengden etter administrativ bydel og alder 2008-2019,2009,Bydel St.Hanshaugen,13-15 år,Personer,365
EliminatedValue,1,4,7,0,Folkemengden etter administrativ bydel og alder 2008-2019,2009,Bydel St.Hanshaugen,16-17 år,Personer,239
EliminatedValue,1,4,8,0,Folkemengden etter administrativ bydel og alder 2008-2019,2009,Bydel St.Hanshaugen,18-19 år,Personer,347
EliminatedValue,1,4,9,0,Folkemengden etter administrativ bydel og alder 2008-2019,2009,Bydel St.Hanshaugen,20-22 år,Personer,1639
EliminatedValue,1,4,10,0,Folkemengden etter administrativ bydel og alder 2008-2019,2009,Bydel St.Hanshaugen,23-24 år,Personer,1729
EliminatedValue,1,4,11,0,Folkemengden etter administrativ bydel og alder 2008-2019,2009,Bydel St.Hanshaugen,25-29 år,Personer,6458
EliminatedValue,1,4,12,0,Folkemengden etter administrativ bydel og alder 2008-2019,2009,Bydel St.Hanshaugen,30-39 år,Personer,8529
EliminatedValue,1,4,13,0,Folkemengden etter administrativ bydel og alder 2008-2019,2009,Bydel St.Hanshaugen,40-49 år,Personer,3744
EliminatedValue,1,4,14,0,Folkemengden etter administrativ bydel og alder 2008-2019,2009,Bydel St.Hanshaugen,50-66 år,Personer,4179
EliminatedValue,1,4,15,0,Folkemengden etter administrativ bydel og alder 2008-2019,2009,Bydel St.Hanshaugen,67-74 år,Personer,880
EliminatedValue,1,4,16,0,Folkemengden etter administrativ bydel og alder 2008-2019,2009,Bydel St.Hanshaugen,75-79 år,Personer,396
EliminatedValue,1,4,17,0,Folkemengden etter administrativ bydel og alder 2008-2019,2009,Bydel St.Hanshaugen,80-84 år,Personer,339
EliminatedValue,1,4,18,0,Folkemengden etter administrativ bydel og alder 2008-2019,2009,Bydel St.Hanshaugen,85-89 år,Personer,355
EliminatedValue,1,4,19,0,Folkemengden etter administrativ bydel og alder 2008-2019,2009,Bydel St.Hanshaugen,90 år +,Personer,228
EliminatedValue,1,5,0,0,Folkemengden etter administrativ bydel og alder 2008-2019,2009,Bydel Frogner,Alder i alt,Personer,49148
EliminatedValue,1,5,1,0,Folkemengden etter administrativ bydel og alder 2008-2019,2009,Bydel Frogner,0 år,Personer,685
EliminatedValue,1,5,2,0,Folkemengden etter administrativ bydel og alder 2008-2019,2009,Bydel Frogner,1-2 år,Personer,972
EliminatedValue,1,5,3,0,Folkemengden etter administrativ bydel og alder 2008-2019,2009,Bydel Frogner,3-5 år,Personer,1008
EliminatedValue,1,5,4,0,Folkemengden etter administrativ bydel og alder 2008-2019,2009,Bydel Frogner,6-9 år,Personer,968
EliminatedValue,1,5,5,0,Folkemengden etter administrativ bydel og alder 2008-2019,2009,Bydel Frogner,10-12 år,Personer,627
EliminatedValue,1,5,6,0,Folkemengden etter administrativ bydel og alder 2008-2019,2009,Bydel Frogner,13-15 år,Personer,617
EliminatedValue,1,5,7,0,Folkemengden etter administrativ bydel og alder 2008-2019,2009,Bydel Frogner,16-17 år,Personer,527
EliminatedValue,1,5,8,0,Folkemengden etter administrativ bydel og alder 2008-2019,2009,Bydel Frogner,18-19 år,Personer,696
EliminatedValue,1,5,9,0,Folkemengden etter administrativ bydel og alder 2008-2019,2009,Bydel Frogner,20-22 år,Personer,2306
EliminatedValue,1,5,10,0,Folkemengden etter administrativ bydel og alder 2008-2019,2009,Bydel Frogner,23-24 år,Personer,2234
EliminatedValue,1,5,11,0,Folkemengden etter administrativ bydel og alder 2008-2019,2009,Bydel Frogner,25-29 år,Personer,7570
EliminatedValue,1,5,12,0,Folkemengden etter administrativ bydel og alder 2008-2019,2009,Bydel Frogner,30-39 år,Personer,10239
EliminatedValue,1,5,13,0,Folkemengden etter administrativ bydel og alder 2008-2019,2009,Bydel Frogner,40-49 år,Personer,6032
EliminatedValue,1,5,14,0,Folkemengden etter administrativ bydel og alder 2008-2019,2009,Bydel Frogner,50-66 år,Personer,9072
EliminatedValue,1,5,15,0,Folkemengden etter administrativ bydel og alder 2008-2019,2009,Bydel Frogner,67-74 år,Personer,2340
EliminatedValue,1,5,16,0,Folkemengden etter administrativ bydel og alder 2008-2019,2009,Bydel Frogner,75-79 år,Personer,1063
EliminatedValue,1,5,17,0,Folkemengden etter administrativ bydel og alder 2008-2019,2009,Bydel Frogner,80-84 år,Personer,946
EliminatedValue,1,5,18,0,Folkemengden etter administrativ bydel og alder 2008-2019,2009,Bydel Frogner,85-89 år,Personer,727
EliminatedValue,1,5,19,0,Folkemengden etter administrativ bydel og alder 2008-2019,2009,Bydel Frogner,90 år +,Personer,519
EliminatedValue,1,6,0,0,Folkemengden etter administrativ bydel og alder 2008-2019,2009,Bydel Ullern,Alder i alt,Personer,29689
EliminatedValue,1,6,1,0,Folkemengden etter administrativ bydel og alder 2008-2019,2009,Bydel Ullern,0 år,Personer,442
EliminatedValue,1,6,2,0,Folkemengden etter administrativ bydel og alder 2008-2019,2009,Bydel Ullern,1-2 år,Personer,893
EliminatedValue,1,6,3,0,Folkemengden etter administrativ bydel og alder 2008-2019,2009,Bydel Ullern,3-5 år,Personer,1134
EliminatedValue,1,6,4,0,Folkemengden etter administrativ bydel og alder 2008-2019,2009,Bydel Ullern,6-9 år,Personer,1365
EliminatedValue,1,6,5,0,Folkemengden etter administrativ bydel og alder 2008-2019,2009,Bydel Ullern,10-12 år,Personer,929
EliminatedValue,1,6,6,0,Folkemengden etter administrativ bydel og alder 2008-2019,2009,Bydel Ullern,13-15 år,Personer,931
EliminatedValue,1,6,7,0,Folkemengden etter administrativ bydel og alder 2008-2019,2009,Bydel Ullern,16-17 år,Personer,613
EliminatedValue,1,6,8,0,Folkemengden etter administrativ bydel og alder 2008-2019,2009,Bydel Ullern,18-19 år,Personer,596
EliminatedValue,1,6,9,0,Folkemengden etter administrativ bydel og alder 2008-2019,2009,Bydel Ullern,20-22 år,Personer,845
EliminatedValue,1,6,10,0,Folkemengden etter administrativ bydel og alder 2008-2019,2009,Bydel Ullern,23-24 år,Personer,553
EliminatedValue,1,6,11,0,Folkemengden etter administrativ bydel og alder 2008-2019,2009,Bydel Ullern,25-29 år,Personer,1907
EliminatedValue,1,6,12,0,Folkemengden etter administrativ bydel og alder 2008-2019,2009,Bydel Ullern,30-39 år,Personer,4524
EliminatedValue,1,6,13,0,Folkemengden etter administrativ bydel og alder 2008-2019,2009,Bydel Ullern,40-49 år,Personer,4234
EliminatedValue,1,6,14,0,Folkemengden etter administrativ bydel og alder 2008-2019,2009,Bydel Ullern,50-66 år,Personer,6662
EliminatedValue,1,6,15,0,Folkemengden etter administrativ bydel og alder 2008-2019,2009,Bydel Ullern,67-74 år,Personer,1687
EliminatedValue,1,6,16,0,Folkemengden etter administrativ bydel og alder 2008-2019,2009,Bydel Ullern,75-79 år,Personer,806
EliminatedValue,1,6,17,0,Folkemengden etter administrativ bydel og alder 2008-2019,2009,Bydel Ullern,80-84 år,Personer,769
EliminatedValue,1,6,18,0,Folkemengden etter administrativ bydel og alder 2008-2019,2009,Bydel Ullern,85-89 år,Personer,517
EliminatedValue,1,6,19,0,Folkemengden etter administrativ bydel og alder 2008-2019,2009,Bydel Ullern,90 år +,Personer,282
EliminatedValue,1,7,0,0,Folkemengden etter administrativ bydel og alder 2008-2019,2009,Bydel Vestre Aker,Alder i alt,Personer,43558
EliminatedValue,1,7,1,0,Folkemengden etter administrativ bydel og alder 2008-2019,2009,Bydel Vestre Aker,0 år,Personer,642
EliminatedValue,1,7,2,0,Folkemengden etter administrativ bydel og alder 2008-2019,2009,Bydel Vestre Aker,1-2 år,Personer,1294
EliminatedValue,1,7,3,0,Folkemengden etter administrativ bydel og alder 2008-2019,2009,Bydel Vestre Aker,3-5 år,Personer,1818
EliminatedValue,1,7,4,0,Folkemengden etter administrativ bydel og alder 2008-2019,2009,Bydel Vestre Aker,6-9 år,Personer,2179
EliminatedValue,1,7,5,0,Folkemengden etter administrativ bydel og alder 2008-2019,2009,Bydel Vestre Aker,10-12 år,Personer,1610
EliminatedValue,1,7,6,0,Folkemengden etter administrativ bydel og alder 2008-2019,2009,Bydel Vestre Aker,13-15 år,Personer,1580
EliminatedValue,1,7,7,0,Folkemengden etter administrativ bydel og alder 2008-2019,2009,Bydel Vestre Aker,16-17 år,Personer,1092
EliminatedValue,1,7,8,0,Folkemengden etter administrativ bydel og alder 2008-2019,2009,Bydel Vestre Aker,18-19 år,Personer,1117
EliminatedValue,1,7,9,0,Folkemengden etter administrativ bydel og alder 2008-2019,2009,Bydel Vestre Aker,20-22 år,Personer,1444
EliminatedValue,1,7,10,0,Folkemengden etter administrativ bydel og alder 2008-2019,2009,Bydel Vestre Aker,23-24 år,Personer,917
EliminatedValue,1,7,11,0,Folkemengden etter administrativ bydel og alder 2008-2019,2009,Bydel Vestre Aker,25-29 år,Personer,2424
EliminatedValue,1,7,12,0,Folkemengden etter administrativ bydel og alder 2008-2019,2009,Bydel Vestre Aker,30-39 år,Personer,6080
EliminatedValue,1,7,13,0,Folkemengden etter administrativ bydel og alder 2008-2019,2009,Bydel Vestre Aker,40-49 år,Personer,6158
EliminatedValue,1,7,14,0,Folkemengden etter administrativ bydel og alder 2008-2019,2009,Bydel Vestre Aker,50-66 år,Personer,9737
EliminatedValue,1,7,15,0,Folkemengden etter administrativ bydel og alder 2008-2019,2009,Bydel Vestre Aker,67-74 år,Personer,2113
EliminatedValue,1,7,16,0,Folkemengden etter administrativ bydel og alder 2008-2019,2009,Bydel Vestre Aker,75-79 år,Personer,1098
EliminatedValue,1,7,17,0,Folkemengden etter administrativ bydel og alder 2008-2019,2009,Bydel Vestre Aker,80-84 år,Personer,1024
EliminatedValue,1,7,18,0,Folkemengden etter administrativ bydel og alder 2008-2019,2009,Bydel Vestre Aker,85-89 år,Personer,802
EliminatedValue,1,7,19,0,Folkemengden etter administrativ bydel og alder 2008-2019,2009,Bydel Vestre Aker,90 år +,Personer,429
EliminatedValue,1,8,0,0,Folkemengden etter administrativ bydel og alder 2008-2019,2009,Bydel Nordre Aker,Alder i alt,Personer,45873
EliminatedValue,1,8,1,0,Folkemengden etter administrativ bydel og alder 2008-2019,2009,Bydel Nordre Aker,0 år,Personer,681
EliminatedValue,1,8,2,0,Folkemengden etter administrativ bydel og alder 2008-2019,2009,Bydel Nordre Aker,1-2 år,Personer,1322
EliminatedValue,1,8,3,0,Folkemengden etter administrativ bydel og alder 2008-2019,2009,Bydel Nordre Aker,3-5 år,Personer,1921
EliminatedValue,1,8,4,0,Folkemengden etter administrativ bydel og alder 2008-2019,2009,Bydel Nordre Aker,6-9 år,Personer,2278
EliminatedValue,1,8,5,0,Folkemengden etter administrativ bydel og alder 2008-2019,2009,Bydel Nordre Aker,10-12 år,Personer,1636
EliminatedValue,1,8,6,0,Folkemengden etter administrativ bydel og alder 2008-2019,2009,Bydel Nordre Aker,13-15 år,Personer,1538
EliminatedValue,1,8,7,0,Folkemengden etter administrativ bydel og alder 2008-2019,2009,Bydel Nordre Aker,16-17 år,Personer,965
EliminatedValue,1,8,8,0,Folkemengden etter administrativ bydel og alder 2008-2019,2009,Bydel Nordre Aker,18-19 år,Personer,1110
EliminatedValue,1,8,9,0,Folkemengden etter administrativ bydel og alder 2008-2019,2009,Bydel Nordre Aker,20-22 år,Personer,1849
EliminatedValue,1,8,10,0,Folkemengden etter administrativ bydel og alder 2008-2019,2009,Bydel Nordre Aker,23-24 år,Personer,1376
EliminatedValue,1,8,11,0,Folkemengden etter administrativ bydel og alder 2008-2019,2009,Bydel Nordre Aker,25-29 år,Personer,3437
EliminatedValue,1,8,12,0,Folkemengden etter administrativ bydel og alder 2008-2019,2009,Bydel Nordre Aker,30-39 år,Personer,7344
EliminatedValue,1,8,13,0,Folkemengden etter administrativ bydel og alder 2008-2019,2009,Bydel Nordre Aker,40-49 år,Personer,6776
EliminatedValue,1,8,14,0,Folkemengden etter administrativ bydel og alder 2008-2019,2009,Bydel Nordre Aker,50-66 år,Personer,8419
EliminatedValue,1,8,15,0,Folkemengden etter administrativ bydel og alder 2008-2019,2009,Bydel Nordre Aker,67-74 år,Personer,1941
EliminatedValue,1,8,16,0,Folkemengden etter administrativ bydel og alder 2008-2019,2009,Bydel Nordre Aker,75-79 år,Personer,1101
EliminatedValue,1,8,17,0,Folkemengden etter administrativ bydel og alder 2008-2019,2009,Bydel Nordre Aker,80-84 år,Personer,996
EliminatedValue,1,8,18,0,Folkemengden etter administrativ bydel og alder 2008-2019,2009,Bydel Nordre Aker,85-89 år,Personer,736
EliminatedValue,1,8,19,0,Folkemengden etter administrativ bydel og alder 2008-2019,2009,Bydel Nordre Aker,90 år +,Personer,447
EliminatedValue,1,9,0,0,Folkemengden etter administrativ bydel og alder 2008-2019,2009,Bydel Bjerke,Alder i alt,Personer,26951
EliminatedValue,1,9,1,0,Folkemengden etter administrativ bydel og alder 2008-2019,2009,Bydel Bjerke,0 år,Personer,540
EliminatedValue,1,9,2,0,Folkemengden etter administrativ bydel og alder 2008-2019,2009,Bydel Bjerke,1-2 år,Personer,976
EliminatedValue,1,9,3,0,Folkemengden etter administrativ bydel og alder 2008-2019,2009,Bydel Bjerke,3-5 år,Personer,1277
EliminatedValue,1,9,4,0,Folkemengden etter administrativ bydel og alder 2008-2019,2009,Bydel Bjerke,6-9 år,Personer,1316
EliminatedValue,1,9,5,0,Folkemengden etter administrativ bydel og alder 2008-2019,2009,Bydel Bjerke,10-12 år,Personer,897
EliminatedValue,1,9,6,0,Folkemengden etter administrativ bydel og alder 2008-2019,2009,Bydel Bjerke,13-15 år,Personer,786
EliminatedValue,1,9,7,0,Folkemengden etter administrativ bydel og alder 2008-2019,2009,Bydel Bjerke,16-17 år,Personer,505
EliminatedValue,1,9,8,0,Folkemengden etter administrativ bydel og alder 2008-2019,2009,Bydel Bjerke,18-19 år,Personer,518
EliminatedValue,1,9,9,0,Folkemengden etter administrativ bydel og alder 2008-2019,2009,Bydel Bjerke,20-22 år,Personer,824
EliminatedValue,1,9,10,0,Folkemengden etter administrativ bydel og alder 2008-2019,2009,Bydel Bjerke,23-24 år,Personer,630
EliminatedValue,1,9,11,0,Folkemengden etter administrativ bydel og alder 2008-2019,2009,Bydel Bjerke,25-29 år,Personer,2191
EliminatedValue,1,9,12,0,Folkemengden etter administrativ bydel og alder 2008-2019,2009,Bydel Bjerke,30-39 år,Personer,5117
EliminatedValue,1,9,13,0,Folkemengden etter administrativ bydel og alder 2008-2019,2009,Bydel Bjerke,40-49 år,Personer,3819
EliminatedValue,1,9,14,0,Folkemengden etter administrativ bydel og alder 2008-2019,2009,Bydel Bjerke,50-66 år,Personer,4369
EliminatedValue,1,9,15,0,Folkemengden etter administrativ bydel og alder 2008-2019,2009,Bydel Bjerke,67-74 år,Personer,1119
EliminatedValue,1,9,16,0,Folkemengden etter administrativ bydel og alder 2008-2019,2009,Bydel Bjerke,75-79 år,Personer,708
EliminatedValue,1,9,17,0,Folkemengden etter administrativ bydel og alder 2008-2019,2009,Bydel Bjerke,80-84 år,Personer,703
EliminatedValue,1,9,18,0,Folkemengden etter administrativ bydel og alder 2008-2019,2009,Bydel Bjerke,85-89 år,Personer,475
EliminatedValue,1,9,19,0,Folkemengden etter administrativ bydel og alder 2008-2019,2009,Bydel Bjerke,90 år +,Personer,181
EliminatedValue,1,10,0,0,Folkemengden etter administrativ bydel og alder 2008-2019,2009,Bydel Grorud,Alder i alt,Personer,25970
EliminatedValue,1,10,1,0,Folkemengden etter administrativ bydel og alder 2008-2019,2009,Bydel Grorud,0 år,Personer,409
EliminatedValue,1,10,2,0,Folkemengden etter administrativ bydel og alder 2008-2019,2009,Bydel Grorud,1-2 år,Personer,803
EliminatedValue,1,10,3,0,Folkemengden etter administrativ bydel og alder 2008-2019,2009,Bydel Grorud,3-5 år,Personer,1067
EliminatedValue,1,10,4,0,Folkemengden etter administrativ bydel og alder 2008-2019,2009,Bydel Grorud,6-9 år,Personer,1286
EliminatedValue,1,10,5,0,Folkemengden etter administrativ bydel og alder 2008-2019,2009,Bydel Grorud,10-12 år,Personer,980
EliminatedValue,1,10,6,0,Folkemengden etter administrativ bydel og alder 2008-2019,2009,Bydel Grorud,13-15 år,Personer,963
EliminatedValue,1,10,7,0,Folkemengden etter administrativ bydel og alder 2008-2019,2009,Bydel Grorud,16-17 år,Personer,634
EliminatedValue,1,10,8,0,Folkemengden etter administrativ bydel og alder 2008-2019,2009,Bydel Grorud,18-19 år,Personer,609
EliminatedValue,1,10,9,0,Folkemengden etter administrativ bydel og alder 2008-2019,2009,Bydel Grorud,20-22 år,Personer,873
EliminatedValue,1,10,10,0,Folkemengden etter administrativ bydel og alder 2008-2019,2009,Bydel Grorud,23-24 år,Personer,643
EliminatedValue,1,10,11,0,Folkemengden etter administrativ bydel og alder 2008-2019,2009,Bydel Grorud,25-29 år,Personer,1926
EliminatedValue,1,10,12,0,Folkemengden etter administrativ bydel og alder 2008-2019,2009,Bydel Grorud,30-39 år,Personer,4223
EliminatedValue,1,10,13,0,Folkemengden etter administrativ bydel og alder 2008-2019,2009,Bydel Grorud,40-49 år,Personer,3949
EliminatedValue,1,10,14,0,Folkemengden etter administrativ bydel og alder 2008-2019,2009,Bydel Grorud,50-66 år,Personer,4623
EliminatedValue,1,10,15,0,Folkemengden etter administrativ bydel og alder 2008-2019,2009,Bydel Grorud,67-74 år,Personer,1259
EliminatedValue,1,10,16,0,Folkemengden etter administrativ bydel og alder 2008-2019,2009,Bydel Grorud,75-79 år,Personer,673
EliminatedValue,1,10,17,0,Folkemengden etter administrativ bydel og alder 2008-2019,2009,Bydel Grorud,80-84 år,Personer,540
EliminatedValue,1,10,18,0,Folkemengden etter administrativ bydel og alder 2008-2019,2009,Bydel Grorud,85-89 år,Personer,341
EliminatedValue,1,10,19,0,Folkemengden etter administrativ bydel og alder 2008-2019,2009,Bydel Grorud,90 år +,Personer,169
EliminatedValue,1,11,0,0,Folkemengden etter administrativ bydel og alder 2008-2019,2009,Bydel Stovner,Alder i alt,Personer,29648
EliminatedValue,1,11,1,0,Folkemengden etter administrativ bydel og alder 2008-2019,2009,Bydel Stovner,0 år,Personer,422
EliminatedValue,1,11,2,0,Folkemengden etter administrativ bydel og alder 2008-2019,2009,Bydel Stovner,1-2 år,Personer,837
EliminatedValue,1,11,3,0,Folkemengden etter administrativ bydel og alder 2008-2019,2009,Bydel Stovner,3-5 år,Personer,1257
EliminatedValue,1,11,4,0,Folkemengden etter administrativ bydel og alder 2008-2019,2009,Bydel Stovner,6-9 år,Personer,1640
EliminatedValue,1,11,5,0,Folkemengden etter administrativ bydel og alder 2008-2019,2009,Bydel Stovner,10-12 år,Personer,1240
EliminatedValue,1,11,6,0,Folkemengden etter administrativ bydel og alder 2008-2019,2009,Bydel Stovner,13-15 år,Personer,1217
EliminatedValue,1,11,7,0,Folkemengden etter administrativ bydel og alder 2008-2019,2009,Bydel Stovner,16-17 år,Personer,810
EliminatedValue,1,11,8,0,Folkemengden etter administrativ bydel og alder 2008-2019,2009,Bydel Stovner,18-19 år,Personer,806
EliminatedValue,1,11,9,0,Folkemengden etter administrativ bydel og alder 2008-2019,2009,Bydel Stovner,20-22 år,Personer,1096
EliminatedValue,1,11,10,0,Folkemengden etter administrativ bydel og alder 2008-2019,2009,Bydel Stovner,23-24 år,Personer,713
EliminatedValue,1,11,11,0,Folkemengden etter administrativ bydel og alder 2008-2019,2009,Bydel Stovner,25-29 år,Personer,1776
EliminatedValue,1,11,12,0,Folkemengden etter administrativ bydel og alder 2008-2019,2009,Bydel Stovner,30-39 år,Personer,4201
EliminatedValue,1,11,13,0,Folkemengden etter administrativ bydel og alder 2008-2019,2009,Bydel Stovner,40-49 år,Personer,4271
EliminatedValue,1,11,14,0,Folkemengden etter administrativ bydel og alder 2008-2019,2009,Bydel Stovner,50-66 år,Personer,6148
EliminatedValue,1,11,15,0,Folkemengden etter administrativ bydel og alder 2008-2019,2009,Bydel Stovner,67-74 år,Personer,1684
EliminatedValue,1,11,16,0,Folkemengden etter administrativ bydel og alder 2008-2019,2009,Bydel Stovner,75-79 år,Personer,722
EliminatedValue,1,11,17,0,Folkemengden etter administrativ bydel og alder 2008-2019,2009,Bydel Stovner,80-84 år,Personer,457
EliminatedValue,1,11,18,0,Folkemengden etter administrativ bydel og alder 2008-2019,2009,Bydel Stovner,85-89 år,Personer,266
EliminatedValue,1,11,19,0,Folkemengden etter administrativ bydel og alder 2008-2019,2009,Bydel Stovner,90 år +,Personer,85
EliminatedValue,1,12,0,0,Folkemengden etter administrativ bydel og alder 2008-2019,2009,Bydel Alna,Alder i alt,Personer,45990
EliminatedValue,1,12,1,0,Folkemengden etter administrativ bydel og alder 2008-2019,2009,Bydel Alna,0 år,Personer,771
EliminatedValue,1,12,2,0,Folkemengden etter administrativ bydel og alder 2008-2019,2009,Bydel Alna,1-2 år,Personer,1387
EliminatedValue,1,12,3,0,Folkemengden etter administrativ bydel og alder 2008-2019,2009,Bydel Alna,3-5 år,Personer,1861
EliminatedValue,1,12,4,0,Folkemengden etter administrativ bydel og alder 2008-2019,2009,Bydel Alna,6-9 år,Personer,2207
EliminatedValue,1,12,5,0,Folkemengden etter administrativ bydel og alder 2008-2019,2009,Bydel Alna,10-12 år,Personer,1532
EliminatedValue,1,12,6,0,Folkemengden etter administrativ bydel og alder 2008-2019,2009,Bydel Alna,13-15 år,Personer,1504
EliminatedValue,1,12,7,0,Folkemengden etter administrativ bydel og alder 2008-2019,2009,Bydel Alna,16-17 år,Personer,1046
EliminatedValue,1,12,8,0,Folkemengden etter administrativ bydel og alder 2008-2019,2009,Bydel Alna,18-19 år,Personer,1092
EliminatedValue,1,12,9,0,Folkemengden etter administrativ bydel og alder 2008-2019,2009,Bydel Alna,20-22 år,Personer,1617
EliminatedValue,1,12,10,0,Folkemengden etter administrativ bydel og alder 2008-2019,2009,Bydel Alna,23-24 år,Personer,1141
EliminatedValue,1,12,11,0,Folkemengden etter administrativ bydel og alder 2008-2019,2009,Bydel Alna,25-29 år,Personer,3869
EliminatedValue,1,12,12,0,Folkemengden etter administrativ bydel og alder 2008-2019,2009,Bydel Alna,30-39 år,Personer,7613
EliminatedValue,1,12,13,0,Folkemengden etter administrativ bydel og alder 2008-2019,2009,Bydel Alna,40-49 år,Personer,6467
EliminatedValue,1,12,14,0,Folkemengden etter administrativ bydel og alder 2008-2019,2009,Bydel Alna,50-66 år,Personer,8966
EliminatedValue,1,12,15,0,Folkemengden etter administrativ bydel og alder 2008-2019,2009,Bydel Alna,67-74 år,Personer,2075
EliminatedValue,1,12,16,0,Folkemengden etter administrativ bydel og alder 2008-2019,2009,Bydel Alna,75-79 år,Personer,1116
EliminatedValue,1,12,17,0,Folkemengden etter administrativ bydel og alder 2008-2019,2009,Bydel Alna,80-84 år,Personer,854
EliminatedValue,1,12,18,0,Folkemengden etter administrativ bydel og alder 2008-2019,2009,Bydel Alna,85-89 år,Personer,596
EliminatedValue,1,12,19,0,Folkemengden etter administrativ bydel og alder 2008-2019,2009,Bydel Alna,90 år +,Personer,276
EliminatedValue,1,13,0,0,Folkemengden etter administrativ bydel og alder 2008-2019,2009,Bydel Østensjø,Alder i alt,Personer,45126
EliminatedValue,1,13,1,0,Folkemengden etter administrativ bydel og alder 2008-2019,2009,Bydel Østensjø,0 år,Personer,704
EliminatedValue,1,13,2,0,Folkemengden etter administrativ bydel og alder 2008-2019,2009,Bydel Østensjø,1-2 år,Personer,1334
EliminatedValue,1,13,3,0,Folkemengden etter administrativ bydel og alder 2008-2019,2009,Bydel Østensjø,3-5 år,Personer,1835
EliminatedValue,1,13,4,0,Folkemengden etter administrativ bydel og alder 2008-2019,2009,Bydel Østensjø,6-9 år,Personer,2081
EliminatedValue,1,13,5,0,Folkemengden etter administrativ bydel og alder 2008-2019,2009,Bydel Østensjø,10-12 år,Personer,1525
EliminatedValue,1,13,6,0,Folkemengden etter administrativ bydel og alder 2008-2019,2009,Bydel Østensjø,13-15 år,Personer,1496
EliminatedValue,1,13,7,0,Folkemengden etter administrativ bydel og alder 2008-2019,2009,Bydel Østensjø,16-17 år,Personer,1000
EliminatedValue,1,13,8,0,Folkemengden etter administrativ bydel og alder 2008-2019,2009,Bydel Østensjø,18-19 år,Personer,1008
EliminatedValue,1,13,9,0,Folkemengden etter administrativ bydel og alder 2008-2019,2009,Bydel Østensjø,20-22 år,Personer,1229
EliminatedValue,1,13,10,0,Folkemengden etter administrativ bydel og alder 2008-2019,2009,Bydel Østensjø,23-24 år,Personer,834
EliminatedValue,1,13,11,0,Folkemengden etter administrativ bydel og alder 2008-2019,2009,Bydel Østensjø,25-29 år,Personer,2863
EliminatedValue,1,13,12,0,Folkemengden etter administrativ bydel og alder 2008-2019,2009,Bydel Østensjø,30-39 år,Personer,7442
EliminatedValue,1,13,13,0,Folkemengden etter administrativ bydel og alder 2008-2019,2009,Bydel Østensjø,40-49 år,Personer,6905
EliminatedValue,1,13,14,0,Folkemengden etter administrativ bydel og alder 2008-2019,2009,Bydel Østensjø,50-66 år,Personer,7574
EliminatedValue,1,13,15,0,Folkemengden etter administrativ bydel og alder 2008-2019,2009,Bydel Østensjø,67-74 år,Personer,2510
EliminatedValue,1,13,16,0,Folkemengden etter administrativ bydel og alder 2008-2019,2009,Bydel Østensjø,75-79 år,Personer,1890
EliminatedValue,1,13,17,0,Folkemengden etter administrativ bydel og alder 2008-2019,2009,Bydel Østensjø,80-84 år,Personer,1556
EliminatedValue,1,13,18,0,Folkemengden etter administrativ bydel og alder 2008-2019,2009,Bydel Østensjø,85-89 år,Personer,971
EliminatedValue,1,13,19,0,Folkemengden etter administrativ bydel og alder 2008-2019,2009,Bydel Østensjø,90 år +,Personer,369
EliminatedValue,1,14,0,0,Folkemengden etter administrativ bydel og alder 2008-2019,2009,Bydel Nordstrand,Alder i alt,Personer,45700
EliminatedValue,1,14,1,0,Folkemengden etter administrativ bydel og alder 2008-2019,2009,Bydel Nordstrand,0 år,Personer,693
EliminatedValue,1,14,2,0,Folkemengden etter administrativ bydel og alder 2008-2019,2009,Bydel Nordstrand,1-2 år,Personer,1272
EliminatedValue,1,14,3,0,Folkemengden etter administrativ bydel og alder 2008-2019,2009,Bydel Nordstrand,3-5 år,Personer,1868
EliminatedValue,1,14,4,0,Folkemengden etter administrativ bydel og alder 2008-2019,2009,Bydel Nordstrand,6-9 år,Personer,2203
EliminatedValue,1,14,5,0,Folkemengden etter administrativ bydel og alder 2008-2019,2009,Bydel Nordstrand,10-12 år,Personer,1604
EliminatedValue,1,14,6,0,Folkemengden etter administrativ bydel og alder 2008-2019,2009,Bydel Nordstrand,13-15 år,Personer,1605
EliminatedValue,1,14,7,0,Folkemengden etter administrativ bydel og alder 2008-2019,2009,Bydel Nordstrand,16-17 år,Personer,1063
EliminatedValue,1,14,8,0,Folkemengden etter administrativ bydel og alder 2008-2019,2009,Bydel Nordstrand,18-19 år,Personer,1103
EliminatedValue,1,14,9,0,Folkemengden etter administrativ bydel og alder 2008-2019,2009,Bydel Nordstrand,20-22 år,Personer,1333
EliminatedValue,1,14,10,0,Folkemengden etter administrativ bydel og alder 2008-2019,2009,Bydel Nordstrand,23-24 år,Personer,864
EliminatedValue,1,14,11,0,Folkemengden etter administrativ bydel og alder 2008-2019,2009,Bydel Nordstrand,25-29 år,Personer,2732
EliminatedValue,1,14,12,0,Folkemengden etter administrativ bydel og alder 2008-2019,2009,Bydel Nordstrand,30-39 år,Personer,6868
EliminatedValue,1,14,13,0,Folkemengden etter administrativ bydel og alder 2008-2019,2009,Bydel Nordstrand,40-49 år,Personer,6910
EliminatedValue,1,14,14,0,Folkemengden etter administrativ bydel og alder 2008-2019,2009,Bydel Nordstrand,50-66 år,Personer,9056
EliminatedValue,1,14,15,0,Folkemengden etter administrativ bydel og alder 2008-2019,2009,Bydel Nordstrand,67-74 år,Personer,2294
EliminatedValue,1,14,16,0,Folkemengden etter administrativ bydel og alder 2008-2019,2009,Bydel Nordstrand,75-79 år,Personer,1367
EliminatedValue,1,14,17,0,Folkemengden etter administrativ bydel og alder 2008-2019,2009,Bydel Nordstrand,80-84 år,Personer,1341
EliminatedValue,1,14,18,0,Folkemengden etter administrativ bydel og alder 2008-2019,2009,Bydel Nordstrand,85-89 år,Personer,1043
EliminatedValue,1,14,19,0,Folkemengden etter administrativ bydel og alder 2008-2019,2009,Bydel Nordstrand,90 år +,Personer,481
EliminatedValue,1,15,0,0,Folkemengden etter administrativ bydel og alder 2008-2019,2009,Bydel Søndre Nordstrand,Alder i alt,Personer,35289
EliminatedValue,1,15,1,0,Folkemengden etter administrativ bydel og alder 2008-2019,2009,Bydel Søndre Nordstrand,0 år,Personer,551
EliminatedValue,1,15,2,0,Folkemengden etter administrativ bydel og alder 2008-2019,2009,Bydel Søndre Nordstrand,1-2 år,Personer,1242
EliminatedValue,1,15,3,0,Folkemengden etter administrativ bydel og alder 2008-2019,2009,Bydel Søndre Nordstrand,3-5 år,Personer,1757
EliminatedValue,1,15,4,0,Folkemengden etter administrativ bydel og alder 2008-2019,2009,Bydel Søndre Nordstrand,6-9 år,Personer,2243
EliminatedValue,1,15,5,0,Folkemengden etter administrativ bydel og alder 2008-2019,2009,Bydel Søndre Nordstrand,10-12 år,Personer,1635
EliminatedValue,1,15,6,0,Folkemengden etter administrativ bydel og alder 2008-2019,2009,Bydel Søndre Nordstrand,13-15 år,Personer,1698
EliminatedValue,1,15,7,0,Folkemengden etter administrativ bydel og alder 2008-2019,2009,Bydel Søndre Nordstrand,16-17 år,Personer,1187
EliminatedValue,1,15,8,0,Folkemengden etter administrativ bydel og alder 2008-2019,2009,Bydel Søndre Nordstrand,18-19 år,Personer,1155
EliminatedValue,1,15,9,0,Folkemengden etter administrativ bydel og alder 2008-2019,2009,Bydel Søndre Nordstrand,20-22 år,Personer,1558
EliminatedValue,1,15,10,0,Folkemengden etter administrativ bydel og alder 2008-2019,2009,Bydel Søndre Nordstrand,23-24 år,Personer,889
EliminatedValue,1,15,11,0,Folkemengden etter administrativ bydel og alder 2008-2019,2009,Bydel Søndre Nordstrand,25-29 år,Personer,2208
EliminatedValue,1,15,12,0,Folkemengden etter administrativ bydel og alder 2008-2019,2009,Bydel Søndre Nordstrand,30-39 år,Personer,5253
EliminatedValue,1,15,13,0,Folkemengden etter administrativ bydel og alder 2008-2019,2009,Bydel Søndre Nordstrand,40-49 år,Personer,5438
EliminatedValue,1,15,14,0,Folkemengden etter administrativ bydel og alder 2008-2019,2009,Bydel Søndre Nordstrand,50-66 år,Personer,6588
EliminatedValue,1,15,15,0,Folkemengden etter administrativ bydel og alder 2008-2019,2009,Bydel Søndre Nordstrand,67-74 år,Personer,932
EliminatedValue,1,15,16,0,Folkemengden etter administrativ bydel og alder 2008-2019,2009,Bydel Søndre Nordstrand,75-79 år,Personer,424
EliminatedValue,1,15,17,0,Folkemengden etter administrativ bydel og alder 2008-2019,2009,Bydel Søndre Nordstrand,80-84 år,Personer,288
EliminatedValue,1,15,18,0,Folkemengden etter administrativ bydel og alder 2008-2019,2009,Bydel Søndre Nordstrand,85-89 år,Personer,171
EliminatedValue,1,15,19,0,Folkemengden etter administrativ bydel og alder 2008-2019,2009,Bydel Søndre Nordstrand,90 år +,Personer,72
EliminatedValue,2,100000,0,0,Folkemengden etter administrativ bydel og alder 2008-2019,2010,Oslo i alt,Alder i alt,Personer,585619
EliminatedValue,2,100000,1,0,Folkemengden etter administrativ bydel og alder 2008-2019,2010,Oslo i alt,0 år,Personer,9939
EliminatedValue,2,100000,2,0,Folkemengden etter administrativ bydel og alder 2008-2019,2010,Oslo i alt,1-2 år,Personer,17495
EliminatedValue,2,100000,3,0,Folkemengden etter administrativ bydel og alder 2008-2019,2010,Oslo i alt,3-5 år,Personer,21902
EliminatedValue,2,100000,4,0,Folkemengden etter administrativ bydel og alder 2008-2019,2010,Oslo i alt,6-9 år,Personer,24137
EliminatedValue,2,100000,5,0,Folkemengden etter administrativ bydel og alder 2008-2019,2010,Oslo i alt,10-12 år,Personer,16701
EliminatedValue,2,100000,6,0,Folkemengden etter administrativ bydel og alder 2008-2019,2010,Oslo i alt,13-15 år,Personer,16324
EliminatedValue,2,100000,7,0,Folkemengden etter administrativ bydel og alder 2008-2019,2010,Oslo i alt,16-17 år,Personer,10883
EliminatedValue,2,100000,8,0,Folkemengden etter administrativ bydel og alder 2008-2019,2010,Oslo i alt,18-19 år,Personer,11867
EliminatedValue,2,100000,9,0,Folkemengden etter administrativ bydel og alder 2008-2019,2010,Oslo i alt,20-22 år,Personer,22254
EliminatedValue,2,100000,10,0,Folkemengden etter administrativ bydel og alder 2008-2019,2010,Oslo i alt,23-24 år,Personer,17789
EliminatedValue,2,100000,11,0,Folkemengden etter administrativ bydel og alder 2008-2019,2010,Oslo i alt,25-29 år,Personer,60400
EliminatedValue,2,100000,12,0,Folkemengden etter administrativ bydel og alder 2008-2019,2010,Oslo i alt,30-39 år,Personer,112387
EliminatedValue,2,100000,13,0,Folkemengden etter administrativ bydel og alder 2008-2019,2010,Oslo i alt,40-49 år,Personer,81090
EliminatedValue,2,100000,14,0,Folkemengden etter administrativ bydel og alder 2008-2019,2010,Oslo i alt,50-66 år,Personer,102617
EliminatedValue,2,100000,15,0,Folkemengden etter administrativ bydel og alder 2008-2019,2010,Oslo i alt,67-74 år,Personer,24513
EliminatedValue,2,100000,16,0,Folkemengden etter administrativ bydel og alder 2008-2019,2010,Oslo i alt,75-79 år,Personer,12215
EliminatedValue,2,100000,17,0,Folkemengden etter administrativ bydel og alder 2008-2019,2010,Oslo i alt,80-84 år,Personer,10518
EliminatedValue,2,100000,18,0,Folkemengden etter administrativ bydel og alder 2008-2019,2010,Oslo i alt,85-89 år,Personer,8184
EliminatedValue,2,100000,19,0,Folkemengden etter administrativ bydel og alder 2008-2019,2010,Oslo i alt,90 år +,Personer,4404
EliminatedValue,2,1,0,0,Folkemengden etter administrativ bydel og alder 2008-2019,2010,Bydel Gamle Oslo,Alder i alt,Personer,42595
EliminatedValue,2,1,1,0,Folkemengden etter administrativ bydel og alder 2008-2019,2010,Bydel Gamle Oslo,0 år,Personer,938
EliminatedValue,2,1,2,0,Folkemengden etter administrativ bydel og alder 2008-2019,2010,Bydel Gamle Oslo,1-2 år,Personer,1527
EliminatedValue,2,1,3,0,Folkemengden etter administrativ bydel og alder 2008-2019,2010,Bydel Gamle Oslo,3-5 år,Personer,1577
EliminatedValue,2,1,4,0,Folkemengden etter administrativ bydel og alder 2008-2019,2010,Bydel Gamle Oslo,6-9 år,Personer,1379
EliminatedValue,2,1,5,0,Folkemengden etter administrativ bydel og alder 2008-2019,2010,Bydel Gamle Oslo,10-12 år,Personer,865
EliminatedValue,2,1,6,0,Folkemengden etter administrativ bydel og alder 2008-2019,2010,Bydel Gamle Oslo,13-15 år,Personer,768
EliminatedValue,2,1,7,0,Folkemengden etter administrativ bydel og alder 2008-2019,2010,Bydel Gamle Oslo,16-17 år,Personer,527
EliminatedValue,2,1,8,0,Folkemengden etter administrativ bydel og alder 2008-2019,2010,Bydel Gamle Oslo,18-19 år,Personer,600
EliminatedValue,2,1,9,0,Folkemengden etter administrativ bydel og alder 2008-2019,2010,Bydel Gamle Oslo,20-22 år,Personer,1584
EliminatedValue,2,1,10,0,Folkemengden etter administrativ bydel og alder 2008-2019,2010,Bydel Gamle Oslo,23-24 år,Personer,1514
EliminatedValue,2,1,11,0,Folkemengden etter administrativ bydel og alder 2008-2019,2010,Bydel Gamle Oslo,25-29 år,Personer,6328
EliminatedValue,2,1,12,0,Folkemengden etter administrativ bydel og alder 2008-2019,2010,Bydel Gamle Oslo,30-39 år,Personer,11676
EliminatedValue,2,1,13,0,Folkemengden etter administrativ bydel og alder 2008-2019,2010,Bydel Gamle Oslo,40-49 år,Personer,5521
EliminatedValue,2,1,14,0,Folkemengden etter administrativ bydel og alder 2008-2019,2010,Bydel Gamle Oslo,50-66 år,Personer,5630
EliminatedValue,2,1,15,0,Folkemengden etter administrativ bydel og alder 2008-2019,2010,Bydel Gamle Oslo,67-74 år,Personer,948
EliminatedValue,2,1,16,0,Folkemengden etter administrativ bydel og alder 2008-2019,2010,Bydel Gamle Oslo,75-79 år,Personer,396
EliminatedValue,2,1,17,0,Folkemengden etter administrativ bydel og alder 2008-2019,2010,Bydel Gamle Oslo,80-84 år,Personer,322
EliminatedValue,2,1,18,0,Folkemengden etter administrativ bydel og alder 2008-2019,2010,Bydel Gamle Oslo,85-89 år,Personer,283
EliminatedValue,2,1,19,0,Folkemengden etter administrativ bydel og alder 2008-2019,2010,Bydel Gamle Oslo,90 år +,Personer,212
EliminatedValue,2,2,0,0,Folkemengden etter administrativ bydel og alder 2008-2019,2010,Bydel Grünerløkka,Alder i alt,Personer,45514
EliminatedValue,2,2,1,0,Folkemengden etter administrativ bydel og alder 2008-2019,2010,Bydel Grünerløkka,0 år,Personer,920
EliminatedValue,2,2,2,0,Folkemengden etter administrativ bydel og alder 2008-2019,2010,Bydel Grünerløkka,1-2 år,Personer,1336
EliminatedValue,2,2,3,0,Folkemengden etter administrativ bydel og alder 2008-2019,2010,Bydel Grünerløkka,3-5 år,Personer,1317
EliminatedValue,2,2,4,0,Folkemengden etter administrativ bydel og alder 2008-2019,2010,Bydel Grünerløkka,6-9 år,Personer,1125
EliminatedValue,2,2,5,0,Folkemengden etter administrativ bydel og alder 2008-2019,2010,Bydel Grünerløkka,10-12 år,Personer,636
EliminatedValue,2,2,6,0,Folkemengden etter administrativ bydel og alder 2008-2019,2010,Bydel Grünerløkka,13-15 år,Personer,599
EliminatedValue,2,2,7,0,Folkemengden etter administrativ bydel og alder 2008-2019,2010,Bydel Grünerløkka,16-17 år,Personer,453
EliminatedValue,2,2,8,0,Folkemengden etter administrativ bydel og alder 2008-2019,2010,Bydel Grünerløkka,18-19 år,Personer,615
EliminatedValue,2,2,9,0,Folkemengden etter administrativ bydel og alder 2008-2019,2010,Bydel Grünerløkka,20-22 år,Personer,2028
EliminatedValue,2,2,10,0,Folkemengden etter administrativ bydel og alder 2008-2019,2010,Bydel Grünerløkka,23-24 år,Personer,2038
EliminatedValue,2,2,11,0,Folkemengden etter administrativ bydel og alder 2008-2019,2010,Bydel Grünerløkka,25-29 år,Personer,8200
EliminatedValue,2,2,12,0,Folkemengden etter administrativ bydel og alder 2008-2019,2010,Bydel Grünerløkka,30-39 år,Personer,12806
EliminatedValue,2,2,13,0,Folkemengden etter administrativ bydel og alder 2008-2019,2010,Bydel Grünerløkka,40-49 år,Personer,5596
EliminatedValue,2,2,14,0,Folkemengden etter administrativ bydel og alder 2008-2019,2010,Bydel Grünerløkka,50-66 år,Personer,5431
EliminatedValue,2,2,15,0,Folkemengden etter administrativ bydel og alder 2008-2019,2010,Bydel Grünerløkka,67-74 år,Personer,947
EliminatedValue,2,2,16,0,Folkemengden etter administrativ bydel og alder 2008-2019,2010,Bydel Grünerløkka,75-79 år,Personer,441
EliminatedValue,2,2,17,0,Folkemengden etter administrativ bydel og alder 2008-2019,2010,Bydel Grünerløkka,80-84 år,Personer,372
EliminatedValue,2,2,18,0,Folkemengden etter administrativ bydel og alder 2008-2019,2010,Bydel Grünerløkka,85-89 år,Personer,381
EliminatedValue,2,2,19,0,Folkemengden etter administrativ bydel og alder 2008-2019,2010,Bydel Grünerløkka,90 år +,Personer,273
EliminatedValue,2,3,0,0,Folkemengden etter administrativ bydel og alder 2008-2019,2010,Bydel Sagene,Alder i alt,Personer,34310
EliminatedValue,2,3,1,0,Folkemengden etter administrativ bydel og alder 2008-2019,2010,Bydel Sagene,0 år,Personer,768
EliminatedValue,2,3,2,0,Folkemengden etter administrativ bydel og alder 2008-2019,2010,Bydel Sagene,1-2 år,Personer,1076
EliminatedValue,2,3,3,0,Folkemengden etter administrativ bydel og alder 2008-2019,2010,Bydel Sagene,3-5 år,Personer,961
EliminatedValue,2,3,4,0,Folkemengden etter administrativ bydel og alder 2008-2019,2010,Bydel Sagene,6-9 år,Personer,735
EliminatedValue,2,3,5,0,Folkemengden etter administrativ bydel og alder 2008-2019,2010,Bydel Sagene,10-12 år,Personer,439
EliminatedValue,2,3,6,0,Folkemengden etter administrativ bydel og alder 2008-2019,2010,Bydel Sagene,13-15 år,Personer,384
EliminatedValue,2,3,7,0,Folkemengden etter administrativ bydel og alder 2008-2019,2010,Bydel Sagene,16-17 år,Personer,271
EliminatedValue,2,3,8,0,Folkemengden etter administrativ bydel og alder 2008-2019,2010,Bydel Sagene,18-19 år,Personer,354
EliminatedValue,2,3,9,0,Folkemengden etter administrativ bydel og alder 2008-2019,2010,Bydel Sagene,20-22 år,Personer,1200
EliminatedValue,2,3,10,0,Folkemengden etter administrativ bydel og alder 2008-2019,2010,Bydel Sagene,23-24 år,Personer,1285
EliminatedValue,2,3,11,0,Folkemengden etter administrativ bydel og alder 2008-2019,2010,Bydel Sagene,25-29 år,Personer,6207
EliminatedValue,2,3,12,0,Folkemengden etter administrativ bydel og alder 2008-2019,2010,Bydel Sagene,30-39 år,Personer,9760
EliminatedValue,2,3,13,0,Folkemengden etter administrativ bydel og alder 2008-2019,2010,Bydel Sagene,40-49 år,Personer,4143
EliminatedValue,2,3,14,0,Folkemengden etter administrativ bydel og alder 2008-2019,2010,Bydel Sagene,50-66 år,Personer,4403
EliminatedValue,2,3,15,0,Folkemengden etter administrativ bydel og alder 2008-2019,2010,Bydel Sagene,67-74 år,Personer,929
EliminatedValue,2,3,16,0,Folkemengden etter administrativ bydel og alder 2008-2019,2010,Bydel Sagene,75-79 år,Personer,402
EliminatedValue,2,3,17,0,Folkemengden etter administrativ bydel og alder 2008-2019,2010,Bydel Sagene,80-84 år,Personer,367
EliminatedValue,2,3,18,0,Folkemengden etter administrativ bydel og alder 2008-2019,2010,Bydel Sagene,85-89 år,Personer,366
EliminatedValue,2,3,19,0,Folkemengden etter administrativ bydel og alder 2008-2019,2010,Bydel Sagene,90 år +,Personer,260
EliminatedValue,2,4,0,0,Folkemengden etter administrativ bydel og alder 2008-2019,2010,Bydel St.Hanshaugen,Alder i alt,Personer,33148
EliminatedValue,2,4,1,0,Folkemengden etter administrativ bydel og alder 2008-2019,2010,Bydel St.Hanshaugen,0 år,Personer,603
EliminatedValue,2,4,2,0,Folkemengden etter administrativ bydel og alder 2008-2019,2010,Bydel St.Hanshaugen,1-2 år,Personer,797
EliminatedValue,2,4,3,0,Folkemengden etter administrativ bydel og alder 2008-2019,2010,Bydel St.Hanshaugen,3-5 år,Personer,703
EliminatedValue,2,4,4,0,Folkemengden etter administrativ bydel og alder 2008-2019,2010,Bydel St.Hanshaugen,6-9 år,Personer,646
EliminatedValue,2,4,5,0,Folkemengden etter administrativ bydel og alder 2008-2019,2010,Bydel St.Hanshaugen,10-12 år,Personer,449
EliminatedValue,2,4,6,0,Folkemengden etter administrativ bydel og alder 2008-2019,2010,Bydel St.Hanshaugen,13-15 år,Personer,375
EliminatedValue,2,4,7,0,Folkemengden etter administrativ bydel og alder 2008-2019,2010,Bydel St.Hanshaugen,16-17 år,Personer,253
EliminatedValue,2,4,8,0,Folkemengden etter administrativ bydel og alder 2008-2019,2010,Bydel St.Hanshaugen,18-19 år,Personer,385
EliminatedValue,2,4,9,0,Folkemengden etter administrativ bydel og alder 2008-2019,2010,Bydel St.Hanshaugen,20-22 år,Personer,1718
EliminatedValue,2,4,10,0,Folkemengden etter administrativ bydel og alder 2008-2019,2010,Bydel St.Hanshaugen,23-24 år,Personer,1753
EliminatedValue,2,4,11,0,Folkemengden etter administrativ bydel og alder 2008-2019,2010,Bydel St.Hanshaugen,25-29 år,Personer,6513
EliminatedValue,2,4,12,0,Folkemengden etter administrativ bydel og alder 2008-2019,2010,Bydel St.Hanshaugen,30-39 år,Personer,8729
EliminatedValue,2,4,13,0,Folkemengden etter administrativ bydel og alder 2008-2019,2010,Bydel St.Hanshaugen,40-49 år,Personer,3796
EliminatedValue,2,4,14,0,Folkemengden etter administrativ bydel og alder 2008-2019,2010,Bydel St.Hanshaugen,50-66 år,Personer,4237
EliminatedValue,2,4,15,0,Folkemengden etter administrativ bydel og alder 2008-2019,2010,Bydel St.Hanshaugen,67-74 år,Personer,925
EliminatedValue,2,4,16,0,Folkemengden etter administrativ bydel og alder 2008-2019,2010,Bydel St.Hanshaugen,75-79 år,Personer,395
EliminatedValue,2,4,17,0,Folkemengden etter administrativ bydel og alder 2008-2019,2010,Bydel St.Hanshaugen,80-84 år,Personer,305
EliminatedValue,2,4,18,0,Folkemengden etter administrativ bydel og alder 2008-2019,2010,Bydel St.Hanshaugen,85-89 år,Personer,347
EliminatedValue,2,4,19,0,Folkemengden etter administrativ bydel og alder 2008-2019,2010,Bydel St.Hanshaugen,90 år +,Personer,219
EliminatedValue,2,5,0,0,Folkemengden etter administrativ bydel og alder 2008-2019,2010,Bydel Frogner,Alder i alt,Personer,50472
EliminatedValue,2,5,1,0,Folkemengden etter administrativ bydel og alder 2008-2019,2010,Bydel Frogner,0 år,Personer,727
EliminatedValue,2,5,2,0,Folkemengden etter administrativ bydel og alder 2008-2019,2010,Bydel Frogner,1-2 år,Personer,1014
EliminatedValue,2,5,3,0,Folkemengden etter administrativ bydel og alder 2008-2019,2010,Bydel Frogner,3-5 år,Personer,1028
EliminatedValue,2,5,4,0,Folkemengden etter administrativ bydel og alder 2008-2019,2010,Bydel Frogner,6-9 år,Personer,1005
EliminatedValue,2,5,5,0,Folkemengden etter administrativ bydel og alder 2008-2019,2010,Bydel Frogner,10-12 år,Personer,634
EliminatedValue,2,5,6,0,Folkemengden etter administrativ bydel og alder 2008-2019,2010,Bydel Frogner,13-15 år,Personer,648
EliminatedValue,2,5,7,0,Folkemengden etter administrativ bydel og alder 2008-2019,2010,Bydel Frogner,16-17 år,Personer,486
EliminatedValue,2,5,8,0,Folkemengden etter administrativ bydel og alder 2008-2019,2010,Bydel Frogner,18-19 år,Personer,708
EliminatedValue,2,5,9,0,Folkemengden etter administrativ bydel og alder 2008-2019,2010,Bydel Frogner,20-22 år,Personer,2450
EliminatedValue,2,5,10,0,Folkemengden etter administrativ bydel og alder 2008-2019,2010,Bydel Frogner,23-24 år,Personer,2350
EliminatedValue,2,5,11,0,Folkemengden etter administrativ bydel og alder 2008-2019,2010,Bydel Frogner,25-29 år,Personer,7930
EliminatedValue,2,5,12,0,Folkemengden etter administrativ bydel og alder 2008-2019,2010,Bydel Frogner,30-39 år,Personer,10500
EliminatedValue,2,5,13,0,Folkemengden etter administrativ bydel og alder 2008-2019,2010,Bydel Frogner,40-49 år,Personer,6110
EliminatedValue,2,5,14,0,Folkemengden etter administrativ bydel og alder 2008-2019,2010,Bydel Frogner,50-66 år,Personer,9203
EliminatedValue,2,5,15,0,Folkemengden etter administrativ bydel og alder 2008-2019,2010,Bydel Frogner,67-74 år,Personer,2462
EliminatedValue,2,5,16,0,Folkemengden etter administrativ bydel og alder 2008-2019,2010,Bydel Frogner,75-79 år,Personer,1045
EliminatedValue,2,5,17,0,Folkemengden etter administrativ bydel og alder 2008-2019,2010,Bydel Frogner,80-84 år,Personer,930
EliminatedValue,2,5,18,0,Folkemengden etter administrativ bydel og alder 2008-2019,2010,Bydel Frogner,85-89 år,Personer,723
EliminatedValue,2,5,19,0,Folkemengden etter administrativ bydel og alder 2008-2019,2010,Bydel Frogner,90 år +,Personer,519
EliminatedValue,2,6,0,0,Folkemengden etter administrativ bydel og alder 2008-2019,2010,Bydel Ullern,Alder i alt,Personer,30157
EliminatedValue,2,6,1,0,Folkemengden etter administrativ bydel og alder 2008-2019,2010,Bydel Ullern,0 år,Personer,491
EliminatedValue,2,6,2,0,Folkemengden etter administrativ bydel og alder 2008-2019,2010,Bydel Ullern,1-2 år,Personer,870
EliminatedValue,2,6,3,0,Folkemengden etter administrativ bydel og alder 2008-2019,2010,Bydel Ullern,3-5 år,Personer,1226
EliminatedValue,2,6,4,0,Folkemengden etter administrativ bydel og alder 2008-2019,2010,Bydel Ullern,6-9 år,Personer,1410
EliminatedValue,2,6,5,0,Folkemengden etter administrativ bydel og alder 2008-2019,2010,Bydel Ullern,10-12 år,Personer,904
EliminatedValue,2,6,6,0,Folkemengden etter administrativ bydel og alder 2008-2019,2010,Bydel Ullern,13-15 år,Personer,948
EliminatedValue,2,6,7,0,Folkemengden etter administrativ bydel og alder 2008-2019,2010,Bydel Ullern,16-17 år,Personer,611
EliminatedValue,2,6,8,0,Folkemengden etter administrativ bydel og alder 2008-2019,2010,Bydel Ullern,18-19 år,Personer,619
EliminatedValue,2,6,9,0,Folkemengden etter administrativ bydel og alder 2008-2019,2010,Bydel Ullern,20-22 år,Personer,842
EliminatedValue,2,6,10,0,Folkemengden etter administrativ bydel og alder 2008-2019,2010,Bydel Ullern,23-24 år,Personer,532
EliminatedValue,2,6,11,0,Folkemengden etter administrativ bydel og alder 2008-2019,2010,Bydel Ullern,25-29 år,Personer,1870
EliminatedValue,2,6,12,0,Folkemengden etter administrativ bydel og alder 2008-2019,2010,Bydel Ullern,30-39 år,Personer,4616
EliminatedValue,2,6,13,0,Folkemengden etter administrativ bydel og alder 2008-2019,2010,Bydel Ullern,40-49 år,Personer,4315
EliminatedValue,2,6,14,0,Folkemengden etter administrativ bydel og alder 2008-2019,2010,Bydel Ullern,50-66 år,Personer,6755
EliminatedValue,2,6,15,0,Folkemengden etter administrativ bydel og alder 2008-2019,2010,Bydel Ullern,67-74 år,Personer,1759
EliminatedValue,2,6,16,0,Folkemengden etter administrativ bydel og alder 2008-2019,2010,Bydel Ullern,75-79 år,Personer,810
EliminatedValue,2,6,17,0,Folkemengden etter administrativ bydel og alder 2008-2019,2010,Bydel Ullern,80-84 år,Personer,725
EliminatedValue,2,6,18,0,Folkemengden etter administrativ bydel og alder 2008-2019,2010,Bydel Ullern,85-89 år,Personer,561
EliminatedValue,2,6,19,0,Folkemengden etter administrativ bydel og alder 2008-2019,2010,Bydel Ullern,90 år +,Personer,293
EliminatedValue,2,7,0,0,Folkemengden etter administrativ bydel og alder 2008-2019,2010,Bydel Vestre Aker,Alder i alt,Personer,44301
EliminatedValue,2,7,1,0,Folkemengden etter administrativ bydel og alder 2008-2019,2010,Bydel Vestre Aker,0 år,Personer,630
EliminatedValue,2,7,2,0,Folkemengden etter administrativ bydel og alder 2008-2019,2010,Bydel Vestre Aker,1-2 år,Personer,1369
EliminatedValue,2,7,3,0,Folkemengden etter administrativ bydel og alder 2008-2019,2010,Bydel Vestre Aker,3-5 år,Personer,1898
EliminatedValue,2,7,4,0,Folkemengden etter administrativ bydel og alder 2008-2019,2010,Bydel Vestre Aker,6-9 år,Personer,2273
EliminatedValue,2,7,5,0,Folkemengden etter administrativ bydel og alder 2008-2019,2010,Bydel Vestre Aker,10-12 år,Personer,1569
EliminatedValue,2,7,6,0,Folkemengden etter administrativ bydel og alder 2008-2019,2010,Bydel Vestre Aker,13-15 år,Personer,1629
EliminatedValue,2,7,7,0,Folkemengden etter administrativ bydel og alder 2008-2019,2010,Bydel Vestre Aker,16-17 år,Personer,1069
EliminatedValue,2,7,8,0,Folkemengden etter administrativ bydel og alder 2008-2019,2010,Bydel Vestre Aker,18-19 år,Personer,1103
EliminatedValue,2,7,9,0,Folkemengden etter administrativ bydel og alder 2008-2019,2010,Bydel Vestre Aker,20-22 år,Personer,1497
EliminatedValue,2,7,10,0,Folkemengden etter administrativ bydel og alder 2008-2019,2010,Bydel Vestre Aker,23-24 år,Personer,945
EliminatedValue,2,7,11,0,Folkemengden etter administrativ bydel og alder 2008-2019,2010,Bydel Vestre Aker,25-29 år,Personer,2487
EliminatedValue,2,7,12,0,Folkemengden etter administrativ bydel og alder 2008-2019,2010,Bydel Vestre Aker,30-39 år,Personer,6101
EliminatedValue,2,7,13,0,Folkemengden etter administrativ bydel og alder 2008-2019,2010,Bydel Vestre Aker,40-49 år,Personer,6253
EliminatedValue,2,7,14,0,Folkemengden etter administrativ bydel og alder 2008-2019,2010,Bydel Vestre Aker,50-66 år,Personer,9899
EliminatedValue,2,7,15,0,Folkemengden etter administrativ bydel og alder 2008-2019,2010,Bydel Vestre Aker,67-74 år,Personer,2297
EliminatedValue,2,7,16,0,Folkemengden etter administrativ bydel og alder 2008-2019,2010,Bydel Vestre Aker,75-79 år,Personer,1035
EliminatedValue,2,7,17,0,Folkemengden etter administrativ bydel og alder 2008-2019,2010,Bydel Vestre Aker,80-84 år,Personer,978
EliminatedValue,2,7,18,0,Folkemengden etter administrativ bydel og alder 2008-2019,2010,Bydel Vestre Aker,85-89 år,Personer,801
EliminatedValue,2,7,19,0,Folkemengden etter administrativ bydel og alder 2008-2019,2010,Bydel Vestre Aker,90 år +,Personer,468
EliminatedValue,2,8,0,0,Folkemengden etter administrativ bydel og alder 2008-2019,2010,Bydel Nordre Aker,Alder i alt,Personer,47142
EliminatedValue,2,8,1,0,Folkemengden etter administrativ bydel og alder 2008-2019,2010,Bydel Nordre Aker,0 år,Personer,733
EliminatedValue,2,8,2,0,Folkemengden etter administrativ bydel og alder 2008-2019,2010,Bydel Nordre Aker,1-2 år,Personer,1415
EliminatedValue,2,8,3,0,Folkemengden etter administrativ bydel og alder 2008-2019,2010,Bydel Nordre Aker,3-5 år,Personer,2009
EliminatedValue,2,8,4,0,Folkemengden etter administrativ bydel og alder 2008-2019,2010,Bydel Nordre Aker,6-9 år,Personer,2355
EliminatedValue,2,8,5,0,Folkemengden etter administrativ bydel og alder 2008-2019,2010,Bydel Nordre Aker,10-12 år,Personer,1650
EliminatedValue,2,8,6,0,Folkemengden etter administrativ bydel og alder 2008-2019,2010,Bydel Nordre Aker,13-15 år,Personer,1575
EliminatedValue,2,8,7,0,Folkemengden etter administrativ bydel og alder 2008-2019,2010,Bydel Nordre Aker,16-17 år,Personer,1002
EliminatedValue,2,8,8,0,Folkemengden etter administrativ bydel og alder 2008-2019,2010,Bydel Nordre Aker,18-19 år,Personer,1101
EliminatedValue,2,8,9,0,Folkemengden etter administrativ bydel og alder 2008-2019,2010,Bydel Nordre Aker,20-22 år,Personer,2047
EliminatedValue,2,8,10,0,Folkemengden etter administrativ bydel og alder 2008-2019,2010,Bydel Nordre Aker,23-24 år,Personer,1379
EliminatedValue,2,8,11,0,Folkemengden etter administrativ bydel og alder 2008-2019,2010,Bydel Nordre Aker,25-29 år,Personer,3524
EliminatedValue,2,8,12,0,Folkemengden etter administrativ bydel og alder 2008-2019,2010,Bydel Nordre Aker,30-39 år,Personer,7518
EliminatedValue,2,8,13,0,Folkemengden etter administrativ bydel og alder 2008-2019,2010,Bydel Nordre Aker,40-49 år,Personer,6992
EliminatedValue,2,8,14,0,Folkemengden etter administrativ bydel og alder 2008-2019,2010,Bydel Nordre Aker,50-66 år,Personer,8628
EliminatedValue,2,8,15,0,Folkemengden etter administrativ bydel og alder 2008-2019,2010,Bydel Nordre Aker,67-74 år,Personer,2017
EliminatedValue,2,8,16,0,Folkemengden etter administrativ bydel og alder 2008-2019,2010,Bydel Nordre Aker,75-79 år,Personer,1060
EliminatedValue,2,8,17,0,Folkemengden etter administrativ bydel og alder 2008-2019,2010,Bydel Nordre Aker,80-84 år,Personer,952
EliminatedValue,2,8,18,0,Folkemengden etter administrativ bydel og alder 2008-2019,2010,Bydel Nordre Aker,85-89 år,Personer,744
EliminatedValue,2,8,19,0,Folkemengden etter administrativ bydel og alder 2008-2019,2010,Bydel Nordre Aker,90 år +,Personer,441
EliminatedValue,2,9,0,0,Folkemengden etter administrativ bydel og alder 2008-2019,2010,Bydel Bjerke,Alder i alt,Personer,27701
EliminatedValue,2,9,1,0,Folkemengden etter administrativ bydel og alder 2008-2019,2010,Bydel Bjerke,0 år,Personer,563
EliminatedValue,2,9,2,0,Folkemengden etter administrativ bydel og alder 2008-2019,2010,Bydel Bjerke,1-2 år,Personer,1020
EliminatedValue,2,9,3,0,Folkemengden etter administrativ bydel og alder 2008-2019,2010,Bydel Bjerke,3-5 år,Personer,1323
EliminatedValue,2,9,4,0,Folkemengden etter administrativ bydel og alder 2008-2019,2010,Bydel Bjerke,6-9 år,Personer,1376
EliminatedValue,2,9,5,0,Folkemengden etter administrativ bydel og alder 2008-2019,2010,Bydel Bjerke,10-12 år,Personer,938
EliminatedValue,2,9,6,0,Folkemengden etter administrativ bydel og alder 2008-2019,2010,Bydel Bjerke,13-15 år,Personer,839
EliminatedValue,2,9,7,0,Folkemengden etter administrativ bydel og alder 2008-2019,2010,Bydel Bjerke,16-17 år,Personer,508
EliminatedValue,2,9,8,0,Folkemengden etter administrativ bydel og alder 2008-2019,2010,Bydel Bjerke,18-19 år,Personer,565
EliminatedValue,2,9,9,0,Folkemengden etter administrativ bydel og alder 2008-2019,2010,Bydel Bjerke,20-22 år,Personer,903
EliminatedValue,2,9,10,0,Folkemengden etter administrativ bydel og alder 2008-2019,2010,Bydel Bjerke,23-24 år,Personer,693
EliminatedValue,2,9,11,0,Folkemengden etter administrativ bydel og alder 2008-2019,2010,Bydel Bjerke,25-29 år,Personer,2186
EliminatedValue,2,9,12,0,Folkemengden etter administrativ bydel og alder 2008-2019,2010,Bydel Bjerke,30-39 år,Personer,5138
EliminatedValue,2,9,13,0,Folkemengden etter administrativ bydel og alder 2008-2019,2010,Bydel Bjerke,40-49 år,Personer,3997
EliminatedValue,2,9,14,0,Folkemengden etter administrativ bydel og alder 2008-2019,2010,Bydel Bjerke,50-66 år,Personer,4535
EliminatedValue,2,9,15,0,Folkemengden etter administrativ bydel og alder 2008-2019,2010,Bydel Bjerke,67-74 år,Personer,1115
EliminatedValue,2,9,16,0,Folkemengden etter administrativ bydel og alder 2008-2019,2010,Bydel Bjerke,75-79 år,Personer,646
EliminatedValue,2,9,17,0,Folkemengden etter administrativ bydel og alder 2008-2019,2010,Bydel Bjerke,80-84 år,Personer,680
EliminatedValue,2,9,18,0,Folkemengden etter administrativ bydel og alder 2008-2019,2010,Bydel Bjerke,85-89 år,Personer,491
EliminatedValue,2,9,19,0,Folkemengden etter administrativ bydel og alder 2008-2019,2010,Bydel Bjerke,90 år +,Personer,185
EliminatedValue,2,10,0,0,Folkemengden etter administrativ bydel og alder 2008-2019,2010,Bydel Grorud,Alder i alt,Personer,26036
EliminatedValue,2,10,1,0,Folkemengden etter administrativ bydel og alder 2008-2019,2010,Bydel Grorud,0 år,Personer,411
EliminatedValue,2,10,2,0,Folkemengden etter administrativ bydel og alder 2008-2019,2010,Bydel Grorud,1-2 år,Personer,788
EliminatedValue,2,10,3,0,Folkemengden etter administrativ bydel og alder 2008-2019,2010,Bydel Grorud,3-5 år,Personer,1098
EliminatedValue,2,10,4,0,Folkemengden etter administrativ bydel og alder 2008-2019,2010,Bydel Grorud,6-9 år,Personer,1296
EliminatedValue,2,10,5,0,Folkemengden etter administrativ bydel og alder 2008-2019,2010,Bydel Grorud,10-12 år,Personer,957
EliminatedValue,2,10,6,0,Folkemengden etter administrativ bydel og alder 2008-2019,2010,Bydel Grorud,13-15 år,Personer,957
EliminatedValue,2,10,7,0,Folkemengden etter administrativ bydel og alder 2008-2019,2010,Bydel Grorud,16-17 år,Personer,630
EliminatedValue,2,10,8,0,Folkemengden etter administrativ bydel og alder 2008-2019,2010,Bydel Grorud,18-19 år,Personer,611
EliminatedValue,2,10,9,0,Folkemengden etter administrativ bydel og alder 2008-2019,2010,Bydel Grorud,20-22 år,Personer,854
EliminatedValue,2,10,10,0,Folkemengden etter administrativ bydel og alder 2008-2019,2010,Bydel Grorud,23-24 år,Personer,627
EliminatedValue,2,10,11,0,Folkemengden etter administrativ bydel og alder 2008-2019,2010,Bydel Grorud,25-29 år,Personer,1870
EliminatedValue,2,10,12,0,Folkemengden etter administrativ bydel og alder 2008-2019,2010,Bydel Grorud,30-39 år,Personer,4186
EliminatedValue,2,10,13,0,Folkemengden etter administrativ bydel og alder 2008-2019,2010,Bydel Grorud,40-49 år,Personer,4004
EliminatedValue,2,10,14,0,Folkemengden etter administrativ bydel og alder 2008-2019,2010,Bydel Grorud,50-66 år,Personer,4718
EliminatedValue,2,10,15,0,Folkemengden etter administrativ bydel og alder 2008-2019,2010,Bydel Grorud,67-74 år,Personer,1294
EliminatedValue,2,10,16,0,Folkemengden etter administrativ bydel og alder 2008-2019,2010,Bydel Grorud,75-79 år,Personer,671
EliminatedValue,2,10,17,0,Folkemengden etter administrativ bydel og alder 2008-2019,2010,Bydel Grorud,80-84 år,Personer,514
EliminatedValue,2,10,18,0,Folkemengden etter administrativ bydel og alder 2008-2019,2010,Bydel Grorud,85-89 år,Personer,377
EliminatedValue,2,10,19,0,Folkemengden etter administrativ bydel og alder 2008-2019,2010,Bydel Grorud,90 år +,Personer,173
EliminatedValue,2,11,0,0,Folkemengden etter administrativ bydel og alder 2008-2019,2010,Bydel Stovner,Alder i alt,Personer,29758
EliminatedValue,2,11,1,0,Folkemengden etter administrativ bydel og alder 2008-2019,2010,Bydel Stovner,0 år,Personer,396
EliminatedValue,2,11,2,0,Folkemengden etter administrativ bydel og alder 2008-2019,2010,Bydel Stovner,1-2 år,Personer,861
EliminatedValue,2,11,3,0,Folkemengden etter administrativ bydel og alder 2008-2019,2010,Bydel Stovner,3-5 år,Personer,1240
EliminatedValue,2,11,4,0,Folkemengden etter administrativ bydel og alder 2008-2019,2010,Bydel Stovner,6-9 år,Personer,1655
EliminatedValue,2,11,5,0,Folkemengden etter administrativ bydel og alder 2008-2019,2010,Bydel Stovner,10-12 år,Personer,1234
EliminatedValue,2,11,6,0,Folkemengden etter administrativ bydel og alder 2008-2019,2010,Bydel Stovner,13-15 år,Personer,1248
EliminatedValue,2,11,7,0,Folkemengden etter administrativ bydel og alder 2008-2019,2010,Bydel Stovner,16-17 år,Personer,813
EliminatedValue,2,11,8,0,Folkemengden etter administrativ bydel og alder 2008-2019,2010,Bydel Stovner,18-19 år,Personer,799
EliminatedValue,2,11,9,0,Folkemengden etter administrativ bydel og alder 2008-2019,2010,Bydel Stovner,20-22 år,Personer,1155
EliminatedValue,2,11,10,0,Folkemengden etter administrativ bydel og alder 2008-2019,2010,Bydel Stovner,23-24 år,Personer,702
EliminatedValue,2,11,11,0,Folkemengden etter administrativ bydel og alder 2008-2019,2010,Bydel Stovner,25-29 år,Personer,1776
EliminatedValue,2,11,12,0,Folkemengden etter administrativ bydel og alder 2008-2019,2010,Bydel Stovner,30-39 år,Personer,4093
EliminatedValue,2,11,13,0,Folkemengden etter administrativ bydel og alder 2008-2019,2010,Bydel Stovner,40-49 år,Personer,4350
EliminatedValue,2,11,14,0,Folkemengden etter administrativ bydel og alder 2008-2019,2010,Bydel Stovner,50-66 år,Personer,6083
EliminatedValue,2,11,15,0,Folkemengden etter administrativ bydel og alder 2008-2019,2010,Bydel Stovner,67-74 år,Personer,1817
EliminatedValue,2,11,16,0,Folkemengden etter administrativ bydel og alder 2008-2019,2010,Bydel Stovner,75-79 år,Personer,686
EliminatedValue,2,11,17,0,Folkemengden etter administrativ bydel og alder 2008-2019,2010,Bydel Stovner,80-84 år,Personer,466
EliminatedValue,2,11,18,0,Folkemengden etter administrativ bydel og alder 2008-2019,2010,Bydel Stovner,85-89 år,Personer,295
EliminatedValue,2,11,19,0,Folkemengden etter administrativ bydel og alder 2008-2019,2010,Bydel Stovner,90 år +,Personer,89
EliminatedValue,2,12,0,0,Folkemengden etter administrativ bydel og alder 2008-2019,2010,Bydel Alna,Alder i alt,Personer,46541
EliminatedValue,2,12,1,0,Folkemengden etter administrativ bydel og alder 2008-2019,2010,Bydel Alna,0 år,Personer,785
EliminatedValue,2,12,2,0,Folkemengden etter administrativ bydel og alder 2008-2019,2010,Bydel Alna,1-2 år,Personer,1505
EliminatedValue,2,12,3,0,Folkemengden etter administrativ bydel og alder 2008-2019,2010,Bydel Alna,3-5 år,Personer,1923
EliminatedValue,2,12,4,0,Folkemengden etter administrativ bydel og alder 2008-2019,2010,Bydel Alna,6-9 år,Personer,2233
EliminatedValue,2,12,5,0,Folkemengden etter administrativ bydel og alder 2008-2019,2010,Bydel Alna,10-12 år,Personer,1614
EliminatedValue,2,12,6,0,Folkemengden etter administrativ bydel og alder 2008-2019,2010,Bydel Alna,13-15 år,Personer,1517
EliminatedValue,2,12,7,0,Folkemengden etter administrativ bydel og alder 2008-2019,2010,Bydel Alna,16-17 år,Personer,1037
EliminatedValue,2,12,8,0,Folkemengden etter administrativ bydel og alder 2008-2019,2010,Bydel Alna,18-19 år,Personer,1082
EliminatedValue,2,12,9,0,Folkemengden etter administrativ bydel og alder 2008-2019,2010,Bydel Alna,20-22 år,Personer,1631
EliminatedValue,2,12,10,0,Folkemengden etter administrativ bydel og alder 2008-2019,2010,Bydel Alna,23-24 år,Personer,1211
EliminatedValue,2,12,11,0,Folkemengden etter administrativ bydel og alder 2008-2019,2010,Bydel Alna,25-29 år,Personer,3723
EliminatedValue,2,12,12,0,Folkemengden etter administrativ bydel og alder 2008-2019,2010,Bydel Alna,30-39 år,Personer,7728
EliminatedValue,2,12,13,0,Folkemengden etter administrativ bydel og alder 2008-2019,2010,Bydel Alna,40-49 år,Personer,6550
EliminatedValue,2,12,14,0,Folkemengden etter administrativ bydel og alder 2008-2019,2010,Bydel Alna,50-66 år,Personer,9032
EliminatedValue,2,12,15,0,Folkemengden etter administrativ bydel og alder 2008-2019,2010,Bydel Alna,67-74 år,Personer,2190
EliminatedValue,2,12,16,0,Folkemengden etter administrativ bydel og alder 2008-2019,2010,Bydel Alna,75-79 år,Personer,1097
EliminatedValue,2,12,17,0,Folkemengden etter administrativ bydel og alder 2008-2019,2010,Bydel Alna,80-84 år,Personer,817
EliminatedValue,2,12,18,0,Folkemengden etter administrativ bydel og alder 2008-2019,2010,Bydel Alna,85-89 år,Personer,585
EliminatedValue,2,12,19,0,Folkemengden etter administrativ bydel og alder 2008-2019,2010,Bydel Alna,90 år +,Personer,281
EliminatedValue,2,13,0,0,Folkemengden etter administrativ bydel og alder 2008-2019,2010,Bydel Østensjø,Alder i alt,Personer,45698
EliminatedValue,2,13,1,0,Folkemengden etter administrativ bydel og alder 2008-2019,2010,Bydel Østensjø,0 år,Personer,732
EliminatedValue,2,13,2,0,Folkemengden etter administrativ bydel og alder 2008-2019,2010,Bydel Østensjø,1-2 år,Personer,1370
EliminatedValue,2,13,3,0,Folkemengden etter administrativ bydel og alder 2008-2019,2010,Bydel Østensjø,3-5 år,Personer,1919
EliminatedValue,2,13,4,0,Folkemengden etter administrativ bydel og alder 2008-2019,2010,Bydel Østensjø,6-9 år,Personer,2145
EliminatedValue,2,13,5,0,Folkemengden etter administrativ bydel og alder 2008-2019,2010,Bydel Østensjø,10-12 år,Personer,1534
EliminatedValue,2,13,6,0,Folkemengden etter administrativ bydel og alder 2008-2019,2010,Bydel Østensjø,13-15 år,Personer,1531
EliminatedValue,2,13,7,0,Folkemengden etter administrativ bydel og alder 2008-2019,2010,Bydel Østensjø,16-17 år,Personer,1007
EliminatedValue,2,13,8,0,Folkemengden etter administrativ bydel og alder 2008-2019,2010,Bydel Østensjø,18-19 år,Personer,999
EliminatedValue,2,13,9,0,Folkemengden etter administrativ bydel og alder 2008-2019,2010,Bydel Østensjø,20-22 år,Personer,1347
EliminatedValue,2,13,10,0,Folkemengden etter administrativ bydel og alder 2008-2019,2010,Bydel Østensjø,23-24 år,Personer,894
EliminatedValue,2,13,11,0,Folkemengden etter administrativ bydel og alder 2008-2019,2010,Bydel Østensjø,25-29 år,Personer,2844
EliminatedValue,2,13,12,0,Folkemengden etter administrativ bydel og alder 2008-2019,2010,Bydel Østensjø,30-39 år,Personer,7377
EliminatedValue,2,13,13,0,Folkemengden etter administrativ bydel og alder 2008-2019,2010,Bydel Østensjø,40-49 år,Personer,7044
EliminatedValue,2,13,14,0,Folkemengden etter administrativ bydel og alder 2008-2019,2010,Bydel Østensjø,50-66 år,Personer,7815
EliminatedValue,2,13,15,0,Folkemengden etter administrativ bydel og alder 2008-2019,2010,Bydel Østensjø,67-74 år,Personer,2397
EliminatedValue,2,13,16,0,Folkemengden etter administrativ bydel og alder 2008-2019,2010,Bydel Østensjø,75-79 år,Personer,1802
EliminatedValue,2,13,17,0,Folkemengden etter administrativ bydel og alder 2008-2019,2010,Bydel Østensjø,80-84 år,Personer,1540
EliminatedValue,2,13,18,0,Folkemengden etter administrativ bydel og alder 2008-2019,2010,Bydel Østensjø,85-89 år,Personer,993
EliminatedValue,2,13,19,0,Folkemengden etter administrativ bydel og alder 2008-2019,2010,Bydel Østensjø,90 år +,Personer,408
EliminatedValue,2,14,0,0,Folkemengden etter administrativ bydel og alder 2008-2019,2010,Bydel Nordstrand,Alder i alt,Personer,46438
EliminatedValue,2,14,1,0,Folkemengden etter administrativ bydel og alder 2008-2019,2010,Bydel Nordstrand,0 år,Personer,668
EliminatedValue,2,14,2,0,Folkemengden etter administrativ bydel og alder 2008-2019,2010,Bydel Nordstrand,1-2 år,Personer,1354
EliminatedValue,2,14,3,0,Folkemengden etter administrativ bydel og alder 2008-2019,2010,Bydel Nordstrand,3-5 år,Personer,1891
EliminatedValue,2,14,4,0,Folkemengden etter administrativ bydel og alder 2008-2019,2010,Bydel Nordstrand,6-9 år,Personer,2283
EliminatedValue,2,14,5,0,Folkemengden etter administrativ bydel og alder 2008-2019,2010,Bydel Nordstrand,10-12 år,Personer,1617
EliminatedValue,2,14,6,0,Folkemengden etter administrativ bydel og alder 2008-2019,2010,Bydel Nordstrand,13-15 år,Personer,1641
EliminatedValue,2,14,7,0,Folkemengden etter administrativ bydel og alder 2008-2019,2010,Bydel Nordstrand,16-17 år,Personer,1056
EliminatedValue,2,14,8,0,Folkemengden etter administrativ bydel og alder 2008-2019,2010,Bydel Nordstrand,18-19 år,Personer,1133
EliminatedValue,2,14,9,0,Folkemengden etter administrativ bydel og alder 2008-2019,2010,Bydel Nordstrand,20-22 år,Personer,1442
EliminatedValue,2,14,10,0,Folkemengden etter administrativ bydel og alder 2008-2019,2010,Bydel Nordstrand,23-24 år,Personer,885
EliminatedValue,2,14,11,0,Folkemengden etter administrativ bydel og alder 2008-2019,2010,Bydel Nordstrand,25-29 år,Personer,2659
EliminatedValue,2,14,12,0,Folkemengden etter administrativ bydel og alder 2008-2019,2010,Bydel Nordstrand,30-39 år,Personer,6956
EliminatedValue,2,14,13,0,Folkemengden etter administrativ bydel og alder 2008-2019,2010,Bydel Nordstrand,40-49 år,Personer,7008
EliminatedValue,2,14,14,0,Folkemengden etter administrativ bydel og alder 2008-2019,2010,Bydel Nordstrand,50-66 år,Personer,9358
EliminatedValue,2,14,15,0,Folkemengden etter administrativ bydel og alder 2008-2019,2010,Bydel Nordstrand,67-74 år,Personer,2368
EliminatedValue,2,14,16,0,Folkemengden etter administrativ bydel og alder 2008-2019,2010,Bydel Nordstrand,75-79 år,Personer,1302
EliminatedValue,2,14,17,0,Folkemengden etter administrativ bydel og alder 2008-2019,2010,Bydel Nordstrand,80-84 år,Personer,1261
EliminatedValue,2,14,18,0,Folkemengden etter administrativ bydel og alder 2008-2019,2010,Bydel Nordstrand,85-89 år,Personer,1048
EliminatedValue,2,14,19,0,Folkemengden etter administrativ bydel og alder 2008-2019,2010,Bydel Nordstrand,90 år +,Personer,508
EliminatedValue,2,15,0,0,Folkemengden etter administrativ bydel og alder 2008-2019,2010,Bydel Søndre Nordstrand,Alder i alt,Personer,35808
EliminatedValue,2,15,1,0,Folkemengden etter administrativ bydel og alder 2008-2019,2010,Bydel Søndre Nordstrand,0 år,Personer,574
EliminatedValue,2,15,2,0,Folkemengden etter administrativ bydel og alder 2008-2019,2010,Bydel Søndre Nordstrand,1-2 år,Personer,1193
EliminatedValue,2,15,3,0,Folkemengden etter administrativ bydel og alder 2008-2019,2010,Bydel Søndre Nordstrand,3-5 år,Personer,1789
EliminatedValue,2,15,4,0,Folkemengden etter administrativ bydel og alder 2008-2019,2010,Bydel Søndre Nordstrand,6-9 år,Personer,2221
EliminatedValue,2,15,5,0,Folkemengden etter administrativ bydel og alder 2008-2019,2010,Bydel Søndre Nordstrand,10-12 år,Personer,1661
EliminatedValue,2,15,6,0,Folkemengden etter administrativ bydel og alder 2008-2019,2010,Bydel Søndre Nordstrand,13-15 år,Personer,1665
EliminatedValue,2,15,7,0,Folkemengden etter administrativ bydel og alder 2008-2019,2010,Bydel Søndre Nordstrand,16-17 år,Personer,1160
EliminatedValue,2,15,8,0,Folkemengden etter administrativ bydel og alder 2008-2019,2010,Bydel Søndre Nordstrand,18-19 år,Personer,1193
EliminatedValue,2,15,9,0,Folkemengden etter administrativ bydel og alder 2008-2019,2010,Bydel Søndre Nordstrand,20-22 år,Personer,1556
EliminatedValue,2,15,10,0,Folkemengden etter administrativ bydel og alder 2008-2019,2010,Bydel Søndre Nordstrand,23-24 år,Personer,981
EliminatedValue,2,15,11,0,Folkemengden etter administrativ bydel og alder 2008-2019,2010,Bydel Søndre Nordstrand,25-29 år,Personer,2283
EliminatedValue,2,15,12,0,Folkemengden etter administrativ bydel og alder 2008-2019,2010,Bydel Søndre Nordstrand,30-39 år,Personer,5203
EliminatedValue,2,15,13,0,Folkemengden etter administrativ bydel og alder 2008-2019,2010,Bydel Søndre Nordstrand,40-49 år,Personer,5411
EliminatedValue,2,15,14,0,Folkemengden etter administrativ bydel og alder 2008-2019,2010,Bydel Søndre Nordstrand,50-66 år,Personer,6890
EliminatedValue,2,15,15,0,Folkemengden etter administrativ bydel og alder 2008-2019,2010,Bydel Søndre Nordstrand,67-74 år,Personer,1048
EliminatedValue,2,15,16,0,Folkemengden etter administrativ bydel og alder 2008-2019,2010,Bydel Søndre Nordstrand,75-79 år,Personer,427
EliminatedValue,2,15,17,0,Folkemengden etter administrativ bydel og alder 2008-2019,2010,Bydel Søndre Nordstrand,80-84 år,Personer,289
EliminatedValue,2,15,18,0,Folkemengden etter administrativ bydel og alder 2008-2019,2010,Bydel Søndre Nordstrand,85-89 år,Personer,189
EliminatedValue,2,15,19,0,Folkemengden etter administrativ bydel og alder 2008-2019,2010,Bydel Søndre Nordstrand,90 år +,Personer,75
EliminatedValue,3,100000,0,0,Folkemengden etter administrativ bydel og alder 2008-2019,2011,Oslo i alt,Alder i alt,Personer,596218
EliminatedValue,3,100000,1,0,Folkemengden etter administrativ bydel og alder 2008-2019,2011,Oslo i alt,0 år,Personer,9920
EliminatedValue,3,100000,2,0,Folkemengden etter administrativ bydel og alder 2008-2019,2011,Oslo i alt,1-2 år,Personer,17991
EliminatedValue,3,100000,3,0,Folkemengden etter administrativ bydel og alder 2008-2019,2011,Oslo i alt,3-5 år,Personer,22489
EliminatedValue,3,100000,4,0,Folkemengden etter administrativ bydel og alder 2008-2019,2011,Oslo i alt,6-9 år,Personer,24657
EliminatedValue,3,100000,5,0,Folkemengden etter administrativ bydel og alder 2008-2019,2011,Oslo i alt,10-12 år,Personer,17002
EliminatedValue,3,100000,6,0,Folkemengden etter administrativ bydel og alder 2008-2019,2011,Oslo i alt,13-15 år,Personer,16551
EliminatedValue,3,100000,7,0,Folkemengden etter administrativ bydel og alder 2008-2019,2011,Oslo i alt,16-17 år,Personer,10796
EliminatedValue,3,100000,8,0,Folkemengden etter administrativ bydel og alder 2008-2019,2011,Oslo i alt,18-19 år,Personer,12041
EliminatedValue,3,100000,9,0,Folkemengden etter administrativ bydel og alder 2008-2019,2011,Oslo i alt,20-22 år,Personer,23979
EliminatedValue,3,100000,10,0,Folkemengden etter administrativ bydel og alder 2008-2019,2011,Oslo i alt,23-24 år,Personer,18759
EliminatedValue,3,100000,11,0,Folkemengden etter administrativ bydel og alder 2008-2019,2011,Oslo i alt,25-29 år,Personer,61100
EliminatedValue,3,100000,12,0,Folkemengden etter administrativ bydel og alder 2008-2019,2011,Oslo i alt,30-39 år,Personer,113574
EliminatedValue,3,100000,13,0,Folkemengden etter administrativ bydel og alder 2008-2019,2011,Oslo i alt,40-49 år,Personer,82517
EliminatedValue,3,100000,14,0,Folkemengden etter administrativ bydel og alder 2008-2019,2011,Oslo i alt,50-66 år,Personer,104264
EliminatedValue,3,100000,15,0,Folkemengden etter administrativ bydel og alder 2008-2019,2011,Oslo i alt,67-74 år,Personer,25921
EliminatedValue,3,100000,16,0,Folkemengden etter administrativ bydel og alder 2008-2019,2011,Oslo i alt,75-79 år,Personer,11724
EliminatedValue,3,100000,17,0,Folkemengden etter administrativ bydel og alder 2008-2019,2011,Oslo i alt,80-84 år,Personer,10383
EliminatedValue,3,100000,18,0,Folkemengden etter administrativ bydel og alder 2008-2019,2011,Oslo i alt,85-89 år,Personer,7875
EliminatedValue,3,100000,19,0,Folkemengden etter administrativ bydel og alder 2008-2019,2011,Oslo i alt,90 år +,Personer,4675
EliminatedValue,3,1,0,0,Folkemengden etter administrativ bydel og alder 2008-2019,2011,Bydel Gamle Oslo,Alder i alt,Personer,43797
EliminatedValue,3,1,1,0,Folkemengden etter administrativ bydel og alder 2008-2019,2011,Bydel Gamle Oslo,0 år,Personer,986
EliminatedValue,3,1,2,0,Folkemengden etter administrativ bydel og alder 2008-2019,2011,Bydel Gamle Oslo,1-2 år,Personer,1590
EliminatedValue,3,1,3,0,Folkemengden etter administrativ bydel og alder 2008-2019,2011,Bydel Gamle Oslo,3-5 år,Personer,1645
EliminatedValue,3,1,4,0,Folkemengden etter administrativ bydel og alder 2008-2019,2011,Bydel Gamle Oslo,6-9 år,Personer,1418
EliminatedValue,3,1,5,0,Folkemengden etter administrativ bydel og alder 2008-2019,2011,Bydel Gamle Oslo,10-12 år,Personer,866
EliminatedValue,3,1,6,0,Folkemengden etter administrativ bydel og alder 2008-2019,2011,Bydel Gamle Oslo,13-15 år,Personer,790
EliminatedValue,3,1,7,0,Folkemengden etter administrativ bydel og alder 2008-2019,2011,Bydel Gamle Oslo,16-17 år,Personer,511
EliminatedValue,3,1,8,0,Folkemengden etter administrativ bydel og alder 2008-2019,2011,Bydel Gamle Oslo,18-19 år,Personer,661
EliminatedValue,3,1,9,0,Folkemengden etter administrativ bydel og alder 2008-2019,2011,Bydel Gamle Oslo,20-22 år,Personer,1704
EliminatedValue,3,1,10,0,Folkemengden etter administrativ bydel og alder 2008-2019,2011,Bydel Gamle Oslo,23-24 år,Personer,1636
EliminatedValue,3,1,11,0,Folkemengden etter administrativ bydel og alder 2008-2019,2011,Bydel Gamle Oslo,25-29 år,Personer,6210
EliminatedValue,3,1,12,0,Folkemengden etter administrativ bydel og alder 2008-2019,2011,Bydel Gamle Oslo,30-39 år,Personer,11988
EliminatedValue,3,1,13,0,Folkemengden etter administrativ bydel og alder 2008-2019,2011,Bydel Gamle Oslo,40-49 år,Personer,5764
EliminatedValue,3,1,14,0,Folkemengden etter administrativ bydel og alder 2008-2019,2011,Bydel Gamle Oslo,50-66 år,Personer,5841
EliminatedValue,3,1,15,0,Folkemengden etter administrativ bydel og alder 2008-2019,2011,Bydel Gamle Oslo,67-74 år,Personer,1023
EliminatedValue,3,1,16,0,Folkemengden etter administrativ bydel og alder 2008-2019,2011,Bydel Gamle Oslo,75-79 år,Personer,371
EliminatedValue,3,1,17,0,Folkemengden etter administrativ bydel og alder 2008-2019,2011,Bydel Gamle Oslo,80-84 år,Personer,315
EliminatedValue,3,1,18,0,Folkemengden etter administrativ bydel og alder 2008-2019,2011,Bydel Gamle Oslo,85-89 år,Personer,267
EliminatedValue,3,1,19,0,Folkemengden etter administrativ bydel og alder 2008-2019,2011,Bydel Gamle Oslo,90 år +,Personer,211
EliminatedValue,3,2,0,0,Folkemengden etter administrativ bydel og alder 2008-2019,2011,Bydel Grünerløkka,Alder i alt,Personer,47113
EliminatedValue,3,2,1,0,Folkemengden etter administrativ bydel og alder 2008-2019,2011,Bydel Grünerløkka,0 år,Personer,913
EliminatedValue,3,2,2,0,Folkemengden etter administrativ bydel og alder 2008-2019,2011,Bydel Grünerløkka,1-2 år,Personer,1405
EliminatedValue,3,2,3,0,Folkemengden etter administrativ bydel og alder 2008-2019,2011,Bydel Grünerløkka,3-5 år,Personer,1406
EliminatedValue,3,2,4,0,Folkemengden etter administrativ bydel og alder 2008-2019,2011,Bydel Grünerløkka,6-9 år,Personer,1164
EliminatedValue,3,2,5,0,Folkemengden etter administrativ bydel og alder 2008-2019,2011,Bydel Grünerløkka,10-12 år,Personer,696
EliminatedValue,3,2,6,0,Folkemengden etter administrativ bydel og alder 2008-2019,2011,Bydel Grünerløkka,13-15 år,Personer,643
EliminatedValue,3,2,7,0,Folkemengden etter administrativ bydel og alder 2008-2019,2011,Bydel Grünerløkka,16-17 år,Personer,420
EliminatedValue,3,2,8,0,Folkemengden etter administrativ bydel og alder 2008-2019,2011,Bydel Grünerløkka,18-19 år,Personer,698
EliminatedValue,3,2,9,0,Folkemengden etter administrativ bydel og alder 2008-2019,2011,Bydel Grünerløkka,20-22 år,Personer,2330
EliminatedValue,3,2,10,0,Folkemengden etter administrativ bydel og alder 2008-2019,2011,Bydel Grünerløkka,23-24 år,Personer,2082
EliminatedValue,3,2,11,0,Folkemengden etter administrativ bydel og alder 2008-2019,2011,Bydel Grünerløkka,25-29 år,Personer,8385
EliminatedValue,3,2,12,0,Folkemengden etter administrativ bydel og alder 2008-2019,2011,Bydel Grünerløkka,30-39 år,Personer,13199
EliminatedValue,3,2,13,0,Folkemengden etter administrativ bydel og alder 2008-2019,2011,Bydel Grünerløkka,40-49 år,Personer,5872
EliminatedValue,3,2,14,0,Folkemengden etter administrativ bydel og alder 2008-2019,2011,Bydel Grünerløkka,50-66 år,Personer,5531
EliminatedValue,3,2,15,0,Folkemengden etter administrativ bydel og alder 2008-2019,2011,Bydel Grünerløkka,67-74 år,Personer,1015
EliminatedValue,3,2,16,0,Folkemengden etter administrativ bydel og alder 2008-2019,2011,Bydel Grünerløkka,75-79 år,Personer,402
EliminatedValue,3,2,17,0,Folkemengden etter administrativ bydel og alder 2008-2019,2011,Bydel Grünerløkka,80-84 år,Personer,329
EliminatedValue,3,2,18,0,Folkemengden etter administrativ bydel og alder 2008-2019,2011,Bydel Grünerløkka,85-89 år,Personer,339
EliminatedValue,3,2,19,0,Folkemengden etter administrativ bydel og alder 2008-2019,2011,Bydel Grünerløkka,90 år +,Personer,284
EliminatedValue,3,3,0,0,Folkemengden etter administrativ bydel og alder 2008-2019,2011,Bydel Sagene,Alder i alt,Personer,35155
EliminatedValue,3,3,1,0,Folkemengden etter administrativ bydel og alder 2008-2019,2011,Bydel Sagene,0 år,Personer,789
EliminatedValue,3,3,2,0,Folkemengden etter administrativ bydel og alder 2008-2019,2011,Bydel Sagene,1-2 år,Personer,1143
EliminatedValue,3,3,3,0,Folkemengden etter administrativ bydel og alder 2008-2019,2011,Bydel Sagene,3-5 år,Personer,1016
EliminatedValue,3,3,4,0,Folkemengden etter administrativ bydel og alder 2008-2019,2011,Bydel Sagene,6-9 år,Personer,773
EliminatedValue,3,3,5,0,Folkemengden etter administrativ bydel og alder 2008-2019,2011,Bydel Sagene,10-12 år,Personer,450
EliminatedValue,3,3,6,0,Folkemengden etter administrativ bydel og alder 2008-2019,2011,Bydel Sagene,13-15 år,Personer,388
EliminatedValue,3,3,7,0,Folkemengden etter administrativ bydel og alder 2008-2019,2011,Bydel Sagene,16-17 år,Personer,264
EliminatedValue,3,3,8,0,Folkemengden etter administrativ bydel og alder 2008-2019,2011,Bydel Sagene,18-19 år,Personer,401
EliminatedValue,3,3,9,0,Folkemengden etter administrativ bydel og alder 2008-2019,2011,Bydel Sagene,20-22 år,Personer,1327
EliminatedValue,3,3,10,0,Folkemengden etter administrativ bydel og alder 2008-2019,2011,Bydel Sagene,23-24 år,Personer,1398
EliminatedValue,3,3,11,0,Folkemengden etter administrativ bydel og alder 2008-2019,2011,Bydel Sagene,25-29 år,Personer,6218
EliminatedValue,3,3,12,0,Folkemengden etter administrativ bydel og alder 2008-2019,2011,Bydel Sagene,30-39 år,Personer,10019
EliminatedValue,3,3,13,0,Folkemengden etter administrativ bydel og alder 2008-2019,2011,Bydel Sagene,40-49 år,Personer,4239
EliminatedValue,3,3,14,0,Folkemengden etter administrativ bydel og alder 2008-2019,2011,Bydel Sagene,50-66 år,Personer,4456
EliminatedValue,3,3,15,0,Folkemengden etter administrativ bydel og alder 2008-2019,2011,Bydel Sagene,67-74 år,Personer,943
EliminatedValue,3,3,16,0,Folkemengden etter administrativ bydel og alder 2008-2019,2011,Bydel Sagene,75-79 år,Personer,398
EliminatedValue,3,3,17,0,Folkemengden etter administrativ bydel og alder 2008-2019,2011,Bydel Sagene,80-84 år,Personer,348
EliminatedValue,3,3,18,0,Folkemengden etter administrativ bydel og alder 2008-2019,2011,Bydel Sagene,85-89 år,Personer,336
EliminatedValue,3,3,19,0,Folkemengden etter administrativ bydel og alder 2008-2019,2011,Bydel Sagene,90 år +,Personer,249
EliminatedValue,3,4,0,0,Folkemengden etter administrativ bydel og alder 2008-2019,2011,Bydel St.Hanshaugen,Alder i alt,Personer,33995
EliminatedValue,3,4,1,0,Folkemengden etter administrativ bydel og alder 2008-2019,2011,Bydel St.Hanshaugen,0 år,Personer,579
EliminatedValue,3,4,2,0,Folkemengden etter administrativ bydel og alder 2008-2019,2011,Bydel St.Hanshaugen,1-2 år,Personer,872
EliminatedValue,3,4,3,0,Folkemengden etter administrativ bydel og alder 2008-2019,2011,Bydel St.Hanshaugen,3-5 år,Personer,794
EliminatedValue,3,4,4,0,Folkemengden etter administrativ bydel og alder 2008-2019,2011,Bydel St.Hanshaugen,6-9 år,Personer,663
EliminatedValue,3,4,5,0,Folkemengden etter administrativ bydel og alder 2008-2019,2011,Bydel St.Hanshaugen,10-12 år,Personer,408
EliminatedValue,3,4,6,0,Folkemengden etter administrativ bydel og alder 2008-2019,2011,Bydel St.Hanshaugen,13-15 år,Personer,397
EliminatedValue,3,4,7,0,Folkemengden etter administrativ bydel og alder 2008-2019,2011,Bydel St.Hanshaugen,16-17 år,Personer,269
EliminatedValue,3,4,8,0,Folkemengden etter administrativ bydel og alder 2008-2019,2011,Bydel St.Hanshaugen,18-19 år,Personer,451
EliminatedValue,3,4,9,0,Folkemengden etter administrativ bydel og alder 2008-2019,2011,Bydel St.Hanshaugen,20-22 år,Personer,1945
EliminatedValue,3,4,10,0,Folkemengden etter administrativ bydel og alder 2008-2019,2011,Bydel St.Hanshaugen,23-24 år,Personer,1897
EliminatedValue,3,4,11,0,Folkemengden etter administrativ bydel og alder 2008-2019,2011,Bydel St.Hanshaugen,25-29 år,Personer,6521
EliminatedValue,3,4,12,0,Folkemengden etter administrativ bydel og alder 2008-2019,2011,Bydel St.Hanshaugen,30-39 år,Personer,8782
EliminatedValue,3,4,13,0,Folkemengden etter administrativ bydel og alder 2008-2019,2011,Bydel St.Hanshaugen,40-49 år,Personer,3953
EliminatedValue,3,4,14,0,Folkemengden etter administrativ bydel og alder 2008-2019,2011,Bydel St.Hanshaugen,50-66 år,Personer,4289
EliminatedValue,3,4,15,0,Folkemengden etter administrativ bydel og alder 2008-2019,2011,Bydel St.Hanshaugen,67-74 år,Personer,976
EliminatedValue,3,4,16,0,Folkemengden etter administrativ bydel og alder 2008-2019,2011,Bydel St.Hanshaugen,75-79 år,Personer,360
EliminatedValue,3,4,17,0,Folkemengden etter administrativ bydel og alder 2008-2019,2011,Bydel St.Hanshaugen,80-84 år,Personer,298
EliminatedValue,3,4,18,0,Folkemengden etter administrativ bydel og alder 2008-2019,2011,Bydel St.Hanshaugen,85-89 år,Personer,317
EliminatedValue,3,4,19,0,Folkemengden etter administrativ bydel og alder 2008-2019,2011,Bydel St.Hanshaugen,90 år +,Personer,224
EliminatedValue,3,5,0,0,Folkemengden etter administrativ bydel og alder 2008-2019,2011,Bydel Frogner,Alder i alt,Personer,51227
EliminatedValue,3,5,1,0,Folkemengden etter administrativ bydel og alder 2008-2019,2011,Bydel Frogner,0 år,Personer,733
EliminatedValue,3,5,2,0,Folkemengden etter administrativ bydel og alder 2008-2019,2011,Bydel Frogner,1-2 år,Personer,1071
EliminatedValue,3,5,3,0,Folkemengden etter administrativ bydel og alder 2008-2019,2011,Bydel Frogner,3-5 år,Personer,1052
EliminatedValue,3,5,4,0,Folkemengden etter administrativ bydel og alder 2008-2019,2011,Bydel Frogner,6-9 år,Personer,1040
EliminatedValue,3,5,5,0,Folkemengden etter administrativ bydel og alder 2008-2019,2011,Bydel Frogner,10-12 år,Personer,667
EliminatedValue,3,5,6,0,Folkemengden etter administrativ bydel og alder 2008-2019,2011,Bydel Frogner,13-15 år,Personer,648
EliminatedValue,3,5,7,0,Folkemengden etter administrativ bydel og alder 2008-2019,2011,Bydel Frogner,16-17 år,Personer,457
EliminatedValue,3,5,8,0,Folkemengden etter administrativ bydel og alder 2008-2019,2011,Bydel Frogner,18-19 år,Personer,754
EliminatedValue,3,5,9,0,Folkemengden etter administrativ bydel og alder 2008-2019,2011,Bydel Frogner,20-22 år,Personer,2681
EliminatedValue,3,5,10,0,Folkemengden etter administrativ bydel og alder 2008-2019,2011,Bydel Frogner,23-24 år,Personer,2476
EliminatedValue,3,5,11,0,Folkemengden etter administrativ bydel og alder 2008-2019,2011,Bydel Frogner,25-29 år,Personer,8040
EliminatedValue,3,5,12,0,Folkemengden etter administrativ bydel og alder 2008-2019,2011,Bydel Frogner,30-39 år,Personer,10482
EliminatedValue,3,5,13,0,Folkemengden etter administrativ bydel og alder 2008-2019,2011,Bydel Frogner,40-49 år,Personer,6092
EliminatedValue,3,5,14,0,Folkemengden etter administrativ bydel og alder 2008-2019,2011,Bydel Frogner,50-66 år,Personer,9157
EliminatedValue,3,5,15,0,Folkemengden etter administrativ bydel og alder 2008-2019,2011,Bydel Frogner,67-74 år,Personer,2674
EliminatedValue,3,5,16,0,Folkemengden etter administrativ bydel og alder 2008-2019,2011,Bydel Frogner,75-79 år,Personer,1042
EliminatedValue,3,5,17,0,Folkemengden etter administrativ bydel og alder 2008-2019,2011,Bydel Frogner,80-84 år,Personer,927
EliminatedValue,3,5,18,0,Folkemengden etter administrativ bydel og alder 2008-2019,2011,Bydel Frogner,85-89 år,Personer,684
EliminatedValue,3,5,19,0,Folkemengden etter administrativ bydel og alder 2008-2019,2011,Bydel Frogner,90 år +,Personer,550
EliminatedValue,3,6,0,0,Folkemengden etter administrativ bydel og alder 2008-2019,2011,Bydel Ullern,Alder i alt,Personer,30642
EliminatedValue,3,6,1,0,Folkemengden etter administrativ bydel og alder 2008-2019,2011,Bydel Ullern,0 år,Personer,438
EliminatedValue,3,6,2,0,Folkemengden etter administrativ bydel og alder 2008-2019,2011,Bydel Ullern,1-2 år,Personer,917
EliminatedValue,3,6,3,0,Folkemengden etter administrativ bydel og alder 2008-2019,2011,Bydel Ullern,3-5 år,Personer,1273
EliminatedValue,3,6,4,0,Folkemengden etter administrativ bydel og alder 2008-2019,2011,Bydel Ullern,6-9 år,Personer,1419
EliminatedValue,3,6,5,0,Folkemengden etter administrativ bydel og alder 2008-2019,2011,Bydel Ullern,10-12 år,Personer,921
EliminatedValue,3,6,6,0,Folkemengden etter administrativ bydel og alder 2008-2019,2011,Bydel Ullern,13-15 år,Personer,939
EliminatedValue,3,6,7,0,Folkemengden etter administrativ bydel og alder 2008-2019,2011,Bydel Ullern,16-17 år,Personer,630
EliminatedValue,3,6,8,0,Folkemengden etter administrativ bydel og alder 2008-2019,2011,Bydel Ullern,18-19 år,Personer,609
EliminatedValue,3,6,9,0,Folkemengden etter administrativ bydel og alder 2008-2019,2011,Bydel Ullern,20-22 år,Personer,893
EliminatedValue,3,6,10,0,Folkemengden etter administrativ bydel og alder 2008-2019,2011,Bydel Ullern,23-24 år,Personer,553
EliminatedValue,3,6,11,0,Folkemengden etter administrativ bydel og alder 2008-2019,2011,Bydel Ullern,25-29 år,Personer,1902
EliminatedValue,3,6,12,0,Folkemengden etter administrativ bydel og alder 2008-2019,2011,Bydel Ullern,30-39 år,Personer,4705
EliminatedValue,3,6,13,0,Folkemengden etter administrativ bydel og alder 2008-2019,2011,Bydel Ullern,40-49 år,Personer,4315
EliminatedValue,3,6,14,0,Folkemengden etter administrativ bydel og alder 2008-2019,2011,Bydel Ullern,50-66 år,Personer,6829
EliminatedValue,3,6,15,0,Folkemengden etter administrativ bydel og alder 2008-2019,2011,Bydel Ullern,67-74 år,Personer,1924
EliminatedValue,3,6,16,0,Folkemengden etter administrativ bydel og alder 2008-2019,2011,Bydel Ullern,75-79 år,Personer,802
EliminatedValue,3,6,17,0,Folkemengden etter administrativ bydel og alder 2008-2019,2011,Bydel Ullern,80-84 år,Personer,695
EliminatedValue,3,6,18,0,Folkemengden etter administrativ bydel og alder 2008-2019,2011,Bydel Ullern,85-89 år,Personer,564
EliminatedValue,3,6,19,0,Folkemengden etter administrativ bydel og alder 2008-2019,2011,Bydel Ullern,90 år +,Personer,314
EliminatedValue,3,7,0,0,Folkemengden etter administrativ bydel og alder 2008-2019,2011,Bydel Vestre Aker,Alder i alt,Personer,45165
EliminatedValue,3,7,1,0,Folkemengden etter administrativ bydel og alder 2008-2019,2011,Bydel Vestre Aker,0 år,Personer,631
EliminatedValue,3,7,2,0,Folkemengden etter administrativ bydel og alder 2008-2019,2011,Bydel Vestre Aker,1-2 år,Personer,1367
EliminatedValue,3,7,3,0,Folkemengden etter administrativ bydel og alder 2008-2019,2011,Bydel Vestre Aker,3-5 år,Personer,1971
EliminatedValue,3,7,4,0,Folkemengden etter administrativ bydel og alder 2008-2019,2011,Bydel Vestre Aker,6-9 år,Personer,2342
EliminatedValue,3,7,5,0,Folkemengden etter administrativ bydel og alder 2008-2019,2011,Bydel Vestre Aker,10-12 år,Personer,1641
EliminatedValue,3,7,6,0,Folkemengden etter administrativ bydel og alder 2008-2019,2011,Bydel Vestre Aker,13-15 år,Personer,1650
EliminatedValue,3,7,7,0,Folkemengden etter administrativ bydel og alder 2008-2019,2011,Bydel Vestre Aker,16-17 år,Personer,1034
EliminatedValue,3,7,8,0,Folkemengden etter administrativ bydel og alder 2008-2019,2011,Bydel Vestre Aker,18-19 år,Personer,1124
EliminatedValue,3,7,9,0,Folkemengden etter administrativ bydel og alder 2008-2019,2011,Bydel Vestre Aker,20-22 år,Personer,1606
EliminatedValue,3,7,10,0,Folkemengden etter administrativ bydel og alder 2008-2019,2011,Bydel Vestre Aker,23-24 år,Personer,1014
EliminatedValue,3,7,11,0,Folkemengden etter administrativ bydel og alder 2008-2019,2011,Bydel Vestre Aker,25-29 år,Personer,2562
EliminatedValue,3,7,12,0,Folkemengden etter administrativ bydel og alder 2008-2019,2011,Bydel Vestre Aker,30-39 år,Personer,6231
EliminatedValue,3,7,13,0,Folkemengden etter administrativ bydel og alder 2008-2019,2011,Bydel Vestre Aker,40-49 år,Personer,6333
EliminatedValue,3,7,14,0,Folkemengden etter administrativ bydel og alder 2008-2019,2011,Bydel Vestre Aker,50-66 år,Personer,9936
EliminatedValue,3,7,15,0,Folkemengden etter administrativ bydel og alder 2008-2019,2011,Bydel Vestre Aker,67-74 år,Personer,2498
EliminatedValue,3,7,16,0,Folkemengden etter administrativ bydel og alder 2008-2019,2011,Bydel Vestre Aker,75-79 år,Personer,1014
EliminatedValue,3,7,17,0,Folkemengden etter administrativ bydel og alder 2008-2019,2011,Bydel Vestre Aker,80-84 år,Personer,985
EliminatedValue,3,7,18,0,Folkemengden etter administrativ bydel og alder 2008-2019,2011,Bydel Vestre Aker,85-89 år,Personer,730
EliminatedValue,3,7,19,0,Folkemengden etter administrativ bydel og alder 2008-2019,2011,Bydel Vestre Aker,90 år +,Personer,496
EliminatedValue,3,8,0,0,Folkemengden etter administrativ bydel og alder 2008-2019,2011,Bydel Nordre Aker,Alder i alt,Personer,48286
EliminatedValue,3,8,1,0,Folkemengden etter administrativ bydel og alder 2008-2019,2011,Bydel Nordre Aker,0 år,Personer,741
EliminatedValue,3,8,2,0,Folkemengden etter administrativ bydel og alder 2008-2019,2011,Bydel Nordre Aker,1-2 år,Personer,1465
EliminatedValue,3,8,3,0,Folkemengden etter administrativ bydel og alder 2008-2019,2011,Bydel Nordre Aker,3-5 år,Personer,2059
EliminatedValue,3,8,4,0,Folkemengden etter administrativ bydel og alder 2008-2019,2011,Bydel Nordre Aker,6-9 år,Personer,2406
EliminatedValue,3,8,5,0,Folkemengden etter administrativ bydel og alder 2008-2019,2011,Bydel Nordre Aker,10-12 år,Personer,1700
EliminatedValue,3,8,6,0,Folkemengden etter administrativ bydel og alder 2008-2019,2011,Bydel Nordre Aker,13-15 år,Personer,1582
EliminatedValue,3,8,7,0,Folkemengden etter administrativ bydel og alder 2008-2019,2011,Bydel Nordre Aker,16-17 år,Personer,1020
EliminatedValue,3,8,8,0,Folkemengden etter administrativ bydel og alder 2008-2019,2011,Bydel Nordre Aker,18-19 år,Personer,1049
EliminatedValue,3,8,9,0,Folkemengden etter administrativ bydel og alder 2008-2019,2011,Bydel Nordre Aker,20-22 år,Personer,2282
EliminatedValue,3,8,10,0,Folkemengden etter administrativ bydel og alder 2008-2019,2011,Bydel Nordre Aker,23-24 år,Personer,1516
EliminatedValue,3,8,11,0,Folkemengden etter administrativ bydel og alder 2008-2019,2011,Bydel Nordre Aker,25-29 år,Personer,3713
EliminatedValue,3,8,12,0,Folkemengden etter administrativ bydel og alder 2008-2019,2011,Bydel Nordre Aker,30-39 år,Personer,7544
EliminatedValue,3,8,13,0,Folkemengden etter administrativ bydel og alder 2008-2019,2011,Bydel Nordre Aker,40-49 år,Personer,7104
EliminatedValue,3,8,14,0,Folkemengden etter administrativ bydel og alder 2008-2019,2011,Bydel Nordre Aker,50-66 år,Personer,8846
EliminatedValue,3,8,15,0,Folkemengden etter administrativ bydel og alder 2008-2019,2011,Bydel Nordre Aker,67-74 år,Personer,2095
EliminatedValue,3,8,16,0,Folkemengden etter administrativ bydel og alder 2008-2019,2011,Bydel Nordre Aker,75-79 år,Personer,1047
EliminatedValue,3,8,17,0,Folkemengden etter administrativ bydel og alder 2008-2019,2011,Bydel Nordre Aker,80-84 år,Personer,923
EliminatedValue,3,8,18,0,Folkemengden etter administrativ bydel og alder 2008-2019,2011,Bydel Nordre Aker,85-89 år,Personer,734
EliminatedValue,3,8,19,0,Folkemengden etter administrativ bydel og alder 2008-2019,2011,Bydel Nordre Aker,90 år +,Personer,460
EliminatedValue,3,9,0,0,Folkemengden etter administrativ bydel og alder 2008-2019,2011,Bydel Bjerke,Alder i alt,Personer,28293
EliminatedValue,3,9,1,0,Folkemengden etter administrativ bydel og alder 2008-2019,2011,Bydel Bjerke,0 år,Personer,559
EliminatedValue,3,9,2,0,Folkemengden etter administrativ bydel og alder 2008-2019,2011,Bydel Bjerke,1-2 år,Personer,1057
EliminatedValue,3,9,3,0,Folkemengden etter administrativ bydel og alder 2008-2019,2011,Bydel Bjerke,3-5 år,Personer,1351
EliminatedValue,3,9,4,0,Folkemengden etter administrativ bydel og alder 2008-2019,2011,Bydel Bjerke,6-9 år,Personer,1425
EliminatedValue,3,9,5,0,Folkemengden etter administrativ bydel og alder 2008-2019,2011,Bydel Bjerke,10-12 år,Personer,966
EliminatedValue,3,9,6,0,Folkemengden etter administrativ bydel og alder 2008-2019,2011,Bydel Bjerke,13-15 år,Personer,853
EliminatedValue,3,9,7,0,Folkemengden etter administrativ bydel og alder 2008-2019,2011,Bydel Bjerke,16-17 år,Personer,556
EliminatedValue,3,9,8,0,Folkemengden etter administrativ bydel og alder 2008-2019,2011,Bydel Bjerke,18-19 år,Personer,541
EliminatedValue,3,9,9,0,Folkemengden etter administrativ bydel og alder 2008-2019,2011,Bydel Bjerke,20-22 år,Personer,973
EliminatedValue,3,9,10,0,Folkemengden etter administrativ bydel og alder 2008-2019,2011,Bydel Bjerke,23-24 år,Personer,718
EliminatedValue,3,9,11,0,Folkemengden etter administrativ bydel og alder 2008-2019,2011,Bydel Bjerke,25-29 år,Personer,2222
EliminatedValue,3,9,12,0,Folkemengden etter administrativ bydel og alder 2008-2019,2011,Bydel Bjerke,30-39 år,Personer,5224
EliminatedValue,3,9,13,0,Folkemengden etter administrativ bydel og alder 2008-2019,2011,Bydel Bjerke,40-49 år,Personer,4130
EliminatedValue,3,9,14,0,Folkemengden etter administrativ bydel og alder 2008-2019,2011,Bydel Bjerke,50-66 år,Personer,4613
EliminatedValue,3,9,15,0,Folkemengden etter administrativ bydel og alder 2008-2019,2011,Bydel Bjerke,67-74 år,Personer,1144
EliminatedValue,3,9,16,0,Folkemengden etter administrativ bydel og alder 2008-2019,2011,Bydel Bjerke,75-79 år,Personer,608
EliminatedValue,3,9,17,0,Folkemengden etter administrativ bydel og alder 2008-2019,2011,Bydel Bjerke,80-84 år,Personer,635
EliminatedValue,3,9,18,0,Folkemengden etter administrativ bydel og alder 2008-2019,2011,Bydel Bjerke,85-89 år,Personer,500
EliminatedValue,3,9,19,0,Folkemengden etter administrativ bydel og alder 2008-2019,2011,Bydel Bjerke,90 år +,Personer,218
EliminatedValue,3,10,0,0,Folkemengden etter administrativ bydel og alder 2008-2019,2011,Bydel Grorud,Alder i alt,Personer,26254
EliminatedValue,3,10,1,0,Folkemengden etter administrativ bydel og alder 2008-2019,2011,Bydel Grorud,0 år,Personer,406
EliminatedValue,3,10,2,0,Folkemengden etter administrativ bydel og alder 2008-2019,2011,Bydel Grorud,1-2 år,Personer,782
EliminatedValue,3,10,3,0,Folkemengden etter administrativ bydel og alder 2008-2019,2011,Bydel Grorud,3-5 år,Personer,1104
EliminatedValue,3,10,4,0,Folkemengden etter administrativ bydel og alder 2008-2019,2011,Bydel Grorud,6-9 år,Personer,1299
EliminatedValue,3,10,5,0,Folkemengden etter administrativ bydel og alder 2008-2019,2011,Bydel Grorud,10-12 år,Personer,952
EliminatedValue,3,10,6,0,Folkemengden etter administrativ bydel og alder 2008-2019,2011,Bydel Grorud,13-15 år,Personer,956
EliminatedValue,3,10,7,0,Folkemengden etter administrativ bydel og alder 2008-2019,2011,Bydel Grorud,16-17 år,Personer,636
EliminatedValue,3,10,8,0,Folkemengden etter administrativ bydel og alder 2008-2019,2011,Bydel Grorud,18-19 år,Personer,633
EliminatedValue,3,10,9,0,Folkemengden etter administrativ bydel og alder 2008-2019,2011,Bydel Grorud,20-22 år,Personer,893
EliminatedValue,3,10,10,0,Folkemengden etter administrativ bydel og alder 2008-2019,2011,Bydel Grorud,23-24 år,Personer,681
EliminatedValue,3,10,11,0,Folkemengden etter administrativ bydel og alder 2008-2019,2011,Bydel Grorud,25-29 år,Personer,1900
EliminatedValue,3,10,12,0,Folkemengden etter administrativ bydel og alder 2008-2019,2011,Bydel Grorud,30-39 år,Personer,4105
EliminatedValue,3,10,13,0,Folkemengden etter administrativ bydel og alder 2008-2019,2011,Bydel Grorud,40-49 år,Personer,4035
EliminatedValue,3,10,14,0,Folkemengden etter administrativ bydel og alder 2008-2019,2011,Bydel Grorud,50-66 år,Personer,4834
EliminatedValue,3,10,15,0,Folkemengden etter administrativ bydel og alder 2008-2019,2011,Bydel Grorud,67-74 år,Personer,1320
EliminatedValue,3,10,16,0,Folkemengden etter administrativ bydel og alder 2008-2019,2011,Bydel Grorud,75-79 år,Personer,670
EliminatedValue,3,10,17,0,Folkemengden etter administrativ bydel og alder 2008-2019,2011,Bydel Grorud,80-84 år,Personer,521
EliminatedValue,3,10,18,0,Folkemengden etter administrativ bydel og alder 2008-2019,2011,Bydel Grorud,85-89 år,Personer,355
EliminatedValue,3,10,19,0,Folkemengden etter administrativ bydel og alder 2008-2019,2011,Bydel Grorud,90 år +,Personer,172
EliminatedValue,3,11,0,0,Folkemengden etter administrativ bydel og alder 2008-2019,2011,Bydel Stovner,Alder i alt,Personer,30187
EliminatedValue,3,11,1,0,Folkemengden etter administrativ bydel og alder 2008-2019,2011,Bydel Stovner,0 år,Personer,414
EliminatedValue,3,11,2,0,Folkemengden etter administrativ bydel og alder 2008-2019,2011,Bydel Stovner,1-2 år,Personer,840
EliminatedValue,3,11,3,0,Folkemengden etter administrativ bydel og alder 2008-2019,2011,Bydel Stovner,3-5 år,Personer,1239
EliminatedValue,3,11,4,0,Folkemengden etter administrativ bydel og alder 2008-2019,2011,Bydel Stovner,6-9 år,Personer,1683
EliminatedValue,3,11,5,0,Folkemengden etter administrativ bydel og alder 2008-2019,2011,Bydel Stovner,10-12 år,Personer,1303
EliminatedValue,3,11,6,0,Folkemengden etter administrativ bydel og alder 2008-2019,2011,Bydel Stovner,13-15 år,Personer,1244
EliminatedValue,3,11,7,0,Folkemengden etter administrativ bydel og alder 2008-2019,2011,Bydel Stovner,16-17 år,Personer,814
EliminatedValue,3,11,8,0,Folkemengden etter administrativ bydel og alder 2008-2019,2011,Bydel Stovner,18-19 år,Personer,836
EliminatedValue,3,11,9,0,Folkemengden etter administrativ bydel og alder 2008-2019,2011,Bydel Stovner,20-22 år,Personer,1160
EliminatedValue,3,11,10,0,Folkemengden etter administrativ bydel og alder 2008-2019,2011,Bydel Stovner,23-24 år,Personer,721
EliminatedValue,3,11,11,0,Folkemengden etter administrativ bydel og alder 2008-2019,2011,Bydel Stovner,25-29 år,Personer,1849
EliminatedValue,3,11,12,0,Folkemengden etter administrativ bydel og alder 2008-2019,2011,Bydel Stovner,30-39 år,Personer,4034
EliminatedValue,3,11,13,0,Folkemengden etter administrativ bydel og alder 2008-2019,2011,Bydel Stovner,40-49 år,Personer,4478
EliminatedValue,3,11,14,0,Folkemengden etter administrativ bydel og alder 2008-2019,2011,Bydel Stovner,50-66 år,Personer,6081
EliminatedValue,3,11,15,0,Folkemengden etter administrativ bydel og alder 2008-2019,2011,Bydel Stovner,67-74 år,Personer,1946
EliminatedValue,3,11,16,0,Folkemengden etter administrativ bydel og alder 2008-2019,2011,Bydel Stovner,75-79 år,Personer,669
EliminatedValue,3,11,17,0,Folkemengden etter administrativ bydel og alder 2008-2019,2011,Bydel Stovner,80-84 år,Personer,473
EliminatedValue,3,11,18,0,Folkemengden etter administrativ bydel og alder 2008-2019,2011,Bydel Stovner,85-89 år,Personer,291
EliminatedValue,3,11,19,0,Folkemengden etter administrativ bydel og alder 2008-2019,2011,Bydel Stovner,90 år +,Personer,112
EliminatedValue,3,12,0,0,Folkemengden etter administrativ bydel og alder 2008-2019,2011,Bydel Alna,Alder i alt,Personer,46974
EliminatedValue,3,12,1,0,Folkemengden etter administrativ bydel og alder 2008-2019,2011,Bydel Alna,0 år,Personer,735
EliminatedValue,3,12,2,0,Folkemengden etter administrativ bydel og alder 2008-2019,2011,Bydel Alna,1-2 år,Personer,1496
EliminatedValue,3,12,3,0,Folkemengden etter administrativ bydel og alder 2008-2019,2011,Bydel Alna,3-5 år,Personer,1973
EliminatedValue,3,12,4,0,Folkemengden etter administrativ bydel og alder 2008-2019,2011,Bydel Alna,6-9 år,Personer,2277
EliminatedValue,3,12,5,0,Folkemengden etter administrativ bydel og alder 2008-2019,2011,Bydel Alna,10-12 år,Personer,1623
EliminatedValue,3,12,6,0,Folkemengden etter administrativ bydel og alder 2008-2019,2011,Bydel Alna,13-15 år,Personer,1565
EliminatedValue,3,12,7,0,Folkemengden etter administrativ bydel og alder 2008-2019,2011,Bydel Alna,16-17 år,Personer,1029
EliminatedValue,3,12,8,0,Folkemengden etter administrativ bydel og alder 2008-2019,2011,Bydel Alna,18-19 år,Personer,1059
EliminatedValue,3,12,9,0,Folkemengden etter administrativ bydel og alder 2008-2019,2011,Bydel Alna,20-22 år,Personer,1652
EliminatedValue,3,12,10,0,Folkemengden etter administrativ bydel og alder 2008-2019,2011,Bydel Alna,23-24 år,Personer,1224
EliminatedValue,3,12,11,0,Folkemengden etter administrativ bydel og alder 2008-2019,2011,Bydel Alna,25-29 år,Personer,3701
EliminatedValue,3,12,12,0,Folkemengden etter administrativ bydel og alder 2008-2019,2011,Bydel Alna,30-39 år,Personer,7807
EliminatedValue,3,12,13,0,Folkemengden etter administrativ bydel og alder 2008-2019,2011,Bydel Alna,40-49 år,Personer,6616
EliminatedValue,3,12,14,0,Folkemengden etter administrativ bydel og alder 2008-2019,2011,Bydel Alna,50-66 år,Personer,9146
EliminatedValue,3,12,15,0,Folkemengden etter administrativ bydel og alder 2008-2019,2011,Bydel Alna,67-74 år,Personer,2328
EliminatedValue,3,12,16,0,Folkemengden etter administrativ bydel og alder 2008-2019,2011,Bydel Alna,75-79 år,Personer,1036
EliminatedValue,3,12,17,0,Folkemengden etter administrativ bydel og alder 2008-2019,2011,Bydel Alna,80-84 år,Personer,832
EliminatedValue,3,12,18,0,Folkemengden etter administrativ bydel og alder 2008-2019,2011,Bydel Alna,85-89 år,Personer,585
EliminatedValue,3,12,19,0,Folkemengden etter administrativ bydel og alder 2008-2019,2011,Bydel Alna,90 år +,Personer,290
EliminatedValue,3,13,0,0,Folkemengden etter administrativ bydel og alder 2008-2019,2011,Bydel Østensjø,Alder i alt,Personer,46354
EliminatedValue,3,13,1,0,Folkemengden etter administrativ bydel og alder 2008-2019,2011,Bydel Østensjø,0 år,Personer,761
EliminatedValue,3,13,2,0,Folkemengden etter administrativ bydel og alder 2008-2019,2011,Bydel Østensjø,1-2 år,Personer,1444
EliminatedValue,3,13,3,0,Folkemengden etter administrativ bydel og alder 2008-2019,2011,Bydel Østensjø,3-5 år,Personer,1947
EliminatedValue,3,13,4,0,Folkemengden etter administrativ bydel og alder 2008-2019,2011,Bydel Østensjø,6-9 år,Personer,2222
EliminatedValue,3,13,5,0,Folkemengden etter administrativ bydel og alder 2008-2019,2011,Bydel Østensjø,10-12 år,Personer,1583
EliminatedValue,3,13,6,0,Folkemengden etter administrativ bydel og alder 2008-2019,2011,Bydel Østensjø,13-15 år,Personer,1537
EliminatedValue,3,13,7,0,Folkemengden etter administrativ bydel og alder 2008-2019,2011,Bydel Østensjø,16-17 år,Personer,1009
EliminatedValue,3,13,8,0,Folkemengden etter administrativ bydel og alder 2008-2019,2011,Bydel Østensjø,18-19 år,Personer,991
EliminatedValue,3,13,9,0,Folkemengden etter administrativ bydel og alder 2008-2019,2011,Bydel Østensjø,20-22 år,Personer,1389
EliminatedValue,3,13,10,0,Folkemengden etter administrativ bydel og alder 2008-2019,2011,Bydel Østensjø,23-24 år,Personer,915
EliminatedValue,3,13,11,0,Folkemengden etter administrativ bydel og alder 2008-2019,2011,Bydel Østensjø,25-29 år,Personer,2856
EliminatedValue,3,13,12,0,Folkemengden etter administrativ bydel og alder 2008-2019,2011,Bydel Østensjø,30-39 år,Personer,7419
EliminatedValue,3,13,13,0,Folkemengden etter administrativ bydel og alder 2008-2019,2011,Bydel Østensjø,40-49 år,Personer,7143
EliminatedValue,3,13,14,0,Folkemengden etter administrativ bydel og alder 2008-2019,2011,Bydel Østensjø,50-66 år,Personer,8085
EliminatedValue,3,13,15,0,Folkemengden etter administrativ bydel og alder 2008-2019,2011,Bydel Østensjø,67-74 år,Personer,2378
EliminatedValue,3,13,16,0,Folkemengden etter administrativ bydel og alder 2008-2019,2011,Bydel Østensjø,75-79 år,Personer,1657
EliminatedValue,3,13,17,0,Folkemengden etter administrativ bydel og alder 2008-2019,2011,Bydel Østensjø,80-84 år,Personer,1579
EliminatedValue,3,13,18,0,Folkemengden etter administrativ bydel og alder 2008-2019,2011,Bydel Østensjø,85-89 år,Personer,977
EliminatedValue,3,13,19,0,Folkemengden etter administrativ bydel og alder 2008-2019,2011,Bydel Østensjø,90 år +,Personer,462
EliminatedValue,3,14,0,0,Folkemengden etter administrativ bydel og alder 2008-2019,2011,Bydel Nordstrand,Alder i alt,Personer,46906
EliminatedValue,3,14,1,0,Folkemengden etter administrativ bydel og alder 2008-2019,2011,Bydel Nordstrand,0 år,Personer,673
EliminatedValue,3,14,2,0,Folkemengden etter administrativ bydel og alder 2008-2019,2011,Bydel Nordstrand,1-2 år,Personer,1352
EliminatedValue,3,14,3,0,Folkemengden etter administrativ bydel og alder 2008-2019,2011,Bydel Nordstrand,3-5 år,Personer,1930
EliminatedValue,3,14,4,0,Folkemengden etter administrativ bydel og alder 2008-2019,2011,Bydel Nordstrand,6-9 år,Personer,2339
EliminatedValue,3,14,5,0,Folkemengden etter administrativ bydel og alder 2008-2019,2011,Bydel Nordstrand,10-12 år,Personer,1623
EliminatedValue,3,14,6,0,Folkemengden etter administrativ bydel og alder 2008-2019,2011,Bydel Nordstrand,13-15 år,Personer,1666
EliminatedValue,3,14,7,0,Folkemengden etter administrativ bydel og alder 2008-2019,2011,Bydel Nordstrand,16-17 år,Personer,1037
EliminatedValue,3,14,8,0,Folkemengden etter administrativ bydel og alder 2008-2019,2011,Bydel Nordstrand,18-19 år,Personer,1084
EliminatedValue,3,14,9,0,Folkemengden etter administrativ bydel og alder 2008-2019,2011,Bydel Nordstrand,20-22 år,Personer,1553
EliminatedValue,3,14,10,0,Folkemengden etter administrativ bydel og alder 2008-2019,2011,Bydel Nordstrand,23-24 år,Personer,951
EliminatedValue,3,14,11,0,Folkemengden etter administrativ bydel og alder 2008-2019,2011,Bydel Nordstrand,25-29 år,Personer,2681
EliminatedValue,3,14,12,0,Folkemengden etter administrativ bydel og alder 2008-2019,2011,Bydel Nordstrand,30-39 år,Personer,6954
EliminatedValue,3,14,13,0,Folkemengden etter administrativ bydel og alder 2008-2019,2011,Bydel Nordstrand,40-49 år,Personer,7039
EliminatedValue,3,14,14,0,Folkemengden etter administrativ bydel og alder 2008-2019,2011,Bydel Nordstrand,50-66 år,Personer,9487
EliminatedValue,3,14,15,0,Folkemengden etter administrativ bydel og alder 2008-2019,2011,Bydel Nordstrand,67-74 år,Personer,2499
EliminatedValue,3,14,16,0,Folkemengden etter administrativ bydel og alder 2008-2019,2011,Bydel Nordstrand,75-79 år,Personer,1255
EliminatedValue,3,14,17,0,Folkemengden etter administrativ bydel og alder 2008-2019,2011,Bydel Nordstrand,80-84 år,Personer,1227
EliminatedValue,3,14,18,0,Folkemengden etter administrativ bydel og alder 2008-2019,2011,Bydel Nordstrand,85-89 år,Personer,1004
EliminatedValue,3,14,19,0,Folkemengden etter administrativ bydel og alder 2008-2019,2011,Bydel Nordstrand,90 år +,Personer,552
EliminatedValue,3,15,0,0,Folkemengden etter administrativ bydel og alder 2008-2019,2011,Bydel Søndre Nordstrand,Alder i alt,Personer,35870
EliminatedValue,3,15,1,0,Folkemengden etter administrativ bydel og alder 2008-2019,2011,Bydel Søndre Nordstrand,0 år,Personer,562
EliminatedValue,3,15,2,0,Folkemengden etter administrativ bydel og alder 2008-2019,2011,Bydel Søndre Nordstrand,1-2 år,Personer,1190
EliminatedValue,3,15,3,0,Folkemengden etter administrativ bydel og alder 2008-2019,2011,Bydel Søndre Nordstrand,3-5 år,Personer,1729
EliminatedValue,3,15,4,0,Folkemengden etter administrativ bydel og alder 2008-2019,2011,Bydel Søndre Nordstrand,6-9 år,Personer,2187
EliminatedValue,3,15,5,0,Folkemengden etter administrativ bydel og alder 2008-2019,2011,Bydel Søndre Nordstrand,10-12 år,Personer,1603
EliminatedValue,3,15,6,0,Folkemengden etter administrativ bydel og alder 2008-2019,2011,Bydel Søndre Nordstrand,13-15 år,Personer,1693
EliminatedValue,3,15,7,0,Folkemengden etter administrativ bydel og alder 2008-2019,2011,Bydel Søndre Nordstrand,16-17 år,Personer,1110
EliminatedValue,3,15,8,0,Folkemengden etter administrativ bydel og alder 2008-2019,2011,Bydel Søndre Nordstrand,18-19 år,Personer,1150
EliminatedValue,3,15,9,0,Folkemengden etter administrativ bydel og alder 2008-2019,2011,Bydel Søndre Nordstrand,20-22 år,Personer,1591
EliminatedValue,3,15,10,0,Folkemengden etter administrativ bydel og alder 2008-2019,2011,Bydel Søndre Nordstrand,23-24 år,Personer,977
EliminatedValue,3,15,11,0,Folkemengden etter administrativ bydel og alder 2008-2019,2011,Bydel Søndre Nordstrand,25-29 år,Personer,2340
EliminatedValue,3,15,12,0,Folkemengden etter administrativ bydel og alder 2008-2019,2011,Bydel Søndre Nordstrand,30-39 år,Personer,5081
EliminatedValue,3,15,13,0,Folkemengden etter administrativ bydel og alder 2008-2019,2011,Bydel Søndre Nordstrand,40-49 år,Personer,5404
EliminatedValue,3,15,14,0,Folkemengden etter administrativ bydel og alder 2008-2019,2011,Bydel Søndre Nordstrand,50-66 år,Personer,7133
EliminatedValue,3,15,15,0,Folkemengden etter administrativ bydel og alder 2008-2019,2011,Bydel Søndre Nordstrand,67-74 år,Personer,1158
EliminatedValue,3,15,16,0,Folkemengden etter administrativ bydel og alder 2008-2019,2011,Bydel Søndre Nordstrand,75-79 år,Personer,393
EliminatedValue,3,15,17,0,Folkemengden etter administrativ bydel og alder 2008-2019,2011,Bydel Søndre Nordstrand,80-84 år,Personer,296
EliminatedValue,3,15,18,0,Folkemengden etter administrativ bydel og alder 2008-2019,2011,Bydel Søndre Nordstrand,85-89 år,Personer,192
EliminatedValue,3,15,19,0,Folkemengden etter administrativ bydel og alder 2008-2019,2011,Bydel Søndre Nordstrand,90 år +,Personer,81
EliminatedValue,4,100000,0,0,Folkemengden etter administrativ bydel og alder 2008-2019,2012,Oslo i alt,Alder i alt,Personer,609858
EliminatedValue,4,100000,1,0,Folkemengden etter administrativ bydel og alder 2008-2019,2012,Oslo i alt,0 år,Personer,9705
EliminatedValue,4,100000,2,0,Folkemengden etter administrativ bydel og alder 2008-2019,2012,Oslo i alt,1-2 år,Personer,18195
EliminatedValue,4,100000,3,0,Folkemengden etter administrativ bydel og alder 2008-2019,2012,Oslo i alt,3-5 år,Personer,23218
EliminatedValue,4,100000,4,0,Folkemengden etter administrativ bydel og alder 2008-2019,2012,Oslo i alt,6-9 år,Personer,25600
EliminatedValue,4,100000,5,0,Folkemengden etter administrativ bydel og alder 2008-2019,2012,Oslo i alt,10-12 år,Personer,17085
EliminatedValue,4,100000,6,0,Folkemengden etter administrativ bydel og alder 2008-2019,2012,Oslo i alt,13-15 år,Personer,16654
EliminatedValue,4,100000,7,0,Folkemengden etter administrativ bydel og alder 2008-2019,2012,Oslo i alt,16-17 år,Personer,11128
EliminatedValue,4,100000,8,0,Folkemengden etter administrativ bydel og alder 2008-2019,2012,Oslo i alt,18-19 år,Personer,11955
EliminatedValue,4,100000,9,0,Folkemengden etter administrativ bydel og alder 2008-2019,2012,Oslo i alt,20-22 år,Personer,25029
EliminatedValue,4,100000,10,0,Folkemengden etter administrativ bydel og alder 2008-2019,2012,Oslo i alt,23-24 år,Personer,19991
EliminatedValue,4,100000,11,0,Folkemengden etter administrativ bydel og alder 2008-2019,2012,Oslo i alt,25-29 år,Personer,63268
EliminatedValue,4,100000,12,0,Folkemengden etter administrativ bydel og alder 2008-2019,2012,Oslo i alt,30-39 år,Personer,115460
EliminatedValue,4,100000,13,0,Folkemengden etter administrativ bydel og alder 2008-2019,2012,Oslo i alt,40-49 år,Personer,84926
EliminatedValue,4,100000,14,0,Folkemengden etter administrativ bydel og alder 2008-2019,2012,Oslo i alt,50-66 år,Personer,105493
EliminatedValue,4,100000,15,0,Folkemengden etter administrativ bydel og alder 2008-2019,2012,Oslo i alt,67-74 år,Personer,28025
EliminatedValue,4,100000,16,0,Folkemengden etter administrativ bydel og alder 2008-2019,2012,Oslo i alt,75-79 år,Personer,11450
EliminatedValue,4,100000,17,0,Folkemengden etter administrativ bydel og alder 2008-2019,2012,Oslo i alt,80-84 år,Personer,10180
EliminatedValue,4,100000,18,0,Folkemengden etter administrativ bydel og alder 2008-2019,2012,Oslo i alt,85-89 år,Personer,7708
EliminatedValue,4,100000,19,0,Folkemengden etter administrativ bydel og alder 2008-2019,2012,Oslo i alt,90 år +,Personer,4788
EliminatedValue,4,1,0,0,Folkemengden etter administrativ bydel og alder 2008-2019,2012,Bydel Gamle Oslo,Alder i alt,Personer,44958
EliminatedValue,4,1,1,0,Folkemengden etter administrativ bydel og alder 2008-2019,2012,Bydel Gamle Oslo,0 år,Personer,929
EliminatedValue,4,1,2,0,Folkemengden etter administrativ bydel og alder 2008-2019,2012,Bydel Gamle Oslo,1-2 år,Personer,1594
EliminatedValue,4,1,3,0,Folkemengden etter administrativ bydel og alder 2008-2019,2012,Bydel Gamle Oslo,3-5 år,Personer,1736
EliminatedValue,4,1,4,0,Folkemengden etter administrativ bydel og alder 2008-2019,2012,Bydel Gamle Oslo,6-9 år,Personer,1474
EliminatedValue,4,1,5,0,Folkemengden etter administrativ bydel og alder 2008-2019,2012,Bydel Gamle Oslo,10-12 år,Personer,853
EliminatedValue,4,1,6,0,Folkemengden etter administrativ bydel og alder 2008-2019,2012,Bydel Gamle Oslo,13-15 år,Personer,800
EliminatedValue,4,1,7,0,Folkemengden etter administrativ bydel og alder 2008-2019,2012,Bydel Gamle Oslo,16-17 år,Personer,520
EliminatedValue,4,1,8,0,Folkemengden etter administrativ bydel og alder 2008-2019,2012,Bydel Gamle Oslo,18-19 år,Personer,667
EliminatedValue,4,1,9,0,Folkemengden etter administrativ bydel og alder 2008-2019,2012,Bydel Gamle Oslo,20-22 år,Personer,1750
EliminatedValue,4,1,10,0,Folkemengden etter administrativ bydel og alder 2008-2019,2012,Bydel Gamle Oslo,23-24 år,Personer,1731
EliminatedValue,4,1,11,0,Folkemengden etter administrativ bydel og alder 2008-2019,2012,Bydel Gamle Oslo,25-29 år,Personer,6308
EliminatedValue,4,1,12,0,Folkemengden etter administrativ bydel og alder 2008-2019,2012,Bydel Gamle Oslo,30-39 år,Personer,12303
EliminatedValue,4,1,13,0,Folkemengden etter administrativ bydel og alder 2008-2019,2012,Bydel Gamle Oslo,40-49 år,Personer,6029
EliminatedValue,4,1,14,0,Folkemengden etter administrativ bydel og alder 2008-2019,2012,Bydel Gamle Oslo,50-66 år,Personer,6034
EliminatedValue,4,1,15,0,Folkemengden etter administrativ bydel og alder 2008-2019,2012,Bydel Gamle Oslo,67-74 år,Personer,1131
EliminatedValue,4,1,16,0,Folkemengden etter administrativ bydel og alder 2008-2019,2012,Bydel Gamle Oslo,75-79 år,Personer,349
EliminatedValue,4,1,17,0,Folkemengden etter administrativ bydel og alder 2008-2019,2012,Bydel Gamle Oslo,80-84 år,Personer,296
EliminatedValue,4,1,18,0,Folkemengden etter administrativ bydel og alder 2008-2019,2012,Bydel Gamle Oslo,85-89 år,Personer,259
EliminatedValue,4,1,19,0,Folkemengden etter administrativ bydel og alder 2008-2019,2012,Bydel Gamle Oslo,90 år +,Personer,195
EliminatedValue,4,2,0,0,Folkemengden etter administrativ bydel og alder 2008-2019,2012,Bydel Grünerløkka,Alder i alt,Personer,49173
EliminatedValue,4,2,1,0,Folkemengden etter administrativ bydel og alder 2008-2019,2012,Bydel Grünerløkka,0 år,Personer,963
EliminatedValue,4,2,2,0,Folkemengden etter administrativ bydel og alder 2008-2019,2012,Bydel Grünerløkka,1-2 år,Personer,1400
EliminatedValue,4,2,3,0,Folkemengden etter administrativ bydel og alder 2008-2019,2012,Bydel Grünerløkka,3-5 år,Personer,1447
EliminatedValue,4,2,4,0,Folkemengden etter administrativ bydel og alder 2008-2019,2012,Bydel Grünerløkka,6-9 år,Personer,1275
EliminatedValue,4,2,5,0,Folkemengden etter administrativ bydel og alder 2008-2019,2012,Bydel Grünerløkka,10-12 år,Personer,693
EliminatedValue,4,2,6,0,Folkemengden etter administrativ bydel og alder 2008-2019,2012,Bydel Grünerløkka,13-15 år,Personer,654
EliminatedValue,4,2,7,0,Folkemengden etter administrativ bydel og alder 2008-2019,2012,Bydel Grünerløkka,16-17 år,Personer,399
EliminatedValue,4,2,8,0,Folkemengden etter administrativ bydel og alder 2008-2019,2012,Bydel Grünerløkka,18-19 år,Personer,679
EliminatedValue,4,2,9,0,Folkemengden etter administrativ bydel og alder 2008-2019,2012,Bydel Grünerløkka,20-22 år,Personer,2597
EliminatedValue,4,2,10,0,Folkemengden etter administrativ bydel og alder 2008-2019,2012,Bydel Grünerløkka,23-24 år,Personer,2369
EliminatedValue,4,2,11,0,Folkemengden etter administrativ bydel og alder 2008-2019,2012,Bydel Grünerløkka,25-29 år,Personer,8824
EliminatedValue,4,2,12,0,Folkemengden etter administrativ bydel og alder 2008-2019,2012,Bydel Grünerløkka,30-39 år,Personer,13693
EliminatedValue,4,2,13,0,Folkemengden etter administrativ bydel og alder 2008-2019,2012,Bydel Grünerløkka,40-49 år,Personer,6105
EliminatedValue,4,2,14,0,Folkemengden etter administrativ bydel og alder 2008-2019,2012,Bydel Grünerløkka,50-66 år,Personer,5687
EliminatedValue,4,2,15,0,Folkemengden etter administrativ bydel og alder 2008-2019,2012,Bydel Grünerløkka,67-74 år,Personer,1125
EliminatedValue,4,2,16,0,Folkemengden etter administrativ bydel og alder 2008-2019,2012,Bydel Grünerløkka,75-79 år,Personer,374
EliminatedValue,4,2,17,0,Folkemengden etter administrativ bydel og alder 2008-2019,2012,Bydel Grünerløkka,80-84 år,Personer,331
EliminatedValue,4,2,18,0,Folkemengden etter administrativ bydel og alder 2008-2019,2012,Bydel Grünerløkka,85-89 år,Personer,310
EliminatedValue,4,2,19,0,Folkemengden etter administrativ bydel og alder 2008-2019,2012,Bydel Grünerløkka,90 år +,Personer,248
EliminatedValue,4,3,0,0,Folkemengden etter administrativ bydel og alder 2008-2019,2012,Bydel Sagene,Alder i alt,Personer,36030
EliminatedValue,4,3,1,0,Folkemengden etter administrativ bydel og alder 2008-2019,2012,Bydel Sagene,0 år,Personer,781
EliminatedValue,4,3,2,0,Folkemengden etter administrativ bydel og alder 2008-2019,2012,Bydel Sagene,1-2 år,Personer,1130
EliminatedValue,4,3,3,0,Folkemengden etter administrativ bydel og alder 2008-2019,2012,Bydel Sagene,3-5 år,Personer,1059
EliminatedValue,4,3,4,0,Folkemengden etter administrativ bydel og alder 2008-2019,2012,Bydel Sagene,6-9 år,Personer,840
EliminatedValue,4,3,5,0,Folkemengden etter administrativ bydel og alder 2008-2019,2012,Bydel Sagene,10-12 år,Personer,426
EliminatedValue,4,3,6,0,Folkemengden etter administrativ bydel og alder 2008-2019,2012,Bydel Sagene,13-15 år,Personer,408
EliminatedValue,4,3,7,0,Folkemengden etter administrativ bydel og alder 2008-2019,2012,Bydel Sagene,16-17 år,Personer,258
EliminatedValue,4,3,8,0,Folkemengden etter administrativ bydel og alder 2008-2019,2012,Bydel Sagene,18-19 år,Personer,381
EliminatedValue,4,3,9,0,Folkemengden etter administrativ bydel og alder 2008-2019,2012,Bydel Sagene,20-22 år,Personer,1458
EliminatedValue,4,3,10,0,Folkemengden etter administrativ bydel og alder 2008-2019,2012,Bydel Sagene,23-24 år,Personer,1513
EliminatedValue,4,3,11,0,Folkemengden etter administrativ bydel og alder 2008-2019,2012,Bydel Sagene,25-29 år,Personer,6474
EliminatedValue,4,3,12,0,Folkemengden etter administrativ bydel og alder 2008-2019,2012,Bydel Sagene,30-39 år,Personer,10091
EliminatedValue,4,3,13,0,Folkemengden etter administrativ bydel og alder 2008-2019,2012,Bydel Sagene,40-49 år,Personer,4448
EliminatedValue,4,3,14,0,Folkemengden etter administrativ bydel og alder 2008-2019,2012,Bydel Sagene,50-66 år,Personer,4459
EliminatedValue,4,3,15,0,Folkemengden etter administrativ bydel og alder 2008-2019,2012,Bydel Sagene,67-74 år,Personer,1038
EliminatedValue,4,3,16,0,Folkemengden etter administrativ bydel og alder 2008-2019,2012,Bydel Sagene,75-79 år,Personer,386
EliminatedValue,4,3,17,0,Folkemengden etter administrativ bydel og alder 2008-2019,2012,Bydel Sagene,80-84 år,Personer,336
EliminatedValue,4,3,18,0,Folkemengden etter administrativ bydel og alder 2008-2019,2012,Bydel Sagene,85-89 år,Personer,302
EliminatedValue,4,3,19,0,Folkemengden etter administrativ bydel og alder 2008-2019,2012,Bydel Sagene,90 år +,Personer,242
EliminatedValue,4,4,0,0,Folkemengden etter administrativ bydel og alder 2008-2019,2012,Bydel St.Hanshaugen,Alder i alt,Personer,35039
EliminatedValue,4,4,1,0,Folkemengden etter administrativ bydel og alder 2008-2019,2012,Bydel St.Hanshaugen,0 år,Personer,566
EliminatedValue,4,4,2,0,Folkemengden etter administrativ bydel og alder 2008-2019,2012,Bydel St.Hanshaugen,1-2 år,Personer,862
EliminatedValue,4,4,3,0,Folkemengden etter administrativ bydel og alder 2008-2019,2012,Bydel St.Hanshaugen,3-5 år,Personer,813
EliminatedValue,4,4,4,0,Folkemengden etter administrativ bydel og alder 2008-2019,2012,Bydel St.Hanshaugen,6-9 år,Personer,713
EliminatedValue,4,4,5,0,Folkemengden etter administrativ bydel og alder 2008-2019,2012,Bydel St.Hanshaugen,10-12 år,Personer,413
EliminatedValue,4,4,6,0,Folkemengden etter administrativ bydel og alder 2008-2019,2012,Bydel St.Hanshaugen,13-15 år,Personer,392
EliminatedValue,4,4,7,0,Folkemengden etter administrativ bydel og alder 2008-2019,2012,Bydel St.Hanshaugen,16-17 år,Personer,289
EliminatedValue,4,4,8,0,Folkemengden etter administrativ bydel og alder 2008-2019,2012,Bydel St.Hanshaugen,18-19 år,Personer,430
EliminatedValue,4,4,9,0,Folkemengden etter administrativ bydel og alder 2008-2019,2012,Bydel St.Hanshaugen,20-22 år,Personer,2085
EliminatedValue,4,4,10,0,Folkemengden etter administrativ bydel og alder 2008-2019,2012,Bydel St.Hanshaugen,23-24 år,Personer,2106
EliminatedValue,4,4,11,0,Folkemengden etter administrativ bydel og alder 2008-2019,2012,Bydel St.Hanshaugen,25-29 år,Personer,6739
EliminatedValue,4,4,12,0,Folkemengden etter administrativ bydel og alder 2008-2019,2012,Bydel St.Hanshaugen,30-39 år,Personer,8911
EliminatedValue,4,4,13,0,Folkemengden etter administrativ bydel og alder 2008-2019,2012,Bydel St.Hanshaugen,40-49 år,Personer,4127
EliminatedValue,4,4,14,0,Folkemengden etter administrativ bydel og alder 2008-2019,2012,Bydel St.Hanshaugen,50-66 år,Personer,4331
EliminatedValue,4,4,15,0,Folkemengden etter administrativ bydel og alder 2008-2019,2012,Bydel St.Hanshaugen,67-74 år,Personer,1082
EliminatedValue,4,4,16,0,Folkemengden etter administrativ bydel og alder 2008-2019,2012,Bydel St.Hanshaugen,75-79 år,Personer,364
EliminatedValue,4,4,17,0,Folkemengden etter administrativ bydel og alder 2008-2019,2012,Bydel St.Hanshaugen,80-84 år,Personer,281
EliminatedValue,4,4,18,0,Folkemengden etter administrativ bydel og alder 2008-2019,2012,Bydel St.Hanshaugen,85-89 år,Personer,299
EliminatedValue,4,4,19,0,Folkemengden etter administrativ bydel og alder 2008-2019,2012,Bydel St.Hanshaugen,90 år +,Personer,236
EliminatedValue,4,5,0,0,Folkemengden etter administrativ bydel og alder 2008-2019,2012,Bydel Frogner,Alder i alt,Personer,52629
EliminatedValue,4,5,1,0,Folkemengden etter administrativ bydel og alder 2008-2019,2012,Bydel Frogner,0 år,Personer,647
EliminatedValue,4,5,2,0,Folkemengden etter administrativ bydel og alder 2008-2019,2012,Bydel Frogner,1-2 år,Personer,1077
EliminatedValue,4,5,3,0,Folkemengden etter administrativ bydel og alder 2008-2019,2012,Bydel Frogner,3-5 år,Personer,1076
EliminatedValue,4,5,4,0,Folkemengden etter administrativ bydel og alder 2008-2019,2012,Bydel Frogner,6-9 år,Personer,1094
EliminatedValue,4,5,5,0,Folkemengden etter administrativ bydel og alder 2008-2019,2012,Bydel Frogner,10-12 år,Personer,687
EliminatedValue,4,5,6,0,Folkemengden etter administrativ bydel og alder 2008-2019,2012,Bydel Frogner,13-15 år,Personer,694
EliminatedValue,4,5,7,0,Folkemengden etter administrativ bydel og alder 2008-2019,2012,Bydel Frogner,16-17 år,Personer,506
EliminatedValue,4,5,8,0,Folkemengden etter administrativ bydel og alder 2008-2019,2012,Bydel Frogner,18-19 år,Personer,689
EliminatedValue,4,5,9,0,Folkemengden etter administrativ bydel og alder 2008-2019,2012,Bydel Frogner,20-22 år,Personer,2839
EliminatedValue,4,5,10,0,Folkemengden etter administrativ bydel og alder 2008-2019,2012,Bydel Frogner,23-24 år,Personer,2632
EliminatedValue,4,5,11,0,Folkemengden etter administrativ bydel og alder 2008-2019,2012,Bydel Frogner,25-29 år,Personer,8401
EliminatedValue,4,5,12,0,Folkemengden etter administrativ bydel og alder 2008-2019,2012,Bydel Frogner,30-39 år,Personer,10732
EliminatedValue,4,5,13,0,Folkemengden etter administrativ bydel og alder 2008-2019,2012,Bydel Frogner,40-49 år,Personer,6228
EliminatedValue,4,5,14,0,Folkemengden etter administrativ bydel og alder 2008-2019,2012,Bydel Frogner,50-66 år,Personer,9218
EliminatedValue,4,5,15,0,Folkemengden etter administrativ bydel og alder 2008-2019,2012,Bydel Frogner,67-74 år,Personer,2937
EliminatedValue,4,5,16,0,Folkemengden etter administrativ bydel og alder 2008-2019,2012,Bydel Frogner,75-79 år,Personer,1031
EliminatedValue,4,5,17,0,Folkemengden etter administrativ bydel og alder 2008-2019,2012,Bydel Frogner,80-84 år,Personer,928
EliminatedValue,4,5,18,0,Folkemengden etter administrativ bydel og alder 2008-2019,2012,Bydel Frogner,85-89 år,Personer,683
EliminatedValue,4,5,19,0,Folkemengden etter administrativ bydel og alder 2008-2019,2012,Bydel Frogner,90 år +,Personer,530
EliminatedValue,4,6,0,0,Folkemengden etter administrativ bydel og alder 2008-2019,2012,Bydel Ullern,Alder i alt,Personer,31192
EliminatedValue,4,6,1,0,Folkemengden etter administrativ bydel og alder 2008-2019,2012,Bydel Ullern,0 år,Personer,469
EliminatedValue,4,6,2,0,Folkemengden etter administrativ bydel og alder 2008-2019,2012,Bydel Ullern,1-2 år,Personer,966
EliminatedValue,4,6,3,0,Folkemengden etter administrativ bydel og alder 2008-2019,2012,Bydel Ullern,3-5 år,Personer,1261
EliminatedValue,4,6,4,0,Folkemengden etter administrativ bydel og alder 2008-2019,2012,Bydel Ullern,6-9 år,Personer,1459
EliminatedValue,4,6,5,0,Folkemengden etter administrativ bydel og alder 2008-2019,2012,Bydel Ullern,10-12 år,Personer,944
EliminatedValue,4,6,6,0,Folkemengden etter administrativ bydel og alder 2008-2019,2012,Bydel Ullern,13-15 år,Personer,900
EliminatedValue,4,6,7,0,Folkemengden etter administrativ bydel og alder 2008-2019,2012,Bydel Ullern,16-17 år,Personer,654
EliminatedValue,4,6,8,0,Folkemengden etter administrativ bydel og alder 2008-2019,2012,Bydel Ullern,18-19 år,Personer,625
EliminatedValue,4,6,9,0,Folkemengden etter administrativ bydel og alder 2008-2019,2012,Bydel Ullern,20-22 år,Personer,895
EliminatedValue,4,6,10,0,Folkemengden etter administrativ bydel og alder 2008-2019,2012,Bydel Ullern,23-24 år,Personer,634
EliminatedValue,4,6,11,0,Folkemengden etter administrativ bydel og alder 2008-2019,2012,Bydel Ullern,25-29 år,Personer,1885
EliminatedValue,4,6,12,0,Folkemengden etter administrativ bydel og alder 2008-2019,2012,Bydel Ullern,30-39 år,Personer,4767
EliminatedValue,4,6,13,0,Folkemengden etter administrativ bydel og alder 2008-2019,2012,Bydel Ullern,40-49 år,Personer,4422
EliminatedValue,4,6,14,0,Folkemengden etter administrativ bydel og alder 2008-2019,2012,Bydel Ullern,50-66 år,Personer,6796
EliminatedValue,4,6,15,0,Folkemengden etter administrativ bydel og alder 2008-2019,2012,Bydel Ullern,67-74 år,Personer,2147
EliminatedValue,4,6,16,0,Folkemengden etter administrativ bydel og alder 2008-2019,2012,Bydel Ullern,75-79 år,Personer,819
EliminatedValue,4,6,17,0,Folkemengden etter administrativ bydel og alder 2008-2019,2012,Bydel Ullern,80-84 år,Personer,662
EliminatedValue,4,6,18,0,Folkemengden etter administrativ bydel og alder 2008-2019,2012,Bydel Ullern,85-89 år,Personer,572
EliminatedValue,4,6,19,0,Folkemengden etter administrativ bydel og alder 2008-2019,2012,Bydel Ullern,90 år +,Personer,315
EliminatedValue,4,7,0,0,Folkemengden etter administrativ bydel og alder 2008-2019,2012,Bydel Vestre Aker,Alder i alt,Personer,46034
EliminatedValue,4,7,1,0,Folkemengden etter administrativ bydel og alder 2008-2019,2012,Bydel Vestre Aker,0 år,Personer,629
EliminatedValue,4,7,2,0,Folkemengden etter administrativ bydel og alder 2008-2019,2012,Bydel Vestre Aker,1-2 år,Personer,1348
EliminatedValue,4,7,3,0,Folkemengden etter administrativ bydel og alder 2008-2019,2012,Bydel Vestre Aker,3-5 år,Personer,2093
EliminatedValue,4,7,4,0,Folkemengden etter administrativ bydel og alder 2008-2019,2012,Bydel Vestre Aker,6-9 år,Personer,2422
EliminatedValue,4,7,5,0,Folkemengden etter administrativ bydel og alder 2008-2019,2012,Bydel Vestre Aker,10-12 år,Personer,1670
EliminatedValue,4,7,6,0,Folkemengden etter administrativ bydel og alder 2008-2019,2012,Bydel Vestre Aker,13-15 år,Personer,1624
EliminatedValue,4,7,7,0,Folkemengden etter administrativ bydel og alder 2008-2019,2012,Bydel Vestre Aker,16-17 år,Personer,1100
EliminatedValue,4,7,8,0,Folkemengden etter administrativ bydel og alder 2008-2019,2012,Bydel Vestre Aker,18-19 år,Personer,1063
EliminatedValue,4,7,9,0,Folkemengden etter administrativ bydel og alder 2008-2019,2012,Bydel Vestre Aker,20-22 år,Personer,1643
EliminatedValue,4,7,10,0,Folkemengden etter administrativ bydel og alder 2008-2019,2012,Bydel Vestre Aker,23-24 år,Personer,1068
EliminatedValue,4,7,11,0,Folkemengden etter administrativ bydel og alder 2008-2019,2012,Bydel Vestre Aker,25-29 år,Personer,2641
EliminatedValue,4,7,12,0,Folkemengden etter administrativ bydel og alder 2008-2019,2012,Bydel Vestre Aker,30-39 år,Personer,6366
EliminatedValue,4,7,13,0,Folkemengden etter administrativ bydel og alder 2008-2019,2012,Bydel Vestre Aker,40-49 år,Personer,6488
EliminatedValue,4,7,14,0,Folkemengden etter administrativ bydel og alder 2008-2019,2012,Bydel Vestre Aker,50-66 år,Personer,9924
EliminatedValue,4,7,15,0,Folkemengden etter administrativ bydel og alder 2008-2019,2012,Bydel Vestre Aker,67-74 år,Personer,2744
EliminatedValue,4,7,16,0,Folkemengden etter administrativ bydel og alder 2008-2019,2012,Bydel Vestre Aker,75-79 år,Personer,992
EliminatedValue,4,7,17,0,Folkemengden etter administrativ bydel og alder 2008-2019,2012,Bydel Vestre Aker,80-84 år,Personer,977
EliminatedValue,4,7,18,0,Folkemengden etter administrativ bydel og alder 2008-2019,2012,Bydel Vestre Aker,85-89 år,Personer,715
EliminatedValue,4,7,19,0,Folkemengden etter administrativ bydel og alder 2008-2019,2012,Bydel Vestre Aker,90 år +,Personer,527
EliminatedValue,4,8,0,0,Folkemengden etter administrativ bydel og alder 2008-2019,2012,Bydel Nordre Aker,Alder i alt,Personer,49297
EliminatedValue,4,8,1,0,Folkemengden etter administrativ bydel og alder 2008-2019,2012,Bydel Nordre Aker,0 år,Personer,744
EliminatedValue,4,8,2,0,Folkemengden etter administrativ bydel og alder 2008-2019,2012,Bydel Nordre Aker,1-2 år,Personer,1508
EliminatedValue,4,8,3,0,Folkemengden etter administrativ bydel og alder 2008-2019,2012,Bydel Nordre Aker,3-5 år,Personer,2072
EliminatedValue,4,8,4,0,Folkemengden etter administrativ bydel og alder 2008-2019,2012,Bydel Nordre Aker,6-9 år,Personer,2532
EliminatedValue,4,8,5,0,Folkemengden etter administrativ bydel og alder 2008-2019,2012,Bydel Nordre Aker,10-12 år,Personer,1670
EliminatedValue,4,8,6,0,Folkemengden etter administrativ bydel og alder 2008-2019,2012,Bydel Nordre Aker,13-15 år,Personer,1648
EliminatedValue,4,8,7,0,Folkemengden etter administrativ bydel og alder 2008-2019,2012,Bydel Nordre Aker,16-17 år,Personer,1041
EliminatedValue,4,8,8,0,Folkemengden etter administrativ bydel og alder 2008-2019,2012,Bydel Nordre Aker,18-19 år,Personer,1085
EliminatedValue,4,8,9,0,Folkemengden etter administrativ bydel og alder 2008-2019,2012,Bydel Nordre Aker,20-22 år,Personer,2309
EliminatedValue,4,8,10,0,Folkemengden etter administrativ bydel og alder 2008-2019,2012,Bydel Nordre Aker,23-24 år,Personer,1635
EliminatedValue,4,8,11,0,Folkemengden etter administrativ bydel og alder 2008-2019,2012,Bydel Nordre Aker,25-29 år,Personer,3793
EliminatedValue,4,8,12,0,Folkemengden etter administrativ bydel og alder 2008-2019,2012,Bydel Nordre Aker,30-39 år,Personer,7472
EliminatedValue,4,8,13,0,Folkemengden etter administrativ bydel og alder 2008-2019,2012,Bydel Nordre Aker,40-49 år,Personer,7317
EliminatedValue,4,8,14,0,Folkemengden etter administrativ bydel og alder 2008-2019,2012,Bydel Nordre Aker,50-66 år,Personer,9053
EliminatedValue,4,8,15,0,Folkemengden etter administrativ bydel og alder 2008-2019,2012,Bydel Nordre Aker,67-74 år,Personer,2295
EliminatedValue,4,8,16,0,Folkemengden etter administrativ bydel og alder 2008-2019,2012,Bydel Nordre Aker,75-79 år,Personer,1024
EliminatedValue,4,8,17,0,Folkemengden etter administrativ bydel og alder 2008-2019,2012,Bydel Nordre Aker,80-84 år,Personer,913
EliminatedValue,4,8,18,0,Folkemengden etter administrativ bydel og alder 2008-2019,2012,Bydel Nordre Aker,85-89 år,Personer,702
EliminatedValue,4,8,19,0,Folkemengden etter administrativ bydel og alder 2008-2019,2012,Bydel Nordre Aker,90 år +,Personer,484
EliminatedValue,4,9,0,0,Folkemengden etter administrativ bydel og alder 2008-2019,2012,Bydel Bjerke,Alder i alt,Personer,29153
EliminatedValue,4,9,1,0,Folkemengden etter administrativ bydel og alder 2008-2019,2012,Bydel Bjerke,0 år,Personer,521
EliminatedValue,4,9,2,0,Folkemengden etter administrativ bydel og alder 2008-2019,2012,Bydel Bjerke,1-2 år,Personer,1107
EliminatedValue,4,9,3,0,Folkemengden etter administrativ bydel og alder 2008-2019,2012,Bydel Bjerke,3-5 år,Personer,1419
EliminatedValue,4,9,4,0,Folkemengden etter administrativ bydel og alder 2008-2019,2012,Bydel Bjerke,6-9 år,Personer,1530
EliminatedValue,4,9,5,0,Folkemengden etter administrativ bydel og alder 2008-2019,2012,Bydel Bjerke,10-12 år,Personer,961
EliminatedValue,4,9,6,0,Folkemengden etter administrativ bydel og alder 2008-2019,2012,Bydel Bjerke,13-15 år,Personer,912
EliminatedValue,4,9,7,0,Folkemengden etter administrativ bydel og alder 2008-2019,2012,Bydel Bjerke,16-17 år,Personer,553
EliminatedValue,4,9,8,0,Folkemengden etter administrativ bydel og alder 2008-2019,2012,Bydel Bjerke,18-19 år,Personer,547
EliminatedValue,4,9,9,0,Folkemengden etter administrativ bydel og alder 2008-2019,2012,Bydel Bjerke,20-22 år,Personer,999
EliminatedValue,4,9,10,0,Folkemengden etter administrativ bydel og alder 2008-2019,2012,Bydel Bjerke,23-24 år,Personer,794
EliminatedValue,4,9,11,0,Folkemengden etter administrativ bydel og alder 2008-2019,2012,Bydel Bjerke,25-29 år,Personer,2367
EliminatedValue,4,9,12,0,Folkemengden etter administrativ bydel og alder 2008-2019,2012,Bydel Bjerke,30-39 år,Personer,5374
EliminatedValue,4,9,13,0,Folkemengden etter administrativ bydel og alder 2008-2019,2012,Bydel Bjerke,40-49 år,Personer,4329
EliminatedValue,4,9,14,0,Folkemengden etter administrativ bydel og alder 2008-2019,2012,Bydel Bjerke,50-66 år,Personer,4651
EliminatedValue,4,9,15,0,Folkemengden etter administrativ bydel og alder 2008-2019,2012,Bydel Bjerke,67-74 år,Personer,1203
EliminatedValue,4,9,16,0,Folkemengden etter administrativ bydel og alder 2008-2019,2012,Bydel Bjerke,75-79 år,Personer,580
EliminatedValue,4,9,17,0,Folkemengden etter administrativ bydel og alder 2008-2019,2012,Bydel Bjerke,80-84 år,Personer,585
EliminatedValue,4,9,18,0,Folkemengden etter administrativ bydel og alder 2008-2019,2012,Bydel Bjerke,85-89 år,Personer,487
EliminatedValue,4,9,19,0,Folkemengden etter administrativ bydel og alder 2008-2019,2012,Bydel Bjerke,90 år +,Personer,234
EliminatedValue,4,10,0,0,Folkemengden etter administrativ bydel og alder 2008-2019,2012,Bydel Grorud,Alder i alt,Personer,26730
EliminatedValue,4,10,1,0,Folkemengden etter administrativ bydel og alder 2008-2019,2012,Bydel Grorud,0 år,Personer,423
EliminatedValue,4,10,2,0,Folkemengden etter administrativ bydel og alder 2008-2019,2012,Bydel Grorud,1-2 år,Personer,822
EliminatedValue,4,10,3,0,Folkemengden etter administrativ bydel og alder 2008-2019,2012,Bydel Grorud,3-5 år,Personer,1146
EliminatedValue,4,10,4,0,Folkemengden etter administrativ bydel og alder 2008-2019,2012,Bydel Grorud,6-9 år,Personer,1301
EliminatedValue,4,10,5,0,Folkemengden etter administrativ bydel og alder 2008-2019,2012,Bydel Grorud,10-12 år,Personer,939
EliminatedValue,4,10,6,0,Folkemengden etter administrativ bydel og alder 2008-2019,2012,Bydel Grorud,13-15 år,Personer,995
EliminatedValue,4,10,7,0,Folkemengden etter administrativ bydel og alder 2008-2019,2012,Bydel Grorud,16-17 år,Personer,654
EliminatedValue,4,10,8,0,Folkemengden etter administrativ bydel og alder 2008-2019,2012,Bydel Grorud,18-19 år,Personer,631
EliminatedValue,4,10,9,0,Folkemengden etter administrativ bydel og alder 2008-2019,2012,Bydel Grorud,20-22 år,Personer,930
EliminatedValue,4,10,10,0,Folkemengden etter administrativ bydel og alder 2008-2019,2012,Bydel Grorud,23-24 år,Personer,672
EliminatedValue,4,10,11,0,Folkemengden etter administrativ bydel og alder 2008-2019,2012,Bydel Grorud,25-29 år,Personer,1929
EliminatedValue,4,10,12,0,Folkemengden etter administrativ bydel og alder 2008-2019,2012,Bydel Grorud,30-39 år,Personer,4185
EliminatedValue,4,10,13,0,Folkemengden etter administrativ bydel og alder 2008-2019,2012,Bydel Grorud,40-49 år,Personer,4136
EliminatedValue,4,10,14,0,Folkemengden etter administrativ bydel og alder 2008-2019,2012,Bydel Grorud,50-66 år,Personer,4884
EliminatedValue,4,10,15,0,Folkemengden etter administrativ bydel og alder 2008-2019,2012,Bydel Grorud,67-74 år,Personer,1387
EliminatedValue,4,10,16,0,Folkemengden etter administrativ bydel og alder 2008-2019,2012,Bydel Grorud,75-79 år,Personer,658
EliminatedValue,4,10,17,0,Folkemengden etter administrativ bydel og alder 2008-2019,2012,Bydel Grorud,80-84 år,Personer,515
EliminatedValue,4,10,18,0,Folkemengden etter administrativ bydel og alder 2008-2019,2012,Bydel Grorud,85-89 år,Personer,352
EliminatedValue,4,10,19,0,Folkemengden etter administrativ bydel og alder 2008-2019,2012,Bydel Grorud,90 år +,Personer,171
EliminatedValue,4,11,0,0,Folkemengden etter administrativ bydel og alder 2008-2019,2012,Bydel Stovner,Alder i alt,Personer,30570
EliminatedValue,4,11,1,0,Folkemengden etter administrativ bydel og alder 2008-2019,2012,Bydel Stovner,0 år,Personer,387
EliminatedValue,4,11,2,0,Folkemengden etter administrativ bydel og alder 2008-2019,2012,Bydel Stovner,1-2 år,Personer,844
EliminatedValue,4,11,3,0,Folkemengden etter administrativ bydel og alder 2008-2019,2012,Bydel Stovner,3-5 år,Personer,1286
EliminatedValue,4,11,4,0,Folkemengden etter administrativ bydel og alder 2008-2019,2012,Bydel Stovner,6-9 år,Personer,1655
EliminatedValue,4,11,5,0,Folkemengden etter administrativ bydel og alder 2008-2019,2012,Bydel Stovner,10-12 år,Personer,1271
EliminatedValue,4,11,6,0,Folkemengden etter administrativ bydel og alder 2008-2019,2012,Bydel Stovner,13-15 år,Personer,1301
EliminatedValue,4,11,7,0,Folkemengden etter administrativ bydel og alder 2008-2019,2012,Bydel Stovner,16-17 år,Personer,836
EliminatedValue,4,11,8,0,Folkemengden etter administrativ bydel og alder 2008-2019,2012,Bydel Stovner,18-19 år,Personer,812
EliminatedValue,4,11,9,0,Folkemengden etter administrativ bydel og alder 2008-2019,2012,Bydel Stovner,20-22 år,Personer,1191
EliminatedValue,4,11,10,0,Folkemengden etter administrativ bydel og alder 2008-2019,2012,Bydel Stovner,23-24 år,Personer,769
EliminatedValue,4,11,11,0,Folkemengden etter administrativ bydel og alder 2008-2019,2012,Bydel Stovner,25-29 år,Personer,1873
EliminatedValue,4,11,12,0,Folkemengden etter administrativ bydel og alder 2008-2019,2012,Bydel Stovner,30-39 år,Personer,3979
EliminatedValue,4,11,13,0,Folkemengden etter administrativ bydel og alder 2008-2019,2012,Bydel Stovner,40-49 år,Personer,4621
EliminatedValue,4,11,14,0,Folkemengden etter administrativ bydel og alder 2008-2019,2012,Bydel Stovner,50-66 år,Personer,6072
EliminatedValue,4,11,15,0,Folkemengden etter administrativ bydel og alder 2008-2019,2012,Bydel Stovner,67-74 år,Personer,2052
EliminatedValue,4,11,16,0,Folkemengden etter administrativ bydel og alder 2008-2019,2012,Bydel Stovner,75-79 år,Personer,704
EliminatedValue,4,11,17,0,Folkemengden etter administrativ bydel og alder 2008-2019,2012,Bydel Stovner,80-84 år,Personer,493
EliminatedValue,4,11,18,0,Folkemengden etter administrativ bydel og alder 2008-2019,2012,Bydel Stovner,85-89 år,Personer,294
EliminatedValue,4,11,19,0,Folkemengden etter administrativ bydel og alder 2008-2019,2012,Bydel Stovner,90 år +,Personer,130
EliminatedValue,4,12,0,0,Folkemengden etter administrativ bydel og alder 2008-2019,2012,Bydel Alna,Alder i alt,Personer,47723
EliminatedValue,4,12,1,0,Folkemengden etter administrativ bydel og alder 2008-2019,2012,Bydel Alna,0 år,Personer,755
EliminatedValue,4,12,2,0,Folkemengden etter administrativ bydel og alder 2008-2019,2012,Bydel Alna,1-2 år,Personer,1464
EliminatedValue,4,12,3,0,Folkemengden etter administrativ bydel og alder 2008-2019,2012,Bydel Alna,3-5 år,Personer,2031
EliminatedValue,4,12,4,0,Folkemengden etter administrativ bydel og alder 2008-2019,2012,Bydel Alna,6-9 år,Personer,2328
EliminatedValue,4,12,5,0,Folkemengden etter administrativ bydel og alder 2008-2019,2012,Bydel Alna,10-12 år,Personer,1685
EliminatedValue,4,12,6,0,Folkemengden etter administrativ bydel og alder 2008-2019,2012,Bydel Alna,13-15 år,Personer,1582
EliminatedValue,4,12,7,0,Folkemengden etter administrativ bydel og alder 2008-2019,2012,Bydel Alna,16-17 år,Personer,1048
EliminatedValue,4,12,8,0,Folkemengden etter administrativ bydel og alder 2008-2019,2012,Bydel Alna,18-19 år,Personer,1097
EliminatedValue,4,12,9,0,Folkemengden etter administrativ bydel og alder 2008-2019,2012,Bydel Alna,20-22 år,Personer,1664
EliminatedValue,4,12,10,0,Folkemengden etter administrativ bydel og alder 2008-2019,2012,Bydel Alna,23-24 år,Personer,1178
EliminatedValue,4,12,11,0,Folkemengden etter administrativ bydel og alder 2008-2019,2012,Bydel Alna,25-29 år,Personer,3854
EliminatedValue,4,12,12,0,Folkemengden etter administrativ bydel og alder 2008-2019,2012,Bydel Alna,30-39 år,Personer,7873
EliminatedValue,4,12,13,0,Folkemengden etter administrativ bydel og alder 2008-2019,2012,Bydel Alna,40-49 år,Personer,6778
EliminatedValue,4,12,14,0,Folkemengden etter administrativ bydel og alder 2008-2019,2012,Bydel Alna,50-66 år,Personer,9205
EliminatedValue,4,12,15,0,Folkemengden etter administrativ bydel og alder 2008-2019,2012,Bydel Alna,67-74 år,Personer,2469
EliminatedValue,4,12,16,0,Folkemengden etter administrativ bydel og alder 2008-2019,2012,Bydel Alna,75-79 år,Personer,1006
EliminatedValue,4,12,17,0,Folkemengden etter administrativ bydel og alder 2008-2019,2012,Bydel Alna,80-84 år,Personer,832
EliminatedValue,4,12,18,0,Folkemengden etter administrativ bydel og alder 2008-2019,2012,Bydel Alna,85-89 år,Personer,566
EliminatedValue,4,12,19,0,Folkemengden etter administrativ bydel og alder 2008-2019,2012,Bydel Alna,90 år +,Personer,308
EliminatedValue,4,13,0,0,Folkemengden etter administrativ bydel og alder 2008-2019,2012,Bydel Østensjø,Alder i alt,Personer,47282
EliminatedValue,4,13,1,0,Folkemengden etter administrativ bydel og alder 2008-2019,2012,Bydel Østensjø,0 år,Personer,673
EliminatedValue,4,13,2,0,Folkemengden etter administrativ bydel og alder 2008-2019,2012,Bydel Østensjø,1-2 år,Personer,1523
EliminatedValue,4,13,3,0,Folkemengden etter administrativ bydel og alder 2008-2019,2012,Bydel Østensjø,3-5 år,Personer,2047
EliminatedValue,4,13,4,0,Folkemengden etter administrativ bydel og alder 2008-2019,2012,Bydel Østensjø,6-9 år,Personer,2331
EliminatedValue,4,13,5,0,Folkemengden etter administrativ bydel og alder 2008-2019,2012,Bydel Østensjø,10-12 år,Personer,1604
EliminatedValue,4,13,6,0,Folkemengden etter administrativ bydel og alder 2008-2019,2012,Bydel Østensjø,13-15 år,Personer,1501
EliminatedValue,4,13,7,0,Folkemengden etter administrativ bydel og alder 2008-2019,2012,Bydel Østensjø,16-17 år,Personer,1019
EliminatedValue,4,13,8,0,Folkemengden etter administrativ bydel og alder 2008-2019,2012,Bydel Østensjø,18-19 år,Personer,995
EliminatedValue,4,13,9,0,Folkemengden etter administrativ bydel og alder 2008-2019,2012,Bydel Østensjø,20-22 år,Personer,1472
EliminatedValue,4,13,10,0,Folkemengden etter administrativ bydel og alder 2008-2019,2012,Bydel Østensjø,23-24 år,Personer,941
EliminatedValue,4,13,11,0,Folkemengden etter administrativ bydel og alder 2008-2019,2012,Bydel Østensjø,25-29 år,Personer,3026
EliminatedValue,4,13,12,0,Folkemengden etter administrativ bydel og alder 2008-2019,2012,Bydel Østensjø,30-39 år,Personer,7520
EliminatedValue,4,13,13,0,Folkemengden etter administrativ bydel og alder 2008-2019,2012,Bydel Østensjø,40-49 år,Personer,7391
EliminatedValue,4,13,14,0,Folkemengden etter administrativ bydel og alder 2008-2019,2012,Bydel Østensjø,50-66 år,Personer,8227
EliminatedValue,4,13,15,0,Folkemengden etter administrativ bydel og alder 2008-2019,2012,Bydel Østensjø,67-74 år,Personer,2434
EliminatedValue,4,13,16,0,Folkemengden etter administrativ bydel og alder 2008-2019,2012,Bydel Østensjø,75-79 år,Personer,1566
EliminatedValue,4,13,17,0,Folkemengden etter administrativ bydel og alder 2008-2019,2012,Bydel Østensjø,80-84 år,Personer,1524
EliminatedValue,4,13,18,0,Folkemengden etter administrativ bydel og alder 2008-2019,2012,Bydel Østensjø,85-89 år,Personer,998
EliminatedValue,4,13,19,0,Folkemengden etter administrativ bydel og alder 2008-2019,2012,Bydel Østensjø,90 år +,Personer,490
EliminatedValue,4,14,0,0,Folkemengden etter administrativ bydel og alder 2008-2019,2012,Bydel Nordstrand,Alder i alt,Personer,47716
EliminatedValue,4,14,1,0,Folkemengden etter administrativ bydel og alder 2008-2019,2012,Bydel Nordstrand,0 år,Personer,655
EliminatedValue,4,14,2,0,Folkemengden etter administrativ bydel og alder 2008-2019,2012,Bydel Nordstrand,1-2 år,Personer,1356
EliminatedValue,4,14,3,0,Folkemengden etter administrativ bydel og alder 2008-2019,2012,Bydel Nordstrand,3-5 år,Personer,2021
EliminatedValue,4,14,4,0,Folkemengden etter administrativ bydel og alder 2008-2019,2012,Bydel Nordstrand,6-9 år,Personer,2418
EliminatedValue,4,14,5,0,Folkemengden etter administrativ bydel og alder 2008-2019,2012,Bydel Nordstrand,10-12 år,Personer,1672
EliminatedValue,4,14,6,0,Folkemengden etter administrativ bydel og alder 2008-2019,2012,Bydel Nordstrand,13-15 år,Personer,1619
EliminatedValue,4,14,7,0,Folkemengden etter administrativ bydel og alder 2008-2019,2012,Bydel Nordstrand,16-17 år,Personer,1096
EliminatedValue,4,14,8,0,Folkemengden etter administrativ bydel og alder 2008-2019,2012,Bydel Nordstrand,18-19 år,Personer,1098
EliminatedValue,4,14,9,0,Folkemengden etter administrativ bydel og alder 2008-2019,2012,Bydel Nordstrand,20-22 år,Personer,1622
EliminatedValue,4,14,10,0,Folkemengden etter administrativ bydel og alder 2008-2019,2012,Bydel Nordstrand,23-24 år,Personer,992
EliminatedValue,4,14,11,0,Folkemengden etter administrativ bydel og alder 2008-2019,2012,Bydel Nordstrand,25-29 år,Personer,2736
EliminatedValue,4,14,12,0,Folkemengden etter administrativ bydel og alder 2008-2019,2012,Bydel Nordstrand,30-39 år,Personer,6991
EliminatedValue,4,14,13,0,Folkemengden etter administrativ bydel og alder 2008-2019,2012,Bydel Nordstrand,40-49 år,Personer,7123
EliminatedValue,4,14,14,0,Folkemengden etter administrativ bydel og alder 2008-2019,2012,Bydel Nordstrand,50-66 år,Personer,9666
EliminatedValue,4,14,15,0,Folkemengden etter administrativ bydel og alder 2008-2019,2012,Bydel Nordstrand,67-74 år,Personer,2666
EliminatedValue,4,14,16,0,Folkemengden etter administrativ bydel og alder 2008-2019,2012,Bydel Nordstrand,75-79 år,Personer,1205
EliminatedValue,4,14,17,0,Folkemengden etter administrativ bydel og alder 2008-2019,2012,Bydel Nordstrand,80-84 år,Personer,1203
EliminatedValue,4,14,18,0,Folkemengden etter administrativ bydel og alder 2008-2019,2012,Bydel Nordstrand,85-89 år,Personer,995
EliminatedValue,4,14,19,0,Folkemengden etter administrativ bydel og alder 2008-2019,2012,Bydel Nordstrand,90 år +,Personer,582
EliminatedValue,4,15,0,0,Folkemengden etter administrativ bydel og alder 2008-2019,2012,Bydel Søndre Nordstrand,Alder i alt,Personer,36332
EliminatedValue,4,15,1,0,Folkemengden etter administrativ bydel og alder 2008-2019,2012,Bydel Søndre Nordstrand,0 år,Personer,563
EliminatedValue,4,15,2,0,Folkemengden etter administrativ bydel og alder 2008-2019,2012,Bydel Søndre Nordstrand,1-2 år,Personer,1194
EliminatedValue,4,15,3,0,Folkemengden etter administrativ bydel og alder 2008-2019,2012,Bydel Søndre Nordstrand,3-5 år,Personer,1711
EliminatedValue,4,15,4,0,Folkemengden etter administrativ bydel og alder 2008-2019,2012,Bydel Søndre Nordstrand,6-9 år,Personer,2228
EliminatedValue,4,15,5,0,Folkemengden etter administrativ bydel og alder 2008-2019,2012,Bydel Søndre Nordstrand,10-12 år,Personer,1597
EliminatedValue,4,15,6,0,Folkemengden etter administrativ bydel og alder 2008-2019,2012,Bydel Søndre Nordstrand,13-15 år,Personer,1624
EliminatedValue,4,15,7,0,Folkemengden etter administrativ bydel og alder 2008-2019,2012,Bydel Søndre Nordstrand,16-17 år,Personer,1155
EliminatedValue,4,15,8,0,Folkemengden etter administrativ bydel og alder 2008-2019,2012,Bydel Søndre Nordstrand,18-19 år,Personer,1156
EliminatedValue,4,15,9,0,Folkemengden etter administrativ bydel og alder 2008-2019,2012,Bydel Søndre Nordstrand,20-22 år,Personer,1575
EliminatedValue,4,15,10,0,Folkemengden etter administrativ bydel og alder 2008-2019,2012,Bydel Søndre Nordstrand,23-24 år,Personer,957
EliminatedValue,4,15,11,0,Folkemengden etter administrativ bydel og alder 2008-2019,2012,Bydel Søndre Nordstrand,25-29 år,Personer,2418
EliminatedValue,4,15,12,0,Folkemengden etter administrativ bydel og alder 2008-2019,2012,Bydel Søndre Nordstrand,30-39 år,Personer,5203
EliminatedValue,4,15,13,0,Folkemengden etter administrativ bydel og alder 2008-2019,2012,Bydel Søndre Nordstrand,40-49 år,Personer,5384
EliminatedValue,4,15,14,0,Folkemengden etter administrativ bydel og alder 2008-2019,2012,Bydel Søndre Nordstrand,50-66 år,Personer,7286
EliminatedValue,4,15,15,0,Folkemengden etter administrativ bydel og alder 2008-2019,2012,Bydel Søndre Nordstrand,67-74 år,Personer,1315
EliminatedValue,4,15,16,0,Folkemengden etter administrativ bydel og alder 2008-2019,2012,Bydel Søndre Nordstrand,75-79 år,Personer,392
EliminatedValue,4,15,17,0,Folkemengden etter administrativ bydel og alder 2008-2019,2012,Bydel Søndre Nordstrand,80-84 år,Personer,304
EliminatedValue,4,15,18,0,Folkemengden etter administrativ bydel og alder 2008-2019,2012,Bydel Søndre Nordstrand,85-89 år,Personer,174
EliminatedValue,4,15,19,0,Folkemengden etter administrativ bydel og alder 2008-2019,2012,Bydel Søndre Nordstrand,90 år +,Personer,96
EliminatedValue,5,100000,0,0,Folkemengden etter administrativ bydel og alder 2008-2019,2013,Oslo i alt,Alder i alt,Personer,618807
EliminatedValue,5,100000,1,0,Folkemengden etter administrativ bydel og alder 2008-2019,2013,Oslo i alt,0 år,Personer,9774
EliminatedValue,5,100000,2,0,Folkemengden etter administrativ bydel og alder 2008-2019,2013,Oslo i alt,1-2 år,Personer,17940
EliminatedValue,5,100000,3,0,Folkemengden etter administrativ bydel og alder 2008-2019,2013,Oslo i alt,3-5 år,Personer,23750
EliminatedValue,5,100000,4,0,Folkemengden etter administrativ bydel og alder 2008-2019,2013,Oslo i alt,6-9 år,Personer,26456
EliminatedValue,5,100000,5,0,Folkemengden etter administrativ bydel og alder 2008-2019,2013,Oslo i alt,10-12 år,Personer,17304
EliminatedValue,5,100000,6,0,Folkemengden etter administrativ bydel og alder 2008-2019,2013,Oslo i alt,13-15 år,Personer,16685
EliminatedValue,5,100000,7,0,Folkemengden etter administrativ bydel og alder 2008-2019,2013,Oslo i alt,16-17 år,Personer,11429
EliminatedValue,5,100000,8,0,Folkemengden etter administrativ bydel og alder 2008-2019,2013,Oslo i alt,18-19 år,Personer,11942
EliminatedValue,5,100000,9,0,Folkemengden etter administrativ bydel og alder 2008-2019,2013,Oslo i alt,20-22 år,Personer,24951
EliminatedValue,5,100000,10,0,Folkemengden etter administrativ bydel og alder 2008-2019,2013,Oslo i alt,23-24 år,Personer,20921
EliminatedValue,5,100000,11,0,Folkemengden etter administrativ bydel og alder 2008-2019,2013,Oslo i alt,25-29 år,Personer,64776
EliminatedValue,5,100000,12,0,Folkemengden etter administrativ bydel og alder 2008-2019,2013,Oslo i alt,30-39 år,Personer,116360
EliminatedValue,5,100000,13,0,Folkemengden etter administrativ bydel og alder 2008-2019,2013,Oslo i alt,40-49 år,Personer,86372
EliminatedValue,5,100000,14,0,Folkemengden etter administrativ bydel og alder 2008-2019,2013,Oslo i alt,50-66 år,Personer,106531
EliminatedValue,5,100000,15,0,Folkemengden etter administrativ bydel og alder 2008-2019,2013,Oslo i alt,67-74 år,Personer,29935
EliminatedValue,5,100000,16,0,Folkemengden etter administrativ bydel og alder 2008-2019,2013,Oslo i alt,75-79 år,Personer,11380
EliminatedValue,5,100000,17,0,Folkemengden etter administrativ bydel og alder 2008-2019,2013,Oslo i alt,80-84 år,Personer,10173
EliminatedValue,5,100000,18,0,Folkemengden etter administrativ bydel og alder 2008-2019,2013,Oslo i alt,85-89 år,Personer,7330
EliminatedValue,5,100000,19,0,Folkemengden etter administrativ bydel og alder 2008-2019,2013,Oslo i alt,90 år +,Personer,4798
EliminatedValue,5,1,0,0,Folkemengden etter administrativ bydel og alder 2008-2019,2013,Bydel Gamle Oslo,Alder i alt,Personer,46283
EliminatedValue,5,1,1,0,Folkemengden etter administrativ bydel og alder 2008-2019,2013,Bydel Gamle Oslo,0 år,Personer,945
EliminatedValue,5,1,2,0,Folkemengden etter administrativ bydel og alder 2008-2019,2013,Bydel Gamle Oslo,1-2 år,Personer,1604
EliminatedValue,5,1,3,0,Folkemengden etter administrativ bydel og alder 2008-2019,2013,Bydel Gamle Oslo,3-5 år,Personer,1815
EliminatedValue,5,1,4,0,Folkemengden etter administrativ bydel og alder 2008-2019,2013,Bydel Gamle Oslo,6-9 år,Personer,1593
EliminatedValue,5,1,5,0,Folkemengden etter administrativ bydel og alder 2008-2019,2013,Bydel Gamle Oslo,10-12 år,Personer,874
EliminatedValue,5,1,6,0,Folkemengden etter administrativ bydel og alder 2008-2019,2013,Bydel Gamle Oslo,13-15 år,Personer,800
EliminatedValue,5,1,7,0,Folkemengden etter administrativ bydel og alder 2008-2019,2013,Bydel Gamle Oslo,16-17 år,Personer,534
EliminatedValue,5,1,8,0,Folkemengden etter administrativ bydel og alder 2008-2019,2013,Bydel Gamle Oslo,18-19 år,Personer,657
EliminatedValue,5,1,9,0,Folkemengden etter administrativ bydel og alder 2008-2019,2013,Bydel Gamle Oslo,20-22 år,Personer,1748
EliminatedValue,5,1,10,0,Folkemengden etter administrativ bydel og alder 2008-2019,2013,Bydel Gamle Oslo,23-24 år,Personer,1835
EliminatedValue,5,1,11,0,Folkemengden etter administrativ bydel og alder 2008-2019,2013,Bydel Gamle Oslo,25-29 år,Personer,6510
EliminatedValue,5,1,12,0,Folkemengden etter administrativ bydel og alder 2008-2019,2013,Bydel Gamle Oslo,30-39 år,Personer,12482
EliminatedValue,5,1,13,0,Folkemengden etter administrativ bydel og alder 2008-2019,2013,Bydel Gamle Oslo,40-49 år,Personer,6271
EliminatedValue,5,1,14,0,Folkemengden etter administrativ bydel og alder 2008-2019,2013,Bydel Gamle Oslo,50-66 år,Personer,6254
EliminatedValue,5,1,15,0,Folkemengden etter administrativ bydel og alder 2008-2019,2013,Bydel Gamle Oslo,67-74 år,Personer,1274
EliminatedValue,5,1,16,0,Folkemengden etter administrativ bydel og alder 2008-2019,2013,Bydel Gamle Oslo,75-79 år,Personer,359
EliminatedValue,5,1,17,0,Folkemengden etter administrativ bydel og alder 2008-2019,2013,Bydel Gamle Oslo,80-84 år,Personer,296
EliminatedValue,5,1,18,0,Folkemengden etter administrativ bydel og alder 2008-2019,2013,Bydel Gamle Oslo,85-89 år,Personer,238
EliminatedValue,5,1,19,0,Folkemengden etter administrativ bydel og alder 2008-2019,2013,Bydel Gamle Oslo,90 år +,Personer,194
EliminatedValue,5,2,0,0,Folkemengden etter administrativ bydel og alder 2008-2019,2013,Bydel Grünerløkka,Alder i alt,Personer,50366
EliminatedValue,5,2,1,0,Folkemengden etter administrativ bydel og alder 2008-2019,2013,Bydel Grünerløkka,0 år,Personer,979
EliminatedValue,5,2,2,0,Folkemengden etter administrativ bydel og alder 2008-2019,2013,Bydel Grünerløkka,1-2 år,Personer,1484
EliminatedValue,5,2,3,0,Folkemengden etter administrativ bydel og alder 2008-2019,2013,Bydel Grünerløkka,3-5 år,Personer,1452
EliminatedValue,5,2,4,0,Folkemengden etter administrativ bydel og alder 2008-2019,2013,Bydel Grünerløkka,6-9 år,Personer,1351
EliminatedValue,5,2,5,0,Folkemengden etter administrativ bydel og alder 2008-2019,2013,Bydel Grünerløkka,10-12 år,Personer,741
EliminatedValue,5,2,6,0,Folkemengden etter administrativ bydel og alder 2008-2019,2013,Bydel Grünerløkka,13-15 år,Personer,604
EliminatedValue,5,2,7,0,Folkemengden etter administrativ bydel og alder 2008-2019,2013,Bydel Grünerløkka,16-17 år,Personer,473
EliminatedValue,5,2,8,0,Folkemengden etter administrativ bydel og alder 2008-2019,2013,Bydel Grünerløkka,18-19 år,Personer,635
EliminatedValue,5,2,9,0,Folkemengden etter administrativ bydel og alder 2008-2019,2013,Bydel Grünerløkka,20-22 år,Personer,2548
EliminatedValue,5,2,10,0,Folkemengden etter administrativ bydel og alder 2008-2019,2013,Bydel Grünerløkka,23-24 år,Personer,2556
EliminatedValue,5,2,11,0,Folkemengden etter administrativ bydel og alder 2008-2019,2013,Bydel Grünerløkka,25-29 år,Personer,9110
EliminatedValue,5,2,12,0,Folkemengden etter administrativ bydel og alder 2008-2019,2013,Bydel Grünerløkka,30-39 år,Personer,13849
EliminatedValue,5,2,13,0,Folkemengden etter administrativ bydel og alder 2008-2019,2013,Bydel Grünerløkka,40-49 år,Personer,6332
EliminatedValue,5,2,14,0,Folkemengden etter administrativ bydel og alder 2008-2019,2013,Bydel Grünerløkka,50-66 år,Personer,5844
EliminatedValue,5,2,15,0,Folkemengden etter administrativ bydel og alder 2008-2019,2013,Bydel Grünerløkka,67-74 år,Personer,1217
EliminatedValue,5,2,16,0,Folkemengden etter administrativ bydel og alder 2008-2019,2013,Bydel Grünerløkka,75-79 år,Personer,370
EliminatedValue,5,2,17,0,Folkemengden etter administrativ bydel og alder 2008-2019,2013,Bydel Grünerløkka,80-84 år,Personer,327
EliminatedValue,5,2,18,0,Folkemengden etter administrativ bydel og alder 2008-2019,2013,Bydel Grünerløkka,85-89 år,Personer,247
EliminatedValue,5,2,19,0,Folkemengden etter administrativ bydel og alder 2008-2019,2013,Bydel Grünerløkka,90 år +,Personer,247
EliminatedValue,5,3,0,0,Folkemengden etter administrativ bydel og alder 2008-2019,2013,Bydel Sagene,Alder i alt,Personer,37076
EliminatedValue,5,3,1,0,Folkemengden etter administrativ bydel og alder 2008-2019,2013,Bydel Sagene,0 år,Personer,782
EliminatedValue,5,3,2,0,Folkemengden etter administrativ bydel og alder 2008-2019,2013,Bydel Sagene,1-2 år,Personer,1176
EliminatedValue,5,3,3,0,Folkemengden etter administrativ bydel og alder 2008-2019,2013,Bydel Sagene,3-5 år,Personer,1088
EliminatedValue,5,3,4,0,Folkemengden etter administrativ bydel og alder 2008-2019,2013,Bydel Sagene,6-9 år,Personer,878
EliminatedValue,5,3,5,0,Folkemengden etter administrativ bydel og alder 2008-2019,2013,Bydel Sagene,10-12 år,Personer,457
EliminatedValue,5,3,6,0,Folkemengden etter administrativ bydel og alder 2008-2019,2013,Bydel Sagene,13-15 år,Personer,398
EliminatedValue,5,3,7,0,Folkemengden etter administrativ bydel og alder 2008-2019,2013,Bydel Sagene,16-17 år,Personer,258
EliminatedValue,5,3,8,0,Folkemengden etter administrativ bydel og alder 2008-2019,2013,Bydel Sagene,18-19 år,Personer,382
EliminatedValue,5,3,9,0,Folkemengden etter administrativ bydel og alder 2008-2019,2013,Bydel Sagene,20-22 år,Personer,1564
EliminatedValue,5,3,10,0,Folkemengden etter administrativ bydel og alder 2008-2019,2013,Bydel Sagene,23-24 år,Personer,1699
EliminatedValue,5,3,11,0,Folkemengden etter administrativ bydel og alder 2008-2019,2013,Bydel Sagene,25-29 år,Personer,6715
EliminatedValue,5,3,12,0,Folkemengden etter administrativ bydel og alder 2008-2019,2013,Bydel Sagene,30-39 år,Personer,10270
EliminatedValue,5,3,13,0,Folkemengden etter administrativ bydel og alder 2008-2019,2013,Bydel Sagene,40-49 år,Personer,4520
EliminatedValue,5,3,14,0,Folkemengden etter administrativ bydel og alder 2008-2019,2013,Bydel Sagene,50-66 år,Personer,4541
EliminatedValue,5,3,15,0,Folkemengden etter administrativ bydel og alder 2008-2019,2013,Bydel Sagene,67-74 år,Personer,1146
EliminatedValue,5,3,16,0,Folkemengden etter administrativ bydel og alder 2008-2019,2013,Bydel Sagene,75-79 år,Personer,368
EliminatedValue,5,3,17,0,Folkemengden etter administrativ bydel og alder 2008-2019,2013,Bydel Sagene,80-84 år,Personer,334
EliminatedValue,5,3,18,0,Folkemengden etter administrativ bydel og alder 2008-2019,2013,Bydel Sagene,85-89 år,Personer,258
EliminatedValue,5,3,19,0,Folkemengden etter administrativ bydel og alder 2008-2019,2013,Bydel Sagene,90 år +,Personer,242
EliminatedValue,5,4,0,0,Folkemengden etter administrativ bydel og alder 2008-2019,2013,Bydel St.Hanshaugen,Alder i alt,Personer,35900
EliminatedValue,5,4,1,0,Folkemengden etter administrativ bydel og alder 2008-2019,2013,Bydel St.Hanshaugen,0 år,Personer,540
EliminatedValue,5,4,2,0,Folkemengden etter administrativ bydel og alder 2008-2019,2013,Bydel St.Hanshaugen,1-2 år,Personer,830
EliminatedValue,5,4,3,0,Folkemengden etter administrativ bydel og alder 2008-2019,2013,Bydel St.Hanshaugen,3-5 år,Personer,866
EliminatedValue,5,4,4,0,Folkemengden etter administrativ bydel og alder 2008-2019,2013,Bydel St.Hanshaugen,6-9 år,Personer,773
EliminatedValue,5,4,5,0,Folkemengden etter administrativ bydel og alder 2008-2019,2013,Bydel St.Hanshaugen,10-12 år,Personer,406
EliminatedValue,5,4,6,0,Folkemengden etter administrativ bydel og alder 2008-2019,2013,Bydel St.Hanshaugen,13-15 år,Personer,425
EliminatedValue,5,4,7,0,Folkemengden etter administrativ bydel og alder 2008-2019,2013,Bydel St.Hanshaugen,16-17 år,Personer,300
EliminatedValue,5,4,8,0,Folkemengden etter administrativ bydel og alder 2008-2019,2013,Bydel St.Hanshaugen,18-19 år,Personer,422
EliminatedValue,5,4,9,0,Folkemengden etter administrativ bydel og alder 2008-2019,2013,Bydel St.Hanshaugen,20-22 år,Personer,2146
EliminatedValue,5,4,10,0,Folkemengden etter administrativ bydel og alder 2008-2019,2013,Bydel St.Hanshaugen,23-24 år,Personer,2215
EliminatedValue,5,4,11,0,Folkemengden etter administrativ bydel og alder 2008-2019,2013,Bydel St.Hanshaugen,25-29 år,Personer,6951
EliminatedValue,5,4,12,0,Folkemengden etter administrativ bydel og alder 2008-2019,2013,Bydel St.Hanshaugen,30-39 år,Personer,9009
EliminatedValue,5,4,13,0,Folkemengden etter administrativ bydel og alder 2008-2019,2013,Bydel St.Hanshaugen,40-49 år,Personer,4245
EliminatedValue,5,4,14,0,Folkemengden etter administrativ bydel og alder 2008-2019,2013,Bydel St.Hanshaugen,50-66 år,Personer,4448
EliminatedValue,5,4,15,0,Folkemengden etter administrativ bydel og alder 2008-2019,2013,Bydel St.Hanshaugen,67-74 år,Personer,1185
EliminatedValue,5,4,16,0,Folkemengden etter administrativ bydel og alder 2008-2019,2013,Bydel St.Hanshaugen,75-79 år,Personer,373
EliminatedValue,5,4,17,0,Folkemengden etter administrativ bydel og alder 2008-2019,2013,Bydel St.Hanshaugen,80-84 år,Personer,293
EliminatedValue,5,4,18,0,Folkemengden etter administrativ bydel og alder 2008-2019,2013,Bydel St.Hanshaugen,85-89 år,Personer,245
EliminatedValue,5,4,19,0,Folkemengden etter administrativ bydel og alder 2008-2019,2013,Bydel St.Hanshaugen,90 år +,Personer,228
EliminatedValue,5,5,0,0,Folkemengden etter administrativ bydel og alder 2008-2019,2013,Bydel Frogner,Alder i alt,Personer,53677
EliminatedValue,5,5,1,0,Folkemengden etter administrativ bydel og alder 2008-2019,2013,Bydel Frogner,0 år,Personer,713
EliminatedValue,5,5,2,0,Folkemengden etter administrativ bydel og alder 2008-2019,2013,Bydel Frogner,1-2 år,Personer,1040
EliminatedValue,5,5,3,0,Folkemengden etter administrativ bydel og alder 2008-2019,2013,Bydel Frogner,3-5 år,Personer,1131
EliminatedValue,5,5,4,0,Folkemengden etter administrativ bydel og alder 2008-2019,2013,Bydel Frogner,6-9 år,Personer,1136
EliminatedValue,5,5,5,0,Folkemengden etter administrativ bydel og alder 2008-2019,2013,Bydel Frogner,10-12 år,Personer,697
EliminatedValue,5,5,6,0,Folkemengden etter administrativ bydel og alder 2008-2019,2013,Bydel Frogner,13-15 år,Personer,727
EliminatedValue,5,5,7,0,Folkemengden etter administrativ bydel og alder 2008-2019,2013,Bydel Frogner,16-17 år,Personer,570
EliminatedValue,5,5,8,0,Folkemengden etter administrativ bydel og alder 2008-2019,2013,Bydel Frogner,18-19 år,Personer,741
EliminatedValue,5,5,9,0,Folkemengden etter administrativ bydel og alder 2008-2019,2013,Bydel Frogner,20-22 år,Personer,2774
EliminatedValue,5,5,10,0,Folkemengden etter administrativ bydel og alder 2008-2019,2013,Bydel Frogner,23-24 år,Personer,2684
EliminatedValue,5,5,11,0,Folkemengden etter administrativ bydel og alder 2008-2019,2013,Bydel Frogner,25-29 år,Personer,8616
EliminatedValue,5,5,12,0,Folkemengden etter administrativ bydel og alder 2008-2019,2013,Bydel Frogner,30-39 år,Personer,10776
EliminatedValue,5,5,13,0,Folkemengden etter administrativ bydel og alder 2008-2019,2013,Bydel Frogner,40-49 år,Personer,6418
EliminatedValue,5,5,14,0,Folkemengden etter administrativ bydel og alder 2008-2019,2013,Bydel Frogner,50-66 år,Personer,9316
EliminatedValue,5,5,15,0,Folkemengden etter administrativ bydel og alder 2008-2019,2013,Bydel Frogner,67-74 år,Personer,3126
EliminatedValue,5,5,16,0,Folkemengden etter administrativ bydel og alder 2008-2019,2013,Bydel Frogner,75-79 år,Personer,1108
EliminatedValue,5,5,17,0,Folkemengden etter administrativ bydel og alder 2008-2019,2013,Bydel Frogner,80-84 år,Personer,895
EliminatedValue,5,5,18,0,Folkemengden etter administrativ bydel og alder 2008-2019,2013,Bydel Frogner,85-89 år,Personer,658
EliminatedValue,5,5,19,0,Folkemengden etter administrativ bydel og alder 2008-2019,2013,Bydel Frogner,90 år +,Personer,551
EliminatedValue,5,6,0,0,Folkemengden etter administrativ bydel og alder 2008-2019,2013,Bydel Ullern,Alder i alt,Personer,31351
EliminatedValue,5,6,1,0,Folkemengden etter administrativ bydel og alder 2008-2019,2013,Bydel Ullern,0 år,Personer,420
EliminatedValue,5,6,2,0,Folkemengden etter administrativ bydel og alder 2008-2019,2013,Bydel Ullern,1-2 år,Personer,908
EliminatedValue,5,6,3,0,Folkemengden etter administrativ bydel og alder 2008-2019,2013,Bydel Ullern,3-5 år,Personer,1305
EliminatedValue,5,6,4,0,Folkemengden etter administrativ bydel og alder 2008-2019,2013,Bydel Ullern,6-9 år,Personer,1528
EliminatedValue,5,6,5,0,Folkemengden etter administrativ bydel og alder 2008-2019,2013,Bydel Ullern,10-12 år,Personer,1007
EliminatedValue,5,6,6,0,Folkemengden etter administrativ bydel og alder 2008-2019,2013,Bydel Ullern,13-15 år,Personer,879
EliminatedValue,5,6,7,0,Folkemengden etter administrativ bydel og alder 2008-2019,2013,Bydel Ullern,16-17 år,Personer,616
EliminatedValue,5,6,8,0,Folkemengden etter administrativ bydel og alder 2008-2019,2013,Bydel Ullern,18-19 år,Personer,632
EliminatedValue,5,6,9,0,Folkemengden etter administrativ bydel og alder 2008-2019,2013,Bydel Ullern,20-22 år,Personer,909
EliminatedValue,5,6,10,0,Folkemengden etter administrativ bydel og alder 2008-2019,2013,Bydel Ullern,23-24 år,Personer,644
EliminatedValue,5,6,11,0,Folkemengden etter administrativ bydel og alder 2008-2019,2013,Bydel Ullern,25-29 år,Personer,1895
EliminatedValue,5,6,12,0,Folkemengden etter administrativ bydel og alder 2008-2019,2013,Bydel Ullern,30-39 år,Personer,4716
EliminatedValue,5,6,13,0,Folkemengden etter administrativ bydel og alder 2008-2019,2013,Bydel Ullern,40-49 år,Personer,4486
EliminatedValue,5,6,14,0,Folkemengden etter administrativ bydel og alder 2008-2019,2013,Bydel Ullern,50-66 år,Personer,6714
EliminatedValue,5,6,15,0,Folkemengden etter administrativ bydel og alder 2008-2019,2013,Bydel Ullern,67-74 år,Personer,2341
EliminatedValue,5,6,16,0,Folkemengden etter administrativ bydel og alder 2008-2019,2013,Bydel Ullern,75-79 år,Personer,808
EliminatedValue,5,6,17,0,Folkemengden etter administrativ bydel og alder 2008-2019,2013,Bydel Ullern,80-84 år,Personer,702
EliminatedValue,5,6,18,0,Folkemengden etter administrativ bydel og alder 2008-2019,2013,Bydel Ullern,85-89 år,Personer,534
EliminatedValue,5,6,19,0,Folkemengden etter administrativ bydel og alder 2008-2019,2013,Bydel Ullern,90 år +,Personer,307
EliminatedValue,5,7,0,0,Folkemengden etter administrativ bydel og alder 2008-2019,2013,Bydel Vestre Aker,Alder i alt,Personer,46555
EliminatedValue,5,7,1,0,Folkemengden etter administrativ bydel og alder 2008-2019,2013,Bydel Vestre Aker,0 år,Personer,659
EliminatedValue,5,7,2,0,Folkemengden etter administrativ bydel og alder 2008-2019,2013,Bydel Vestre Aker,1-2 år,Personer,1338
EliminatedValue,5,7,3,0,Folkemengden etter administrativ bydel og alder 2008-2019,2013,Bydel Vestre Aker,3-5 år,Personer,2090
EliminatedValue,5,7,4,0,Folkemengden etter administrativ bydel og alder 2008-2019,2013,Bydel Vestre Aker,6-9 år,Personer,2499
EliminatedValue,5,7,5,0,Folkemengden etter administrativ bydel og alder 2008-2019,2013,Bydel Vestre Aker,10-12 år,Personer,1705
EliminatedValue,5,7,6,0,Folkemengden etter administrativ bydel og alder 2008-2019,2013,Bydel Vestre Aker,13-15 år,Personer,1585
EliminatedValue,5,7,7,0,Folkemengden etter administrativ bydel og alder 2008-2019,2013,Bydel Vestre Aker,16-17 år,Personer,1115
EliminatedValue,5,7,8,0,Folkemengden etter administrativ bydel og alder 2008-2019,2013,Bydel Vestre Aker,18-19 år,Personer,1054
EliminatedValue,5,7,9,0,Folkemengden etter administrativ bydel og alder 2008-2019,2013,Bydel Vestre Aker,20-22 år,Personer,1602
EliminatedValue,5,7,10,0,Folkemengden etter administrativ bydel og alder 2008-2019,2013,Bydel Vestre Aker,23-24 år,Personer,1072
EliminatedValue,5,7,11,0,Folkemengden etter administrativ bydel og alder 2008-2019,2013,Bydel Vestre Aker,25-29 år,Personer,2757
EliminatedValue,5,7,12,0,Folkemengden etter administrativ bydel og alder 2008-2019,2013,Bydel Vestre Aker,30-39 år,Personer,6431
EliminatedValue,5,7,13,0,Folkemengden etter administrativ bydel og alder 2008-2019,2013,Bydel Vestre Aker,40-49 år,Personer,6561
EliminatedValue,5,7,14,0,Folkemengden etter administrativ bydel og alder 2008-2019,2013,Bydel Vestre Aker,50-66 år,Personer,9925
EliminatedValue,5,7,15,0,Folkemengden etter administrativ bydel og alder 2008-2019,2013,Bydel Vestre Aker,67-74 år,Personer,2990
EliminatedValue,5,7,16,0,Folkemengden etter administrativ bydel og alder 2008-2019,2013,Bydel Vestre Aker,75-79 år,Personer,1017
EliminatedValue,5,7,17,0,Folkemengden etter administrativ bydel og alder 2008-2019,2013,Bydel Vestre Aker,80-84 år,Personer,956
EliminatedValue,5,7,18,0,Folkemengden etter administrativ bydel og alder 2008-2019,2013,Bydel Vestre Aker,85-89 år,Personer,722
EliminatedValue,5,7,19,0,Folkemengden etter administrativ bydel og alder 2008-2019,2013,Bydel Vestre Aker,90 år +,Personer,477
EliminatedValue,5,8,0,0,Folkemengden etter administrativ bydel og alder 2008-2019,2013,Bydel Nordre Aker,Alder i alt,Personer,49238
EliminatedValue,5,8,1,0,Folkemengden etter administrativ bydel og alder 2008-2019,2013,Bydel Nordre Aker,0 år,Personer,651
EliminatedValue,5,8,2,0,Folkemengden etter administrativ bydel og alder 2008-2019,2013,Bydel Nordre Aker,1-2 år,Personer,1470
EliminatedValue,5,8,3,0,Folkemengden etter administrativ bydel og alder 2008-2019,2013,Bydel Nordre Aker,3-5 år,Personer,2142
EliminatedValue,5,8,4,0,Folkemengden etter administrativ bydel og alder 2008-2019,2013,Bydel Nordre Aker,6-9 år,Personer,2567
EliminatedValue,5,8,5,0,Folkemengden etter administrativ bydel og alder 2008-2019,2013,Bydel Nordre Aker,10-12 år,Personer,1708
EliminatedValue,5,8,6,0,Folkemengden etter administrativ bydel og alder 2008-2019,2013,Bydel Nordre Aker,13-15 år,Personer,1653
EliminatedValue,5,8,7,0,Folkemengden etter administrativ bydel og alder 2008-2019,2013,Bydel Nordre Aker,16-17 år,Personer,1064
EliminatedValue,5,8,8,0,Folkemengden etter administrativ bydel og alder 2008-2019,2013,Bydel Nordre Aker,18-19 år,Personer,1103
EliminatedValue,5,8,9,0,Folkemengden etter administrativ bydel og alder 2008-2019,2013,Bydel Nordre Aker,20-22 år,Personer,2180
EliminatedValue,5,8,10,0,Folkemengden etter administrativ bydel og alder 2008-2019,2013,Bydel Nordre Aker,23-24 år,Personer,1649
EliminatedValue,5,8,11,0,Folkemengden etter administrativ bydel og alder 2008-2019,2013,Bydel Nordre Aker,25-29 år,Personer,3781
EliminatedValue,5,8,12,0,Folkemengden etter administrativ bydel og alder 2008-2019,2013,Bydel Nordre Aker,30-39 år,Personer,7344
EliminatedValue,5,8,13,0,Folkemengden etter administrativ bydel og alder 2008-2019,2013,Bydel Nordre Aker,40-49 år,Personer,7432
EliminatedValue,5,8,14,0,Folkemengden etter administrativ bydel og alder 2008-2019,2013,Bydel Nordre Aker,50-66 år,Personer,9034
EliminatedValue,5,8,15,0,Folkemengden etter administrativ bydel og alder 2008-2019,2013,Bydel Nordre Aker,67-74 år,Personer,2451
EliminatedValue,5,8,16,0,Folkemengden etter administrativ bydel og alder 2008-2019,2013,Bydel Nordre Aker,75-79 år,Personer,980
EliminatedValue,5,8,17,0,Folkemengden etter administrativ bydel og alder 2008-2019,2013,Bydel Nordre Aker,80-84 år,Personer,902
EliminatedValue,5,8,18,0,Folkemengden etter administrativ bydel og alder 2008-2019,2013,Bydel Nordre Aker,85-89 år,Personer,682
EliminatedValue,5,8,19,0,Folkemengden etter administrativ bydel og alder 2008-2019,2013,Bydel Nordre Aker,90 år +,Personer,445
EliminatedValue,5,9,0,0,Folkemengden etter administrativ bydel og alder 2008-2019,2013,Bydel Bjerke,Alder i alt,Personer,29695
EliminatedValue,5,9,1,0,Folkemengden etter administrativ bydel og alder 2008-2019,2013,Bydel Bjerke,0 år,Personer,545
EliminatedValue,5,9,2,0,Folkemengden etter administrativ bydel og alder 2008-2019,2013,Bydel Bjerke,1-2 år,Personer,1064
EliminatedValue,5,9,3,0,Folkemengden etter administrativ bydel og alder 2008-2019,2013,Bydel Bjerke,3-5 år,Personer,1451
EliminatedValue,5,9,4,0,Folkemengden etter administrativ bydel og alder 2008-2019,2013,Bydel Bjerke,6-9 år,Personer,1592
EliminatedValue,5,9,5,0,Folkemengden etter administrativ bydel og alder 2008-2019,2013,Bydel Bjerke,10-12 år,Personer,986
EliminatedValue,5,9,6,0,Folkemengden etter administrativ bydel og alder 2008-2019,2013,Bydel Bjerke,13-15 år,Personer,927
EliminatedValue,5,9,7,0,Folkemengden etter administrativ bydel og alder 2008-2019,2013,Bydel Bjerke,16-17 år,Personer,578
EliminatedValue,5,9,8,0,Folkemengden etter administrativ bydel og alder 2008-2019,2013,Bydel Bjerke,18-19 år,Personer,583
EliminatedValue,5,9,9,0,Folkemengden etter administrativ bydel og alder 2008-2019,2013,Bydel Bjerke,20-22 år,Personer,965
EliminatedValue,5,9,10,0,Folkemengden etter administrativ bydel og alder 2008-2019,2013,Bydel Bjerke,23-24 år,Personer,834
EliminatedValue,5,9,11,0,Folkemengden etter administrativ bydel og alder 2008-2019,2013,Bydel Bjerke,25-29 år,Personer,2404
EliminatedValue,5,9,12,0,Folkemengden etter administrativ bydel og alder 2008-2019,2013,Bydel Bjerke,30-39 år,Personer,5485
EliminatedValue,5,9,13,0,Folkemengden etter administrativ bydel og alder 2008-2019,2013,Bydel Bjerke,40-49 år,Personer,4418
EliminatedValue,5,9,14,0,Folkemengden etter administrativ bydel og alder 2008-2019,2013,Bydel Bjerke,50-66 år,Personer,4771
EliminatedValue,5,9,15,0,Folkemengden etter administrativ bydel og alder 2008-2019,2013,Bydel Bjerke,67-74 år,Personer,1251
EliminatedValue,5,9,16,0,Folkemengden etter administrativ bydel og alder 2008-2019,2013,Bydel Bjerke,75-79 år,Personer,568
EliminatedValue,5,9,17,0,Folkemengden etter administrativ bydel og alder 2008-2019,2013,Bydel Bjerke,80-84 år,Personer,562
EliminatedValue,5,9,18,0,Folkemengden etter administrativ bydel og alder 2008-2019,2013,Bydel Bjerke,85-89 år,Personer,459
EliminatedValue,5,9,19,0,Folkemengden etter administrativ bydel og alder 2008-2019,2013,Bydel Bjerke,90 år +,Personer,252
EliminatedValue,5,10,0,0,Folkemengden etter administrativ bydel og alder 2008-2019,2013,Bydel Grorud,Alder i alt,Personer,26868
EliminatedValue,5,10,1,0,Folkemengden etter administrativ bydel og alder 2008-2019,2013,Bydel Grorud,0 år,Personer,392
EliminatedValue,5,10,2,0,Folkemengden etter administrativ bydel og alder 2008-2019,2013,Bydel Grorud,1-2 år,Personer,806
EliminatedValue,5,10,3,0,Folkemengden etter administrativ bydel og alder 2008-2019,2013,Bydel Grorud,3-5 år,Personer,1118
EliminatedValue,5,10,4,0,Folkemengden etter administrativ bydel og alder 2008-2019,2013,Bydel Grorud,6-9 år,Personer,1346
EliminatedValue,5,10,5,0,Folkemengden etter administrativ bydel og alder 2008-2019,2013,Bydel Grorud,10-12 år,Personer,935
EliminatedValue,5,10,6,0,Folkemengden etter administrativ bydel og alder 2008-2019,2013,Bydel Grorud,13-15 år,Personer,963
EliminatedValue,5,10,7,0,Folkemengden etter administrativ bydel og alder 2008-2019,2013,Bydel Grorud,16-17 år,Personer,661
EliminatedValue,5,10,8,0,Folkemengden etter administrativ bydel og alder 2008-2019,2013,Bydel Grorud,18-19 år,Personer,645
EliminatedValue,5,10,9,0,Folkemengden etter administrativ bydel og alder 2008-2019,2013,Bydel Grorud,20-22 år,Personer,959
EliminatedValue,5,10,10,0,Folkemengden etter administrativ bydel og alder 2008-2019,2013,Bydel Grorud,23-24 år,Personer,694
EliminatedValue,5,10,11,0,Folkemengden etter administrativ bydel og alder 2008-2019,2013,Bydel Grorud,25-29 år,Personer,1898
EliminatedValue,5,10,12,0,Folkemengden etter administrativ bydel og alder 2008-2019,2013,Bydel Grorud,30-39 år,Personer,4207
EliminatedValue,5,10,13,0,Folkemengden etter administrativ bydel og alder 2008-2019,2013,Bydel Grorud,40-49 år,Personer,4140
EliminatedValue,5,10,14,0,Folkemengden etter administrativ bydel og alder 2008-2019,2013,Bydel Grorud,50-66 år,Personer,4968
EliminatedValue,5,10,15,0,Folkemengden etter administrativ bydel og alder 2008-2019,2013,Bydel Grorud,67-74 år,Personer,1438
EliminatedValue,5,10,16,0,Folkemengden etter administrativ bydel og alder 2008-2019,2013,Bydel Grorud,75-79 år,Personer,651
EliminatedValue,5,10,17,0,Folkemengden etter administrativ bydel og alder 2008-2019,2013,Bydel Grorud,80-84 år,Personer,528
EliminatedValue,5,10,18,0,Folkemengden etter administrativ bydel og alder 2008-2019,2013,Bydel Grorud,85-89 år,Personer,329
EliminatedValue,5,10,19,0,Folkemengden etter administrativ bydel og alder 2008-2019,2013,Bydel Grorud,90 år +,Personer,190
EliminatedValue,5,11,0,0,Folkemengden etter administrativ bydel og alder 2008-2019,2013,Bydel Stovner,Alder i alt,Personer,30765
EliminatedValue,5,11,1,0,Folkemengden etter administrativ bydel og alder 2008-2019,2013,Bydel Stovner,0 år,Personer,402
EliminatedValue,5,11,2,0,Folkemengden etter administrativ bydel og alder 2008-2019,2013,Bydel Stovner,1-2 år,Personer,796
EliminatedValue,5,11,3,0,Folkemengden etter administrativ bydel og alder 2008-2019,2013,Bydel Stovner,3-5 år,Personer,1280
EliminatedValue,5,11,4,0,Folkemengden etter administrativ bydel og alder 2008-2019,2013,Bydel Stovner,6-9 år,Personer,1618
EliminatedValue,5,11,5,0,Folkemengden etter administrativ bydel og alder 2008-2019,2013,Bydel Stovner,10-12 år,Personer,1299
EliminatedValue,5,11,6,0,Folkemengden etter administrativ bydel og alder 2008-2019,2013,Bydel Stovner,13-15 år,Personer,1306
EliminatedValue,5,11,7,0,Folkemengden etter administrativ bydel og alder 2008-2019,2013,Bydel Stovner,16-17 år,Personer,889
EliminatedValue,5,11,8,0,Folkemengden etter administrativ bydel og alder 2008-2019,2013,Bydel Stovner,18-19 år,Personer,829
EliminatedValue,5,11,9,0,Folkemengden etter administrativ bydel og alder 2008-2019,2013,Bydel Stovner,20-22 år,Personer,1186
EliminatedValue,5,11,10,0,Folkemengden etter administrativ bydel og alder 2008-2019,2013,Bydel Stovner,23-24 år,Personer,786
EliminatedValue,5,11,11,0,Folkemengden etter administrativ bydel og alder 2008-2019,2013,Bydel Stovner,25-29 år,Personer,1927
EliminatedValue,5,11,12,0,Folkemengden etter administrativ bydel og alder 2008-2019,2013,Bydel Stovner,30-39 år,Personer,3976
EliminatedValue,5,11,13,0,Folkemengden etter administrativ bydel og alder 2008-2019,2013,Bydel Stovner,40-49 år,Personer,4628
EliminatedValue,5,11,14,0,Folkemengden etter administrativ bydel og alder 2008-2019,2013,Bydel Stovner,50-66 år,Personer,6002
EliminatedValue,5,11,15,0,Folkemengden etter administrativ bydel og alder 2008-2019,2013,Bydel Stovner,67-74 år,Personer,2157
EliminatedValue,5,11,16,0,Folkemengden etter administrativ bydel og alder 2008-2019,2013,Bydel Stovner,75-79 år,Personer,731
EliminatedValue,5,11,17,0,Folkemengden etter administrativ bydel og alder 2008-2019,2013,Bydel Stovner,80-84 år,Personer,521
EliminatedValue,5,11,18,0,Folkemengden etter administrativ bydel og alder 2008-2019,2013,Bydel Stovner,85-89 år,Personer,281
EliminatedValue,5,11,19,0,Folkemengden etter administrativ bydel og alder 2008-2019,2013,Bydel Stovner,90 år +,Personer,151
EliminatedValue,5,12,0,0,Folkemengden etter administrativ bydel og alder 2008-2019,2013,Bydel Alna,Alder i alt,Personer,48020
EliminatedValue,5,12,1,0,Folkemengden etter administrativ bydel og alder 2008-2019,2013,Bydel Alna,0 år,Personer,736
EliminatedValue,5,12,2,0,Folkemengden etter administrativ bydel og alder 2008-2019,2013,Bydel Alna,1-2 år,Personer,1427
EliminatedValue,5,12,3,0,Folkemengden etter administrativ bydel og alder 2008-2019,2013,Bydel Alna,3-5 år,Personer,2102
EliminatedValue,5,12,4,0,Folkemengden etter administrativ bydel og alder 2008-2019,2013,Bydel Alna,6-9 år,Personer,2356
EliminatedValue,5,12,5,0,Folkemengden etter administrativ bydel og alder 2008-2019,2013,Bydel Alna,10-12 år,Personer,1654
EliminatedValue,5,12,6,0,Folkemengden etter administrativ bydel og alder 2008-2019,2013,Bydel Alna,13-15 år,Personer,1618
EliminatedValue,5,12,7,0,Folkemengden etter administrativ bydel og alder 2008-2019,2013,Bydel Alna,16-17 år,Personer,1095
EliminatedValue,5,12,8,0,Folkemengden etter administrativ bydel og alder 2008-2019,2013,Bydel Alna,18-19 år,Personer,1094
EliminatedValue,5,12,9,0,Folkemengden etter administrativ bydel og alder 2008-2019,2013,Bydel Alna,20-22 år,Personer,1705
EliminatedValue,5,12,10,0,Folkemengden etter administrativ bydel og alder 2008-2019,2013,Bydel Alna,23-24 år,Personer,1223
EliminatedValue,5,12,11,0,Folkemengden etter administrativ bydel og alder 2008-2019,2013,Bydel Alna,25-29 år,Personer,3829
EliminatedValue,5,12,12,0,Folkemengden etter administrativ bydel og alder 2008-2019,2013,Bydel Alna,30-39 år,Personer,7907
EliminatedValue,5,12,13,0,Folkemengden etter administrativ bydel og alder 2008-2019,2013,Bydel Alna,40-49 år,Personer,6766
EliminatedValue,5,12,14,0,Folkemengden etter administrativ bydel og alder 2008-2019,2013,Bydel Alna,50-66 år,Personer,9212
EliminatedValue,5,12,15,0,Folkemengden etter administrativ bydel og alder 2008-2019,2013,Bydel Alna,67-74 år,Personer,2631
EliminatedValue,5,12,16,0,Folkemengden etter administrativ bydel og alder 2008-2019,2013,Bydel Alna,75-79 år,Personer,941
EliminatedValue,5,12,17,0,Folkemengden etter administrativ bydel og alder 2008-2019,2013,Bydel Alna,80-84 år,Personer,857
EliminatedValue,5,12,18,0,Folkemengden etter administrativ bydel og alder 2008-2019,2013,Bydel Alna,85-89 år,Personer,534
EliminatedValue,5,12,19,0,Folkemengden etter administrativ bydel og alder 2008-2019,2013,Bydel Alna,90 år +,Personer,333
EliminatedValue,5,13,0,0,Folkemengden etter administrativ bydel og alder 2008-2019,2013,Bydel Østensjø,Alder i alt,Personer,47905
EliminatedValue,5,13,1,0,Folkemengden etter administrativ bydel og alder 2008-2019,2013,Bydel Østensjø,0 år,Personer,769
EliminatedValue,5,13,2,0,Folkemengden etter administrativ bydel og alder 2008-2019,2013,Bydel Østensjø,1-2 år,Personer,1458
EliminatedValue,5,13,3,0,Folkemengden etter administrativ bydel og alder 2008-2019,2013,Bydel Østensjø,3-5 år,Personer,2111
EliminatedValue,5,13,4,0,Folkemengden etter administrativ bydel og alder 2008-2019,2013,Bydel Østensjø,6-9 år,Personer,2481
EliminatedValue,5,13,5,0,Folkemengden etter administrativ bydel og alder 2008-2019,2013,Bydel Østensjø,10-12 år,Personer,1522
EliminatedValue,5,13,6,0,Folkemengden etter administrativ bydel og alder 2008-2019,2013,Bydel Østensjø,13-15 år,Personer,1542
EliminatedValue,5,13,7,0,Folkemengden etter administrativ bydel og alder 2008-2019,2013,Bydel Østensjø,16-17 år,Personer,1011
EliminatedValue,5,13,8,0,Folkemengden etter administrativ bydel og alder 2008-2019,2013,Bydel Østensjø,18-19 år,Personer,1008
EliminatedValue,5,13,9,0,Folkemengden etter administrativ bydel og alder 2008-2019,2013,Bydel Østensjø,20-22 år,Personer,1477
EliminatedValue,5,13,10,0,Folkemengden etter administrativ bydel og alder 2008-2019,2013,Bydel Østensjø,23-24 år,Personer,990
EliminatedValue,5,13,11,0,Folkemengden etter administrativ bydel og alder 2008-2019,2013,Bydel Østensjø,25-29 år,Personer,3043
EliminatedValue,5,13,12,0,Folkemengden etter administrativ bydel og alder 2008-2019,2013,Bydel Østensjø,30-39 år,Personer,7593
EliminatedValue,5,13,13,0,Folkemengden etter administrativ bydel og alder 2008-2019,2013,Bydel Østensjø,40-49 år,Personer,7547
EliminatedValue,5,13,14,0,Folkemengden etter administrativ bydel og alder 2008-2019,2013,Bydel Østensjø,50-66 år,Personer,8398
EliminatedValue,5,13,15,0,Folkemengden etter administrativ bydel og alder 2008-2019,2013,Bydel Østensjø,67-74 år,Personer,2442
EliminatedValue,5,13,16,0,Folkemengden etter administrativ bydel og alder 2008-2019,2013,Bydel Østensjø,75-79 år,Personer,1506
EliminatedValue,5,13,17,0,Folkemengden etter administrativ bydel og alder 2008-2019,2013,Bydel Østensjø,80-84 år,Personer,1528
EliminatedValue,5,13,18,0,Folkemengden etter administrativ bydel og alder 2008-2019,2013,Bydel Østensjø,85-89 år,Personer,989
EliminatedValue,5,13,19,0,Folkemengden etter administrativ bydel og alder 2008-2019,2013,Bydel Østensjø,90 år +,Personer,490
EliminatedValue,5,14,0,0,Folkemengden etter administrativ bydel og alder 2008-2019,2013,Bydel Nordstrand,Alder i alt,Personer,48405
EliminatedValue,5,14,1,0,Folkemengden etter administrativ bydel og alder 2008-2019,2013,Bydel Nordstrand,0 år,Personer,685
EliminatedValue,5,14,2,0,Folkemengden etter administrativ bydel og alder 2008-2019,2013,Bydel Nordstrand,1-2 år,Personer,1365
EliminatedValue,5,14,3,0,Folkemengden etter administrativ bydel og alder 2008-2019,2013,Bydel Nordstrand,3-5 år,Personer,2044
EliminatedValue,5,14,4,0,Folkemengden etter administrativ bydel og alder 2008-2019,2013,Bydel Nordstrand,6-9 år,Personer,2517
EliminatedValue,5,14,5,0,Folkemengden etter administrativ bydel og alder 2008-2019,2013,Bydel Nordstrand,10-12 år,Personer,1691
EliminatedValue,5,14,6,0,Folkemengden etter administrativ bydel og alder 2008-2019,2013,Bydel Nordstrand,13-15 år,Personer,1625
EliminatedValue,5,14,7,0,Folkemengden etter administrativ bydel og alder 2008-2019,2013,Bydel Nordstrand,16-17 år,Personer,1140
EliminatedValue,5,14,8,0,Folkemengden etter administrativ bydel og alder 2008-2019,2013,Bydel Nordstrand,18-19 år,Personer,1068
EliminatedValue,5,14,9,0,Folkemengden etter administrativ bydel og alder 2008-2019,2013,Bydel Nordstrand,20-22 år,Personer,1610
EliminatedValue,5,14,10,0,Folkemengden etter administrativ bydel og alder 2008-2019,2013,Bydel Nordstrand,23-24 år,Personer,1036
EliminatedValue,5,14,11,0,Folkemengden etter administrativ bydel og alder 2008-2019,2013,Bydel Nordstrand,25-29 år,Personer,2867
EliminatedValue,5,14,12,0,Folkemengden etter administrativ bydel og alder 2008-2019,2013,Bydel Nordstrand,30-39 år,Personer,7039
EliminatedValue,5,14,13,0,Folkemengden etter administrativ bydel og alder 2008-2019,2013,Bydel Nordstrand,40-49 år,Personer,7303
EliminatedValue,5,14,14,0,Folkemengden etter administrativ bydel og alder 2008-2019,2013,Bydel Nordstrand,50-66 år,Personer,9657
EliminatedValue,5,14,15,0,Folkemengden etter administrativ bydel og alder 2008-2019,2013,Bydel Nordstrand,67-74 år,Personer,2844
EliminatedValue,5,14,16,0,Folkemengden etter administrativ bydel og alder 2008-2019,2013,Bydel Nordstrand,75-79 år,Personer,1195
EliminatedValue,5,14,17,0,Folkemengden etter administrativ bydel og alder 2008-2019,2013,Bydel Nordstrand,80-84 år,Personer,1156
EliminatedValue,5,14,18,0,Folkemengden etter administrativ bydel og alder 2008-2019,2013,Bydel Nordstrand,85-89 år,Personer,979
EliminatedValue,5,14,19,0,Folkemengden etter administrativ bydel og alder 2008-2019,2013,Bydel Nordstrand,90 år +,Personer,584
EliminatedValue,5,15,0,0,Folkemengden etter administrativ bydel og alder 2008-2019,2013,Bydel Søndre Nordstrand,Alder i alt,Personer,36703
EliminatedValue,5,15,1,0,Folkemengden etter administrativ bydel og alder 2008-2019,2013,Bydel Søndre Nordstrand,0 år,Personer,556
EliminatedValue,5,15,2,0,Folkemengden etter administrativ bydel og alder 2008-2019,2013,Bydel Søndre Nordstrand,1-2 år,Personer,1174
EliminatedValue,5,15,3,0,Folkemengden etter administrativ bydel og alder 2008-2019,2013,Bydel Søndre Nordstrand,3-5 år,Personer,1755
EliminatedValue,5,15,4,0,Folkemengden etter administrativ bydel og alder 2008-2019,2013,Bydel Søndre Nordstrand,6-9 år,Personer,2221
EliminatedValue,5,15,5,0,Folkemengden etter administrativ bydel og alder 2008-2019,2013,Bydel Søndre Nordstrand,10-12 år,Personer,1622
EliminatedValue,5,15,6,0,Folkemengden etter administrativ bydel og alder 2008-2019,2013,Bydel Søndre Nordstrand,13-15 år,Personer,1633
EliminatedValue,5,15,7,0,Folkemengden etter administrativ bydel og alder 2008-2019,2013,Bydel Søndre Nordstrand,16-17 år,Personer,1125
EliminatedValue,5,15,8,0,Folkemengden etter administrativ bydel og alder 2008-2019,2013,Bydel Søndre Nordstrand,18-19 år,Personer,1089
EliminatedValue,5,15,9,0,Folkemengden etter administrativ bydel og alder 2008-2019,2013,Bydel Søndre Nordstrand,20-22 år,Personer,1578
EliminatedValue,5,15,10,0,Folkemengden etter administrativ bydel og alder 2008-2019,2013,Bydel Søndre Nordstrand,23-24 år,Personer,1004
EliminatedValue,5,15,11,0,Folkemengden etter administrativ bydel og alder 2008-2019,2013,Bydel Søndre Nordstrand,25-29 år,Personer,2473
EliminatedValue,5,15,12,0,Folkemengden etter administrativ bydel og alder 2008-2019,2013,Bydel Søndre Nordstrand,30-39 år,Personer,5276
EliminatedValue,5,15,13,0,Folkemengden etter administrativ bydel og alder 2008-2019,2013,Bydel Søndre Nordstrand,40-49 år,Personer,5305
EliminatedValue,5,15,14,0,Folkemengden etter administrativ bydel og alder 2008-2019,2013,Bydel Søndre Nordstrand,50-66 år,Personer,7447
EliminatedValue,5,15,15,0,Folkemengden etter administrativ bydel og alder 2008-2019,2013,Bydel Søndre Nordstrand,67-74 år,Personer,1442
EliminatedValue,5,15,16,0,Folkemengden etter administrativ bydel og alder 2008-2019,2013,Bydel Søndre Nordstrand,75-79 år,Personer,405
EliminatedValue,5,15,17,0,Folkemengden etter administrativ bydel og alder 2008-2019,2013,Bydel Søndre Nordstrand,80-84 år,Personer,316
EliminatedValue,5,15,18,0,Folkemengden etter administrativ bydel og alder 2008-2019,2013,Bydel Søndre Nordstrand,85-89 år,Personer,175
EliminatedValue,5,15,19,0,Folkemengden etter administrativ bydel og alder 2008-2019,2013,Bydel Søndre Nordstrand,90 år +,Personer,107
EliminatedValue,6,100000,0,0,Folkemengden etter administrativ bydel og alder 2008-2019,2014,Oslo i alt,Alder i alt,Personer,630742
EliminatedValue,6,100000,1,0,Folkemengden etter administrativ bydel og alder 2008-2019,2014,Oslo i alt,0 år,Personer,9514
EliminatedValue,6,100000,2,0,Folkemengden etter administrativ bydel og alder 2008-2019,2014,Oslo i alt,1-2 år,Personer,17959
EliminatedValue,6,100000,3,0,Folkemengden etter administrativ bydel og alder 2008-2019,2014,Oslo i alt,3-5 år,Personer,24252
EliminatedValue,6,100000,4,0,Folkemengden etter administrativ bydel og alder 2008-2019,2014,Oslo i alt,6-9 år,Personer,27240
EliminatedValue,6,100000,5,0,Folkemengden etter administrativ bydel og alder 2008-2019,2014,Oslo i alt,10-12 år,Personer,17663
EliminatedValue,6,100000,6,0,Folkemengden etter administrativ bydel og alder 2008-2019,2014,Oslo i alt,13-15 år,Personer,17009
EliminatedValue,6,100000,7,0,Folkemengden etter administrativ bydel og alder 2008-2019,2014,Oslo i alt,16-17 år,Personer,11394
EliminatedValue,6,100000,8,0,Folkemengden etter administrativ bydel og alder 2008-2019,2014,Oslo i alt,18-19 år,Personer,12146
EliminatedValue,6,100000,9,0,Folkemengden etter administrativ bydel og alder 2008-2019,2014,Oslo i alt,20-22 år,Personer,24436
EliminatedValue,6,100000,10,0,Folkemengden etter administrativ bydel og alder 2008-2019,2014,Oslo i alt,23-24 år,Personer,21426
EliminatedValue,6,100000,11,0,Folkemengden etter administrativ bydel og alder 2008-2019,2014,Oslo i alt,25-29 år,Personer,67068
EliminatedValue,6,100000,12,0,Folkemengden etter administrativ bydel og alder 2008-2019,2014,Oslo i alt,30-39 år,Personer,118787
EliminatedValue,6,100000,13,0,Folkemengden etter administrativ bydel og alder 2008-2019,2014,Oslo i alt,40-49 år,Personer,88373
EliminatedValue,6,100000,14,0,Folkemengden etter administrativ bydel og alder 2008-2019,2014,Oslo i alt,50-66 år,Personer,107457
EliminatedValue,6,100000,15,0,Folkemengden etter administrativ bydel og alder 2008-2019,2014,Oslo i alt,67-74 år,Personer,32456
EliminatedValue,6,100000,16,0,Folkemengden etter administrativ bydel og alder 2008-2019,2014,Oslo i alt,75-79 år,Personer,11651
EliminatedValue,6,100000,17,0,Folkemengden etter administrativ bydel og alder 2008-2019,2014,Oslo i alt,80-84 år,Personer,9913
EliminatedValue,6,100000,18,0,Folkemengden etter administrativ bydel og alder 2008-2019,2014,Oslo i alt,85-89 år,Personer,7141
EliminatedValue,6,100000,19,0,Folkemengden etter administrativ bydel og alder 2008-2019,2014,Oslo i alt,90 år +,Personer,4857
EliminatedValue,6,1,0,0,Folkemengden etter administrativ bydel og alder 2008-2019,2014,Bydel Gamle Oslo,Alder i alt,Personer,48415
EliminatedValue,6,1,1,0,Folkemengden etter administrativ bydel og alder 2008-2019,2014,Bydel Gamle Oslo,0 år,Personer,945
EliminatedValue,6,1,2,0,Folkemengden etter administrativ bydel og alder 2008-2019,2014,Bydel Gamle Oslo,1-2 år,Personer,1655
EliminatedValue,6,1,3,0,Folkemengden etter administrativ bydel og alder 2008-2019,2014,Bydel Gamle Oslo,3-5 år,Personer,1885
EliminatedValue,6,1,4,0,Folkemengden etter administrativ bydel og alder 2008-2019,2014,Bydel Gamle Oslo,6-9 år,Personer,1673
EliminatedValue,6,1,5,0,Folkemengden etter administrativ bydel og alder 2008-2019,2014,Bydel Gamle Oslo,10-12 år,Personer,903
EliminatedValue,6,1,6,0,Folkemengden etter administrativ bydel og alder 2008-2019,2014,Bydel Gamle Oslo,13-15 år,Personer,794
EliminatedValue,6,1,7,0,Folkemengden etter administrativ bydel og alder 2008-2019,2014,Bydel Gamle Oslo,16-17 år,Personer,549
EliminatedValue,6,1,8,0,Folkemengden etter administrativ bydel og alder 2008-2019,2014,Bydel Gamle Oslo,18-19 år,Personer,644
EliminatedValue,6,1,9,0,Folkemengden etter administrativ bydel og alder 2008-2019,2014,Bydel Gamle Oslo,20-22 år,Personer,1846
EliminatedValue,6,1,10,0,Folkemengden etter administrativ bydel og alder 2008-2019,2014,Bydel Gamle Oslo,23-24 år,Personer,1845
EliminatedValue,6,1,11,0,Folkemengden etter administrativ bydel og alder 2008-2019,2014,Bydel Gamle Oslo,25-29 år,Personer,6986
EliminatedValue,6,1,12,0,Folkemengden etter administrativ bydel og alder 2008-2019,2014,Bydel Gamle Oslo,30-39 år,Personer,12909
EliminatedValue,6,1,13,0,Folkemengden etter administrativ bydel og alder 2008-2019,2014,Bydel Gamle Oslo,40-49 år,Personer,6682
EliminatedValue,6,1,14,0,Folkemengden etter administrativ bydel og alder 2008-2019,2014,Bydel Gamle Oslo,50-66 år,Personer,6591
EliminatedValue,6,1,15,0,Folkemengden etter administrativ bydel og alder 2008-2019,2014,Bydel Gamle Oslo,67-74 år,Personer,1408
EliminatedValue,6,1,16,0,Folkemengden etter administrativ bydel og alder 2008-2019,2014,Bydel Gamle Oslo,75-79 år,Personer,397
EliminatedValue,6,1,17,0,Folkemengden etter administrativ bydel og alder 2008-2019,2014,Bydel Gamle Oslo,80-84 år,Personer,300
EliminatedValue,6,1,18,0,Folkemengden etter administrativ bydel og alder 2008-2019,2014,Bydel Gamle Oslo,85-89 år,Personer,216
EliminatedValue,6,1,19,0,Folkemengden etter administrativ bydel og alder 2008-2019,2014,Bydel Gamle Oslo,90 år +,Personer,187
EliminatedValue,6,2,0,0,Folkemengden etter administrativ bydel og alder 2008-2019,2014,Bydel Grünerløkka,Alder i alt,Personer,52052
EliminatedValue,6,2,1,0,Folkemengden etter administrativ bydel og alder 2008-2019,2014,Bydel Grünerløkka,0 år,Personer,933
EliminatedValue,6,2,2,0,Folkemengden etter administrativ bydel og alder 2008-2019,2014,Bydel Grünerløkka,1-2 år,Personer,1586
EliminatedValue,6,2,3,0,Folkemengden etter administrativ bydel og alder 2008-2019,2014,Bydel Grünerløkka,3-5 år,Personer,1526
EliminatedValue,6,2,4,0,Folkemengden etter administrativ bydel og alder 2008-2019,2014,Bydel Grünerløkka,6-9 år,Personer,1394
EliminatedValue,6,2,5,0,Folkemengden etter administrativ bydel og alder 2008-2019,2014,Bydel Grünerløkka,10-12 år,Personer,792
EliminatedValue,6,2,6,0,Folkemengden etter administrativ bydel og alder 2008-2019,2014,Bydel Grünerløkka,13-15 år,Personer,663
EliminatedValue,6,2,7,0,Folkemengden etter administrativ bydel og alder 2008-2019,2014,Bydel Grünerløkka,16-17 år,Personer,482
EliminatedValue,6,2,8,0,Folkemengden etter administrativ bydel og alder 2008-2019,2014,Bydel Grünerløkka,18-19 år,Personer,646
EliminatedValue,6,2,9,0,Folkemengden etter administrativ bydel og alder 2008-2019,2014,Bydel Grünerløkka,20-22 år,Personer,2462
EliminatedValue,6,2,10,0,Folkemengden etter administrativ bydel og alder 2008-2019,2014,Bydel Grünerløkka,23-24 år,Personer,2668
EliminatedValue,6,2,11,0,Folkemengden etter administrativ bydel og alder 2008-2019,2014,Bydel Grünerløkka,25-29 år,Personer,9481
EliminatedValue,6,2,12,0,Folkemengden etter administrativ bydel og alder 2008-2019,2014,Bydel Grünerløkka,30-39 år,Personer,14261
EliminatedValue,6,2,13,0,Folkemengden etter administrativ bydel og alder 2008-2019,2014,Bydel Grünerløkka,40-49 år,Personer,6660
EliminatedValue,6,2,14,0,Folkemengden etter administrativ bydel og alder 2008-2019,2014,Bydel Grünerløkka,50-66 år,Personer,5976
EliminatedValue,6,2,15,0,Folkemengden etter administrativ bydel og alder 2008-2019,2014,Bydel Grünerløkka,67-74 år,Personer,1366
EliminatedValue,6,2,16,0,Folkemengden etter administrativ bydel og alder 2008-2019,2014,Bydel Grünerløkka,75-79 år,Personer,367
EliminatedValue,6,2,17,0,Folkemengden etter administrativ bydel og alder 2008-2019,2014,Bydel Grünerløkka,80-84 år,Personer,318
EliminatedValue,6,2,18,0,Folkemengden etter administrativ bydel og alder 2008-2019,2014,Bydel Grünerløkka,85-89 år,Personer,232
EliminatedValue,6,2,19,0,Folkemengden etter administrativ bydel og alder 2008-2019,2014,Bydel Grünerløkka,90 år +,Personer,239
EliminatedValue,6,3,0,0,Folkemengden etter administrativ bydel og alder 2008-2019,2014,Bydel Sagene,Alder i alt,Personer,38646
EliminatedValue,6,3,1,0,Folkemengden etter administrativ bydel og alder 2008-2019,2014,Bydel Sagene,0 år,Personer,822
EliminatedValue,6,3,2,0,Folkemengden etter administrativ bydel og alder 2008-2019,2014,Bydel Sagene,1-2 år,Personer,1227
EliminatedValue,6,3,3,0,Folkemengden etter administrativ bydel og alder 2008-2019,2014,Bydel Sagene,3-5 år,Personer,1138
EliminatedValue,6,3,4,0,Folkemengden etter administrativ bydel og alder 2008-2019,2014,Bydel Sagene,6-9 år,Personer,930
EliminatedValue,6,3,5,0,Folkemengden etter administrativ bydel og alder 2008-2019,2014,Bydel Sagene,10-12 år,Personer,503
EliminatedValue,6,3,6,0,Folkemengden etter administrativ bydel og alder 2008-2019,2014,Bydel Sagene,13-15 år,Personer,426
EliminatedValue,6,3,7,0,Folkemengden etter administrativ bydel og alder 2008-2019,2014,Bydel Sagene,16-17 år,Personer,300
EliminatedValue,6,3,8,0,Folkemengden etter administrativ bydel og alder 2008-2019,2014,Bydel Sagene,18-19 år,Personer,374
EliminatedValue,6,3,9,0,Folkemengden etter administrativ bydel og alder 2008-2019,2014,Bydel Sagene,20-22 år,Personer,1515
EliminatedValue,6,3,10,0,Folkemengden etter administrativ bydel og alder 2008-2019,2014,Bydel Sagene,23-24 år,Personer,1777
EliminatedValue,6,3,11,0,Folkemengden etter administrativ bydel og alder 2008-2019,2014,Bydel Sagene,25-29 år,Personer,7165
EliminatedValue,6,3,12,0,Folkemengden etter administrativ bydel og alder 2008-2019,2014,Bydel Sagene,30-39 år,Personer,10689
EliminatedValue,6,3,13,0,Folkemengden etter administrativ bydel og alder 2008-2019,2014,Bydel Sagene,40-49 år,Personer,4623
EliminatedValue,6,3,14,0,Folkemengden etter administrativ bydel og alder 2008-2019,2014,Bydel Sagene,50-66 år,Personer,4710
EliminatedValue,6,3,15,0,Folkemengden etter administrativ bydel og alder 2008-2019,2014,Bydel Sagene,67-74 år,Personer,1274
EliminatedValue,6,3,16,0,Folkemengden etter administrativ bydel og alder 2008-2019,2014,Bydel Sagene,75-79 år,Personer,383
EliminatedValue,6,3,17,0,Folkemengden etter administrativ bydel og alder 2008-2019,2014,Bydel Sagene,80-84 år,Personer,316
EliminatedValue,6,3,18,0,Folkemengden etter administrativ bydel og alder 2008-2019,2014,Bydel Sagene,85-89 år,Personer,236
EliminatedValue,6,3,19,0,Folkemengden etter administrativ bydel og alder 2008-2019,2014,Bydel Sagene,90 år +,Personer,238
EliminatedValue,6,4,0,0,Folkemengden etter administrativ bydel og alder 2008-2019,2014,Bydel St.Hanshaugen,Alder i alt,Personer,36488
EliminatedValue,6,4,1,0,Folkemengden etter administrativ bydel og alder 2008-2019,2014,Bydel St.Hanshaugen,0 år,Personer,576
EliminatedValue,6,4,2,0,Folkemengden etter administrativ bydel og alder 2008-2019,2014,Bydel St.Hanshaugen,1-2 år,Personer,799
EliminatedValue,6,4,3,0,Folkemengden etter administrativ bydel og alder 2008-2019,2014,Bydel St.Hanshaugen,3-5 år,Personer,853
EliminatedValue,6,4,4,0,Folkemengden etter administrativ bydel og alder 2008-2019,2014,Bydel St.Hanshaugen,6-9 år,Personer,779
EliminatedValue,6,4,5,0,Folkemengden etter administrativ bydel og alder 2008-2019,2014,Bydel St.Hanshaugen,10-12 år,Personer,464
EliminatedValue,6,4,6,0,Folkemengden etter administrativ bydel og alder 2008-2019,2014,Bydel St.Hanshaugen,13-15 år,Personer,416
EliminatedValue,6,4,7,0,Folkemengden etter administrativ bydel og alder 2008-2019,2014,Bydel St.Hanshaugen,16-17 år,Personer,302
EliminatedValue,6,4,8,0,Folkemengden etter administrativ bydel og alder 2008-2019,2014,Bydel St.Hanshaugen,18-19 år,Personer,425
EliminatedValue,6,4,9,0,Folkemengden etter administrativ bydel og alder 2008-2019,2014,Bydel St.Hanshaugen,20-22 år,Personer,2013
EliminatedValue,6,4,10,0,Folkemengden etter administrativ bydel og alder 2008-2019,2014,Bydel St.Hanshaugen,23-24 år,Personer,2283
EliminatedValue,6,4,11,0,Folkemengden etter administrativ bydel og alder 2008-2019,2014,Bydel St.Hanshaugen,25-29 år,Personer,7221
EliminatedValue,6,4,12,0,Folkemengden etter administrativ bydel og alder 2008-2019,2014,Bydel St.Hanshaugen,30-39 år,Personer,9028
EliminatedValue,6,4,13,0,Folkemengden etter administrativ bydel og alder 2008-2019,2014,Bydel St.Hanshaugen,40-49 år,Personer,4439
EliminatedValue,6,4,14,0,Folkemengden etter administrativ bydel og alder 2008-2019,2014,Bydel St.Hanshaugen,50-66 år,Personer,4507
EliminatedValue,6,4,15,0,Folkemengden etter administrativ bydel og alder 2008-2019,2014,Bydel St.Hanshaugen,67-74 år,Personer,1267
EliminatedValue,6,4,16,0,Folkemengden etter administrativ bydel og alder 2008-2019,2014,Bydel St.Hanshaugen,75-79 år,Personer,383
EliminatedValue,6,4,17,0,Folkemengden etter administrativ bydel og alder 2008-2019,2014,Bydel St.Hanshaugen,80-84 år,Personer,300
EliminatedValue,6,4,18,0,Folkemengden etter administrativ bydel og alder 2008-2019,2014,Bydel St.Hanshaugen,85-89 år,Personer,215
EliminatedValue,6,4,19,0,Folkemengden etter administrativ bydel og alder 2008-2019,2014,Bydel St.Hanshaugen,90 år +,Personer,218
EliminatedValue,6,5,0,0,Folkemengden etter administrativ bydel og alder 2008-2019,2014,Bydel Frogner,Alder i alt,Personer,54689
EliminatedValue,6,5,1,0,Folkemengden etter administrativ bydel og alder 2008-2019,2014,Bydel Frogner,0 år,Personer,667
EliminatedValue,6,5,2,0,Folkemengden etter administrativ bydel og alder 2008-2019,2014,Bydel Frogner,1-2 år,Personer,1036
EliminatedValue,6,5,3,0,Folkemengden etter administrativ bydel og alder 2008-2019,2014,Bydel Frogner,3-5 år,Personer,1208
EliminatedValue,6,5,4,0,Folkemengden etter administrativ bydel og alder 2008-2019,2014,Bydel Frogner,6-9 år,Personer,1158
EliminatedValue,6,5,5,0,Folkemengden etter administrativ bydel og alder 2008-2019,2014,Bydel Frogner,10-12 år,Personer,728
EliminatedValue,6,5,6,0,Folkemengden etter administrativ bydel og alder 2008-2019,2014,Bydel Frogner,13-15 år,Personer,751
EliminatedValue,6,5,7,0,Folkemengden etter administrativ bydel og alder 2008-2019,2014,Bydel Frogner,16-17 år,Personer,566
EliminatedValue,6,5,8,0,Folkemengden etter administrativ bydel og alder 2008-2019,2014,Bydel Frogner,18-19 år,Personer,758
EliminatedValue,6,5,9,0,Folkemengden etter administrativ bydel og alder 2008-2019,2014,Bydel Frogner,20-22 år,Personer,2642
EliminatedValue,6,5,10,0,Folkemengden etter administrativ bydel og alder 2008-2019,2014,Bydel Frogner,23-24 år,Personer,2668
EliminatedValue,6,5,11,0,Folkemengden etter administrativ bydel og alder 2008-2019,2014,Bydel Frogner,25-29 år,Personer,8860
EliminatedValue,6,5,12,0,Folkemengden etter administrativ bydel og alder 2008-2019,2014,Bydel Frogner,30-39 år,Personer,11092
EliminatedValue,6,5,13,0,Folkemengden etter administrativ bydel og alder 2008-2019,2014,Bydel Frogner,40-49 år,Personer,6522
EliminatedValue,6,5,14,0,Folkemengden etter administrativ bydel og alder 2008-2019,2014,Bydel Frogner,50-66 år,Personer,9368
EliminatedValue,6,5,15,0,Folkemengden etter administrativ bydel og alder 2008-2019,2014,Bydel Frogner,67-74 år,Personer,3401
EliminatedValue,6,5,16,0,Folkemengden etter administrativ bydel og alder 2008-2019,2014,Bydel Frogner,75-79 år,Personer,1198
EliminatedValue,6,5,17,0,Folkemengden etter administrativ bydel og alder 2008-2019,2014,Bydel Frogner,80-84 år,Personer,867
EliminatedValue,6,5,18,0,Folkemengden etter administrativ bydel og alder 2008-2019,2014,Bydel Frogner,85-89 år,Personer,650
EliminatedValue,6,5,19,0,Folkemengden etter administrativ bydel og alder 2008-2019,2014,Bydel Frogner,90 år +,Personer,549
EliminatedValue,6,6,0,0,Folkemengden etter administrativ bydel og alder 2008-2019,2014,Bydel Ullern,Alder i alt,Personer,31562
EliminatedValue,6,6,1,0,Folkemengden etter administrativ bydel og alder 2008-2019,2014,Bydel Ullern,0 år,Personer,422
EliminatedValue,6,6,2,0,Folkemengden etter administrativ bydel og alder 2008-2019,2014,Bydel Ullern,1-2 år,Personer,868
EliminatedValue,6,6,3,0,Folkemengden etter administrativ bydel og alder 2008-2019,2014,Bydel Ullern,3-5 år,Personer,1289
EliminatedValue,6,6,4,0,Folkemengden etter administrativ bydel og alder 2008-2019,2014,Bydel Ullern,6-9 år,Personer,1593
EliminatedValue,6,6,5,0,Folkemengden etter administrativ bydel og alder 2008-2019,2014,Bydel Ullern,10-12 år,Personer,1006
EliminatedValue,6,6,6,0,Folkemengden etter administrativ bydel og alder 2008-2019,2014,Bydel Ullern,13-15 år,Personer,892
EliminatedValue,6,6,7,0,Folkemengden etter administrativ bydel og alder 2008-2019,2014,Bydel Ullern,16-17 år,Personer,611
EliminatedValue,6,6,8,0,Folkemengden etter administrativ bydel og alder 2008-2019,2014,Bydel Ullern,18-19 år,Personer,633
EliminatedValue,6,6,9,0,Folkemengden etter administrativ bydel og alder 2008-2019,2014,Bydel Ullern,20-22 år,Personer,855
EliminatedValue,6,6,10,0,Folkemengden etter administrativ bydel og alder 2008-2019,2014,Bydel Ullern,23-24 år,Personer,614
EliminatedValue,6,6,11,0,Folkemengden etter administrativ bydel og alder 2008-2019,2014,Bydel Ullern,25-29 år,Personer,1943
EliminatedValue,6,6,12,0,Folkemengden etter administrativ bydel og alder 2008-2019,2014,Bydel Ullern,30-39 år,Personer,4767
EliminatedValue,6,6,13,0,Folkemengden etter administrativ bydel og alder 2008-2019,2014,Bydel Ullern,40-49 år,Personer,4503
EliminatedValue,6,6,14,0,Folkemengden etter administrativ bydel og alder 2008-2019,2014,Bydel Ullern,50-66 år,Personer,6587
EliminatedValue,6,6,15,0,Folkemengden etter administrativ bydel og alder 2008-2019,2014,Bydel Ullern,67-74 år,Personer,2577
EliminatedValue,6,6,16,0,Folkemengden etter administrativ bydel og alder 2008-2019,2014,Bydel Ullern,75-79 år,Personer,867
EliminatedValue,6,6,17,0,Folkemengden etter administrativ bydel og alder 2008-2019,2014,Bydel Ullern,80-84 år,Personer,664
EliminatedValue,6,6,18,0,Folkemengden etter administrativ bydel og alder 2008-2019,2014,Bydel Ullern,85-89 år,Personer,545
EliminatedValue,6,6,19,0,Folkemengden etter administrativ bydel og alder 2008-2019,2014,Bydel Ullern,90 år +,Personer,326
EliminatedValue,6,7,0,0,Folkemengden etter administrativ bydel og alder 2008-2019,2014,Bydel Vestre Aker,Alder i alt,Personer,47322
EliminatedValue,6,7,1,0,Folkemengden etter administrativ bydel og alder 2008-2019,2014,Bydel Vestre Aker,0 år,Personer,652
EliminatedValue,6,7,2,0,Folkemengden etter administrativ bydel og alder 2008-2019,2014,Bydel Vestre Aker,1-2 år,Personer,1359
EliminatedValue,6,7,3,0,Folkemengden etter administrativ bydel og alder 2008-2019,2014,Bydel Vestre Aker,3-5 år,Personer,2087
EliminatedValue,6,7,4,0,Folkemengden etter administrativ bydel og alder 2008-2019,2014,Bydel Vestre Aker,6-9 år,Personer,2649
EliminatedValue,6,7,5,0,Folkemengden etter administrativ bydel og alder 2008-2019,2014,Bydel Vestre Aker,10-12 år,Personer,1700
EliminatedValue,6,7,6,0,Folkemengden etter administrativ bydel og alder 2008-2019,2014,Bydel Vestre Aker,13-15 år,Personer,1640
EliminatedValue,6,7,7,0,Folkemengden etter administrativ bydel og alder 2008-2019,2014,Bydel Vestre Aker,16-17 år,Personer,1057
EliminatedValue,6,7,8,0,Folkemengden etter administrativ bydel og alder 2008-2019,2014,Bydel Vestre Aker,18-19 år,Personer,1111
EliminatedValue,6,7,9,0,Folkemengden etter administrativ bydel og alder 2008-2019,2014,Bydel Vestre Aker,20-22 år,Personer,1512
EliminatedValue,6,7,10,0,Folkemengden etter administrativ bydel og alder 2008-2019,2014,Bydel Vestre Aker,23-24 år,Personer,1109
EliminatedValue,6,7,11,0,Folkemengden etter administrativ bydel og alder 2008-2019,2014,Bydel Vestre Aker,25-29 år,Personer,2887
EliminatedValue,6,7,12,0,Folkemengden etter administrativ bydel og alder 2008-2019,2014,Bydel Vestre Aker,30-39 år,Personer,6498
EliminatedValue,6,7,13,0,Folkemengden etter administrativ bydel og alder 2008-2019,2014,Bydel Vestre Aker,40-49 år,Personer,6783
EliminatedValue,6,7,14,0,Folkemengden etter administrativ bydel og alder 2008-2019,2014,Bydel Vestre Aker,50-66 år,Personer,9786
EliminatedValue,6,7,15,0,Folkemengden etter administrativ bydel og alder 2008-2019,2014,Bydel Vestre Aker,67-74 år,Personer,3322
EliminatedValue,6,7,16,0,Folkemengden etter administrativ bydel og alder 2008-2019,2014,Bydel Vestre Aker,75-79 år,Personer,1050
EliminatedValue,6,7,17,0,Folkemengden etter administrativ bydel og alder 2008-2019,2014,Bydel Vestre Aker,80-84 år,Personer,918
EliminatedValue,6,7,18,0,Folkemengden etter administrativ bydel og alder 2008-2019,2014,Bydel Vestre Aker,85-89 år,Personer,703
EliminatedValue,6,7,19,0,Folkemengden etter administrativ bydel og alder 2008-2019,2014,Bydel Vestre Aker,90 år +,Personer,499
EliminatedValue,6,8,0,0,Folkemengden etter administrativ bydel og alder 2008-2019,2014,Bydel Nordre Aker,Alder i alt,Personer,49505
EliminatedValue,6,8,1,0,Folkemengden etter administrativ bydel og alder 2008-2019,2014,Bydel Nordre Aker,0 år,Personer,667
EliminatedValue,6,8,2,0,Folkemengden etter administrativ bydel og alder 2008-2019,2014,Bydel Nordre Aker,1-2 år,Personer,1336
EliminatedValue,6,8,3,0,Folkemengden etter administrativ bydel og alder 2008-2019,2014,Bydel Nordre Aker,3-5 år,Personer,2155
EliminatedValue,6,8,4,0,Folkemengden etter administrativ bydel og alder 2008-2019,2014,Bydel Nordre Aker,6-9 år,Personer,2653
EliminatedValue,6,8,5,0,Folkemengden etter administrativ bydel og alder 2008-2019,2014,Bydel Nordre Aker,10-12 år,Personer,1748
EliminatedValue,6,8,6,0,Folkemengden etter administrativ bydel og alder 2008-2019,2014,Bydel Nordre Aker,13-15 år,Personer,1698
EliminatedValue,6,8,7,0,Folkemengden etter administrativ bydel og alder 2008-2019,2014,Bydel Nordre Aker,16-17 år,Personer,1054
EliminatedValue,6,8,8,0,Folkemengden etter administrativ bydel og alder 2008-2019,2014,Bydel Nordre Aker,18-19 år,Personer,1115
EliminatedValue,6,8,9,0,Folkemengden etter administrativ bydel og alder 2008-2019,2014,Bydel Nordre Aker,20-22 år,Personer,2179
EliminatedValue,6,8,10,0,Folkemengden etter administrativ bydel og alder 2008-2019,2014,Bydel Nordre Aker,23-24 år,Personer,1699
EliminatedValue,6,8,11,0,Folkemengden etter administrativ bydel og alder 2008-2019,2014,Bydel Nordre Aker,25-29 år,Personer,3802
EliminatedValue,6,8,12,0,Folkemengden etter administrativ bydel og alder 2008-2019,2014,Bydel Nordre Aker,30-39 år,Personer,7276
EliminatedValue,6,8,13,0,Folkemengden etter administrativ bydel og alder 2008-2019,2014,Bydel Nordre Aker,40-49 år,Personer,7513
EliminatedValue,6,8,14,0,Folkemengden etter administrativ bydel og alder 2008-2019,2014,Bydel Nordre Aker,50-66 år,Personer,9012
EliminatedValue,6,8,15,0,Folkemengden etter administrativ bydel og alder 2008-2019,2014,Bydel Nordre Aker,67-74 år,Personer,2620
EliminatedValue,6,8,16,0,Folkemengden etter administrativ bydel og alder 2008-2019,2014,Bydel Nordre Aker,75-79 år,Personer,1011
EliminatedValue,6,8,17,0,Folkemengden etter administrativ bydel og alder 2008-2019,2014,Bydel Nordre Aker,80-84 år,Personer,867
EliminatedValue,6,8,18,0,Folkemengden etter administrativ bydel og alder 2008-2019,2014,Bydel Nordre Aker,85-89 år,Personer,667
EliminatedValue,6,8,19,0,Folkemengden etter administrativ bydel og alder 2008-2019,2014,Bydel Nordre Aker,90 år +,Personer,433
EliminatedValue,6,9,0,0,Folkemengden etter administrativ bydel og alder 2008-2019,2014,Bydel Bjerke,Alder i alt,Personer,30395
EliminatedValue,6,9,1,0,Folkemengden etter administrativ bydel og alder 2008-2019,2014,Bydel Bjerke,0 år,Personer,513
EliminatedValue,6,9,2,0,Folkemengden etter administrativ bydel og alder 2008-2019,2014,Bydel Bjerke,1-2 år,Personer,1076
EliminatedValue,6,9,3,0,Folkemengden etter administrativ bydel og alder 2008-2019,2014,Bydel Bjerke,3-5 år,Personer,1529
EliminatedValue,6,9,4,0,Folkemengden etter administrativ bydel og alder 2008-2019,2014,Bydel Bjerke,6-9 år,Personer,1649
EliminatedValue,6,9,5,0,Folkemengden etter administrativ bydel og alder 2008-2019,2014,Bydel Bjerke,10-12 år,Personer,1024
EliminatedValue,6,9,6,0,Folkemengden etter administrativ bydel og alder 2008-2019,2014,Bydel Bjerke,13-15 år,Personer,939
EliminatedValue,6,9,7,0,Folkemengden etter administrativ bydel og alder 2008-2019,2014,Bydel Bjerke,16-17 år,Personer,584
EliminatedValue,6,9,8,0,Folkemengden etter administrativ bydel og alder 2008-2019,2014,Bydel Bjerke,18-19 år,Personer,591
EliminatedValue,6,9,9,0,Folkemengden etter administrativ bydel og alder 2008-2019,2014,Bydel Bjerke,20-22 år,Personer,1015
EliminatedValue,6,9,10,0,Folkemengden etter administrativ bydel og alder 2008-2019,2014,Bydel Bjerke,23-24 år,Personer,788
EliminatedValue,6,9,11,0,Folkemengden etter administrativ bydel og alder 2008-2019,2014,Bydel Bjerke,25-29 år,Personer,2563
EliminatedValue,6,9,12,0,Folkemengden etter administrativ bydel og alder 2008-2019,2014,Bydel Bjerke,30-39 år,Personer,5652
EliminatedValue,6,9,13,0,Folkemengden etter administrativ bydel og alder 2008-2019,2014,Bydel Bjerke,40-49 år,Personer,4510
EliminatedValue,6,9,14,0,Folkemengden etter administrativ bydel og alder 2008-2019,2014,Bydel Bjerke,50-66 år,Personer,4833
EliminatedValue,6,9,15,0,Folkemengden etter administrativ bydel og alder 2008-2019,2014,Bydel Bjerke,67-74 år,Personer,1342
EliminatedValue,6,9,16,0,Folkemengden etter administrativ bydel og alder 2008-2019,2014,Bydel Bjerke,75-79 år,Personer,557
EliminatedValue,6,9,17,0,Folkemengden etter administrativ bydel og alder 2008-2019,2014,Bydel Bjerke,80-84 år,Personer,546
EliminatedValue,6,9,18,0,Folkemengden etter administrativ bydel og alder 2008-2019,2014,Bydel Bjerke,85-89 år,Personer,443
EliminatedValue,6,9,19,0,Folkemengden etter administrativ bydel og alder 2008-2019,2014,Bydel Bjerke,90 år +,Personer,241
EliminatedValue,6,10,0,0,Folkemengden etter administrativ bydel og alder 2008-2019,2014,Bydel Grorud,Alder i alt,Personer,27080
EliminatedValue,6,10,1,0,Folkemengden etter administrativ bydel og alder 2008-2019,2014,Bydel Grorud,0 år,Personer,358
EliminatedValue,6,10,2,0,Folkemengden etter administrativ bydel og alder 2008-2019,2014,Bydel Grorud,1-2 år,Personer,778
EliminatedValue,6,10,3,0,Folkemengden etter administrativ bydel og alder 2008-2019,2014,Bydel Grorud,3-5 år,Personer,1155
EliminatedValue,6,10,4,0,Folkemengden etter administrativ bydel og alder 2008-2019,2014,Bydel Grorud,6-9 år,Personer,1356
EliminatedValue,6,10,5,0,Folkemengden etter administrativ bydel og alder 2008-2019,2014,Bydel Grorud,10-12 år,Personer,946
EliminatedValue,6,10,6,0,Folkemengden etter administrativ bydel og alder 2008-2019,2014,Bydel Grorud,13-15 år,Personer,946
EliminatedValue,6,10,7,0,Folkemengden etter administrativ bydel og alder 2008-2019,2014,Bydel Grorud,16-17 år,Personer,643
EliminatedValue,6,10,8,0,Folkemengden etter administrativ bydel og alder 2008-2019,2014,Bydel Grorud,18-19 år,Personer,649
EliminatedValue,6,10,9,0,Folkemengden etter administrativ bydel og alder 2008-2019,2014,Bydel Grorud,20-22 år,Personer,980
EliminatedValue,6,10,10,0,Folkemengden etter administrativ bydel og alder 2008-2019,2014,Bydel Grorud,23-24 år,Personer,697
EliminatedValue,6,10,11,0,Folkemengden etter administrativ bydel og alder 2008-2019,2014,Bydel Grorud,25-29 år,Personer,1904
EliminatedValue,6,10,12,0,Folkemengden etter administrativ bydel og alder 2008-2019,2014,Bydel Grorud,30-39 år,Personer,4256
EliminatedValue,6,10,13,0,Folkemengden etter administrativ bydel og alder 2008-2019,2014,Bydel Grorud,40-49 år,Personer,4125
EliminatedValue,6,10,14,0,Folkemengden etter administrativ bydel og alder 2008-2019,2014,Bydel Grorud,50-66 år,Personer,5074
EliminatedValue,6,10,15,0,Folkemengden etter administrativ bydel og alder 2008-2019,2014,Bydel Grorud,67-74 år,Personer,1528
EliminatedValue,6,10,16,0,Folkemengden etter administrativ bydel og alder 2008-2019,2014,Bydel Grorud,75-79 år,Personer,628
EliminatedValue,6,10,17,0,Folkemengden etter administrativ bydel og alder 2008-2019,2014,Bydel Grorud,80-84 år,Personer,511
EliminatedValue,6,10,18,0,Folkemengden etter administrativ bydel og alder 2008-2019,2014,Bydel Grorud,85-89 år,Personer,334
EliminatedValue,6,10,19,0,Folkemengden etter administrativ bydel og alder 2008-2019,2014,Bydel Grorud,90 år +,Personer,212
EliminatedValue,6,11,0,0,Folkemengden etter administrativ bydel og alder 2008-2019,2014,Bydel Stovner,Alder i alt,Personer,31350
EliminatedValue,6,11,1,0,Folkemengden etter administrativ bydel og alder 2008-2019,2014,Bydel Stovner,0 år,Personer,388
EliminatedValue,6,11,2,0,Folkemengden etter administrativ bydel og alder 2008-2019,2014,Bydel Stovner,1-2 år,Personer,835
EliminatedValue,6,11,3,0,Folkemengden etter administrativ bydel og alder 2008-2019,2014,Bydel Stovner,3-5 år,Personer,1283
EliminatedValue,6,11,4,0,Folkemengden etter administrativ bydel og alder 2008-2019,2014,Bydel Stovner,6-9 år,Personer,1666
EliminatedValue,6,11,5,0,Folkemengden etter administrativ bydel og alder 2008-2019,2014,Bydel Stovner,10-12 år,Personer,1260
EliminatedValue,6,11,6,0,Folkemengden etter administrativ bydel og alder 2008-2019,2014,Bydel Stovner,13-15 år,Personer,1375
EliminatedValue,6,11,7,0,Folkemengden etter administrativ bydel og alder 2008-2019,2014,Bydel Stovner,16-17 år,Personer,876
EliminatedValue,6,11,8,0,Folkemengden etter administrativ bydel og alder 2008-2019,2014,Bydel Stovner,18-19 år,Personer,861
EliminatedValue,6,11,9,0,Folkemengden etter administrativ bydel og alder 2008-2019,2014,Bydel Stovner,20-22 år,Personer,1185
EliminatedValue,6,11,10,0,Folkemengden etter administrativ bydel og alder 2008-2019,2014,Bydel Stovner,23-24 år,Personer,788
EliminatedValue,6,11,11,0,Folkemengden etter administrativ bydel og alder 2008-2019,2014,Bydel Stovner,25-29 år,Personer,2009
EliminatedValue,6,11,12,0,Folkemengden etter administrativ bydel og alder 2008-2019,2014,Bydel Stovner,30-39 år,Personer,4160
EliminatedValue,6,11,13,0,Folkemengden etter administrativ bydel og alder 2008-2019,2014,Bydel Stovner,40-49 år,Personer,4744
EliminatedValue,6,11,14,0,Folkemengden etter administrativ bydel og alder 2008-2019,2014,Bydel Stovner,50-66 år,Personer,5925
EliminatedValue,6,11,15,0,Folkemengden etter administrativ bydel og alder 2008-2019,2014,Bydel Stovner,67-74 år,Personer,2270
EliminatedValue,6,11,16,0,Folkemengden etter administrativ bydel og alder 2008-2019,2014,Bydel Stovner,75-79 år,Personer,767
EliminatedValue,6,11,17,0,Folkemengden etter administrativ bydel og alder 2008-2019,2014,Bydel Stovner,80-84 år,Personer,542
EliminatedValue,6,11,18,0,Folkemengden etter administrativ bydel og alder 2008-2019,2014,Bydel Stovner,85-89 år,Personer,266
EliminatedValue,6,11,19,0,Folkemengden etter administrativ bydel og alder 2008-2019,2014,Bydel Stovner,90 år +,Personer,150
EliminatedValue,6,12,0,0,Folkemengden etter administrativ bydel og alder 2008-2019,2014,Bydel Alna,Alder i alt,Personer,48315
EliminatedValue,6,12,1,0,Folkemengden etter administrativ bydel og alder 2008-2019,2014,Bydel Alna,0 år,Personer,747
EliminatedValue,6,12,2,0,Folkemengden etter administrativ bydel og alder 2008-2019,2014,Bydel Alna,1-2 år,Personer,1409
EliminatedValue,6,12,3,0,Folkemengden etter administrativ bydel og alder 2008-2019,2014,Bydel Alna,3-5 år,Personer,2058
EliminatedValue,6,12,4,0,Folkemengden etter administrativ bydel og alder 2008-2019,2014,Bydel Alna,6-9 år,Personer,2393
EliminatedValue,6,12,5,0,Folkemengden etter administrativ bydel og alder 2008-2019,2014,Bydel Alna,10-12 år,Personer,1666
EliminatedValue,6,12,6,0,Folkemengden etter administrativ bydel og alder 2008-2019,2014,Bydel Alna,13-15 år,Personer,1640
EliminatedValue,6,12,7,0,Folkemengden etter administrativ bydel og alder 2008-2019,2014,Bydel Alna,16-17 år,Personer,1095
EliminatedValue,6,12,8,0,Folkemengden etter administrativ bydel og alder 2008-2019,2014,Bydel Alna,18-19 år,Personer,1074
EliminatedValue,6,12,9,0,Folkemengden etter administrativ bydel og alder 2008-2019,2014,Bydel Alna,20-22 år,Personer,1633
EliminatedValue,6,12,10,0,Folkemengden etter administrativ bydel og alder 2008-2019,2014,Bydel Alna,23-24 år,Personer,1284
EliminatedValue,6,12,11,0,Folkemengden etter administrativ bydel og alder 2008-2019,2014,Bydel Alna,25-29 år,Personer,3753
EliminatedValue,6,12,12,0,Folkemengden etter administrativ bydel og alder 2008-2019,2014,Bydel Alna,30-39 år,Personer,8078
EliminatedValue,6,12,13,0,Folkemengden etter administrativ bydel og alder 2008-2019,2014,Bydel Alna,40-49 år,Personer,6803
EliminatedValue,6,12,14,0,Folkemengden etter administrativ bydel og alder 2008-2019,2014,Bydel Alna,50-66 år,Personer,9198
EliminatedValue,6,12,15,0,Folkemengden etter administrativ bydel og alder 2008-2019,2014,Bydel Alna,67-74 år,Personer,2822
EliminatedValue,6,12,16,0,Folkemengden etter administrativ bydel og alder 2008-2019,2014,Bydel Alna,75-79 år,Personer,968
EliminatedValue,6,12,17,0,Folkemengden etter administrativ bydel og alder 2008-2019,2014,Bydel Alna,80-84 år,Personer,825
EliminatedValue,6,12,18,0,Folkemengden etter administrativ bydel og alder 2008-2019,2014,Bydel Alna,85-89 år,Personer,522
EliminatedValue,6,12,19,0,Folkemengden etter administrativ bydel og alder 2008-2019,2014,Bydel Alna,90 år +,Personer,347
EliminatedValue,6,13,0,0,Folkemengden etter administrativ bydel og alder 2008-2019,2014,Bydel Østensjø,Alder i alt,Personer,48829
EliminatedValue,6,13,1,0,Folkemengden etter administrativ bydel og alder 2008-2019,2014,Bydel Østensjø,0 år,Personer,660
EliminatedValue,6,13,2,0,Folkemengden etter administrativ bydel og alder 2008-2019,2014,Bydel Østensjø,1-2 år,Personer,1495
EliminatedValue,6,13,3,0,Folkemengden etter administrativ bydel og alder 2008-2019,2014,Bydel Østensjø,3-5 år,Personer,2243
EliminatedValue,6,13,4,0,Folkemengden etter administrativ bydel og alder 2008-2019,2014,Bydel Østensjø,6-9 år,Personer,2542
EliminatedValue,6,13,5,0,Folkemengden etter administrativ bydel og alder 2008-2019,2014,Bydel Østensjø,10-12 år,Personer,1566
EliminatedValue,6,13,6,0,Folkemengden etter administrativ bydel og alder 2008-2019,2014,Bydel Østensjø,13-15 år,Personer,1573
EliminatedValue,6,13,7,0,Folkemengden etter administrativ bydel og alder 2008-2019,2014,Bydel Østensjø,16-17 år,Personer,1040
EliminatedValue,6,13,8,0,Folkemengden etter administrativ bydel og alder 2008-2019,2014,Bydel Østensjø,18-19 år,Personer,1012
EliminatedValue,6,13,9,0,Folkemengden etter administrativ bydel og alder 2008-2019,2014,Bydel Østensjø,20-22 år,Personer,1466
EliminatedValue,6,13,10,0,Folkemengden etter administrativ bydel og alder 2008-2019,2014,Bydel Østensjø,23-24 år,Personer,1063
EliminatedValue,6,13,11,0,Folkemengden etter administrativ bydel og alder 2008-2019,2014,Bydel Østensjø,25-29 år,Personer,3188
EliminatedValue,6,13,12,0,Folkemengden etter administrativ bydel og alder 2008-2019,2014,Bydel Østensjø,30-39 år,Personer,7690
EliminatedValue,6,13,13,0,Folkemengden etter administrativ bydel og alder 2008-2019,2014,Bydel Østensjø,40-49 år,Personer,7676
EliminatedValue,6,13,14,0,Folkemengden etter administrativ bydel og alder 2008-2019,2014,Bydel Østensjø,50-66 år,Personer,8606
EliminatedValue,6,13,15,0,Folkemengden etter administrativ bydel og alder 2008-2019,2014,Bydel Østensjø,67-74 år,Personer,2571
EliminatedValue,6,13,16,0,Folkemengden etter administrativ bydel og alder 2008-2019,2014,Bydel Østensjø,75-79 år,Personer,1444
EliminatedValue,6,13,17,0,Folkemengden etter administrativ bydel og alder 2008-2019,2014,Bydel Østensjø,80-84 år,Personer,1488
EliminatedValue,6,13,18,0,Folkemengden etter administrativ bydel og alder 2008-2019,2014,Bydel Østensjø,85-89 år,Personer,1000
EliminatedValue,6,13,19,0,Folkemengden etter administrativ bydel og alder 2008-2019,2014,Bydel Østensjø,90 år +,Personer,506
EliminatedValue,6,14,0,0,Folkemengden etter administrativ bydel og alder 2008-2019,2014,Bydel Nordstrand,Alder i alt,Personer,48990
EliminatedValue,6,14,1,0,Folkemengden etter administrativ bydel og alder 2008-2019,2014,Bydel Nordstrand,0 år,Personer,618
EliminatedValue,6,14,2,0,Folkemengden etter administrativ bydel og alder 2008-2019,2014,Bydel Nordstrand,1-2 år,Personer,1342
EliminatedValue,6,14,3,0,Folkemengden etter administrativ bydel og alder 2008-2019,2014,Bydel Nordstrand,3-5 år,Personer,2088
EliminatedValue,6,14,4,0,Folkemengden etter administrativ bydel og alder 2008-2019,2014,Bydel Nordstrand,6-9 år,Personer,2582
EliminatedValue,6,14,5,0,Folkemengden etter administrativ bydel og alder 2008-2019,2014,Bydel Nordstrand,10-12 år,Personer,1744
EliminatedValue,6,14,6,0,Folkemengden etter administrativ bydel og alder 2008-2019,2014,Bydel Nordstrand,13-15 år,Personer,1634
EliminatedValue,6,14,7,0,Folkemengden etter administrativ bydel og alder 2008-2019,2014,Bydel Nordstrand,16-17 år,Personer,1127
EliminatedValue,6,14,8,0,Folkemengden etter administrativ bydel og alder 2008-2019,2014,Bydel Nordstrand,18-19 år,Personer,1133
EliminatedValue,6,14,9,0,Folkemengden etter administrativ bydel og alder 2008-2019,2014,Bydel Nordstrand,20-22 år,Personer,1570
EliminatedValue,6,14,10,0,Folkemengden etter administrativ bydel og alder 2008-2019,2014,Bydel Nordstrand,23-24 år,Personer,1145
EliminatedValue,6,14,11,0,Folkemengden etter administrativ bydel og alder 2008-2019,2014,Bydel Nordstrand,25-29 år,Personer,2859
EliminatedValue,6,14,12,0,Folkemengden etter administrativ bydel og alder 2008-2019,2014,Bydel Nordstrand,30-39 år,Personer,7062
EliminatedValue,6,14,13,0,Folkemengden etter administrativ bydel og alder 2008-2019,2014,Bydel Nordstrand,40-49 år,Personer,7418
EliminatedValue,6,14,14,0,Folkemengden etter administrativ bydel og alder 2008-2019,2014,Bydel Nordstrand,50-66 år,Personer,9724
EliminatedValue,6,14,15,0,Folkemengden etter administrativ bydel og alder 2008-2019,2014,Bydel Nordstrand,67-74 år,Personer,3062
EliminatedValue,6,14,16,0,Folkemengden etter administrativ bydel og alder 2008-2019,2014,Bydel Nordstrand,75-79 år,Personer,1220
EliminatedValue,6,14,17,0,Folkemengden etter administrativ bydel og alder 2008-2019,2014,Bydel Nordstrand,80-84 år,Personer,1122
EliminatedValue,6,14,18,0,Folkemengden etter administrativ bydel og alder 2008-2019,2014,Bydel Nordstrand,85-89 år,Personer,921
EliminatedValue,6,14,19,0,Folkemengden etter administrativ bydel og alder 2008-2019,2014,Bydel Nordstrand,90 år +,Personer,619
EliminatedValue,6,15,0,0,Folkemengden etter administrativ bydel og alder 2008-2019,2014,Bydel Søndre Nordstrand,Alder i alt,Personer,37104
EliminatedValue,6,15,1,0,Folkemengden etter administrativ bydel og alder 2008-2019,2014,Bydel Søndre Nordstrand,0 år,Personer,546
EliminatedValue,6,15,2,0,Folkemengden etter administrativ bydel og alder 2008-2019,2014,Bydel Søndre Nordstrand,1-2 år,Personer,1158
EliminatedValue,6,15,3,0,Folkemengden etter administrativ bydel og alder 2008-2019,2014,Bydel Søndre Nordstrand,3-5 år,Personer,1755
EliminatedValue,6,15,4,0,Folkemengden etter administrativ bydel og alder 2008-2019,2014,Bydel Søndre Nordstrand,6-9 år,Personer,2223
EliminatedValue,6,15,5,0,Folkemengden etter administrativ bydel og alder 2008-2019,2014,Bydel Søndre Nordstrand,10-12 år,Personer,1613
EliminatedValue,6,15,6,0,Folkemengden etter administrativ bydel og alder 2008-2019,2014,Bydel Søndre Nordstrand,13-15 år,Personer,1622
EliminatedValue,6,15,7,0,Folkemengden etter administrativ bydel og alder 2008-2019,2014,Bydel Søndre Nordstrand,16-17 år,Personer,1108
EliminatedValue,6,15,8,0,Folkemengden etter administrativ bydel og alder 2008-2019,2014,Bydel Søndre Nordstrand,18-19 år,Personer,1120
EliminatedValue,6,15,9,0,Folkemengden etter administrativ bydel og alder 2008-2019,2014,Bydel Søndre Nordstrand,20-22 år,Personer,1563
EliminatedValue,6,15,10,0,Folkemengden etter administrativ bydel og alder 2008-2019,2014,Bydel Søndre Nordstrand,23-24 år,Personer,998
EliminatedValue,6,15,11,0,Folkemengden etter administrativ bydel og alder 2008-2019,2014,Bydel Søndre Nordstrand,25-29 år,Personer,2447
EliminatedValue,6,15,12,0,Folkemengden etter administrativ bydel og alder 2008-2019,2014,Bydel Søndre Nordstrand,30-39 år,Personer,5369
EliminatedValue,6,15,13,0,Folkemengden etter administrativ bydel og alder 2008-2019,2014,Bydel Søndre Nordstrand,40-49 år,Personer,5372
EliminatedValue,6,15,14,0,Folkemengden etter administrativ bydel og alder 2008-2019,2014,Bydel Søndre Nordstrand,50-66 år,Personer,7560
EliminatedValue,6,15,15,0,Folkemengden etter administrativ bydel og alder 2008-2019,2014,Bydel Søndre Nordstrand,67-74 år,Personer,1626
EliminatedValue,6,15,16,0,Folkemengden etter administrativ bydel og alder 2008-2019,2014,Bydel Søndre Nordstrand,75-79 år,Personer,411
EliminatedValue,6,15,17,0,Folkemengden etter administrativ bydel og alder 2008-2019,2014,Bydel Søndre Nordstrand,80-84 år,Personer,329
EliminatedValue,6,15,18,0,Folkemengden etter administrativ bydel og alder 2008-2019,2014,Bydel Søndre Nordstrand,85-89 år,Personer,191
EliminatedValue,6,15,19,0,Folkemengden etter administrativ bydel og alder 2008-2019,2014,Bydel Søndre Nordstrand,90 år +,Personer,93
EliminatedValue,7,100000,0,0,Folkemengden etter administrativ bydel og alder 2008-2019,2015,Oslo i alt,Alder i alt,Personer,642603
EliminatedValue,7,100000,1,0,Folkemengden etter administrativ bydel og alder 2008-2019,2015,Oslo i alt,0 år,Personer,9822
EliminatedValue,7,100000,2,0,Folkemengden etter administrativ bydel og alder 2008-2019,2015,Oslo i alt,1-2 år,Personer,17773
EliminatedValue,7,100000,3,0,Folkemengden etter administrativ bydel og alder 2008-2019,2015,Oslo i alt,3-5 år,Personer,24416
EliminatedValue,7,100000,4,0,Folkemengden etter administrativ bydel og alder 2008-2019,2015,Oslo i alt,6-9 år,Personer,27920
EliminatedValue,7,100000,5,0,Folkemengden etter administrativ bydel og alder 2008-2019,2015,Oslo i alt,10-12 år,Personer,18431
EliminatedValue,7,100000,6,0,Folkemengden etter administrativ bydel og alder 2008-2019,2015,Oslo i alt,13-15 år,Personer,17153
EliminatedValue,7,100000,7,0,Folkemengden etter administrativ bydel og alder 2008-2019,2015,Oslo i alt,16-17 år,Personer,11445
EliminatedValue,7,100000,8,0,Folkemengden etter administrativ bydel og alder 2008-2019,2015,Oslo i alt,18-19 år,Personer,12513
EliminatedValue,7,100000,9,0,Folkemengden etter administrativ bydel og alder 2008-2019,2015,Oslo i alt,20-22 år,Personer,24322
EliminatedValue,7,100000,10,0,Folkemengden etter administrativ bydel og alder 2008-2019,2015,Oslo i alt,23-24 år,Personer,21497
EliminatedValue,7,100000,11,0,Folkemengden etter administrativ bydel og alder 2008-2019,2015,Oslo i alt,25-29 år,Personer,69259
EliminatedValue,7,100000,12,0,Folkemengden etter administrativ bydel og alder 2008-2019,2015,Oslo i alt,30-39 år,Personer,120696
EliminatedValue,7,100000,13,0,Folkemengden etter administrativ bydel og alder 2008-2019,2015,Oslo i alt,40-49 år,Personer,90045
EliminatedValue,7,100000,14,0,Folkemengden etter administrativ bydel og alder 2008-2019,2015,Oslo i alt,50-66 år,Personer,109226
EliminatedValue,7,100000,15,0,Folkemengden etter administrativ bydel og alder 2008-2019,2015,Oslo i alt,67-74 år,Personer,34220
EliminatedValue,7,100000,16,0,Folkemengden etter administrativ bydel og alder 2008-2019,2015,Oslo i alt,75-79 år,Personer,12283
EliminatedValue,7,100000,17,0,Folkemengden etter administrativ bydel og alder 2008-2019,2015,Oslo i alt,80-84 år,Personer,9663
EliminatedValue,7,100000,18,0,Folkemengden etter administrativ bydel og alder 2008-2019,2015,Oslo i alt,85-89 år,Personer,6864
EliminatedValue,7,100000,19,0,Folkemengden etter administrativ bydel og alder 2008-2019,2015,Oslo i alt,90 år +,Personer,5055
EliminatedValue,7,1,0,0,Folkemengden etter administrativ bydel og alder 2008-2019,2015,Bydel Gamle Oslo,Alder i alt,Personer,49860
EliminatedValue,7,1,1,0,Folkemengden etter administrativ bydel og alder 2008-2019,2015,Bydel Gamle Oslo,0 år,Personer,1014
EliminatedValue,7,1,2,0,Folkemengden etter administrativ bydel og alder 2008-2019,2015,Bydel Gamle Oslo,1-2 år,Personer,1653
EliminatedValue,7,1,3,0,Folkemengden etter administrativ bydel og alder 2008-2019,2015,Bydel Gamle Oslo,3-5 år,Personer,1926
EliminatedValue,7,1,4,0,Folkemengden etter administrativ bydel og alder 2008-2019,2015,Bydel Gamle Oslo,6-9 år,Personer,1752
EliminatedValue,7,1,5,0,Folkemengden etter administrativ bydel og alder 2008-2019,2015,Bydel Gamle Oslo,10-12 år,Personer,940
EliminatedValue,7,1,6,0,Folkemengden etter administrativ bydel og alder 2008-2019,2015,Bydel Gamle Oslo,13-15 år,Personer,796
EliminatedValue,7,1,7,0,Folkemengden etter administrativ bydel og alder 2008-2019,2015,Bydel Gamle Oslo,16-17 år,Personer,560
EliminatedValue,7,1,8,0,Folkemengden etter administrativ bydel og alder 2008-2019,2015,Bydel Gamle Oslo,18-19 år,Personer,651
EliminatedValue,7,1,9,0,Folkemengden etter administrativ bydel og alder 2008-2019,2015,Bydel Gamle Oslo,20-22 år,Personer,1775
EliminatedValue,7,1,10,0,Folkemengden etter administrativ bydel og alder 2008-2019,2015,Bydel Gamle Oslo,23-24 år,Personer,1887
EliminatedValue,7,1,11,0,Folkemengden etter administrativ bydel og alder 2008-2019,2015,Bydel Gamle Oslo,25-29 år,Personer,7282
EliminatedValue,7,1,12,0,Folkemengden etter administrativ bydel og alder 2008-2019,2015,Bydel Gamle Oslo,30-39 år,Personer,13193
EliminatedValue,7,1,13,0,Folkemengden etter administrativ bydel og alder 2008-2019,2015,Bydel Gamle Oslo,40-49 år,Personer,6936
EliminatedValue,7,1,14,0,Folkemengden etter administrativ bydel og alder 2008-2019,2015,Bydel Gamle Oslo,50-66 år,Personer,6833
EliminatedValue,7,1,15,0,Folkemengden etter administrativ bydel og alder 2008-2019,2015,Bydel Gamle Oslo,67-74 år,Personer,1545
EliminatedValue,7,1,16,0,Folkemengden etter administrativ bydel og alder 2008-2019,2015,Bydel Gamle Oslo,75-79 år,Personer,426
EliminatedValue,7,1,17,0,Folkemengden etter administrativ bydel og alder 2008-2019,2015,Bydel Gamle Oslo,80-84 år,Personer,305
EliminatedValue,7,1,18,0,Folkemengden etter administrativ bydel og alder 2008-2019,2015,Bydel Gamle Oslo,85-89 år,Personer,203
EliminatedValue,7,1,19,0,Folkemengden etter administrativ bydel og alder 2008-2019,2015,Bydel Gamle Oslo,90 år +,Personer,183
EliminatedValue,7,2,0,0,Folkemengden etter administrativ bydel og alder 2008-2019,2015,Bydel Grünerløkka,Alder i alt,Personer,54555
EliminatedValue,7,2,1,0,Folkemengden etter administrativ bydel og alder 2008-2019,2015,Bydel Grünerløkka,0 år,Personer,994
EliminatedValue,7,2,2,0,Folkemengden etter administrativ bydel og alder 2008-2019,2015,Bydel Grünerløkka,1-2 år,Personer,1526
EliminatedValue,7,2,3,0,Folkemengden etter administrativ bydel og alder 2008-2019,2015,Bydel Grünerløkka,3-5 år,Personer,1650
EliminatedValue,7,2,4,0,Folkemengden etter administrativ bydel og alder 2008-2019,2015,Bydel Grünerløkka,6-9 år,Personer,1504
EliminatedValue,7,2,5,0,Folkemengden etter administrativ bydel og alder 2008-2019,2015,Bydel Grünerløkka,10-12 år,Personer,833
EliminatedValue,7,2,6,0,Folkemengden etter administrativ bydel og alder 2008-2019,2015,Bydel Grünerløkka,13-15 år,Personer,695
EliminatedValue,7,2,7,0,Folkemengden etter administrativ bydel og alder 2008-2019,2015,Bydel Grünerløkka,16-17 år,Personer,445
EliminatedValue,7,2,8,0,Folkemengden etter administrativ bydel og alder 2008-2019,2015,Bydel Grünerløkka,18-19 år,Personer,722
EliminatedValue,7,2,9,0,Folkemengden etter administrativ bydel og alder 2008-2019,2015,Bydel Grünerløkka,20-22 år,Personer,2557
EliminatedValue,7,2,10,0,Folkemengden etter administrativ bydel og alder 2008-2019,2015,Bydel Grünerløkka,23-24 år,Personer,2832
EliminatedValue,7,2,11,0,Folkemengden etter administrativ bydel og alder 2008-2019,2015,Bydel Grünerløkka,25-29 år,Personer,10094
EliminatedValue,7,2,12,0,Folkemengden etter administrativ bydel og alder 2008-2019,2015,Bydel Grünerløkka,30-39 år,Personer,14848
EliminatedValue,7,2,13,0,Folkemengden etter administrativ bydel og alder 2008-2019,2015,Bydel Grünerløkka,40-49 år,Personer,6896
EliminatedValue,7,2,14,0,Folkemengden etter administrativ bydel og alder 2008-2019,2015,Bydel Grünerløkka,50-66 år,Personer,6294
EliminatedValue,7,2,15,0,Folkemengden etter administrativ bydel og alder 2008-2019,2015,Bydel Grünerløkka,67-74 år,Personer,1482
EliminatedValue,7,2,16,0,Folkemengden etter administrativ bydel og alder 2008-2019,2015,Bydel Grünerløkka,75-79 år,Personer,414
EliminatedValue,7,2,17,0,Folkemengden etter administrativ bydel og alder 2008-2019,2015,Bydel Grünerløkka,80-84 år,Personer,313
EliminatedValue,7,2,18,0,Folkemengden etter administrativ bydel og alder 2008-2019,2015,Bydel Grünerløkka,85-89 år,Personer,225
EliminatedValue,7,2,19,0,Folkemengden etter administrativ bydel og alder 2008-2019,2015,Bydel Grünerløkka,90 år +,Personer,231
EliminatedValue,7,3,0,0,Folkemengden etter administrativ bydel og alder 2008-2019,2015,Bydel Sagene,Alder i alt,Personer,39917
EliminatedValue,7,3,1,0,Folkemengden etter administrativ bydel og alder 2008-2019,2015,Bydel Sagene,0 år,Personer,839
EliminatedValue,7,3,2,0,Folkemengden etter administrativ bydel og alder 2008-2019,2015,Bydel Sagene,1-2 år,Personer,1273
EliminatedValue,7,3,3,0,Folkemengden etter administrativ bydel og alder 2008-2019,2015,Bydel Sagene,3-5 år,Personer,1204
EliminatedValue,7,3,4,0,Folkemengden etter administrativ bydel og alder 2008-2019,2015,Bydel Sagene,6-9 år,Personer,958
EliminatedValue,7,3,5,0,Folkemengden etter administrativ bydel og alder 2008-2019,2015,Bydel Sagene,10-12 år,Personer,560
EliminatedValue,7,3,6,0,Folkemengden etter administrativ bydel og alder 2008-2019,2015,Bydel Sagene,13-15 år,Personer,398
EliminatedValue,7,3,7,0,Folkemengden etter administrativ bydel og alder 2008-2019,2015,Bydel Sagene,16-17 år,Personer,301
EliminatedValue,7,3,8,0,Folkemengden etter administrativ bydel og alder 2008-2019,2015,Bydel Sagene,18-19 år,Personer,402
EliminatedValue,7,3,9,0,Folkemengden etter administrativ bydel og alder 2008-2019,2015,Bydel Sagene,20-22 år,Personer,1518
EliminatedValue,7,3,10,0,Folkemengden etter administrativ bydel og alder 2008-2019,2015,Bydel Sagene,23-24 år,Personer,1866
EliminatedValue,7,3,11,0,Folkemengden etter administrativ bydel og alder 2008-2019,2015,Bydel Sagene,25-29 år,Personer,7412
EliminatedValue,7,3,12,0,Folkemengden etter administrativ bydel og alder 2008-2019,2015,Bydel Sagene,30-39 år,Personer,11037
EliminatedValue,7,3,13,0,Folkemengden etter administrativ bydel og alder 2008-2019,2015,Bydel Sagene,40-49 år,Personer,4761
EliminatedValue,7,3,14,0,Folkemengden etter administrativ bydel og alder 2008-2019,2015,Bydel Sagene,50-66 år,Personer,4856
EliminatedValue,7,3,15,0,Folkemengden etter administrativ bydel og alder 2008-2019,2015,Bydel Sagene,67-74 år,Personer,1400
EliminatedValue,7,3,16,0,Folkemengden etter administrativ bydel og alder 2008-2019,2015,Bydel Sagene,75-79 år,Personer,404
EliminatedValue,7,3,17,0,Folkemengden etter administrativ bydel og alder 2008-2019,2015,Bydel Sagene,80-84 år,Personer,293
EliminatedValue,7,3,18,0,Folkemengden etter administrativ bydel og alder 2008-2019,2015,Bydel Sagene,85-89 år,Personer,213
EliminatedValue,7,3,19,0,Folkemengden etter administrativ bydel og alder 2008-2019,2015,Bydel Sagene,90 år +,Personer,222
EliminatedValue,7,4,0,0,Folkemengden etter administrativ bydel og alder 2008-2019,2015,Bydel St.Hanshaugen,Alder i alt,Personer,37165
EliminatedValue,7,4,1,0,Folkemengden etter administrativ bydel og alder 2008-2019,2015,Bydel St.Hanshaugen,0 år,Personer,577
EliminatedValue,7,4,2,0,Folkemengden etter administrativ bydel og alder 2008-2019,2015,Bydel St.Hanshaugen,1-2 år,Personer,816
EliminatedValue,7,4,3,0,Folkemengden etter administrativ bydel og alder 2008-2019,2015,Bydel St.Hanshaugen,3-5 år,Personer,886
EliminatedValue,7,4,4,0,Folkemengden etter administrativ bydel og alder 2008-2019,2015,Bydel St.Hanshaugen,6-9 år,Personer,818
EliminatedValue,7,4,5,0,Folkemengden etter administrativ bydel og alder 2008-2019,2015,Bydel St.Hanshaugen,10-12 år,Personer,487
EliminatedValue,7,4,6,0,Folkemengden etter administrativ bydel og alder 2008-2019,2015,Bydel St.Hanshaugen,13-15 år,Personer,423
EliminatedValue,7,4,7,0,Folkemengden etter administrativ bydel og alder 2008-2019,2015,Bydel St.Hanshaugen,16-17 år,Personer,323
EliminatedValue,7,4,8,0,Folkemengden etter administrativ bydel og alder 2008-2019,2015,Bydel St.Hanshaugen,18-19 år,Personer,450
EliminatedValue,7,4,9,0,Folkemengden etter administrativ bydel og alder 2008-2019,2015,Bydel St.Hanshaugen,20-22 år,Personer,2017
EliminatedValue,7,4,10,0,Folkemengden etter administrativ bydel og alder 2008-2019,2015,Bydel St.Hanshaugen,23-24 år,Personer,2203
EliminatedValue,7,4,11,0,Folkemengden etter administrativ bydel og alder 2008-2019,2015,Bydel St.Hanshaugen,25-29 år,Personer,7392
EliminatedValue,7,4,12,0,Folkemengden etter administrativ bydel og alder 2008-2019,2015,Bydel St.Hanshaugen,30-39 år,Personer,9231
EliminatedValue,7,4,13,0,Folkemengden etter administrativ bydel og alder 2008-2019,2015,Bydel St.Hanshaugen,40-49 år,Personer,4557
EliminatedValue,7,4,14,0,Folkemengden etter administrativ bydel og alder 2008-2019,2015,Bydel St.Hanshaugen,50-66 år,Personer,4506
EliminatedValue,7,4,15,0,Folkemengden etter administrativ bydel og alder 2008-2019,2015,Bydel St.Hanshaugen,67-74 år,Personer,1338
EliminatedValue,7,4,16,0,Folkemengden etter administrativ bydel og alder 2008-2019,2015,Bydel St.Hanshaugen,75-79 år,Personer,414
EliminatedValue,7,4,17,0,Folkemengden etter administrativ bydel og alder 2008-2019,2015,Bydel St.Hanshaugen,80-84 år,Personer,306
EliminatedValue,7,4,18,0,Folkemengden etter administrativ bydel og alder 2008-2019,2015,Bydel St.Hanshaugen,85-89 år,Personer,207
EliminatedValue,7,4,19,0,Folkemengden etter administrativ bydel og alder 2008-2019,2015,Bydel St.Hanshaugen,90 år +,Personer,214
EliminatedValue,7,5,0,0,Folkemengden etter administrativ bydel og alder 2008-2019,2015,Bydel Frogner,Alder i alt,Personer,56006
EliminatedValue,7,5,1,0,Folkemengden etter administrativ bydel og alder 2008-2019,2015,Bydel Frogner,0 år,Personer,730
EliminatedValue,7,5,2,0,Folkemengden etter administrativ bydel og alder 2008-2019,2015,Bydel Frogner,1-2 år,Personer,1077
EliminatedValue,7,5,3,0,Folkemengden etter administrativ bydel og alder 2008-2019,2015,Bydel Frogner,3-5 år,Personer,1242
EliminatedValue,7,5,4,0,Folkemengden etter administrativ bydel og alder 2008-2019,2015,Bydel Frogner,6-9 år,Personer,1230
EliminatedValue,7,5,5,0,Folkemengden etter administrativ bydel og alder 2008-2019,2015,Bydel Frogner,10-12 år,Personer,795
EliminatedValue,7,5,6,0,Folkemengden etter administrativ bydel og alder 2008-2019,2015,Bydel Frogner,13-15 år,Personer,770
EliminatedValue,7,5,7,0,Folkemengden etter administrativ bydel og alder 2008-2019,2015,Bydel Frogner,16-17 år,Personer,574
EliminatedValue,7,5,8,0,Folkemengden etter administrativ bydel og alder 2008-2019,2015,Bydel Frogner,18-19 år,Personer,761
EliminatedValue,7,5,9,0,Folkemengden etter administrativ bydel og alder 2008-2019,2015,Bydel Frogner,20-22 år,Personer,2581
EliminatedValue,7,5,10,0,Folkemengden etter administrativ bydel og alder 2008-2019,2015,Bydel Frogner,23-24 år,Personer,2566
EliminatedValue,7,5,11,0,Folkemengden etter administrativ bydel og alder 2008-2019,2015,Bydel Frogner,25-29 år,Personer,9118
EliminatedValue,7,5,12,0,Folkemengden etter administrativ bydel og alder 2008-2019,2015,Bydel Frogner,30-39 år,Personer,11468
EliminatedValue,7,5,13,0,Folkemengden etter administrativ bydel og alder 2008-2019,2015,Bydel Frogner,40-49 år,Personer,6750
EliminatedValue,7,5,14,0,Folkemengden etter administrativ bydel og alder 2008-2019,2015,Bydel Frogner,50-66 år,Personer,9470
EliminatedValue,7,5,15,0,Folkemengden etter administrativ bydel og alder 2008-2019,2015,Bydel Frogner,67-74 år,Personer,3579
EliminatedValue,7,5,16,0,Folkemengden etter administrativ bydel og alder 2008-2019,2015,Bydel Frogner,75-79 år,Personer,1275
EliminatedValue,7,5,17,0,Folkemengden etter administrativ bydel og alder 2008-2019,2015,Bydel Frogner,80-84 år,Personer,842
EliminatedValue,7,5,18,0,Folkemengden etter administrativ bydel og alder 2008-2019,2015,Bydel Frogner,85-89 år,Personer,634
EliminatedValue,7,5,19,0,Folkemengden etter administrativ bydel og alder 2008-2019,2015,Bydel Frogner,90 år +,Personer,544
EliminatedValue,7,6,0,0,Folkemengden etter administrativ bydel og alder 2008-2019,2015,Bydel Ullern,Alder i alt,Personer,32100
EliminatedValue,7,6,1,0,Folkemengden etter administrativ bydel og alder 2008-2019,2015,Bydel Ullern,0 år,Personer,430
EliminatedValue,7,6,2,0,Folkemengden etter administrativ bydel og alder 2008-2019,2015,Bydel Ullern,1-2 år,Personer,846
EliminatedValue,7,6,3,0,Folkemengden etter administrativ bydel og alder 2008-2019,2015,Bydel Ullern,3-5 år,Personer,1312
EliminatedValue,7,6,4,0,Folkemengden etter administrativ bydel og alder 2008-2019,2015,Bydel Ullern,6-9 år,Personer,1634
EliminatedValue,7,6,5,0,Folkemengden etter administrativ bydel og alder 2008-2019,2015,Bydel Ullern,10-12 år,Personer,1047
EliminatedValue,7,6,6,0,Folkemengden etter administrativ bydel og alder 2008-2019,2015,Bydel Ullern,13-15 år,Personer,921
EliminatedValue,7,6,7,0,Folkemengden etter administrativ bydel og alder 2008-2019,2015,Bydel Ullern,16-17 år,Personer,600
EliminatedValue,7,6,8,0,Folkemengden etter administrativ bydel og alder 2008-2019,2015,Bydel Ullern,18-19 år,Personer,605
EliminatedValue,7,6,9,0,Folkemengden etter administrativ bydel og alder 2008-2019,2015,Bydel Ullern,20-22 år,Personer,905
EliminatedValue,7,6,10,0,Folkemengden etter administrativ bydel og alder 2008-2019,2015,Bydel Ullern,23-24 år,Personer,619
EliminatedValue,7,6,11,0,Folkemengden etter administrativ bydel og alder 2008-2019,2015,Bydel Ullern,25-29 år,Personer,2001
EliminatedValue,7,6,12,0,Folkemengden etter administrativ bydel og alder 2008-2019,2015,Bydel Ullern,30-39 år,Personer,4799
EliminatedValue,7,6,13,0,Folkemengden etter administrativ bydel og alder 2008-2019,2015,Bydel Ullern,40-49 år,Personer,4491
EliminatedValue,7,6,14,0,Folkemengden etter administrativ bydel og alder 2008-2019,2015,Bydel Ullern,50-66 år,Personer,6656
EliminatedValue,7,6,15,0,Folkemengden etter administrativ bydel og alder 2008-2019,2015,Bydel Ullern,67-74 år,Personer,2700
EliminatedValue,7,6,16,0,Folkemengden etter administrativ bydel og alder 2008-2019,2015,Bydel Ullern,75-79 år,Personer,973
EliminatedValue,7,6,17,0,Folkemengden etter administrativ bydel og alder 2008-2019,2015,Bydel Ullern,80-84 år,Personer,688
EliminatedValue,7,6,18,0,Folkemengden etter administrativ bydel og alder 2008-2019,2015,Bydel Ullern,85-89 år,Personer,496
EliminatedValue,7,6,19,0,Folkemengden etter administrativ bydel og alder 2008-2019,2015,Bydel Ullern,90 år +,Personer,377
EliminatedValue,7,7,0,0,Folkemengden etter administrativ bydel og alder 2008-2019,2015,Bydel Vestre Aker,Alder i alt,Personer,47948
EliminatedValue,7,7,1,0,Folkemengden etter administrativ bydel og alder 2008-2019,2015,Bydel Vestre Aker,0 år,Personer,661
EliminatedValue,7,7,2,0,Folkemengden etter administrativ bydel og alder 2008-2019,2015,Bydel Vestre Aker,1-2 år,Personer,1379
EliminatedValue,7,7,3,0,Folkemengden etter administrativ bydel og alder 2008-2019,2015,Bydel Vestre Aker,3-5 år,Personer,2047
EliminatedValue,7,7,4,0,Folkemengden etter administrativ bydel og alder 2008-2019,2015,Bydel Vestre Aker,6-9 år,Personer,2717
EliminatedValue,7,7,5,0,Folkemengden etter administrativ bydel og alder 2008-2019,2015,Bydel Vestre Aker,10-12 år,Personer,1772
EliminatedValue,7,7,6,0,Folkemengden etter administrativ bydel og alder 2008-2019,2015,Bydel Vestre Aker,13-15 år,Personer,1675
EliminatedValue,7,7,7,0,Folkemengden etter administrativ bydel og alder 2008-2019,2015,Bydel Vestre Aker,16-17 år,Personer,1066
EliminatedValue,7,7,8,0,Folkemengden etter administrativ bydel og alder 2008-2019,2015,Bydel Vestre Aker,18-19 år,Personer,1129
EliminatedValue,7,7,9,0,Folkemengden etter administrativ bydel og alder 2008-2019,2015,Bydel Vestre Aker,20-22 år,Personer,1528
EliminatedValue,7,7,10,0,Folkemengden etter administrativ bydel og alder 2008-2019,2015,Bydel Vestre Aker,23-24 år,Personer,1086
EliminatedValue,7,7,11,0,Folkemengden etter administrativ bydel og alder 2008-2019,2015,Bydel Vestre Aker,25-29 år,Personer,2954
EliminatedValue,7,7,12,0,Folkemengden etter administrativ bydel og alder 2008-2019,2015,Bydel Vestre Aker,30-39 år,Personer,6509
EliminatedValue,7,7,13,0,Folkemengden etter administrativ bydel og alder 2008-2019,2015,Bydel Vestre Aker,40-49 år,Personer,6888
EliminatedValue,7,7,14,0,Folkemengden etter administrativ bydel og alder 2008-2019,2015,Bydel Vestre Aker,50-66 år,Personer,9772
EliminatedValue,7,7,15,0,Folkemengden etter administrativ bydel og alder 2008-2019,2015,Bydel Vestre Aker,67-74 år,Personer,3535
EliminatedValue,7,7,16,0,Folkemengden etter administrativ bydel og alder 2008-2019,2015,Bydel Vestre Aker,75-79 år,Personer,1169
EliminatedValue,7,7,17,0,Folkemengden etter administrativ bydel og alder 2008-2019,2015,Bydel Vestre Aker,80-84 år,Personer,864
EliminatedValue,7,7,18,0,Folkemengden etter administrativ bydel og alder 2008-2019,2015,Bydel Vestre Aker,85-89 år,Personer,669
EliminatedValue,7,7,19,0,Folkemengden etter administrativ bydel og alder 2008-2019,2015,Bydel Vestre Aker,90 år +,Personer,528
EliminatedValue,7,8,0,0,Folkemengden etter administrativ bydel og alder 2008-2019,2015,Bydel Nordre Aker,Alder i alt,Personer,50148
EliminatedValue,7,8,1,0,Folkemengden etter administrativ bydel og alder 2008-2019,2015,Bydel Nordre Aker,0 år,Personer,654
EliminatedValue,7,8,2,0,Folkemengden etter administrativ bydel og alder 2008-2019,2015,Bydel Nordre Aker,1-2 år,Personer,1330
EliminatedValue,7,8,3,0,Folkemengden etter administrativ bydel og alder 2008-2019,2015,Bydel Nordre Aker,3-5 år,Personer,2179
EliminatedValue,7,8,4,0,Folkemengden etter administrativ bydel og alder 2008-2019,2015,Bydel Nordre Aker,6-9 år,Personer,2651
EliminatedValue,7,8,5,0,Folkemengden etter administrativ bydel og alder 2008-2019,2015,Bydel Nordre Aker,10-12 år,Personer,1820
EliminatedValue,7,8,6,0,Folkemengden etter administrativ bydel og alder 2008-2019,2015,Bydel Nordre Aker,13-15 år,Personer,1650
EliminatedValue,7,8,7,0,Folkemengden etter administrativ bydel og alder 2008-2019,2015,Bydel Nordre Aker,16-17 år,Personer,1093
EliminatedValue,7,8,8,0,Folkemengden etter administrativ bydel og alder 2008-2019,2015,Bydel Nordre Aker,18-19 år,Personer,1149
EliminatedValue,7,8,9,0,Folkemengden etter administrativ bydel og alder 2008-2019,2015,Bydel Nordre Aker,20-22 år,Personer,2177
EliminatedValue,7,8,10,0,Folkemengden etter administrativ bydel og alder 2008-2019,2015,Bydel Nordre Aker,23-24 år,Personer,1788
EliminatedValue,7,8,11,0,Folkemengden etter administrativ bydel og alder 2008-2019,2015,Bydel Nordre Aker,25-29 år,Personer,3950
EliminatedValue,7,8,12,0,Folkemengden etter administrativ bydel og alder 2008-2019,2015,Bydel Nordre Aker,30-39 år,Personer,7274
EliminatedValue,7,8,13,0,Folkemengden etter administrativ bydel og alder 2008-2019,2015,Bydel Nordre Aker,40-49 år,Personer,7562
EliminatedValue,7,8,14,0,Folkemengden etter administrativ bydel og alder 2008-2019,2015,Bydel Nordre Aker,50-66 år,Personer,9103
EliminatedValue,7,8,15,0,Folkemengden etter administrativ bydel og alder 2008-2019,2015,Bydel Nordre Aker,67-74 år,Personer,2785
EliminatedValue,7,8,16,0,Folkemengden etter administrativ bydel og alder 2008-2019,2015,Bydel Nordre Aker,75-79 år,Personer,1083
EliminatedValue,7,8,17,0,Folkemengden etter administrativ bydel og alder 2008-2019,2015,Bydel Nordre Aker,80-84 år,Personer,852
EliminatedValue,7,8,18,0,Folkemengden etter administrativ bydel og alder 2008-2019,2015,Bydel Nordre Aker,85-89 år,Personer,617
EliminatedValue,7,8,19,0,Folkemengden etter administrativ bydel og alder 2008-2019,2015,Bydel Nordre Aker,90 år +,Personer,431
EliminatedValue,7,9,0,0,Folkemengden etter administrativ bydel og alder 2008-2019,2015,Bydel Bjerke,Alder i alt,Personer,30473
EliminatedValue,7,9,1,0,Folkemengden etter administrativ bydel og alder 2008-2019,2015,Bydel Bjerke,0 år,Personer,536
EliminatedValue,7,9,2,0,Folkemengden etter administrativ bydel og alder 2008-2019,2015,Bydel Bjerke,1-2 år,Personer,968
EliminatedValue,7,9,3,0,Folkemengden etter administrativ bydel og alder 2008-2019,2015,Bydel Bjerke,3-5 år,Personer,1483
EliminatedValue,7,9,4,0,Folkemengden etter administrativ bydel og alder 2008-2019,2015,Bydel Bjerke,6-9 år,Personer,1664
EliminatedValue,7,9,5,0,Folkemengden etter administrativ bydel og alder 2008-2019,2015,Bydel Bjerke,10-12 år,Personer,1060
EliminatedValue,7,9,6,0,Folkemengden etter administrativ bydel og alder 2008-2019,2015,Bydel Bjerke,13-15 år,Personer,936
EliminatedValue,7,9,7,0,Folkemengden etter administrativ bydel og alder 2008-2019,2015,Bydel Bjerke,16-17 år,Personer,611
EliminatedValue,7,9,8,0,Folkemengden etter administrativ bydel og alder 2008-2019,2015,Bydel Bjerke,18-19 år,Personer,616
EliminatedValue,7,9,9,0,Folkemengden etter administrativ bydel og alder 2008-2019,2015,Bydel Bjerke,20-22 år,Personer,998
EliminatedValue,7,9,10,0,Folkemengden etter administrativ bydel og alder 2008-2019,2015,Bydel Bjerke,23-24 år,Personer,764
EliminatedValue,7,9,11,0,Folkemengden etter administrativ bydel og alder 2008-2019,2015,Bydel Bjerke,25-29 år,Personer,2584
EliminatedValue,7,9,12,0,Folkemengden etter administrativ bydel og alder 2008-2019,2015,Bydel Bjerke,30-39 år,Personer,5598
EliminatedValue,7,9,13,0,Folkemengden etter administrativ bydel og alder 2008-2019,2015,Bydel Bjerke,40-49 år,Personer,4629
EliminatedValue,7,9,14,0,Folkemengden etter administrativ bydel og alder 2008-2019,2015,Bydel Bjerke,50-66 år,Personer,4853
EliminatedValue,7,9,15,0,Folkemengden etter administrativ bydel og alder 2008-2019,2015,Bydel Bjerke,67-74 år,Personer,1387
EliminatedValue,7,9,16,0,Folkemengden etter administrativ bydel og alder 2008-2019,2015,Bydel Bjerke,75-79 år,Personer,568
EliminatedValue,7,9,17,0,Folkemengden etter administrativ bydel og alder 2008-2019,2015,Bydel Bjerke,80-84 år,Personer,504
EliminatedValue,7,9,18,0,Folkemengden etter administrativ bydel og alder 2008-2019,2015,Bydel Bjerke,85-89 år,Personer,436
EliminatedValue,7,9,19,0,Folkemengden etter administrativ bydel og alder 2008-2019,2015,Bydel Bjerke,90 år +,Personer,278
EliminatedValue,7,10,0,0,Folkemengden etter administrativ bydel og alder 2008-2019,2015,Bydel Grorud,Alder i alt,Personer,27254
EliminatedValue,7,10,1,0,Folkemengden etter administrativ bydel og alder 2008-2019,2015,Bydel Grorud,0 år,Personer,395
EliminatedValue,7,10,2,0,Folkemengden etter administrativ bydel og alder 2008-2019,2015,Bydel Grorud,1-2 år,Personer,746
EliminatedValue,7,10,3,0,Folkemengden etter administrativ bydel og alder 2008-2019,2015,Bydel Grorud,3-5 år,Personer,1111
EliminatedValue,7,10,4,0,Folkemengden etter administrativ bydel og alder 2008-2019,2015,Bydel Grorud,6-9 år,Personer,1393
EliminatedValue,7,10,5,0,Folkemengden etter administrativ bydel og alder 2008-2019,2015,Bydel Grorud,10-12 år,Personer,942
EliminatedValue,7,10,6,0,Folkemengden etter administrativ bydel og alder 2008-2019,2015,Bydel Grorud,13-15 år,Personer,931
EliminatedValue,7,10,7,0,Folkemengden etter administrativ bydel og alder 2008-2019,2015,Bydel Grorud,16-17 år,Personer,645
EliminatedValue,7,10,8,0,Folkemengden etter administrativ bydel og alder 2008-2019,2015,Bydel Grorud,18-19 år,Personer,678
EliminatedValue,7,10,9,0,Folkemengden etter administrativ bydel og alder 2008-2019,2015,Bydel Grorud,20-22 år,Personer,944
EliminatedValue,7,10,10,0,Folkemengden etter administrativ bydel og alder 2008-2019,2015,Bydel Grorud,23-24 år,Personer,719
EliminatedValue,7,10,11,0,Folkemengden etter administrativ bydel og alder 2008-2019,2015,Bydel Grorud,25-29 år,Personer,1859
EliminatedValue,7,10,12,0,Folkemengden etter administrativ bydel og alder 2008-2019,2015,Bydel Grorud,30-39 år,Personer,4275
EliminatedValue,7,10,13,0,Folkemengden etter administrativ bydel og alder 2008-2019,2015,Bydel Grorud,40-49 år,Personer,4117
EliminatedValue,7,10,14,0,Folkemengden etter administrativ bydel og alder 2008-2019,2015,Bydel Grorud,50-66 år,Personer,5244
EliminatedValue,7,10,15,0,Folkemengden etter administrativ bydel og alder 2008-2019,2015,Bydel Grorud,67-74 år,Personer,1576
EliminatedValue,7,10,16,0,Folkemengden etter administrativ bydel og alder 2008-2019,2015,Bydel Grorud,75-79 år,Personer,625
EliminatedValue,7,10,17,0,Folkemengden etter administrativ bydel og alder 2008-2019,2015,Bydel Grorud,80-84 år,Personer,513
EliminatedValue,7,10,18,0,Folkemengden etter administrativ bydel og alder 2008-2019,2015,Bydel Grorud,85-89 år,Personer,314
EliminatedValue,7,10,19,0,Folkemengden etter administrativ bydel og alder 2008-2019,2015,Bydel Grorud,90 år +,Personer,227
EliminatedValue,7,11,0,0,Folkemengden etter administrativ bydel og alder 2008-2019,2015,Bydel Stovner,Alder i alt,Personer,31684
EliminatedValue,7,11,1,0,Folkemengden etter administrativ bydel og alder 2008-2019,2015,Bydel Stovner,0 år,Personer,409
EliminatedValue,7,11,2,0,Folkemengden etter administrativ bydel og alder 2008-2019,2015,Bydel Stovner,1-2 år,Personer,841
EliminatedValue,7,11,3,0,Folkemengden etter administrativ bydel og alder 2008-2019,2015,Bydel Stovner,3-5 år,Personer,1235
EliminatedValue,7,11,4,0,Folkemengden etter administrativ bydel og alder 2008-2019,2015,Bydel Stovner,6-9 år,Personer,1631
EliminatedValue,7,11,5,0,Folkemengden etter administrativ bydel og alder 2008-2019,2015,Bydel Stovner,10-12 år,Personer,1307
EliminatedValue,7,11,6,0,Folkemengden etter administrativ bydel og alder 2008-2019,2015,Bydel Stovner,13-15 år,Personer,1356
EliminatedValue,7,11,7,0,Folkemengden etter administrativ bydel og alder 2008-2019,2015,Bydel Stovner,16-17 år,Personer,903
EliminatedValue,7,11,8,0,Folkemengden etter administrativ bydel og alder 2008-2019,2015,Bydel Stovner,18-19 år,Personer,886
EliminatedValue,7,11,9,0,Folkemengden etter administrativ bydel og alder 2008-2019,2015,Bydel Stovner,20-22 år,Personer,1172
EliminatedValue,7,11,10,0,Folkemengden etter administrativ bydel og alder 2008-2019,2015,Bydel Stovner,23-24 år,Personer,796
EliminatedValue,7,11,11,0,Folkemengden etter administrativ bydel og alder 2008-2019,2015,Bydel Stovner,25-29 år,Personer,2017
EliminatedValue,7,11,12,0,Folkemengden etter administrativ bydel og alder 2008-2019,2015,Bydel Stovner,30-39 år,Personer,4261
EliminatedValue,7,11,13,0,Folkemengden etter administrativ bydel og alder 2008-2019,2015,Bydel Stovner,40-49 år,Personer,4798
EliminatedValue,7,11,14,0,Folkemengden etter administrativ bydel og alder 2008-2019,2015,Bydel Stovner,50-66 år,Personer,5936
EliminatedValue,7,11,15,0,Folkemengden etter administrativ bydel og alder 2008-2019,2015,Bydel Stovner,67-74 år,Personer,2330
EliminatedValue,7,11,16,0,Folkemengden etter administrativ bydel og alder 2008-2019,2015,Bydel Stovner,75-79 år,Personer,828
EliminatedValue,7,11,17,0,Folkemengden etter administrativ bydel og alder 2008-2019,2015,Bydel Stovner,80-84 år,Personer,530
EliminatedValue,7,11,18,0,Folkemengden etter administrativ bydel og alder 2008-2019,2015,Bydel Stovner,85-89 år,Personer,287
EliminatedValue,7,11,19,0,Folkemengden etter administrativ bydel og alder 2008-2019,2015,Bydel Stovner,90 år +,Personer,161
EliminatedValue,7,12,0,0,Folkemengden etter administrativ bydel og alder 2008-2019,2015,Bydel Alna,Alder i alt,Personer,48789
EliminatedValue,7,12,1,0,Folkemengden etter administrativ bydel og alder 2008-2019,2015,Bydel Alna,0 år,Personer,716
EliminatedValue,7,12,2,0,Folkemengden etter administrativ bydel og alder 2008-2019,2015,Bydel Alna,1-2 år,Personer,1414
EliminatedValue,7,12,3,0,Folkemengden etter administrativ bydel og alder 2008-2019,2015,Bydel Alna,3-5 år,Personer,2077
EliminatedValue,7,12,4,0,Folkemengden etter administrativ bydel og alder 2008-2019,2015,Bydel Alna,6-9 år,Personer,2435
EliminatedValue,7,12,5,0,Folkemengden etter administrativ bydel og alder 2008-2019,2015,Bydel Alna,10-12 år,Personer,1680
EliminatedValue,7,12,6,0,Folkemengden etter administrativ bydel og alder 2008-2019,2015,Bydel Alna,13-15 år,Personer,1679
EliminatedValue,7,12,7,0,Folkemengden etter administrativ bydel og alder 2008-2019,2015,Bydel Alna,16-17 år,Personer,1094
EliminatedValue,7,12,8,0,Folkemengden etter administrativ bydel og alder 2008-2019,2015,Bydel Alna,18-19 år,Personer,1124
EliminatedValue,7,12,9,0,Folkemengden etter administrativ bydel og alder 2008-2019,2015,Bydel Alna,20-22 år,Personer,1671
EliminatedValue,7,12,10,0,Folkemengden etter administrativ bydel og alder 2008-2019,2015,Bydel Alna,23-24 år,Personer,1216
EliminatedValue,7,12,11,0,Folkemengden etter administrativ bydel og alder 2008-2019,2015,Bydel Alna,25-29 år,Personer,3802
EliminatedValue,7,12,12,0,Folkemengden etter administrativ bydel og alder 2008-2019,2015,Bydel Alna,30-39 år,Personer,8041
EliminatedValue,7,12,13,0,Folkemengden etter administrativ bydel og alder 2008-2019,2015,Bydel Alna,40-49 år,Personer,6904
EliminatedValue,7,12,14,0,Folkemengden etter administrativ bydel og alder 2008-2019,2015,Bydel Alna,50-66 år,Personer,9287
EliminatedValue,7,12,15,0,Folkemengden etter administrativ bydel og alder 2008-2019,2015,Bydel Alna,67-74 år,Personer,2991
EliminatedValue,7,12,16,0,Folkemengden etter administrativ bydel og alder 2008-2019,2015,Bydel Alna,75-79 år,Personer,991
EliminatedValue,7,12,17,0,Folkemengden etter administrativ bydel og alder 2008-2019,2015,Bydel Alna,80-84 år,Personer,804
EliminatedValue,7,12,18,0,Folkemengden etter administrativ bydel og alder 2008-2019,2015,Bydel Alna,85-89 år,Personer,511
EliminatedValue,7,12,19,0,Folkemengden etter administrativ bydel og alder 2008-2019,2015,Bydel Alna,90 år +,Personer,352
EliminatedValue,7,13,0,0,Folkemengden etter administrativ bydel og alder 2008-2019,2015,Bydel Østensjø,Alder i alt,Personer,49242
EliminatedValue,7,13,1,0,Folkemengden etter administrativ bydel og alder 2008-2019,2015,Bydel Østensjø,0 år,Personer,733
EliminatedValue,7,13,2,0,Folkemengden etter administrativ bydel og alder 2008-2019,2015,Bydel Østensjø,1-2 år,Personer,1419
EliminatedValue,7,13,3,0,Folkemengden etter administrativ bydel og alder 2008-2019,2015,Bydel Østensjø,3-5 år,Personer,2209
EliminatedValue,7,13,4,0,Folkemengden etter administrativ bydel og alder 2008-2019,2015,Bydel Østensjø,6-9 år,Personer,2606
EliminatedValue,7,13,5,0,Folkemengden etter administrativ bydel og alder 2008-2019,2015,Bydel Østensjø,10-12 år,Personer,1685
EliminatedValue,7,13,6,0,Folkemengden etter administrativ bydel og alder 2008-2019,2015,Bydel Østensjø,13-15 år,Personer,1600
EliminatedValue,7,13,7,0,Folkemengden etter administrativ bydel og alder 2008-2019,2015,Bydel Østensjø,16-17 år,Personer,994
EliminatedValue,7,13,8,0,Folkemengden etter administrativ bydel og alder 2008-2019,2015,Bydel Østensjø,18-19 år,Personer,1053
EliminatedValue,7,13,9,0,Folkemengden etter administrativ bydel og alder 2008-2019,2015,Bydel Østensjø,20-22 år,Personer,1436
EliminatedValue,7,13,10,0,Folkemengden etter administrativ bydel og alder 2008-2019,2015,Bydel Østensjø,23-24 år,Personer,1029
EliminatedValue,7,13,11,0,Folkemengden etter administrativ bydel og alder 2008-2019,2015,Bydel Østensjø,25-29 år,Personer,3231
EliminatedValue,7,13,12,0,Folkemengden etter administrativ bydel og alder 2008-2019,2015,Bydel Østensjø,30-39 år,Personer,7663
EliminatedValue,7,13,13,0,Folkemengden etter administrativ bydel og alder 2008-2019,2015,Bydel Østensjø,40-49 år,Personer,7778
EliminatedValue,7,13,14,0,Folkemengden etter administrativ bydel og alder 2008-2019,2015,Bydel Østensjø,50-66 år,Personer,8806
EliminatedValue,7,13,15,0,Folkemengden etter administrativ bydel og alder 2008-2019,2015,Bydel Østensjø,67-74 år,Personer,2620
EliminatedValue,7,13,16,0,Folkemengden etter administrativ bydel og alder 2008-2019,2015,Bydel Østensjø,75-79 år,Personer,1389
EliminatedValue,7,13,17,0,Folkemengden etter administrativ bydel og alder 2008-2019,2015,Bydel Østensjø,80-84 år,Personer,1449
EliminatedValue,7,13,18,0,Folkemengden etter administrativ bydel og alder 2008-2019,2015,Bydel Østensjø,85-89 år,Personer,981
EliminatedValue,7,13,19,0,Folkemengden etter administrativ bydel og alder 2008-2019,2015,Bydel Østensjø,90 år +,Personer,561
EliminatedValue,7,14,0,0,Folkemengden etter administrativ bydel og alder 2008-2019,2015,Bydel Nordstrand,Alder i alt,Personer,49506
EliminatedValue,7,14,1,0,Folkemengden etter administrativ bydel og alder 2008-2019,2015,Bydel Nordstrand,0 år,Personer,606
EliminatedValue,7,14,2,0,Folkemengden etter administrativ bydel og alder 2008-2019,2015,Bydel Nordstrand,1-2 år,Personer,1340
EliminatedValue,7,14,3,0,Folkemengden etter administrativ bydel og alder 2008-2019,2015,Bydel Nordstrand,3-5 år,Personer,2043
EliminatedValue,7,14,4,0,Folkemengden etter administrativ bydel og alder 2008-2019,2015,Bydel Nordstrand,6-9 år,Personer,2677
EliminatedValue,7,14,5,0,Folkemengden etter administrativ bydel og alder 2008-2019,2015,Bydel Nordstrand,10-12 år,Personer,1803
EliminatedValue,7,14,6,0,Folkemengden etter administrativ bydel og alder 2008-2019,2015,Bydel Nordstrand,13-15 år,Personer,1683
EliminatedValue,7,14,7,0,Folkemengden etter administrativ bydel og alder 2008-2019,2015,Bydel Nordstrand,16-17 år,Personer,1082
EliminatedValue,7,14,8,0,Folkemengden etter administrativ bydel og alder 2008-2019,2015,Bydel Nordstrand,18-19 år,Personer,1163
EliminatedValue,7,14,9,0,Folkemengden etter administrativ bydel og alder 2008-2019,2015,Bydel Nordstrand,20-22 år,Personer,1557
EliminatedValue,7,14,10,0,Folkemengden etter administrativ bydel og alder 2008-2019,2015,Bydel Nordstrand,23-24 år,Personer,1094
EliminatedValue,7,14,11,0,Folkemengden etter administrativ bydel og alder 2008-2019,2015,Bydel Nordstrand,25-29 år,Personer,2940
EliminatedValue,7,14,12,0,Folkemengden etter administrativ bydel og alder 2008-2019,2015,Bydel Nordstrand,30-39 år,Personer,7013
EliminatedValue,7,14,13,0,Folkemengden etter administrativ bydel og alder 2008-2019,2015,Bydel Nordstrand,40-49 år,Personer,7558
EliminatedValue,7,14,14,0,Folkemengden etter administrativ bydel og alder 2008-2019,2015,Bydel Nordstrand,50-66 år,Personer,9860
EliminatedValue,7,14,15,0,Folkemengden etter administrativ bydel og alder 2008-2019,2015,Bydel Nordstrand,67-74 år,Personer,3226
EliminatedValue,7,14,16,0,Folkemengden etter administrativ bydel og alder 2008-2019,2015,Bydel Nordstrand,75-79 år,Personer,1255
EliminatedValue,7,14,17,0,Folkemengden etter administrativ bydel og alder 2008-2019,2015,Bydel Nordstrand,80-84 år,Personer,1084
EliminatedValue,7,14,18,0,Folkemengden etter administrativ bydel og alder 2008-2019,2015,Bydel Nordstrand,85-89 år,Personer,881
EliminatedValue,7,14,19,0,Folkemengden etter administrativ bydel og alder 2008-2019,2015,Bydel Nordstrand,90 år +,Personer,641
EliminatedValue,7,15,0,0,Folkemengden etter administrativ bydel og alder 2008-2019,2015,Bydel Søndre Nordstrand,Alder i alt,Personer,37956
EliminatedValue,7,15,1,0,Folkemengden etter administrativ bydel og alder 2008-2019,2015,Bydel Søndre Nordstrand,0 år,Personer,528
EliminatedValue,7,15,2,0,Folkemengden etter administrativ bydel og alder 2008-2019,2015,Bydel Søndre Nordstrand,1-2 år,Personer,1145
EliminatedValue,7,15,3,0,Folkemengden etter administrativ bydel og alder 2008-2019,2015,Bydel Søndre Nordstrand,3-5 år,Personer,1812
EliminatedValue,7,15,4,0,Folkemengden etter administrativ bydel og alder 2008-2019,2015,Bydel Søndre Nordstrand,6-9 år,Personer,2250
EliminatedValue,7,15,5,0,Folkemengden etter administrativ bydel og alder 2008-2019,2015,Bydel Søndre Nordstrand,10-12 år,Personer,1700
EliminatedValue,7,15,6,0,Folkemengden etter administrativ bydel og alder 2008-2019,2015,Bydel Søndre Nordstrand,13-15 år,Personer,1640
EliminatedValue,7,15,7,0,Folkemengden etter administrativ bydel og alder 2008-2019,2015,Bydel Søndre Nordstrand,16-17 år,Personer,1154
EliminatedValue,7,15,8,0,Folkemengden etter administrativ bydel og alder 2008-2019,2015,Bydel Søndre Nordstrand,18-19 år,Personer,1124
EliminatedValue,7,15,9,0,Folkemengden etter administrativ bydel og alder 2008-2019,2015,Bydel Søndre Nordstrand,20-22 år,Personer,1486
EliminatedValue,7,15,10,0,Folkemengden etter administrativ bydel og alder 2008-2019,2015,Bydel Søndre Nordstrand,23-24 år,Personer,1032
EliminatedValue,7,15,11,0,Folkemengden etter administrativ bydel og alder 2008-2019,2015,Bydel Søndre Nordstrand,25-29 år,Personer,2623
EliminatedValue,7,15,12,0,Folkemengden etter administrativ bydel og alder 2008-2019,2015,Bydel Søndre Nordstrand,30-39 år,Personer,5486
EliminatedValue,7,15,13,0,Folkemengden etter administrativ bydel og alder 2008-2019,2015,Bydel Søndre Nordstrand,40-49 år,Personer,5420
EliminatedValue,7,15,14,0,Folkemengden etter administrativ bydel og alder 2008-2019,2015,Bydel Søndre Nordstrand,50-66 år,Personer,7750
EliminatedValue,7,15,15,0,Folkemengden etter administrativ bydel og alder 2008-2019,2015,Bydel Søndre Nordstrand,67-74 år,Personer,1726
EliminatedValue,7,15,16,0,Folkemengden etter administrativ bydel og alder 2008-2019,2015,Bydel Søndre Nordstrand,75-79 år,Personer,469
EliminatedValue,7,15,17,0,Folkemengden etter administrativ bydel og alder 2008-2019,2015,Bydel Søndre Nordstrand,80-84 år,Personer,316
EliminatedValue,7,15,18,0,Folkemengden etter administrativ bydel og alder 2008-2019,2015,Bydel Søndre Nordstrand,85-89 år,Personer,190
EliminatedValue,7,15,19,0,Folkemengden etter administrativ bydel og alder 2008-2019,2015,Bydel Søndre Nordstrand,90 år +,Personer,105
EliminatedValue,8,100000,0,0,Folkemengden etter administrativ bydel og alder 2008-2019,2016,Oslo i alt,Alder i alt,Personer,654872
EliminatedValue,8,100000,1,0,Folkemengden etter administrativ bydel og alder 2008-2019,2016,Oslo i alt,0 år,Personer,9556
EliminatedValue,8,100000,2,0,Folkemengden etter administrativ bydel og alder 2008-2019,2016,Oslo i alt,1-2 år,Personer,17720
EliminatedValue,8,100000,3,0,Folkemengden etter administrativ bydel og alder 2008-2019,2016,Oslo i alt,3-5 år,Personer,24327
EliminatedValue,8,100000,4,0,Folkemengden etter administrativ bydel og alder 2008-2019,2016,Oslo i alt,6-9 år,Personer,29038
EliminatedValue,8,100000,5,0,Folkemengden etter administrativ bydel og alder 2008-2019,2016,Oslo i alt,10-12 år,Personer,19267
EliminatedValue,8,100000,6,0,Folkemengden etter administrativ bydel og alder 2008-2019,2016,Oslo i alt,13-15 år,Personer,17461
EliminatedValue,8,100000,7,0,Folkemengden etter administrativ bydel og alder 2008-2019,2016,Oslo i alt,16-17 år,Personer,11626
EliminatedValue,8,100000,8,0,Folkemengden etter administrativ bydel og alder 2008-2019,2016,Oslo i alt,18-19 år,Personer,12534
EliminatedValue,8,100000,9,0,Folkemengden etter administrativ bydel og alder 2008-2019,2016,Oslo i alt,20-22 år,Personer,24575
EliminatedValue,8,100000,10,0,Folkemengden etter administrativ bydel og alder 2008-2019,2016,Oslo i alt,23-24 år,Personer,21234
EliminatedValue,8,100000,11,0,Folkemengden etter administrativ bydel og alder 2008-2019,2016,Oslo i alt,25-29 år,Personer,71734
EliminatedValue,8,100000,12,0,Folkemengden etter administrativ bydel og alder 2008-2019,2016,Oslo i alt,30-39 år,Personer,123006
EliminatedValue,8,100000,13,0,Folkemengden etter administrativ bydel og alder 2008-2019,2016,Oslo i alt,40-49 år,Personer,91818
EliminatedValue,8,100000,14,0,Folkemengden etter administrativ bydel og alder 2008-2019,2016,Oslo i alt,50-66 år,Personer,111194
EliminatedValue,8,100000,15,0,Folkemengden etter administrativ bydel og alder 2008-2019,2016,Oslo i alt,67-74 år,Personer,35767
EliminatedValue,8,100000,16,0,Folkemengden etter administrativ bydel og alder 2008-2019,2016,Oslo i alt,75-79 år,Personer,12795
EliminatedValue,8,100000,17,0,Folkemengden etter administrativ bydel og alder 2008-2019,2016,Oslo i alt,80-84 år,Personer,9325
EliminatedValue,8,100000,18,0,Folkemengden etter administrativ bydel og alder 2008-2019,2016,Oslo i alt,85-89 år,Personer,6880
EliminatedValue,8,100000,19,0,Folkemengden etter administrativ bydel og alder 2008-2019,2016,Oslo i alt,90 år +,Personer,5015
EliminatedValue,8,1,0,0,Folkemengden etter administrativ bydel og alder 2008-2019,2016,Bydel Gamle Oslo,Alder i alt,Personer,51432
EliminatedValue,8,1,1,0,Folkemengden etter administrativ bydel og alder 2008-2019,2016,Bydel Gamle Oslo,0 år,Personer,920
EliminatedValue,8,1,2,0,Folkemengden etter administrativ bydel og alder 2008-2019,2016,Bydel Gamle Oslo,1-2 år,Personer,1670
EliminatedValue,8,1,3,0,Folkemengden etter administrativ bydel og alder 2008-2019,2016,Bydel Gamle Oslo,3-5 år,Personer,1940
EliminatedValue,8,1,4,0,Folkemengden etter administrativ bydel og alder 2008-2019,2016,Bydel Gamle Oslo,6-9 år,Personer,1909
EliminatedValue,8,1,5,0,Folkemengden etter administrativ bydel og alder 2008-2019,2016,Bydel Gamle Oslo,10-12 år,Personer,997
EliminatedValue,8,1,6,0,Folkemengden etter administrativ bydel og alder 2008-2019,2016,Bydel Gamle Oslo,13-15 år,Personer,848
EliminatedValue,8,1,7,0,Folkemengden etter administrativ bydel og alder 2008-2019,2016,Bydel Gamle Oslo,16-17 år,Personer,583
EliminatedValue,8,1,8,0,Folkemengden etter administrativ bydel og alder 2008-2019,2016,Bydel Gamle Oslo,18-19 år,Personer,690
EliminatedValue,8,1,9,0,Folkemengden etter administrativ bydel og alder 2008-2019,2016,Bydel Gamle Oslo,20-22 år,Personer,1732
EliminatedValue,8,1,10,0,Folkemengden etter administrativ bydel og alder 2008-2019,2016,Bydel Gamle Oslo,23-24 år,Personer,1824
EliminatedValue,8,1,11,0,Folkemengden etter administrativ bydel og alder 2008-2019,2016,Bydel Gamle Oslo,25-29 år,Personer,7529
EliminatedValue,8,1,12,0,Folkemengden etter administrativ bydel og alder 2008-2019,2016,Bydel Gamle Oslo,30-39 år,Personer,13571
EliminatedValue,8,1,13,0,Folkemengden etter administrativ bydel og alder 2008-2019,2016,Bydel Gamle Oslo,40-49 år,Personer,7278
EliminatedValue,8,1,14,0,Folkemengden etter administrativ bydel og alder 2008-2019,2016,Bydel Gamle Oslo,50-66 år,Personer,7112
EliminatedValue,8,1,15,0,Folkemengden etter administrativ bydel og alder 2008-2019,2016,Bydel Gamle Oslo,67-74 år,Personer,1669
EliminatedValue,8,1,16,0,Folkemengden etter administrativ bydel og alder 2008-2019,2016,Bydel Gamle Oslo,75-79 år,Personer,475
EliminatedValue,8,1,17,0,Folkemengden etter administrativ bydel og alder 2008-2019,2016,Bydel Gamle Oslo,80-84 år,Personer,304
EliminatedValue,8,1,18,0,Folkemengden etter administrativ bydel og alder 2008-2019,2016,Bydel Gamle Oslo,85-89 år,Personer,217
EliminatedValue,8,1,19,0,Folkemengden etter administrativ bydel og alder 2008-2019,2016,Bydel Gamle Oslo,90 år +,Personer,164
EliminatedValue,8,2,0,0,Folkemengden etter administrativ bydel og alder 2008-2019,2016,Bydel Grünerløkka,Alder i alt,Personer,56137
EliminatedValue,8,2,1,0,Folkemengden etter administrativ bydel og alder 2008-2019,2016,Bydel Grünerløkka,0 år,Personer,1004
EliminatedValue,8,2,2,0,Folkemengden etter administrativ bydel og alder 2008-2019,2016,Bydel Grünerløkka,1-2 år,Personer,1554
EliminatedValue,8,2,3,0,Folkemengden etter administrativ bydel og alder 2008-2019,2016,Bydel Grünerløkka,3-5 år,Personer,1673
EliminatedValue,8,2,4,0,Folkemengden etter administrativ bydel og alder 2008-2019,2016,Bydel Grünerløkka,6-9 år,Personer,1584
EliminatedValue,8,2,5,0,Folkemengden etter administrativ bydel og alder 2008-2019,2016,Bydel Grünerløkka,10-12 år,Personer,914
EliminatedValue,8,2,6,0,Folkemengden etter administrativ bydel og alder 2008-2019,2016,Bydel Grünerløkka,13-15 år,Personer,737
EliminatedValue,8,2,7,0,Folkemengden etter administrativ bydel og alder 2008-2019,2016,Bydel Grünerløkka,16-17 år,Personer,451
EliminatedValue,8,2,8,0,Folkemengden etter administrativ bydel og alder 2008-2019,2016,Bydel Grünerløkka,18-19 år,Personer,690
EliminatedValue,8,2,9,0,Folkemengden etter administrativ bydel og alder 2008-2019,2016,Bydel Grünerløkka,20-22 år,Personer,2501
EliminatedValue,8,2,10,0,Folkemengden etter administrativ bydel og alder 2008-2019,2016,Bydel Grünerløkka,23-24 år,Personer,2748
EliminatedValue,8,2,11,0,Folkemengden etter administrativ bydel og alder 2008-2019,2016,Bydel Grünerløkka,25-29 år,Personer,10574
EliminatedValue,8,2,12,0,Folkemengden etter administrativ bydel og alder 2008-2019,2016,Bydel Grünerløkka,30-39 år,Personer,15454
EliminatedValue,8,2,13,0,Folkemengden etter administrativ bydel og alder 2008-2019,2016,Bydel Grünerløkka,40-49 år,Personer,7134
EliminatedValue,8,2,14,0,Folkemengden etter administrativ bydel og alder 2008-2019,2016,Bydel Grünerløkka,50-66 år,Personer,6390
EliminatedValue,8,2,15,0,Folkemengden etter administrativ bydel og alder 2008-2019,2016,Bydel Grünerløkka,67-74 år,Personer,1547
EliminatedValue,8,2,16,0,Folkemengden etter administrativ bydel og alder 2008-2019,2016,Bydel Grünerløkka,75-79 år,Personer,451
EliminatedValue,8,2,17,0,Folkemengden etter administrativ bydel og alder 2008-2019,2016,Bydel Grünerløkka,80-84 år,Personer,304
EliminatedValue,8,2,18,0,Folkemengden etter administrativ bydel og alder 2008-2019,2016,Bydel Grünerløkka,85-89 år,Personer,211
EliminatedValue,8,2,19,0,Folkemengden etter administrativ bydel og alder 2008-2019,2016,Bydel Grünerløkka,90 år +,Personer,216
EliminatedValue,8,3,0,0,Folkemengden etter administrativ bydel og alder 2008-2019,2016,Bydel Sagene,Alder i alt,Personer,41538
EliminatedValue,8,3,1,0,Folkemengden etter administrativ bydel og alder 2008-2019,2016,Bydel Sagene,0 år,Personer,878
EliminatedValue,8,3,2,0,Folkemengden etter administrativ bydel og alder 2008-2019,2016,Bydel Sagene,1-2 år,Personer,1293
EliminatedValue,8,3,3,0,Folkemengden etter administrativ bydel og alder 2008-2019,2016,Bydel Sagene,3-5 år,Personer,1293
EliminatedValue,8,3,4,0,Folkemengden etter administrativ bydel og alder 2008-2019,2016,Bydel Sagene,6-9 år,Personer,1010
EliminatedValue,8,3,5,0,Folkemengden etter administrativ bydel og alder 2008-2019,2016,Bydel Sagene,10-12 år,Personer,584
EliminatedValue,8,3,6,0,Folkemengden etter administrativ bydel og alder 2008-2019,2016,Bydel Sagene,13-15 år,Personer,436
EliminatedValue,8,3,7,0,Folkemengden etter administrativ bydel og alder 2008-2019,2016,Bydel Sagene,16-17 år,Personer,307
EliminatedValue,8,3,8,0,Folkemengden etter administrativ bydel og alder 2008-2019,2016,Bydel Sagene,18-19 år,Personer,429
EliminatedValue,8,3,9,0,Folkemengden etter administrativ bydel og alder 2008-2019,2016,Bydel Sagene,20-22 år,Personer,1589
EliminatedValue,8,3,10,0,Folkemengden etter administrativ bydel og alder 2008-2019,2016,Bydel Sagene,23-24 år,Personer,1832
EliminatedValue,8,3,11,0,Folkemengden etter administrativ bydel og alder 2008-2019,2016,Bydel Sagene,25-29 år,Personer,7956
EliminatedValue,8,3,12,0,Folkemengden etter administrativ bydel og alder 2008-2019,2016,Bydel Sagene,30-39 år,Personer,11438
EliminatedValue,8,3,13,0,Folkemengden etter administrativ bydel og alder 2008-2019,2016,Bydel Sagene,40-49 år,Personer,4874
EliminatedValue,8,3,14,0,Folkemengden etter administrativ bydel og alder 2008-2019,2016,Bydel Sagene,50-66 år,Personer,4999
EliminatedValue,8,3,15,0,Folkemengden etter administrativ bydel og alder 2008-2019,2016,Bydel Sagene,67-74 år,Personer,1488
EliminatedValue,8,3,16,0,Folkemengden etter administrativ bydel og alder 2008-2019,2016,Bydel Sagene,75-79 år,Personer,421
EliminatedValue,8,3,17,0,Folkemengden etter administrativ bydel og alder 2008-2019,2016,Bydel Sagene,80-84 år,Personer,276
EliminatedValue,8,3,18,0,Folkemengden etter administrativ bydel og alder 2008-2019,2016,Bydel Sagene,85-89 år,Personer,205
EliminatedValue,8,3,19,0,Folkemengden etter administrativ bydel og alder 2008-2019,2016,Bydel Sagene,90 år +,Personer,230
EliminatedValue,8,4,0,0,Folkemengden etter administrativ bydel og alder 2008-2019,2016,Bydel St.Hanshaugen,Alder i alt,Personer,38307
EliminatedValue,8,4,1,0,Folkemengden etter administrativ bydel og alder 2008-2019,2016,Bydel St.Hanshaugen,0 år,Personer,551
EliminatedValue,8,4,2,0,Folkemengden etter administrativ bydel og alder 2008-2019,2016,Bydel St.Hanshaugen,1-2 år,Personer,858
EliminatedValue,8,4,3,0,Folkemengden etter administrativ bydel og alder 2008-2019,2016,Bydel St.Hanshaugen,3-5 år,Personer,845
EliminatedValue,8,4,4,0,Folkemengden etter administrativ bydel og alder 2008-2019,2016,Bydel St.Hanshaugen,6-9 år,Personer,892
EliminatedValue,8,4,5,0,Folkemengden etter administrativ bydel og alder 2008-2019,2016,Bydel St.Hanshaugen,10-12 år,Personer,535
EliminatedValue,8,4,6,0,Folkemengden etter administrativ bydel og alder 2008-2019,2016,Bydel St.Hanshaugen,13-15 år,Personer,434
EliminatedValue,8,4,7,0,Folkemengden etter administrativ bydel og alder 2008-2019,2016,Bydel St.Hanshaugen,16-17 år,Personer,328
EliminatedValue,8,4,8,0,Folkemengden etter administrativ bydel og alder 2008-2019,2016,Bydel St.Hanshaugen,18-19 år,Personer,471
EliminatedValue,8,4,9,0,Folkemengden etter administrativ bydel og alder 2008-2019,2016,Bydel St.Hanshaugen,20-22 år,Personer,2021
EliminatedValue,8,4,10,0,Folkemengden etter administrativ bydel og alder 2008-2019,2016,Bydel St.Hanshaugen,23-24 år,Personer,2242
EliminatedValue,8,4,11,0,Folkemengden etter administrativ bydel og alder 2008-2019,2016,Bydel St.Hanshaugen,25-29 år,Personer,7737
EliminatedValue,8,4,12,0,Folkemengden etter administrativ bydel og alder 2008-2019,2016,Bydel St.Hanshaugen,30-39 år,Personer,9491
EliminatedValue,8,4,13,0,Folkemengden etter administrativ bydel og alder 2008-2019,2016,Bydel St.Hanshaugen,40-49 år,Personer,4716
EliminatedValue,8,4,14,0,Folkemengden etter administrativ bydel og alder 2008-2019,2016,Bydel St.Hanshaugen,50-66 år,Personer,4615
EliminatedValue,8,4,15,0,Folkemengden etter administrativ bydel og alder 2008-2019,2016,Bydel St.Hanshaugen,67-74 år,Personer,1410
EliminatedValue,8,4,16,0,Folkemengden etter administrativ bydel og alder 2008-2019,2016,Bydel St.Hanshaugen,75-79 år,Personer,466
EliminatedValue,8,4,17,0,Folkemengden etter administrativ bydel og alder 2008-2019,2016,Bydel St.Hanshaugen,80-84 år,Personer,301
EliminatedValue,8,4,18,0,Folkemengden etter administrativ bydel og alder 2008-2019,2016,Bydel St.Hanshaugen,85-89 år,Personer,195
EliminatedValue,8,4,19,0,Folkemengden etter administrativ bydel og alder 2008-2019,2016,Bydel St.Hanshaugen,90 år +,Personer,199
EliminatedValue,8,5,0,0,Folkemengden etter administrativ bydel og alder 2008-2019,2016,Bydel Frogner,Alder i alt,Personer,57038
EliminatedValue,8,5,1,0,Folkemengden etter administrativ bydel og alder 2008-2019,2016,Bydel Frogner,0 år,Personer,663
EliminatedValue,8,5,2,0,Folkemengden etter administrativ bydel og alder 2008-2019,2016,Bydel Frogner,1-2 år,Personer,1114
EliminatedValue,8,5,3,0,Folkemengden etter administrativ bydel og alder 2008-2019,2016,Bydel Frogner,3-5 år,Personer,1249
EliminatedValue,8,5,4,0,Folkemengden etter administrativ bydel og alder 2008-2019,2016,Bydel Frogner,6-9 år,Personer,1312
EliminatedValue,8,5,5,0,Folkemengden etter administrativ bydel og alder 2008-2019,2016,Bydel Frogner,10-12 år,Personer,851
EliminatedValue,8,5,6,0,Folkemengden etter administrativ bydel og alder 2008-2019,2016,Bydel Frogner,13-15 år,Personer,789
EliminatedValue,8,5,7,0,Folkemengden etter administrativ bydel og alder 2008-2019,2016,Bydel Frogner,16-17 år,Personer,581
EliminatedValue,8,5,8,0,Folkemengden etter administrativ bydel og alder 2008-2019,2016,Bydel Frogner,18-19 år,Personer,795
EliminatedValue,8,5,9,0,Folkemengden etter administrativ bydel og alder 2008-2019,2016,Bydel Frogner,20-22 år,Personer,2585
EliminatedValue,8,5,10,0,Folkemengden etter administrativ bydel og alder 2008-2019,2016,Bydel Frogner,23-24 år,Personer,2591
EliminatedValue,8,5,11,0,Folkemengden etter administrativ bydel og alder 2008-2019,2016,Bydel Frogner,25-29 år,Personer,9263
EliminatedValue,8,5,12,0,Folkemengden etter administrativ bydel og alder 2008-2019,2016,Bydel Frogner,30-39 år,Personer,11650
EliminatedValue,8,5,13,0,Folkemengden etter administrativ bydel og alder 2008-2019,2016,Bydel Frogner,40-49 år,Personer,6885
EliminatedValue,8,5,14,0,Folkemengden etter administrativ bydel og alder 2008-2019,2016,Bydel Frogner,50-66 år,Personer,9685
EliminatedValue,8,5,15,0,Folkemengden etter administrativ bydel og alder 2008-2019,2016,Bydel Frogner,67-74 år,Personer,3725
EliminatedValue,8,5,16,0,Folkemengden etter administrativ bydel og alder 2008-2019,2016,Bydel Frogner,75-79 år,Personer,1335
EliminatedValue,8,5,17,0,Folkemengden etter administrativ bydel og alder 2008-2019,2016,Bydel Frogner,80-84 år,Personer,837
EliminatedValue,8,5,18,0,Folkemengden etter administrativ bydel og alder 2008-2019,2016,Bydel Frogner,85-89 år,Personer,631
EliminatedValue,8,5,19,0,Folkemengden etter administrativ bydel og alder 2008-2019,2016,Bydel Frogner,90 år +,Personer,497
EliminatedValue,8,6,0,0,Folkemengden etter administrativ bydel og alder 2008-2019,2016,Bydel Ullern,Alder i alt,Personer,32682
EliminatedValue,8,6,1,0,Folkemengden etter administrativ bydel og alder 2008-2019,2016,Bydel Ullern,0 år,Personer,445
EliminatedValue,8,6,2,0,Folkemengden etter administrativ bydel og alder 2008-2019,2016,Bydel Ullern,1-2 år,Personer,845
EliminatedValue,8,6,3,0,Folkemengden etter administrativ bydel og alder 2008-2019,2016,Bydel Ullern,3-5 år,Personer,1291
EliminatedValue,8,6,4,0,Folkemengden etter administrativ bydel og alder 2008-2019,2016,Bydel Ullern,6-9 år,Personer,1701
EliminatedValue,8,6,5,0,Folkemengden etter administrativ bydel og alder 2008-2019,2016,Bydel Ullern,10-12 år,Personer,1108
EliminatedValue,8,6,6,0,Folkemengden etter administrativ bydel og alder 2008-2019,2016,Bydel Ullern,13-15 år,Personer,998
EliminatedValue,8,6,7,0,Folkemengden etter administrativ bydel og alder 2008-2019,2016,Bydel Ullern,16-17 år,Personer,588
EliminatedValue,8,6,8,0,Folkemengden etter administrativ bydel og alder 2008-2019,2016,Bydel Ullern,18-19 år,Personer,634
EliminatedValue,8,6,9,0,Folkemengden etter administrativ bydel og alder 2008-2019,2016,Bydel Ullern,20-22 år,Personer,909
EliminatedValue,8,6,10,0,Folkemengden etter administrativ bydel og alder 2008-2019,2016,Bydel Ullern,23-24 år,Personer,608
EliminatedValue,8,6,11,0,Folkemengden etter administrativ bydel og alder 2008-2019,2016,Bydel Ullern,25-29 år,Personer,2066
EliminatedValue,8,6,12,0,Folkemengden etter administrativ bydel og alder 2008-2019,2016,Bydel Ullern,30-39 år,Personer,4820
EliminatedValue,8,6,13,0,Folkemengden etter administrativ bydel og alder 2008-2019,2016,Bydel Ullern,40-49 år,Personer,4602
EliminatedValue,8,6,14,0,Folkemengden etter administrativ bydel og alder 2008-2019,2016,Bydel Ullern,50-66 år,Personer,6678
EliminatedValue,8,6,15,0,Folkemengden etter administrativ bydel og alder 2008-2019,2016,Bydel Ullern,67-74 år,Personer,2810
EliminatedValue,8,6,16,0,Folkemengden etter administrativ bydel og alder 2008-2019,2016,Bydel Ullern,75-79 år,Personer,1015
EliminatedValue,8,6,17,0,Folkemengden etter administrativ bydel og alder 2008-2019,2016,Bydel Ullern,80-84 år,Personer,681
EliminatedValue,8,6,18,0,Folkemengden etter administrativ bydel og alder 2008-2019,2016,Bydel Ullern,85-89 år,Personer,495
EliminatedValue,8,6,19,0,Folkemengden etter administrativ bydel og alder 2008-2019,2016,Bydel Ullern,90 år +,Personer,388
EliminatedValue,8,7,0,0,Folkemengden etter administrativ bydel og alder 2008-2019,2016,Bydel Vestre Aker,Alder i alt,Personer,48864
EliminatedValue,8,7,1,0,Folkemengden etter administrativ bydel og alder 2008-2019,2016,Bydel Vestre Aker,0 år,Personer,668
EliminatedValue,8,7,2,0,Folkemengden etter administrativ bydel og alder 2008-2019,2016,Bydel Vestre Aker,1-2 år,Personer,1380
EliminatedValue,8,7,3,0,Folkemengden etter administrativ bydel og alder 2008-2019,2016,Bydel Vestre Aker,3-5 år,Personer,2047
EliminatedValue,8,7,4,0,Folkemengden etter administrativ bydel og alder 2008-2019,2016,Bydel Vestre Aker,6-9 år,Personer,2793
EliminatedValue,8,7,5,0,Folkemengden etter administrativ bydel og alder 2008-2019,2016,Bydel Vestre Aker,10-12 år,Personer,1868
EliminatedValue,8,7,6,0,Folkemengden etter administrativ bydel og alder 2008-2019,2016,Bydel Vestre Aker,13-15 år,Personer,1712
EliminatedValue,8,7,7,0,Folkemengden etter administrativ bydel og alder 2008-2019,2016,Bydel Vestre Aker,16-17 år,Personer,1069
EliminatedValue,8,7,8,0,Folkemengden etter administrativ bydel og alder 2008-2019,2016,Bydel Vestre Aker,18-19 år,Personer,1082
EliminatedValue,8,7,9,0,Folkemengden etter administrativ bydel og alder 2008-2019,2016,Bydel Vestre Aker,20-22 år,Personer,1610
EliminatedValue,8,7,10,0,Folkemengden etter administrativ bydel og alder 2008-2019,2016,Bydel Vestre Aker,23-24 år,Personer,1030
EliminatedValue,8,7,11,0,Folkemengden etter administrativ bydel og alder 2008-2019,2016,Bydel Vestre Aker,25-29 år,Personer,3018
EliminatedValue,8,7,12,0,Folkemengden etter administrativ bydel og alder 2008-2019,2016,Bydel Vestre Aker,30-39 år,Personer,6743
EliminatedValue,8,7,13,0,Folkemengden etter administrativ bydel og alder 2008-2019,2016,Bydel Vestre Aker,40-49 år,Personer,7000
EliminatedValue,8,7,14,0,Folkemengden etter administrativ bydel og alder 2008-2019,2016,Bydel Vestre Aker,50-66 år,Personer,9812
EliminatedValue,8,7,15,0,Folkemengden etter administrativ bydel og alder 2008-2019,2016,Bydel Vestre Aker,67-74 år,Personer,3722
EliminatedValue,8,7,16,0,Folkemengden etter administrativ bydel og alder 2008-2019,2016,Bydel Vestre Aker,75-79 år,Personer,1254
EliminatedValue,8,7,17,0,Folkemengden etter administrativ bydel og alder 2008-2019,2016,Bydel Vestre Aker,80-84 år,Personer,834
EliminatedValue,8,7,18,0,Folkemengden etter administrativ bydel og alder 2008-2019,2016,Bydel Vestre Aker,85-89 år,Personer,698
EliminatedValue,8,7,19,0,Folkemengden etter administrativ bydel og alder 2008-2019,2016,Bydel Vestre Aker,90 år +,Personer,524
EliminatedValue,8,8,0,0,Folkemengden etter administrativ bydel og alder 2008-2019,2016,Bydel Nordre Aker,Alder i alt,Personer,50603
EliminatedValue,8,8,1,0,Folkemengden etter administrativ bydel og alder 2008-2019,2016,Bydel Nordre Aker,0 år,Personer,656
EliminatedValue,8,8,2,0,Folkemengden etter administrativ bydel og alder 2008-2019,2016,Bydel Nordre Aker,1-2 år,Personer,1311
EliminatedValue,8,8,3,0,Folkemengden etter administrativ bydel og alder 2008-2019,2016,Bydel Nordre Aker,3-5 år,Personer,2083
EliminatedValue,8,8,4,0,Folkemengden etter administrativ bydel og alder 2008-2019,2016,Bydel Nordre Aker,6-9 år,Personer,2724
EliminatedValue,8,8,5,0,Folkemengden etter administrativ bydel og alder 2008-2019,2016,Bydel Nordre Aker,10-12 år,Personer,1907
EliminatedValue,8,8,6,0,Folkemengden etter administrativ bydel og alder 2008-2019,2016,Bydel Nordre Aker,13-15 år,Personer,1671
EliminatedValue,8,8,7,0,Folkemengden etter administrativ bydel og alder 2008-2019,2016,Bydel Nordre Aker,16-17 år,Personer,1112
EliminatedValue,8,8,8,0,Folkemengden etter administrativ bydel og alder 2008-2019,2016,Bydel Nordre Aker,18-19 år,Personer,1146
EliminatedValue,8,8,9,0,Folkemengden etter administrativ bydel og alder 2008-2019,2016,Bydel Nordre Aker,20-22 år,Personer,2209
EliminatedValue,8,8,10,0,Folkemengden etter administrativ bydel og alder 2008-2019,2016,Bydel Nordre Aker,23-24 år,Personer,1646
EliminatedValue,8,8,11,0,Folkemengden etter administrativ bydel og alder 2008-2019,2016,Bydel Nordre Aker,25-29 år,Personer,4149
EliminatedValue,8,8,12,0,Folkemengden etter administrativ bydel og alder 2008-2019,2016,Bydel Nordre Aker,30-39 år,Personer,7250
EliminatedValue,8,8,13,0,Folkemengden etter administrativ bydel og alder 2008-2019,2016,Bydel Nordre Aker,40-49 år,Personer,7584
EliminatedValue,8,8,14,0,Folkemengden etter administrativ bydel og alder 2008-2019,2016,Bydel Nordre Aker,50-66 år,Personer,9197
EliminatedValue,8,8,15,0,Folkemengden etter administrativ bydel og alder 2008-2019,2016,Bydel Nordre Aker,67-74 år,Personer,2973
EliminatedValue,8,8,16,0,Folkemengden etter administrativ bydel og alder 2008-2019,2016,Bydel Nordre Aker,75-79 år,Personer,1078
EliminatedValue,8,8,17,0,Folkemengden etter administrativ bydel og alder 2008-2019,2016,Bydel Nordre Aker,80-84 år,Personer,856
EliminatedValue,8,8,18,0,Folkemengden etter administrativ bydel og alder 2008-2019,2016,Bydel Nordre Aker,85-89 år,Personer,599
EliminatedValue,8,8,19,0,Folkemengden etter administrativ bydel og alder 2008-2019,2016,Bydel Nordre Aker,90 år +,Personer,452
EliminatedValue,8,9,0,0,Folkemengden etter administrativ bydel og alder 2008-2019,2016,Bydel Bjerke,Alder i alt,Personer,30931
EliminatedValue,8,9,1,0,Folkemengden etter administrativ bydel og alder 2008-2019,2016,Bydel Bjerke,0 år,Personer,497
EliminatedValue,8,9,2,0,Folkemengden etter administrativ bydel og alder 2008-2019,2016,Bydel Bjerke,1-2 år,Personer,944
EliminatedValue,8,9,3,0,Folkemengden etter administrativ bydel og alder 2008-2019,2016,Bydel Bjerke,3-5 år,Personer,1472
EliminatedValue,8,9,4,0,Folkemengden etter administrativ bydel og alder 2008-2019,2016,Bydel Bjerke,6-9 år,Personer,1755
EliminatedValue,8,9,5,0,Folkemengden etter administrativ bydel og alder 2008-2019,2016,Bydel Bjerke,10-12 år,Personer,1118
EliminatedValue,8,9,6,0,Folkemengden etter administrativ bydel og alder 2008-2019,2016,Bydel Bjerke,13-15 år,Personer,958
EliminatedValue,8,9,7,0,Folkemengden etter administrativ bydel og alder 2008-2019,2016,Bydel Bjerke,16-17 år,Personer,643
EliminatedValue,8,9,8,0,Folkemengden etter administrativ bydel og alder 2008-2019,2016,Bydel Bjerke,18-19 år,Personer,584
EliminatedValue,8,9,9,0,Folkemengden etter administrativ bydel og alder 2008-2019,2016,Bydel Bjerke,20-22 år,Personer,1029
EliminatedValue,8,9,10,0,Folkemengden etter administrativ bydel og alder 2008-2019,2016,Bydel Bjerke,23-24 år,Personer,774
EliminatedValue,8,9,11,0,Folkemengden etter administrativ bydel og alder 2008-2019,2016,Bydel Bjerke,25-29 år,Personer,2612
EliminatedValue,8,9,12,0,Folkemengden etter administrativ bydel og alder 2008-2019,2016,Bydel Bjerke,30-39 år,Personer,5634
EliminatedValue,8,9,13,0,Folkemengden etter administrativ bydel og alder 2008-2019,2016,Bydel Bjerke,40-49 år,Personer,4728
EliminatedValue,8,9,14,0,Folkemengden etter administrativ bydel og alder 2008-2019,2016,Bydel Bjerke,50-66 år,Personer,4990
EliminatedValue,8,9,15,0,Folkemengden etter administrativ bydel og alder 2008-2019,2016,Bydel Bjerke,67-74 år,Personer,1438
EliminatedValue,8,9,16,0,Folkemengden etter administrativ bydel og alder 2008-2019,2016,Bydel Bjerke,75-79 år,Personer,574
EliminatedValue,8,9,17,0,Folkemengden etter administrativ bydel og alder 2008-2019,2016,Bydel Bjerke,80-84 år,Personer,480
EliminatedValue,8,9,18,0,Folkemengden etter administrativ bydel og alder 2008-2019,2016,Bydel Bjerke,85-89 år,Personer,401
EliminatedValue,8,9,19,0,Folkemengden etter administrativ bydel og alder 2008-2019,2016,Bydel Bjerke,90 år +,Personer,300
EliminatedValue,8,10,0,0,Folkemengden etter administrativ bydel og alder 2008-2019,2016,Bydel Grorud,Alder i alt,Personer,27339
EliminatedValue,8,10,1,0,Folkemengden etter administrativ bydel og alder 2008-2019,2016,Bydel Grorud,0 år,Personer,349
EliminatedValue,8,10,2,0,Folkemengden etter administrativ bydel og alder 2008-2019,2016,Bydel Grorud,1-2 år,Personer,726
EliminatedValue,8,10,3,0,Folkemengden etter administrativ bydel og alder 2008-2019,2016,Bydel Grorud,3-5 år,Personer,1080
EliminatedValue,8,10,4,0,Folkemengden etter administrativ bydel og alder 2008-2019,2016,Bydel Grorud,6-9 år,Personer,1363
EliminatedValue,8,10,5,0,Folkemengden etter administrativ bydel og alder 2008-2019,2016,Bydel Grorud,10-12 år,Personer,942
EliminatedValue,8,10,6,0,Folkemengden etter administrativ bydel og alder 2008-2019,2016,Bydel Grorud,13-15 år,Personer,933
EliminatedValue,8,10,7,0,Folkemengden etter administrativ bydel og alder 2008-2019,2016,Bydel Grorud,16-17 år,Personer,647
EliminatedValue,8,10,8,0,Folkemengden etter administrativ bydel og alder 2008-2019,2016,Bydel Grorud,18-19 år,Personer,662
EliminatedValue,8,10,9,0,Folkemengden etter administrativ bydel og alder 2008-2019,2016,Bydel Grorud,20-22 år,Personer,984
EliminatedValue,8,10,10,0,Folkemengden etter administrativ bydel og alder 2008-2019,2016,Bydel Grorud,23-24 år,Personer,748
EliminatedValue,8,10,11,0,Folkemengden etter administrativ bydel og alder 2008-2019,2016,Bydel Grorud,25-29 år,Personer,1950
EliminatedValue,8,10,12,0,Folkemengden etter administrativ bydel og alder 2008-2019,2016,Bydel Grorud,30-39 år,Personer,4148
EliminatedValue,8,10,13,0,Folkemengden etter administrativ bydel og alder 2008-2019,2016,Bydel Grorud,40-49 år,Personer,4138
EliminatedValue,8,10,14,0,Folkemengden etter administrativ bydel og alder 2008-2019,2016,Bydel Grorud,50-66 år,Personer,5397
EliminatedValue,8,10,15,0,Folkemengden etter administrativ bydel og alder 2008-2019,2016,Bydel Grorud,67-74 år,Personer,1606
EliminatedValue,8,10,16,0,Folkemengden etter administrativ bydel og alder 2008-2019,2016,Bydel Grorud,75-79 år,Personer,614
EliminatedValue,8,10,17,0,Folkemengden etter administrativ bydel og alder 2008-2019,2016,Bydel Grorud,80-84 år,Personer,511
EliminatedValue,8,10,18,0,Folkemengden etter administrativ bydel og alder 2008-2019,2016,Bydel Grorud,85-89 år,Personer,338
EliminatedValue,8,10,19,0,Folkemengden etter administrativ bydel og alder 2008-2019,2016,Bydel Grorud,90 år +,Personer,203
EliminatedValue,8,11,0,0,Folkemengden etter administrativ bydel og alder 2008-2019,2016,Bydel Stovner,Alder i alt,Personer,32177
EliminatedValue,8,11,1,0,Folkemengden etter administrativ bydel og alder 2008-2019,2016,Bydel Stovner,0 år,Personer,391
EliminatedValue,8,11,2,0,Folkemengden etter administrativ bydel og alder 2008-2019,2016,Bydel Stovner,1-2 år,Personer,808
EliminatedValue,8,11,3,0,Folkemengden etter administrativ bydel og alder 2008-2019,2016,Bydel Stovner,3-5 år,Personer,1270
EliminatedValue,8,11,4,0,Folkemengden etter administrativ bydel og alder 2008-2019,2016,Bydel Stovner,6-9 år,Personer,1690
EliminatedValue,8,11,5,0,Folkemengden etter administrativ bydel og alder 2008-2019,2016,Bydel Stovner,10-12 år,Personer,1339
EliminatedValue,8,11,6,0,Folkemengden etter administrativ bydel og alder 2008-2019,2016,Bydel Stovner,13-15 år,Personer,1366
EliminatedValue,8,11,7,0,Folkemengden etter administrativ bydel og alder 2008-2019,2016,Bydel Stovner,16-17 år,Personer,954
EliminatedValue,8,11,8,0,Folkemengden etter administrativ bydel og alder 2008-2019,2016,Bydel Stovner,18-19 år,Personer,894
EliminatedValue,8,11,9,0,Folkemengden etter administrativ bydel og alder 2008-2019,2016,Bydel Stovner,20-22 år,Personer,1192
EliminatedValue,8,11,10,0,Folkemengden etter administrativ bydel og alder 2008-2019,2016,Bydel Stovner,23-24 år,Personer,793
EliminatedValue,8,11,11,0,Folkemengden etter administrativ bydel og alder 2008-2019,2016,Bydel Stovner,25-29 år,Personer,2032
EliminatedValue,8,11,12,0,Folkemengden etter administrativ bydel og alder 2008-2019,2016,Bydel Stovner,30-39 år,Personer,4320
EliminatedValue,8,11,13,0,Folkemengden etter administrativ bydel og alder 2008-2019,2016,Bydel Stovner,40-49 år,Personer,4834
EliminatedValue,8,11,14,0,Folkemengden etter administrativ bydel og alder 2008-2019,2016,Bydel Stovner,50-66 år,Personer,6034
EliminatedValue,8,11,15,0,Folkemengden etter administrativ bydel og alder 2008-2019,2016,Bydel Stovner,67-74 år,Personer,2376
EliminatedValue,8,11,16,0,Folkemengden etter administrativ bydel og alder 2008-2019,2016,Bydel Stovner,75-79 år,Personer,895
EliminatedValue,8,11,17,0,Folkemengden etter administrativ bydel og alder 2008-2019,2016,Bydel Stovner,80-84 år,Personer,532
EliminatedValue,8,11,18,0,Folkemengden etter administrativ bydel og alder 2008-2019,2016,Bydel Stovner,85-89 år,Personer,298
EliminatedValue,8,11,19,0,Folkemengden etter administrativ bydel og alder 2008-2019,2016,Bydel Stovner,90 år +,Personer,159
EliminatedValue,8,12,0,0,Folkemengden etter administrativ bydel og alder 2008-2019,2016,Bydel Alna,Alder i alt,Personer,49249
EliminatedValue,8,12,1,0,Folkemengden etter administrativ bydel og alder 2008-2019,2016,Bydel Alna,0 år,Personer,708
EliminatedValue,8,12,2,0,Folkemengden etter administrativ bydel og alder 2008-2019,2016,Bydel Alna,1-2 år,Personer,1444
EliminatedValue,8,12,3,0,Folkemengden etter administrativ bydel og alder 2008-2019,2016,Bydel Alna,3-5 år,Personer,2042
EliminatedValue,8,12,4,0,Folkemengden etter administrativ bydel og alder 2008-2019,2016,Bydel Alna,6-9 år,Personer,2464
EliminatedValue,8,12,5,0,Folkemengden etter administrativ bydel og alder 2008-2019,2016,Bydel Alna,10-12 år,Personer,1727
EliminatedValue,8,12,6,0,Folkemengden etter administrativ bydel og alder 2008-2019,2016,Bydel Alna,13-15 år,Personer,1641
EliminatedValue,8,12,7,0,Folkemengden etter administrativ bydel og alder 2008-2019,2016,Bydel Alna,16-17 år,Personer,1122
EliminatedValue,8,12,8,0,Folkemengden etter administrativ bydel og alder 2008-2019,2016,Bydel Alna,18-19 år,Personer,1125
EliminatedValue,8,12,9,0,Folkemengden etter administrativ bydel og alder 2008-2019,2016,Bydel Alna,20-22 år,Personer,1658
EliminatedValue,8,12,10,0,Folkemengden etter administrativ bydel og alder 2008-2019,2016,Bydel Alna,23-24 år,Personer,1241
EliminatedValue,8,12,11,0,Folkemengden etter administrativ bydel og alder 2008-2019,2016,Bydel Alna,25-29 år,Personer,3879
EliminatedValue,8,12,12,0,Folkemengden etter administrativ bydel og alder 2008-2019,2016,Bydel Alna,30-39 år,Personer,8168
EliminatedValue,8,12,13,0,Folkemengden etter administrativ bydel og alder 2008-2019,2016,Bydel Alna,40-49 år,Personer,6904
EliminatedValue,8,12,14,0,Folkemengden etter administrativ bydel og alder 2008-2019,2016,Bydel Alna,50-66 år,Personer,9319
EliminatedValue,8,12,15,0,Folkemengden etter administrativ bydel og alder 2008-2019,2016,Bydel Alna,67-74 år,Personer,3127
EliminatedValue,8,12,16,0,Folkemengden etter administrativ bydel og alder 2008-2019,2016,Bydel Alna,75-79 år,Personer,1064
EliminatedValue,8,12,17,0,Folkemengden etter administrativ bydel og alder 2008-2019,2016,Bydel Alna,80-84 år,Personer,758
EliminatedValue,8,12,18,0,Folkemengden etter administrativ bydel og alder 2008-2019,2016,Bydel Alna,85-89 år,Personer,514
EliminatedValue,8,12,19,0,Folkemengden etter administrativ bydel og alder 2008-2019,2016,Bydel Alna,90 år +,Personer,344
EliminatedValue,8,13,0,0,Folkemengden etter administrativ bydel og alder 2008-2019,2016,Bydel Østensjø,Alder i alt,Personer,49911
EliminatedValue,8,13,1,0,Folkemengden etter administrativ bydel og alder 2008-2019,2016,Bydel Østensjø,0 år,Personer,679
EliminatedValue,8,13,2,0,Folkemengden etter administrativ bydel og alder 2008-2019,2016,Bydel Østensjø,1-2 år,Personer,1376
EliminatedValue,8,13,3,0,Folkemengden etter administrativ bydel og alder 2008-2019,2016,Bydel Østensjø,3-5 år,Personer,2163
EliminatedValue,8,13,4,0,Folkemengden etter administrativ bydel og alder 2008-2019,2016,Bydel Østensjø,6-9 år,Personer,2775
EliminatedValue,8,13,5,0,Folkemengden etter administrativ bydel og alder 2008-2019,2016,Bydel Østensjø,10-12 år,Personer,1786
EliminatedValue,8,13,6,0,Folkemengden etter administrativ bydel og alder 2008-2019,2016,Bydel Østensjø,13-15 år,Personer,1565
EliminatedValue,8,13,7,0,Folkemengden etter administrativ bydel og alder 2008-2019,2016,Bydel Østensjø,16-17 år,Personer,1045
EliminatedValue,8,13,8,0,Folkemengden etter administrativ bydel og alder 2008-2019,2016,Bydel Østensjø,18-19 år,Personer,1056
EliminatedValue,8,13,9,0,Folkemengden etter administrativ bydel og alder 2008-2019,2016,Bydel Østensjø,20-22 år,Personer,1450
EliminatedValue,8,13,10,0,Folkemengden etter administrativ bydel og alder 2008-2019,2016,Bydel Østensjø,23-24 år,Personer,1064
EliminatedValue,8,13,11,0,Folkemengden etter administrativ bydel og alder 2008-2019,2016,Bydel Østensjø,25-29 år,Personer,3301
EliminatedValue,8,13,12,0,Folkemengden etter administrativ bydel og alder 2008-2019,2016,Bydel Østensjø,30-39 år,Personer,7644
EliminatedValue,8,13,13,0,Folkemengden etter administrativ bydel og alder 2008-2019,2016,Bydel Østensjø,40-49 år,Personer,7966
EliminatedValue,8,13,14,0,Folkemengden etter administrativ bydel og alder 2008-2019,2016,Bydel Østensjø,50-66 år,Personer,9133
EliminatedValue,8,13,15,0,Folkemengden etter administrativ bydel og alder 2008-2019,2016,Bydel Østensjø,67-74 år,Personer,2687
EliminatedValue,8,13,16,0,Folkemengden etter administrativ bydel og alder 2008-2019,2016,Bydel Østensjø,75-79 år,Personer,1333
EliminatedValue,8,13,17,0,Folkemengden etter administrativ bydel og alder 2008-2019,2016,Bydel Østensjø,80-84 år,Personer,1318
EliminatedValue,8,13,18,0,Folkemengden etter administrativ bydel og alder 2008-2019,2016,Bydel Østensjø,85-89 år,Personer,1024
EliminatedValue,8,13,19,0,Folkemengden etter administrativ bydel og alder 2008-2019,2016,Bydel Østensjø,90 år +,Personer,546
EliminatedValue,8,14,0,0,Folkemengden etter administrativ bydel og alder 2008-2019,2016,Bydel Nordstrand,Alder i alt,Personer,50219
EliminatedValue,8,14,1,0,Folkemengden etter administrativ bydel og alder 2008-2019,2016,Bydel Nordstrand,0 år,Personer,627
EliminatedValue,8,14,2,0,Folkemengden etter administrativ bydel og alder 2008-2019,2016,Bydel Nordstrand,1-2 år,Personer,1261
EliminatedValue,8,14,3,0,Folkemengden etter administrativ bydel og alder 2008-2019,2016,Bydel Nordstrand,3-5 år,Personer,2089
EliminatedValue,8,14,4,0,Folkemengden etter administrativ bydel og alder 2008-2019,2016,Bydel Nordstrand,6-9 år,Personer,2749
EliminatedValue,8,14,5,0,Folkemengden etter administrativ bydel og alder 2008-2019,2016,Bydel Nordstrand,10-12 år,Personer,1894
EliminatedValue,8,14,6,0,Folkemengden etter administrativ bydel og alder 2008-2019,2016,Bydel Nordstrand,13-15 år,Personer,1688
EliminatedValue,8,14,7,0,Folkemengden etter administrativ bydel og alder 2008-2019,2016,Bydel Nordstrand,16-17 år,Personer,1076
EliminatedValue,8,14,8,0,Folkemengden etter administrativ bydel og alder 2008-2019,2016,Bydel Nordstrand,18-19 år,Personer,1155
EliminatedValue,8,14,9,0,Folkemengden etter administrativ bydel og alder 2008-2019,2016,Bydel Nordstrand,20-22 år,Personer,1567
EliminatedValue,8,14,10,0,Folkemengden etter administrativ bydel og alder 2008-2019,2016,Bydel Nordstrand,23-24 år,Personer,1102
EliminatedValue,8,14,11,0,Folkemengden etter administrativ bydel og alder 2008-2019,2016,Bydel Nordstrand,25-29 år,Personer,3102
EliminatedValue,8,14,12,0,Folkemengden etter administrativ bydel og alder 2008-2019,2016,Bydel Nordstrand,30-39 år,Personer,7047
EliminatedValue,8,14,13,0,Folkemengden etter administrativ bydel og alder 2008-2019,2016,Bydel Nordstrand,40-49 år,Personer,7738
EliminatedValue,8,14,14,0,Folkemengden etter administrativ bydel og alder 2008-2019,2016,Bydel Nordstrand,50-66 år,Personer,9928
EliminatedValue,8,14,15,0,Folkemengden etter administrativ bydel og alder 2008-2019,2016,Bydel Nordstrand,67-74 år,Personer,3353
EliminatedValue,8,14,16,0,Folkemengden etter administrativ bydel og alder 2008-2019,2016,Bydel Nordstrand,75-79 år,Personer,1297
EliminatedValue,8,14,17,0,Folkemengden etter administrativ bydel og alder 2008-2019,2016,Bydel Nordstrand,80-84 år,Personer,1027
EliminatedValue,8,14,18,0,Folkemengden etter administrativ bydel og alder 2008-2019,2016,Bydel Nordstrand,85-89 år,Personer,857
EliminatedValue,8,14,19,0,Folkemengden etter administrativ bydel og alder 2008-2019,2016,Bydel Nordstrand,90 år +,Personer,662
EliminatedValue,8,15,0,0,Folkemengden etter administrativ bydel og alder 2008-2019,2016,Bydel Søndre Nordstrand,Alder i alt,Personer,38445
EliminatedValue,8,15,1,0,Folkemengden etter administrativ bydel og alder 2008-2019,2016,Bydel Søndre Nordstrand,0 år,Personer,520
EliminatedValue,8,15,2,0,Folkemengden etter administrativ bydel og alder 2008-2019,2016,Bydel Søndre Nordstrand,1-2 år,Personer,1136
EliminatedValue,8,15,3,0,Folkemengden etter administrativ bydel og alder 2008-2019,2016,Bydel Søndre Nordstrand,3-5 år,Personer,1790
EliminatedValue,8,15,4,0,Folkemengden etter administrativ bydel og alder 2008-2019,2016,Bydel Søndre Nordstrand,6-9 år,Personer,2317
EliminatedValue,8,15,5,0,Folkemengden etter administrativ bydel og alder 2008-2019,2016,Bydel Søndre Nordstrand,10-12 år,Personer,1697
EliminatedValue,8,15,6,0,Folkemengden etter administrativ bydel og alder 2008-2019,2016,Bydel Søndre Nordstrand,13-15 år,Personer,1685
EliminatedValue,8,15,7,0,Folkemengden etter administrativ bydel og alder 2008-2019,2016,Bydel Søndre Nordstrand,16-17 år,Personer,1120
EliminatedValue,8,15,8,0,Folkemengden etter administrativ bydel og alder 2008-2019,2016,Bydel Søndre Nordstrand,18-19 år,Personer,1121
EliminatedValue,8,15,9,0,Folkemengden etter administrativ bydel og alder 2008-2019,2016,Bydel Søndre Nordstrand,20-22 år,Personer,1539
EliminatedValue,8,15,10,0,Folkemengden etter administrativ bydel og alder 2008-2019,2016,Bydel Søndre Nordstrand,23-24 år,Personer,991
EliminatedValue,8,15,11,0,Folkemengden etter administrativ bydel og alder 2008-2019,2016,Bydel Søndre Nordstrand,25-29 år,Personer,2566
EliminatedValue,8,15,12,0,Folkemengden etter administrativ bydel og alder 2008-2019,2016,Bydel Søndre Nordstrand,30-39 år,Personer,5628
EliminatedValue,8,15,13,0,Folkemengden etter administrativ bydel og alder 2008-2019,2016,Bydel Søndre Nordstrand,40-49 år,Personer,5437
EliminatedValue,8,15,14,0,Folkemengden etter administrativ bydel og alder 2008-2019,2016,Bydel Søndre Nordstrand,50-66 år,Personer,7905
EliminatedValue,8,15,15,0,Folkemengden etter administrativ bydel og alder 2008-2019,2016,Bydel Søndre Nordstrand,67-74 år,Personer,1836
EliminatedValue,8,15,16,0,Folkemengden etter administrativ bydel og alder 2008-2019,2016,Bydel Søndre Nordstrand,75-79 år,Personer,523
EliminatedValue,8,15,17,0,Folkemengden etter administrativ bydel og alder 2008-2019,2016,Bydel Søndre Nordstrand,80-84 år,Personer,306
EliminatedValue,8,15,18,0,Folkemengden etter administrativ bydel og alder 2008-2019,2016,Bydel Søndre Nordstrand,85-89 år,Personer,197
EliminatedValue,8,15,19,0,Folkemengden etter administrativ bydel og alder 2008-2019,2016,Bydel Søndre Nordstrand,90 år +,Personer,131
EliminatedValue,9,100000,0,0,Folkemengden etter administrativ bydel og alder 2008-2019,2017,Oslo i alt,Alder i alt,Personer,663354
EliminatedValue,9,100000,1,0,Folkemengden etter administrativ bydel og alder 2008-2019,2017,Oslo i alt,0 år,Personer,9670
EliminatedValue,9,100000,2,0,Folkemengden etter administrativ bydel og alder 2008-2019,2017,Oslo i alt,1-2 år,Personer,17733
EliminatedValue,9,100000,3,0,Folkemengden etter administrativ bydel og alder 2008-2019,2017,Oslo i alt,3-5 år,Personer,24017
EliminatedValue,9,100000,4,0,Folkemengden etter administrativ bydel og alder 2008-2019,2017,Oslo i alt,6-9 år,Personer,29657
EliminatedValue,9,100000,5,0,Folkemengden etter administrativ bydel og alder 2008-2019,2017,Oslo i alt,10-12 år,Personer,19801
EliminatedValue,9,100000,6,0,Folkemengden etter administrativ bydel og alder 2008-2019,2017,Oslo i alt,13-15 år,Personer,17876
EliminatedValue,9,100000,7,0,Folkemengden etter administrativ bydel og alder 2008-2019,2017,Oslo i alt,16-17 år,Personer,11971
EliminatedValue,9,100000,8,0,Folkemengden etter administrativ bydel og alder 2008-2019,2017,Oslo i alt,18-19 år,Personer,12489
EliminatedValue,9,100000,9,0,Folkemengden etter administrativ bydel og alder 2008-2019,2017,Oslo i alt,20-22 år,Personer,24893
EliminatedValue,9,100000,10,0,Folkemengden etter administrativ bydel og alder 2008-2019,2017,Oslo i alt,23-24 år,Personer,20869
EliminatedValue,9,100000,11,0,Folkemengden etter administrativ bydel og alder 2008-2019,2017,Oslo i alt,25-29 år,Personer,72274
EliminatedValue,9,100000,12,0,Folkemengden etter administrativ bydel og alder 2008-2019,2017,Oslo i alt,30-39 år,Personer,124608
EliminatedValue,9,100000,13,0,Folkemengden etter administrativ bydel og alder 2008-2019,2017,Oslo i alt,40-49 år,Personer,92995
EliminatedValue,9,100000,14,0,Folkemengden etter administrativ bydel og alder 2008-2019,2017,Oslo i alt,50-66 år,Personer,113039
EliminatedValue,9,100000,15,0,Folkemengden etter administrativ bydel og alder 2008-2019,2017,Oslo i alt,67-74 år,Personer,37490
EliminatedValue,9,100000,16,0,Folkemengden etter administrativ bydel og alder 2008-2019,2017,Oslo i alt,75-79 år,Personer,13009
EliminatedValue,9,100000,17,0,Folkemengden etter administrativ bydel og alder 2008-2019,2017,Oslo i alt,80-84 år,Personer,9151
EliminatedValue,9,100000,18,0,Folkemengden etter administrativ bydel og alder 2008-2019,2017,Oslo i alt,85-89 år,Personer,6847
EliminatedValue,9,100000,19,0,Folkemengden etter administrativ bydel og alder 2008-2019,2017,Oslo i alt,90 år +,Personer,4965
EliminatedValue,9,1,0,0,Folkemengden etter administrativ bydel og alder 2008-2019,2017,Bydel Gamle Oslo,Alder i alt,Personer,53249
EliminatedValue,9,1,1,0,Folkemengden etter administrativ bydel og alder 2008-2019,2017,Bydel Gamle Oslo,0 år,Personer,974
EliminatedValue,9,1,2,0,Folkemengden etter administrativ bydel og alder 2008-2019,2017,Bydel Gamle Oslo,1-2 år,Personer,1636
EliminatedValue,9,1,3,0,Folkemengden etter administrativ bydel og alder 2008-2019,2017,Bydel Gamle Oslo,3-5 år,Personer,1942
EliminatedValue,9,1,4,0,Folkemengden etter administrativ bydel og alder 2008-2019,2017,Bydel Gamle Oslo,6-9 år,Personer,1966
EliminatedValue,9,1,5,0,Folkemengden etter administrativ bydel og alder 2008-2019,2017,Bydel Gamle Oslo,10-12 år,Personer,1128
EliminatedValue,9,1,6,0,Folkemengden etter administrativ bydel og alder 2008-2019,2017,Bydel Gamle Oslo,13-15 år,Personer,897
EliminatedValue,9,1,7,0,Folkemengden etter administrativ bydel og alder 2008-2019,2017,Bydel Gamle Oslo,16-17 år,Personer,623
EliminatedValue,9,1,8,0,Folkemengden etter administrativ bydel og alder 2008-2019,2017,Bydel Gamle Oslo,18-19 år,Personer,717
EliminatedValue,9,1,9,0,Folkemengden etter administrativ bydel og alder 2008-2019,2017,Bydel Gamle Oslo,20-22 år,Personer,1708
EliminatedValue,9,1,10,0,Folkemengden etter administrativ bydel og alder 2008-2019,2017,Bydel Gamle Oslo,23-24 år,Personer,1893
EliminatedValue,9,1,11,0,Folkemengden etter administrativ bydel og alder 2008-2019,2017,Bydel Gamle Oslo,25-29 år,Personer,7736
EliminatedValue,9,1,12,0,Folkemengden etter administrativ bydel og alder 2008-2019,2017,Bydel Gamle Oslo,30-39 år,Personer,13950
EliminatedValue,9,1,13,0,Folkemengden etter administrativ bydel og alder 2008-2019,2017,Bydel Gamle Oslo,40-49 år,Personer,7637
EliminatedValue,9,1,14,0,Folkemengden etter administrativ bydel og alder 2008-2019,2017,Bydel Gamle Oslo,50-66 år,Personer,7404
EliminatedValue,9,1,15,0,Folkemengden etter administrativ bydel og alder 2008-2019,2017,Bydel Gamle Oslo,67-74 år,Personer,1846
EliminatedValue,9,1,16,0,Folkemengden etter administrativ bydel og alder 2008-2019,2017,Bydel Gamle Oslo,75-79 år,Personer,484
EliminatedValue,9,1,17,0,Folkemengden etter administrativ bydel og alder 2008-2019,2017,Bydel Gamle Oslo,80-84 år,Personer,305
EliminatedValue,9,1,18,0,Folkemengden etter administrativ bydel og alder 2008-2019,2017,Bydel Gamle Oslo,85-89 år,Personer,214
EliminatedValue,9,1,19,0,Folkemengden etter administrativ bydel og alder 2008-2019,2017,Bydel Gamle Oslo,90 år +,Personer,189
EliminatedValue,9,2,0,0,Folkemengden etter administrativ bydel og alder 2008-2019,2017,Bydel Grünerløkka,Alder i alt,Personer,57494
EliminatedValue,9,2,1,0,Folkemengden etter administrativ bydel og alder 2008-2019,2017,Bydel Grünerløkka,0 år,Personer,1040
EliminatedValue,9,2,2,0,Folkemengden etter administrativ bydel og alder 2008-2019,2017,Bydel Grünerløkka,1-2 år,Personer,1572
EliminatedValue,9,2,3,0,Folkemengden etter administrativ bydel og alder 2008-2019,2017,Bydel Grünerløkka,3-5 år,Personer,1766
EliminatedValue,9,2,4,0,Folkemengden etter administrativ bydel og alder 2008-2019,2017,Bydel Grünerløkka,6-9 år,Personer,1642
EliminatedValue,9,2,5,0,Folkemengden etter administrativ bydel og alder 2008-2019,2017,Bydel Grünerløkka,10-12 år,Personer,929
EliminatedValue,9,2,6,0,Folkemengden etter administrativ bydel og alder 2008-2019,2017,Bydel Grünerløkka,13-15 år,Personer,784
EliminatedValue,9,2,7,0,Folkemengden etter administrativ bydel og alder 2008-2019,2017,Bydel Grünerløkka,16-17 år,Personer,506
EliminatedValue,9,2,8,0,Folkemengden etter administrativ bydel og alder 2008-2019,2017,Bydel Grünerløkka,18-19 år,Personer,614
EliminatedValue,9,2,9,0,Folkemengden etter administrativ bydel og alder 2008-2019,2017,Bydel Grünerløkka,20-22 år,Personer,2546
EliminatedValue,9,2,10,0,Folkemengden etter administrativ bydel og alder 2008-2019,2017,Bydel Grünerløkka,23-24 år,Personer,2654
EliminatedValue,9,2,11,0,Folkemengden etter administrativ bydel og alder 2008-2019,2017,Bydel Grünerløkka,25-29 år,Personer,10787
EliminatedValue,9,2,12,0,Folkemengden etter administrativ bydel og alder 2008-2019,2017,Bydel Grünerløkka,30-39 år,Personer,15881
EliminatedValue,9,2,13,0,Folkemengden etter administrativ bydel og alder 2008-2019,2017,Bydel Grünerløkka,40-49 år,Personer,7325
EliminatedValue,9,2,14,0,Folkemengden etter administrativ bydel og alder 2008-2019,2017,Bydel Grünerløkka,50-66 år,Personer,6573
EliminatedValue,9,2,15,0,Folkemengden etter administrativ bydel og alder 2008-2019,2017,Bydel Grünerløkka,67-74 år,Personer,1679
EliminatedValue,9,2,16,0,Folkemengden etter administrativ bydel og alder 2008-2019,2017,Bydel Grünerløkka,75-79 år,Personer,487
EliminatedValue,9,2,17,0,Folkemengden etter administrativ bydel og alder 2008-2019,2017,Bydel Grünerløkka,80-84 år,Personer,270
EliminatedValue,9,2,18,0,Folkemengden etter administrativ bydel og alder 2008-2019,2017,Bydel Grünerløkka,85-89 år,Personer,223
EliminatedValue,9,2,19,0,Folkemengden etter administrativ bydel og alder 2008-2019,2017,Bydel Grünerløkka,90 år +,Personer,216
EliminatedValue,9,3,0,0,Folkemengden etter administrativ bydel og alder 2008-2019,2017,Bydel Sagene,Alder i alt,Personer,42389
EliminatedValue,9,3,1,0,Folkemengden etter administrativ bydel og alder 2008-2019,2017,Bydel Sagene,0 år,Personer,885
EliminatedValue,9,3,2,0,Folkemengden etter administrativ bydel og alder 2008-2019,2017,Bydel Sagene,1-2 år,Personer,1337
EliminatedValue,9,3,3,0,Folkemengden etter administrativ bydel og alder 2008-2019,2017,Bydel Sagene,3-5 år,Personer,1315
EliminatedValue,9,3,4,0,Folkemengden etter administrativ bydel og alder 2008-2019,2017,Bydel Sagene,6-9 år,Personer,1104
EliminatedValue,9,3,5,0,Folkemengden etter administrativ bydel og alder 2008-2019,2017,Bydel Sagene,10-12 år,Personer,581
EliminatedValue,9,3,6,0,Folkemengden etter administrativ bydel og alder 2008-2019,2017,Bydel Sagene,13-15 år,Personer,467
EliminatedValue,9,3,7,0,Folkemengden etter administrativ bydel og alder 2008-2019,2017,Bydel Sagene,16-17 år,Personer,312
EliminatedValue,9,3,8,0,Folkemengden etter administrativ bydel og alder 2008-2019,2017,Bydel Sagene,18-19 år,Personer,477
EliminatedValue,9,3,9,0,Folkemengden etter administrativ bydel og alder 2008-2019,2017,Bydel Sagene,20-22 år,Personer,1677
EliminatedValue,9,3,10,0,Folkemengden etter administrativ bydel og alder 2008-2019,2017,Bydel Sagene,23-24 år,Personer,1767
EliminatedValue,9,3,11,0,Folkemengden etter administrativ bydel og alder 2008-2019,2017,Bydel Sagene,25-29 år,Personer,7998
EliminatedValue,9,3,12,0,Folkemengden etter administrativ bydel og alder 2008-2019,2017,Bydel Sagene,30-39 år,Personer,11620
EliminatedValue,9,3,13,0,Folkemengden etter administrativ bydel og alder 2008-2019,2017,Bydel Sagene,40-49 år,Personer,5029
EliminatedValue,9,3,14,0,Folkemengden etter administrativ bydel og alder 2008-2019,2017,Bydel Sagene,50-66 år,Personer,5111
EliminatedValue,9,3,15,0,Folkemengden etter administrativ bydel og alder 2008-2019,2017,Bydel Sagene,67-74 år,Personer,1595
EliminatedValue,9,3,16,0,Folkemengden etter administrativ bydel og alder 2008-2019,2017,Bydel Sagene,75-79 år,Personer,441
EliminatedValue,9,3,17,0,Folkemengden etter administrativ bydel og alder 2008-2019,2017,Bydel Sagene,80-84 år,Personer,274
EliminatedValue,9,3,18,0,Folkemengden etter administrativ bydel og alder 2008-2019,2017,Bydel Sagene,85-89 år,Personer,198
EliminatedValue,9,3,19,0,Folkemengden etter administrativ bydel og alder 2008-2019,2017,Bydel Sagene,90 år +,Personer,201
EliminatedValue,9,4,0,0,Folkemengden etter administrativ bydel og alder 2008-2019,2017,Bydel St.Hanshaugen,Alder i alt,Personer,38869
EliminatedValue,9,4,1,0,Folkemengden etter administrativ bydel og alder 2008-2019,2017,Bydel St.Hanshaugen,0 år,Personer,557
EliminatedValue,9,4,2,0,Folkemengden etter administrativ bydel og alder 2008-2019,2017,Bydel St.Hanshaugen,1-2 år,Personer,854
EliminatedValue,9,4,3,0,Folkemengden etter administrativ bydel og alder 2008-2019,2017,Bydel St.Hanshaugen,3-5 år,Personer,899
EliminatedValue,9,4,4,0,Folkemengden etter administrativ bydel og alder 2008-2019,2017,Bydel St.Hanshaugen,6-9 år,Personer,962
EliminatedValue,9,4,5,0,Folkemengden etter administrativ bydel og alder 2008-2019,2017,Bydel St.Hanshaugen,10-12 år,Personer,520
EliminatedValue,9,4,6,0,Folkemengden etter administrativ bydel og alder 2008-2019,2017,Bydel St.Hanshaugen,13-15 år,Personer,488
EliminatedValue,9,4,7,0,Folkemengden etter administrativ bydel og alder 2008-2019,2017,Bydel St.Hanshaugen,16-17 år,Personer,332
EliminatedValue,9,4,8,0,Folkemengden etter administrativ bydel og alder 2008-2019,2017,Bydel St.Hanshaugen,18-19 år,Personer,455
EliminatedValue,9,4,9,0,Folkemengden etter administrativ bydel og alder 2008-2019,2017,Bydel St.Hanshaugen,20-22 år,Personer,2013
EliminatedValue,9,4,10,0,Folkemengden etter administrativ bydel og alder 2008-2019,2017,Bydel St.Hanshaugen,23-24 år,Personer,2143
EliminatedValue,9,4,11,0,Folkemengden etter administrativ bydel og alder 2008-2019,2017,Bydel St.Hanshaugen,25-29 år,Personer,7896
EliminatedValue,9,4,12,0,Folkemengden etter administrativ bydel og alder 2008-2019,2017,Bydel St.Hanshaugen,30-39 år,Personer,9653
EliminatedValue,9,4,13,0,Folkemengden etter administrativ bydel og alder 2008-2019,2017,Bydel St.Hanshaugen,40-49 år,Personer,4696
EliminatedValue,9,4,14,0,Folkemengden etter administrativ bydel og alder 2008-2019,2017,Bydel St.Hanshaugen,50-66 år,Personer,4749
EliminatedValue,9,4,15,0,Folkemengden etter administrativ bydel og alder 2008-2019,2017,Bydel St.Hanshaugen,67-74 år,Personer,1469
EliminatedValue,9,4,16,0,Folkemengden etter administrativ bydel og alder 2008-2019,2017,Bydel St.Hanshaugen,75-79 år,Personer,492
EliminatedValue,9,4,17,0,Folkemengden etter administrativ bydel og alder 2008-2019,2017,Bydel St.Hanshaugen,80-84 år,Personer,282
EliminatedValue,9,4,18,0,Folkemengden etter administrativ bydel og alder 2008-2019,2017,Bydel St.Hanshaugen,85-89 år,Personer,196
EliminatedValue,9,4,19,0,Folkemengden etter administrativ bydel og alder 2008-2019,2017,Bydel St.Hanshaugen,90 år +,Personer,213
EliminatedValue,9,5,0,0,Folkemengden etter administrativ bydel og alder 2008-2019,2017,Bydel Frogner,Alder i alt,Personer,57585
EliminatedValue,9,5,1,0,Folkemengden etter administrativ bydel og alder 2008-2019,2017,Bydel Frogner,0 år,Personer,713
EliminatedValue,9,5,2,0,Folkemengden etter administrativ bydel og alder 2008-2019,2017,Bydel Frogner,1-2 år,Personer,1105
EliminatedValue,9,5,3,0,Folkemengden etter administrativ bydel og alder 2008-2019,2017,Bydel Frogner,3-5 år,Personer,1210
EliminatedValue,9,5,4,0,Folkemengden etter administrativ bydel og alder 2008-2019,2017,Bydel Frogner,6-9 år,Personer,1351
EliminatedValue,9,5,5,0,Folkemengden etter administrativ bydel og alder 2008-2019,2017,Bydel Frogner,10-12 år,Personer,889
EliminatedValue,9,5,6,0,Folkemengden etter administrativ bydel og alder 2008-2019,2017,Bydel Frogner,13-15 år,Personer,803
EliminatedValue,9,5,7,0,Folkemengden etter administrativ bydel og alder 2008-2019,2017,Bydel Frogner,16-17 år,Personer,603
EliminatedValue,9,5,8,0,Folkemengden etter administrativ bydel og alder 2008-2019,2017,Bydel Frogner,18-19 år,Personer,804
EliminatedValue,9,5,9,0,Folkemengden etter administrativ bydel og alder 2008-2019,2017,Bydel Frogner,20-22 år,Personer,2632
EliminatedValue,9,5,10,0,Folkemengden etter administrativ bydel og alder 2008-2019,2017,Bydel Frogner,23-24 år,Personer,2612
EliminatedValue,9,5,11,0,Folkemengden etter administrativ bydel og alder 2008-2019,2017,Bydel Frogner,25-29 år,Personer,9323
EliminatedValue,9,5,12,0,Folkemengden etter administrativ bydel og alder 2008-2019,2017,Bydel Frogner,30-39 år,Personer,11544
EliminatedValue,9,5,13,0,Folkemengden etter administrativ bydel og alder 2008-2019,2017,Bydel Frogner,40-49 år,Personer,6938
EliminatedValue,9,5,14,0,Folkemengden etter administrativ bydel og alder 2008-2019,2017,Bydel Frogner,50-66 år,Personer,9851
EliminatedValue,9,5,15,0,Folkemengden etter administrativ bydel og alder 2008-2019,2017,Bydel Frogner,67-74 år,Personer,3879
EliminatedValue,9,5,16,0,Folkemengden etter administrativ bydel og alder 2008-2019,2017,Bydel Frogner,75-79 år,Personer,1396
EliminatedValue,9,5,17,0,Folkemengden etter administrativ bydel og alder 2008-2019,2017,Bydel Frogner,80-84 år,Personer,835
EliminatedValue,9,5,18,0,Folkemengden etter administrativ bydel og alder 2008-2019,2017,Bydel Frogner,85-89 år,Personer,631
EliminatedValue,9,5,19,0,Folkemengden etter administrativ bydel og alder 2008-2019,2017,Bydel Frogner,90 år +,Personer,466
EliminatedValue,9,6,0,0,Folkemengden etter administrativ bydel og alder 2008-2019,2017,Bydel Ullern,Alder i alt,Personer,33175
EliminatedValue,9,6,1,0,Folkemengden etter administrativ bydel og alder 2008-2019,2017,Bydel Ullern,0 år,Personer,419
EliminatedValue,9,6,2,0,Folkemengden etter administrativ bydel og alder 2008-2019,2017,Bydel Ullern,1-2 år,Personer,883
EliminatedValue,9,6,3,0,Folkemengden etter administrativ bydel og alder 2008-2019,2017,Bydel Ullern,3-5 år,Personer,1241
EliminatedValue,9,6,4,0,Folkemengden etter administrativ bydel og alder 2008-2019,2017,Bydel Ullern,6-9 år,Personer,1706
EliminatedValue,9,6,5,0,Folkemengden etter administrativ bydel og alder 2008-2019,2017,Bydel Ullern,10-12 år,Personer,1180
EliminatedValue,9,6,6,0,Folkemengden etter administrativ bydel og alder 2008-2019,2017,Bydel Ullern,13-15 år,Personer,1015
EliminatedValue,9,6,7,0,Folkemengden etter administrativ bydel og alder 2008-2019,2017,Bydel Ullern,16-17 år,Personer,628
EliminatedValue,9,6,8,0,Folkemengden etter administrativ bydel og alder 2008-2019,2017,Bydel Ullern,18-19 år,Personer,611
EliminatedValue,9,6,9,0,Folkemengden etter administrativ bydel og alder 2008-2019,2017,Bydel Ullern,20-22 år,Personer,909
EliminatedValue,9,6,10,0,Folkemengden etter administrativ bydel og alder 2008-2019,2017,Bydel Ullern,23-24 år,Personer,642
EliminatedValue,9,6,11,0,Folkemengden etter administrativ bydel og alder 2008-2019,2017,Bydel Ullern,25-29 år,Personer,2071
EliminatedValue,9,6,12,0,Folkemengden etter administrativ bydel og alder 2008-2019,2017,Bydel Ullern,30-39 år,Personer,4871
EliminatedValue,9,6,13,0,Folkemengden etter administrativ bydel og alder 2008-2019,2017,Bydel Ullern,40-49 år,Personer,4659
EliminatedValue,9,6,14,0,Folkemengden etter administrativ bydel og alder 2008-2019,2017,Bydel Ullern,50-66 år,Personer,6746
EliminatedValue,9,6,15,0,Folkemengden etter administrativ bydel og alder 2008-2019,2017,Bydel Ullern,67-74 år,Personer,2965
EliminatedValue,9,6,16,0,Folkemengden etter administrativ bydel og alder 2008-2019,2017,Bydel Ullern,75-79 år,Personer,1040
EliminatedValue,9,6,17,0,Folkemengden etter administrativ bydel og alder 2008-2019,2017,Bydel Ullern,80-84 år,Personer,698
EliminatedValue,9,6,18,0,Folkemengden etter administrativ bydel og alder 2008-2019,2017,Bydel Ullern,85-89 år,Personer,505
EliminatedValue,9,6,19,0,Folkemengden etter administrativ bydel og alder 2008-2019,2017,Bydel Ullern,90 år +,Personer,386
EliminatedValue,9,7,0,0,Folkemengden etter administrativ bydel og alder 2008-2019,2017,Bydel Vestre Aker,Alder i alt,Personer,49183
EliminatedValue,9,7,1,0,Folkemengden etter administrativ bydel og alder 2008-2019,2017,Bydel Vestre Aker,0 år,Personer,611
EliminatedValue,9,7,2,0,Folkemengden etter administrativ bydel og alder 2008-2019,2017,Bydel Vestre Aker,1-2 år,Personer,1378
EliminatedValue,9,7,3,0,Folkemengden etter administrativ bydel og alder 2008-2019,2017,Bydel Vestre Aker,3-5 år,Personer,2099
EliminatedValue,9,7,4,0,Folkemengden etter administrativ bydel og alder 2008-2019,2017,Bydel Vestre Aker,6-9 år,Personer,2838
EliminatedValue,9,7,5,0,Folkemengden etter administrativ bydel og alder 2008-2019,2017,Bydel Vestre Aker,10-12 år,Personer,1946
EliminatedValue,9,7,6,0,Folkemengden etter administrativ bydel og alder 2008-2019,2017,Bydel Vestre Aker,13-15 år,Personer,1690
EliminatedValue,9,7,7,0,Folkemengden etter administrativ bydel og alder 2008-2019,2017,Bydel Vestre Aker,16-17 år,Personer,1106
EliminatedValue,9,7,8,0,Folkemengden etter administrativ bydel og alder 2008-2019,2017,Bydel Vestre Aker,18-19 år,Personer,1070
EliminatedValue,9,7,9,0,Folkemengden etter administrativ bydel og alder 2008-2019,2017,Bydel Vestre Aker,20-22 år,Personer,1620
EliminatedValue,9,7,10,0,Folkemengden etter administrativ bydel og alder 2008-2019,2017,Bydel Vestre Aker,23-24 år,Personer,979
EliminatedValue,9,7,11,0,Folkemengden etter administrativ bydel og alder 2008-2019,2017,Bydel Vestre Aker,25-29 år,Personer,2898
EliminatedValue,9,7,12,0,Folkemengden etter administrativ bydel og alder 2008-2019,2017,Bydel Vestre Aker,30-39 år,Personer,6808
EliminatedValue,9,7,13,0,Folkemengden etter administrativ bydel og alder 2008-2019,2017,Bydel Vestre Aker,40-49 år,Personer,7133
EliminatedValue,9,7,14,0,Folkemengden etter administrativ bydel og alder 2008-2019,2017,Bydel Vestre Aker,50-66 år,Personer,9799
EliminatedValue,9,7,15,0,Folkemengden etter administrativ bydel og alder 2008-2019,2017,Bydel Vestre Aker,67-74 år,Personer,3895
EliminatedValue,9,7,16,0,Folkemengden etter administrativ bydel og alder 2008-2019,2017,Bydel Vestre Aker,75-79 år,Personer,1284
EliminatedValue,9,7,17,0,Folkemengden etter administrativ bydel og alder 2008-2019,2017,Bydel Vestre Aker,80-84 år,Personer,834
EliminatedValue,9,7,18,0,Folkemengden etter administrativ bydel og alder 2008-2019,2017,Bydel Vestre Aker,85-89 år,Personer,687
EliminatedValue,9,7,19,0,Folkemengden etter administrativ bydel og alder 2008-2019,2017,Bydel Vestre Aker,90 år +,Personer,508
EliminatedValue,9,8,0,0,Folkemengden etter administrativ bydel og alder 2008-2019,2017,Bydel Nordre Aker,Alder i alt,Personer,51085
EliminatedValue,9,8,1,0,Folkemengden etter administrativ bydel og alder 2008-2019,2017,Bydel Nordre Aker,0 år,Personer,613
EliminatedValue,9,8,2,0,Folkemengden etter administrativ bydel og alder 2008-2019,2017,Bydel Nordre Aker,1-2 år,Personer,1301
EliminatedValue,9,8,3,0,Folkemengden etter administrativ bydel og alder 2008-2019,2017,Bydel Nordre Aker,3-5 år,Personer,2010
EliminatedValue,9,8,4,0,Folkemengden etter administrativ bydel og alder 2008-2019,2017,Bydel Nordre Aker,6-9 år,Personer,2815
EliminatedValue,9,8,5,0,Folkemengden etter administrativ bydel og alder 2008-2019,2017,Bydel Nordre Aker,10-12 år,Personer,1938
EliminatedValue,9,8,6,0,Folkemengden etter administrativ bydel og alder 2008-2019,2017,Bydel Nordre Aker,13-15 år,Personer,1736
EliminatedValue,9,8,7,0,Folkemengden etter administrativ bydel og alder 2008-2019,2017,Bydel Nordre Aker,16-17 år,Personer,1104
EliminatedValue,9,8,8,0,Folkemengden etter administrativ bydel og alder 2008-2019,2017,Bydel Nordre Aker,18-19 år,Personer,1175
EliminatedValue,9,8,9,0,Folkemengden etter administrativ bydel og alder 2008-2019,2017,Bydel Nordre Aker,20-22 år,Personer,2296
EliminatedValue,9,8,10,0,Folkemengden etter administrativ bydel og alder 2008-2019,2017,Bydel Nordre Aker,23-24 år,Personer,1597
EliminatedValue,9,8,11,0,Folkemengden etter administrativ bydel og alder 2008-2019,2017,Bydel Nordre Aker,25-29 år,Personer,4119
EliminatedValue,9,8,12,0,Folkemengden etter administrativ bydel og alder 2008-2019,2017,Bydel Nordre Aker,30-39 år,Personer,7345
EliminatedValue,9,8,13,0,Folkemengden etter administrativ bydel og alder 2008-2019,2017,Bydel Nordre Aker,40-49 år,Personer,7595
EliminatedValue,9,8,14,0,Folkemengden etter administrativ bydel og alder 2008-2019,2017,Bydel Nordre Aker,50-66 år,Personer,9333
EliminatedValue,9,8,15,0,Folkemengden etter administrativ bydel og alder 2008-2019,2017,Bydel Nordre Aker,67-74 år,Personer,3121
EliminatedValue,9,8,16,0,Folkemengden etter administrativ bydel og alder 2008-2019,2017,Bydel Nordre Aker,75-79 år,Personer,1087
EliminatedValue,9,8,17,0,Folkemengden etter administrativ bydel og alder 2008-2019,2017,Bydel Nordre Aker,80-84 år,Personer,851
EliminatedValue,9,8,18,0,Folkemengden etter administrativ bydel og alder 2008-2019,2017,Bydel Nordre Aker,85-89 år,Personer,609
EliminatedValue,9,8,19,0,Folkemengden etter administrativ bydel og alder 2008-2019,2017,Bydel Nordre Aker,90 år +,Personer,440
EliminatedValue,9,9,0,0,Folkemengden etter administrativ bydel og alder 2008-2019,2017,Bydel Bjerke,Alder i alt,Personer,31508
EliminatedValue,9,9,1,0,Folkemengden etter administrativ bydel og alder 2008-2019,2017,Bydel Bjerke,0 år,Personer,513
EliminatedValue,9,9,2,0,Folkemengden etter administrativ bydel og alder 2008-2019,2017,Bydel Bjerke,1-2 år,Personer,1003
EliminatedValue,9,9,3,0,Folkemengden etter administrativ bydel og alder 2008-2019,2017,Bydel Bjerke,3-5 år,Personer,1395
EliminatedValue,9,9,4,0,Folkemengden etter administrativ bydel og alder 2008-2019,2017,Bydel Bjerke,6-9 år,Personer,1818
EliminatedValue,9,9,5,0,Folkemengden etter administrativ bydel og alder 2008-2019,2017,Bydel Bjerke,10-12 år,Personer,1152
EliminatedValue,9,9,6,0,Folkemengden etter administrativ bydel og alder 2008-2019,2017,Bydel Bjerke,13-15 år,Personer,1036
EliminatedValue,9,9,7,0,Folkemengden etter administrativ bydel og alder 2008-2019,2017,Bydel Bjerke,16-17 år,Personer,645
EliminatedValue,9,9,8,0,Folkemengden etter administrativ bydel og alder 2008-2019,2017,Bydel Bjerke,18-19 år,Personer,634
EliminatedValue,9,9,9,0,Folkemengden etter administrativ bydel og alder 2008-2019,2017,Bydel Bjerke,20-22 år,Personer,977
EliminatedValue,9,9,10,0,Folkemengden etter administrativ bydel og alder 2008-2019,2017,Bydel Bjerke,23-24 år,Personer,799
EliminatedValue,9,9,11,0,Folkemengden etter administrativ bydel og alder 2008-2019,2017,Bydel Bjerke,25-29 år,Personer,2662
EliminatedValue,9,9,12,0,Folkemengden etter administrativ bydel og alder 2008-2019,2017,Bydel Bjerke,30-39 år,Personer,5783
EliminatedValue,9,9,13,0,Folkemengden etter administrativ bydel og alder 2008-2019,2017,Bydel Bjerke,40-49 år,Personer,4779
EliminatedValue,9,9,14,0,Folkemengden etter administrativ bydel og alder 2008-2019,2017,Bydel Bjerke,50-66 år,Personer,5116
EliminatedValue,9,9,15,0,Folkemengden etter administrativ bydel og alder 2008-2019,2017,Bydel Bjerke,67-74 år,Personer,1490
EliminatedValue,9,9,16,0,Folkemengden etter administrativ bydel og alder 2008-2019,2017,Bydel Bjerke,75-79 år,Personer,584
EliminatedValue,9,9,17,0,Folkemengden etter administrativ bydel og alder 2008-2019,2017,Bydel Bjerke,80-84 år,Personer,459
EliminatedValue,9,9,18,0,Folkemengden etter administrativ bydel og alder 2008-2019,2017,Bydel Bjerke,85-89 år,Personer,386
EliminatedValue,9,9,19,0,Folkemengden etter administrativ bydel og alder 2008-2019,2017,Bydel Bjerke,90 år +,Personer,277
EliminatedValue,9,10,0,0,Folkemengden etter administrativ bydel og alder 2008-2019,2017,Bydel Grorud,Alder i alt,Personer,27465
EliminatedValue,9,10,1,0,Folkemengden etter administrativ bydel og alder 2008-2019,2017,Bydel Grorud,0 år,Personer,355
EliminatedValue,9,10,2,0,Folkemengden etter administrativ bydel og alder 2008-2019,2017,Bydel Grorud,1-2 år,Personer,733
EliminatedValue,9,10,3,0,Folkemengden etter administrativ bydel og alder 2008-2019,2017,Bydel Grorud,3-5 år,Personer,1028
EliminatedValue,9,10,4,0,Folkemengden etter administrativ bydel og alder 2008-2019,2017,Bydel Grorud,6-9 år,Personer,1329
EliminatedValue,9,10,5,0,Folkemengden etter administrativ bydel og alder 2008-2019,2017,Bydel Grorud,10-12 år,Personer,970
EliminatedValue,9,10,6,0,Folkemengden etter administrativ bydel og alder 2008-2019,2017,Bydel Grorud,13-15 år,Personer,939
EliminatedValue,9,10,7,0,Folkemengden etter administrativ bydel og alder 2008-2019,2017,Bydel Grorud,16-17 år,Personer,630
EliminatedValue,9,10,8,0,Folkemengden etter administrativ bydel og alder 2008-2019,2017,Bydel Grorud,18-19 år,Personer,648
EliminatedValue,9,10,9,0,Folkemengden etter administrativ bydel og alder 2008-2019,2017,Bydel Grorud,20-22 år,Personer,998
EliminatedValue,9,10,10,0,Folkemengden etter administrativ bydel og alder 2008-2019,2017,Bydel Grorud,23-24 år,Personer,673
EliminatedValue,9,10,11,0,Folkemengden etter administrativ bydel og alder 2008-2019,2017,Bydel Grorud,25-29 år,Personer,2041
EliminatedValue,9,10,12,0,Folkemengden etter administrativ bydel og alder 2008-2019,2017,Bydel Grorud,30-39 år,Personer,4238
EliminatedValue,9,10,13,0,Folkemengden etter administrativ bydel og alder 2008-2019,2017,Bydel Grorud,40-49 år,Personer,4151
EliminatedValue,9,10,14,0,Folkemengden etter administrativ bydel og alder 2008-2019,2017,Bydel Grorud,50-66 år,Personer,5431
EliminatedValue,9,10,15,0,Folkemengden etter administrativ bydel og alder 2008-2019,2017,Bydel Grorud,67-74 år,Personer,1651
EliminatedValue,9,10,16,0,Folkemengden etter administrativ bydel og alder 2008-2019,2017,Bydel Grorud,75-79 år,Personer,605
EliminatedValue,9,10,17,0,Folkemengden etter administrativ bydel og alder 2008-2019,2017,Bydel Grorud,80-84 år,Personer,506
EliminatedValue,9,10,18,0,Folkemengden etter administrativ bydel og alder 2008-2019,2017,Bydel Grorud,85-89 år,Personer,340
EliminatedValue,9,10,19,0,Folkemengden etter administrativ bydel og alder 2008-2019,2017,Bydel Grorud,90 år +,Personer,199
EliminatedValue,9,11,0,0,Folkemengden etter administrativ bydel og alder 2008-2019,2017,Bydel Stovner,Alder i alt,Personer,32427
EliminatedValue,9,11,1,0,Folkemengden etter administrativ bydel og alder 2008-2019,2017,Bydel Stovner,0 år,Personer,409
EliminatedValue,9,11,2,0,Folkemengden etter administrativ bydel og alder 2008-2019,2017,Bydel Stovner,1-2 år,Personer,824
EliminatedValue,9,11,3,0,Folkemengden etter administrativ bydel og alder 2008-2019,2017,Bydel Stovner,3-5 år,Personer,1276
EliminatedValue,9,11,4,0,Folkemengden etter administrativ bydel og alder 2008-2019,2017,Bydel Stovner,6-9 år,Personer,1700
EliminatedValue,9,11,5,0,Folkemengden etter administrativ bydel og alder 2008-2019,2017,Bydel Stovner,10-12 år,Personer,1322
EliminatedValue,9,11,6,0,Folkemengden etter administrativ bydel og alder 2008-2019,2017,Bydel Stovner,13-15 år,Personer,1336
EliminatedValue,9,11,7,0,Folkemengden etter administrativ bydel og alder 2008-2019,2017,Bydel Stovner,16-17 år,Personer,961
EliminatedValue,9,11,8,0,Folkemengden etter administrativ bydel og alder 2008-2019,2017,Bydel Stovner,18-19 år,Personer,938
EliminatedValue,9,11,9,0,Folkemengden etter administrativ bydel og alder 2008-2019,2017,Bydel Stovner,20-22 år,Personer,1236
EliminatedValue,9,11,10,0,Folkemengden etter administrativ bydel og alder 2008-2019,2017,Bydel Stovner,23-24 år,Personer,779
EliminatedValue,9,11,11,0,Folkemengden etter administrativ bydel og alder 2008-2019,2017,Bydel Stovner,25-29 år,Personer,2007
EliminatedValue,9,11,12,0,Folkemengden etter administrativ bydel og alder 2008-2019,2017,Bydel Stovner,30-39 år,Personer,4351
EliminatedValue,9,11,13,0,Folkemengden etter administrativ bydel og alder 2008-2019,2017,Bydel Stovner,40-49 år,Personer,4791
EliminatedValue,9,11,14,0,Folkemengden etter administrativ bydel og alder 2008-2019,2017,Bydel Stovner,50-66 år,Personer,6204
EliminatedValue,9,11,15,0,Folkemengden etter administrativ bydel og alder 2008-2019,2017,Bydel Stovner,67-74 år,Personer,2371
EliminatedValue,9,11,16,0,Folkemengden etter administrativ bydel og alder 2008-2019,2017,Bydel Stovner,75-79 år,Personer,908
EliminatedValue,9,11,17,0,Folkemengden etter administrativ bydel og alder 2008-2019,2017,Bydel Stovner,80-84 år,Personer,542
EliminatedValue,9,11,18,0,Folkemengden etter administrativ bydel og alder 2008-2019,2017,Bydel Stovner,85-89 år,Personer,320
EliminatedValue,9,11,19,0,Folkemengden etter administrativ bydel og alder 2008-2019,2017,Bydel Stovner,90 år +,Personer,152
EliminatedValue,9,12,0,0,Folkemengden etter administrativ bydel og alder 2008-2019,2017,Bydel Alna,Alder i alt,Personer,49251
EliminatedValue,9,12,1,0,Folkemengden etter administrativ bydel og alder 2008-2019,2017,Bydel Alna,0 år,Personer,696
EliminatedValue,9,12,2,0,Folkemengden etter administrativ bydel og alder 2008-2019,2017,Bydel Alna,1-2 år,Personer,1383
EliminatedValue,9,12,3,0,Folkemengden etter administrativ bydel og alder 2008-2019,2017,Bydel Alna,3-5 år,Personer,2025
EliminatedValue,9,12,4,0,Folkemengden etter administrativ bydel og alder 2008-2019,2017,Bydel Alna,6-9 år,Personer,2489
EliminatedValue,9,12,5,0,Folkemengden etter administrativ bydel og alder 2008-2019,2017,Bydel Alna,10-12 år,Personer,1706
EliminatedValue,9,12,6,0,Folkemengden etter administrativ bydel og alder 2008-2019,2017,Bydel Alna,13-15 år,Personer,1653
EliminatedValue,9,12,7,0,Folkemengden etter administrativ bydel og alder 2008-2019,2017,Bydel Alna,16-17 år,Personer,1132
EliminatedValue,9,12,8,0,Folkemengden etter administrativ bydel og alder 2008-2019,2017,Bydel Alna,18-19 år,Personer,1096
EliminatedValue,9,12,9,0,Folkemengden etter administrativ bydel og alder 2008-2019,2017,Bydel Alna,20-22 år,Personer,1688
EliminatedValue,9,12,10,0,Folkemengden etter administrativ bydel og alder 2008-2019,2017,Bydel Alna,23-24 år,Personer,1271
EliminatedValue,9,12,11,0,Folkemengden etter administrativ bydel og alder 2008-2019,2017,Bydel Alna,25-29 år,Personer,3793
EliminatedValue,9,12,12,0,Folkemengden etter administrativ bydel og alder 2008-2019,2017,Bydel Alna,30-39 år,Personer,8151
EliminatedValue,9,12,13,0,Folkemengden etter administrativ bydel og alder 2008-2019,2017,Bydel Alna,40-49 år,Personer,6910
EliminatedValue,9,12,14,0,Folkemengden etter administrativ bydel og alder 2008-2019,2017,Bydel Alna,50-66 år,Personer,9355
EliminatedValue,9,12,15,0,Folkemengden etter administrativ bydel og alder 2008-2019,2017,Bydel Alna,67-74 år,Personer,3249
EliminatedValue,9,12,16,0,Folkemengden etter administrativ bydel og alder 2008-2019,2017,Bydel Alna,75-79 år,Personer,1084
EliminatedValue,9,12,17,0,Folkemengden etter administrativ bydel og alder 2008-2019,2017,Bydel Alna,80-84 år,Personer,734
EliminatedValue,9,12,18,0,Folkemengden etter administrativ bydel og alder 2008-2019,2017,Bydel Alna,85-89 år,Personer,495
EliminatedValue,9,12,19,0,Folkemengden etter administrativ bydel og alder 2008-2019,2017,Bydel Alna,90 år +,Personer,341
EliminatedValue,9,13,0,0,Folkemengden etter administrativ bydel og alder 2008-2019,2017,Bydel Østensjø,Alder i alt,Personer,50189
EliminatedValue,9,13,1,0,Folkemengden etter administrativ bydel og alder 2008-2019,2017,Bydel Østensjø,0 år,Personer,721
EliminatedValue,9,13,2,0,Folkemengden etter administrativ bydel og alder 2008-2019,2017,Bydel Østensjø,1-2 år,Personer,1383
EliminatedValue,9,13,3,0,Folkemengden etter administrativ bydel og alder 2008-2019,2017,Bydel Østensjø,3-5 år,Personer,2027
EliminatedValue,9,13,4,0,Folkemengden etter administrativ bydel og alder 2008-2019,2017,Bydel Østensjø,6-9 år,Personer,2819
EliminatedValue,9,13,5,0,Folkemengden etter administrativ bydel og alder 2008-2019,2017,Bydel Østensjø,10-12 år,Personer,1887
EliminatedValue,9,13,6,0,Folkemengden etter administrativ bydel og alder 2008-2019,2017,Bydel Østensjø,13-15 år,Personer,1587
EliminatedValue,9,13,7,0,Folkemengden etter administrativ bydel og alder 2008-2019,2017,Bydel Østensjø,16-17 år,Personer,1109
EliminatedValue,9,13,8,0,Folkemengden etter administrativ bydel og alder 2008-2019,2017,Bydel Østensjø,18-19 år,Personer,1020
EliminatedValue,9,13,9,0,Folkemengden etter administrativ bydel og alder 2008-2019,2017,Bydel Østensjø,20-22 år,Personer,1434
EliminatedValue,9,13,10,0,Folkemengden etter administrativ bydel og alder 2008-2019,2017,Bydel Østensjø,23-24 år,Personer,1014
EliminatedValue,9,13,11,0,Folkemengden etter administrativ bydel og alder 2008-2019,2017,Bydel Østensjø,25-29 år,Personer,3328
EliminatedValue,9,13,12,0,Folkemengden etter administrativ bydel og alder 2008-2019,2017,Bydel Østensjø,30-39 år,Personer,7605
EliminatedValue,9,13,13,0,Folkemengden etter administrativ bydel og alder 2008-2019,2017,Bydel Østensjø,40-49 år,Personer,8022
EliminatedValue,9,13,14,0,Folkemengden etter administrativ bydel og alder 2008-2019,2017,Bydel Østensjø,50-66 år,Personer,9360
EliminatedValue,9,13,15,0,Folkemengden etter administrativ bydel og alder 2008-2019,2017,Bydel Østensjø,67-74 år,Personer,2743
EliminatedValue,9,13,16,0,Folkemengden etter administrativ bydel og alder 2008-2019,2017,Bydel Østensjø,75-79 år,Personer,1264
EliminatedValue,9,13,17,0,Folkemengden etter administrativ bydel og alder 2008-2019,2017,Bydel Østensjø,80-84 år,Personer,1262
EliminatedValue,9,13,18,0,Folkemengden etter administrativ bydel og alder 2008-2019,2017,Bydel Østensjø,85-89 år,Personer,1022
EliminatedValue,9,13,19,0,Folkemengden etter administrativ bydel og alder 2008-2019,2017,Bydel Østensjø,90 år +,Personer,582
EliminatedValue,9,14,0,0,Folkemengden etter administrativ bydel og alder 2008-2019,2017,Bydel Nordstrand,Alder i alt,Personer,50769
EliminatedValue,9,14,1,0,Folkemengden etter administrativ bydel og alder 2008-2019,2017,Bydel Nordstrand,0 år,Personer,623
EliminatedValue,9,14,2,0,Folkemengden etter administrativ bydel og alder 2008-2019,2017,Bydel Nordstrand,1-2 år,Personer,1261
EliminatedValue,9,14,3,0,Folkemengden etter administrativ bydel og alder 2008-2019,2017,Bydel Nordstrand,3-5 år,Personer,2040
EliminatedValue,9,14,4,0,Folkemengden etter administrativ bydel og alder 2008-2019,2017,Bydel Nordstrand,6-9 år,Personer,2827
EliminatedValue,9,14,5,0,Folkemengden etter administrativ bydel og alder 2008-2019,2017,Bydel Nordstrand,10-12 år,Personer,1935
EliminatedValue,9,14,6,0,Folkemengden etter administrativ bydel og alder 2008-2019,2017,Bydel Nordstrand,13-15 år,Personer,1777
EliminatedValue,9,14,7,0,Folkemengden etter administrativ bydel og alder 2008-2019,2017,Bydel Nordstrand,16-17 år,Personer,1125
EliminatedValue,9,14,8,0,Folkemengden etter administrativ bydel og alder 2008-2019,2017,Bydel Nordstrand,18-19 år,Personer,1102
EliminatedValue,9,14,9,0,Folkemengden etter administrativ bydel og alder 2008-2019,2017,Bydel Nordstrand,20-22 år,Personer,1620
EliminatedValue,9,14,10,0,Folkemengden etter administrativ bydel og alder 2008-2019,2017,Bydel Nordstrand,23-24 år,Personer,1108
EliminatedValue,9,14,11,0,Folkemengden etter administrativ bydel og alder 2008-2019,2017,Bydel Nordstrand,25-29 år,Personer,3091
EliminatedValue,9,14,12,0,Folkemengden etter administrativ bydel og alder 2008-2019,2017,Bydel Nordstrand,30-39 år,Personer,7092
EliminatedValue,9,14,13,0,Folkemengden etter administrativ bydel og alder 2008-2019,2017,Bydel Nordstrand,40-49 år,Personer,7822
EliminatedValue,9,14,14,0,Folkemengden etter administrativ bydel og alder 2008-2019,2017,Bydel Nordstrand,50-66 år,Personer,10048
EliminatedValue,9,14,15,0,Folkemengden etter administrativ bydel og alder 2008-2019,2017,Bydel Nordstrand,67-74 år,Personer,3527
EliminatedValue,9,14,16,0,Folkemengden etter administrativ bydel og alder 2008-2019,2017,Bydel Nordstrand,75-79 år,Personer,1292
EliminatedValue,9,14,17,0,Folkemengden etter administrativ bydel og alder 2008-2019,2017,Bydel Nordstrand,80-84 år,Personer,983
EliminatedValue,9,14,18,0,Folkemengden etter administrativ bydel og alder 2008-2019,2017,Bydel Nordstrand,85-89 år,Personer,820
EliminatedValue,9,14,19,0,Folkemengden etter administrativ bydel og alder 2008-2019,2017,Bydel Nordstrand,90 år +,Personer,676
EliminatedValue,9,15,0,0,Folkemengden etter administrativ bydel og alder 2008-2019,2017,Bydel Søndre Nordstrand,Alder i alt,Personer,38716
EliminatedValue,9,15,1,0,Folkemengden etter administrativ bydel og alder 2008-2019,2017,Bydel Søndre Nordstrand,0 år,Personer,541
EliminatedValue,9,15,2,0,Folkemengden etter administrativ bydel og alder 2008-2019,2017,Bydel Søndre Nordstrand,1-2 år,Personer,1080
EliminatedValue,9,15,3,0,Folkemengden etter administrativ bydel og alder 2008-2019,2017,Bydel Søndre Nordstrand,3-5 år,Personer,1744
EliminatedValue,9,15,4,0,Folkemengden etter administrativ bydel og alder 2008-2019,2017,Bydel Søndre Nordstrand,6-9 år,Personer,2291
EliminatedValue,9,15,5,0,Folkemengden etter administrativ bydel og alder 2008-2019,2017,Bydel Søndre Nordstrand,10-12 år,Personer,1718
EliminatedValue,9,15,6,0,Folkemengden etter administrativ bydel og alder 2008-2019,2017,Bydel Søndre Nordstrand,13-15 år,Personer,1668
EliminatedValue,9,15,7,0,Folkemengden etter administrativ bydel og alder 2008-2019,2017,Bydel Søndre Nordstrand,16-17 år,Personer,1155
EliminatedValue,9,15,8,0,Folkemengden etter administrativ bydel og alder 2008-2019,2017,Bydel Søndre Nordstrand,18-19 år,Personer,1128
EliminatedValue,9,15,9,0,Folkemengden etter administrativ bydel og alder 2008-2019,2017,Bydel Søndre Nordstrand,20-22 år,Personer,1539
EliminatedValue,9,15,10,0,Folkemengden etter administrativ bydel og alder 2008-2019,2017,Bydel Søndre Nordstrand,23-24 år,Personer,938
EliminatedValue,9,15,11,0,Folkemengden etter administrativ bydel og alder 2008-2019,2017,Bydel Søndre Nordstrand,25-29 år,Personer,2524
EliminatedValue,9,15,12,0,Folkemengden etter administrativ bydel og alder 2008-2019,2017,Bydel Søndre Nordstrand,30-39 år,Personer,5716
EliminatedValue,9,15,13,0,Folkemengden etter administrativ bydel og alder 2008-2019,2017,Bydel Søndre Nordstrand,40-49 år,Personer,5508
EliminatedValue,9,15,14,0,Folkemengden etter administrativ bydel og alder 2008-2019,2017,Bydel Søndre Nordstrand,50-66 år,Personer,7959
EliminatedValue,9,15,15,0,Folkemengden etter administrativ bydel og alder 2008-2019,2017,Bydel Søndre Nordstrand,67-74 år,Personer,2010
EliminatedValue,9,15,16,0,Folkemengden etter administrativ bydel og alder 2008-2019,2017,Bydel Søndre Nordstrand,75-79 år,Personer,561
EliminatedValue,9,15,17,0,Folkemengden etter administrativ bydel og alder 2008-2019,2017,Bydel Søndre Nordstrand,80-84 år,Personer,316
EliminatedValue,9,15,18,0,Folkemengden etter administrativ bydel og alder 2008-2019,2017,Bydel Søndre Nordstrand,85-89 år,Personer,201
EliminatedValue,9,15,19,0,Folkemengden etter administrativ bydel og alder 2008-2019,2017,Bydel Søndre Nordstrand,90 år +,Personer,119
EliminatedValue,10,100000,0,0,Folkemengden etter administrativ bydel og alder 2008-2019,2018,Oslo i alt,Alder i alt,Personer,670391
EliminatedValue,10,100000,1,0,Folkemengden etter administrativ bydel og alder 2008-2019,2018,Oslo i alt,0 år,Personer,9224
EliminatedValue,10,100000,2,0,Folkemengden etter administrativ bydel og alder 2008-2019,2018,Oslo i alt,1-2 år,Personer,17551
EliminatedValue,10,100000,3,0,Folkemengden etter administrativ bydel og alder 2008-2019,2018,Oslo i alt,3-5 år,Personer,23995
EliminatedValue,10,100000,4,0,Folkemengden etter administrativ bydel og alder 2008-2019,2018,Oslo i alt,6-9 år,Personer,29834
EliminatedValue,10,100000,5,0,Folkemengden etter administrativ bydel og alder 2008-2019,2018,Oslo i alt,10-12 år,Personer,20405
EliminatedValue,10,100000,6,0,Folkemengden etter administrativ bydel og alder 2008-2019,2018,Oslo i alt,13-15 år,Personer,18640
EliminatedValue,10,100000,7,0,Folkemengden etter administrativ bydel og alder 2008-2019,2018,Oslo i alt,16-17 år,Personer,11989
EliminatedValue,10,100000,8,0,Folkemengden etter administrativ bydel og alder 2008-2019,2018,Oslo i alt,18-19 år,Personer,12629
EliminatedValue,10,100000,9,0,Folkemengden etter administrativ bydel og alder 2008-2019,2018,Oslo i alt,20-22 år,Personer,25088
EliminatedValue,10,100000,10,0,Folkemengden etter administrativ bydel og alder 2008-2019,2018,Oslo i alt,23-24 år,Personer,20649
EliminatedValue,10,100000,11,0,Folkemengden etter administrativ bydel og alder 2008-2019,2018,Oslo i alt,25-29 år,Personer,73054
EliminatedValue,10,100000,12,0,Folkemengden etter administrativ bydel og alder 2008-2019,2018,Oslo i alt,30-39 år,Personer,126221
EliminatedValue,10,100000,13,0,Folkemengden etter administrativ bydel og alder 2008-2019,2018,Oslo i alt,40-49 år,Personer,93541
EliminatedValue,10,100000,14,0,Folkemengden etter administrativ bydel og alder 2008-2019,2018,Oslo i alt,50-66 år,Personer,114695
EliminatedValue,10,100000,15,0,Folkemengden etter administrativ bydel og alder 2008-2019,2018,Oslo i alt,67-74 år,Personer,38433
EliminatedValue,10,100000,16,0,Folkemengden etter administrativ bydel og alder 2008-2019,2018,Oslo i alt,75-79 år,Personer,13552
EliminatedValue,10,100000,17,0,Folkemengden etter administrativ bydel og alder 2008-2019,2018,Oslo i alt,80-84 år,Personer,9180
EliminatedValue,10,100000,18,0,Folkemengden etter administrativ bydel og alder 2008-2019,2018,Oslo i alt,85-89 år,Personer,6865
EliminatedValue,10,100000,19,0,Folkemengden etter administrativ bydel og alder 2008-2019,2018,Oslo i alt,90 år +,Personer,4846
EliminatedValue,10,1,0,0,Folkemengden etter administrativ bydel og alder 2008-2019,2018,Bydel Gamle Oslo,Alder i alt,Personer,54613
EliminatedValue,10,1,1,0,Folkemengden etter administrativ bydel og alder 2008-2019,2018,Bydel Gamle Oslo,0 år,Personer,951
EliminatedValue,10,1,2,0,Folkemengden etter administrativ bydel og alder 2008-2019,2018,Bydel Gamle Oslo,1-2 år,Personer,1627
EliminatedValue,10,1,3,0,Folkemengden etter administrativ bydel og alder 2008-2019,2018,Bydel Gamle Oslo,3-5 år,Personer,1952
EliminatedValue,10,1,4,0,Folkemengden etter administrativ bydel og alder 2008-2019,2018,Bydel Gamle Oslo,6-9 år,Personer,2031
EliminatedValue,10,1,5,0,Folkemengden etter administrativ bydel og alder 2008-2019,2018,Bydel Gamle Oslo,10-12 år,Personer,1190
EliminatedValue,10,1,6,0,Folkemengden etter administrativ bydel og alder 2008-2019,2018,Bydel Gamle Oslo,13-15 år,Personer,950
EliminatedValue,10,1,7,0,Folkemengden etter administrativ bydel og alder 2008-2019,2018,Bydel Gamle Oslo,16-17 år,Personer,613
EliminatedValue,10,1,8,0,Folkemengden etter administrativ bydel og alder 2008-2019,2018,Bydel Gamle Oslo,18-19 år,Personer,736
EliminatedValue,10,1,9,0,Folkemengden etter administrativ bydel og alder 2008-2019,2018,Bydel Gamle Oslo,20-22 år,Personer,1757
EliminatedValue,10,1,10,0,Folkemengden etter administrativ bydel og alder 2008-2019,2018,Bydel Gamle Oslo,23-24 år,Personer,1804
EliminatedValue,10,1,11,0,Folkemengden etter administrativ bydel og alder 2008-2019,2018,Bydel Gamle Oslo,25-29 år,Personer,7866
EliminatedValue,10,1,12,0,Folkemengden etter administrativ bydel og alder 2008-2019,2018,Bydel Gamle Oslo,30-39 år,Personer,14426
EliminatedValue,10,1,13,0,Folkemengden etter administrativ bydel og alder 2008-2019,2018,Bydel Gamle Oslo,40-49 år,Personer,7850
EliminatedValue,10,1,14,0,Folkemengden etter administrativ bydel og alder 2008-2019,2018,Bydel Gamle Oslo,50-66 år,Personer,7664
EliminatedValue,10,1,15,0,Folkemengden etter administrativ bydel og alder 2008-2019,2018,Bydel Gamle Oslo,67-74 år,Personer,1983
EliminatedValue,10,1,16,0,Folkemengden etter administrativ bydel og alder 2008-2019,2018,Bydel Gamle Oslo,75-79 år,Personer,518
EliminatedValue,10,1,17,0,Folkemengden etter administrativ bydel og alder 2008-2019,2018,Bydel Gamle Oslo,80-84 år,Personer,303
EliminatedValue,10,1,18,0,Folkemengden etter administrativ bydel og alder 2008-2019,2018,Bydel Gamle Oslo,85-89 år,Personer,208
EliminatedValue,10,1,19,0,Folkemengden etter administrativ bydel og alder 2008-2019,2018,Bydel Gamle Oslo,90 år +,Personer,184
EliminatedValue,10,2,0,0,Folkemengden etter administrativ bydel og alder 2008-2019,2018,Bydel Grünerløkka,Alder i alt,Personer,58881
EliminatedValue,10,2,1,0,Folkemengden etter administrativ bydel og alder 2008-2019,2018,Bydel Grünerløkka,0 år,Personer,1030
EliminatedValue,10,2,2,0,Folkemengden etter administrativ bydel og alder 2008-2019,2018,Bydel Grünerløkka,1-2 år,Personer,1636
EliminatedValue,10,2,3,0,Folkemengden etter administrativ bydel og alder 2008-2019,2018,Bydel Grünerløkka,3-5 år,Personer,1749
EliminatedValue,10,2,4,0,Folkemengden etter administrativ bydel og alder 2008-2019,2018,Bydel Grünerløkka,6-9 år,Personer,1709
EliminatedValue,10,2,5,0,Folkemengden etter administrativ bydel og alder 2008-2019,2018,Bydel Grünerløkka,10-12 år,Personer,1005
EliminatedValue,10,2,6,0,Folkemengden etter administrativ bydel og alder 2008-2019,2018,Bydel Grünerløkka,13-15 år,Personer,812
EliminatedValue,10,2,7,0,Folkemengden etter administrativ bydel og alder 2008-2019,2018,Bydel Grünerløkka,16-17 år,Personer,513
EliminatedValue,10,2,8,0,Folkemengden etter administrativ bydel og alder 2008-2019,2018,Bydel Grünerløkka,18-19 år,Personer,674
EliminatedValue,10,2,9,0,Folkemengden etter administrativ bydel og alder 2008-2019,2018,Bydel Grünerløkka,20-22 år,Personer,2583
EliminatedValue,10,2,10,0,Folkemengden etter administrativ bydel og alder 2008-2019,2018,Bydel Grünerløkka,23-24 år,Personer,2721
EliminatedValue,10,2,11,0,Folkemengden etter administrativ bydel og alder 2008-2019,2018,Bydel Grünerløkka,25-29 år,Personer,10995
EliminatedValue,10,2,12,0,Folkemengden etter administrativ bydel og alder 2008-2019,2018,Bydel Grünerløkka,30-39 år,Personer,16186
EliminatedValue,10,2,13,0,Folkemengden etter administrativ bydel og alder 2008-2019,2018,Bydel Grünerløkka,40-49 år,Personer,7556
EliminatedValue,10,2,14,0,Folkemengden etter administrativ bydel og alder 2008-2019,2018,Bydel Grünerløkka,50-66 år,Personer,6732
EliminatedValue,10,2,15,0,Folkemengden etter administrativ bydel og alder 2008-2019,2018,Bydel Grünerløkka,67-74 år,Personer,1777
EliminatedValue,10,2,16,0,Folkemengden etter administrativ bydel og alder 2008-2019,2018,Bydel Grünerløkka,75-79 år,Personer,514
EliminatedValue,10,2,17,0,Folkemengden etter administrativ bydel og alder 2008-2019,2018,Bydel Grünerløkka,80-84 år,Personer,285
EliminatedValue,10,2,18,0,Folkemengden etter administrativ bydel og alder 2008-2019,2018,Bydel Grünerløkka,85-89 år,Personer,214
EliminatedValue,10,2,19,0,Folkemengden etter administrativ bydel og alder 2008-2019,2018,Bydel Grünerløkka,90 år +,Personer,190
EliminatedValue,10,3,0,0,Folkemengden etter administrativ bydel og alder 2008-2019,2018,Bydel Sagene,Alder i alt,Personer,43067
EliminatedValue,10,3,1,0,Folkemengden etter administrativ bydel og alder 2008-2019,2018,Bydel Sagene,0 år,Personer,824
EliminatedValue,10,3,2,0,Folkemengden etter administrativ bydel og alder 2008-2019,2018,Bydel Sagene,1-2 år,Personer,1324
EliminatedValue,10,3,3,0,Folkemengden etter administrativ bydel og alder 2008-2019,2018,Bydel Sagene,3-5 år,Personer,1322
EliminatedValue,10,3,4,0,Folkemengden etter administrativ bydel og alder 2008-2019,2018,Bydel Sagene,6-9 år,Personer,1164
EliminatedValue,10,3,5,0,Folkemengden etter administrativ bydel og alder 2008-2019,2018,Bydel Sagene,10-12 år,Personer,618
EliminatedValue,10,3,6,0,Folkemengden etter administrativ bydel og alder 2008-2019,2018,Bydel Sagene,13-15 år,Personer,540
EliminatedValue,10,3,7,0,Folkemengden etter administrativ bydel og alder 2008-2019,2018,Bydel Sagene,16-17 år,Personer,302
EliminatedValue,10,3,8,0,Folkemengden etter administrativ bydel og alder 2008-2019,2018,Bydel Sagene,18-19 år,Personer,451
EliminatedValue,10,3,9,0,Folkemengden etter administrativ bydel og alder 2008-2019,2018,Bydel Sagene,20-22 år,Personer,1677
EliminatedValue,10,3,10,0,Folkemengden etter administrativ bydel og alder 2008-2019,2018,Bydel Sagene,23-24 år,Personer,1747
EliminatedValue,10,3,11,0,Folkemengden etter administrativ bydel og alder 2008-2019,2018,Bydel Sagene,25-29 år,Personer,8056
EliminatedValue,10,3,12,0,Folkemengden etter administrativ bydel og alder 2008-2019,2018,Bydel Sagene,30-39 år,Personer,11938
EliminatedValue,10,3,13,0,Folkemengden etter administrativ bydel og alder 2008-2019,2018,Bydel Sagene,40-49 år,Personer,5137
EliminatedValue,10,3,14,0,Folkemengden etter administrativ bydel og alder 2008-2019,2018,Bydel Sagene,50-66 år,Personer,5210
EliminatedValue,10,3,15,0,Folkemengden etter administrativ bydel og alder 2008-2019,2018,Bydel Sagene,67-74 år,Personer,1622
EliminatedValue,10,3,16,0,Folkemengden etter administrativ bydel og alder 2008-2019,2018,Bydel Sagene,75-79 år,Personer,480
EliminatedValue,10,3,17,0,Folkemengden etter administrativ bydel og alder 2008-2019,2018,Bydel Sagene,80-84 år,Personer,287
EliminatedValue,10,3,18,0,Folkemengden etter administrativ bydel og alder 2008-2019,2018,Bydel Sagene,85-89 år,Personer,191
EliminatedValue,10,3,19,0,Folkemengden etter administrativ bydel og alder 2008-2019,2018,Bydel Sagene,90 år +,Personer,177
EliminatedValue,10,4,0,0,Folkemengden etter administrativ bydel og alder 2008-2019,2018,Bydel St.Hanshaugen,Alder i alt,Personer,39094
EliminatedValue,10,4,1,0,Folkemengden etter administrativ bydel og alder 2008-2019,2018,Bydel St.Hanshaugen,0 år,Personer,546
EliminatedValue,10,4,2,0,Folkemengden etter administrativ bydel og alder 2008-2019,2018,Bydel St.Hanshaugen,1-2 år,Personer,831
EliminatedValue,10,4,3,0,Folkemengden etter administrativ bydel og alder 2008-2019,2018,Bydel St.Hanshaugen,3-5 år,Personer,920
EliminatedValue,10,4,4,0,Folkemengden etter administrativ bydel og alder 2008-2019,2018,Bydel St.Hanshaugen,6-9 år,Personer,953
EliminatedValue,10,4,5,0,Folkemengden etter administrativ bydel og alder 2008-2019,2018,Bydel St.Hanshaugen,10-12 år,Personer,597
EliminatedValue,10,4,6,0,Folkemengden etter administrativ bydel og alder 2008-2019,2018,Bydel St.Hanshaugen,13-15 år,Personer,503
EliminatedValue,10,4,7,0,Folkemengden etter administrativ bydel og alder 2008-2019,2018,Bydel St.Hanshaugen,16-17 år,Personer,333
EliminatedValue,10,4,8,0,Folkemengden etter administrativ bydel og alder 2008-2019,2018,Bydel St.Hanshaugen,18-19 år,Personer,480
EliminatedValue,10,4,9,0,Folkemengden etter administrativ bydel og alder 2008-2019,2018,Bydel St.Hanshaugen,20-22 år,Personer,2016
EliminatedValue,10,4,10,0,Folkemengden etter administrativ bydel og alder 2008-2019,2018,Bydel St.Hanshaugen,23-24 år,Personer,2065
EliminatedValue,10,4,11,0,Folkemengden etter administrativ bydel og alder 2008-2019,2018,Bydel St.Hanshaugen,25-29 år,Personer,7717
EliminatedValue,10,4,12,0,Folkemengden etter administrativ bydel og alder 2008-2019,2018,Bydel St.Hanshaugen,30-39 år,Personer,9774
EliminatedValue,10,4,13,0,Folkemengden etter administrativ bydel og alder 2008-2019,2018,Bydel St.Hanshaugen,40-49 år,Personer,4723
EliminatedValue,10,4,14,0,Folkemengden etter administrativ bydel og alder 2008-2019,2018,Bydel St.Hanshaugen,50-66 år,Personer,4927
EliminatedValue,10,4,15,0,Folkemengden etter administrativ bydel og alder 2008-2019,2018,Bydel St.Hanshaugen,67-74 år,Personer,1502
EliminatedValue,10,4,16,0,Folkemengden etter administrativ bydel og alder 2008-2019,2018,Bydel St.Hanshaugen,75-79 år,Personer,527
EliminatedValue,10,4,17,0,Folkemengden etter administrativ bydel og alder 2008-2019,2018,Bydel St.Hanshaugen,80-84 år,Personer,298
EliminatedValue,10,4,18,0,Folkemengden etter administrativ bydel og alder 2008-2019,2018,Bydel St.Hanshaugen,85-89 år,Personer,189
EliminatedValue,10,4,19,0,Folkemengden etter administrativ bydel og alder 2008-2019,2018,Bydel St.Hanshaugen,90 år +,Personer,193
EliminatedValue,10,5,0,0,Folkemengden etter administrativ bydel og alder 2008-2019,2018,Bydel Frogner,Alder i alt,Personer,58293
EliminatedValue,10,5,1,0,Folkemengden etter administrativ bydel og alder 2008-2019,2018,Bydel Frogner,0 år,Personer,646
EliminatedValue,10,5,2,0,Folkemengden etter administrativ bydel og alder 2008-2019,2018,Bydel Frogner,1-2 år,Personer,1101
EliminatedValue,10,5,3,0,Folkemengden etter administrativ bydel og alder 2008-2019,2018,Bydel Frogner,3-5 år,Personer,1281
EliminatedValue,10,5,4,0,Folkemengden etter administrativ bydel og alder 2008-2019,2018,Bydel Frogner,6-9 år,Personer,1376
EliminatedValue,10,5,5,0,Folkemengden etter administrativ bydel og alder 2008-2019,2018,Bydel Frogner,10-12 år,Personer,916
EliminatedValue,10,5,6,0,Folkemengden etter administrativ bydel og alder 2008-2019,2018,Bydel Frogner,13-15 år,Personer,896
EliminatedValue,10,5,7,0,Folkemengden etter administrativ bydel og alder 2008-2019,2018,Bydel Frogner,16-17 år,Personer,578
EliminatedValue,10,5,8,0,Folkemengden etter administrativ bydel og alder 2008-2019,2018,Bydel Frogner,18-19 år,Personer,792
EliminatedValue,10,5,9,0,Folkemengden etter administrativ bydel og alder 2008-2019,2018,Bydel Frogner,20-22 år,Personer,2701
EliminatedValue,10,5,10,0,Folkemengden etter administrativ bydel og alder 2008-2019,2018,Bydel Frogner,23-24 år,Personer,2630
EliminatedValue,10,5,11,0,Folkemengden etter administrativ bydel og alder 2008-2019,2018,Bydel Frogner,25-29 år,Personer,9349
EliminatedValue,10,5,12,0,Folkemengden etter administrativ bydel og alder 2008-2019,2018,Bydel Frogner,30-39 år,Personer,11693
EliminatedValue,10,5,13,0,Folkemengden etter administrativ bydel og alder 2008-2019,2018,Bydel Frogner,40-49 år,Personer,6908
EliminatedValue,10,5,14,0,Folkemengden etter administrativ bydel og alder 2008-2019,2018,Bydel Frogner,50-66 år,Personer,10036
EliminatedValue,10,5,15,0,Folkemengden etter administrativ bydel og alder 2008-2019,2018,Bydel Frogner,67-74 år,Personer,4015
EliminatedValue,10,5,16,0,Folkemengden etter administrativ bydel og alder 2008-2019,2018,Bydel Frogner,75-79 år,Personer,1428
EliminatedValue,10,5,17,0,Folkemengden etter administrativ bydel og alder 2008-2019,2018,Bydel Frogner,80-84 år,Personer,899
EliminatedValue,10,5,18,0,Folkemengden etter administrativ bydel og alder 2008-2019,2018,Bydel Frogner,85-89 år,Personer,600
EliminatedValue,10,5,19,0,Folkemengden etter administrativ bydel og alder 2008-2019,2018,Bydel Frogner,90 år +,Personer,448
EliminatedValue,10,6,0,0,Folkemengden etter administrativ bydel og alder 2008-2019,2018,Bydel Ullern,Alder i alt,Personer,33354
EliminatedValue,10,6,1,0,Folkemengden etter administrativ bydel og alder 2008-2019,2018,Bydel Ullern,0 år,Personer,400
EliminatedValue,10,6,2,0,Folkemengden etter administrativ bydel og alder 2008-2019,2018,Bydel Ullern,1-2 år,Personer,845
EliminatedValue,10,6,3,0,Folkemengden etter administrativ bydel og alder 2008-2019,2018,Bydel Ullern,3-5 år,Personer,1250
EliminatedValue,10,6,4,0,Folkemengden etter administrativ bydel og alder 2008-2019,2018,Bydel Ullern,6-9 år,Personer,1685
EliminatedValue,10,6,5,0,Folkemengden etter administrativ bydel og alder 2008-2019,2018,Bydel Ullern,10-12 år,Personer,1250
EliminatedValue,10,6,6,0,Folkemengden etter administrativ bydel og alder 2008-2019,2018,Bydel Ullern,13-15 år,Personer,1044
EliminatedValue,10,6,7,0,Folkemengden etter administrativ bydel og alder 2008-2019,2018,Bydel Ullern,16-17 år,Personer,659
EliminatedValue,10,6,8,0,Folkemengden etter administrativ bydel og alder 2008-2019,2018,Bydel Ullern,18-19 år,Personer,589
EliminatedValue,10,6,9,0,Folkemengden etter administrativ bydel og alder 2008-2019,2018,Bydel Ullern,20-22 år,Personer,936
EliminatedValue,10,6,10,0,Folkemengden etter administrativ bydel og alder 2008-2019,2018,Bydel Ullern,23-24 år,Personer,666
EliminatedValue,10,6,11,0,Folkemengden etter administrativ bydel og alder 2008-2019,2018,Bydel Ullern,25-29 år,Personer,2040
EliminatedValue,10,6,12,0,Folkemengden etter administrativ bydel og alder 2008-2019,2018,Bydel Ullern,30-39 år,Personer,4931
EliminatedValue,10,6,13,0,Folkemengden etter administrativ bydel og alder 2008-2019,2018,Bydel Ullern,40-49 år,Personer,4568
EliminatedValue,10,6,14,0,Folkemengden etter administrativ bydel og alder 2008-2019,2018,Bydel Ullern,50-66 år,Personer,6780
EliminatedValue,10,6,15,0,Folkemengden etter administrativ bydel og alder 2008-2019,2018,Bydel Ullern,67-74 år,Personer,3011
EliminatedValue,10,6,16,0,Folkemengden etter administrativ bydel og alder 2008-2019,2018,Bydel Ullern,75-79 år,Personer,1131
EliminatedValue,10,6,17,0,Folkemengden etter administrativ bydel og alder 2008-2019,2018,Bydel Ullern,80-84 år,Personer,676
EliminatedValue,10,6,18,0,Folkemengden etter administrativ bydel og alder 2008-2019,2018,Bydel Ullern,85-89 år,Personer,527
EliminatedValue,10,6,19,0,Folkemengden etter administrativ bydel og alder 2008-2019,2018,Bydel Ullern,90 år +,Personer,366
EliminatedValue,10,7,0,0,Folkemengden etter administrativ bydel og alder 2008-2019,2018,Bydel Vestre Aker,Alder i alt,Personer,49414
EliminatedValue,10,7,1,0,Folkemengden etter administrativ bydel og alder 2008-2019,2018,Bydel Vestre Aker,0 år,Personer,654
EliminatedValue,10,7,2,0,Folkemengden etter administrativ bydel og alder 2008-2019,2018,Bydel Vestre Aker,1-2 år,Personer,1315
EliminatedValue,10,7,3,0,Folkemengden etter administrativ bydel og alder 2008-2019,2018,Bydel Vestre Aker,3-5 år,Personer,2109
EliminatedValue,10,7,4,0,Folkemengden etter administrativ bydel og alder 2008-2019,2018,Bydel Vestre Aker,6-9 år,Personer,2758
EliminatedValue,10,7,5,0,Folkemengden etter administrativ bydel og alder 2008-2019,2018,Bydel Vestre Aker,10-12 år,Personer,2027
EliminatedValue,10,7,6,0,Folkemengden etter administrativ bydel og alder 2008-2019,2018,Bydel Vestre Aker,13-15 år,Personer,1754
EliminatedValue,10,7,7,0,Folkemengden etter administrativ bydel og alder 2008-2019,2018,Bydel Vestre Aker,16-17 år,Personer,1167
EliminatedValue,10,7,8,0,Folkemengden etter administrativ bydel og alder 2008-2019,2018,Bydel Vestre Aker,18-19 år,Personer,1088
EliminatedValue,10,7,9,0,Folkemengden etter administrativ bydel og alder 2008-2019,2018,Bydel Vestre Aker,20-22 år,Personer,1560
EliminatedValue,10,7,10,0,Folkemengden etter administrativ bydel og alder 2008-2019,2018,Bydel Vestre Aker,23-24 år,Personer,1050
EliminatedValue,10,7,11,0,Folkemengden etter administrativ bydel og alder 2008-2019,2018,Bydel Vestre Aker,25-29 år,Personer,2900
EliminatedValue,10,7,12,0,Folkemengden etter administrativ bydel og alder 2008-2019,2018,Bydel Vestre Aker,30-39 år,Personer,6710
EliminatedValue,10,7,13,0,Folkemengden etter administrativ bydel og alder 2008-2019,2018,Bydel Vestre Aker,40-49 år,Personer,7224
EliminatedValue,10,7,14,0,Folkemengden etter administrativ bydel og alder 2008-2019,2018,Bydel Vestre Aker,50-66 år,Personer,9705
EliminatedValue,10,7,15,0,Folkemengden etter administrativ bydel og alder 2008-2019,2018,Bydel Vestre Aker,67-74 år,Personer,3983
EliminatedValue,10,7,16,0,Folkemengden etter administrativ bydel og alder 2008-2019,2018,Bydel Vestre Aker,75-79 år,Personer,1348
EliminatedValue,10,7,17,0,Folkemengden etter administrativ bydel og alder 2008-2019,2018,Bydel Vestre Aker,80-84 år,Personer,875
EliminatedValue,10,7,18,0,Folkemengden etter administrativ bydel og alder 2008-2019,2018,Bydel Vestre Aker,85-89 år,Personer,682
EliminatedValue,10,7,19,0,Folkemengden etter administrativ bydel og alder 2008-2019,2018,Bydel Vestre Aker,90 år +,Personer,505
EliminatedValue,10,8,0,0,Folkemengden etter administrativ bydel og alder 2008-2019,2018,Bydel Nordre Aker,Alder i alt,Personer,51598
EliminatedValue,10,8,1,0,Folkemengden etter administrativ bydel og alder 2008-2019,2018,Bydel Nordre Aker,0 år,Personer,574
EliminatedValue,10,8,2,0,Folkemengden etter administrativ bydel og alder 2008-2019,2018,Bydel Nordre Aker,1-2 år,Personer,1286
EliminatedValue,10,8,3,0,Folkemengden etter administrativ bydel og alder 2008-2019,2018,Bydel Nordre Aker,3-5 år,Personer,1971
EliminatedValue,10,8,4,0,Folkemengden etter administrativ bydel og alder 2008-2019,2018,Bydel Nordre Aker,6-9 år,Personer,2829
EliminatedValue,10,8,5,0,Folkemengden etter administrativ bydel og alder 2008-2019,2018,Bydel Nordre Aker,10-12 år,Personer,1960
EliminatedValue,10,8,6,0,Folkemengden etter administrativ bydel og alder 2008-2019,2018,Bydel Nordre Aker,13-15 år,Personer,1830
EliminatedValue,10,8,7,0,Folkemengden etter administrativ bydel og alder 2008-2019,2018,Bydel Nordre Aker,16-17 år,Personer,1113
EliminatedValue,10,8,8,0,Folkemengden etter administrativ bydel og alder 2008-2019,2018,Bydel Nordre Aker,18-19 år,Personer,1203
EliminatedValue,10,8,9,0,Folkemengden etter administrativ bydel og alder 2008-2019,2018,Bydel Nordre Aker,20-22 år,Personer,2433
EliminatedValue,10,8,10,0,Folkemengden etter administrativ bydel og alder 2008-2019,2018,Bydel Nordre Aker,23-24 år,Personer,1624
EliminatedValue,10,8,11,0,Folkemengden etter administrativ bydel og alder 2008-2019,2018,Bydel Nordre Aker,25-29 år,Personer,4203
EliminatedValue,10,8,12,0,Folkemengden etter administrativ bydel og alder 2008-2019,2018,Bydel Nordre Aker,30-39 år,Personer,7301
EliminatedValue,10,8,13,0,Folkemengden etter administrativ bydel og alder 2008-2019,2018,Bydel Nordre Aker,40-49 år,Personer,7580
EliminatedValue,10,8,14,0,Folkemengden etter administrativ bydel og alder 2008-2019,2018,Bydel Nordre Aker,50-66 år,Personer,9501
EliminatedValue,10,8,15,0,Folkemengden etter administrativ bydel og alder 2008-2019,2018,Bydel Nordre Aker,67-74 år,Personer,3156
EliminatedValue,10,8,16,0,Folkemengden etter administrativ bydel og alder 2008-2019,2018,Bydel Nordre Aker,75-79 år,Personer,1144
EliminatedValue,10,8,17,0,Folkemengden etter administrativ bydel og alder 2008-2019,2018,Bydel Nordre Aker,80-84 år,Personer,814
EliminatedValue,10,8,18,0,Folkemengden etter administrativ bydel og alder 2008-2019,2018,Bydel Nordre Aker,85-89 år,Personer,645
EliminatedValue,10,8,19,0,Folkemengden etter administrativ bydel og alder 2008-2019,2018,Bydel Nordre Aker,90 år +,Personer,431
EliminatedValue,10,9,0,0,Folkemengden etter administrativ bydel og alder 2008-2019,2018,Bydel Bjerke,Alder i alt,Personer,32072
EliminatedValue,10,9,1,0,Folkemengden etter administrativ bydel og alder 2008-2019,2018,Bydel Bjerke,0 år,Personer,508
EliminatedValue,10,9,2,0,Folkemengden etter administrativ bydel og alder 2008-2019,2018,Bydel Bjerke,1-2 år,Personer,990
EliminatedValue,10,9,3,0,Folkemengden etter administrativ bydel og alder 2008-2019,2018,Bydel Bjerke,3-5 år,Personer,1390
EliminatedValue,10,9,4,0,Folkemengden etter administrativ bydel og alder 2008-2019,2018,Bydel Bjerke,6-9 år,Personer,1866
EliminatedValue,10,9,5,0,Folkemengden etter administrativ bydel og alder 2008-2019,2018,Bydel Bjerke,10-12 år,Personer,1200
EliminatedValue,10,9,6,0,Folkemengden etter administrativ bydel og alder 2008-2019,2018,Bydel Bjerke,13-15 år,Personer,1067
EliminatedValue,10,9,7,0,Folkemengden etter administrativ bydel og alder 2008-2019,2018,Bydel Bjerke,16-17 år,Personer,659
EliminatedValue,10,9,8,0,Folkemengden etter administrativ bydel og alder 2008-2019,2018,Bydel Bjerke,18-19 år,Personer,640
EliminatedValue,10,9,9,0,Folkemengden etter administrativ bydel og alder 2008-2019,2018,Bydel Bjerke,20-22 år,Personer,963
EliminatedValue,10,9,10,0,Folkemengden etter administrativ bydel og alder 2008-2019,2018,Bydel Bjerke,23-24 år,Personer,781
EliminatedValue,10,9,11,0,Folkemengden etter administrativ bydel og alder 2008-2019,2018,Bydel Bjerke,25-29 år,Personer,2778
EliminatedValue,10,9,12,0,Folkemengden etter administrativ bydel og alder 2008-2019,2018,Bydel Bjerke,30-39 år,Personer,5891
EliminatedValue,10,9,13,0,Folkemengden etter administrativ bydel og alder 2008-2019,2018,Bydel Bjerke,40-49 år,Personer,4923
EliminatedValue,10,9,14,0,Folkemengden etter administrativ bydel og alder 2008-2019,2018,Bydel Bjerke,50-66 år,Personer,5201
EliminatedValue,10,9,15,0,Folkemengden etter administrativ bydel og alder 2008-2019,2018,Bydel Bjerke,67-74 år,Personer,1568
EliminatedValue,10,9,16,0,Folkemengden etter administrativ bydel og alder 2008-2019,2018,Bydel Bjerke,75-79 år,Personer,573
EliminatedValue,10,9,17,0,Folkemengden etter administrativ bydel og alder 2008-2019,2018,Bydel Bjerke,80-84 år,Personer,434
EliminatedValue,10,9,18,0,Folkemengden etter administrativ bydel og alder 2008-2019,2018,Bydel Bjerke,85-89 år,Personer,375
EliminatedValue,10,9,19,0,Folkemengden etter administrativ bydel og alder 2008-2019,2018,Bydel Bjerke,90 år +,Personer,265
EliminatedValue,10,10,0,0,Folkemengden etter administrativ bydel og alder 2008-2019,2018,Bydel Grorud,Alder i alt,Personer,27405
EliminatedValue,10,10,1,0,Folkemengden etter administrativ bydel og alder 2008-2019,2018,Bydel Grorud,0 år,Personer,332
EliminatedValue,10,10,2,0,Folkemengden etter administrativ bydel og alder 2008-2019,2018,Bydel Grorud,1-2 år,Personer,691
EliminatedValue,10,10,3,0,Folkemengden etter administrativ bydel og alder 2008-2019,2018,Bydel Grorud,3-5 år,Personer,1019
EliminatedValue,10,10,4,0,Folkemengden etter administrativ bydel og alder 2008-2019,2018,Bydel Grorud,6-9 år,Personer,1338
EliminatedValue,10,10,5,0,Folkemengden etter administrativ bydel og alder 2008-2019,2018,Bydel Grorud,10-12 år,Personer,953
EliminatedValue,10,10,6,0,Folkemengden etter administrativ bydel og alder 2008-2019,2018,Bydel Grorud,13-15 år,Personer,939
EliminatedValue,10,10,7,0,Folkemengden etter administrativ bydel og alder 2008-2019,2018,Bydel Grorud,16-17 år,Personer,633
EliminatedValue,10,10,8,0,Folkemengden etter administrativ bydel og alder 2008-2019,2018,Bydel Grorud,18-19 år,Personer,647
EliminatedValue,10,10,9,0,Folkemengden etter administrativ bydel og alder 2008-2019,2018,Bydel Grorud,20-22 år,Personer,1000
EliminatedValue,10,10,10,0,Folkemengden etter administrativ bydel og alder 2008-2019,2018,Bydel Grorud,23-24 år,Personer,669
EliminatedValue,10,10,11,0,Folkemengden etter administrativ bydel og alder 2008-2019,2018,Bydel Grorud,25-29 år,Personer,2078
EliminatedValue,10,10,12,0,Folkemengden etter administrativ bydel og alder 2008-2019,2018,Bydel Grorud,30-39 år,Personer,4239
EliminatedValue,10,10,13,0,Folkemengden etter administrativ bydel og alder 2008-2019,2018,Bydel Grorud,40-49 år,Personer,4067
EliminatedValue,10,10,14,0,Folkemengden etter administrativ bydel og alder 2008-2019,2018,Bydel Grorud,50-66 år,Personer,5535
EliminatedValue,10,10,15,0,Folkemengden etter administrativ bydel og alder 2008-2019,2018,Bydel Grorud,67-74 år,Personer,1619
EliminatedValue,10,10,16,0,Folkemengden etter administrativ bydel og alder 2008-2019,2018,Bydel Grorud,75-79 år,Personer,628
EliminatedValue,10,10,17,0,Folkemengden etter administrativ bydel og alder 2008-2019,2018,Bydel Grorud,80-84 år,Personer,492
EliminatedValue,10,10,18,0,Folkemengden etter administrativ bydel og alder 2008-2019,2018,Bydel Grorud,85-89 år,Personer,334
EliminatedValue,10,10,19,0,Folkemengden etter administrativ bydel og alder 2008-2019,2018,Bydel Grorud,90 år +,Personer,192
EliminatedValue,10,11,0,0,Folkemengden etter administrativ bydel og alder 2008-2019,2018,Bydel Stovner,Alder i alt,Personer,32751
EliminatedValue,10,11,1,0,Folkemengden etter administrativ bydel og alder 2008-2019,2018,Bydel Stovner,0 år,Personer,348
EliminatedValue,10,11,2,0,Folkemengden etter administrativ bydel og alder 2008-2019,2018,Bydel Stovner,1-2 år,Personer,866
EliminatedValue,10,11,3,0,Folkemengden etter administrativ bydel og alder 2008-2019,2018,Bydel Stovner,3-5 år,Personer,1272
EliminatedValue,10,11,4,0,Folkemengden etter administrativ bydel og alder 2008-2019,2018,Bydel Stovner,6-9 år,Personer,1709
EliminatedValue,10,11,5,0,Folkemengden etter administrativ bydel og alder 2008-2019,2018,Bydel Stovner,10-12 år,Personer,1306
EliminatedValue,10,11,6,0,Folkemengden etter administrativ bydel og alder 2008-2019,2018,Bydel Stovner,13-15 år,Personer,1408
EliminatedValue,10,11,7,0,Folkemengden etter administrativ bydel og alder 2008-2019,2018,Bydel Stovner,16-17 år,Personer,973
EliminatedValue,10,11,8,0,Folkemengden etter administrativ bydel og alder 2008-2019,2018,Bydel Stovner,18-19 år,Personer,963
EliminatedValue,10,11,9,0,Folkemengden etter administrativ bydel og alder 2008-2019,2018,Bydel Stovner,20-22 år,Personer,1308
EliminatedValue,10,11,10,0,Folkemengden etter administrativ bydel og alder 2008-2019,2018,Bydel Stovner,23-24 år,Personer,775
EliminatedValue,10,11,11,0,Folkemengden etter administrativ bydel og alder 2008-2019,2018,Bydel Stovner,25-29 år,Personer,2085
EliminatedValue,10,11,12,0,Folkemengden etter administrativ bydel og alder 2008-2019,2018,Bydel Stovner,30-39 år,Personer,4356
EliminatedValue,10,11,13,0,Folkemengden etter administrativ bydel og alder 2008-2019,2018,Bydel Stovner,40-49 år,Personer,4769
EliminatedValue,10,11,14,0,Folkemengden etter administrativ bydel og alder 2008-2019,2018,Bydel Stovner,50-66 år,Personer,6261
EliminatedValue,10,11,15,0,Folkemengden etter administrativ bydel og alder 2008-2019,2018,Bydel Stovner,67-74 år,Personer,2323
EliminatedValue,10,11,16,0,Folkemengden etter administrativ bydel og alder 2008-2019,2018,Bydel Stovner,75-79 år,Personer,959
EliminatedValue,10,11,17,0,Folkemengden etter administrativ bydel og alder 2008-2019,2018,Bydel Stovner,80-84 år,Personer,577
EliminatedValue,10,11,18,0,Folkemengden etter administrativ bydel og alder 2008-2019,2018,Bydel Stovner,85-89 år,Personer,348
EliminatedValue,10,11,19,0,Folkemengden etter administrativ bydel og alder 2008-2019,2018,Bydel Stovner,90 år +,Personer,145
EliminatedValue,10,12,0,0,Folkemengden etter administrativ bydel og alder 2008-2019,2018,Bydel Alna,Alder i alt,Personer,49427
EliminatedValue,10,12,1,0,Folkemengden etter administrativ bydel og alder 2008-2019,2018,Bydel Alna,0 år,Personer,675
EliminatedValue,10,12,2,0,Folkemengden etter administrativ bydel og alder 2008-2019,2018,Bydel Alna,1-2 år,Personer,1318
EliminatedValue,10,12,3,0,Folkemengden etter administrativ bydel og alder 2008-2019,2018,Bydel Alna,3-5 år,Personer,1994
EliminatedValue,10,12,4,0,Folkemengden etter administrativ bydel og alder 2008-2019,2018,Bydel Alna,6-9 år,Personer,2522
EliminatedValue,10,12,5,0,Folkemengden etter administrativ bydel og alder 2008-2019,2018,Bydel Alna,10-12 år,Personer,1751
EliminatedValue,10,12,6,0,Folkemengden etter administrativ bydel og alder 2008-2019,2018,Bydel Alna,13-15 år,Personer,1688
EliminatedValue,10,12,7,0,Folkemengden etter administrativ bydel og alder 2008-2019,2018,Bydel Alna,16-17 år,Personer,1117
EliminatedValue,10,12,8,0,Folkemengden etter administrativ bydel og alder 2008-2019,2018,Bydel Alna,18-19 år,Personer,1120
EliminatedValue,10,12,9,0,Folkemengden etter administrativ bydel og alder 2008-2019,2018,Bydel Alna,20-22 år,Personer,1577
EliminatedValue,10,12,10,0,Folkemengden etter administrativ bydel og alder 2008-2019,2018,Bydel Alna,23-24 år,Personer,1196
EliminatedValue,10,12,11,0,Folkemengden etter administrativ bydel og alder 2008-2019,2018,Bydel Alna,25-29 år,Personer,3866
EliminatedValue,10,12,12,0,Folkemengden etter administrativ bydel og alder 2008-2019,2018,Bydel Alna,30-39 år,Personer,8268
EliminatedValue,10,12,13,0,Folkemengden etter administrativ bydel og alder 2008-2019,2018,Bydel Alna,40-49 år,Personer,6903
EliminatedValue,10,12,14,0,Folkemengden etter administrativ bydel og alder 2008-2019,2018,Bydel Alna,50-66 år,Personer,9336
EliminatedValue,10,12,15,0,Folkemengden etter administrativ bydel og alder 2008-2019,2018,Bydel Alna,67-74 år,Personer,3324
EliminatedValue,10,12,16,0,Folkemengden etter administrativ bydel og alder 2008-2019,2018,Bydel Alna,75-79 år,Personer,1182
EliminatedValue,10,12,17,0,Folkemengden etter administrativ bydel og alder 2008-2019,2018,Bydel Alna,80-84 år,Personer,704
EliminatedValue,10,12,18,0,Folkemengden etter administrativ bydel og alder 2008-2019,2018,Bydel Alna,85-89 år,Personer,541
EliminatedValue,10,12,19,0,Folkemengden etter administrativ bydel og alder 2008-2019,2018,Bydel Alna,90 år +,Personer,345
EliminatedValue,10,13,0,0,Folkemengden etter administrativ bydel og alder 2008-2019,2018,Bydel Østensjø,Alder i alt,Personer,50163
EliminatedValue,10,13,1,0,Folkemengden etter administrativ bydel og alder 2008-2019,2018,Bydel Østensjø,0 år,Personer,596
EliminatedValue,10,13,2,0,Folkemengden etter administrativ bydel og alder 2008-2019,2018,Bydel Østensjø,1-2 år,Personer,1352
EliminatedValue,10,13,3,0,Folkemengden etter administrativ bydel og alder 2008-2019,2018,Bydel Østensjø,3-5 år,Personer,2034
EliminatedValue,10,13,4,0,Folkemengden etter administrativ bydel og alder 2008-2019,2018,Bydel Østensjø,6-9 år,Personer,2817
EliminatedValue,10,13,5,0,Folkemengden etter administrativ bydel og alder 2008-2019,2018,Bydel Østensjø,10-12 år,Personer,1885
EliminatedValue,10,13,6,0,Folkemengden etter administrativ bydel og alder 2008-2019,2018,Bydel Østensjø,13-15 år,Personer,1677
EliminatedValue,10,13,7,0,Folkemengden etter administrativ bydel og alder 2008-2019,2018,Bydel Østensjø,16-17 år,Personer,1064
EliminatedValue,10,13,8,0,Folkemengden etter administrativ bydel og alder 2008-2019,2018,Bydel Østensjø,18-19 år,Personer,1021
EliminatedValue,10,13,9,0,Folkemengden etter administrativ bydel og alder 2008-2019,2018,Bydel Østensjø,20-22 år,Personer,1427
EliminatedValue,10,13,10,0,Folkemengden etter administrativ bydel og alder 2008-2019,2018,Bydel Østensjø,23-24 år,Personer,958
EliminatedValue,10,13,11,0,Folkemengden etter administrativ bydel og alder 2008-2019,2018,Bydel Østensjø,25-29 år,Personer,3379
EliminatedValue,10,13,12,0,Folkemengden etter administrativ bydel og alder 2008-2019,2018,Bydel Østensjø,30-39 år,Personer,7611
EliminatedValue,10,13,13,0,Folkemengden etter administrativ bydel og alder 2008-2019,2018,Bydel Østensjø,40-49 år,Personer,7943
EliminatedValue,10,13,14,0,Folkemengden etter administrativ bydel og alder 2008-2019,2018,Bydel Østensjø,50-66 år,Personer,9587
EliminatedValue,10,13,15,0,Folkemengden etter administrativ bydel og alder 2008-2019,2018,Bydel Østensjø,67-74 år,Personer,2811
EliminatedValue,10,13,16,0,Folkemengden etter administrativ bydel og alder 2008-2019,2018,Bydel Østensjø,75-79 år,Personer,1168
EliminatedValue,10,13,17,0,Folkemengden etter administrativ bydel og alder 2008-2019,2018,Bydel Østensjø,80-84 år,Personer,1219
EliminatedValue,10,13,18,0,Folkemengden etter administrativ bydel og alder 2008-2019,2018,Bydel Østensjø,85-89 år,Personer,1019
EliminatedValue,10,13,19,0,Folkemengden etter administrativ bydel og alder 2008-2019,2018,Bydel Østensjø,90 år +,Personer,595
EliminatedValue,10,14,0,0,Folkemengden etter administrativ bydel og alder 2008-2019,2018,Bydel Nordstrand,Alder i alt,Personer,51294
EliminatedValue,10,14,1,0,Folkemengden etter administrativ bydel og alder 2008-2019,2018,Bydel Nordstrand,0 år,Personer,602
EliminatedValue,10,14,2,0,Folkemengden etter administrativ bydel og alder 2008-2019,2018,Bydel Nordstrand,1-2 år,Personer,1271
EliminatedValue,10,14,3,0,Folkemengden etter administrativ bydel og alder 2008-2019,2018,Bydel Nordstrand,3-5 år,Personer,2029
EliminatedValue,10,14,4,0,Folkemengden etter administrativ bydel og alder 2008-2019,2018,Bydel Nordstrand,6-9 år,Personer,2791
EliminatedValue,10,14,5,0,Folkemengden etter administrativ bydel og alder 2008-2019,2018,Bydel Nordstrand,10-12 år,Personer,2016
EliminatedValue,10,14,6,0,Folkemengden etter administrativ bydel og alder 2008-2019,2018,Bydel Nordstrand,13-15 år,Personer,1822
EliminatedValue,10,14,7,0,Folkemengden etter administrativ bydel og alder 2008-2019,2018,Bydel Nordstrand,16-17 år,Personer,1146
EliminatedValue,10,14,8,0,Folkemengden etter administrativ bydel og alder 2008-2019,2018,Bydel Nordstrand,18-19 år,Personer,1114
EliminatedValue,10,14,9,0,Folkemengden etter administrativ bydel og alder 2008-2019,2018,Bydel Nordstrand,20-22 år,Personer,1614
EliminatedValue,10,14,10,0,Folkemengden etter administrativ bydel og alder 2008-2019,2018,Bydel Nordstrand,23-24 år,Personer,1032
EliminatedValue,10,14,11,0,Folkemengden etter administrativ bydel og alder 2008-2019,2018,Bydel Nordstrand,25-29 år,Personer,3196
EliminatedValue,10,14,12,0,Folkemengden etter administrativ bydel og alder 2008-2019,2018,Bydel Nordstrand,30-39 år,Personer,7134
EliminatedValue,10,14,13,0,Folkemengden etter administrativ bydel og alder 2008-2019,2018,Bydel Nordstrand,40-49 år,Personer,7854
EliminatedValue,10,14,14,0,Folkemengden etter administrativ bydel og alder 2008-2019,2018,Bydel Nordstrand,50-66 år,Personer,10206
EliminatedValue,10,14,15,0,Folkemengden etter administrativ bydel og alder 2008-2019,2018,Bydel Nordstrand,67-74 år,Personer,3664
EliminatedValue,10,14,16,0,Folkemengden etter administrativ bydel og alder 2008-2019,2018,Bydel Nordstrand,75-79 år,Personer,1326
EliminatedValue,10,14,17,0,Folkemengden etter administrativ bydel og alder 2008-2019,2018,Bydel Nordstrand,80-84 år,Personer,1005
EliminatedValue,10,14,18,0,Folkemengden etter administrativ bydel og alder 2008-2019,2018,Bydel Nordstrand,85-89 år,Personer,796
EliminatedValue,10,14,19,0,Folkemengden etter administrativ bydel og alder 2008-2019,2018,Bydel Nordstrand,90 år +,Personer,676
EliminatedValue,10,15,0,0,Folkemengden etter administrativ bydel og alder 2008-2019,2018,Bydel Søndre Nordstrand,Alder i alt,Personer,38965
EliminatedValue,10,15,1,0,Folkemengden etter administrativ bydel og alder 2008-2019,2018,Bydel Søndre Nordstrand,0 år,Personer,538
EliminatedValue,10,15,2,0,Folkemengden etter administrativ bydel og alder 2008-2019,2018,Bydel Søndre Nordstrand,1-2 år,Personer,1098
EliminatedValue,10,15,3,0,Folkemengden etter administrativ bydel og alder 2008-2019,2018,Bydel Søndre Nordstrand,3-5 år,Personer,1703
EliminatedValue,10,15,4,0,Folkemengden etter administrativ bydel og alder 2008-2019,2018,Bydel Søndre Nordstrand,6-9 år,Personer,2286
EliminatedValue,10,15,5,0,Folkemengden etter administrativ bydel og alder 2008-2019,2018,Bydel Søndre Nordstrand,10-12 år,Personer,1731
EliminatedValue,10,15,6,0,Folkemengden etter administrativ bydel og alder 2008-2019,2018,Bydel Søndre Nordstrand,13-15 år,Personer,1710
EliminatedValue,10,15,7,0,Folkemengden etter administrativ bydel og alder 2008-2019,2018,Bydel Søndre Nordstrand,16-17 år,Personer,1119
EliminatedValue,10,15,8,0,Folkemengden etter administrativ bydel og alder 2008-2019,2018,Bydel Søndre Nordstrand,18-19 år,Personer,1111
EliminatedValue,10,15,9,0,Folkemengden etter administrativ bydel og alder 2008-2019,2018,Bydel Søndre Nordstrand,20-22 år,Personer,1536
EliminatedValue,10,15,10,0,Folkemengden etter administrativ bydel og alder 2008-2019,2018,Bydel Søndre Nordstrand,23-24 år,Personer,931
EliminatedValue,10,15,11,0,Folkemengden etter administrativ bydel og alder 2008-2019,2018,Bydel Søndre Nordstrand,25-29 år,Personer,2546
EliminatedValue,10,15,12,0,Folkemengden etter administrativ bydel og alder 2008-2019,2018,Bydel Søndre Nordstrand,30-39 år,Personer,5763
EliminatedValue,10,15,13,0,Folkemengden etter administrativ bydel og alder 2008-2019,2018,Bydel Søndre Nordstrand,40-49 år,Personer,5536
EliminatedValue,10,15,14,0,Folkemengden etter administrativ bydel og alder 2008-2019,2018,Bydel Søndre Nordstrand,50-66 år,Personer,8014
EliminatedValue,10,15,15,0,Folkemengden etter administrativ bydel og alder 2008-2019,2018,Bydel Søndre Nordstrand,67-74 år,Personer,2075
EliminatedValue,10,15,16,0,Folkemengden etter administrativ bydel og alder 2008-2019,2018,Bydel Søndre Nordstrand,75-79 år,Personer,626
EliminatedValue,10,15,17,0,Folkemengden etter administrativ bydel og alder 2008-2019,2018,Bydel Søndre Nordstrand,80-84 år,Personer,312
EliminatedValue,10,15,18,0,Folkemengden etter administrativ bydel og alder 2008-2019,2018,Bydel Søndre Nordstrand,85-89 år,Personer,196
EliminatedValue,10,15,19,0,Folkemengden etter administrativ bydel og alder 2008-2019,2018,Bydel Søndre Nordstrand,90 år +,Personer,134
EliminatedValue,11,100000,0,0,Folkemengden etter administrativ bydel og alder 2008-2019,2019,Oslo i alt,Alder i alt,Personer,678730
EliminatedValue,11,100000,1,0,Folkemengden etter administrativ bydel og alder 2008-2019,2019,Oslo i alt,0 år,Personer,8994
EliminatedValue,11,100000,2,0,Folkemengden etter administrativ bydel og alder 2008-2019,2019,Oslo i alt,1-2 år,Personer,17272
EliminatedValue,11,100000,3,0,Folkemengden etter administrativ bydel og alder 2008-2019,2019,Oslo i alt,3-5 år,Personer,23670
EliminatedValue,11,100000,4,0,Folkemengden etter administrativ bydel og alder 2008-2019,2019,Oslo i alt,6-9 år,Personer,29877
EliminatedValue,11,100000,5,0,Folkemengden etter administrativ bydel og alder 2008-2019,2019,Oslo i alt,10-12 år,Personer,20898
EliminatedValue,11,100000,6,0,Folkemengden etter administrativ bydel og alder 2008-2019,2019,Oslo i alt,13-15 år,Personer,19208
EliminatedValue,11,100000,7,0,Folkemengden etter administrativ bydel og alder 2008-2019,2019,Oslo i alt,16-17 år,Personer,11912
EliminatedValue,11,100000,8,0,Folkemengden etter administrativ bydel og alder 2008-2019,2019,Oslo i alt,18-19 år,Personer,12860
EliminatedValue,11,100000,9,0,Folkemengden etter administrativ bydel og alder 2008-2019,2019,Oslo i alt,20-22 år,Personer,24910
EliminatedValue,11,100000,10,0,Folkemengden etter administrativ bydel og alder 2008-2019,2019,Oslo i alt,23-24 år,Personer,21117
EliminatedValue,11,100000,11,0,Folkemengden etter administrativ bydel og alder 2008-2019,2019,Oslo i alt,25-29 år,Personer,73296
EliminatedValue,11,100000,12,0,Folkemengden etter administrativ bydel og alder 2008-2019,2019,Oslo i alt,30-39 år,Personer,128754
EliminatedValue,11,100000,13,0,Folkemengden etter administrativ bydel og alder 2008-2019,2019,Oslo i alt,40-49 år,Personer,94589
EliminatedValue,11,100000,14,0,Folkemengden etter administrativ bydel og alder 2008-2019,2019,Oslo i alt,50-66 år,Personer,116862
EliminatedValue,11,100000,15,0,Folkemengden etter administrativ bydel og alder 2008-2019,2019,Oslo i alt,67-74 år,Personer,38999
EliminatedValue,11,100000,16,0,Folkemengden etter administrativ bydel og alder 2008-2019,2019,Oslo i alt,75-79 år,Personer,14575
EliminatedValue,11,100000,17,0,Folkemengden etter administrativ bydel og alder 2008-2019,2019,Oslo i alt,80-84 år,Personer,9381
EliminatedValue,11,100000,18,0,Folkemengden etter administrativ bydel og alder 2008-2019,2019,Oslo i alt,85-89 år,Personer,6760
EliminatedValue,11,100000,19,0,Folkemengden etter administrativ bydel og alder 2008-2019,2019,Oslo i alt,90 år +,Personer,4796
EliminatedValue,11,1,0,0,Folkemengden etter administrativ bydel og alder 2008-2019,2019,Bydel Gamle Oslo,Alder i alt,Personer,55739
EliminatedValue,11,1,1,0,Folkemengden etter administrativ bydel og alder 2008-2019,2019,Bydel Gamle Oslo,0 år,Personer,949
EliminatedValue,11,1,2,0,Folkemengden etter administrativ bydel og alder 2008-2019,2019,Bydel Gamle Oslo,1-2 år,Personer,1608
EliminatedValue,11,1,3,0,Folkemengden etter administrativ bydel og alder 2008-2019,2019,Bydel Gamle Oslo,3-5 år,Personer,1901
EliminatedValue,11,1,4,0,Folkemengden etter administrativ bydel og alder 2008-2019,2019,Bydel Gamle Oslo,6-9 år,Personer,2011
EliminatedValue,11,1,5,0,Folkemengden etter administrativ bydel og alder 2008-2019,2019,Bydel Gamle Oslo,10-12 år,Personer,1240
EliminatedValue,11,1,6,0,Folkemengden etter administrativ bydel og alder 2008-2019,2019,Bydel Gamle Oslo,13-15 år,Personer,951
EliminatedValue,11,1,7,0,Folkemengden etter administrativ bydel og alder 2008-2019,2019,Bydel Gamle Oslo,16-17 år,Personer,638
EliminatedValue,11,1,8,0,Folkemengden etter administrativ bydel og alder 2008-2019,2019,Bydel Gamle Oslo,18-19 år,Personer,721
EliminatedValue,11,1,9,0,Folkemengden etter administrativ bydel og alder 2008-2019,2019,Bydel Gamle Oslo,20-22 år,Personer,1734
EliminatedValue,11,1,10,0,Folkemengden etter administrativ bydel og alder 2008-2019,2019,Bydel Gamle Oslo,23-24 år,Personer,1783
EliminatedValue,11,1,11,0,Folkemengden etter administrativ bydel og alder 2008-2019,2019,Bydel Gamle Oslo,25-29 år,Personer,7969
EliminatedValue,11,1,12,0,Folkemengden etter administrativ bydel og alder 2008-2019,2019,Bydel Gamle Oslo,30-39 år,Personer,14849
EliminatedValue,11,1,13,0,Folkemengden etter administrativ bydel og alder 2008-2019,2019,Bydel Gamle Oslo,40-49 år,Personer,8122
EliminatedValue,11,1,14,0,Folkemengden etter administrativ bydel og alder 2008-2019,2019,Bydel Gamle Oslo,50-66 år,Personer,7908
EliminatedValue,11,1,15,0,Folkemengden etter administrativ bydel og alder 2008-2019,2019,Bydel Gamle Oslo,67-74 år,Personer,2061
EliminatedValue,11,1,16,0,Folkemengden etter administrativ bydel og alder 2008-2019,2019,Bydel Gamle Oslo,75-79 år,Personer,569
EliminatedValue,11,1,17,0,Folkemengden etter administrativ bydel og alder 2008-2019,2019,Bydel Gamle Oslo,80-84 år,Personer,324
EliminatedValue,11,1,18,0,Folkemengden etter administrativ bydel og alder 2008-2019,2019,Bydel Gamle Oslo,85-89 år,Personer,215
EliminatedValue,11,1,19,0,Folkemengden etter administrativ bydel og alder 2008-2019,2019,Bydel Gamle Oslo,90 år +,Personer,186
EliminatedValue,11,2,0,0,Folkemengden etter administrativ bydel og alder 2008-2019,2019,Bydel Grünerløkka,Alder i alt,Personer,60823
EliminatedValue,11,2,1,0,Folkemengden etter administrativ bydel og alder 2008-2019,2019,Bydel Grünerløkka,0 år,Personer,964
EliminatedValue,11,2,2,0,Folkemengden etter administrativ bydel og alder 2008-2019,2019,Bydel Grünerløkka,1-2 år,Personer,1704
EliminatedValue,11,2,3,0,Folkemengden etter administrativ bydel og alder 2008-2019,2019,Bydel Grünerløkka,3-5 år,Personer,1724
EliminatedValue,11,2,4,0,Folkemengden etter administrativ bydel og alder 2008-2019,2019,Bydel Grünerløkka,6-9 år,Personer,1781
EliminatedValue,11,2,5,0,Folkemengden etter administrativ bydel og alder 2008-2019,2019,Bydel Grünerløkka,10-12 år,Personer,1044
EliminatedValue,11,2,6,0,Folkemengden etter administrativ bydel og alder 2008-2019,2019,Bydel Grünerløkka,13-15 år,Personer,887
EliminatedValue,11,2,7,0,Folkemengden etter administrativ bydel og alder 2008-2019,2019,Bydel Grünerløkka,16-17 år,Personer,498
EliminatedValue,11,2,8,0,Folkemengden etter administrativ bydel og alder 2008-2019,2019,Bydel Grünerløkka,18-19 år,Personer,715
EliminatedValue,11,2,9,0,Folkemengden etter administrativ bydel og alder 2008-2019,2019,Bydel Grünerløkka,20-22 år,Personer,2589
EliminatedValue,11,2,10,0,Folkemengden etter administrativ bydel og alder 2008-2019,2019,Bydel Grünerløkka,23-24 år,Personer,2686
EliminatedValue,11,2,11,0,Folkemengden etter administrativ bydel og alder 2008-2019,2019,Bydel Grünerløkka,25-29 år,Personer,11394
EliminatedValue,11,2,12,0,Folkemengden etter administrativ bydel og alder 2008-2019,2019,Bydel Grünerløkka,30-39 år,Personer,16898
EliminatedValue,11,2,13,0,Folkemengden etter administrativ bydel og alder 2008-2019,2019,Bydel Grünerløkka,40-49 år,Personer,7847
EliminatedValue,11,2,14,0,Folkemengden etter administrativ bydel og alder 2008-2019,2019,Bydel Grünerløkka,50-66 år,Personer,7026
EliminatedValue,11,2,15,0,Folkemengden etter administrativ bydel og alder 2008-2019,2019,Bydel Grünerløkka,67-74 år,Personer,1815
EliminatedValue,11,2,16,0,Folkemengden etter administrativ bydel og alder 2008-2019,2019,Bydel Grünerløkka,75-79 år,Personer,598
EliminatedValue,11,2,17,0,Folkemengden etter administrativ bydel og alder 2008-2019,2019,Bydel Grünerløkka,80-84 år,Personer,283
EliminatedValue,11,2,18,0,Folkemengden etter administrativ bydel og alder 2008-2019,2019,Bydel Grünerløkka,85-89 år,Personer,192
EliminatedValue,11,2,19,0,Folkemengden etter administrativ bydel og alder 2008-2019,2019,Bydel Grünerløkka,90 år +,Personer,178
EliminatedValue,11,3,0,0,Folkemengden etter administrativ bydel og alder 2008-2019,2019,Bydel Sagene,Alder i alt,Personer,43767
EliminatedValue,11,3,1,0,Folkemengden etter administrativ bydel og alder 2008-2019,2019,Bydel Sagene,0 år,Personer,795
EliminatedValue,11,3,2,0,Folkemengden etter administrativ bydel og alder 2008-2019,2019,Bydel Sagene,1-2 år,Personer,1233
EliminatedValue,11,3,3,0,Folkemengden etter administrativ bydel og alder 2008-2019,2019,Bydel Sagene,3-5 år,Personer,1360
EliminatedValue,11,3,4,0,Folkemengden etter administrativ bydel og alder 2008-2019,2019,Bydel Sagene,6-9 år,Personer,1181
EliminatedValue,11,3,5,0,Folkemengden etter administrativ bydel og alder 2008-2019,2019,Bydel Sagene,10-12 år,Personer,645
EliminatedValue,11,3,6,0,Folkemengden etter administrativ bydel og alder 2008-2019,2019,Bydel Sagene,13-15 år,Personer,552
EliminatedValue,11,3,7,0,Folkemengden etter administrativ bydel og alder 2008-2019,2019,Bydel Sagene,16-17 år,Personer,321
EliminatedValue,11,3,8,0,Folkemengden etter administrativ bydel og alder 2008-2019,2019,Bydel Sagene,18-19 år,Personer,435
EliminatedValue,11,3,9,0,Folkemengden etter administrativ bydel og alder 2008-2019,2019,Bydel Sagene,20-22 år,Personer,1666
EliminatedValue,11,3,10,0,Folkemengden etter administrativ bydel og alder 2008-2019,2019,Bydel Sagene,23-24 år,Personer,1776
EliminatedValue,11,3,11,0,Folkemengden etter administrativ bydel og alder 2008-2019,2019,Bydel Sagene,25-29 år,Personer,8122
EliminatedValue,11,3,12,0,Folkemengden etter administrativ bydel og alder 2008-2019,2019,Bydel Sagene,30-39 år,Personer,12199
EliminatedValue,11,3,13,0,Folkemengden etter administrativ bydel og alder 2008-2019,2019,Bydel Sagene,40-49 år,Personer,5261
EliminatedValue,11,3,14,0,Folkemengden etter administrativ bydel og alder 2008-2019,2019,Bydel Sagene,50-66 år,Personer,5364
EliminatedValue,11,3,15,0,Folkemengden etter administrativ bydel og alder 2008-2019,2019,Bydel Sagene,67-74 år,Personer,1678
EliminatedValue,11,3,16,0,Folkemengden etter administrativ bydel og alder 2008-2019,2019,Bydel Sagene,75-79 år,Personer,528
EliminatedValue,11,3,17,0,Folkemengden etter administrativ bydel og alder 2008-2019,2019,Bydel Sagene,80-84 år,Personer,299
EliminatedValue,11,3,18,0,Folkemengden etter administrativ bydel og alder 2008-2019,2019,Bydel Sagene,85-89 år,Personer,188
EliminatedValue,11,3,19,0,Folkemengden etter administrativ bydel og alder 2008-2019,2019,Bydel Sagene,90 år +,Personer,164
EliminatedValue,11,4,0,0,Folkemengden etter administrativ bydel og alder 2008-2019,2019,Bydel St.Hanshaugen,Alder i alt,Personer,39673
EliminatedValue,11,4,1,0,Folkemengden etter administrativ bydel og alder 2008-2019,2019,Bydel St.Hanshaugen,0 år,Personer,532
EliminatedValue,11,4,2,0,Folkemengden etter administrativ bydel og alder 2008-2019,2019,Bydel St.Hanshaugen,1-2 år,Personer,807
EliminatedValue,11,4,3,0,Folkemengden etter administrativ bydel og alder 2008-2019,2019,Bydel St.Hanshaugen,3-5 år,Personer,904
EliminatedValue,11,4,4,0,Folkemengden etter administrativ bydel og alder 2008-2019,2019,Bydel St.Hanshaugen,6-9 år,Personer,959
EliminatedValue,11,4,5,0,Folkemengden etter administrativ bydel og alder 2008-2019,2019,Bydel St.Hanshaugen,10-12 år,Personer,625
EliminatedValue,11,4,6,0,Folkemengden etter administrativ bydel og alder 2008-2019,2019,Bydel St.Hanshaugen,13-15 år,Personer,556
EliminatedValue,11,4,7,0,Folkemengden etter administrativ bydel og alder 2008-2019,2019,Bydel St.Hanshaugen,16-17 år,Personer,333
EliminatedValue,11,4,8,0,Folkemengden etter administrativ bydel og alder 2008-2019,2019,Bydel St.Hanshaugen,18-19 år,Personer,492
EliminatedValue,11,4,9,0,Folkemengden etter administrativ bydel og alder 2008-2019,2019,Bydel St.Hanshaugen,20-22 år,Personer,2054
EliminatedValue,11,4,10,0,Folkemengden etter administrativ bydel og alder 2008-2019,2019,Bydel St.Hanshaugen,23-24 år,Personer,2168
EliminatedValue,11,4,11,0,Folkemengden etter administrativ bydel og alder 2008-2019,2019,Bydel St.Hanshaugen,25-29 år,Personer,7728
EliminatedValue,11,4,12,0,Folkemengden etter administrativ bydel og alder 2008-2019,2019,Bydel St.Hanshaugen,30-39 år,Personer,9856
EliminatedValue,11,4,13,0,Folkemengden etter administrativ bydel og alder 2008-2019,2019,Bydel St.Hanshaugen,40-49 år,Personer,4811
EliminatedValue,11,4,14,0,Folkemengden etter administrativ bydel og alder 2008-2019,2019,Bydel St.Hanshaugen,50-66 år,Personer,5059
EliminatedValue,11,4,15,0,Folkemengden etter administrativ bydel og alder 2008-2019,2019,Bydel St.Hanshaugen,67-74 år,Personer,1558
EliminatedValue,11,4,16,0,Folkemengden etter administrativ bydel og alder 2008-2019,2019,Bydel St.Hanshaugen,75-79 år,Personer,554
EliminatedValue,11,4,17,0,Folkemengden etter administrativ bydel og alder 2008-2019,2019,Bydel St.Hanshaugen,80-84 år,Personer,301
EliminatedValue,11,4,18,0,Folkemengden etter administrativ bydel og alder 2008-2019,2019,Bydel St.Hanshaugen,85-89 år,Personer,192
EliminatedValue,11,4,19,0,Folkemengden etter administrativ bydel og alder 2008-2019,2019,Bydel St.Hanshaugen,90 år +,Personer,184
EliminatedValue,11,5,0,0,Folkemengden etter administrativ bydel og alder 2008-2019,2019,Bydel Frogner,Alder i alt,Personer,58938
EliminatedValue,11,5,1,0,Folkemengden etter administrativ bydel og alder 2008-2019,2019,Bydel Frogner,0 år,Personer,647
EliminatedValue,11,5,2,0,Folkemengden etter administrativ bydel og alder 2008-2019,2019,Bydel Frogner,1-2 år,Personer,1108
EliminatedValue,11,5,3,0,Folkemengden etter administrativ bydel og alder 2008-2019,2019,Bydel Frogner,3-5 år,Personer,1256
EliminatedValue,11,5,4,0,Folkemengden etter administrativ bydel og alder 2008-2019,2019,Bydel Frogner,6-9 år,Personer,1408
EliminatedValue,11,5,5,0,Folkemengden etter administrativ bydel og alder 2008-2019,2019,Bydel Frogner,10-12 år,Personer,960
EliminatedValue,11,5,6,0,Folkemengden etter administrativ bydel og alder 2008-2019,2019,Bydel Frogner,13-15 år,Personer,894
EliminatedValue,11,5,7,0,Folkemengden etter administrativ bydel og alder 2008-2019,2019,Bydel Frogner,16-17 år,Personer,586
EliminatedValue,11,5,8,0,Folkemengden etter administrativ bydel og alder 2008-2019,2019,Bydel Frogner,18-19 år,Personer,779
EliminatedValue,11,5,9,0,Folkemengden etter administrativ bydel og alder 2008-2019,2019,Bydel Frogner,20-22 år,Personer,2683
EliminatedValue,11,5,10,0,Folkemengden etter administrativ bydel og alder 2008-2019,2019,Bydel Frogner,23-24 år,Personer,2700
EliminatedValue,11,5,11,0,Folkemengden etter administrativ bydel og alder 2008-2019,2019,Bydel Frogner,25-29 år,Personer,9303
EliminatedValue,11,5,12,0,Folkemengden etter administrativ bydel og alder 2008-2019,2019,Bydel Frogner,30-39 år,Personer,11897
EliminatedValue,11,5,13,0,Folkemengden etter administrativ bydel og alder 2008-2019,2019,Bydel Frogner,40-49 år,Personer,6882
EliminatedValue,11,5,14,0,Folkemengden etter administrativ bydel og alder 2008-2019,2019,Bydel Frogner,50-66 år,Personer,10248
EliminatedValue,11,5,15,0,Folkemengden etter administrativ bydel og alder 2008-2019,2019,Bydel Frogner,67-74 år,Personer,3986
EliminatedValue,11,5,16,0,Folkemengden etter administrativ bydel og alder 2008-2019,2019,Bydel Frogner,75-79 år,Personer,1586
EliminatedValue,11,5,17,0,Folkemengden etter administrativ bydel og alder 2008-2019,2019,Bydel Frogner,80-84 år,Personer,970
EliminatedValue,11,5,18,0,Folkemengden etter administrativ bydel og alder 2008-2019,2019,Bydel Frogner,85-89 år,Personer,579
EliminatedValue,11,5,19,0,Folkemengden etter administrativ bydel og alder 2008-2019,2019,Bydel Frogner,90 år +,Personer,466
EliminatedValue,11,6,0,0,Folkemengden etter administrativ bydel og alder 2008-2019,2019,Bydel Ullern,Alder i alt,Personer,33659
EliminatedValue,11,6,1,0,Folkemengden etter administrativ bydel og alder 2008-2019,2019,Bydel Ullern,0 år,Personer,412
EliminatedValue,11,6,2,0,Folkemengden etter administrativ bydel og alder 2008-2019,2019,Bydel Ullern,1-2 år,Personer,821
EliminatedValue,11,6,3,0,Folkemengden etter administrativ bydel og alder 2008-2019,2019,Bydel Ullern,3-5 år,Personer,1249
EliminatedValue,11,6,4,0,Folkemengden etter administrativ bydel og alder 2008-2019,2019,Bydel Ullern,6-9 år,Personer,1712
EliminatedValue,11,6,5,0,Folkemengden etter administrativ bydel og alder 2008-2019,2019,Bydel Ullern,10-12 år,Personer,1253
EliminatedValue,11,6,6,0,Folkemengden etter administrativ bydel og alder 2008-2019,2019,Bydel Ullern,13-15 år,Personer,1110
EliminatedValue,11,6,7,0,Folkemengden etter administrativ bydel og alder 2008-2019,2019,Bydel Ullern,16-17 år,Personer,701
EliminatedValue,11,6,8,0,Folkemengden etter administrativ bydel og alder 2008-2019,2019,Bydel Ullern,18-19 år,Personer,625
EliminatedValue,11,6,9,0,Folkemengden etter administrativ bydel og alder 2008-2019,2019,Bydel Ullern,20-22 år,Personer,863
EliminatedValue,11,6,10,0,Folkemengden etter administrativ bydel og alder 2008-2019,2019,Bydel Ullern,23-24 år,Personer,656
EliminatedValue,11,6,11,0,Folkemengden etter administrativ bydel og alder 2008-2019,2019,Bydel Ullern,25-29 år,Personer,1992
EliminatedValue,11,6,12,0,Folkemengden etter administrativ bydel og alder 2008-2019,2019,Bydel Ullern,30-39 år,Personer,4911
EliminatedValue,11,6,13,0,Folkemengden etter administrativ bydel og alder 2008-2019,2019,Bydel Ullern,40-49 år,Personer,4674
EliminatedValue,11,6,14,0,Folkemengden etter administrativ bydel og alder 2008-2019,2019,Bydel Ullern,50-66 år,Personer,6821
EliminatedValue,11,6,15,0,Folkemengden etter administrativ bydel og alder 2008-2019,2019,Bydel Ullern,67-74 år,Personer,3033
EliminatedValue,11,6,16,0,Folkemengden etter administrativ bydel og alder 2008-2019,2019,Bydel Ullern,75-79 år,Personer,1228
EliminatedValue,11,6,17,0,Folkemengden etter administrativ bydel og alder 2008-2019,2019,Bydel Ullern,80-84 år,Personer,725
EliminatedValue,11,6,18,0,Folkemengden etter administrativ bydel og alder 2008-2019,2019,Bydel Ullern,85-89 år,Personer,494
EliminatedValue,11,6,19,0,Folkemengden etter administrativ bydel og alder 2008-2019,2019,Bydel Ullern,90 år +,Personer,379
EliminatedValue,11,7,0,0,Folkemengden etter administrativ bydel og alder 2008-2019,2019,Bydel Vestre Aker,Alder i alt,Personer,49898
EliminatedValue,11,7,1,0,Folkemengden etter administrativ bydel og alder 2008-2019,2019,Bydel Vestre Aker,0 år,Personer,617
EliminatedValue,11,7,2,0,Folkemengden etter administrativ bydel og alder 2008-2019,2019,Bydel Vestre Aker,1-2 år,Personer,1323
EliminatedValue,11,7,3,0,Folkemengden etter administrativ bydel og alder 2008-2019,2019,Bydel Vestre Aker,3-5 år,Personer,2103
EliminatedValue,11,7,4,0,Folkemengden etter administrativ bydel og alder 2008-2019,2019,Bydel Vestre Aker,6-9 år,Personer,2743
EliminatedValue,11,7,5,0,Folkemengden etter administrativ bydel og alder 2008-2019,2019,Bydel Vestre Aker,10-12 år,Personer,2097
EliminatedValue,11,7,6,0,Folkemengden etter administrativ bydel og alder 2008-2019,2019,Bydel Vestre Aker,13-15 år,Personer,1861
EliminatedValue,11,7,7,0,Folkemengden etter administrativ bydel og alder 2008-2019,2019,Bydel Vestre Aker,16-17 år,Personer,1116
EliminatedValue,11,7,8,0,Folkemengden etter administrativ bydel og alder 2008-2019,2019,Bydel Vestre Aker,18-19 år,Personer,1111
EliminatedValue,11,7,9,0,Folkemengden etter administrativ bydel og alder 2008-2019,2019,Bydel Vestre Aker,20-22 år,Personer,1523
EliminatedValue,11,7,10,0,Folkemengden etter administrativ bydel og alder 2008-2019,2019,Bydel Vestre Aker,23-24 år,Personer,1040
EliminatedValue,11,7,11,0,Folkemengden etter administrativ bydel og alder 2008-2019,2019,Bydel Vestre Aker,25-29 år,Personer,2864
EliminatedValue,11,7,12,0,Folkemengden etter administrativ bydel og alder 2008-2019,2019,Bydel Vestre Aker,30-39 år,Personer,6922
EliminatedValue,11,7,13,0,Folkemengden etter administrativ bydel og alder 2008-2019,2019,Bydel Vestre Aker,40-49 år,Personer,7284
EliminatedValue,11,7,14,0,Folkemengden etter administrativ bydel og alder 2008-2019,2019,Bydel Vestre Aker,50-66 år,Personer,9670
EliminatedValue,11,7,15,0,Folkemengden etter administrativ bydel og alder 2008-2019,2019,Bydel Vestre Aker,67-74 år,Personer,4046
EliminatedValue,11,7,16,0,Folkemengden etter administrativ bydel og alder 2008-2019,2019,Bydel Vestre Aker,75-79 år,Personer,1484
EliminatedValue,11,7,17,0,Folkemengden etter administrativ bydel og alder 2008-2019,2019,Bydel Vestre Aker,80-84 år,Personer,910
EliminatedValue,11,7,18,0,Folkemengden etter administrativ bydel og alder 2008-2019,2019,Bydel Vestre Aker,85-89 år,Personer,682
EliminatedValue,11,7,19,0,Folkemengden etter administrativ bydel og alder 2008-2019,2019,Bydel Vestre Aker,90 år +,Personer,502
EliminatedValue,11,8,0,0,Folkemengden etter administrativ bydel og alder 2008-2019,2019,Bydel Nordre Aker,Alder i alt,Personer,52443
EliminatedValue,11,8,1,0,Folkemengden etter administrativ bydel og alder 2008-2019,2019,Bydel Nordre Aker,0 år,Personer,584
EliminatedValue,11,8,2,0,Folkemengden etter administrativ bydel og alder 2008-2019,2019,Bydel Nordre Aker,1-2 år,Personer,1233
EliminatedValue,11,8,3,0,Folkemengden etter administrativ bydel og alder 2008-2019,2019,Bydel Nordre Aker,3-5 år,Personer,1990
EliminatedValue,11,8,4,0,Folkemengden etter administrativ bydel og alder 2008-2019,2019,Bydel Nordre Aker,6-9 år,Personer,2826
EliminatedValue,11,8,5,0,Folkemengden etter administrativ bydel og alder 2008-2019,2019,Bydel Nordre Aker,10-12 år,Personer,1993
EliminatedValue,11,8,6,0,Folkemengden etter administrativ bydel og alder 2008-2019,2019,Bydel Nordre Aker,13-15 år,Personer,1896
EliminatedValue,11,8,7,0,Folkemengden etter administrativ bydel og alder 2008-2019,2019,Bydel Nordre Aker,16-17 år,Personer,1115
EliminatedValue,11,8,8,0,Folkemengden etter administrativ bydel og alder 2008-2019,2019,Bydel Nordre Aker,18-19 år,Personer,1242
EliminatedValue,11,8,9,0,Folkemengden etter administrativ bydel og alder 2008-2019,2019,Bydel Nordre Aker,20-22 år,Personer,2545
EliminatedValue,11,8,10,0,Folkemengden etter administrativ bydel og alder 2008-2019,2019,Bydel Nordre Aker,23-24 år,Personer,1797
EliminatedValue,11,8,11,0,Folkemengden etter administrativ bydel og alder 2008-2019,2019,Bydel Nordre Aker,25-29 år,Personer,4186
EliminatedValue,11,8,12,0,Folkemengden etter administrativ bydel og alder 2008-2019,2019,Bydel Nordre Aker,30-39 år,Personer,7406
EliminatedValue,11,8,13,0,Folkemengden etter administrativ bydel og alder 2008-2019,2019,Bydel Nordre Aker,40-49 år,Personer,7639
EliminatedValue,11,8,14,0,Folkemengden etter administrativ bydel og alder 2008-2019,2019,Bydel Nordre Aker,50-66 år,Personer,9641
EliminatedValue,11,8,15,0,Folkemengden etter administrativ bydel og alder 2008-2019,2019,Bydel Nordre Aker,67-74 år,Personer,3232
EliminatedValue,11,8,16,0,Folkemengden etter administrativ bydel og alder 2008-2019,2019,Bydel Nordre Aker,75-79 år,Personer,1205
EliminatedValue,11,8,17,0,Folkemengden etter administrativ bydel og alder 2008-2019,2019,Bydel Nordre Aker,80-84 år,Personer,834
EliminatedValue,11,8,18,0,Folkemengden etter administrativ bydel og alder 2008-2019,2019,Bydel Nordre Aker,85-89 år,Personer,656
EliminatedValue,11,8,19,0,Folkemengden etter administrativ bydel og alder 2008-2019,2019,Bydel Nordre Aker,90 år +,Personer,423
EliminatedValue,11,9,0,0,Folkemengden etter administrativ bydel og alder 2008-2019,2019,Bydel Bjerke,Alder i alt,Personer,32580
EliminatedValue,11,9,1,0,Folkemengden etter administrativ bydel og alder 2008-2019,2019,Bydel Bjerke,0 år,Personer,529
EliminatedValue,11,9,2,0,Folkemengden etter administrativ bydel og alder 2008-2019,2019,Bydel Bjerke,1-2 år,Personer,979
EliminatedValue,11,9,3,0,Folkemengden etter administrativ bydel og alder 2008-2019,2019,Bydel Bjerke,3-5 år,Personer,1394
EliminatedValue,11,9,4,0,Folkemengden etter administrativ bydel og alder 2008-2019,2019,Bydel Bjerke,6-9 år,Personer,1821
EliminatedValue,11,9,5,0,Folkemengden etter administrativ bydel og alder 2008-2019,2019,Bydel Bjerke,10-12 år,Personer,1270
EliminatedValue,11,9,6,0,Folkemengden etter administrativ bydel og alder 2008-2019,2019,Bydel Bjerke,13-15 år,Personer,1113
EliminatedValue,11,9,7,0,Folkemengden etter administrativ bydel og alder 2008-2019,2019,Bydel Bjerke,16-17 år,Personer,688
EliminatedValue,11,9,8,0,Folkemengden etter administrativ bydel og alder 2008-2019,2019,Bydel Bjerke,18-19 år,Personer,637
EliminatedValue,11,9,9,0,Folkemengden etter administrativ bydel og alder 2008-2019,2019,Bydel Bjerke,20-22 år,Personer,976
EliminatedValue,11,9,10,0,Folkemengden etter administrativ bydel og alder 2008-2019,2019,Bydel Bjerke,23-24 år,Personer,764
EliminatedValue,11,9,11,0,Folkemengden etter administrativ bydel og alder 2008-2019,2019,Bydel Bjerke,25-29 år,Personer,2796
EliminatedValue,11,9,12,0,Folkemengden etter administrativ bydel og alder 2008-2019,2019,Bydel Bjerke,30-39 år,Personer,6082
EliminatedValue,11,9,13,0,Folkemengden etter administrativ bydel og alder 2008-2019,2019,Bydel Bjerke,40-49 år,Personer,4991
EliminatedValue,11,9,14,0,Folkemengden etter administrativ bydel og alder 2008-2019,2019,Bydel Bjerke,50-66 år,Personer,5318
EliminatedValue,11,9,15,0,Folkemengden etter administrativ bydel og alder 2008-2019,2019,Bydel Bjerke,67-74 år,Personer,1589
EliminatedValue,11,9,16,0,Folkemengden etter administrativ bydel og alder 2008-2019,2019,Bydel Bjerke,75-79 år,Personer,598
EliminatedValue,11,9,17,0,Folkemengden etter administrativ bydel og alder 2008-2019,2019,Bydel Bjerke,80-84 år,Personer,423
EliminatedValue,11,9,18,0,Folkemengden etter administrativ bydel og alder 2008-2019,2019,Bydel Bjerke,85-89 år,Personer,365
EliminatedValue,11,9,19,0,Folkemengden etter administrativ bydel og alder 2008-2019,2019,Bydel Bjerke,90 år +,Personer,247
EliminatedValue,11,10,0,0,Folkemengden etter administrativ bydel og alder 2008-2019,2019,Bydel Grorud,Alder i alt,Personer,27485
EliminatedValue,11,10,1,0,Folkemengden etter administrativ bydel og alder 2008-2019,2019,Bydel Grorud,0 år,Personer,341
EliminatedValue,11,10,2,0,Folkemengden etter administrativ bydel og alder 2008-2019,2019,Bydel Grorud,1-2 år,Personer,678
EliminatedValue,11,10,3,0,Folkemengden etter administrativ bydel og alder 2008-2019,2019,Bydel Grorud,3-5 år,Personer,1003
EliminatedValue,11,10,4,0,Folkemengden etter administrativ bydel og alder 2008-2019,2019,Bydel Grorud,6-9 år,Personer,1279
EliminatedValue,11,10,5,0,Folkemengden etter administrativ bydel og alder 2008-2019,2019,Bydel Grorud,10-12 år,Personer,976
EliminatedValue,11,10,6,0,Folkemengden etter administrativ bydel og alder 2008-2019,2019,Bydel Grorud,13-15 år,Personer,927
EliminatedValue,11,10,7,0,Folkemengden etter administrativ bydel og alder 2008-2019,2019,Bydel Grorud,16-17 år,Personer,627
EliminatedValue,11,10,8,0,Folkemengden etter administrativ bydel og alder 2008-2019,2019,Bydel Grorud,18-19 år,Personer,622
EliminatedValue,11,10,9,0,Folkemengden etter administrativ bydel og alder 2008-2019,2019,Bydel Grorud,20-22 år,Personer,990
EliminatedValue,11,10,10,0,Folkemengden etter administrativ bydel og alder 2008-2019,2019,Bydel Grorud,23-24 år,Personer,695
EliminatedValue,11,10,11,0,Folkemengden etter administrativ bydel og alder 2008-2019,2019,Bydel Grorud,25-29 år,Personer,2066
EliminatedValue,11,10,12,0,Folkemengden etter administrativ bydel og alder 2008-2019,2019,Bydel Grorud,30-39 år,Personer,4310
EliminatedValue,11,10,13,0,Folkemengden etter administrativ bydel og alder 2008-2019,2019,Bydel Grorud,40-49 år,Personer,3998
EliminatedValue,11,10,14,0,Folkemengden etter administrativ bydel og alder 2008-2019,2019,Bydel Grorud,50-66 år,Personer,5681
EliminatedValue,11,10,15,0,Folkemengden etter administrativ bydel og alder 2008-2019,2019,Bydel Grorud,67-74 år,Personer,1630
EliminatedValue,11,10,16,0,Folkemengden etter administrativ bydel og alder 2008-2019,2019,Bydel Grorud,75-79 år,Personer,660
EliminatedValue,11,10,17,0,Folkemengden etter administrativ bydel og alder 2008-2019,2019,Bydel Grorud,80-84 år,Personer,485
EliminatedValue,11,10,18,0,Folkemengden etter administrativ bydel og alder 2008-2019,2019,Bydel Grorud,85-89 år,Personer,327
EliminatedValue,11,10,19,0,Folkemengden etter administrativ bydel og alder 2008-2019,2019,Bydel Grorud,90 år +,Personer,190
EliminatedValue,11,11,0,0,Folkemengden etter administrativ bydel og alder 2008-2019,2019,Bydel Stovner,Alder i alt,Personer,32839
EliminatedValue,11,11,1,0,Folkemengden etter administrativ bydel og alder 2008-2019,2019,Bydel Stovner,0 år,Personer,351
EliminatedValue,11,11,2,0,Folkemengden etter administrativ bydel og alder 2008-2019,2019,Bydel Stovner,1-2 år,Personer,795
EliminatedValue,11,11,3,0,Folkemengden etter administrativ bydel og alder 2008-2019,2019,Bydel Stovner,3-5 år,Personer,1242
EliminatedValue,11,11,4,0,Folkemengden etter administrativ bydel og alder 2008-2019,2019,Bydel Stovner,6-9 år,Personer,1710
EliminatedValue,11,11,5,0,Folkemengden etter administrativ bydel og alder 2008-2019,2019,Bydel Stovner,10-12 år,Personer,1330
EliminatedValue,11,11,6,0,Folkemengden etter administrativ bydel og alder 2008-2019,2019,Bydel Stovner,13-15 år,Personer,1392
EliminatedValue,11,11,7,0,Folkemengden etter administrativ bydel og alder 2008-2019,2019,Bydel Stovner,16-17 år,Personer,923
EliminatedValue,11,11,8,0,Folkemengden etter administrativ bydel og alder 2008-2019,2019,Bydel Stovner,18-19 år,Personer,976
EliminatedValue,11,11,9,0,Folkemengden etter administrativ bydel og alder 2008-2019,2019,Bydel Stovner,20-22 år,Personer,1328
EliminatedValue,11,11,10,0,Folkemengden etter administrativ bydel og alder 2008-2019,2019,Bydel Stovner,23-24 år,Personer,824
EliminatedValue,11,11,11,0,Folkemengden etter administrativ bydel og alder 2008-2019,2019,Bydel Stovner,25-29 år,Personer,2086
EliminatedValue,11,11,12,0,Folkemengden etter administrativ bydel og alder 2008-2019,2019,Bydel Stovner,30-39 år,Personer,4409
EliminatedValue,11,11,13,0,Folkemengden etter administrativ bydel og alder 2008-2019,2019,Bydel Stovner,40-49 år,Personer,4728
EliminatedValue,11,11,14,0,Folkemengden etter administrativ bydel og alder 2008-2019,2019,Bydel Stovner,50-66 år,Personer,6323
EliminatedValue,11,11,15,0,Folkemengden etter administrativ bydel og alder 2008-2019,2019,Bydel Stovner,67-74 år,Personer,2301
EliminatedValue,11,11,16,0,Folkemengden etter administrativ bydel og alder 2008-2019,2019,Bydel Stovner,75-79 år,Personer,1006
EliminatedValue,11,11,17,0,Folkemengden etter administrativ bydel og alder 2008-2019,2019,Bydel Stovner,80-84 år,Personer,594
EliminatedValue,11,11,18,0,Folkemengden etter administrativ bydel og alder 2008-2019,2019,Bydel Stovner,85-89 år,Personer,358
EliminatedValue,11,11,19,0,Folkemengden etter administrativ bydel og alder 2008-2019,2019,Bydel Stovner,90 år +,Personer,163
EliminatedValue,11,12,0,0,Folkemengden etter administrativ bydel og alder 2008-2019,2019,Bydel Alna,Alder i alt,Personer,49507
EliminatedValue,11,12,1,0,Folkemengden etter administrativ bydel og alder 2008-2019,2019,Bydel Alna,0 år,Personer,639
EliminatedValue,11,12,2,0,Folkemengden etter administrativ bydel og alder 2008-2019,2019,Bydel Alna,1-2 år,Personer,1339
EliminatedValue,11,12,3,0,Folkemengden etter administrativ bydel og alder 2008-2019,2019,Bydel Alna,3-5 år,Personer,1962
EliminatedValue,11,12,4,0,Folkemengden etter administrativ bydel og alder 2008-2019,2019,Bydel Alna,6-9 år,Personer,2512
EliminatedValue,11,12,5,0,Folkemengden etter administrativ bydel og alder 2008-2019,2019,Bydel Alna,10-12 år,Personer,1726
EliminatedValue,11,12,6,0,Folkemengden etter administrativ bydel og alder 2008-2019,2019,Bydel Alna,13-15 år,Personer,1744
EliminatedValue,11,12,7,0,Folkemengden etter administrativ bydel og alder 2008-2019,2019,Bydel Alna,16-17 år,Personer,1093
EliminatedValue,11,12,8,0,Folkemengden etter administrativ bydel og alder 2008-2019,2019,Bydel Alna,18-19 år,Personer,1108
EliminatedValue,11,12,9,0,Folkemengden etter administrativ bydel og alder 2008-2019,2019,Bydel Alna,20-22 år,Personer,1567
EliminatedValue,11,12,10,0,Folkemengden etter administrativ bydel og alder 2008-2019,2019,Bydel Alna,23-24 år,Personer,1216
EliminatedValue,11,12,11,0,Folkemengden etter administrativ bydel og alder 2008-2019,2019,Bydel Alna,25-29 år,Personer,3860
EliminatedValue,11,12,12,0,Folkemengden etter administrativ bydel og alder 2008-2019,2019,Bydel Alna,30-39 år,Personer,8267
EliminatedValue,11,12,13,0,Folkemengden etter administrativ bydel og alder 2008-2019,2019,Bydel Alna,40-49 år,Personer,6946
EliminatedValue,11,12,14,0,Folkemengden etter administrativ bydel og alder 2008-2019,2019,Bydel Alna,50-66 år,Personer,9376
EliminatedValue,11,12,15,0,Folkemengden etter administrativ bydel og alder 2008-2019,2019,Bydel Alna,67-74 år,Personer,3328
EliminatedValue,11,12,16,0,Folkemengden etter administrativ bydel og alder 2008-2019,2019,Bydel Alna,75-79 år,Personer,1239
EliminatedValue,11,12,17,0,Folkemengden etter administrativ bydel og alder 2008-2019,2019,Bydel Alna,80-84 år,Personer,728
EliminatedValue,11,12,18,0,Folkemengden etter administrativ bydel og alder 2008-2019,2019,Bydel Alna,85-89 år,Personer,537
EliminatedValue,11,12,19,0,Folkemengden etter administrativ bydel og alder 2008-2019,2019,Bydel Alna,90 år +,Personer,320
EliminatedValue,11,13,0,0,Folkemengden etter administrativ bydel og alder 2008-2019,2019,Bydel Østensjø,Alder i alt,Personer,50580
EliminatedValue,11,13,1,0,Folkemengden etter administrativ bydel og alder 2008-2019,2019,Bydel Østensjø,0 år,Personer,611
EliminatedValue,11,13,2,0,Folkemengden etter administrativ bydel og alder 2008-2019,2019,Bydel Østensjø,1-2 år,Personer,1280
EliminatedValue,11,13,3,0,Folkemengden etter administrativ bydel og alder 2008-2019,2019,Bydel Østensjø,3-5 år,Personer,1975
EliminatedValue,11,13,4,0,Folkemengden etter administrativ bydel og alder 2008-2019,2019,Bydel Østensjø,6-9 år,Personer,2818
EliminatedValue,11,13,5,0,Folkemengden etter administrativ bydel og alder 2008-2019,2019,Bydel Østensjø,10-12 år,Personer,1959
EliminatedValue,11,13,6,0,Folkemengden etter administrativ bydel og alder 2008-2019,2019,Bydel Østensjø,13-15 år,Personer,1740
EliminatedValue,11,13,7,0,Folkemengden etter administrativ bydel og alder 2008-2019,2019,Bydel Østensjø,16-17 år,Personer,990
EliminatedValue,11,13,8,0,Folkemengden etter administrativ bydel og alder 2008-2019,2019,Bydel Østensjø,18-19 år,Personer,1072
EliminatedValue,11,13,9,0,Folkemengden etter administrativ bydel og alder 2008-2019,2019,Bydel Østensjø,20-22 år,Personer,1367
EliminatedValue,11,13,10,0,Folkemengden etter administrativ bydel og alder 2008-2019,2019,Bydel Østensjø,23-24 år,Personer,945
EliminatedValue,11,13,11,0,Folkemengden etter administrativ bydel og alder 2008-2019,2019,Bydel Østensjø,25-29 år,Personer,3365
EliminatedValue,11,13,12,0,Folkemengden etter administrativ bydel og alder 2008-2019,2019,Bydel Østensjø,30-39 år,Personer,7783
EliminatedValue,11,13,13,0,Folkemengden etter administrativ bydel og alder 2008-2019,2019,Bydel Østensjø,40-49 år,Personer,7909
EliminatedValue,11,13,14,0,Folkemengden etter administrativ bydel og alder 2008-2019,2019,Bydel Østensjø,50-66 år,Personer,9910
EliminatedValue,11,13,15,0,Folkemengden etter administrativ bydel og alder 2008-2019,2019,Bydel Østensjø,67-74 år,Personer,2892
EliminatedValue,11,13,16,0,Folkemengden etter administrativ bydel og alder 2008-2019,2019,Bydel Østensjø,75-79 år,Personer,1175
EliminatedValue,11,13,17,0,Folkemengden etter administrativ bydel og alder 2008-2019,2019,Bydel Østensjø,80-84 år,Personer,1180
EliminatedValue,11,13,18,0,Folkemengden etter administrativ bydel og alder 2008-2019,2019,Bydel Østensjø,85-89 år,Personer,989
EliminatedValue,11,13,19,0,Folkemengden etter administrativ bydel og alder 2008-2019,2019,Bydel Østensjø,90 år +,Personer,620
EliminatedValue,11,14,0,0,Folkemengden etter administrativ bydel og alder 2008-2019,2019,Bydel Nordstrand,Alder i alt,Personer,51952
EliminatedValue,11,14,1,0,Folkemengden etter administrativ bydel og alder 2008-2019,2019,Bydel Nordstrand,0 år,Personer,564
EliminatedValue,11,14,2,0,Folkemengden etter administrativ bydel og alder 2008-2019,2019,Bydel Nordstrand,1-2 år,Personer,1274
EliminatedValue,11,14,3,0,Folkemengden etter administrativ bydel og alder 2008-2019,2019,Bydel Nordstrand,3-5 år,Personer,1992
EliminatedValue,11,14,4,0,Folkemengden etter administrativ bydel og alder 2008-2019,2019,Bydel Nordstrand,6-9 år,Personer,2802
EliminatedValue,11,14,5,0,Folkemengden etter administrativ bydel og alder 2008-2019,2019,Bydel Nordstrand,10-12 år,Personer,2057
EliminatedValue,11,14,6,0,Folkemengden etter administrativ bydel og alder 2008-2019,2019,Bydel Nordstrand,13-15 år,Personer,1901
EliminatedValue,11,14,7,0,Folkemengden etter administrativ bydel og alder 2008-2019,2019,Bydel Nordstrand,16-17 år,Personer,1151
EliminatedValue,11,14,8,0,Folkemengden etter administrativ bydel og alder 2008-2019,2019,Bydel Nordstrand,18-19 år,Personer,1180
EliminatedValue,11,14,9,0,Folkemengden etter administrativ bydel og alder 2008-2019,2019,Bydel Nordstrand,20-22 år,Personer,1555
EliminatedValue,11,14,10,0,Folkemengden etter administrativ bydel og alder 2008-2019,2019,Bydel Nordstrand,23-24 år,Personer,1099
EliminatedValue,11,14,11,0,Folkemengden etter administrativ bydel og alder 2008-2019,2019,Bydel Nordstrand,25-29 år,Personer,3145
EliminatedValue,11,14,12,0,Folkemengden etter administrativ bydel og alder 2008-2019,2019,Bydel Nordstrand,30-39 år,Personer,7183
EliminatedValue,11,14,13,0,Folkemengden etter administrativ bydel og alder 2008-2019,2019,Bydel Nordstrand,40-49 år,Personer,7993
EliminatedValue,11,14,14,0,Folkemengden etter administrativ bydel og alder 2008-2019,2019,Bydel Nordstrand,50-66 år,Personer,10460
EliminatedValue,11,14,15,0,Folkemengden etter administrativ bydel og alder 2008-2019,2019,Bydel Nordstrand,67-74 år,Personer,3712
EliminatedValue,11,14,16,0,Folkemengden etter administrativ bydel og alder 2008-2019,2019,Bydel Nordstrand,75-79 år,Personer,1458
EliminatedValue,11,14,17,0,Folkemengden etter administrativ bydel og alder 2008-2019,2019,Bydel Nordstrand,80-84 år,Personer,1002
EliminatedValue,11,14,18,0,Folkemengden etter administrativ bydel og alder 2008-2019,2019,Bydel Nordstrand,85-89 år,Personer,777
EliminatedValue,11,14,19,0,Folkemengden etter administrativ bydel og alder 2008-2019,2019,Bydel Nordstrand,90 år +,Personer,647
EliminatedValue,11,15,0,0,Folkemengden etter administrativ bydel og alder 2008-2019,2019,Bydel Søndre Nordstrand,Alder i alt,Personer,38847
EliminatedValue,11,15,1,0,Folkemengden etter administrativ bydel og alder 2008-2019,2019,Bydel Søndre Nordstrand,0 år,Personer,459
EliminatedValue,11,15,2,0,Folkemengden etter administrativ bydel og alder 2008-2019,2019,Bydel Søndre Nordstrand,1-2 år,Personer,1090
EliminatedValue,11,15,3,0,Folkemengden etter administrativ bydel og alder 2008-2019,2019,Bydel Søndre Nordstrand,3-5 år,Personer,1615
EliminatedValue,11,15,4,0,Folkemengden etter administrativ bydel og alder 2008-2019,2019,Bydel Søndre Nordstrand,6-9 år,Personer,2314
EliminatedValue,11,15,5,0,Folkemengden etter administrativ bydel og alder 2008-2019,2019,Bydel Søndre Nordstrand,10-12 år,Personer,1723
EliminatedValue,11,15,6,0,Folkemengden etter administrativ bydel og alder 2008-2019,2019,Bydel Søndre Nordstrand,13-15 år,Personer,1684
EliminatedValue,11,15,7,0,Folkemengden etter administrativ bydel og alder 2008-2019,2019,Bydel Søndre Nordstrand,16-17 år,Personer,1132
EliminatedValue,11,15,8,0,Folkemengden etter administrativ bydel og alder 2008-2019,2019,Bydel Søndre Nordstrand,18-19 år,Personer,1145
EliminatedValue,11,15,9,0,Folkemengden etter administrativ bydel og alder 2008-2019,2019,Bydel Søndre Nordstrand,20-22 år,Personer,1470
EliminatedValue,11,15,10,0,Folkemengden etter administrativ bydel og alder 2008-2019,2019,Bydel Søndre Nordstrand,23-24 år,Personer,968
EliminatedValue,11,15,11,0,Folkemengden etter administrativ bydel og alder 2008-2019,2019,Bydel Søndre Nordstrand,25-29 år,Personer,2420
EliminatedValue,11,15,12,0,Folkemengden etter administrativ bydel og alder 2008-2019,2019,Bydel Søndre Nordstrand,30-39 år,Personer,5782
EliminatedValue,11,15,13,0,Folkemengden etter administrativ bydel og alder 2008-2019,2019,Bydel Søndre Nordstrand,40-49 år,Personer,5504
EliminatedValue,11,15,14,0,Folkemengden etter administrativ bydel og alder 2008-2019,2019,Bydel Søndre Nordstrand,50-66 år,Personer,8057
EliminatedValue,11,15,15,0,Folkemengden etter administrativ bydel og alder 2008-2019,2019,Bydel Søndre Nordstrand,67-74 år,Personer,2138
EliminatedValue,11,15,16,0,Folkemengden etter administrativ bydel og alder 2008-2019,2019,Bydel Søndre Nordstrand,75-79 år,Personer,687
EliminatedValue,11,15,17,0,Folkemengden etter administrativ bydel og alder 2008-2019,2019,Bydel Søndre Nordstrand,80-84 år,Personer,323
EliminatedValue,11,15,18,0,Folkemengden etter administrativ bydel og alder 2008-2019,2019,Bydel Søndre Nordstrand,85-89 år,Personer,209
EliminatedValue,11,15,19,0,Folkemengden etter administrativ bydel og alder 2008-2019,2019,Bydel Søndre Nordstrand,90 år +,Personer,127
