Konsumgrp_kode,ContentsCode_kode,Tid_kode,Konsumgrp_navn,ContentsCode_navn,Tid_navn,verdi
TOTAL,KpiIndMnd,1979M01,Totalindeks,Konsumprisindeks (2015=100),1979M01,25.3
TOTAL,KpiIndMnd,1979M02,Totalindeks,Konsumprisindeks (2015=100),1979M02,25.4
TOTAL,KpiIndMnd,1979M03,Totalindeks,Konsumprisindeks (2015=100),1979M03,25.5
TOTAL,KpiIndMnd,1979M04,Totalindeks,Konsumprisindeks (2015=100),1979M04,25.6
TOTAL,KpiIndMnd,1979M05,Totalindeks,Konsumprisindeks (2015=100),1979M05,25.7
TOTAL,KpiIndMnd,1979M06,Totalindeks,Konsumprisindeks (2015=100),1979M06,25.8
TOTAL,KpiIndMnd,1979M07,Totalindeks,Konsumprisindeks (2015=100),1979M07,26
TOTAL,KpiIndMnd,1979M08,Totalindeks,Konsumprisindeks (2015=100),1979M08,26
TOTAL,KpiIndMnd,1979M09,Totalindeks,Konsumprisindeks (2015=100),1979M09,26.1
TOTAL,KpiIndMnd,1979M10,Totalindeks,Konsumprisindeks (2015=100),1979M10,26.3
TOTAL,KpiIndMnd,1979M11,Totalindeks,Konsumprisindeks (2015=100),1979M11,26.5
TOTAL,KpiIndMnd,1979M12,Totalindeks,Konsumprisindeks (2015=100),1979M12,26.5
TOTAL,KpiIndMnd,1980M01,Totalindeks,Konsumprisindeks (2015=100),1980M01,26.9
TOTAL,KpiIndMnd,1980M02,Totalindeks,Konsumprisindeks (2015=100),1980M02,27.4
TOTAL,KpiIndMnd,1980M03,Totalindeks,Konsumprisindeks (2015=100),1980M03,27.8
TOTAL,KpiIndMnd,1980M04,Totalindeks,Konsumprisindeks (2015=100),1980M04,28
TOTAL,KpiIndMnd,1980M05,Totalindeks,Konsumprisindeks (2015=100),1980M05,28.3
TOTAL,KpiIndMnd,1980M06,Totalindeks,Konsumprisindeks (2015=100),1980M06,28.7
TOTAL,KpiIndMnd,1980M07,Totalindeks,Konsumprisindeks (2015=100),1980M07,29
TOTAL,KpiIndMnd,1980M08,Totalindeks,Konsumprisindeks (2015=100),1980M08,29.2
TOTAL,KpiIndMnd,1980M09,Totalindeks,Konsumprisindeks (2015=100),1980M09,29.5
TOTAL,KpiIndMnd,1980M10,Totalindeks,Konsumprisindeks (2015=100),1980M10,29.7
TOTAL,KpiIndMnd,1980M11,Totalindeks,Konsumprisindeks (2015=100),1980M11,29.9
TOTAL,KpiIndMnd,1980M12,Totalindeks,Konsumprisindeks (2015=100),1980M12,30.1
TOTAL,KpiIndMnd,1981M01,Totalindeks,Konsumprisindeks (2015=100),1981M01,31
TOTAL,KpiIndMnd,1981M02,Totalindeks,Konsumprisindeks (2015=100),1981M02,31.3
TOTAL,KpiIndMnd,1981M03,Totalindeks,Konsumprisindeks (2015=100),1981M03,31.9
TOTAL,KpiIndMnd,1981M04,Totalindeks,Konsumprisindeks (2015=100),1981M04,32.1
TOTAL,KpiIndMnd,1981M05,Totalindeks,Konsumprisindeks (2015=100),1981M05,32.2
TOTAL,KpiIndMnd,1981M06,Totalindeks,Konsumprisindeks (2015=100),1981M06,32.6
TOTAL,KpiIndMnd,1981M07,Totalindeks,Konsumprisindeks (2015=100),1981M07,33.1
TOTAL,KpiIndMnd,1981M08,Totalindeks,Konsumprisindeks (2015=100),1981M08,33.1
TOTAL,KpiIndMnd,1981M09,Totalindeks,Konsumprisindeks (2015=100),1981M09,33.4
TOTAL,KpiIndMnd,1981M10,Totalindeks,Konsumprisindeks (2015=100),1981M10,33.5
TOTAL,KpiIndMnd,1981M11,Totalindeks,Konsumprisindeks (2015=100),1981M11,33.6
TOTAL,KpiIndMnd,1981M12,Totalindeks,Konsumprisindeks (2015=100),1981M12,33.7
TOTAL,KpiIndMnd,1982M01,Totalindeks,Konsumprisindeks (2015=100),1982M01,34.8
TOTAL,KpiIndMnd,1982M02,Totalindeks,Konsumprisindeks (2015=100),1982M02,35
TOTAL,KpiIndMnd,1982M03,Totalindeks,Konsumprisindeks (2015=100),1982M03,35.6
TOTAL,KpiIndMnd,1982M04,Totalindeks,Konsumprisindeks (2015=100),1982M04,35.7
TOTAL,KpiIndMnd,1982M05,Totalindeks,Konsumprisindeks (2015=100),1982M05,35.8
TOTAL,KpiIndMnd,1982M06,Totalindeks,Konsumprisindeks (2015=100),1982M06,36.1
TOTAL,KpiIndMnd,1982M07,Totalindeks,Konsumprisindeks (2015=100),1982M07,36.7
TOTAL,KpiIndMnd,1982M08,Totalindeks,Konsumprisindeks (2015=100),1982M08,36.7
TOTAL,KpiIndMnd,1982M09,Totalindeks,Konsumprisindeks (2015=100),1982M09,37
TOTAL,KpiIndMnd,1982M10,Totalindeks,Konsumprisindeks (2015=100),1982M10,37.3
TOTAL,KpiIndMnd,1982M11,Totalindeks,Konsumprisindeks (2015=100),1982M11,37.5
TOTAL,KpiIndMnd,1982M12,Totalindeks,Konsumprisindeks (2015=100),1982M12,37.7
TOTAL,KpiIndMnd,1983M01,Totalindeks,Konsumprisindeks (2015=100),1983M01,38.3
TOTAL,KpiIndMnd,1983M02,Totalindeks,Konsumprisindeks (2015=100),1983M02,38.5
TOTAL,KpiIndMnd,1983M03,Totalindeks,Konsumprisindeks (2015=100),1983M03,38.9
TOTAL,KpiIndMnd,1983M04,Totalindeks,Konsumprisindeks (2015=100),1983M04,39
TOTAL,KpiIndMnd,1983M05,Totalindeks,Konsumprisindeks (2015=100),1983M05,39.1
TOTAL,KpiIndMnd,1983M06,Totalindeks,Konsumprisindeks (2015=100),1983M06,39.3
TOTAL,KpiIndMnd,1983M07,Totalindeks,Konsumprisindeks (2015=100),1983M07,39.6
TOTAL,KpiIndMnd,1983M08,Totalindeks,Konsumprisindeks (2015=100),1983M08,39.5
TOTAL,KpiIndMnd,1983M09,Totalindeks,Konsumprisindeks (2015=100),1983M09,39.9
TOTAL,KpiIndMnd,1983M10,Totalindeks,Konsumprisindeks (2015=100),1983M10,40.1
TOTAL,KpiIndMnd,1983M11,Totalindeks,Konsumprisindeks (2015=100),1983M11,40.2
TOTAL,KpiIndMnd,1983M12,Totalindeks,Konsumprisindeks (2015=100),1983M12,40.4
TOTAL,KpiIndMnd,1984M01,Totalindeks,Konsumprisindeks (2015=100),1984M01,40.7
TOTAL,KpiIndMnd,1984M02,Totalindeks,Konsumprisindeks (2015=100),1984M02,40.9
TOTAL,KpiIndMnd,1984M03,Totalindeks,Konsumprisindeks (2015=100),1984M03,41.4
TOTAL,KpiIndMnd,1984M04,Totalindeks,Konsumprisindeks (2015=100),1984M04,41.6
TOTAL,KpiIndMnd,1984M05,Totalindeks,Konsumprisindeks (2015=100),1984M05,41.6
TOTAL,KpiIndMnd,1984M06,Totalindeks,Konsumprisindeks (2015=100),1984M06,41.8
TOTAL,KpiIndMnd,1984M07,Totalindeks,Konsumprisindeks (2015=100),1984M07,42
TOTAL,KpiIndMnd,1984M08,Totalindeks,Konsumprisindeks (2015=100),1984M08,42
TOTAL,KpiIndMnd,1984M09,Totalindeks,Konsumprisindeks (2015=100),1984M09,42.3
TOTAL,KpiIndMnd,1984M10,Totalindeks,Konsumprisindeks (2015=100),1984M10,42.5
TOTAL,KpiIndMnd,1984M11,Totalindeks,Konsumprisindeks (2015=100),1984M11,42.6
TOTAL,KpiIndMnd,1984M12,Totalindeks,Konsumprisindeks (2015=100),1984M12,42.8
TOTAL,KpiIndMnd,1985M01,Totalindeks,Konsumprisindeks (2015=100),1985M01,43.1
TOTAL,KpiIndMnd,1985M02,Totalindeks,Konsumprisindeks (2015=100),1985M02,43.2
TOTAL,KpiIndMnd,1985M03,Totalindeks,Konsumprisindeks (2015=100),1985M03,43.7
TOTAL,KpiIndMnd,1985M04,Totalindeks,Konsumprisindeks (2015=100),1985M04,43.9
TOTAL,KpiIndMnd,1985M05,Totalindeks,Konsumprisindeks (2015=100),1985M05,44
TOTAL,KpiIndMnd,1985M06,Totalindeks,Konsumprisindeks (2015=100),1985M06,44.3
TOTAL,KpiIndMnd,1985M07,Totalindeks,Konsumprisindeks (2015=100),1985M07,44.5
TOTAL,KpiIndMnd,1985M08,Totalindeks,Konsumprisindeks (2015=100),1985M08,44.3
TOTAL,KpiIndMnd,1985M09,Totalindeks,Konsumprisindeks (2015=100),1985M09,44.8
TOTAL,KpiIndMnd,1985M10,Totalindeks,Konsumprisindeks (2015=100),1985M10,44.9
TOTAL,KpiIndMnd,1985M11,Totalindeks,Konsumprisindeks (2015=100),1985M11,45
TOTAL,KpiIndMnd,1985M12,Totalindeks,Konsumprisindeks (2015=100),1985M12,45.2
TOTAL,KpiIndMnd,1986M01,Totalindeks,Konsumprisindeks (2015=100),1986M01,45.6
TOTAL,KpiIndMnd,1986M02,Totalindeks,Konsumprisindeks (2015=100),1986M02,45.8
TOTAL,KpiIndMnd,1986M03,Totalindeks,Konsumprisindeks (2015=100),1986M03,46.1
TOTAL,KpiIndMnd,1986M04,Totalindeks,Konsumprisindeks (2015=100),1986M04,46.4
TOTAL,KpiIndMnd,1986M05,Totalindeks,Konsumprisindeks (2015=100),1986M05,46.5
TOTAL,KpiIndMnd,1986M06,Totalindeks,Konsumprisindeks (2015=100),1986M06,47.3
TOTAL,KpiIndMnd,1986M07,Totalindeks,Konsumprisindeks (2015=100),1986M07,47.8
TOTAL,KpiIndMnd,1986M08,Totalindeks,Konsumprisindeks (2015=100),1986M08,47.9
TOTAL,KpiIndMnd,1986M09,Totalindeks,Konsumprisindeks (2015=100),1986M09,48.6
TOTAL,KpiIndMnd,1986M10,Totalindeks,Konsumprisindeks (2015=100),1986M10,48.8
TOTAL,KpiIndMnd,1986M11,Totalindeks,Konsumprisindeks (2015=100),1986M11,49
TOTAL,KpiIndMnd,1986M12,Totalindeks,Konsumprisindeks (2015=100),1986M12,49.2
TOTAL,KpiIndMnd,1987M01,Totalindeks,Konsumprisindeks (2015=100),1987M01,49.9
TOTAL,KpiIndMnd,1987M02,Totalindeks,Konsumprisindeks (2015=100),1987M02,50.4
TOTAL,KpiIndMnd,1987M03,Totalindeks,Konsumprisindeks (2015=100),1987M03,50.9
TOTAL,KpiIndMnd,1987M04,Totalindeks,Konsumprisindeks (2015=100),1987M04,51.1
TOTAL,KpiIndMnd,1987M05,Totalindeks,Konsumprisindeks (2015=100),1987M05,51.2
TOTAL,KpiIndMnd,1987M06,Totalindeks,Konsumprisindeks (2015=100),1987M06,51.5
TOTAL,KpiIndMnd,1987M07,Totalindeks,Konsumprisindeks (2015=100),1987M07,51.6
TOTAL,KpiIndMnd,1987M08,Totalindeks,Konsumprisindeks (2015=100),1987M08,51.7
TOTAL,KpiIndMnd,1987M09,Totalindeks,Konsumprisindeks (2015=100),1987M09,52.4
TOTAL,KpiIndMnd,1987M10,Totalindeks,Konsumprisindeks (2015=100),1987M10,52.5
TOTAL,KpiIndMnd,1987M11,Totalindeks,Konsumprisindeks (2015=100),1987M11,52.6
TOTAL,KpiIndMnd,1987M12,Totalindeks,Konsumprisindeks (2015=100),1987M12,52.8
TOTAL,KpiIndMnd,1988M01,Totalindeks,Konsumprisindeks (2015=100),1988M01,53.5
TOTAL,KpiIndMnd,1988M02,Totalindeks,Konsumprisindeks (2015=100),1988M02,53.8
TOTAL,KpiIndMnd,1988M03,Totalindeks,Konsumprisindeks (2015=100),1988M03,54.6
TOTAL,KpiIndMnd,1988M04,Totalindeks,Konsumprisindeks (2015=100),1988M04,54.7
TOTAL,KpiIndMnd,1988M05,Totalindeks,Konsumprisindeks (2015=100),1988M05,54.8
TOTAL,KpiIndMnd,1988M06,Totalindeks,Konsumprisindeks (2015=100),1988M06,55.1
TOTAL,KpiIndMnd,1988M07,Totalindeks,Konsumprisindeks (2015=100),1988M07,55.1
TOTAL,KpiIndMnd,1988M08,Totalindeks,Konsumprisindeks (2015=100),1988M08,55.1
TOTAL,KpiIndMnd,1988M09,Totalindeks,Konsumprisindeks (2015=100),1988M09,55.8
TOTAL,KpiIndMnd,1988M10,Totalindeks,Konsumprisindeks (2015=100),1988M10,55.8
TOTAL,KpiIndMnd,1988M11,Totalindeks,Konsumprisindeks (2015=100),1988M11,55.8
TOTAL,KpiIndMnd,1988M12,Totalindeks,Konsumprisindeks (2015=100),1988M12,55.8
TOTAL,KpiIndMnd,1989M01,Totalindeks,Konsumprisindeks (2015=100),1989M01,56.2
TOTAL,KpiIndMnd,1989M02,Totalindeks,Konsumprisindeks (2015=100),1989M02,56.4
TOTAL,KpiIndMnd,1989M03,Totalindeks,Konsumprisindeks (2015=100),1989M03,56.9
TOTAL,KpiIndMnd,1989M04,Totalindeks,Konsumprisindeks (2015=100),1989M04,57.2
TOTAL,KpiIndMnd,1989M05,Totalindeks,Konsumprisindeks (2015=100),1989M05,57.4
TOTAL,KpiIndMnd,1989M06,Totalindeks,Konsumprisindeks (2015=100),1989M06,57.7
TOTAL,KpiIndMnd,1989M07,Totalindeks,Konsumprisindeks (2015=100),1989M07,57.8
TOTAL,KpiIndMnd,1989M08,Totalindeks,Konsumprisindeks (2015=100),1989M08,57.6
TOTAL,KpiIndMnd,1989M09,Totalindeks,Konsumprisindeks (2015=100),1989M09,58.1
TOTAL,KpiIndMnd,1989M10,Totalindeks,Konsumprisindeks (2015=100),1989M10,58.2
TOTAL,KpiIndMnd,1989M11,Totalindeks,Konsumprisindeks (2015=100),1989M11,58.2
TOTAL,KpiIndMnd,1989M12,Totalindeks,Konsumprisindeks (2015=100),1989M12,58.2
TOTAL,KpiIndMnd,1990M01,Totalindeks,Konsumprisindeks (2015=100),1990M01,58.6
TOTAL,KpiIndMnd,1990M02,Totalindeks,Konsumprisindeks (2015=100),1990M02,58.8
TOTAL,KpiIndMnd,1990M03,Totalindeks,Konsumprisindeks (2015=100),1990M03,59.5
TOTAL,KpiIndMnd,1990M04,Totalindeks,Konsumprisindeks (2015=100),1990M04,59.5
TOTAL,KpiIndMnd,1990M05,Totalindeks,Konsumprisindeks (2015=100),1990M05,59.6
TOTAL,KpiIndMnd,1990M06,Totalindeks,Konsumprisindeks (2015=100),1990M06,59.8
TOTAL,KpiIndMnd,1990M07,Totalindeks,Konsumprisindeks (2015=100),1990M07,59.9
TOTAL,KpiIndMnd,1990M08,Totalindeks,Konsumprisindeks (2015=100),1990M08,59.8
TOTAL,KpiIndMnd,1990M09,Totalindeks,Konsumprisindeks (2015=100),1990M09,60.4
TOTAL,KpiIndMnd,1990M10,Totalindeks,Konsumprisindeks (2015=100),1990M10,60.9
TOTAL,KpiIndMnd,1990M11,Totalindeks,Konsumprisindeks (2015=100),1990M11,60.9
TOTAL,KpiIndMnd,1990M12,Totalindeks,Konsumprisindeks (2015=100),1990M12,60.7
TOTAL,KpiIndMnd,1991M01,Totalindeks,Konsumprisindeks (2015=100),1991M01,61
TOTAL,KpiIndMnd,1991M02,Totalindeks,Konsumprisindeks (2015=100),1991M02,61.2
TOTAL,KpiIndMnd,1991M03,Totalindeks,Konsumprisindeks (2015=100),1991M03,61.6
TOTAL,KpiIndMnd,1991M04,Totalindeks,Konsumprisindeks (2015=100),1991M04,61.8
TOTAL,KpiIndMnd,1991M05,Totalindeks,Konsumprisindeks (2015=100),1991M05,61.9
TOTAL,KpiIndMnd,1991M06,Totalindeks,Konsumprisindeks (2015=100),1991M06,62
TOTAL,KpiIndMnd,1991M07,Totalindeks,Konsumprisindeks (2015=100),1991M07,62
TOTAL,KpiIndMnd,1991M08,Totalindeks,Konsumprisindeks (2015=100),1991M08,62
TOTAL,KpiIndMnd,1991M09,Totalindeks,Konsumprisindeks (2015=100),1991M09,62.4
TOTAL,KpiIndMnd,1991M10,Totalindeks,Konsumprisindeks (2015=100),1991M10,62.4
TOTAL,KpiIndMnd,1991M11,Totalindeks,Konsumprisindeks (2015=100),1991M11,62.4
TOTAL,KpiIndMnd,1991M12,Totalindeks,Konsumprisindeks (2015=100),1991M12,62.4
TOTAL,KpiIndMnd,1992M01,Totalindeks,Konsumprisindeks (2015=100),1992M01,62.4
TOTAL,KpiIndMnd,1992M02,Totalindeks,Konsumprisindeks (2015=100),1992M02,62.6
TOTAL,KpiIndMnd,1992M03,Totalindeks,Konsumprisindeks (2015=100),1992M03,63.1
TOTAL,KpiIndMnd,1992M04,Totalindeks,Konsumprisindeks (2015=100),1992M04,63.3
TOTAL,KpiIndMnd,1992M05,Totalindeks,Konsumprisindeks (2015=100),1992M05,63.4
TOTAL,KpiIndMnd,1992M06,Totalindeks,Konsumprisindeks (2015=100),1992M06,63.5
TOTAL,KpiIndMnd,1992M07,Totalindeks,Konsumprisindeks (2015=100),1992M07,63.6
TOTAL,KpiIndMnd,1992M08,Totalindeks,Konsumprisindeks (2015=100),1992M08,63.4
TOTAL,KpiIndMnd,1992M09,Totalindeks,Konsumprisindeks (2015=100),1992M09,63.7
TOTAL,KpiIndMnd,1992M10,Totalindeks,Konsumprisindeks (2015=100),1992M10,63.8
TOTAL,KpiIndMnd,1992M11,Totalindeks,Konsumprisindeks (2015=100),1992M11,63.8
TOTAL,KpiIndMnd,1992M12,Totalindeks,Konsumprisindeks (2015=100),1992M12,63.8
TOTAL,KpiIndMnd,1993M01,Totalindeks,Konsumprisindeks (2015=100),1993M01,64
TOTAL,KpiIndMnd,1993M02,Totalindeks,Konsumprisindeks (2015=100),1993M02,64.2
TOTAL,KpiIndMnd,1993M03,Totalindeks,Konsumprisindeks (2015=100),1993M03,64.8
TOTAL,KpiIndMnd,1993M04,Totalindeks,Konsumprisindeks (2015=100),1993M04,64.9
TOTAL,KpiIndMnd,1993M05,Totalindeks,Konsumprisindeks (2015=100),1993M05,64.9
TOTAL,KpiIndMnd,1993M06,Totalindeks,Konsumprisindeks (2015=100),1993M06,65
TOTAL,KpiIndMnd,1993M07,Totalindeks,Konsumprisindeks (2015=100),1993M07,64.9
TOTAL,KpiIndMnd,1993M08,Totalindeks,Konsumprisindeks (2015=100),1993M08,64.8
TOTAL,KpiIndMnd,1993M09,Totalindeks,Konsumprisindeks (2015=100),1993M09,65.1
TOTAL,KpiIndMnd,1993M10,Totalindeks,Konsumprisindeks (2015=100),1993M10,65.1
TOTAL,KpiIndMnd,1993M11,Totalindeks,Konsumprisindeks (2015=100),1993M11,65.1
TOTAL,KpiIndMnd,1993M12,Totalindeks,Konsumprisindeks (2015=100),1993M12,65
TOTAL,KpiIndMnd,1994M01,Totalindeks,Konsumprisindeks (2015=100),1994M01,64.9
TOTAL,KpiIndMnd,1994M02,Totalindeks,Konsumprisindeks (2015=100),1994M02,65.1
TOTAL,KpiIndMnd,1994M03,Totalindeks,Konsumprisindeks (2015=100),1994M03,65.4
TOTAL,KpiIndMnd,1994M04,Totalindeks,Konsumprisindeks (2015=100),1994M04,65.5
TOTAL,KpiIndMnd,1994M05,Totalindeks,Konsumprisindeks (2015=100),1994M05,65.5
TOTAL,KpiIndMnd,1994M06,Totalindeks,Konsumprisindeks (2015=100),1994M06,65.7
TOTAL,KpiIndMnd,1994M07,Totalindeks,Konsumprisindeks (2015=100),1994M07,65.8
TOTAL,KpiIndMnd,1994M08,Totalindeks,Konsumprisindeks (2015=100),1994M08,65.8
TOTAL,KpiIndMnd,1994M09,Totalindeks,Konsumprisindeks (2015=100),1994M09,66.2
TOTAL,KpiIndMnd,1994M10,Totalindeks,Konsumprisindeks (2015=100),1994M10,66.2
TOTAL,KpiIndMnd,1994M11,Totalindeks,Konsumprisindeks (2015=100),1994M11,66.2
TOTAL,KpiIndMnd,1994M12,Totalindeks,Konsumprisindeks (2015=100),1994M12,66.2
TOTAL,KpiIndMnd,1995M01,Totalindeks,Konsumprisindeks (2015=100),1995M01,66.6
TOTAL,KpiIndMnd,1995M02,Totalindeks,Konsumprisindeks (2015=100),1995M02,66.8
TOTAL,KpiIndMnd,1995M03,Totalindeks,Konsumprisindeks (2015=100),1995M03,67.2
TOTAL,KpiIndMnd,1995M04,Totalindeks,Konsumprisindeks (2015=100),1995M04,67.2
TOTAL,KpiIndMnd,1995M05,Totalindeks,Konsumprisindeks (2015=100),1995M05,67.3
TOTAL,KpiIndMnd,1995M06,Totalindeks,Konsumprisindeks (2015=100),1995M06,67.5
TOTAL,KpiIndMnd,1995M07,Totalindeks,Konsumprisindeks (2015=100),1995M07,67.4
TOTAL,KpiIndMnd,1995M08,Totalindeks,Konsumprisindeks (2015=100),1995M08,67.3
TOTAL,KpiIndMnd,1995M09,Totalindeks,Konsumprisindeks (2015=100),1995M09,67.7
TOTAL,KpiIndMnd,1995M10,Totalindeks,Konsumprisindeks (2015=100),1995M10,67.7
TOTAL,KpiIndMnd,1995M11,Totalindeks,Konsumprisindeks (2015=100),1995M11,67.6
TOTAL,KpiIndMnd,1995M12,Totalindeks,Konsumprisindeks (2015=100),1995M12,67.6
TOTAL,KpiIndMnd,1996M01,Totalindeks,Konsumprisindeks (2015=100),1996M01,67.3
TOTAL,KpiIndMnd,1996M02,Totalindeks,Konsumprisindeks (2015=100),1996M02,67.4
TOTAL,KpiIndMnd,1996M03,Totalindeks,Konsumprisindeks (2015=100),1996M03,67.7
TOTAL,KpiIndMnd,1996M04,Totalindeks,Konsumprisindeks (2015=100),1996M04,67.9
TOTAL,KpiIndMnd,1996M05,Totalindeks,Konsumprisindeks (2015=100),1996M05,68
TOTAL,KpiIndMnd,1996M06,Totalindeks,Konsumprisindeks (2015=100),1996M06,68.1
TOTAL,KpiIndMnd,1996M07,Totalindeks,Konsumprisindeks (2015=100),1996M07,68.3
TOTAL,KpiIndMnd,1996M08,Totalindeks,Konsumprisindeks (2015=100),1996M08,68.3
TOTAL,KpiIndMnd,1996M09,Totalindeks,Konsumprisindeks (2015=100),1996M09,68.6
TOTAL,KpiIndMnd,1996M10,Totalindeks,Konsumprisindeks (2015=100),1996M10,68.9
TOTAL,KpiIndMnd,1996M11,Totalindeks,Konsumprisindeks (2015=100),1996M11,68.8
TOTAL,KpiIndMnd,1996M12,Totalindeks,Konsumprisindeks (2015=100),1996M12,68.8
TOTAL,KpiIndMnd,1997M01,Totalindeks,Konsumprisindeks (2015=100),1997M01,69.3
TOTAL,KpiIndMnd,1997M02,Totalindeks,Konsumprisindeks (2015=100),1997M02,69.6
TOTAL,KpiIndMnd,1997M03,Totalindeks,Konsumprisindeks (2015=100),1997M03,69.7
TOTAL,KpiIndMnd,1997M04,Totalindeks,Konsumprisindeks (2015=100),1997M04,69.7
TOTAL,KpiIndMnd,1997M05,Totalindeks,Konsumprisindeks (2015=100),1997M05,69.8
TOTAL,KpiIndMnd,1997M06,Totalindeks,Konsumprisindeks (2015=100),1997M06,70
TOTAL,KpiIndMnd,1997M07,Totalindeks,Konsumprisindeks (2015=100),1997M07,69.9
TOTAL,KpiIndMnd,1997M08,Totalindeks,Konsumprisindeks (2015=100),1997M08,69.8
TOTAL,KpiIndMnd,1997M09,Totalindeks,Konsumprisindeks (2015=100),1997M09,70.2
TOTAL,KpiIndMnd,1997M10,Totalindeks,Konsumprisindeks (2015=100),1997M10,70.3
TOTAL,KpiIndMnd,1997M11,Totalindeks,Konsumprisindeks (2015=100),1997M11,70.4
TOTAL,KpiIndMnd,1997M12,Totalindeks,Konsumprisindeks (2015=100),1997M12,70.4
TOTAL,KpiIndMnd,1998M01,Totalindeks,Konsumprisindeks (2015=100),1998M01,70.7
TOTAL,KpiIndMnd,1998M02,Totalindeks,Konsumprisindeks (2015=100),1998M02,71
TOTAL,KpiIndMnd,1998M03,Totalindeks,Konsumprisindeks (2015=100),1998M03,71.4
TOTAL,KpiIndMnd,1998M04,Totalindeks,Konsumprisindeks (2015=100),1998M04,71.4
TOTAL,KpiIndMnd,1998M05,Totalindeks,Konsumprisindeks (2015=100),1998M05,71.3
TOTAL,KpiIndMnd,1998M06,Totalindeks,Konsumprisindeks (2015=100),1998M06,71.5
TOTAL,KpiIndMnd,1998M07,Totalindeks,Konsumprisindeks (2015=100),1998M07,71.5
TOTAL,KpiIndMnd,1998M08,Totalindeks,Konsumprisindeks (2015=100),1998M08,71.3
TOTAL,KpiIndMnd,1998M09,Totalindeks,Konsumprisindeks (2015=100),1998M09,71.9
TOTAL,KpiIndMnd,1998M10,Totalindeks,Konsumprisindeks (2015=100),1998M10,71.9
TOTAL,KpiIndMnd,1998M11,Totalindeks,Konsumprisindeks (2015=100),1998M11,72
TOTAL,KpiIndMnd,1998M12,Totalindeks,Konsumprisindeks (2015=100),1998M12,72.1
TOTAL,KpiIndMnd,1999M01,Totalindeks,Konsumprisindeks (2015=100),1999M01,72.4
TOTAL,KpiIndMnd,1999M02,Totalindeks,Konsumprisindeks (2015=100),1999M02,72.5
TOTAL,KpiIndMnd,1999M03,Totalindeks,Konsumprisindeks (2015=100),1999M03,73
TOTAL,KpiIndMnd,1999M04,Totalindeks,Konsumprisindeks (2015=100),1999M04,73.2
TOTAL,KpiIndMnd,1999M05,Totalindeks,Konsumprisindeks (2015=100),1999M05,73.1
TOTAL,KpiIndMnd,1999M06,Totalindeks,Konsumprisindeks (2015=100),1999M06,73.2
TOTAL,KpiIndMnd,1999M07,Totalindeks,Konsumprisindeks (2015=100),1999M07,73
TOTAL,KpiIndMnd,1999M08,Totalindeks,Konsumprisindeks (2015=100),1999M08,72.7
TOTAL,KpiIndMnd,1999M09,Totalindeks,Konsumprisindeks (2015=100),1999M09,73.4
TOTAL,KpiIndMnd,1999M10,Totalindeks,Konsumprisindeks (2015=100),1999M10,73.7
TOTAL,KpiIndMnd,1999M11,Totalindeks,Konsumprisindeks (2015=100),1999M11,74
TOTAL,KpiIndMnd,1999M12,Totalindeks,Konsumprisindeks (2015=100),1999M12,74.1
TOTAL,KpiIndMnd,2000M01,Totalindeks,Konsumprisindeks (2015=100),2000M01,74.5
TOTAL,KpiIndMnd,2000M02,Totalindeks,Konsumprisindeks (2015=100),2000M02,74.8
TOTAL,KpiIndMnd,2000M03,Totalindeks,Konsumprisindeks (2015=100),2000M03,74.9
TOTAL,KpiIndMnd,2000M04,Totalindeks,Konsumprisindeks (2015=100),2000M04,75.1
TOTAL,KpiIndMnd,2000M05,Totalindeks,Konsumprisindeks (2015=100),2000M05,75.2
TOTAL,KpiIndMnd,2000M06,Totalindeks,Konsumprisindeks (2015=100),2000M06,75.6
TOTAL,KpiIndMnd,2000M07,Totalindeks,Konsumprisindeks (2015=100),2000M07,75.3
TOTAL,KpiIndMnd,2000M08,Totalindeks,Konsumprisindeks (2015=100),2000M08,75.3
TOTAL,KpiIndMnd,2000M09,Totalindeks,Konsumprisindeks (2015=100),2000M09,76
TOTAL,KpiIndMnd,2000M10,Totalindeks,Konsumprisindeks (2015=100),2000M10,76
TOTAL,KpiIndMnd,2000M11,Totalindeks,Konsumprisindeks (2015=100),2000M11,76.4
TOTAL,KpiIndMnd,2000M12,Totalindeks,Konsumprisindeks (2015=100),2000M12,76.3
TOTAL,KpiIndMnd,2001M01,Totalindeks,Konsumprisindeks (2015=100),2001M01,76.9
TOTAL,KpiIndMnd,2001M02,Totalindeks,Konsumprisindeks (2015=100),2001M02,77.5
TOTAL,KpiIndMnd,2001M03,Totalindeks,Konsumprisindeks (2015=100),2001M03,77.7
TOTAL,KpiIndMnd,2001M04,Totalindeks,Konsumprisindeks (2015=100),2001M04,78
TOTAL,KpiIndMnd,2001M05,Totalindeks,Konsumprisindeks (2015=100),2001M05,78.4
TOTAL,KpiIndMnd,2001M06,Totalindeks,Konsumprisindeks (2015=100),2001M06,78.4
TOTAL,KpiIndMnd,2001M07,Totalindeks,Konsumprisindeks (2015=100),2001M07,77.4
TOTAL,KpiIndMnd,2001M08,Totalindeks,Konsumprisindeks (2015=100),2001M08,77.3
TOTAL,KpiIndMnd,2001M09,Totalindeks,Konsumprisindeks (2015=100),2001M09,77.7
TOTAL,KpiIndMnd,2001M10,Totalindeks,Konsumprisindeks (2015=100),2001M10,77.7
TOTAL,KpiIndMnd,2001M11,Totalindeks,Konsumprisindeks (2015=100),2001M11,77.7
TOTAL,KpiIndMnd,2001M12,Totalindeks,Konsumprisindeks (2015=100),2001M12,77.9
TOTAL,KpiIndMnd,2002M01,Totalindeks,Konsumprisindeks (2015=100),2002M01,78
TOTAL,KpiIndMnd,2002M02,Totalindeks,Konsumprisindeks (2015=100),2002M02,78.1
TOTAL,KpiIndMnd,2002M03,Totalindeks,Konsumprisindeks (2015=100),2002M03,78.4
TOTAL,KpiIndMnd,2002M04,Totalindeks,Konsumprisindeks (2015=100),2002M04,78.5
TOTAL,KpiIndMnd,2002M05,Totalindeks,Konsumprisindeks (2015=100),2002M05,78.7
TOTAL,KpiIndMnd,2002M06,Totalindeks,Konsumprisindeks (2015=100),2002M06,78.7
TOTAL,KpiIndMnd,2002M07,Totalindeks,Konsumprisindeks (2015=100),2002M07,78.6
TOTAL,KpiIndMnd,2002M08,Totalindeks,Konsumprisindeks (2015=100),2002M08,78.3
TOTAL,KpiIndMnd,2002M09,Totalindeks,Konsumprisindeks (2015=100),2002M09,78.8
TOTAL,KpiIndMnd,2002M10,Totalindeks,Konsumprisindeks (2015=100),2002M10,79.1
TOTAL,KpiIndMnd,2002M11,Totalindeks,Konsumprisindeks (2015=100),2002M11,79.4
TOTAL,KpiIndMnd,2002M12,Totalindeks,Konsumprisindeks (2015=100),2002M12,80
TOTAL,KpiIndMnd,2003M01,Totalindeks,Konsumprisindeks (2015=100),2003M01,81.9
TOTAL,KpiIndMnd,2003M02,Totalindeks,Konsumprisindeks (2015=100),2003M02,82
TOTAL,KpiIndMnd,2003M03,Totalindeks,Konsumprisindeks (2015=100),2003M03,81.4
TOTAL,KpiIndMnd,2003M04,Totalindeks,Konsumprisindeks (2015=100),2003M04,80.8
TOTAL,KpiIndMnd,2003M05,Totalindeks,Konsumprisindeks (2015=100),2003M05,80.3
TOTAL,KpiIndMnd,2003M06,Totalindeks,Konsumprisindeks (2015=100),2003M06,80.1
TOTAL,KpiIndMnd,2003M07,Totalindeks,Konsumprisindeks (2015=100),2003M07,79.8
TOTAL,KpiIndMnd,2003M08,Totalindeks,Konsumprisindeks (2015=100),2003M08,80
TOTAL,KpiIndMnd,2003M09,Totalindeks,Konsumprisindeks (2015=100),2003M09,80.4
TOTAL,KpiIndMnd,2003M10,Totalindeks,Konsumprisindeks (2015=100),2003M10,80.4
TOTAL,KpiIndMnd,2003M11,Totalindeks,Konsumprisindeks (2015=100),2003M11,80.5
TOTAL,KpiIndMnd,2003M12,Totalindeks,Konsumprisindeks (2015=100),2003M12,80.5
TOTAL,KpiIndMnd,2004M01,Totalindeks,Konsumprisindeks (2015=100),2004M01,80.4
TOTAL,KpiIndMnd,2004M02,Totalindeks,Konsumprisindeks (2015=100),2004M02,80.5
TOTAL,KpiIndMnd,2004M03,Totalindeks,Konsumprisindeks (2015=100),2004M03,80.9
TOTAL,KpiIndMnd,2004M04,Totalindeks,Konsumprisindeks (2015=100),2004M04,81
TOTAL,KpiIndMnd,2004M05,Totalindeks,Konsumprisindeks (2015=100),2004M05,81.1
TOTAL,KpiIndMnd,2004M06,Totalindeks,Konsumprisindeks (2015=100),2004M06,81.1
TOTAL,KpiIndMnd,2004M07,Totalindeks,Konsumprisindeks (2015=100),2004M07,81
TOTAL,KpiIndMnd,2004M08,Totalindeks,Konsumprisindeks (2015=100),2004M08,80.8
TOTAL,KpiIndMnd,2004M09,Totalindeks,Konsumprisindeks (2015=100),2004M09,81.3
TOTAL,KpiIndMnd,2004M10,Totalindeks,Konsumprisindeks (2015=100),2004M10,81.5
TOTAL,KpiIndMnd,2004M11,Totalindeks,Konsumprisindeks (2015=100),2004M11,81.5
TOTAL,KpiIndMnd,2004M12,Totalindeks,Konsumprisindeks (2015=100),2004M12,81.4
TOTAL,KpiIndMnd,2005M01,Totalindeks,Konsumprisindeks (2015=100),2005M01,81.2
TOTAL,KpiIndMnd,2005M02,Totalindeks,Konsumprisindeks (2015=100),2005M02,81.3
TOTAL,KpiIndMnd,2005M03,Totalindeks,Konsumprisindeks (2015=100),2005M03,81.7
TOTAL,KpiIndMnd,2005M04,Totalindeks,Konsumprisindeks (2015=100),2005M04,82.1
TOTAL,KpiIndMnd,2005M05,Totalindeks,Konsumprisindeks (2015=100),2005M05,82.4
TOTAL,KpiIndMnd,2005M06,Totalindeks,Konsumprisindeks (2015=100),2005M06,82.4
TOTAL,KpiIndMnd,2005M07,Totalindeks,Konsumprisindeks (2015=100),2005M07,82.2
TOTAL,KpiIndMnd,2005M08,Totalindeks,Konsumprisindeks (2015=100),2005M08,82.3
TOTAL,KpiIndMnd,2005M09,Totalindeks,Konsumprisindeks (2015=100),2005M09,82.9
TOTAL,KpiIndMnd,2005M10,Totalindeks,Konsumprisindeks (2015=100),2005M10,83
TOTAL,KpiIndMnd,2005M11,Totalindeks,Konsumprisindeks (2015=100),2005M11,83
TOTAL,KpiIndMnd,2005M12,Totalindeks,Konsumprisindeks (2015=100),2005M12,82.9
TOTAL,KpiIndMnd,2006M01,Totalindeks,Konsumprisindeks (2015=100),2006M01,82.7
TOTAL,KpiIndMnd,2006M02,Totalindeks,Konsumprisindeks (2015=100),2006M02,83.4
TOTAL,KpiIndMnd,2006M03,Totalindeks,Konsumprisindeks (2015=100),2006M03,83.6
TOTAL,KpiIndMnd,2006M04,Totalindeks,Konsumprisindeks (2015=100),2006M04,84.3
TOTAL,KpiIndMnd,2006M05,Totalindeks,Konsumprisindeks (2015=100),2006M05,84.3
TOTAL,KpiIndMnd,2006M06,Totalindeks,Konsumprisindeks (2015=100),2006M06,84.2
TOTAL,KpiIndMnd,2006M07,Totalindeks,Konsumprisindeks (2015=100),2006M07,83.9
TOTAL,KpiIndMnd,2006M08,Totalindeks,Konsumprisindeks (2015=100),2006M08,83.9
TOTAL,KpiIndMnd,2006M09,Totalindeks,Konsumprisindeks (2015=100),2006M09,85.1
TOTAL,KpiIndMnd,2006M10,Totalindeks,Konsumprisindeks (2015=100),2006M10,85.2
TOTAL,KpiIndMnd,2006M11,Totalindeks,Konsumprisindeks (2015=100),2006M11,85.1
TOTAL,KpiIndMnd,2006M12,Totalindeks,Konsumprisindeks (2015=100),2006M12,84.7
TOTAL,KpiIndMnd,2007M01,Totalindeks,Konsumprisindeks (2015=100),2007M01,83.7
TOTAL,KpiIndMnd,2007M02,Totalindeks,Konsumprisindeks (2015=100),2007M02,84
TOTAL,KpiIndMnd,2007M03,Totalindeks,Konsumprisindeks (2015=100),2007M03,84.5
TOTAL,KpiIndMnd,2007M04,Totalindeks,Konsumprisindeks (2015=100),2007M04,84.5
TOTAL,KpiIndMnd,2007M05,Totalindeks,Konsumprisindeks (2015=100),2007M05,84.6
TOTAL,KpiIndMnd,2007M06,Totalindeks,Konsumprisindeks (2015=100),2007M06,84.5
TOTAL,KpiIndMnd,2007M07,Totalindeks,Konsumprisindeks (2015=100),2007M07,84.3
TOTAL,KpiIndMnd,2007M08,Totalindeks,Konsumprisindeks (2015=100),2007M08,84.2
TOTAL,KpiIndMnd,2007M09,Totalindeks,Konsumprisindeks (2015=100),2007M09,84.8
TOTAL,KpiIndMnd,2007M10,Totalindeks,Konsumprisindeks (2015=100),2007M10,85
TOTAL,KpiIndMnd,2007M11,Totalindeks,Konsumprisindeks (2015=100),2007M11,86.4
TOTAL,KpiIndMnd,2007M12,Totalindeks,Konsumprisindeks (2015=100),2007M12,87.1
TOTAL,KpiIndMnd,2008M01,Totalindeks,Konsumprisindeks (2015=100),2008M01,86.7
TOTAL,KpiIndMnd,2008M02,Totalindeks,Konsumprisindeks (2015=100),2008M02,87.2
TOTAL,KpiIndMnd,2008M03,Totalindeks,Konsumprisindeks (2015=100),2008M03,87.2
TOTAL,KpiIndMnd,2008M04,Totalindeks,Konsumprisindeks (2015=100),2008M04,87.2
TOTAL,KpiIndMnd,2008M05,Totalindeks,Konsumprisindeks (2015=100),2008M05,87.2
TOTAL,KpiIndMnd,2008M06,Totalindeks,Konsumprisindeks (2015=100),2008M06,87.4
TOTAL,KpiIndMnd,2008M07,Totalindeks,Konsumprisindeks (2015=100),2008M07,87.9
TOTAL,KpiIndMnd,2008M08,Totalindeks,Konsumprisindeks (2015=100),2008M08,88
TOTAL,KpiIndMnd,2008M09,Totalindeks,Konsumprisindeks (2015=100),2008M09,89.3
TOTAL,KpiIndMnd,2008M10,Totalindeks,Konsumprisindeks (2015=100),2008M10,89.6
TOTAL,KpiIndMnd,2008M11,Totalindeks,Konsumprisindeks (2015=100),2008M11,89.1
TOTAL,KpiIndMnd,2008M12,Totalindeks,Konsumprisindeks (2015=100),2008M12,89
TOTAL,KpiIndMnd,2009M01,Totalindeks,Konsumprisindeks (2015=100),2009M01,88.7
TOTAL,KpiIndMnd,2009M02,Totalindeks,Konsumprisindeks (2015=100),2009M02,89.4
TOTAL,KpiIndMnd,2009M03,Totalindeks,Konsumprisindeks (2015=100),2009M03,89.4
TOTAL,KpiIndMnd,2009M04,Totalindeks,Konsumprisindeks (2015=100),2009M04,89.7
TOTAL,KpiIndMnd,2009M05,Totalindeks,Konsumprisindeks (2015=100),2009M05,89.9
TOTAL,KpiIndMnd,2009M06,Totalindeks,Konsumprisindeks (2015=100),2009M06,90.4
TOTAL,KpiIndMnd,2009M07,Totalindeks,Konsumprisindeks (2015=100),2009M07,89.9
TOTAL,KpiIndMnd,2009M08,Totalindeks,Konsumprisindeks (2015=100),2009M08,89.7
TOTAL,KpiIndMnd,2009M09,Totalindeks,Konsumprisindeks (2015=100),2009M09,90.4
TOTAL,KpiIndMnd,2009M10,Totalindeks,Konsumprisindeks (2015=100),2009M10,90.2
TOTAL,KpiIndMnd,2009M11,Totalindeks,Konsumprisindeks (2015=100),2009M11,90.5
TOTAL,KpiIndMnd,2009M12,Totalindeks,Konsumprisindeks (2015=100),2009M12,90.8
TOTAL,KpiIndMnd,2010M01,Totalindeks,Konsumprisindeks (2015=100),2010M01,90.9
TOTAL,KpiIndMnd,2010M02,Totalindeks,Konsumprisindeks (2015=100),2010M02,92
TOTAL,KpiIndMnd,2010M03,Totalindeks,Konsumprisindeks (2015=100),2010M03,92.5
TOTAL,KpiIndMnd,2010M04,Totalindeks,Konsumprisindeks (2015=100),2010M04,92.7
TOTAL,KpiIndMnd,2010M05,Totalindeks,Konsumprisindeks (2015=100),2010M05,92.2
TOTAL,KpiIndMnd,2010M06,Totalindeks,Konsumprisindeks (2015=100),2010M06,92.1
TOTAL,KpiIndMnd,2010M07,Totalindeks,Konsumprisindeks (2015=100),2010M07,91.6
TOTAL,KpiIndMnd,2010M08,Totalindeks,Konsumprisindeks (2015=100),2010M08,91.4
TOTAL,KpiIndMnd,2010M09,Totalindeks,Konsumprisindeks (2015=100),2010M09,92
TOTAL,KpiIndMnd,2010M10,Totalindeks,Konsumprisindeks (2015=100),2010M10,92.1
TOTAL,KpiIndMnd,2010M11,Totalindeks,Konsumprisindeks (2015=100),2010M11,92.3
TOTAL,KpiIndMnd,2010M12,Totalindeks,Konsumprisindeks (2015=100),2010M12,93.3
TOTAL,KpiIndMnd,2011M01,Totalindeks,Konsumprisindeks (2015=100),2011M01,92.7
TOTAL,KpiIndMnd,2011M02,Totalindeks,Konsumprisindeks (2015=100),2011M02,93.1
TOTAL,KpiIndMnd,2011M03,Totalindeks,Konsumprisindeks (2015=100),2011M03,93.4
TOTAL,KpiIndMnd,2011M04,Totalindeks,Konsumprisindeks (2015=100),2011M04,93.9
TOTAL,KpiIndMnd,2011M05,Totalindeks,Konsumprisindeks (2015=100),2011M05,93.7
TOTAL,KpiIndMnd,2011M06,Totalindeks,Konsumprisindeks (2015=100),2011M06,93.4
TOTAL,KpiIndMnd,2011M07,Totalindeks,Konsumprisindeks (2015=100),2011M07,93.1
TOTAL,KpiIndMnd,2011M08,Totalindeks,Konsumprisindeks (2015=100),2011M08,92.6
TOTAL,KpiIndMnd,2011M09,Totalindeks,Konsumprisindeks (2015=100),2011M09,93.4
TOTAL,KpiIndMnd,2011M10,Totalindeks,Konsumprisindeks (2015=100),2011M10,93.3
TOTAL,KpiIndMnd,2011M11,Totalindeks,Konsumprisindeks (2015=100),2011M11,93.3
TOTAL,KpiIndMnd,2011M12,Totalindeks,Konsumprisindeks (2015=100),2011M12,93.4
TOTAL,KpiIndMnd,2012M01,Totalindeks,Konsumprisindeks (2015=100),2012M01,93.2
TOTAL,KpiIndMnd,2012M02,Totalindeks,Konsumprisindeks (2015=100),2012M02,94.2
TOTAL,KpiIndMnd,2012M03,Totalindeks,Konsumprisindeks (2015=100),2012M03,94.1
TOTAL,KpiIndMnd,2012M04,Totalindeks,Konsumprisindeks (2015=100),2012M04,94.2
TOTAL,KpiIndMnd,2012M05,Totalindeks,Konsumprisindeks (2015=100),2012M05,94.2
TOTAL,KpiIndMnd,2012M06,Totalindeks,Konsumprisindeks (2015=100),2012M06,93.7
TOTAL,KpiIndMnd,2012M07,Totalindeks,Konsumprisindeks (2015=100),2012M07,93.3
TOTAL,KpiIndMnd,2012M08,Totalindeks,Konsumprisindeks (2015=100),2012M08,92.9
TOTAL,KpiIndMnd,2012M09,Totalindeks,Konsumprisindeks (2015=100),2012M09,93.9
TOTAL,KpiIndMnd,2012M10,Totalindeks,Konsumprisindeks (2015=100),2012M10,94.3
TOTAL,KpiIndMnd,2012M11,Totalindeks,Konsumprisindeks (2015=100),2012M11,94.4
TOTAL,KpiIndMnd,2012M12,Totalindeks,Konsumprisindeks (2015=100),2012M12,94.7
TOTAL,KpiIndMnd,2013M01,Totalindeks,Konsumprisindeks (2015=100),2013M01,94.5
TOTAL,KpiIndMnd,2013M02,Totalindeks,Konsumprisindeks (2015=100),2013M02,95.1
TOTAL,KpiIndMnd,2013M03,Totalindeks,Konsumprisindeks (2015=100),2013M03,95.4
TOTAL,KpiIndMnd,2013M04,Totalindeks,Konsumprisindeks (2015=100),2013M04,95.9
TOTAL,KpiIndMnd,2013M05,Totalindeks,Konsumprisindeks (2015=100),2013M05,96
TOTAL,KpiIndMnd,2013M06,Totalindeks,Konsumprisindeks (2015=100),2013M06,95.7
TOTAL,KpiIndMnd,2013M07,Totalindeks,Konsumprisindeks (2015=100),2013M07,96.1
TOTAL,KpiIndMnd,2013M08,Totalindeks,Konsumprisindeks (2015=100),2013M08,96
TOTAL,KpiIndMnd,2013M09,Totalindeks,Konsumprisindeks (2015=100),2013M09,96.4
TOTAL,KpiIndMnd,2013M10,Totalindeks,Konsumprisindeks (2015=100),2013M10,96.6
TOTAL,KpiIndMnd,2013M11,Totalindeks,Konsumprisindeks (2015=100),2013M11,96.7
TOTAL,KpiIndMnd,2013M12,Totalindeks,Konsumprisindeks (2015=100),2013M12,96.6
TOTAL,KpiIndMnd,2014M01,Totalindeks,Konsumprisindeks (2015=100),2014M01,96.6
TOTAL,KpiIndMnd,2014M02,Totalindeks,Konsumprisindeks (2015=100),2014M02,97.1
TOTAL,KpiIndMnd,2014M03,Totalindeks,Konsumprisindeks (2015=100),2014M03,97.3
TOTAL,KpiIndMnd,2014M04,Totalindeks,Konsumprisindeks (2015=100),2014M04,97.7
TOTAL,KpiIndMnd,2014M05,Totalindeks,Konsumprisindeks (2015=100),2014M05,97.8
TOTAL,KpiIndMnd,2014M06,Totalindeks,Konsumprisindeks (2015=100),2014M06,97.5
TOTAL,KpiIndMnd,2014M07,Totalindeks,Konsumprisindeks (2015=100),2014M07,98.3
TOTAL,KpiIndMnd,2014M08,Totalindeks,Konsumprisindeks (2015=100),2014M08,97.9
TOTAL,KpiIndMnd,2014M09,Totalindeks,Konsumprisindeks (2015=100),2014M09,98.5
TOTAL,KpiIndMnd,2014M10,Totalindeks,Konsumprisindeks (2015=100),2014M10,98.6
TOTAL,KpiIndMnd,2014M11,Totalindeks,Konsumprisindeks (2015=100),2014M11,98.6
TOTAL,KpiIndMnd,2014M12,Totalindeks,Konsumprisindeks (2015=100),2014M12,98.6
TOTAL,KpiIndMnd,2015M01,Totalindeks,Konsumprisindeks (2015=100),2015M01,98.6
TOTAL,KpiIndMnd,2015M02,Totalindeks,Konsumprisindeks (2015=100),2015M02,98.9
TOTAL,KpiIndMnd,2015M03,Totalindeks,Konsumprisindeks (2015=100),2015M03,99.2
TOTAL,KpiIndMnd,2015M04,Totalindeks,Konsumprisindeks (2015=100),2015M04,99.6
TOTAL,KpiIndMnd,2015M05,Totalindeks,Konsumprisindeks (2015=100),2015M05,99.8
TOTAL,KpiIndMnd,2015M06,Totalindeks,Konsumprisindeks (2015=100),2015M06,100.1
TOTAL,KpiIndMnd,2015M07,Totalindeks,Konsumprisindeks (2015=100),2015M07,100.1
TOTAL,KpiIndMnd,2015M08,Totalindeks,Konsumprisindeks (2015=100),2015M08,99.9
TOTAL,KpiIndMnd,2015M09,Totalindeks,Konsumprisindeks (2015=100),2015M09,100.6
TOTAL,KpiIndMnd,2015M10,Totalindeks,Konsumprisindeks (2015=100),2015M10,101
TOTAL,KpiIndMnd,2015M11,Totalindeks,Konsumprisindeks (2015=100),2015M11,101.3
TOTAL,KpiIndMnd,2015M12,Totalindeks,Konsumprisindeks (2015=100),2015M12,100.9
TOTAL,KpiIndMnd,2016M01,Totalindeks,Konsumprisindeks (2015=100),2016M01,101.5
TOTAL,KpiIndMnd,2016M02,Totalindeks,Konsumprisindeks (2015=100),2016M02,102.1
TOTAL,KpiIndMnd,2016M03,Totalindeks,Konsumprisindeks (2015=100),2016M03,102.5
TOTAL,KpiIndMnd,2016M04,Totalindeks,Konsumprisindeks (2015=100),2016M04,102.9
TOTAL,KpiIndMnd,2016M05,Totalindeks,Konsumprisindeks (2015=100),2016M05,103.2
TOTAL,KpiIndMnd,2016M06,Totalindeks,Konsumprisindeks (2015=100),2016M06,103.8
TOTAL,KpiIndMnd,2016M07,Totalindeks,Konsumprisindeks (2015=100),2016M07,104.5
TOTAL,KpiIndMnd,2016M08,Totalindeks,Konsumprisindeks (2015=100),2016M08,103.9
TOTAL,KpiIndMnd,2016M09,Totalindeks,Konsumprisindeks (2015=100),2016M09,104.2
TOTAL,KpiIndMnd,2016M10,Totalindeks,Konsumprisindeks (2015=100),2016M10,104.7
TOTAL,KpiIndMnd,2016M11,Totalindeks,Konsumprisindeks (2015=100),2016M11,104.9
TOTAL,KpiIndMnd,2016M12,Totalindeks,Konsumprisindeks (2015=100),2016M12,104.4
TOTAL,KpiIndMnd,2017M01,Totalindeks,Konsumprisindeks (2015=100),2017M01,104.3
TOTAL,KpiIndMnd,2017M02,Totalindeks,Konsumprisindeks (2015=100),2017M02,104.7
TOTAL,KpiIndMnd,2017M03,Totalindeks,Konsumprisindeks (2015=100),2017M03,105
TOTAL,KpiIndMnd,2017M04,Totalindeks,Konsumprisindeks (2015=100),2017M04,105.2
TOTAL,KpiIndMnd,2017M05,Totalindeks,Konsumprisindeks (2015=100),2017M05,105.4
TOTAL,KpiIndMnd,2017M06,Totalindeks,Konsumprisindeks (2015=100),2017M06,105.8
TOTAL,KpiIndMnd,2017M07,Totalindeks,Konsumprisindeks (2015=100),2017M07,106.1
TOTAL,KpiIndMnd,2017M08,Totalindeks,Konsumprisindeks (2015=100),2017M08,105.3
TOTAL,KpiIndMnd,2017M09,Totalindeks,Konsumprisindeks (2015=100),2017M09,105.9
TOTAL,KpiIndMnd,2017M10,Totalindeks,Konsumprisindeks (2015=100),2017M10,106
TOTAL,KpiIndMnd,2017M11,Totalindeks,Konsumprisindeks (2015=100),2017M11,106.1
TOTAL,KpiIndMnd,2017M12,Totalindeks,Konsumprisindeks (2015=100),2017M12,106.1
TOTAL,KpiIndMnd,2018M01,Totalindeks,Konsumprisindeks (2015=100),2018M01,106
TOTAL,KpiIndMnd,2018M02,Totalindeks,Konsumprisindeks (2015=100),2018M02,107
TOTAL,KpiIndMnd,2018M03,Totalindeks,Konsumprisindeks (2015=100),2018M03,107.3
TOTAL,KpiIndMnd,2018M04,Totalindeks,Konsumprisindeks (2015=100),2018M04,107.7
TOTAL,KpiIndMnd,2018M05,Totalindeks,Konsumprisindeks (2015=100),2018M05,107.8
TOTAL,KpiIndMnd,2018M06,Totalindeks,Konsumprisindeks (2015=100),2018M06,108.5
TOTAL,KpiIndMnd,2018M07,Totalindeks,Konsumprisindeks (2015=100),2018M07,109.3
TOTAL,KpiIndMnd,2018M08,Totalindeks,Konsumprisindeks (2015=100),2018M08,108.9
TOTAL,KpiIndMnd,2018M09,Totalindeks,Konsumprisindeks (2015=100),2018M09,109.5
TOTAL,KpiIndMnd,2018M10,Totalindeks,Konsumprisindeks (2015=100),2018M10,109.3
TOTAL,KpiIndMnd,2018M11,Totalindeks,Konsumprisindeks (2015=100),2018M11,109.8
TOTAL,KpiIndMnd,2018M12,Totalindeks,Konsumprisindeks (2015=100),2018M12,109.8
TOTAL,KpiIndMnd,2019M01,Totalindeks,Konsumprisindeks (2015=100),2019M01,109.3
TOTAL,KpiIndMnd,2019M02,Totalindeks,Konsumprisindeks (2015=100),2019M02,110.2
TOTAL,KpiIndMnd,2019M03,Totalindeks,Konsumprisindeks (2015=100),2019M03,110.4
TOTAL,KpiIndMnd,2019M04,Totalindeks,Konsumprisindeks (2015=100),2019M04,110.8
TOTAL,KpiIndMnd,2019M05,Totalindeks,Konsumprisindeks (2015=100),2019M05,110.5
TOTAL,KpiIndMnd,2019M06,Totalindeks,Konsumprisindeks (2015=100),2019M06,110.6
TOTAL,KpiIndMnd,2019M07,Totalindeks,Konsumprisindeks (2015=100),2019M07,111.4
TOTAL,KpiIndMnd,2019M08,Totalindeks,Konsumprisindeks (2015=100),2019M08,110.6
TOTAL,KpiIndMnd,2019M09,Totalindeks,Konsumprisindeks (2015=100),2019M09,111.1
TOTAL,KpiIndMnd,2019M10,Totalindeks,Konsumprisindeks (2015=100),2019M10,111.3
TOTAL,KpiIndMnd,2019M11,Totalindeks,Konsumprisindeks (2015=100),2019M11,111.6
TOTAL,KpiIndMnd,2019M12,Totalindeks,Konsumprisindeks (2015=100),2019M12,111.3
TOTAL,KpiIndMnd,2020M01,Totalindeks,Konsumprisindeks (2015=100),2020M01,111.3
TOTAL,KpiIndMnd,2020M02,Totalindeks,Konsumprisindeks (2015=100),2020M02,111.2
TOTAL,KpiIndMnd,2020M03,Totalindeks,Konsumprisindeks (2015=100),2020M03,111.2
TOTAL,KpiIndMnd,2020M04,Totalindeks,Konsumprisindeks (2015=100),2020M04,111.7
TOTAL,KpiIndMnd,2020M05,Totalindeks,Konsumprisindeks (2015=100),2020M05,111.9
TOTAL,KpiIndMnd,2020M06,Totalindeks,Konsumprisindeks (2015=100),2020M06,112.1
TOTAL,KpiIndMnd,2020M07,Totalindeks,Konsumprisindeks (2015=100),2020M07,112.9
TOTAL,KpiIndMnd,2020M08,Totalindeks,Konsumprisindeks (2015=100),2020M08,112.5
TOTAL,KpiIndMnd,2020M09,Totalindeks,Konsumprisindeks (2015=100),2020M09,112.9
TOTAL,KpiIndMnd,2020M10,Totalindeks,Konsumprisindeks (2015=100),2020M10,113.2
TOTAL,KpiIndMnd,2020M11,Totalindeks,Konsumprisindeks (2015=100),2020M11,112.4
TOTAL,KpiIndMnd,2020M12,Totalindeks,Konsumprisindeks (2015=100),2020M12,112.9
TOTAL,KpiIndMnd,2021M01,Totalindeks,Konsumprisindeks (2015=100),2021M01,114.1
TOTAL,KpiIndMnd,2021M02,Totalindeks,Konsumprisindeks (2015=100),2021M02,114.9
TOTAL,KpiIndMnd,2021M03,Totalindeks,Konsumprisindeks (2015=100),2021M03,114.6
TOTAL,KpiIndMnd,2021M04,Totalindeks,Konsumprisindeks (2015=100),2021M04,115
TOTAL,KpiIndMnd,2021M05,Totalindeks,Konsumprisindeks (2015=100),2021M05,114.9
TOTAL,KpiIndMnd,2021M06,Totalindeks,Konsumprisindeks (2015=100),2021M06,115.3
TOTAL,KpiIndMnd,2021M07,Totalindeks,Konsumprisindeks (2015=100),2021M07,116.3
TOTAL,KpiIndMnd,2021M08,Totalindeks,Konsumprisindeks (2015=100),2021M08,116.3
TOTAL,KpiIndMnd,2021M09,Totalindeks,Konsumprisindeks (2015=100),2021M09,117.5
TOTAL,KpiIndMnd,2021M10,Totalindeks,Konsumprisindeks (2015=100),2021M10,117.2
TOTAL,KpiIndMnd,2021M11,Totalindeks,Konsumprisindeks (2015=100),2021M11,118.1
TOTAL,KpiIndMnd,2021M12,Totalindeks,Konsumprisindeks (2015=100),2021M12,118.9
TOTAL,KpiIndMnd,2022M01,Totalindeks,Konsumprisindeks (2015=100),2022M01,117.8
TOTAL,KpiIndMnd,2022M02,Totalindeks,Konsumprisindeks (2015=100),2022M02,119.1
TOTAL,KpiIndMnd,2022M03,Totalindeks,Konsumprisindeks (2015=100),2022M03,119.8
TOTAL,KpiIndMnd,2022M04,Totalindeks,Konsumprisindeks (2015=100),2022M04,121.2
TOTAL,KpiIndMnd,2022M05,Totalindeks,Konsumprisindeks (2015=100),2022M05,121.5
TOTAL,KpiIndMnd,2022M06,Totalindeks,Konsumprisindeks (2015=100),2022M06,122.6
TOTAL,KpiIndMnd,2022M07,Totalindeks,Konsumprisindeks (2015=100),2022M07,124.2
TOTAL,KpiIndMnd,2022M08,Totalindeks,Konsumprisindeks (2015=100),2022M08,123.9
TOTAL,KpiIndMnd,2022M09,Totalindeks,Konsumprisindeks (2015=100),2022M09,125.6
TOTAL,KpiIndMnd,2022M10,Totalindeks,Konsumprisindeks (2015=100),2022M10,126
TOTAL,KpiIndMnd,2022M11,Totalindeks,Konsumprisindeks (2015=100),2022M11,125.8
TOTAL,KpiIndMnd,2022M12,Totalindeks,Konsumprisindeks (2015=100),2022M12,125.9
TOTAL,KpiIndMnd,2023M01,Totalindeks,Konsumprisindeks (2015=100),2023M01,126.1
TOTAL,KpiIndMnd,2023M02,Totalindeks,Konsumprisindeks (2015=100),2023M02,126.6
TOTAL,KpiIndMnd,2023M03,Totalindeks,Konsumprisindeks (2015=100),2023M03,127.6
TOTAL,KpiIndMnd,2023M04,Totalindeks,Konsumprisindeks (2015=100),2023M04,129
TOTAL,KpiIndMnd,2023M05,Totalindeks,Konsumprisindeks (2015=100),2023M05,129.6
TOTAL,KpiIndMnd,2023M06,Totalindeks,Konsumprisindeks (2015=100),2023M06,130.4
TOTAL,KpiIndMnd,2023M07,Totalindeks,Konsumprisindeks (2015=100),2023M07,130.9
TOTAL,KpiIndMnd,2023M08,Totalindeks,Konsumprisindeks (2015=100),2023M08,129.9
TOTAL,KpiIndMnd,2023M09,Totalindeks,Konsumprisindeks (2015=100),2023M09,129.8
TOTAL,KpiIndMnd,2023M10,Totalindeks,Konsumprisindeks (2015=100),2023M10,131.1
TOTAL,KpiIndMnd,2023M11,Totalindeks,Konsumprisindeks (2015=100),2023M11,131.8
TOTAL,KpiIndMnd,2023M12,Totalindeks,Konsumprisindeks (2015=100),2023M12,131.9
TOTAL,KpiIndMnd,2024M01,Totalindeks,Konsumprisindeks (2015=100),2024M01,132
TOTAL,KpiIndMnd,2024M02,Totalindeks,Konsumprisindeks (2015=100),2024M02,132.3
TOTAL,KpiIndMnd,2024M03,Totalindeks,Konsumprisindeks (2015=100),2024M03,132.6
TOTAL,KpiIndMnd,2024M04,Totalindeks,Konsumprisindeks (2015=100),2024M04,133.7
TOTAL,KpiIndMnd,2024M05,Totalindeks,Konsumprisindeks (2015=100),2024M05,133.5
TOTAL,KpiIndMnd,2024M06,Totalindeks,Konsumprisindeks (2015=100),2024M06,133.8
TOTAL,KpiIndMnd,2024M07,Totalindeks,Konsumprisindeks (2015=100),2024M07,134.5
TOTAL,KpiIndMnd,2024M08,Totalindeks,Konsumprisindeks (2015=100),2024M08,133.3
TOTAL,KpiIndMnd,2024M09,Totalindeks,Konsumprisindeks (2015=100),2024M09,133.7
TOTAL,KpiIndMnd,2024M10,Totalindeks,Konsumprisindeks (2015=100),2024M10,134.5
TOTAL,KpiIndMnd,2024M11,Totalindeks,Konsumprisindeks (2015=100),2024M11,134.9
TOTAL,KpiIndMnd,2024M12,Totalindeks,Konsumprisindeks (2015=100),2024M12,134.8
TOTAL,KpiIndMnd,2025M01,Totalindeks,Konsumprisindeks (2015=100),2025M01,135.1
TOTAL,KpiIndMnd,2025M02,Totalindeks,Konsumprisindeks (2015=100),2025M02,137
TOTAL,KpiIndMnd,2025M03,Totalindeks,Konsumprisindeks (2015=100),2025M03,136.1
TOTAL,KpiIndMnd,2025M04,Totalindeks,Konsumprisindeks (2015=100),2025M04,137
TOTAL,KpiIndMnd,2025M05,Totalindeks,Konsumprisindeks (2015=100),2025M05,137.5
TOTAL,KpiIndMnd,2025M06,Totalindeks,Konsumprisindeks (2015=100),2025M06,137.8
TOTAL,KpiIndMnd,2025M07,Totalindeks,Konsumprisindeks (2015=100),2025M07,138.9
TOTAL,KpiIndMnd,2025M08,Totalindeks,Konsumprisindeks (2015=100),2025M08,138
TOTAL,KpiIndMnd,2025M09,Totalindeks,Konsumprisindeks (2015=100),2025M09,138.5
TOTAL,KpiIndMnd,2025M10,Totalindeks,Konsumprisindeks (2015=100),2025M10,138.7
TOTAL,KpiIndMnd,2025M11,Totalindeks,Konsumprisindeks (2015=100),2025M11,138.9
TOTAL,KpiIndMnd,2025M12,Totalindeks,Konsumprisindeks (2015=100),2025M12,139.1
TOTAL,Manedsendring,1979M01,Totalindeks,Månedsendring (prosent),1979M01,0
TOTAL,Manedsendring,1979M02,Totalindeks,Månedsendring (prosent),1979M02,0.4
TOTAL,Manedsendring,1979M03,Totalindeks,Månedsendring (prosent),1979M03,0.4
TOTAL,Manedsendring,1979M04,Totalindeks,Månedsendring (prosent),1979M04,0.4
TOTAL,Manedsendring,1979M05,Totalindeks,Månedsendring (prosent),1979M05,0.4
TOTAL,Manedsendring,1979M06,Totalindeks,Månedsendring (prosent),1979M06,0.4
TOTAL,Manedsendring,1979M07,Totalindeks,Månedsendring (prosent),1979M07,0.8
TOTAL,Manedsendring,1979M08,Totalindeks,Månedsendring (prosent),1979M08,0
TOTAL,Manedsendring,1979M09,Totalindeks,Månedsendring (prosent),1979M09,0.4
TOTAL,Manedsendring,1979M10,Totalindeks,Månedsendring (prosent),1979M10,0.8
TOTAL,Manedsendring,1979M11,Totalindeks,Månedsendring (prosent),1979M11,0.8
TOTAL,Manedsendring,1979M12,Totalindeks,Månedsendring (prosent),1979M12,0
TOTAL,Manedsendring,1980M01,Totalindeks,Månedsendring (prosent),1980M01,1.5
TOTAL,Manedsendring,1980M02,Totalindeks,Månedsendring (prosent),1980M02,1.9
TOTAL,Manedsendring,1980M03,Totalindeks,Månedsendring (prosent),1980M03,1.5
TOTAL,Manedsendring,1980M04,Totalindeks,Månedsendring (prosent),1980M04,0.7
TOTAL,Manedsendring,1980M05,Totalindeks,Månedsendring (prosent),1980M05,1.1
TOTAL,Manedsendring,1980M06,Totalindeks,Månedsendring (prosent),1980M06,1.4
TOTAL,Manedsendring,1980M07,Totalindeks,Månedsendring (prosent),1980M07,1
TOTAL,Manedsendring,1980M08,Totalindeks,Månedsendring (prosent),1980M08,0.7
TOTAL,Manedsendring,1980M09,Totalindeks,Månedsendring (prosent),1980M09,1
TOTAL,Manedsendring,1980M10,Totalindeks,Månedsendring (prosent),1980M10,0.7
TOTAL,Manedsendring,1980M11,Totalindeks,Månedsendring (prosent),1980M11,0.7
TOTAL,Manedsendring,1980M12,Totalindeks,Månedsendring (prosent),1980M12,0.7
TOTAL,Manedsendring,1981M01,Totalindeks,Månedsendring (prosent),1981M01,3
TOTAL,Manedsendring,1981M02,Totalindeks,Månedsendring (prosent),1981M02,1
TOTAL,Manedsendring,1981M03,Totalindeks,Månedsendring (prosent),1981M03,1.9
TOTAL,Manedsendring,1981M04,Totalindeks,Månedsendring (prosent),1981M04,0.6
TOTAL,Manedsendring,1981M05,Totalindeks,Månedsendring (prosent),1981M05,0.3
TOTAL,Manedsendring,1981M06,Totalindeks,Månedsendring (prosent),1981M06,1.2
TOTAL,Manedsendring,1981M07,Totalindeks,Månedsendring (prosent),1981M07,1.5
TOTAL,Manedsendring,1981M08,Totalindeks,Månedsendring (prosent),1981M08,0
TOTAL,Manedsendring,1981M09,Totalindeks,Månedsendring (prosent),1981M09,0.9
TOTAL,Manedsendring,1981M10,Totalindeks,Månedsendring (prosent),1981M10,0.3
TOTAL,Manedsendring,1981M11,Totalindeks,Månedsendring (prosent),1981M11,0.3
TOTAL,Manedsendring,1981M12,Totalindeks,Månedsendring (prosent),1981M12,0.3
TOTAL,Manedsendring,1982M01,Totalindeks,Månedsendring (prosent),1982M01,3.3
TOTAL,Manedsendring,1982M02,Totalindeks,Månedsendring (prosent),1982M02,0.6
TOTAL,Manedsendring,1982M03,Totalindeks,Månedsendring (prosent),1982M03,1.7
TOTAL,Manedsendring,1982M04,Totalindeks,Månedsendring (prosent),1982M04,0.3
TOTAL,Manedsendring,1982M05,Totalindeks,Månedsendring (prosent),1982M05,0.3
TOTAL,Manedsendring,1982M06,Totalindeks,Månedsendring (prosent),1982M06,0.8
TOTAL,Manedsendring,1982M07,Totalindeks,Månedsendring (prosent),1982M07,1.7
TOTAL,Manedsendring,1982M08,Totalindeks,Månedsendring (prosent),1982M08,0
TOTAL,Manedsendring,1982M09,Totalindeks,Månedsendring (prosent),1982M09,0.8
TOTAL,Manedsendring,1982M10,Totalindeks,Månedsendring (prosent),1982M10,0.8
TOTAL,Manedsendring,1982M11,Totalindeks,Månedsendring (prosent),1982M11,0.5
TOTAL,Manedsendring,1982M12,Totalindeks,Månedsendring (prosent),1982M12,0.5
TOTAL,Manedsendring,1983M01,Totalindeks,Månedsendring (prosent),1983M01,1.6
TOTAL,Manedsendring,1983M02,Totalindeks,Månedsendring (prosent),1983M02,0.5
TOTAL,Manedsendring,1983M03,Totalindeks,Månedsendring (prosent),1983M03,1
TOTAL,Manedsendring,1983M04,Totalindeks,Månedsendring (prosent),1983M04,0.3
TOTAL,Manedsendring,1983M05,Totalindeks,Månedsendring (prosent),1983M05,0.3
TOTAL,Manedsendring,1983M06,Totalindeks,Månedsendring (prosent),1983M06,0.5
TOTAL,Manedsendring,1983M07,Totalindeks,Månedsendring (prosent),1983M07,0.8
TOTAL,Manedsendring,1983M08,Totalindeks,Månedsendring (prosent),1983M08,-0.3
TOTAL,Manedsendring,1983M09,Totalindeks,Månedsendring (prosent),1983M09,1
TOTAL,Manedsendring,1983M10,Totalindeks,Månedsendring (prosent),1983M10,0.5
TOTAL,Manedsendring,1983M11,Totalindeks,Månedsendring (prosent),1983M11,0.2
TOTAL,Manedsendring,1983M12,Totalindeks,Månedsendring (prosent),1983M12,0.5
TOTAL,Manedsendring,1984M01,Totalindeks,Månedsendring (prosent),1984M01,0.7
TOTAL,Manedsendring,1984M02,Totalindeks,Månedsendring (prosent),1984M02,0.5
TOTAL,Manedsendring,1984M03,Totalindeks,Månedsendring (prosent),1984M03,1.2
TOTAL,Manedsendring,1984M04,Totalindeks,Månedsendring (prosent),1984M04,0.5
TOTAL,Manedsendring,1984M05,Totalindeks,Månedsendring (prosent),1984M05,0
TOTAL,Manedsendring,1984M06,Totalindeks,Månedsendring (prosent),1984M06,0.5
TOTAL,Manedsendring,1984M07,Totalindeks,Månedsendring (prosent),1984M07,0.5
TOTAL,Manedsendring,1984M08,Totalindeks,Månedsendring (prosent),1984M08,0
TOTAL,Manedsendring,1984M09,Totalindeks,Månedsendring (prosent),1984M09,0.7
TOTAL,Manedsendring,1984M10,Totalindeks,Månedsendring (prosent),1984M10,0.5
TOTAL,Manedsendring,1984M11,Totalindeks,Månedsendring (prosent),1984M11,0.2
TOTAL,Manedsendring,1984M12,Totalindeks,Månedsendring (prosent),1984M12,0.5
TOTAL,Manedsendring,1985M01,Totalindeks,Månedsendring (prosent),1985M01,0.7
TOTAL,Manedsendring,1985M02,Totalindeks,Månedsendring (prosent),1985M02,0.2
TOTAL,Manedsendring,1985M03,Totalindeks,Månedsendring (prosent),1985M03,1.2
TOTAL,Manedsendring,1985M04,Totalindeks,Månedsendring (prosent),1985M04,0.5
TOTAL,Manedsendring,1985M05,Totalindeks,Månedsendring (prosent),1985M05,0.2
TOTAL,Manedsendring,1985M06,Totalindeks,Månedsendring (prosent),1985M06,0.7
TOTAL,Manedsendring,1985M07,Totalindeks,Månedsendring (prosent),1985M07,0.5
TOTAL,Manedsendring,1985M08,Totalindeks,Månedsendring (prosent),1985M08,-0.4
TOTAL,Manedsendring,1985M09,Totalindeks,Månedsendring (prosent),1985M09,1.1
TOTAL,Manedsendring,1985M10,Totalindeks,Månedsendring (prosent),1985M10,0.2
TOTAL,Manedsendring,1985M11,Totalindeks,Månedsendring (prosent),1985M11,0.2
TOTAL,Manedsendring,1985M12,Totalindeks,Månedsendring (prosent),1985M12,0.4
TOTAL,Manedsendring,1986M01,Totalindeks,Månedsendring (prosent),1986M01,0.9
TOTAL,Manedsendring,1986M02,Totalindeks,Månedsendring (prosent),1986M02,0.4
TOTAL,Manedsendring,1986M03,Totalindeks,Månedsendring (prosent),1986M03,0.7
TOTAL,Manedsendring,1986M04,Totalindeks,Månedsendring (prosent),1986M04,0.7
TOTAL,Manedsendring,1986M05,Totalindeks,Månedsendring (prosent),1986M05,0.2
TOTAL,Manedsendring,1986M06,Totalindeks,Månedsendring (prosent),1986M06,1.7
TOTAL,Manedsendring,1986M07,Totalindeks,Månedsendring (prosent),1986M07,1.1
TOTAL,Manedsendring,1986M08,Totalindeks,Månedsendring (prosent),1986M08,0.2
TOTAL,Manedsendring,1986M09,Totalindeks,Månedsendring (prosent),1986M09,1.5
TOTAL,Manedsendring,1986M10,Totalindeks,Månedsendring (prosent),1986M10,0.4
TOTAL,Manedsendring,1986M11,Totalindeks,Månedsendring (prosent),1986M11,0.4
TOTAL,Manedsendring,1986M12,Totalindeks,Månedsendring (prosent),1986M12,0.4
TOTAL,Manedsendring,1987M01,Totalindeks,Månedsendring (prosent),1987M01,1.4
TOTAL,Manedsendring,1987M02,Totalindeks,Månedsendring (prosent),1987M02,1
TOTAL,Manedsendring,1987M03,Totalindeks,Månedsendring (prosent),1987M03,1
TOTAL,Manedsendring,1987M04,Totalindeks,Månedsendring (prosent),1987M04,0.4
TOTAL,Manedsendring,1987M05,Totalindeks,Månedsendring (prosent),1987M05,0.2
TOTAL,Manedsendring,1987M06,Totalindeks,Månedsendring (prosent),1987M06,0.6
TOTAL,Manedsendring,1987M07,Totalindeks,Månedsendring (prosent),1987M07,0.2
TOTAL,Manedsendring,1987M08,Totalindeks,Månedsendring (prosent),1987M08,0.2
TOTAL,Manedsendring,1987M09,Totalindeks,Månedsendring (prosent),1987M09,1.4
TOTAL,Manedsendring,1987M10,Totalindeks,Månedsendring (prosent),1987M10,0.2
TOTAL,Manedsendring,1987M11,Totalindeks,Månedsendring (prosent),1987M11,0.2
TOTAL,Manedsendring,1987M12,Totalindeks,Månedsendring (prosent),1987M12,0.4
TOTAL,Manedsendring,1988M01,Totalindeks,Månedsendring (prosent),1988M01,1.3
TOTAL,Manedsendring,1988M02,Totalindeks,Månedsendring (prosent),1988M02,0.6
TOTAL,Manedsendring,1988M03,Totalindeks,Månedsendring (prosent),1988M03,1.5
TOTAL,Manedsendring,1988M04,Totalindeks,Månedsendring (prosent),1988M04,0.2
TOTAL,Manedsendring,1988M05,Totalindeks,Månedsendring (prosent),1988M05,0.2
TOTAL,Manedsendring,1988M06,Totalindeks,Månedsendring (prosent),1988M06,0.5
TOTAL,Manedsendring,1988M07,Totalindeks,Månedsendring (prosent),1988M07,0
TOTAL,Manedsendring,1988M08,Totalindeks,Månedsendring (prosent),1988M08,0
TOTAL,Manedsendring,1988M09,Totalindeks,Månedsendring (prosent),1988M09,1.3
TOTAL,Manedsendring,1988M10,Totalindeks,Månedsendring (prosent),1988M10,0
TOTAL,Manedsendring,1988M11,Totalindeks,Månedsendring (prosent),1988M11,0
TOTAL,Manedsendring,1988M12,Totalindeks,Månedsendring (prosent),1988M12,0
TOTAL,Manedsendring,1989M01,Totalindeks,Månedsendring (prosent),1989M01,0.7
TOTAL,Manedsendring,1989M02,Totalindeks,Månedsendring (prosent),1989M02,0.4
TOTAL,Manedsendring,1989M03,Totalindeks,Månedsendring (prosent),1989M03,0.9
TOTAL,Manedsendring,1989M04,Totalindeks,Månedsendring (prosent),1989M04,0.5
TOTAL,Manedsendring,1989M05,Totalindeks,Månedsendring (prosent),1989M05,0.3
TOTAL,Manedsendring,1989M06,Totalindeks,Månedsendring (prosent),1989M06,0.5
TOTAL,Manedsendring,1989M07,Totalindeks,Månedsendring (prosent),1989M07,0.2
TOTAL,Manedsendring,1989M08,Totalindeks,Månedsendring (prosent),1989M08,-0.3
TOTAL,Manedsendring,1989M09,Totalindeks,Månedsendring (prosent),1989M09,0.9
TOTAL,Manedsendring,1989M10,Totalindeks,Månedsendring (prosent),1989M10,0.2
TOTAL,Manedsendring,1989M11,Totalindeks,Månedsendring (prosent),1989M11,0
TOTAL,Manedsendring,1989M12,Totalindeks,Månedsendring (prosent),1989M12,0
TOTAL,Manedsendring,1990M01,Totalindeks,Månedsendring (prosent),1990M01,0.7
TOTAL,Manedsendring,1990M02,Totalindeks,Månedsendring (prosent),1990M02,0.3
TOTAL,Manedsendring,1990M03,Totalindeks,Månedsendring (prosent),1990M03,1.2
TOTAL,Manedsendring,1990M04,Totalindeks,Månedsendring (prosent),1990M04,0
TOTAL,Manedsendring,1990M05,Totalindeks,Månedsendring (prosent),1990M05,0.2
TOTAL,Manedsendring,1990M06,Totalindeks,Månedsendring (prosent),1990M06,0.3
TOTAL,Manedsendring,1990M07,Totalindeks,Månedsendring (prosent),1990M07,0.2
TOTAL,Manedsendring,1990M08,Totalindeks,Månedsendring (prosent),1990M08,-0.2
TOTAL,Manedsendring,1990M09,Totalindeks,Månedsendring (prosent),1990M09,1
TOTAL,Manedsendring,1990M10,Totalindeks,Månedsendring (prosent),1990M10,0.8
TOTAL,Manedsendring,1990M11,Totalindeks,Månedsendring (prosent),1990M11,0
TOTAL,Manedsendring,1990M12,Totalindeks,Månedsendring (prosent),1990M12,-0.3
TOTAL,Manedsendring,1991M01,Totalindeks,Månedsendring (prosent),1991M01,0.5
TOTAL,Manedsendring,1991M02,Totalindeks,Månedsendring (prosent),1991M02,0.3
TOTAL,Manedsendring,1991M03,Totalindeks,Månedsendring (prosent),1991M03,0.7
TOTAL,Manedsendring,1991M04,Totalindeks,Månedsendring (prosent),1991M04,0.3
TOTAL,Manedsendring,1991M05,Totalindeks,Månedsendring (prosent),1991M05,0.2
TOTAL,Manedsendring,1991M06,Totalindeks,Månedsendring (prosent),1991M06,0.2
TOTAL,Manedsendring,1991M07,Totalindeks,Månedsendring (prosent),1991M07,0
TOTAL,Manedsendring,1991M08,Totalindeks,Månedsendring (prosent),1991M08,0
TOTAL,Manedsendring,1991M09,Totalindeks,Månedsendring (prosent),1991M09,0.6
TOTAL,Manedsendring,1991M10,Totalindeks,Månedsendring (prosent),1991M10,0
TOTAL,Manedsendring,1991M11,Totalindeks,Månedsendring (prosent),1991M11,0
TOTAL,Manedsendring,1991M12,Totalindeks,Månedsendring (prosent),1991M12,0
TOTAL,Manedsendring,1992M01,Totalindeks,Månedsendring (prosent),1992M01,0
TOTAL,Manedsendring,1992M02,Totalindeks,Månedsendring (prosent),1992M02,0.3
TOTAL,Manedsendring,1992M03,Totalindeks,Månedsendring (prosent),1992M03,0.8
TOTAL,Manedsendring,1992M04,Totalindeks,Månedsendring (prosent),1992M04,0.3
TOTAL,Manedsendring,1992M05,Totalindeks,Månedsendring (prosent),1992M05,0.2
TOTAL,Manedsendring,1992M06,Totalindeks,Månedsendring (prosent),1992M06,0.2
TOTAL,Manedsendring,1992M07,Totalindeks,Månedsendring (prosent),1992M07,0.2
TOTAL,Manedsendring,1992M08,Totalindeks,Månedsendring (prosent),1992M08,-0.3
TOTAL,Manedsendring,1992M09,Totalindeks,Månedsendring (prosent),1992M09,0.5
TOTAL,Manedsendring,1992M10,Totalindeks,Månedsendring (prosent),1992M10,0.2
TOTAL,Manedsendring,1992M11,Totalindeks,Månedsendring (prosent),1992M11,0
TOTAL,Manedsendring,1992M12,Totalindeks,Månedsendring (prosent),1992M12,0
TOTAL,Manedsendring,1993M01,Totalindeks,Månedsendring (prosent),1993M01,0.3
TOTAL,Manedsendring,1993M02,Totalindeks,Månedsendring (prosent),1993M02,0.3
TOTAL,Manedsendring,1993M03,Totalindeks,Månedsendring (prosent),1993M03,0.9
TOTAL,Manedsendring,1993M04,Totalindeks,Månedsendring (prosent),1993M04,0.2
TOTAL,Manedsendring,1993M05,Totalindeks,Månedsendring (prosent),1993M05,0
TOTAL,Manedsendring,1993M06,Totalindeks,Månedsendring (prosent),1993M06,0.2
TOTAL,Manedsendring,1993M07,Totalindeks,Månedsendring (prosent),1993M07,-0.2
TOTAL,Manedsendring,1993M08,Totalindeks,Månedsendring (prosent),1993M08,-0.2
TOTAL,Manedsendring,1993M09,Totalindeks,Månedsendring (prosent),1993M09,0.5
TOTAL,Manedsendring,1993M10,Totalindeks,Månedsendring (prosent),1993M10,0
TOTAL,Manedsendring,1993M11,Totalindeks,Månedsendring (prosent),1993M11,0
TOTAL,Manedsendring,1993M12,Totalindeks,Månedsendring (prosent),1993M12,-0.2
TOTAL,Manedsendring,1994M01,Totalindeks,Månedsendring (prosent),1994M01,-0.2
TOTAL,Manedsendring,1994M02,Totalindeks,Månedsendring (prosent),1994M02,0.3
TOTAL,Manedsendring,1994M03,Totalindeks,Månedsendring (prosent),1994M03,0.5
TOTAL,Manedsendring,1994M04,Totalindeks,Månedsendring (prosent),1994M04,0.2
TOTAL,Manedsendring,1994M05,Totalindeks,Månedsendring (prosent),1994M05,0
TOTAL,Manedsendring,1994M06,Totalindeks,Månedsendring (prosent),1994M06,0.3
TOTAL,Manedsendring,1994M07,Totalindeks,Månedsendring (prosent),1994M07,0.2
TOTAL,Manedsendring,1994M08,Totalindeks,Månedsendring (prosent),1994M08,0
TOTAL,Manedsendring,1994M09,Totalindeks,Månedsendring (prosent),1994M09,0.6
TOTAL,Manedsendring,1994M10,Totalindeks,Månedsendring (prosent),1994M10,0
TOTAL,Manedsendring,1994M11,Totalindeks,Månedsendring (prosent),1994M11,0
TOTAL,Manedsendring,1994M12,Totalindeks,Månedsendring (prosent),1994M12,0
TOTAL,Manedsendring,1995M01,Totalindeks,Månedsendring (prosent),1995M01,0.6
TOTAL,Manedsendring,1995M02,Totalindeks,Månedsendring (prosent),1995M02,0.3
TOTAL,Manedsendring,1995M03,Totalindeks,Månedsendring (prosent),1995M03,0.6
TOTAL,Manedsendring,1995M04,Totalindeks,Månedsendring (prosent),1995M04,0
TOTAL,Manedsendring,1995M05,Totalindeks,Månedsendring (prosent),1995M05,0.1
TOTAL,Manedsendring,1995M06,Totalindeks,Månedsendring (prosent),1995M06,0.3
TOTAL,Manedsendring,1995M07,Totalindeks,Månedsendring (prosent),1995M07,-0.1
TOTAL,Manedsendring,1995M08,Totalindeks,Månedsendring (prosent),1995M08,-0.1
TOTAL,Manedsendring,1995M09,Totalindeks,Månedsendring (prosent),1995M09,0.6
TOTAL,Manedsendring,1995M10,Totalindeks,Månedsendring (prosent),1995M10,0
TOTAL,Manedsendring,1995M11,Totalindeks,Månedsendring (prosent),1995M11,-0.1
TOTAL,Manedsendring,1995M12,Totalindeks,Månedsendring (prosent),1995M12,0
TOTAL,Manedsendring,1996M01,Totalindeks,Månedsendring (prosent),1996M01,-0.4
TOTAL,Manedsendring,1996M02,Totalindeks,Månedsendring (prosent),1996M02,0.1
TOTAL,Manedsendring,1996M03,Totalindeks,Månedsendring (prosent),1996M03,0.4
TOTAL,Manedsendring,1996M04,Totalindeks,Månedsendring (prosent),1996M04,0.3
TOTAL,Manedsendring,1996M05,Totalindeks,Månedsendring (prosent),1996M05,0.1
TOTAL,Manedsendring,1996M06,Totalindeks,Månedsendring (prosent),1996M06,0.1
TOTAL,Manedsendring,1996M07,Totalindeks,Månedsendring (prosent),1996M07,0.3
TOTAL,Manedsendring,1996M08,Totalindeks,Månedsendring (prosent),1996M08,0
TOTAL,Manedsendring,1996M09,Totalindeks,Månedsendring (prosent),1996M09,0.4
TOTAL,Manedsendring,1996M10,Totalindeks,Månedsendring (prosent),1996M10,0.4
TOTAL,Manedsendring,1996M11,Totalindeks,Månedsendring (prosent),1996M11,-0.1
TOTAL,Manedsendring,1996M12,Totalindeks,Månedsendring (prosent),1996M12,0
TOTAL,Manedsendring,1997M01,Totalindeks,Månedsendring (prosent),1997M01,0.7
TOTAL,Manedsendring,1997M02,Totalindeks,Månedsendring (prosent),1997M02,0.4
TOTAL,Manedsendring,1997M03,Totalindeks,Månedsendring (prosent),1997M03,0.1
TOTAL,Manedsendring,1997M04,Totalindeks,Månedsendring (prosent),1997M04,0
TOTAL,Manedsendring,1997M05,Totalindeks,Månedsendring (prosent),1997M05,0.1
TOTAL,Manedsendring,1997M06,Totalindeks,Månedsendring (prosent),1997M06,0.3
TOTAL,Manedsendring,1997M07,Totalindeks,Månedsendring (prosent),1997M07,-0.1
TOTAL,Manedsendring,1997M08,Totalindeks,Månedsendring (prosent),1997M08,-0.1
TOTAL,Manedsendring,1997M09,Totalindeks,Månedsendring (prosent),1997M09,0.6
TOTAL,Manedsendring,1997M10,Totalindeks,Månedsendring (prosent),1997M10,0.1
TOTAL,Manedsendring,1997M11,Totalindeks,Månedsendring (prosent),1997M11,0.1
TOTAL,Manedsendring,1997M12,Totalindeks,Månedsendring (prosent),1997M12,0
TOTAL,Manedsendring,1998M01,Totalindeks,Månedsendring (prosent),1998M01,0.4
TOTAL,Manedsendring,1998M02,Totalindeks,Månedsendring (prosent),1998M02,0.4
TOTAL,Manedsendring,1998M03,Totalindeks,Månedsendring (prosent),1998M03,0.6
TOTAL,Manedsendring,1998M04,Totalindeks,Månedsendring (prosent),1998M04,0
TOTAL,Manedsendring,1998M05,Totalindeks,Månedsendring (prosent),1998M05,-0.1
TOTAL,Manedsendring,1998M06,Totalindeks,Månedsendring (prosent),1998M06,0.3
TOTAL,Manedsendring,1998M07,Totalindeks,Månedsendring (prosent),1998M07,0
TOTAL,Manedsendring,1998M08,Totalindeks,Månedsendring (prosent),1998M08,-0.3
TOTAL,Manedsendring,1998M09,Totalindeks,Månedsendring (prosent),1998M09,0.8
TOTAL,Manedsendring,1998M10,Totalindeks,Månedsendring (prosent),1998M10,0
TOTAL,Manedsendring,1998M11,Totalindeks,Månedsendring (prosent),1998M11,0.1
TOTAL,Manedsendring,1998M12,Totalindeks,Månedsendring (prosent),1998M12,0.1
TOTAL,Manedsendring,1999M01,Totalindeks,Månedsendring (prosent),1999M01,0.4
TOTAL,Manedsendring,1999M02,Totalindeks,Månedsendring (prosent),1999M02,0.1
TOTAL,Manedsendring,1999M03,Totalindeks,Månedsendring (prosent),1999M03,0.7
TOTAL,Manedsendring,1999M04,Totalindeks,Månedsendring (prosent),1999M04,0.3
TOTAL,Manedsendring,1999M05,Totalindeks,Månedsendring (prosent),1999M05,-0.1
TOTAL,Manedsendring,1999M06,Totalindeks,Månedsendring (prosent),1999M06,0.1
TOTAL,Manedsendring,1999M07,Totalindeks,Månedsendring (prosent),1999M07,-0.3
TOTAL,Manedsendring,1999M08,Totalindeks,Månedsendring (prosent),1999M08,-0.4
TOTAL,Manedsendring,1999M09,Totalindeks,Månedsendring (prosent),1999M09,1
TOTAL,Manedsendring,1999M10,Totalindeks,Månedsendring (prosent),1999M10,0.4
TOTAL,Manedsendring,1999M11,Totalindeks,Månedsendring (prosent),1999M11,0.4
TOTAL,Manedsendring,1999M12,Totalindeks,Månedsendring (prosent),1999M12,0.1
TOTAL,Manedsendring,2000M01,Totalindeks,Månedsendring (prosent),2000M01,0.5
TOTAL,Manedsendring,2000M02,Totalindeks,Månedsendring (prosent),2000M02,0.4
TOTAL,Manedsendring,2000M03,Totalindeks,Månedsendring (prosent),2000M03,0.1
TOTAL,Manedsendring,2000M04,Totalindeks,Månedsendring (prosent),2000M04,0.3
TOTAL,Manedsendring,2000M05,Totalindeks,Månedsendring (prosent),2000M05,0.1
TOTAL,Manedsendring,2000M06,Totalindeks,Månedsendring (prosent),2000M06,0.5
TOTAL,Manedsendring,2000M07,Totalindeks,Månedsendring (prosent),2000M07,-0.4
TOTAL,Manedsendring,2000M08,Totalindeks,Månedsendring (prosent),2000M08,0
TOTAL,Manedsendring,2000M09,Totalindeks,Månedsendring (prosent),2000M09,0.9
TOTAL,Manedsendring,2000M10,Totalindeks,Månedsendring (prosent),2000M10,0
TOTAL,Manedsendring,2000M11,Totalindeks,Månedsendring (prosent),2000M11,0.5
TOTAL,Manedsendring,2000M12,Totalindeks,Månedsendring (prosent),2000M12,-0.1
TOTAL,Manedsendring,2001M01,Totalindeks,Månedsendring (prosent),2001M01,0.8
TOTAL,Manedsendring,2001M02,Totalindeks,Månedsendring (prosent),2001M02,0.8
TOTAL,Manedsendring,2001M03,Totalindeks,Månedsendring (prosent),2001M03,0.3
TOTAL,Manedsendring,2001M04,Totalindeks,Månedsendring (prosent),2001M04,0.4
TOTAL,Manedsendring,2001M05,Totalindeks,Månedsendring (prosent),2001M05,0.5
TOTAL,Manedsendring,2001M06,Totalindeks,Månedsendring (prosent),2001M06,0
TOTAL,Manedsendring,2001M07,Totalindeks,Månedsendring (prosent),2001M07,-1.3
TOTAL,Manedsendring,2001M08,Totalindeks,Månedsendring (prosent),2001M08,-0.1
TOTAL,Manedsendring,2001M09,Totalindeks,Månedsendring (prosent),2001M09,0.5
TOTAL,Manedsendring,2001M10,Totalindeks,Månedsendring (prosent),2001M10,0
TOTAL,Manedsendring,2001M11,Totalindeks,Månedsendring (prosent),2001M11,0
TOTAL,Manedsendring,2001M12,Totalindeks,Månedsendring (prosent),2001M12,0.3
TOTAL,Manedsendring,2002M01,Totalindeks,Månedsendring (prosent),2002M01,0.1
TOTAL,Manedsendring,2002M02,Totalindeks,Månedsendring (prosent),2002M02,0.1
TOTAL,Manedsendring,2002M03,Totalindeks,Månedsendring (prosent),2002M03,0.4
TOTAL,Manedsendring,2002M04,Totalindeks,Månedsendring (prosent),2002M04,0.1
TOTAL,Manedsendring,2002M05,Totalindeks,Månedsendring (prosent),2002M05,0.3
TOTAL,Manedsendring,2002M06,Totalindeks,Månedsendring (prosent),2002M06,0
TOTAL,Manedsendring,2002M07,Totalindeks,Månedsendring (prosent),2002M07,-0.1
TOTAL,Manedsendring,2002M08,Totalindeks,Månedsendring (prosent),2002M08,-0.4
TOTAL,Manedsendring,2002M09,Totalindeks,Månedsendring (prosent),2002M09,0.6
TOTAL,Manedsendring,2002M10,Totalindeks,Månedsendring (prosent),2002M10,0.4
TOTAL,Manedsendring,2002M11,Totalindeks,Månedsendring (prosent),2002M11,0.4
TOTAL,Manedsendring,2002M12,Totalindeks,Månedsendring (prosent),2002M12,0.8
TOTAL,Manedsendring,2003M01,Totalindeks,Månedsendring (prosent),2003M01,2.4
TOTAL,Manedsendring,2003M02,Totalindeks,Månedsendring (prosent),2003M02,0.1
TOTAL,Manedsendring,2003M03,Totalindeks,Månedsendring (prosent),2003M03,-0.7
TOTAL,Manedsendring,2003M04,Totalindeks,Månedsendring (prosent),2003M04,-0.7
TOTAL,Manedsendring,2003M05,Totalindeks,Månedsendring (prosent),2003M05,-0.6
TOTAL,Manedsendring,2003M06,Totalindeks,Månedsendring (prosent),2003M06,-0.2
TOTAL,Manedsendring,2003M07,Totalindeks,Månedsendring (prosent),2003M07,-0.4
TOTAL,Manedsendring,2003M08,Totalindeks,Månedsendring (prosent),2003M08,0.3
TOTAL,Manedsendring,2003M09,Totalindeks,Månedsendring (prosent),2003M09,0.5
TOTAL,Manedsendring,2003M10,Totalindeks,Månedsendring (prosent),2003M10,0
TOTAL,Manedsendring,2003M11,Totalindeks,Månedsendring (prosent),2003M11,0.1
TOTAL,Manedsendring,2003M12,Totalindeks,Månedsendring (prosent),2003M12,0
TOTAL,Manedsendring,2004M01,Totalindeks,Månedsendring (prosent),2004M01,-0.1
TOTAL,Manedsendring,2004M02,Totalindeks,Månedsendring (prosent),2004M02,0.1
TOTAL,Manedsendring,2004M03,Totalindeks,Månedsendring (prosent),2004M03,0.5
TOTAL,Manedsendring,2004M04,Totalindeks,Månedsendring (prosent),2004M04,0.1
TOTAL,Manedsendring,2004M05,Totalindeks,Månedsendring (prosent),2004M05,0.1
TOTAL,Manedsendring,2004M06,Totalindeks,Månedsendring (prosent),2004M06,0
TOTAL,Manedsendring,2004M07,Totalindeks,Månedsendring (prosent),2004M07,-0.1
TOTAL,Manedsendring,2004M08,Totalindeks,Månedsendring (prosent),2004M08,-0.2
TOTAL,Manedsendring,2004M09,Totalindeks,Månedsendring (prosent),2004M09,0.6
TOTAL,Manedsendring,2004M10,Totalindeks,Månedsendring (prosent),2004M10,0.2
TOTAL,Manedsendring,2004M11,Totalindeks,Månedsendring (prosent),2004M11,0
TOTAL,Manedsendring,2004M12,Totalindeks,Månedsendring (prosent),2004M12,-0.1
TOTAL,Manedsendring,2005M01,Totalindeks,Månedsendring (prosent),2005M01,-0.2
TOTAL,Manedsendring,2005M02,Totalindeks,Månedsendring (prosent),2005M02,0.1
TOTAL,Manedsendring,2005M03,Totalindeks,Månedsendring (prosent),2005M03,0.5
TOTAL,Manedsendring,2005M04,Totalindeks,Månedsendring (prosent),2005M04,0.5
TOTAL,Manedsendring,2005M05,Totalindeks,Månedsendring (prosent),2005M05,0.4
TOTAL,Manedsendring,2005M06,Totalindeks,Månedsendring (prosent),2005M06,0
TOTAL,Manedsendring,2005M07,Totalindeks,Månedsendring (prosent),2005M07,-0.2
TOTAL,Manedsendring,2005M08,Totalindeks,Månedsendring (prosent),2005M08,0.1
TOTAL,Manedsendring,2005M09,Totalindeks,Månedsendring (prosent),2005M09,0.7
TOTAL,Manedsendring,2005M10,Totalindeks,Månedsendring (prosent),2005M10,0.1
TOTAL,Manedsendring,2005M11,Totalindeks,Månedsendring (prosent),2005M11,0
TOTAL,Manedsendring,2005M12,Totalindeks,Månedsendring (prosent),2005M12,-0.1
TOTAL,Manedsendring,2006M01,Totalindeks,Månedsendring (prosent),2006M01,-0.2
TOTAL,Manedsendring,2006M02,Totalindeks,Månedsendring (prosent),2006M02,0.8
TOTAL,Manedsendring,2006M03,Totalindeks,Månedsendring (prosent),2006M03,0.2
TOTAL,Manedsendring,2006M04,Totalindeks,Månedsendring (prosent),2006M04,0.8
TOTAL,Manedsendring,2006M05,Totalindeks,Månedsendring (prosent),2006M05,0
TOTAL,Manedsendring,2006M06,Totalindeks,Månedsendring (prosent),2006M06,-0.1
TOTAL,Manedsendring,2006M07,Totalindeks,Månedsendring (prosent),2006M07,-0.4
TOTAL,Manedsendring,2006M08,Totalindeks,Månedsendring (prosent),2006M08,0
TOTAL,Manedsendring,2006M09,Totalindeks,Månedsendring (prosent),2006M09,1.4
TOTAL,Manedsendring,2006M10,Totalindeks,Månedsendring (prosent),2006M10,0.1
TOTAL,Manedsendring,2006M11,Totalindeks,Månedsendring (prosent),2006M11,-0.1
TOTAL,Manedsendring,2006M12,Totalindeks,Månedsendring (prosent),2006M12,-0.5
TOTAL,Manedsendring,2007M01,Totalindeks,Månedsendring (prosent),2007M01,-1.2
TOTAL,Manedsendring,2007M02,Totalindeks,Månedsendring (prosent),2007M02,0.4
TOTAL,Manedsendring,2007M03,Totalindeks,Månedsendring (prosent),2007M03,0.6
TOTAL,Manedsendring,2007M04,Totalindeks,Månedsendring (prosent),2007M04,0
TOTAL,Manedsendring,2007M05,Totalindeks,Månedsendring (prosent),2007M05,0.1
TOTAL,Manedsendring,2007M06,Totalindeks,Månedsendring (prosent),2007M06,-0.1
TOTAL,Manedsendring,2007M07,Totalindeks,Månedsendring (prosent),2007M07,-0.2
TOTAL,Manedsendring,2007M08,Totalindeks,Månedsendring (prosent),2007M08,-0.1
TOTAL,Manedsendring,2007M09,Totalindeks,Månedsendring (prosent),2007M09,0.7
TOTAL,Manedsendring,2007M10,Totalindeks,Månedsendring (prosent),2007M10,0.2
TOTAL,Manedsendring,2007M11,Totalindeks,Månedsendring (prosent),2007M11,1.6
TOTAL,Manedsendring,2007M12,Totalindeks,Månedsendring (prosent),2007M12,0.8
TOTAL,Manedsendring,2008M01,Totalindeks,Månedsendring (prosent),2008M01,-0.5
TOTAL,Manedsendring,2008M02,Totalindeks,Månedsendring (prosent),2008M02,0.6
TOTAL,Manedsendring,2008M03,Totalindeks,Månedsendring (prosent),2008M03,0
TOTAL,Manedsendring,2008M04,Totalindeks,Månedsendring (prosent),2008M04,0
TOTAL,Manedsendring,2008M05,Totalindeks,Månedsendring (prosent),2008M05,0
TOTAL,Manedsendring,2008M06,Totalindeks,Månedsendring (prosent),2008M06,0.2
TOTAL,Manedsendring,2008M07,Totalindeks,Månedsendring (prosent),2008M07,0.6
TOTAL,Manedsendring,2008M08,Totalindeks,Månedsendring (prosent),2008M08,0.1
TOTAL,Manedsendring,2008M09,Totalindeks,Månedsendring (prosent),2008M09,1.5
TOTAL,Manedsendring,2008M10,Totalindeks,Månedsendring (prosent),2008M10,0.3
TOTAL,Manedsendring,2008M11,Totalindeks,Månedsendring (prosent),2008M11,-0.6
TOTAL,Manedsendring,2008M12,Totalindeks,Månedsendring (prosent),2008M12,-0.1
TOTAL,Manedsendring,2009M01,Totalindeks,Månedsendring (prosent),2009M01,-0.3
TOTAL,Manedsendring,2009M02,Totalindeks,Månedsendring (prosent),2009M02,0.8
TOTAL,Manedsendring,2009M03,Totalindeks,Månedsendring (prosent),2009M03,0
TOTAL,Manedsendring,2009M04,Totalindeks,Månedsendring (prosent),2009M04,0.3
TOTAL,Manedsendring,2009M05,Totalindeks,Månedsendring (prosent),2009M05,0.2
TOTAL,Manedsendring,2009M06,Totalindeks,Månedsendring (prosent),2009M06,0.6
TOTAL,Manedsendring,2009M07,Totalindeks,Månedsendring (prosent),2009M07,-0.6
TOTAL,Manedsendring,2009M08,Totalindeks,Månedsendring (prosent),2009M08,-0.2
TOTAL,Manedsendring,2009M09,Totalindeks,Månedsendring (prosent),2009M09,0.8
TOTAL,Manedsendring,2009M10,Totalindeks,Månedsendring (prosent),2009M10,-0.2
TOTAL,Manedsendring,2009M11,Totalindeks,Månedsendring (prosent),2009M11,0.3
TOTAL,Manedsendring,2009M12,Totalindeks,Månedsendring (prosent),2009M12,0.3
TOTAL,Manedsendring,2010M01,Totalindeks,Månedsendring (prosent),2010M01,0.1
TOTAL,Manedsendring,2010M02,Totalindeks,Månedsendring (prosent),2010M02,1.2
TOTAL,Manedsendring,2010M03,Totalindeks,Månedsendring (prosent),2010M03,0.5
TOTAL,Manedsendring,2010M04,Totalindeks,Månedsendring (prosent),2010M04,0.2
TOTAL,Manedsendring,2010M05,Totalindeks,Månedsendring (prosent),2010M05,-0.5
TOTAL,Manedsendring,2010M06,Totalindeks,Månedsendring (prosent),2010M06,-0.1
TOTAL,Manedsendring,2010M07,Totalindeks,Månedsendring (prosent),2010M07,-0.5
TOTAL,Manedsendring,2010M08,Totalindeks,Månedsendring (prosent),2010M08,-0.2
TOTAL,Manedsendring,2010M09,Totalindeks,Månedsendring (prosent),2010M09,0.7
TOTAL,Manedsendring,2010M10,Totalindeks,Månedsendring (prosent),2010M10,0.1
TOTAL,Manedsendring,2010M11,Totalindeks,Månedsendring (prosent),2010M11,0.2
TOTAL,Manedsendring,2010M12,Totalindeks,Månedsendring (prosent),2010M12,1.1
TOTAL,Manedsendring,2011M01,Totalindeks,Månedsendring (prosent),2011M01,-0.6
TOTAL,Manedsendring,2011M02,Totalindeks,Månedsendring (prosent),2011M02,0.4
TOTAL,Manedsendring,2011M03,Totalindeks,Månedsendring (prosent),2011M03,0.3
TOTAL,Manedsendring,2011M04,Totalindeks,Månedsendring (prosent),2011M04,0.5
TOTAL,Manedsendring,2011M05,Totalindeks,Månedsendring (prosent),2011M05,-0.2
TOTAL,Manedsendring,2011M06,Totalindeks,Månedsendring (prosent),2011M06,-0.3
TOTAL,Manedsendring,2011M07,Totalindeks,Månedsendring (prosent),2011M07,-0.3
TOTAL,Manedsendring,2011M08,Totalindeks,Månedsendring (prosent),2011M08,-0.5
TOTAL,Manedsendring,2011M09,Totalindeks,Månedsendring (prosent),2011M09,0.9
TOTAL,Manedsendring,2011M10,Totalindeks,Månedsendring (prosent),2011M10,-0.1
TOTAL,Manedsendring,2011M11,Totalindeks,Månedsendring (prosent),2011M11,0
TOTAL,Manedsendring,2011M12,Totalindeks,Månedsendring (prosent),2011M12,0.1
TOTAL,Manedsendring,2012M01,Totalindeks,Månedsendring (prosent),2012M01,-0.2
TOTAL,Manedsendring,2012M02,Totalindeks,Månedsendring (prosent),2012M02,1.1
TOTAL,Manedsendring,2012M03,Totalindeks,Månedsendring (prosent),2012M03,-0.1
TOTAL,Manedsendring,2012M04,Totalindeks,Månedsendring (prosent),2012M04,0.1
TOTAL,Manedsendring,2012M05,Totalindeks,Månedsendring (prosent),2012M05,0
TOTAL,Manedsendring,2012M06,Totalindeks,Månedsendring (prosent),2012M06,-0.5
TOTAL,Manedsendring,2012M07,Totalindeks,Månedsendring (prosent),2012M07,-0.4
TOTAL,Manedsendring,2012M08,Totalindeks,Månedsendring (prosent),2012M08,-0.4
TOTAL,Manedsendring,2012M09,Totalindeks,Månedsendring (prosent),2012M09,1.1
TOTAL,Manedsendring,2012M10,Totalindeks,Månedsendring (prosent),2012M10,0.4
TOTAL,Manedsendring,2012M11,Totalindeks,Månedsendring (prosent),2012M11,0.1
TOTAL,Manedsendring,2012M12,Totalindeks,Månedsendring (prosent),2012M12,0.3
TOTAL,Manedsendring,2013M01,Totalindeks,Månedsendring (prosent),2013M01,-0.2
TOTAL,Manedsendring,2013M02,Totalindeks,Månedsendring (prosent),2013M02,0.6
TOTAL,Manedsendring,2013M03,Totalindeks,Månedsendring (prosent),2013M03,0.3
TOTAL,Manedsendring,2013M04,Totalindeks,Månedsendring (prosent),2013M04,0.5
TOTAL,Manedsendring,2013M05,Totalindeks,Månedsendring (prosent),2013M05,0.1
TOTAL,Manedsendring,2013M06,Totalindeks,Månedsendring (prosent),2013M06,-0.3
TOTAL,Manedsendring,2013M07,Totalindeks,Månedsendring (prosent),2013M07,0.4
TOTAL,Manedsendring,2013M08,Totalindeks,Månedsendring (prosent),2013M08,-0.1
TOTAL,Manedsendring,2013M09,Totalindeks,Månedsendring (prosent),2013M09,0.4
TOTAL,Manedsendring,2013M10,Totalindeks,Månedsendring (prosent),2013M10,0.2
TOTAL,Manedsendring,2013M11,Totalindeks,Månedsendring (prosent),2013M11,0.1
TOTAL,Manedsendring,2013M12,Totalindeks,Månedsendring (prosent),2013M12,-0.1
TOTAL,Manedsendring,2014M01,Totalindeks,Månedsendring (prosent),2014M01,0
TOTAL,Manedsendring,2014M02,Totalindeks,Månedsendring (prosent),2014M02,0.5
TOTAL,Manedsendring,2014M03,Totalindeks,Månedsendring (prosent),2014M03,0.2
TOTAL,Manedsendring,2014M04,Totalindeks,Månedsendring (prosent),2014M04,0.4
TOTAL,Manedsendring,2014M05,Totalindeks,Månedsendring (prosent),2014M05,0.1
TOTAL,Manedsendring,2014M06,Totalindeks,Månedsendring (prosent),2014M06,-0.3
TOTAL,Manedsendring,2014M07,Totalindeks,Månedsendring (prosent),2014M07,0.8
TOTAL,Manedsendring,2014M08,Totalindeks,Månedsendring (prosent),2014M08,-0.4
TOTAL,Manedsendring,2014M09,Totalindeks,Månedsendring (prosent),2014M09,0.6
TOTAL,Manedsendring,2014M10,Totalindeks,Månedsendring (prosent),2014M10,0.1
TOTAL,Manedsendring,2014M11,Totalindeks,Månedsendring (prosent),2014M11,0
TOTAL,Manedsendring,2014M12,Totalindeks,Månedsendring (prosent),2014M12,0
TOTAL,Manedsendring,2015M01,Totalindeks,Månedsendring (prosent),2015M01,0
TOTAL,Manedsendring,2015M02,Totalindeks,Månedsendring (prosent),2015M02,0.3
TOTAL,Manedsendring,2015M03,Totalindeks,Månedsendring (prosent),2015M03,0.3
TOTAL,Manedsendring,2015M04,Totalindeks,Månedsendring (prosent),2015M04,0.4
TOTAL,Manedsendring,2015M05,Totalindeks,Månedsendring (prosent),2015M05,0.2
TOTAL,Manedsendring,2015M06,Totalindeks,Månedsendring (prosent),2015M06,0.3
TOTAL,Manedsendring,2015M07,Totalindeks,Månedsendring (prosent),2015M07,0
TOTAL,Manedsendring,2015M08,Totalindeks,Månedsendring (prosent),2015M08,-0.2
TOTAL,Manedsendring,2015M09,Totalindeks,Månedsendring (prosent),2015M09,0.7
TOTAL,Manedsendring,2015M10,Totalindeks,Månedsendring (prosent),2015M10,0.4
TOTAL,Manedsendring,2015M11,Totalindeks,Månedsendring (prosent),2015M11,0.3
TOTAL,Manedsendring,2015M12,Totalindeks,Månedsendring (prosent),2015M12,-0.4
TOTAL,Manedsendring,2016M01,Totalindeks,Månedsendring (prosent),2016M01,0.6
TOTAL,Manedsendring,2016M02,Totalindeks,Månedsendring (prosent),2016M02,0.6
TOTAL,Manedsendring,2016M03,Totalindeks,Månedsendring (prosent),2016M03,0.4
TOTAL,Manedsendring,2016M04,Totalindeks,Månedsendring (prosent),2016M04,0.4
TOTAL,Manedsendring,2016M05,Totalindeks,Månedsendring (prosent),2016M05,0.3
TOTAL,Manedsendring,2016M06,Totalindeks,Månedsendring (prosent),2016M06,0.6
TOTAL,Manedsendring,2016M07,Totalindeks,Månedsendring (prosent),2016M07,0.7
TOTAL,Manedsendring,2016M08,Totalindeks,Månedsendring (prosent),2016M08,-0.6
TOTAL,Manedsendring,2016M09,Totalindeks,Månedsendring (prosent),2016M09,0.3
TOTAL,Manedsendring,2016M10,Totalindeks,Månedsendring (prosent),2016M10,0.5
TOTAL,Manedsendring,2016M11,Totalindeks,Månedsendring (prosent),2016M11,0.2
TOTAL,Manedsendring,2016M12,Totalindeks,Månedsendring (prosent),2016M12,-0.5
TOTAL,Manedsendring,2017M01,Totalindeks,Månedsendring (prosent),2017M01,-0.1
TOTAL,Manedsendring,2017M02,Totalindeks,Månedsendring (prosent),2017M02,0.4
TOTAL,Manedsendring,2017M03,Totalindeks,Månedsendring (prosent),2017M03,0.3
TOTAL,Manedsendring,2017M04,Totalindeks,Månedsendring (prosent),2017M04,0.2
TOTAL,Manedsendring,2017M05,Totalindeks,Månedsendring (prosent),2017M05,0.2
TOTAL,Manedsendring,2017M06,Totalindeks,Månedsendring (prosent),2017M06,0.4
TOTAL,Manedsendring,2017M07,Totalindeks,Månedsendring (prosent),2017M07,0.3
TOTAL,Manedsendring,2017M08,Totalindeks,Månedsendring (prosent),2017M08,-0.8
TOTAL,Manedsendring,2017M09,Totalindeks,Månedsendring (prosent),2017M09,0.6
TOTAL,Manedsendring,2017M10,Totalindeks,Månedsendring (prosent),2017M10,0.1
TOTAL,Manedsendring,2017M11,Totalindeks,Månedsendring (prosent),2017M11,0.1
TOTAL,Manedsendring,2017M12,Totalindeks,Månedsendring (prosent),2017M12,0
TOTAL,Manedsendring,2018M01,Totalindeks,Månedsendring (prosent),2018M01,-0.1
TOTAL,Manedsendring,2018M02,Totalindeks,Månedsendring (prosent),2018M02,0.9
TOTAL,Manedsendring,2018M03,Totalindeks,Månedsendring (prosent),2018M03,0.3
TOTAL,Manedsendring,2018M04,Totalindeks,Månedsendring (prosent),2018M04,0.4
TOTAL,Manedsendring,2018M05,Totalindeks,Månedsendring (prosent),2018M05,0.1
TOTAL,Manedsendring,2018M06,Totalindeks,Månedsendring (prosent),2018M06,0.6
TOTAL,Manedsendring,2018M07,Totalindeks,Månedsendring (prosent),2018M07,0.7
TOTAL,Manedsendring,2018M08,Totalindeks,Månedsendring (prosent),2018M08,-0.4
TOTAL,Manedsendring,2018M09,Totalindeks,Månedsendring (prosent),2018M09,0.6
TOTAL,Manedsendring,2018M10,Totalindeks,Månedsendring (prosent),2018M10,-0.2
TOTAL,Manedsendring,2018M11,Totalindeks,Månedsendring (prosent),2018M11,0.5
TOTAL,Manedsendring,2018M12,Totalindeks,Månedsendring (prosent),2018M12,0
TOTAL,Manedsendring,2019M01,Totalindeks,Månedsendring (prosent),2019M01,-0.5
TOTAL,Manedsendring,2019M02,Totalindeks,Månedsendring (prosent),2019M02,0.8
TOTAL,Manedsendring,2019M03,Totalindeks,Månedsendring (prosent),2019M03,0.2
TOTAL,Manedsendring,2019M04,Totalindeks,Månedsendring (prosent),2019M04,0.4
TOTAL,Manedsendring,2019M05,Totalindeks,Månedsendring (prosent),2019M05,-0.3
TOTAL,Manedsendring,2019M06,Totalindeks,Månedsendring (prosent),2019M06,0.1
TOTAL,Manedsendring,2019M07,Totalindeks,Månedsendring (prosent),2019M07,0.7
TOTAL,Manedsendring,2019M08,Totalindeks,Månedsendring (prosent),2019M08,-0.7
TOTAL,Manedsendring,2019M09,Totalindeks,Månedsendring (prosent),2019M09,0.5
TOTAL,Manedsendring,2019M10,Totalindeks,Månedsendring (prosent),2019M10,0.2
TOTAL,Manedsendring,2019M11,Totalindeks,Månedsendring (prosent),2019M11,0.3
TOTAL,Manedsendring,2019M12,Totalindeks,Månedsendring (prosent),2019M12,-0.3
TOTAL,Manedsendring,2020M01,Totalindeks,Månedsendring (prosent),2020M01,0
TOTAL,Manedsendring,2020M02,Totalindeks,Månedsendring (prosent),2020M02,-0.1
TOTAL,Manedsendring,2020M03,Totalindeks,Månedsendring (prosent),2020M03,0
TOTAL,Manedsendring,2020M04,Totalindeks,Månedsendring (prosent),2020M04,0.4
TOTAL,Manedsendring,2020M05,Totalindeks,Månedsendring (prosent),2020M05,0.2
TOTAL,Manedsendring,2020M06,Totalindeks,Månedsendring (prosent),2020M06,0.2
TOTAL,Manedsendring,2020M07,Totalindeks,Månedsendring (prosent),2020M07,0.7
TOTAL,Manedsendring,2020M08,Totalindeks,Månedsendring (prosent),2020M08,-0.4
TOTAL,Manedsendring,2020M09,Totalindeks,Månedsendring (prosent),2020M09,0.4
TOTAL,Manedsendring,2020M10,Totalindeks,Månedsendring (prosent),2020M10,0.3
TOTAL,Manedsendring,2020M11,Totalindeks,Månedsendring (prosent),2020M11,-0.7
TOTAL,Manedsendring,2020M12,Totalindeks,Månedsendring (prosent),2020M12,0.4
TOTAL,Manedsendring,2021M01,Totalindeks,Månedsendring (prosent),2021M01,1.1
TOTAL,Manedsendring,2021M02,Totalindeks,Månedsendring (prosent),2021M02,0.7
TOTAL,Manedsendring,2021M03,Totalindeks,Månedsendring (prosent),2021M03,-0.3
TOTAL,Manedsendring,2021M04,Totalindeks,Månedsendring (prosent),2021M04,0.3
TOTAL,Manedsendring,2021M05,Totalindeks,Månedsendring (prosent),2021M05,-0.1
TOTAL,Manedsendring,2021M06,Totalindeks,Månedsendring (prosent),2021M06,0.3
TOTAL,Manedsendring,2021M07,Totalindeks,Månedsendring (prosent),2021M07,0.9
TOTAL,Manedsendring,2021M08,Totalindeks,Månedsendring (prosent),2021M08,0
TOTAL,Manedsendring,2021M09,Totalindeks,Månedsendring (prosent),2021M09,1
TOTAL,Manedsendring,2021M10,Totalindeks,Månedsendring (prosent),2021M10,-0.3
TOTAL,Manedsendring,2021M11,Totalindeks,Månedsendring (prosent),2021M11,0.8
TOTAL,Manedsendring,2021M12,Totalindeks,Månedsendring (prosent),2021M12,0.7
TOTAL,Manedsendring,2022M01,Totalindeks,Månedsendring (prosent),2022M01,-0.9
TOTAL,Manedsendring,2022M02,Totalindeks,Månedsendring (prosent),2022M02,1.1
TOTAL,Manedsendring,2022M03,Totalindeks,Månedsendring (prosent),2022M03,0.6
TOTAL,Manedsendring,2022M04,Totalindeks,Månedsendring (prosent),2022M04,1.2
TOTAL,Manedsendring,2022M05,Totalindeks,Månedsendring (prosent),2022M05,0.2
TOTAL,Manedsendring,2022M06,Totalindeks,Månedsendring (prosent),2022M06,0.9
TOTAL,Manedsendring,2022M07,Totalindeks,Månedsendring (prosent),2022M07,1.3
TOTAL,Manedsendring,2022M08,Totalindeks,Månedsendring (prosent),2022M08,-0.2
TOTAL,Manedsendring,2022M09,Totalindeks,Månedsendring (prosent),2022M09,1.4
TOTAL,Manedsendring,2022M10,Totalindeks,Månedsendring (prosent),2022M10,0.3
TOTAL,Manedsendring,2022M11,Totalindeks,Månedsendring (prosent),2022M11,-0.2
TOTAL,Manedsendring,2022M12,Totalindeks,Månedsendring (prosent),2022M12,0.1
TOTAL,Manedsendring,2023M01,Totalindeks,Månedsendring (prosent),2023M01,0.2
TOTAL,Manedsendring,2023M02,Totalindeks,Månedsendring (prosent),2023M02,0.4
TOTAL,Manedsendring,2023M03,Totalindeks,Månedsendring (prosent),2023M03,0.8
TOTAL,Manedsendring,2023M04,Totalindeks,Månedsendring (prosent),2023M04,1.1
TOTAL,Manedsendring,2023M05,Totalindeks,Månedsendring (prosent),2023M05,0.5
TOTAL,Manedsendring,2023M06,Totalindeks,Månedsendring (prosent),2023M06,0.6
TOTAL,Manedsendring,2023M07,Totalindeks,Månedsendring (prosent),2023M07,0.4
TOTAL,Manedsendring,2023M08,Totalindeks,Månedsendring (prosent),2023M08,-0.8
TOTAL,Manedsendring,2023M09,Totalindeks,Månedsendring (prosent),2023M09,-0.1
TOTAL,Manedsendring,2023M10,Totalindeks,Månedsendring (prosent),2023M10,1
TOTAL,Manedsendring,2023M11,Totalindeks,Månedsendring (prosent),2023M11,0.5
TOTAL,Manedsendring,2023M12,Totalindeks,Månedsendring (prosent),2023M12,0.1
TOTAL,Manedsendring,2024M01,Totalindeks,Månedsendring (prosent),2024M01,0.1
TOTAL,Manedsendring,2024M02,Totalindeks,Månedsendring (prosent),2024M02,0.2
TOTAL,Manedsendring,2024M03,Totalindeks,Månedsendring (prosent),2024M03,0.2
TOTAL,Manedsendring,2024M04,Totalindeks,Månedsendring (prosent),2024M04,0.8
TOTAL,Manedsendring,2024M05,Totalindeks,Månedsendring (prosent),2024M05,-0.1
TOTAL,Manedsendring,2024M06,Totalindeks,Månedsendring (prosent),2024M06,0.2
TOTAL,Manedsendring,2024M07,Totalindeks,Månedsendring (prosent),2024M07,0.5
TOTAL,Manedsendring,2024M08,Totalindeks,Månedsendring (prosent),2024M08,-0.9
TOTAL,Manedsendring,2024M09,Totalindeks,Månedsendring (prosent),2024M09,0.3
TOTAL,Manedsendring,2024M10,Totalindeks,Månedsendring (prosent),2024M10,0.6
TOTAL,Manedsendring,2024M11,Totalindeks,Månedsendring (prosent),2024M11,0.3
TOTAL,Manedsendring,2024M12,Totalindeks,Månedsendring (prosent),2024M12,-0.1
TOTAL,Manedsendring,2025M01,Totalindeks,Månedsendring (prosent),2025M01,0.2
TOTAL,Manedsendring,2025M02,Totalindeks,Månedsendring (prosent),2025M02,1.4
TOTAL,Manedsendring,2025M03,Totalindeks,Månedsendring (prosent),2025M03,-0.7
TOTAL,Manedsendring,2025M04,Totalindeks,Månedsendring (prosent),2025M04,0.7
TOTAL,Manedsendring,2025M05,Totalindeks,Månedsendring (prosent),2025M05,0.4
TOTAL,Manedsendring,2025M06,Totalindeks,Månedsendring (prosent),2025M06,0.2
TOTAL,Manedsendring,2025M07,Totalindeks,Månedsendring (prosent),2025M07,0.8
TOTAL,Manedsendring,2025M08,Totalindeks,Månedsendring (prosent),2025M08,-0.6
TOTAL,Manedsendring,2025M09,Totalindeks,Månedsendring (prosent),2025M09,0.4
TOTAL,Manedsendring,2025M10,Totalindeks,Månedsendring (prosent),2025M10,0.1
TOTAL,Manedsendring,2025M11,Totalindeks,Månedsendring (prosent),2025M11,0.1
TOTAL,Manedsendring,2025M12,Totalindeks,Månedsendring (prosent),2025M12,0.1
TOTAL,Tolvmanedersendring,1979M01,Totalindeks,12-måneders endring (prosent),1979M01,5.9
TOTAL,Tolvmanedersendring,1979M02,Totalindeks,12-måneders endring (prosent),1979M02,5.8
TOTAL,Tolvmanedersendring,1979M03,Totalindeks,12-måneders endring (prosent),1979M03,4.9
TOTAL,Tolvmanedersendring,1979M04,Totalindeks,12-måneders endring (prosent),1979M04,4.9
TOTAL,Tolvmanedersendring,1979M05,Totalindeks,12-måneders endring (prosent),1979M05,5.3
TOTAL,Tolvmanedersendring,1979M06,Totalindeks,12-måneders endring (prosent),1979M06,4.9
TOTAL,Tolvmanedersendring,1979M07,Totalindeks,12-måneders endring (prosent),1979M07,4.4
TOTAL,Tolvmanedersendring,1979M08,Totalindeks,12-måneders endring (prosent),1979M08,4.4
TOTAL,Tolvmanedersendring,1979M09,Totalindeks,12-måneders endring (prosent),1979M09,3.6
TOTAL,Tolvmanedersendring,1979M10,Totalindeks,12-måneders endring (prosent),1979M10,4
TOTAL,Tolvmanedersendring,1979M11,Totalindeks,12-måneders endring (prosent),1979M11,4.7
TOTAL,Tolvmanedersendring,1979M12,Totalindeks,12-måneders endring (prosent),1979M12,4.7
TOTAL,Tolvmanedersendring,1980M01,Totalindeks,12-måneders endring (prosent),1980M01,6.3
TOTAL,Tolvmanedersendring,1980M02,Totalindeks,12-måneders endring (prosent),1980M02,7.9
TOTAL,Tolvmanedersendring,1980M03,Totalindeks,12-måneders endring (prosent),1980M03,9
TOTAL,Tolvmanedersendring,1980M04,Totalindeks,12-måneders endring (prosent),1980M04,9.4
TOTAL,Tolvmanedersendring,1980M05,Totalindeks,12-måneders endring (prosent),1980M05,10.1
TOTAL,Tolvmanedersendring,1980M06,Totalindeks,12-måneders endring (prosent),1980M06,11.2
TOTAL,Tolvmanedersendring,1980M07,Totalindeks,12-måneders endring (prosent),1980M07,11.5
TOTAL,Tolvmanedersendring,1980M08,Totalindeks,12-måneders endring (prosent),1980M08,12.3
TOTAL,Tolvmanedersendring,1980M09,Totalindeks,12-måneders endring (prosent),1980M09,13
TOTAL,Tolvmanedersendring,1980M10,Totalindeks,12-måneders endring (prosent),1980M10,12.9
TOTAL,Tolvmanedersendring,1980M11,Totalindeks,12-måneders endring (prosent),1980M11,12.8
TOTAL,Tolvmanedersendring,1980M12,Totalindeks,12-måneders endring (prosent),1980M12,13.6
TOTAL,Tolvmanedersendring,1981M01,Totalindeks,12-måneders endring (prosent),1981M01,15.2
TOTAL,Tolvmanedersendring,1981M02,Totalindeks,12-måneders endring (prosent),1981M02,14.2
TOTAL,Tolvmanedersendring,1981M03,Totalindeks,12-måneders endring (prosent),1981M03,14.7
TOTAL,Tolvmanedersendring,1981M04,Totalindeks,12-måneders endring (prosent),1981M04,14.6
TOTAL,Tolvmanedersendring,1981M05,Totalindeks,12-måneders endring (prosent),1981M05,13.8
TOTAL,Tolvmanedersendring,1981M06,Totalindeks,12-måneders endring (prosent),1981M06,13.6
TOTAL,Tolvmanedersendring,1981M07,Totalindeks,12-måneders endring (prosent),1981M07,14.1
TOTAL,Tolvmanedersendring,1981M08,Totalindeks,12-måneders endring (prosent),1981M08,13.4
TOTAL,Tolvmanedersendring,1981M09,Totalindeks,12-måneders endring (prosent),1981M09,13.2
TOTAL,Tolvmanedersendring,1981M10,Totalindeks,12-måneders endring (prosent),1981M10,12.8
TOTAL,Tolvmanedersendring,1981M11,Totalindeks,12-måneders endring (prosent),1981M11,12.4
TOTAL,Tolvmanedersendring,1981M12,Totalindeks,12-måneders endring (prosent),1981M12,12
TOTAL,Tolvmanedersendring,1982M01,Totalindeks,12-måneders endring (prosent),1982M01,12.3
TOTAL,Tolvmanedersendring,1982M02,Totalindeks,12-måneders endring (prosent),1982M02,11.8
TOTAL,Tolvmanedersendring,1982M03,Totalindeks,12-måneders endring (prosent),1982M03,11.6
TOTAL,Tolvmanedersendring,1982M04,Totalindeks,12-måneders endring (prosent),1982M04,11.2
TOTAL,Tolvmanedersendring,1982M05,Totalindeks,12-måneders endring (prosent),1982M05,11.2
TOTAL,Tolvmanedersendring,1982M06,Totalindeks,12-måneders endring (prosent),1982M06,10.7
TOTAL,Tolvmanedersendring,1982M07,Totalindeks,12-måneders endring (prosent),1982M07,10.9
TOTAL,Tolvmanedersendring,1982M08,Totalindeks,12-måneders endring (prosent),1982M08,10.9
TOTAL,Tolvmanedersendring,1982M09,Totalindeks,12-måneders endring (prosent),1982M09,10.8
TOTAL,Tolvmanedersendring,1982M10,Totalindeks,12-måneders endring (prosent),1982M10,11.3
TOTAL,Tolvmanedersendring,1982M11,Totalindeks,12-måneders endring (prosent),1982M11,11.6
TOTAL,Tolvmanedersendring,1982M12,Totalindeks,12-måneders endring (prosent),1982M12,11.9
TOTAL,Tolvmanedersendring,1983M01,Totalindeks,12-måneders endring (prosent),1983M01,10.1
TOTAL,Tolvmanedersendring,1983M02,Totalindeks,12-måneders endring (prosent),1983M02,10
TOTAL,Tolvmanedersendring,1983M03,Totalindeks,12-måneders endring (prosent),1983M03,9.3
TOTAL,Tolvmanedersendring,1983M04,Totalindeks,12-måneders endring (prosent),1983M04,9.2
TOTAL,Tolvmanedersendring,1983M05,Totalindeks,12-måneders endring (prosent),1983M05,9.2
TOTAL,Tolvmanedersendring,1983M06,Totalindeks,12-måneders endring (prosent),1983M06,8.9
TOTAL,Tolvmanedersendring,1983M07,Totalindeks,12-måneders endring (prosent),1983M07,7.9
TOTAL,Tolvmanedersendring,1983M08,Totalindeks,12-måneders endring (prosent),1983M08,7.6
TOTAL,Tolvmanedersendring,1983M09,Totalindeks,12-måneders endring (prosent),1983M09,7.8
TOTAL,Tolvmanedersendring,1983M10,Totalindeks,12-måneders endring (prosent),1983M10,7.5
TOTAL,Tolvmanedersendring,1983M11,Totalindeks,12-måneders endring (prosent),1983M11,7.2
TOTAL,Tolvmanedersendring,1983M12,Totalindeks,12-måneders endring (prosent),1983M12,7.2
TOTAL,Tolvmanedersendring,1984M01,Totalindeks,12-måneders endring (prosent),1984M01,6.3
TOTAL,Tolvmanedersendring,1984M02,Totalindeks,12-måneders endring (prosent),1984M02,6.2
TOTAL,Tolvmanedersendring,1984M03,Totalindeks,12-måneders endring (prosent),1984M03,6.4
TOTAL,Tolvmanedersendring,1984M04,Totalindeks,12-måneders endring (prosent),1984M04,6.7
TOTAL,Tolvmanedersendring,1984M05,Totalindeks,12-måneders endring (prosent),1984M05,6.4
TOTAL,Tolvmanedersendring,1984M06,Totalindeks,12-måneders endring (prosent),1984M06,6.4
TOTAL,Tolvmanedersendring,1984M07,Totalindeks,12-måneders endring (prosent),1984M07,6.1
TOTAL,Tolvmanedersendring,1984M08,Totalindeks,12-måneders endring (prosent),1984M08,6.3
TOTAL,Tolvmanedersendring,1984M09,Totalindeks,12-måneders endring (prosent),1984M09,6
TOTAL,Tolvmanedersendring,1984M10,Totalindeks,12-måneders endring (prosent),1984M10,6
TOTAL,Tolvmanedersendring,1984M11,Totalindeks,12-måneders endring (prosent),1984M11,6
TOTAL,Tolvmanedersendring,1984M12,Totalindeks,12-måneders endring (prosent),1984M12,5.9
TOTAL,Tolvmanedersendring,1985M01,Totalindeks,12-måneders endring (prosent),1985M01,5.9
TOTAL,Tolvmanedersendring,1985M02,Totalindeks,12-måneders endring (prosent),1985M02,5.6
TOTAL,Tolvmanedersendring,1985M03,Totalindeks,12-måneders endring (prosent),1985M03,5.6
TOTAL,Tolvmanedersendring,1985M04,Totalindeks,12-måneders endring (prosent),1985M04,5.5
TOTAL,Tolvmanedersendring,1985M05,Totalindeks,12-måneders endring (prosent),1985M05,5.8
TOTAL,Tolvmanedersendring,1985M06,Totalindeks,12-måneders endring (prosent),1985M06,6
TOTAL,Tolvmanedersendring,1985M07,Totalindeks,12-måneders endring (prosent),1985M07,6
TOTAL,Tolvmanedersendring,1985M08,Totalindeks,12-måneders endring (prosent),1985M08,5.5
TOTAL,Tolvmanedersendring,1985M09,Totalindeks,12-måneders endring (prosent),1985M09,5.9
TOTAL,Tolvmanedersendring,1985M10,Totalindeks,12-måneders endring (prosent),1985M10,5.6
TOTAL,Tolvmanedersendring,1985M11,Totalindeks,12-måneders endring (prosent),1985M11,5.6
TOTAL,Tolvmanedersendring,1985M12,Totalindeks,12-måneders endring (prosent),1985M12,5.6
TOTAL,Tolvmanedersendring,1986M01,Totalindeks,12-måneders endring (prosent),1986M01,5.8
TOTAL,Tolvmanedersendring,1986M02,Totalindeks,12-måneders endring (prosent),1986M02,6
TOTAL,Tolvmanedersendring,1986M03,Totalindeks,12-måneders endring (prosent),1986M03,5.5
TOTAL,Tolvmanedersendring,1986M04,Totalindeks,12-måneders endring (prosent),1986M04,5.7
TOTAL,Tolvmanedersendring,1986M05,Totalindeks,12-måneders endring (prosent),1986M05,5.7
TOTAL,Tolvmanedersendring,1986M06,Totalindeks,12-måneders endring (prosent),1986M06,6.8
TOTAL,Tolvmanedersendring,1986M07,Totalindeks,12-måneders endring (prosent),1986M07,7.4
TOTAL,Tolvmanedersendring,1986M08,Totalindeks,12-måneders endring (prosent),1986M08,8.1
TOTAL,Tolvmanedersendring,1986M09,Totalindeks,12-måneders endring (prosent),1986M09,8.5
TOTAL,Tolvmanedersendring,1986M10,Totalindeks,12-måneders endring (prosent),1986M10,8.7
TOTAL,Tolvmanedersendring,1986M11,Totalindeks,12-måneders endring (prosent),1986M11,8.9
TOTAL,Tolvmanedersendring,1986M12,Totalindeks,12-måneders endring (prosent),1986M12,8.8
TOTAL,Tolvmanedersendring,1987M01,Totalindeks,12-måneders endring (prosent),1987M01,9.4
TOTAL,Tolvmanedersendring,1987M02,Totalindeks,12-måneders endring (prosent),1987M02,10
TOTAL,Tolvmanedersendring,1987M03,Totalindeks,12-måneders endring (prosent),1987M03,10.4
TOTAL,Tolvmanedersendring,1987M04,Totalindeks,12-måneders endring (prosent),1987M04,10.1
TOTAL,Tolvmanedersendring,1987M05,Totalindeks,12-måneders endring (prosent),1987M05,10.1
TOTAL,Tolvmanedersendring,1987M06,Totalindeks,12-måneders endring (prosent),1987M06,8.9
TOTAL,Tolvmanedersendring,1987M07,Totalindeks,12-måneders endring (prosent),1987M07,7.9
TOTAL,Tolvmanedersendring,1987M08,Totalindeks,12-måneders endring (prosent),1987M08,7.9
TOTAL,Tolvmanedersendring,1987M09,Totalindeks,12-måneders endring (prosent),1987M09,7.8
TOTAL,Tolvmanedersendring,1987M10,Totalindeks,12-måneders endring (prosent),1987M10,7.6
TOTAL,Tolvmanedersendring,1987M11,Totalindeks,12-måneders endring (prosent),1987M11,7.3
TOTAL,Tolvmanedersendring,1987M12,Totalindeks,12-måneders endring (prosent),1987M12,7.3
TOTAL,Tolvmanedersendring,1988M01,Totalindeks,12-måneders endring (prosent),1988M01,7.2
TOTAL,Tolvmanedersendring,1988M02,Totalindeks,12-måneders endring (prosent),1988M02,6.7
TOTAL,Tolvmanedersendring,1988M03,Totalindeks,12-måneders endring (prosent),1988M03,7.3
TOTAL,Tolvmanedersendring,1988M04,Totalindeks,12-måneders endring (prosent),1988M04,7
TOTAL,Tolvmanedersendring,1988M05,Totalindeks,12-måneders endring (prosent),1988M05,7
TOTAL,Tolvmanedersendring,1988M06,Totalindeks,12-måneders endring (prosent),1988M06,7
TOTAL,Tolvmanedersendring,1988M07,Totalindeks,12-måneders endring (prosent),1988M07,6.8
TOTAL,Tolvmanedersendring,1988M08,Totalindeks,12-måneders endring (prosent),1988M08,6.6
TOTAL,Tolvmanedersendring,1988M09,Totalindeks,12-måneders endring (prosent),1988M09,6.5
TOTAL,Tolvmanedersendring,1988M10,Totalindeks,12-måneders endring (prosent),1988M10,6.3
TOTAL,Tolvmanedersendring,1988M11,Totalindeks,12-måneders endring (prosent),1988M11,6.1
TOTAL,Tolvmanedersendring,1988M12,Totalindeks,12-måneders endring (prosent),1988M12,5.7
TOTAL,Tolvmanedersendring,1989M01,Totalindeks,12-måneders endring (prosent),1989M01,5
TOTAL,Tolvmanedersendring,1989M02,Totalindeks,12-måneders endring (prosent),1989M02,4.8
TOTAL,Tolvmanedersendring,1989M03,Totalindeks,12-måneders endring (prosent),1989M03,4.2
TOTAL,Tolvmanedersendring,1989M04,Totalindeks,12-måneders endring (prosent),1989M04,4.6
TOTAL,Tolvmanedersendring,1989M05,Totalindeks,12-måneders endring (prosent),1989M05,4.7
TOTAL,Tolvmanedersendring,1989M06,Totalindeks,12-måneders endring (prosent),1989M06,4.7
TOTAL,Tolvmanedersendring,1989M07,Totalindeks,12-måneders endring (prosent),1989M07,4.9
TOTAL,Tolvmanedersendring,1989M08,Totalindeks,12-måneders endring (prosent),1989M08,4.5
TOTAL,Tolvmanedersendring,1989M09,Totalindeks,12-måneders endring (prosent),1989M09,4.1
TOTAL,Tolvmanedersendring,1989M10,Totalindeks,12-måneders endring (prosent),1989M10,4.3
TOTAL,Tolvmanedersendring,1989M11,Totalindeks,12-måneders endring (prosent),1989M11,4.3
TOTAL,Tolvmanedersendring,1989M12,Totalindeks,12-måneders endring (prosent),1989M12,4.3
TOTAL,Tolvmanedersendring,1990M01,Totalindeks,12-måneders endring (prosent),1990M01,4.3
TOTAL,Tolvmanedersendring,1990M02,Totalindeks,12-måneders endring (prosent),1990M02,4.3
TOTAL,Tolvmanedersendring,1990M03,Totalindeks,12-måneders endring (prosent),1990M03,4.6
TOTAL,Tolvmanedersendring,1990M04,Totalindeks,12-måneders endring (prosent),1990M04,4
TOTAL,Tolvmanedersendring,1990M05,Totalindeks,12-måneders endring (prosent),1990M05,3.8
TOTAL,Tolvmanedersendring,1990M06,Totalindeks,12-måneders endring (prosent),1990M06,3.6
TOTAL,Tolvmanedersendring,1990M07,Totalindeks,12-måneders endring (prosent),1990M07,3.6
TOTAL,Tolvmanedersendring,1990M08,Totalindeks,12-måneders endring (prosent),1990M08,3.8
TOTAL,Tolvmanedersendring,1990M09,Totalindeks,12-måneders endring (prosent),1990M09,4
TOTAL,Tolvmanedersendring,1990M10,Totalindeks,12-måneders endring (prosent),1990M10,4.6
TOTAL,Tolvmanedersendring,1990M11,Totalindeks,12-måneders endring (prosent),1990M11,4.6
TOTAL,Tolvmanedersendring,1990M12,Totalindeks,12-måneders endring (prosent),1990M12,4.3
TOTAL,Tolvmanedersendring,1991M01,Totalindeks,12-måneders endring (prosent),1991M01,4.1
TOTAL,Tolvmanedersendring,1991M02,Totalindeks,12-måneders endring (prosent),1991M02,4.1
TOTAL,Tolvmanedersendring,1991M03,Totalindeks,12-måneders endring (prosent),1991M03,3.5
TOTAL,Tolvmanedersendring,1991M04,Totalindeks,12-måneders endring (prosent),1991M04,3.9
TOTAL,Tolvmanedersendring,1991M05,Totalindeks,12-måneders endring (prosent),1991M05,3.9
TOTAL,Tolvmanedersendring,1991M06,Totalindeks,12-måneders endring (prosent),1991M06,3.7
TOTAL,Tolvmanedersendring,1991M07,Totalindeks,12-måneders endring (prosent),1991M07,3.5
TOTAL,Tolvmanedersendring,1991M08,Totalindeks,12-måneders endring (prosent),1991M08,3.7
TOTAL,Tolvmanedersendring,1991M09,Totalindeks,12-måneders endring (prosent),1991M09,3.3
TOTAL,Tolvmanedersendring,1991M10,Totalindeks,12-måneders endring (prosent),1991M10,2.5
TOTAL,Tolvmanedersendring,1991M11,Totalindeks,12-måneders endring (prosent),1991M11,2.5
TOTAL,Tolvmanedersendring,1991M12,Totalindeks,12-måneders endring (prosent),1991M12,2.8
TOTAL,Tolvmanedersendring,1992M01,Totalindeks,12-måneders endring (prosent),1992M01,2.3
TOTAL,Tolvmanedersendring,1992M02,Totalindeks,12-måneders endring (prosent),1992M02,2.3
TOTAL,Tolvmanedersendring,1992M03,Totalindeks,12-måneders endring (prosent),1992M03,2.4
TOTAL,Tolvmanedersendring,1992M04,Totalindeks,12-måneders endring (prosent),1992M04,2.4
TOTAL,Tolvmanedersendring,1992M05,Totalindeks,12-måneders endring (prosent),1992M05,2.4
TOTAL,Tolvmanedersendring,1992M06,Totalindeks,12-måneders endring (prosent),1992M06,2.4
TOTAL,Tolvmanedersendring,1992M07,Totalindeks,12-måneders endring (prosent),1992M07,2.6
TOTAL,Tolvmanedersendring,1992M08,Totalindeks,12-måneders endring (prosent),1992M08,2.3
TOTAL,Tolvmanedersendring,1992M09,Totalindeks,12-måneders endring (prosent),1992M09,2.1
TOTAL,Tolvmanedersendring,1992M10,Totalindeks,12-måneders endring (prosent),1992M10,2.2
TOTAL,Tolvmanedersendring,1992M11,Totalindeks,12-måneders endring (prosent),1992M11,2.2
TOTAL,Tolvmanedersendring,1992M12,Totalindeks,12-måneders endring (prosent),1992M12,2.2
TOTAL,Tolvmanedersendring,1993M01,Totalindeks,12-måneders endring (prosent),1993M01,2.6
TOTAL,Tolvmanedersendring,1993M02,Totalindeks,12-måneders endring (prosent),1993M02,2.6
TOTAL,Tolvmanedersendring,1993M03,Totalindeks,12-måneders endring (prosent),1993M03,2.7
TOTAL,Tolvmanedersendring,1993M04,Totalindeks,12-måneders endring (prosent),1993M04,2.5
TOTAL,Tolvmanedersendring,1993M05,Totalindeks,12-måneders endring (prosent),1993M05,2.4
TOTAL,Tolvmanedersendring,1993M06,Totalindeks,12-måneders endring (prosent),1993M06,2.4
TOTAL,Tolvmanedersendring,1993M07,Totalindeks,12-måneders endring (prosent),1993M07,2
TOTAL,Tolvmanedersendring,1993M08,Totalindeks,12-måneders endring (prosent),1993M08,2.2
TOTAL,Tolvmanedersendring,1993M09,Totalindeks,12-måneders endring (prosent),1993M09,2.2
TOTAL,Tolvmanedersendring,1993M10,Totalindeks,12-måneders endring (prosent),1993M10,2
TOTAL,Tolvmanedersendring,1993M11,Totalindeks,12-måneders endring (prosent),1993M11,2
TOTAL,Tolvmanedersendring,1993M12,Totalindeks,12-måneders endring (prosent),1993M12,1.9
TOTAL,Tolvmanedersendring,1994M01,Totalindeks,12-måneders endring (prosent),1994M01,1.4
TOTAL,Tolvmanedersendring,1994M02,Totalindeks,12-måneders endring (prosent),1994M02,1.4
TOTAL,Tolvmanedersendring,1994M03,Totalindeks,12-måneders endring (prosent),1994M03,0.9
TOTAL,Tolvmanedersendring,1994M04,Totalindeks,12-måneders endring (prosent),1994M04,0.9
TOTAL,Tolvmanedersendring,1994M05,Totalindeks,12-måneders endring (prosent),1994M05,0.9
TOTAL,Tolvmanedersendring,1994M06,Totalindeks,12-måneders endring (prosent),1994M06,1.1
TOTAL,Tolvmanedersendring,1994M07,Totalindeks,12-måneders endring (prosent),1994M07,1.4
TOTAL,Tolvmanedersendring,1994M08,Totalindeks,12-måneders endring (prosent),1994M08,1.5
TOTAL,Tolvmanedersendring,1994M09,Totalindeks,12-måneders endring (prosent),1994M09,1.7
TOTAL,Tolvmanedersendring,1994M10,Totalindeks,12-måneders endring (prosent),1994M10,1.7
TOTAL,Tolvmanedersendring,1994M11,Totalindeks,12-måneders endring (prosent),1994M11,1.7
TOTAL,Tolvmanedersendring,1994M12,Totalindeks,12-måneders endring (prosent),1994M12,1.8
TOTAL,Tolvmanedersendring,1995M01,Totalindeks,12-måneders endring (prosent),1995M01,2.6
TOTAL,Tolvmanedersendring,1995M02,Totalindeks,12-måneders endring (prosent),1995M02,2.6
TOTAL,Tolvmanedersendring,1995M03,Totalindeks,12-måneders endring (prosent),1995M03,2.8
TOTAL,Tolvmanedersendring,1995M04,Totalindeks,12-måneders endring (prosent),1995M04,2.6
TOTAL,Tolvmanedersendring,1995M05,Totalindeks,12-måneders endring (prosent),1995M05,2.7
TOTAL,Tolvmanedersendring,1995M06,Totalindeks,12-måneders endring (prosent),1995M06,2.7
TOTAL,Tolvmanedersendring,1995M07,Totalindeks,12-måneders endring (prosent),1995M07,2.4
TOTAL,Tolvmanedersendring,1995M08,Totalindeks,12-måneders endring (prosent),1995M08,2.3
TOTAL,Tolvmanedersendring,1995M09,Totalindeks,12-måneders endring (prosent),1995M09,2.3
TOTAL,Tolvmanedersendring,1995M10,Totalindeks,12-måneders endring (prosent),1995M10,2.3
TOTAL,Tolvmanedersendring,1995M11,Totalindeks,12-måneders endring (prosent),1995M11,2.1
TOTAL,Tolvmanedersendring,1995M12,Totalindeks,12-måneders endring (prosent),1995M12,2.1
TOTAL,Tolvmanedersendring,1996M01,Totalindeks,12-måneders endring (prosent),1996M01,1.1
TOTAL,Tolvmanedersendring,1996M02,Totalindeks,12-måneders endring (prosent),1996M02,0.9
TOTAL,Tolvmanedersendring,1996M03,Totalindeks,12-måneders endring (prosent),1996M03,0.7
TOTAL,Tolvmanedersendring,1996M04,Totalindeks,12-måneders endring (prosent),1996M04,1
TOTAL,Tolvmanedersendring,1996M05,Totalindeks,12-måneders endring (prosent),1996M05,1
TOTAL,Tolvmanedersendring,1996M06,Totalindeks,12-måneders endring (prosent),1996M06,0.9
TOTAL,Tolvmanedersendring,1996M07,Totalindeks,12-måneders endring (prosent),1996M07,1.3
TOTAL,Tolvmanedersendring,1996M08,Totalindeks,12-måneders endring (prosent),1996M08,1.5
TOTAL,Tolvmanedersendring,1996M09,Totalindeks,12-måneders endring (prosent),1996M09,1.3
TOTAL,Tolvmanedersendring,1996M10,Totalindeks,12-måneders endring (prosent),1996M10,1.8
TOTAL,Tolvmanedersendring,1996M11,Totalindeks,12-måneders endring (prosent),1996M11,1.8
TOTAL,Tolvmanedersendring,1996M12,Totalindeks,12-måneders endring (prosent),1996M12,1.8
TOTAL,Tolvmanedersendring,1997M01,Totalindeks,12-måneders endring (prosent),1997M01,3
TOTAL,Tolvmanedersendring,1997M02,Totalindeks,12-måneders endring (prosent),1997M02,3.3
TOTAL,Tolvmanedersendring,1997M03,Totalindeks,12-måneders endring (prosent),1997M03,3
TOTAL,Tolvmanedersendring,1997M04,Totalindeks,12-måneders endring (prosent),1997M04,2.7
TOTAL,Tolvmanedersendring,1997M05,Totalindeks,12-måneders endring (prosent),1997M05,2.6
TOTAL,Tolvmanedersendring,1997M06,Totalindeks,12-måneders endring (prosent),1997M06,2.8
TOTAL,Tolvmanedersendring,1997M07,Totalindeks,12-måneders endring (prosent),1997M07,2.3
TOTAL,Tolvmanedersendring,1997M08,Totalindeks,12-måneders endring (prosent),1997M08,2.2
TOTAL,Tolvmanedersendring,1997M09,Totalindeks,12-måneders endring (prosent),1997M09,2.3
TOTAL,Tolvmanedersendring,1997M10,Totalindeks,12-måneders endring (prosent),1997M10,2
TOTAL,Tolvmanedersendring,1997M11,Totalindeks,12-måneders endring (prosent),1997M11,2.3
TOTAL,Tolvmanedersendring,1997M12,Totalindeks,12-måneders endring (prosent),1997M12,2.3
TOTAL,Tolvmanedersendring,1998M01,Totalindeks,12-måneders endring (prosent),1998M01,2
TOTAL,Tolvmanedersendring,1998M02,Totalindeks,12-måneders endring (prosent),1998M02,2
TOTAL,Tolvmanedersendring,1998M03,Totalindeks,12-måneders endring (prosent),1998M03,2.4
TOTAL,Tolvmanedersendring,1998M04,Totalindeks,12-måneders endring (prosent),1998M04,2.4
TOTAL,Tolvmanedersendring,1998M05,Totalindeks,12-måneders endring (prosent),1998M05,2.1
TOTAL,Tolvmanedersendring,1998M06,Totalindeks,12-måneders endring (prosent),1998M06,2.1
TOTAL,Tolvmanedersendring,1998M07,Totalindeks,12-måneders endring (prosent),1998M07,2.3
TOTAL,Tolvmanedersendring,1998M08,Totalindeks,12-måneders endring (prosent),1998M08,2.1
TOTAL,Tolvmanedersendring,1998M09,Totalindeks,12-måneders endring (prosent),1998M09,2.4
TOTAL,Tolvmanedersendring,1998M10,Totalindeks,12-måneders endring (prosent),1998M10,2.3
TOTAL,Tolvmanedersendring,1998M11,Totalindeks,12-måneders endring (prosent),1998M11,2.3
TOTAL,Tolvmanedersendring,1998M12,Totalindeks,12-måneders endring (prosent),1998M12,2.4
TOTAL,Tolvmanedersendring,1999M01,Totalindeks,12-måneders endring (prosent),1999M01,2.4
TOTAL,Tolvmanedersendring,1999M02,Totalindeks,12-måneders endring (prosent),1999M02,2.1
TOTAL,Tolvmanedersendring,1999M03,Totalindeks,12-måneders endring (prosent),1999M03,2.2
TOTAL,Tolvmanedersendring,1999M04,Totalindeks,12-måneders endring (prosent),1999M04,2.5
TOTAL,Tolvmanedersendring,1999M05,Totalindeks,12-måneders endring (prosent),1999M05,2.5
TOTAL,Tolvmanedersendring,1999M06,Totalindeks,12-måneders endring (prosent),1999M06,2.4
TOTAL,Tolvmanedersendring,1999M07,Totalindeks,12-måneders endring (prosent),1999M07,2.1
TOTAL,Tolvmanedersendring,1999M08,Totalindeks,12-måneders endring (prosent),1999M08,2
TOTAL,Tolvmanedersendring,1999M09,Totalindeks,12-måneders endring (prosent),1999M09,2.1
TOTAL,Tolvmanedersendring,1999M10,Totalindeks,12-måneders endring (prosent),1999M10,2.5
TOTAL,Tolvmanedersendring,1999M11,Totalindeks,12-måneders endring (prosent),1999M11,2.8
TOTAL,Tolvmanedersendring,1999M12,Totalindeks,12-måneders endring (prosent),1999M12,2.8
TOTAL,Tolvmanedersendring,2000M01,Totalindeks,12-måneders endring (prosent),2000M01,2.9
TOTAL,Tolvmanedersendring,2000M02,Totalindeks,12-måneders endring (prosent),2000M02,3.2
TOTAL,Tolvmanedersendring,2000M03,Totalindeks,12-måneders endring (prosent),2000M03,2.6
TOTAL,Tolvmanedersendring,2000M04,Totalindeks,12-måneders endring (prosent),2000M04,2.6
TOTAL,Tolvmanedersendring,2000M05,Totalindeks,12-måneders endring (prosent),2000M05,2.9
TOTAL,Tolvmanedersendring,2000M06,Totalindeks,12-måneders endring (prosent),2000M06,3.3
TOTAL,Tolvmanedersendring,2000M07,Totalindeks,12-måneders endring (prosent),2000M07,3.2
TOTAL,Tolvmanedersendring,2000M08,Totalindeks,12-måneders endring (prosent),2000M08,3.6
TOTAL,Tolvmanedersendring,2000M09,Totalindeks,12-måneders endring (prosent),2000M09,3.5
TOTAL,Tolvmanedersendring,2000M10,Totalindeks,12-måneders endring (prosent),2000M10,3.1
TOTAL,Tolvmanedersendring,2000M11,Totalindeks,12-måneders endring (prosent),2000M11,3.2
TOTAL,Tolvmanedersendring,2000M12,Totalindeks,12-måneders endring (prosent),2000M12,3
TOTAL,Tolvmanedersendring,2001M01,Totalindeks,12-måneders endring (prosent),2001M01,3.2
TOTAL,Tolvmanedersendring,2001M02,Totalindeks,12-måneders endring (prosent),2001M02,3.6
TOTAL,Tolvmanedersendring,2001M03,Totalindeks,12-måneders endring (prosent),2001M03,3.7
TOTAL,Tolvmanedersendring,2001M04,Totalindeks,12-måneders endring (prosent),2001M04,3.9
TOTAL,Tolvmanedersendring,2001M05,Totalindeks,12-måneders endring (prosent),2001M05,4.3
TOTAL,Tolvmanedersendring,2001M06,Totalindeks,12-måneders endring (prosent),2001M06,3.7
TOTAL,Tolvmanedersendring,2001M07,Totalindeks,12-måneders endring (prosent),2001M07,2.8
TOTAL,Tolvmanedersendring,2001M08,Totalindeks,12-måneders endring (prosent),2001M08,2.7
TOTAL,Tolvmanedersendring,2001M09,Totalindeks,12-måneders endring (prosent),2001M09,2.2
TOTAL,Tolvmanedersendring,2001M10,Totalindeks,12-måneders endring (prosent),2001M10,2.2
TOTAL,Tolvmanedersendring,2001M11,Totalindeks,12-måneders endring (prosent),2001M11,1.7
TOTAL,Tolvmanedersendring,2001M12,Totalindeks,12-måneders endring (prosent),2001M12,2.1
TOTAL,Tolvmanedersendring,2002M01,Totalindeks,12-måneders endring (prosent),2002M01,1.4
TOTAL,Tolvmanedersendring,2002M02,Totalindeks,12-måneders endring (prosent),2002M02,0.8
TOTAL,Tolvmanedersendring,2002M03,Totalindeks,12-måneders endring (prosent),2002M03,0.9
TOTAL,Tolvmanedersendring,2002M04,Totalindeks,12-måneders endring (prosent),2002M04,0.6
TOTAL,Tolvmanedersendring,2002M05,Totalindeks,12-måneders endring (prosent),2002M05,0.4
TOTAL,Tolvmanedersendring,2002M06,Totalindeks,12-måneders endring (prosent),2002M06,0.4
TOTAL,Tolvmanedersendring,2002M07,Totalindeks,12-måneders endring (prosent),2002M07,1.6
TOTAL,Tolvmanedersendring,2002M08,Totalindeks,12-måneders endring (prosent),2002M08,1.3
TOTAL,Tolvmanedersendring,2002M09,Totalindeks,12-måneders endring (prosent),2002M09,1.4
TOTAL,Tolvmanedersendring,2002M10,Totalindeks,12-måneders endring (prosent),2002M10,1.8
TOTAL,Tolvmanedersendring,2002M11,Totalindeks,12-måneders endring (prosent),2002M11,2.2
TOTAL,Tolvmanedersendring,2002M12,Totalindeks,12-måneders endring (prosent),2002M12,2.7
TOTAL,Tolvmanedersendring,2003M01,Totalindeks,12-måneders endring (prosent),2003M01,5
TOTAL,Tolvmanedersendring,2003M02,Totalindeks,12-måneders endring (prosent),2003M02,5
TOTAL,Tolvmanedersendring,2003M03,Totalindeks,12-måneders endring (prosent),2003M03,3.8
TOTAL,Tolvmanedersendring,2003M04,Totalindeks,12-måneders endring (prosent),2003M04,2.9
TOTAL,Tolvmanedersendring,2003M05,Totalindeks,12-måneders endring (prosent),2003M05,2
TOTAL,Tolvmanedersendring,2003M06,Totalindeks,12-måneders endring (prosent),2003M06,1.8
TOTAL,Tolvmanedersendring,2003M07,Totalindeks,12-måneders endring (prosent),2003M07,1.5
TOTAL,Tolvmanedersendring,2003M08,Totalindeks,12-måneders endring (prosent),2003M08,2.2
TOTAL,Tolvmanedersendring,2003M09,Totalindeks,12-måneders endring (prosent),2003M09,2
TOTAL,Tolvmanedersendring,2003M10,Totalindeks,12-måneders endring (prosent),2003M10,1.6
TOTAL,Tolvmanedersendring,2003M11,Totalindeks,12-måneders endring (prosent),2003M11,1.4
TOTAL,Tolvmanedersendring,2003M12,Totalindeks,12-måneders endring (prosent),2003M12,0.6
TOTAL,Tolvmanedersendring,2004M01,Totalindeks,12-måneders endring (prosent),2004M01,-1.8
TOTAL,Tolvmanedersendring,2004M02,Totalindeks,12-måneders endring (prosent),2004M02,-1.8
TOTAL,Tolvmanedersendring,2004M03,Totalindeks,12-måneders endring (prosent),2004M03,-0.6
TOTAL,Tolvmanedersendring,2004M04,Totalindeks,12-måneders endring (prosent),2004M04,0.2
TOTAL,Tolvmanedersendring,2004M05,Totalindeks,12-måneders endring (prosent),2004M05,1
TOTAL,Tolvmanedersendring,2004M06,Totalindeks,12-måneders endring (prosent),2004M06,1.2
TOTAL,Tolvmanedersendring,2004M07,Totalindeks,12-måneders endring (prosent),2004M07,1.5
TOTAL,Tolvmanedersendring,2004M08,Totalindeks,12-måneders endring (prosent),2004M08,1
TOTAL,Tolvmanedersendring,2004M09,Totalindeks,12-måneders endring (prosent),2004M09,1.1
TOTAL,Tolvmanedersendring,2004M10,Totalindeks,12-måneders endring (prosent),2004M10,1.4
TOTAL,Tolvmanedersendring,2004M11,Totalindeks,12-måneders endring (prosent),2004M11,1.2
TOTAL,Tolvmanedersendring,2004M12,Totalindeks,12-måneders endring (prosent),2004M12,1.1
TOTAL,Tolvmanedersendring,2005M01,Totalindeks,12-måneders endring (prosent),2005M01,1
TOTAL,Tolvmanedersendring,2005M02,Totalindeks,12-måneders endring (prosent),2005M02,1
TOTAL,Tolvmanedersendring,2005M03,Totalindeks,12-måneders endring (prosent),2005M03,1
TOTAL,Tolvmanedersendring,2005M04,Totalindeks,12-måneders endring (prosent),2005M04,1.4
TOTAL,Tolvmanedersendring,2005M05,Totalindeks,12-måneders endring (prosent),2005M05,1.6
TOTAL,Tolvmanedersendring,2005M06,Totalindeks,12-måneders endring (prosent),2005M06,1.6
TOTAL,Tolvmanedersendring,2005M07,Totalindeks,12-måneders endring (prosent),2005M07,1.5
TOTAL,Tolvmanedersendring,2005M08,Totalindeks,12-måneders endring (prosent),2005M08,1.9
TOTAL,Tolvmanedersendring,2005M09,Totalindeks,12-måneders endring (prosent),2005M09,2
TOTAL,Tolvmanedersendring,2005M10,Totalindeks,12-måneders endring (prosent),2005M10,1.8
TOTAL,Tolvmanedersendring,2005M11,Totalindeks,12-måneders endring (prosent),2005M11,1.8
TOTAL,Tolvmanedersendring,2005M12,Totalindeks,12-måneders endring (prosent),2005M12,1.8
TOTAL,Tolvmanedersendring,2006M01,Totalindeks,12-måneders endring (prosent),2006M01,1.8
TOTAL,Tolvmanedersendring,2006M02,Totalindeks,12-måneders endring (prosent),2006M02,2.6
TOTAL,Tolvmanedersendring,2006M03,Totalindeks,12-måneders endring (prosent),2006M03,2.3
TOTAL,Tolvmanedersendring,2006M04,Totalindeks,12-måneders endring (prosent),2006M04,2.7
TOTAL,Tolvmanedersendring,2006M05,Totalindeks,12-måneders endring (prosent),2006M05,2.3
TOTAL,Tolvmanedersendring,2006M06,Totalindeks,12-måneders endring (prosent),2006M06,2.2
TOTAL,Tolvmanedersendring,2006M07,Totalindeks,12-måneders endring (prosent),2006M07,2.1
TOTAL,Tolvmanedersendring,2006M08,Totalindeks,12-måneders endring (prosent),2006M08,1.9
TOTAL,Tolvmanedersendring,2006M09,Totalindeks,12-måneders endring (prosent),2006M09,2.7
TOTAL,Tolvmanedersendring,2006M10,Totalindeks,12-måneders endring (prosent),2006M10,2.7
TOTAL,Tolvmanedersendring,2006M11,Totalindeks,12-måneders endring (prosent),2006M11,2.5
TOTAL,Tolvmanedersendring,2006M12,Totalindeks,12-måneders endring (prosent),2006M12,2.2
TOTAL,Tolvmanedersendring,2007M01,Totalindeks,12-måneders endring (prosent),2007M01,1.2
TOTAL,Tolvmanedersendring,2007M02,Totalindeks,12-måneders endring (prosent),2007M02,0.7
TOTAL,Tolvmanedersendring,2007M03,Totalindeks,12-måneders endring (prosent),2007M03,1.1
TOTAL,Tolvmanedersendring,2007M04,Totalindeks,12-måneders endring (prosent),2007M04,0.2
TOTAL,Tolvmanedersendring,2007M05,Totalindeks,12-måneders endring (prosent),2007M05,0.4
TOTAL,Tolvmanedersendring,2007M06,Totalindeks,12-måneders endring (prosent),2007M06,0.4
TOTAL,Tolvmanedersendring,2007M07,Totalindeks,12-måneders endring (prosent),2007M07,0.5
TOTAL,Tolvmanedersendring,2007M08,Totalindeks,12-måneders endring (prosent),2007M08,0.4
TOTAL,Tolvmanedersendring,2007M09,Totalindeks,12-måneders endring (prosent),2007M09,-0.4
TOTAL,Tolvmanedersendring,2007M10,Totalindeks,12-måneders endring (prosent),2007M10,-0.2
TOTAL,Tolvmanedersendring,2007M11,Totalindeks,12-måneders endring (prosent),2007M11,1.5
TOTAL,Tolvmanedersendring,2007M12,Totalindeks,12-måneders endring (prosent),2007M12,2.8
TOTAL,Tolvmanedersendring,2008M01,Totalindeks,12-måneders endring (prosent),2008M01,3.6
TOTAL,Tolvmanedersendring,2008M02,Totalindeks,12-måneders endring (prosent),2008M02,3.8
TOTAL,Tolvmanedersendring,2008M03,Totalindeks,12-måneders endring (prosent),2008M03,3.2
TOTAL,Tolvmanedersendring,2008M04,Totalindeks,12-måneders endring (prosent),2008M04,3.2
TOTAL,Tolvmanedersendring,2008M05,Totalindeks,12-måneders endring (prosent),2008M05,3.1
TOTAL,Tolvmanedersendring,2008M06,Totalindeks,12-måneders endring (prosent),2008M06,3.4
TOTAL,Tolvmanedersendring,2008M07,Totalindeks,12-måneders endring (prosent),2008M07,4.3
TOTAL,Tolvmanedersendring,2008M08,Totalindeks,12-måneders endring (prosent),2008M08,4.5
TOTAL,Tolvmanedersendring,2008M09,Totalindeks,12-måneders endring (prosent),2008M09,5.3
TOTAL,Tolvmanedersendring,2008M10,Totalindeks,12-måneders endring (prosent),2008M10,5.4
TOTAL,Tolvmanedersendring,2008M11,Totalindeks,12-måneders endring (prosent),2008M11,3.1
TOTAL,Tolvmanedersendring,2008M12,Totalindeks,12-måneders endring (prosent),2008M12,2.2
TOTAL,Tolvmanedersendring,2009M01,Totalindeks,12-måneders endring (prosent),2009M01,2.3
TOTAL,Tolvmanedersendring,2009M02,Totalindeks,12-måneders endring (prosent),2009M02,2.5
TOTAL,Tolvmanedersendring,2009M03,Totalindeks,12-måneders endring (prosent),2009M03,2.5
TOTAL,Tolvmanedersendring,2009M04,Totalindeks,12-måneders endring (prosent),2009M04,2.9
TOTAL,Tolvmanedersendring,2009M05,Totalindeks,12-måneders endring (prosent),2009M05,3.1
TOTAL,Tolvmanedersendring,2009M06,Totalindeks,12-måneders endring (prosent),2009M06,3.4
TOTAL,Tolvmanedersendring,2009M07,Totalindeks,12-måneders endring (prosent),2009M07,2.3
TOTAL,Tolvmanedersendring,2009M08,Totalindeks,12-måneders endring (prosent),2009M08,1.9
TOTAL,Tolvmanedersendring,2009M09,Totalindeks,12-måneders endring (prosent),2009M09,1.2
TOTAL,Tolvmanedersendring,2009M10,Totalindeks,12-måneders endring (prosent),2009M10,0.7
TOTAL,Tolvmanedersendring,2009M11,Totalindeks,12-måneders endring (prosent),2009M11,1.6
TOTAL,Tolvmanedersendring,2009M12,Totalindeks,12-måneders endring (prosent),2009M12,2
TOTAL,Tolvmanedersendring,2010M01,Totalindeks,12-måneders endring (prosent),2010M01,2.5
TOTAL,Tolvmanedersendring,2010M02,Totalindeks,12-måneders endring (prosent),2010M02,2.9
TOTAL,Tolvmanedersendring,2010M03,Totalindeks,12-måneders endring (prosent),2010M03,3.5
TOTAL,Tolvmanedersendring,2010M04,Totalindeks,12-måneders endring (prosent),2010M04,3.3
TOTAL,Tolvmanedersendring,2010M05,Totalindeks,12-måneders endring (prosent),2010M05,2.6
TOTAL,Tolvmanedersendring,2010M06,Totalindeks,12-måneders endring (prosent),2010M06,1.9
TOTAL,Tolvmanedersendring,2010M07,Totalindeks,12-måneders endring (prosent),2010M07,1.9
TOTAL,Tolvmanedersendring,2010M08,Totalindeks,12-måneders endring (prosent),2010M08,1.9
TOTAL,Tolvmanedersendring,2010M09,Totalindeks,12-måneders endring (prosent),2010M09,1.8
TOTAL,Tolvmanedersendring,2010M10,Totalindeks,12-måneders endring (prosent),2010M10,2.1
TOTAL,Tolvmanedersendring,2010M11,Totalindeks,12-måneders endring (prosent),2010M11,2
TOTAL,Tolvmanedersendring,2010M12,Totalindeks,12-måneders endring (prosent),2010M12,2.8
TOTAL,Tolvmanedersendring,2011M01,Totalindeks,12-måneders endring (prosent),2011M01,2
TOTAL,Tolvmanedersendring,2011M02,Totalindeks,12-måneders endring (prosent),2011M02,1.2
TOTAL,Tolvmanedersendring,2011M03,Totalindeks,12-måneders endring (prosent),2011M03,1
TOTAL,Tolvmanedersendring,2011M04,Totalindeks,12-måneders endring (prosent),2011M04,1.3
TOTAL,Tolvmanedersendring,2011M05,Totalindeks,12-måneders endring (prosent),2011M05,1.6
TOTAL,Tolvmanedersendring,2011M06,Totalindeks,12-måneders endring (prosent),2011M06,1.4
TOTAL,Tolvmanedersendring,2011M07,Totalindeks,12-måneders endring (prosent),2011M07,1.6
TOTAL,Tolvmanedersendring,2011M08,Totalindeks,12-måneders endring (prosent),2011M08,1.3
TOTAL,Tolvmanedersendring,2011M09,Totalindeks,12-måneders endring (prosent),2011M09,1.5
TOTAL,Tolvmanedersendring,2011M10,Totalindeks,12-måneders endring (prosent),2011M10,1.3
TOTAL,Tolvmanedersendring,2011M11,Totalindeks,12-måneders endring (prosent),2011M11,1.1
TOTAL,Tolvmanedersendring,2011M12,Totalindeks,12-måneders endring (prosent),2011M12,0.1
TOTAL,Tolvmanedersendring,2012M01,Totalindeks,12-måneders endring (prosent),2012M01,0.5
TOTAL,Tolvmanedersendring,2012M02,Totalindeks,12-måneders endring (prosent),2012M02,1.2
TOTAL,Tolvmanedersendring,2012M03,Totalindeks,12-måneders endring (prosent),2012M03,0.7
TOTAL,Tolvmanedersendring,2012M04,Totalindeks,12-måneders endring (prosent),2012M04,0.3
TOTAL,Tolvmanedersendring,2012M05,Totalindeks,12-måneders endring (prosent),2012M05,0.5
TOTAL,Tolvmanedersendring,2012M06,Totalindeks,12-måneders endring (prosent),2012M06,0.3
TOTAL,Tolvmanedersendring,2012M07,Totalindeks,12-måneders endring (prosent),2012M07,0.2
TOTAL,Tolvmanedersendring,2012M08,Totalindeks,12-måneders endring (prosent),2012M08,0.3
TOTAL,Tolvmanedersendring,2012M09,Totalindeks,12-måneders endring (prosent),2012M09,0.5
TOTAL,Tolvmanedersendring,2012M10,Totalindeks,12-måneders endring (prosent),2012M10,1.1
TOTAL,Tolvmanedersendring,2012M11,Totalindeks,12-måneders endring (prosent),2012M11,1.2
TOTAL,Tolvmanedersendring,2012M12,Totalindeks,12-måneders endring (prosent),2012M12,1.4
TOTAL,Tolvmanedersendring,2013M01,Totalindeks,12-måneders endring (prosent),2013M01,1.4
TOTAL,Tolvmanedersendring,2013M02,Totalindeks,12-måneders endring (prosent),2013M02,1
TOTAL,Tolvmanedersendring,2013M03,Totalindeks,12-måneders endring (prosent),2013M03,1.4
TOTAL,Tolvmanedersendring,2013M04,Totalindeks,12-måneders endring (prosent),2013M04,1.8
TOTAL,Tolvmanedersendring,2013M05,Totalindeks,12-måneders endring (prosent),2013M05,1.9
TOTAL,Tolvmanedersendring,2013M06,Totalindeks,12-måneders endring (prosent),2013M06,2.1
TOTAL,Tolvmanedersendring,2013M07,Totalindeks,12-måneders endring (prosent),2013M07,3
TOTAL,Tolvmanedersendring,2013M08,Totalindeks,12-måneders endring (prosent),2013M08,3.3
TOTAL,Tolvmanedersendring,2013M09,Totalindeks,12-måneders endring (prosent),2013M09,2.7
TOTAL,Tolvmanedersendring,2013M10,Totalindeks,12-måneders endring (prosent),2013M10,2.4
TOTAL,Tolvmanedersendring,2013M11,Totalindeks,12-måneders endring (prosent),2013M11,2.4
TOTAL,Tolvmanedersendring,2013M12,Totalindeks,12-måneders endring (prosent),2013M12,2
TOTAL,Tolvmanedersendring,2014M01,Totalindeks,12-måneders endring (prosent),2014M01,2.2
TOTAL,Tolvmanedersendring,2014M02,Totalindeks,12-måneders endring (prosent),2014M02,2.1
TOTAL,Tolvmanedersendring,2014M03,Totalindeks,12-måneders endring (prosent),2014M03,2
TOTAL,Tolvmanedersendring,2014M04,Totalindeks,12-måneders endring (prosent),2014M04,1.9
TOTAL,Tolvmanedersendring,2014M05,Totalindeks,12-måneders endring (prosent),2014M05,1.9
TOTAL,Tolvmanedersendring,2014M06,Totalindeks,12-måneders endring (prosent),2014M06,1.9
TOTAL,Tolvmanedersendring,2014M07,Totalindeks,12-måneders endring (prosent),2014M07,2.3
TOTAL,Tolvmanedersendring,2014M08,Totalindeks,12-måneders endring (prosent),2014M08,2
TOTAL,Tolvmanedersendring,2014M09,Totalindeks,12-måneders endring (prosent),2014M09,2.2
TOTAL,Tolvmanedersendring,2014M10,Totalindeks,12-måneders endring (prosent),2014M10,2.1
TOTAL,Tolvmanedersendring,2014M11,Totalindeks,12-måneders endring (prosent),2014M11,2
TOTAL,Tolvmanedersendring,2014M12,Totalindeks,12-måneders endring (prosent),2014M12,2.1
TOTAL,Tolvmanedersendring,2015M01,Totalindeks,12-måneders endring (prosent),2015M01,2.1
TOTAL,Tolvmanedersendring,2015M02,Totalindeks,12-måneders endring (prosent),2015M02,1.9
TOTAL,Tolvmanedersendring,2015M03,Totalindeks,12-måneders endring (prosent),2015M03,2
TOTAL,Tolvmanedersendring,2015M04,Totalindeks,12-måneders endring (prosent),2015M04,1.9
TOTAL,Tolvmanedersendring,2015M05,Totalindeks,12-måneders endring (prosent),2015M05,2
TOTAL,Tolvmanedersendring,2015M06,Totalindeks,12-måneders endring (prosent),2015M06,2.7
TOTAL,Tolvmanedersendring,2015M07,Totalindeks,12-måneders endring (prosent),2015M07,1.8
TOTAL,Tolvmanedersendring,2015M08,Totalindeks,12-måneders endring (prosent),2015M08,2
TOTAL,Tolvmanedersendring,2015M09,Totalindeks,12-måneders endring (prosent),2015M09,2.1
TOTAL,Tolvmanedersendring,2015M10,Totalindeks,12-måneders endring (prosent),2015M10,2.4
TOTAL,Tolvmanedersendring,2015M11,Totalindeks,12-måneders endring (prosent),2015M11,2.7
TOTAL,Tolvmanedersendring,2015M12,Totalindeks,12-måneders endring (prosent),2015M12,2.3
TOTAL,Tolvmanedersendring,2016M01,Totalindeks,12-måneders endring (prosent),2016M01,2.9
TOTAL,Tolvmanedersendring,2016M02,Totalindeks,12-måneders endring (prosent),2016M02,3.2
TOTAL,Tolvmanedersendring,2016M03,Totalindeks,12-måneders endring (prosent),2016M03,3.3
TOTAL,Tolvmanedersendring,2016M04,Totalindeks,12-måneders endring (prosent),2016M04,3.3
TOTAL,Tolvmanedersendring,2016M05,Totalindeks,12-måneders endring (prosent),2016M05,3.4
TOTAL,Tolvmanedersendring,2016M06,Totalindeks,12-måneders endring (prosent),2016M06,3.7
TOTAL,Tolvmanedersendring,2016M07,Totalindeks,12-måneders endring (prosent),2016M07,4.4
TOTAL,Tolvmanedersendring,2016M08,Totalindeks,12-måneders endring (prosent),2016M08,4
TOTAL,Tolvmanedersendring,2016M09,Totalindeks,12-måneders endring (prosent),2016M09,3.6
TOTAL,Tolvmanedersendring,2016M10,Totalindeks,12-måneders endring (prosent),2016M10,3.7
TOTAL,Tolvmanedersendring,2016M11,Totalindeks,12-måneders endring (prosent),2016M11,3.6
TOTAL,Tolvmanedersendring,2016M12,Totalindeks,12-måneders endring (prosent),2016M12,3.5
TOTAL,Tolvmanedersendring,2017M01,Totalindeks,12-måneders endring (prosent),2017M01,2.8
TOTAL,Tolvmanedersendring,2017M02,Totalindeks,12-måneders endring (prosent),2017M02,2.5
TOTAL,Tolvmanedersendring,2017M03,Totalindeks,12-måneders endring (prosent),2017M03,2.4
TOTAL,Tolvmanedersendring,2017M04,Totalindeks,12-måneders endring (prosent),2017M04,2.2
TOTAL,Tolvmanedersendring,2017M05,Totalindeks,12-måneders endring (prosent),2017M05,2.1
TOTAL,Tolvmanedersendring,2017M06,Totalindeks,12-måneders endring (prosent),2017M06,1.9
TOTAL,Tolvmanedersendring,2017M07,Totalindeks,12-måneders endring (prosent),2017M07,1.5
TOTAL,Tolvmanedersendring,2017M08,Totalindeks,12-måneders endring (prosent),2017M08,1.3
TOTAL,Tolvmanedersendring,2017M09,Totalindeks,12-måneders endring (prosent),2017M09,1.6
TOTAL,Tolvmanedersendring,2017M10,Totalindeks,12-måneders endring (prosent),2017M10,1.2
TOTAL,Tolvmanedersendring,2017M11,Totalindeks,12-måneders endring (prosent),2017M11,1.1
TOTAL,Tolvmanedersendring,2017M12,Totalindeks,12-måneders endring (prosent),2017M12,1.6
TOTAL,Tolvmanedersendring,2018M01,Totalindeks,12-måneders endring (prosent),2018M01,1.6
TOTAL,Tolvmanedersendring,2018M02,Totalindeks,12-måneders endring (prosent),2018M02,2.2
TOTAL,Tolvmanedersendring,2018M03,Totalindeks,12-måneders endring (prosent),2018M03,2.2
TOTAL,Tolvmanedersendring,2018M04,Totalindeks,12-måneders endring (prosent),2018M04,2.4
TOTAL,Tolvmanedersendring,2018M05,Totalindeks,12-måneders endring (prosent),2018M05,2.3
TOTAL,Tolvmanedersendring,2018M06,Totalindeks,12-måneders endring (prosent),2018M06,2.6
TOTAL,Tolvmanedersendring,2018M07,Totalindeks,12-måneders endring (prosent),2018M07,3
TOTAL,Tolvmanedersendring,2018M08,Totalindeks,12-måneders endring (prosent),2018M08,3.4
TOTAL,Tolvmanedersendring,2018M09,Totalindeks,12-måneders endring (prosent),2018M09,3.4
TOTAL,Tolvmanedersendring,2018M10,Totalindeks,12-måneders endring (prosent),2018M10,3.1
TOTAL,Tolvmanedersendring,2018M11,Totalindeks,12-måneders endring (prosent),2018M11,3.5
TOTAL,Tolvmanedersendring,2018M12,Totalindeks,12-måneders endring (prosent),2018M12,3.5
TOTAL,Tolvmanedersendring,2019M01,Totalindeks,12-måneders endring (prosent),2019M01,3.1
TOTAL,Tolvmanedersendring,2019M02,Totalindeks,12-måneders endring (prosent),2019M02,3
TOTAL,Tolvmanedersendring,2019M03,Totalindeks,12-måneders endring (prosent),2019M03,2.9
TOTAL,Tolvmanedersendring,2019M04,Totalindeks,12-måneders endring (prosent),2019M04,2.9
TOTAL,Tolvmanedersendring,2019M05,Totalindeks,12-måneders endring (prosent),2019M05,2.5
TOTAL,Tolvmanedersendring,2019M06,Totalindeks,12-måneders endring (prosent),2019M06,1.9
TOTAL,Tolvmanedersendring,2019M07,Totalindeks,12-måneders endring (prosent),2019M07,1.9
TOTAL,Tolvmanedersendring,2019M08,Totalindeks,12-måneders endring (prosent),2019M08,1.6
TOTAL,Tolvmanedersendring,2019M09,Totalindeks,12-måneders endring (prosent),2019M09,1.5
TOTAL,Tolvmanedersendring,2019M10,Totalindeks,12-måneders endring (prosent),2019M10,1.8
TOTAL,Tolvmanedersendring,2019M11,Totalindeks,12-måneders endring (prosent),2019M11,1.6
TOTAL,Tolvmanedersendring,2019M12,Totalindeks,12-måneders endring (prosent),2019M12,1.4
TOTAL,Tolvmanedersendring,2020M01,Totalindeks,12-måneders endring (prosent),2020M01,1.8
TOTAL,Tolvmanedersendring,2020M02,Totalindeks,12-måneders endring (prosent),2020M02,0.9
TOTAL,Tolvmanedersendring,2020M03,Totalindeks,12-måneders endring (prosent),2020M03,0.7
TOTAL,Tolvmanedersendring,2020M04,Totalindeks,12-måneders endring (prosent),2020M04,0.8
TOTAL,Tolvmanedersendring,2020M05,Totalindeks,12-måneders endring (prosent),2020M05,1.3
TOTAL,Tolvmanedersendring,2020M06,Totalindeks,12-måneders endring (prosent),2020M06,1.4
TOTAL,Tolvmanedersendring,2020M07,Totalindeks,12-måneders endring (prosent),2020M07,1.3
TOTAL,Tolvmanedersendring,2020M08,Totalindeks,12-måneders endring (prosent),2020M08,1.7
TOTAL,Tolvmanedersendring,2020M09,Totalindeks,12-måneders endring (prosent),2020M09,1.6
TOTAL,Tolvmanedersendring,2020M10,Totalindeks,12-måneders endring (prosent),2020M10,1.7
TOTAL,Tolvmanedersendring,2020M11,Totalindeks,12-måneders endring (prosent),2020M11,0.7
TOTAL,Tolvmanedersendring,2020M12,Totalindeks,12-måneders endring (prosent),2020M12,1.4
TOTAL,Tolvmanedersendring,2021M01,Totalindeks,12-måneders endring (prosent),2021M01,2.5
TOTAL,Tolvmanedersendring,2021M02,Totalindeks,12-måneders endring (prosent),2021M02,3.3
TOTAL,Tolvmanedersendring,2021M03,Totalindeks,12-måneders endring (prosent),2021M03,3.1
TOTAL,Tolvmanedersendring,2021M04,Totalindeks,12-måneders endring (prosent),2021M04,3
TOTAL,Tolvmanedersendring,2021M05,Totalindeks,12-måneders endring (prosent),2021M05,2.7
TOTAL,Tolvmanedersendring,2021M06,Totalindeks,12-måneders endring (prosent),2021M06,2.9
TOTAL,Tolvmanedersendring,2021M07,Totalindeks,12-måneders endring (prosent),2021M07,3
TOTAL,Tolvmanedersendring,2021M08,Totalindeks,12-måneders endring (prosent),2021M08,3.4
TOTAL,Tolvmanedersendring,2021M09,Totalindeks,12-måneders endring (prosent),2021M09,4.1
TOTAL,Tolvmanedersendring,2021M10,Totalindeks,12-måneders endring (prosent),2021M10,3.5
TOTAL,Tolvmanedersendring,2021M11,Totalindeks,12-måneders endring (prosent),2021M11,5.1
TOTAL,Tolvmanedersendring,2021M12,Totalindeks,12-måneders endring (prosent),2021M12,5.3
TOTAL,Tolvmanedersendring,2022M01,Totalindeks,12-måneders endring (prosent),2022M01,3.2
TOTAL,Tolvmanedersendring,2022M02,Totalindeks,12-måneders endring (prosent),2022M02,3.7
TOTAL,Tolvmanedersendring,2022M03,Totalindeks,12-måneders endring (prosent),2022M03,4.5
TOTAL,Tolvmanedersendring,2022M04,Totalindeks,12-måneders endring (prosent),2022M04,5.4
TOTAL,Tolvmanedersendring,2022M05,Totalindeks,12-måneders endring (prosent),2022M05,5.7
TOTAL,Tolvmanedersendring,2022M06,Totalindeks,12-måneders endring (prosent),2022M06,6.3
TOTAL,Tolvmanedersendring,2022M07,Totalindeks,12-måneders endring (prosent),2022M07,6.8
TOTAL,Tolvmanedersendring,2022M08,Totalindeks,12-måneders endring (prosent),2022M08,6.5
TOTAL,Tolvmanedersendring,2022M09,Totalindeks,12-måneders endring (prosent),2022M09,6.9
TOTAL,Tolvmanedersendring,2022M10,Totalindeks,12-måneders endring (prosent),2022M10,7.5
TOTAL,Tolvmanedersendring,2022M11,Totalindeks,12-måneders endring (prosent),2022M11,6.5
TOTAL,Tolvmanedersendring,2022M12,Totalindeks,12-måneders endring (prosent),2022M12,5.9
TOTAL,Tolvmanedersendring,2023M01,Totalindeks,12-måneders endring (prosent),2023M01,7
TOTAL,Tolvmanedersendring,2023M02,Totalindeks,12-måneders endring (prosent),2023M02,6.3
TOTAL,Tolvmanedersendring,2023M03,Totalindeks,12-måneders endring (prosent),2023M03,6.5
TOTAL,Tolvmanedersendring,2023M04,Totalindeks,12-måneders endring (prosent),2023M04,6.4
TOTAL,Tolvmanedersendring,2023M05,Totalindeks,12-måneders endring (prosent),2023M05,6.7
TOTAL,Tolvmanedersendring,2023M06,Totalindeks,12-måneders endring (prosent),2023M06,6.4
TOTAL,Tolvmanedersendring,2023M07,Totalindeks,12-måneders endring (prosent),2023M07,5.4
TOTAL,Tolvmanedersendring,2023M08,Totalindeks,12-måneders endring (prosent),2023M08,4.8
TOTAL,Tolvmanedersendring,2023M09,Totalindeks,12-måneders endring (prosent),2023M09,3.3
TOTAL,Tolvmanedersendring,2023M10,Totalindeks,12-måneders endring (prosent),2023M10,4
TOTAL,Tolvmanedersendring,2023M11,Totalindeks,12-måneders endring (prosent),2023M11,4.8
TOTAL,Tolvmanedersendring,2023M12,Totalindeks,12-måneders endring (prosent),2023M12,4.8
TOTAL,Tolvmanedersendring,2024M01,Totalindeks,12-måneders endring (prosent),2024M01,4.7
TOTAL,Tolvmanedersendring,2024M02,Totalindeks,12-måneders endring (prosent),2024M02,4.5
TOTAL,Tolvmanedersendring,2024M03,Totalindeks,12-måneders endring (prosent),2024M03,3.9
TOTAL,Tolvmanedersendring,2024M04,Totalindeks,12-måneders endring (prosent),2024M04,3.6
TOTAL,Tolvmanedersendring,2024M05,Totalindeks,12-måneders endring (prosent),2024M05,3
TOTAL,Tolvmanedersendring,2024M06,Totalindeks,12-måneders endring (prosent),2024M06,2.6
TOTAL,Tolvmanedersendring,2024M07,Totalindeks,12-måneders endring (prosent),2024M07,2.8
TOTAL,Tolvmanedersendring,2024M08,Totalindeks,12-måneders endring (prosent),2024M08,2.6
TOTAL,Tolvmanedersendring,2024M09,Totalindeks,12-måneders endring (prosent),2024M09,3
TOTAL,Tolvmanedersendring,2024M10,Totalindeks,12-måneders endring (prosent),2024M10,2.6
TOTAL,Tolvmanedersendring,2024M11,Totalindeks,12-måneders endring (prosent),2024M11,2.4
TOTAL,Tolvmanedersendring,2024M12,Totalindeks,12-måneders endring (prosent),2024M12,2.2
TOTAL,Tolvmanedersendring,2025M01,Totalindeks,12-måneders endring (prosent),2025M01,2.3
TOTAL,Tolvmanedersendring,2025M02,Totalindeks,12-måneders endring (prosent),2025M02,3.6
TOTAL,Tolvmanedersendring,2025M03,Totalindeks,12-måneders endring (prosent),2025M03,2.6
TOTAL,Tolvmanedersendring,2025M04,Totalindeks,12-måneders endring (prosent),2025M04,2.5
TOTAL,Tolvmanedersendring,2025M05,Totalindeks,12-måneders endring (prosent),2025M05,3
TOTAL,Tolvmanedersendring,2025M06,Totalindeks,12-måneders endring (prosent),2025M06,3
TOTAL,Tolvmanedersendring,2025M07,Totalindeks,12-måneders endring (prosent),2025M07,3.3
TOTAL,Tolvmanedersendring,2025M08,Totalindeks,12-måneders endring (prosent),2025M08,3.5
TOTAL,Tolvmanedersendring,2025M09,Totalindeks,12-måneders endring (prosent),2025M09,3.6
TOTAL,Tolvmanedersendring,2025M10,Totalindeks,12-måneders endring (prosent),2025M10,3.1
TOTAL,Tolvmanedersendring,2025M11,Totalindeks,12-måneders endring (prosent),2025M11,3
TOTAL,Tolvmanedersendring,2025M12,Totalindeks,12-måneders endring (prosent),2025M12,3.2
TOTAL,KpiVektMnd,1979M01,Totalindeks,Vekter,1979M01,1000
TOTAL,KpiVektMnd,1979M02,Totalindeks,Vekter,1979M02,1000
TOTAL,KpiVektMnd,1979M03,Totalindeks,Vekter,1979M03,1000
TOTAL,KpiVektMnd,1979M04,Totalindeks,Vekter,1979M04,1000
TOTAL,KpiVektMnd,1979M05,Totalindeks,Vekter,1979M05,1000
TOTAL,KpiVektMnd,1979M06,Totalindeks,Vekter,1979M06,1000
TOTAL,KpiVektMnd,1979M07,Totalindeks,Vekter,1979M07,1000
TOTAL,KpiVektMnd,1979M08,Totalindeks,Vekter,1979M08,1000
TOTAL,KpiVektMnd,1979M09,Totalindeks,Vekter,1979M09,1000
TOTAL,KpiVektMnd,1979M10,Totalindeks,Vekter,1979M10,1000
TOTAL,KpiVektMnd,1979M11,Totalindeks,Vekter,1979M11,1000
TOTAL,KpiVektMnd,1979M12,Totalindeks,Vekter,1979M12,1000
TOTAL,KpiVektMnd,1980M01,Totalindeks,Vekter,1980M01,1000
TOTAL,KpiVektMnd,1980M02,Totalindeks,Vekter,1980M02,1000
TOTAL,KpiVektMnd,1980M03,Totalindeks,Vekter,1980M03,1000
TOTAL,KpiVektMnd,1980M04,Totalindeks,Vekter,1980M04,1000
TOTAL,KpiVektMnd,1980M05,Totalindeks,Vekter,1980M05,1000
TOTAL,KpiVektMnd,1980M06,Totalindeks,Vekter,1980M06,1000
TOTAL,KpiVektMnd,1980M07,Totalindeks,Vekter,1980M07,1000
TOTAL,KpiVektMnd,1980M08,Totalindeks,Vekter,1980M08,1000
TOTAL,KpiVektMnd,1980M09,Totalindeks,Vekter,1980M09,1000
TOTAL,KpiVektMnd,1980M10,Totalindeks,Vekter,1980M10,1000
TOTAL,KpiVektMnd,1980M11,Totalindeks,Vekter,1980M11,1000
TOTAL,KpiVektMnd,1980M12,Totalindeks,Vekter,1980M12,1000
TOTAL,KpiVektMnd,1981M01,Totalindeks,Vekter,1981M01,1000
TOTAL,KpiVektMnd,1981M02,Totalindeks,Vekter,1981M02,1000
TOTAL,KpiVektMnd,1981M03,Totalindeks,Vekter,1981M03,1000
TOTAL,KpiVektMnd,1981M04,Totalindeks,Vekter,1981M04,1000
TOTAL,KpiVektMnd,1981M05,Totalindeks,Vekter,1981M05,1000
TOTAL,KpiVektMnd,1981M06,Totalindeks,Vekter,1981M06,1000
TOTAL,KpiVektMnd,1981M07,Totalindeks,Vekter,1981M07,1000
TOTAL,KpiVektMnd,1981M08,Totalindeks,Vekter,1981M08,1000
TOTAL,KpiVektMnd,1981M09,Totalindeks,Vekter,1981M09,1000
TOTAL,KpiVektMnd,1981M10,Totalindeks,Vekter,1981M10,1000
TOTAL,KpiVektMnd,1981M11,Totalindeks,Vekter,1981M11,1000
TOTAL,KpiVektMnd,1981M12,Totalindeks,Vekter,1981M12,1000
TOTAL,KpiVektMnd,1982M01,Totalindeks,Vekter,1982M01,1000
TOTAL,KpiVektMnd,1982M02,Totalindeks,Vekter,1982M02,1000
TOTAL,KpiVektMnd,1982M03,Totalindeks,Vekter,1982M03,1000
TOTAL,KpiVektMnd,1982M04,Totalindeks,Vekter,1982M04,1000
TOTAL,KpiVektMnd,1982M05,Totalindeks,Vekter,1982M05,1000
TOTAL,KpiVektMnd,1982M06,Totalindeks,Vekter,1982M06,1000
TOTAL,KpiVektMnd,1982M07,Totalindeks,Vekter,1982M07,1000
TOTAL,KpiVektMnd,1982M08,Totalindeks,Vekter,1982M08,1001.4
TOTAL,KpiVektMnd,1982M09,Totalindeks,Vekter,1982M09,1001.4
TOTAL,KpiVektMnd,1982M10,Totalindeks,Vekter,1982M10,1001.4
TOTAL,KpiVektMnd,1982M11,Totalindeks,Vekter,1982M11,1001.4
TOTAL,KpiVektMnd,1982M12,Totalindeks,Vekter,1982M12,1001.4
TOTAL,KpiVektMnd,1983M01,Totalindeks,Vekter,1983M01,1001.4
TOTAL,KpiVektMnd,1983M02,Totalindeks,Vekter,1983M02,1001.4
TOTAL,KpiVektMnd,1983M03,Totalindeks,Vekter,1983M03,1001.4
TOTAL,KpiVektMnd,1983M04,Totalindeks,Vekter,1983M04,1001.4
TOTAL,KpiVektMnd,1983M05,Totalindeks,Vekter,1983M05,1001.4
TOTAL,KpiVektMnd,1983M06,Totalindeks,Vekter,1983M06,1001.4
TOTAL,KpiVektMnd,1983M07,Totalindeks,Vekter,1983M07,1001.4
TOTAL,KpiVektMnd,1983M08,Totalindeks,Vekter,1983M08,1000.3
TOTAL,KpiVektMnd,1983M09,Totalindeks,Vekter,1983M09,1000.3
TOTAL,KpiVektMnd,1983M10,Totalindeks,Vekter,1983M10,1000.3
TOTAL,KpiVektMnd,1983M11,Totalindeks,Vekter,1983M11,1000.3
TOTAL,KpiVektMnd,1983M12,Totalindeks,Vekter,1983M12,1000.3
TOTAL,KpiVektMnd,1984M01,Totalindeks,Vekter,1984M01,1000.3
TOTAL,KpiVektMnd,1984M02,Totalindeks,Vekter,1984M02,1000.3
TOTAL,KpiVektMnd,1984M03,Totalindeks,Vekter,1984M03,1000.3
TOTAL,KpiVektMnd,1984M04,Totalindeks,Vekter,1984M04,1000.3
TOTAL,KpiVektMnd,1984M05,Totalindeks,Vekter,1984M05,1000.3
TOTAL,KpiVektMnd,1984M06,Totalindeks,Vekter,1984M06,1000.3
TOTAL,KpiVektMnd,1984M07,Totalindeks,Vekter,1984M07,1000.3
TOTAL,KpiVektMnd,1984M08,Totalindeks,Vekter,1984M08,1003.7
TOTAL,KpiVektMnd,1984M09,Totalindeks,Vekter,1984M09,1003.7
TOTAL,KpiVektMnd,1984M10,Totalindeks,Vekter,1984M10,1003.7
TOTAL,KpiVektMnd,1984M11,Totalindeks,Vekter,1984M11,1003.7
TOTAL,KpiVektMnd,1984M12,Totalindeks,Vekter,1984M12,1003.7
TOTAL,KpiVektMnd,1985M01,Totalindeks,Vekter,1985M01,1003.7
TOTAL,KpiVektMnd,1985M02,Totalindeks,Vekter,1985M02,1003.7
TOTAL,KpiVektMnd,1985M03,Totalindeks,Vekter,1985M03,1003.7
TOTAL,KpiVektMnd,1985M04,Totalindeks,Vekter,1985M04,1003.7
TOTAL,KpiVektMnd,1985M05,Totalindeks,Vekter,1985M05,1003.7
TOTAL,KpiVektMnd,1985M06,Totalindeks,Vekter,1985M06,1003.7
TOTAL,KpiVektMnd,1985M07,Totalindeks,Vekter,1985M07,1003.7
TOTAL,KpiVektMnd,1985M08,Totalindeks,Vekter,1985M08,1004
TOTAL,KpiVektMnd,1985M09,Totalindeks,Vekter,1985M09,1004
TOTAL,KpiVektMnd,1985M10,Totalindeks,Vekter,1985M10,1004
TOTAL,KpiVektMnd,1985M11,Totalindeks,Vekter,1985M11,1004
TOTAL,KpiVektMnd,1985M12,Totalindeks,Vekter,1985M12,1004
TOTAL,KpiVektMnd,1986M01,Totalindeks,Vekter,1986M01,1004
TOTAL,KpiVektMnd,1986M02,Totalindeks,Vekter,1986M02,1004
TOTAL,KpiVektMnd,1986M03,Totalindeks,Vekter,1986M03,1004
TOTAL,KpiVektMnd,1986M04,Totalindeks,Vekter,1986M04,1004
TOTAL,KpiVektMnd,1986M05,Totalindeks,Vekter,1986M05,1004
TOTAL,KpiVektMnd,1986M06,Totalindeks,Vekter,1986M06,1004
TOTAL,KpiVektMnd,1986M07,Totalindeks,Vekter,1986M07,1004
TOTAL,KpiVektMnd,1986M08,Totalindeks,Vekter,1986M08,1003.8
TOTAL,KpiVektMnd,1986M09,Totalindeks,Vekter,1986M09,1003.8
TOTAL,KpiVektMnd,1986M10,Totalindeks,Vekter,1986M10,1003.8
TOTAL,KpiVektMnd,1986M11,Totalindeks,Vekter,1986M11,1003.8
TOTAL,KpiVektMnd,1986M12,Totalindeks,Vekter,1986M12,1003.8
TOTAL,KpiVektMnd,1987M01,Totalindeks,Vekter,1987M01,1003.8
TOTAL,KpiVektMnd,1987M02,Totalindeks,Vekter,1987M02,1003.8
TOTAL,KpiVektMnd,1987M03,Totalindeks,Vekter,1987M03,1003.8
TOTAL,KpiVektMnd,1987M04,Totalindeks,Vekter,1987M04,1003.8
TOTAL,KpiVektMnd,1987M05,Totalindeks,Vekter,1987M05,1003.8
TOTAL,KpiVektMnd,1987M06,Totalindeks,Vekter,1987M06,1003.8
TOTAL,KpiVektMnd,1987M07,Totalindeks,Vekter,1987M07,1003.8
TOTAL,KpiVektMnd,1987M08,Totalindeks,Vekter,1987M08,1003.8
TOTAL,KpiVektMnd,1987M09,Totalindeks,Vekter,1987M09,1003.8
TOTAL,KpiVektMnd,1987M10,Totalindeks,Vekter,1987M10,1003.8
TOTAL,KpiVektMnd,1987M11,Totalindeks,Vekter,1987M11,1003.8
TOTAL,KpiVektMnd,1987M12,Totalindeks,Vekter,1987M12,1003.8
TOTAL,KpiVektMnd,1988M01,Totalindeks,Vekter,1988M01,1003.8
TOTAL,KpiVektMnd,1988M02,Totalindeks,Vekter,1988M02,1003.8
TOTAL,KpiVektMnd,1988M03,Totalindeks,Vekter,1988M03,1003.8
TOTAL,KpiVektMnd,1988M04,Totalindeks,Vekter,1988M04,1003.8
TOTAL,KpiVektMnd,1988M05,Totalindeks,Vekter,1988M05,1003.8
TOTAL,KpiVektMnd,1988M06,Totalindeks,Vekter,1988M06,1003.8
TOTAL,KpiVektMnd,1988M07,Totalindeks,Vekter,1988M07,1003.8
TOTAL,KpiVektMnd,1988M08,Totalindeks,Vekter,1988M08,1003.8
TOTAL,KpiVektMnd,1988M09,Totalindeks,Vekter,1988M09,1003.8
TOTAL,KpiVektMnd,1988M10,Totalindeks,Vekter,1988M10,1003.8
TOTAL,KpiVektMnd,1988M11,Totalindeks,Vekter,1988M11,1003.8
TOTAL,KpiVektMnd,1988M12,Totalindeks,Vekter,1988M12,1003.8
TOTAL,KpiVektMnd,1989M01,Totalindeks,Vekter,1989M01,1003.8
TOTAL,KpiVektMnd,1989M02,Totalindeks,Vekter,1989M02,1003.8
TOTAL,KpiVektMnd,1989M03,Totalindeks,Vekter,1989M03,1003.8
TOTAL,KpiVektMnd,1989M04,Totalindeks,Vekter,1989M04,1003.8
TOTAL,KpiVektMnd,1989M05,Totalindeks,Vekter,1989M05,1003.8
TOTAL,KpiVektMnd,1989M06,Totalindeks,Vekter,1989M06,1003.8
TOTAL,KpiVektMnd,1989M07,Totalindeks,Vekter,1989M07,1003.8
TOTAL,KpiVektMnd,1989M08,Totalindeks,Vekter,1989M08,1002.2
TOTAL,KpiVektMnd,1989M09,Totalindeks,Vekter,1989M09,1002.2
TOTAL,KpiVektMnd,1989M10,Totalindeks,Vekter,1989M10,1002.2
TOTAL,KpiVektMnd,1989M11,Totalindeks,Vekter,1989M11,1002.2
TOTAL,KpiVektMnd,1989M12,Totalindeks,Vekter,1989M12,1002.2
TOTAL,KpiVektMnd,1990M01,Totalindeks,Vekter,1990M01,1002.2
TOTAL,KpiVektMnd,1990M02,Totalindeks,Vekter,1990M02,1002.2
TOTAL,KpiVektMnd,1990M03,Totalindeks,Vekter,1990M03,1002.2
TOTAL,KpiVektMnd,1990M04,Totalindeks,Vekter,1990M04,1002.2
TOTAL,KpiVektMnd,1990M05,Totalindeks,Vekter,1990M05,1002.2
TOTAL,KpiVektMnd,1990M06,Totalindeks,Vekter,1990M06,1002.2
TOTAL,KpiVektMnd,1990M07,Totalindeks,Vekter,1990M07,1002.2
TOTAL,KpiVektMnd,1990M08,Totalindeks,Vekter,1990M08,1000.9
TOTAL,KpiVektMnd,1990M09,Totalindeks,Vekter,1990M09,1000.9
TOTAL,KpiVektMnd,1990M10,Totalindeks,Vekter,1990M10,1000.9
TOTAL,KpiVektMnd,1990M11,Totalindeks,Vekter,1990M11,1000.9
TOTAL,KpiVektMnd,1990M12,Totalindeks,Vekter,1990M12,1000.9
TOTAL,KpiVektMnd,1991M01,Totalindeks,Vekter,1991M01,1000.9
TOTAL,KpiVektMnd,1991M02,Totalindeks,Vekter,1991M02,1000.9
TOTAL,KpiVektMnd,1991M03,Totalindeks,Vekter,1991M03,1000.9
TOTAL,KpiVektMnd,1991M04,Totalindeks,Vekter,1991M04,1000.9
TOTAL,KpiVektMnd,1991M05,Totalindeks,Vekter,1991M05,1000.9
TOTAL,KpiVektMnd,1991M06,Totalindeks,Vekter,1991M06,1000.9
TOTAL,KpiVektMnd,1991M07,Totalindeks,Vekter,1991M07,1000.9
TOTAL,KpiVektMnd,1991M08,Totalindeks,Vekter,1991M08,1001.6
TOTAL,KpiVektMnd,1991M09,Totalindeks,Vekter,1991M09,1001.6
TOTAL,KpiVektMnd,1991M10,Totalindeks,Vekter,1991M10,1001.6
TOTAL,KpiVektMnd,1991M11,Totalindeks,Vekter,1991M11,1001.6
TOTAL,KpiVektMnd,1991M12,Totalindeks,Vekter,1991M12,1001.6
TOTAL,KpiVektMnd,1992M01,Totalindeks,Vekter,1992M01,1001.6
TOTAL,KpiVektMnd,1992M02,Totalindeks,Vekter,1992M02,1001.6
TOTAL,KpiVektMnd,1992M03,Totalindeks,Vekter,1992M03,1001.6
TOTAL,KpiVektMnd,1992M04,Totalindeks,Vekter,1992M04,1001.6
TOTAL,KpiVektMnd,1992M05,Totalindeks,Vekter,1992M05,1001.6
TOTAL,KpiVektMnd,1992M06,Totalindeks,Vekter,1992M06,1001.6
TOTAL,KpiVektMnd,1992M07,Totalindeks,Vekter,1992M07,1001.6
TOTAL,KpiVektMnd,1992M08,Totalindeks,Vekter,1992M08,1001
TOTAL,KpiVektMnd,1992M09,Totalindeks,Vekter,1992M09,1001
TOTAL,KpiVektMnd,1992M10,Totalindeks,Vekter,1992M10,1001
TOTAL,KpiVektMnd,1992M11,Totalindeks,Vekter,1992M11,1001
TOTAL,KpiVektMnd,1992M12,Totalindeks,Vekter,1992M12,1001
TOTAL,KpiVektMnd,1993M01,Totalindeks,Vekter,1993M01,1001
TOTAL,KpiVektMnd,1993M02,Totalindeks,Vekter,1993M02,1001
TOTAL,KpiVektMnd,1993M03,Totalindeks,Vekter,1993M03,1001
TOTAL,KpiVektMnd,1993M04,Totalindeks,Vekter,1993M04,1001
TOTAL,KpiVektMnd,1993M05,Totalindeks,Vekter,1993M05,1001
TOTAL,KpiVektMnd,1993M06,Totalindeks,Vekter,1993M06,1001
TOTAL,KpiVektMnd,1993M07,Totalindeks,Vekter,1993M07,1001
TOTAL,KpiVektMnd,1993M08,Totalindeks,Vekter,1993M08,1001.6
TOTAL,KpiVektMnd,1993M09,Totalindeks,Vekter,1993M09,1001.6
TOTAL,KpiVektMnd,1993M10,Totalindeks,Vekter,1993M10,1001.6
TOTAL,KpiVektMnd,1993M11,Totalindeks,Vekter,1993M11,1001.6
TOTAL,KpiVektMnd,1993M12,Totalindeks,Vekter,1993M12,1001.6
TOTAL,KpiVektMnd,1994M01,Totalindeks,Vekter,1994M01,1001.6
TOTAL,KpiVektMnd,1994M02,Totalindeks,Vekter,1994M02,1001.6
TOTAL,KpiVektMnd,1994M03,Totalindeks,Vekter,1994M03,1001.6
TOTAL,KpiVektMnd,1994M04,Totalindeks,Vekter,1994M04,1001.6
TOTAL,KpiVektMnd,1994M05,Totalindeks,Vekter,1994M05,1001.6
TOTAL,KpiVektMnd,1994M06,Totalindeks,Vekter,1994M06,1001.6
TOTAL,KpiVektMnd,1994M07,Totalindeks,Vekter,1994M07,1001.6
TOTAL,KpiVektMnd,1994M08,Totalindeks,Vekter,1994M08,1001
TOTAL,KpiVektMnd,1994M09,Totalindeks,Vekter,1994M09,1001
TOTAL,KpiVektMnd,1994M10,Totalindeks,Vekter,1994M10,1001
TOTAL,KpiVektMnd,1994M11,Totalindeks,Vekter,1994M11,1001
TOTAL,KpiVektMnd,1994M12,Totalindeks,Vekter,1994M12,1001
TOTAL,KpiVektMnd,1995M01,Totalindeks,Vekter,1995M01,1001
TOTAL,KpiVektMnd,1995M02,Totalindeks,Vekter,1995M02,1001
TOTAL,KpiVektMnd,1995M03,Totalindeks,Vekter,1995M03,1001
TOTAL,KpiVektMnd,1995M04,Totalindeks,Vekter,1995M04,1001
TOTAL,KpiVektMnd,1995M05,Totalindeks,Vekter,1995M05,1001
TOTAL,KpiVektMnd,1995M06,Totalindeks,Vekter,1995M06,1001
TOTAL,KpiVektMnd,1995M07,Totalindeks,Vekter,1995M07,1001
TOTAL,KpiVektMnd,1995M08,Totalindeks,Vekter,1995M08,1000.2
TOTAL,KpiVektMnd,1995M09,Totalindeks,Vekter,1995M09,1000.2
TOTAL,KpiVektMnd,1995M10,Totalindeks,Vekter,1995M10,1000.2
TOTAL,KpiVektMnd,1995M11,Totalindeks,Vekter,1995M11,1000.2
TOTAL,KpiVektMnd,1995M12,Totalindeks,Vekter,1995M12,1000.2
TOTAL,KpiVektMnd,1996M01,Totalindeks,Vekter,1996M01,1000.2
TOTAL,KpiVektMnd,1996M02,Totalindeks,Vekter,1996M02,1000.2
TOTAL,KpiVektMnd,1996M03,Totalindeks,Vekter,1996M03,1000.2
TOTAL,KpiVektMnd,1996M04,Totalindeks,Vekter,1996M04,1000.2
TOTAL,KpiVektMnd,1996M05,Totalindeks,Vekter,1996M05,1000.2
TOTAL,KpiVektMnd,1996M06,Totalindeks,Vekter,1996M06,1000.2
TOTAL,KpiVektMnd,1996M07,Totalindeks,Vekter,1996M07,1000.2
TOTAL,KpiVektMnd,1996M08,Totalindeks,Vekter,1996M08,1000
TOTAL,KpiVektMnd,1996M09,Totalindeks,Vekter,1996M09,1000
TOTAL,KpiVektMnd,1996M10,Totalindeks,Vekter,1996M10,1000
TOTAL,KpiVektMnd,1996M11,Totalindeks,Vekter,1996M11,1000
TOTAL,KpiVektMnd,1996M12,Totalindeks,Vekter,1996M12,1000
TOTAL,KpiVektMnd,1997M01,Totalindeks,Vekter,1997M01,1000
TOTAL,KpiVektMnd,1997M02,Totalindeks,Vekter,1997M02,1000
TOTAL,KpiVektMnd,1997M03,Totalindeks,Vekter,1997M03,1000
TOTAL,KpiVektMnd,1997M04,Totalindeks,Vekter,1997M04,1000
TOTAL,KpiVektMnd,1997M05,Totalindeks,Vekter,1997M05,1000
TOTAL,KpiVektMnd,1997M06,Totalindeks,Vekter,1997M06,1000
TOTAL,KpiVektMnd,1997M07,Totalindeks,Vekter,1997M07,1000
TOTAL,KpiVektMnd,1997M08,Totalindeks,Vekter,1997M08,1000
TOTAL,KpiVektMnd,1997M09,Totalindeks,Vekter,1997M09,1000
TOTAL,KpiVektMnd,1997M10,Totalindeks,Vekter,1997M10,1000
TOTAL,KpiVektMnd,1997M11,Totalindeks,Vekter,1997M11,1000
TOTAL,KpiVektMnd,1997M12,Totalindeks,Vekter,1997M12,1000
TOTAL,KpiVektMnd,1998M01,Totalindeks,Vekter,1998M01,1000
TOTAL,KpiVektMnd,1998M02,Totalindeks,Vekter,1998M02,1000
TOTAL,KpiVektMnd,1998M03,Totalindeks,Vekter,1998M03,1000
TOTAL,KpiVektMnd,1998M04,Totalindeks,Vekter,1998M04,1000
TOTAL,KpiVektMnd,1998M05,Totalindeks,Vekter,1998M05,1000
TOTAL,KpiVektMnd,1998M06,Totalindeks,Vekter,1998M06,1000
TOTAL,KpiVektMnd,1998M07,Totalindeks,Vekter,1998M07,1000
TOTAL,KpiVektMnd,1998M08,Totalindeks,Vekter,1998M08,1000
TOTAL,KpiVektMnd,1998M09,Totalindeks,Vekter,1998M09,1000
TOTAL,KpiVektMnd,1998M10,Totalindeks,Vekter,1998M10,1000
TOTAL,KpiVektMnd,1998M11,Totalindeks,Vekter,1998M11,1000
TOTAL,KpiVektMnd,1998M12,Totalindeks,Vekter,1998M12,1000
TOTAL,KpiVektMnd,1999M01,Totalindeks,Vekter,1999M01,1000
TOTAL,KpiVektMnd,1999M02,Totalindeks,Vekter,1999M02,1000
TOTAL,KpiVektMnd,1999M03,Totalindeks,Vekter,1999M03,1000
TOTAL,KpiVektMnd,1999M04,Totalindeks,Vekter,1999M04,1000
TOTAL,KpiVektMnd,1999M05,Totalindeks,Vekter,1999M05,1000
TOTAL,KpiVektMnd,1999M06,Totalindeks,Vekter,1999M06,1000
TOTAL,KpiVektMnd,1999M07,Totalindeks,Vekter,1999M07,1000
TOTAL,KpiVektMnd,1999M08,Totalindeks,Vekter,1999M08,1000
TOTAL,KpiVektMnd,1999M09,Totalindeks,Vekter,1999M09,1000
TOTAL,KpiVektMnd,1999M10,Totalindeks,Vekter,1999M10,1000
TOTAL,KpiVektMnd,1999M11,Totalindeks,Vekter,1999M11,1000
TOTAL,KpiVektMnd,1999M12,Totalindeks,Vekter,1999M12,1000
TOTAL,KpiVektMnd,2000M01,Totalindeks,Vekter,2000M01,1000
TOTAL,KpiVektMnd,2000M02,Totalindeks,Vekter,2000M02,1000
TOTAL,KpiVektMnd,2000M03,Totalindeks,Vekter,2000M03,1000
TOTAL,KpiVektMnd,2000M04,Totalindeks,Vekter,2000M04,1000
TOTAL,KpiVektMnd,2000M05,Totalindeks,Vekter,2000M05,1000
TOTAL,KpiVektMnd,2000M06,Totalindeks,Vekter,2000M06,1000
TOTAL,KpiVektMnd,2000M07,Totalindeks,Vekter,2000M07,1000
TOTAL,KpiVektMnd,2000M08,Totalindeks,Vekter,2000M08,1000
TOTAL,KpiVektMnd,2000M09,Totalindeks,Vekter,2000M09,1000
TOTAL,KpiVektMnd,2000M10,Totalindeks,Vekter,2000M10,1000
TOTAL,KpiVektMnd,2000M11,Totalindeks,Vekter,2000M11,1000
TOTAL,KpiVektMnd,2000M12,Totalindeks,Vekter,2000M12,1000
TOTAL,KpiVektMnd,2001M01,Totalindeks,Vekter,2001M01,1000
TOTAL,KpiVektMnd,2001M02,Totalindeks,Vekter,2001M02,1000
TOTAL,KpiVektMnd,2001M03,Totalindeks,Vekter,2001M03,1000
TOTAL,KpiVektMnd,2001M04,Totalindeks,Vekter,2001M04,1000
TOTAL,KpiVektMnd,2001M05,Totalindeks,Vekter,2001M05,1000
TOTAL,KpiVektMnd,2001M06,Totalindeks,Vekter,2001M06,1000
TOTAL,KpiVektMnd,2001M07,Totalindeks,Vekter,2001M07,1000
TOTAL,KpiVektMnd,2001M08,Totalindeks,Vekter,2001M08,1000
TOTAL,KpiVektMnd,2001M09,Totalindeks,Vekter,2001M09,1000
TOTAL,KpiVektMnd,2001M10,Totalindeks,Vekter,2001M10,1000
TOTAL,KpiVektMnd,2001M11,Totalindeks,Vekter,2001M11,1000
TOTAL,KpiVektMnd,2001M12,Totalindeks,Vekter,2001M12,1000
TOTAL,KpiVektMnd,2002M01,Totalindeks,Vekter,2002M01,1000
TOTAL,KpiVektMnd,2002M02,Totalindeks,Vekter,2002M02,1000
TOTAL,KpiVektMnd,2002M03,Totalindeks,Vekter,2002M03,1000
TOTAL,KpiVektMnd,2002M04,Totalindeks,Vekter,2002M04,1000
TOTAL,KpiVektMnd,2002M05,Totalindeks,Vekter,2002M05,1000
TOTAL,KpiVektMnd,2002M06,Totalindeks,Vekter,2002M06,1000
TOTAL,KpiVektMnd,2002M07,Totalindeks,Vekter,2002M07,1000
TOTAL,KpiVektMnd,2002M08,Totalindeks,Vekter,2002M08,1000
TOTAL,KpiVektMnd,2002M09,Totalindeks,Vekter,2002M09,1000
TOTAL,KpiVektMnd,2002M10,Totalindeks,Vekter,2002M10,1000
TOTAL,KpiVektMnd,2002M11,Totalindeks,Vekter,2002M11,1000
TOTAL,KpiVektMnd,2002M12,Totalindeks,Vekter,2002M12,1000
TOTAL,KpiVektMnd,2003M01,Totalindeks,Vekter,2003M01,1000
TOTAL,KpiVektMnd,2003M02,Totalindeks,Vekter,2003M02,1000
TOTAL,KpiVektMnd,2003M03,Totalindeks,Vekter,2003M03,1000
TOTAL,KpiVektMnd,2003M04,Totalindeks,Vekter,2003M04,1000
TOTAL,KpiVektMnd,2003M05,Totalindeks,Vekter,2003M05,1000
TOTAL,KpiVektMnd,2003M06,Totalindeks,Vekter,2003M06,1000
TOTAL,KpiVektMnd,2003M07,Totalindeks,Vekter,2003M07,1000
TOTAL,KpiVektMnd,2003M08,Totalindeks,Vekter,2003M08,1000
TOTAL,KpiVektMnd,2003M09,Totalindeks,Vekter,2003M09,1000
TOTAL,KpiVektMnd,2003M10,Totalindeks,Vekter,2003M10,1000
TOTAL,KpiVektMnd,2003M11,Totalindeks,Vekter,2003M11,1000
TOTAL,KpiVektMnd,2003M12,Totalindeks,Vekter,2003M12,1000
TOTAL,KpiVektMnd,2004M01,Totalindeks,Vekter,2004M01,1000
TOTAL,KpiVektMnd,2004M02,Totalindeks,Vekter,2004M02,1000
TOTAL,KpiVektMnd,2004M03,Totalindeks,Vekter,2004M03,1000
TOTAL,KpiVektMnd,2004M04,Totalindeks,Vekter,2004M04,1000
TOTAL,KpiVektMnd,2004M05,Totalindeks,Vekter,2004M05,1000
TOTAL,KpiVektMnd,2004M06,Totalindeks,Vekter,2004M06,1000
TOTAL,KpiVektMnd,2004M07,Totalindeks,Vekter,2004M07,1000
TOTAL,KpiVektMnd,2004M08,Totalindeks,Vekter,2004M08,1000
TOTAL,KpiVektMnd,2004M09,Totalindeks,Vekter,2004M09,1000
TOTAL,KpiVektMnd,2004M10,Totalindeks,Vekter,2004M10,1000
TOTAL,KpiVektMnd,2004M11,Totalindeks,Vekter,2004M11,1000
TOTAL,KpiVektMnd,2004M12,Totalindeks,Vekter,2004M12,1000
TOTAL,KpiVektMnd,2005M01,Totalindeks,Vekter,2005M01,1000
TOTAL,KpiVektMnd,2005M02,Totalindeks,Vekter,2005M02,1000
TOTAL,KpiVektMnd,2005M03,Totalindeks,Vekter,2005M03,1000
TOTAL,KpiVektMnd,2005M04,Totalindeks,Vekter,2005M04,1000
TOTAL,KpiVektMnd,2005M05,Totalindeks,Vekter,2005M05,1000
TOTAL,KpiVektMnd,2005M06,Totalindeks,Vekter,2005M06,1000
TOTAL,KpiVektMnd,2005M07,Totalindeks,Vekter,2005M07,1000
TOTAL,KpiVektMnd,2005M08,Totalindeks,Vekter,2005M08,1000
TOTAL,KpiVektMnd,2005M09,Totalindeks,Vekter,2005M09,1000
TOTAL,KpiVektMnd,2005M10,Totalindeks,Vekter,2005M10,1000
TOTAL,KpiVektMnd,2005M11,Totalindeks,Vekter,2005M11,1000
TOTAL,KpiVektMnd,2005M12,Totalindeks,Vekter,2005M12,1000
TOTAL,KpiVektMnd,2006M01,Totalindeks,Vekter,2006M01,1000
TOTAL,KpiVektMnd,2006M02,Totalindeks,Vekter,2006M02,1000
TOTAL,KpiVektMnd,2006M03,Totalindeks,Vekter,2006M03,1000
TOTAL,KpiVektMnd,2006M04,Totalindeks,Vekter,2006M04,1000
TOTAL,KpiVektMnd,2006M05,Totalindeks,Vekter,2006M05,1000
TOTAL,KpiVektMnd,2006M06,Totalindeks,Vekter,2006M06,1000
TOTAL,KpiVektMnd,2006M07,Totalindeks,Vekter,2006M07,1000
TOTAL,KpiVektMnd,2006M08,Totalindeks,Vekter,2006M08,1000
TOTAL,KpiVektMnd,2006M09,Totalindeks,Vekter,2006M09,1000
TOTAL,KpiVektMnd,2006M10,Totalindeks,Vekter,2006M10,1000
TOTAL,KpiVektMnd,2006M11,Totalindeks,Vekter,2006M11,1000
TOTAL,KpiVektMnd,2006M12,Totalindeks,Vekter,2006M12,1000
TOTAL,KpiVektMnd,2007M01,Totalindeks,Vekter,2007M01,1000
TOTAL,KpiVektMnd,2007M02,Totalindeks,Vekter,2007M02,1000
TOTAL,KpiVektMnd,2007M03,Totalindeks,Vekter,2007M03,1000
TOTAL,KpiVektMnd,2007M04,Totalindeks,Vekter,2007M04,1000
TOTAL,KpiVektMnd,2007M05,Totalindeks,Vekter,2007M05,1000
TOTAL,KpiVektMnd,2007M06,Totalindeks,Vekter,2007M06,1000
TOTAL,KpiVektMnd,2007M07,Totalindeks,Vekter,2007M07,1000
TOTAL,KpiVektMnd,2007M08,Totalindeks,Vekter,2007M08,1000
TOTAL,KpiVektMnd,2007M09,Totalindeks,Vekter,2007M09,1000
TOTAL,KpiVektMnd,2007M10,Totalindeks,Vekter,2007M10,1000
TOTAL,KpiVektMnd,2007M11,Totalindeks,Vekter,2007M11,1000
TOTAL,KpiVektMnd,2007M12,Totalindeks,Vekter,2007M12,1000
TOTAL,KpiVektMnd,2008M01,Totalindeks,Vekter,2008M01,1000
TOTAL,KpiVektMnd,2008M02,Totalindeks,Vekter,2008M02,1000
TOTAL,KpiVektMnd,2008M03,Totalindeks,Vekter,2008M03,1000
TOTAL,KpiVektMnd,2008M04,Totalindeks,Vekter,2008M04,1000
TOTAL,KpiVektMnd,2008M05,Totalindeks,Vekter,2008M05,1000
TOTAL,KpiVektMnd,2008M06,Totalindeks,Vekter,2008M06,1000
TOTAL,KpiVektMnd,2008M07,Totalindeks,Vekter,2008M07,1000
TOTAL,KpiVektMnd,2008M08,Totalindeks,Vekter,2008M08,1000
TOTAL,KpiVektMnd,2008M09,Totalindeks,Vekter,2008M09,1000
TOTAL,KpiVektMnd,2008M10,Totalindeks,Vekter,2008M10,1000
TOTAL,KpiVektMnd,2008M11,Totalindeks,Vekter,2008M11,1000
TOTAL,KpiVektMnd,2008M12,Totalindeks,Vekter,2008M12,1000
TOTAL,KpiVektMnd,2009M01,Totalindeks,Vekter,2009M01,1000
TOTAL,KpiVektMnd,2009M02,Totalindeks,Vekter,2009M02,1000
TOTAL,KpiVektMnd,2009M03,Totalindeks,Vekter,2009M03,1000
TOTAL,KpiVektMnd,2009M04,Totalindeks,Vekter,2009M04,1000
TOTAL,KpiVektMnd,2009M05,Totalindeks,Vekter,2009M05,1000
TOTAL,KpiVektMnd,2009M06,Totalindeks,Vekter,2009M06,1000
TOTAL,KpiVektMnd,2009M07,Totalindeks,Vekter,2009M07,1000
TOTAL,KpiVektMnd,2009M08,Totalindeks,Vekter,2009M08,1000
TOTAL,KpiVektMnd,2009M09,Totalindeks,Vekter,2009M09,1000
TOTAL,KpiVektMnd,2009M10,Totalindeks,Vekter,2009M10,1000
TOTAL,KpiVektMnd,2009M11,Totalindeks,Vekter,2009M11,1000
TOTAL,KpiVektMnd,2009M12,Totalindeks,Vekter,2009M12,1000
TOTAL,KpiVektMnd,2010M01,Totalindeks,Vekter,2010M01,1000
TOTAL,KpiVektMnd,2010M02,Totalindeks,Vekter,2010M02,1000
TOTAL,KpiVektMnd,2010M03,Totalindeks,Vekter,2010M03,1000
TOTAL,KpiVektMnd,2010M04,Totalindeks,Vekter,2010M04,1000
TOTAL,KpiVektMnd,2010M05,Totalindeks,Vekter,2010M05,1000
TOTAL,KpiVektMnd,2010M06,Totalindeks,Vekter,2010M06,1000
TOTAL,KpiVektMnd,2010M07,Totalindeks,Vekter,2010M07,1000
TOTAL,KpiVektMnd,2010M08,Totalindeks,Vekter,2010M08,1000
TOTAL,KpiVektMnd,2010M09,Totalindeks,Vekter,2010M09,1000
TOTAL,KpiVektMnd,2010M10,Totalindeks,Vekter,2010M10,1000
TOTAL,KpiVektMnd,2010M11,Totalindeks,Vekter,2010M11,1000
TOTAL,KpiVektMnd,2010M12,Totalindeks,Vekter,2010M12,1000
TOTAL,KpiVektMnd,2011M01,Totalindeks,Vekter,2011M01,1000
TOTAL,KpiVektMnd,2011M02,Totalindeks,Vekter,2011M02,1000
TOTAL,KpiVektMnd,2011M03,Totalindeks,Vekter,2011M03,1000
TOTAL,KpiVektMnd,2011M04,Totalindeks,Vekter,2011M04,1000
TOTAL,KpiVektMnd,2011M05,Totalindeks,Vekter,2011M05,1000
TOTAL,KpiVektMnd,2011M06,Totalindeks,Vekter,2011M06,1000
TOTAL,KpiVektMnd,2011M07,Totalindeks,Vekter,2011M07,1000
TOTAL,KpiVektMnd,2011M08,Totalindeks,Vekter,2011M08,1000
TOTAL,KpiVektMnd,2011M09,Totalindeks,Vekter,2011M09,1000
TOTAL,KpiVektMnd,2011M10,Totalindeks,Vekter,2011M10,1000
TOTAL,KpiVektMnd,2011M11,Totalindeks,Vekter,2011M11,1000
TOTAL,KpiVektMnd,2011M12,Totalindeks,Vekter,2011M12,1000
TOTAL,KpiVektMnd,2012M01,Totalindeks,Vekter,2012M01,1000
TOTAL,KpiVektMnd,2012M02,Totalindeks,Vekter,2012M02,1000
TOTAL,KpiVektMnd,2012M03,Totalindeks,Vekter,2012M03,1000
TOTAL,KpiVektMnd,2012M04,Totalindeks,Vekter,2012M04,1000
TOTAL,KpiVektMnd,2012M05,Totalindeks,Vekter,2012M05,1000
TOTAL,KpiVektMnd,2012M06,Totalindeks,Vekter,2012M06,1000
TOTAL,KpiVektMnd,2012M07,Totalindeks,Vekter,2012M07,1000
TOTAL,KpiVektMnd,2012M08,Totalindeks,Vekter,2012M08,1000
TOTAL,KpiVektMnd,2012M09,Totalindeks,Vekter,2012M09,1000
TOTAL,KpiVektMnd,2012M10,Totalindeks,Vekter,2012M10,1000
TOTAL,KpiVektMnd,2012M11,Totalindeks,Vekter,2012M11,1000
TOTAL,KpiVektMnd,2012M12,Totalindeks,Vekter,2012M12,1000
TOTAL,KpiVektMnd,2013M01,Totalindeks,Vekter,2013M01,1000
TOTAL,KpiVektMnd,2013M02,Totalindeks,Vekter,2013M02,1000
TOTAL,KpiVektMnd,2013M03,Totalindeks,Vekter,2013M03,1000
TOTAL,KpiVektMnd,2013M04,Totalindeks,Vekter,2013M04,1000
TOTAL,KpiVektMnd,2013M05,Totalindeks,Vekter,2013M05,1000
TOTAL,KpiVektMnd,2013M06,Totalindeks,Vekter,2013M06,1000
TOTAL,KpiVektMnd,2013M07,Totalindeks,Vekter,2013M07,1000
TOTAL,KpiVektMnd,2013M08,Totalindeks,Vekter,2013M08,1000
TOTAL,KpiVektMnd,2013M09,Totalindeks,Vekter,2013M09,1000
TOTAL,KpiVektMnd,2013M10,Totalindeks,Vekter,2013M10,1000
TOTAL,KpiVektMnd,2013M11,Totalindeks,Vekter,2013M11,1000
TOTAL,KpiVektMnd,2013M12,Totalindeks,Vekter,2013M12,1000
TOTAL,KpiVektMnd,2014M01,Totalindeks,Vekter,2014M01,1000
TOTAL,KpiVektMnd,2014M02,Totalindeks,Vekter,2014M02,1000
TOTAL,KpiVektMnd,2014M03,Totalindeks,Vekter,2014M03,1000
TOTAL,KpiVektMnd,2014M04,Totalindeks,Vekter,2014M04,1000
TOTAL,KpiVektMnd,2014M05,Totalindeks,Vekter,2014M05,1000
TOTAL,KpiVektMnd,2014M06,Totalindeks,Vekter,2014M06,1000
TOTAL,KpiVektMnd,2014M07,Totalindeks,Vekter,2014M07,1000
TOTAL,KpiVektMnd,2014M08,Totalindeks,Vekter,2014M08,1000
TOTAL,KpiVektMnd,2014M09,Totalindeks,Vekter,2014M09,1000
TOTAL,KpiVektMnd,2014M10,Totalindeks,Vekter,2014M10,1000
TOTAL,KpiVektMnd,2014M11,Totalindeks,Vekter,2014M11,1000
TOTAL,KpiVektMnd,2014M12,Totalindeks,Vekter,2014M12,1000
TOTAL,KpiVektMnd,2015M01,Totalindeks,Vekter,2015M01,1000
TOTAL,KpiVektMnd,2015M02,Totalindeks,Vekter,2015M02,1000
TOTAL,KpiVektMnd,2015M03,Totalindeks,Vekter,2015M03,1000
TOTAL,KpiVektMnd,2015M04,Totalindeks,Vekter,2015M04,1000
TOTAL,KpiVektMnd,2015M05,Totalindeks,Vekter,2015M05,1000
TOTAL,KpiVektMnd,2015M06,Totalindeks,Vekter,2015M06,1000
TOTAL,KpiVektMnd,2015M07,Totalindeks,Vekter,2015M07,1000
TOTAL,KpiVektMnd,2015M08,Totalindeks,Vekter,2015M08,1000
TOTAL,KpiVektMnd,2015M09,Totalindeks,Vekter,2015M09,1000
TOTAL,KpiVektMnd,2015M10,Totalindeks,Vekter,2015M10,1000
TOTAL,KpiVektMnd,2015M11,Totalindeks,Vekter,2015M11,1000
TOTAL,KpiVektMnd,2015M12,Totalindeks,Vekter,2015M12,1000
TOTAL,KpiVektMnd,2016M01,Totalindeks,Vekter,2016M01,1000
TOTAL,KpiVektMnd,2016M02,Totalindeks,Vekter,2016M02,1000
TOTAL,KpiVektMnd,2016M03,Totalindeks,Vekter,2016M03,1000
TOTAL,KpiVektMnd,2016M04,Totalindeks,Vekter,2016M04,1000
TOTAL,KpiVektMnd,2016M05,Totalindeks,Vekter,2016M05,1000
TOTAL,KpiVektMnd,2016M06,Totalindeks,Vekter,2016M06,1000
TOTAL,KpiVektMnd,2016M07,Totalindeks,Vekter,2016M07,1000
TOTAL,KpiVektMnd,2016M08,Totalindeks,Vekter,2016M08,1000
TOTAL,KpiVektMnd,2016M09,Totalindeks,Vekter,2016M09,1000
TOTAL,KpiVektMnd,2016M10,Totalindeks,Vekter,2016M10,1000
TOTAL,KpiVektMnd,2016M11,Totalindeks,Vekter,2016M11,1000
TOTAL,KpiVektMnd,2016M12,Totalindeks,Vekter,2016M12,1000
TOTAL,KpiVektMnd,2017M01,Totalindeks,Vekter,2017M01,1000
TOTAL,KpiVektMnd,2017M02,Totalindeks,Vekter,2017M02,1000
TOTAL,KpiVektMnd,2017M03,Totalindeks,Vekter,2017M03,1000
TOTAL,KpiVektMnd,2017M04,Totalindeks,Vekter,2017M04,1000
TOTAL,KpiVektMnd,2017M05,Totalindeks,Vekter,2017M05,1000
TOTAL,KpiVektMnd,2017M06,Totalindeks,Vekter,2017M06,1000
TOTAL,KpiVektMnd,2017M07,Totalindeks,Vekter,2017M07,1000
TOTAL,KpiVektMnd,2017M08,Totalindeks,Vekter,2017M08,1000
TOTAL,KpiVektMnd,2017M09,Totalindeks,Vekter,2017M09,1000
TOTAL,KpiVektMnd,2017M10,Totalindeks,Vekter,2017M10,1000
TOTAL,KpiVektMnd,2017M11,Totalindeks,Vekter,2017M11,1000
TOTAL,KpiVektMnd,2017M12,Totalindeks,Vekter,2017M12,1000
TOTAL,KpiVektMnd,2018M01,Totalindeks,Vekter,2018M01,1000
TOTAL,KpiVektMnd,2018M02,Totalindeks,Vekter,2018M02,1000
TOTAL,KpiVektMnd,2018M03,Totalindeks,Vekter,2018M03,1000
TOTAL,KpiVektMnd,2018M04,Totalindeks,Vekter,2018M04,1000
TOTAL,KpiVektMnd,2018M05,Totalindeks,Vekter,2018M05,1000
TOTAL,KpiVektMnd,2018M06,Totalindeks,Vekter,2018M06,1000
TOTAL,KpiVektMnd,2018M07,Totalindeks,Vekter,2018M07,1000
TOTAL,KpiVektMnd,2018M08,Totalindeks,Vekter,2018M08,1000
TOTAL,KpiVektMnd,2018M09,Totalindeks,Vekter,2018M09,1000
TOTAL,KpiVektMnd,2018M10,Totalindeks,Vekter,2018M10,1000
TOTAL,KpiVektMnd,2018M11,Totalindeks,Vekter,2018M11,1000
TOTAL,KpiVektMnd,2018M12,Totalindeks,Vekter,2018M12,1000
TOTAL,KpiVektMnd,2019M01,Totalindeks,Vekter,2019M01,1000
TOTAL,KpiVektMnd,2019M02,Totalindeks,Vekter,2019M02,1000
TOTAL,KpiVektMnd,2019M03,Totalindeks,Vekter,2019M03,1000
TOTAL,KpiVektMnd,2019M04,Totalindeks,Vekter,2019M04,1000
TOTAL,KpiVektMnd,2019M05,Totalindeks,Vekter,2019M05,1000
TOTAL,KpiVektMnd,2019M06,Totalindeks,Vekter,2019M06,1000
TOTAL,KpiVektMnd,2019M07,Totalindeks,Vekter,2019M07,1000
TOTAL,KpiVektMnd,2019M08,Totalindeks,Vekter,2019M08,1000
TOTAL,KpiVektMnd,2019M09,Totalindeks,Vekter,2019M09,1000
TOTAL,KpiVektMnd,2019M10,Totalindeks,Vekter,2019M10,1000
TOTAL,KpiVektMnd,2019M11,Totalindeks,Vekter,2019M11,1000
TOTAL,KpiVektMnd,2019M12,Totalindeks,Vekter,2019M12,1000
TOTAL,KpiVektMnd,2020M01,Totalindeks,Vekter,2020M01,1000
TOTAL,KpiVektMnd,2020M02,Totalindeks,Vekter,2020M02,1000
TOTAL,KpiVektMnd,2020M03,Totalindeks,Vekter,2020M03,1000
TOTAL,KpiVektMnd,2020M04,Totalindeks,Vekter,2020M04,1000
TOTAL,KpiVektMnd,2020M05,Totalindeks,Vekter,2020M05,1000
TOTAL,KpiVektMnd,2020M06,Totalindeks,Vekter,2020M06,1000
TOTAL,KpiVektMnd,2020M07,Totalindeks,Vekter,2020M07,1000
TOTAL,KpiVektMnd,2020M08,Totalindeks,Vekter,2020M08,1000
TOTAL,KpiVektMnd,2020M09,Totalindeks,Vekter,2020M09,1000
TOTAL,KpiVektMnd,2020M10,Totalindeks,Vekter,2020M10,1000
TOTAL,KpiVektMnd,2020M11,Totalindeks,Vekter,2020M11,1000
TOTAL,KpiVektMnd,2020M12,Totalindeks,Vekter,2020M12,1000
TOTAL,KpiVektMnd,2021M01,Totalindeks,Vekter,2021M01,1000
TOTAL,KpiVektMnd,2021M02,Totalindeks,Vekter,2021M02,1000
TOTAL,KpiVektMnd,2021M03,Totalindeks,Vekter,2021M03,1000
TOTAL,KpiVektMnd,2021M04,Totalindeks,Vekter,2021M04,1000
TOTAL,KpiVektMnd,2021M05,Totalindeks,Vekter,2021M05,1000
TOTAL,KpiVektMnd,2021M06,Totalindeks,Vekter,2021M06,1000
TOTAL,KpiVektMnd,2021M07,Totalindeks,Vekter,2021M07,1000
TOTAL,KpiVektMnd,2021M08,Totalindeks,Vekter,2021M08,1000
TOTAL,KpiVektMnd,2021M09,Totalindeks,Vekter,2021M09,1000
TOTAL,KpiVektMnd,2021M10,Totalindeks,Vekter,2021M10,1000
TOTAL,KpiVektMnd,2021M11,Totalindeks,Vekter,2021M11,1000
TOTAL,KpiVektMnd,2021M12,Totalindeks,Vekter,2021M12,1000
TOTAL,KpiVektMnd,2022M01,Totalindeks,Vekter,2022M01,1000
TOTAL,KpiVektMnd,2022M02,Totalindeks,Vekter,2022M02,1000
TOTAL,KpiVektMnd,2022M03,Totalindeks,Vekter,2022M03,1000
TOTAL,KpiVektMnd,2022M04,Totalindeks,Vekter,2022M04,1000
TOTAL,KpiVektMnd,2022M05,Totalindeks,Vekter,2022M05,1000
TOTAL,KpiVektMnd,2022M06,Totalindeks,Vekter,2022M06,1000
TOTAL,KpiVektMnd,2022M07,Totalindeks,Vekter,2022M07,1000
TOTAL,KpiVektMnd,2022M08,Totalindeks,Vekter,2022M08,1000
TOTAL,KpiVektMnd,2022M09,Totalindeks,Vekter,2022M09,1000
TOTAL,KpiVektMnd,2022M10,Totalindeks,Vekter,2022M10,1000
TOTAL,KpiVektMnd,2022M11,Totalindeks,Vekter,2022M11,1000
TOTAL,KpiVektMnd,2022M12,Totalindeks,Vekter,2022M12,1000
TOTAL,KpiVektMnd,2023M01,Totalindeks,Vekter,2023M01,1000
TOTAL,KpiVektMnd,2023M02,Totalindeks,Vekter,2023M02,1000
TOTAL,KpiVektMnd,2023M03,Totalindeks,Vekter,2023M03,1000
TOTAL,KpiVektMnd,2023M04,Totalindeks,Vekter,2023M04,1000
TOTAL,KpiVektMnd,2023M05,Totalindeks,Vekter,2023M05,1000
TOTAL,KpiVektMnd,2023M06,Totalindeks,Vekter,2023M06,1000
TOTAL,KpiVektMnd,2023M07,Totalindeks,Vekter,2023M07,1000
TOTAL,KpiVektMnd,2023M08,Totalindeks,Vekter,2023M08,1000
TOTAL,KpiVektMnd,2023M09,Totalindeks,Vekter,2023M09,1000
TOTAL,KpiVektMnd,2023M10,Totalindeks,Vekter,2023M10,1000
TOTAL,KpiVektMnd,2023M11,Totalindeks,Vekter,2023M11,1000
TOTAL,KpiVektMnd,2023M12,Totalindeks,Vekter,2023M12,1000
TOTAL,KpiVektMnd,2024M01,Totalindeks,Vekter,2024M01,1000
TOTAL,KpiVektMnd,2024M02,Totalindeks,Vekter,2024M02,1000
TOTAL,KpiVektMnd,2024M03,Totalindeks,Vekter,2024M03,1000
TOTAL,KpiVektMnd,2024M04,Totalindeks,Vekter,2024M04,1000
TOTAL,KpiVektMnd,2024M05,Totalindeks,Vekter,2024M05,1000
TOTAL,KpiVektMnd,2024M06,Totalindeks,Vekter,2024M06,1000
TOTAL,KpiVektMnd,2024M07,Totalindeks,Vekter,2024M07,1000
TOTAL,KpiVektMnd,2024M08,Totalindeks,Vekter,2024M08,1000
TOTAL,KpiVektMnd,2024M09,Totalindeks,Vekter,2024M09,1000
TOTAL,KpiVektMnd,2024M10,Totalindeks,Vekter,2024M10,1000
TOTAL,KpiVektMnd,2024M11,Totalindeks,Vekter,2024M11,1000
TOTAL,KpiVektMnd,2024M12,Totalindeks,Vekter,2024M12,1000
TOTAL,KpiVektMnd,2025M01,Totalindeks,Vekter,2025M01,1000
TOTAL,KpiVektMnd,2025M02,Totalindeks,Vekter,2025M02,1000
TOTAL,KpiVektMnd,2025M03,Totalindeks,Vekter,2025M03,1000
TOTAL,KpiVektMnd,2025M04,Totalindeks,Vekter,2025M04,1000
TOTAL,KpiVektMnd,2025M05,Totalindeks,Vekter,2025M05,1000
TOTAL,KpiVektMnd,2025M06,Totalindeks,Vekter,2025M06,1000
TOTAL,KpiVektMnd,2025M07,Totalindeks,Vekter,2025M07,1000
TOTAL,KpiVektMnd,2025M08,Totalindeks,Vekter,2025M08,1000
TOTAL,KpiVektMnd,2025M09,Totalindeks,Vekter,2025M09,1000
TOTAL,KpiVektMnd,2025M10,Totalindeks,Vekter,2025M10,1000
TOTAL,KpiVektMnd,2025M11,Totalindeks,Vekter,2025M11,1000
TOTAL,KpiVektMnd,2025M12,Totalindeks,Vekter,2025M12,1000
04,KpiIndMnd,1979M01,"Bolig, lys og brensel",Konsumprisindeks (2015=100),1979M01,19.5
04,KpiIndMnd,1979M02,"Bolig, lys og brensel",Konsumprisindeks (2015=100),1979M02,19.5
04,KpiIndMnd,1979M03,"Bolig, lys og brensel",Konsumprisindeks (2015=100),1979M03,19.6
04,KpiIndMnd,1979M04,"Bolig, lys og brensel",Konsumprisindeks (2015=100),1979M04,19.6
04,KpiIndMnd,1979M05,"Bolig, lys og brensel",Konsumprisindeks (2015=100),1979M05,19.7
04,KpiIndMnd,1979M06,"Bolig, lys og brensel",Konsumprisindeks (2015=100),1979M06,19.8
04,KpiIndMnd,1979M07,"Bolig, lys og brensel",Konsumprisindeks (2015=100),1979M07,19.8
04,KpiIndMnd,1979M08,"Bolig, lys og brensel",Konsumprisindeks (2015=100),1979M08,19.9
04,KpiIndMnd,1979M09,"Bolig, lys og brensel",Konsumprisindeks (2015=100),1979M09,19.9
04,KpiIndMnd,1979M10,"Bolig, lys og brensel",Konsumprisindeks (2015=100),1979M10,20
04,KpiIndMnd,1979M11,"Bolig, lys og brensel",Konsumprisindeks (2015=100),1979M11,20.1
04,KpiIndMnd,1979M12,"Bolig, lys og brensel",Konsumprisindeks (2015=100),1979M12,20.1
04,KpiIndMnd,1980M01,"Bolig, lys og brensel",Konsumprisindeks (2015=100),1980M01,20.7
04,KpiIndMnd,1980M02,"Bolig, lys og brensel",Konsumprisindeks (2015=100),1980M02,20.8
04,KpiIndMnd,1980M03,"Bolig, lys og brensel",Konsumprisindeks (2015=100),1980M03,21.4
04,KpiIndMnd,1980M04,"Bolig, lys og brensel",Konsumprisindeks (2015=100),1980M04,21.5
04,KpiIndMnd,1980M05,"Bolig, lys og brensel",Konsumprisindeks (2015=100),1980M05,21.9
04,KpiIndMnd,1980M06,"Bolig, lys og brensel",Konsumprisindeks (2015=100),1980M06,22.2
04,KpiIndMnd,1980M07,"Bolig, lys og brensel",Konsumprisindeks (2015=100),1980M07,22.5
04,KpiIndMnd,1980M08,"Bolig, lys og brensel",Konsumprisindeks (2015=100),1980M08,22.6
04,KpiIndMnd,1980M09,"Bolig, lys og brensel",Konsumprisindeks (2015=100),1980M09,22.9
04,KpiIndMnd,1980M10,"Bolig, lys og brensel",Konsumprisindeks (2015=100),1980M10,23.1
04,KpiIndMnd,1980M11,"Bolig, lys og brensel",Konsumprisindeks (2015=100),1980M11,23.2
04,KpiIndMnd,1980M12,"Bolig, lys og brensel",Konsumprisindeks (2015=100),1980M12,23.3
04,KpiIndMnd,1981M01,"Bolig, lys og brensel",Konsumprisindeks (2015=100),1981M01,24.1
04,KpiIndMnd,1981M02,"Bolig, lys og brensel",Konsumprisindeks (2015=100),1981M02,24.1
04,KpiIndMnd,1981M03,"Bolig, lys og brensel",Konsumprisindeks (2015=100),1981M03,25
04,KpiIndMnd,1981M04,"Bolig, lys og brensel",Konsumprisindeks (2015=100),1981M04,25.1
04,KpiIndMnd,1981M05,"Bolig, lys og brensel",Konsumprisindeks (2015=100),1981M05,25.1
04,KpiIndMnd,1981M06,"Bolig, lys og brensel",Konsumprisindeks (2015=100),1981M06,25.5
04,KpiIndMnd,1981M07,"Bolig, lys og brensel",Konsumprisindeks (2015=100),1981M07,25.5
04,KpiIndMnd,1981M08,"Bolig, lys og brensel",Konsumprisindeks (2015=100),1981M08,25.5
04,KpiIndMnd,1981M09,"Bolig, lys og brensel",Konsumprisindeks (2015=100),1981M09,25.6
04,KpiIndMnd,1981M10,"Bolig, lys og brensel",Konsumprisindeks (2015=100),1981M10,25.6
04,KpiIndMnd,1981M11,"Bolig, lys og brensel",Konsumprisindeks (2015=100),1981M11,25.7
04,KpiIndMnd,1981M12,"Bolig, lys og brensel",Konsumprisindeks (2015=100),1981M12,25.9
04,KpiIndMnd,1982M01,"Bolig, lys og brensel",Konsumprisindeks (2015=100),1982M01,26.9
04,KpiIndMnd,1982M02,"Bolig, lys og brensel",Konsumprisindeks (2015=100),1982M02,26.8
04,KpiIndMnd,1982M03,"Bolig, lys og brensel",Konsumprisindeks (2015=100),1982M03,28
04,KpiIndMnd,1982M04,"Bolig, lys og brensel",Konsumprisindeks (2015=100),1982M04,28
04,KpiIndMnd,1982M05,"Bolig, lys og brensel",Konsumprisindeks (2015=100),1982M05,28
04,KpiIndMnd,1982M06,"Bolig, lys og brensel",Konsumprisindeks (2015=100),1982M06,28.4
04,KpiIndMnd,1982M07,"Bolig, lys og brensel",Konsumprisindeks (2015=100),1982M07,28.5
04,KpiIndMnd,1982M08,"Bolig, lys og brensel",Konsumprisindeks (2015=100),1982M08,28.6
04,KpiIndMnd,1982M09,"Bolig, lys og brensel",Konsumprisindeks (2015=100),1982M09,28.8
04,KpiIndMnd,1982M10,"Bolig, lys og brensel",Konsumprisindeks (2015=100),1982M10,28.9
04,KpiIndMnd,1982M11,"Bolig, lys og brensel",Konsumprisindeks (2015=100),1982M11,29
04,KpiIndMnd,1982M12,"Bolig, lys og brensel",Konsumprisindeks (2015=100),1982M12,29.2
04,KpiIndMnd,1983M01,"Bolig, lys og brensel",Konsumprisindeks (2015=100),1983M01,30.1
04,KpiIndMnd,1983M02,"Bolig, lys og brensel",Konsumprisindeks (2015=100),1983M02,30.1
04,KpiIndMnd,1983M03,"Bolig, lys og brensel",Konsumprisindeks (2015=100),1983M03,30.9
04,KpiIndMnd,1983M04,"Bolig, lys og brensel",Konsumprisindeks (2015=100),1983M04,30.9
04,KpiIndMnd,1983M05,"Bolig, lys og brensel",Konsumprisindeks (2015=100),1983M05,30.8
04,KpiIndMnd,1983M06,"Bolig, lys og brensel",Konsumprisindeks (2015=100),1983M06,31.1
04,KpiIndMnd,1983M07,"Bolig, lys og brensel",Konsumprisindeks (2015=100),1983M07,31.2
04,KpiIndMnd,1983M08,"Bolig, lys og brensel",Konsumprisindeks (2015=100),1983M08,31.3
04,KpiIndMnd,1983M09,"Bolig, lys og brensel",Konsumprisindeks (2015=100),1983M09,31.5
04,KpiIndMnd,1983M10,"Bolig, lys og brensel",Konsumprisindeks (2015=100),1983M10,31.5
04,KpiIndMnd,1983M11,"Bolig, lys og brensel",Konsumprisindeks (2015=100),1983M11,31.5
04,KpiIndMnd,1983M12,"Bolig, lys og brensel",Konsumprisindeks (2015=100),1983M12,31.7
04,KpiIndMnd,1984M01,"Bolig, lys og brensel",Konsumprisindeks (2015=100),1984M01,32.5
04,KpiIndMnd,1984M02,"Bolig, lys og brensel",Konsumprisindeks (2015=100),1984M02,32.5
04,KpiIndMnd,1984M03,"Bolig, lys og brensel",Konsumprisindeks (2015=100),1984M03,33.3
04,KpiIndMnd,1984M04,"Bolig, lys og brensel",Konsumprisindeks (2015=100),1984M04,33.3
04,KpiIndMnd,1984M05,"Bolig, lys og brensel",Konsumprisindeks (2015=100),1984M05,33.3
04,KpiIndMnd,1984M06,"Bolig, lys og brensel",Konsumprisindeks (2015=100),1984M06,33.5
04,KpiIndMnd,1984M07,"Bolig, lys og brensel",Konsumprisindeks (2015=100),1984M07,33.6
04,KpiIndMnd,1984M08,"Bolig, lys og brensel",Konsumprisindeks (2015=100),1984M08,33.6
04,KpiIndMnd,1984M09,"Bolig, lys og brensel",Konsumprisindeks (2015=100),1984M09,33.8
04,KpiIndMnd,1984M10,"Bolig, lys og brensel",Konsumprisindeks (2015=100),1984M10,33.9
04,KpiIndMnd,1984M11,"Bolig, lys og brensel",Konsumprisindeks (2015=100),1984M11,33.9
04,KpiIndMnd,1984M12,"Bolig, lys og brensel",Konsumprisindeks (2015=100),1984M12,34
04,KpiIndMnd,1985M01,"Bolig, lys og brensel",Konsumprisindeks (2015=100),1985M01,34.9
04,KpiIndMnd,1985M02,"Bolig, lys og brensel",Konsumprisindeks (2015=100),1985M02,34.8
04,KpiIndMnd,1985M03,"Bolig, lys og brensel",Konsumprisindeks (2015=100),1985M03,35.4
04,KpiIndMnd,1985M04,"Bolig, lys og brensel",Konsumprisindeks (2015=100),1985M04,35.4
04,KpiIndMnd,1985M05,"Bolig, lys og brensel",Konsumprisindeks (2015=100),1985M05,35.3
04,KpiIndMnd,1985M06,"Bolig, lys og brensel",Konsumprisindeks (2015=100),1985M06,35.5
04,KpiIndMnd,1985M07,"Bolig, lys og brensel",Konsumprisindeks (2015=100),1985M07,35.6
04,KpiIndMnd,1985M08,"Bolig, lys og brensel",Konsumprisindeks (2015=100),1985M08,35.6
04,KpiIndMnd,1985M09,"Bolig, lys og brensel",Konsumprisindeks (2015=100),1985M09,35.8
04,KpiIndMnd,1985M10,"Bolig, lys og brensel",Konsumprisindeks (2015=100),1985M10,35.9
04,KpiIndMnd,1985M11,"Bolig, lys og brensel",Konsumprisindeks (2015=100),1985M11,35.9
04,KpiIndMnd,1985M12,"Bolig, lys og brensel",Konsumprisindeks (2015=100),1985M12,36
04,KpiIndMnd,1986M01,"Bolig, lys og brensel",Konsumprisindeks (2015=100),1986M01,36.6
04,KpiIndMnd,1986M02,"Bolig, lys og brensel",Konsumprisindeks (2015=100),1986M02,36.5
04,KpiIndMnd,1986M03,"Bolig, lys og brensel",Konsumprisindeks (2015=100),1986M03,37
04,KpiIndMnd,1986M04,"Bolig, lys og brensel",Konsumprisindeks (2015=100),1986M04,37
04,KpiIndMnd,1986M05,"Bolig, lys og brensel",Konsumprisindeks (2015=100),1986M05,36.9
04,KpiIndMnd,1986M06,"Bolig, lys og brensel",Konsumprisindeks (2015=100),1986M06,37.2
04,KpiIndMnd,1986M07,"Bolig, lys og brensel",Konsumprisindeks (2015=100),1986M07,37.2
04,KpiIndMnd,1986M08,"Bolig, lys og brensel",Konsumprisindeks (2015=100),1986M08,37.3
04,KpiIndMnd,1986M09,"Bolig, lys og brensel",Konsumprisindeks (2015=100),1986M09,37.6
04,KpiIndMnd,1986M10,"Bolig, lys og brensel",Konsumprisindeks (2015=100),1986M10,37.7
04,KpiIndMnd,1986M11,"Bolig, lys og brensel",Konsumprisindeks (2015=100),1986M11,37.6
04,KpiIndMnd,1986M12,"Bolig, lys og brensel",Konsumprisindeks (2015=100),1986M12,37.8
04,KpiIndMnd,1987M01,"Bolig, lys og brensel",Konsumprisindeks (2015=100),1987M01,38.7
04,KpiIndMnd,1987M02,"Bolig, lys og brensel",Konsumprisindeks (2015=100),1987M02,38.8
04,KpiIndMnd,1987M03,"Bolig, lys og brensel",Konsumprisindeks (2015=100),1987M03,39.6
04,KpiIndMnd,1987M04,"Bolig, lys og brensel",Konsumprisindeks (2015=100),1987M04,39.6
04,KpiIndMnd,1987M05,"Bolig, lys og brensel",Konsumprisindeks (2015=100),1987M05,39.7
04,KpiIndMnd,1987M06,"Bolig, lys og brensel",Konsumprisindeks (2015=100),1987M06,40
04,KpiIndMnd,1987M07,"Bolig, lys og brensel",Konsumprisindeks (2015=100),1987M07,40
04,KpiIndMnd,1987M08,"Bolig, lys og brensel",Konsumprisindeks (2015=100),1987M08,40.1
04,KpiIndMnd,1987M09,"Bolig, lys og brensel",Konsumprisindeks (2015=100),1987M09,40.5
04,KpiIndMnd,1987M10,"Bolig, lys og brensel",Konsumprisindeks (2015=100),1987M10,40.5
04,KpiIndMnd,1987M11,"Bolig, lys og brensel",Konsumprisindeks (2015=100),1987M11,40.6
04,KpiIndMnd,1987M12,"Bolig, lys og brensel",Konsumprisindeks (2015=100),1987M12,40.9
04,KpiIndMnd,1988M01,"Bolig, lys og brensel",Konsumprisindeks (2015=100),1988M01,41.7
04,KpiIndMnd,1988M02,"Bolig, lys og brensel",Konsumprisindeks (2015=100),1988M02,41.8
04,KpiIndMnd,1988M03,"Bolig, lys og brensel",Konsumprisindeks (2015=100),1988M03,43
04,KpiIndMnd,1988M04,"Bolig, lys og brensel",Konsumprisindeks (2015=100),1988M04,43
04,KpiIndMnd,1988M05,"Bolig, lys og brensel",Konsumprisindeks (2015=100),1988M05,43.1
04,KpiIndMnd,1988M06,"Bolig, lys og brensel",Konsumprisindeks (2015=100),1988M06,43.5
04,KpiIndMnd,1988M07,"Bolig, lys og brensel",Konsumprisindeks (2015=100),1988M07,43.5
04,KpiIndMnd,1988M08,"Bolig, lys og brensel",Konsumprisindeks (2015=100),1988M08,43.5
04,KpiIndMnd,1988M09,"Bolig, lys og brensel",Konsumprisindeks (2015=100),1988M09,43.9
04,KpiIndMnd,1988M10,"Bolig, lys og brensel",Konsumprisindeks (2015=100),1988M10,43.9
04,KpiIndMnd,1988M11,"Bolig, lys og brensel",Konsumprisindeks (2015=100),1988M11,43.9
04,KpiIndMnd,1988M12,"Bolig, lys og brensel",Konsumprisindeks (2015=100),1988M12,44.1
04,KpiIndMnd,1989M01,"Bolig, lys og brensel",Konsumprisindeks (2015=100),1989M01,44.5
04,KpiIndMnd,1989M02,"Bolig, lys og brensel",Konsumprisindeks (2015=100),1989M02,44.5
04,KpiIndMnd,1989M03,"Bolig, lys og brensel",Konsumprisindeks (2015=100),1989M03,45.5
04,KpiIndMnd,1989M04,"Bolig, lys og brensel",Konsumprisindeks (2015=100),1989M04,45.5
04,KpiIndMnd,1989M05,"Bolig, lys og brensel",Konsumprisindeks (2015=100),1989M05,45.6
04,KpiIndMnd,1989M06,"Bolig, lys og brensel",Konsumprisindeks (2015=100),1989M06,46.1
04,KpiIndMnd,1989M07,"Bolig, lys og brensel",Konsumprisindeks (2015=100),1989M07,46.1
04,KpiIndMnd,1989M08,"Bolig, lys og brensel",Konsumprisindeks (2015=100),1989M08,46.2
04,KpiIndMnd,1989M09,"Bolig, lys og brensel",Konsumprisindeks (2015=100),1989M09,46.5
04,KpiIndMnd,1989M10,"Bolig, lys og brensel",Konsumprisindeks (2015=100),1989M10,46.6
04,KpiIndMnd,1989M11,"Bolig, lys og brensel",Konsumprisindeks (2015=100),1989M11,46.6
04,KpiIndMnd,1989M12,"Bolig, lys og brensel",Konsumprisindeks (2015=100),1989M12,46.9
04,KpiIndMnd,1990M01,"Bolig, lys og brensel",Konsumprisindeks (2015=100),1990M01,47.5
04,KpiIndMnd,1990M02,"Bolig, lys og brensel",Konsumprisindeks (2015=100),1990M02,47.6
04,KpiIndMnd,1990M03,"Bolig, lys og brensel",Konsumprisindeks (2015=100),1990M03,48.6
04,KpiIndMnd,1990M04,"Bolig, lys og brensel",Konsumprisindeks (2015=100),1990M04,48.6
04,KpiIndMnd,1990M05,"Bolig, lys og brensel",Konsumprisindeks (2015=100),1990M05,48.5
04,KpiIndMnd,1990M06,"Bolig, lys og brensel",Konsumprisindeks (2015=100),1990M06,48.9
04,KpiIndMnd,1990M07,"Bolig, lys og brensel",Konsumprisindeks (2015=100),1990M07,48.8
04,KpiIndMnd,1990M08,"Bolig, lys og brensel",Konsumprisindeks (2015=100),1990M08,48.9
04,KpiIndMnd,1990M09,"Bolig, lys og brensel",Konsumprisindeks (2015=100),1990M09,49.4
04,KpiIndMnd,1990M10,"Bolig, lys og brensel",Konsumprisindeks (2015=100),1990M10,49.6
04,KpiIndMnd,1990M11,"Bolig, lys og brensel",Konsumprisindeks (2015=100),1990M11,49.6
04,KpiIndMnd,1990M12,"Bolig, lys og brensel",Konsumprisindeks (2015=100),1990M12,49.7
04,KpiIndMnd,1991M01,"Bolig, lys og brensel",Konsumprisindeks (2015=100),1991M01,50.1
04,KpiIndMnd,1991M02,"Bolig, lys og brensel",Konsumprisindeks (2015=100),1991M02,50.1
04,KpiIndMnd,1991M03,"Bolig, lys og brensel",Konsumprisindeks (2015=100),1991M03,51.1
04,KpiIndMnd,1991M04,"Bolig, lys og brensel",Konsumprisindeks (2015=100),1991M04,51
04,KpiIndMnd,1991M05,"Bolig, lys og brensel",Konsumprisindeks (2015=100),1991M05,51
04,KpiIndMnd,1991M06,"Bolig, lys og brensel",Konsumprisindeks (2015=100),1991M06,51.3
04,KpiIndMnd,1991M07,"Bolig, lys og brensel",Konsumprisindeks (2015=100),1991M07,51.1
04,KpiIndMnd,1991M08,"Bolig, lys og brensel",Konsumprisindeks (2015=100),1991M08,51.1
04,KpiIndMnd,1991M09,"Bolig, lys og brensel",Konsumprisindeks (2015=100),1991M09,51.3
04,KpiIndMnd,1991M10,"Bolig, lys og brensel",Konsumprisindeks (2015=100),1991M10,51.3
04,KpiIndMnd,1991M11,"Bolig, lys og brensel",Konsumprisindeks (2015=100),1991M11,51.4
04,KpiIndMnd,1991M12,"Bolig, lys og brensel",Konsumprisindeks (2015=100),1991M12,51.4
04,KpiIndMnd,1992M01,"Bolig, lys og brensel",Konsumprisindeks (2015=100),1992M01,51.4
04,KpiIndMnd,1992M02,"Bolig, lys og brensel",Konsumprisindeks (2015=100),1992M02,51.4
04,KpiIndMnd,1992M03,"Bolig, lys og brensel",Konsumprisindeks (2015=100),1992M03,52.1
04,KpiIndMnd,1992M04,"Bolig, lys og brensel",Konsumprisindeks (2015=100),1992M04,52.1
04,KpiIndMnd,1992M05,"Bolig, lys og brensel",Konsumprisindeks (2015=100),1992M05,52.2
04,KpiIndMnd,1992M06,"Bolig, lys og brensel",Konsumprisindeks (2015=100),1992M06,52.4
04,KpiIndMnd,1992M07,"Bolig, lys og brensel",Konsumprisindeks (2015=100),1992M07,52.3
04,KpiIndMnd,1992M08,"Bolig, lys og brensel",Konsumprisindeks (2015=100),1992M08,52.3
04,KpiIndMnd,1992M09,"Bolig, lys og brensel",Konsumprisindeks (2015=100),1992M09,52.5
04,KpiIndMnd,1992M10,"Bolig, lys og brensel",Konsumprisindeks (2015=100),1992M10,52.5
04,KpiIndMnd,1992M11,"Bolig, lys og brensel",Konsumprisindeks (2015=100),1992M11,52.6
04,KpiIndMnd,1992M12,"Bolig, lys og brensel",Konsumprisindeks (2015=100),1992M12,52.8
04,KpiIndMnd,1993M01,"Bolig, lys og brensel",Konsumprisindeks (2015=100),1993M01,53.1
04,KpiIndMnd,1993M02,"Bolig, lys og brensel",Konsumprisindeks (2015=100),1993M02,53.1
04,KpiIndMnd,1993M03,"Bolig, lys og brensel",Konsumprisindeks (2015=100),1993M03,53.7
04,KpiIndMnd,1993M04,"Bolig, lys og brensel",Konsumprisindeks (2015=100),1993M04,53.8
04,KpiIndMnd,1993M05,"Bolig, lys og brensel",Konsumprisindeks (2015=100),1993M05,53.8
04,KpiIndMnd,1993M06,"Bolig, lys og brensel",Konsumprisindeks (2015=100),1993M06,53.9
04,KpiIndMnd,1993M07,"Bolig, lys og brensel",Konsumprisindeks (2015=100),1993M07,53.8
04,KpiIndMnd,1993M08,"Bolig, lys og brensel",Konsumprisindeks (2015=100),1993M08,53.8
04,KpiIndMnd,1993M09,"Bolig, lys og brensel",Konsumprisindeks (2015=100),1993M09,53.8
04,KpiIndMnd,1993M10,"Bolig, lys og brensel",Konsumprisindeks (2015=100),1993M10,53.9
04,KpiIndMnd,1993M11,"Bolig, lys og brensel",Konsumprisindeks (2015=100),1993M11,53.8
04,KpiIndMnd,1993M12,"Bolig, lys og brensel",Konsumprisindeks (2015=100),1993M12,53.9
04,KpiIndMnd,1994M01,"Bolig, lys og brensel",Konsumprisindeks (2015=100),1994M01,53.8
04,KpiIndMnd,1994M02,"Bolig, lys og brensel",Konsumprisindeks (2015=100),1994M02,53.8
04,KpiIndMnd,1994M03,"Bolig, lys og brensel",Konsumprisindeks (2015=100),1994M03,53.9
04,KpiIndMnd,1994M04,"Bolig, lys og brensel",Konsumprisindeks (2015=100),1994M04,54
04,KpiIndMnd,1994M05,"Bolig, lys og brensel",Konsumprisindeks (2015=100),1994M05,54
04,KpiIndMnd,1994M06,"Bolig, lys og brensel",Konsumprisindeks (2015=100),1994M06,54.2
04,KpiIndMnd,1994M07,"Bolig, lys og brensel",Konsumprisindeks (2015=100),1994M07,54.2
04,KpiIndMnd,1994M08,"Bolig, lys og brensel",Konsumprisindeks (2015=100),1994M08,54.2
04,KpiIndMnd,1994M09,"Bolig, lys og brensel",Konsumprisindeks (2015=100),1994M09,54.4
04,KpiIndMnd,1994M10,"Bolig, lys og brensel",Konsumprisindeks (2015=100),1994M10,54.5
04,KpiIndMnd,1994M11,"Bolig, lys og brensel",Konsumprisindeks (2015=100),1994M11,54.5
04,KpiIndMnd,1994M12,"Bolig, lys og brensel",Konsumprisindeks (2015=100),1994M12,54.7
04,KpiIndMnd,1995M01,"Bolig, lys og brensel",Konsumprisindeks (2015=100),1995M01,55.3
04,KpiIndMnd,1995M02,"Bolig, lys og brensel",Konsumprisindeks (2015=100),1995M02,55.4
04,KpiIndMnd,1995M03,"Bolig, lys og brensel",Konsumprisindeks (2015=100),1995M03,55.6
04,KpiIndMnd,1995M04,"Bolig, lys og brensel",Konsumprisindeks (2015=100),1995M04,55.5
04,KpiIndMnd,1995M05,"Bolig, lys og brensel",Konsumprisindeks (2015=100),1995M05,55.5
04,KpiIndMnd,1995M06,"Bolig, lys og brensel",Konsumprisindeks (2015=100),1995M06,55.7
04,KpiIndMnd,1995M07,"Bolig, lys og brensel",Konsumprisindeks (2015=100),1995M07,55.7
04,KpiIndMnd,1995M08,"Bolig, lys og brensel",Konsumprisindeks (2015=100),1995M08,55.6
04,KpiIndMnd,1995M09,"Bolig, lys og brensel",Konsumprisindeks (2015=100),1995M09,56
04,KpiIndMnd,1995M10,"Bolig, lys og brensel",Konsumprisindeks (2015=100),1995M10,56
04,KpiIndMnd,1995M11,"Bolig, lys og brensel",Konsumprisindeks (2015=100),1995M11,56
04,KpiIndMnd,1995M12,"Bolig, lys og brensel",Konsumprisindeks (2015=100),1995M12,56
04,KpiIndMnd,1996M01,"Bolig, lys og brensel",Konsumprisindeks (2015=100),1996M01,56
04,KpiIndMnd,1996M02,"Bolig, lys og brensel",Konsumprisindeks (2015=100),1996M02,56
04,KpiIndMnd,1996M03,"Bolig, lys og brensel",Konsumprisindeks (2015=100),1996M03,56.4
04,KpiIndMnd,1996M04,"Bolig, lys og brensel",Konsumprisindeks (2015=100),1996M04,56.5
04,KpiIndMnd,1996M05,"Bolig, lys og brensel",Konsumprisindeks (2015=100),1996M05,56.5
04,KpiIndMnd,1996M06,"Bolig, lys og brensel",Konsumprisindeks (2015=100),1996M06,56.5
04,KpiIndMnd,1996M07,"Bolig, lys og brensel",Konsumprisindeks (2015=100),1996M07,57.1
04,KpiIndMnd,1996M08,"Bolig, lys og brensel",Konsumprisindeks (2015=100),1996M08,57.1
04,KpiIndMnd,1996M09,"Bolig, lys og brensel",Konsumprisindeks (2015=100),1996M09,57.7
04,KpiIndMnd,1996M10,"Bolig, lys og brensel",Konsumprisindeks (2015=100),1996M10,58.1
04,KpiIndMnd,1996M11,"Bolig, lys og brensel",Konsumprisindeks (2015=100),1996M11,58.1
04,KpiIndMnd,1996M12,"Bolig, lys og brensel",Konsumprisindeks (2015=100),1996M12,58.3
04,KpiIndMnd,1997M01,"Bolig, lys og brensel",Konsumprisindeks (2015=100),1997M01,59
04,KpiIndMnd,1997M02,"Bolig, lys og brensel",Konsumprisindeks (2015=100),1997M02,59
04,KpiIndMnd,1997M03,"Bolig, lys og brensel",Konsumprisindeks (2015=100),1997M03,59.1
04,KpiIndMnd,1997M04,"Bolig, lys og brensel",Konsumprisindeks (2015=100),1997M04,58.3
04,KpiIndMnd,1997M05,"Bolig, lys og brensel",Konsumprisindeks (2015=100),1997M05,58.2
04,KpiIndMnd,1997M06,"Bolig, lys og brensel",Konsumprisindeks (2015=100),1997M06,58.7
04,KpiIndMnd,1997M07,"Bolig, lys og brensel",Konsumprisindeks (2015=100),1997M07,58
04,KpiIndMnd,1997M08,"Bolig, lys og brensel",Konsumprisindeks (2015=100),1997M08,58.1
04,KpiIndMnd,1997M09,"Bolig, lys og brensel",Konsumprisindeks (2015=100),1997M09,58.4
04,KpiIndMnd,1997M10,"Bolig, lys og brensel",Konsumprisindeks (2015=100),1997M10,58.6
04,KpiIndMnd,1997M11,"Bolig, lys og brensel",Konsumprisindeks (2015=100),1997M11,58.6
04,KpiIndMnd,1997M12,"Bolig, lys og brensel",Konsumprisindeks (2015=100),1997M12,58.7
04,KpiIndMnd,1998M01,"Bolig, lys og brensel",Konsumprisindeks (2015=100),1998M01,59.1
04,KpiIndMnd,1998M02,"Bolig, lys og brensel",Konsumprisindeks (2015=100),1998M02,59.1
04,KpiIndMnd,1998M03,"Bolig, lys og brensel",Konsumprisindeks (2015=100),1998M03,59.4
04,KpiIndMnd,1998M04,"Bolig, lys og brensel",Konsumprisindeks (2015=100),1998M04,58.9
04,KpiIndMnd,1998M05,"Bolig, lys og brensel",Konsumprisindeks (2015=100),1998M05,58.4
04,KpiIndMnd,1998M06,"Bolig, lys og brensel",Konsumprisindeks (2015=100),1998M06,58.4
04,KpiIndMnd,1998M07,"Bolig, lys og brensel",Konsumprisindeks (2015=100),1998M07,58.3
04,KpiIndMnd,1998M08,"Bolig, lys og brensel",Konsumprisindeks (2015=100),1998M08,58.3
04,KpiIndMnd,1998M09,"Bolig, lys og brensel",Konsumprisindeks (2015=100),1998M09,58.6
04,KpiIndMnd,1998M10,"Bolig, lys og brensel",Konsumprisindeks (2015=100),1998M10,58.6
04,KpiIndMnd,1998M11,"Bolig, lys og brensel",Konsumprisindeks (2015=100),1998M11,58.9
04,KpiIndMnd,1998M12,"Bolig, lys og brensel",Konsumprisindeks (2015=100),1998M12,59.2
04,KpiIndMnd,1999M01,"Bolig, lys og brensel",Konsumprisindeks (2015=100),1999M01,60
04,KpiIndMnd,1999M02,"Bolig, lys og brensel",Konsumprisindeks (2015=100),1999M02,59.9
04,KpiIndMnd,1999M03,"Bolig, lys og brensel",Konsumprisindeks (2015=100),1999M03,60.2
04,KpiIndMnd,1999M04,"Bolig, lys og brensel",Konsumprisindeks (2015=100),1999M04,60
04,KpiIndMnd,1999M05,"Bolig, lys og brensel",Konsumprisindeks (2015=100),1999M05,59.5
04,KpiIndMnd,1999M06,"Bolig, lys og brensel",Konsumprisindeks (2015=100),1999M06,59.4
04,KpiIndMnd,1999M07,"Bolig, lys og brensel",Konsumprisindeks (2015=100),1999M07,59.2
04,KpiIndMnd,1999M08,"Bolig, lys og brensel",Konsumprisindeks (2015=100),1999M08,59.2
04,KpiIndMnd,1999M09,"Bolig, lys og brensel",Konsumprisindeks (2015=100),1999M09,60
04,KpiIndMnd,1999M10,"Bolig, lys og brensel",Konsumprisindeks (2015=100),1999M10,60.7
04,KpiIndMnd,1999M11,"Bolig, lys og brensel",Konsumprisindeks (2015=100),1999M11,61.3
04,KpiIndMnd,1999M12,"Bolig, lys og brensel",Konsumprisindeks (2015=100),1999M12,61.5
04,KpiIndMnd,2000M01,"Bolig, lys og brensel",Konsumprisindeks (2015=100),2000M01,63
04,KpiIndMnd,2000M02,"Bolig, lys og brensel",Konsumprisindeks (2015=100),2000M02,63
04,KpiIndMnd,2000M03,"Bolig, lys og brensel",Konsumprisindeks (2015=100),2000M03,62.4
04,KpiIndMnd,2000M04,"Bolig, lys og brensel",Konsumprisindeks (2015=100),2000M04,62.4
04,KpiIndMnd,2000M05,"Bolig, lys og brensel",Konsumprisindeks (2015=100),2000M05,62
04,KpiIndMnd,2000M06,"Bolig, lys og brensel",Konsumprisindeks (2015=100),2000M06,62.2
04,KpiIndMnd,2000M07,"Bolig, lys og brensel",Konsumprisindeks (2015=100),2000M07,62.1
04,KpiIndMnd,2000M08,"Bolig, lys og brensel",Konsumprisindeks (2015=100),2000M08,62.5
04,KpiIndMnd,2000M09,"Bolig, lys og brensel",Konsumprisindeks (2015=100),2000M09,63.3
04,KpiIndMnd,2000M10,"Bolig, lys og brensel",Konsumprisindeks (2015=100),2000M10,63.4
04,KpiIndMnd,2000M11,"Bolig, lys og brensel",Konsumprisindeks (2015=100),2000M11,64.3
04,KpiIndMnd,2000M12,"Bolig, lys og brensel",Konsumprisindeks (2015=100),2000M12,64.5
04,KpiIndMnd,2001M01,"Bolig, lys og brensel",Konsumprisindeks (2015=100),2001M01,66.1
04,KpiIndMnd,2001M02,"Bolig, lys og brensel",Konsumprisindeks (2015=100),2001M02,66.4
04,KpiIndMnd,2001M03,"Bolig, lys og brensel",Konsumprisindeks (2015=100),2001M03,66.8
04,KpiIndMnd,2001M04,"Bolig, lys og brensel",Konsumprisindeks (2015=100),2001M04,67.2
04,KpiIndMnd,2001M05,"Bolig, lys og brensel",Konsumprisindeks (2015=100),2001M05,67.4
04,KpiIndMnd,2001M06,"Bolig, lys og brensel",Konsumprisindeks (2015=100),2001M06,67.6
04,KpiIndMnd,2001M07,"Bolig, lys og brensel",Konsumprisindeks (2015=100),2001M07,67.7
04,KpiIndMnd,2001M08,"Bolig, lys og brensel",Konsumprisindeks (2015=100),2001M08,67.9
04,KpiIndMnd,2001M09,"Bolig, lys og brensel",Konsumprisindeks (2015=100),2001M09,68.3
04,KpiIndMnd,2001M10,"Bolig, lys og brensel",Konsumprisindeks (2015=100),2001M10,68.2
04,KpiIndMnd,2001M11,"Bolig, lys og brensel",Konsumprisindeks (2015=100),2001M11,68.5
04,KpiIndMnd,2001M12,"Bolig, lys og brensel",Konsumprisindeks (2015=100),2001M12,68.9
04,KpiIndMnd,2002M01,"Bolig, lys og brensel",Konsumprisindeks (2015=100),2002M01,69.7
04,KpiIndMnd,2002M02,"Bolig, lys og brensel",Konsumprisindeks (2015=100),2002M02,69.6
04,KpiIndMnd,2002M03,"Bolig, lys og brensel",Konsumprisindeks (2015=100),2002M03,69.3
04,KpiIndMnd,2002M04,"Bolig, lys og brensel",Konsumprisindeks (2015=100),2002M04,68.9
04,KpiIndMnd,2002M05,"Bolig, lys og brensel",Konsumprisindeks (2015=100),2002M05,69.1
04,KpiIndMnd,2002M06,"Bolig, lys og brensel",Konsumprisindeks (2015=100),2002M06,69.3
04,KpiIndMnd,2002M07,"Bolig, lys og brensel",Konsumprisindeks (2015=100),2002M07,69.4
04,KpiIndMnd,2002M08,"Bolig, lys og brensel",Konsumprisindeks (2015=100),2002M08,69.4
04,KpiIndMnd,2002M09,"Bolig, lys og brensel",Konsumprisindeks (2015=100),2002M09,70.1
04,KpiIndMnd,2002M10,"Bolig, lys og brensel",Konsumprisindeks (2015=100),2002M10,70.6
04,KpiIndMnd,2002M11,"Bolig, lys og brensel",Konsumprisindeks (2015=100),2002M11,71.9
04,KpiIndMnd,2002M12,"Bolig, lys og brensel",Konsumprisindeks (2015=100),2002M12,74.1
04,KpiIndMnd,2003M01,"Bolig, lys og brensel",Konsumprisindeks (2015=100),2003M01,81.4
04,KpiIndMnd,2003M02,"Bolig, lys og brensel",Konsumprisindeks (2015=100),2003M02,80.2
04,KpiIndMnd,2003M03,"Bolig, lys og brensel",Konsumprisindeks (2015=100),2003M03,77.7
04,KpiIndMnd,2003M04,"Bolig, lys og brensel",Konsumprisindeks (2015=100),2003M04,75.5
04,KpiIndMnd,2003M05,"Bolig, lys og brensel",Konsumprisindeks (2015=100),2003M05,74.3
04,KpiIndMnd,2003M06,"Bolig, lys og brensel",Konsumprisindeks (2015=100),2003M06,73.9
04,KpiIndMnd,2003M07,"Bolig, lys og brensel",Konsumprisindeks (2015=100),2003M07,73.4
04,KpiIndMnd,2003M08,"Bolig, lys og brensel",Konsumprisindeks (2015=100),2003M08,74.6
04,KpiIndMnd,2003M09,"Bolig, lys og brensel",Konsumprisindeks (2015=100),2003M09,75.3
04,KpiIndMnd,2003M10,"Bolig, lys og brensel",Konsumprisindeks (2015=100),2003M10,75.2
04,KpiIndMnd,2003M11,"Bolig, lys og brensel",Konsumprisindeks (2015=100),2003M11,76.2
04,KpiIndMnd,2003M12,"Bolig, lys og brensel",Konsumprisindeks (2015=100),2003M12,76.7
04,KpiIndMnd,2004M01,"Bolig, lys og brensel",Konsumprisindeks (2015=100),2004M01,76.6
04,KpiIndMnd,2004M02,"Bolig, lys og brensel",Konsumprisindeks (2015=100),2004M02,76.1
04,KpiIndMnd,2004M03,"Bolig, lys og brensel",Konsumprisindeks (2015=100),2004M03,75.8
04,KpiIndMnd,2004M04,"Bolig, lys og brensel",Konsumprisindeks (2015=100),2004M04,75.8
04,KpiIndMnd,2004M05,"Bolig, lys og brensel",Konsumprisindeks (2015=100),2004M05,76
04,KpiIndMnd,2004M06,"Bolig, lys og brensel",Konsumprisindeks (2015=100),2004M06,76.1
04,KpiIndMnd,2004M07,"Bolig, lys og brensel",Konsumprisindeks (2015=100),2004M07,76.3
04,KpiIndMnd,2004M08,"Bolig, lys og brensel",Konsumprisindeks (2015=100),2004M08,76.4
04,KpiIndMnd,2004M09,"Bolig, lys og brensel",Konsumprisindeks (2015=100),2004M09,77
04,KpiIndMnd,2004M10,"Bolig, lys og brensel",Konsumprisindeks (2015=100),2004M10,76.7
04,KpiIndMnd,2004M11,"Bolig, lys og brensel",Konsumprisindeks (2015=100),2004M11,76.7
04,KpiIndMnd,2004M12,"Bolig, lys og brensel",Konsumprisindeks (2015=100),2004M12,76.8
04,KpiIndMnd,2005M01,"Bolig, lys og brensel",Konsumprisindeks (2015=100),2005M01,77
04,KpiIndMnd,2005M02,"Bolig, lys og brensel",Konsumprisindeks (2015=100),2005M02,76.4
04,KpiIndMnd,2005M03,"Bolig, lys og brensel",Konsumprisindeks (2015=100),2005M03,76.6
04,KpiIndMnd,2005M04,"Bolig, lys og brensel",Konsumprisindeks (2015=100),2005M04,76.9
04,KpiIndMnd,2005M05,"Bolig, lys og brensel",Konsumprisindeks (2015=100),2005M05,77.5
04,KpiIndMnd,2005M06,"Bolig, lys og brensel",Konsumprisindeks (2015=100),2005M06,77.8
04,KpiIndMnd,2005M07,"Bolig, lys og brensel",Konsumprisindeks (2015=100),2005M07,77.5
04,KpiIndMnd,2005M08,"Bolig, lys og brensel",Konsumprisindeks (2015=100),2005M08,77.8
04,KpiIndMnd,2005M09,"Bolig, lys og brensel",Konsumprisindeks (2015=100),2005M09,78.3
04,KpiIndMnd,2005M10,"Bolig, lys og brensel",Konsumprisindeks (2015=100),2005M10,78.3
04,KpiIndMnd,2005M11,"Bolig, lys og brensel",Konsumprisindeks (2015=100),2005M11,78.9
04,KpiIndMnd,2005M12,"Bolig, lys og brensel",Konsumprisindeks (2015=100),2005M12,78.9
04,KpiIndMnd,2006M01,"Bolig, lys og brensel",Konsumprisindeks (2015=100),2006M01,79.3
04,KpiIndMnd,2006M02,"Bolig, lys og brensel",Konsumprisindeks (2015=100),2006M02,80.7
04,KpiIndMnd,2006M03,"Bolig, lys og brensel",Konsumprisindeks (2015=100),2006M03,81
04,KpiIndMnd,2006M04,"Bolig, lys og brensel",Konsumprisindeks (2015=100),2006M04,82.4
04,KpiIndMnd,2006M05,"Bolig, lys og brensel",Konsumprisindeks (2015=100),2006M05,82.1
04,KpiIndMnd,2006M06,"Bolig, lys og brensel",Konsumprisindeks (2015=100),2006M06,81.6
04,KpiIndMnd,2006M07,"Bolig, lys og brensel",Konsumprisindeks (2015=100),2006M07,81.3
04,KpiIndMnd,2006M08,"Bolig, lys og brensel",Konsumprisindeks (2015=100),2006M08,82.3
04,KpiIndMnd,2006M09,"Bolig, lys og brensel",Konsumprisindeks (2015=100),2006M09,85.1
04,KpiIndMnd,2006M10,"Bolig, lys og brensel",Konsumprisindeks (2015=100),2006M10,85.2
04,KpiIndMnd,2006M11,"Bolig, lys og brensel",Konsumprisindeks (2015=100),2006M11,84.6
04,KpiIndMnd,2006M12,"Bolig, lys og brensel",Konsumprisindeks (2015=100),2006M12,83.1
04,KpiIndMnd,2007M01,"Bolig, lys og brensel",Konsumprisindeks (2015=100),2007M01,81.5
04,KpiIndMnd,2007M02,"Bolig, lys og brensel",Konsumprisindeks (2015=100),2007M02,81
04,KpiIndMnd,2007M03,"Bolig, lys og brensel",Konsumprisindeks (2015=100),2007M03,80.8
04,KpiIndMnd,2007M04,"Bolig, lys og brensel",Konsumprisindeks (2015=100),2007M04,80.5
04,KpiIndMnd,2007M05,"Bolig, lys og brensel",Konsumprisindeks (2015=100),2007M05,80.5
04,KpiIndMnd,2007M06,"Bolig, lys og brensel",Konsumprisindeks (2015=100),2007M06,80.3
04,KpiIndMnd,2007M07,"Bolig, lys og brensel",Konsumprisindeks (2015=100),2007M07,80.4
04,KpiIndMnd,2007M08,"Bolig, lys og brensel",Konsumprisindeks (2015=100),2007M08,80.3
04,KpiIndMnd,2007M09,"Bolig, lys og brensel",Konsumprisindeks (2015=100),2007M09,80.5
04,KpiIndMnd,2007M10,"Bolig, lys og brensel",Konsumprisindeks (2015=100),2007M10,81.5
04,KpiIndMnd,2007M11,"Bolig, lys og brensel",Konsumprisindeks (2015=100),2007M11,85
04,KpiIndMnd,2007M12,"Bolig, lys og brensel",Konsumprisindeks (2015=100),2007M12,87.5
04,KpiIndMnd,2008M01,"Bolig, lys og brensel",Konsumprisindeks (2015=100),2008M01,87.9
04,KpiIndMnd,2008M02,"Bolig, lys og brensel",Konsumprisindeks (2015=100),2008M02,87.1
04,KpiIndMnd,2008M03,"Bolig, lys og brensel",Konsumprisindeks (2015=100),2008M03,85.7
04,KpiIndMnd,2008M04,"Bolig, lys og brensel",Konsumprisindeks (2015=100),2008M04,85.1
04,KpiIndMnd,2008M05,"Bolig, lys og brensel",Konsumprisindeks (2015=100),2008M05,84.6
04,KpiIndMnd,2008M06,"Bolig, lys og brensel",Konsumprisindeks (2015=100),2008M06,84.8
04,KpiIndMnd,2008M07,"Bolig, lys og brensel",Konsumprisindeks (2015=100),2008M07,86.2
04,KpiIndMnd,2008M08,"Bolig, lys og brensel",Konsumprisindeks (2015=100),2008M08,87.2
04,KpiIndMnd,2008M09,"Bolig, lys og brensel",Konsumprisindeks (2015=100),2008M09,89
04,KpiIndMnd,2008M10,"Bolig, lys og brensel",Konsumprisindeks (2015=100),2008M10,89.9
04,KpiIndMnd,2008M11,"Bolig, lys og brensel",Konsumprisindeks (2015=100),2008M11,89.7
04,KpiIndMnd,2008M12,"Bolig, lys og brensel",Konsumprisindeks (2015=100),2008M12,89.3
04,KpiIndMnd,2009M01,"Bolig, lys og brensel",Konsumprisindeks (2015=100),2009M01,89.6
04,KpiIndMnd,2009M02,"Bolig, lys og brensel",Konsumprisindeks (2015=100),2009M02,89.1
04,KpiIndMnd,2009M03,"Bolig, lys og brensel",Konsumprisindeks (2015=100),2009M03,88.6
04,KpiIndMnd,2009M04,"Bolig, lys og brensel",Konsumprisindeks (2015=100),2009M04,88.4
04,KpiIndMnd,2009M05,"Bolig, lys og brensel",Konsumprisindeks (2015=100),2009M05,88.5
04,KpiIndMnd,2009M06,"Bolig, lys og brensel",Konsumprisindeks (2015=100),2009M06,88.7
04,KpiIndMnd,2009M07,"Bolig, lys og brensel",Konsumprisindeks (2015=100),2009M07,88.7
04,KpiIndMnd,2009M08,"Bolig, lys og brensel",Konsumprisindeks (2015=100),2009M08,88.7
04,KpiIndMnd,2009M09,"Bolig, lys og brensel",Konsumprisindeks (2015=100),2009M09,88.2
04,KpiIndMnd,2009M10,"Bolig, lys og brensel",Konsumprisindeks (2015=100),2009M10,88.4
04,KpiIndMnd,2009M11,"Bolig, lys og brensel",Konsumprisindeks (2015=100),2009M11,88.9
04,KpiIndMnd,2009M12,"Bolig, lys og brensel",Konsumprisindeks (2015=100),2009M12,89.4
04,KpiIndMnd,2010M01,"Bolig, lys og brensel",Konsumprisindeks (2015=100),2010M01,91.7
04,KpiIndMnd,2010M02,"Bolig, lys og brensel",Konsumprisindeks (2015=100),2010M02,94.1
04,KpiIndMnd,2010M03,"Bolig, lys og brensel",Konsumprisindeks (2015=100),2010M03,95.1
04,KpiIndMnd,2010M04,"Bolig, lys og brensel",Konsumprisindeks (2015=100),2010M04,94.6
04,KpiIndMnd,2010M05,"Bolig, lys og brensel",Konsumprisindeks (2015=100),2010M05,93
04,KpiIndMnd,2010M06,"Bolig, lys og brensel",Konsumprisindeks (2015=100),2010M06,92.6
04,KpiIndMnd,2010M07,"Bolig, lys og brensel",Konsumprisindeks (2015=100),2010M07,92.3
04,KpiIndMnd,2010M08,"Bolig, lys og brensel",Konsumprisindeks (2015=100),2010M08,92.3
04,KpiIndMnd,2010M09,"Bolig, lys og brensel",Konsumprisindeks (2015=100),2010M09,92.7
04,KpiIndMnd,2010M10,"Bolig, lys og brensel",Konsumprisindeks (2015=100),2010M10,93.1
04,KpiIndMnd,2010M11,"Bolig, lys og brensel",Konsumprisindeks (2015=100),2010M11,93.5
04,KpiIndMnd,2010M12,"Bolig, lys og brensel",Konsumprisindeks (2015=100),2010M12,96.1
04,KpiIndMnd,2011M01,"Bolig, lys og brensel",Konsumprisindeks (2015=100),2011M01,97.1
04,KpiIndMnd,2011M02,"Bolig, lys og brensel",Konsumprisindeks (2015=100),2011M02,96.2
04,KpiIndMnd,2011M03,"Bolig, lys og brensel",Konsumprisindeks (2015=100),2011M03,95.8
04,KpiIndMnd,2011M04,"Bolig, lys og brensel",Konsumprisindeks (2015=100),2011M04,95
04,KpiIndMnd,2011M05,"Bolig, lys og brensel",Konsumprisindeks (2015=100),2011M05,94.9
04,KpiIndMnd,2011M06,"Bolig, lys og brensel",Konsumprisindeks (2015=100),2011M06,94.3
04,KpiIndMnd,2011M07,"Bolig, lys og brensel",Konsumprisindeks (2015=100),2011M07,93.5
04,KpiIndMnd,2011M08,"Bolig, lys og brensel",Konsumprisindeks (2015=100),2011M08,93.4
04,KpiIndMnd,2011M09,"Bolig, lys og brensel",Konsumprisindeks (2015=100),2011M09,92.7
04,KpiIndMnd,2011M10,"Bolig, lys og brensel",Konsumprisindeks (2015=100),2011M10,92.5
04,KpiIndMnd,2011M11,"Bolig, lys og brensel",Konsumprisindeks (2015=100),2011M11,93.3
04,KpiIndMnd,2011M12,"Bolig, lys og brensel",Konsumprisindeks (2015=100),2011M12,93
04,KpiIndMnd,2012M01,"Bolig, lys og brensel",Konsumprisindeks (2015=100),2012M01,93.8
04,KpiIndMnd,2012M02,"Bolig, lys og brensel",Konsumprisindeks (2015=100),2012M02,95.3
04,KpiIndMnd,2012M03,"Bolig, lys og brensel",Konsumprisindeks (2015=100),2012M03,93.3
04,KpiIndMnd,2012M04,"Bolig, lys og brensel",Konsumprisindeks (2015=100),2012M04,92.9
04,KpiIndMnd,2012M05,"Bolig, lys og brensel",Konsumprisindeks (2015=100),2012M05,92.1
04,KpiIndMnd,2012M06,"Bolig, lys og brensel",Konsumprisindeks (2015=100),2012M06,91.5
04,KpiIndMnd,2012M07,"Bolig, lys og brensel",Konsumprisindeks (2015=100),2012M07,89.8
04,KpiIndMnd,2012M08,"Bolig, lys og brensel",Konsumprisindeks (2015=100),2012M08,90.4
04,KpiIndMnd,2012M09,"Bolig, lys og brensel",Konsumprisindeks (2015=100),2012M09,90.4
04,KpiIndMnd,2012M10,"Bolig, lys og brensel",Konsumprisindeks (2015=100),2012M10,92.6
04,KpiIndMnd,2012M11,"Bolig, lys og brensel",Konsumprisindeks (2015=100),2012M11,93.4
04,KpiIndMnd,2012M12,"Bolig, lys og brensel",Konsumprisindeks (2015=100),2012M12,95.5
04,KpiIndMnd,2013M01,"Bolig, lys og brensel",Konsumprisindeks (2015=100),2013M01,96.5
04,KpiIndMnd,2013M02,"Bolig, lys og brensel",Konsumprisindeks (2015=100),2013M02,96.7
04,KpiIndMnd,2013M03,"Bolig, lys og brensel",Konsumprisindeks (2015=100),2013M03,97.4
04,KpiIndMnd,2013M04,"Bolig, lys og brensel",Konsumprisindeks (2015=100),2013M04,97.8
04,KpiIndMnd,2013M05,"Bolig, lys og brensel",Konsumprisindeks (2015=100),2013M05,97.2
04,KpiIndMnd,2013M06,"Bolig, lys og brensel",Konsumprisindeks (2015=100),2013M06,96.8
04,KpiIndMnd,2013M07,"Bolig, lys og brensel",Konsumprisindeks (2015=100),2013M07,97.1
04,KpiIndMnd,2013M08,"Bolig, lys og brensel",Konsumprisindeks (2015=100),2013M08,97.2
04,KpiIndMnd,2013M09,"Bolig, lys og brensel",Konsumprisindeks (2015=100),2013M09,97.8
04,KpiIndMnd,2013M10,"Bolig, lys og brensel",Konsumprisindeks (2015=100),2013M10,98.4
04,KpiIndMnd,2013M11,"Bolig, lys og brensel",Konsumprisindeks (2015=100),2013M11,98.5
04,KpiIndMnd,2013M12,"Bolig, lys og brensel",Konsumprisindeks (2015=100),2013M12,98.3
04,KpiIndMnd,2014M01,"Bolig, lys og brensel",Konsumprisindeks (2015=100),2014M01,98.9
04,KpiIndMnd,2014M02,"Bolig, lys og brensel",Konsumprisindeks (2015=100),2014M02,98.6
04,KpiIndMnd,2014M03,"Bolig, lys og brensel",Konsumprisindeks (2015=100),2014M03,98.1
04,KpiIndMnd,2014M04,"Bolig, lys og brensel",Konsumprisindeks (2015=100),2014M04,97.7
04,KpiIndMnd,2014M05,"Bolig, lys og brensel",Konsumprisindeks (2015=100),2014M05,97.5
04,KpiIndMnd,2014M06,"Bolig, lys og brensel",Konsumprisindeks (2015=100),2014M06,97.5
04,KpiIndMnd,2014M07,"Bolig, lys og brensel",Konsumprisindeks (2015=100),2014M07,98.5
04,KpiIndMnd,2014M08,"Bolig, lys og brensel",Konsumprisindeks (2015=100),2014M08,99
04,KpiIndMnd,2014M09,"Bolig, lys og brensel",Konsumprisindeks (2015=100),2014M09,99.8
04,KpiIndMnd,2014M10,"Bolig, lys og brensel",Konsumprisindeks (2015=100),2014M10,99.4
04,KpiIndMnd,2014M11,"Bolig, lys og brensel",Konsumprisindeks (2015=100),2014M11,99.6
04,KpiIndMnd,2014M12,"Bolig, lys og brensel",Konsumprisindeks (2015=100),2014M12,100.2
04,KpiIndMnd,2015M01,"Bolig, lys og brensel",Konsumprisindeks (2015=100),2015M01,100.9
04,KpiIndMnd,2015M02,"Bolig, lys og brensel",Konsumprisindeks (2015=100),2015M02,100.7
04,KpiIndMnd,2015M03,"Bolig, lys og brensel",Konsumprisindeks (2015=100),2015M03,100.2
04,KpiIndMnd,2015M04,"Bolig, lys og brensel",Konsumprisindeks (2015=100),2015M04,100.2
04,KpiIndMnd,2015M05,"Bolig, lys og brensel",Konsumprisindeks (2015=100),2015M05,99.7
04,KpiIndMnd,2015M06,"Bolig, lys og brensel",Konsumprisindeks (2015=100),2015M06,98.8
04,KpiIndMnd,2015M07,"Bolig, lys og brensel",Konsumprisindeks (2015=100),2015M07,98.2
04,KpiIndMnd,2015M08,"Bolig, lys og brensel",Konsumprisindeks (2015=100),2015M08,98.7
04,KpiIndMnd,2015M09,"Bolig, lys og brensel",Konsumprisindeks (2015=100),2015M09,99.4
04,KpiIndMnd,2015M10,"Bolig, lys og brensel",Konsumprisindeks (2015=100),2015M10,100.7
04,KpiIndMnd,2015M11,"Bolig, lys og brensel",Konsumprisindeks (2015=100),2015M11,101.5
04,KpiIndMnd,2015M12,"Bolig, lys og brensel",Konsumprisindeks (2015=100),2015M12,100.9
04,KpiIndMnd,2016M01,"Bolig, lys og brensel",Konsumprisindeks (2015=100),2016M01,104
04,KpiIndMnd,2016M02,"Bolig, lys og brensel",Konsumprisindeks (2015=100),2016M02,102.6
04,KpiIndMnd,2016M03,"Bolig, lys og brensel",Konsumprisindeks (2015=100),2016M03,103.2
04,KpiIndMnd,2016M04,"Bolig, lys og brensel",Konsumprisindeks (2015=100),2016M04,103.4
04,KpiIndMnd,2016M05,"Bolig, lys og brensel",Konsumprisindeks (2015=100),2016M05,103.4
04,KpiIndMnd,2016M06,"Bolig, lys og brensel",Konsumprisindeks (2015=100),2016M06,104.2
04,KpiIndMnd,2016M07,"Bolig, lys og brensel",Konsumprisindeks (2015=100),2016M07,104.4
04,KpiIndMnd,2016M08,"Bolig, lys og brensel",Konsumprisindeks (2015=100),2016M08,104.2
04,KpiIndMnd,2016M09,"Bolig, lys og brensel",Konsumprisindeks (2015=100),2016M09,104.4
04,KpiIndMnd,2016M10,"Bolig, lys og brensel",Konsumprisindeks (2015=100),2016M10,105.9
04,KpiIndMnd,2016M11,"Bolig, lys og brensel",Konsumprisindeks (2015=100),2016M11,107.5
04,KpiIndMnd,2016M12,"Bolig, lys og brensel",Konsumprisindeks (2015=100),2016M12,106.6
04,KpiIndMnd,2017M01,"Bolig, lys og brensel",Konsumprisindeks (2015=100),2017M01,107.1
04,KpiIndMnd,2017M02,"Bolig, lys og brensel",Konsumprisindeks (2015=100),2017M02,107.3
04,KpiIndMnd,2017M03,"Bolig, lys og brensel",Konsumprisindeks (2015=100),2017M03,107.3
04,KpiIndMnd,2017M04,"Bolig, lys og brensel",Konsumprisindeks (2015=100),2017M04,107.3
04,KpiIndMnd,2017M05,"Bolig, lys og brensel",Konsumprisindeks (2015=100),2017M05,107.2
04,KpiIndMnd,2017M06,"Bolig, lys og brensel",Konsumprisindeks (2015=100),2017M06,106.8
04,KpiIndMnd,2017M07,"Bolig, lys og brensel",Konsumprisindeks (2015=100),2017M07,107.1
04,KpiIndMnd,2017M08,"Bolig, lys og brensel",Konsumprisindeks (2015=100),2017M08,107.3
04,KpiIndMnd,2017M09,"Bolig, lys og brensel",Konsumprisindeks (2015=100),2017M09,107.9
04,KpiIndMnd,2017M10,"Bolig, lys og brensel",Konsumprisindeks (2015=100),2017M10,107.7
04,KpiIndMnd,2017M11,"Bolig, lys og brensel",Konsumprisindeks (2015=100),2017M11,109
04,KpiIndMnd,2017M12,"Bolig, lys og brensel",Konsumprisindeks (2015=100),2017M12,109.2
04,KpiIndMnd,2018M01,"Bolig, lys og brensel",Konsumprisindeks (2015=100),2018M01,110.1
04,KpiIndMnd,2018M02,"Bolig, lys og brensel",Konsumprisindeks (2015=100),2018M02,111.2
04,KpiIndMnd,2018M03,"Bolig, lys og brensel",Konsumprisindeks (2015=100),2018M03,112.2
04,KpiIndMnd,2018M04,"Bolig, lys og brensel",Konsumprisindeks (2015=100),2018M04,111.6
04,KpiIndMnd,2018M05,"Bolig, lys og brensel",Konsumprisindeks (2015=100),2018M05,111
04,KpiIndMnd,2018M06,"Bolig, lys og brensel",Konsumprisindeks (2015=100),2018M06,112.8
04,KpiIndMnd,2018M07,"Bolig, lys og brensel",Konsumprisindeks (2015=100),2018M07,114
04,KpiIndMnd,2018M08,"Bolig, lys og brensel",Konsumprisindeks (2015=100),2018M08,114.3
04,KpiIndMnd,2018M09,"Bolig, lys og brensel",Konsumprisindeks (2015=100),2018M09,114.5
04,KpiIndMnd,2018M10,"Bolig, lys og brensel",Konsumprisindeks (2015=100),2018M10,113.8
04,KpiIndMnd,2018M11,"Bolig, lys og brensel",Konsumprisindeks (2015=100),2018M11,114.8
04,KpiIndMnd,2018M12,"Bolig, lys og brensel",Konsumprisindeks (2015=100),2018M12,115.6
04,KpiIndMnd,2019M01,"Bolig, lys og brensel",Konsumprisindeks (2015=100),2019M01,116.6
04,KpiIndMnd,2019M02,"Bolig, lys og brensel",Konsumprisindeks (2015=100),2019M02,115.8
04,KpiIndMnd,2019M03,"Bolig, lys og brensel",Konsumprisindeks (2015=100),2019M03,115.2
04,KpiIndMnd,2019M04,"Bolig, lys og brensel",Konsumprisindeks (2015=100),2019M04,115
04,KpiIndMnd,2019M05,"Bolig, lys og brensel",Konsumprisindeks (2015=100),2019M05,114.9
04,KpiIndMnd,2019M06,"Bolig, lys og brensel",Konsumprisindeks (2015=100),2019M06,113.7
04,KpiIndMnd,2019M07,"Bolig, lys og brensel",Konsumprisindeks (2015=100),2019M07,114.2
04,KpiIndMnd,2019M08,"Bolig, lys og brensel",Konsumprisindeks (2015=100),2019M08,114.7
04,KpiIndMnd,2019M09,"Bolig, lys og brensel",Konsumprisindeks (2015=100),2019M09,114.4
04,KpiIndMnd,2019M10,"Bolig, lys og brensel",Konsumprisindeks (2015=100),2019M10,115.4
04,KpiIndMnd,2019M11,"Bolig, lys og brensel",Konsumprisindeks (2015=100),2019M11,116.2
04,KpiIndMnd,2019M12,"Bolig, lys og brensel",Konsumprisindeks (2015=100),2019M12,115.9
04,KpiIndMnd,2020M01,"Bolig, lys og brensel",Konsumprisindeks (2015=100),2020M01,114.2
04,KpiIndMnd,2020M02,"Bolig, lys og brensel",Konsumprisindeks (2015=100),2020M02,112.3
04,KpiIndMnd,2020M03,"Bolig, lys og brensel",Konsumprisindeks (2015=100),2020M03,111.3
04,KpiIndMnd,2020M04,"Bolig, lys og brensel",Konsumprisindeks (2015=100),2020M04,110.1
04,KpiIndMnd,2020M05,"Bolig, lys og brensel",Konsumprisindeks (2015=100),2020M05,110.3
04,KpiIndMnd,2020M06,"Bolig, lys og brensel",Konsumprisindeks (2015=100),2020M06,109.3
04,KpiIndMnd,2020M07,"Bolig, lys og brensel",Konsumprisindeks (2015=100),2020M07,109.2
04,KpiIndMnd,2020M08,"Bolig, lys og brensel",Konsumprisindeks (2015=100),2020M08,110
04,KpiIndMnd,2020M09,"Bolig, lys og brensel",Konsumprisindeks (2015=100),2020M09,111.2
04,KpiIndMnd,2020M10,"Bolig, lys og brensel",Konsumprisindeks (2015=100),2020M10,112
04,KpiIndMnd,2020M11,"Bolig, lys og brensel",Konsumprisindeks (2015=100),2020M11,110.9
04,KpiIndMnd,2020M12,"Bolig, lys og brensel",Konsumprisindeks (2015=100),2020M12,113
04,KpiIndMnd,2021M01,"Bolig, lys og brensel",Konsumprisindeks (2015=100),2021M01,118.5
04,KpiIndMnd,2021M02,"Bolig, lys og brensel",Konsumprisindeks (2015=100),2021M02,119.5
04,KpiIndMnd,2021M03,"Bolig, lys og brensel",Konsumprisindeks (2015=100),2021M03,117.6
04,KpiIndMnd,2021M04,"Bolig, lys og brensel",Konsumprisindeks (2015=100),2021M04,117.6
04,KpiIndMnd,2021M05,"Bolig, lys og brensel",Konsumprisindeks (2015=100),2021M05,118.7
04,KpiIndMnd,2021M06,"Bolig, lys og brensel",Konsumprisindeks (2015=100),2021M06,118.7
04,KpiIndMnd,2021M07,"Bolig, lys og brensel",Konsumprisindeks (2015=100),2021M07,120.5
04,KpiIndMnd,2021M08,"Bolig, lys og brensel",Konsumprisindeks (2015=100),2021M08,123.4
04,KpiIndMnd,2021M09,"Bolig, lys og brensel",Konsumprisindeks (2015=100),2021M09,127.3
04,KpiIndMnd,2021M10,"Bolig, lys og brensel",Konsumprisindeks (2015=100),2021M10,125.6
04,KpiIndMnd,2021M11,"Bolig, lys og brensel",Konsumprisindeks (2015=100),2021M11,128.7
04,KpiIndMnd,2021M12,"Bolig, lys og brensel",Konsumprisindeks (2015=100),2021M12,131
04,KpiIndMnd,2022M01,"Bolig, lys og brensel",Konsumprisindeks (2015=100),2022M01,127
04,KpiIndMnd,2022M02,"Bolig, lys og brensel",Konsumprisindeks (2015=100),2022M02,126.4
04,KpiIndMnd,2022M03,"Bolig, lys og brensel",Konsumprisindeks (2015=100),2022M03,126.9
04,KpiIndMnd,2022M04,"Bolig, lys og brensel",Konsumprisindeks (2015=100),2022M04,129.5
04,KpiIndMnd,2022M05,"Bolig, lys og brensel",Konsumprisindeks (2015=100),2022M05,128.2
04,KpiIndMnd,2022M06,"Bolig, lys og brensel",Konsumprisindeks (2015=100),2022M06,128.5
04,KpiIndMnd,2022M07,"Bolig, lys og brensel",Konsumprisindeks (2015=100),2022M07,128.7
04,KpiIndMnd,2022M08,"Bolig, lys og brensel",Konsumprisindeks (2015=100),2022M08,131.8
04,KpiIndMnd,2022M09,"Bolig, lys og brensel",Konsumprisindeks (2015=100),2022M09,134.7
04,KpiIndMnd,2022M10,"Bolig, lys og brensel",Konsumprisindeks (2015=100),2022M10,134.7
04,KpiIndMnd,2022M11,"Bolig, lys og brensel",Konsumprisindeks (2015=100),2022M11,135
04,KpiIndMnd,2022M12,"Bolig, lys og brensel",Konsumprisindeks (2015=100),2022M12,134.2
04,KpiIndMnd,2023M01,"Bolig, lys og brensel",Konsumprisindeks (2015=100),2023M01,133
04,KpiIndMnd,2023M02,"Bolig, lys og brensel",Konsumprisindeks (2015=100),2023M02,131.9
04,KpiIndMnd,2023M03,"Bolig, lys og brensel",Konsumprisindeks (2015=100),2023M03,133.6
04,KpiIndMnd,2023M04,"Bolig, lys og brensel",Konsumprisindeks (2015=100),2023M04,134.7
04,KpiIndMnd,2023M05,"Bolig, lys og brensel",Konsumprisindeks (2015=100),2023M05,134.6
04,KpiIndMnd,2023M06,"Bolig, lys og brensel",Konsumprisindeks (2015=100),2023M06,134.5
04,KpiIndMnd,2023M07,"Bolig, lys og brensel",Konsumprisindeks (2015=100),2023M07,132.2
04,KpiIndMnd,2023M08,"Bolig, lys og brensel",Konsumprisindeks (2015=100),2023M08,130.5
04,KpiIndMnd,2023M09,"Bolig, lys og brensel",Konsumprisindeks (2015=100),2023M09,128.1
04,KpiIndMnd,2023M10,"Bolig, lys og brensel",Konsumprisindeks (2015=100),2023M10,131.2
04,KpiIndMnd,2023M11,"Bolig, lys og brensel",Konsumprisindeks (2015=100),2023M11,135.7
04,KpiIndMnd,2023M12,"Bolig, lys og brensel",Konsumprisindeks (2015=100),2023M12,136
04,KpiIndMnd,2024M01,"Bolig, lys og brensel",Konsumprisindeks (2015=100),2024M01,137.1
04,KpiIndMnd,2024M02,"Bolig, lys og brensel",Konsumprisindeks (2015=100),2024M02,136.2
04,KpiIndMnd,2024M03,"Bolig, lys og brensel",Konsumprisindeks (2015=100),2024M03,137
04,KpiIndMnd,2024M04,"Bolig, lys og brensel",Konsumprisindeks (2015=100),2024M04,137.4
04,KpiIndMnd,2024M05,"Bolig, lys og brensel",Konsumprisindeks (2015=100),2024M05,134.7
04,KpiIndMnd,2024M06,"Bolig, lys og brensel",Konsumprisindeks (2015=100),2024M06,134.8
04,KpiIndMnd,2024M07,"Bolig, lys og brensel",Konsumprisindeks (2015=100),2024M07,134.3
04,KpiIndMnd,2024M08,"Bolig, lys og brensel",Konsumprisindeks (2015=100),2024M08,133.5
04,KpiIndMnd,2024M09,"Bolig, lys og brensel",Konsumprisindeks (2015=100),2024M09,134.6
04,KpiIndMnd,2024M10,"Bolig, lys og brensel",Konsumprisindeks (2015=100),2024M10,137.1
04,KpiIndMnd,2024M11,"Bolig, lys og brensel",Konsumprisindeks (2015=100),2024M11,138.6
04,KpiIndMnd,2024M12,"Bolig, lys og brensel",Konsumprisindeks (2015=100),2024M12,138.6
04,KpiIndMnd,2025M01,"Bolig, lys og brensel",Konsumprisindeks (2015=100),2025M01,139.8
04,KpiIndMnd,2025M02,"Bolig, lys og brensel",Konsumprisindeks (2015=100),2025M02,143.1
04,KpiIndMnd,2025M03,"Bolig, lys og brensel",Konsumprisindeks (2015=100),2025M03,138.8
04,KpiIndMnd,2025M04,"Bolig, lys og brensel",Konsumprisindeks (2015=100),2025M04,140.5
04,KpiIndMnd,2025M05,"Bolig, lys og brensel",Konsumprisindeks (2015=100),2025M05,141.6
04,KpiIndMnd,2025M06,"Bolig, lys og brensel",Konsumprisindeks (2015=100),2025M06,140.5
04,KpiIndMnd,2025M07,"Bolig, lys og brensel",Konsumprisindeks (2015=100),2025M07,140.2
04,KpiIndMnd,2025M08,"Bolig, lys og brensel",Konsumprisindeks (2015=100),2025M08,141.9
04,KpiIndMnd,2025M09,"Bolig, lys og brensel",Konsumprisindeks (2015=100),2025M09,142.9
04,KpiIndMnd,2025M10,"Bolig, lys og brensel",Konsumprisindeks (2015=100),2025M10,141.3
04,KpiIndMnd,2025M11,"Bolig, lys og brensel",Konsumprisindeks (2015=100),2025M11,143.7
04,KpiIndMnd,2025M12,"Bolig, lys og brensel",Konsumprisindeks (2015=100),2025M12,144
04,Manedsendring,1979M01,"Bolig, lys og brensel",Månedsendring (prosent),1979M01,
04,Manedsendring,1979M02,"Bolig, lys og brensel",Månedsendring (prosent),1979M02,0
04,Manedsendring,1979M03,"Bolig, lys og brensel",Månedsendring (prosent),1979M03,0.5
04,Manedsendring,1979M04,"Bolig, lys og brensel",Månedsendring (prosent),1979M04,0
04,Manedsendring,1979M05,"Bolig, lys og brensel",Månedsendring (prosent),1979M05,0.5
04,Manedsendring,1979M06,"Bolig, lys og brensel",Månedsendring (prosent),1979M06,0.5
04,Manedsendring,1979M07,"Bolig, lys og brensel",Månedsendring (prosent),1979M07,0
04,Manedsendring,1979M08,"Bolig, lys og brensel",Månedsendring (prosent),1979M08,0.5
04,Manedsendring,1979M09,"Bolig, lys og brensel",Månedsendring (prosent),1979M09,0
04,Manedsendring,1979M10,"Bolig, lys og brensel",Månedsendring (prosent),1979M10,0.5
04,Manedsendring,1979M11,"Bolig, lys og brensel",Månedsendring (prosent),1979M11,0.5
04,Manedsendring,1979M12,"Bolig, lys og brensel",Månedsendring (prosent),1979M12,0
04,Manedsendring,1980M01,"Bolig, lys og brensel",Månedsendring (prosent),1980M01,3
04,Manedsendring,1980M02,"Bolig, lys og brensel",Månedsendring (prosent),1980M02,0.5
04,Manedsendring,1980M03,"Bolig, lys og brensel",Månedsendring (prosent),1980M03,2.9
04,Manedsendring,1980M04,"Bolig, lys og brensel",Månedsendring (prosent),1980M04,0.5
04,Manedsendring,1980M05,"Bolig, lys og brensel",Månedsendring (prosent),1980M05,1.9
04,Manedsendring,1980M06,"Bolig, lys og brensel",Månedsendring (prosent),1980M06,1.4
04,Manedsendring,1980M07,"Bolig, lys og brensel",Månedsendring (prosent),1980M07,1.4
04,Manedsendring,1980M08,"Bolig, lys og brensel",Månedsendring (prosent),1980M08,0.4
04,Manedsendring,1980M09,"Bolig, lys og brensel",Månedsendring (prosent),1980M09,1.3
04,Manedsendring,1980M10,"Bolig, lys og brensel",Månedsendring (prosent),1980M10,0.9
04,Manedsendring,1980M11,"Bolig, lys og brensel",Månedsendring (prosent),1980M11,0.4
04,Manedsendring,1980M12,"Bolig, lys og brensel",Månedsendring (prosent),1980M12,0.4
04,Manedsendring,1981M01,"Bolig, lys og brensel",Månedsendring (prosent),1981M01,3.4
04,Manedsendring,1981M02,"Bolig, lys og brensel",Månedsendring (prosent),1981M02,0
04,Manedsendring,1981M03,"Bolig, lys og brensel",Månedsendring (prosent),1981M03,3.7
04,Manedsendring,1981M04,"Bolig, lys og brensel",Månedsendring (prosent),1981M04,0.4
04,Manedsendring,1981M05,"Bolig, lys og brensel",Månedsendring (prosent),1981M05,0
04,Manedsendring,1981M06,"Bolig, lys og brensel",Månedsendring (prosent),1981M06,1.6
04,Manedsendring,1981M07,"Bolig, lys og brensel",Månedsendring (prosent),1981M07,0
04,Manedsendring,1981M08,"Bolig, lys og brensel",Månedsendring (prosent),1981M08,0
04,Manedsendring,1981M09,"Bolig, lys og brensel",Månedsendring (prosent),1981M09,0.4
04,Manedsendring,1981M10,"Bolig, lys og brensel",Månedsendring (prosent),1981M10,0
04,Manedsendring,1981M11,"Bolig, lys og brensel",Månedsendring (prosent),1981M11,0.4
04,Manedsendring,1981M12,"Bolig, lys og brensel",Månedsendring (prosent),1981M12,0.8
04,Manedsendring,1982M01,"Bolig, lys og brensel",Månedsendring (prosent),1982M01,3.9
04,Manedsendring,1982M02,"Bolig, lys og brensel",Månedsendring (prosent),1982M02,-0.4
04,Manedsendring,1982M03,"Bolig, lys og brensel",Månedsendring (prosent),1982M03,4.5
04,Manedsendring,1982M04,"Bolig, lys og brensel",Månedsendring (prosent),1982M04,0
04,Manedsendring,1982M05,"Bolig, lys og brensel",Månedsendring (prosent),1982M05,0
04,Manedsendring,1982M06,"Bolig, lys og brensel",Månedsendring (prosent),1982M06,1.4
04,Manedsendring,1982M07,"Bolig, lys og brensel",Månedsendring (prosent),1982M07,0.4
04,Manedsendring,1982M08,"Bolig, lys og brensel",Månedsendring (prosent),1982M08,0.4
04,Manedsendring,1982M09,"Bolig, lys og brensel",Månedsendring (prosent),1982M09,0.7
04,Manedsendring,1982M10,"Bolig, lys og brensel",Månedsendring (prosent),1982M10,0.3
04,Manedsendring,1982M11,"Bolig, lys og brensel",Månedsendring (prosent),1982M11,0.3
04,Manedsendring,1982M12,"Bolig, lys og brensel",Månedsendring (prosent),1982M12,0.7
04,Manedsendring,1983M01,"Bolig, lys og brensel",Månedsendring (prosent),1983M01,3.1
04,Manedsendring,1983M02,"Bolig, lys og brensel",Månedsendring (prosent),1983M02,0
04,Manedsendring,1983M03,"Bolig, lys og brensel",Månedsendring (prosent),1983M03,2.7
04,Manedsendring,1983M04,"Bolig, lys og brensel",Månedsendring (prosent),1983M04,0
04,Manedsendring,1983M05,"Bolig, lys og brensel",Månedsendring (prosent),1983M05,-0.3
04,Manedsendring,1983M06,"Bolig, lys og brensel",Månedsendring (prosent),1983M06,1
04,Manedsendring,1983M07,"Bolig, lys og brensel",Månedsendring (prosent),1983M07,0.3
04,Manedsendring,1983M08,"Bolig, lys og brensel",Månedsendring (prosent),1983M08,0.3
04,Manedsendring,1983M09,"Bolig, lys og brensel",Månedsendring (prosent),1983M09,0.6
04,Manedsendring,1983M10,"Bolig, lys og brensel",Månedsendring (prosent),1983M10,0
04,Manedsendring,1983M11,"Bolig, lys og brensel",Månedsendring (prosent),1983M11,0
04,Manedsendring,1983M12,"Bolig, lys og brensel",Månedsendring (prosent),1983M12,0.6
04,Manedsendring,1984M01,"Bolig, lys og brensel",Månedsendring (prosent),1984M01,2.5
04,Manedsendring,1984M02,"Bolig, lys og brensel",Månedsendring (prosent),1984M02,0
04,Manedsendring,1984M03,"Bolig, lys og brensel",Månedsendring (prosent),1984M03,2.5
04,Manedsendring,1984M04,"Bolig, lys og brensel",Månedsendring (prosent),1984M04,0
04,Manedsendring,1984M05,"Bolig, lys og brensel",Månedsendring (prosent),1984M05,0
04,Manedsendring,1984M06,"Bolig, lys og brensel",Månedsendring (prosent),1984M06,0.6
04,Manedsendring,1984M07,"Bolig, lys og brensel",Månedsendring (prosent),1984M07,0.3
04,Manedsendring,1984M08,"Bolig, lys og brensel",Månedsendring (prosent),1984M08,0
04,Manedsendring,1984M09,"Bolig, lys og brensel",Månedsendring (prosent),1984M09,0.6
04,Manedsendring,1984M10,"Bolig, lys og brensel",Månedsendring (prosent),1984M10,0.3
04,Manedsendring,1984M11,"Bolig, lys og brensel",Månedsendring (prosent),1984M11,0
04,Manedsendring,1984M12,"Bolig, lys og brensel",Månedsendring (prosent),1984M12,0.3
04,Manedsendring,1985M01,"Bolig, lys og brensel",Månedsendring (prosent),1985M01,2.6
04,Manedsendring,1985M02,"Bolig, lys og brensel",Månedsendring (prosent),1985M02,-0.3
04,Manedsendring,1985M03,"Bolig, lys og brensel",Månedsendring (prosent),1985M03,1.7
04,Manedsendring,1985M04,"Bolig, lys og brensel",Månedsendring (prosent),1985M04,0
04,Manedsendring,1985M05,"Bolig, lys og brensel",Månedsendring (prosent),1985M05,-0.3
04,Manedsendring,1985M06,"Bolig, lys og brensel",Månedsendring (prosent),1985M06,0.6
04,Manedsendring,1985M07,"Bolig, lys og brensel",Månedsendring (prosent),1985M07,0.3
04,Manedsendring,1985M08,"Bolig, lys og brensel",Månedsendring (prosent),1985M08,0
04,Manedsendring,1985M09,"Bolig, lys og brensel",Månedsendring (prosent),1985M09,0.6
04,Manedsendring,1985M10,"Bolig, lys og brensel",Månedsendring (prosent),1985M10,0.3
04,Manedsendring,1985M11,"Bolig, lys og brensel",Månedsendring (prosent),1985M11,0
04,Manedsendring,1985M12,"Bolig, lys og brensel",Månedsendring (prosent),1985M12,0.3
04,Manedsendring,1986M01,"Bolig, lys og brensel",Månedsendring (prosent),1986M01,1.7
04,Manedsendring,1986M02,"Bolig, lys og brensel",Månedsendring (prosent),1986M02,-0.3
04,Manedsendring,1986M03,"Bolig, lys og brensel",Månedsendring (prosent),1986M03,1.4
04,Manedsendring,1986M04,"Bolig, lys og brensel",Månedsendring (prosent),1986M04,0
04,Manedsendring,1986M05,"Bolig, lys og brensel",Månedsendring (prosent),1986M05,-0.3
04,Manedsendring,1986M06,"Bolig, lys og brensel",Månedsendring (prosent),1986M06,0.8
04,Manedsendring,1986M07,"Bolig, lys og brensel",Månedsendring (prosent),1986M07,0
04,Manedsendring,1986M08,"Bolig, lys og brensel",Månedsendring (prosent),1986M08,0.3
04,Manedsendring,1986M09,"Bolig, lys og brensel",Månedsendring (prosent),1986M09,0.8
04,Manedsendring,1986M10,"Bolig, lys og brensel",Månedsendring (prosent),1986M10,0.3
04,Manedsendring,1986M11,"Bolig, lys og brensel",Månedsendring (prosent),1986M11,-0.3
04,Manedsendring,1986M12,"Bolig, lys og brensel",Månedsendring (prosent),1986M12,0.5
04,Manedsendring,1987M01,"Bolig, lys og brensel",Månedsendring (prosent),1987M01,2.4
04,Manedsendring,1987M02,"Bolig, lys og brensel",Månedsendring (prosent),1987M02,0.3
04,Manedsendring,1987M03,"Bolig, lys og brensel",Månedsendring (prosent),1987M03,2.1
04,Manedsendring,1987M04,"Bolig, lys og brensel",Månedsendring (prosent),1987M04,0
04,Manedsendring,1987M05,"Bolig, lys og brensel",Månedsendring (prosent),1987M05,0.3
04,Manedsendring,1987M06,"Bolig, lys og brensel",Månedsendring (prosent),1987M06,0.8
04,Manedsendring,1987M07,"Bolig, lys og brensel",Månedsendring (prosent),1987M07,0
04,Manedsendring,1987M08,"Bolig, lys og brensel",Månedsendring (prosent),1987M08,0.2
04,Manedsendring,1987M09,"Bolig, lys og brensel",Månedsendring (prosent),1987M09,1
04,Manedsendring,1987M10,"Bolig, lys og brensel",Månedsendring (prosent),1987M10,0
04,Manedsendring,1987M11,"Bolig, lys og brensel",Månedsendring (prosent),1987M11,0.2
04,Manedsendring,1987M12,"Bolig, lys og brensel",Månedsendring (prosent),1987M12,0.7
04,Manedsendring,1988M01,"Bolig, lys og brensel",Månedsendring (prosent),1988M01,2
04,Manedsendring,1988M02,"Bolig, lys og brensel",Månedsendring (prosent),1988M02,0.2
04,Manedsendring,1988M03,"Bolig, lys og brensel",Månedsendring (prosent),1988M03,2.9
04,Manedsendring,1988M04,"Bolig, lys og brensel",Månedsendring (prosent),1988M04,0
04,Manedsendring,1988M05,"Bolig, lys og brensel",Månedsendring (prosent),1988M05,0.2
04,Manedsendring,1988M06,"Bolig, lys og brensel",Månedsendring (prosent),1988M06,0.9
04,Manedsendring,1988M07,"Bolig, lys og brensel",Månedsendring (prosent),1988M07,0
04,Manedsendring,1988M08,"Bolig, lys og brensel",Månedsendring (prosent),1988M08,0
04,Manedsendring,1988M09,"Bolig, lys og brensel",Månedsendring (prosent),1988M09,0.9
04,Manedsendring,1988M10,"Bolig, lys og brensel",Månedsendring (prosent),1988M10,0
04,Manedsendring,1988M11,"Bolig, lys og brensel",Månedsendring (prosent),1988M11,0
04,Manedsendring,1988M12,"Bolig, lys og brensel",Månedsendring (prosent),1988M12,0.5
04,Manedsendring,1989M01,"Bolig, lys og brensel",Månedsendring (prosent),1989M01,0.9
04,Manedsendring,1989M02,"Bolig, lys og brensel",Månedsendring (prosent),1989M02,0
04,Manedsendring,1989M03,"Bolig, lys og brensel",Månedsendring (prosent),1989M03,2.2
04,Manedsendring,1989M04,"Bolig, lys og brensel",Månedsendring (prosent),1989M04,0
04,Manedsendring,1989M05,"Bolig, lys og brensel",Månedsendring (prosent),1989M05,0.2
04,Manedsendring,1989M06,"Bolig, lys og brensel",Månedsendring (prosent),1989M06,1.1
04,Manedsendring,1989M07,"Bolig, lys og brensel",Månedsendring (prosent),1989M07,0
04,Manedsendring,1989M08,"Bolig, lys og brensel",Månedsendring (prosent),1989M08,0.2
04,Manedsendring,1989M09,"Bolig, lys og brensel",Månedsendring (prosent),1989M09,0.6
04,Manedsendring,1989M10,"Bolig, lys og brensel",Månedsendring (prosent),1989M10,0.2
04,Manedsendring,1989M11,"Bolig, lys og brensel",Månedsendring (prosent),1989M11,0
04,Manedsendring,1989M12,"Bolig, lys og brensel",Månedsendring (prosent),1989M12,0.6
04,Manedsendring,1990M01,"Bolig, lys og brensel",Månedsendring (prosent),1990M01,1.3
04,Manedsendring,1990M02,"Bolig, lys og brensel",Månedsendring (prosent),1990M02,0.2
04,Manedsendring,1990M03,"Bolig, lys og brensel",Månedsendring (prosent),1990M03,2.1
04,Manedsendring,1990M04,"Bolig, lys og brensel",Månedsendring (prosent),1990M04,0
04,Manedsendring,1990M05,"Bolig, lys og brensel",Månedsendring (prosent),1990M05,-0.2
04,Manedsendring,1990M06,"Bolig, lys og brensel",Månedsendring (prosent),1990M06,0.8
04,Manedsendring,1990M07,"Bolig, lys og brensel",Månedsendring (prosent),1990M07,-0.2
04,Manedsendring,1990M08,"Bolig, lys og brensel",Månedsendring (prosent),1990M08,0.2
04,Manedsendring,1990M09,"Bolig, lys og brensel",Månedsendring (prosent),1990M09,1
04,Manedsendring,1990M10,"Bolig, lys og brensel",Månedsendring (prosent),1990M10,0.4
04,Manedsendring,1990M11,"Bolig, lys og brensel",Månedsendring (prosent),1990M11,0
04,Manedsendring,1990M12,"Bolig, lys og brensel",Månedsendring (prosent),1990M12,0.2
04,Manedsendring,1991M01,"Bolig, lys og brensel",Månedsendring (prosent),1991M01,0.8
04,Manedsendring,1991M02,"Bolig, lys og brensel",Månedsendring (prosent),1991M02,0
04,Manedsendring,1991M03,"Bolig, lys og brensel",Månedsendring (prosent),1991M03,2
04,Manedsendring,1991M04,"Bolig, lys og brensel",Månedsendring (prosent),1991M04,-0.2
04,Manedsendring,1991M05,"Bolig, lys og brensel",Månedsendring (prosent),1991M05,0
04,Manedsendring,1991M06,"Bolig, lys og brensel",Månedsendring (prosent),1991M06,0.6
04,Manedsendring,1991M07,"Bolig, lys og brensel",Månedsendring (prosent),1991M07,-0.4
04,Manedsendring,1991M08,"Bolig, lys og brensel",Månedsendring (prosent),1991M08,0
04,Manedsendring,1991M09,"Bolig, lys og brensel",Månedsendring (prosent),1991M09,0.4
04,Manedsendring,1991M10,"Bolig, lys og brensel",Månedsendring (prosent),1991M10,0
04,Manedsendring,1991M11,"Bolig, lys og brensel",Månedsendring (prosent),1991M11,0.2
04,Manedsendring,1991M12,"Bolig, lys og brensel",Månedsendring (prosent),1991M12,0
04,Manedsendring,1992M01,"Bolig, lys og brensel",Månedsendring (prosent),1992M01,0
04,Manedsendring,1992M02,"Bolig, lys og brensel",Månedsendring (prosent),1992M02,0
04,Manedsendring,1992M03,"Bolig, lys og brensel",Månedsendring (prosent),1992M03,1.4
04,Manedsendring,1992M04,"Bolig, lys og brensel",Månedsendring (prosent),1992M04,0
04,Manedsendring,1992M05,"Bolig, lys og brensel",Månedsendring (prosent),1992M05,0.2
04,Manedsendring,1992M06,"Bolig, lys og brensel",Månedsendring (prosent),1992M06,0.4
04,Manedsendring,1992M07,"Bolig, lys og brensel",Månedsendring (prosent),1992M07,-0.2
04,Manedsendring,1992M08,"Bolig, lys og brensel",Månedsendring (prosent),1992M08,0
04,Manedsendring,1992M09,"Bolig, lys og brensel",Månedsendring (prosent),1992M09,0.4
04,Manedsendring,1992M10,"Bolig, lys og brensel",Månedsendring (prosent),1992M10,0
04,Manedsendring,1992M11,"Bolig, lys og brensel",Månedsendring (prosent),1992M11,0.2
04,Manedsendring,1992M12,"Bolig, lys og brensel",Månedsendring (prosent),1992M12,0.4
04,Manedsendring,1993M01,"Bolig, lys og brensel",Månedsendring (prosent),1993M01,0.6
04,Manedsendring,1993M02,"Bolig, lys og brensel",Månedsendring (prosent),1993M02,0
04,Manedsendring,1993M03,"Bolig, lys og brensel",Månedsendring (prosent),1993M03,1.1
04,Manedsendring,1993M04,"Bolig, lys og brensel",Månedsendring (prosent),1993M04,0.2
04,Manedsendring,1993M05,"Bolig, lys og brensel",Månedsendring (prosent),1993M05,0
04,Manedsendring,1993M06,"Bolig, lys og brensel",Månedsendring (prosent),1993M06,0.2
04,Manedsendring,1993M07,"Bolig, lys og brensel",Månedsendring (prosent),1993M07,-0.2
04,Manedsendring,1993M08,"Bolig, lys og brensel",Månedsendring (prosent),1993M08,0
04,Manedsendring,1993M09,"Bolig, lys og brensel",Månedsendring (prosent),1993M09,0
04,Manedsendring,1993M10,"Bolig, lys og brensel",Månedsendring (prosent),1993M10,0.2
04,Manedsendring,1993M11,"Bolig, lys og brensel",Månedsendring (prosent),1993M11,-0.2
04,Manedsendring,1993M12,"Bolig, lys og brensel",Månedsendring (prosent),1993M12,0.2
04,Manedsendring,1994M01,"Bolig, lys og brensel",Månedsendring (prosent),1994M01,-0.2
04,Manedsendring,1994M02,"Bolig, lys og brensel",Månedsendring (prosent),1994M02,0
04,Manedsendring,1994M03,"Bolig, lys og brensel",Månedsendring (prosent),1994M03,0.2
04,Manedsendring,1994M04,"Bolig, lys og brensel",Månedsendring (prosent),1994M04,0.2
04,Manedsendring,1994M05,"Bolig, lys og brensel",Månedsendring (prosent),1994M05,0
04,Manedsendring,1994M06,"Bolig, lys og brensel",Månedsendring (prosent),1994M06,0.4
04,Manedsendring,1994M07,"Bolig, lys og brensel",Månedsendring (prosent),1994M07,0
04,Manedsendring,1994M08,"Bolig, lys og brensel",Månedsendring (prosent),1994M08,0
04,Manedsendring,1994M09,"Bolig, lys og brensel",Månedsendring (prosent),1994M09,0.4
04,Manedsendring,1994M10,"Bolig, lys og brensel",Månedsendring (prosent),1994M10,0.2
04,Manedsendring,1994M11,"Bolig, lys og brensel",Månedsendring (prosent),1994M11,0
04,Manedsendring,1994M12,"Bolig, lys og brensel",Månedsendring (prosent),1994M12,0.4
04,Manedsendring,1995M01,"Bolig, lys og brensel",Månedsendring (prosent),1995M01,1.1
04,Manedsendring,1995M02,"Bolig, lys og brensel",Månedsendring (prosent),1995M02,0.2
04,Manedsendring,1995M03,"Bolig, lys og brensel",Månedsendring (prosent),1995M03,0.4
04,Manedsendring,1995M04,"Bolig, lys og brensel",Månedsendring (prosent),1995M04,-0.2
04,Manedsendring,1995M05,"Bolig, lys og brensel",Månedsendring (prosent),1995M05,0
04,Manedsendring,1995M06,"Bolig, lys og brensel",Månedsendring (prosent),1995M06,0.4
04,Manedsendring,1995M07,"Bolig, lys og brensel",Månedsendring (prosent),1995M07,0
04,Manedsendring,1995M08,"Bolig, lys og brensel",Månedsendring (prosent),1995M08,-0.2
04,Manedsendring,1995M09,"Bolig, lys og brensel",Månedsendring (prosent),1995M09,0.7
04,Manedsendring,1995M10,"Bolig, lys og brensel",Månedsendring (prosent),1995M10,0
04,Manedsendring,1995M11,"Bolig, lys og brensel",Månedsendring (prosent),1995M11,0
04,Manedsendring,1995M12,"Bolig, lys og brensel",Månedsendring (prosent),1995M12,0
04,Manedsendring,1996M01,"Bolig, lys og brensel",Månedsendring (prosent),1996M01,0
04,Manedsendring,1996M02,"Bolig, lys og brensel",Månedsendring (prosent),1996M02,0
04,Manedsendring,1996M03,"Bolig, lys og brensel",Månedsendring (prosent),1996M03,0.7
04,Manedsendring,1996M04,"Bolig, lys og brensel",Månedsendring (prosent),1996M04,0.2
04,Manedsendring,1996M05,"Bolig, lys og brensel",Månedsendring (prosent),1996M05,0
04,Manedsendring,1996M06,"Bolig, lys og brensel",Månedsendring (prosent),1996M06,0
04,Manedsendring,1996M07,"Bolig, lys og brensel",Månedsendring (prosent),1996M07,1.1
04,Manedsendring,1996M08,"Bolig, lys og brensel",Månedsendring (prosent),1996M08,0
04,Manedsendring,1996M09,"Bolig, lys og brensel",Månedsendring (prosent),1996M09,1.1
04,Manedsendring,1996M10,"Bolig, lys og brensel",Månedsendring (prosent),1996M10,0.7
04,Manedsendring,1996M11,"Bolig, lys og brensel",Månedsendring (prosent),1996M11,0
04,Manedsendring,1996M12,"Bolig, lys og brensel",Månedsendring (prosent),1996M12,0.3
04,Manedsendring,1997M01,"Bolig, lys og brensel",Månedsendring (prosent),1997M01,1.2
04,Manedsendring,1997M02,"Bolig, lys og brensel",Månedsendring (prosent),1997M02,0
04,Manedsendring,1997M03,"Bolig, lys og brensel",Månedsendring (prosent),1997M03,0.2
04,Manedsendring,1997M04,"Bolig, lys og brensel",Månedsendring (prosent),1997M04,-1.4
04,Manedsendring,1997M05,"Bolig, lys og brensel",Månedsendring (prosent),1997M05,-0.2
04,Manedsendring,1997M06,"Bolig, lys og brensel",Månedsendring (prosent),1997M06,0.9
04,Manedsendring,1997M07,"Bolig, lys og brensel",Månedsendring (prosent),1997M07,-1.2
04,Manedsendring,1997M08,"Bolig, lys og brensel",Månedsendring (prosent),1997M08,0.2
04,Manedsendring,1997M09,"Bolig, lys og brensel",Månedsendring (prosent),1997M09,0.5
04,Manedsendring,1997M10,"Bolig, lys og brensel",Månedsendring (prosent),1997M10,0.3
04,Manedsendring,1997M11,"Bolig, lys og brensel",Månedsendring (prosent),1997M11,0
04,Manedsendring,1997M12,"Bolig, lys og brensel",Månedsendring (prosent),1997M12,0.2
04,Manedsendring,1998M01,"Bolig, lys og brensel",Månedsendring (prosent),1998M01,0.7
04,Manedsendring,1998M02,"Bolig, lys og brensel",Månedsendring (prosent),1998M02,0
04,Manedsendring,1998M03,"Bolig, lys og brensel",Månedsendring (prosent),1998M03,0.5
04,Manedsendring,1998M04,"Bolig, lys og brensel",Månedsendring (prosent),1998M04,-0.8
04,Manedsendring,1998M05,"Bolig, lys og brensel",Månedsendring (prosent),1998M05,-0.8
04,Manedsendring,1998M06,"Bolig, lys og brensel",Månedsendring (prosent),1998M06,0
04,Manedsendring,1998M07,"Bolig, lys og brensel",Månedsendring (prosent),1998M07,-0.2
04,Manedsendring,1998M08,"Bolig, lys og brensel",Månedsendring (prosent),1998M08,0
04,Manedsendring,1998M09,"Bolig, lys og brensel",Månedsendring (prosent),1998M09,0.5
04,Manedsendring,1998M10,"Bolig, lys og brensel",Månedsendring (prosent),1998M10,0
04,Manedsendring,1998M11,"Bolig, lys og brensel",Månedsendring (prosent),1998M11,0.5
04,Manedsendring,1998M12,"Bolig, lys og brensel",Månedsendring (prosent),1998M12,0.5
04,Manedsendring,1999M01,"Bolig, lys og brensel",Månedsendring (prosent),1999M01,1.4
04,Manedsendring,1999M02,"Bolig, lys og brensel",Månedsendring (prosent),1999M02,-0.2
04,Manedsendring,1999M03,"Bolig, lys og brensel",Månedsendring (prosent),1999M03,0.5
04,Manedsendring,1999M04,"Bolig, lys og brensel",Månedsendring (prosent),1999M04,-0.3
04,Manedsendring,1999M05,"Bolig, lys og brensel",Månedsendring (prosent),1999M05,-0.8
04,Manedsendring,1999M06,"Bolig, lys og brensel",Månedsendring (prosent),1999M06,-0.2
04,Manedsendring,1999M07,"Bolig, lys og brensel",Månedsendring (prosent),1999M07,-0.3
04,Manedsendring,1999M08,"Bolig, lys og brensel",Månedsendring (prosent),1999M08,0
04,Manedsendring,1999M09,"Bolig, lys og brensel",Månedsendring (prosent),1999M09,1.4
04,Manedsendring,1999M10,"Bolig, lys og brensel",Månedsendring (prosent),1999M10,1.2
04,Manedsendring,1999M11,"Bolig, lys og brensel",Månedsendring (prosent),1999M11,1
04,Manedsendring,1999M12,"Bolig, lys og brensel",Månedsendring (prosent),1999M12,0.3
04,Manedsendring,2000M01,"Bolig, lys og brensel",Månedsendring (prosent),2000M01,2.4
04,Manedsendring,2000M02,"Bolig, lys og brensel",Månedsendring (prosent),2000M02,0
04,Manedsendring,2000M03,"Bolig, lys og brensel",Månedsendring (prosent),2000M03,-1
04,Manedsendring,2000M04,"Bolig, lys og brensel",Månedsendring (prosent),2000M04,0
04,Manedsendring,2000M05,"Bolig, lys og brensel",Månedsendring (prosent),2000M05,-0.6
04,Manedsendring,2000M06,"Bolig, lys og brensel",Månedsendring (prosent),2000M06,0.3
04,Manedsendring,2000M07,"Bolig, lys og brensel",Månedsendring (prosent),2000M07,-0.2
04,Manedsendring,2000M08,"Bolig, lys og brensel",Månedsendring (prosent),2000M08,0.6
04,Manedsendring,2000M09,"Bolig, lys og brensel",Månedsendring (prosent),2000M09,1.3
04,Manedsendring,2000M10,"Bolig, lys og brensel",Månedsendring (prosent),2000M10,0.2
04,Manedsendring,2000M11,"Bolig, lys og brensel",Månedsendring (prosent),2000M11,1.4
04,Manedsendring,2000M12,"Bolig, lys og brensel",Månedsendring (prosent),2000M12,0.3
04,Manedsendring,2001M01,"Bolig, lys og brensel",Månedsendring (prosent),2001M01,2.5
04,Manedsendring,2001M02,"Bolig, lys og brensel",Månedsendring (prosent),2001M02,0.5
04,Manedsendring,2001M03,"Bolig, lys og brensel",Månedsendring (prosent),2001M03,0.6
04,Manedsendring,2001M04,"Bolig, lys og brensel",Månedsendring (prosent),2001M04,0.6
04,Manedsendring,2001M05,"Bolig, lys og brensel",Månedsendring (prosent),2001M05,0.3
04,Manedsendring,2001M06,"Bolig, lys og brensel",Månedsendring (prosent),2001M06,0.3
04,Manedsendring,2001M07,"Bolig, lys og brensel",Månedsendring (prosent),2001M07,0.1
04,Manedsendring,2001M08,"Bolig, lys og brensel",Månedsendring (prosent),2001M08,0.3
04,Manedsendring,2001M09,"Bolig, lys og brensel",Månedsendring (prosent),2001M09,0.6
04,Manedsendring,2001M10,"Bolig, lys og brensel",Månedsendring (prosent),2001M10,-0.1
04,Manedsendring,2001M11,"Bolig, lys og brensel",Månedsendring (prosent),2001M11,0.4
04,Manedsendring,2001M12,"Bolig, lys og brensel",Månedsendring (prosent),2001M12,0.6
04,Manedsendring,2002M01,"Bolig, lys og brensel",Månedsendring (prosent),2002M01,1.2
04,Manedsendring,2002M02,"Bolig, lys og brensel",Månedsendring (prosent),2002M02,-0.1
04,Manedsendring,2002M03,"Bolig, lys og brensel",Månedsendring (prosent),2002M03,-0.4
04,Manedsendring,2002M04,"Bolig, lys og brensel",Månedsendring (prosent),2002M04,-0.6
04,Manedsendring,2002M05,"Bolig, lys og brensel",Månedsendring (prosent),2002M05,0.3
04,Manedsendring,2002M06,"Bolig, lys og brensel",Månedsendring (prosent),2002M06,0.3
04,Manedsendring,2002M07,"Bolig, lys og brensel",Månedsendring (prosent),2002M07,0.1
04,Manedsendring,2002M08,"Bolig, lys og brensel",Månedsendring (prosent),2002M08,0
04,Manedsendring,2002M09,"Bolig, lys og brensel",Månedsendring (prosent),2002M09,1
04,Manedsendring,2002M10,"Bolig, lys og brensel",Månedsendring (prosent),2002M10,0.7
04,Manedsendring,2002M11,"Bolig, lys og brensel",Månedsendring (prosent),2002M11,1.8
04,Manedsendring,2002M12,"Bolig, lys og brensel",Månedsendring (prosent),2002M12,3.1
04,Manedsendring,2003M01,"Bolig, lys og brensel",Månedsendring (prosent),2003M01,9.9
04,Manedsendring,2003M02,"Bolig, lys og brensel",Månedsendring (prosent),2003M02,-1.5
04,Manedsendring,2003M03,"Bolig, lys og brensel",Månedsendring (prosent),2003M03,-3.1
04,Manedsendring,2003M04,"Bolig, lys og brensel",Månedsendring (prosent),2003M04,-2.8
04,Manedsendring,2003M05,"Bolig, lys og brensel",Månedsendring (prosent),2003M05,-1.6
04,Manedsendring,2003M06,"Bolig, lys og brensel",Månedsendring (prosent),2003M06,-0.5
04,Manedsendring,2003M07,"Bolig, lys og brensel",Månedsendring (prosent),2003M07,-0.7
04,Manedsendring,2003M08,"Bolig, lys og brensel",Månedsendring (prosent),2003M08,1.6
04,Manedsendring,2003M09,"Bolig, lys og brensel",Månedsendring (prosent),2003M09,0.9
04,Manedsendring,2003M10,"Bolig, lys og brensel",Månedsendring (prosent),2003M10,-0.1
04,Manedsendring,2003M11,"Bolig, lys og brensel",Månedsendring (prosent),2003M11,1.3
04,Manedsendring,2003M12,"Bolig, lys og brensel",Månedsendring (prosent),2003M12,0.7
04,Manedsendring,2004M01,"Bolig, lys og brensel",Månedsendring (prosent),2004M01,-0.1
04,Manedsendring,2004M02,"Bolig, lys og brensel",Månedsendring (prosent),2004M02,-0.7
04,Manedsendring,2004M03,"Bolig, lys og brensel",Månedsendring (prosent),2004M03,-0.4
04,Manedsendring,2004M04,"Bolig, lys og brensel",Månedsendring (prosent),2004M04,0
04,Manedsendring,2004M05,"Bolig, lys og brensel",Månedsendring (prosent),2004M05,0.3
04,Manedsendring,2004M06,"Bolig, lys og brensel",Månedsendring (prosent),2004M06,0.1
04,Manedsendring,2004M07,"Bolig, lys og brensel",Månedsendring (prosent),2004M07,0.3
04,Manedsendring,2004M08,"Bolig, lys og brensel",Månedsendring (prosent),2004M08,0.1
04,Manedsendring,2004M09,"Bolig, lys og brensel",Månedsendring (prosent),2004M09,0.8
04,Manedsendring,2004M10,"Bolig, lys og brensel",Månedsendring (prosent),2004M10,-0.4
04,Manedsendring,2004M11,"Bolig, lys og brensel",Månedsendring (prosent),2004M11,0
04,Manedsendring,2004M12,"Bolig, lys og brensel",Månedsendring (prosent),2004M12,0.1
04,Manedsendring,2005M01,"Bolig, lys og brensel",Månedsendring (prosent),2005M01,0.3
04,Manedsendring,2005M02,"Bolig, lys og brensel",Månedsendring (prosent),2005M02,-0.8
04,Manedsendring,2005M03,"Bolig, lys og brensel",Månedsendring (prosent),2005M03,0.3
04,Manedsendring,2005M04,"Bolig, lys og brensel",Månedsendring (prosent),2005M04,0.4
04,Manedsendring,2005M05,"Bolig, lys og brensel",Månedsendring (prosent),2005M05,0.8
04,Manedsendring,2005M06,"Bolig, lys og brensel",Månedsendring (prosent),2005M06,0.4
04,Manedsendring,2005M07,"Bolig, lys og brensel",Månedsendring (prosent),2005M07,-0.4
04,Manedsendring,2005M08,"Bolig, lys og brensel",Månedsendring (prosent),2005M08,0.4
04,Manedsendring,2005M09,"Bolig, lys og brensel",Månedsendring (prosent),2005M09,0.6
04,Manedsendring,2005M10,"Bolig, lys og brensel",Månedsendring (prosent),2005M10,0
04,Manedsendring,2005M11,"Bolig, lys og brensel",Månedsendring (prosent),2005M11,0.8
04,Manedsendring,2005M12,"Bolig, lys og brensel",Månedsendring (prosent),2005M12,0
04,Manedsendring,2006M01,"Bolig, lys og brensel",Månedsendring (prosent),2006M01,0.5
04,Manedsendring,2006M02,"Bolig, lys og brensel",Månedsendring (prosent),2006M02,1.8
04,Manedsendring,2006M03,"Bolig, lys og brensel",Månedsendring (prosent),2006M03,0.4
04,Manedsendring,2006M04,"Bolig, lys og brensel",Månedsendring (prosent),2006M04,1.7
04,Manedsendring,2006M05,"Bolig, lys og brensel",Månedsendring (prosent),2006M05,-0.4
04,Manedsendring,2006M06,"Bolig, lys og brensel",Månedsendring (prosent),2006M06,-0.6
04,Manedsendring,2006M07,"Bolig, lys og brensel",Månedsendring (prosent),2006M07,-0.4
04,Manedsendring,2006M08,"Bolig, lys og brensel",Månedsendring (prosent),2006M08,1.2
04,Manedsendring,2006M09,"Bolig, lys og brensel",Månedsendring (prosent),2006M09,3.4
04,Manedsendring,2006M10,"Bolig, lys og brensel",Månedsendring (prosent),2006M10,0.1
04,Manedsendring,2006M11,"Bolig, lys og brensel",Månedsendring (prosent),2006M11,-0.7
04,Manedsendring,2006M12,"Bolig, lys og brensel",Månedsendring (prosent),2006M12,-1.8
04,Manedsendring,2007M01,"Bolig, lys og brensel",Månedsendring (prosent),2007M01,-1.9
04,Manedsendring,2007M02,"Bolig, lys og brensel",Månedsendring (prosent),2007M02,-0.6
04,Manedsendring,2007M03,"Bolig, lys og brensel",Månedsendring (prosent),2007M03,-0.2
04,Manedsendring,2007M04,"Bolig, lys og brensel",Månedsendring (prosent),2007M04,-0.4
04,Manedsendring,2007M05,"Bolig, lys og brensel",Månedsendring (prosent),2007M05,0
04,Manedsendring,2007M06,"Bolig, lys og brensel",Månedsendring (prosent),2007M06,-0.2
04,Manedsendring,2007M07,"Bolig, lys og brensel",Månedsendring (prosent),2007M07,0.1
04,Manedsendring,2007M08,"Bolig, lys og brensel",Månedsendring (prosent),2007M08,-0.1
04,Manedsendring,2007M09,"Bolig, lys og brensel",Månedsendring (prosent),2007M09,0.2
04,Manedsendring,2007M10,"Bolig, lys og brensel",Månedsendring (prosent),2007M10,1.2
04,Manedsendring,2007M11,"Bolig, lys og brensel",Månedsendring (prosent),2007M11,4.3
04,Manedsendring,2007M12,"Bolig, lys og brensel",Månedsendring (prosent),2007M12,2.9
04,Manedsendring,2008M01,"Bolig, lys og brensel",Månedsendring (prosent),2008M01,0.5
04,Manedsendring,2008M02,"Bolig, lys og brensel",Månedsendring (prosent),2008M02,-0.9
04,Manedsendring,2008M03,"Bolig, lys og brensel",Månedsendring (prosent),2008M03,-1.6
04,Manedsendring,2008M04,"Bolig, lys og brensel",Månedsendring (prosent),2008M04,-0.7
04,Manedsendring,2008M05,"Bolig, lys og brensel",Månedsendring (prosent),2008M05,-0.6
04,Manedsendring,2008M06,"Bolig, lys og brensel",Månedsendring (prosent),2008M06,0.2
04,Manedsendring,2008M07,"Bolig, lys og brensel",Månedsendring (prosent),2008M07,1.7
04,Manedsendring,2008M08,"Bolig, lys og brensel",Månedsendring (prosent),2008M08,1.2
04,Manedsendring,2008M09,"Bolig, lys og brensel",Månedsendring (prosent),2008M09,2.1
04,Manedsendring,2008M10,"Bolig, lys og brensel",Månedsendring (prosent),2008M10,1
04,Manedsendring,2008M11,"Bolig, lys og brensel",Månedsendring (prosent),2008M11,-0.2
04,Manedsendring,2008M12,"Bolig, lys og brensel",Månedsendring (prosent),2008M12,-0.4
04,Manedsendring,2009M01,"Bolig, lys og brensel",Månedsendring (prosent),2009M01,0.3
04,Manedsendring,2009M02,"Bolig, lys og brensel",Månedsendring (prosent),2009M02,-0.6
04,Manedsendring,2009M03,"Bolig, lys og brensel",Månedsendring (prosent),2009M03,-0.6
04,Manedsendring,2009M04,"Bolig, lys og brensel",Månedsendring (prosent),2009M04,-0.2
04,Manedsendring,2009M05,"Bolig, lys og brensel",Månedsendring (prosent),2009M05,0.1
04,Manedsendring,2009M06,"Bolig, lys og brensel",Månedsendring (prosent),2009M06,0.2
04,Manedsendring,2009M07,"Bolig, lys og brensel",Månedsendring (prosent),2009M07,0
04,Manedsendring,2009M08,"Bolig, lys og brensel",Månedsendring (prosent),2009M08,0
04,Manedsendring,2009M09,"Bolig, lys og brensel",Månedsendring (prosent),2009M09,-0.6
04,Manedsendring,2009M10,"Bolig, lys og brensel",Månedsendring (prosent),2009M10,0.2
04,Manedsendring,2009M11,"Bolig, lys og brensel",Månedsendring (prosent),2009M11,0.6
04,Manedsendring,2009M12,"Bolig, lys og brensel",Månedsendring (prosent),2009M12,0.6
04,Manedsendring,2010M01,"Bolig, lys og brensel",Månedsendring (prosent),2010M01,2.6
04,Manedsendring,2010M02,"Bolig, lys og brensel",Månedsendring (prosent),2010M02,2.6
04,Manedsendring,2010M03,"Bolig, lys og brensel",Månedsendring (prosent),2010M03,1.1
04,Manedsendring,2010M04,"Bolig, lys og brensel",Månedsendring (prosent),2010M04,-0.5
04,Manedsendring,2010M05,"Bolig, lys og brensel",Månedsendring (prosent),2010M05,-1.7
04,Manedsendring,2010M06,"Bolig, lys og brensel",Månedsendring (prosent),2010M06,-0.4
04,Manedsendring,2010M07,"Bolig, lys og brensel",Månedsendring (prosent),2010M07,-0.3
04,Manedsendring,2010M08,"Bolig, lys og brensel",Månedsendring (prosent),2010M08,0
04,Manedsendring,2010M09,"Bolig, lys og brensel",Månedsendring (prosent),2010M09,0.4
04,Manedsendring,2010M10,"Bolig, lys og brensel",Månedsendring (prosent),2010M10,0.4
04,Manedsendring,2010M11,"Bolig, lys og brensel",Månedsendring (prosent),2010M11,0.4
04,Manedsendring,2010M12,"Bolig, lys og brensel",Månedsendring (prosent),2010M12,2.8
04,Manedsendring,2011M01,"Bolig, lys og brensel",Månedsendring (prosent),2011M01,1
04,Manedsendring,2011M02,"Bolig, lys og brensel",Månedsendring (prosent),2011M02,-0.9
04,Manedsendring,2011M03,"Bolig, lys og brensel",Månedsendring (prosent),2011M03,-0.4
04,Manedsendring,2011M04,"Bolig, lys og brensel",Månedsendring (prosent),2011M04,-0.8
04,Manedsendring,2011M05,"Bolig, lys og brensel",Månedsendring (prosent),2011M05,-0.1
04,Manedsendring,2011M06,"Bolig, lys og brensel",Månedsendring (prosent),2011M06,-0.6
04,Manedsendring,2011M07,"Bolig, lys og brensel",Månedsendring (prosent),2011M07,-0.8
04,Manedsendring,2011M08,"Bolig, lys og brensel",Månedsendring (prosent),2011M08,-0.1
04,Manedsendring,2011M09,"Bolig, lys og brensel",Månedsendring (prosent),2011M09,-0.7
04,Manedsendring,2011M10,"Bolig, lys og brensel",Månedsendring (prosent),2011M10,-0.2
04,Manedsendring,2011M11,"Bolig, lys og brensel",Månedsendring (prosent),2011M11,0.9
04,Manedsendring,2011M12,"Bolig, lys og brensel",Månedsendring (prosent),2011M12,-0.3
04,Manedsendring,2012M01,"Bolig, lys og brensel",Månedsendring (prosent),2012M01,0.9
04,Manedsendring,2012M02,"Bolig, lys og brensel",Månedsendring (prosent),2012M02,1.6
04,Manedsendring,2012M03,"Bolig, lys og brensel",Månedsendring (prosent),2012M03,-2.1
04,Manedsendring,2012M04,"Bolig, lys og brensel",Månedsendring (prosent),2012M04,-0.4
04,Manedsendring,2012M05,"Bolig, lys og brensel",Månedsendring (prosent),2012M05,-0.9
04,Manedsendring,2012M06,"Bolig, lys og brensel",Månedsendring (prosent),2012M06,-0.7
04,Manedsendring,2012M07,"Bolig, lys og brensel",Månedsendring (prosent),2012M07,-1.9
04,Manedsendring,2012M08,"Bolig, lys og brensel",Månedsendring (prosent),2012M08,0.7
04,Manedsendring,2012M09,"Bolig, lys og brensel",Månedsendring (prosent),2012M09,0
04,Manedsendring,2012M10,"Bolig, lys og brensel",Månedsendring (prosent),2012M10,2.4
04,Manedsendring,2012M11,"Bolig, lys og brensel",Månedsendring (prosent),2012M11,0.9
04,Manedsendring,2012M12,"Bolig, lys og brensel",Månedsendring (prosent),2012M12,2.2
04,Manedsendring,2013M01,"Bolig, lys og brensel",Månedsendring (prosent),2013M01,1
04,Manedsendring,2013M02,"Bolig, lys og brensel",Månedsendring (prosent),2013M02,0.2
04,Manedsendring,2013M03,"Bolig, lys og brensel",Månedsendring (prosent),2013M03,0.7
04,Manedsendring,2013M04,"Bolig, lys og brensel",Månedsendring (prosent),2013M04,0.4
04,Manedsendring,2013M05,"Bolig, lys og brensel",Månedsendring (prosent),2013M05,-0.6
04,Manedsendring,2013M06,"Bolig, lys og brensel",Månedsendring (prosent),2013M06,-0.4
04,Manedsendring,2013M07,"Bolig, lys og brensel",Månedsendring (prosent),2013M07,0.3
04,Manedsendring,2013M08,"Bolig, lys og brensel",Månedsendring (prosent),2013M08,0.1
04,Manedsendring,2013M09,"Bolig, lys og brensel",Månedsendring (prosent),2013M09,0.6
04,Manedsendring,2013M10,"Bolig, lys og brensel",Månedsendring (prosent),2013M10,0.6
04,Manedsendring,2013M11,"Bolig, lys og brensel",Månedsendring (prosent),2013M11,0.1
04,Manedsendring,2013M12,"Bolig, lys og brensel",Månedsendring (prosent),2013M12,-0.2
04,Manedsendring,2014M01,"Bolig, lys og brensel",Månedsendring (prosent),2014M01,0.6
04,Manedsendring,2014M02,"Bolig, lys og brensel",Månedsendring (prosent),2014M02,-0.3
04,Manedsendring,2014M03,"Bolig, lys og brensel",Månedsendring (prosent),2014M03,-0.5
04,Manedsendring,2014M04,"Bolig, lys og brensel",Månedsendring (prosent),2014M04,-0.4
04,Manedsendring,2014M05,"Bolig, lys og brensel",Månedsendring (prosent),2014M05,-0.2
04,Manedsendring,2014M06,"Bolig, lys og brensel",Månedsendring (prosent),2014M06,0
04,Manedsendring,2014M07,"Bolig, lys og brensel",Månedsendring (prosent),2014M07,1
04,Manedsendring,2014M08,"Bolig, lys og brensel",Månedsendring (prosent),2014M08,0.5
04,Manedsendring,2014M09,"Bolig, lys og brensel",Månedsendring (prosent),2014M09,0.8
04,Manedsendring,2014M10,"Bolig, lys og brensel",Månedsendring (prosent),2014M10,-0.4
04,Manedsendring,2014M11,"Bolig, lys og brensel",Månedsendring (prosent),2014M11,0.2
04,Manedsendring,2014M12,"Bolig, lys og brensel",Månedsendring (prosent),2014M12,0.6
04,Manedsendring,2015M01,"Bolig, lys og brensel",Månedsendring (prosent),2015M01,0.7
04,Manedsendring,2015M02,"Bolig, lys og brensel",Månedsendring (prosent),2015M02,-0.2
04,Manedsendring,2015M03,"Bolig, lys og brensel",Månedsendring (prosent),2015M03,-0.5
04,Manedsendring,2015M04,"Bolig, lys og brensel",Månedsendring (prosent),2015M04,0
04,Manedsendring,2015M05,"Bolig, lys og brensel",Månedsendring (prosent),2015M05,-0.5
04,Manedsendring,2015M06,"Bolig, lys og brensel",Månedsendring (prosent),2015M06,-0.9
04,Manedsendring,2015M07,"Bolig, lys og brensel",Månedsendring (prosent),2015M07,-0.6
04,Manedsendring,2015M08,"Bolig, lys og brensel",Månedsendring (prosent),2015M08,0.5
04,Manedsendring,2015M09,"Bolig, lys og brensel",Månedsendring (prosent),2015M09,0.7
04,Manedsendring,2015M10,"Bolig, lys og brensel",Månedsendring (prosent),2015M10,1.3
04,Manedsendring,2015M11,"Bolig, lys og brensel",Månedsendring (prosent),2015M11,0.8
04,Manedsendring,2015M12,"Bolig, lys og brensel",Månedsendring (prosent),2015M12,-0.6
04,Manedsendring,2016M01,"Bolig, lys og brensel",Månedsendring (prosent),2016M01,3.1
04,Manedsendring,2016M02,"Bolig, lys og brensel",Månedsendring (prosent),2016M02,-1.3
04,Manedsendring,2016M03,"Bolig, lys og brensel",Månedsendring (prosent),2016M03,0.6
04,Manedsendring,2016M04,"Bolig, lys og brensel",Månedsendring (prosent),2016M04,0.2
04,Manedsendring,2016M05,"Bolig, lys og brensel",Månedsendring (prosent),2016M05,0
04,Manedsendring,2016M06,"Bolig, lys og brensel",Månedsendring (prosent),2016M06,0.8
04,Manedsendring,2016M07,"Bolig, lys og brensel",Månedsendring (prosent),2016M07,0.2
04,Manedsendring,2016M08,"Bolig, lys og brensel",Månedsendring (prosent),2016M08,-0.2
04,Manedsendring,2016M09,"Bolig, lys og brensel",Månedsendring (prosent),2016M09,0.2
04,Manedsendring,2016M10,"Bolig, lys og brensel",Månedsendring (prosent),2016M10,1.4
04,Manedsendring,2016M11,"Bolig, lys og brensel",Månedsendring (prosent),2016M11,1.5
04,Manedsendring,2016M12,"Bolig, lys og brensel",Månedsendring (prosent),2016M12,-0.8
04,Manedsendring,2017M01,"Bolig, lys og brensel",Månedsendring (prosent),2017M01,0.5
04,Manedsendring,2017M02,"Bolig, lys og brensel",Månedsendring (prosent),2017M02,0.2
04,Manedsendring,2017M03,"Bolig, lys og brensel",Månedsendring (prosent),2017M03,0
04,Manedsendring,2017M04,"Bolig, lys og brensel",Månedsendring (prosent),2017M04,0
04,Manedsendring,2017M05,"Bolig, lys og brensel",Månedsendring (prosent),2017M05,-0.1
04,Manedsendring,2017M06,"Bolig, lys og brensel",Månedsendring (prosent),2017M06,-0.4
04,Manedsendring,2017M07,"Bolig, lys og brensel",Månedsendring (prosent),2017M07,0.3
04,Manedsendring,2017M08,"Bolig, lys og brensel",Månedsendring (prosent),2017M08,0.2
04,Manedsendring,2017M09,"Bolig, lys og brensel",Månedsendring (prosent),2017M09,0.6
04,Manedsendring,2017M10,"Bolig, lys og brensel",Månedsendring (prosent),2017M10,-0.2
04,Manedsendring,2017M11,"Bolig, lys og brensel",Månedsendring (prosent),2017M11,1.2
04,Manedsendring,2017M12,"Bolig, lys og brensel",Månedsendring (prosent),2017M12,0.2
04,Manedsendring,2018M01,"Bolig, lys og brensel",Månedsendring (prosent),2018M01,0.8
04,Manedsendring,2018M02,"Bolig, lys og brensel",Månedsendring (prosent),2018M02,1
04,Manedsendring,2018M03,"Bolig, lys og brensel",Månedsendring (prosent),2018M03,0.9
04,Manedsendring,2018M04,"Bolig, lys og brensel",Månedsendring (prosent),2018M04,-0.5
04,Manedsendring,2018M05,"Bolig, lys og brensel",Månedsendring (prosent),2018M05,-0.5
04,Manedsendring,2018M06,"Bolig, lys og brensel",Månedsendring (prosent),2018M06,1.6
04,Manedsendring,2018M07,"Bolig, lys og brensel",Månedsendring (prosent),2018M07,1.1
04,Manedsendring,2018M08,"Bolig, lys og brensel",Månedsendring (prosent),2018M08,0.3
04,Manedsendring,2018M09,"Bolig, lys og brensel",Månedsendring (prosent),2018M09,0.2
04,Manedsendring,2018M10,"Bolig, lys og brensel",Månedsendring (prosent),2018M10,-0.6
04,Manedsendring,2018M11,"Bolig, lys og brensel",Månedsendring (prosent),2018M11,0.9
04,Manedsendring,2018M12,"Bolig, lys og brensel",Månedsendring (prosent),2018M12,0.7
04,Manedsendring,2019M01,"Bolig, lys og brensel",Månedsendring (prosent),2019M01,0.9
04,Manedsendring,2019M02,"Bolig, lys og brensel",Månedsendring (prosent),2019M02,-0.7
04,Manedsendring,2019M03,"Bolig, lys og brensel",Månedsendring (prosent),2019M03,-0.5
04,Manedsendring,2019M04,"Bolig, lys og brensel",Månedsendring (prosent),2019M04,-0.2
04,Manedsendring,2019M05,"Bolig, lys og brensel",Månedsendring (prosent),2019M05,-0.1
04,Manedsendring,2019M06,"Bolig, lys og brensel",Månedsendring (prosent),2019M06,-1
04,Manedsendring,2019M07,"Bolig, lys og brensel",Månedsendring (prosent),2019M07,0.4
04,Manedsendring,2019M08,"Bolig, lys og brensel",Månedsendring (prosent),2019M08,0.4
04,Manedsendring,2019M09,"Bolig, lys og brensel",Månedsendring (prosent),2019M09,-0.3
04,Manedsendring,2019M10,"Bolig, lys og brensel",Månedsendring (prosent),2019M10,0.9
04,Manedsendring,2019M11,"Bolig, lys og brensel",Månedsendring (prosent),2019M11,0.7
04,Manedsendring,2019M12,"Bolig, lys og brensel",Månedsendring (prosent),2019M12,-0.3
04,Manedsendring,2020M01,"Bolig, lys og brensel",Månedsendring (prosent),2020M01,-1.5
04,Manedsendring,2020M02,"Bolig, lys og brensel",Månedsendring (prosent),2020M02,-1.7
04,Manedsendring,2020M03,"Bolig, lys og brensel",Månedsendring (prosent),2020M03,-0.9
04,Manedsendring,2020M04,"Bolig, lys og brensel",Månedsendring (prosent),2020M04,-1.1
04,Manedsendring,2020M05,"Bolig, lys og brensel",Månedsendring (prosent),2020M05,0.2
04,Manedsendring,2020M06,"Bolig, lys og brensel",Månedsendring (prosent),2020M06,-0.9
04,Manedsendring,2020M07,"Bolig, lys og brensel",Månedsendring (prosent),2020M07,-0.1
04,Manedsendring,2020M08,"Bolig, lys og brensel",Månedsendring (prosent),2020M08,0.7
04,Manedsendring,2020M09,"Bolig, lys og brensel",Månedsendring (prosent),2020M09,1.1
04,Manedsendring,2020M10,"Bolig, lys og brensel",Månedsendring (prosent),2020M10,0.7
04,Manedsendring,2020M11,"Bolig, lys og brensel",Månedsendring (prosent),2020M11,-1
04,Manedsendring,2020M12,"Bolig, lys og brensel",Månedsendring (prosent),2020M12,1.9
04,Manedsendring,2021M01,"Bolig, lys og brensel",Månedsendring (prosent),2021M01,4.9
04,Manedsendring,2021M02,"Bolig, lys og brensel",Månedsendring (prosent),2021M02,0.8
04,Manedsendring,2021M03,"Bolig, lys og brensel",Månedsendring (prosent),2021M03,-1.6
04,Manedsendring,2021M04,"Bolig, lys og brensel",Månedsendring (prosent),2021M04,0
04,Manedsendring,2021M05,"Bolig, lys og brensel",Månedsendring (prosent),2021M05,0.9
04,Manedsendring,2021M06,"Bolig, lys og brensel",Månedsendring (prosent),2021M06,0
04,Manedsendring,2021M07,"Bolig, lys og brensel",Månedsendring (prosent),2021M07,1.5
04,Manedsendring,2021M08,"Bolig, lys og brensel",Månedsendring (prosent),2021M08,2.4
04,Manedsendring,2021M09,"Bolig, lys og brensel",Månedsendring (prosent),2021M09,3.2
04,Manedsendring,2021M10,"Bolig, lys og brensel",Månedsendring (prosent),2021M10,-1.3
04,Manedsendring,2021M11,"Bolig, lys og brensel",Månedsendring (prosent),2021M11,2.5
04,Manedsendring,2021M12,"Bolig, lys og brensel",Månedsendring (prosent),2021M12,1.8
04,Manedsendring,2022M01,"Bolig, lys og brensel",Månedsendring (prosent),2022M01,-3.1
04,Manedsendring,2022M02,"Bolig, lys og brensel",Månedsendring (prosent),2022M02,-0.5
04,Manedsendring,2022M03,"Bolig, lys og brensel",Månedsendring (prosent),2022M03,0.4
04,Manedsendring,2022M04,"Bolig, lys og brensel",Månedsendring (prosent),2022M04,2
04,Manedsendring,2022M05,"Bolig, lys og brensel",Månedsendring (prosent),2022M05,-1
04,Manedsendring,2022M06,"Bolig, lys og brensel",Månedsendring (prosent),2022M06,0.2
04,Manedsendring,2022M07,"Bolig, lys og brensel",Månedsendring (prosent),2022M07,0.2
04,Manedsendring,2022M08,"Bolig, lys og brensel",Månedsendring (prosent),2022M08,2.4
04,Manedsendring,2022M09,"Bolig, lys og brensel",Månedsendring (prosent),2022M09,2.2
04,Manedsendring,2022M10,"Bolig, lys og brensel",Månedsendring (prosent),2022M10,0
04,Manedsendring,2022M11,"Bolig, lys og brensel",Månedsendring (prosent),2022M11,0.2
04,Manedsendring,2022M12,"Bolig, lys og brensel",Månedsendring (prosent),2022M12,-0.6
04,Manedsendring,2023M01,"Bolig, lys og brensel",Månedsendring (prosent),2023M01,-0.9
04,Manedsendring,2023M02,"Bolig, lys og brensel",Månedsendring (prosent),2023M02,-0.8
04,Manedsendring,2023M03,"Bolig, lys og brensel",Månedsendring (prosent),2023M03,1.3
04,Manedsendring,2023M04,"Bolig, lys og brensel",Månedsendring (prosent),2023M04,0.8
04,Manedsendring,2023M05,"Bolig, lys og brensel",Månedsendring (prosent),2023M05,-0.1
04,Manedsendring,2023M06,"Bolig, lys og brensel",Månedsendring (prosent),2023M06,-0.1
04,Manedsendring,2023M07,"Bolig, lys og brensel",Månedsendring (prosent),2023M07,-1.7
04,Manedsendring,2023M08,"Bolig, lys og brensel",Månedsendring (prosent),2023M08,-1.3
04,Manedsendring,2023M09,"Bolig, lys og brensel",Månedsendring (prosent),2023M09,-1.8
04,Manedsendring,2023M10,"Bolig, lys og brensel",Månedsendring (prosent),2023M10,2.4
04,Manedsendring,2023M11,"Bolig, lys og brensel",Månedsendring (prosent),2023M11,3.4
04,Manedsendring,2023M12,"Bolig, lys og brensel",Månedsendring (prosent),2023M12,0.2
04,Manedsendring,2024M01,"Bolig, lys og brensel",Månedsendring (prosent),2024M01,0.8
04,Manedsendring,2024M02,"Bolig, lys og brensel",Månedsendring (prosent),2024M02,-0.7
04,Manedsendring,2024M03,"Bolig, lys og brensel",Månedsendring (prosent),2024M03,0.6
04,Manedsendring,2024M04,"Bolig, lys og brensel",Månedsendring (prosent),2024M04,0.3
04,Manedsendring,2024M05,"Bolig, lys og brensel",Månedsendring (prosent),2024M05,-2
04,Manedsendring,2024M06,"Bolig, lys og brensel",Månedsendring (prosent),2024M06,0.1
04,Manedsendring,2024M07,"Bolig, lys og brensel",Månedsendring (prosent),2024M07,-0.4
04,Manedsendring,2024M08,"Bolig, lys og brensel",Månedsendring (prosent),2024M08,-0.6
04,Manedsendring,2024M09,"Bolig, lys og brensel",Månedsendring (prosent),2024M09,0.8
04,Manedsendring,2024M10,"Bolig, lys og brensel",Månedsendring (prosent),2024M10,1.9
04,Manedsendring,2024M11,"Bolig, lys og brensel",Månedsendring (prosent),2024M11,1.1
04,Manedsendring,2024M12,"Bolig, lys og brensel",Månedsendring (prosent),2024M12,0
04,Manedsendring,2025M01,"Bolig, lys og brensel",Månedsendring (prosent),2025M01,0.9
04,Manedsendring,2025M02,"Bolig, lys og brensel",Månedsendring (prosent),2025M02,2.4
04,Manedsendring,2025M03,"Bolig, lys og brensel",Månedsendring (prosent),2025M03,-3
04,Manedsendring,2025M04,"Bolig, lys og brensel",Månedsendring (prosent),2025M04,1.2
04,Manedsendring,2025M05,"Bolig, lys og brensel",Månedsendring (prosent),2025M05,0.8
04,Manedsendring,2025M06,"Bolig, lys og brensel",Månedsendring (prosent),2025M06,-0.8
04,Manedsendring,2025M07,"Bolig, lys og brensel",Månedsendring (prosent),2025M07,-0.2
04,Manedsendring,2025M08,"Bolig, lys og brensel",Månedsendring (prosent),2025M08,1.2
04,Manedsendring,2025M09,"Bolig, lys og brensel",Månedsendring (prosent),2025M09,0.7
04,Manedsendring,2025M10,"Bolig, lys og brensel",Månedsendring (prosent),2025M10,-1.1
04,Manedsendring,2025M11,"Bolig, lys og brensel",Månedsendring (prosent),2025M11,1.7
04,Manedsendring,2025M12,"Bolig, lys og brensel",Månedsendring (prosent),2025M12,0.2
04,Tolvmanedersendring,1979M01,"Bolig, lys og brensel",12-måneders endring (prosent),1979M01,
04,Tolvmanedersendring,1979M02,"Bolig, lys og brensel",12-måneders endring (prosent),1979M02,
04,Tolvmanedersendring,1979M03,"Bolig, lys og brensel",12-måneders endring (prosent),1979M03,
04,Tolvmanedersendring,1979M04,"Bolig, lys og brensel",12-måneders endring (prosent),1979M04,
04,Tolvmanedersendring,1979M05,"Bolig, lys og brensel",12-måneders endring (prosent),1979M05,
04,Tolvmanedersendring,1979M06,"Bolig, lys og brensel",12-måneders endring (prosent),1979M06,
04,Tolvmanedersendring,1979M07,"Bolig, lys og brensel",12-måneders endring (prosent),1979M07,
04,Tolvmanedersendring,1979M08,"Bolig, lys og brensel",12-måneders endring (prosent),1979M08,
04,Tolvmanedersendring,1979M09,"Bolig, lys og brensel",12-måneders endring (prosent),1979M09,
04,Tolvmanedersendring,1979M10,"Bolig, lys og brensel",12-måneders endring (prosent),1979M10,
04,Tolvmanedersendring,1979M11,"Bolig, lys og brensel",12-måneders endring (prosent),1979M11,
04,Tolvmanedersendring,1979M12,"Bolig, lys og brensel",12-måneders endring (prosent),1979M12,
04,Tolvmanedersendring,1980M01,"Bolig, lys og brensel",12-måneders endring (prosent),1980M01,6.2
04,Tolvmanedersendring,1980M02,"Bolig, lys og brensel",12-måneders endring (prosent),1980M02,6.7
04,Tolvmanedersendring,1980M03,"Bolig, lys og brensel",12-måneders endring (prosent),1980M03,9.2
04,Tolvmanedersendring,1980M04,"Bolig, lys og brensel",12-måneders endring (prosent),1980M04,9.7
04,Tolvmanedersendring,1980M05,"Bolig, lys og brensel",12-måneders endring (prosent),1980M05,11.2
04,Tolvmanedersendring,1980M06,"Bolig, lys og brensel",12-måneders endring (prosent),1980M06,12.1
04,Tolvmanedersendring,1980M07,"Bolig, lys og brensel",12-måneders endring (prosent),1980M07,13.6
04,Tolvmanedersendring,1980M08,"Bolig, lys og brensel",12-måneders endring (prosent),1980M08,13.6
04,Tolvmanedersendring,1980M09,"Bolig, lys og brensel",12-måneders endring (prosent),1980M09,15.1
04,Tolvmanedersendring,1980M10,"Bolig, lys og brensel",12-måneders endring (prosent),1980M10,15.5
04,Tolvmanedersendring,1980M11,"Bolig, lys og brensel",12-måneders endring (prosent),1980M11,15.4
04,Tolvmanedersendring,1980M12,"Bolig, lys og brensel",12-måneders endring (prosent),1980M12,15.9
04,Tolvmanedersendring,1981M01,"Bolig, lys og brensel",12-måneders endring (prosent),1981M01,16.4
04,Tolvmanedersendring,1981M02,"Bolig, lys og brensel",12-måneders endring (prosent),1981M02,15.9
04,Tolvmanedersendring,1981M03,"Bolig, lys og brensel",12-måneders endring (prosent),1981M03,16.8
04,Tolvmanedersendring,1981M04,"Bolig, lys og brensel",12-måneders endring (prosent),1981M04,16.7
04,Tolvmanedersendring,1981M05,"Bolig, lys og brensel",12-måneders endring (prosent),1981M05,14.6
04,Tolvmanedersendring,1981M06,"Bolig, lys og brensel",12-måneders endring (prosent),1981M06,14.9
04,Tolvmanedersendring,1981M07,"Bolig, lys og brensel",12-måneders endring (prosent),1981M07,13.3
04,Tolvmanedersendring,1981M08,"Bolig, lys og brensel",12-måneders endring (prosent),1981M08,12.8
04,Tolvmanedersendring,1981M09,"Bolig, lys og brensel",12-måneders endring (prosent),1981M09,11.8
04,Tolvmanedersendring,1981M10,"Bolig, lys og brensel",12-måneders endring (prosent),1981M10,10.8
04,Tolvmanedersendring,1981M11,"Bolig, lys og brensel",12-måneders endring (prosent),1981M11,10.8
04,Tolvmanedersendring,1981M12,"Bolig, lys og brensel",12-måneders endring (prosent),1981M12,11.2
04,Tolvmanedersendring,1982M01,"Bolig, lys og brensel",12-måneders endring (prosent),1982M01,11.6
04,Tolvmanedersendring,1982M02,"Bolig, lys og brensel",12-måneders endring (prosent),1982M02,11.2
04,Tolvmanedersendring,1982M03,"Bolig, lys og brensel",12-måneders endring (prosent),1982M03,12
04,Tolvmanedersendring,1982M04,"Bolig, lys og brensel",12-måneders endring (prosent),1982M04,11.6
04,Tolvmanedersendring,1982M05,"Bolig, lys og brensel",12-måneders endring (prosent),1982M05,11.6
04,Tolvmanedersendring,1982M06,"Bolig, lys og brensel",12-måneders endring (prosent),1982M06,11.4
04,Tolvmanedersendring,1982M07,"Bolig, lys og brensel",12-måneders endring (prosent),1982M07,11.8
04,Tolvmanedersendring,1982M08,"Bolig, lys og brensel",12-måneders endring (prosent),1982M08,12.2
04,Tolvmanedersendring,1982M09,"Bolig, lys og brensel",12-måneders endring (prosent),1982M09,12.5
04,Tolvmanedersendring,1982M10,"Bolig, lys og brensel",12-måneders endring (prosent),1982M10,12.9
04,Tolvmanedersendring,1982M11,"Bolig, lys og brensel",12-måneders endring (prosent),1982M11,12.8
04,Tolvmanedersendring,1982M12,"Bolig, lys og brensel",12-måneders endring (prosent),1982M12,12.7
04,Tolvmanedersendring,1983M01,"Bolig, lys og brensel",12-måneders endring (prosent),1983M01,11.9
04,Tolvmanedersendring,1983M02,"Bolig, lys og brensel",12-måneders endring (prosent),1983M02,12.3
04,Tolvmanedersendring,1983M03,"Bolig, lys og brensel",12-måneders endring (prosent),1983M03,10.4
04,Tolvmanedersendring,1983M04,"Bolig, lys og brensel",12-måneders endring (prosent),1983M04,10.4
04,Tolvmanedersendring,1983M05,"Bolig, lys og brensel",12-måneders endring (prosent),1983M05,10
04,Tolvmanedersendring,1983M06,"Bolig, lys og brensel",12-måneders endring (prosent),1983M06,9.5
04,Tolvmanedersendring,1983M07,"Bolig, lys og brensel",12-måneders endring (prosent),1983M07,9.5
04,Tolvmanedersendring,1983M08,"Bolig, lys og brensel",12-måneders endring (prosent),1983M08,9.4
04,Tolvmanedersendring,1983M09,"Bolig, lys og brensel",12-måneders endring (prosent),1983M09,9.4
04,Tolvmanedersendring,1983M10,"Bolig, lys og brensel",12-måneders endring (prosent),1983M10,9
04,Tolvmanedersendring,1983M11,"Bolig, lys og brensel",12-måneders endring (prosent),1983M11,8.6
04,Tolvmanedersendring,1983M12,"Bolig, lys og brensel",12-måneders endring (prosent),1983M12,8.6
04,Tolvmanedersendring,1984M01,"Bolig, lys og brensel",12-måneders endring (prosent),1984M01,8
04,Tolvmanedersendring,1984M02,"Bolig, lys og brensel",12-måneders endring (prosent),1984M02,8
04,Tolvmanedersendring,1984M03,"Bolig, lys og brensel",12-måneders endring (prosent),1984M03,7.8
04,Tolvmanedersendring,1984M04,"Bolig, lys og brensel",12-måneders endring (prosent),1984M04,7.8
04,Tolvmanedersendring,1984M05,"Bolig, lys og brensel",12-måneders endring (prosent),1984M05,8.1
04,Tolvmanedersendring,1984M06,"Bolig, lys og brensel",12-måneders endring (prosent),1984M06,7.7
04,Tolvmanedersendring,1984M07,"Bolig, lys og brensel",12-måneders endring (prosent),1984M07,7.7
04,Tolvmanedersendring,1984M08,"Bolig, lys og brensel",12-måneders endring (prosent),1984M08,7.3
04,Tolvmanedersendring,1984M09,"Bolig, lys og brensel",12-måneders endring (prosent),1984M09,7.3
04,Tolvmanedersendring,1984M10,"Bolig, lys og brensel",12-måneders endring (prosent),1984M10,7.6
04,Tolvmanedersendring,1984M11,"Bolig, lys og brensel",12-måneders endring (prosent),1984M11,7.6
04,Tolvmanedersendring,1984M12,"Bolig, lys og brensel",12-måneders endring (prosent),1984M12,7.3
04,Tolvmanedersendring,1985M01,"Bolig, lys og brensel",12-måneders endring (prosent),1985M01,7.4
04,Tolvmanedersendring,1985M02,"Bolig, lys og brensel",12-måneders endring (prosent),1985M02,7.1
04,Tolvmanedersendring,1985M03,"Bolig, lys og brensel",12-måneders endring (prosent),1985M03,6.3
04,Tolvmanedersendring,1985M04,"Bolig, lys og brensel",12-måneders endring (prosent),1985M04,6.3
04,Tolvmanedersendring,1985M05,"Bolig, lys og brensel",12-måneders endring (prosent),1985M05,6
04,Tolvmanedersendring,1985M06,"Bolig, lys og brensel",12-måneders endring (prosent),1985M06,6
04,Tolvmanedersendring,1985M07,"Bolig, lys og brensel",12-måneders endring (prosent),1985M07,6
04,Tolvmanedersendring,1985M08,"Bolig, lys og brensel",12-måneders endring (prosent),1985M08,6
04,Tolvmanedersendring,1985M09,"Bolig, lys og brensel",12-måneders endring (prosent),1985M09,5.9
04,Tolvmanedersendring,1985M10,"Bolig, lys og brensel",12-måneders endring (prosent),1985M10,5.9
04,Tolvmanedersendring,1985M11,"Bolig, lys og brensel",12-måneders endring (prosent),1985M11,5.9
04,Tolvmanedersendring,1985M12,"Bolig, lys og brensel",12-måneders endring (prosent),1985M12,5.9
04,Tolvmanedersendring,1986M01,"Bolig, lys og brensel",12-måneders endring (prosent),1986M01,4.9
04,Tolvmanedersendring,1986M02,"Bolig, lys og brensel",12-måneders endring (prosent),1986M02,4.9
04,Tolvmanedersendring,1986M03,"Bolig, lys og brensel",12-måneders endring (prosent),1986M03,4.5
04,Tolvmanedersendring,1986M04,"Bolig, lys og brensel",12-måneders endring (prosent),1986M04,4.5
04,Tolvmanedersendring,1986M05,"Bolig, lys og brensel",12-måneders endring (prosent),1986M05,4.5
04,Tolvmanedersendring,1986M06,"Bolig, lys og brensel",12-måneders endring (prosent),1986M06,4.8
04,Tolvmanedersendring,1986M07,"Bolig, lys og brensel",12-måneders endring (prosent),1986M07,4.5
04,Tolvmanedersendring,1986M08,"Bolig, lys og brensel",12-måneders endring (prosent),1986M08,4.8
04,Tolvmanedersendring,1986M09,"Bolig, lys og brensel",12-måneders endring (prosent),1986M09,5
04,Tolvmanedersendring,1986M10,"Bolig, lys og brensel",12-måneders endring (prosent),1986M10,5
04,Tolvmanedersendring,1986M11,"Bolig, lys og brensel",12-måneders endring (prosent),1986M11,4.7
04,Tolvmanedersendring,1986M12,"Bolig, lys og brensel",12-måneders endring (prosent),1986M12,5
04,Tolvmanedersendring,1987M01,"Bolig, lys og brensel",12-måneders endring (prosent),1987M01,5.7
04,Tolvmanedersendring,1987M02,"Bolig, lys og brensel",12-måneders endring (prosent),1987M02,6.3
04,Tolvmanedersendring,1987M03,"Bolig, lys og brensel",12-måneders endring (prosent),1987M03,7
04,Tolvmanedersendring,1987M04,"Bolig, lys og brensel",12-måneders endring (prosent),1987M04,7
04,Tolvmanedersendring,1987M05,"Bolig, lys og brensel",12-måneders endring (prosent),1987M05,7.6
04,Tolvmanedersendring,1987M06,"Bolig, lys og brensel",12-måneders endring (prosent),1987M06,7.5
04,Tolvmanedersendring,1987M07,"Bolig, lys og brensel",12-måneders endring (prosent),1987M07,7.5
04,Tolvmanedersendring,1987M08,"Bolig, lys og brensel",12-måneders endring (prosent),1987M08,7.5
04,Tolvmanedersendring,1987M09,"Bolig, lys og brensel",12-måneders endring (prosent),1987M09,7.7
04,Tolvmanedersendring,1987M10,"Bolig, lys og brensel",12-måneders endring (prosent),1987M10,7.4
04,Tolvmanedersendring,1987M11,"Bolig, lys og brensel",12-måneders endring (prosent),1987M11,8
04,Tolvmanedersendring,1987M12,"Bolig, lys og brensel",12-måneders endring (prosent),1987M12,8.2
04,Tolvmanedersendring,1988M01,"Bolig, lys og brensel",12-måneders endring (prosent),1988M01,7.8
04,Tolvmanedersendring,1988M02,"Bolig, lys og brensel",12-måneders endring (prosent),1988M02,7.7
04,Tolvmanedersendring,1988M03,"Bolig, lys og brensel",12-måneders endring (prosent),1988M03,8.6
04,Tolvmanedersendring,1988M04,"Bolig, lys og brensel",12-måneders endring (prosent),1988M04,8.6
04,Tolvmanedersendring,1988M05,"Bolig, lys og brensel",12-måneders endring (prosent),1988M05,8.6
04,Tolvmanedersendring,1988M06,"Bolig, lys og brensel",12-måneders endring (prosent),1988M06,8.7
04,Tolvmanedersendring,1988M07,"Bolig, lys og brensel",12-måneders endring (prosent),1988M07,8.7
04,Tolvmanedersendring,1988M08,"Bolig, lys og brensel",12-måneders endring (prosent),1988M08,8.5
04,Tolvmanedersendring,1988M09,"Bolig, lys og brensel",12-måneders endring (prosent),1988M09,8.4
04,Tolvmanedersendring,1988M10,"Bolig, lys og brensel",12-måneders endring (prosent),1988M10,8.4
04,Tolvmanedersendring,1988M11,"Bolig, lys og brensel",12-måneders endring (prosent),1988M11,8.1
04,Tolvmanedersendring,1988M12,"Bolig, lys og brensel",12-måneders endring (prosent),1988M12,7.8
04,Tolvmanedersendring,1989M01,"Bolig, lys og brensel",12-måneders endring (prosent),1989M01,6.7
04,Tolvmanedersendring,1989M02,"Bolig, lys og brensel",12-måneders endring (prosent),1989M02,6.5
04,Tolvmanedersendring,1989M03,"Bolig, lys og brensel",12-måneders endring (prosent),1989M03,5.8
04,Tolvmanedersendring,1989M04,"Bolig, lys og brensel",12-måneders endring (prosent),1989M04,5.8
04,Tolvmanedersendring,1989M05,"Bolig, lys og brensel",12-måneders endring (prosent),1989M05,5.8
04,Tolvmanedersendring,1989M06,"Bolig, lys og brensel",12-måneders endring (prosent),1989M06,6
04,Tolvmanedersendring,1989M07,"Bolig, lys og brensel",12-måneders endring (prosent),1989M07,6
04,Tolvmanedersendring,1989M08,"Bolig, lys og brensel",12-måneders endring (prosent),1989M08,6.2
04,Tolvmanedersendring,1989M09,"Bolig, lys og brensel",12-måneders endring (prosent),1989M09,5.9
04,Tolvmanedersendring,1989M10,"Bolig, lys og brensel",12-måneders endring (prosent),1989M10,6.2
04,Tolvmanedersendring,1989M11,"Bolig, lys og brensel",12-måneders endring (prosent),1989M11,6.2
04,Tolvmanedersendring,1989M12,"Bolig, lys og brensel",12-måneders endring (prosent),1989M12,6.3
04,Tolvmanedersendring,1990M01,"Bolig, lys og brensel",12-måneders endring (prosent),1990M01,6.7
04,Tolvmanedersendring,1990M02,"Bolig, lys og brensel",12-måneders endring (prosent),1990M02,7
04,Tolvmanedersendring,1990M03,"Bolig, lys og brensel",12-måneders endring (prosent),1990M03,6.8
04,Tolvmanedersendring,1990M04,"Bolig, lys og brensel",12-måneders endring (prosent),1990M04,6.8
04,Tolvmanedersendring,1990M05,"Bolig, lys og brensel",12-måneders endring (prosent),1990M05,6.4
04,Tolvmanedersendring,1990M06,"Bolig, lys og brensel",12-måneders endring (prosent),1990M06,6.1
04,Tolvmanedersendring,1990M07,"Bolig, lys og brensel",12-måneders endring (prosent),1990M07,5.9
04,Tolvmanedersendring,1990M08,"Bolig, lys og brensel",12-måneders endring (prosent),1990M08,5.8
04,Tolvmanedersendring,1990M09,"Bolig, lys og brensel",12-måneders endring (prosent),1990M09,6.2
04,Tolvmanedersendring,1990M10,"Bolig, lys og brensel",12-måneders endring (prosent),1990M10,6.4
04,Tolvmanedersendring,1990M11,"Bolig, lys og brensel",12-måneders endring (prosent),1990M11,6.4
04,Tolvmanedersendring,1990M12,"Bolig, lys og brensel",12-måneders endring (prosent),1990M12,6
04,Tolvmanedersendring,1991M01,"Bolig, lys og brensel",12-måneders endring (prosent),1991M01,5.5
04,Tolvmanedersendring,1991M02,"Bolig, lys og brensel",12-måneders endring (prosent),1991M02,5.3
04,Tolvmanedersendring,1991M03,"Bolig, lys og brensel",12-måneders endring (prosent),1991M03,5.1
04,Tolvmanedersendring,1991M04,"Bolig, lys og brensel",12-måneders endring (prosent),1991M04,4.9
04,Tolvmanedersendring,1991M05,"Bolig, lys og brensel",12-måneders endring (prosent),1991M05,5.2
04,Tolvmanedersendring,1991M06,"Bolig, lys og brensel",12-måneders endring (prosent),1991M06,4.9
04,Tolvmanedersendring,1991M07,"Bolig, lys og brensel",12-måneders endring (prosent),1991M07,4.7
04,Tolvmanedersendring,1991M08,"Bolig, lys og brensel",12-måneders endring (prosent),1991M08,4.5
04,Tolvmanedersendring,1991M09,"Bolig, lys og brensel",12-måneders endring (prosent),1991M09,3.8
04,Tolvmanedersendring,1991M10,"Bolig, lys og brensel",12-måneders endring (prosent),1991M10,3.4
04,Tolvmanedersendring,1991M11,"Bolig, lys og brensel",12-måneders endring (prosent),1991M11,3.6
04,Tolvmanedersendring,1991M12,"Bolig, lys og brensel",12-måneders endring (prosent),1991M12,3.4
04,Tolvmanedersendring,1992M01,"Bolig, lys og brensel",12-måneders endring (prosent),1992M01,2.6
04,Tolvmanedersendring,1992M02,"Bolig, lys og brensel",12-måneders endring (prosent),1992M02,2.6
04,Tolvmanedersendring,1992M03,"Bolig, lys og brensel",12-måneders endring (prosent),1992M03,2
04,Tolvmanedersendring,1992M04,"Bolig, lys og brensel",12-måneders endring (prosent),1992M04,2.2
04,Tolvmanedersendring,1992M05,"Bolig, lys og brensel",12-måneders endring (prosent),1992M05,2.4
04,Tolvmanedersendring,1992M06,"Bolig, lys og brensel",12-måneders endring (prosent),1992M06,2.1
04,Tolvmanedersendring,1992M07,"Bolig, lys og brensel",12-måneders endring (prosent),1992M07,2.3
04,Tolvmanedersendring,1992M08,"Bolig, lys og brensel",12-måneders endring (prosent),1992M08,2.3
04,Tolvmanedersendring,1992M09,"Bolig, lys og brensel",12-måneders endring (prosent),1992M09,2.3
04,Tolvmanedersendring,1992M10,"Bolig, lys og brensel",12-måneders endring (prosent),1992M10,2.3
04,Tolvmanedersendring,1992M11,"Bolig, lys og brensel",12-måneders endring (prosent),1992M11,2.3
04,Tolvmanedersendring,1992M12,"Bolig, lys og brensel",12-måneders endring (prosent),1992M12,2.7
04,Tolvmanedersendring,1993M01,"Bolig, lys og brensel",12-måneders endring (prosent),1993M01,3.3
04,Tolvmanedersendring,1993M02,"Bolig, lys og brensel",12-måneders endring (prosent),1993M02,3.3
04,Tolvmanedersendring,1993M03,"Bolig, lys og brensel",12-måneders endring (prosent),1993M03,3.1
04,Tolvmanedersendring,1993M04,"Bolig, lys og brensel",12-måneders endring (prosent),1993M04,3.3
04,Tolvmanedersendring,1993M05,"Bolig, lys og brensel",12-måneders endring (prosent),1993M05,3.1
04,Tolvmanedersendring,1993M06,"Bolig, lys og brensel",12-måneders endring (prosent),1993M06,2.9
04,Tolvmanedersendring,1993M07,"Bolig, lys og brensel",12-måneders endring (prosent),1993M07,2.9
04,Tolvmanedersendring,1993M08,"Bolig, lys og brensel",12-måneders endring (prosent),1993M08,2.9
04,Tolvmanedersendring,1993M09,"Bolig, lys og brensel",12-måneders endring (prosent),1993M09,2.5
04,Tolvmanedersendring,1993M10,"Bolig, lys og brensel",12-måneders endring (prosent),1993M10,2.7
04,Tolvmanedersendring,1993M11,"Bolig, lys og brensel",12-måneders endring (prosent),1993M11,2.3
04,Tolvmanedersendring,1993M12,"Bolig, lys og brensel",12-måneders endring (prosent),1993M12,2.1
04,Tolvmanedersendring,1994M01,"Bolig, lys og brensel",12-måneders endring (prosent),1994M01,1.3
04,Tolvmanedersendring,1994M02,"Bolig, lys og brensel",12-måneders endring (prosent),1994M02,1.3
04,Tolvmanedersendring,1994M03,"Bolig, lys og brensel",12-måneders endring (prosent),1994M03,0.4
04,Tolvmanedersendring,1994M04,"Bolig, lys og brensel",12-måneders endring (prosent),1994M04,0.4
04,Tolvmanedersendring,1994M05,"Bolig, lys og brensel",12-måneders endring (prosent),1994M05,0.4
04,Tolvmanedersendring,1994M06,"Bolig, lys og brensel",12-måneders endring (prosent),1994M06,0.6
04,Tolvmanedersendring,1994M07,"Bolig, lys og brensel",12-måneders endring (prosent),1994M07,0.7
04,Tolvmanedersendring,1994M08,"Bolig, lys og brensel",12-måneders endring (prosent),1994M08,0.7
04,Tolvmanedersendring,1994M09,"Bolig, lys og brensel",12-måneders endring (prosent),1994M09,1.1
04,Tolvmanedersendring,1994M10,"Bolig, lys og brensel",12-måneders endring (prosent),1994M10,1.1
04,Tolvmanedersendring,1994M11,"Bolig, lys og brensel",12-måneders endring (prosent),1994M11,1.3
04,Tolvmanedersendring,1994M12,"Bolig, lys og brensel",12-måneders endring (prosent),1994M12,1.5
04,Tolvmanedersendring,1995M01,"Bolig, lys og brensel",12-måneders endring (prosent),1995M01,2.8
04,Tolvmanedersendring,1995M02,"Bolig, lys og brensel",12-måneders endring (prosent),1995M02,3
04,Tolvmanedersendring,1995M03,"Bolig, lys og brensel",12-måneders endring (prosent),1995M03,3.2
04,Tolvmanedersendring,1995M04,"Bolig, lys og brensel",12-måneders endring (prosent),1995M04,2.8
04,Tolvmanedersendring,1995M05,"Bolig, lys og brensel",12-måneders endring (prosent),1995M05,2.8
04,Tolvmanedersendring,1995M06,"Bolig, lys og brensel",12-måneders endring (prosent),1995M06,2.8
04,Tolvmanedersendring,1995M07,"Bolig, lys og brensel",12-måneders endring (prosent),1995M07,2.8
04,Tolvmanedersendring,1995M08,"Bolig, lys og brensel",12-måneders endring (prosent),1995M08,2.6
04,Tolvmanedersendring,1995M09,"Bolig, lys og brensel",12-måneders endring (prosent),1995M09,2.9
04,Tolvmanedersendring,1995M10,"Bolig, lys og brensel",12-måneders endring (prosent),1995M10,2.8
04,Tolvmanedersendring,1995M11,"Bolig, lys og brensel",12-måneders endring (prosent),1995M11,2.8
04,Tolvmanedersendring,1995M12,"Bolig, lys og brensel",12-måneders endring (prosent),1995M12,2.4
04,Tolvmanedersendring,1996M01,"Bolig, lys og brensel",12-måneders endring (prosent),1996M01,1.3
04,Tolvmanedersendring,1996M02,"Bolig, lys og brensel",12-måneders endring (prosent),1996M02,1.1
04,Tolvmanedersendring,1996M03,"Bolig, lys og brensel",12-måneders endring (prosent),1996M03,1.4
04,Tolvmanedersendring,1996M04,"Bolig, lys og brensel",12-måneders endring (prosent),1996M04,1.8
04,Tolvmanedersendring,1996M05,"Bolig, lys og brensel",12-måneders endring (prosent),1996M05,1.8
04,Tolvmanedersendring,1996M06,"Bolig, lys og brensel",12-måneders endring (prosent),1996M06,1.4
04,Tolvmanedersendring,1996M07,"Bolig, lys og brensel",12-måneders endring (prosent),1996M07,2.5
04,Tolvmanedersendring,1996M08,"Bolig, lys og brensel",12-måneders endring (prosent),1996M08,2.7
04,Tolvmanedersendring,1996M09,"Bolig, lys og brensel",12-måneders endring (prosent),1996M09,3
04,Tolvmanedersendring,1996M10,"Bolig, lys og brensel",12-måneders endring (prosent),1996M10,3.8
04,Tolvmanedersendring,1996M11,"Bolig, lys og brensel",12-måneders endring (prosent),1996M11,3.8
04,Tolvmanedersendring,1996M12,"Bolig, lys og brensel",12-måneders endring (prosent),1996M12,4.1
04,Tolvmanedersendring,1997M01,"Bolig, lys og brensel",12-måneders endring (prosent),1997M01,5.4
04,Tolvmanedersendring,1997M02,"Bolig, lys og brensel",12-måneders endring (prosent),1997M02,5.4
04,Tolvmanedersendring,1997M03,"Bolig, lys og brensel",12-måneders endring (prosent),1997M03,4.8
04,Tolvmanedersendring,1997M04,"Bolig, lys og brensel",12-måneders endring (prosent),1997M04,3.2
04,Tolvmanedersendring,1997M05,"Bolig, lys og brensel",12-måneders endring (prosent),1997M05,3
04,Tolvmanedersendring,1997M06,"Bolig, lys og brensel",12-måneders endring (prosent),1997M06,3.9
04,Tolvmanedersendring,1997M07,"Bolig, lys og brensel",12-måneders endring (prosent),1997M07,1.6
04,Tolvmanedersendring,1997M08,"Bolig, lys og brensel",12-måneders endring (prosent),1997M08,1.8
04,Tolvmanedersendring,1997M09,"Bolig, lys og brensel",12-måneders endring (prosent),1997M09,1.2
04,Tolvmanedersendring,1997M10,"Bolig, lys og brensel",12-måneders endring (prosent),1997M10,0.9
04,Tolvmanedersendring,1997M11,"Bolig, lys og brensel",12-måneders endring (prosent),1997M11,0.9
04,Tolvmanedersendring,1997M12,"Bolig, lys og brensel",12-måneders endring (prosent),1997M12,0.7
04,Tolvmanedersendring,1998M01,"Bolig, lys og brensel",12-måneders endring (prosent),1998M01,0.2
04,Tolvmanedersendring,1998M02,"Bolig, lys og brensel",12-måneders endring (prosent),1998M02,0.2
04,Tolvmanedersendring,1998M03,"Bolig, lys og brensel",12-måneders endring (prosent),1998M03,0.5
04,Tolvmanedersendring,1998M04,"Bolig, lys og brensel",12-måneders endring (prosent),1998M04,1
04,Tolvmanedersendring,1998M05,"Bolig, lys og brensel",12-måneders endring (prosent),1998M05,0.3
04,Tolvmanedersendring,1998M06,"Bolig, lys og brensel",12-måneders endring (prosent),1998M06,-0.5
04,Tolvmanedersendring,1998M07,"Bolig, lys og brensel",12-måneders endring (prosent),1998M07,0.5
04,Tolvmanedersendring,1998M08,"Bolig, lys og brensel",12-måneders endring (prosent),1998M08,0.3
04,Tolvmanedersendring,1998M09,"Bolig, lys og brensel",12-måneders endring (prosent),1998M09,0.3
04,Tolvmanedersendring,1998M10,"Bolig, lys og brensel",12-måneders endring (prosent),1998M10,0
04,Tolvmanedersendring,1998M11,"Bolig, lys og brensel",12-måneders endring (prosent),1998M11,0.5
04,Tolvmanedersendring,1998M12,"Bolig, lys og brensel",12-måneders endring (prosent),1998M12,0.9
04,Tolvmanedersendring,1999M01,"Bolig, lys og brensel",12-måneders endring (prosent),1999M01,1.5
04,Tolvmanedersendring,1999M02,"Bolig, lys og brensel",12-måneders endring (prosent),1999M02,1.4
04,Tolvmanedersendring,1999M03,"Bolig, lys og brensel",12-måneders endring (prosent),1999M03,1.3
04,Tolvmanedersendring,1999M04,"Bolig, lys og brensel",12-måneders endring (prosent),1999M04,1.9
04,Tolvmanedersendring,1999M05,"Bolig, lys og brensel",12-måneders endring (prosent),1999M05,1.9
04,Tolvmanedersendring,1999M06,"Bolig, lys og brensel",12-måneders endring (prosent),1999M06,1.7
04,Tolvmanedersendring,1999M07,"Bolig, lys og brensel",12-måneders endring (prosent),1999M07,1.5
04,Tolvmanedersendring,1999M08,"Bolig, lys og brensel",12-måneders endring (prosent),1999M08,1.5
04,Tolvmanedersendring,1999M09,"Bolig, lys og brensel",12-måneders endring (prosent),1999M09,2.4
04,Tolvmanedersendring,1999M10,"Bolig, lys og brensel",12-måneders endring (prosent),1999M10,3.6
04,Tolvmanedersendring,1999M11,"Bolig, lys og brensel",12-måneders endring (prosent),1999M11,4.1
04,Tolvmanedersendring,1999M12,"Bolig, lys og brensel",12-måneders endring (prosent),1999M12,3.9
04,Tolvmanedersendring,2000M01,"Bolig, lys og brensel",12-måneders endring (prosent),2000M01,5
04,Tolvmanedersendring,2000M02,"Bolig, lys og brensel",12-måneders endring (prosent),2000M02,5.2
04,Tolvmanedersendring,2000M03,"Bolig, lys og brensel",12-måneders endring (prosent),2000M03,3.7
04,Tolvmanedersendring,2000M04,"Bolig, lys og brensel",12-måneders endring (prosent),2000M04,4
04,Tolvmanedersendring,2000M05,"Bolig, lys og brensel",12-måneders endring (prosent),2000M05,4.2
04,Tolvmanedersendring,2000M06,"Bolig, lys og brensel",12-måneders endring (prosent),2000M06,4.7
04,Tolvmanedersendring,2000M07,"Bolig, lys og brensel",12-måneders endring (prosent),2000M07,4.9
04,Tolvmanedersendring,2000M08,"Bolig, lys og brensel",12-måneders endring (prosent),2000M08,5.6
04,Tolvmanedersendring,2000M09,"Bolig, lys og brensel",12-måneders endring (prosent),2000M09,5.5
04,Tolvmanedersendring,2000M10,"Bolig, lys og brensel",12-måneders endring (prosent),2000M10,4.4
04,Tolvmanedersendring,2000M11,"Bolig, lys og brensel",12-måneders endring (prosent),2000M11,4.9
04,Tolvmanedersendring,2000M12,"Bolig, lys og brensel",12-måneders endring (prosent),2000M12,4.9
04,Tolvmanedersendring,2001M01,"Bolig, lys og brensel",12-måneders endring (prosent),2001M01,4.9
04,Tolvmanedersendring,2001M02,"Bolig, lys og brensel",12-måneders endring (prosent),2001M02,5.4
04,Tolvmanedersendring,2001M03,"Bolig, lys og brensel",12-måneders endring (prosent),2001M03,7.1
04,Tolvmanedersendring,2001M04,"Bolig, lys og brensel",12-måneders endring (prosent),2001M04,7.7
04,Tolvmanedersendring,2001M05,"Bolig, lys og brensel",12-måneders endring (prosent),2001M05,8.7
04,Tolvmanedersendring,2001M06,"Bolig, lys og brensel",12-måneders endring (prosent),2001M06,8.7
04,Tolvmanedersendring,2001M07,"Bolig, lys og brensel",12-måneders endring (prosent),2001M07,9
04,Tolvmanedersendring,2001M08,"Bolig, lys og brensel",12-måneders endring (prosent),2001M08,8.6
04,Tolvmanedersendring,2001M09,"Bolig, lys og brensel",12-måneders endring (prosent),2001M09,7.9
04,Tolvmanedersendring,2001M10,"Bolig, lys og brensel",12-måneders endring (prosent),2001M10,7.6
04,Tolvmanedersendring,2001M11,"Bolig, lys og brensel",12-måneders endring (prosent),2001M11,6.5
04,Tolvmanedersendring,2001M12,"Bolig, lys og brensel",12-måneders endring (prosent),2001M12,6.8
04,Tolvmanedersendring,2002M01,"Bolig, lys og brensel",12-måneders endring (prosent),2002M01,5.4
04,Tolvmanedersendring,2002M02,"Bolig, lys og brensel",12-måneders endring (prosent),2002M02,4.8
04,Tolvmanedersendring,2002M03,"Bolig, lys og brensel",12-måneders endring (prosent),2002M03,3.7
04,Tolvmanedersendring,2002M04,"Bolig, lys og brensel",12-måneders endring (prosent),2002M04,2.5
04,Tolvmanedersendring,2002M05,"Bolig, lys og brensel",12-måneders endring (prosent),2002M05,2.5
04,Tolvmanedersendring,2002M06,"Bolig, lys og brensel",12-måneders endring (prosent),2002M06,2.5
04,Tolvmanedersendring,2002M07,"Bolig, lys og brensel",12-måneders endring (prosent),2002M07,2.5
04,Tolvmanedersendring,2002M08,"Bolig, lys og brensel",12-måneders endring (prosent),2002M08,2.2
04,Tolvmanedersendring,2002M09,"Bolig, lys og brensel",12-måneders endring (prosent),2002M09,2.6
04,Tolvmanedersendring,2002M10,"Bolig, lys og brensel",12-måneders endring (prosent),2002M10,3.5
04,Tolvmanedersendring,2002M11,"Bolig, lys og brensel",12-måneders endring (prosent),2002M11,5
04,Tolvmanedersendring,2002M12,"Bolig, lys og brensel",12-måneders endring (prosent),2002M12,7.5
04,Tolvmanedersendring,2003M01,"Bolig, lys og brensel",12-måneders endring (prosent),2003M01,16.8
04,Tolvmanedersendring,2003M02,"Bolig, lys og brensel",12-måneders endring (prosent),2003M02,15.2
04,Tolvmanedersendring,2003M03,"Bolig, lys og brensel",12-måneders endring (prosent),2003M03,12.1
04,Tolvmanedersendring,2003M04,"Bolig, lys og brensel",12-måneders endring (prosent),2003M04,9.6
04,Tolvmanedersendring,2003M05,"Bolig, lys og brensel",12-måneders endring (prosent),2003M05,7.5
04,Tolvmanedersendring,2003M06,"Bolig, lys og brensel",12-måneders endring (prosent),2003M06,6.6
04,Tolvmanedersendring,2003M07,"Bolig, lys og brensel",12-måneders endring (prosent),2003M07,5.8
04,Tolvmanedersendring,2003M08,"Bolig, lys og brensel",12-måneders endring (prosent),2003M08,7.5
04,Tolvmanedersendring,2003M09,"Bolig, lys og brensel",12-måneders endring (prosent),2003M09,7.4
04,Tolvmanedersendring,2003M10,"Bolig, lys og brensel",12-måneders endring (prosent),2003M10,6.5
04,Tolvmanedersendring,2003M11,"Bolig, lys og brensel",12-måneders endring (prosent),2003M11,6
04,Tolvmanedersendring,2003M12,"Bolig, lys og brensel",12-måneders endring (prosent),2003M12,3.5
04,Tolvmanedersendring,2004M01,"Bolig, lys og brensel",12-måneders endring (prosent),2004M01,-5.9
04,Tolvmanedersendring,2004M02,"Bolig, lys og brensel",12-måneders endring (prosent),2004M02,-5.1
04,Tolvmanedersendring,2004M03,"Bolig, lys og brensel",12-måneders endring (prosent),2004M03,-2.4
04,Tolvmanedersendring,2004M04,"Bolig, lys og brensel",12-måneders endring (prosent),2004M04,0.4
04,Tolvmanedersendring,2004M05,"Bolig, lys og brensel",12-måneders endring (prosent),2004M05,2.3
04,Tolvmanedersendring,2004M06,"Bolig, lys og brensel",12-måneders endring (prosent),2004M06,3
04,Tolvmanedersendring,2004M07,"Bolig, lys og brensel",12-måneders endring (prosent),2004M07,4
04,Tolvmanedersendring,2004M08,"Bolig, lys og brensel",12-måneders endring (prosent),2004M08,2.4
04,Tolvmanedersendring,2004M09,"Bolig, lys og brensel",12-måneders endring (prosent),2004M09,2.3
04,Tolvmanedersendring,2004M10,"Bolig, lys og brensel",12-måneders endring (prosent),2004M10,2
04,Tolvmanedersendring,2004M11,"Bolig, lys og brensel",12-måneders endring (prosent),2004M11,0.7
04,Tolvmanedersendring,2004M12,"Bolig, lys og brensel",12-måneders endring (prosent),2004M12,0.1
04,Tolvmanedersendring,2005M01,"Bolig, lys og brensel",12-måneders endring (prosent),2005M01,0.5
04,Tolvmanedersendring,2005M02,"Bolig, lys og brensel",12-måneders endring (prosent),2005M02,0.4
04,Tolvmanedersendring,2005M03,"Bolig, lys og brensel",12-måneders endring (prosent),2005M03,1.1
04,Tolvmanedersendring,2005M04,"Bolig, lys og brensel",12-måneders endring (prosent),2005M04,1.5
04,Tolvmanedersendring,2005M05,"Bolig, lys og brensel",12-måneders endring (prosent),2005M05,2
04,Tolvmanedersendring,2005M06,"Bolig, lys og brensel",12-måneders endring (prosent),2005M06,2.2
04,Tolvmanedersendring,2005M07,"Bolig, lys og brensel",12-måneders endring (prosent),2005M07,1.6
04,Tolvmanedersendring,2005M08,"Bolig, lys og brensel",12-måneders endring (prosent),2005M08,1.8
04,Tolvmanedersendring,2005M09,"Bolig, lys og brensel",12-måneders endring (prosent),2005M09,1.7
04,Tolvmanedersendring,2005M10,"Bolig, lys og brensel",12-måneders endring (prosent),2005M10,2.1
04,Tolvmanedersendring,2005M11,"Bolig, lys og brensel",12-måneders endring (prosent),2005M11,2.9
04,Tolvmanedersendring,2005M12,"Bolig, lys og brensel",12-måneders endring (prosent),2005M12,2.7
04,Tolvmanedersendring,2006M01,"Bolig, lys og brensel",12-måneders endring (prosent),2006M01,3
04,Tolvmanedersendring,2006M02,"Bolig, lys og brensel",12-måneders endring (prosent),2006M02,5.6
04,Tolvmanedersendring,2006M03,"Bolig, lys og brensel",12-måneders endring (prosent),2006M03,5.7
04,Tolvmanedersendring,2006M04,"Bolig, lys og brensel",12-måneders endring (prosent),2006M04,7.2
04,Tolvmanedersendring,2006M05,"Bolig, lys og brensel",12-måneders endring (prosent),2006M05,5.9
04,Tolvmanedersendring,2006M06,"Bolig, lys og brensel",12-måneders endring (prosent),2006M06,4.9
04,Tolvmanedersendring,2006M07,"Bolig, lys og brensel",12-måneders endring (prosent),2006M07,4.9
04,Tolvmanedersendring,2006M08,"Bolig, lys og brensel",12-måneders endring (prosent),2006M08,5.8
04,Tolvmanedersendring,2006M09,"Bolig, lys og brensel",12-måneders endring (prosent),2006M09,8.7
04,Tolvmanedersendring,2006M10,"Bolig, lys og brensel",12-måneders endring (prosent),2006M10,8.8
04,Tolvmanedersendring,2006M11,"Bolig, lys og brensel",12-måneders endring (prosent),2006M11,7.2
04,Tolvmanedersendring,2006M12,"Bolig, lys og brensel",12-måneders endring (prosent),2006M12,5.3
04,Tolvmanedersendring,2007M01,"Bolig, lys og brensel",12-måneders endring (prosent),2007M01,2.8
04,Tolvmanedersendring,2007M02,"Bolig, lys og brensel",12-måneders endring (prosent),2007M02,0.4
04,Tolvmanedersendring,2007M03,"Bolig, lys og brensel",12-måneders endring (prosent),2007M03,-0.2
04,Tolvmanedersendring,2007M04,"Bolig, lys og brensel",12-måneders endring (prosent),2007M04,-2.3
04,Tolvmanedersendring,2007M05,"Bolig, lys og brensel",12-måneders endring (prosent),2007M05,-1.9
04,Tolvmanedersendring,2007M06,"Bolig, lys og brensel",12-måneders endring (prosent),2007M06,-1.6
04,Tolvmanedersendring,2007M07,"Bolig, lys og brensel",12-måneders endring (prosent),2007M07,-1.1
04,Tolvmanedersendring,2007M08,"Bolig, lys og brensel",12-måneders endring (prosent),2007M08,-2.4
04,Tolvmanedersendring,2007M09,"Bolig, lys og brensel",12-måneders endring (prosent),2007M09,-5.4
04,Tolvmanedersendring,2007M10,"Bolig, lys og brensel",12-måneders endring (prosent),2007M10,-4.3
04,Tolvmanedersendring,2007M11,"Bolig, lys og brensel",12-måneders endring (prosent),2007M11,0.5
04,Tolvmanedersendring,2007M12,"Bolig, lys og brensel",12-måneders endring (prosent),2007M12,5.3
04,Tolvmanedersendring,2008M01,"Bolig, lys og brensel",12-måneders endring (prosent),2008M01,7.9
04,Tolvmanedersendring,2008M02,"Bolig, lys og brensel",12-måneders endring (prosent),2008M02,7.5
04,Tolvmanedersendring,2008M03,"Bolig, lys og brensel",12-måneders endring (prosent),2008M03,6.1
04,Tolvmanedersendring,2008M04,"Bolig, lys og brensel",12-måneders endring (prosent),2008M04,5.7
04,Tolvmanedersendring,2008M05,"Bolig, lys og brensel",12-måneders endring (prosent),2008M05,5.1
04,Tolvmanedersendring,2008M06,"Bolig, lys og brensel",12-måneders endring (prosent),2008M06,5.6
04,Tolvmanedersendring,2008M07,"Bolig, lys og brensel",12-måneders endring (prosent),2008M07,7.2
04,Tolvmanedersendring,2008M08,"Bolig, lys og brensel",12-måneders endring (prosent),2008M08,8.6
04,Tolvmanedersendring,2008M09,"Bolig, lys og brensel",12-måneders endring (prosent),2008M09,10.6
04,Tolvmanedersendring,2008M10,"Bolig, lys og brensel",12-måneders endring (prosent),2008M10,10.3
04,Tolvmanedersendring,2008M11,"Bolig, lys og brensel",12-måneders endring (prosent),2008M11,5.5
04,Tolvmanedersendring,2008M12,"Bolig, lys og brensel",12-måneders endring (prosent),2008M12,2.1
04,Tolvmanedersendring,2009M01,"Bolig, lys og brensel",12-måneders endring (prosent),2009M01,1.9
04,Tolvmanedersendring,2009M02,"Bolig, lys og brensel",12-måneders endring (prosent),2009M02,2.3
04,Tolvmanedersendring,2009M03,"Bolig, lys og brensel",12-måneders endring (prosent),2009M03,3.4
04,Tolvmanedersendring,2009M04,"Bolig, lys og brensel",12-måneders endring (prosent),2009M04,3.9
04,Tolvmanedersendring,2009M05,"Bolig, lys og brensel",12-måneders endring (prosent),2009M05,4.6
04,Tolvmanedersendring,2009M06,"Bolig, lys og brensel",12-måneders endring (prosent),2009M06,4.6
04,Tolvmanedersendring,2009M07,"Bolig, lys og brensel",12-måneders endring (prosent),2009M07,2.9
04,Tolvmanedersendring,2009M08,"Bolig, lys og brensel",12-måneders endring (prosent),2009M08,1.7
04,Tolvmanedersendring,2009M09,"Bolig, lys og brensel",12-måneders endring (prosent),2009M09,-0.9
04,Tolvmanedersendring,2009M10,"Bolig, lys og brensel",12-måneders endring (prosent),2009M10,-1.7
04,Tolvmanedersendring,2009M11,"Bolig, lys og brensel",12-måneders endring (prosent),2009M11,-0.9
04,Tolvmanedersendring,2009M12,"Bolig, lys og brensel",12-måneders endring (prosent),2009M12,0.1
04,Tolvmanedersendring,2010M01,"Bolig, lys og brensel",12-måneders endring (prosent),2010M01,2.3
04,Tolvmanedersendring,2010M02,"Bolig, lys og brensel",12-måneders endring (prosent),2010M02,5.6
04,Tolvmanedersendring,2010M03,"Bolig, lys og brensel",12-måneders endring (prosent),2010M03,7.3
04,Tolvmanedersendring,2010M04,"Bolig, lys og brensel",12-måneders endring (prosent),2010M04,7
04,Tolvmanedersendring,2010M05,"Bolig, lys og brensel",12-måneders endring (prosent),2010M05,5.1
04,Tolvmanedersendring,2010M06,"Bolig, lys og brensel",12-måneders endring (prosent),2010M06,4.4
04,Tolvmanedersendring,2010M07,"Bolig, lys og brensel",12-måneders endring (prosent),2010M07,4.1
04,Tolvmanedersendring,2010M08,"Bolig, lys og brensel",12-måneders endring (prosent),2010M08,4.1
04,Tolvmanedersendring,2010M09,"Bolig, lys og brensel",12-måneders endring (prosent),2010M09,5.1
04,Tolvmanedersendring,2010M10,"Bolig, lys og brensel",12-måneders endring (prosent),2010M10,5.3
04,Tolvmanedersendring,2010M11,"Bolig, lys og brensel",12-måneders endring (prosent),2010M11,5.2
04,Tolvmanedersendring,2010M12,"Bolig, lys og brensel",12-måneders endring (prosent),2010M12,7.5
04,Tolvmanedersendring,2011M01,"Bolig, lys og brensel",12-måneders endring (prosent),2011M01,5.9
04,Tolvmanedersendring,2011M02,"Bolig, lys og brensel",12-måneders endring (prosent),2011M02,2.2
04,Tolvmanedersendring,2011M03,"Bolig, lys og brensel",12-måneders endring (prosent),2011M03,0.7
04,Tolvmanedersendring,2011M04,"Bolig, lys og brensel",12-måneders endring (prosent),2011M04,0.4
04,Tolvmanedersendring,2011M05,"Bolig, lys og brensel",12-måneders endring (prosent),2011M05,2
04,Tolvmanedersendring,2011M06,"Bolig, lys og brensel",12-måneders endring (prosent),2011M06,1.8
04,Tolvmanedersendring,2011M07,"Bolig, lys og brensel",12-måneders endring (prosent),2011M07,1.3
04,Tolvmanedersendring,2011M08,"Bolig, lys og brensel",12-måneders endring (prosent),2011M08,1.2
04,Tolvmanedersendring,2011M09,"Bolig, lys og brensel",12-måneders endring (prosent),2011M09,0
04,Tolvmanedersendring,2011M10,"Bolig, lys og brensel",12-måneders endring (prosent),2011M10,-0.6
04,Tolvmanedersendring,2011M11,"Bolig, lys og brensel",12-måneders endring (prosent),2011M11,-0.2
04,Tolvmanedersendring,2011M12,"Bolig, lys og brensel",12-måneders endring (prosent),2011M12,-3.2
04,Tolvmanedersendring,2012M01,"Bolig, lys og brensel",12-måneders endring (prosent),2012M01,-3.4
04,Tolvmanedersendring,2012M02,"Bolig, lys og brensel",12-måneders endring (prosent),2012M02,-0.9
04,Tolvmanedersendring,2012M03,"Bolig, lys og brensel",12-måneders endring (prosent),2012M03,-2.6
04,Tolvmanedersendring,2012M04,"Bolig, lys og brensel",12-måneders endring (prosent),2012M04,-2.2
04,Tolvmanedersendring,2012M05,"Bolig, lys og brensel",12-måneders endring (prosent),2012M05,-3
04,Tolvmanedersendring,2012M06,"Bolig, lys og brensel",12-måneders endring (prosent),2012M06,-3
04,Tolvmanedersendring,2012M07,"Bolig, lys og brensel",12-måneders endring (prosent),2012M07,-4
04,Tolvmanedersendring,2012M08,"Bolig, lys og brensel",12-måneders endring (prosent),2012M08,-3.2
04,Tolvmanedersendring,2012M09,"Bolig, lys og brensel",12-måneders endring (prosent),2012M09,-2.5
04,Tolvmanedersendring,2012M10,"Bolig, lys og brensel",12-måneders endring (prosent),2012M10,0.1
04,Tolvmanedersendring,2012M11,"Bolig, lys og brensel",12-måneders endring (prosent),2012M11,0.1
04,Tolvmanedersendring,2012M12,"Bolig, lys og brensel",12-måneders endring (prosent),2012M12,2.7
04,Tolvmanedersendring,2013M01,"Bolig, lys og brensel",12-måneders endring (prosent),2013M01,2.9
04,Tolvmanedersendring,2013M02,"Bolig, lys og brensel",12-måneders endring (prosent),2013M02,1.5
04,Tolvmanedersendring,2013M03,"Bolig, lys og brensel",12-måneders endring (prosent),2013M03,4.4
04,Tolvmanedersendring,2013M04,"Bolig, lys og brensel",12-måneders endring (prosent),2013M04,5.3
04,Tolvmanedersendring,2013M05,"Bolig, lys og brensel",12-måneders endring (prosent),2013M05,5.5
04,Tolvmanedersendring,2013M06,"Bolig, lys og brensel",12-måneders endring (prosent),2013M06,5.8
04,Tolvmanedersendring,2013M07,"Bolig, lys og brensel",12-måneders endring (prosent),2013M07,8.1
04,Tolvmanedersendring,2013M08,"Bolig, lys og brensel",12-måneders endring (prosent),2013M08,7.5
04,Tolvmanedersendring,2013M09,"Bolig, lys og brensel",12-måneders endring (prosent),2013M09,8.2
04,Tolvmanedersendring,2013M10,"Bolig, lys og brensel",12-måneders endring (prosent),2013M10,6.3
04,Tolvmanedersendring,2013M11,"Bolig, lys og brensel",12-måneders endring (prosent),2013M11,5.5
04,Tolvmanedersendring,2013M12,"Bolig, lys og brensel",12-måneders endring (prosent),2013M12,2.9
04,Tolvmanedersendring,2014M01,"Bolig, lys og brensel",12-måneders endring (prosent),2014M01,2.5
04,Tolvmanedersendring,2014M02,"Bolig, lys og brensel",12-måneders endring (prosent),2014M02,2
04,Tolvmanedersendring,2014M03,"Bolig, lys og brensel",12-måneders endring (prosent),2014M03,0.7
04,Tolvmanedersendring,2014M04,"Bolig, lys og brensel",12-måneders endring (prosent),2014M04,-0.1
04,Tolvmanedersendring,2014M05,"Bolig, lys og brensel",12-måneders endring (prosent),2014M05,0.3
04,Tolvmanedersendring,2014M06,"Bolig, lys og brensel",12-måneders endring (prosent),2014M06,0.7
04,Tolvmanedersendring,2014M07,"Bolig, lys og brensel",12-måneders endring (prosent),2014M07,1.4
04,Tolvmanedersendring,2014M08,"Bolig, lys og brensel",12-måneders endring (prosent),2014M08,1.9
04,Tolvmanedersendring,2014M09,"Bolig, lys og brensel",12-måneders endring (prosent),2014M09,2
04,Tolvmanedersendring,2014M10,"Bolig, lys og brensel",12-måneders endring (prosent),2014M10,1
04,Tolvmanedersendring,2014M11,"Bolig, lys og brensel",12-måneders endring (prosent),2014M11,1.1
04,Tolvmanedersendring,2014M12,"Bolig, lys og brensel",12-måneders endring (prosent),2014M12,1.9
04,Tolvmanedersendring,2015M01,"Bolig, lys og brensel",12-måneders endring (prosent),2015M01,2
04,Tolvmanedersendring,2015M02,"Bolig, lys og brensel",12-måneders endring (prosent),2015M02,2.1
04,Tolvmanedersendring,2015M03,"Bolig, lys og brensel",12-måneders endring (prosent),2015M03,2.1
04,Tolvmanedersendring,2015M04,"Bolig, lys og brensel",12-måneders endring (prosent),2015M04,2.6
04,Tolvmanedersendring,2015M05,"Bolig, lys og brensel",12-måneders endring (prosent),2015M05,2.3
04,Tolvmanedersendring,2015M06,"Bolig, lys og brensel",12-måneders endring (prosent),2015M06,1.3
04,Tolvmanedersendring,2015M07,"Bolig, lys og brensel",12-måneders endring (prosent),2015M07,-0.3
04,Tolvmanedersendring,2015M08,"Bolig, lys og brensel",12-måneders endring (prosent),2015M08,-0.3
04,Tolvmanedersendring,2015M09,"Bolig, lys og brensel",12-måneders endring (prosent),2015M09,-0.4
04,Tolvmanedersendring,2015M10,"Bolig, lys og brensel",12-måneders endring (prosent),2015M10,1.3
04,Tolvmanedersendring,2015M11,"Bolig, lys og brensel",12-måneders endring (prosent),2015M11,1.9
04,Tolvmanedersendring,2015M12,"Bolig, lys og brensel",12-måneders endring (prosent),2015M12,0.7
04,Tolvmanedersendring,2016M01,"Bolig, lys og brensel",12-måneders endring (prosent),2016M01,3.1
04,Tolvmanedersendring,2016M02,"Bolig, lys og brensel",12-måneders endring (prosent),2016M02,1.9
04,Tolvmanedersendring,2016M03,"Bolig, lys og brensel",12-måneders endring (prosent),2016M03,3
04,Tolvmanedersendring,2016M04,"Bolig, lys og brensel",12-måneders endring (prosent),2016M04,3.2
04,Tolvmanedersendring,2016M05,"Bolig, lys og brensel",12-måneders endring (prosent),2016M05,3.7
04,Tolvmanedersendring,2016M06,"Bolig, lys og brensel",12-måneders endring (prosent),2016M06,5.5
04,Tolvmanedersendring,2016M07,"Bolig, lys og brensel",12-måneders endring (prosent),2016M07,6.3
04,Tolvmanedersendring,2016M08,"Bolig, lys og brensel",12-måneders endring (prosent),2016M08,5.6
04,Tolvmanedersendring,2016M09,"Bolig, lys og brensel",12-måneders endring (prosent),2016M09,5
04,Tolvmanedersendring,2016M10,"Bolig, lys og brensel",12-måneders endring (prosent),2016M10,5.2
04,Tolvmanedersendring,2016M11,"Bolig, lys og brensel",12-måneders endring (prosent),2016M11,5.9
04,Tolvmanedersendring,2016M12,"Bolig, lys og brensel",12-måneders endring (prosent),2016M12,5.6
04,Tolvmanedersendring,2017M01,"Bolig, lys og brensel",12-måneders endring (prosent),2017M01,3
04,Tolvmanedersendring,2017M02,"Bolig, lys og brensel",12-måneders endring (prosent),2017M02,4.6
04,Tolvmanedersendring,2017M03,"Bolig, lys og brensel",12-måneders endring (prosent),2017M03,4
04,Tolvmanedersendring,2017M04,"Bolig, lys og brensel",12-måneders endring (prosent),2017M04,3.8
04,Tolvmanedersendring,2017M05,"Bolig, lys og brensel",12-måneders endring (prosent),2017M05,3.7
04,Tolvmanedersendring,2017M06,"Bolig, lys og brensel",12-måneders endring (prosent),2017M06,2.5
04,Tolvmanedersendring,2017M07,"Bolig, lys og brensel",12-måneders endring (prosent),2017M07,2.6
04,Tolvmanedersendring,2017M08,"Bolig, lys og brensel",12-måneders endring (prosent),2017M08,3
04,Tolvmanedersendring,2017M09,"Bolig, lys og brensel",12-måneders endring (prosent),2017M09,3.4
04,Tolvmanedersendring,2017M10,"Bolig, lys og brensel",12-måneders endring (prosent),2017M10,1.7
04,Tolvmanedersendring,2017M11,"Bolig, lys og brensel",12-måneders endring (prosent),2017M11,1.4
04,Tolvmanedersendring,2017M12,"Bolig, lys og brensel",12-måneders endring (prosent),2017M12,2.4
04,Tolvmanedersendring,2018M01,"Bolig, lys og brensel",12-måneders endring (prosent),2018M01,2.8
04,Tolvmanedersendring,2018M02,"Bolig, lys og brensel",12-måneders endring (prosent),2018M02,3.6
04,Tolvmanedersendring,2018M03,"Bolig, lys og brensel",12-måneders endring (prosent),2018M03,4.6
04,Tolvmanedersendring,2018M04,"Bolig, lys og brensel",12-måneders endring (prosent),2018M04,4
04,Tolvmanedersendring,2018M05,"Bolig, lys og brensel",12-måneders endring (prosent),2018M05,3.5
04,Tolvmanedersendring,2018M06,"Bolig, lys og brensel",12-måneders endring (prosent),2018M06,5.6
04,Tolvmanedersendring,2018M07,"Bolig, lys og brensel",12-måneders endring (prosent),2018M07,6.4
04,Tolvmanedersendring,2018M08,"Bolig, lys og brensel",12-måneders endring (prosent),2018M08,6.5
04,Tolvmanedersendring,2018M09,"Bolig, lys og brensel",12-måneders endring (prosent),2018M09,6.1
04,Tolvmanedersendring,2018M10,"Bolig, lys og brensel",12-måneders endring (prosent),2018M10,5.7
04,Tolvmanedersendring,2018M11,"Bolig, lys og brensel",12-måneders endring (prosent),2018M11,5.3
04,Tolvmanedersendring,2018M12,"Bolig, lys og brensel",12-måneders endring (prosent),2018M12,5.9
04,Tolvmanedersendring,2019M01,"Bolig, lys og brensel",12-måneders endring (prosent),2019M01,5.9
04,Tolvmanedersendring,2019M02,"Bolig, lys og brensel",12-måneders endring (prosent),2019M02,4.1
04,Tolvmanedersendring,2019M03,"Bolig, lys og brensel",12-måneders endring (prosent),2019M03,2.7
04,Tolvmanedersendring,2019M04,"Bolig, lys og brensel",12-måneders endring (prosent),2019M04,3
04,Tolvmanedersendring,2019M05,"Bolig, lys og brensel",12-måneders endring (prosent),2019M05,3.5
04,Tolvmanedersendring,2019M06,"Bolig, lys og brensel",12-måneders endring (prosent),2019M06,0.8
04,Tolvmanedersendring,2019M07,"Bolig, lys og brensel",12-måneders endring (prosent),2019M07,0.2
04,Tolvmanedersendring,2019M08,"Bolig, lys og brensel",12-måneders endring (prosent),2019M08,0.3
04,Tolvmanedersendring,2019M09,"Bolig, lys og brensel",12-måneders endring (prosent),2019M09,-0.1
04,Tolvmanedersendring,2019M10,"Bolig, lys og brensel",12-måneders endring (prosent),2019M10,1.4
04,Tolvmanedersendring,2019M11,"Bolig, lys og brensel",12-måneders endring (prosent),2019M11,1.2
04,Tolvmanedersendring,2019M12,"Bolig, lys og brensel",12-måneders endring (prosent),2019M12,0.3
04,Tolvmanedersendring,2020M01,"Bolig, lys og brensel",12-måneders endring (prosent),2020M01,-2.1
04,Tolvmanedersendring,2020M02,"Bolig, lys og brensel",12-måneders endring (prosent),2020M02,-3
04,Tolvmanedersendring,2020M03,"Bolig, lys og brensel",12-måneders endring (prosent),2020M03,-3.4
04,Tolvmanedersendring,2020M04,"Bolig, lys og brensel",12-måneders endring (prosent),2020M04,-4.3
04,Tolvmanedersendring,2020M05,"Bolig, lys og brensel",12-måneders endring (prosent),2020M05,-4
04,Tolvmanedersendring,2020M06,"Bolig, lys og brensel",12-måneders endring (prosent),2020M06,-3.9
04,Tolvmanedersendring,2020M07,"Bolig, lys og brensel",12-måneders endring (prosent),2020M07,-4.4
04,Tolvmanedersendring,2020M08,"Bolig, lys og brensel",12-måneders endring (prosent),2020M08,-4.1
04,Tolvmanedersendring,2020M09,"Bolig, lys og brensel",12-måneders endring (prosent),2020M09,-2.8
04,Tolvmanedersendring,2020M10,"Bolig, lys og brensel",12-måneders endring (prosent),2020M10,-2.9
04,Tolvmanedersendring,2020M11,"Bolig, lys og brensel",12-måneders endring (prosent),2020M11,-4.6
04,Tolvmanedersendring,2020M12,"Bolig, lys og brensel",12-måneders endring (prosent),2020M12,-2.5
04,Tolvmanedersendring,2021M01,"Bolig, lys og brensel",12-måneders endring (prosent),2021M01,3.8
04,Tolvmanedersendring,2021M02,"Bolig, lys og brensel",12-måneders endring (prosent),2021M02,6.4
04,Tolvmanedersendring,2021M03,"Bolig, lys og brensel",12-måneders endring (prosent),2021M03,5.7
04,Tolvmanedersendring,2021M04,"Bolig, lys og brensel",12-måneders endring (prosent),2021M04,6.8
04,Tolvmanedersendring,2021M05,"Bolig, lys og brensel",12-måneders endring (prosent),2021M05,7.6
04,Tolvmanedersendring,2021M06,"Bolig, lys og brensel",12-måneders endring (prosent),2021M06,8.6
04,Tolvmanedersendring,2021M07,"Bolig, lys og brensel",12-måneders endring (prosent),2021M07,10.3
04,Tolvmanedersendring,2021M08,"Bolig, lys og brensel",12-måneders endring (prosent),2021M08,12.2
04,Tolvmanedersendring,2021M09,"Bolig, lys og brensel",12-måneders endring (prosent),2021M09,14.5
04,Tolvmanedersendring,2021M10,"Bolig, lys og brensel",12-måneders endring (prosent),2021M10,12.1
04,Tolvmanedersendring,2021M11,"Bolig, lys og brensel",12-måneders endring (prosent),2021M11,16.1
04,Tolvmanedersendring,2021M12,"Bolig, lys og brensel",12-måneders endring (prosent),2021M12,15.9
04,Tolvmanedersendring,2022M01,"Bolig, lys og brensel",12-måneders endring (prosent),2022M01,7.2
04,Tolvmanedersendring,2022M02,"Bolig, lys og brensel",12-måneders endring (prosent),2022M02,5.8
04,Tolvmanedersendring,2022M03,"Bolig, lys og brensel",12-måneders endring (prosent),2022M03,7.9
04,Tolvmanedersendring,2022M04,"Bolig, lys og brensel",12-måneders endring (prosent),2022M04,10.1
04,Tolvmanedersendring,2022M05,"Bolig, lys og brensel",12-måneders endring (prosent),2022M05,8
04,Tolvmanedersendring,2022M06,"Bolig, lys og brensel",12-måneders endring (prosent),2022M06,8.3
04,Tolvmanedersendring,2022M07,"Bolig, lys og brensel",12-måneders endring (prosent),2022M07,6.8
04,Tolvmanedersendring,2022M08,"Bolig, lys og brensel",12-måneders endring (prosent),2022M08,6.8
04,Tolvmanedersendring,2022M09,"Bolig, lys og brensel",12-måneders endring (prosent),2022M09,5.8
04,Tolvmanedersendring,2022M10,"Bolig, lys og brensel",12-måneders endring (prosent),2022M10,7.2
04,Tolvmanedersendring,2022M11,"Bolig, lys og brensel",12-måneders endring (prosent),2022M11,4.9
04,Tolvmanedersendring,2022M12,"Bolig, lys og brensel",12-måneders endring (prosent),2022M12,2.4
04,Tolvmanedersendring,2023M01,"Bolig, lys og brensel",12-måneders endring (prosent),2023M01,4.7
04,Tolvmanedersendring,2023M02,"Bolig, lys og brensel",12-måneders endring (prosent),2023M02,4.4
04,Tolvmanedersendring,2023M03,"Bolig, lys og brensel",12-måneders endring (prosent),2023M03,5.3
04,Tolvmanedersendring,2023M04,"Bolig, lys og brensel",12-måneders endring (prosent),2023M04,4
04,Tolvmanedersendring,2023M05,"Bolig, lys og brensel",12-måneders endring (prosent),2023M05,5
04,Tolvmanedersendring,2023M06,"Bolig, lys og brensel",12-måneders endring (prosent),2023M06,4.7
04,Tolvmanedersendring,2023M07,"Bolig, lys og brensel",12-måneders endring (prosent),2023M07,2.7
04,Tolvmanedersendring,2023M08,"Bolig, lys og brensel",12-måneders endring (prosent),2023M08,-1
04,Tolvmanedersendring,2023M09,"Bolig, lys og brensel",12-måneders endring (prosent),2023M09,-4.9
04,Tolvmanedersendring,2023M10,"Bolig, lys og brensel",12-måneders endring (prosent),2023M10,-2.6
04,Tolvmanedersendring,2023M11,"Bolig, lys og brensel",12-måneders endring (prosent),2023M11,0.5
04,Tolvmanedersendring,2023M12,"Bolig, lys og brensel",12-måneders endring (prosent),2023M12,1.3
04,Tolvmanedersendring,2024M01,"Bolig, lys og brensel",12-måneders endring (prosent),2024M01,3.1
04,Tolvmanedersendring,2024M02,"Bolig, lys og brensel",12-måneders endring (prosent),2024M02,3.3
04,Tolvmanedersendring,2024M03,"Bolig, lys og brensel",12-måneders endring (prosent),2024M03,2.5
04,Tolvmanedersendring,2024M04,"Bolig, lys og brensel",12-måneders endring (prosent),2024M04,2
04,Tolvmanedersendring,2024M05,"Bolig, lys og brensel",12-måneders endring (prosent),2024M05,0.1
04,Tolvmanedersendring,2024M06,"Bolig, lys og brensel",12-måneders endring (prosent),2024M06,0.2
04,Tolvmanedersendring,2024M07,"Bolig, lys og brensel",12-måneders endring (prosent),2024M07,1.6
04,Tolvmanedersendring,2024M08,"Bolig, lys og brensel",12-måneders endring (prosent),2024M08,2.3
04,Tolvmanedersendring,2024M09,"Bolig, lys og brensel",12-måneders endring (prosent),2024M09,5.1
04,Tolvmanedersendring,2024M10,"Bolig, lys og brensel",12-måneders endring (prosent),2024M10,4.5
04,Tolvmanedersendring,2024M11,"Bolig, lys og brensel",12-måneders endring (prosent),2024M11,2.1
04,Tolvmanedersendring,2024M12,"Bolig, lys og brensel",12-måneders endring (prosent),2024M12,1.9
04,Tolvmanedersendring,2025M01,"Bolig, lys og brensel",12-måneders endring (prosent),2025M01,2
04,Tolvmanedersendring,2025M02,"Bolig, lys og brensel",12-måneders endring (prosent),2025M02,5.1
04,Tolvmanedersendring,2025M03,"Bolig, lys og brensel",12-måneders endring (prosent),2025M03,1.3
04,Tolvmanedersendring,2025M04,"Bolig, lys og brensel",12-måneders endring (prosent),2025M04,2.3
04,Tolvmanedersendring,2025M05,"Bolig, lys og brensel",12-måneders endring (prosent),2025M05,5.1
04,Tolvmanedersendring,2025M06,"Bolig, lys og brensel",12-måneders endring (prosent),2025M06,4.2
04,Tolvmanedersendring,2025M07,"Bolig, lys og brensel",12-måneders endring (prosent),2025M07,4.4
04,Tolvmanedersendring,2025M08,"Bolig, lys og brensel",12-måneders endring (prosent),2025M08,6.3
04,Tolvmanedersendring,2025M09,"Bolig, lys og brensel",12-måneders endring (prosent),2025M09,6.2
04,Tolvmanedersendring,2025M10,"Bolig, lys og brensel",12-måneders endring (prosent),2025M10,3.1
04,Tolvmanedersendring,2025M11,"Bolig, lys og brensel",12-måneders endring (prosent),2025M11,3.7
04,Tolvmanedersendring,2025M12,"Bolig, lys og brensel",12-måneders endring (prosent),2025M12,3.9
04,KpiVektMnd,1979M01,"Bolig, lys og brensel",Vekter,1979M01,163.1
04,KpiVektMnd,1979M02,"Bolig, lys og brensel",Vekter,1979M02,163.1
04,KpiVektMnd,1979M03,"Bolig, lys og brensel",Vekter,1979M03,163.1
04,KpiVektMnd,1979M04,"Bolig, lys og brensel",Vekter,1979M04,163.1
04,KpiVektMnd,1979M05,"Bolig, lys og brensel",Vekter,1979M05,163.1
04,KpiVektMnd,1979M06,"Bolig, lys og brensel",Vekter,1979M06,163.1
04,KpiVektMnd,1979M07,"Bolig, lys og brensel",Vekter,1979M07,163.1
04,KpiVektMnd,1979M08,"Bolig, lys og brensel",Vekter,1979M08,163.1
04,KpiVektMnd,1979M09,"Bolig, lys og brensel",Vekter,1979M09,163.1
04,KpiVektMnd,1979M10,"Bolig, lys og brensel",Vekter,1979M10,163.1
04,KpiVektMnd,1979M11,"Bolig, lys og brensel",Vekter,1979M11,163.1
04,KpiVektMnd,1979M12,"Bolig, lys og brensel",Vekter,1979M12,163.1
04,KpiVektMnd,1980M01,"Bolig, lys og brensel",Vekter,1980M01,163.1
04,KpiVektMnd,1980M02,"Bolig, lys og brensel",Vekter,1980M02,163.1
04,KpiVektMnd,1980M03,"Bolig, lys og brensel",Vekter,1980M03,163.1
04,KpiVektMnd,1980M04,"Bolig, lys og brensel",Vekter,1980M04,163.1
04,KpiVektMnd,1980M05,"Bolig, lys og brensel",Vekter,1980M05,163.1
04,KpiVektMnd,1980M06,"Bolig, lys og brensel",Vekter,1980M06,163.1
04,KpiVektMnd,1980M07,"Bolig, lys og brensel",Vekter,1980M07,163.1
04,KpiVektMnd,1980M08,"Bolig, lys og brensel",Vekter,1980M08,163.1
04,KpiVektMnd,1980M09,"Bolig, lys og brensel",Vekter,1980M09,163.1
04,KpiVektMnd,1980M10,"Bolig, lys og brensel",Vekter,1980M10,163.1
04,KpiVektMnd,1980M11,"Bolig, lys og brensel",Vekter,1980M11,163.1
04,KpiVektMnd,1980M12,"Bolig, lys og brensel",Vekter,1980M12,163.1
04,KpiVektMnd,1981M01,"Bolig, lys og brensel",Vekter,1981M01,163.1
04,KpiVektMnd,1981M02,"Bolig, lys og brensel",Vekter,1981M02,163.1
04,KpiVektMnd,1981M03,"Bolig, lys og brensel",Vekter,1981M03,163.1
04,KpiVektMnd,1981M04,"Bolig, lys og brensel",Vekter,1981M04,163.1
04,KpiVektMnd,1981M05,"Bolig, lys og brensel",Vekter,1981M05,163.1
04,KpiVektMnd,1981M06,"Bolig, lys og brensel",Vekter,1981M06,163.1
04,KpiVektMnd,1981M07,"Bolig, lys og brensel",Vekter,1981M07,163.1
04,KpiVektMnd,1981M08,"Bolig, lys og brensel",Vekter,1981M08,163.1
04,KpiVektMnd,1981M09,"Bolig, lys og brensel",Vekter,1981M09,163.1
04,KpiVektMnd,1981M10,"Bolig, lys og brensel",Vekter,1981M10,163.1
04,KpiVektMnd,1981M11,"Bolig, lys og brensel",Vekter,1981M11,163.1
04,KpiVektMnd,1981M12,"Bolig, lys og brensel",Vekter,1981M12,163.1
04,KpiVektMnd,1982M01,"Bolig, lys og brensel",Vekter,1982M01,163.1
04,KpiVektMnd,1982M02,"Bolig, lys og brensel",Vekter,1982M02,163.1
04,KpiVektMnd,1982M03,"Bolig, lys og brensel",Vekter,1982M03,163.1
04,KpiVektMnd,1982M04,"Bolig, lys og brensel",Vekter,1982M04,163.1
04,KpiVektMnd,1982M05,"Bolig, lys og brensel",Vekter,1982M05,163.1
04,KpiVektMnd,1982M06,"Bolig, lys og brensel",Vekter,1982M06,163.1
04,KpiVektMnd,1982M07,"Bolig, lys og brensel",Vekter,1982M07,163.1
04,KpiVektMnd,1982M08,"Bolig, lys og brensel",Vekter,1982M08,178.1
04,KpiVektMnd,1982M09,"Bolig, lys og brensel",Vekter,1982M09,178.1
04,KpiVektMnd,1982M10,"Bolig, lys og brensel",Vekter,1982M10,178.1
04,KpiVektMnd,1982M11,"Bolig, lys og brensel",Vekter,1982M11,178.1
04,KpiVektMnd,1982M12,"Bolig, lys og brensel",Vekter,1982M12,178.1
04,KpiVektMnd,1983M01,"Bolig, lys og brensel",Vekter,1983M01,178.1
04,KpiVektMnd,1983M02,"Bolig, lys og brensel",Vekter,1983M02,178.1
04,KpiVektMnd,1983M03,"Bolig, lys og brensel",Vekter,1983M03,178.1
04,KpiVektMnd,1983M04,"Bolig, lys og brensel",Vekter,1983M04,178.1
04,KpiVektMnd,1983M05,"Bolig, lys og brensel",Vekter,1983M05,178.1
04,KpiVektMnd,1983M06,"Bolig, lys og brensel",Vekter,1983M06,178.1
04,KpiVektMnd,1983M07,"Bolig, lys og brensel",Vekter,1983M07,178.1
04,KpiVektMnd,1983M08,"Bolig, lys og brensel",Vekter,1983M08,179.6
04,KpiVektMnd,1983M09,"Bolig, lys og brensel",Vekter,1983M09,179.6
04,KpiVektMnd,1983M10,"Bolig, lys og brensel",Vekter,1983M10,179.6
04,KpiVektMnd,1983M11,"Bolig, lys og brensel",Vekter,1983M11,179.6
04,KpiVektMnd,1983M12,"Bolig, lys og brensel",Vekter,1983M12,179.6
04,KpiVektMnd,1984M01,"Bolig, lys og brensel",Vekter,1984M01,179.6
04,KpiVektMnd,1984M02,"Bolig, lys og brensel",Vekter,1984M02,179.6
04,KpiVektMnd,1984M03,"Bolig, lys og brensel",Vekter,1984M03,179.6
04,KpiVektMnd,1984M04,"Bolig, lys og brensel",Vekter,1984M04,179.6
04,KpiVektMnd,1984M05,"Bolig, lys og brensel",Vekter,1984M05,179.6
04,KpiVektMnd,1984M06,"Bolig, lys og brensel",Vekter,1984M06,179.6
04,KpiVektMnd,1984M07,"Bolig, lys og brensel",Vekter,1984M07,179.6
04,KpiVektMnd,1984M08,"Bolig, lys og brensel",Vekter,1984M08,181.7
04,KpiVektMnd,1984M09,"Bolig, lys og brensel",Vekter,1984M09,181.7
04,KpiVektMnd,1984M10,"Bolig, lys og brensel",Vekter,1984M10,181.7
04,KpiVektMnd,1984M11,"Bolig, lys og brensel",Vekter,1984M11,181.7
04,KpiVektMnd,1984M12,"Bolig, lys og brensel",Vekter,1984M12,181.7
04,KpiVektMnd,1985M01,"Bolig, lys og brensel",Vekter,1985M01,181.7
04,KpiVektMnd,1985M02,"Bolig, lys og brensel",Vekter,1985M02,181.7
04,KpiVektMnd,1985M03,"Bolig, lys og brensel",Vekter,1985M03,181.7
04,KpiVektMnd,1985M04,"Bolig, lys og brensel",Vekter,1985M04,181.7
04,KpiVektMnd,1985M05,"Bolig, lys og brensel",Vekter,1985M05,181.7
04,KpiVektMnd,1985M06,"Bolig, lys og brensel",Vekter,1985M06,181.7
04,KpiVektMnd,1985M07,"Bolig, lys og brensel",Vekter,1985M07,181.7
04,KpiVektMnd,1985M08,"Bolig, lys og brensel",Vekter,1985M08,189.2
04,KpiVektMnd,1985M09,"Bolig, lys og brensel",Vekter,1985M09,189.2
04,KpiVektMnd,1985M10,"Bolig, lys og brensel",Vekter,1985M10,189.2
04,KpiVektMnd,1985M11,"Bolig, lys og brensel",Vekter,1985M11,189.2
04,KpiVektMnd,1985M12,"Bolig, lys og brensel",Vekter,1985M12,189.2
04,KpiVektMnd,1986M01,"Bolig, lys og brensel",Vekter,1986M01,189.2
04,KpiVektMnd,1986M02,"Bolig, lys og brensel",Vekter,1986M02,189.2
04,KpiVektMnd,1986M03,"Bolig, lys og brensel",Vekter,1986M03,189.2
04,KpiVektMnd,1986M04,"Bolig, lys og brensel",Vekter,1986M04,189.2
04,KpiVektMnd,1986M05,"Bolig, lys og brensel",Vekter,1986M05,189.2
04,KpiVektMnd,1986M06,"Bolig, lys og brensel",Vekter,1986M06,189.2
04,KpiVektMnd,1986M07,"Bolig, lys og brensel",Vekter,1986M07,189.2
04,KpiVektMnd,1986M08,"Bolig, lys og brensel",Vekter,1986M08,198.2
04,KpiVektMnd,1986M09,"Bolig, lys og brensel",Vekter,1986M09,198.2
04,KpiVektMnd,1986M10,"Bolig, lys og brensel",Vekter,1986M10,198.2
04,KpiVektMnd,1986M11,"Bolig, lys og brensel",Vekter,1986M11,198.2
04,KpiVektMnd,1986M12,"Bolig, lys og brensel",Vekter,1986M12,198.2
04,KpiVektMnd,1987M01,"Bolig, lys og brensel",Vekter,1987M01,198.2
04,KpiVektMnd,1987M02,"Bolig, lys og brensel",Vekter,1987M02,198.2
04,KpiVektMnd,1987M03,"Bolig, lys og brensel",Vekter,1987M03,198.2
04,KpiVektMnd,1987M04,"Bolig, lys og brensel",Vekter,1987M04,198.2
04,KpiVektMnd,1987M05,"Bolig, lys og brensel",Vekter,1987M05,198.2
04,KpiVektMnd,1987M06,"Bolig, lys og brensel",Vekter,1987M06,198.2
04,KpiVektMnd,1987M07,"Bolig, lys og brensel",Vekter,1987M07,198.2
04,KpiVektMnd,1987M08,"Bolig, lys og brensel",Vekter,1987M08,204.3
04,KpiVektMnd,1987M09,"Bolig, lys og brensel",Vekter,1987M09,204.3
04,KpiVektMnd,1987M10,"Bolig, lys og brensel",Vekter,1987M10,204.3
04,KpiVektMnd,1987M11,"Bolig, lys og brensel",Vekter,1987M11,204.3
04,KpiVektMnd,1987M12,"Bolig, lys og brensel",Vekter,1987M12,204.3
04,KpiVektMnd,1988M01,"Bolig, lys og brensel",Vekter,1988M01,204.3
04,KpiVektMnd,1988M02,"Bolig, lys og brensel",Vekter,1988M02,204.3
04,KpiVektMnd,1988M03,"Bolig, lys og brensel",Vekter,1988M03,204.3
04,KpiVektMnd,1988M04,"Bolig, lys og brensel",Vekter,1988M04,204.3
04,KpiVektMnd,1988M05,"Bolig, lys og brensel",Vekter,1988M05,204.3
04,KpiVektMnd,1988M06,"Bolig, lys og brensel",Vekter,1988M06,204.3
04,KpiVektMnd,1988M07,"Bolig, lys og brensel",Vekter,1988M07,204.3
04,KpiVektMnd,1988M08,"Bolig, lys og brensel",Vekter,1988M08,214.1
04,KpiVektMnd,1988M09,"Bolig, lys og brensel",Vekter,1988M09,214.1
04,KpiVektMnd,1988M10,"Bolig, lys og brensel",Vekter,1988M10,214.1
04,KpiVektMnd,1988M11,"Bolig, lys og brensel",Vekter,1988M11,214.1
04,KpiVektMnd,1988M12,"Bolig, lys og brensel",Vekter,1988M12,214.1
04,KpiVektMnd,1989M01,"Bolig, lys og brensel",Vekter,1989M01,214.1
04,KpiVektMnd,1989M02,"Bolig, lys og brensel",Vekter,1989M02,214.1
04,KpiVektMnd,1989M03,"Bolig, lys og brensel",Vekter,1989M03,214.1
04,KpiVektMnd,1989M04,"Bolig, lys og brensel",Vekter,1989M04,214.1
04,KpiVektMnd,1989M05,"Bolig, lys og brensel",Vekter,1989M05,214.1
04,KpiVektMnd,1989M06,"Bolig, lys og brensel",Vekter,1989M06,214.1
04,KpiVektMnd,1989M07,"Bolig, lys og brensel",Vekter,1989M07,214.1
04,KpiVektMnd,1989M08,"Bolig, lys og brensel",Vekter,1989M08,230.5
04,KpiVektMnd,1989M09,"Bolig, lys og brensel",Vekter,1989M09,230.5
04,KpiVektMnd,1989M10,"Bolig, lys og brensel",Vekter,1989M10,230.5
04,KpiVektMnd,1989M11,"Bolig, lys og brensel",Vekter,1989M11,230.5
04,KpiVektMnd,1989M12,"Bolig, lys og brensel",Vekter,1989M12,230.5
04,KpiVektMnd,1990M01,"Bolig, lys og brensel",Vekter,1990M01,230.5
04,KpiVektMnd,1990M02,"Bolig, lys og brensel",Vekter,1990M02,230.5
04,KpiVektMnd,1990M03,"Bolig, lys og brensel",Vekter,1990M03,230.5
04,KpiVektMnd,1990M04,"Bolig, lys og brensel",Vekter,1990M04,230.5
04,KpiVektMnd,1990M05,"Bolig, lys og brensel",Vekter,1990M05,230.5
04,KpiVektMnd,1990M06,"Bolig, lys og brensel",Vekter,1990M06,230.5
04,KpiVektMnd,1990M07,"Bolig, lys og brensel",Vekter,1990M07,230.5
04,KpiVektMnd,1990M08,"Bolig, lys og brensel",Vekter,1990M08,249
04,KpiVektMnd,1990M09,"Bolig, lys og brensel",Vekter,1990M09,249
04,KpiVektMnd,1990M10,"Bolig, lys og brensel",Vekter,1990M10,249
04,KpiVektMnd,1990M11,"Bolig, lys og brensel",Vekter,1990M11,249
04,KpiVektMnd,1990M12,"Bolig, lys og brensel",Vekter,1990M12,249
04,KpiVektMnd,1991M01,"Bolig, lys og brensel",Vekter,1991M01,249
04,KpiVektMnd,1991M02,"Bolig, lys og brensel",Vekter,1991M02,249
04,KpiVektMnd,1991M03,"Bolig, lys og brensel",Vekter,1991M03,249
04,KpiVektMnd,1991M04,"Bolig, lys og brensel",Vekter,1991M04,249
04,KpiVektMnd,1991M05,"Bolig, lys og brensel",Vekter,1991M05,249
04,KpiVektMnd,1991M06,"Bolig, lys og brensel",Vekter,1991M06,249
04,KpiVektMnd,1991M07,"Bolig, lys og brensel",Vekter,1991M07,249
04,KpiVektMnd,1991M08,"Bolig, lys og brensel",Vekter,1991M08,261.9
04,KpiVektMnd,1991M09,"Bolig, lys og brensel",Vekter,1991M09,261.9
04,KpiVektMnd,1991M10,"Bolig, lys og brensel",Vekter,1991M10,261.9
04,KpiVektMnd,1991M11,"Bolig, lys og brensel",Vekter,1991M11,261.9
04,KpiVektMnd,1991M12,"Bolig, lys og brensel",Vekter,1991M12,261.9
04,KpiVektMnd,1992M01,"Bolig, lys og brensel",Vekter,1992M01,261.9
04,KpiVektMnd,1992M02,"Bolig, lys og brensel",Vekter,1992M02,261.9
04,KpiVektMnd,1992M03,"Bolig, lys og brensel",Vekter,1992M03,261.9
04,KpiVektMnd,1992M04,"Bolig, lys og brensel",Vekter,1992M04,261.9
04,KpiVektMnd,1992M05,"Bolig, lys og brensel",Vekter,1992M05,261.9
04,KpiVektMnd,1992M06,"Bolig, lys og brensel",Vekter,1992M06,261.9
04,KpiVektMnd,1992M07,"Bolig, lys og brensel",Vekter,1992M07,261.9
04,KpiVektMnd,1992M08,"Bolig, lys og brensel",Vekter,1992M08,262.8
04,KpiVektMnd,1992M09,"Bolig, lys og brensel",Vekter,1992M09,262.8
04,KpiVektMnd,1992M10,"Bolig, lys og brensel",Vekter,1992M10,262.8
04,KpiVektMnd,1992M11,"Bolig, lys og brensel",Vekter,1992M11,262.8
04,KpiVektMnd,1992M12,"Bolig, lys og brensel",Vekter,1992M12,262.8
04,KpiVektMnd,1993M01,"Bolig, lys og brensel",Vekter,1993M01,262.8
04,KpiVektMnd,1993M02,"Bolig, lys og brensel",Vekter,1993M02,262.8
04,KpiVektMnd,1993M03,"Bolig, lys og brensel",Vekter,1993M03,262.8
04,KpiVektMnd,1993M04,"Bolig, lys og brensel",Vekter,1993M04,262.8
04,KpiVektMnd,1993M05,"Bolig, lys og brensel",Vekter,1993M05,262.8
04,KpiVektMnd,1993M06,"Bolig, lys og brensel",Vekter,1993M06,262.8
04,KpiVektMnd,1993M07,"Bolig, lys og brensel",Vekter,1993M07,262.8
04,KpiVektMnd,1993M08,"Bolig, lys og brensel",Vekter,1993M08,262.1
04,KpiVektMnd,1993M09,"Bolig, lys og brensel",Vekter,1993M09,262.1
04,KpiVektMnd,1993M10,"Bolig, lys og brensel",Vekter,1993M10,262.1
04,KpiVektMnd,1993M11,"Bolig, lys og brensel",Vekter,1993M11,262.1
04,KpiVektMnd,1993M12,"Bolig, lys og brensel",Vekter,1993M12,262.1
04,KpiVektMnd,1994M01,"Bolig, lys og brensel",Vekter,1994M01,262.1
04,KpiVektMnd,1994M02,"Bolig, lys og brensel",Vekter,1994M02,262.1
04,KpiVektMnd,1994M03,"Bolig, lys og brensel",Vekter,1994M03,262.1
04,KpiVektMnd,1994M04,"Bolig, lys og brensel",Vekter,1994M04,262.1
04,KpiVektMnd,1994M05,"Bolig, lys og brensel",Vekter,1994M05,262.1
04,KpiVektMnd,1994M06,"Bolig, lys og brensel",Vekter,1994M06,262.1
04,KpiVektMnd,1994M07,"Bolig, lys og brensel",Vekter,1994M07,262.1
04,KpiVektMnd,1994M08,"Bolig, lys og brensel",Vekter,1994M08,258.6
04,KpiVektMnd,1994M09,"Bolig, lys og brensel",Vekter,1994M09,258.6
04,KpiVektMnd,1994M10,"Bolig, lys og brensel",Vekter,1994M10,258.6
04,KpiVektMnd,1994M11,"Bolig, lys og brensel",Vekter,1994M11,258.6
04,KpiVektMnd,1994M12,"Bolig, lys og brensel",Vekter,1994M12,258.6
04,KpiVektMnd,1995M01,"Bolig, lys og brensel",Vekter,1995M01,258.6
04,KpiVektMnd,1995M02,"Bolig, lys og brensel",Vekter,1995M02,258.6
04,KpiVektMnd,1995M03,"Bolig, lys og brensel",Vekter,1995M03,258.6
04,KpiVektMnd,1995M04,"Bolig, lys og brensel",Vekter,1995M04,258.6
04,KpiVektMnd,1995M05,"Bolig, lys og brensel",Vekter,1995M05,258.6
04,KpiVektMnd,1995M06,"Bolig, lys og brensel",Vekter,1995M06,258.6
04,KpiVektMnd,1995M07,"Bolig, lys og brensel",Vekter,1995M07,258.6
04,KpiVektMnd,1995M08,"Bolig, lys og brensel",Vekter,1995M08,254.1
04,KpiVektMnd,1995M09,"Bolig, lys og brensel",Vekter,1995M09,254.1
04,KpiVektMnd,1995M10,"Bolig, lys og brensel",Vekter,1995M10,254.1
04,KpiVektMnd,1995M11,"Bolig, lys og brensel",Vekter,1995M11,254.1
04,KpiVektMnd,1995M12,"Bolig, lys og brensel",Vekter,1995M12,254.1
04,KpiVektMnd,1996M01,"Bolig, lys og brensel",Vekter,1996M01,254.1
04,KpiVektMnd,1996M02,"Bolig, lys og brensel",Vekter,1996M02,254.1
04,KpiVektMnd,1996M03,"Bolig, lys og brensel",Vekter,1996M03,254.1
04,KpiVektMnd,1996M04,"Bolig, lys og brensel",Vekter,1996M04,254.1
04,KpiVektMnd,1996M05,"Bolig, lys og brensel",Vekter,1996M05,254.1
04,KpiVektMnd,1996M06,"Bolig, lys og brensel",Vekter,1996M06,254.1
04,KpiVektMnd,1996M07,"Bolig, lys og brensel",Vekter,1996M07,254.1
04,KpiVektMnd,1996M08,"Bolig, lys og brensel",Vekter,1996M08,235.4
04,KpiVektMnd,1996M09,"Bolig, lys og brensel",Vekter,1996M09,235.4
04,KpiVektMnd,1996M10,"Bolig, lys og brensel",Vekter,1996M10,235.4
04,KpiVektMnd,1996M11,"Bolig, lys og brensel",Vekter,1996M11,235.4
04,KpiVektMnd,1996M12,"Bolig, lys og brensel",Vekter,1996M12,235.4
04,KpiVektMnd,1997M01,"Bolig, lys og brensel",Vekter,1997M01,235.4
04,KpiVektMnd,1997M02,"Bolig, lys og brensel",Vekter,1997M02,235.4
04,KpiVektMnd,1997M03,"Bolig, lys og brensel",Vekter,1997M03,235.4
04,KpiVektMnd,1997M04,"Bolig, lys og brensel",Vekter,1997M04,235.4
04,KpiVektMnd,1997M05,"Bolig, lys og brensel",Vekter,1997M05,235.4
04,KpiVektMnd,1997M06,"Bolig, lys og brensel",Vekter,1997M06,235.4
04,KpiVektMnd,1997M07,"Bolig, lys og brensel",Vekter,1997M07,235.4
04,KpiVektMnd,1997M08,"Bolig, lys og brensel",Vekter,1997M08,223.1
04,KpiVektMnd,1997M09,"Bolig, lys og brensel",Vekter,1997M09,223.1
04,KpiVektMnd,1997M10,"Bolig, lys og brensel",Vekter,1997M10,223.1
04,KpiVektMnd,1997M11,"Bolig, lys og brensel",Vekter,1997M11,223.1
04,KpiVektMnd,1997M12,"Bolig, lys og brensel",Vekter,1997M12,223.1
04,KpiVektMnd,1998M01,"Bolig, lys og brensel",Vekter,1998M01,223.1
04,KpiVektMnd,1998M02,"Bolig, lys og brensel",Vekter,1998M02,223.1
04,KpiVektMnd,1998M03,"Bolig, lys og brensel",Vekter,1998M03,223.1
04,KpiVektMnd,1998M04,"Bolig, lys og brensel",Vekter,1998M04,223.1
04,KpiVektMnd,1998M05,"Bolig, lys og brensel",Vekter,1998M05,223.1
04,KpiVektMnd,1998M06,"Bolig, lys og brensel",Vekter,1998M06,223.1
04,KpiVektMnd,1998M07,"Bolig, lys og brensel",Vekter,1998M07,223.1
04,KpiVektMnd,1998M08,"Bolig, lys og brensel",Vekter,1998M08,212.5
04,KpiVektMnd,1998M09,"Bolig, lys og brensel",Vekter,1998M09,212.5
04,KpiVektMnd,1998M10,"Bolig, lys og brensel",Vekter,1998M10,212.5
04,KpiVektMnd,1998M11,"Bolig, lys og brensel",Vekter,1998M11,212.5
04,KpiVektMnd,1998M12,"Bolig, lys og brensel",Vekter,1998M12,212.5
04,KpiVektMnd,1999M01,"Bolig, lys og brensel",Vekter,1999M01,212.5
04,KpiVektMnd,1999M02,"Bolig, lys og brensel",Vekter,1999M02,212.5
04,KpiVektMnd,1999M03,"Bolig, lys og brensel",Vekter,1999M03,212.5
04,KpiVektMnd,1999M04,"Bolig, lys og brensel",Vekter,1999M04,212.5
04,KpiVektMnd,1999M05,"Bolig, lys og brensel",Vekter,1999M05,212.5
04,KpiVektMnd,1999M06,"Bolig, lys og brensel",Vekter,1999M06,212.5
04,KpiVektMnd,1999M07,"Bolig, lys og brensel",Vekter,1999M07,212.5
04,KpiVektMnd,1999M08,"Bolig, lys og brensel",Vekter,1999M08,264.2
04,KpiVektMnd,1999M09,"Bolig, lys og brensel",Vekter,1999M09,264.2
04,KpiVektMnd,1999M10,"Bolig, lys og brensel",Vekter,1999M10,264.2
04,KpiVektMnd,1999M11,"Bolig, lys og brensel",Vekter,1999M11,264.2
04,KpiVektMnd,1999M12,"Bolig, lys og brensel",Vekter,1999M12,264.2
04,KpiVektMnd,2000M01,"Bolig, lys og brensel",Vekter,2000M01,264.2
04,KpiVektMnd,2000M02,"Bolig, lys og brensel",Vekter,2000M02,264.2
04,KpiVektMnd,2000M03,"Bolig, lys og brensel",Vekter,2000M03,264.2
04,KpiVektMnd,2000M04,"Bolig, lys og brensel",Vekter,2000M04,264.2
04,KpiVektMnd,2000M05,"Bolig, lys og brensel",Vekter,2000M05,264.2
04,KpiVektMnd,2000M06,"Bolig, lys og brensel",Vekter,2000M06,264.2
04,KpiVektMnd,2000M07,"Bolig, lys og brensel",Vekter,2000M07,264.2
04,KpiVektMnd,2000M08,"Bolig, lys og brensel",Vekter,2000M08,262
04,KpiVektMnd,2000M09,"Bolig, lys og brensel",Vekter,2000M09,262
04,KpiVektMnd,2000M10,"Bolig, lys og brensel",Vekter,2000M10,262
04,KpiVektMnd,2000M11,"Bolig, lys og brensel",Vekter,2000M11,262
04,KpiVektMnd,2000M12,"Bolig, lys og brensel",Vekter,2000M12,262
04,KpiVektMnd,2001M01,"Bolig, lys og brensel",Vekter,2001M01,262
04,KpiVektMnd,2001M02,"Bolig, lys og brensel",Vekter,2001M02,262
04,KpiVektMnd,2001M03,"Bolig, lys og brensel",Vekter,2001M03,262
04,KpiVektMnd,2001M04,"Bolig, lys og brensel",Vekter,2001M04,262
04,KpiVektMnd,2001M05,"Bolig, lys og brensel",Vekter,2001M05,262
04,KpiVektMnd,2001M06,"Bolig, lys og brensel",Vekter,2001M06,262
04,KpiVektMnd,2001M07,"Bolig, lys og brensel",Vekter,2001M07,262
04,KpiVektMnd,2001M08,"Bolig, lys og brensel",Vekter,2001M08,253
04,KpiVektMnd,2001M09,"Bolig, lys og brensel",Vekter,2001M09,253
04,KpiVektMnd,2001M10,"Bolig, lys og brensel",Vekter,2001M10,253
04,KpiVektMnd,2001M11,"Bolig, lys og brensel",Vekter,2001M11,253
04,KpiVektMnd,2001M12,"Bolig, lys og brensel",Vekter,2001M12,253
04,KpiVektMnd,2002M01,"Bolig, lys og brensel",Vekter,2002M01,253
04,KpiVektMnd,2002M02,"Bolig, lys og brensel",Vekter,2002M02,253
04,KpiVektMnd,2002M03,"Bolig, lys og brensel",Vekter,2002M03,253
04,KpiVektMnd,2002M04,"Bolig, lys og brensel",Vekter,2002M04,253
04,KpiVektMnd,2002M05,"Bolig, lys og brensel",Vekter,2002M05,253
04,KpiVektMnd,2002M06,"Bolig, lys og brensel",Vekter,2002M06,253
04,KpiVektMnd,2002M07,"Bolig, lys og brensel",Vekter,2002M07,253
04,KpiVektMnd,2002M08,"Bolig, lys og brensel",Vekter,2002M08,248
04,KpiVektMnd,2002M09,"Bolig, lys og brensel",Vekter,2002M09,248
04,KpiVektMnd,2002M10,"Bolig, lys og brensel",Vekter,2002M10,248
04,KpiVektMnd,2002M11,"Bolig, lys og brensel",Vekter,2002M11,248
04,KpiVektMnd,2002M12,"Bolig, lys og brensel",Vekter,2002M12,248
04,KpiVektMnd,2003M01,"Bolig, lys og brensel",Vekter,2003M01,248
04,KpiVektMnd,2003M02,"Bolig, lys og brensel",Vekter,2003M02,248
04,KpiVektMnd,2003M03,"Bolig, lys og brensel",Vekter,2003M03,248
04,KpiVektMnd,2003M04,"Bolig, lys og brensel",Vekter,2003M04,248
04,KpiVektMnd,2003M05,"Bolig, lys og brensel",Vekter,2003M05,248
04,KpiVektMnd,2003M06,"Bolig, lys og brensel",Vekter,2003M06,248
04,KpiVektMnd,2003M07,"Bolig, lys og brensel",Vekter,2003M07,248
04,KpiVektMnd,2003M08,"Bolig, lys og brensel",Vekter,2003M08,253.1
04,KpiVektMnd,2003M09,"Bolig, lys og brensel",Vekter,2003M09,253.1
04,KpiVektMnd,2003M10,"Bolig, lys og brensel",Vekter,2003M10,253.1
04,KpiVektMnd,2003M11,"Bolig, lys og brensel",Vekter,2003M11,253.1
04,KpiVektMnd,2003M12,"Bolig, lys og brensel",Vekter,2003M12,253.1
04,KpiVektMnd,2004M01,"Bolig, lys og brensel",Vekter,2004M01,253.1
04,KpiVektMnd,2004M02,"Bolig, lys og brensel",Vekter,2004M02,253.1
04,KpiVektMnd,2004M03,"Bolig, lys og brensel",Vekter,2004M03,253.1
04,KpiVektMnd,2004M04,"Bolig, lys og brensel",Vekter,2004M04,253.1
04,KpiVektMnd,2004M05,"Bolig, lys og brensel",Vekter,2004M05,253.1
04,KpiVektMnd,2004M06,"Bolig, lys og brensel",Vekter,2004M06,253.1
04,KpiVektMnd,2004M07,"Bolig, lys og brensel",Vekter,2004M07,253.1
04,KpiVektMnd,2004M08,"Bolig, lys og brensel",Vekter,2004M08,258
04,KpiVektMnd,2004M09,"Bolig, lys og brensel",Vekter,2004M09,258
04,KpiVektMnd,2004M10,"Bolig, lys og brensel",Vekter,2004M10,258
04,KpiVektMnd,2004M11,"Bolig, lys og brensel",Vekter,2004M11,258
04,KpiVektMnd,2004M12,"Bolig, lys og brensel",Vekter,2004M12,258
04,KpiVektMnd,2005M01,"Bolig, lys og brensel",Vekter,2005M01,258
04,KpiVektMnd,2005M02,"Bolig, lys og brensel",Vekter,2005M02,258
04,KpiVektMnd,2005M03,"Bolig, lys og brensel",Vekter,2005M03,258
04,KpiVektMnd,2005M04,"Bolig, lys og brensel",Vekter,2005M04,258
04,KpiVektMnd,2005M05,"Bolig, lys og brensel",Vekter,2005M05,258
04,KpiVektMnd,2005M06,"Bolig, lys og brensel",Vekter,2005M06,258
04,KpiVektMnd,2005M07,"Bolig, lys og brensel",Vekter,2005M07,258
04,KpiVektMnd,2005M08,"Bolig, lys og brensel",Vekter,2005M08,260.2
04,KpiVektMnd,2005M09,"Bolig, lys og brensel",Vekter,2005M09,260.2
04,KpiVektMnd,2005M10,"Bolig, lys og brensel",Vekter,2005M10,260.2
04,KpiVektMnd,2005M11,"Bolig, lys og brensel",Vekter,2005M11,260.2
04,KpiVektMnd,2005M12,"Bolig, lys og brensel",Vekter,2005M12,260.2
04,KpiVektMnd,2006M01,"Bolig, lys og brensel",Vekter,2006M01,260.2
04,KpiVektMnd,2006M02,"Bolig, lys og brensel",Vekter,2006M02,260.2
04,KpiVektMnd,2006M03,"Bolig, lys og brensel",Vekter,2006M03,260.2
04,KpiVektMnd,2006M04,"Bolig, lys og brensel",Vekter,2006M04,260.2
04,KpiVektMnd,2006M05,"Bolig, lys og brensel",Vekter,2006M05,260.2
04,KpiVektMnd,2006M06,"Bolig, lys og brensel",Vekter,2006M06,260.2
04,KpiVektMnd,2006M07,"Bolig, lys og brensel",Vekter,2006M07,260.2
04,KpiVektMnd,2006M08,"Bolig, lys og brensel",Vekter,2006M08,265
04,KpiVektMnd,2006M09,"Bolig, lys og brensel",Vekter,2006M09,265
04,KpiVektMnd,2006M10,"Bolig, lys og brensel",Vekter,2006M10,265
04,KpiVektMnd,2006M11,"Bolig, lys og brensel",Vekter,2006M11,265
04,KpiVektMnd,2006M12,"Bolig, lys og brensel",Vekter,2006M12,265
04,KpiVektMnd,2007M01,"Bolig, lys og brensel",Vekter,2007M01,265
04,KpiVektMnd,2007M02,"Bolig, lys og brensel",Vekter,2007M02,265
04,KpiVektMnd,2007M03,"Bolig, lys og brensel",Vekter,2007M03,265
04,KpiVektMnd,2007M04,"Bolig, lys og brensel",Vekter,2007M04,265
04,KpiVektMnd,2007M05,"Bolig, lys og brensel",Vekter,2007M05,265
04,KpiVektMnd,2007M06,"Bolig, lys og brensel",Vekter,2007M06,265
04,KpiVektMnd,2007M07,"Bolig, lys og brensel",Vekter,2007M07,265
04,KpiVektMnd,2007M08,"Bolig, lys og brensel",Vekter,2007M08,280.7
04,KpiVektMnd,2007M09,"Bolig, lys og brensel",Vekter,2007M09,280.7
04,KpiVektMnd,2007M10,"Bolig, lys og brensel",Vekter,2007M10,280.7
04,KpiVektMnd,2007M11,"Bolig, lys og brensel",Vekter,2007M11,280.7
04,KpiVektMnd,2007M12,"Bolig, lys og brensel",Vekter,2007M12,280.7
04,KpiVektMnd,2008M01,"Bolig, lys og brensel",Vekter,2008M01,280.7
04,KpiVektMnd,2008M02,"Bolig, lys og brensel",Vekter,2008M02,280.7
04,KpiVektMnd,2008M03,"Bolig, lys og brensel",Vekter,2008M03,280.7
04,KpiVektMnd,2008M04,"Bolig, lys og brensel",Vekter,2008M04,280.7
04,KpiVektMnd,2008M05,"Bolig, lys og brensel",Vekter,2008M05,280.7
04,KpiVektMnd,2008M06,"Bolig, lys og brensel",Vekter,2008M06,280.7
04,KpiVektMnd,2008M07,"Bolig, lys og brensel",Vekter,2008M07,280.7
04,KpiVektMnd,2008M08,"Bolig, lys og brensel",Vekter,2008M08,295
04,KpiVektMnd,2008M09,"Bolig, lys og brensel",Vekter,2008M09,295
04,KpiVektMnd,2008M10,"Bolig, lys og brensel",Vekter,2008M10,295
04,KpiVektMnd,2008M11,"Bolig, lys og brensel",Vekter,2008M11,295
04,KpiVektMnd,2008M12,"Bolig, lys og brensel",Vekter,2008M12,295
04,KpiVektMnd,2009M01,"Bolig, lys og brensel",Vekter,2009M01,295
04,KpiVektMnd,2009M02,"Bolig, lys og brensel",Vekter,2009M02,295
04,KpiVektMnd,2009M03,"Bolig, lys og brensel",Vekter,2009M03,295
04,KpiVektMnd,2009M04,"Bolig, lys og brensel",Vekter,2009M04,295
04,KpiVektMnd,2009M05,"Bolig, lys og brensel",Vekter,2009M05,295
04,KpiVektMnd,2009M06,"Bolig, lys og brensel",Vekter,2009M06,295
04,KpiVektMnd,2009M07,"Bolig, lys og brensel",Vekter,2009M07,295
04,KpiVektMnd,2009M08,"Bolig, lys og brensel",Vekter,2009M08,304.7
04,KpiVektMnd,2009M09,"Bolig, lys og brensel",Vekter,2009M09,304.7
04,KpiVektMnd,2009M10,"Bolig, lys og brensel",Vekter,2009M10,304.7
04,KpiVektMnd,2009M11,"Bolig, lys og brensel",Vekter,2009M11,304.7
04,KpiVektMnd,2009M12,"Bolig, lys og brensel",Vekter,2009M12,304.7
04,KpiVektMnd,2010M01,"Bolig, lys og brensel",Vekter,2010M01,304.7
04,KpiVektMnd,2010M02,"Bolig, lys og brensel",Vekter,2010M02,304.7
04,KpiVektMnd,2010M03,"Bolig, lys og brensel",Vekter,2010M03,304.7
04,KpiVektMnd,2010M04,"Bolig, lys og brensel",Vekter,2010M04,304.7
04,KpiVektMnd,2010M05,"Bolig, lys og brensel",Vekter,2010M05,304.7
04,KpiVektMnd,2010M06,"Bolig, lys og brensel",Vekter,2010M06,304.7
04,KpiVektMnd,2010M07,"Bolig, lys og brensel",Vekter,2010M07,304.7
04,KpiVektMnd,2010M08,"Bolig, lys og brensel",Vekter,2010M08,304.7
04,KpiVektMnd,2010M09,"Bolig, lys og brensel",Vekter,2010M09,304.7
04,KpiVektMnd,2010M10,"Bolig, lys og brensel",Vekter,2010M10,304.7
04,KpiVektMnd,2010M11,"Bolig, lys og brensel",Vekter,2010M11,304.7
04,KpiVektMnd,2010M12,"Bolig, lys og brensel",Vekter,2010M12,304.7
04,KpiVektMnd,2011M01,"Bolig, lys og brensel",Vekter,2011M01,214.9
04,KpiVektMnd,2011M02,"Bolig, lys og brensel",Vekter,2011M02,214.9
04,KpiVektMnd,2011M03,"Bolig, lys og brensel",Vekter,2011M03,214.9
04,KpiVektMnd,2011M04,"Bolig, lys og brensel",Vekter,2011M04,214.9
04,KpiVektMnd,2011M05,"Bolig, lys og brensel",Vekter,2011M05,214.9
04,KpiVektMnd,2011M06,"Bolig, lys og brensel",Vekter,2011M06,214.9
04,KpiVektMnd,2011M07,"Bolig, lys og brensel",Vekter,2011M07,214.9
04,KpiVektMnd,2011M08,"Bolig, lys og brensel",Vekter,2011M08,214.9
04,KpiVektMnd,2011M09,"Bolig, lys og brensel",Vekter,2011M09,214.9
04,KpiVektMnd,2011M10,"Bolig, lys og brensel",Vekter,2011M10,214.9
04,KpiVektMnd,2011M11,"Bolig, lys og brensel",Vekter,2011M11,214.9
04,KpiVektMnd,2011M12,"Bolig, lys og brensel",Vekter,2011M12,214.9
04,KpiVektMnd,2012M01,"Bolig, lys og brensel",Vekter,2012M01,225.2
04,KpiVektMnd,2012M02,"Bolig, lys og brensel",Vekter,2012M02,225.2
04,KpiVektMnd,2012M03,"Bolig, lys og brensel",Vekter,2012M03,225.2
04,KpiVektMnd,2012M04,"Bolig, lys og brensel",Vekter,2012M04,225.2
04,KpiVektMnd,2012M05,"Bolig, lys og brensel",Vekter,2012M05,225.2
04,KpiVektMnd,2012M06,"Bolig, lys og brensel",Vekter,2012M06,225.2
04,KpiVektMnd,2012M07,"Bolig, lys og brensel",Vekter,2012M07,225.2
04,KpiVektMnd,2012M08,"Bolig, lys og brensel",Vekter,2012M08,225.2
04,KpiVektMnd,2012M09,"Bolig, lys og brensel",Vekter,2012M09,225.2
04,KpiVektMnd,2012M10,"Bolig, lys og brensel",Vekter,2012M10,225.2
04,KpiVektMnd,2012M11,"Bolig, lys og brensel",Vekter,2012M11,225.2
04,KpiVektMnd,2012M12,"Bolig, lys og brensel",Vekter,2012M12,225.2
04,KpiVektMnd,2013M01,"Bolig, lys og brensel",Vekter,2013M01,222.2
04,KpiVektMnd,2013M02,"Bolig, lys og brensel",Vekter,2013M02,222.2
04,KpiVektMnd,2013M03,"Bolig, lys og brensel",Vekter,2013M03,222.2
04,KpiVektMnd,2013M04,"Bolig, lys og brensel",Vekter,2013M04,222.2
04,KpiVektMnd,2013M05,"Bolig, lys og brensel",Vekter,2013M05,222.2
04,KpiVektMnd,2013M06,"Bolig, lys og brensel",Vekter,2013M06,222.2
04,KpiVektMnd,2013M07,"Bolig, lys og brensel",Vekter,2013M07,222.2
04,KpiVektMnd,2013M08,"Bolig, lys og brensel",Vekter,2013M08,222.2
04,KpiVektMnd,2013M09,"Bolig, lys og brensel",Vekter,2013M09,222.2
04,KpiVektMnd,2013M10,"Bolig, lys og brensel",Vekter,2013M10,222.2
04,KpiVektMnd,2013M11,"Bolig, lys og brensel",Vekter,2013M11,222.2
04,KpiVektMnd,2013M12,"Bolig, lys og brensel",Vekter,2013M12,222.2
04,KpiVektMnd,2014M01,"Bolig, lys og brensel",Vekter,2014M01,215.9
04,KpiVektMnd,2014M02,"Bolig, lys og brensel",Vekter,2014M02,215.9
04,KpiVektMnd,2014M03,"Bolig, lys og brensel",Vekter,2014M03,215.9
04,KpiVektMnd,2014M04,"Bolig, lys og brensel",Vekter,2014M04,215.9
04,KpiVektMnd,2014M05,"Bolig, lys og brensel",Vekter,2014M05,215.9
04,KpiVektMnd,2014M06,"Bolig, lys og brensel",Vekter,2014M06,215.9
04,KpiVektMnd,2014M07,"Bolig, lys og brensel",Vekter,2014M07,215.9
04,KpiVektMnd,2014M08,"Bolig, lys og brensel",Vekter,2014M08,215.9
04,KpiVektMnd,2014M09,"Bolig, lys og brensel",Vekter,2014M09,215.9
04,KpiVektMnd,2014M10,"Bolig, lys og brensel",Vekter,2014M10,215.9
04,KpiVektMnd,2014M11,"Bolig, lys og brensel",Vekter,2014M11,215.9
04,KpiVektMnd,2014M12,"Bolig, lys og brensel",Vekter,2014M12,215.9
04,KpiVektMnd,2015M01,"Bolig, lys og brensel",Vekter,2015M01,230.4
04,KpiVektMnd,2015M02,"Bolig, lys og brensel",Vekter,2015M02,230.4
04,KpiVektMnd,2015M03,"Bolig, lys og brensel",Vekter,2015M03,230.4
04,KpiVektMnd,2015M04,"Bolig, lys og brensel",Vekter,2015M04,230.4
04,KpiVektMnd,2015M05,"Bolig, lys og brensel",Vekter,2015M05,230.4
04,KpiVektMnd,2015M06,"Bolig, lys og brensel",Vekter,2015M06,230.4
04,KpiVektMnd,2015M07,"Bolig, lys og brensel",Vekter,2015M07,230.4
04,KpiVektMnd,2015M08,"Bolig, lys og brensel",Vekter,2015M08,230.4
04,KpiVektMnd,2015M09,"Bolig, lys og brensel",Vekter,2015M09,230.4
04,KpiVektMnd,2015M10,"Bolig, lys og brensel",Vekter,2015M10,230.4
04,KpiVektMnd,2015M11,"Bolig, lys og brensel",Vekter,2015M11,230.4
04,KpiVektMnd,2015M12,"Bolig, lys og brensel",Vekter,2015M12,230.4
04,KpiVektMnd,2016M01,"Bolig, lys og brensel",Vekter,2016M01,229.8
04,KpiVektMnd,2016M02,"Bolig, lys og brensel",Vekter,2016M02,229.8
04,KpiVektMnd,2016M03,"Bolig, lys og brensel",Vekter,2016M03,229.8
04,KpiVektMnd,2016M04,"Bolig, lys og brensel",Vekter,2016M04,229.8
04,KpiVektMnd,2016M05,"Bolig, lys og brensel",Vekter,2016M05,229.8
04,KpiVektMnd,2016M06,"Bolig, lys og brensel",Vekter,2016M06,229.8
04,KpiVektMnd,2016M07,"Bolig, lys og brensel",Vekter,2016M07,229.8
04,KpiVektMnd,2016M08,"Bolig, lys og brensel",Vekter,2016M08,229.8
04,KpiVektMnd,2016M09,"Bolig, lys og brensel",Vekter,2016M09,229.8
04,KpiVektMnd,2016M10,"Bolig, lys og brensel",Vekter,2016M10,229.8
04,KpiVektMnd,2016M11,"Bolig, lys og brensel",Vekter,2016M11,229.8
04,KpiVektMnd,2016M12,"Bolig, lys og brensel",Vekter,2016M12,229.8
04,KpiVektMnd,2017M01,"Bolig, lys og brensel",Vekter,2017M01,227.6
04,KpiVektMnd,2017M02,"Bolig, lys og brensel",Vekter,2017M02,227.6
04,KpiVektMnd,2017M03,"Bolig, lys og brensel",Vekter,2017M03,227.6
04,KpiVektMnd,2017M04,"Bolig, lys og brensel",Vekter,2017M04,227.6
04,KpiVektMnd,2017M05,"Bolig, lys og brensel",Vekter,2017M05,227.6
04,KpiVektMnd,2017M06,"Bolig, lys og brensel",Vekter,2017M06,227.6
04,KpiVektMnd,2017M07,"Bolig, lys og brensel",Vekter,2017M07,227.6
04,KpiVektMnd,2017M08,"Bolig, lys og brensel",Vekter,2017M08,227.6
04,KpiVektMnd,2017M09,"Bolig, lys og brensel",Vekter,2017M09,227.6
04,KpiVektMnd,2017M10,"Bolig, lys og brensel",Vekter,2017M10,227.6
04,KpiVektMnd,2017M11,"Bolig, lys og brensel",Vekter,2017M11,227.6
04,KpiVektMnd,2017M12,"Bolig, lys og brensel",Vekter,2017M12,227.6
04,KpiVektMnd,2018M01,"Bolig, lys og brensel",Vekter,2018M01,240.2
04,KpiVektMnd,2018M02,"Bolig, lys og brensel",Vekter,2018M02,240.2
04,KpiVektMnd,2018M03,"Bolig, lys og brensel",Vekter,2018M03,240.2
04,KpiVektMnd,2018M04,"Bolig, lys og brensel",Vekter,2018M04,240.2
04,KpiVektMnd,2018M05,"Bolig, lys og brensel",Vekter,2018M05,240.2
04,KpiVektMnd,2018M06,"Bolig, lys og brensel",Vekter,2018M06,240.2
04,KpiVektMnd,2018M07,"Bolig, lys og brensel",Vekter,2018M07,240.2
04,KpiVektMnd,2018M08,"Bolig, lys og brensel",Vekter,2018M08,240.2
04,KpiVektMnd,2018M09,"Bolig, lys og brensel",Vekter,2018M09,240.2
04,KpiVektMnd,2018M10,"Bolig, lys og brensel",Vekter,2018M10,240.2
04,KpiVektMnd,2018M11,"Bolig, lys og brensel",Vekter,2018M11,240.2
04,KpiVektMnd,2018M12,"Bolig, lys og brensel",Vekter,2018M12,240.2
04,KpiVektMnd,2019M01,"Bolig, lys og brensel",Vekter,2019M01,239.9
04,KpiVektMnd,2019M02,"Bolig, lys og brensel",Vekter,2019M02,239.9
04,KpiVektMnd,2019M03,"Bolig, lys og brensel",Vekter,2019M03,239.9
04,KpiVektMnd,2019M04,"Bolig, lys og brensel",Vekter,2019M04,239.9
04,KpiVektMnd,2019M05,"Bolig, lys og brensel",Vekter,2019M05,239.9
04,KpiVektMnd,2019M06,"Bolig, lys og brensel",Vekter,2019M06,239.9
04,KpiVektMnd,2019M07,"Bolig, lys og brensel",Vekter,2019M07,239.9
04,KpiVektMnd,2019M08,"Bolig, lys og brensel",Vekter,2019M08,239.9
04,KpiVektMnd,2019M09,"Bolig, lys og brensel",Vekter,2019M09,239.9
04,KpiVektMnd,2019M10,"Bolig, lys og brensel",Vekter,2019M10,239.9
04,KpiVektMnd,2019M11,"Bolig, lys og brensel",Vekter,2019M11,239.9
04,KpiVektMnd,2019M12,"Bolig, lys og brensel",Vekter,2019M12,239.9
04,KpiVektMnd,2020M01,"Bolig, lys og brensel",Vekter,2020M01,245.2
04,KpiVektMnd,2020M02,"Bolig, lys og brensel",Vekter,2020M02,245.2
04,KpiVektMnd,2020M03,"Bolig, lys og brensel",Vekter,2020M03,245.2
04,KpiVektMnd,2020M04,"Bolig, lys og brensel",Vekter,2020M04,245.2
04,KpiVektMnd,2020M05,"Bolig, lys og brensel",Vekter,2020M05,245.2
04,KpiVektMnd,2020M06,"Bolig, lys og brensel",Vekter,2020M06,245.2
04,KpiVektMnd,2020M07,"Bolig, lys og brensel",Vekter,2020M07,245.2
04,KpiVektMnd,2020M08,"Bolig, lys og brensel",Vekter,2020M08,245.2
04,KpiVektMnd,2020M09,"Bolig, lys og brensel",Vekter,2020M09,245.2
04,KpiVektMnd,2020M10,"Bolig, lys og brensel",Vekter,2020M10,245.2
04,KpiVektMnd,2020M11,"Bolig, lys og brensel",Vekter,2020M11,245.2
04,KpiVektMnd,2020M12,"Bolig, lys og brensel",Vekter,2020M12,245.2
04,KpiVektMnd,2021M01,"Bolig, lys og brensel",Vekter,2021M01,241.1
04,KpiVektMnd,2021M02,"Bolig, lys og brensel",Vekter,2021M02,241.1
04,KpiVektMnd,2021M03,"Bolig, lys og brensel",Vekter,2021M03,241.1
04,KpiVektMnd,2021M04,"Bolig, lys og brensel",Vekter,2021M04,241.1
04,KpiVektMnd,2021M05,"Bolig, lys og brensel",Vekter,2021M05,241.1
04,KpiVektMnd,2021M06,"Bolig, lys og brensel",Vekter,2021M06,241.1
04,KpiVektMnd,2021M07,"Bolig, lys og brensel",Vekter,2021M07,241.1
04,KpiVektMnd,2021M08,"Bolig, lys og brensel",Vekter,2021M08,241.1
04,KpiVektMnd,2021M09,"Bolig, lys og brensel",Vekter,2021M09,241.1
04,KpiVektMnd,2021M10,"Bolig, lys og brensel",Vekter,2021M10,241.1
04,KpiVektMnd,2021M11,"Bolig, lys og brensel",Vekter,2021M11,241.1
04,KpiVektMnd,2021M12,"Bolig, lys og brensel",Vekter,2021M12,241.1
04,KpiVektMnd,2022M01,"Bolig, lys og brensel",Vekter,2022M01,246.2
04,KpiVektMnd,2022M02,"Bolig, lys og brensel",Vekter,2022M02,246.2
04,KpiVektMnd,2022M03,"Bolig, lys og brensel",Vekter,2022M03,246.2
04,KpiVektMnd,2022M04,"Bolig, lys og brensel",Vekter,2022M04,246.2
04,KpiVektMnd,2022M05,"Bolig, lys og brensel",Vekter,2022M05,246.2
04,KpiVektMnd,2022M06,"Bolig, lys og brensel",Vekter,2022M06,246.2
04,KpiVektMnd,2022M07,"Bolig, lys og brensel",Vekter,2022M07,246.2
04,KpiVektMnd,2022M08,"Bolig, lys og brensel",Vekter,2022M08,246.2
04,KpiVektMnd,2022M09,"Bolig, lys og brensel",Vekter,2022M09,246.2
04,KpiVektMnd,2022M10,"Bolig, lys og brensel",Vekter,2022M10,246.2
04,KpiVektMnd,2022M11,"Bolig, lys og brensel",Vekter,2022M11,246.2
04,KpiVektMnd,2022M12,"Bolig, lys og brensel",Vekter,2022M12,246.2
04,KpiVektMnd,2023M01,"Bolig, lys og brensel",Vekter,2023M01,244.8
04,KpiVektMnd,2023M02,"Bolig, lys og brensel",Vekter,2023M02,244.8
04,KpiVektMnd,2023M03,"Bolig, lys og brensel",Vekter,2023M03,244.8
04,KpiVektMnd,2023M04,"Bolig, lys og brensel",Vekter,2023M04,244.8
04,KpiVektMnd,2023M05,"Bolig, lys og brensel",Vekter,2023M05,244.8
04,KpiVektMnd,2023M06,"Bolig, lys og brensel",Vekter,2023M06,244.8
04,KpiVektMnd,2023M07,"Bolig, lys og brensel",Vekter,2023M07,244.8
04,KpiVektMnd,2023M08,"Bolig, lys og brensel",Vekter,2023M08,244.8
04,KpiVektMnd,2023M09,"Bolig, lys og brensel",Vekter,2023M09,244.8
04,KpiVektMnd,2023M10,"Bolig, lys og brensel",Vekter,2023M10,244.8
04,KpiVektMnd,2023M11,"Bolig, lys og brensel",Vekter,2023M11,244.8
04,KpiVektMnd,2023M12,"Bolig, lys og brensel",Vekter,2023M12,244.8
04,KpiVektMnd,2024M01,"Bolig, lys og brensel",Vekter,2024M01,239.4
04,KpiVektMnd,2024M02,"Bolig, lys og brensel",Vekter,2024M02,239.4
04,KpiVektMnd,2024M03,"Bolig, lys og brensel",Vekter,2024M03,239.4
04,KpiVektMnd,2024M04,"Bolig, lys og brensel",Vekter,2024M04,239.4
04,KpiVektMnd,2024M05,"Bolig, lys og brensel",Vekter,2024M05,239.4
04,KpiVektMnd,2024M06,"Bolig, lys og brensel",Vekter,2024M06,239.4
04,KpiVektMnd,2024M07,"Bolig, lys og brensel",Vekter,2024M07,239.4
04,KpiVektMnd,2024M08,"Bolig, lys og brensel",Vekter,2024M08,239.4
04,KpiVektMnd,2024M09,"Bolig, lys og brensel",Vekter,2024M09,239.4
04,KpiVektMnd,2024M10,"Bolig, lys og brensel",Vekter,2024M10,239.4
04,KpiVektMnd,2024M11,"Bolig, lys og brensel",Vekter,2024M11,239.4
04,KpiVektMnd,2024M12,"Bolig, lys og brensel",Vekter,2024M12,239.4
04,KpiVektMnd,2025M01,"Bolig, lys og brensel",Vekter,2025M01,253
04,KpiVektMnd,2025M02,"Bolig, lys og brensel",Vekter,2025M02,253
04,KpiVektMnd,2025M03,"Bolig, lys og brensel",Vekter,2025M03,253
04,KpiVektMnd,2025M04,"Bolig, lys og brensel",Vekter,2025M04,253
04,KpiVektMnd,2025M05,"Bolig, lys og brensel",Vekter,2025M05,253
04,KpiVektMnd,2025M06,"Bolig, lys og brensel",Vekter,2025M06,253
04,KpiVektMnd,2025M07,"Bolig, lys og brensel",Vekter,2025M07,253
04,KpiVektMnd,2025M08,"Bolig, lys og brensel",Vekter,2025M08,253
04,KpiVektMnd,2025M09,"Bolig, lys og brensel",Vekter,2025M09,253
04,KpiVektMnd,2025M10,"Bolig, lys og brensel",Vekter,2025M10,253
04,KpiVektMnd,2025M11,"Bolig, lys og brensel",Vekter,2025M11,253
04,KpiVektMnd,2025M12,"Bolig, lys og brensel",Vekter,2025M12,253
04.1,KpiIndMnd,1979M01,Betalt husleie,Konsumprisindeks (2015=100),1979M01,22.2
04.1,KpiIndMnd,1979M02,Betalt husleie,Konsumprisindeks (2015=100),1979M02,22.2
04.1,KpiIndMnd,1979M03,Betalt husleie,Konsumprisindeks (2015=100),1979M03,22.4
04.1,KpiIndMnd,1979M04,Betalt husleie,Konsumprisindeks (2015=100),1979M04,22.4
04.1,KpiIndMnd,1979M05,Betalt husleie,Konsumprisindeks (2015=100),1979M05,22.4
04.1,KpiIndMnd,1979M06,Betalt husleie,Konsumprisindeks (2015=100),1979M06,22.5
04.1,KpiIndMnd,1979M07,Betalt husleie,Konsumprisindeks (2015=100),1979M07,22.5
04.1,KpiIndMnd,1979M08,Betalt husleie,Konsumprisindeks (2015=100),1979M08,22.5
04.1,KpiIndMnd,1979M09,Betalt husleie,Konsumprisindeks (2015=100),1979M09,22.5
04.1,KpiIndMnd,1979M10,Betalt husleie,Konsumprisindeks (2015=100),1979M10,22.5
04.1,KpiIndMnd,1979M11,Betalt husleie,Konsumprisindeks (2015=100),1979M11,22.5
04.1,KpiIndMnd,1979M12,Betalt husleie,Konsumprisindeks (2015=100),1979M12,22.5
04.1,KpiIndMnd,1980M01,Betalt husleie,Konsumprisindeks (2015=100),1980M01,22.5
04.1,KpiIndMnd,1980M02,Betalt husleie,Konsumprisindeks (2015=100),1980M02,22.5
04.1,KpiIndMnd,1980M03,Betalt husleie,Konsumprisindeks (2015=100),1980M03,23.5
04.1,KpiIndMnd,1980M04,Betalt husleie,Konsumprisindeks (2015=100),1980M04,23.5
04.1,KpiIndMnd,1980M05,Betalt husleie,Konsumprisindeks (2015=100),1980M05,23.5
04.1,KpiIndMnd,1980M06,Betalt husleie,Konsumprisindeks (2015=100),1980M06,24.2
04.1,KpiIndMnd,1980M07,Betalt husleie,Konsumprisindeks (2015=100),1980M07,24.2
04.1,KpiIndMnd,1980M08,Betalt husleie,Konsumprisindeks (2015=100),1980M08,24.2
04.1,KpiIndMnd,1980M09,Betalt husleie,Konsumprisindeks (2015=100),1980M09,24.7
04.1,KpiIndMnd,1980M10,Betalt husleie,Konsumprisindeks (2015=100),1980M10,24.7
04.1,KpiIndMnd,1980M11,Betalt husleie,Konsumprisindeks (2015=100),1980M11,24.7
04.1,KpiIndMnd,1980M12,Betalt husleie,Konsumprisindeks (2015=100),1980M12,24.9
04.1,KpiIndMnd,1981M01,Betalt husleie,Konsumprisindeks (2015=100),1981M01,24.9
04.1,KpiIndMnd,1981M02,Betalt husleie,Konsumprisindeks (2015=100),1981M02,24.9
04.1,KpiIndMnd,1981M03,Betalt husleie,Konsumprisindeks (2015=100),1981M03,26.2
04.1,KpiIndMnd,1981M04,Betalt husleie,Konsumprisindeks (2015=100),1981M04,26.2
04.1,KpiIndMnd,1981M05,Betalt husleie,Konsumprisindeks (2015=100),1981M05,26.2
04.1,KpiIndMnd,1981M06,Betalt husleie,Konsumprisindeks (2015=100),1981M06,27
04.1,KpiIndMnd,1981M07,Betalt husleie,Konsumprisindeks (2015=100),1981M07,27
04.1,KpiIndMnd,1981M08,Betalt husleie,Konsumprisindeks (2015=100),1981M08,27
04.1,KpiIndMnd,1981M09,Betalt husleie,Konsumprisindeks (2015=100),1981M09,27.3
04.1,KpiIndMnd,1981M10,Betalt husleie,Konsumprisindeks (2015=100),1981M10,27.3
04.1,KpiIndMnd,1981M11,Betalt husleie,Konsumprisindeks (2015=100),1981M11,27.3
04.1,KpiIndMnd,1981M12,Betalt husleie,Konsumprisindeks (2015=100),1981M12,27.5
04.1,KpiIndMnd,1982M01,Betalt husleie,Konsumprisindeks (2015=100),1982M01,27.5
04.1,KpiIndMnd,1982M02,Betalt husleie,Konsumprisindeks (2015=100),1982M02,27.5
04.1,KpiIndMnd,1982M03,Betalt husleie,Konsumprisindeks (2015=100),1982M03,29.7
04.1,KpiIndMnd,1982M04,Betalt husleie,Konsumprisindeks (2015=100),1982M04,29.7
04.1,KpiIndMnd,1982M05,Betalt husleie,Konsumprisindeks (2015=100),1982M05,29.7
04.1,KpiIndMnd,1982M06,Betalt husleie,Konsumprisindeks (2015=100),1982M06,30.6
04.1,KpiIndMnd,1982M07,Betalt husleie,Konsumprisindeks (2015=100),1982M07,30.6
04.1,KpiIndMnd,1982M08,Betalt husleie,Konsumprisindeks (2015=100),1982M08,30.6
04.1,KpiIndMnd,1982M09,Betalt husleie,Konsumprisindeks (2015=100),1982M09,30.7
04.1,KpiIndMnd,1982M10,Betalt husleie,Konsumprisindeks (2015=100),1982M10,30.7
04.1,KpiIndMnd,1982M11,Betalt husleie,Konsumprisindeks (2015=100),1982M11,30.7
04.1,KpiIndMnd,1982M12,Betalt husleie,Konsumprisindeks (2015=100),1982M12,30.9
04.1,KpiIndMnd,1983M01,Betalt husleie,Konsumprisindeks (2015=100),1983M01,30.9
04.1,KpiIndMnd,1983M02,Betalt husleie,Konsumprisindeks (2015=100),1983M02,30.9
04.1,KpiIndMnd,1983M03,Betalt husleie,Konsumprisindeks (2015=100),1983M03,32.5
04.1,KpiIndMnd,1983M04,Betalt husleie,Konsumprisindeks (2015=100),1983M04,32.5
04.1,KpiIndMnd,1983M05,Betalt husleie,Konsumprisindeks (2015=100),1983M05,32.5
04.1,KpiIndMnd,1983M06,Betalt husleie,Konsumprisindeks (2015=100),1983M06,33.1
04.1,KpiIndMnd,1983M07,Betalt husleie,Konsumprisindeks (2015=100),1983M07,33.1
04.1,KpiIndMnd,1983M08,Betalt husleie,Konsumprisindeks (2015=100),1983M08,33.1
04.1,KpiIndMnd,1983M09,Betalt husleie,Konsumprisindeks (2015=100),1983M09,33.3
04.1,KpiIndMnd,1983M10,Betalt husleie,Konsumprisindeks (2015=100),1983M10,33.3
04.1,KpiIndMnd,1983M11,Betalt husleie,Konsumprisindeks (2015=100),1983M11,33.3
04.1,KpiIndMnd,1983M12,Betalt husleie,Konsumprisindeks (2015=100),1983M12,33.4
04.1,KpiIndMnd,1984M01,Betalt husleie,Konsumprisindeks (2015=100),1984M01,33.4
04.1,KpiIndMnd,1984M02,Betalt husleie,Konsumprisindeks (2015=100),1984M02,33.4
04.1,KpiIndMnd,1984M03,Betalt husleie,Konsumprisindeks (2015=100),1984M03,34.9
04.1,KpiIndMnd,1984M04,Betalt husleie,Konsumprisindeks (2015=100),1984M04,34.9
04.1,KpiIndMnd,1984M05,Betalt husleie,Konsumprisindeks (2015=100),1984M05,34.9
04.1,KpiIndMnd,1984M06,Betalt husleie,Konsumprisindeks (2015=100),1984M06,35.4
04.1,KpiIndMnd,1984M07,Betalt husleie,Konsumprisindeks (2015=100),1984M07,35.4
04.1,KpiIndMnd,1984M08,Betalt husleie,Konsumprisindeks (2015=100),1984M08,35.4
04.1,KpiIndMnd,1984M09,Betalt husleie,Konsumprisindeks (2015=100),1984M09,35.7
04.1,KpiIndMnd,1984M10,Betalt husleie,Konsumprisindeks (2015=100),1984M10,35.7
04.1,KpiIndMnd,1984M11,Betalt husleie,Konsumprisindeks (2015=100),1984M11,35.7
04.1,KpiIndMnd,1984M12,Betalt husleie,Konsumprisindeks (2015=100),1984M12,35.7
04.1,KpiIndMnd,1985M01,Betalt husleie,Konsumprisindeks (2015=100),1985M01,35.7
04.1,KpiIndMnd,1985M02,Betalt husleie,Konsumprisindeks (2015=100),1985M02,35.7
04.1,KpiIndMnd,1985M03,Betalt husleie,Konsumprisindeks (2015=100),1985M03,36.7
04.1,KpiIndMnd,1985M04,Betalt husleie,Konsumprisindeks (2015=100),1985M04,36.7
04.1,KpiIndMnd,1985M05,Betalt husleie,Konsumprisindeks (2015=100),1985M05,36.7
04.1,KpiIndMnd,1985M06,Betalt husleie,Konsumprisindeks (2015=100),1985M06,36.9
04.1,KpiIndMnd,1985M07,Betalt husleie,Konsumprisindeks (2015=100),1985M07,36.9
04.1,KpiIndMnd,1985M08,Betalt husleie,Konsumprisindeks (2015=100),1985M08,36.9
04.1,KpiIndMnd,1985M09,Betalt husleie,Konsumprisindeks (2015=100),1985M09,37.2
04.1,KpiIndMnd,1985M10,Betalt husleie,Konsumprisindeks (2015=100),1985M10,37.2
04.1,KpiIndMnd,1985M11,Betalt husleie,Konsumprisindeks (2015=100),1985M11,37.2
04.1,KpiIndMnd,1985M12,Betalt husleie,Konsumprisindeks (2015=100),1985M12,37.3
04.1,KpiIndMnd,1986M01,Betalt husleie,Konsumprisindeks (2015=100),1986M01,37.3
04.1,KpiIndMnd,1986M02,Betalt husleie,Konsumprisindeks (2015=100),1986M02,37.3
04.1,KpiIndMnd,1986M03,Betalt husleie,Konsumprisindeks (2015=100),1986M03,38.4
04.1,KpiIndMnd,1986M04,Betalt husleie,Konsumprisindeks (2015=100),1986M04,38.4
04.1,KpiIndMnd,1986M05,Betalt husleie,Konsumprisindeks (2015=100),1986M05,38.4
04.1,KpiIndMnd,1986M06,Betalt husleie,Konsumprisindeks (2015=100),1986M06,38.7
04.1,KpiIndMnd,1986M07,Betalt husleie,Konsumprisindeks (2015=100),1986M07,38.7
04.1,KpiIndMnd,1986M08,Betalt husleie,Konsumprisindeks (2015=100),1986M08,38.7
04.1,KpiIndMnd,1986M09,Betalt husleie,Konsumprisindeks (2015=100),1986M09,39.1
04.1,KpiIndMnd,1986M10,Betalt husleie,Konsumprisindeks (2015=100),1986M10,39.1
04.1,KpiIndMnd,1986M11,Betalt husleie,Konsumprisindeks (2015=100),1986M11,39.1
04.1,KpiIndMnd,1986M12,Betalt husleie,Konsumprisindeks (2015=100),1986M12,39.3
04.1,KpiIndMnd,1987M01,Betalt husleie,Konsumprisindeks (2015=100),1987M01,39.3
04.1,KpiIndMnd,1987M02,Betalt husleie,Konsumprisindeks (2015=100),1987M02,39.3
04.1,KpiIndMnd,1987M03,Betalt husleie,Konsumprisindeks (2015=100),1987M03,40.6
04.1,KpiIndMnd,1987M04,Betalt husleie,Konsumprisindeks (2015=100),1987M04,40.6
04.1,KpiIndMnd,1987M05,Betalt husleie,Konsumprisindeks (2015=100),1987M05,40.6
04.1,KpiIndMnd,1987M06,Betalt husleie,Konsumprisindeks (2015=100),1987M06,41
04.1,KpiIndMnd,1987M07,Betalt husleie,Konsumprisindeks (2015=100),1987M07,41
04.1,KpiIndMnd,1987M08,Betalt husleie,Konsumprisindeks (2015=100),1987M08,41
04.1,KpiIndMnd,1987M09,Betalt husleie,Konsumprisindeks (2015=100),1987M09,41.5
04.1,KpiIndMnd,1987M10,Betalt husleie,Konsumprisindeks (2015=100),1987M10,41.5
04.1,KpiIndMnd,1987M11,Betalt husleie,Konsumprisindeks (2015=100),1987M11,41.5
04.1,KpiIndMnd,1987M12,Betalt husleie,Konsumprisindeks (2015=100),1987M12,41.7
04.1,KpiIndMnd,1988M01,Betalt husleie,Konsumprisindeks (2015=100),1988M01,41.7
04.1,KpiIndMnd,1988M02,Betalt husleie,Konsumprisindeks (2015=100),1988M02,41.7
04.1,KpiIndMnd,1988M03,Betalt husleie,Konsumprisindeks (2015=100),1988M03,43.7
04.1,KpiIndMnd,1988M04,Betalt husleie,Konsumprisindeks (2015=100),1988M04,43.7
04.1,KpiIndMnd,1988M05,Betalt husleie,Konsumprisindeks (2015=100),1988M05,43.7
04.1,KpiIndMnd,1988M06,Betalt husleie,Konsumprisindeks (2015=100),1988M06,44.5
04.1,KpiIndMnd,1988M07,Betalt husleie,Konsumprisindeks (2015=100),1988M07,44.5
04.1,KpiIndMnd,1988M08,Betalt husleie,Konsumprisindeks (2015=100),1988M08,44.5
04.1,KpiIndMnd,1988M09,Betalt husleie,Konsumprisindeks (2015=100),1988M09,45
04.1,KpiIndMnd,1988M10,Betalt husleie,Konsumprisindeks (2015=100),1988M10,45
04.1,KpiIndMnd,1988M11,Betalt husleie,Konsumprisindeks (2015=100),1988M11,45
04.1,KpiIndMnd,1988M12,Betalt husleie,Konsumprisindeks (2015=100),1988M12,45.3
04.1,KpiIndMnd,1989M01,Betalt husleie,Konsumprisindeks (2015=100),1989M01,45.3
04.1,KpiIndMnd,1989M02,Betalt husleie,Konsumprisindeks (2015=100),1989M02,45.3
04.1,KpiIndMnd,1989M03,Betalt husleie,Konsumprisindeks (2015=100),1989M03,47
04.1,KpiIndMnd,1989M04,Betalt husleie,Konsumprisindeks (2015=100),1989M04,47
04.1,KpiIndMnd,1989M05,Betalt husleie,Konsumprisindeks (2015=100),1989M05,47
04.1,KpiIndMnd,1989M06,Betalt husleie,Konsumprisindeks (2015=100),1989M06,47.8
04.1,KpiIndMnd,1989M07,Betalt husleie,Konsumprisindeks (2015=100),1989M07,47.8
04.1,KpiIndMnd,1989M08,Betalt husleie,Konsumprisindeks (2015=100),1989M08,47.8
04.1,KpiIndMnd,1989M09,Betalt husleie,Konsumprisindeks (2015=100),1989M09,48.3
04.1,KpiIndMnd,1989M10,Betalt husleie,Konsumprisindeks (2015=100),1989M10,48.3
04.1,KpiIndMnd,1989M11,Betalt husleie,Konsumprisindeks (2015=100),1989M11,48.3
04.1,KpiIndMnd,1989M12,Betalt husleie,Konsumprisindeks (2015=100),1989M12,48.6
04.1,KpiIndMnd,1990M01,Betalt husleie,Konsumprisindeks (2015=100),1990M01,48.6
04.1,KpiIndMnd,1990M02,Betalt husleie,Konsumprisindeks (2015=100),1990M02,48.6
04.1,KpiIndMnd,1990M03,Betalt husleie,Konsumprisindeks (2015=100),1990M03,50.3
04.1,KpiIndMnd,1990M04,Betalt husleie,Konsumprisindeks (2015=100),1990M04,50.3
04.1,KpiIndMnd,1990M05,Betalt husleie,Konsumprisindeks (2015=100),1990M05,50.3
04.1,KpiIndMnd,1990M06,Betalt husleie,Konsumprisindeks (2015=100),1990M06,50.8
04.1,KpiIndMnd,1990M07,Betalt husleie,Konsumprisindeks (2015=100),1990M07,50.8
04.1,KpiIndMnd,1990M08,Betalt husleie,Konsumprisindeks (2015=100),1990M08,50.8
04.1,KpiIndMnd,1990M09,Betalt husleie,Konsumprisindeks (2015=100),1990M09,51.2
04.1,KpiIndMnd,1990M10,Betalt husleie,Konsumprisindeks (2015=100),1990M10,51.2
04.1,KpiIndMnd,1990M11,Betalt husleie,Konsumprisindeks (2015=100),1990M11,51.2
04.1,KpiIndMnd,1990M12,Betalt husleie,Konsumprisindeks (2015=100),1990M12,51.3
04.1,KpiIndMnd,1991M01,Betalt husleie,Konsumprisindeks (2015=100),1991M01,51.3
04.1,KpiIndMnd,1991M02,Betalt husleie,Konsumprisindeks (2015=100),1991M02,51.3
04.1,KpiIndMnd,1991M03,Betalt husleie,Konsumprisindeks (2015=100),1991M03,52.9
04.1,KpiIndMnd,1991M04,Betalt husleie,Konsumprisindeks (2015=100),1991M04,52.9
04.1,KpiIndMnd,1991M05,Betalt husleie,Konsumprisindeks (2015=100),1991M05,52.9
04.1,KpiIndMnd,1991M06,Betalt husleie,Konsumprisindeks (2015=100),1991M06,53.2
04.1,KpiIndMnd,1991M07,Betalt husleie,Konsumprisindeks (2015=100),1991M07,53.2
04.1,KpiIndMnd,1991M08,Betalt husleie,Konsumprisindeks (2015=100),1991M08,53.2
04.1,KpiIndMnd,1991M09,Betalt husleie,Konsumprisindeks (2015=100),1991M09,53.5
04.1,KpiIndMnd,1991M10,Betalt husleie,Konsumprisindeks (2015=100),1991M10,53.5
04.1,KpiIndMnd,1991M11,Betalt husleie,Konsumprisindeks (2015=100),1991M11,53.5
04.1,KpiIndMnd,1991M12,Betalt husleie,Konsumprisindeks (2015=100),1991M12,53.6
04.1,KpiIndMnd,1992M01,Betalt husleie,Konsumprisindeks (2015=100),1992M01,53.6
04.1,KpiIndMnd,1992M02,Betalt husleie,Konsumprisindeks (2015=100),1992M02,53.6
04.1,KpiIndMnd,1992M03,Betalt husleie,Konsumprisindeks (2015=100),1992M03,54.7
04.1,KpiIndMnd,1992M04,Betalt husleie,Konsumprisindeks (2015=100),1992M04,54.7
04.1,KpiIndMnd,1992M05,Betalt husleie,Konsumprisindeks (2015=100),1992M05,54.7
04.1,KpiIndMnd,1992M06,Betalt husleie,Konsumprisindeks (2015=100),1992M06,55.1
04.1,KpiIndMnd,1992M07,Betalt husleie,Konsumprisindeks (2015=100),1992M07,55.1
04.1,KpiIndMnd,1992M08,Betalt husleie,Konsumprisindeks (2015=100),1992M08,55.1
04.1,KpiIndMnd,1992M09,Betalt husleie,Konsumprisindeks (2015=100),1992M09,55.5
04.1,KpiIndMnd,1992M10,Betalt husleie,Konsumprisindeks (2015=100),1992M10,55.5
04.1,KpiIndMnd,1992M11,Betalt husleie,Konsumprisindeks (2015=100),1992M11,55.5
04.1,KpiIndMnd,1992M12,Betalt husleie,Konsumprisindeks (2015=100),1992M12,55.7
04.1,KpiIndMnd,1993M01,Betalt husleie,Konsumprisindeks (2015=100),1993M01,55.7
04.1,KpiIndMnd,1993M02,Betalt husleie,Konsumprisindeks (2015=100),1993M02,55.7
04.1,KpiIndMnd,1993M03,Betalt husleie,Konsumprisindeks (2015=100),1993M03,56.5
04.1,KpiIndMnd,1993M04,Betalt husleie,Konsumprisindeks (2015=100),1993M04,56.5
04.1,KpiIndMnd,1993M05,Betalt husleie,Konsumprisindeks (2015=100),1993M05,56.5
04.1,KpiIndMnd,1993M06,Betalt husleie,Konsumprisindeks (2015=100),1993M06,56.7
04.1,KpiIndMnd,1993M07,Betalt husleie,Konsumprisindeks (2015=100),1993M07,56.7
04.1,KpiIndMnd,1993M08,Betalt husleie,Konsumprisindeks (2015=100),1993M08,56.7
04.1,KpiIndMnd,1993M09,Betalt husleie,Konsumprisindeks (2015=100),1993M09,56.8
04.1,KpiIndMnd,1993M10,Betalt husleie,Konsumprisindeks (2015=100),1993M10,56.8
04.1,KpiIndMnd,1993M11,Betalt husleie,Konsumprisindeks (2015=100),1993M11,56.8
04.1,KpiIndMnd,1993M12,Betalt husleie,Konsumprisindeks (2015=100),1993M12,56.7
04.1,KpiIndMnd,1994M01,Betalt husleie,Konsumprisindeks (2015=100),1994M01,56.7
04.1,KpiIndMnd,1994M02,Betalt husleie,Konsumprisindeks (2015=100),1994M02,56.7
04.1,KpiIndMnd,1994M03,Betalt husleie,Konsumprisindeks (2015=100),1994M03,56.8
04.1,KpiIndMnd,1994M04,Betalt husleie,Konsumprisindeks (2015=100),1994M04,56.8
04.1,KpiIndMnd,1994M05,Betalt husleie,Konsumprisindeks (2015=100),1994M05,56.8
04.1,KpiIndMnd,1994M06,Betalt husleie,Konsumprisindeks (2015=100),1994M06,56.9
04.1,KpiIndMnd,1994M07,Betalt husleie,Konsumprisindeks (2015=100),1994M07,56.9
04.1,KpiIndMnd,1994M08,Betalt husleie,Konsumprisindeks (2015=100),1994M08,56.9
04.1,KpiIndMnd,1994M09,Betalt husleie,Konsumprisindeks (2015=100),1994M09,57
04.1,KpiIndMnd,1994M10,Betalt husleie,Konsumprisindeks (2015=100),1994M10,57
04.1,KpiIndMnd,1994M11,Betalt husleie,Konsumprisindeks (2015=100),1994M11,57
04.1,KpiIndMnd,1994M12,Betalt husleie,Konsumprisindeks (2015=100),1994M12,57.1
04.1,KpiIndMnd,1995M01,Betalt husleie,Konsumprisindeks (2015=100),1995M01,57.1
04.1,KpiIndMnd,1995M02,Betalt husleie,Konsumprisindeks (2015=100),1995M02,57.1
04.1,KpiIndMnd,1995M03,Betalt husleie,Konsumprisindeks (2015=100),1995M03,57.5
04.1,KpiIndMnd,1995M04,Betalt husleie,Konsumprisindeks (2015=100),1995M04,57.5
04.1,KpiIndMnd,1995M05,Betalt husleie,Konsumprisindeks (2015=100),1995M05,57.5
04.1,KpiIndMnd,1995M06,Betalt husleie,Konsumprisindeks (2015=100),1995M06,57.8
04.1,KpiIndMnd,1995M07,Betalt husleie,Konsumprisindeks (2015=100),1995M07,57.8
04.1,KpiIndMnd,1995M08,Betalt husleie,Konsumprisindeks (2015=100),1995M08,57.8
04.1,KpiIndMnd,1995M09,Betalt husleie,Konsumprisindeks (2015=100),1995M09,58.2
04.1,KpiIndMnd,1995M10,Betalt husleie,Konsumprisindeks (2015=100),1995M10,58.2
04.1,KpiIndMnd,1995M11,Betalt husleie,Konsumprisindeks (2015=100),1995M11,58.2
04.1,KpiIndMnd,1995M12,Betalt husleie,Konsumprisindeks (2015=100),1995M12,58.1
04.1,KpiIndMnd,1996M01,Betalt husleie,Konsumprisindeks (2015=100),1996M01,58.1
04.1,KpiIndMnd,1996M02,Betalt husleie,Konsumprisindeks (2015=100),1996M02,58.1
04.1,KpiIndMnd,1996M03,Betalt husleie,Konsumprisindeks (2015=100),1996M03,58.7
04.1,KpiIndMnd,1996M04,Betalt husleie,Konsumprisindeks (2015=100),1996M04,58.7
04.1,KpiIndMnd,1996M05,Betalt husleie,Konsumprisindeks (2015=100),1996M05,58.7
04.1,KpiIndMnd,1996M06,Betalt husleie,Konsumprisindeks (2015=100),1996M06,58.8
04.1,KpiIndMnd,1996M07,Betalt husleie,Konsumprisindeks (2015=100),1996M07,58.8
04.1,KpiIndMnd,1996M08,Betalt husleie,Konsumprisindeks (2015=100),1996M08,58.8
04.1,KpiIndMnd,1996M09,Betalt husleie,Konsumprisindeks (2015=100),1996M09,59
04.1,KpiIndMnd,1996M10,Betalt husleie,Konsumprisindeks (2015=100),1996M10,59
04.1,KpiIndMnd,1996M11,Betalt husleie,Konsumprisindeks (2015=100),1996M11,59
04.1,KpiIndMnd,1996M12,Betalt husleie,Konsumprisindeks (2015=100),1996M12,59.1
04.1,KpiIndMnd,1997M01,Betalt husleie,Konsumprisindeks (2015=100),1997M01,59.1
04.1,KpiIndMnd,1997M02,Betalt husleie,Konsumprisindeks (2015=100),1997M02,59.1
04.1,KpiIndMnd,1997M03,Betalt husleie,Konsumprisindeks (2015=100),1997M03,59.7
04.1,KpiIndMnd,1997M04,Betalt husleie,Konsumprisindeks (2015=100),1997M04,59.7
04.1,KpiIndMnd,1997M05,Betalt husleie,Konsumprisindeks (2015=100),1997M05,59.7
04.1,KpiIndMnd,1997M06,Betalt husleie,Konsumprisindeks (2015=100),1997M06,60.4
04.1,KpiIndMnd,1997M07,Betalt husleie,Konsumprisindeks (2015=100),1997M07,60.4
04.1,KpiIndMnd,1997M08,Betalt husleie,Konsumprisindeks (2015=100),1997M08,60.4
04.1,KpiIndMnd,1997M09,Betalt husleie,Konsumprisindeks (2015=100),1997M09,60.8
04.1,KpiIndMnd,1997M10,Betalt husleie,Konsumprisindeks (2015=100),1997M10,60.8
04.1,KpiIndMnd,1997M11,Betalt husleie,Konsumprisindeks (2015=100),1997M11,60.8
04.1,KpiIndMnd,1997M12,Betalt husleie,Konsumprisindeks (2015=100),1997M12,60.9
04.1,KpiIndMnd,1998M01,Betalt husleie,Konsumprisindeks (2015=100),1998M01,60.9
04.1,KpiIndMnd,1998M02,Betalt husleie,Konsumprisindeks (2015=100),1998M02,60.9
04.1,KpiIndMnd,1998M03,Betalt husleie,Konsumprisindeks (2015=100),1998M03,61.3
04.1,KpiIndMnd,1998M04,Betalt husleie,Konsumprisindeks (2015=100),1998M04,61.3
04.1,KpiIndMnd,1998M05,Betalt husleie,Konsumprisindeks (2015=100),1998M05,61.3
04.1,KpiIndMnd,1998M06,Betalt husleie,Konsumprisindeks (2015=100),1998M06,61.8
04.1,KpiIndMnd,1998M07,Betalt husleie,Konsumprisindeks (2015=100),1998M07,61.8
04.1,KpiIndMnd,1998M08,Betalt husleie,Konsumprisindeks (2015=100),1998M08,61.8
04.1,KpiIndMnd,1998M09,Betalt husleie,Konsumprisindeks (2015=100),1998M09,61.9
04.1,KpiIndMnd,1998M10,Betalt husleie,Konsumprisindeks (2015=100),1998M10,61.9
04.1,KpiIndMnd,1998M11,Betalt husleie,Konsumprisindeks (2015=100),1998M11,61.9
04.1,KpiIndMnd,1998M12,Betalt husleie,Konsumprisindeks (2015=100),1998M12,61.9
04.1,KpiIndMnd,1999M01,Betalt husleie,Konsumprisindeks (2015=100),1999M01,61.9
04.1,KpiIndMnd,1999M02,Betalt husleie,Konsumprisindeks (2015=100),1999M02,61.9
04.1,KpiIndMnd,1999M03,Betalt husleie,Konsumprisindeks (2015=100),1999M03,63.2
04.1,KpiIndMnd,1999M04,Betalt husleie,Konsumprisindeks (2015=100),1999M04,63.2
04.1,KpiIndMnd,1999M05,Betalt husleie,Konsumprisindeks (2015=100),1999M05,63.2
04.1,KpiIndMnd,1999M06,Betalt husleie,Konsumprisindeks (2015=100),1999M06,63.4
04.1,KpiIndMnd,1999M07,Betalt husleie,Konsumprisindeks (2015=100),1999M07,63.4
04.1,KpiIndMnd,1999M08,Betalt husleie,Konsumprisindeks (2015=100),1999M08,63.4
04.1,KpiIndMnd,1999M09,Betalt husleie,Konsumprisindeks (2015=100),1999M09,63.9
04.1,KpiIndMnd,1999M10,Betalt husleie,Konsumprisindeks (2015=100),1999M10,63.9
04.1,KpiIndMnd,1999M11,Betalt husleie,Konsumprisindeks (2015=100),1999M11,63.9
04.1,KpiIndMnd,1999M12,Betalt husleie,Konsumprisindeks (2015=100),1999M12,64
04.1,KpiIndMnd,2000M01,Betalt husleie,Konsumprisindeks (2015=100),2000M01,64.8
04.1,KpiIndMnd,2000M02,Betalt husleie,Konsumprisindeks (2015=100),2000M02,64.9
04.1,KpiIndMnd,2000M03,Betalt husleie,Konsumprisindeks (2015=100),2000M03,65.1
04.1,KpiIndMnd,2000M04,Betalt husleie,Konsumprisindeks (2015=100),2000M04,65.3
04.1,KpiIndMnd,2000M05,Betalt husleie,Konsumprisindeks (2015=100),2000M05,65.3
04.1,KpiIndMnd,2000M06,Betalt husleie,Konsumprisindeks (2015=100),2000M06,65.6
04.1,KpiIndMnd,2000M07,Betalt husleie,Konsumprisindeks (2015=100),2000M07,65.8
04.1,KpiIndMnd,2000M08,Betalt husleie,Konsumprisindeks (2015=100),2000M08,66.2
04.1,KpiIndMnd,2000M09,Betalt husleie,Konsumprisindeks (2015=100),2000M09,66.5
04.1,KpiIndMnd,2000M10,Betalt husleie,Konsumprisindeks (2015=100),2000M10,66.4
04.1,KpiIndMnd,2000M11,Betalt husleie,Konsumprisindeks (2015=100),2000M11,66.7
04.1,KpiIndMnd,2000M12,Betalt husleie,Konsumprisindeks (2015=100),2000M12,66.7
04.1,KpiIndMnd,2001M01,Betalt husleie,Konsumprisindeks (2015=100),2001M01,67.5
04.1,KpiIndMnd,2001M02,Betalt husleie,Konsumprisindeks (2015=100),2001M02,67.5
04.1,KpiIndMnd,2001M03,Betalt husleie,Konsumprisindeks (2015=100),2001M03,67.7
04.1,KpiIndMnd,2001M04,Betalt husleie,Konsumprisindeks (2015=100),2001M04,67.9
04.1,KpiIndMnd,2001M05,Betalt husleie,Konsumprisindeks (2015=100),2001M05,67.9
04.1,KpiIndMnd,2001M06,Betalt husleie,Konsumprisindeks (2015=100),2001M06,68.1
04.1,KpiIndMnd,2001M07,Betalt husleie,Konsumprisindeks (2015=100),2001M07,68.3
04.1,KpiIndMnd,2001M08,Betalt husleie,Konsumprisindeks (2015=100),2001M08,68.4
04.1,KpiIndMnd,2001M09,Betalt husleie,Konsumprisindeks (2015=100),2001M09,68.8
04.1,KpiIndMnd,2001M10,Betalt husleie,Konsumprisindeks (2015=100),2001M10,68.9
04.1,KpiIndMnd,2001M11,Betalt husleie,Konsumprisindeks (2015=100),2001M11,69.1
04.1,KpiIndMnd,2001M12,Betalt husleie,Konsumprisindeks (2015=100),2001M12,69.6
04.1,KpiIndMnd,2002M01,Betalt husleie,Konsumprisindeks (2015=100),2002M01,70.3
04.1,KpiIndMnd,2002M02,Betalt husleie,Konsumprisindeks (2015=100),2002M02,70.2
04.1,KpiIndMnd,2002M03,Betalt husleie,Konsumprisindeks (2015=100),2002M03,70.7
04.1,KpiIndMnd,2002M04,Betalt husleie,Konsumprisindeks (2015=100),2002M04,70.9
04.1,KpiIndMnd,2002M05,Betalt husleie,Konsumprisindeks (2015=100),2002M05,71.1
04.1,KpiIndMnd,2002M06,Betalt husleie,Konsumprisindeks (2015=100),2002M06,71.5
04.1,KpiIndMnd,2002M07,Betalt husleie,Konsumprisindeks (2015=100),2002M07,71.9
04.1,KpiIndMnd,2002M08,Betalt husleie,Konsumprisindeks (2015=100),2002M08,71.8
04.1,KpiIndMnd,2002M09,Betalt husleie,Konsumprisindeks (2015=100),2002M09,71.8
04.1,KpiIndMnd,2002M10,Betalt husleie,Konsumprisindeks (2015=100),2002M10,71.9
04.1,KpiIndMnd,2002M11,Betalt husleie,Konsumprisindeks (2015=100),2002M11,72
04.1,KpiIndMnd,2002M12,Betalt husleie,Konsumprisindeks (2015=100),2002M12,72.2
04.1,KpiIndMnd,2003M01,Betalt husleie,Konsumprisindeks (2015=100),2003M01,73
04.1,KpiIndMnd,2003M02,Betalt husleie,Konsumprisindeks (2015=100),2003M02,73.2
04.1,KpiIndMnd,2003M03,Betalt husleie,Konsumprisindeks (2015=100),2003M03,73.4
04.1,KpiIndMnd,2003M04,Betalt husleie,Konsumprisindeks (2015=100),2003M04,74
04.1,KpiIndMnd,2003M05,Betalt husleie,Konsumprisindeks (2015=100),2003M05,74.2
04.1,KpiIndMnd,2003M06,Betalt husleie,Konsumprisindeks (2015=100),2003M06,74.4
04.1,KpiIndMnd,2003M07,Betalt husleie,Konsumprisindeks (2015=100),2003M07,74.5
04.1,KpiIndMnd,2003M08,Betalt husleie,Konsumprisindeks (2015=100),2003M08,74.5
04.1,KpiIndMnd,2003M09,Betalt husleie,Konsumprisindeks (2015=100),2003M09,74.7
04.1,KpiIndMnd,2003M10,Betalt husleie,Konsumprisindeks (2015=100),2003M10,74.7
04.1,KpiIndMnd,2003M11,Betalt husleie,Konsumprisindeks (2015=100),2003M11,74.9
04.1,KpiIndMnd,2003M12,Betalt husleie,Konsumprisindeks (2015=100),2003M12,74.9
04.1,KpiIndMnd,2004M01,Betalt husleie,Konsumprisindeks (2015=100),2004M01,74.9
04.1,KpiIndMnd,2004M02,Betalt husleie,Konsumprisindeks (2015=100),2004M02,75.2
04.1,KpiIndMnd,2004M03,Betalt husleie,Konsumprisindeks (2015=100),2004M03,75.4
04.1,KpiIndMnd,2004M04,Betalt husleie,Konsumprisindeks (2015=100),2004M04,75.4
04.1,KpiIndMnd,2004M05,Betalt husleie,Konsumprisindeks (2015=100),2004M05,75.5
04.1,KpiIndMnd,2004M06,Betalt husleie,Konsumprisindeks (2015=100),2004M06,75.8
04.1,KpiIndMnd,2004M07,Betalt husleie,Konsumprisindeks (2015=100),2004M07,75.7
04.1,KpiIndMnd,2004M08,Betalt husleie,Konsumprisindeks (2015=100),2004M08,75.8
04.1,KpiIndMnd,2004M09,Betalt husleie,Konsumprisindeks (2015=100),2004M09,76
04.1,KpiIndMnd,2004M10,Betalt husleie,Konsumprisindeks (2015=100),2004M10,76.1
04.1,KpiIndMnd,2004M11,Betalt husleie,Konsumprisindeks (2015=100),2004M11,76.2
04.1,KpiIndMnd,2004M12,Betalt husleie,Konsumprisindeks (2015=100),2004M12,76.3
04.1,KpiIndMnd,2005M01,Betalt husleie,Konsumprisindeks (2015=100),2005M01,76.6
04.1,KpiIndMnd,2005M02,Betalt husleie,Konsumprisindeks (2015=100),2005M02,76.7
04.1,KpiIndMnd,2005M03,Betalt husleie,Konsumprisindeks (2015=100),2005M03,76.7
04.1,KpiIndMnd,2005M04,Betalt husleie,Konsumprisindeks (2015=100),2005M04,77.1
04.1,KpiIndMnd,2005M05,Betalt husleie,Konsumprisindeks (2015=100),2005M05,77.2
04.1,KpiIndMnd,2005M06,Betalt husleie,Konsumprisindeks (2015=100),2005M06,77.2
04.1,KpiIndMnd,2005M07,Betalt husleie,Konsumprisindeks (2015=100),2005M07,77.3
04.1,KpiIndMnd,2005M08,Betalt husleie,Konsumprisindeks (2015=100),2005M08,77.3
04.1,KpiIndMnd,2005M09,Betalt husleie,Konsumprisindeks (2015=100),2005M09,77.5
04.1,KpiIndMnd,2005M10,Betalt husleie,Konsumprisindeks (2015=100),2005M10,77.5
04.1,KpiIndMnd,2005M11,Betalt husleie,Konsumprisindeks (2015=100),2005M11,77.7
04.1,KpiIndMnd,2005M12,Betalt husleie,Konsumprisindeks (2015=100),2005M12,77.8
04.1,KpiIndMnd,2006M01,Betalt husleie,Konsumprisindeks (2015=100),2006M01,78.2
04.1,KpiIndMnd,2006M02,Betalt husleie,Konsumprisindeks (2015=100),2006M02,78.3
04.1,KpiIndMnd,2006M03,Betalt husleie,Konsumprisindeks (2015=100),2006M03,78.5
04.1,KpiIndMnd,2006M04,Betalt husleie,Konsumprisindeks (2015=100),2006M04,78.7
04.1,KpiIndMnd,2006M05,Betalt husleie,Konsumprisindeks (2015=100),2006M05,78.8
04.1,KpiIndMnd,2006M06,Betalt husleie,Konsumprisindeks (2015=100),2006M06,79
04.1,KpiIndMnd,2006M07,Betalt husleie,Konsumprisindeks (2015=100),2006M07,79.2
04.1,KpiIndMnd,2006M08,Betalt husleie,Konsumprisindeks (2015=100),2006M08,79.1
04.1,KpiIndMnd,2006M09,Betalt husleie,Konsumprisindeks (2015=100),2006M09,79.2
04.1,KpiIndMnd,2006M10,Betalt husleie,Konsumprisindeks (2015=100),2006M10,79.5
04.1,KpiIndMnd,2006M11,Betalt husleie,Konsumprisindeks (2015=100),2006M11,79.5
04.1,KpiIndMnd,2006M12,Betalt husleie,Konsumprisindeks (2015=100),2006M12,79.5
04.1,KpiIndMnd,2007M01,Betalt husleie,Konsumprisindeks (2015=100),2007M01,80
04.1,KpiIndMnd,2007M02,Betalt husleie,Konsumprisindeks (2015=100),2007M02,79.9
04.1,KpiIndMnd,2007M03,Betalt husleie,Konsumprisindeks (2015=100),2007M03,80
04.1,KpiIndMnd,2007M04,Betalt husleie,Konsumprisindeks (2015=100),2007M04,80.1
04.1,KpiIndMnd,2007M05,Betalt husleie,Konsumprisindeks (2015=100),2007M05,80.2
04.1,KpiIndMnd,2007M06,Betalt husleie,Konsumprisindeks (2015=100),2007M06,80.2
04.1,KpiIndMnd,2007M07,Betalt husleie,Konsumprisindeks (2015=100),2007M07,80.6
04.1,KpiIndMnd,2007M08,Betalt husleie,Konsumprisindeks (2015=100),2007M08,80.6
04.1,KpiIndMnd,2007M09,Betalt husleie,Konsumprisindeks (2015=100),2007M09,80.6
04.1,KpiIndMnd,2007M10,Betalt husleie,Konsumprisindeks (2015=100),2007M10,80.8
04.1,KpiIndMnd,2007M11,Betalt husleie,Konsumprisindeks (2015=100),2007M11,81.1
04.1,KpiIndMnd,2007M12,Betalt husleie,Konsumprisindeks (2015=100),2007M12,81.5
04.1,KpiIndMnd,2008M01,Betalt husleie,Konsumprisindeks (2015=100),2008M01,81.7
04.1,KpiIndMnd,2008M02,Betalt husleie,Konsumprisindeks (2015=100),2008M02,81.7
04.1,KpiIndMnd,2008M03,Betalt husleie,Konsumprisindeks (2015=100),2008M03,82.5
04.1,KpiIndMnd,2008M04,Betalt husleie,Konsumprisindeks (2015=100),2008M04,82.8
04.1,KpiIndMnd,2008M05,Betalt husleie,Konsumprisindeks (2015=100),2008M05,82.7
04.1,KpiIndMnd,2008M06,Betalt husleie,Konsumprisindeks (2015=100),2008M06,82.7
04.1,KpiIndMnd,2008M07,Betalt husleie,Konsumprisindeks (2015=100),2008M07,83
04.1,KpiIndMnd,2008M08,Betalt husleie,Konsumprisindeks (2015=100),2008M08,83.2
04.1,KpiIndMnd,2008M09,Betalt husleie,Konsumprisindeks (2015=100),2008M09,83.3
04.1,KpiIndMnd,2008M10,Betalt husleie,Konsumprisindeks (2015=100),2008M10,83.5
04.1,KpiIndMnd,2008M11,Betalt husleie,Konsumprisindeks (2015=100),2008M11,83.6
04.1,KpiIndMnd,2008M12,Betalt husleie,Konsumprisindeks (2015=100),2008M12,83.9
04.1,KpiIndMnd,2009M01,Betalt husleie,Konsumprisindeks (2015=100),2009M01,84.8
04.1,KpiIndMnd,2009M02,Betalt husleie,Konsumprisindeks (2015=100),2009M02,85
04.1,KpiIndMnd,2009M03,Betalt husleie,Konsumprisindeks (2015=100),2009M03,85.2
04.1,KpiIndMnd,2009M04,Betalt husleie,Konsumprisindeks (2015=100),2009M04,85.3
04.1,KpiIndMnd,2009M05,Betalt husleie,Konsumprisindeks (2015=100),2009M05,85.5
04.1,KpiIndMnd,2009M06,Betalt husleie,Konsumprisindeks (2015=100),2009M06,86.1
04.1,KpiIndMnd,2009M07,Betalt husleie,Konsumprisindeks (2015=100),2009M07,86.2
04.1,KpiIndMnd,2009M08,Betalt husleie,Konsumprisindeks (2015=100),2009M08,86.2
04.1,KpiIndMnd,2009M09,Betalt husleie,Konsumprisindeks (2015=100),2009M09,86
04.1,KpiIndMnd,2009M10,Betalt husleie,Konsumprisindeks (2015=100),2009M10,86.1
04.1,KpiIndMnd,2009M11,Betalt husleie,Konsumprisindeks (2015=100),2009M11,86.2
04.1,KpiIndMnd,2009M12,Betalt husleie,Konsumprisindeks (2015=100),2009M12,86.2
04.1,KpiIndMnd,2010M01,Betalt husleie,Konsumprisindeks (2015=100),2010M01,87.4
04.1,KpiIndMnd,2010M02,Betalt husleie,Konsumprisindeks (2015=100),2010M02,87.8
04.1,KpiIndMnd,2010M03,Betalt husleie,Konsumprisindeks (2015=100),2010M03,87.9
04.1,KpiIndMnd,2010M04,Betalt husleie,Konsumprisindeks (2015=100),2010M04,87.9
04.1,KpiIndMnd,2010M05,Betalt husleie,Konsumprisindeks (2015=100),2010M05,88
04.1,KpiIndMnd,2010M06,Betalt husleie,Konsumprisindeks (2015=100),2010M06,88
04.1,KpiIndMnd,2010M07,Betalt husleie,Konsumprisindeks (2015=100),2010M07,88.1
04.1,KpiIndMnd,2010M08,Betalt husleie,Konsumprisindeks (2015=100),2010M08,88.3
04.1,KpiIndMnd,2010M09,Betalt husleie,Konsumprisindeks (2015=100),2010M09,88.5
04.1,KpiIndMnd,2010M10,Betalt husleie,Konsumprisindeks (2015=100),2010M10,88.7
04.1,KpiIndMnd,2010M11,Betalt husleie,Konsumprisindeks (2015=100),2010M11,88.7
04.1,KpiIndMnd,2010M12,Betalt husleie,Konsumprisindeks (2015=100),2010M12,88.8
04.1,KpiIndMnd,2011M01,Betalt husleie,Konsumprisindeks (2015=100),2011M01,89.6
04.1,KpiIndMnd,2011M02,Betalt husleie,Konsumprisindeks (2015=100),2011M02,89.7
04.1,KpiIndMnd,2011M03,Betalt husleie,Konsumprisindeks (2015=100),2011M03,89.8
04.1,KpiIndMnd,2011M04,Betalt husleie,Konsumprisindeks (2015=100),2011M04,89.8
04.1,KpiIndMnd,2011M05,Betalt husleie,Konsumprisindeks (2015=100),2011M05,89.9
04.1,KpiIndMnd,2011M06,Betalt husleie,Konsumprisindeks (2015=100),2011M06,90
04.1,KpiIndMnd,2011M07,Betalt husleie,Konsumprisindeks (2015=100),2011M07,90.1
04.1,KpiIndMnd,2011M08,Betalt husleie,Konsumprisindeks (2015=100),2011M08,90.3
04.1,KpiIndMnd,2011M09,Betalt husleie,Konsumprisindeks (2015=100),2011M09,90.6
04.1,KpiIndMnd,2011M10,Betalt husleie,Konsumprisindeks (2015=100),2011M10,90.6
04.1,KpiIndMnd,2011M11,Betalt husleie,Konsumprisindeks (2015=100),2011M11,90.7
04.1,KpiIndMnd,2011M12,Betalt husleie,Konsumprisindeks (2015=100),2011M12,90.8
04.1,KpiIndMnd,2012M01,Betalt husleie,Konsumprisindeks (2015=100),2012M01,91.2
04.1,KpiIndMnd,2012M02,Betalt husleie,Konsumprisindeks (2015=100),2012M02,91.3
04.1,KpiIndMnd,2012M03,Betalt husleie,Konsumprisindeks (2015=100),2012M03,91.5
04.1,KpiIndMnd,2012M04,Betalt husleie,Konsumprisindeks (2015=100),2012M04,91.5
04.1,KpiIndMnd,2012M05,Betalt husleie,Konsumprisindeks (2015=100),2012M05,91.6
04.1,KpiIndMnd,2012M06,Betalt husleie,Konsumprisindeks (2015=100),2012M06,91.8
04.1,KpiIndMnd,2012M07,Betalt husleie,Konsumprisindeks (2015=100),2012M07,91.9
04.1,KpiIndMnd,2012M08,Betalt husleie,Konsumprisindeks (2015=100),2012M08,92
04.1,KpiIndMnd,2012M09,Betalt husleie,Konsumprisindeks (2015=100),2012M09,92.2
04.1,KpiIndMnd,2012M10,Betalt husleie,Konsumprisindeks (2015=100),2012M10,92.3
04.1,KpiIndMnd,2012M11,Betalt husleie,Konsumprisindeks (2015=100),2012M11,92.6
04.1,KpiIndMnd,2012M12,Betalt husleie,Konsumprisindeks (2015=100),2012M12,92.7
04.1,KpiIndMnd,2013M01,Betalt husleie,Konsumprisindeks (2015=100),2013M01,93.5
04.1,KpiIndMnd,2013M02,Betalt husleie,Konsumprisindeks (2015=100),2013M02,93.9
04.1,KpiIndMnd,2013M03,Betalt husleie,Konsumprisindeks (2015=100),2013M03,94
04.1,KpiIndMnd,2013M04,Betalt husleie,Konsumprisindeks (2015=100),2013M04,94.2
04.1,KpiIndMnd,2013M05,Betalt husleie,Konsumprisindeks (2015=100),2013M05,94.6
04.1,KpiIndMnd,2013M06,Betalt husleie,Konsumprisindeks (2015=100),2013M06,94.5
04.1,KpiIndMnd,2013M07,Betalt husleie,Konsumprisindeks (2015=100),2013M07,94.8
04.1,KpiIndMnd,2013M08,Betalt husleie,Konsumprisindeks (2015=100),2013M08,95
04.1,KpiIndMnd,2013M09,Betalt husleie,Konsumprisindeks (2015=100),2013M09,95.4
04.1,KpiIndMnd,2013M10,Betalt husleie,Konsumprisindeks (2015=100),2013M10,95.6
04.1,KpiIndMnd,2013M11,Betalt husleie,Konsumprisindeks (2015=100),2013M11,95.7
04.1,KpiIndMnd,2013M12,Betalt husleie,Konsumprisindeks (2015=100),2013M12,95.7
04.1,KpiIndMnd,2014M01,Betalt husleie,Konsumprisindeks (2015=100),2014M01,96.2
04.1,KpiIndMnd,2014M02,Betalt husleie,Konsumprisindeks (2015=100),2014M02,96.4
04.1,KpiIndMnd,2014M03,Betalt husleie,Konsumprisindeks (2015=100),2014M03,96.5
04.1,KpiIndMnd,2014M04,Betalt husleie,Konsumprisindeks (2015=100),2014M04,96.7
04.1,KpiIndMnd,2014M05,Betalt husleie,Konsumprisindeks (2015=100),2014M05,96.9
04.1,KpiIndMnd,2014M06,Betalt husleie,Konsumprisindeks (2015=100),2014M06,97.2
04.1,KpiIndMnd,2014M07,Betalt husleie,Konsumprisindeks (2015=100),2014M07,97.5
04.1,KpiIndMnd,2014M08,Betalt husleie,Konsumprisindeks (2015=100),2014M08,97.6
04.1,KpiIndMnd,2014M09,Betalt husleie,Konsumprisindeks (2015=100),2014M09,98
04.1,KpiIndMnd,2014M10,Betalt husleie,Konsumprisindeks (2015=100),2014M10,98.1
04.1,KpiIndMnd,2014M11,Betalt husleie,Konsumprisindeks (2015=100),2014M11,98.2
04.1,KpiIndMnd,2014M12,Betalt husleie,Konsumprisindeks (2015=100),2014M12,98.3
04.1,KpiIndMnd,2015M01,Betalt husleie,Konsumprisindeks (2015=100),2015M01,99.2
04.1,KpiIndMnd,2015M02,Betalt husleie,Konsumprisindeks (2015=100),2015M02,99.3
04.1,KpiIndMnd,2015M03,Betalt husleie,Konsumprisindeks (2015=100),2015M03,99.4
04.1,KpiIndMnd,2015M04,Betalt husleie,Konsumprisindeks (2015=100),2015M04,99.7
04.1,KpiIndMnd,2015M05,Betalt husleie,Konsumprisindeks (2015=100),2015M05,99.7
04.1,KpiIndMnd,2015M06,Betalt husleie,Konsumprisindeks (2015=100),2015M06,100
04.1,KpiIndMnd,2015M07,Betalt husleie,Konsumprisindeks (2015=100),2015M07,100.2
04.1,KpiIndMnd,2015M08,Betalt husleie,Konsumprisindeks (2015=100),2015M08,100.3
04.1,KpiIndMnd,2015M09,Betalt husleie,Konsumprisindeks (2015=100),2015M09,100.5
04.1,KpiIndMnd,2015M10,Betalt husleie,Konsumprisindeks (2015=100),2015M10,100.6
04.1,KpiIndMnd,2015M11,Betalt husleie,Konsumprisindeks (2015=100),2015M11,100.5
04.1,KpiIndMnd,2015M12,Betalt husleie,Konsumprisindeks (2015=100),2015M12,100.5
04.1,KpiIndMnd,2016M01,Betalt husleie,Konsumprisindeks (2015=100),2016M01,101.2
04.1,KpiIndMnd,2016M02,Betalt husleie,Konsumprisindeks (2015=100),2016M02,101.1
04.1,KpiIndMnd,2016M03,Betalt husleie,Konsumprisindeks (2015=100),2016M03,101.4
04.1,KpiIndMnd,2016M04,Betalt husleie,Konsumprisindeks (2015=100),2016M04,101.6
04.1,KpiIndMnd,2016M05,Betalt husleie,Konsumprisindeks (2015=100),2016M05,101.6
04.1,KpiIndMnd,2016M06,Betalt husleie,Konsumprisindeks (2015=100),2016M06,101.9
04.1,KpiIndMnd,2016M07,Betalt husleie,Konsumprisindeks (2015=100),2016M07,102.1
04.1,KpiIndMnd,2016M08,Betalt husleie,Konsumprisindeks (2015=100),2016M08,102.2
04.1,KpiIndMnd,2016M09,Betalt husleie,Konsumprisindeks (2015=100),2016M09,102.3
04.1,KpiIndMnd,2016M10,Betalt husleie,Konsumprisindeks (2015=100),2016M10,102.4
04.1,KpiIndMnd,2016M11,Betalt husleie,Konsumprisindeks (2015=100),2016M11,102.6
04.1,KpiIndMnd,2016M12,Betalt husleie,Konsumprisindeks (2015=100),2016M12,102.6
04.1,KpiIndMnd,2017M01,Betalt husleie,Konsumprisindeks (2015=100),2017M01,103.4
04.1,KpiIndMnd,2017M02,Betalt husleie,Konsumprisindeks (2015=100),2017M02,103.6
04.1,KpiIndMnd,2017M03,Betalt husleie,Konsumprisindeks (2015=100),2017M03,103.7
04.1,KpiIndMnd,2017M04,Betalt husleie,Konsumprisindeks (2015=100),2017M04,103.8
04.1,KpiIndMnd,2017M05,Betalt husleie,Konsumprisindeks (2015=100),2017M05,103.9
04.1,KpiIndMnd,2017M06,Betalt husleie,Konsumprisindeks (2015=100),2017M06,104
04.1,KpiIndMnd,2017M07,Betalt husleie,Konsumprisindeks (2015=100),2017M07,104.2
04.1,KpiIndMnd,2017M08,Betalt husleie,Konsumprisindeks (2015=100),2017M08,104.3
04.1,KpiIndMnd,2017M09,Betalt husleie,Konsumprisindeks (2015=100),2017M09,104.3
04.1,KpiIndMnd,2017M10,Betalt husleie,Konsumprisindeks (2015=100),2017M10,104.4
04.1,KpiIndMnd,2017M11,Betalt husleie,Konsumprisindeks (2015=100),2017M11,104.7
04.1,KpiIndMnd,2017M12,Betalt husleie,Konsumprisindeks (2015=100),2017M12,104.7
04.1,KpiIndMnd,2018M01,Betalt husleie,Konsumprisindeks (2015=100),2018M01,105.2
04.1,KpiIndMnd,2018M02,Betalt husleie,Konsumprisindeks (2015=100),2018M02,105.4
04.1,KpiIndMnd,2018M03,Betalt husleie,Konsumprisindeks (2015=100),2018M03,105.5
04.1,KpiIndMnd,2018M04,Betalt husleie,Konsumprisindeks (2015=100),2018M04,105.6
04.1,KpiIndMnd,2018M05,Betalt husleie,Konsumprisindeks (2015=100),2018M05,105.8
04.1,KpiIndMnd,2018M06,Betalt husleie,Konsumprisindeks (2015=100),2018M06,105.9
04.1,KpiIndMnd,2018M07,Betalt husleie,Konsumprisindeks (2015=100),2018M07,105.9
04.1,KpiIndMnd,2018M08,Betalt husleie,Konsumprisindeks (2015=100),2018M08,106
04.1,KpiIndMnd,2018M09,Betalt husleie,Konsumprisindeks (2015=100),2018M09,106.2
04.1,KpiIndMnd,2018M10,Betalt husleie,Konsumprisindeks (2015=100),2018M10,106.3
04.1,KpiIndMnd,2018M11,Betalt husleie,Konsumprisindeks (2015=100),2018M11,106.4
04.1,KpiIndMnd,2018M12,Betalt husleie,Konsumprisindeks (2015=100),2018M12,106.4
04.1,KpiIndMnd,2019M01,Betalt husleie,Konsumprisindeks (2015=100),2019M01,107
04.1,KpiIndMnd,2019M02,Betalt husleie,Konsumprisindeks (2015=100),2019M02,107.2
04.1,KpiIndMnd,2019M03,Betalt husleie,Konsumprisindeks (2015=100),2019M03,107.4
04.1,KpiIndMnd,2019M04,Betalt husleie,Konsumprisindeks (2015=100),2019M04,107.5
04.1,KpiIndMnd,2019M05,Betalt husleie,Konsumprisindeks (2015=100),2019M05,107.7
04.1,KpiIndMnd,2019M06,Betalt husleie,Konsumprisindeks (2015=100),2019M06,107.7
04.1,KpiIndMnd,2019M07,Betalt husleie,Konsumprisindeks (2015=100),2019M07,107.8
04.1,KpiIndMnd,2019M08,Betalt husleie,Konsumprisindeks (2015=100),2019M08,108
04.1,KpiIndMnd,2019M09,Betalt husleie,Konsumprisindeks (2015=100),2019M09,108.2
04.1,KpiIndMnd,2019M10,Betalt husleie,Konsumprisindeks (2015=100),2019M10,108.4
04.1,KpiIndMnd,2019M11,Betalt husleie,Konsumprisindeks (2015=100),2019M11,108.4
04.1,KpiIndMnd,2019M12,Betalt husleie,Konsumprisindeks (2015=100),2019M12,108.6
04.1,KpiIndMnd,2020M01,Betalt husleie,Konsumprisindeks (2015=100),2020M01,109.1
04.1,KpiIndMnd,2020M02,Betalt husleie,Konsumprisindeks (2015=100),2020M02,109.1
04.1,KpiIndMnd,2020M03,Betalt husleie,Konsumprisindeks (2015=100),2020M03,109.3
04.1,KpiIndMnd,2020M04,Betalt husleie,Konsumprisindeks (2015=100),2020M04,109.2
04.1,KpiIndMnd,2020M05,Betalt husleie,Konsumprisindeks (2015=100),2020M05,109
04.1,KpiIndMnd,2020M06,Betalt husleie,Konsumprisindeks (2015=100),2020M06,109.2
04.1,KpiIndMnd,2020M07,Betalt husleie,Konsumprisindeks (2015=100),2020M07,109.2
04.1,KpiIndMnd,2020M08,Betalt husleie,Konsumprisindeks (2015=100),2020M08,109.6
04.1,KpiIndMnd,2020M09,Betalt husleie,Konsumprisindeks (2015=100),2020M09,109.7
04.1,KpiIndMnd,2020M10,Betalt husleie,Konsumprisindeks (2015=100),2020M10,109.8
04.1,KpiIndMnd,2020M11,Betalt husleie,Konsumprisindeks (2015=100),2020M11,109.9
04.1,KpiIndMnd,2020M12,Betalt husleie,Konsumprisindeks (2015=100),2020M12,110.1
04.1,KpiIndMnd,2021M01,Betalt husleie,Konsumprisindeks (2015=100),2021M01,110.3
04.1,KpiIndMnd,2021M02,Betalt husleie,Konsumprisindeks (2015=100),2021M02,110.3
04.1,KpiIndMnd,2021M03,Betalt husleie,Konsumprisindeks (2015=100),2021M03,110.4
04.1,KpiIndMnd,2021M04,Betalt husleie,Konsumprisindeks (2015=100),2021M04,110.4
04.1,KpiIndMnd,2021M05,Betalt husleie,Konsumprisindeks (2015=100),2021M05,110.6
04.1,KpiIndMnd,2021M06,Betalt husleie,Konsumprisindeks (2015=100),2021M06,110.6
04.1,KpiIndMnd,2021M07,Betalt husleie,Konsumprisindeks (2015=100),2021M07,110.8
04.1,KpiIndMnd,2021M08,Betalt husleie,Konsumprisindeks (2015=100),2021M08,110.9
04.1,KpiIndMnd,2021M09,Betalt husleie,Konsumprisindeks (2015=100),2021M09,111.2
04.1,KpiIndMnd,2021M10,Betalt husleie,Konsumprisindeks (2015=100),2021M10,111.4
04.1,KpiIndMnd,2021M11,Betalt husleie,Konsumprisindeks (2015=100),2021M11,111.4
04.1,KpiIndMnd,2021M12,Betalt husleie,Konsumprisindeks (2015=100),2021M12,111.5
04.1,KpiIndMnd,2022M01,Betalt husleie,Konsumprisindeks (2015=100),2022M01,112.2
04.1,KpiIndMnd,2022M02,Betalt husleie,Konsumprisindeks (2015=100),2022M02,112.3
04.1,KpiIndMnd,2022M03,Betalt husleie,Konsumprisindeks (2015=100),2022M03,112.5
04.1,KpiIndMnd,2022M04,Betalt husleie,Konsumprisindeks (2015=100),2022M04,112.6
04.1,KpiIndMnd,2022M05,Betalt husleie,Konsumprisindeks (2015=100),2022M05,112.6
04.1,KpiIndMnd,2022M06,Betalt husleie,Konsumprisindeks (2015=100),2022M06,112.7
04.1,KpiIndMnd,2022M07,Betalt husleie,Konsumprisindeks (2015=100),2022M07,113.2
04.1,KpiIndMnd,2022M08,Betalt husleie,Konsumprisindeks (2015=100),2022M08,113.5
04.1,KpiIndMnd,2022M09,Betalt husleie,Konsumprisindeks (2015=100),2022M09,114
04.1,KpiIndMnd,2022M10,Betalt husleie,Konsumprisindeks (2015=100),2022M10,114.2
04.1,KpiIndMnd,2022M11,Betalt husleie,Konsumprisindeks (2015=100),2022M11,114.2
04.1,KpiIndMnd,2022M12,Betalt husleie,Konsumprisindeks (2015=100),2022M12,114.4
04.1,KpiIndMnd,2023M01,Betalt husleie,Konsumprisindeks (2015=100),2023M01,115.7
04.1,KpiIndMnd,2023M02,Betalt husleie,Konsumprisindeks (2015=100),2023M02,116.1
04.1,KpiIndMnd,2023M03,Betalt husleie,Konsumprisindeks (2015=100),2023M03,116.5
04.1,KpiIndMnd,2023M04,Betalt husleie,Konsumprisindeks (2015=100),2023M04,116.7
04.1,KpiIndMnd,2023M05,Betalt husleie,Konsumprisindeks (2015=100),2023M05,117.2
04.1,KpiIndMnd,2023M06,Betalt husleie,Konsumprisindeks (2015=100),2023M06,117.5
04.1,KpiIndMnd,2023M07,Betalt husleie,Konsumprisindeks (2015=100),2023M07,117.9
04.1,KpiIndMnd,2023M08,Betalt husleie,Konsumprisindeks (2015=100),2023M08,118.3
04.1,KpiIndMnd,2023M09,Betalt husleie,Konsumprisindeks (2015=100),2023M09,118.8
04.1,KpiIndMnd,2023M10,Betalt husleie,Konsumprisindeks (2015=100),2023M10,119.2
04.1,KpiIndMnd,2023M11,Betalt husleie,Konsumprisindeks (2015=100),2023M11,119.4
04.1,KpiIndMnd,2023M12,Betalt husleie,Konsumprisindeks (2015=100),2023M12,119.5
04.1,KpiIndMnd,2024M01,Betalt husleie,Konsumprisindeks (2015=100),2024M01,120.8
04.1,KpiIndMnd,2024M02,Betalt husleie,Konsumprisindeks (2015=100),2024M02,121.1
04.1,KpiIndMnd,2024M03,Betalt husleie,Konsumprisindeks (2015=100),2024M03,121.6
04.1,KpiIndMnd,2024M04,Betalt husleie,Konsumprisindeks (2015=100),2024M04,122.1
04.1,KpiIndMnd,2024M05,Betalt husleie,Konsumprisindeks (2015=100),2024M05,122.4
04.1,KpiIndMnd,2024M06,Betalt husleie,Konsumprisindeks (2015=100),2024M06,122.6
04.1,KpiIndMnd,2024M07,Betalt husleie,Konsumprisindeks (2015=100),2024M07,122.9
04.1,KpiIndMnd,2024M08,Betalt husleie,Konsumprisindeks (2015=100),2024M08,123.6
04.1,KpiIndMnd,2024M09,Betalt husleie,Konsumprisindeks (2015=100),2024M09,124
04.1,KpiIndMnd,2024M10,Betalt husleie,Konsumprisindeks (2015=100),2024M10,124.3
04.1,KpiIndMnd,2024M11,Betalt husleie,Konsumprisindeks (2015=100),2024M11,124.6
04.1,KpiIndMnd,2024M12,Betalt husleie,Konsumprisindeks (2015=100),2024M12,124.8
04.1,KpiIndMnd,2025M01,Betalt husleie,Konsumprisindeks (2015=100),2025M01,125.5
04.1,KpiIndMnd,2025M02,Betalt husleie,Konsumprisindeks (2015=100),2025M02,125.9
04.1,KpiIndMnd,2025M03,Betalt husleie,Konsumprisindeks (2015=100),2025M03,126.2
04.1,KpiIndMnd,2025M04,Betalt husleie,Konsumprisindeks (2015=100),2025M04,126.4
04.1,KpiIndMnd,2025M05,Betalt husleie,Konsumprisindeks (2015=100),2025M05,126.5
04.1,KpiIndMnd,2025M06,Betalt husleie,Konsumprisindeks (2015=100),2025M06,127
04.1,KpiIndMnd,2025M07,Betalt husleie,Konsumprisindeks (2015=100),2025M07,127.3
04.1,KpiIndMnd,2025M08,Betalt husleie,Konsumprisindeks (2015=100),2025M08,128.1
04.1,KpiIndMnd,2025M09,Betalt husleie,Konsumprisindeks (2015=100),2025M09,128.3
04.1,KpiIndMnd,2025M10,Betalt husleie,Konsumprisindeks (2015=100),2025M10,128.8
04.1,KpiIndMnd,2025M11,Betalt husleie,Konsumprisindeks (2015=100),2025M11,128.9
04.1,KpiIndMnd,2025M12,Betalt husleie,Konsumprisindeks (2015=100),2025M12,129.1
04.1,Manedsendring,1979M01,Betalt husleie,Månedsendring (prosent),1979M01,
04.1,Manedsendring,1979M02,Betalt husleie,Månedsendring (prosent),1979M02,0
04.1,Manedsendring,1979M03,Betalt husleie,Månedsendring (prosent),1979M03,0.9
04.1,Manedsendring,1979M04,Betalt husleie,Månedsendring (prosent),1979M04,0
04.1,Manedsendring,1979M05,Betalt husleie,Månedsendring (prosent),1979M05,0
04.1,Manedsendring,1979M06,Betalt husleie,Månedsendring (prosent),1979M06,0.4
04.1,Manedsendring,1979M07,Betalt husleie,Månedsendring (prosent),1979M07,0
04.1,Manedsendring,1979M08,Betalt husleie,Månedsendring (prosent),1979M08,0
04.1,Manedsendring,1979M09,Betalt husleie,Månedsendring (prosent),1979M09,0
04.1,Manedsendring,1979M10,Betalt husleie,Månedsendring (prosent),1979M10,0
04.1,Manedsendring,1979M11,Betalt husleie,Månedsendring (prosent),1979M11,0
04.1,Manedsendring,1979M12,Betalt husleie,Månedsendring (prosent),1979M12,0
04.1,Manedsendring,1980M01,Betalt husleie,Månedsendring (prosent),1980M01,0
04.1,Manedsendring,1980M02,Betalt husleie,Månedsendring (prosent),1980M02,0
04.1,Manedsendring,1980M03,Betalt husleie,Månedsendring (prosent),1980M03,4.4
04.1,Manedsendring,1980M04,Betalt husleie,Månedsendring (prosent),1980M04,0
04.1,Manedsendring,1980M05,Betalt husleie,Månedsendring (prosent),1980M05,0
04.1,Manedsendring,1980M06,Betalt husleie,Månedsendring (prosent),1980M06,3
04.1,Manedsendring,1980M07,Betalt husleie,Månedsendring (prosent),1980M07,0
04.1,Manedsendring,1980M08,Betalt husleie,Månedsendring (prosent),1980M08,0
04.1,Manedsendring,1980M09,Betalt husleie,Månedsendring (prosent),1980M09,2.1
04.1,Manedsendring,1980M10,Betalt husleie,Månedsendring (prosent),1980M10,0
04.1,Manedsendring,1980M11,Betalt husleie,Månedsendring (prosent),1980M11,0
04.1,Manedsendring,1980M12,Betalt husleie,Månedsendring (prosent),1980M12,0.8
04.1,Manedsendring,1981M01,Betalt husleie,Månedsendring (prosent),1981M01,0
04.1,Manedsendring,1981M02,Betalt husleie,Månedsendring (prosent),1981M02,0
04.1,Manedsendring,1981M03,Betalt husleie,Månedsendring (prosent),1981M03,5.2
04.1,Manedsendring,1981M04,Betalt husleie,Månedsendring (prosent),1981M04,0
04.1,Manedsendring,1981M05,Betalt husleie,Månedsendring (prosent),1981M05,0
04.1,Manedsendring,1981M06,Betalt husleie,Månedsendring (prosent),1981M06,3.1
04.1,Manedsendring,1981M07,Betalt husleie,Månedsendring (prosent),1981M07,0
04.1,Manedsendring,1981M08,Betalt husleie,Månedsendring (prosent),1981M08,0
04.1,Manedsendring,1981M09,Betalt husleie,Månedsendring (prosent),1981M09,1.1
04.1,Manedsendring,1981M10,Betalt husleie,Månedsendring (prosent),1981M10,0
04.1,Manedsendring,1981M11,Betalt husleie,Månedsendring (prosent),1981M11,0
04.1,Manedsendring,1981M12,Betalt husleie,Månedsendring (prosent),1981M12,0.7
04.1,Manedsendring,1982M01,Betalt husleie,Månedsendring (prosent),1982M01,0
04.1,Manedsendring,1982M02,Betalt husleie,Månedsendring (prosent),1982M02,0
04.1,Manedsendring,1982M03,Betalt husleie,Månedsendring (prosent),1982M03,8
04.1,Manedsendring,1982M04,Betalt husleie,Månedsendring (prosent),1982M04,0
04.1,Manedsendring,1982M05,Betalt husleie,Månedsendring (prosent),1982M05,0
04.1,Manedsendring,1982M06,Betalt husleie,Månedsendring (prosent),1982M06,3
04.1,Manedsendring,1982M07,Betalt husleie,Månedsendring (prosent),1982M07,0
04.1,Manedsendring,1982M08,Betalt husleie,Månedsendring (prosent),1982M08,0
04.1,Manedsendring,1982M09,Betalt husleie,Månedsendring (prosent),1982M09,0.3
04.1,Manedsendring,1982M10,Betalt husleie,Månedsendring (prosent),1982M10,0
04.1,Manedsendring,1982M11,Betalt husleie,Månedsendring (prosent),1982M11,0
04.1,Manedsendring,1982M12,Betalt husleie,Månedsendring (prosent),1982M12,0.7
04.1,Manedsendring,1983M01,Betalt husleie,Månedsendring (prosent),1983M01,0
04.1,Manedsendring,1983M02,Betalt husleie,Månedsendring (prosent),1983M02,0
04.1,Manedsendring,1983M03,Betalt husleie,Månedsendring (prosent),1983M03,5.2
04.1,Manedsendring,1983M04,Betalt husleie,Månedsendring (prosent),1983M04,0
04.1,Manedsendring,1983M05,Betalt husleie,Månedsendring (prosent),1983M05,0
04.1,Manedsendring,1983M06,Betalt husleie,Månedsendring (prosent),1983M06,1.8
04.1,Manedsendring,1983M07,Betalt husleie,Månedsendring (prosent),1983M07,0
04.1,Manedsendring,1983M08,Betalt husleie,Månedsendring (prosent),1983M08,0
04.1,Manedsendring,1983M09,Betalt husleie,Månedsendring (prosent),1983M09,0.6
04.1,Manedsendring,1983M10,Betalt husleie,Månedsendring (prosent),1983M10,0
04.1,Manedsendring,1983M11,Betalt husleie,Månedsendring (prosent),1983M11,0
04.1,Manedsendring,1983M12,Betalt husleie,Månedsendring (prosent),1983M12,0.3
04.1,Manedsendring,1984M01,Betalt husleie,Månedsendring (prosent),1984M01,0
04.1,Manedsendring,1984M02,Betalt husleie,Månedsendring (prosent),1984M02,0
04.1,Manedsendring,1984M03,Betalt husleie,Månedsendring (prosent),1984M03,4.5
04.1,Manedsendring,1984M04,Betalt husleie,Månedsendring (prosent),1984M04,0
04.1,Manedsendring,1984M05,Betalt husleie,Månedsendring (prosent),1984M05,0
04.1,Manedsendring,1984M06,Betalt husleie,Månedsendring (prosent),1984M06,1.4
04.1,Manedsendring,1984M07,Betalt husleie,Månedsendring (prosent),1984M07,0
04.1,Manedsendring,1984M08,Betalt husleie,Månedsendring (prosent),1984M08,0
04.1,Manedsendring,1984M09,Betalt husleie,Månedsendring (prosent),1984M09,0.8
04.1,Manedsendring,1984M10,Betalt husleie,Månedsendring (prosent),1984M10,0
04.1,Manedsendring,1984M11,Betalt husleie,Månedsendring (prosent),1984M11,0
04.1,Manedsendring,1984M12,Betalt husleie,Månedsendring (prosent),1984M12,0
04.1,Manedsendring,1985M01,Betalt husleie,Månedsendring (prosent),1985M01,0
04.1,Manedsendring,1985M02,Betalt husleie,Månedsendring (prosent),1985M02,0
04.1,Manedsendring,1985M03,Betalt husleie,Månedsendring (prosent),1985M03,2.8
04.1,Manedsendring,1985M04,Betalt husleie,Månedsendring (prosent),1985M04,0
04.1,Manedsendring,1985M05,Betalt husleie,Månedsendring (prosent),1985M05,0
04.1,Manedsendring,1985M06,Betalt husleie,Månedsendring (prosent),1985M06,0.5
04.1,Manedsendring,1985M07,Betalt husleie,Månedsendring (prosent),1985M07,0
04.1,Manedsendring,1985M08,Betalt husleie,Månedsendring (prosent),1985M08,0
04.1,Manedsendring,1985M09,Betalt husleie,Månedsendring (prosent),1985M09,0.8
04.1,Manedsendring,1985M10,Betalt husleie,Månedsendring (prosent),1985M10,0
04.1,Manedsendring,1985M11,Betalt husleie,Månedsendring (prosent),1985M11,0
04.1,Manedsendring,1985M12,Betalt husleie,Månedsendring (prosent),1985M12,0.3
04.1,Manedsendring,1986M01,Betalt husleie,Månedsendring (prosent),1986M01,0
04.1,Manedsendring,1986M02,Betalt husleie,Månedsendring (prosent),1986M02,0
04.1,Manedsendring,1986M03,Betalt husleie,Månedsendring (prosent),1986M03,2.9
04.1,Manedsendring,1986M04,Betalt husleie,Månedsendring (prosent),1986M04,0
04.1,Manedsendring,1986M05,Betalt husleie,Månedsendring (prosent),1986M05,0
04.1,Manedsendring,1986M06,Betalt husleie,Månedsendring (prosent),1986M06,0.8
04.1,Manedsendring,1986M07,Betalt husleie,Månedsendring (prosent),1986M07,0
04.1,Manedsendring,1986M08,Betalt husleie,Månedsendring (prosent),1986M08,0
04.1,Manedsendring,1986M09,Betalt husleie,Månedsendring (prosent),1986M09,1
04.1,Manedsendring,1986M10,Betalt husleie,Månedsendring (prosent),1986M10,0
04.1,Manedsendring,1986M11,Betalt husleie,Månedsendring (prosent),1986M11,0
04.1,Manedsendring,1986M12,Betalt husleie,Månedsendring (prosent),1986M12,0.5
04.1,Manedsendring,1987M01,Betalt husleie,Månedsendring (prosent),1987M01,0
04.1,Manedsendring,1987M02,Betalt husleie,Månedsendring (prosent),1987M02,0
04.1,Manedsendring,1987M03,Betalt husleie,Månedsendring (prosent),1987M03,3.3
04.1,Manedsendring,1987M04,Betalt husleie,Månedsendring (prosent),1987M04,0
04.1,Manedsendring,1987M05,Betalt husleie,Månedsendring (prosent),1987M05,0
04.1,Manedsendring,1987M06,Betalt husleie,Månedsendring (prosent),1987M06,1
04.1,Manedsendring,1987M07,Betalt husleie,Månedsendring (prosent),1987M07,0
04.1,Manedsendring,1987M08,Betalt husleie,Månedsendring (prosent),1987M08,0
04.1,Manedsendring,1987M09,Betalt husleie,Månedsendring (prosent),1987M09,1.2
04.1,Manedsendring,1987M10,Betalt husleie,Månedsendring (prosent),1987M10,0
04.1,Manedsendring,1987M11,Betalt husleie,Månedsendring (prosent),1987M11,0
04.1,Manedsendring,1987M12,Betalt husleie,Månedsendring (prosent),1987M12,0.5
04.1,Manedsendring,1988M01,Betalt husleie,Månedsendring (prosent),1988M01,0
04.1,Manedsendring,1988M02,Betalt husleie,Månedsendring (prosent),1988M02,0
04.1,Manedsendring,1988M03,Betalt husleie,Månedsendring (prosent),1988M03,4.8
04.1,Manedsendring,1988M04,Betalt husleie,Månedsendring (prosent),1988M04,0
04.1,Manedsendring,1988M05,Betalt husleie,Månedsendring (prosent),1988M05,0
04.1,Manedsendring,1988M06,Betalt husleie,Månedsendring (prosent),1988M06,1.8
04.1,Manedsendring,1988M07,Betalt husleie,Månedsendring (prosent),1988M07,0
04.1,Manedsendring,1988M08,Betalt husleie,Månedsendring (prosent),1988M08,0
04.1,Manedsendring,1988M09,Betalt husleie,Månedsendring (prosent),1988M09,1.1
04.1,Manedsendring,1988M10,Betalt husleie,Månedsendring (prosent),1988M10,0
04.1,Manedsendring,1988M11,Betalt husleie,Månedsendring (prosent),1988M11,0
04.1,Manedsendring,1988M12,Betalt husleie,Månedsendring (prosent),1988M12,0.7
04.1,Manedsendring,1989M01,Betalt husleie,Månedsendring (prosent),1989M01,0
04.1,Manedsendring,1989M02,Betalt husleie,Månedsendring (prosent),1989M02,0
04.1,Manedsendring,1989M03,Betalt husleie,Månedsendring (prosent),1989M03,3.8
04.1,Manedsendring,1989M04,Betalt husleie,Månedsendring (prosent),1989M04,0
04.1,Manedsendring,1989M05,Betalt husleie,Månedsendring (prosent),1989M05,0
04.1,Manedsendring,1989M06,Betalt husleie,Månedsendring (prosent),1989M06,1.7
04.1,Manedsendring,1989M07,Betalt husleie,Månedsendring (prosent),1989M07,0
04.1,Manedsendring,1989M08,Betalt husleie,Månedsendring (prosent),1989M08,0
04.1,Manedsendring,1989M09,Betalt husleie,Månedsendring (prosent),1989M09,1
04.1,Manedsendring,1989M10,Betalt husleie,Månedsendring (prosent),1989M10,0
04.1,Manedsendring,1989M11,Betalt husleie,Månedsendring (prosent),1989M11,0
04.1,Manedsendring,1989M12,Betalt husleie,Månedsendring (prosent),1989M12,0.6
04.1,Manedsendring,1990M01,Betalt husleie,Månedsendring (prosent),1990M01,0
04.1,Manedsendring,1990M02,Betalt husleie,Månedsendring (prosent),1990M02,0
04.1,Manedsendring,1990M03,Betalt husleie,Månedsendring (prosent),1990M03,3.5
04.1,Manedsendring,1990M04,Betalt husleie,Månedsendring (prosent),1990M04,0
04.1,Manedsendring,1990M05,Betalt husleie,Månedsendring (prosent),1990M05,0
04.1,Manedsendring,1990M06,Betalt husleie,Månedsendring (prosent),1990M06,1
04.1,Manedsendring,1990M07,Betalt husleie,Månedsendring (prosent),1990M07,0
04.1,Manedsendring,1990M08,Betalt husleie,Månedsendring (prosent),1990M08,0
04.1,Manedsendring,1990M09,Betalt husleie,Månedsendring (prosent),1990M09,0.8
04.1,Manedsendring,1990M10,Betalt husleie,Månedsendring (prosent),1990M10,0
04.1,Manedsendring,1990M11,Betalt husleie,Månedsendring (prosent),1990M11,0
04.1,Manedsendring,1990M12,Betalt husleie,Månedsendring (prosent),1990M12,0.2
04.1,Manedsendring,1991M01,Betalt husleie,Månedsendring (prosent),1991M01,0
04.1,Manedsendring,1991M02,Betalt husleie,Månedsendring (prosent),1991M02,0
04.1,Manedsendring,1991M03,Betalt husleie,Månedsendring (prosent),1991M03,3.1
04.1,Manedsendring,1991M04,Betalt husleie,Månedsendring (prosent),1991M04,0
04.1,Manedsendring,1991M05,Betalt husleie,Månedsendring (prosent),1991M05,0
04.1,Manedsendring,1991M06,Betalt husleie,Månedsendring (prosent),1991M06,0.6
04.1,Manedsendring,1991M07,Betalt husleie,Månedsendring (prosent),1991M07,0
04.1,Manedsendring,1991M08,Betalt husleie,Månedsendring (prosent),1991M08,0
04.1,Manedsendring,1991M09,Betalt husleie,Månedsendring (prosent),1991M09,0.6
04.1,Manedsendring,1991M10,Betalt husleie,Månedsendring (prosent),1991M10,0
04.1,Manedsendring,1991M11,Betalt husleie,Månedsendring (prosent),1991M11,0
04.1,Manedsendring,1991M12,Betalt husleie,Månedsendring (prosent),1991M12,0.2
04.1,Manedsendring,1992M01,Betalt husleie,Månedsendring (prosent),1992M01,0
04.1,Manedsendring,1992M02,Betalt husleie,Månedsendring (prosent),1992M02,0
04.1,Manedsendring,1992M03,Betalt husleie,Månedsendring (prosent),1992M03,2.1
04.1,Manedsendring,1992M04,Betalt husleie,Månedsendring (prosent),1992M04,0
04.1,Manedsendring,1992M05,Betalt husleie,Månedsendring (prosent),1992M05,0
04.1,Manedsendring,1992M06,Betalt husleie,Månedsendring (prosent),1992M06,0.7
04.1,Manedsendring,1992M07,Betalt husleie,Månedsendring (prosent),1992M07,0
04.1,Manedsendring,1992M08,Betalt husleie,Månedsendring (prosent),1992M08,0
04.1,Manedsendring,1992M09,Betalt husleie,Månedsendring (prosent),1992M09,0.7
04.1,Manedsendring,1992M10,Betalt husleie,Månedsendring (prosent),1992M10,0
04.1,Manedsendring,1992M11,Betalt husleie,Månedsendring (prosent),1992M11,0
04.1,Manedsendring,1992M12,Betalt husleie,Månedsendring (prosent),1992M12,0.4
04.1,Manedsendring,1993M01,Betalt husleie,Månedsendring (prosent),1993M01,0
04.1,Manedsendring,1993M02,Betalt husleie,Månedsendring (prosent),1993M02,0
04.1,Manedsendring,1993M03,Betalt husleie,Månedsendring (prosent),1993M03,1.4
04.1,Manedsendring,1993M04,Betalt husleie,Månedsendring (prosent),1993M04,0
04.1,Manedsendring,1993M05,Betalt husleie,Månedsendring (prosent),1993M05,0
04.1,Manedsendring,1993M06,Betalt husleie,Månedsendring (prosent),1993M06,0.4
04.1,Manedsendring,1993M07,Betalt husleie,Månedsendring (prosent),1993M07,0
04.1,Manedsendring,1993M08,Betalt husleie,Månedsendring (prosent),1993M08,0
04.1,Manedsendring,1993M09,Betalt husleie,Månedsendring (prosent),1993M09,0.2
04.1,Manedsendring,1993M10,Betalt husleie,Månedsendring (prosent),1993M10,0
04.1,Manedsendring,1993M11,Betalt husleie,Månedsendring (prosent),1993M11,0
04.1,Manedsendring,1993M12,Betalt husleie,Månedsendring (prosent),1993M12,-0.2
04.1,Manedsendring,1994M01,Betalt husleie,Månedsendring (prosent),1994M01,0
04.1,Manedsendring,1994M02,Betalt husleie,Månedsendring (prosent),1994M02,0
04.1,Manedsendring,1994M03,Betalt husleie,Månedsendring (prosent),1994M03,0.2
04.1,Manedsendring,1994M04,Betalt husleie,Månedsendring (prosent),1994M04,0
04.1,Manedsendring,1994M05,Betalt husleie,Månedsendring (prosent),1994M05,0
04.1,Manedsendring,1994M06,Betalt husleie,Månedsendring (prosent),1994M06,0.2
04.1,Manedsendring,1994M07,Betalt husleie,Månedsendring (prosent),1994M07,0
04.1,Manedsendring,1994M08,Betalt husleie,Månedsendring (prosent),1994M08,0
04.1,Manedsendring,1994M09,Betalt husleie,Månedsendring (prosent),1994M09,0.2
04.1,Manedsendring,1994M10,Betalt husleie,Månedsendring (prosent),1994M10,0
04.1,Manedsendring,1994M11,Betalt husleie,Månedsendring (prosent),1994M11,0
04.1,Manedsendring,1994M12,Betalt husleie,Månedsendring (prosent),1994M12,0.2
04.1,Manedsendring,1995M01,Betalt husleie,Månedsendring (prosent),1995M01,0
04.1,Manedsendring,1995M02,Betalt husleie,Månedsendring (prosent),1995M02,0
04.1,Manedsendring,1995M03,Betalt husleie,Månedsendring (prosent),1995M03,0.7
04.1,Manedsendring,1995M04,Betalt husleie,Månedsendring (prosent),1995M04,0
04.1,Manedsendring,1995M05,Betalt husleie,Månedsendring (prosent),1995M05,0
04.1,Manedsendring,1995M06,Betalt husleie,Månedsendring (prosent),1995M06,0.5
04.1,Manedsendring,1995M07,Betalt husleie,Månedsendring (prosent),1995M07,0
04.1,Manedsendring,1995M08,Betalt husleie,Månedsendring (prosent),1995M08,0
04.1,Manedsendring,1995M09,Betalt husleie,Månedsendring (prosent),1995M09,0.7
04.1,Manedsendring,1995M10,Betalt husleie,Månedsendring (prosent),1995M10,0
04.1,Manedsendring,1995M11,Betalt husleie,Månedsendring (prosent),1995M11,0
04.1,Manedsendring,1995M12,Betalt husleie,Månedsendring (prosent),1995M12,-0.2
04.1,Manedsendring,1996M01,Betalt husleie,Månedsendring (prosent),1996M01,0
04.1,Manedsendring,1996M02,Betalt husleie,Månedsendring (prosent),1996M02,0
04.1,Manedsendring,1996M03,Betalt husleie,Månedsendring (prosent),1996M03,1
04.1,Manedsendring,1996M04,Betalt husleie,Månedsendring (prosent),1996M04,0
04.1,Manedsendring,1996M05,Betalt husleie,Månedsendring (prosent),1996M05,0
04.1,Manedsendring,1996M06,Betalt husleie,Månedsendring (prosent),1996M06,0.2
04.1,Manedsendring,1996M07,Betalt husleie,Månedsendring (prosent),1996M07,0
04.1,Manedsendring,1996M08,Betalt husleie,Månedsendring (prosent),1996M08,0
04.1,Manedsendring,1996M09,Betalt husleie,Månedsendring (prosent),1996M09,0.3
04.1,Manedsendring,1996M10,Betalt husleie,Månedsendring (prosent),1996M10,0
04.1,Manedsendring,1996M11,Betalt husleie,Månedsendring (prosent),1996M11,0
04.1,Manedsendring,1996M12,Betalt husleie,Månedsendring (prosent),1996M12,0.2
04.1,Manedsendring,1997M01,Betalt husleie,Månedsendring (prosent),1997M01,0
04.1,Manedsendring,1997M02,Betalt husleie,Månedsendring (prosent),1997M02,0
04.1,Manedsendring,1997M03,Betalt husleie,Månedsendring (prosent),1997M03,1
04.1,Manedsendring,1997M04,Betalt husleie,Månedsendring (prosent),1997M04,0
04.1,Manedsendring,1997M05,Betalt husleie,Månedsendring (prosent),1997M05,0
04.1,Manedsendring,1997M06,Betalt husleie,Månedsendring (prosent),1997M06,1.2
04.1,Manedsendring,1997M07,Betalt husleie,Månedsendring (prosent),1997M07,0
04.1,Manedsendring,1997M08,Betalt husleie,Månedsendring (prosent),1997M08,0
04.1,Manedsendring,1997M09,Betalt husleie,Månedsendring (prosent),1997M09,0.7
04.1,Manedsendring,1997M10,Betalt husleie,Månedsendring (prosent),1997M10,0
04.1,Manedsendring,1997M11,Betalt husleie,Månedsendring (prosent),1997M11,0
04.1,Manedsendring,1997M12,Betalt husleie,Månedsendring (prosent),1997M12,0.2
04.1,Manedsendring,1998M01,Betalt husleie,Månedsendring (prosent),1998M01,0
04.1,Manedsendring,1998M02,Betalt husleie,Månedsendring (prosent),1998M02,0
04.1,Manedsendring,1998M03,Betalt husleie,Månedsendring (prosent),1998M03,0.7
04.1,Manedsendring,1998M04,Betalt husleie,Månedsendring (prosent),1998M04,0
04.1,Manedsendring,1998M05,Betalt husleie,Månedsendring (prosent),1998M05,0
04.1,Manedsendring,1998M06,Betalt husleie,Månedsendring (prosent),1998M06,0.8
04.1,Manedsendring,1998M07,Betalt husleie,Månedsendring (prosent),1998M07,0
04.1,Manedsendring,1998M08,Betalt husleie,Månedsendring (prosent),1998M08,0
04.1,Manedsendring,1998M09,Betalt husleie,Månedsendring (prosent),1998M09,0.2
04.1,Manedsendring,1998M10,Betalt husleie,Månedsendring (prosent),1998M10,0
04.1,Manedsendring,1998M11,Betalt husleie,Månedsendring (prosent),1998M11,0
04.1,Manedsendring,1998M12,Betalt husleie,Månedsendring (prosent),1998M12,0
04.1,Manedsendring,1999M01,Betalt husleie,Månedsendring (prosent),1999M01,0
04.1,Manedsendring,1999M02,Betalt husleie,Månedsendring (prosent),1999M02,0
04.1,Manedsendring,1999M03,Betalt husleie,Månedsendring (prosent),1999M03,2.1
04.1,Manedsendring,1999M04,Betalt husleie,Månedsendring (prosent),1999M04,0
04.1,Manedsendring,1999M05,Betalt husleie,Månedsendring (prosent),1999M05,0
04.1,Manedsendring,1999M06,Betalt husleie,Månedsendring (prosent),1999M06,0.3
04.1,Manedsendring,1999M07,Betalt husleie,Månedsendring (prosent),1999M07,0
04.1,Manedsendring,1999M08,Betalt husleie,Månedsendring (prosent),1999M08,0
04.1,Manedsendring,1999M09,Betalt husleie,Månedsendring (prosent),1999M09,0.8
04.1,Manedsendring,1999M10,Betalt husleie,Månedsendring (prosent),1999M10,0
04.1,Manedsendring,1999M11,Betalt husleie,Månedsendring (prosent),1999M11,0
04.1,Manedsendring,1999M12,Betalt husleie,Månedsendring (prosent),1999M12,0.2
04.1,Manedsendring,2000M01,Betalt husleie,Månedsendring (prosent),2000M01,1.3
04.1,Manedsendring,2000M02,Betalt husleie,Månedsendring (prosent),2000M02,0.2
04.1,Manedsendring,2000M03,Betalt husleie,Månedsendring (prosent),2000M03,0.3
04.1,Manedsendring,2000M04,Betalt husleie,Månedsendring (prosent),2000M04,0.3
04.1,Manedsendring,2000M05,Betalt husleie,Månedsendring (prosent),2000M05,0
04.1,Manedsendring,2000M06,Betalt husleie,Månedsendring (prosent),2000M06,0.5
04.1,Manedsendring,2000M07,Betalt husleie,Månedsendring (prosent),2000M07,0.3
04.1,Manedsendring,2000M08,Betalt husleie,Månedsendring (prosent),2000M08,0.6
04.1,Manedsendring,2000M09,Betalt husleie,Månedsendring (prosent),2000M09,0.5
04.1,Manedsendring,2000M10,Betalt husleie,Månedsendring (prosent),2000M10,-0.2
04.1,Manedsendring,2000M11,Betalt husleie,Månedsendring (prosent),2000M11,0.5
04.1,Manedsendring,2000M12,Betalt husleie,Månedsendring (prosent),2000M12,0
04.1,Manedsendring,2001M01,Betalt husleie,Månedsendring (prosent),2001M01,1.2
04.1,Manedsendring,2001M02,Betalt husleie,Månedsendring (prosent),2001M02,0
04.1,Manedsendring,2001M03,Betalt husleie,Månedsendring (prosent),2001M03,0.3
04.1,Manedsendring,2001M04,Betalt husleie,Månedsendring (prosent),2001M04,0.3
04.1,Manedsendring,2001M05,Betalt husleie,Månedsendring (prosent),2001M05,0
04.1,Manedsendring,2001M06,Betalt husleie,Månedsendring (prosent),2001M06,0.3
04.1,Manedsendring,2001M07,Betalt husleie,Månedsendring (prosent),2001M07,0.3
04.1,Manedsendring,2001M08,Betalt husleie,Månedsendring (prosent),2001M08,0.1
04.1,Manedsendring,2001M09,Betalt husleie,Månedsendring (prosent),2001M09,0.6
04.1,Manedsendring,2001M10,Betalt husleie,Månedsendring (prosent),2001M10,0.1
04.1,Manedsendring,2001M11,Betalt husleie,Månedsendring (prosent),2001M11,0.3
04.1,Manedsendring,2001M12,Betalt husleie,Månedsendring (prosent),2001M12,0.7
04.1,Manedsendring,2002M01,Betalt husleie,Månedsendring (prosent),2002M01,1
04.1,Manedsendring,2002M02,Betalt husleie,Månedsendring (prosent),2002M02,-0.1
04.1,Manedsendring,2002M03,Betalt husleie,Månedsendring (prosent),2002M03,0.7
04.1,Manedsendring,2002M04,Betalt husleie,Månedsendring (prosent),2002M04,0.3
04.1,Manedsendring,2002M05,Betalt husleie,Månedsendring (prosent),2002M05,0.3
04.1,Manedsendring,2002M06,Betalt husleie,Månedsendring (prosent),2002M06,0.6
04.1,Manedsendring,2002M07,Betalt husleie,Månedsendring (prosent),2002M07,0.6
04.1,Manedsendring,2002M08,Betalt husleie,Månedsendring (prosent),2002M08,-0.1
04.1,Manedsendring,2002M09,Betalt husleie,Månedsendring (prosent),2002M09,0
04.1,Manedsendring,2002M10,Betalt husleie,Månedsendring (prosent),2002M10,0.1
04.1,Manedsendring,2002M11,Betalt husleie,Månedsendring (prosent),2002M11,0.1
04.1,Manedsendring,2002M12,Betalt husleie,Månedsendring (prosent),2002M12,0.3
04.1,Manedsendring,2003M01,Betalt husleie,Månedsendring (prosent),2003M01,1.1
04.1,Manedsendring,2003M02,Betalt husleie,Månedsendring (prosent),2003M02,0.3
04.1,Manedsendring,2003M03,Betalt husleie,Månedsendring (prosent),2003M03,0.3
04.1,Manedsendring,2003M04,Betalt husleie,Månedsendring (prosent),2003M04,0.8
04.1,Manedsendring,2003M05,Betalt husleie,Månedsendring (prosent),2003M05,0.3
04.1,Manedsendring,2003M06,Betalt husleie,Månedsendring (prosent),2003M06,0.3
04.1,Manedsendring,2003M07,Betalt husleie,Månedsendring (prosent),2003M07,0.1
04.1,Manedsendring,2003M08,Betalt husleie,Månedsendring (prosent),2003M08,0
04.1,Manedsendring,2003M09,Betalt husleie,Månedsendring (prosent),2003M09,0.3
04.1,Manedsendring,2003M10,Betalt husleie,Månedsendring (prosent),2003M10,0
04.1,Manedsendring,2003M11,Betalt husleie,Månedsendring (prosent),2003M11,0.3
04.1,Manedsendring,2003M12,Betalt husleie,Månedsendring (prosent),2003M12,0
04.1,Manedsendring,2004M01,Betalt husleie,Månedsendring (prosent),2004M01,0
04.1,Manedsendring,2004M02,Betalt husleie,Månedsendring (prosent),2004M02,0.4
04.1,Manedsendring,2004M03,Betalt husleie,Månedsendring (prosent),2004M03,0.3
04.1,Manedsendring,2004M04,Betalt husleie,Månedsendring (prosent),2004M04,0
04.1,Manedsendring,2004M05,Betalt husleie,Månedsendring (prosent),2004M05,0.1
04.1,Manedsendring,2004M06,Betalt husleie,Månedsendring (prosent),2004M06,0.4
04.1,Manedsendring,2004M07,Betalt husleie,Månedsendring (prosent),2004M07,-0.1
04.1,Manedsendring,2004M08,Betalt husleie,Månedsendring (prosent),2004M08,0.1
04.1,Manedsendring,2004M09,Betalt husleie,Månedsendring (prosent),2004M09,0.3
04.1,Manedsendring,2004M10,Betalt husleie,Månedsendring (prosent),2004M10,0.1
04.1,Manedsendring,2004M11,Betalt husleie,Månedsendring (prosent),2004M11,0.1
04.1,Manedsendring,2004M12,Betalt husleie,Månedsendring (prosent),2004M12,0.1
04.1,Manedsendring,2005M01,Betalt husleie,Månedsendring (prosent),2005M01,0.4
04.1,Manedsendring,2005M02,Betalt husleie,Månedsendring (prosent),2005M02,0.1
04.1,Manedsendring,2005M03,Betalt husleie,Månedsendring (prosent),2005M03,0
04.1,Manedsendring,2005M04,Betalt husleie,Månedsendring (prosent),2005M04,0.5
04.1,Manedsendring,2005M05,Betalt husleie,Månedsendring (prosent),2005M05,0.1
04.1,Manedsendring,2005M06,Betalt husleie,Månedsendring (prosent),2005M06,0
04.1,Manedsendring,2005M07,Betalt husleie,Månedsendring (prosent),2005M07,0.1
04.1,Manedsendring,2005M08,Betalt husleie,Månedsendring (prosent),2005M08,0
04.1,Manedsendring,2005M09,Betalt husleie,Månedsendring (prosent),2005M09,0.3
04.1,Manedsendring,2005M10,Betalt husleie,Månedsendring (prosent),2005M10,0
04.1,Manedsendring,2005M11,Betalt husleie,Månedsendring (prosent),2005M11,0.3
04.1,Manedsendring,2005M12,Betalt husleie,Månedsendring (prosent),2005M12,0.1
04.1,Manedsendring,2006M01,Betalt husleie,Månedsendring (prosent),2006M01,0.5
04.1,Manedsendring,2006M02,Betalt husleie,Månedsendring (prosent),2006M02,0.1
04.1,Manedsendring,2006M03,Betalt husleie,Månedsendring (prosent),2006M03,0.3
04.1,Manedsendring,2006M04,Betalt husleie,Månedsendring (prosent),2006M04,0.3
04.1,Manedsendring,2006M05,Betalt husleie,Månedsendring (prosent),2006M05,0.1
04.1,Manedsendring,2006M06,Betalt husleie,Månedsendring (prosent),2006M06,0.3
04.1,Manedsendring,2006M07,Betalt husleie,Månedsendring (prosent),2006M07,0.3
04.1,Manedsendring,2006M08,Betalt husleie,Månedsendring (prosent),2006M08,-0.1
04.1,Manedsendring,2006M09,Betalt husleie,Månedsendring (prosent),2006M09,0.1
04.1,Manedsendring,2006M10,Betalt husleie,Månedsendring (prosent),2006M10,0.4
04.1,Manedsendring,2006M11,Betalt husleie,Månedsendring (prosent),2006M11,0
04.1,Manedsendring,2006M12,Betalt husleie,Månedsendring (prosent),2006M12,0
04.1,Manedsendring,2007M01,Betalt husleie,Månedsendring (prosent),2007M01,0.6
04.1,Manedsendring,2007M02,Betalt husleie,Månedsendring (prosent),2007M02,-0.1
04.1,Manedsendring,2007M03,Betalt husleie,Månedsendring (prosent),2007M03,0.1
04.1,Manedsendring,2007M04,Betalt husleie,Månedsendring (prosent),2007M04,0.1
04.1,Manedsendring,2007M05,Betalt husleie,Månedsendring (prosent),2007M05,0.1
04.1,Manedsendring,2007M06,Betalt husleie,Månedsendring (prosent),2007M06,0
04.1,Manedsendring,2007M07,Betalt husleie,Månedsendring (prosent),2007M07,0.5
04.1,Manedsendring,2007M08,Betalt husleie,Månedsendring (prosent),2007M08,0
04.1,Manedsendring,2007M09,Betalt husleie,Månedsendring (prosent),2007M09,0
04.1,Manedsendring,2007M10,Betalt husleie,Månedsendring (prosent),2007M10,0.2
04.1,Manedsendring,2007M11,Betalt husleie,Månedsendring (prosent),2007M11,0.4
04.1,Manedsendring,2007M12,Betalt husleie,Månedsendring (prosent),2007M12,0.5
04.1,Manedsendring,2008M01,Betalt husleie,Månedsendring (prosent),2008M01,0.2
04.1,Manedsendring,2008M02,Betalt husleie,Månedsendring (prosent),2008M02,0
04.1,Manedsendring,2008M03,Betalt husleie,Månedsendring (prosent),2008M03,1
04.1,Manedsendring,2008M04,Betalt husleie,Månedsendring (prosent),2008M04,0.4
04.1,Manedsendring,2008M05,Betalt husleie,Månedsendring (prosent),2008M05,-0.1
04.1,Manedsendring,2008M06,Betalt husleie,Månedsendring (prosent),2008M06,0
04.1,Manedsendring,2008M07,Betalt husleie,Månedsendring (prosent),2008M07,0.4
04.1,Manedsendring,2008M08,Betalt husleie,Månedsendring (prosent),2008M08,0.2
04.1,Manedsendring,2008M09,Betalt husleie,Månedsendring (prosent),2008M09,0.1
04.1,Manedsendring,2008M10,Betalt husleie,Månedsendring (prosent),2008M10,0.2
04.1,Manedsendring,2008M11,Betalt husleie,Månedsendring (prosent),2008M11,0.1
04.1,Manedsendring,2008M12,Betalt husleie,Månedsendring (prosent),2008M12,0.4
04.1,Manedsendring,2009M01,Betalt husleie,Månedsendring (prosent),2009M01,1.1
04.1,Manedsendring,2009M02,Betalt husleie,Månedsendring (prosent),2009M02,0.2
04.1,Manedsendring,2009M03,Betalt husleie,Månedsendring (prosent),2009M03,0.2
04.1,Manedsendring,2009M04,Betalt husleie,Månedsendring (prosent),2009M04,0.1
04.1,Manedsendring,2009M05,Betalt husleie,Månedsendring (prosent),2009M05,0.2
04.1,Manedsendring,2009M06,Betalt husleie,Månedsendring (prosent),2009M06,0.7
04.1,Manedsendring,2009M07,Betalt husleie,Månedsendring (prosent),2009M07,0.1
04.1,Manedsendring,2009M08,Betalt husleie,Månedsendring (prosent),2009M08,0
04.1,Manedsendring,2009M09,Betalt husleie,Månedsendring (prosent),2009M09,-0.2
04.1,Manedsendring,2009M10,Betalt husleie,Månedsendring (prosent),2009M10,0.1
04.1,Manedsendring,2009M11,Betalt husleie,Månedsendring (prosent),2009M11,0.1
04.1,Manedsendring,2009M12,Betalt husleie,Månedsendring (prosent),2009M12,0
04.1,Manedsendring,2010M01,Betalt husleie,Månedsendring (prosent),2010M01,1.4
04.1,Manedsendring,2010M02,Betalt husleie,Månedsendring (prosent),2010M02,0.5
04.1,Manedsendring,2010M03,Betalt husleie,Månedsendring (prosent),2010M03,0.1
04.1,Manedsendring,2010M04,Betalt husleie,Månedsendring (prosent),2010M04,0
04.1,Manedsendring,2010M05,Betalt husleie,Månedsendring (prosent),2010M05,0.1
04.1,Manedsendring,2010M06,Betalt husleie,Månedsendring (prosent),2010M06,0
04.1,Manedsendring,2010M07,Betalt husleie,Månedsendring (prosent),2010M07,0.1
04.1,Manedsendring,2010M08,Betalt husleie,Månedsendring (prosent),2010M08,0.2
04.1,Manedsendring,2010M09,Betalt husleie,Månedsendring (prosent),2010M09,0.2
04.1,Manedsendring,2010M10,Betalt husleie,Månedsendring (prosent),2010M10,0.2
04.1,Manedsendring,2010M11,Betalt husleie,Månedsendring (prosent),2010M11,0
04.1,Manedsendring,2010M12,Betalt husleie,Månedsendring (prosent),2010M12,0.1
04.1,Manedsendring,2011M01,Betalt husleie,Månedsendring (prosent),2011M01,0.9
04.1,Manedsendring,2011M02,Betalt husleie,Månedsendring (prosent),2011M02,0.1
04.1,Manedsendring,2011M03,Betalt husleie,Månedsendring (prosent),2011M03,0.1
04.1,Manedsendring,2011M04,Betalt husleie,Månedsendring (prosent),2011M04,0
04.1,Manedsendring,2011M05,Betalt husleie,Månedsendring (prosent),2011M05,0.1
04.1,Manedsendring,2011M06,Betalt husleie,Månedsendring (prosent),2011M06,0.1
04.1,Manedsendring,2011M07,Betalt husleie,Månedsendring (prosent),2011M07,0.1
04.1,Manedsendring,2011M08,Betalt husleie,Månedsendring (prosent),2011M08,0.2
04.1,Manedsendring,2011M09,Betalt husleie,Månedsendring (prosent),2011M09,0.3
04.1,Manedsendring,2011M10,Betalt husleie,Månedsendring (prosent),2011M10,0
04.1,Manedsendring,2011M11,Betalt husleie,Månedsendring (prosent),2011M11,0.1
04.1,Manedsendring,2011M12,Betalt husleie,Månedsendring (prosent),2011M12,0.1
04.1,Manedsendring,2012M01,Betalt husleie,Månedsendring (prosent),2012M01,0.4
04.1,Manedsendring,2012M02,Betalt husleie,Månedsendring (prosent),2012M02,0.1
04.1,Manedsendring,2012M03,Betalt husleie,Månedsendring (prosent),2012M03,0.2
04.1,Manedsendring,2012M04,Betalt husleie,Månedsendring (prosent),2012M04,0
04.1,Manedsendring,2012M05,Betalt husleie,Månedsendring (prosent),2012M05,0.1
04.1,Manedsendring,2012M06,Betalt husleie,Månedsendring (prosent),2012M06,0.2
04.1,Manedsendring,2012M07,Betalt husleie,Månedsendring (prosent),2012M07,0.1
04.1,Manedsendring,2012M08,Betalt husleie,Månedsendring (prosent),2012M08,0.1
04.1,Manedsendring,2012M09,Betalt husleie,Månedsendring (prosent),2012M09,0.2
04.1,Manedsendring,2012M10,Betalt husleie,Månedsendring (prosent),2012M10,0.1
04.1,Manedsendring,2012M11,Betalt husleie,Månedsendring (prosent),2012M11,0.3
04.1,Manedsendring,2012M12,Betalt husleie,Månedsendring (prosent),2012M12,0.1
04.1,Manedsendring,2013M01,Betalt husleie,Månedsendring (prosent),2013M01,0.9
04.1,Manedsendring,2013M02,Betalt husleie,Månedsendring (prosent),2013M02,0.4
04.1,Manedsendring,2013M03,Betalt husleie,Månedsendring (prosent),2013M03,0.1
04.1,Manedsendring,2013M04,Betalt husleie,Månedsendring (prosent),2013M04,0.2
04.1,Manedsendring,2013M05,Betalt husleie,Månedsendring (prosent),2013M05,0.4
04.1,Manedsendring,2013M06,Betalt husleie,Månedsendring (prosent),2013M06,-0.1
04.1,Manedsendring,2013M07,Betalt husleie,Månedsendring (prosent),2013M07,0.3
04.1,Manedsendring,2013M08,Betalt husleie,Månedsendring (prosent),2013M08,0.2
04.1,Manedsendring,2013M09,Betalt husleie,Månedsendring (prosent),2013M09,0.4
04.1,Manedsendring,2013M10,Betalt husleie,Månedsendring (prosent),2013M10,0.2
04.1,Manedsendring,2013M11,Betalt husleie,Månedsendring (prosent),2013M11,0.1
04.1,Manedsendring,2013M12,Betalt husleie,Månedsendring (prosent),2013M12,0
04.1,Manedsendring,2014M01,Betalt husleie,Månedsendring (prosent),2014M01,0.5
04.1,Manedsendring,2014M02,Betalt husleie,Månedsendring (prosent),2014M02,0.2
04.1,Manedsendring,2014M03,Betalt husleie,Månedsendring (prosent),2014M03,0.1
04.1,Manedsendring,2014M04,Betalt husleie,Månedsendring (prosent),2014M04,0.2
04.1,Manedsendring,2014M05,Betalt husleie,Månedsendring (prosent),2014M05,0.2
04.1,Manedsendring,2014M06,Betalt husleie,Månedsendring (prosent),2014M06,0.3
04.1,Manedsendring,2014M07,Betalt husleie,Månedsendring (prosent),2014M07,0.3
04.1,Manedsendring,2014M08,Betalt husleie,Månedsendring (prosent),2014M08,0.1
04.1,Manedsendring,2014M09,Betalt husleie,Månedsendring (prosent),2014M09,0.4
04.1,Manedsendring,2014M10,Betalt husleie,Månedsendring (prosent),2014M10,0.1
04.1,Manedsendring,2014M11,Betalt husleie,Månedsendring (prosent),2014M11,0.1
04.1,Manedsendring,2014M12,Betalt husleie,Månedsendring (prosent),2014M12,0.1
04.1,Manedsendring,2015M01,Betalt husleie,Månedsendring (prosent),2015M01,0.9
04.1,Manedsendring,2015M02,Betalt husleie,Månedsendring (prosent),2015M02,0.1
04.1,Manedsendring,2015M03,Betalt husleie,Månedsendring (prosent),2015M03,0.1
04.1,Manedsendring,2015M04,Betalt husleie,Månedsendring (prosent),2015M04,0.3
04.1,Manedsendring,2015M05,Betalt husleie,Månedsendring (prosent),2015M05,0
04.1,Manedsendring,2015M06,Betalt husleie,Månedsendring (prosent),2015M06,0.3
04.1,Manedsendring,2015M07,Betalt husleie,Månedsendring (prosent),2015M07,0.2
04.1,Manedsendring,2015M08,Betalt husleie,Månedsendring (prosent),2015M08,0.1
04.1,Manedsendring,2015M09,Betalt husleie,Månedsendring (prosent),2015M09,0.2
04.1,Manedsendring,2015M10,Betalt husleie,Månedsendring (prosent),2015M10,0.1
04.1,Manedsendring,2015M11,Betalt husleie,Månedsendring (prosent),2015M11,-0.1
04.1,Manedsendring,2015M12,Betalt husleie,Månedsendring (prosent),2015M12,0
04.1,Manedsendring,2016M01,Betalt husleie,Månedsendring (prosent),2016M01,0.7
04.1,Manedsendring,2016M02,Betalt husleie,Månedsendring (prosent),2016M02,-0.1
04.1,Manedsendring,2016M03,Betalt husleie,Månedsendring (prosent),2016M03,0.3
04.1,Manedsendring,2016M04,Betalt husleie,Månedsendring (prosent),2016M04,0.2
04.1,Manedsendring,2016M05,Betalt husleie,Månedsendring (prosent),2016M05,0
04.1,Manedsendring,2016M06,Betalt husleie,Månedsendring (prosent),2016M06,0.3
04.1,Manedsendring,2016M07,Betalt husleie,Månedsendring (prosent),2016M07,0.2
04.1,Manedsendring,2016M08,Betalt husleie,Månedsendring (prosent),2016M08,0.1
04.1,Manedsendring,2016M09,Betalt husleie,Månedsendring (prosent),2016M09,0.1
04.1,Manedsendring,2016M10,Betalt husleie,Månedsendring (prosent),2016M10,0.1
04.1,Manedsendring,2016M11,Betalt husleie,Månedsendring (prosent),2016M11,0.2
04.1,Manedsendring,2016M12,Betalt husleie,Månedsendring (prosent),2016M12,0
04.1,Manedsendring,2017M01,Betalt husleie,Månedsendring (prosent),2017M01,0.8
04.1,Manedsendring,2017M02,Betalt husleie,Månedsendring (prosent),2017M02,0.2
04.1,Manedsendring,2017M03,Betalt husleie,Månedsendring (prosent),2017M03,0.1
04.1,Manedsendring,2017M04,Betalt husleie,Månedsendring (prosent),2017M04,0.1
04.1,Manedsendring,2017M05,Betalt husleie,Månedsendring (prosent),2017M05,0.1
04.1,Manedsendring,2017M06,Betalt husleie,Månedsendring (prosent),2017M06,0.1
04.1,Manedsendring,2017M07,Betalt husleie,Månedsendring (prosent),2017M07,0.2
04.1,Manedsendring,2017M08,Betalt husleie,Månedsendring (prosent),2017M08,0.1
04.1,Manedsendring,2017M09,Betalt husleie,Månedsendring (prosent),2017M09,0
04.1,Manedsendring,2017M10,Betalt husleie,Månedsendring (prosent),2017M10,0.1
04.1,Manedsendring,2017M11,Betalt husleie,Månedsendring (prosent),2017M11,0.3
04.1,Manedsendring,2017M12,Betalt husleie,Månedsendring (prosent),2017M12,0
04.1,Manedsendring,2018M01,Betalt husleie,Månedsendring (prosent),2018M01,0.5
04.1,Manedsendring,2018M02,Betalt husleie,Månedsendring (prosent),2018M02,0.2
04.1,Manedsendring,2018M03,Betalt husleie,Månedsendring (prosent),2018M03,0.1
04.1,Manedsendring,2018M04,Betalt husleie,Månedsendring (prosent),2018M04,0.1
04.1,Manedsendring,2018M05,Betalt husleie,Månedsendring (prosent),2018M05,0.2
04.1,Manedsendring,2018M06,Betalt husleie,Månedsendring (prosent),2018M06,0.1
04.1,Manedsendring,2018M07,Betalt husleie,Månedsendring (prosent),2018M07,0
04.1,Manedsendring,2018M08,Betalt husleie,Månedsendring (prosent),2018M08,0.1
04.1,Manedsendring,2018M09,Betalt husleie,Månedsendring (prosent),2018M09,0.2
04.1,Manedsendring,2018M10,Betalt husleie,Månedsendring (prosent),2018M10,0.1
04.1,Manedsendring,2018M11,Betalt husleie,Månedsendring (prosent),2018M11,0.1
04.1,Manedsendring,2018M12,Betalt husleie,Månedsendring (prosent),2018M12,0
04.1,Manedsendring,2019M01,Betalt husleie,Månedsendring (prosent),2019M01,0.6
04.1,Manedsendring,2019M02,Betalt husleie,Månedsendring (prosent),2019M02,0.2
04.1,Manedsendring,2019M03,Betalt husleie,Månedsendring (prosent),2019M03,0.2
04.1,Manedsendring,2019M04,Betalt husleie,Månedsendring (prosent),2019M04,0.1
04.1,Manedsendring,2019M05,Betalt husleie,Månedsendring (prosent),2019M05,0.2
04.1,Manedsendring,2019M06,Betalt husleie,Månedsendring (prosent),2019M06,0
04.1,Manedsendring,2019M07,Betalt husleie,Månedsendring (prosent),2019M07,0.1
04.1,Manedsendring,2019M08,Betalt husleie,Månedsendring (prosent),2019M08,0.2
04.1,Manedsendring,2019M09,Betalt husleie,Månedsendring (prosent),2019M09,0.2
04.1,Manedsendring,2019M10,Betalt husleie,Månedsendring (prosent),2019M10,0.2
04.1,Manedsendring,2019M11,Betalt husleie,Månedsendring (prosent),2019M11,0
04.1,Manedsendring,2019M12,Betalt husleie,Månedsendring (prosent),2019M12,0.2
04.1,Manedsendring,2020M01,Betalt husleie,Månedsendring (prosent),2020M01,0.5
04.1,Manedsendring,2020M02,Betalt husleie,Månedsendring (prosent),2020M02,0
04.1,Manedsendring,2020M03,Betalt husleie,Månedsendring (prosent),2020M03,0.2
04.1,Manedsendring,2020M04,Betalt husleie,Månedsendring (prosent),2020M04,-0.1
04.1,Manedsendring,2020M05,Betalt husleie,Månedsendring (prosent),2020M05,-0.2
04.1,Manedsendring,2020M06,Betalt husleie,Månedsendring (prosent),2020M06,0.2
04.1,Manedsendring,2020M07,Betalt husleie,Månedsendring (prosent),2020M07,0
04.1,Manedsendring,2020M08,Betalt husleie,Månedsendring (prosent),2020M08,0.4
04.1,Manedsendring,2020M09,Betalt husleie,Månedsendring (prosent),2020M09,0.1
04.1,Manedsendring,2020M10,Betalt husleie,Månedsendring (prosent),2020M10,0.1
04.1,Manedsendring,2020M11,Betalt husleie,Månedsendring (prosent),2020M11,0.1
04.1,Manedsendring,2020M12,Betalt husleie,Månedsendring (prosent),2020M12,0.2
04.1,Manedsendring,2021M01,Betalt husleie,Månedsendring (prosent),2021M01,0.2
04.1,Manedsendring,2021M02,Betalt husleie,Månedsendring (prosent),2021M02,0
04.1,Manedsendring,2021M03,Betalt husleie,Månedsendring (prosent),2021M03,0.1
04.1,Manedsendring,2021M04,Betalt husleie,Månedsendring (prosent),2021M04,0
04.1,Manedsendring,2021M05,Betalt husleie,Månedsendring (prosent),2021M05,0.2
04.1,Manedsendring,2021M06,Betalt husleie,Månedsendring (prosent),2021M06,0
04.1,Manedsendring,2021M07,Betalt husleie,Månedsendring (prosent),2021M07,0.2
04.1,Manedsendring,2021M08,Betalt husleie,Månedsendring (prosent),2021M08,0.1
04.1,Manedsendring,2021M09,Betalt husleie,Månedsendring (prosent),2021M09,0.3
04.1,Manedsendring,2021M10,Betalt husleie,Månedsendring (prosent),2021M10,0.2
04.1,Manedsendring,2021M11,Betalt husleie,Månedsendring (prosent),2021M11,0
04.1,Manedsendring,2021M12,Betalt husleie,Månedsendring (prosent),2021M12,0.1
04.1,Manedsendring,2022M01,Betalt husleie,Månedsendring (prosent),2022M01,0.6
04.1,Manedsendring,2022M02,Betalt husleie,Månedsendring (prosent),2022M02,0.1
04.1,Manedsendring,2022M03,Betalt husleie,Månedsendring (prosent),2022M03,0.2
04.1,Manedsendring,2022M04,Betalt husleie,Månedsendring (prosent),2022M04,0.1
04.1,Manedsendring,2022M05,Betalt husleie,Månedsendring (prosent),2022M05,0
04.1,Manedsendring,2022M06,Betalt husleie,Månedsendring (prosent),2022M06,0.1
04.1,Manedsendring,2022M07,Betalt husleie,Månedsendring (prosent),2022M07,0.4
04.1,Manedsendring,2022M08,Betalt husleie,Månedsendring (prosent),2022M08,0.3
04.1,Manedsendring,2022M09,Betalt husleie,Månedsendring (prosent),2022M09,0.4
04.1,Manedsendring,2022M10,Betalt husleie,Månedsendring (prosent),2022M10,0.2
04.1,Manedsendring,2022M11,Betalt husleie,Månedsendring (prosent),2022M11,0
04.1,Manedsendring,2022M12,Betalt husleie,Månedsendring (prosent),2022M12,0.2
04.1,Manedsendring,2023M01,Betalt husleie,Månedsendring (prosent),2023M01,1.1
04.1,Manedsendring,2023M02,Betalt husleie,Månedsendring (prosent),2023M02,0.3
04.1,Manedsendring,2023M03,Betalt husleie,Månedsendring (prosent),2023M03,0.3
04.1,Manedsendring,2023M04,Betalt husleie,Månedsendring (prosent),2023M04,0.2
04.1,Manedsendring,2023M05,Betalt husleie,Månedsendring (prosent),2023M05,0.4
04.1,Manedsendring,2023M06,Betalt husleie,Månedsendring (prosent),2023M06,0.3
04.1,Manedsendring,2023M07,Betalt husleie,Månedsendring (prosent),2023M07,0.3
04.1,Manedsendring,2023M08,Betalt husleie,Månedsendring (prosent),2023M08,0.3
04.1,Manedsendring,2023M09,Betalt husleie,Månedsendring (prosent),2023M09,0.4
04.1,Manedsendring,2023M10,Betalt husleie,Månedsendring (prosent),2023M10,0.3
04.1,Manedsendring,2023M11,Betalt husleie,Månedsendring (prosent),2023M11,0.2
04.1,Manedsendring,2023M12,Betalt husleie,Månedsendring (prosent),2023M12,0.1
04.1,Manedsendring,2024M01,Betalt husleie,Månedsendring (prosent),2024M01,1.1
04.1,Manedsendring,2024M02,Betalt husleie,Månedsendring (prosent),2024M02,0.2
04.1,Manedsendring,2024M03,Betalt husleie,Månedsendring (prosent),2024M03,0.4
04.1,Manedsendring,2024M04,Betalt husleie,Månedsendring (prosent),2024M04,0.4
04.1,Manedsendring,2024M05,Betalt husleie,Månedsendring (prosent),2024M05,0.2
04.1,Manedsendring,2024M06,Betalt husleie,Månedsendring (prosent),2024M06,0.2
04.1,Manedsendring,2024M07,Betalt husleie,Månedsendring (prosent),2024M07,0.2
04.1,Manedsendring,2024M08,Betalt husleie,Månedsendring (prosent),2024M08,0.6
04.1,Manedsendring,2024M09,Betalt husleie,Månedsendring (prosent),2024M09,0.3
04.1,Manedsendring,2024M10,Betalt husleie,Månedsendring (prosent),2024M10,0.2
04.1,Manedsendring,2024M11,Betalt husleie,Månedsendring (prosent),2024M11,0.2
04.1,Manedsendring,2024M12,Betalt husleie,Månedsendring (prosent),2024M12,0.2
04.1,Manedsendring,2025M01,Betalt husleie,Månedsendring (prosent),2025M01,0.6
04.1,Manedsendring,2025M02,Betalt husleie,Månedsendring (prosent),2025M02,0.3
04.1,Manedsendring,2025M03,Betalt husleie,Månedsendring (prosent),2025M03,0.2
04.1,Manedsendring,2025M04,Betalt husleie,Månedsendring (prosent),2025M04,0.2
04.1,Manedsendring,2025M05,Betalt husleie,Månedsendring (prosent),2025M05,0.1
04.1,Manedsendring,2025M06,Betalt husleie,Månedsendring (prosent),2025M06,0.4
04.1,Manedsendring,2025M07,Betalt husleie,Månedsendring (prosent),2025M07,0.2
04.1,Manedsendring,2025M08,Betalt husleie,Månedsendring (prosent),2025M08,0.6
04.1,Manedsendring,2025M09,Betalt husleie,Månedsendring (prosent),2025M09,0.2
04.1,Manedsendring,2025M10,Betalt husleie,Månedsendring (prosent),2025M10,0.4
04.1,Manedsendring,2025M11,Betalt husleie,Månedsendring (prosent),2025M11,0.1
04.1,Manedsendring,2025M12,Betalt husleie,Månedsendring (prosent),2025M12,0.2
04.1,Tolvmanedersendring,1979M01,Betalt husleie,12-måneders endring (prosent),1979M01,
04.1,Tolvmanedersendring,1979M02,Betalt husleie,12-måneders endring (prosent),1979M02,
04.1,Tolvmanedersendring,1979M03,Betalt husleie,12-måneders endring (prosent),1979M03,
04.1,Tolvmanedersendring,1979M04,Betalt husleie,12-måneders endring (prosent),1979M04,
04.1,Tolvmanedersendring,1979M05,Betalt husleie,12-måneders endring (prosent),1979M05,
04.1,Tolvmanedersendring,1979M06,Betalt husleie,12-måneders endring (prosent),1979M06,
04.1,Tolvmanedersendring,1979M07,Betalt husleie,12-måneders endring (prosent),1979M07,
04.1,Tolvmanedersendring,1979M08,Betalt husleie,12-måneders endring (prosent),1979M08,
04.1,Tolvmanedersendring,1979M09,Betalt husleie,12-måneders endring (prosent),1979M09,
04.1,Tolvmanedersendring,1979M10,Betalt husleie,12-måneders endring (prosent),1979M10,
04.1,Tolvmanedersendring,1979M11,Betalt husleie,12-måneders endring (prosent),1979M11,
04.1,Tolvmanedersendring,1979M12,Betalt husleie,12-måneders endring (prosent),1979M12,
04.1,Tolvmanedersendring,1980M01,Betalt husleie,12-måneders endring (prosent),1980M01,1.4
04.1,Tolvmanedersendring,1980M02,Betalt husleie,12-måneders endring (prosent),1980M02,1.4
04.1,Tolvmanedersendring,1980M03,Betalt husleie,12-måneders endring (prosent),1980M03,4.9
04.1,Tolvmanedersendring,1980M04,Betalt husleie,12-måneders endring (prosent),1980M04,4.9
04.1,Tolvmanedersendring,1980M05,Betalt husleie,12-måneders endring (prosent),1980M05,4.9
04.1,Tolvmanedersendring,1980M06,Betalt husleie,12-måneders endring (prosent),1980M06,7.6
04.1,Tolvmanedersendring,1980M07,Betalt husleie,12-måneders endring (prosent),1980M07,7.6
04.1,Tolvmanedersendring,1980M08,Betalt husleie,12-måneders endring (prosent),1980M08,7.6
04.1,Tolvmanedersendring,1980M09,Betalt husleie,12-måneders endring (prosent),1980M09,9.8
04.1,Tolvmanedersendring,1980M10,Betalt husleie,12-måneders endring (prosent),1980M10,9.8
04.1,Tolvmanedersendring,1980M11,Betalt husleie,12-måneders endring (prosent),1980M11,9.8
04.1,Tolvmanedersendring,1980M12,Betalt husleie,12-måneders endring (prosent),1980M12,10.7
04.1,Tolvmanedersendring,1981M01,Betalt husleie,12-måneders endring (prosent),1981M01,10.7
04.1,Tolvmanedersendring,1981M02,Betalt husleie,12-måneders endring (prosent),1981M02,10.7
04.1,Tolvmanedersendring,1981M03,Betalt husleie,12-måneders endring (prosent),1981M03,11.5
04.1,Tolvmanedersendring,1981M04,Betalt husleie,12-måneders endring (prosent),1981M04,11.5
04.1,Tolvmanedersendring,1981M05,Betalt husleie,12-måneders endring (prosent),1981M05,11.5
04.1,Tolvmanedersendring,1981M06,Betalt husleie,12-måneders endring (prosent),1981M06,11.6
04.1,Tolvmanedersendring,1981M07,Betalt husleie,12-måneders endring (prosent),1981M07,11.6
04.1,Tolvmanedersendring,1981M08,Betalt husleie,12-måneders endring (prosent),1981M08,11.6
04.1,Tolvmanedersendring,1981M09,Betalt husleie,12-måneders endring (prosent),1981M09,10.5
04.1,Tolvmanedersendring,1981M10,Betalt husleie,12-måneders endring (prosent),1981M10,10.5
04.1,Tolvmanedersendring,1981M11,Betalt husleie,12-måneders endring (prosent),1981M11,10.5
04.1,Tolvmanedersendring,1981M12,Betalt husleie,12-måneders endring (prosent),1981M12,10.4
04.1,Tolvmanedersendring,1982M01,Betalt husleie,12-måneders endring (prosent),1982M01,10.4
04.1,Tolvmanedersendring,1982M02,Betalt husleie,12-måneders endring (prosent),1982M02,10.4
04.1,Tolvmanedersendring,1982M03,Betalt husleie,12-måneders endring (prosent),1982M03,13.4
04.1,Tolvmanedersendring,1982M04,Betalt husleie,12-måneders endring (prosent),1982M04,13.4
04.1,Tolvmanedersendring,1982M05,Betalt husleie,12-måneders endring (prosent),1982M05,13.4
04.1,Tolvmanedersendring,1982M06,Betalt husleie,12-måneders endring (prosent),1982M06,13.3
04.1,Tolvmanedersendring,1982M07,Betalt husleie,12-måneders endring (prosent),1982M07,13.3
04.1,Tolvmanedersendring,1982M08,Betalt husleie,12-måneders endring (prosent),1982M08,13.3
04.1,Tolvmanedersendring,1982M09,Betalt husleie,12-måneders endring (prosent),1982M09,12.5
04.1,Tolvmanedersendring,1982M10,Betalt husleie,12-måneders endring (prosent),1982M10,12.5
04.1,Tolvmanedersendring,1982M11,Betalt husleie,12-måneders endring (prosent),1982M11,12.5
04.1,Tolvmanedersendring,1982M12,Betalt husleie,12-måneders endring (prosent),1982M12,12.4
04.1,Tolvmanedersendring,1983M01,Betalt husleie,12-måneders endring (prosent),1983M01,12.4
04.1,Tolvmanedersendring,1983M02,Betalt husleie,12-måneders endring (prosent),1983M02,12.4
04.1,Tolvmanedersendring,1983M03,Betalt husleie,12-måneders endring (prosent),1983M03,9.4
04.1,Tolvmanedersendring,1983M04,Betalt husleie,12-måneders endring (prosent),1983M04,9.4
04.1,Tolvmanedersendring,1983M05,Betalt husleie,12-måneders endring (prosent),1983M05,9.4
04.1,Tolvmanedersendring,1983M06,Betalt husleie,12-måneders endring (prosent),1983M06,8.2
04.1,Tolvmanedersendring,1983M07,Betalt husleie,12-måneders endring (prosent),1983M07,8.2
04.1,Tolvmanedersendring,1983M08,Betalt husleie,12-måneders endring (prosent),1983M08,8.2
04.1,Tolvmanedersendring,1983M09,Betalt husleie,12-måneders endring (prosent),1983M09,8.5
04.1,Tolvmanedersendring,1983M10,Betalt husleie,12-måneders endring (prosent),1983M10,8.5
04.1,Tolvmanedersendring,1983M11,Betalt husleie,12-måneders endring (prosent),1983M11,8.5
04.1,Tolvmanedersendring,1983M12,Betalt husleie,12-måneders endring (prosent),1983M12,8.1
04.1,Tolvmanedersendring,1984M01,Betalt husleie,12-måneders endring (prosent),1984M01,8.1
04.1,Tolvmanedersendring,1984M02,Betalt husleie,12-måneders endring (prosent),1984M02,8.1
04.1,Tolvmanedersendring,1984M03,Betalt husleie,12-måneders endring (prosent),1984M03,7.4
04.1,Tolvmanedersendring,1984M04,Betalt husleie,12-måneders endring (prosent),1984M04,7.4
04.1,Tolvmanedersendring,1984M05,Betalt husleie,12-måneders endring (prosent),1984M05,7.4
04.1,Tolvmanedersendring,1984M06,Betalt husleie,12-måneders endring (prosent),1984M06,6.9
04.1,Tolvmanedersendring,1984M07,Betalt husleie,12-måneders endring (prosent),1984M07,6.9
04.1,Tolvmanedersendring,1984M08,Betalt husleie,12-måneders endring (prosent),1984M08,6.9
04.1,Tolvmanedersendring,1984M09,Betalt husleie,12-måneders endring (prosent),1984M09,7.2
04.1,Tolvmanedersendring,1984M10,Betalt husleie,12-måneders endring (prosent),1984M10,7.2
04.1,Tolvmanedersendring,1984M11,Betalt husleie,12-måneders endring (prosent),1984M11,7.2
04.1,Tolvmanedersendring,1984M12,Betalt husleie,12-måneders endring (prosent),1984M12,6.9
04.1,Tolvmanedersendring,1985M01,Betalt husleie,12-måneders endring (prosent),1985M01,6.9
04.1,Tolvmanedersendring,1985M02,Betalt husleie,12-måneders endring (prosent),1985M02,6.9
04.1,Tolvmanedersendring,1985M03,Betalt husleie,12-måneders endring (prosent),1985M03,5.2
04.1,Tolvmanedersendring,1985M04,Betalt husleie,12-måneders endring (prosent),1985M04,5.2
04.1,Tolvmanedersendring,1985M05,Betalt husleie,12-måneders endring (prosent),1985M05,5.2
04.1,Tolvmanedersendring,1985M06,Betalt husleie,12-måneders endring (prosent),1985M06,4.2
04.1,Tolvmanedersendring,1985M07,Betalt husleie,12-måneders endring (prosent),1985M07,4.2
04.1,Tolvmanedersendring,1985M08,Betalt husleie,12-måneders endring (prosent),1985M08,4.2
04.1,Tolvmanedersendring,1985M09,Betalt husleie,12-måneders endring (prosent),1985M09,4.2
04.1,Tolvmanedersendring,1985M10,Betalt husleie,12-måneders endring (prosent),1985M10,4.2
04.1,Tolvmanedersendring,1985M11,Betalt husleie,12-måneders endring (prosent),1985M11,4.2
04.1,Tolvmanedersendring,1985M12,Betalt husleie,12-måneders endring (prosent),1985M12,4.5
04.1,Tolvmanedersendring,1986M01,Betalt husleie,12-måneders endring (prosent),1986M01,4.5
04.1,Tolvmanedersendring,1986M02,Betalt husleie,12-måneders endring (prosent),1986M02,4.5
04.1,Tolvmanedersendring,1986M03,Betalt husleie,12-måneders endring (prosent),1986M03,4.6
04.1,Tolvmanedersendring,1986M04,Betalt husleie,12-måneders endring (prosent),1986M04,4.6
04.1,Tolvmanedersendring,1986M05,Betalt husleie,12-måneders endring (prosent),1986M05,4.6
04.1,Tolvmanedersendring,1986M06,Betalt husleie,12-måneders endring (prosent),1986M06,4.9
04.1,Tolvmanedersendring,1986M07,Betalt husleie,12-måneders endring (prosent),1986M07,4.9
04.1,Tolvmanedersendring,1986M08,Betalt husleie,12-måneders endring (prosent),1986M08,4.9
04.1,Tolvmanedersendring,1986M09,Betalt husleie,12-måneders endring (prosent),1986M09,5.1
04.1,Tolvmanedersendring,1986M10,Betalt husleie,12-måneders endring (prosent),1986M10,5.1
04.1,Tolvmanedersendring,1986M11,Betalt husleie,12-måneders endring (prosent),1986M11,5.1
04.1,Tolvmanedersendring,1986M12,Betalt husleie,12-måneders endring (prosent),1986M12,5.4
04.1,Tolvmanedersendring,1987M01,Betalt husleie,12-måneders endring (prosent),1987M01,5.4
04.1,Tolvmanedersendring,1987M02,Betalt husleie,12-måneders endring (prosent),1987M02,5.4
04.1,Tolvmanedersendring,1987M03,Betalt husleie,12-måneders endring (prosent),1987M03,5.7
04.1,Tolvmanedersendring,1987M04,Betalt husleie,12-måneders endring (prosent),1987M04,5.7
04.1,Tolvmanedersendring,1987M05,Betalt husleie,12-måneders endring (prosent),1987M05,5.7
04.1,Tolvmanedersendring,1987M06,Betalt husleie,12-måneders endring (prosent),1987M06,5.9
04.1,Tolvmanedersendring,1987M07,Betalt husleie,12-måneders endring (prosent),1987M07,5.9
04.1,Tolvmanedersendring,1987M08,Betalt husleie,12-måneders endring (prosent),1987M08,5.9
04.1,Tolvmanedersendring,1987M09,Betalt husleie,12-måneders endring (prosent),1987M09,6.1
04.1,Tolvmanedersendring,1987M10,Betalt husleie,12-måneders endring (prosent),1987M10,6.1
04.1,Tolvmanedersendring,1987M11,Betalt husleie,12-måneders endring (prosent),1987M11,6.1
04.1,Tolvmanedersendring,1987M12,Betalt husleie,12-måneders endring (prosent),1987M12,6.1
04.1,Tolvmanedersendring,1988M01,Betalt husleie,12-måneders endring (prosent),1988M01,6.1
04.1,Tolvmanedersendring,1988M02,Betalt husleie,12-måneders endring (prosent),1988M02,6.1
04.1,Tolvmanedersendring,1988M03,Betalt husleie,12-måneders endring (prosent),1988M03,7.6
04.1,Tolvmanedersendring,1988M04,Betalt husleie,12-måneders endring (prosent),1988M04,7.6
04.1,Tolvmanedersendring,1988M05,Betalt husleie,12-måneders endring (prosent),1988M05,7.6
04.1,Tolvmanedersendring,1988M06,Betalt husleie,12-måneders endring (prosent),1988M06,8.5
04.1,Tolvmanedersendring,1988M07,Betalt husleie,12-måneders endring (prosent),1988M07,8.5
04.1,Tolvmanedersendring,1988M08,Betalt husleie,12-måneders endring (prosent),1988M08,8.5
04.1,Tolvmanedersendring,1988M09,Betalt husleie,12-måneders endring (prosent),1988M09,8.4
04.1,Tolvmanedersendring,1988M10,Betalt husleie,12-måneders endring (prosent),1988M10,8.4
04.1,Tolvmanedersendring,1988M11,Betalt husleie,12-måneders endring (prosent),1988M11,8.4
04.1,Tolvmanedersendring,1988M12,Betalt husleie,12-måneders endring (prosent),1988M12,8.6
04.1,Tolvmanedersendring,1989M01,Betalt husleie,12-måneders endring (prosent),1989M01,8.6
04.1,Tolvmanedersendring,1989M02,Betalt husleie,12-måneders endring (prosent),1989M02,8.6
04.1,Tolvmanedersendring,1989M03,Betalt husleie,12-måneders endring (prosent),1989M03,7.6
04.1,Tolvmanedersendring,1989M04,Betalt husleie,12-måneders endring (prosent),1989M04,7.6
04.1,Tolvmanedersendring,1989M05,Betalt husleie,12-måneders endring (prosent),1989M05,7.6
04.1,Tolvmanedersendring,1989M06,Betalt husleie,12-måneders endring (prosent),1989M06,7.4
04.1,Tolvmanedersendring,1989M07,Betalt husleie,12-måneders endring (prosent),1989M07,7.4
04.1,Tolvmanedersendring,1989M08,Betalt husleie,12-måneders endring (prosent),1989M08,7.4
04.1,Tolvmanedersendring,1989M09,Betalt husleie,12-måneders endring (prosent),1989M09,7.3
04.1,Tolvmanedersendring,1989M10,Betalt husleie,12-måneders endring (prosent),1989M10,7.3
04.1,Tolvmanedersendring,1989M11,Betalt husleie,12-måneders endring (prosent),1989M11,7.3
04.1,Tolvmanedersendring,1989M12,Betalt husleie,12-måneders endring (prosent),1989M12,7.3
04.1,Tolvmanedersendring,1990M01,Betalt husleie,12-måneders endring (prosent),1990M01,7.3
04.1,Tolvmanedersendring,1990M02,Betalt husleie,12-måneders endring (prosent),1990M02,7.3
04.1,Tolvmanedersendring,1990M03,Betalt husleie,12-måneders endring (prosent),1990M03,7
04.1,Tolvmanedersendring,1990M04,Betalt husleie,12-måneders endring (prosent),1990M04,7
04.1,Tolvmanedersendring,1990M05,Betalt husleie,12-måneders endring (prosent),1990M05,7
04.1,Tolvmanedersendring,1990M06,Betalt husleie,12-måneders endring (prosent),1990M06,6.3
04.1,Tolvmanedersendring,1990M07,Betalt husleie,12-måneders endring (prosent),1990M07,6.3
04.1,Tolvmanedersendring,1990M08,Betalt husleie,12-måneders endring (prosent),1990M08,6.3
04.1,Tolvmanedersendring,1990M09,Betalt husleie,12-måneders endring (prosent),1990M09,6
04.1,Tolvmanedersendring,1990M10,Betalt husleie,12-måneders endring (prosent),1990M10,6
04.1,Tolvmanedersendring,1990M11,Betalt husleie,12-måneders endring (prosent),1990M11,6
04.1,Tolvmanedersendring,1990M12,Betalt husleie,12-måneders endring (prosent),1990M12,5.6
04.1,Tolvmanedersendring,1991M01,Betalt husleie,12-måneders endring (prosent),1991M01,5.6
04.1,Tolvmanedersendring,1991M02,Betalt husleie,12-måneders endring (prosent),1991M02,5.6
04.1,Tolvmanedersendring,1991M03,Betalt husleie,12-måneders endring (prosent),1991M03,5.2
04.1,Tolvmanedersendring,1991M04,Betalt husleie,12-måneders endring (prosent),1991M04,5.2
04.1,Tolvmanedersendring,1991M05,Betalt husleie,12-måneders endring (prosent),1991M05,5.2
04.1,Tolvmanedersendring,1991M06,Betalt husleie,12-måneders endring (prosent),1991M06,4.7
04.1,Tolvmanedersendring,1991M07,Betalt husleie,12-måneders endring (prosent),1991M07,4.7
04.1,Tolvmanedersendring,1991M08,Betalt husleie,12-måneders endring (prosent),1991M08,4.7
04.1,Tolvmanedersendring,1991M09,Betalt husleie,12-måneders endring (prosent),1991M09,4.5
04.1,Tolvmanedersendring,1991M10,Betalt husleie,12-måneders endring (prosent),1991M10,4.5
04.1,Tolvmanedersendring,1991M11,Betalt husleie,12-måneders endring (prosent),1991M11,4.5
04.1,Tolvmanedersendring,1991M12,Betalt husleie,12-måneders endring (prosent),1991M12,4.5
04.1,Tolvmanedersendring,1992M01,Betalt husleie,12-måneders endring (prosent),1992M01,4.5
04.1,Tolvmanedersendring,1992M02,Betalt husleie,12-måneders endring (prosent),1992M02,4.5
04.1,Tolvmanedersendring,1992M03,Betalt husleie,12-måneders endring (prosent),1992M03,3.4
04.1,Tolvmanedersendring,1992M04,Betalt husleie,12-måneders endring (prosent),1992M04,3.4
04.1,Tolvmanedersendring,1992M05,Betalt husleie,12-måneders endring (prosent),1992M05,3.4
04.1,Tolvmanedersendring,1992M06,Betalt husleie,12-måneders endring (prosent),1992M06,3.6
04.1,Tolvmanedersendring,1992M07,Betalt husleie,12-måneders endring (prosent),1992M07,3.6
04.1,Tolvmanedersendring,1992M08,Betalt husleie,12-måneders endring (prosent),1992M08,3.6
04.1,Tolvmanedersendring,1992M09,Betalt husleie,12-måneders endring (prosent),1992M09,3.7
04.1,Tolvmanedersendring,1992M10,Betalt husleie,12-måneders endring (prosent),1992M10,3.7
04.1,Tolvmanedersendring,1992M11,Betalt husleie,12-måneders endring (prosent),1992M11,3.7
04.1,Tolvmanedersendring,1992M12,Betalt husleie,12-måneders endring (prosent),1992M12,3.9
04.1,Tolvmanedersendring,1993M01,Betalt husleie,12-måneders endring (prosent),1993M01,3.9
04.1,Tolvmanedersendring,1993M02,Betalt husleie,12-måneders endring (prosent),1993M02,3.9
04.1,Tolvmanedersendring,1993M03,Betalt husleie,12-måneders endring (prosent),1993M03,3.3
04.1,Tolvmanedersendring,1993M04,Betalt husleie,12-måneders endring (prosent),1993M04,3.3
04.1,Tolvmanedersendring,1993M05,Betalt husleie,12-måneders endring (prosent),1993M05,3.3
04.1,Tolvmanedersendring,1993M06,Betalt husleie,12-måneders endring (prosent),1993M06,2.9
04.1,Tolvmanedersendring,1993M07,Betalt husleie,12-måneders endring (prosent),1993M07,2.9
04.1,Tolvmanedersendring,1993M08,Betalt husleie,12-måneders endring (prosent),1993M08,2.9
04.1,Tolvmanedersendring,1993M09,Betalt husleie,12-måneders endring (prosent),1993M09,2.3
04.1,Tolvmanedersendring,1993M10,Betalt husleie,12-måneders endring (prosent),1993M10,2.3
04.1,Tolvmanedersendring,1993M11,Betalt husleie,12-måneders endring (prosent),1993M11,2.3
04.1,Tolvmanedersendring,1993M12,Betalt husleie,12-måneders endring (prosent),1993M12,1.8
04.1,Tolvmanedersendring,1994M01,Betalt husleie,12-måneders endring (prosent),1994M01,1.8
04.1,Tolvmanedersendring,1994M02,Betalt husleie,12-måneders endring (prosent),1994M02,1.8
04.1,Tolvmanedersendring,1994M03,Betalt husleie,12-måneders endring (prosent),1994M03,0.5
04.1,Tolvmanedersendring,1994M04,Betalt husleie,12-måneders endring (prosent),1994M04,0.5
04.1,Tolvmanedersendring,1994M05,Betalt husleie,12-måneders endring (prosent),1994M05,0.5
04.1,Tolvmanedersendring,1994M06,Betalt husleie,12-måneders endring (prosent),1994M06,0.4
04.1,Tolvmanedersendring,1994M07,Betalt husleie,12-måneders endring (prosent),1994M07,0.4
04.1,Tolvmanedersendring,1994M08,Betalt husleie,12-måneders endring (prosent),1994M08,0.4
04.1,Tolvmanedersendring,1994M09,Betalt husleie,12-måneders endring (prosent),1994M09,0.4
04.1,Tolvmanedersendring,1994M10,Betalt husleie,12-måneders endring (prosent),1994M10,0.4
04.1,Tolvmanedersendring,1994M11,Betalt husleie,12-måneders endring (prosent),1994M11,0.4
04.1,Tolvmanedersendring,1994M12,Betalt husleie,12-måneders endring (prosent),1994M12,0.7
04.1,Tolvmanedersendring,1995M01,Betalt husleie,12-måneders endring (prosent),1995M01,0.7
04.1,Tolvmanedersendring,1995M02,Betalt husleie,12-måneders endring (prosent),1995M02,0.7
04.1,Tolvmanedersendring,1995M03,Betalt husleie,12-måneders endring (prosent),1995M03,1.2
04.1,Tolvmanedersendring,1995M04,Betalt husleie,12-måneders endring (prosent),1995M04,1.2
04.1,Tolvmanedersendring,1995M05,Betalt husleie,12-måneders endring (prosent),1995M05,1.2
04.1,Tolvmanedersendring,1995M06,Betalt husleie,12-måneders endring (prosent),1995M06,1.6
04.1,Tolvmanedersendring,1995M07,Betalt husleie,12-måneders endring (prosent),1995M07,1.6
04.1,Tolvmanedersendring,1995M08,Betalt husleie,12-måneders endring (prosent),1995M08,1.6
04.1,Tolvmanedersendring,1995M09,Betalt husleie,12-måneders endring (prosent),1995M09,2.1
04.1,Tolvmanedersendring,1995M10,Betalt husleie,12-måneders endring (prosent),1995M10,2.1
04.1,Tolvmanedersendring,1995M11,Betalt husleie,12-måneders endring (prosent),1995M11,2.1
04.1,Tolvmanedersendring,1995M12,Betalt husleie,12-måneders endring (prosent),1995M12,1.8
04.1,Tolvmanedersendring,1996M01,Betalt husleie,12-måneders endring (prosent),1996M01,1.8
04.1,Tolvmanedersendring,1996M02,Betalt husleie,12-måneders endring (prosent),1996M02,1.8
04.1,Tolvmanedersendring,1996M03,Betalt husleie,12-måneders endring (prosent),1996M03,2.1
04.1,Tolvmanedersendring,1996M04,Betalt husleie,12-måneders endring (prosent),1996M04,2.1
04.1,Tolvmanedersendring,1996M05,Betalt husleie,12-måneders endring (prosent),1996M05,2.1
04.1,Tolvmanedersendring,1996M06,Betalt husleie,12-måneders endring (prosent),1996M06,1.7
04.1,Tolvmanedersendring,1996M07,Betalt husleie,12-måneders endring (prosent),1996M07,1.7
04.1,Tolvmanedersendring,1996M08,Betalt husleie,12-måneders endring (prosent),1996M08,1.7
04.1,Tolvmanedersendring,1996M09,Betalt husleie,12-måneders endring (prosent),1996M09,1.4
04.1,Tolvmanedersendring,1996M10,Betalt husleie,12-måneders endring (prosent),1996M10,1.4
04.1,Tolvmanedersendring,1996M11,Betalt husleie,12-måneders endring (prosent),1996M11,1.4
04.1,Tolvmanedersendring,1996M12,Betalt husleie,12-måneders endring (prosent),1996M12,1.7
04.1,Tolvmanedersendring,1997M01,Betalt husleie,12-måneders endring (prosent),1997M01,1.7
04.1,Tolvmanedersendring,1997M02,Betalt husleie,12-måneders endring (prosent),1997M02,1.7
04.1,Tolvmanedersendring,1997M03,Betalt husleie,12-måneders endring (prosent),1997M03,1.7
04.1,Tolvmanedersendring,1997M04,Betalt husleie,12-måneders endring (prosent),1997M04,1.7
04.1,Tolvmanedersendring,1997M05,Betalt husleie,12-måneders endring (prosent),1997M05,1.7
04.1,Tolvmanedersendring,1997M06,Betalt husleie,12-måneders endring (prosent),1997M06,2.7
04.1,Tolvmanedersendring,1997M07,Betalt husleie,12-måneders endring (prosent),1997M07,2.7
04.1,Tolvmanedersendring,1997M08,Betalt husleie,12-måneders endring (prosent),1997M08,2.7
04.1,Tolvmanedersendring,1997M09,Betalt husleie,12-måneders endring (prosent),1997M09,3.1
04.1,Tolvmanedersendring,1997M10,Betalt husleie,12-måneders endring (prosent),1997M10,3.1
04.1,Tolvmanedersendring,1997M11,Betalt husleie,12-måneders endring (prosent),1997M11,3.1
04.1,Tolvmanedersendring,1997M12,Betalt husleie,12-måneders endring (prosent),1997M12,3
04.1,Tolvmanedersendring,1998M01,Betalt husleie,12-måneders endring (prosent),1998M01,3
04.1,Tolvmanedersendring,1998M02,Betalt husleie,12-måneders endring (prosent),1998M02,3
04.1,Tolvmanedersendring,1998M03,Betalt husleie,12-måneders endring (prosent),1998M03,2.7
04.1,Tolvmanedersendring,1998M04,Betalt husleie,12-måneders endring (prosent),1998M04,2.7
04.1,Tolvmanedersendring,1998M05,Betalt husleie,12-måneders endring (prosent),1998M05,2.7
04.1,Tolvmanedersendring,1998M06,Betalt husleie,12-måneders endring (prosent),1998M06,2.3
04.1,Tolvmanedersendring,1998M07,Betalt husleie,12-måneders endring (prosent),1998M07,2.3
04.1,Tolvmanedersendring,1998M08,Betalt husleie,12-måneders endring (prosent),1998M08,2.3
04.1,Tolvmanedersendring,1998M09,Betalt husleie,12-måneders endring (prosent),1998M09,1.8
04.1,Tolvmanedersendring,1998M10,Betalt husleie,12-måneders endring (prosent),1998M10,1.8
04.1,Tolvmanedersendring,1998M11,Betalt husleie,12-måneders endring (prosent),1998M11,1.8
04.1,Tolvmanedersendring,1998M12,Betalt husleie,12-måneders endring (prosent),1998M12,1.6
04.1,Tolvmanedersendring,1999M01,Betalt husleie,12-måneders endring (prosent),1999M01,1.6
04.1,Tolvmanedersendring,1999M02,Betalt husleie,12-måneders endring (prosent),1999M02,1.6
04.1,Tolvmanedersendring,1999M03,Betalt husleie,12-måneders endring (prosent),1999M03,3.1
04.1,Tolvmanedersendring,1999M04,Betalt husleie,12-måneders endring (prosent),1999M04,3.1
04.1,Tolvmanedersendring,1999M05,Betalt husleie,12-måneders endring (prosent),1999M05,3.1
04.1,Tolvmanedersendring,1999M06,Betalt husleie,12-måneders endring (prosent),1999M06,2.6
04.1,Tolvmanedersendring,1999M07,Betalt husleie,12-måneders endring (prosent),1999M07,2.6
04.1,Tolvmanedersendring,1999M08,Betalt husleie,12-måneders endring (prosent),1999M08,2.6
04.1,Tolvmanedersendring,1999M09,Betalt husleie,12-måneders endring (prosent),1999M09,3.2
04.1,Tolvmanedersendring,1999M10,Betalt husleie,12-måneders endring (prosent),1999M10,3.2
04.1,Tolvmanedersendring,1999M11,Betalt husleie,12-måneders endring (prosent),1999M11,3.2
04.1,Tolvmanedersendring,1999M12,Betalt husleie,12-måneders endring (prosent),1999M12,3.4
04.1,Tolvmanedersendring,2000M01,Betalt husleie,12-måneders endring (prosent),2000M01,4.7
04.1,Tolvmanedersendring,2000M02,Betalt husleie,12-måneders endring (prosent),2000M02,4.8
04.1,Tolvmanedersendring,2000M03,Betalt husleie,12-måneders endring (prosent),2000M03,3
04.1,Tolvmanedersendring,2000M04,Betalt husleie,12-måneders endring (prosent),2000M04,3.3
04.1,Tolvmanedersendring,2000M05,Betalt husleie,12-måneders endring (prosent),2000M05,3.3
04.1,Tolvmanedersendring,2000M06,Betalt husleie,12-måneders endring (prosent),2000M06,3.5
04.1,Tolvmanedersendring,2000M07,Betalt husleie,12-måneders endring (prosent),2000M07,3.8
04.1,Tolvmanedersendring,2000M08,Betalt husleie,12-måneders endring (prosent),2000M08,4.4
04.1,Tolvmanedersendring,2000M09,Betalt husleie,12-måneders endring (prosent),2000M09,4.1
04.1,Tolvmanedersendring,2000M10,Betalt husleie,12-måneders endring (prosent),2000M10,3.9
04.1,Tolvmanedersendring,2000M11,Betalt husleie,12-måneders endring (prosent),2000M11,4.4
04.1,Tolvmanedersendring,2000M12,Betalt husleie,12-måneders endring (prosent),2000M12,4.2
04.1,Tolvmanedersendring,2001M01,Betalt husleie,12-måneders endring (prosent),2001M01,4.2
04.1,Tolvmanedersendring,2001M02,Betalt husleie,12-måneders endring (prosent),2001M02,4
04.1,Tolvmanedersendring,2001M03,Betalt husleie,12-måneders endring (prosent),2001M03,4
04.1,Tolvmanedersendring,2001M04,Betalt husleie,12-måneders endring (prosent),2001M04,4
04.1,Tolvmanedersendring,2001M05,Betalt husleie,12-måneders endring (prosent),2001M05,4
04.1,Tolvmanedersendring,2001M06,Betalt husleie,12-måneders endring (prosent),2001M06,3.8
04.1,Tolvmanedersendring,2001M07,Betalt husleie,12-måneders endring (prosent),2001M07,3.8
04.1,Tolvmanedersendring,2001M08,Betalt husleie,12-måneders endring (prosent),2001M08,3.3
04.1,Tolvmanedersendring,2001M09,Betalt husleie,12-måneders endring (prosent),2001M09,3.5
04.1,Tolvmanedersendring,2001M10,Betalt husleie,12-måneders endring (prosent),2001M10,3.8
04.1,Tolvmanedersendring,2001M11,Betalt husleie,12-måneders endring (prosent),2001M11,3.6
04.1,Tolvmanedersendring,2001M12,Betalt husleie,12-måneders endring (prosent),2001M12,4.3
04.1,Tolvmanedersendring,2002M01,Betalt husleie,12-måneders endring (prosent),2002M01,4.1
04.1,Tolvmanedersendring,2002M02,Betalt husleie,12-måneders endring (prosent),2002M02,4
04.1,Tolvmanedersendring,2002M03,Betalt husleie,12-måneders endring (prosent),2002M03,4.4
04.1,Tolvmanedersendring,2002M04,Betalt husleie,12-måneders endring (prosent),2002M04,4.4
04.1,Tolvmanedersendring,2002M05,Betalt husleie,12-måneders endring (prosent),2002M05,4.7
04.1,Tolvmanedersendring,2002M06,Betalt husleie,12-måneders endring (prosent),2002M06,5
04.1,Tolvmanedersendring,2002M07,Betalt husleie,12-måneders endring (prosent),2002M07,5.3
04.1,Tolvmanedersendring,2002M08,Betalt husleie,12-måneders endring (prosent),2002M08,5
04.1,Tolvmanedersendring,2002M09,Betalt husleie,12-måneders endring (prosent),2002M09,4.4
04.1,Tolvmanedersendring,2002M10,Betalt husleie,12-måneders endring (prosent),2002M10,4.4
04.1,Tolvmanedersendring,2002M11,Betalt husleie,12-måneders endring (prosent),2002M11,4.2
04.1,Tolvmanedersendring,2002M12,Betalt husleie,12-måneders endring (prosent),2002M12,3.7
04.1,Tolvmanedersendring,2003M01,Betalt husleie,12-måneders endring (prosent),2003M01,3.8
04.1,Tolvmanedersendring,2003M02,Betalt husleie,12-måneders endring (prosent),2003M02,4.3
04.1,Tolvmanedersendring,2003M03,Betalt husleie,12-måneders endring (prosent),2003M03,3.8
04.1,Tolvmanedersendring,2003M04,Betalt husleie,12-måneders endring (prosent),2003M04,4.4
04.1,Tolvmanedersendring,2003M05,Betalt husleie,12-måneders endring (prosent),2003M05,4.4
04.1,Tolvmanedersendring,2003M06,Betalt husleie,12-måneders endring (prosent),2003M06,4.1
04.1,Tolvmanedersendring,2003M07,Betalt husleie,12-måneders endring (prosent),2003M07,3.6
04.1,Tolvmanedersendring,2003M08,Betalt husleie,12-måneders endring (prosent),2003M08,3.8
04.1,Tolvmanedersendring,2003M09,Betalt husleie,12-måneders endring (prosent),2003M09,4
04.1,Tolvmanedersendring,2003M10,Betalt husleie,12-måneders endring (prosent),2003M10,3.9
04.1,Tolvmanedersendring,2003M11,Betalt husleie,12-måneders endring (prosent),2003M11,4
04.1,Tolvmanedersendring,2003M12,Betalt husleie,12-måneders endring (prosent),2003M12,3.7
04.1,Tolvmanedersendring,2004M01,Betalt husleie,12-måneders endring (prosent),2004M01,2.6
04.1,Tolvmanedersendring,2004M02,Betalt husleie,12-måneders endring (prosent),2004M02,2.7
04.1,Tolvmanedersendring,2004M03,Betalt husleie,12-måneders endring (prosent),2004M03,2.7
04.1,Tolvmanedersendring,2004M04,Betalt husleie,12-måneders endring (prosent),2004M04,1.9
04.1,Tolvmanedersendring,2004M05,Betalt husleie,12-måneders endring (prosent),2004M05,1.8
04.1,Tolvmanedersendring,2004M06,Betalt husleie,12-måneders endring (prosent),2004M06,1.9
04.1,Tolvmanedersendring,2004M07,Betalt husleie,12-måneders endring (prosent),2004M07,1.6
04.1,Tolvmanedersendring,2004M08,Betalt husleie,12-måneders endring (prosent),2004M08,1.7
04.1,Tolvmanedersendring,2004M09,Betalt husleie,12-måneders endring (prosent),2004M09,1.7
04.1,Tolvmanedersendring,2004M10,Betalt husleie,12-måneders endring (prosent),2004M10,1.9
04.1,Tolvmanedersendring,2004M11,Betalt husleie,12-måneders endring (prosent),2004M11,1.7
04.1,Tolvmanedersendring,2004M12,Betalt husleie,12-måneders endring (prosent),2004M12,1.9
04.1,Tolvmanedersendring,2005M01,Betalt husleie,12-måneders endring (prosent),2005M01,2.3
04.1,Tolvmanedersendring,2005M02,Betalt husleie,12-måneders endring (prosent),2005M02,2
04.1,Tolvmanedersendring,2005M03,Betalt husleie,12-måneders endring (prosent),2005M03,1.7
04.1,Tolvmanedersendring,2005M04,Betalt husleie,12-måneders endring (prosent),2005M04,2.3
04.1,Tolvmanedersendring,2005M05,Betalt husleie,12-måneders endring (prosent),2005M05,2.3
04.1,Tolvmanedersendring,2005M06,Betalt husleie,12-måneders endring (prosent),2005M06,1.8
04.1,Tolvmanedersendring,2005M07,Betalt husleie,12-måneders endring (prosent),2005M07,2.1
04.1,Tolvmanedersendring,2005M08,Betalt husleie,12-måneders endring (prosent),2005M08,2
04.1,Tolvmanedersendring,2005M09,Betalt husleie,12-måneders endring (prosent),2005M09,2
04.1,Tolvmanedersendring,2005M10,Betalt husleie,12-måneders endring (prosent),2005M10,1.8
04.1,Tolvmanedersendring,2005M11,Betalt husleie,12-måneders endring (prosent),2005M11,2
04.1,Tolvmanedersendring,2005M12,Betalt husleie,12-måneders endring (prosent),2005M12,2
04.1,Tolvmanedersendring,2006M01,Betalt husleie,12-måneders endring (prosent),2006M01,2.1
04.1,Tolvmanedersendring,2006M02,Betalt husleie,12-måneders endring (prosent),2006M02,2.1
04.1,Tolvmanedersendring,2006M03,Betalt husleie,12-måneders endring (prosent),2006M03,2.3
04.1,Tolvmanedersendring,2006M04,Betalt husleie,12-måneders endring (prosent),2006M04,2.1
04.1,Tolvmanedersendring,2006M05,Betalt husleie,12-måneders endring (prosent),2006M05,2.1
04.1,Tolvmanedersendring,2006M06,Betalt husleie,12-måneders endring (prosent),2006M06,2.3
04.1,Tolvmanedersendring,2006M07,Betalt husleie,12-måneders endring (prosent),2006M07,2.5
04.1,Tolvmanedersendring,2006M08,Betalt husleie,12-måneders endring (prosent),2006M08,2.3
04.1,Tolvmanedersendring,2006M09,Betalt husleie,12-måneders endring (prosent),2006M09,2.2
04.1,Tolvmanedersendring,2006M10,Betalt husleie,12-måneders endring (prosent),2006M10,2.6
04.1,Tolvmanedersendring,2006M11,Betalt husleie,12-måneders endring (prosent),2006M11,2.3
04.1,Tolvmanedersendring,2006M12,Betalt husleie,12-måneders endring (prosent),2006M12,2.2
04.1,Tolvmanedersendring,2007M01,Betalt husleie,12-måneders endring (prosent),2007M01,2.3
04.1,Tolvmanedersendring,2007M02,Betalt husleie,12-måneders endring (prosent),2007M02,2
04.1,Tolvmanedersendring,2007M03,Betalt husleie,12-måneders endring (prosent),2007M03,1.9
04.1,Tolvmanedersendring,2007M04,Betalt husleie,12-måneders endring (prosent),2007M04,1.8
04.1,Tolvmanedersendring,2007M05,Betalt husleie,12-måneders endring (prosent),2007M05,1.8
04.1,Tolvmanedersendring,2007M06,Betalt husleie,12-måneders endring (prosent),2007M06,1.5
04.1,Tolvmanedersendring,2007M07,Betalt husleie,12-måneders endring (prosent),2007M07,1.8
04.1,Tolvmanedersendring,2007M08,Betalt husleie,12-måneders endring (prosent),2007M08,1.9
04.1,Tolvmanedersendring,2007M09,Betalt husleie,12-måneders endring (prosent),2007M09,1.8
04.1,Tolvmanedersendring,2007M10,Betalt husleie,12-måneders endring (prosent),2007M10,1.6
04.1,Tolvmanedersendring,2007M11,Betalt husleie,12-måneders endring (prosent),2007M11,2
04.1,Tolvmanedersendring,2007M12,Betalt husleie,12-måneders endring (prosent),2007M12,2.5
04.1,Tolvmanedersendring,2008M01,Betalt husleie,12-måneders endring (prosent),2008M01,2.1
04.1,Tolvmanedersendring,2008M02,Betalt husleie,12-måneders endring (prosent),2008M02,2.3
04.1,Tolvmanedersendring,2008M03,Betalt husleie,12-måneders endring (prosent),2008M03,3.1
04.1,Tolvmanedersendring,2008M04,Betalt husleie,12-måneders endring (prosent),2008M04,3.4
04.1,Tolvmanedersendring,2008M05,Betalt husleie,12-måneders endring (prosent),2008M05,3.1
04.1,Tolvmanedersendring,2008M06,Betalt husleie,12-måneders endring (prosent),2008M06,3.1
04.1,Tolvmanedersendring,2008M07,Betalt husleie,12-måneders endring (prosent),2008M07,3
04.1,Tolvmanedersendring,2008M08,Betalt husleie,12-måneders endring (prosent),2008M08,3.2
04.1,Tolvmanedersendring,2008M09,Betalt husleie,12-måneders endring (prosent),2008M09,3.3
04.1,Tolvmanedersendring,2008M10,Betalt husleie,12-måneders endring (prosent),2008M10,3.3
04.1,Tolvmanedersendring,2008M11,Betalt husleie,12-måneders endring (prosent),2008M11,3.1
04.1,Tolvmanedersendring,2008M12,Betalt husleie,12-måneders endring (prosent),2008M12,2.9
04.1,Tolvmanedersendring,2009M01,Betalt husleie,12-måneders endring (prosent),2009M01,3.8
04.1,Tolvmanedersendring,2009M02,Betalt husleie,12-måneders endring (prosent),2009M02,4
04.1,Tolvmanedersendring,2009M03,Betalt husleie,12-måneders endring (prosent),2009M03,3.3
04.1,Tolvmanedersendring,2009M04,Betalt husleie,12-måneders endring (prosent),2009M04,3
04.1,Tolvmanedersendring,2009M05,Betalt husleie,12-måneders endring (prosent),2009M05,3.4
04.1,Tolvmanedersendring,2009M06,Betalt husleie,12-måneders endring (prosent),2009M06,4.1
04.1,Tolvmanedersendring,2009M07,Betalt husleie,12-måneders endring (prosent),2009M07,3.9
04.1,Tolvmanedersendring,2009M08,Betalt husleie,12-måneders endring (prosent),2009M08,3.6
04.1,Tolvmanedersendring,2009M09,Betalt husleie,12-måneders endring (prosent),2009M09,3.2
04.1,Tolvmanedersendring,2009M10,Betalt husleie,12-måneders endring (prosent),2009M10,3.1
04.1,Tolvmanedersendring,2009M11,Betalt husleie,12-måneders endring (prosent),2009M11,3.1
04.1,Tolvmanedersendring,2009M12,Betalt husleie,12-måneders endring (prosent),2009M12,2.7
04.1,Tolvmanedersendring,2010M01,Betalt husleie,12-måneders endring (prosent),2010M01,3.1
04.1,Tolvmanedersendring,2010M02,Betalt husleie,12-måneders endring (prosent),2010M02,3.3
04.1,Tolvmanedersendring,2010M03,Betalt husleie,12-måneders endring (prosent),2010M03,3.2
04.1,Tolvmanedersendring,2010M04,Betalt husleie,12-måneders endring (prosent),2010M04,3
04.1,Tolvmanedersendring,2010M05,Betalt husleie,12-måneders endring (prosent),2010M05,2.9
04.1,Tolvmanedersendring,2010M06,Betalt husleie,12-måneders endring (prosent),2010M06,2.2
04.1,Tolvmanedersendring,2010M07,Betalt husleie,12-måneders endring (prosent),2010M07,2.2
04.1,Tolvmanedersendring,2010M08,Betalt husleie,12-måneders endring (prosent),2010M08,2.4
04.1,Tolvmanedersendring,2010M09,Betalt husleie,12-måneders endring (prosent),2010M09,2.9
04.1,Tolvmanedersendring,2010M10,Betalt husleie,12-måneders endring (prosent),2010M10,3
04.1,Tolvmanedersendring,2010M11,Betalt husleie,12-måneders endring (prosent),2010M11,2.9
04.1,Tolvmanedersendring,2010M12,Betalt husleie,12-måneders endring (prosent),2010M12,3
04.1,Tolvmanedersendring,2011M01,Betalt husleie,12-måneders endring (prosent),2011M01,2.5
04.1,Tolvmanedersendring,2011M02,Betalt husleie,12-måneders endring (prosent),2011M02,2.2
04.1,Tolvmanedersendring,2011M03,Betalt husleie,12-måneders endring (prosent),2011M03,2.2
04.1,Tolvmanedersendring,2011M04,Betalt husleie,12-måneders endring (prosent),2011M04,2.2
04.1,Tolvmanedersendring,2011M05,Betalt husleie,12-måneders endring (prosent),2011M05,2.2
04.1,Tolvmanedersendring,2011M06,Betalt husleie,12-måneders endring (prosent),2011M06,2.3
04.1,Tolvmanedersendring,2011M07,Betalt husleie,12-måneders endring (prosent),2011M07,2.3
04.1,Tolvmanedersendring,2011M08,Betalt husleie,12-måneders endring (prosent),2011M08,2.3
04.1,Tolvmanedersendring,2011M09,Betalt husleie,12-måneders endring (prosent),2011M09,2.4
04.1,Tolvmanedersendring,2011M10,Betalt husleie,12-måneders endring (prosent),2011M10,2.1
04.1,Tolvmanedersendring,2011M11,Betalt husleie,12-måneders endring (prosent),2011M11,2.3
04.1,Tolvmanedersendring,2011M12,Betalt husleie,12-måneders endring (prosent),2011M12,2.3
04.1,Tolvmanedersendring,2012M01,Betalt husleie,12-måneders endring (prosent),2012M01,1.8
04.1,Tolvmanedersendring,2012M02,Betalt husleie,12-måneders endring (prosent),2012M02,1.8
04.1,Tolvmanedersendring,2012M03,Betalt husleie,12-måneders endring (prosent),2012M03,1.9
04.1,Tolvmanedersendring,2012M04,Betalt husleie,12-måneders endring (prosent),2012M04,1.9
04.1,Tolvmanedersendring,2012M05,Betalt husleie,12-måneders endring (prosent),2012M05,1.9
04.1,Tolvmanedersendring,2012M06,Betalt husleie,12-måneders endring (prosent),2012M06,2
04.1,Tolvmanedersendring,2012M07,Betalt husleie,12-måneders endring (prosent),2012M07,2
04.1,Tolvmanedersendring,2012M08,Betalt husleie,12-måneders endring (prosent),2012M08,1.9
04.1,Tolvmanedersendring,2012M09,Betalt husleie,12-måneders endring (prosent),2012M09,1.8
04.1,Tolvmanedersendring,2012M10,Betalt husleie,12-måneders endring (prosent),2012M10,1.9
04.1,Tolvmanedersendring,2012M11,Betalt husleie,12-måneders endring (prosent),2012M11,2.1
04.1,Tolvmanedersendring,2012M12,Betalt husleie,12-måneders endring (prosent),2012M12,2.1
04.1,Tolvmanedersendring,2013M01,Betalt husleie,12-måneders endring (prosent),2013M01,2.5
04.1,Tolvmanedersendring,2013M02,Betalt husleie,12-måneders endring (prosent),2013M02,2.8
04.1,Tolvmanedersendring,2013M03,Betalt husleie,12-måneders endring (prosent),2013M03,2.7
04.1,Tolvmanedersendring,2013M04,Betalt husleie,12-måneders endring (prosent),2013M04,3
04.1,Tolvmanedersendring,2013M05,Betalt husleie,12-måneders endring (prosent),2013M05,3.3
04.1,Tolvmanedersendring,2013M06,Betalt husleie,12-måneders endring (prosent),2013M06,2.9
04.1,Tolvmanedersendring,2013M07,Betalt husleie,12-måneders endring (prosent),2013M07,3.2
04.1,Tolvmanedersendring,2013M08,Betalt husleie,12-måneders endring (prosent),2013M08,3.3
04.1,Tolvmanedersendring,2013M09,Betalt husleie,12-måneders endring (prosent),2013M09,3.5
04.1,Tolvmanedersendring,2013M10,Betalt husleie,12-måneders endring (prosent),2013M10,3.6
04.1,Tolvmanedersendring,2013M11,Betalt husleie,12-måneders endring (prosent),2013M11,3.3
04.1,Tolvmanedersendring,2013M12,Betalt husleie,12-måneders endring (prosent),2013M12,3.2
04.1,Tolvmanedersendring,2014M01,Betalt husleie,12-måneders endring (prosent),2014M01,2.9
04.1,Tolvmanedersendring,2014M02,Betalt husleie,12-måneders endring (prosent),2014M02,2.7
04.1,Tolvmanedersendring,2014M03,Betalt husleie,12-måneders endring (prosent),2014M03,2.7
04.1,Tolvmanedersendring,2014M04,Betalt husleie,12-måneders endring (prosent),2014M04,2.7
04.1,Tolvmanedersendring,2014M05,Betalt husleie,12-måneders endring (prosent),2014M05,2.4
04.1,Tolvmanedersendring,2014M06,Betalt husleie,12-måneders endring (prosent),2014M06,2.9
04.1,Tolvmanedersendring,2014M07,Betalt husleie,12-måneders endring (prosent),2014M07,2.8
04.1,Tolvmanedersendring,2014M08,Betalt husleie,12-måneders endring (prosent),2014M08,2.7
04.1,Tolvmanedersendring,2014M09,Betalt husleie,12-måneders endring (prosent),2014M09,2.7
04.1,Tolvmanedersendring,2014M10,Betalt husleie,12-måneders endring (prosent),2014M10,2.6
04.1,Tolvmanedersendring,2014M11,Betalt husleie,12-måneders endring (prosent),2014M11,2.6
04.1,Tolvmanedersendring,2014M12,Betalt husleie,12-måneders endring (prosent),2014M12,2.7
04.1,Tolvmanedersendring,2015M01,Betalt husleie,12-måneders endring (prosent),2015M01,3.1
04.1,Tolvmanedersendring,2015M02,Betalt husleie,12-måneders endring (prosent),2015M02,3
04.1,Tolvmanedersendring,2015M03,Betalt husleie,12-måneders endring (prosent),2015M03,3
04.1,Tolvmanedersendring,2015M04,Betalt husleie,12-måneders endring (prosent),2015M04,3.1
04.1,Tolvmanedersendring,2015M05,Betalt husleie,12-måneders endring (prosent),2015M05,2.9
04.1,Tolvmanedersendring,2015M06,Betalt husleie,12-måneders endring (prosent),2015M06,2.9
04.1,Tolvmanedersendring,2015M07,Betalt husleie,12-måneders endring (prosent),2015M07,2.8
04.1,Tolvmanedersendring,2015M08,Betalt husleie,12-måneders endring (prosent),2015M08,2.8
04.1,Tolvmanedersendring,2015M09,Betalt husleie,12-måneders endring (prosent),2015M09,2.6
04.1,Tolvmanedersendring,2015M10,Betalt husleie,12-måneders endring (prosent),2015M10,2.5
04.1,Tolvmanedersendring,2015M11,Betalt husleie,12-måneders endring (prosent),2015M11,2.3
04.1,Tolvmanedersendring,2015M12,Betalt husleie,12-måneders endring (prosent),2015M12,2.2
04.1,Tolvmanedersendring,2016M01,Betalt husleie,12-måneders endring (prosent),2016M01,2
04.1,Tolvmanedersendring,2016M02,Betalt husleie,12-måneders endring (prosent),2016M02,1.8
04.1,Tolvmanedersendring,2016M03,Betalt husleie,12-måneders endring (prosent),2016M03,2
04.1,Tolvmanedersendring,2016M04,Betalt husleie,12-måneders endring (prosent),2016M04,1.9
04.1,Tolvmanedersendring,2016M05,Betalt husleie,12-måneders endring (prosent),2016M05,1.9
04.1,Tolvmanedersendring,2016M06,Betalt husleie,12-måneders endring (prosent),2016M06,1.9
04.1,Tolvmanedersendring,2016M07,Betalt husleie,12-måneders endring (prosent),2016M07,1.9
04.1,Tolvmanedersendring,2016M08,Betalt husleie,12-måneders endring (prosent),2016M08,1.9
04.1,Tolvmanedersendring,2016M09,Betalt husleie,12-måneders endring (prosent),2016M09,1.8
04.1,Tolvmanedersendring,2016M10,Betalt husleie,12-måneders endring (prosent),2016M10,1.8
04.1,Tolvmanedersendring,2016M11,Betalt husleie,12-måneders endring (prosent),2016M11,2.1
04.1,Tolvmanedersendring,2016M12,Betalt husleie,12-måneders endring (prosent),2016M12,2.1
04.1,Tolvmanedersendring,2017M01,Betalt husleie,12-måneders endring (prosent),2017M01,2.2
04.1,Tolvmanedersendring,2017M02,Betalt husleie,12-måneders endring (prosent),2017M02,2.5
04.1,Tolvmanedersendring,2017M03,Betalt husleie,12-måneders endring (prosent),2017M03,2.3
04.1,Tolvmanedersendring,2017M04,Betalt husleie,12-måneders endring (prosent),2017M04,2.2
04.1,Tolvmanedersendring,2017M05,Betalt husleie,12-måneders endring (prosent),2017M05,2.3
04.1,Tolvmanedersendring,2017M06,Betalt husleie,12-måneders endring (prosent),2017M06,2.1
04.1,Tolvmanedersendring,2017M07,Betalt husleie,12-måneders endring (prosent),2017M07,2.1
04.1,Tolvmanedersendring,2017M08,Betalt husleie,12-måneders endring (prosent),2017M08,2.1
04.1,Tolvmanedersendring,2017M09,Betalt husleie,12-måneders endring (prosent),2017M09,2
04.1,Tolvmanedersendring,2017M10,Betalt husleie,12-måneders endring (prosent),2017M10,2
04.1,Tolvmanedersendring,2017M11,Betalt husleie,12-måneders endring (prosent),2017M11,2
04.1,Tolvmanedersendring,2017M12,Betalt husleie,12-måneders endring (prosent),2017M12,2
04.1,Tolvmanedersendring,2018M01,Betalt husleie,12-måneders endring (prosent),2018M01,1.7
04.1,Tolvmanedersendring,2018M02,Betalt husleie,12-måneders endring (prosent),2018M02,1.7
04.1,Tolvmanedersendring,2018M03,Betalt husleie,12-måneders endring (prosent),2018M03,1.7
04.1,Tolvmanedersendring,2018M04,Betalt husleie,12-måneders endring (prosent),2018M04,1.7
04.1,Tolvmanedersendring,2018M05,Betalt husleie,12-måneders endring (prosent),2018M05,1.8
04.1,Tolvmanedersendring,2018M06,Betalt husleie,12-måneders endring (prosent),2018M06,1.8
04.1,Tolvmanedersendring,2018M07,Betalt husleie,12-måneders endring (prosent),2018M07,1.6
04.1,Tolvmanedersendring,2018M08,Betalt husleie,12-måneders endring (prosent),2018M08,1.6
04.1,Tolvmanedersendring,2018M09,Betalt husleie,12-måneders endring (prosent),2018M09,1.8
04.1,Tolvmanedersendring,2018M10,Betalt husleie,12-måneders endring (prosent),2018M10,1.8
04.1,Tolvmanedersendring,2018M11,Betalt husleie,12-måneders endring (prosent),2018M11,1.6
04.1,Tolvmanedersendring,2018M12,Betalt husleie,12-måneders endring (prosent),2018M12,1.6
04.1,Tolvmanedersendring,2019M01,Betalt husleie,12-måneders endring (prosent),2019M01,1.7
04.1,Tolvmanedersendring,2019M02,Betalt husleie,12-måneders endring (prosent),2019M02,1.7
04.1,Tolvmanedersendring,2019M03,Betalt husleie,12-måneders endring (prosent),2019M03,1.8
04.1,Tolvmanedersendring,2019M04,Betalt husleie,12-måneders endring (prosent),2019M04,1.8
04.1,Tolvmanedersendring,2019M05,Betalt husleie,12-måneders endring (prosent),2019M05,1.8
04.1,Tolvmanedersendring,2019M06,Betalt husleie,12-måneders endring (prosent),2019M06,1.7
04.1,Tolvmanedersendring,2019M07,Betalt husleie,12-måneders endring (prosent),2019M07,1.8
04.1,Tolvmanedersendring,2019M08,Betalt husleie,12-måneders endring (prosent),2019M08,1.9
04.1,Tolvmanedersendring,2019M09,Betalt husleie,12-måneders endring (prosent),2019M09,1.9
04.1,Tolvmanedersendring,2019M10,Betalt husleie,12-måneders endring (prosent),2019M10,2
04.1,Tolvmanedersendring,2019M11,Betalt husleie,12-måneders endring (prosent),2019M11,1.9
04.1,Tolvmanedersendring,2019M12,Betalt husleie,12-måneders endring (prosent),2019M12,2.1
04.1,Tolvmanedersendring,2020M01,Betalt husleie,12-måneders endring (prosent),2020M01,2
04.1,Tolvmanedersendring,2020M02,Betalt husleie,12-måneders endring (prosent),2020M02,1.8
04.1,Tolvmanedersendring,2020M03,Betalt husleie,12-måneders endring (prosent),2020M03,1.8
04.1,Tolvmanedersendring,2020M04,Betalt husleie,12-måneders endring (prosent),2020M04,1.6
04.1,Tolvmanedersendring,2020M05,Betalt husleie,12-måneders endring (prosent),2020M05,1.2
04.1,Tolvmanedersendring,2020M06,Betalt husleie,12-måneders endring (prosent),2020M06,1.4
04.1,Tolvmanedersendring,2020M07,Betalt husleie,12-måneders endring (prosent),2020M07,1.3
04.1,Tolvmanedersendring,2020M08,Betalt husleie,12-måneders endring (prosent),2020M08,1.5
04.1,Tolvmanedersendring,2020M09,Betalt husleie,12-måneders endring (prosent),2020M09,1.4
04.1,Tolvmanedersendring,2020M10,Betalt husleie,12-måneders endring (prosent),2020M10,1.3
04.1,Tolvmanedersendring,2020M11,Betalt husleie,12-måneders endring (prosent),2020M11,1.4
04.1,Tolvmanedersendring,2020M12,Betalt husleie,12-måneders endring (prosent),2020M12,1.4
04.1,Tolvmanedersendring,2021M01,Betalt husleie,12-måneders endring (prosent),2021M01,1.1
04.1,Tolvmanedersendring,2021M02,Betalt husleie,12-måneders endring (prosent),2021M02,1.1
04.1,Tolvmanedersendring,2021M03,Betalt husleie,12-måneders endring (prosent),2021M03,1
04.1,Tolvmanedersendring,2021M04,Betalt husleie,12-måneders endring (prosent),2021M04,1.1
04.1,Tolvmanedersendring,2021M05,Betalt husleie,12-måneders endring (prosent),2021M05,1.5
04.1,Tolvmanedersendring,2021M06,Betalt husleie,12-måneders endring (prosent),2021M06,1.3
04.1,Tolvmanedersendring,2021M07,Betalt husleie,12-måneders endring (prosent),2021M07,1.5
04.1,Tolvmanedersendring,2021M08,Betalt husleie,12-måneders endring (prosent),2021M08,1.2
04.1,Tolvmanedersendring,2021M09,Betalt husleie,12-måneders endring (prosent),2021M09,1.4
04.1,Tolvmanedersendring,2021M10,Betalt husleie,12-måneders endring (prosent),2021M10,1.5
04.1,Tolvmanedersendring,2021M11,Betalt husleie,12-måneders endring (prosent),2021M11,1.4
04.1,Tolvmanedersendring,2021M12,Betalt husleie,12-måneders endring (prosent),2021M12,1.3
04.1,Tolvmanedersendring,2022M01,Betalt husleie,12-måneders endring (prosent),2022M01,1.7
04.1,Tolvmanedersendring,2022M02,Betalt husleie,12-måneders endring (prosent),2022M02,1.8
04.1,Tolvmanedersendring,2022M03,Betalt husleie,12-måneders endring (prosent),2022M03,1.9
04.1,Tolvmanedersendring,2022M04,Betalt husleie,12-måneders endring (prosent),2022M04,2
04.1,Tolvmanedersendring,2022M05,Betalt husleie,12-måneders endring (prosent),2022M05,1.8
04.1,Tolvmanedersendring,2022M06,Betalt husleie,12-måneders endring (prosent),2022M06,1.9
04.1,Tolvmanedersendring,2022M07,Betalt husleie,12-måneders endring (prosent),2022M07,2.2
04.1,Tolvmanedersendring,2022M08,Betalt husleie,12-måneders endring (prosent),2022M08,2.3
04.1,Tolvmanedersendring,2022M09,Betalt husleie,12-måneders endring (prosent),2022M09,2.5
04.1,Tolvmanedersendring,2022M10,Betalt husleie,12-måneders endring (prosent),2022M10,2.5
04.1,Tolvmanedersendring,2022M11,Betalt husleie,12-måneders endring (prosent),2022M11,2.5
04.1,Tolvmanedersendring,2022M12,Betalt husleie,12-måneders endring (prosent),2022M12,2.6
04.1,Tolvmanedersendring,2023M01,Betalt husleie,12-måneders endring (prosent),2023M01,3.1
04.1,Tolvmanedersendring,2023M02,Betalt husleie,12-måneders endring (prosent),2023M02,3.4
04.1,Tolvmanedersendring,2023M03,Betalt husleie,12-måneders endring (prosent),2023M03,3.6
04.1,Tolvmanedersendring,2023M04,Betalt husleie,12-måneders endring (prosent),2023M04,3.6
04.1,Tolvmanedersendring,2023M05,Betalt husleie,12-måneders endring (prosent),2023M05,4.1
04.1,Tolvmanedersendring,2023M06,Betalt husleie,12-måneders endring (prosent),2023M06,4.3
04.1,Tolvmanedersendring,2023M07,Betalt husleie,12-måneders endring (prosent),2023M07,4.2
04.1,Tolvmanedersendring,2023M08,Betalt husleie,12-måneders endring (prosent),2023M08,4.2
04.1,Tolvmanedersendring,2023M09,Betalt husleie,12-måneders endring (prosent),2023M09,4.2
04.1,Tolvmanedersendring,2023M10,Betalt husleie,12-måneders endring (prosent),2023M10,4.4
04.1,Tolvmanedersendring,2023M11,Betalt husleie,12-måneders endring (prosent),2023M11,4.6
04.1,Tolvmanedersendring,2023M12,Betalt husleie,12-måneders endring (prosent),2023M12,4.5
04.1,Tolvmanedersendring,2024M01,Betalt husleie,12-måneders endring (prosent),2024M01,4.4
04.1,Tolvmanedersendring,2024M02,Betalt husleie,12-måneders endring (prosent),2024M02,4.3
04.1,Tolvmanedersendring,2024M03,Betalt husleie,12-måneders endring (prosent),2024M03,4.4
04.1,Tolvmanedersendring,2024M04,Betalt husleie,12-måneders endring (prosent),2024M04,4.6
04.1,Tolvmanedersendring,2024M05,Betalt husleie,12-måneders endring (prosent),2024M05,4.4
04.1,Tolvmanedersendring,2024M06,Betalt husleie,12-måneders endring (prosent),2024M06,4.3
04.1,Tolvmanedersendring,2024M07,Betalt husleie,12-måneders endring (prosent),2024M07,4.2
04.1,Tolvmanedersendring,2024M08,Betalt husleie,12-måneders endring (prosent),2024M08,4.5
04.1,Tolvmanedersendring,2024M09,Betalt husleie,12-måneders endring (prosent),2024M09,4.4
04.1,Tolvmanedersendring,2024M10,Betalt husleie,12-måneders endring (prosent),2024M10,4.3
04.1,Tolvmanedersendring,2024M11,Betalt husleie,12-måneders endring (prosent),2024M11,4.4
04.1,Tolvmanedersendring,2024M12,Betalt husleie,12-måneders endring (prosent),2024M12,4.4
04.1,Tolvmanedersendring,2025M01,Betalt husleie,12-måneders endring (prosent),2025M01,3.9
04.1,Tolvmanedersendring,2025M02,Betalt husleie,12-måneders endring (prosent),2025M02,4
04.1,Tolvmanedersendring,2025M03,Betalt husleie,12-måneders endring (prosent),2025M03,3.8
04.1,Tolvmanedersendring,2025M04,Betalt husleie,12-måneders endring (prosent),2025M04,3.5
04.1,Tolvmanedersendring,2025M05,Betalt husleie,12-måneders endring (prosent),2025M05,3.3
04.1,Tolvmanedersendring,2025M06,Betalt husleie,12-måneders endring (prosent),2025M06,3.6
04.1,Tolvmanedersendring,2025M07,Betalt husleie,12-måneders endring (prosent),2025M07,3.6
04.1,Tolvmanedersendring,2025M08,Betalt husleie,12-måneders endring (prosent),2025M08,3.6
04.1,Tolvmanedersendring,2025M09,Betalt husleie,12-måneders endring (prosent),2025M09,3.5
04.1,Tolvmanedersendring,2025M10,Betalt husleie,12-måneders endring (prosent),2025M10,3.6
04.1,Tolvmanedersendring,2025M11,Betalt husleie,12-måneders endring (prosent),2025M11,3.5
04.1,Tolvmanedersendring,2025M12,Betalt husleie,12-måneders endring (prosent),2025M12,3.4
04.1,KpiVektMnd,1979M01,Betalt husleie,Vekter,1979M01,39.4
04.1,KpiVektMnd,1979M02,Betalt husleie,Vekter,1979M02,39.4
04.1,KpiVektMnd,1979M03,Betalt husleie,Vekter,1979M03,39.4
04.1,KpiVektMnd,1979M04,Betalt husleie,Vekter,1979M04,39.4
04.1,KpiVektMnd,1979M05,Betalt husleie,Vekter,1979M05,39.4
04.1,KpiVektMnd,1979M06,Betalt husleie,Vekter,1979M06,39.4
04.1,KpiVektMnd,1979M07,Betalt husleie,Vekter,1979M07,39.4
04.1,KpiVektMnd,1979M08,Betalt husleie,Vekter,1979M08,39.4
04.1,KpiVektMnd,1979M09,Betalt husleie,Vekter,1979M09,39.4
04.1,KpiVektMnd,1979M10,Betalt husleie,Vekter,1979M10,39.4
04.1,KpiVektMnd,1979M11,Betalt husleie,Vekter,1979M11,39.4
04.1,KpiVektMnd,1979M12,Betalt husleie,Vekter,1979M12,39.4
04.1,KpiVektMnd,1980M01,Betalt husleie,Vekter,1980M01,39.4
04.1,KpiVektMnd,1980M02,Betalt husleie,Vekter,1980M02,39.4
04.1,KpiVektMnd,1980M03,Betalt husleie,Vekter,1980M03,39.4
04.1,KpiVektMnd,1980M04,Betalt husleie,Vekter,1980M04,39.4
04.1,KpiVektMnd,1980M05,Betalt husleie,Vekter,1980M05,39.4
04.1,KpiVektMnd,1980M06,Betalt husleie,Vekter,1980M06,39.4
04.1,KpiVektMnd,1980M07,Betalt husleie,Vekter,1980M07,39.4
04.1,KpiVektMnd,1980M08,Betalt husleie,Vekter,1980M08,39.4
04.1,KpiVektMnd,1980M09,Betalt husleie,Vekter,1980M09,39.4
04.1,KpiVektMnd,1980M10,Betalt husleie,Vekter,1980M10,39.4
04.1,KpiVektMnd,1980M11,Betalt husleie,Vekter,1980M11,39.4
04.1,KpiVektMnd,1980M12,Betalt husleie,Vekter,1980M12,39.4
04.1,KpiVektMnd,1981M01,Betalt husleie,Vekter,1981M01,39.4
04.1,KpiVektMnd,1981M02,Betalt husleie,Vekter,1981M02,39.4
04.1,KpiVektMnd,1981M03,Betalt husleie,Vekter,1981M03,39.4
04.1,KpiVektMnd,1981M04,Betalt husleie,Vekter,1981M04,39.4
04.1,KpiVektMnd,1981M05,Betalt husleie,Vekter,1981M05,39.4
04.1,KpiVektMnd,1981M06,Betalt husleie,Vekter,1981M06,39.4
04.1,KpiVektMnd,1981M07,Betalt husleie,Vekter,1981M07,39.4
04.1,KpiVektMnd,1981M08,Betalt husleie,Vekter,1981M08,39.4
04.1,KpiVektMnd,1981M09,Betalt husleie,Vekter,1981M09,39.4
04.1,KpiVektMnd,1981M10,Betalt husleie,Vekter,1981M10,39.4
04.1,KpiVektMnd,1981M11,Betalt husleie,Vekter,1981M11,39.4
04.1,KpiVektMnd,1981M12,Betalt husleie,Vekter,1981M12,39.4
04.1,KpiVektMnd,1982M01,Betalt husleie,Vekter,1982M01,39.4
04.1,KpiVektMnd,1982M02,Betalt husleie,Vekter,1982M02,39.4
04.1,KpiVektMnd,1982M03,Betalt husleie,Vekter,1982M03,39.4
04.1,KpiVektMnd,1982M04,Betalt husleie,Vekter,1982M04,39.4
04.1,KpiVektMnd,1982M05,Betalt husleie,Vekter,1982M05,39.4
04.1,KpiVektMnd,1982M06,Betalt husleie,Vekter,1982M06,39.4
04.1,KpiVektMnd,1982M07,Betalt husleie,Vekter,1982M07,39.4
04.1,KpiVektMnd,1982M08,Betalt husleie,Vekter,1982M08,45
04.1,KpiVektMnd,1982M09,Betalt husleie,Vekter,1982M09,45
04.1,KpiVektMnd,1982M10,Betalt husleie,Vekter,1982M10,45
04.1,KpiVektMnd,1982M11,Betalt husleie,Vekter,1982M11,45
04.1,KpiVektMnd,1982M12,Betalt husleie,Vekter,1982M12,45
04.1,KpiVektMnd,1983M01,Betalt husleie,Vekter,1983M01,45
04.1,KpiVektMnd,1983M02,Betalt husleie,Vekter,1983M02,45
04.1,KpiVektMnd,1983M03,Betalt husleie,Vekter,1983M03,45
04.1,KpiVektMnd,1983M04,Betalt husleie,Vekter,1983M04,45
04.1,KpiVektMnd,1983M05,Betalt husleie,Vekter,1983M05,45
04.1,KpiVektMnd,1983M06,Betalt husleie,Vekter,1983M06,45
04.1,KpiVektMnd,1983M07,Betalt husleie,Vekter,1983M07,45
04.1,KpiVektMnd,1983M08,Betalt husleie,Vekter,1983M08,44.4
04.1,KpiVektMnd,1983M09,Betalt husleie,Vekter,1983M09,44.4
04.1,KpiVektMnd,1983M10,Betalt husleie,Vekter,1983M10,44.4
04.1,KpiVektMnd,1983M11,Betalt husleie,Vekter,1983M11,44.4
04.1,KpiVektMnd,1983M12,Betalt husleie,Vekter,1983M12,44.4
04.1,KpiVektMnd,1984M01,Betalt husleie,Vekter,1984M01,44.4
04.1,KpiVektMnd,1984M02,Betalt husleie,Vekter,1984M02,44.4
04.1,KpiVektMnd,1984M03,Betalt husleie,Vekter,1984M03,44.4
04.1,KpiVektMnd,1984M04,Betalt husleie,Vekter,1984M04,44.4
04.1,KpiVektMnd,1984M05,Betalt husleie,Vekter,1984M05,44.4
04.1,KpiVektMnd,1984M06,Betalt husleie,Vekter,1984M06,44.4
04.1,KpiVektMnd,1984M07,Betalt husleie,Vekter,1984M07,44.4
04.1,KpiVektMnd,1984M08,Betalt husleie,Vekter,1984M08,45.1
04.1,KpiVektMnd,1984M09,Betalt husleie,Vekter,1984M09,45.1
04.1,KpiVektMnd,1984M10,Betalt husleie,Vekter,1984M10,45.1
04.1,KpiVektMnd,1984M11,Betalt husleie,Vekter,1984M11,45.1
04.1,KpiVektMnd,1984M12,Betalt husleie,Vekter,1984M12,45.1
04.1,KpiVektMnd,1985M01,Betalt husleie,Vekter,1985M01,45.1
04.1,KpiVektMnd,1985M02,Betalt husleie,Vekter,1985M02,45.1
04.1,KpiVektMnd,1985M03,Betalt husleie,Vekter,1985M03,45.1
04.1,KpiVektMnd,1985M04,Betalt husleie,Vekter,1985M04,45.1
04.1,KpiVektMnd,1985M05,Betalt husleie,Vekter,1985M05,45.1
04.1,KpiVektMnd,1985M06,Betalt husleie,Vekter,1985M06,45.1
04.1,KpiVektMnd,1985M07,Betalt husleie,Vekter,1985M07,45.1
04.1,KpiVektMnd,1985M08,Betalt husleie,Vekter,1985M08,44.2
04.1,KpiVektMnd,1985M09,Betalt husleie,Vekter,1985M09,44.2
04.1,KpiVektMnd,1985M10,Betalt husleie,Vekter,1985M10,44.2
04.1,KpiVektMnd,1985M11,Betalt husleie,Vekter,1985M11,44.2
04.1,KpiVektMnd,1985M12,Betalt husleie,Vekter,1985M12,44.2
04.1,KpiVektMnd,1986M01,Betalt husleie,Vekter,1986M01,44.2
04.1,KpiVektMnd,1986M02,Betalt husleie,Vekter,1986M02,44.2
04.1,KpiVektMnd,1986M03,Betalt husleie,Vekter,1986M03,44.2
04.1,KpiVektMnd,1986M04,Betalt husleie,Vekter,1986M04,44.2
04.1,KpiVektMnd,1986M05,Betalt husleie,Vekter,1986M05,44.2
04.1,KpiVektMnd,1986M06,Betalt husleie,Vekter,1986M06,44.2
04.1,KpiVektMnd,1986M07,Betalt husleie,Vekter,1986M07,44.2
04.1,KpiVektMnd,1986M08,Betalt husleie,Vekter,1986M08,44.8
04.1,KpiVektMnd,1986M09,Betalt husleie,Vekter,1986M09,44.8
04.1,KpiVektMnd,1986M10,Betalt husleie,Vekter,1986M10,44.8
04.1,KpiVektMnd,1986M11,Betalt husleie,Vekter,1986M11,44.8
04.1,KpiVektMnd,1986M12,Betalt husleie,Vekter,1986M12,44.8
04.1,KpiVektMnd,1987M01,Betalt husleie,Vekter,1987M01,44.8
04.1,KpiVektMnd,1987M02,Betalt husleie,Vekter,1987M02,44.8
04.1,KpiVektMnd,1987M03,Betalt husleie,Vekter,1987M03,44.8
04.1,KpiVektMnd,1987M04,Betalt husleie,Vekter,1987M04,44.8
04.1,KpiVektMnd,1987M05,Betalt husleie,Vekter,1987M05,44.8
04.1,KpiVektMnd,1987M06,Betalt husleie,Vekter,1987M06,44.8
04.1,KpiVektMnd,1987M07,Betalt husleie,Vekter,1987M07,44.8
04.1,KpiVektMnd,1987M08,Betalt husleie,Vekter,1987M08,42.9
04.1,KpiVektMnd,1987M09,Betalt husleie,Vekter,1987M09,42.9
04.1,KpiVektMnd,1987M10,Betalt husleie,Vekter,1987M10,42.9
04.1,KpiVektMnd,1987M11,Betalt husleie,Vekter,1987M11,42.9
04.1,KpiVektMnd,1987M12,Betalt husleie,Vekter,1987M12,42.9
04.1,KpiVektMnd,1988M01,Betalt husleie,Vekter,1988M01,42.9
04.1,KpiVektMnd,1988M02,Betalt husleie,Vekter,1988M02,42.9
04.1,KpiVektMnd,1988M03,Betalt husleie,Vekter,1988M03,42.9
04.1,KpiVektMnd,1988M04,Betalt husleie,Vekter,1988M04,42.9
04.1,KpiVektMnd,1988M05,Betalt husleie,Vekter,1988M05,42.9
04.1,KpiVektMnd,1988M06,Betalt husleie,Vekter,1988M06,42.9
04.1,KpiVektMnd,1988M07,Betalt husleie,Vekter,1988M07,42.9
04.1,KpiVektMnd,1988M08,Betalt husleie,Vekter,1988M08,41
04.1,KpiVektMnd,1988M09,Betalt husleie,Vekter,1988M09,41
04.1,KpiVektMnd,1988M10,Betalt husleie,Vekter,1988M10,41
04.1,KpiVektMnd,1988M11,Betalt husleie,Vekter,1988M11,41
04.1,KpiVektMnd,1988M12,Betalt husleie,Vekter,1988M12,41
04.1,KpiVektMnd,1989M01,Betalt husleie,Vekter,1989M01,41
04.1,KpiVektMnd,1989M02,Betalt husleie,Vekter,1989M02,41
04.1,KpiVektMnd,1989M03,Betalt husleie,Vekter,1989M03,41
04.1,KpiVektMnd,1989M04,Betalt husleie,Vekter,1989M04,41
04.1,KpiVektMnd,1989M05,Betalt husleie,Vekter,1989M05,41
04.1,KpiVektMnd,1989M06,Betalt husleie,Vekter,1989M06,41
04.1,KpiVektMnd,1989M07,Betalt husleie,Vekter,1989M07,41
04.1,KpiVektMnd,1989M08,Betalt husleie,Vekter,1989M08,39.5
04.1,KpiVektMnd,1989M09,Betalt husleie,Vekter,1989M09,39.5
04.1,KpiVektMnd,1989M10,Betalt husleie,Vekter,1989M10,39.5
04.1,KpiVektMnd,1989M11,Betalt husleie,Vekter,1989M11,39.5
04.1,KpiVektMnd,1989M12,Betalt husleie,Vekter,1989M12,39.5
04.1,KpiVektMnd,1990M01,Betalt husleie,Vekter,1990M01,39.5
04.1,KpiVektMnd,1990M02,Betalt husleie,Vekter,1990M02,39.5
04.1,KpiVektMnd,1990M03,Betalt husleie,Vekter,1990M03,39.5
04.1,KpiVektMnd,1990M04,Betalt husleie,Vekter,1990M04,39.5
04.1,KpiVektMnd,1990M05,Betalt husleie,Vekter,1990M05,39.5
04.1,KpiVektMnd,1990M06,Betalt husleie,Vekter,1990M06,39.5
04.1,KpiVektMnd,1990M07,Betalt husleie,Vekter,1990M07,39.5
04.1,KpiVektMnd,1990M08,Betalt husleie,Vekter,1990M08,42.9
04.1,KpiVektMnd,1990M09,Betalt husleie,Vekter,1990M09,42.9
04.1,KpiVektMnd,1990M10,Betalt husleie,Vekter,1990M10,42.9
04.1,KpiVektMnd,1990M11,Betalt husleie,Vekter,1990M11,42.9
04.1,KpiVektMnd,1990M12,Betalt husleie,Vekter,1990M12,42.9
04.1,KpiVektMnd,1991M01,Betalt husleie,Vekter,1991M01,42.9
04.1,KpiVektMnd,1991M02,Betalt husleie,Vekter,1991M02,42.9
04.1,KpiVektMnd,1991M03,Betalt husleie,Vekter,1991M03,42.9
04.1,KpiVektMnd,1991M04,Betalt husleie,Vekter,1991M04,42.9
04.1,KpiVektMnd,1991M05,Betalt husleie,Vekter,1991M05,42.9
04.1,KpiVektMnd,1991M06,Betalt husleie,Vekter,1991M06,42.9
04.1,KpiVektMnd,1991M07,Betalt husleie,Vekter,1991M07,42.9
04.1,KpiVektMnd,1991M08,Betalt husleie,Vekter,1991M08,47.6
04.1,KpiVektMnd,1991M09,Betalt husleie,Vekter,1991M09,47.6
04.1,KpiVektMnd,1991M10,Betalt husleie,Vekter,1991M10,47.6
04.1,KpiVektMnd,1991M11,Betalt husleie,Vekter,1991M11,47.6
04.1,KpiVektMnd,1991M12,Betalt husleie,Vekter,1991M12,47.6
04.1,KpiVektMnd,1992M01,Betalt husleie,Vekter,1992M01,47.6
04.1,KpiVektMnd,1992M02,Betalt husleie,Vekter,1992M02,47.6
04.1,KpiVektMnd,1992M03,Betalt husleie,Vekter,1992M03,47.6
04.1,KpiVektMnd,1992M04,Betalt husleie,Vekter,1992M04,47.6
04.1,KpiVektMnd,1992M05,Betalt husleie,Vekter,1992M05,47.6
04.1,KpiVektMnd,1992M06,Betalt husleie,Vekter,1992M06,47.6
04.1,KpiVektMnd,1992M07,Betalt husleie,Vekter,1992M07,47.6
04.1,KpiVektMnd,1992M08,Betalt husleie,Vekter,1992M08,51.4
04.1,KpiVektMnd,1992M09,Betalt husleie,Vekter,1992M09,51.4
04.1,KpiVektMnd,1992M10,Betalt husleie,Vekter,1992M10,51.4
04.1,KpiVektMnd,1992M11,Betalt husleie,Vekter,1992M11,51.4
04.1,KpiVektMnd,1992M12,Betalt husleie,Vekter,1992M12,51.4
04.1,KpiVektMnd,1993M01,Betalt husleie,Vekter,1993M01,51.4
04.1,KpiVektMnd,1993M02,Betalt husleie,Vekter,1993M02,51.4
04.1,KpiVektMnd,1993M03,Betalt husleie,Vekter,1993M03,51.4
04.1,KpiVektMnd,1993M04,Betalt husleie,Vekter,1993M04,51.4
04.1,KpiVektMnd,1993M05,Betalt husleie,Vekter,1993M05,51.4
04.1,KpiVektMnd,1993M06,Betalt husleie,Vekter,1993M06,51.4
04.1,KpiVektMnd,1993M07,Betalt husleie,Vekter,1993M07,51.4
04.1,KpiVektMnd,1993M08,Betalt husleie,Vekter,1993M08,51.2
04.1,KpiVektMnd,1993M09,Betalt husleie,Vekter,1993M09,51.2
04.1,KpiVektMnd,1993M10,Betalt husleie,Vekter,1993M10,51.2
04.1,KpiVektMnd,1993M11,Betalt husleie,Vekter,1993M11,51.2
04.1,KpiVektMnd,1993M12,Betalt husleie,Vekter,1993M12,51.2
04.1,KpiVektMnd,1994M01,Betalt husleie,Vekter,1994M01,51.2
04.1,KpiVektMnd,1994M02,Betalt husleie,Vekter,1994M02,51.2
04.1,KpiVektMnd,1994M03,Betalt husleie,Vekter,1994M03,51.2
04.1,KpiVektMnd,1994M04,Betalt husleie,Vekter,1994M04,51.2
04.1,KpiVektMnd,1994M05,Betalt husleie,Vekter,1994M05,51.2
04.1,KpiVektMnd,1994M06,Betalt husleie,Vekter,1994M06,51.2
04.1,KpiVektMnd,1994M07,Betalt husleie,Vekter,1994M07,51.2
04.1,KpiVektMnd,1994M08,Betalt husleie,Vekter,1994M08,53.7
04.1,KpiVektMnd,1994M09,Betalt husleie,Vekter,1994M09,53.7
04.1,KpiVektMnd,1994M10,Betalt husleie,Vekter,1994M10,53.7
04.1,KpiVektMnd,1994M11,Betalt husleie,Vekter,1994M11,53.7
04.1,KpiVektMnd,1994M12,Betalt husleie,Vekter,1994M12,53.7
04.1,KpiVektMnd,1995M01,Betalt husleie,Vekter,1995M01,53.7
04.1,KpiVektMnd,1995M02,Betalt husleie,Vekter,1995M02,53.7
04.1,KpiVektMnd,1995M03,Betalt husleie,Vekter,1995M03,53.7
04.1,KpiVektMnd,1995M04,Betalt husleie,Vekter,1995M04,53.7
04.1,KpiVektMnd,1995M05,Betalt husleie,Vekter,1995M05,53.7
04.1,KpiVektMnd,1995M06,Betalt husleie,Vekter,1995M06,53.7
04.1,KpiVektMnd,1995M07,Betalt husleie,Vekter,1995M07,53.7
04.1,KpiVektMnd,1995M08,Betalt husleie,Vekter,1995M08,57.3
04.1,KpiVektMnd,1995M09,Betalt husleie,Vekter,1995M09,57.3
04.1,KpiVektMnd,1995M10,Betalt husleie,Vekter,1995M10,57.3
04.1,KpiVektMnd,1995M11,Betalt husleie,Vekter,1995M11,57.3
04.1,KpiVektMnd,1995M12,Betalt husleie,Vekter,1995M12,57.3
04.1,KpiVektMnd,1996M01,Betalt husleie,Vekter,1996M01,57.3
04.1,KpiVektMnd,1996M02,Betalt husleie,Vekter,1996M02,57.3
04.1,KpiVektMnd,1996M03,Betalt husleie,Vekter,1996M03,57.3
04.1,KpiVektMnd,1996M04,Betalt husleie,Vekter,1996M04,57.3
04.1,KpiVektMnd,1996M05,Betalt husleie,Vekter,1996M05,57.3
04.1,KpiVektMnd,1996M06,Betalt husleie,Vekter,1996M06,57.3
04.1,KpiVektMnd,1996M07,Betalt husleie,Vekter,1996M07,57.3
04.1,KpiVektMnd,1996M08,Betalt husleie,Vekter,1996M08,58.1
04.1,KpiVektMnd,1996M09,Betalt husleie,Vekter,1996M09,58.1
04.1,KpiVektMnd,1996M10,Betalt husleie,Vekter,1996M10,58.1
04.1,KpiVektMnd,1996M11,Betalt husleie,Vekter,1996M11,58.1
04.1,KpiVektMnd,1996M12,Betalt husleie,Vekter,1996M12,58.1
04.1,KpiVektMnd,1997M01,Betalt husleie,Vekter,1997M01,58.1
04.1,KpiVektMnd,1997M02,Betalt husleie,Vekter,1997M02,58.1
04.1,KpiVektMnd,1997M03,Betalt husleie,Vekter,1997M03,58.1
04.1,KpiVektMnd,1997M04,Betalt husleie,Vekter,1997M04,58.1
04.1,KpiVektMnd,1997M05,Betalt husleie,Vekter,1997M05,58.1
04.1,KpiVektMnd,1997M06,Betalt husleie,Vekter,1997M06,58.1
04.1,KpiVektMnd,1997M07,Betalt husleie,Vekter,1997M07,58.1
04.1,KpiVektMnd,1997M08,Betalt husleie,Vekter,1997M08,56.3
04.1,KpiVektMnd,1997M09,Betalt husleie,Vekter,1997M09,56.3
04.1,KpiVektMnd,1997M10,Betalt husleie,Vekter,1997M10,56.3
04.1,KpiVektMnd,1997M11,Betalt husleie,Vekter,1997M11,56.3
04.1,KpiVektMnd,1997M12,Betalt husleie,Vekter,1997M12,56.3
04.1,KpiVektMnd,1998M01,Betalt husleie,Vekter,1998M01,56.3
04.1,KpiVektMnd,1998M02,Betalt husleie,Vekter,1998M02,56.3
04.1,KpiVektMnd,1998M03,Betalt husleie,Vekter,1998M03,56.3
04.1,KpiVektMnd,1998M04,Betalt husleie,Vekter,1998M04,56.3
04.1,KpiVektMnd,1998M05,Betalt husleie,Vekter,1998M05,56.3
04.1,KpiVektMnd,1998M06,Betalt husleie,Vekter,1998M06,56.3
04.1,KpiVektMnd,1998M07,Betalt husleie,Vekter,1998M07,56.3
04.1,KpiVektMnd,1998M08,Betalt husleie,Vekter,1998M08,52.2
04.1,KpiVektMnd,1998M09,Betalt husleie,Vekter,1998M09,52.2
04.1,KpiVektMnd,1998M10,Betalt husleie,Vekter,1998M10,52.2
04.1,KpiVektMnd,1998M11,Betalt husleie,Vekter,1998M11,52.2
04.1,KpiVektMnd,1998M12,Betalt husleie,Vekter,1998M12,52.2
04.1,KpiVektMnd,1999M01,Betalt husleie,Vekter,1999M01,52.2
04.1,KpiVektMnd,1999M02,Betalt husleie,Vekter,1999M02,52.2
04.1,KpiVektMnd,1999M03,Betalt husleie,Vekter,1999M03,52.2
04.1,KpiVektMnd,1999M04,Betalt husleie,Vekter,1999M04,52.2
04.1,KpiVektMnd,1999M05,Betalt husleie,Vekter,1999M05,52.2
04.1,KpiVektMnd,1999M06,Betalt husleie,Vekter,1999M06,52.2
04.1,KpiVektMnd,1999M07,Betalt husleie,Vekter,1999M07,52.2
04.1,KpiVektMnd,1999M08,Betalt husleie,Vekter,1999M08,40.8
04.1,KpiVektMnd,1999M09,Betalt husleie,Vekter,1999M09,40.8
04.1,KpiVektMnd,1999M10,Betalt husleie,Vekter,1999M10,40.8
04.1,KpiVektMnd,1999M11,Betalt husleie,Vekter,1999M11,40.8
04.1,KpiVektMnd,1999M12,Betalt husleie,Vekter,1999M12,40.8
04.1,KpiVektMnd,2000M01,Betalt husleie,Vekter,2000M01,40.8
04.1,KpiVektMnd,2000M02,Betalt husleie,Vekter,2000M02,40.8
04.1,KpiVektMnd,2000M03,Betalt husleie,Vekter,2000M03,40.8
04.1,KpiVektMnd,2000M04,Betalt husleie,Vekter,2000M04,40.8
04.1,KpiVektMnd,2000M05,Betalt husleie,Vekter,2000M05,40.8
04.1,KpiVektMnd,2000M06,Betalt husleie,Vekter,2000M06,40.8
04.1,KpiVektMnd,2000M07,Betalt husleie,Vekter,2000M07,40.8
04.1,KpiVektMnd,2000M08,Betalt husleie,Vekter,2000M08,40.5
04.1,KpiVektMnd,2000M09,Betalt husleie,Vekter,2000M09,40.5
04.1,KpiVektMnd,2000M10,Betalt husleie,Vekter,2000M10,40.5
04.1,KpiVektMnd,2000M11,Betalt husleie,Vekter,2000M11,40.5
04.1,KpiVektMnd,2000M12,Betalt husleie,Vekter,2000M12,40.5
04.1,KpiVektMnd,2001M01,Betalt husleie,Vekter,2001M01,40.5
04.1,KpiVektMnd,2001M02,Betalt husleie,Vekter,2001M02,40.5
04.1,KpiVektMnd,2001M03,Betalt husleie,Vekter,2001M03,40.5
04.1,KpiVektMnd,2001M04,Betalt husleie,Vekter,2001M04,40.5
04.1,KpiVektMnd,2001M05,Betalt husleie,Vekter,2001M05,40.5
04.1,KpiVektMnd,2001M06,Betalt husleie,Vekter,2001M06,40.5
04.1,KpiVektMnd,2001M07,Betalt husleie,Vekter,2001M07,40.5
04.1,KpiVektMnd,2001M08,Betalt husleie,Vekter,2001M08,39.2
04.1,KpiVektMnd,2001M09,Betalt husleie,Vekter,2001M09,39.2
04.1,KpiVektMnd,2001M10,Betalt husleie,Vekter,2001M10,39.2
04.1,KpiVektMnd,2001M11,Betalt husleie,Vekter,2001M11,39.2
04.1,KpiVektMnd,2001M12,Betalt husleie,Vekter,2001M12,39.2
04.1,KpiVektMnd,2002M01,Betalt husleie,Vekter,2002M01,39.2
04.1,KpiVektMnd,2002M02,Betalt husleie,Vekter,2002M02,39.2
04.1,KpiVektMnd,2002M03,Betalt husleie,Vekter,2002M03,39.2
04.1,KpiVektMnd,2002M04,Betalt husleie,Vekter,2002M04,39.2
04.1,KpiVektMnd,2002M05,Betalt husleie,Vekter,2002M05,39.2
04.1,KpiVektMnd,2002M06,Betalt husleie,Vekter,2002M06,39.2
04.1,KpiVektMnd,2002M07,Betalt husleie,Vekter,2002M07,39.2
04.1,KpiVektMnd,2002M08,Betalt husleie,Vekter,2002M08,33.3
04.1,KpiVektMnd,2002M09,Betalt husleie,Vekter,2002M09,33.3
04.1,KpiVektMnd,2002M10,Betalt husleie,Vekter,2002M10,33.3
04.1,KpiVektMnd,2002M11,Betalt husleie,Vekter,2002M11,33.3
04.1,KpiVektMnd,2002M12,Betalt husleie,Vekter,2002M12,33.3
04.1,KpiVektMnd,2003M01,Betalt husleie,Vekter,2003M01,33.3
04.1,KpiVektMnd,2003M02,Betalt husleie,Vekter,2003M02,33.3
04.1,KpiVektMnd,2003M03,Betalt husleie,Vekter,2003M03,33.3
04.1,KpiVektMnd,2003M04,Betalt husleie,Vekter,2003M04,33.3
04.1,KpiVektMnd,2003M05,Betalt husleie,Vekter,2003M05,33.3
04.1,KpiVektMnd,2003M06,Betalt husleie,Vekter,2003M06,33.3
04.1,KpiVektMnd,2003M07,Betalt husleie,Vekter,2003M07,33.3
04.1,KpiVektMnd,2003M08,Betalt husleie,Vekter,2003M08,29.2
04.1,KpiVektMnd,2003M09,Betalt husleie,Vekter,2003M09,29.2
04.1,KpiVektMnd,2003M10,Betalt husleie,Vekter,2003M10,29.2
04.1,KpiVektMnd,2003M11,Betalt husleie,Vekter,2003M11,29.2
04.1,KpiVektMnd,2003M12,Betalt husleie,Vekter,2003M12,29.2
04.1,KpiVektMnd,2004M01,Betalt husleie,Vekter,2004M01,29.2
04.1,KpiVektMnd,2004M02,Betalt husleie,Vekter,2004M02,29.2
04.1,KpiVektMnd,2004M03,Betalt husleie,Vekter,2004M03,29.2
04.1,KpiVektMnd,2004M04,Betalt husleie,Vekter,2004M04,29.2
04.1,KpiVektMnd,2004M05,Betalt husleie,Vekter,2004M05,29.2
04.1,KpiVektMnd,2004M06,Betalt husleie,Vekter,2004M06,29.2
04.1,KpiVektMnd,2004M07,Betalt husleie,Vekter,2004M07,29.2
04.1,KpiVektMnd,2004M08,Betalt husleie,Vekter,2004M08,30.7
04.1,KpiVektMnd,2004M09,Betalt husleie,Vekter,2004M09,30.7
04.1,KpiVektMnd,2004M10,Betalt husleie,Vekter,2004M10,30.7
04.1,KpiVektMnd,2004M11,Betalt husleie,Vekter,2004M11,30.7
04.1,KpiVektMnd,2004M12,Betalt husleie,Vekter,2004M12,30.7
04.1,KpiVektMnd,2005M01,Betalt husleie,Vekter,2005M01,30.7
04.1,KpiVektMnd,2005M02,Betalt husleie,Vekter,2005M02,30.7
04.1,KpiVektMnd,2005M03,Betalt husleie,Vekter,2005M03,30.7
04.1,KpiVektMnd,2005M04,Betalt husleie,Vekter,2005M04,30.7
04.1,KpiVektMnd,2005M05,Betalt husleie,Vekter,2005M05,30.7
04.1,KpiVektMnd,2005M06,Betalt husleie,Vekter,2005M06,30.7
04.1,KpiVektMnd,2005M07,Betalt husleie,Vekter,2005M07,30.7
04.1,KpiVektMnd,2005M08,Betalt husleie,Vekter,2005M08,31
04.1,KpiVektMnd,2005M09,Betalt husleie,Vekter,2005M09,31
04.1,KpiVektMnd,2005M10,Betalt husleie,Vekter,2005M10,31
04.1,KpiVektMnd,2005M11,Betalt husleie,Vekter,2005M11,31
04.1,KpiVektMnd,2005M12,Betalt husleie,Vekter,2005M12,31
04.1,KpiVektMnd,2006M01,Betalt husleie,Vekter,2006M01,31
04.1,KpiVektMnd,2006M02,Betalt husleie,Vekter,2006M02,31
04.1,KpiVektMnd,2006M03,Betalt husleie,Vekter,2006M03,31
04.1,KpiVektMnd,2006M04,Betalt husleie,Vekter,2006M04,31
04.1,KpiVektMnd,2006M05,Betalt husleie,Vekter,2006M05,31
04.1,KpiVektMnd,2006M06,Betalt husleie,Vekter,2006M06,31
04.1,KpiVektMnd,2006M07,Betalt husleie,Vekter,2006M07,31
04.1,KpiVektMnd,2006M08,Betalt husleie,Vekter,2006M08,30.4
04.1,KpiVektMnd,2006M09,Betalt husleie,Vekter,2006M09,30.4
04.1,KpiVektMnd,2006M10,Betalt husleie,Vekter,2006M10,30.4
04.1,KpiVektMnd,2006M11,Betalt husleie,Vekter,2006M11,30.4
04.1,KpiVektMnd,2006M12,Betalt husleie,Vekter,2006M12,30.4
04.1,KpiVektMnd,2007M01,Betalt husleie,Vekter,2007M01,30.4
04.1,KpiVektMnd,2007M02,Betalt husleie,Vekter,2007M02,30.4
04.1,KpiVektMnd,2007M03,Betalt husleie,Vekter,2007M03,30.4
04.1,KpiVektMnd,2007M04,Betalt husleie,Vekter,2007M04,30.4
04.1,KpiVektMnd,2007M05,Betalt husleie,Vekter,2007M05,30.4
04.1,KpiVektMnd,2007M06,Betalt husleie,Vekter,2007M06,30.4
04.1,KpiVektMnd,2007M07,Betalt husleie,Vekter,2007M07,30.4
04.1,KpiVektMnd,2007M08,Betalt husleie,Vekter,2007M08,28.4
04.1,KpiVektMnd,2007M09,Betalt husleie,Vekter,2007M09,28.4
04.1,KpiVektMnd,2007M10,Betalt husleie,Vekter,2007M10,28.4
04.1,KpiVektMnd,2007M11,Betalt husleie,Vekter,2007M11,28.4
04.1,KpiVektMnd,2007M12,Betalt husleie,Vekter,2007M12,28.4
04.1,KpiVektMnd,2008M01,Betalt husleie,Vekter,2008M01,28.4
04.1,KpiVektMnd,2008M02,Betalt husleie,Vekter,2008M02,28.4
04.1,KpiVektMnd,2008M03,Betalt husleie,Vekter,2008M03,28.4
04.1,KpiVektMnd,2008M04,Betalt husleie,Vekter,2008M04,28.4
04.1,KpiVektMnd,2008M05,Betalt husleie,Vekter,2008M05,28.4
04.1,KpiVektMnd,2008M06,Betalt husleie,Vekter,2008M06,28.4
04.1,KpiVektMnd,2008M07,Betalt husleie,Vekter,2008M07,28.4
04.1,KpiVektMnd,2008M08,Betalt husleie,Vekter,2008M08,25.1
04.1,KpiVektMnd,2008M09,Betalt husleie,Vekter,2008M09,25.1
04.1,KpiVektMnd,2008M10,Betalt husleie,Vekter,2008M10,25.1
04.1,KpiVektMnd,2008M11,Betalt husleie,Vekter,2008M11,25.1
04.1,KpiVektMnd,2008M12,Betalt husleie,Vekter,2008M12,25.1
04.1,KpiVektMnd,2009M01,Betalt husleie,Vekter,2009M01,25.1
04.1,KpiVektMnd,2009M02,Betalt husleie,Vekter,2009M02,25.1
04.1,KpiVektMnd,2009M03,Betalt husleie,Vekter,2009M03,25.1
04.1,KpiVektMnd,2009M04,Betalt husleie,Vekter,2009M04,25.1
04.1,KpiVektMnd,2009M05,Betalt husleie,Vekter,2009M05,25.1
04.1,KpiVektMnd,2009M06,Betalt husleie,Vekter,2009M06,25.1
04.1,KpiVektMnd,2009M07,Betalt husleie,Vekter,2009M07,25.1
04.1,KpiVektMnd,2009M08,Betalt husleie,Vekter,2009M08,25.1
04.1,KpiVektMnd,2009M09,Betalt husleie,Vekter,2009M09,25.1
04.1,KpiVektMnd,2009M10,Betalt husleie,Vekter,2009M10,25.1
04.1,KpiVektMnd,2009M11,Betalt husleie,Vekter,2009M11,25.1
04.1,KpiVektMnd,2009M12,Betalt husleie,Vekter,2009M12,25.1
04.1,KpiVektMnd,2010M01,Betalt husleie,Vekter,2010M01,25.1
04.1,KpiVektMnd,2010M02,Betalt husleie,Vekter,2010M02,25.1
04.1,KpiVektMnd,2010M03,Betalt husleie,Vekter,2010M03,25.1
04.1,KpiVektMnd,2010M04,Betalt husleie,Vekter,2010M04,25.1
04.1,KpiVektMnd,2010M05,Betalt husleie,Vekter,2010M05,25.1
04.1,KpiVektMnd,2010M06,Betalt husleie,Vekter,2010M06,25.1
04.1,KpiVektMnd,2010M07,Betalt husleie,Vekter,2010M07,25.1
04.1,KpiVektMnd,2010M08,Betalt husleie,Vekter,2010M08,25.1
04.1,KpiVektMnd,2010M09,Betalt husleie,Vekter,2010M09,25.1
04.1,KpiVektMnd,2010M10,Betalt husleie,Vekter,2010M10,25.1
04.1,KpiVektMnd,2010M11,Betalt husleie,Vekter,2010M11,25.1
04.1,KpiVektMnd,2010M12,Betalt husleie,Vekter,2010M12,25.1
04.1,KpiVektMnd,2011M01,Betalt husleie,Vekter,2011M01,32.5
04.1,KpiVektMnd,2011M02,Betalt husleie,Vekter,2011M02,32.5
04.1,KpiVektMnd,2011M03,Betalt husleie,Vekter,2011M03,32.5
04.1,KpiVektMnd,2011M04,Betalt husleie,Vekter,2011M04,32.5
04.1,KpiVektMnd,2011M05,Betalt husleie,Vekter,2011M05,32.5
04.1,KpiVektMnd,2011M06,Betalt husleie,Vekter,2011M06,32.5
04.1,KpiVektMnd,2011M07,Betalt husleie,Vekter,2011M07,32.5
04.1,KpiVektMnd,2011M08,Betalt husleie,Vekter,2011M08,32.5
04.1,KpiVektMnd,2011M09,Betalt husleie,Vekter,2011M09,32.5
04.1,KpiVektMnd,2011M10,Betalt husleie,Vekter,2011M10,32.5
04.1,KpiVektMnd,2011M11,Betalt husleie,Vekter,2011M11,32.5
04.1,KpiVektMnd,2011M12,Betalt husleie,Vekter,2011M12,32.5
04.1,KpiVektMnd,2012M01,Betalt husleie,Vekter,2012M01,33.7
04.1,KpiVektMnd,2012M02,Betalt husleie,Vekter,2012M02,33.7
04.1,KpiVektMnd,2012M03,Betalt husleie,Vekter,2012M03,33.7
04.1,KpiVektMnd,2012M04,Betalt husleie,Vekter,2012M04,33.7
04.1,KpiVektMnd,2012M05,Betalt husleie,Vekter,2012M05,33.7
04.1,KpiVektMnd,2012M06,Betalt husleie,Vekter,2012M06,33.7
04.1,KpiVektMnd,2012M07,Betalt husleie,Vekter,2012M07,33.7
04.1,KpiVektMnd,2012M08,Betalt husleie,Vekter,2012M08,33.7
04.1,KpiVektMnd,2012M09,Betalt husleie,Vekter,2012M09,33.7
04.1,KpiVektMnd,2012M10,Betalt husleie,Vekter,2012M10,33.7
04.1,KpiVektMnd,2012M11,Betalt husleie,Vekter,2012M11,33.7
04.1,KpiVektMnd,2012M12,Betalt husleie,Vekter,2012M12,33.7
04.1,KpiVektMnd,2013M01,Betalt husleie,Vekter,2013M01,35
04.1,KpiVektMnd,2013M02,Betalt husleie,Vekter,2013M02,35
04.1,KpiVektMnd,2013M03,Betalt husleie,Vekter,2013M03,35
04.1,KpiVektMnd,2013M04,Betalt husleie,Vekter,2013M04,35
04.1,KpiVektMnd,2013M05,Betalt husleie,Vekter,2013M05,35
04.1,KpiVektMnd,2013M06,Betalt husleie,Vekter,2013M06,35
04.1,KpiVektMnd,2013M07,Betalt husleie,Vekter,2013M07,35
04.1,KpiVektMnd,2013M08,Betalt husleie,Vekter,2013M08,35
04.1,KpiVektMnd,2013M09,Betalt husleie,Vekter,2013M09,35
04.1,KpiVektMnd,2013M10,Betalt husleie,Vekter,2013M10,35
04.1,KpiVektMnd,2013M11,Betalt husleie,Vekter,2013M11,35
04.1,KpiVektMnd,2013M12,Betalt husleie,Vekter,2013M12,35
04.1,KpiVektMnd,2014M01,Betalt husleie,Vekter,2014M01,35.1
04.1,KpiVektMnd,2014M02,Betalt husleie,Vekter,2014M02,35.1
04.1,KpiVektMnd,2014M03,Betalt husleie,Vekter,2014M03,35.1
04.1,KpiVektMnd,2014M04,Betalt husleie,Vekter,2014M04,35.1
04.1,KpiVektMnd,2014M05,Betalt husleie,Vekter,2014M05,35.1
04.1,KpiVektMnd,2014M06,Betalt husleie,Vekter,2014M06,35.1
04.1,KpiVektMnd,2014M07,Betalt husleie,Vekter,2014M07,35.1
04.1,KpiVektMnd,2014M08,Betalt husleie,Vekter,2014M08,35.1
04.1,KpiVektMnd,2014M09,Betalt husleie,Vekter,2014M09,35.1
04.1,KpiVektMnd,2014M10,Betalt husleie,Vekter,2014M10,35.1
04.1,KpiVektMnd,2014M11,Betalt husleie,Vekter,2014M11,35.1
04.1,KpiVektMnd,2014M12,Betalt husleie,Vekter,2014M12,35.1
04.1,KpiVektMnd,2015M01,Betalt husleie,Vekter,2015M01,43.6
04.1,KpiVektMnd,2015M02,Betalt husleie,Vekter,2015M02,43.6
04.1,KpiVektMnd,2015M03,Betalt husleie,Vekter,2015M03,43.6
04.1,KpiVektMnd,2015M04,Betalt husleie,Vekter,2015M04,43.6
04.1,KpiVektMnd,2015M05,Betalt husleie,Vekter,2015M05,43.6
04.1,KpiVektMnd,2015M06,Betalt husleie,Vekter,2015M06,43.6
04.1,KpiVektMnd,2015M07,Betalt husleie,Vekter,2015M07,43.6
04.1,KpiVektMnd,2015M08,Betalt husleie,Vekter,2015M08,43.6
04.1,KpiVektMnd,2015M09,Betalt husleie,Vekter,2015M09,43.6
04.1,KpiVektMnd,2015M10,Betalt husleie,Vekter,2015M10,43.6
04.1,KpiVektMnd,2015M11,Betalt husleie,Vekter,2015M11,43.6
04.1,KpiVektMnd,2015M12,Betalt husleie,Vekter,2015M12,43.6
04.1,KpiVektMnd,2016M01,Betalt husleie,Vekter,2016M01,45.6
04.1,KpiVektMnd,2016M02,Betalt husleie,Vekter,2016M02,45.6
04.1,KpiVektMnd,2016M03,Betalt husleie,Vekter,2016M03,45.6
04.1,KpiVektMnd,2016M04,Betalt husleie,Vekter,2016M04,45.6
04.1,KpiVektMnd,2016M05,Betalt husleie,Vekter,2016M05,45.6
04.1,KpiVektMnd,2016M06,Betalt husleie,Vekter,2016M06,45.6
04.1,KpiVektMnd,2016M07,Betalt husleie,Vekter,2016M07,45.6
04.1,KpiVektMnd,2016M08,Betalt husleie,Vekter,2016M08,45.6
04.1,KpiVektMnd,2016M09,Betalt husleie,Vekter,2016M09,45.6
04.1,KpiVektMnd,2016M10,Betalt husleie,Vekter,2016M10,45.6
04.1,KpiVektMnd,2016M11,Betalt husleie,Vekter,2016M11,45.6
04.1,KpiVektMnd,2016M12,Betalt husleie,Vekter,2016M12,45.6
04.1,KpiVektMnd,2017M01,Betalt husleie,Vekter,2017M01,45.7
04.1,KpiVektMnd,2017M02,Betalt husleie,Vekter,2017M02,45.7
04.1,KpiVektMnd,2017M03,Betalt husleie,Vekter,2017M03,45.7
04.1,KpiVektMnd,2017M04,Betalt husleie,Vekter,2017M04,45.7
04.1,KpiVektMnd,2017M05,Betalt husleie,Vekter,2017M05,45.7
04.1,KpiVektMnd,2017M06,Betalt husleie,Vekter,2017M06,45.7
04.1,KpiVektMnd,2017M07,Betalt husleie,Vekter,2017M07,45.7
04.1,KpiVektMnd,2017M08,Betalt husleie,Vekter,2017M08,45.7
04.1,KpiVektMnd,2017M09,Betalt husleie,Vekter,2017M09,45.7
04.1,KpiVektMnd,2017M10,Betalt husleie,Vekter,2017M10,45.7
04.1,KpiVektMnd,2017M11,Betalt husleie,Vekter,2017M11,45.7
04.1,KpiVektMnd,2017M12,Betalt husleie,Vekter,2017M12,45.7
04.1,KpiVektMnd,2018M01,Betalt husleie,Vekter,2018M01,46.1
04.1,KpiVektMnd,2018M02,Betalt husleie,Vekter,2018M02,46.1
04.1,KpiVektMnd,2018M03,Betalt husleie,Vekter,2018M03,46.1
04.1,KpiVektMnd,2018M04,Betalt husleie,Vekter,2018M04,46.1
04.1,KpiVektMnd,2018M05,Betalt husleie,Vekter,2018M05,46.1
04.1,KpiVektMnd,2018M06,Betalt husleie,Vekter,2018M06,46.1
04.1,KpiVektMnd,2018M07,Betalt husleie,Vekter,2018M07,46.1
04.1,KpiVektMnd,2018M08,Betalt husleie,Vekter,2018M08,46.1
04.1,KpiVektMnd,2018M09,Betalt husleie,Vekter,2018M09,46.1
04.1,KpiVektMnd,2018M10,Betalt husleie,Vekter,2018M10,46.1
04.1,KpiVektMnd,2018M11,Betalt husleie,Vekter,2018M11,46.1
04.1,KpiVektMnd,2018M12,Betalt husleie,Vekter,2018M12,46.1
04.1,KpiVektMnd,2019M01,Betalt husleie,Vekter,2019M01,46
04.1,KpiVektMnd,2019M02,Betalt husleie,Vekter,2019M02,46
04.1,KpiVektMnd,2019M03,Betalt husleie,Vekter,2019M03,46
04.1,KpiVektMnd,2019M04,Betalt husleie,Vekter,2019M04,46
04.1,KpiVektMnd,2019M05,Betalt husleie,Vekter,2019M05,46
04.1,KpiVektMnd,2019M06,Betalt husleie,Vekter,2019M06,46
04.1,KpiVektMnd,2019M07,Betalt husleie,Vekter,2019M07,46
04.1,KpiVektMnd,2019M08,Betalt husleie,Vekter,2019M08,46
04.1,KpiVektMnd,2019M09,Betalt husleie,Vekter,2019M09,46
04.1,KpiVektMnd,2019M10,Betalt husleie,Vekter,2019M10,46
04.1,KpiVektMnd,2019M11,Betalt husleie,Vekter,2019M11,46
04.1,KpiVektMnd,2019M12,Betalt husleie,Vekter,2019M12,46
04.1,KpiVektMnd,2020M01,Betalt husleie,Vekter,2020M01,45.5
04.1,KpiVektMnd,2020M02,Betalt husleie,Vekter,2020M02,45.5
04.1,KpiVektMnd,2020M03,Betalt husleie,Vekter,2020M03,45.5
04.1,KpiVektMnd,2020M04,Betalt husleie,Vekter,2020M04,45.5
04.1,KpiVektMnd,2020M05,Betalt husleie,Vekter,2020M05,45.5
04.1,KpiVektMnd,2020M06,Betalt husleie,Vekter,2020M06,45.5
04.1,KpiVektMnd,2020M07,Betalt husleie,Vekter,2020M07,45.5
04.1,KpiVektMnd,2020M08,Betalt husleie,Vekter,2020M08,45.5
04.1,KpiVektMnd,2020M09,Betalt husleie,Vekter,2020M09,45.5
04.1,KpiVektMnd,2020M10,Betalt husleie,Vekter,2020M10,45.5
04.1,KpiVektMnd,2020M11,Betalt husleie,Vekter,2020M11,45.5
04.1,KpiVektMnd,2020M12,Betalt husleie,Vekter,2020M12,45.5
04.1,KpiVektMnd,2021M01,Betalt husleie,Vekter,2021M01,45.6
04.1,KpiVektMnd,2021M02,Betalt husleie,Vekter,2021M02,45.6
04.1,KpiVektMnd,2021M03,Betalt husleie,Vekter,2021M03,45.6
04.1,KpiVektMnd,2021M04,Betalt husleie,Vekter,2021M04,45.6
04.1,KpiVektMnd,2021M05,Betalt husleie,Vekter,2021M05,45.6
04.1,KpiVektMnd,2021M06,Betalt husleie,Vekter,2021M06,45.6
04.1,KpiVektMnd,2021M07,Betalt husleie,Vekter,2021M07,45.6
04.1,KpiVektMnd,2021M08,Betalt husleie,Vekter,2021M08,45.6
04.1,KpiVektMnd,2021M09,Betalt husleie,Vekter,2021M09,45.6
04.1,KpiVektMnd,2021M10,Betalt husleie,Vekter,2021M10,45.6
04.1,KpiVektMnd,2021M11,Betalt husleie,Vekter,2021M11,45.6
04.1,KpiVektMnd,2021M12,Betalt husleie,Vekter,2021M12,45.6
04.1,KpiVektMnd,2022M01,Betalt husleie,Vekter,2022M01,44.9
04.1,KpiVektMnd,2022M02,Betalt husleie,Vekter,2022M02,44.9
04.1,KpiVektMnd,2022M03,Betalt husleie,Vekter,2022M03,44.9
04.1,KpiVektMnd,2022M04,Betalt husleie,Vekter,2022M04,44.9
04.1,KpiVektMnd,2022M05,Betalt husleie,Vekter,2022M05,44.9
04.1,KpiVektMnd,2022M06,Betalt husleie,Vekter,2022M06,44.9
04.1,KpiVektMnd,2022M07,Betalt husleie,Vekter,2022M07,44.9
04.1,KpiVektMnd,2022M08,Betalt husleie,Vekter,2022M08,44.9
04.1,KpiVektMnd,2022M09,Betalt husleie,Vekter,2022M09,44.9
04.1,KpiVektMnd,2022M10,Betalt husleie,Vekter,2022M10,44.9
04.1,KpiVektMnd,2022M11,Betalt husleie,Vekter,2022M11,44.9
04.1,KpiVektMnd,2022M12,Betalt husleie,Vekter,2022M12,44.9
04.1,KpiVektMnd,2023M01,Betalt husleie,Vekter,2023M01,44.2
04.1,KpiVektMnd,2023M02,Betalt husleie,Vekter,2023M02,44.2
04.1,KpiVektMnd,2023M03,Betalt husleie,Vekter,2023M03,44.2
04.1,KpiVektMnd,2023M04,Betalt husleie,Vekter,2023M04,44.2
04.1,KpiVektMnd,2023M05,Betalt husleie,Vekter,2023M05,44.2
04.1,KpiVektMnd,2023M06,Betalt husleie,Vekter,2023M06,44.2
04.1,KpiVektMnd,2023M07,Betalt husleie,Vekter,2023M07,44.2
04.1,KpiVektMnd,2023M08,Betalt husleie,Vekter,2023M08,44.2
04.1,KpiVektMnd,2023M09,Betalt husleie,Vekter,2023M09,44.2
04.1,KpiVektMnd,2023M10,Betalt husleie,Vekter,2023M10,44.2
04.1,KpiVektMnd,2023M11,Betalt husleie,Vekter,2023M11,44.2
04.1,KpiVektMnd,2023M12,Betalt husleie,Vekter,2023M12,44.2
04.1,KpiVektMnd,2024M01,Betalt husleie,Vekter,2024M01,44.2
04.1,KpiVektMnd,2024M02,Betalt husleie,Vekter,2024M02,44.2
04.1,KpiVektMnd,2024M03,Betalt husleie,Vekter,2024M03,44.2
04.1,KpiVektMnd,2024M04,Betalt husleie,Vekter,2024M04,44.2
04.1,KpiVektMnd,2024M05,Betalt husleie,Vekter,2024M05,44.2
04.1,KpiVektMnd,2024M06,Betalt husleie,Vekter,2024M06,44.2
04.1,KpiVektMnd,2024M07,Betalt husleie,Vekter,2024M07,44.2
04.1,KpiVektMnd,2024M08,Betalt husleie,Vekter,2024M08,44.2
04.1,KpiVektMnd,2024M09,Betalt husleie,Vekter,2024M09,44.2
04.1,KpiVektMnd,2024M10,Betalt husleie,Vekter,2024M10,44.2
04.1,KpiVektMnd,2024M11,Betalt husleie,Vekter,2024M11,44.2
04.1,KpiVektMnd,2024M12,Betalt husleie,Vekter,2024M12,44.2
04.1,KpiVektMnd,2025M01,Betalt husleie,Vekter,2025M01,46.4
04.1,KpiVektMnd,2025M02,Betalt husleie,Vekter,2025M02,46.4
04.1,KpiVektMnd,2025M03,Betalt husleie,Vekter,2025M03,46.4
04.1,KpiVektMnd,2025M04,Betalt husleie,Vekter,2025M04,46.4
04.1,KpiVektMnd,2025M05,Betalt husleie,Vekter,2025M05,46.4
04.1,KpiVektMnd,2025M06,Betalt husleie,Vekter,2025M06,46.4
04.1,KpiVektMnd,2025M07,Betalt husleie,Vekter,2025M07,46.4
04.1,KpiVektMnd,2025M08,Betalt husleie,Vekter,2025M08,46.4
04.1,KpiVektMnd,2025M09,Betalt husleie,Vekter,2025M09,46.4
04.1,KpiVektMnd,2025M10,Betalt husleie,Vekter,2025M10,46.4
04.1,KpiVektMnd,2025M11,Betalt husleie,Vekter,2025M11,46.4
04.1,KpiVektMnd,2025M12,Betalt husleie,Vekter,2025M12,46.4
04.1.1,KpiIndMnd,1979M01,"Betalt husleie, bolig",Konsumprisindeks (2015=100),1979M01,
04.1.1,KpiIndMnd,1979M02,"Betalt husleie, bolig",Konsumprisindeks (2015=100),1979M02,
04.1.1,KpiIndMnd,1979M03,"Betalt husleie, bolig",Konsumprisindeks (2015=100),1979M03,
04.1.1,KpiIndMnd,1979M04,"Betalt husleie, bolig",Konsumprisindeks (2015=100),1979M04,
04.1.1,KpiIndMnd,1979M05,"Betalt husleie, bolig",Konsumprisindeks (2015=100),1979M05,
04.1.1,KpiIndMnd,1979M06,"Betalt husleie, bolig",Konsumprisindeks (2015=100),1979M06,
04.1.1,KpiIndMnd,1979M07,"Betalt husleie, bolig",Konsumprisindeks (2015=100),1979M07,
04.1.1,KpiIndMnd,1979M08,"Betalt husleie, bolig",Konsumprisindeks (2015=100),1979M08,
04.1.1,KpiIndMnd,1979M09,"Betalt husleie, bolig",Konsumprisindeks (2015=100),1979M09,
04.1.1,KpiIndMnd,1979M10,"Betalt husleie, bolig",Konsumprisindeks (2015=100),1979M10,
04.1.1,KpiIndMnd,1979M11,"Betalt husleie, bolig",Konsumprisindeks (2015=100),1979M11,
04.1.1,KpiIndMnd,1979M12,"Betalt husleie, bolig",Konsumprisindeks (2015=100),1979M12,
04.1.1,KpiIndMnd,1980M01,"Betalt husleie, bolig",Konsumprisindeks (2015=100),1980M01,
04.1.1,KpiIndMnd,1980M02,"Betalt husleie, bolig",Konsumprisindeks (2015=100),1980M02,
04.1.1,KpiIndMnd,1980M03,"Betalt husleie, bolig",Konsumprisindeks (2015=100),1980M03,
04.1.1,KpiIndMnd,1980M04,"Betalt husleie, bolig",Konsumprisindeks (2015=100),1980M04,
04.1.1,KpiIndMnd,1980M05,"Betalt husleie, bolig",Konsumprisindeks (2015=100),1980M05,
04.1.1,KpiIndMnd,1980M06,"Betalt husleie, bolig",Konsumprisindeks (2015=100),1980M06,
04.1.1,KpiIndMnd,1980M07,"Betalt husleie, bolig",Konsumprisindeks (2015=100),1980M07,
04.1.1,KpiIndMnd,1980M08,"Betalt husleie, bolig",Konsumprisindeks (2015=100),1980M08,
04.1.1,KpiIndMnd,1980M09,"Betalt husleie, bolig",Konsumprisindeks (2015=100),1980M09,
04.1.1,KpiIndMnd,1980M10,"Betalt husleie, bolig",Konsumprisindeks (2015=100),1980M10,
04.1.1,KpiIndMnd,1980M11,"Betalt husleie, bolig",Konsumprisindeks (2015=100),1980M11,
04.1.1,KpiIndMnd,1980M12,"Betalt husleie, bolig",Konsumprisindeks (2015=100),1980M12,
04.1.1,KpiIndMnd,1981M01,"Betalt husleie, bolig",Konsumprisindeks (2015=100),1981M01,
04.1.1,KpiIndMnd,1981M02,"Betalt husleie, bolig",Konsumprisindeks (2015=100),1981M02,
04.1.1,KpiIndMnd,1981M03,"Betalt husleie, bolig",Konsumprisindeks (2015=100),1981M03,
04.1.1,KpiIndMnd,1981M04,"Betalt husleie, bolig",Konsumprisindeks (2015=100),1981M04,
04.1.1,KpiIndMnd,1981M05,"Betalt husleie, bolig",Konsumprisindeks (2015=100),1981M05,
04.1.1,KpiIndMnd,1981M06,"Betalt husleie, bolig",Konsumprisindeks (2015=100),1981M06,
04.1.1,KpiIndMnd,1981M07,"Betalt husleie, bolig",Konsumprisindeks (2015=100),1981M07,
04.1.1,KpiIndMnd,1981M08,"Betalt husleie, bolig",Konsumprisindeks (2015=100),1981M08,
04.1.1,KpiIndMnd,1981M09,"Betalt husleie, bolig",Konsumprisindeks (2015=100),1981M09,
04.1.1,KpiIndMnd,1981M10,"Betalt husleie, bolig",Konsumprisindeks (2015=100),1981M10,
04.1.1,KpiIndMnd,1981M11,"Betalt husleie, bolig",Konsumprisindeks (2015=100),1981M11,
04.1.1,KpiIndMnd,1981M12,"Betalt husleie, bolig",Konsumprisindeks (2015=100),1981M12,
04.1.1,KpiIndMnd,1982M01,"Betalt husleie, bolig",Konsumprisindeks (2015=100),1982M01,
04.1.1,KpiIndMnd,1982M02,"Betalt husleie, bolig",Konsumprisindeks (2015=100),1982M02,
04.1.1,KpiIndMnd,1982M03,"Betalt husleie, bolig",Konsumprisindeks (2015=100),1982M03,
04.1.1,KpiIndMnd,1982M04,"Betalt husleie, bolig",Konsumprisindeks (2015=100),1982M04,
04.1.1,KpiIndMnd,1982M05,"Betalt husleie, bolig",Konsumprisindeks (2015=100),1982M05,
04.1.1,KpiIndMnd,1982M06,"Betalt husleie, bolig",Konsumprisindeks (2015=100),1982M06,
04.1.1,KpiIndMnd,1982M07,"Betalt husleie, bolig",Konsumprisindeks (2015=100),1982M07,
04.1.1,KpiIndMnd,1982M08,"Betalt husleie, bolig",Konsumprisindeks (2015=100),1982M08,
04.1.1,KpiIndMnd,1982M09,"Betalt husleie, bolig",Konsumprisindeks (2015=100),1982M09,
04.1.1,KpiIndMnd,1982M10,"Betalt husleie, bolig",Konsumprisindeks (2015=100),1982M10,
04.1.1,KpiIndMnd,1982M11,"Betalt husleie, bolig",Konsumprisindeks (2015=100),1982M11,
04.1.1,KpiIndMnd,1982M12,"Betalt husleie, bolig",Konsumprisindeks (2015=100),1982M12,
04.1.1,KpiIndMnd,1983M01,"Betalt husleie, bolig",Konsumprisindeks (2015=100),1983M01,
04.1.1,KpiIndMnd,1983M02,"Betalt husleie, bolig",Konsumprisindeks (2015=100),1983M02,
04.1.1,KpiIndMnd,1983M03,"Betalt husleie, bolig",Konsumprisindeks (2015=100),1983M03,
04.1.1,KpiIndMnd,1983M04,"Betalt husleie, bolig",Konsumprisindeks (2015=100),1983M04,
04.1.1,KpiIndMnd,1983M05,"Betalt husleie, bolig",Konsumprisindeks (2015=100),1983M05,
04.1.1,KpiIndMnd,1983M06,"Betalt husleie, bolig",Konsumprisindeks (2015=100),1983M06,
04.1.1,KpiIndMnd,1983M07,"Betalt husleie, bolig",Konsumprisindeks (2015=100),1983M07,
04.1.1,KpiIndMnd,1983M08,"Betalt husleie, bolig",Konsumprisindeks (2015=100),1983M08,
04.1.1,KpiIndMnd,1983M09,"Betalt husleie, bolig",Konsumprisindeks (2015=100),1983M09,
04.1.1,KpiIndMnd,1983M10,"Betalt husleie, bolig",Konsumprisindeks (2015=100),1983M10,
04.1.1,KpiIndMnd,1983M11,"Betalt husleie, bolig",Konsumprisindeks (2015=100),1983M11,
04.1.1,KpiIndMnd,1983M12,"Betalt husleie, bolig",Konsumprisindeks (2015=100),1983M12,
04.1.1,KpiIndMnd,1984M01,"Betalt husleie, bolig",Konsumprisindeks (2015=100),1984M01,
04.1.1,KpiIndMnd,1984M02,"Betalt husleie, bolig",Konsumprisindeks (2015=100),1984M02,
04.1.1,KpiIndMnd,1984M03,"Betalt husleie, bolig",Konsumprisindeks (2015=100),1984M03,
04.1.1,KpiIndMnd,1984M04,"Betalt husleie, bolig",Konsumprisindeks (2015=100),1984M04,
04.1.1,KpiIndMnd,1984M05,"Betalt husleie, bolig",Konsumprisindeks (2015=100),1984M05,
04.1.1,KpiIndMnd,1984M06,"Betalt husleie, bolig",Konsumprisindeks (2015=100),1984M06,
04.1.1,KpiIndMnd,1984M07,"Betalt husleie, bolig",Konsumprisindeks (2015=100),1984M07,
04.1.1,KpiIndMnd,1984M08,"Betalt husleie, bolig",Konsumprisindeks (2015=100),1984M08,
04.1.1,KpiIndMnd,1984M09,"Betalt husleie, bolig",Konsumprisindeks (2015=100),1984M09,
04.1.1,KpiIndMnd,1984M10,"Betalt husleie, bolig",Konsumprisindeks (2015=100),1984M10,
04.1.1,KpiIndMnd,1984M11,"Betalt husleie, bolig",Konsumprisindeks (2015=100),1984M11,
04.1.1,KpiIndMnd,1984M12,"Betalt husleie, bolig",Konsumprisindeks (2015=100),1984M12,
04.1.1,KpiIndMnd,1985M01,"Betalt husleie, bolig",Konsumprisindeks (2015=100),1985M01,
04.1.1,KpiIndMnd,1985M02,"Betalt husleie, bolig",Konsumprisindeks (2015=100),1985M02,
04.1.1,KpiIndMnd,1985M03,"Betalt husleie, bolig",Konsumprisindeks (2015=100),1985M03,
04.1.1,KpiIndMnd,1985M04,"Betalt husleie, bolig",Konsumprisindeks (2015=100),1985M04,
04.1.1,KpiIndMnd,1985M05,"Betalt husleie, bolig",Konsumprisindeks (2015=100),1985M05,
04.1.1,KpiIndMnd,1985M06,"Betalt husleie, bolig",Konsumprisindeks (2015=100),1985M06,
04.1.1,KpiIndMnd,1985M07,"Betalt husleie, bolig",Konsumprisindeks (2015=100),1985M07,
04.1.1,KpiIndMnd,1985M08,"Betalt husleie, bolig",Konsumprisindeks (2015=100),1985M08,
04.1.1,KpiIndMnd,1985M09,"Betalt husleie, bolig",Konsumprisindeks (2015=100),1985M09,
04.1.1,KpiIndMnd,1985M10,"Betalt husleie, bolig",Konsumprisindeks (2015=100),1985M10,
04.1.1,KpiIndMnd,1985M11,"Betalt husleie, bolig",Konsumprisindeks (2015=100),1985M11,
04.1.1,KpiIndMnd,1985M12,"Betalt husleie, bolig",Konsumprisindeks (2015=100),1985M12,
04.1.1,KpiIndMnd,1986M01,"Betalt husleie, bolig",Konsumprisindeks (2015=100),1986M01,
04.1.1,KpiIndMnd,1986M02,"Betalt husleie, bolig",Konsumprisindeks (2015=100),1986M02,
04.1.1,KpiIndMnd,1986M03,"Betalt husleie, bolig",Konsumprisindeks (2015=100),1986M03,
04.1.1,KpiIndMnd,1986M04,"Betalt husleie, bolig",Konsumprisindeks (2015=100),1986M04,
04.1.1,KpiIndMnd,1986M05,"Betalt husleie, bolig",Konsumprisindeks (2015=100),1986M05,
04.1.1,KpiIndMnd,1986M06,"Betalt husleie, bolig",Konsumprisindeks (2015=100),1986M06,
04.1.1,KpiIndMnd,1986M07,"Betalt husleie, bolig",Konsumprisindeks (2015=100),1986M07,
04.1.1,KpiIndMnd,1986M08,"Betalt husleie, bolig",Konsumprisindeks (2015=100),1986M08,
04.1.1,KpiIndMnd,1986M09,"Betalt husleie, bolig",Konsumprisindeks (2015=100),1986M09,
04.1.1,KpiIndMnd,1986M10,"Betalt husleie, bolig",Konsumprisindeks (2015=100),1986M10,
04.1.1,KpiIndMnd,1986M11,"Betalt husleie, bolig",Konsumprisindeks (2015=100),1986M11,
04.1.1,KpiIndMnd,1986M12,"Betalt husleie, bolig",Konsumprisindeks (2015=100),1986M12,
04.1.1,KpiIndMnd,1987M01,"Betalt husleie, bolig",Konsumprisindeks (2015=100),1987M01,
04.1.1,KpiIndMnd,1987M02,"Betalt husleie, bolig",Konsumprisindeks (2015=100),1987M02,
04.1.1,KpiIndMnd,1987M03,"Betalt husleie, bolig",Konsumprisindeks (2015=100),1987M03,
04.1.1,KpiIndMnd,1987M04,"Betalt husleie, bolig",Konsumprisindeks (2015=100),1987M04,
04.1.1,KpiIndMnd,1987M05,"Betalt husleie, bolig",Konsumprisindeks (2015=100),1987M05,
04.1.1,KpiIndMnd,1987M06,"Betalt husleie, bolig",Konsumprisindeks (2015=100),1987M06,
04.1.1,KpiIndMnd,1987M07,"Betalt husleie, bolig",Konsumprisindeks (2015=100),1987M07,
04.1.1,KpiIndMnd,1987M08,"Betalt husleie, bolig",Konsumprisindeks (2015=100),1987M08,
04.1.1,KpiIndMnd,1987M09,"Betalt husleie, bolig",Konsumprisindeks (2015=100),1987M09,
04.1.1,KpiIndMnd,1987M10,"Betalt husleie, bolig",Konsumprisindeks (2015=100),1987M10,
04.1.1,KpiIndMnd,1987M11,"Betalt husleie, bolig",Konsumprisindeks (2015=100),1987M11,
04.1.1,KpiIndMnd,1987M12,"Betalt husleie, bolig",Konsumprisindeks (2015=100),1987M12,
04.1.1,KpiIndMnd,1988M01,"Betalt husleie, bolig",Konsumprisindeks (2015=100),1988M01,
04.1.1,KpiIndMnd,1988M02,"Betalt husleie, bolig",Konsumprisindeks (2015=100),1988M02,
04.1.1,KpiIndMnd,1988M03,"Betalt husleie, bolig",Konsumprisindeks (2015=100),1988M03,
04.1.1,KpiIndMnd,1988M04,"Betalt husleie, bolig",Konsumprisindeks (2015=100),1988M04,
04.1.1,KpiIndMnd,1988M05,"Betalt husleie, bolig",Konsumprisindeks (2015=100),1988M05,
04.1.1,KpiIndMnd,1988M06,"Betalt husleie, bolig",Konsumprisindeks (2015=100),1988M06,
04.1.1,KpiIndMnd,1988M07,"Betalt husleie, bolig",Konsumprisindeks (2015=100),1988M07,
04.1.1,KpiIndMnd,1988M08,"Betalt husleie, bolig",Konsumprisindeks (2015=100),1988M08,
04.1.1,KpiIndMnd,1988M09,"Betalt husleie, bolig",Konsumprisindeks (2015=100),1988M09,
04.1.1,KpiIndMnd,1988M10,"Betalt husleie, bolig",Konsumprisindeks (2015=100),1988M10,
04.1.1,KpiIndMnd,1988M11,"Betalt husleie, bolig",Konsumprisindeks (2015=100),1988M11,
04.1.1,KpiIndMnd,1988M12,"Betalt husleie, bolig",Konsumprisindeks (2015=100),1988M12,
04.1.1,KpiIndMnd,1989M01,"Betalt husleie, bolig",Konsumprisindeks (2015=100),1989M01,
04.1.1,KpiIndMnd,1989M02,"Betalt husleie, bolig",Konsumprisindeks (2015=100),1989M02,
04.1.1,KpiIndMnd,1989M03,"Betalt husleie, bolig",Konsumprisindeks (2015=100),1989M03,
04.1.1,KpiIndMnd,1989M04,"Betalt husleie, bolig",Konsumprisindeks (2015=100),1989M04,
04.1.1,KpiIndMnd,1989M05,"Betalt husleie, bolig",Konsumprisindeks (2015=100),1989M05,
04.1.1,KpiIndMnd,1989M06,"Betalt husleie, bolig",Konsumprisindeks (2015=100),1989M06,
04.1.1,KpiIndMnd,1989M07,"Betalt husleie, bolig",Konsumprisindeks (2015=100),1989M07,
04.1.1,KpiIndMnd,1989M08,"Betalt husleie, bolig",Konsumprisindeks (2015=100),1989M08,
04.1.1,KpiIndMnd,1989M09,"Betalt husleie, bolig",Konsumprisindeks (2015=100),1989M09,
04.1.1,KpiIndMnd,1989M10,"Betalt husleie, bolig",Konsumprisindeks (2015=100),1989M10,
04.1.1,KpiIndMnd,1989M11,"Betalt husleie, bolig",Konsumprisindeks (2015=100),1989M11,
04.1.1,KpiIndMnd,1989M12,"Betalt husleie, bolig",Konsumprisindeks (2015=100),1989M12,
04.1.1,KpiIndMnd,1990M01,"Betalt husleie, bolig",Konsumprisindeks (2015=100),1990M01,
04.1.1,KpiIndMnd,1990M02,"Betalt husleie, bolig",Konsumprisindeks (2015=100),1990M02,
04.1.1,KpiIndMnd,1990M03,"Betalt husleie, bolig",Konsumprisindeks (2015=100),1990M03,
04.1.1,KpiIndMnd,1990M04,"Betalt husleie, bolig",Konsumprisindeks (2015=100),1990M04,
04.1.1,KpiIndMnd,1990M05,"Betalt husleie, bolig",Konsumprisindeks (2015=100),1990M05,
04.1.1,KpiIndMnd,1990M06,"Betalt husleie, bolig",Konsumprisindeks (2015=100),1990M06,
04.1.1,KpiIndMnd,1990M07,"Betalt husleie, bolig",Konsumprisindeks (2015=100),1990M07,
04.1.1,KpiIndMnd,1990M08,"Betalt husleie, bolig",Konsumprisindeks (2015=100),1990M08,
04.1.1,KpiIndMnd,1990M09,"Betalt husleie, bolig",Konsumprisindeks (2015=100),1990M09,
04.1.1,KpiIndMnd,1990M10,"Betalt husleie, bolig",Konsumprisindeks (2015=100),1990M10,
04.1.1,KpiIndMnd,1990M11,"Betalt husleie, bolig",Konsumprisindeks (2015=100),1990M11,
04.1.1,KpiIndMnd,1990M12,"Betalt husleie, bolig",Konsumprisindeks (2015=100),1990M12,
04.1.1,KpiIndMnd,1991M01,"Betalt husleie, bolig",Konsumprisindeks (2015=100),1991M01,
04.1.1,KpiIndMnd,1991M02,"Betalt husleie, bolig",Konsumprisindeks (2015=100),1991M02,
04.1.1,KpiIndMnd,1991M03,"Betalt husleie, bolig",Konsumprisindeks (2015=100),1991M03,
04.1.1,KpiIndMnd,1991M04,"Betalt husleie, bolig",Konsumprisindeks (2015=100),1991M04,
04.1.1,KpiIndMnd,1991M05,"Betalt husleie, bolig",Konsumprisindeks (2015=100),1991M05,
04.1.1,KpiIndMnd,1991M06,"Betalt husleie, bolig",Konsumprisindeks (2015=100),1991M06,
04.1.1,KpiIndMnd,1991M07,"Betalt husleie, bolig",Konsumprisindeks (2015=100),1991M07,
04.1.1,KpiIndMnd,1991M08,"Betalt husleie, bolig",Konsumprisindeks (2015=100),1991M08,
04.1.1,KpiIndMnd,1991M09,"Betalt husleie, bolig",Konsumprisindeks (2015=100),1991M09,
04.1.1,KpiIndMnd,1991M10,"Betalt husleie, bolig",Konsumprisindeks (2015=100),1991M10,
04.1.1,KpiIndMnd,1991M11,"Betalt husleie, bolig",Konsumprisindeks (2015=100),1991M11,
04.1.1,KpiIndMnd,1991M12,"Betalt husleie, bolig",Konsumprisindeks (2015=100),1991M12,
04.1.1,KpiIndMnd,1992M01,"Betalt husleie, bolig",Konsumprisindeks (2015=100),1992M01,
04.1.1,KpiIndMnd,1992M02,"Betalt husleie, bolig",Konsumprisindeks (2015=100),1992M02,
04.1.1,KpiIndMnd,1992M03,"Betalt husleie, bolig",Konsumprisindeks (2015=100),1992M03,
04.1.1,KpiIndMnd,1992M04,"Betalt husleie, bolig",Konsumprisindeks (2015=100),1992M04,
04.1.1,KpiIndMnd,1992M05,"Betalt husleie, bolig",Konsumprisindeks (2015=100),1992M05,
04.1.1,KpiIndMnd,1992M06,"Betalt husleie, bolig",Konsumprisindeks (2015=100),1992M06,
04.1.1,KpiIndMnd,1992M07,"Betalt husleie, bolig",Konsumprisindeks (2015=100),1992M07,
04.1.1,KpiIndMnd,1992M08,"Betalt husleie, bolig",Konsumprisindeks (2015=100),1992M08,
04.1.1,KpiIndMnd,1992M09,"Betalt husleie, bolig",Konsumprisindeks (2015=100),1992M09,
04.1.1,KpiIndMnd,1992M10,"Betalt husleie, bolig",Konsumprisindeks (2015=100),1992M10,
04.1.1,KpiIndMnd,1992M11,"Betalt husleie, bolig",Konsumprisindeks (2015=100),1992M11,
04.1.1,KpiIndMnd,1992M12,"Betalt husleie, bolig",Konsumprisindeks (2015=100),1992M12,
04.1.1,KpiIndMnd,1993M01,"Betalt husleie, bolig",Konsumprisindeks (2015=100),1993M01,
04.1.1,KpiIndMnd,1993M02,"Betalt husleie, bolig",Konsumprisindeks (2015=100),1993M02,
04.1.1,KpiIndMnd,1993M03,"Betalt husleie, bolig",Konsumprisindeks (2015=100),1993M03,
04.1.1,KpiIndMnd,1993M04,"Betalt husleie, bolig",Konsumprisindeks (2015=100),1993M04,
04.1.1,KpiIndMnd,1993M05,"Betalt husleie, bolig",Konsumprisindeks (2015=100),1993M05,
04.1.1,KpiIndMnd,1993M06,"Betalt husleie, bolig",Konsumprisindeks (2015=100),1993M06,
04.1.1,KpiIndMnd,1993M07,"Betalt husleie, bolig",Konsumprisindeks (2015=100),1993M07,
04.1.1,KpiIndMnd,1993M08,"Betalt husleie, bolig",Konsumprisindeks (2015=100),1993M08,
04.1.1,KpiIndMnd,1993M09,"Betalt husleie, bolig",Konsumprisindeks (2015=100),1993M09,
04.1.1,KpiIndMnd,1993M10,"Betalt husleie, bolig",Konsumprisindeks (2015=100),1993M10,
04.1.1,KpiIndMnd,1993M11,"Betalt husleie, bolig",Konsumprisindeks (2015=100),1993M11,
04.1.1,KpiIndMnd,1993M12,"Betalt husleie, bolig",Konsumprisindeks (2015=100),1993M12,
04.1.1,KpiIndMnd,1994M01,"Betalt husleie, bolig",Konsumprisindeks (2015=100),1994M01,
04.1.1,KpiIndMnd,1994M02,"Betalt husleie, bolig",Konsumprisindeks (2015=100),1994M02,
04.1.1,KpiIndMnd,1994M03,"Betalt husleie, bolig",Konsumprisindeks (2015=100),1994M03,
04.1.1,KpiIndMnd,1994M04,"Betalt husleie, bolig",Konsumprisindeks (2015=100),1994M04,
04.1.1,KpiIndMnd,1994M05,"Betalt husleie, bolig",Konsumprisindeks (2015=100),1994M05,
04.1.1,KpiIndMnd,1994M06,"Betalt husleie, bolig",Konsumprisindeks (2015=100),1994M06,
04.1.1,KpiIndMnd,1994M07,"Betalt husleie, bolig",Konsumprisindeks (2015=100),1994M07,
04.1.1,KpiIndMnd,1994M08,"Betalt husleie, bolig",Konsumprisindeks (2015=100),1994M08,
04.1.1,KpiIndMnd,1994M09,"Betalt husleie, bolig",Konsumprisindeks (2015=100),1994M09,
04.1.1,KpiIndMnd,1994M10,"Betalt husleie, bolig",Konsumprisindeks (2015=100),1994M10,
04.1.1,KpiIndMnd,1994M11,"Betalt husleie, bolig",Konsumprisindeks (2015=100),1994M11,
04.1.1,KpiIndMnd,1994M12,"Betalt husleie, bolig",Konsumprisindeks (2015=100),1994M12,
04.1.1,KpiIndMnd,1995M01,"Betalt husleie, bolig",Konsumprisindeks (2015=100),1995M01,
04.1.1,KpiIndMnd,1995M02,"Betalt husleie, bolig",Konsumprisindeks (2015=100),1995M02,
04.1.1,KpiIndMnd,1995M03,"Betalt husleie, bolig",Konsumprisindeks (2015=100),1995M03,
04.1.1,KpiIndMnd,1995M04,"Betalt husleie, bolig",Konsumprisindeks (2015=100),1995M04,
04.1.1,KpiIndMnd,1995M05,"Betalt husleie, bolig",Konsumprisindeks (2015=100),1995M05,
04.1.1,KpiIndMnd,1995M06,"Betalt husleie, bolig",Konsumprisindeks (2015=100),1995M06,
04.1.1,KpiIndMnd,1995M07,"Betalt husleie, bolig",Konsumprisindeks (2015=100),1995M07,
04.1.1,KpiIndMnd,1995M08,"Betalt husleie, bolig",Konsumprisindeks (2015=100),1995M08,
04.1.1,KpiIndMnd,1995M09,"Betalt husleie, bolig",Konsumprisindeks (2015=100),1995M09,
04.1.1,KpiIndMnd,1995M10,"Betalt husleie, bolig",Konsumprisindeks (2015=100),1995M10,
04.1.1,KpiIndMnd,1995M11,"Betalt husleie, bolig",Konsumprisindeks (2015=100),1995M11,
04.1.1,KpiIndMnd,1995M12,"Betalt husleie, bolig",Konsumprisindeks (2015=100),1995M12,
04.1.1,KpiIndMnd,1996M01,"Betalt husleie, bolig",Konsumprisindeks (2015=100),1996M01,
04.1.1,KpiIndMnd,1996M02,"Betalt husleie, bolig",Konsumprisindeks (2015=100),1996M02,
04.1.1,KpiIndMnd,1996M03,"Betalt husleie, bolig",Konsumprisindeks (2015=100),1996M03,
04.1.1,KpiIndMnd,1996M04,"Betalt husleie, bolig",Konsumprisindeks (2015=100),1996M04,
04.1.1,KpiIndMnd,1996M05,"Betalt husleie, bolig",Konsumprisindeks (2015=100),1996M05,
04.1.1,KpiIndMnd,1996M06,"Betalt husleie, bolig",Konsumprisindeks (2015=100),1996M06,
04.1.1,KpiIndMnd,1996M07,"Betalt husleie, bolig",Konsumprisindeks (2015=100),1996M07,
04.1.1,KpiIndMnd,1996M08,"Betalt husleie, bolig",Konsumprisindeks (2015=100),1996M08,
04.1.1,KpiIndMnd,1996M09,"Betalt husleie, bolig",Konsumprisindeks (2015=100),1996M09,
04.1.1,KpiIndMnd,1996M10,"Betalt husleie, bolig",Konsumprisindeks (2015=100),1996M10,
04.1.1,KpiIndMnd,1996M11,"Betalt husleie, bolig",Konsumprisindeks (2015=100),1996M11,
04.1.1,KpiIndMnd,1996M12,"Betalt husleie, bolig",Konsumprisindeks (2015=100),1996M12,
04.1.1,KpiIndMnd,1997M01,"Betalt husleie, bolig",Konsumprisindeks (2015=100),1997M01,
04.1.1,KpiIndMnd,1997M02,"Betalt husleie, bolig",Konsumprisindeks (2015=100),1997M02,
04.1.1,KpiIndMnd,1997M03,"Betalt husleie, bolig",Konsumprisindeks (2015=100),1997M03,
04.1.1,KpiIndMnd,1997M04,"Betalt husleie, bolig",Konsumprisindeks (2015=100),1997M04,
04.1.1,KpiIndMnd,1997M05,"Betalt husleie, bolig",Konsumprisindeks (2015=100),1997M05,
04.1.1,KpiIndMnd,1997M06,"Betalt husleie, bolig",Konsumprisindeks (2015=100),1997M06,
04.1.1,KpiIndMnd,1997M07,"Betalt husleie, bolig",Konsumprisindeks (2015=100),1997M07,
04.1.1,KpiIndMnd,1997M08,"Betalt husleie, bolig",Konsumprisindeks (2015=100),1997M08,
04.1.1,KpiIndMnd,1997M09,"Betalt husleie, bolig",Konsumprisindeks (2015=100),1997M09,
04.1.1,KpiIndMnd,1997M10,"Betalt husleie, bolig",Konsumprisindeks (2015=100),1997M10,
04.1.1,KpiIndMnd,1997M11,"Betalt husleie, bolig",Konsumprisindeks (2015=100),1997M11,
04.1.1,KpiIndMnd,1997M12,"Betalt husleie, bolig",Konsumprisindeks (2015=100),1997M12,
04.1.1,KpiIndMnd,1998M01,"Betalt husleie, bolig",Konsumprisindeks (2015=100),1998M01,
04.1.1,KpiIndMnd,1998M02,"Betalt husleie, bolig",Konsumprisindeks (2015=100),1998M02,
04.1.1,KpiIndMnd,1998M03,"Betalt husleie, bolig",Konsumprisindeks (2015=100),1998M03,
04.1.1,KpiIndMnd,1998M04,"Betalt husleie, bolig",Konsumprisindeks (2015=100),1998M04,
04.1.1,KpiIndMnd,1998M05,"Betalt husleie, bolig",Konsumprisindeks (2015=100),1998M05,
04.1.1,KpiIndMnd,1998M06,"Betalt husleie, bolig",Konsumprisindeks (2015=100),1998M06,
04.1.1,KpiIndMnd,1998M07,"Betalt husleie, bolig",Konsumprisindeks (2015=100),1998M07,
04.1.1,KpiIndMnd,1998M08,"Betalt husleie, bolig",Konsumprisindeks (2015=100),1998M08,
04.1.1,KpiIndMnd,1998M09,"Betalt husleie, bolig",Konsumprisindeks (2015=100),1998M09,
04.1.1,KpiIndMnd,1998M10,"Betalt husleie, bolig",Konsumprisindeks (2015=100),1998M10,
04.1.1,KpiIndMnd,1998M11,"Betalt husleie, bolig",Konsumprisindeks (2015=100),1998M11,
04.1.1,KpiIndMnd,1998M12,"Betalt husleie, bolig",Konsumprisindeks (2015=100),1998M12,
04.1.1,KpiIndMnd,1999M01,"Betalt husleie, bolig",Konsumprisindeks (2015=100),1999M01,
04.1.1,KpiIndMnd,1999M02,"Betalt husleie, bolig",Konsumprisindeks (2015=100),1999M02,
04.1.1,KpiIndMnd,1999M03,"Betalt husleie, bolig",Konsumprisindeks (2015=100),1999M03,
04.1.1,KpiIndMnd,1999M04,"Betalt husleie, bolig",Konsumprisindeks (2015=100),1999M04,
04.1.1,KpiIndMnd,1999M05,"Betalt husleie, bolig",Konsumprisindeks (2015=100),1999M05,
04.1.1,KpiIndMnd,1999M06,"Betalt husleie, bolig",Konsumprisindeks (2015=100),1999M06,
04.1.1,KpiIndMnd,1999M07,"Betalt husleie, bolig",Konsumprisindeks (2015=100),1999M07,
04.1.1,KpiIndMnd,1999M08,"Betalt husleie, bolig",Konsumprisindeks (2015=100),1999M08,
04.1.1,KpiIndMnd,1999M09,"Betalt husleie, bolig",Konsumprisindeks (2015=100),1999M09,
04.1.1,KpiIndMnd,1999M10,"Betalt husleie, bolig",Konsumprisindeks (2015=100),1999M10,
04.1.1,KpiIndMnd,1999M11,"Betalt husleie, bolig",Konsumprisindeks (2015=100),1999M11,
04.1.1,KpiIndMnd,1999M12,"Betalt husleie, bolig",Konsumprisindeks (2015=100),1999M12,
04.1.1,KpiIndMnd,2000M01,"Betalt husleie, bolig",Konsumprisindeks (2015=100),2000M01,63.2
04.1.1,KpiIndMnd,2000M02,"Betalt husleie, bolig",Konsumprisindeks (2015=100),2000M02,63.2
04.1.1,KpiIndMnd,2000M03,"Betalt husleie, bolig",Konsumprisindeks (2015=100),2000M03,63.4
04.1.1,KpiIndMnd,2000M04,"Betalt husleie, bolig",Konsumprisindeks (2015=100),2000M04,63.7
04.1.1,KpiIndMnd,2000M05,"Betalt husleie, bolig",Konsumprisindeks (2015=100),2000M05,63.7
04.1.1,KpiIndMnd,2000M06,"Betalt husleie, bolig",Konsumprisindeks (2015=100),2000M06,64
04.1.1,KpiIndMnd,2000M07,"Betalt husleie, bolig",Konsumprisindeks (2015=100),2000M07,64.2
04.1.1,KpiIndMnd,2000M08,"Betalt husleie, bolig",Konsumprisindeks (2015=100),2000M08,64.6
04.1.1,KpiIndMnd,2000M09,"Betalt husleie, bolig",Konsumprisindeks (2015=100),2000M09,64.9
04.1.1,KpiIndMnd,2000M10,"Betalt husleie, bolig",Konsumprisindeks (2015=100),2000M10,64.8
04.1.1,KpiIndMnd,2000M11,"Betalt husleie, bolig",Konsumprisindeks (2015=100),2000M11,65.1
04.1.1,KpiIndMnd,2000M12,"Betalt husleie, bolig",Konsumprisindeks (2015=100),2000M12,65.1
04.1.1,KpiIndMnd,2001M01,"Betalt husleie, bolig",Konsumprisindeks (2015=100),2001M01,66
04.1.1,KpiIndMnd,2001M02,"Betalt husleie, bolig",Konsumprisindeks (2015=100),2001M02,66
04.1.1,KpiIndMnd,2001M03,"Betalt husleie, bolig",Konsumprisindeks (2015=100),2001M03,66.1
04.1.1,KpiIndMnd,2001M04,"Betalt husleie, bolig",Konsumprisindeks (2015=100),2001M04,66.3
04.1.1,KpiIndMnd,2001M05,"Betalt husleie, bolig",Konsumprisindeks (2015=100),2001M05,66.4
04.1.1,KpiIndMnd,2001M06,"Betalt husleie, bolig",Konsumprisindeks (2015=100),2001M06,66.5
04.1.1,KpiIndMnd,2001M07,"Betalt husleie, bolig",Konsumprisindeks (2015=100),2001M07,66.6
04.1.1,KpiIndMnd,2001M08,"Betalt husleie, bolig",Konsumprisindeks (2015=100),2001M08,66.7
04.1.1,KpiIndMnd,2001M09,"Betalt husleie, bolig",Konsumprisindeks (2015=100),2001M09,67.2
04.1.1,KpiIndMnd,2001M10,"Betalt husleie, bolig",Konsumprisindeks (2015=100),2001M10,67.3
04.1.1,KpiIndMnd,2001M11,"Betalt husleie, bolig",Konsumprisindeks (2015=100),2001M11,67.5
04.1.1,KpiIndMnd,2001M12,"Betalt husleie, bolig",Konsumprisindeks (2015=100),2001M12,68
04.1.1,KpiIndMnd,2002M01,"Betalt husleie, bolig",Konsumprisindeks (2015=100),2002M01,68.8
04.1.1,KpiIndMnd,2002M02,"Betalt husleie, bolig",Konsumprisindeks (2015=100),2002M02,68.6
04.1.1,KpiIndMnd,2002M03,"Betalt husleie, bolig",Konsumprisindeks (2015=100),2002M03,69.1
04.1.1,KpiIndMnd,2002M04,"Betalt husleie, bolig",Konsumprisindeks (2015=100),2002M04,69.3
04.1.1,KpiIndMnd,2002M05,"Betalt husleie, bolig",Konsumprisindeks (2015=100),2002M05,69.6
04.1.1,KpiIndMnd,2002M06,"Betalt husleie, bolig",Konsumprisindeks (2015=100),2002M06,69.8
04.1.1,KpiIndMnd,2002M07,"Betalt husleie, bolig",Konsumprisindeks (2015=100),2002M07,70.1
04.1.1,KpiIndMnd,2002M08,"Betalt husleie, bolig",Konsumprisindeks (2015=100),2002M08,70
04.1.1,KpiIndMnd,2002M09,"Betalt husleie, bolig",Konsumprisindeks (2015=100),2002M09,70.1
04.1.1,KpiIndMnd,2002M10,"Betalt husleie, bolig",Konsumprisindeks (2015=100),2002M10,70.1
04.1.1,KpiIndMnd,2002M11,"Betalt husleie, bolig",Konsumprisindeks (2015=100),2002M11,70.3
04.1.1,KpiIndMnd,2002M12,"Betalt husleie, bolig",Konsumprisindeks (2015=100),2002M12,70.4
04.1.1,KpiIndMnd,2003M01,"Betalt husleie, bolig",Konsumprisindeks (2015=100),2003M01,71.3
04.1.1,KpiIndMnd,2003M02,"Betalt husleie, bolig",Konsumprisindeks (2015=100),2003M02,71.5
04.1.1,KpiIndMnd,2003M03,"Betalt husleie, bolig",Konsumprisindeks (2015=100),2003M03,71.8
04.1.1,KpiIndMnd,2003M04,"Betalt husleie, bolig",Konsumprisindeks (2015=100),2003M04,72.4
04.1.1,KpiIndMnd,2003M05,"Betalt husleie, bolig",Konsumprisindeks (2015=100),2003M05,72.5
04.1.1,KpiIndMnd,2003M06,"Betalt husleie, bolig",Konsumprisindeks (2015=100),2003M06,72.6
04.1.1,KpiIndMnd,2003M07,"Betalt husleie, bolig",Konsumprisindeks (2015=100),2003M07,72.7
04.1.1,KpiIndMnd,2003M08,"Betalt husleie, bolig",Konsumprisindeks (2015=100),2003M08,72.7
04.1.1,KpiIndMnd,2003M09,"Betalt husleie, bolig",Konsumprisindeks (2015=100),2003M09,72.9
04.1.1,KpiIndMnd,2003M10,"Betalt husleie, bolig",Konsumprisindeks (2015=100),2003M10,72.9
04.1.1,KpiIndMnd,2003M11,"Betalt husleie, bolig",Konsumprisindeks (2015=100),2003M11,73.1
04.1.1,KpiIndMnd,2003M12,"Betalt husleie, bolig",Konsumprisindeks (2015=100),2003M12,73.2
04.1.1,KpiIndMnd,2004M01,"Betalt husleie, bolig",Konsumprisindeks (2015=100),2004M01,73.2
04.1.1,KpiIndMnd,2004M02,"Betalt husleie, bolig",Konsumprisindeks (2015=100),2004M02,73.4
04.1.1,KpiIndMnd,2004M03,"Betalt husleie, bolig",Konsumprisindeks (2015=100),2004M03,73.6
04.1.1,KpiIndMnd,2004M04,"Betalt husleie, bolig",Konsumprisindeks (2015=100),2004M04,73.7
04.1.1,KpiIndMnd,2004M05,"Betalt husleie, bolig",Konsumprisindeks (2015=100),2004M05,73.7
04.1.1,KpiIndMnd,2004M06,"Betalt husleie, bolig",Konsumprisindeks (2015=100),2004M06,74
04.1.1,KpiIndMnd,2004M07,"Betalt husleie, bolig",Konsumprisindeks (2015=100),2004M07,73.9
04.1.1,KpiIndMnd,2004M08,"Betalt husleie, bolig",Konsumprisindeks (2015=100),2004M08,74
04.1.1,KpiIndMnd,2004M09,"Betalt husleie, bolig",Konsumprisindeks (2015=100),2004M09,74.3
04.1.1,KpiIndMnd,2004M10,"Betalt husleie, bolig",Konsumprisindeks (2015=100),2004M10,74.3
04.1.1,KpiIndMnd,2004M11,"Betalt husleie, bolig",Konsumprisindeks (2015=100),2004M11,74.4
04.1.1,KpiIndMnd,2004M12,"Betalt husleie, bolig",Konsumprisindeks (2015=100),2004M12,74.5
04.1.1,KpiIndMnd,2005M01,"Betalt husleie, bolig",Konsumprisindeks (2015=100),2005M01,74.9
04.1.1,KpiIndMnd,2005M02,"Betalt husleie, bolig",Konsumprisindeks (2015=100),2005M02,75
04.1.1,KpiIndMnd,2005M03,"Betalt husleie, bolig",Konsumprisindeks (2015=100),2005M03,75
04.1.1,KpiIndMnd,2005M04,"Betalt husleie, bolig",Konsumprisindeks (2015=100),2005M04,75.4
04.1.1,KpiIndMnd,2005M05,"Betalt husleie, bolig",Konsumprisindeks (2015=100),2005M05,75.5
04.1.1,KpiIndMnd,2005M06,"Betalt husleie, bolig",Konsumprisindeks (2015=100),2005M06,75.6
04.1.1,KpiIndMnd,2005M07,"Betalt husleie, bolig",Konsumprisindeks (2015=100),2005M07,75.7
04.1.1,KpiIndMnd,2005M08,"Betalt husleie, bolig",Konsumprisindeks (2015=100),2005M08,75.8
04.1.1,KpiIndMnd,2005M09,"Betalt husleie, bolig",Konsumprisindeks (2015=100),2005M09,76
04.1.1,KpiIndMnd,2005M10,"Betalt husleie, bolig",Konsumprisindeks (2015=100),2005M10,75.9
04.1.1,KpiIndMnd,2005M11,"Betalt husleie, bolig",Konsumprisindeks (2015=100),2005M11,76.1
04.1.1,KpiIndMnd,2005M12,"Betalt husleie, bolig",Konsumprisindeks (2015=100),2005M12,76.2
04.1.1,KpiIndMnd,2006M01,"Betalt husleie, bolig",Konsumprisindeks (2015=100),2006M01,76.7
04.1.1,KpiIndMnd,2006M02,"Betalt husleie, bolig",Konsumprisindeks (2015=100),2006M02,76.8
04.1.1,KpiIndMnd,2006M03,"Betalt husleie, bolig",Konsumprisindeks (2015=100),2006M03,77.1
04.1.1,KpiIndMnd,2006M04,"Betalt husleie, bolig",Konsumprisindeks (2015=100),2006M04,77.2
04.1.1,KpiIndMnd,2006M05,"Betalt husleie, bolig",Konsumprisindeks (2015=100),2006M05,77.3
04.1.1,KpiIndMnd,2006M06,"Betalt husleie, bolig",Konsumprisindeks (2015=100),2006M06,77.5
04.1.1,KpiIndMnd,2006M07,"Betalt husleie, bolig",Konsumprisindeks (2015=100),2006M07,77.7
04.1.1,KpiIndMnd,2006M08,"Betalt husleie, bolig",Konsumprisindeks (2015=100),2006M08,77.6
04.1.1,KpiIndMnd,2006M09,"Betalt husleie, bolig",Konsumprisindeks (2015=100),2006M09,77.6
04.1.1,KpiIndMnd,2006M10,"Betalt husleie, bolig",Konsumprisindeks (2015=100),2006M10,78
04.1.1,KpiIndMnd,2006M11,"Betalt husleie, bolig",Konsumprisindeks (2015=100),2006M11,77.9
04.1.1,KpiIndMnd,2006M12,"Betalt husleie, bolig",Konsumprisindeks (2015=100),2006M12,78
04.1.1,KpiIndMnd,2007M01,"Betalt husleie, bolig",Konsumprisindeks (2015=100),2007M01,78.5
04.1.1,KpiIndMnd,2007M02,"Betalt husleie, bolig",Konsumprisindeks (2015=100),2007M02,78.4
04.1.1,KpiIndMnd,2007M03,"Betalt husleie, bolig",Konsumprisindeks (2015=100),2007M03,78.5
04.1.1,KpiIndMnd,2007M04,"Betalt husleie, bolig",Konsumprisindeks (2015=100),2007M04,78.6
04.1.1,KpiIndMnd,2007M05,"Betalt husleie, bolig",Konsumprisindeks (2015=100),2007M05,78.8
04.1.1,KpiIndMnd,2007M06,"Betalt husleie, bolig",Konsumprisindeks (2015=100),2007M06,78.7
04.1.1,KpiIndMnd,2007M07,"Betalt husleie, bolig",Konsumprisindeks (2015=100),2007M07,79.1
04.1.1,KpiIndMnd,2007M08,"Betalt husleie, bolig",Konsumprisindeks (2015=100),2007M08,79.1
04.1.1,KpiIndMnd,2007M09,"Betalt husleie, bolig",Konsumprisindeks (2015=100),2007M09,79.2
04.1.1,KpiIndMnd,2007M10,"Betalt husleie, bolig",Konsumprisindeks (2015=100),2007M10,79.4
04.1.1,KpiIndMnd,2007M11,"Betalt husleie, bolig",Konsumprisindeks (2015=100),2007M11,79.7
04.1.1,KpiIndMnd,2007M12,"Betalt husleie, bolig",Konsumprisindeks (2015=100),2007M12,80.1
04.1.1,KpiIndMnd,2008M01,"Betalt husleie, bolig",Konsumprisindeks (2015=100),2008M01,80.4
04.1.1,KpiIndMnd,2008M02,"Betalt husleie, bolig",Konsumprisindeks (2015=100),2008M02,80.3
04.1.1,KpiIndMnd,2008M03,"Betalt husleie, bolig",Konsumprisindeks (2015=100),2008M03,81.3
04.1.1,KpiIndMnd,2008M04,"Betalt husleie, bolig",Konsumprisindeks (2015=100),2008M04,81.5
04.1.1,KpiIndMnd,2008M05,"Betalt husleie, bolig",Konsumprisindeks (2015=100),2008M05,81.5
04.1.1,KpiIndMnd,2008M06,"Betalt husleie, bolig",Konsumprisindeks (2015=100),2008M06,81.6
04.1.1,KpiIndMnd,2008M07,"Betalt husleie, bolig",Konsumprisindeks (2015=100),2008M07,82
04.1.1,KpiIndMnd,2008M08,"Betalt husleie, bolig",Konsumprisindeks (2015=100),2008M08,82.2
04.1.1,KpiIndMnd,2008M09,"Betalt husleie, bolig",Konsumprisindeks (2015=100),2008M09,82.3
04.1.1,KpiIndMnd,2008M10,"Betalt husleie, bolig",Konsumprisindeks (2015=100),2008M10,82.5
04.1.1,KpiIndMnd,2008M11,"Betalt husleie, bolig",Konsumprisindeks (2015=100),2008M11,82.7
04.1.1,KpiIndMnd,2008M12,"Betalt husleie, bolig",Konsumprisindeks (2015=100),2008M12,83
04.1.1,KpiIndMnd,2009M01,"Betalt husleie, bolig",Konsumprisindeks (2015=100),2009M01,84
04.1.1,KpiIndMnd,2009M02,"Betalt husleie, bolig",Konsumprisindeks (2015=100),2009M02,84.2
04.1.1,KpiIndMnd,2009M03,"Betalt husleie, bolig",Konsumprisindeks (2015=100),2009M03,84.5
04.1.1,KpiIndMnd,2009M04,"Betalt husleie, bolig",Konsumprisindeks (2015=100),2009M04,84.6
04.1.1,KpiIndMnd,2009M05,"Betalt husleie, bolig",Konsumprisindeks (2015=100),2009M05,84.7
04.1.1,KpiIndMnd,2009M06,"Betalt husleie, bolig",Konsumprisindeks (2015=100),2009M06,84.7
04.1.1,KpiIndMnd,2009M07,"Betalt husleie, bolig",Konsumprisindeks (2015=100),2009M07,84.8
04.1.1,KpiIndMnd,2009M08,"Betalt husleie, bolig",Konsumprisindeks (2015=100),2009M08,84.8
04.1.1,KpiIndMnd,2009M09,"Betalt husleie, bolig",Konsumprisindeks (2015=100),2009M09,84.6
04.1.1,KpiIndMnd,2009M10,"Betalt husleie, bolig",Konsumprisindeks (2015=100),2009M10,84.7
04.1.1,KpiIndMnd,2009M11,"Betalt husleie, bolig",Konsumprisindeks (2015=100),2009M11,84.9
04.1.1,KpiIndMnd,2009M12,"Betalt husleie, bolig",Konsumprisindeks (2015=100),2009M12,84.8
04.1.1,KpiIndMnd,2010M01,"Betalt husleie, bolig",Konsumprisindeks (2015=100),2010M01,86.2
04.1.1,KpiIndMnd,2010M02,"Betalt husleie, bolig",Konsumprisindeks (2015=100),2010M02,86.5
04.1.1,KpiIndMnd,2010M03,"Betalt husleie, bolig",Konsumprisindeks (2015=100),2010M03,86.7
04.1.1,KpiIndMnd,2010M04,"Betalt husleie, bolig",Konsumprisindeks (2015=100),2010M04,86.7
04.1.1,KpiIndMnd,2010M05,"Betalt husleie, bolig",Konsumprisindeks (2015=100),2010M05,86.7
04.1.1,KpiIndMnd,2010M06,"Betalt husleie, bolig",Konsumprisindeks (2015=100),2010M06,86.9
04.1.1,KpiIndMnd,2010M07,"Betalt husleie, bolig",Konsumprisindeks (2015=100),2010M07,87.1
04.1.1,KpiIndMnd,2010M08,"Betalt husleie, bolig",Konsumprisindeks (2015=100),2010M08,87.3
04.1.1,KpiIndMnd,2010M09,"Betalt husleie, bolig",Konsumprisindeks (2015=100),2010M09,87.5
04.1.1,KpiIndMnd,2010M10,"Betalt husleie, bolig",Konsumprisindeks (2015=100),2010M10,87.7
04.1.1,KpiIndMnd,2010M11,"Betalt husleie, bolig",Konsumprisindeks (2015=100),2010M11,87.7
04.1.1,KpiIndMnd,2010M12,"Betalt husleie, bolig",Konsumprisindeks (2015=100),2010M12,87.8
04.1.1,KpiIndMnd,2011M01,"Betalt husleie, bolig",Konsumprisindeks (2015=100),2011M01,88.3
04.1.1,KpiIndMnd,2011M02,"Betalt husleie, bolig",Konsumprisindeks (2015=100),2011M02,88.5
04.1.1,KpiIndMnd,2011M03,"Betalt husleie, bolig",Konsumprisindeks (2015=100),2011M03,88.6
04.1.1,KpiIndMnd,2011M04,"Betalt husleie, bolig",Konsumprisindeks (2015=100),2011M04,88.6
04.1.1,KpiIndMnd,2011M05,"Betalt husleie, bolig",Konsumprisindeks (2015=100),2011M05,88.7
04.1.1,KpiIndMnd,2011M06,"Betalt husleie, bolig",Konsumprisindeks (2015=100),2011M06,88.8
04.1.1,KpiIndMnd,2011M07,"Betalt husleie, bolig",Konsumprisindeks (2015=100),2011M07,88.9
04.1.1,KpiIndMnd,2011M08,"Betalt husleie, bolig",Konsumprisindeks (2015=100),2011M08,89.1
04.1.1,KpiIndMnd,2011M09,"Betalt husleie, bolig",Konsumprisindeks (2015=100),2011M09,89.4
04.1.1,KpiIndMnd,2011M10,"Betalt husleie, bolig",Konsumprisindeks (2015=100),2011M10,89.4
04.1.1,KpiIndMnd,2011M11,"Betalt husleie, bolig",Konsumprisindeks (2015=100),2011M11,89.6
04.1.1,KpiIndMnd,2011M12,"Betalt husleie, bolig",Konsumprisindeks (2015=100),2011M12,89.6
04.1.1,KpiIndMnd,2012M01,"Betalt husleie, bolig",Konsumprisindeks (2015=100),2012M01,90.1
04.1.1,KpiIndMnd,2012M02,"Betalt husleie, bolig",Konsumprisindeks (2015=100),2012M02,90.3
04.1.1,KpiIndMnd,2012M03,"Betalt husleie, bolig",Konsumprisindeks (2015=100),2012M03,90.4
04.1.1,KpiIndMnd,2012M04,"Betalt husleie, bolig",Konsumprisindeks (2015=100),2012M04,90.5
04.1.1,KpiIndMnd,2012M05,"Betalt husleie, bolig",Konsumprisindeks (2015=100),2012M05,90.6
04.1.1,KpiIndMnd,2012M06,"Betalt husleie, bolig",Konsumprisindeks (2015=100),2012M06,90.8
04.1.1,KpiIndMnd,2012M07,"Betalt husleie, bolig",Konsumprisindeks (2015=100),2012M07,90.9
04.1.1,KpiIndMnd,2012M08,"Betalt husleie, bolig",Konsumprisindeks (2015=100),2012M08,91
04.1.1,KpiIndMnd,2012M09,"Betalt husleie, bolig",Konsumprisindeks (2015=100),2012M09,91.1
04.1.1,KpiIndMnd,2012M10,"Betalt husleie, bolig",Konsumprisindeks (2015=100),2012M10,91.3
04.1.1,KpiIndMnd,2012M11,"Betalt husleie, bolig",Konsumprisindeks (2015=100),2012M11,91.7
04.1.1,KpiIndMnd,2012M12,"Betalt husleie, bolig",Konsumprisindeks (2015=100),2012M12,91.8
04.1.1,KpiIndMnd,2013M01,"Betalt husleie, bolig",Konsumprisindeks (2015=100),2013M01,92.5
04.1.1,KpiIndMnd,2013M02,"Betalt husleie, bolig",Konsumprisindeks (2015=100),2013M02,93
04.1.1,KpiIndMnd,2013M03,"Betalt husleie, bolig",Konsumprisindeks (2015=100),2013M03,93.2
04.1.1,KpiIndMnd,2013M04,"Betalt husleie, bolig",Konsumprisindeks (2015=100),2013M04,93.3
04.1.1,KpiIndMnd,2013M05,"Betalt husleie, bolig",Konsumprisindeks (2015=100),2013M05,93.8
04.1.1,KpiIndMnd,2013M06,"Betalt husleie, bolig",Konsumprisindeks (2015=100),2013M06,94.1
04.1.1,KpiIndMnd,2013M07,"Betalt husleie, bolig",Konsumprisindeks (2015=100),2013M07,94.5
04.1.1,KpiIndMnd,2013M08,"Betalt husleie, bolig",Konsumprisindeks (2015=100),2013M08,94.7
04.1.1,KpiIndMnd,2013M09,"Betalt husleie, bolig",Konsumprisindeks (2015=100),2013M09,95.1
04.1.1,KpiIndMnd,2013M10,"Betalt husleie, bolig",Konsumprisindeks (2015=100),2013M10,95.4
04.1.1,KpiIndMnd,2013M11,"Betalt husleie, bolig",Konsumprisindeks (2015=100),2013M11,95.5
04.1.1,KpiIndMnd,2013M12,"Betalt husleie, bolig",Konsumprisindeks (2015=100),2013M12,95.5
04.1.1,KpiIndMnd,2014M01,"Betalt husleie, bolig",Konsumprisindeks (2015=100),2014M01,96.1
04.1.1,KpiIndMnd,2014M02,"Betalt husleie, bolig",Konsumprisindeks (2015=100),2014M02,96.4
04.1.1,KpiIndMnd,2014M03,"Betalt husleie, bolig",Konsumprisindeks (2015=100),2014M03,96.5
04.1.1,KpiIndMnd,2014M04,"Betalt husleie, bolig",Konsumprisindeks (2015=100),2014M04,96.7
04.1.1,KpiIndMnd,2014M05,"Betalt husleie, bolig",Konsumprisindeks (2015=100),2014M05,97
04.1.1,KpiIndMnd,2014M06,"Betalt husleie, bolig",Konsumprisindeks (2015=100),2014M06,97.1
04.1.1,KpiIndMnd,2014M07,"Betalt husleie, bolig",Konsumprisindeks (2015=100),2014M07,97.4
04.1.1,KpiIndMnd,2014M08,"Betalt husleie, bolig",Konsumprisindeks (2015=100),2014M08,97.5
04.1.1,KpiIndMnd,2014M09,"Betalt husleie, bolig",Konsumprisindeks (2015=100),2014M09,98
04.1.1,KpiIndMnd,2014M10,"Betalt husleie, bolig",Konsumprisindeks (2015=100),2014M10,98.2
04.1.1,KpiIndMnd,2014M11,"Betalt husleie, bolig",Konsumprisindeks (2015=100),2014M11,98.2
04.1.1,KpiIndMnd,2014M12,"Betalt husleie, bolig",Konsumprisindeks (2015=100),2014M12,98.3
04.1.1,KpiIndMnd,2015M01,"Betalt husleie, bolig",Konsumprisindeks (2015=100),2015M01,99.1
04.1.1,KpiIndMnd,2015M02,"Betalt husleie, bolig",Konsumprisindeks (2015=100),2015M02,99.3
04.1.1,KpiIndMnd,2015M03,"Betalt husleie, bolig",Konsumprisindeks (2015=100),2015M03,99.3
04.1.1,KpiIndMnd,2015M04,"Betalt husleie, bolig",Konsumprisindeks (2015=100),2015M04,99.6
04.1.1,KpiIndMnd,2015M05,"Betalt husleie, bolig",Konsumprisindeks (2015=100),2015M05,99.7
04.1.1,KpiIndMnd,2015M06,"Betalt husleie, bolig",Konsumprisindeks (2015=100),2015M06,100
04.1.1,KpiIndMnd,2015M07,"Betalt husleie, bolig",Konsumprisindeks (2015=100),2015M07,100.3
04.1.1,KpiIndMnd,2015M08,"Betalt husleie, bolig",Konsumprisindeks (2015=100),2015M08,100.4
04.1.1,KpiIndMnd,2015M09,"Betalt husleie, bolig",Konsumprisindeks (2015=100),2015M09,100.5
04.1.1,KpiIndMnd,2015M10,"Betalt husleie, bolig",Konsumprisindeks (2015=100),2015M10,100.6
04.1.1,KpiIndMnd,2015M11,"Betalt husleie, bolig",Konsumprisindeks (2015=100),2015M11,100.6
04.1.1,KpiIndMnd,2015M12,"Betalt husleie, bolig",Konsumprisindeks (2015=100),2015M12,100.6
04.1.1,KpiIndMnd,2016M01,"Betalt husleie, bolig",Konsumprisindeks (2015=100),2016M01,101
04.1.1,KpiIndMnd,2016M02,"Betalt husleie, bolig",Konsumprisindeks (2015=100),2016M02,101
04.1.1,KpiIndMnd,2016M03,"Betalt husleie, bolig",Konsumprisindeks (2015=100),2016M03,101.3
04.1.1,KpiIndMnd,2016M04,"Betalt husleie, bolig",Konsumprisindeks (2015=100),2016M04,101.5
04.1.1,KpiIndMnd,2016M05,"Betalt husleie, bolig",Konsumprisindeks (2015=100),2016M05,101.5
04.1.1,KpiIndMnd,2016M06,"Betalt husleie, bolig",Konsumprisindeks (2015=100),2016M06,101.9
04.1.1,KpiIndMnd,2016M07,"Betalt husleie, bolig",Konsumprisindeks (2015=100),2016M07,102.1
04.1.1,KpiIndMnd,2016M08,"Betalt husleie, bolig",Konsumprisindeks (2015=100),2016M08,102.2
04.1.1,KpiIndMnd,2016M09,"Betalt husleie, bolig",Konsumprisindeks (2015=100),2016M09,102.3
04.1.1,KpiIndMnd,2016M10,"Betalt husleie, bolig",Konsumprisindeks (2015=100),2016M10,102.5
04.1.1,KpiIndMnd,2016M11,"Betalt husleie, bolig",Konsumprisindeks (2015=100),2016M11,102.7
04.1.1,KpiIndMnd,2016M12,"Betalt husleie, bolig",Konsumprisindeks (2015=100),2016M12,102.7
04.1.1,KpiIndMnd,2017M01,"Betalt husleie, bolig",Konsumprisindeks (2015=100),2017M01,103.1
04.1.1,KpiIndMnd,2017M02,"Betalt husleie, bolig",Konsumprisindeks (2015=100),2017M02,103.3
04.1.1,KpiIndMnd,2017M03,"Betalt husleie, bolig",Konsumprisindeks (2015=100),2017M03,103.5
04.1.1,KpiIndMnd,2017M04,"Betalt husleie, bolig",Konsumprisindeks (2015=100),2017M04,103.6
04.1.1,KpiIndMnd,2017M05,"Betalt husleie, bolig",Konsumprisindeks (2015=100),2017M05,103.7
04.1.1,KpiIndMnd,2017M06,"Betalt husleie, bolig",Konsumprisindeks (2015=100),2017M06,103.8
04.1.1,KpiIndMnd,2017M07,"Betalt husleie, bolig",Konsumprisindeks (2015=100),2017M07,104
04.1.1,KpiIndMnd,2017M08,"Betalt husleie, bolig",Konsumprisindeks (2015=100),2017M08,104.1
04.1.1,KpiIndMnd,2017M09,"Betalt husleie, bolig",Konsumprisindeks (2015=100),2017M09,104.1
04.1.1,KpiIndMnd,2017M10,"Betalt husleie, bolig",Konsumprisindeks (2015=100),2017M10,104.3
04.1.1,KpiIndMnd,2017M11,"Betalt husleie, bolig",Konsumprisindeks (2015=100),2017M11,104.5
04.1.1,KpiIndMnd,2017M12,"Betalt husleie, bolig",Konsumprisindeks (2015=100),2017M12,104.6
04.1.1,KpiIndMnd,2018M01,"Betalt husleie, bolig",Konsumprisindeks (2015=100),2018M01,104.9
04.1.1,KpiIndMnd,2018M02,"Betalt husleie, bolig",Konsumprisindeks (2015=100),2018M02,105.1
04.1.1,KpiIndMnd,2018M03,"Betalt husleie, bolig",Konsumprisindeks (2015=100),2018M03,105.2
04.1.1,KpiIndMnd,2018M04,"Betalt husleie, bolig",Konsumprisindeks (2015=100),2018M04,105.3
04.1.1,KpiIndMnd,2018M05,"Betalt husleie, bolig",Konsumprisindeks (2015=100),2018M05,105.5
04.1.1,KpiIndMnd,2018M06,"Betalt husleie, bolig",Konsumprisindeks (2015=100),2018M06,105.7
04.1.1,KpiIndMnd,2018M07,"Betalt husleie, bolig",Konsumprisindeks (2015=100),2018M07,105.7
04.1.1,KpiIndMnd,2018M08,"Betalt husleie, bolig",Konsumprisindeks (2015=100),2018M08,105.8
04.1.1,KpiIndMnd,2018M09,"Betalt husleie, bolig",Konsumprisindeks (2015=100),2018M09,106.1
04.1.1,KpiIndMnd,2018M10,"Betalt husleie, bolig",Konsumprisindeks (2015=100),2018M10,106.1
04.1.1,KpiIndMnd,2018M11,"Betalt husleie, bolig",Konsumprisindeks (2015=100),2018M11,106.2
04.1.1,KpiIndMnd,2018M12,"Betalt husleie, bolig",Konsumprisindeks (2015=100),2018M12,106.3
04.1.1,KpiIndMnd,2019M01,"Betalt husleie, bolig",Konsumprisindeks (2015=100),2019M01,106.5
04.1.1,KpiIndMnd,2019M02,"Betalt husleie, bolig",Konsumprisindeks (2015=100),2019M02,106.8
04.1.1,KpiIndMnd,2019M03,"Betalt husleie, bolig",Konsumprisindeks (2015=100),2019M03,107
04.1.1,KpiIndMnd,2019M04,"Betalt husleie, bolig",Konsumprisindeks (2015=100),2019M04,107.1
04.1.1,KpiIndMnd,2019M05,"Betalt husleie, bolig",Konsumprisindeks (2015=100),2019M05,107.3
04.1.1,KpiIndMnd,2019M06,"Betalt husleie, bolig",Konsumprisindeks (2015=100),2019M06,107.3
04.1.1,KpiIndMnd,2019M07,"Betalt husleie, bolig",Konsumprisindeks (2015=100),2019M07,107.4
04.1.1,KpiIndMnd,2019M08,"Betalt husleie, bolig",Konsumprisindeks (2015=100),2019M08,107.7
04.1.1,KpiIndMnd,2019M09,"Betalt husleie, bolig",Konsumprisindeks (2015=100),2019M09,107.9
04.1.1,KpiIndMnd,2019M10,"Betalt husleie, bolig",Konsumprisindeks (2015=100),2019M10,108.1
04.1.1,KpiIndMnd,2019M11,"Betalt husleie, bolig",Konsumprisindeks (2015=100),2019M11,108.2
04.1.1,KpiIndMnd,2019M12,"Betalt husleie, bolig",Konsumprisindeks (2015=100),2019M12,108.4
04.1.1,KpiIndMnd,2020M01,"Betalt husleie, bolig",Konsumprisindeks (2015=100),2020M01,108.6
04.1.1,KpiIndMnd,2020M02,"Betalt husleie, bolig",Konsumprisindeks (2015=100),2020M02,108.7
04.1.1,KpiIndMnd,2020M03,"Betalt husleie, bolig",Konsumprisindeks (2015=100),2020M03,108.9
04.1.1,KpiIndMnd,2020M04,"Betalt husleie, bolig",Konsumprisindeks (2015=100),2020M04,108.8
04.1.1,KpiIndMnd,2020M05,"Betalt husleie, bolig",Konsumprisindeks (2015=100),2020M05,108.6
04.1.1,KpiIndMnd,2020M06,"Betalt husleie, bolig",Konsumprisindeks (2015=100),2020M06,108.7
04.1.1,KpiIndMnd,2020M07,"Betalt husleie, bolig",Konsumprisindeks (2015=100),2020M07,108.8
04.1.1,KpiIndMnd,2020M08,"Betalt husleie, bolig",Konsumprisindeks (2015=100),2020M08,109.2
04.1.1,KpiIndMnd,2020M09,"Betalt husleie, bolig",Konsumprisindeks (2015=100),2020M09,109.3
04.1.1,KpiIndMnd,2020M10,"Betalt husleie, bolig",Konsumprisindeks (2015=100),2020M10,109.4
04.1.1,KpiIndMnd,2020M11,"Betalt husleie, bolig",Konsumprisindeks (2015=100),2020M11,109.6
04.1.1,KpiIndMnd,2020M12,"Betalt husleie, bolig",Konsumprisindeks (2015=100),2020M12,109.7
04.1.1,KpiIndMnd,2021M01,"Betalt husleie, bolig",Konsumprisindeks (2015=100),2021M01,109.9
04.1.1,KpiIndMnd,2021M02,"Betalt husleie, bolig",Konsumprisindeks (2015=100),2021M02,109.9
04.1.1,KpiIndMnd,2021M03,"Betalt husleie, bolig",Konsumprisindeks (2015=100),2021M03,110
04.1.1,KpiIndMnd,2021M04,"Betalt husleie, bolig",Konsumprisindeks (2015=100),2021M04,109.9
04.1.1,KpiIndMnd,2021M05,"Betalt husleie, bolig",Konsumprisindeks (2015=100),2021M05,110.2
04.1.1,KpiIndMnd,2021M06,"Betalt husleie, bolig",Konsumprisindeks (2015=100),2021M06,110.2
04.1.1,KpiIndMnd,2021M07,"Betalt husleie, bolig",Konsumprisindeks (2015=100),2021M07,110.3
04.1.1,KpiIndMnd,2021M08,"Betalt husleie, bolig",Konsumprisindeks (2015=100),2021M08,110.5
04.1.1,KpiIndMnd,2021M09,"Betalt husleie, bolig",Konsumprisindeks (2015=100),2021M09,110.8
04.1.1,KpiIndMnd,2021M10,"Betalt husleie, bolig",Konsumprisindeks (2015=100),2021M10,111
04.1.1,KpiIndMnd,2021M11,"Betalt husleie, bolig",Konsumprisindeks (2015=100),2021M11,111.1
04.1.1,KpiIndMnd,2021M12,"Betalt husleie, bolig",Konsumprisindeks (2015=100),2021M12,111.1
04.1.1,KpiIndMnd,2022M01,"Betalt husleie, bolig",Konsumprisindeks (2015=100),2022M01,111.5
04.1.1,KpiIndMnd,2022M02,"Betalt husleie, bolig",Konsumprisindeks (2015=100),2022M02,111.6
04.1.1,KpiIndMnd,2022M03,"Betalt husleie, bolig",Konsumprisindeks (2015=100),2022M03,111.8
04.1.1,KpiIndMnd,2022M04,"Betalt husleie, bolig",Konsumprisindeks (2015=100),2022M04,111.9
04.1.1,KpiIndMnd,2022M05,"Betalt husleie, bolig",Konsumprisindeks (2015=100),2022M05,111.9
04.1.1,KpiIndMnd,2022M06,"Betalt husleie, bolig",Konsumprisindeks (2015=100),2022M06,112.1
04.1.1,KpiIndMnd,2022M07,"Betalt husleie, bolig",Konsumprisindeks (2015=100),2022M07,112.6
04.1.1,KpiIndMnd,2022M08,"Betalt husleie, bolig",Konsumprisindeks (2015=100),2022M08,113
04.1.1,KpiIndMnd,2022M09,"Betalt husleie, bolig",Konsumprisindeks (2015=100),2022M09,113.5
04.1.1,KpiIndMnd,2022M10,"Betalt husleie, bolig",Konsumprisindeks (2015=100),2022M10,113.7
04.1.1,KpiIndMnd,2022M11,"Betalt husleie, bolig",Konsumprisindeks (2015=100),2022M11,113.7
04.1.1,KpiIndMnd,2022M12,"Betalt husleie, bolig",Konsumprisindeks (2015=100),2022M12,113.9
04.1.1,KpiIndMnd,2023M01,"Betalt husleie, bolig",Konsumprisindeks (2015=100),2023M01,114.7
04.1.1,KpiIndMnd,2023M02,"Betalt husleie, bolig",Konsumprisindeks (2015=100),2023M02,115.1
04.1.1,KpiIndMnd,2023M03,"Betalt husleie, bolig",Konsumprisindeks (2015=100),2023M03,115.6
04.1.1,KpiIndMnd,2023M04,"Betalt husleie, bolig",Konsumprisindeks (2015=100),2023M04,115.8
04.1.1,KpiIndMnd,2023M05,"Betalt husleie, bolig",Konsumprisindeks (2015=100),2023M05,116.3
04.1.1,KpiIndMnd,2023M06,"Betalt husleie, bolig",Konsumprisindeks (2015=100),2023M06,116.7
04.1.1,KpiIndMnd,2023M07,"Betalt husleie, bolig",Konsumprisindeks (2015=100),2023M07,117.1
04.1.1,KpiIndMnd,2023M08,"Betalt husleie, bolig",Konsumprisindeks (2015=100),2023M08,117.5
04.1.1,KpiIndMnd,2023M09,"Betalt husleie, bolig",Konsumprisindeks (2015=100),2023M09,118.1
04.1.1,KpiIndMnd,2023M10,"Betalt husleie, bolig",Konsumprisindeks (2015=100),2023M10,118.6
04.1.1,KpiIndMnd,2023M11,"Betalt husleie, bolig",Konsumprisindeks (2015=100),2023M11,118.8
04.1.1,KpiIndMnd,2023M12,"Betalt husleie, bolig",Konsumprisindeks (2015=100),2023M12,118.9
04.1.1,KpiIndMnd,2024M01,"Betalt husleie, bolig",Konsumprisindeks (2015=100),2024M01,119.6
04.1.1,KpiIndMnd,2024M02,"Betalt husleie, bolig",Konsumprisindeks (2015=100),2024M02,120
04.1.1,KpiIndMnd,2024M03,"Betalt husleie, bolig",Konsumprisindeks (2015=100),2024M03,120.6
04.1.1,KpiIndMnd,2024M04,"Betalt husleie, bolig",Konsumprisindeks (2015=100),2024M04,121.1
04.1.1,KpiIndMnd,2024M05,"Betalt husleie, bolig",Konsumprisindeks (2015=100),2024M05,121.4
04.1.1,KpiIndMnd,2024M06,"Betalt husleie, bolig",Konsumprisindeks (2015=100),2024M06,121.6
04.1.1,KpiIndMnd,2024M07,"Betalt husleie, bolig",Konsumprisindeks (2015=100),2024M07,122
04.1.1,KpiIndMnd,2024M08,"Betalt husleie, bolig",Konsumprisindeks (2015=100),2024M08,122.7
04.1.1,KpiIndMnd,2024M09,"Betalt husleie, bolig",Konsumprisindeks (2015=100),2024M09,123.2
04.1.1,KpiIndMnd,2024M10,"Betalt husleie, bolig",Konsumprisindeks (2015=100),2024M10,123.5
04.1.1,KpiIndMnd,2024M11,"Betalt husleie, bolig",Konsumprisindeks (2015=100),2024M11,123.8
04.1.1,KpiIndMnd,2024M12,"Betalt husleie, bolig",Konsumprisindeks (2015=100),2024M12,124
04.1.1,KpiIndMnd,2025M01,"Betalt husleie, bolig",Konsumprisindeks (2015=100),2025M01,124.4
04.1.1,KpiIndMnd,2025M02,"Betalt husleie, bolig",Konsumprisindeks (2015=100),2025M02,124.9
04.1.1,KpiIndMnd,2025M03,"Betalt husleie, bolig",Konsumprisindeks (2015=100),2025M03,125.1
04.1.1,KpiIndMnd,2025M04,"Betalt husleie, bolig",Konsumprisindeks (2015=100),2025M04,125.3
04.1.1,KpiIndMnd,2025M05,"Betalt husleie, bolig",Konsumprisindeks (2015=100),2025M05,125.5
04.1.1,KpiIndMnd,2025M06,"Betalt husleie, bolig",Konsumprisindeks (2015=100),2025M06,126
04.1.1,KpiIndMnd,2025M07,"Betalt husleie, bolig",Konsumprisindeks (2015=100),2025M07,126.3
04.1.1,KpiIndMnd,2025M08,"Betalt husleie, bolig",Konsumprisindeks (2015=100),2025M08,127.2
04.1.1,KpiIndMnd,2025M09,"Betalt husleie, bolig",Konsumprisindeks (2015=100),2025M09,127.4
04.1.1,KpiIndMnd,2025M10,"Betalt husleie, bolig",Konsumprisindeks (2015=100),2025M10,127.9
04.1.1,KpiIndMnd,2025M11,"Betalt husleie, bolig",Konsumprisindeks (2015=100),2025M11,128.1
04.1.1,KpiIndMnd,2025M12,"Betalt husleie, bolig",Konsumprisindeks (2015=100),2025M12,128.3
04.1.1,Manedsendring,1979M01,"Betalt husleie, bolig",Månedsendring (prosent),1979M01,
04.1.1,Manedsendring,1979M02,"Betalt husleie, bolig",Månedsendring (prosent),1979M02,
04.1.1,Manedsendring,1979M03,"Betalt husleie, bolig",Månedsendring (prosent),1979M03,
04.1.1,Manedsendring,1979M04,"Betalt husleie, bolig",Månedsendring (prosent),1979M04,
04.1.1,Manedsendring,1979M05,"Betalt husleie, bolig",Månedsendring (prosent),1979M05,
04.1.1,Manedsendring,1979M06,"Betalt husleie, bolig",Månedsendring (prosent),1979M06,
04.1.1,Manedsendring,1979M07,"Betalt husleie, bolig",Månedsendring (prosent),1979M07,
04.1.1,Manedsendring,1979M08,"Betalt husleie, bolig",Månedsendring (prosent),1979M08,
04.1.1,Manedsendring,1979M09,"Betalt husleie, bolig",Månedsendring (prosent),1979M09,
04.1.1,Manedsendring,1979M10,"Betalt husleie, bolig",Månedsendring (prosent),1979M10,
04.1.1,Manedsendring,1979M11,"Betalt husleie, bolig",Månedsendring (prosent),1979M11,
04.1.1,Manedsendring,1979M12,"Betalt husleie, bolig",Månedsendring (prosent),1979M12,
04.1.1,Manedsendring,1980M01,"Betalt husleie, bolig",Månedsendring (prosent),1980M01,
04.1.1,Manedsendring,1980M02,"Betalt husleie, bolig",Månedsendring (prosent),1980M02,
04.1.1,Manedsendring,1980M03,"Betalt husleie, bolig",Månedsendring (prosent),1980M03,
04.1.1,Manedsendring,1980M04,"Betalt husleie, bolig",Månedsendring (prosent),1980M04,
04.1.1,Manedsendring,1980M05,"Betalt husleie, bolig",Månedsendring (prosent),1980M05,
04.1.1,Manedsendring,1980M06,"Betalt husleie, bolig",Månedsendring (prosent),1980M06,
04.1.1,Manedsendring,1980M07,"Betalt husleie, bolig",Månedsendring (prosent),1980M07,
04.1.1,Manedsendring,1980M08,"Betalt husleie, bolig",Månedsendring (prosent),1980M08,
04.1.1,Manedsendring,1980M09,"Betalt husleie, bolig",Månedsendring (prosent),1980M09,
04.1.1,Manedsendring,1980M10,"Betalt husleie, bolig",Månedsendring (prosent),1980M10,
04.1.1,Manedsendring,1980M11,"Betalt husleie, bolig",Månedsendring (prosent),1980M11,
04.1.1,Manedsendring,1980M12,"Betalt husleie, bolig",Månedsendring (prosent),1980M12,
04.1.1,Manedsendring,1981M01,"Betalt husleie, bolig",Månedsendring (prosent),1981M01,
04.1.1,Manedsendring,1981M02,"Betalt husleie, bolig",Månedsendring (prosent),1981M02,
04.1.1,Manedsendring,1981M03,"Betalt husleie, bolig",Månedsendring (prosent),1981M03,
04.1.1,Manedsendring,1981M04,"Betalt husleie, bolig",Månedsendring (prosent),1981M04,
04.1.1,Manedsendring,1981M05,"Betalt husleie, bolig",Månedsendring (prosent),1981M05,
04.1.1,Manedsendring,1981M06,"Betalt husleie, bolig",Månedsendring (prosent),1981M06,
04.1.1,Manedsendring,1981M07,"Betalt husleie, bolig",Månedsendring (prosent),1981M07,
04.1.1,Manedsendring,1981M08,"Betalt husleie, bolig",Månedsendring (prosent),1981M08,
04.1.1,Manedsendring,1981M09,"Betalt husleie, bolig",Månedsendring (prosent),1981M09,
04.1.1,Manedsendring,1981M10,"Betalt husleie, bolig",Månedsendring (prosent),1981M10,
04.1.1,Manedsendring,1981M11,"Betalt husleie, bolig",Månedsendring (prosent),1981M11,
04.1.1,Manedsendring,1981M12,"Betalt husleie, bolig",Månedsendring (prosent),1981M12,
04.1.1,Manedsendring,1982M01,"Betalt husleie, bolig",Månedsendring (prosent),1982M01,
04.1.1,Manedsendring,1982M02,"Betalt husleie, bolig",Månedsendring (prosent),1982M02,
04.1.1,Manedsendring,1982M03,"Betalt husleie, bolig",Månedsendring (prosent),1982M03,
04.1.1,Manedsendring,1982M04,"Betalt husleie, bolig",Månedsendring (prosent),1982M04,
04.1.1,Manedsendring,1982M05,"Betalt husleie, bolig",Månedsendring (prosent),1982M05,
04.1.1,Manedsendring,1982M06,"Betalt husleie, bolig",Månedsendring (prosent),1982M06,
04.1.1,Manedsendring,1982M07,"Betalt husleie, bolig",Månedsendring (prosent),1982M07,
04.1.1,Manedsendring,1982M08,"Betalt husleie, bolig",Månedsendring (prosent),1982M08,
04.1.1,Manedsendring,1982M09,"Betalt husleie, bolig",Månedsendring (prosent),1982M09,
04.1.1,Manedsendring,1982M10,"Betalt husleie, bolig",Månedsendring (prosent),1982M10,
04.1.1,Manedsendring,1982M11,"Betalt husleie, bolig",Månedsendring (prosent),1982M11,
04.1.1,Manedsendring,1982M12,"Betalt husleie, bolig",Månedsendring (prosent),1982M12,
04.1.1,Manedsendring,1983M01,"Betalt husleie, bolig",Månedsendring (prosent),1983M01,
04.1.1,Manedsendring,1983M02,"Betalt husleie, bolig",Månedsendring (prosent),1983M02,
04.1.1,Manedsendring,1983M03,"Betalt husleie, bolig",Månedsendring (prosent),1983M03,
04.1.1,Manedsendring,1983M04,"Betalt husleie, bolig",Månedsendring (prosent),1983M04,
04.1.1,Manedsendring,1983M05,"Betalt husleie, bolig",Månedsendring (prosent),1983M05,
04.1.1,Manedsendring,1983M06,"Betalt husleie, bolig",Månedsendring (prosent),1983M06,
04.1.1,Manedsendring,1983M07,"Betalt husleie, bolig",Månedsendring (prosent),1983M07,
04.1.1,Manedsendring,1983M08,"Betalt husleie, bolig",Månedsendring (prosent),1983M08,
04.1.1,Manedsendring,1983M09,"Betalt husleie, bolig",Månedsendring (prosent),1983M09,
04.1.1,Manedsendring,1983M10,"Betalt husleie, bolig",Månedsendring (prosent),1983M10,
04.1.1,Manedsendring,1983M11,"Betalt husleie, bolig",Månedsendring (prosent),1983M11,
04.1.1,Manedsendring,1983M12,"Betalt husleie, bolig",Månedsendring (prosent),1983M12,
04.1.1,Manedsendring,1984M01,"Betalt husleie, bolig",Månedsendring (prosent),1984M01,
04.1.1,Manedsendring,1984M02,"Betalt husleie, bolig",Månedsendring (prosent),1984M02,
04.1.1,Manedsendring,1984M03,"Betalt husleie, bolig",Månedsendring (prosent),1984M03,
04.1.1,Manedsendring,1984M04,"Betalt husleie, bolig",Månedsendring (prosent),1984M04,
04.1.1,Manedsendring,1984M05,"Betalt husleie, bolig",Månedsendring (prosent),1984M05,
04.1.1,Manedsendring,1984M06,"Betalt husleie, bolig",Månedsendring (prosent),1984M06,
04.1.1,Manedsendring,1984M07,"Betalt husleie, bolig",Månedsendring (prosent),1984M07,
04.1.1,Manedsendring,1984M08,"Betalt husleie, bolig",Månedsendring (prosent),1984M08,
04.1.1,Manedsendring,1984M09,"Betalt husleie, bolig",Månedsendring (prosent),1984M09,
04.1.1,Manedsendring,1984M10,"Betalt husleie, bolig",Månedsendring (prosent),1984M10,
04.1.1,Manedsendring,1984M11,"Betalt husleie, bolig",Månedsendring (prosent),1984M11,
04.1.1,Manedsendring,1984M12,"Betalt husleie, bolig",Månedsendring (prosent),1984M12,
04.1.1,Manedsendring,1985M01,"Betalt husleie, bolig",Månedsendring (prosent),1985M01,
04.1.1,Manedsendring,1985M02,"Betalt husleie, bolig",Månedsendring (prosent),1985M02,
04.1.1,Manedsendring,1985M03,"Betalt husleie, bolig",Månedsendring (prosent),1985M03,
04.1.1,Manedsendring,1985M04,"Betalt husleie, bolig",Månedsendring (prosent),1985M04,
04.1.1,Manedsendring,1985M05,"Betalt husleie, bolig",Månedsendring (prosent),1985M05,
04.1.1,Manedsendring,1985M06,"Betalt husleie, bolig",Månedsendring (prosent),1985M06,
04.1.1,Manedsendring,1985M07,"Betalt husleie, bolig",Månedsendring (prosent),1985M07,
04.1.1,Manedsendring,1985M08,"Betalt husleie, bolig",Månedsendring (prosent),1985M08,
04.1.1,Manedsendring,1985M09,"Betalt husleie, bolig",Månedsendring (prosent),1985M09,
04.1.1,Manedsendring,1985M10,"Betalt husleie, bolig",Månedsendring (prosent),1985M10,
04.1.1,Manedsendring,1985M11,"Betalt husleie, bolig",Månedsendring (prosent),1985M11,
04.1.1,Manedsendring,1985M12,"Betalt husleie, bolig",Månedsendring (prosent),1985M12,
04.1.1,Manedsendring,1986M01,"Betalt husleie, bolig",Månedsendring (prosent),1986M01,
04.1.1,Manedsendring,1986M02,"Betalt husleie, bolig",Månedsendring (prosent),1986M02,
04.1.1,Manedsendring,1986M03,"Betalt husleie, bolig",Månedsendring (prosent),1986M03,
04.1.1,Manedsendring,1986M04,"Betalt husleie, bolig",Månedsendring (prosent),1986M04,
04.1.1,Manedsendring,1986M05,"Betalt husleie, bolig",Månedsendring (prosent),1986M05,
04.1.1,Manedsendring,1986M06,"Betalt husleie, bolig",Månedsendring (prosent),1986M06,
04.1.1,Manedsendring,1986M07,"Betalt husleie, bolig",Månedsendring (prosent),1986M07,
04.1.1,Manedsendring,1986M08,"Betalt husleie, bolig",Månedsendring (prosent),1986M08,
04.1.1,Manedsendring,1986M09,"Betalt husleie, bolig",Månedsendring (prosent),1986M09,
04.1.1,Manedsendring,1986M10,"Betalt husleie, bolig",Månedsendring (prosent),1986M10,
04.1.1,Manedsendring,1986M11,"Betalt husleie, bolig",Månedsendring (prosent),1986M11,
04.1.1,Manedsendring,1986M12,"Betalt husleie, bolig",Månedsendring (prosent),1986M12,
04.1.1,Manedsendring,1987M01,"Betalt husleie, bolig",Månedsendring (prosent),1987M01,
04.1.1,Manedsendring,1987M02,"Betalt husleie, bolig",Månedsendring (prosent),1987M02,
04.1.1,Manedsendring,1987M03,"Betalt husleie, bolig",Månedsendring (prosent),1987M03,
04.1.1,Manedsendring,1987M04,"Betalt husleie, bolig",Månedsendring (prosent),1987M04,
04.1.1,Manedsendring,1987M05,"Betalt husleie, bolig",Månedsendring (prosent),1987M05,
04.1.1,Manedsendring,1987M06,"Betalt husleie, bolig",Månedsendring (prosent),1987M06,
04.1.1,Manedsendring,1987M07,"Betalt husleie, bolig",Månedsendring (prosent),1987M07,
04.1.1,Manedsendring,1987M08,"Betalt husleie, bolig",Månedsendring (prosent),1987M08,
04.1.1,Manedsendring,1987M09,"Betalt husleie, bolig",Månedsendring (prosent),1987M09,
04.1.1,Manedsendring,1987M10,"Betalt husleie, bolig",Månedsendring (prosent),1987M10,
04.1.1,Manedsendring,1987M11,"Betalt husleie, bolig",Månedsendring (prosent),1987M11,
04.1.1,Manedsendring,1987M12,"Betalt husleie, bolig",Månedsendring (prosent),1987M12,
04.1.1,Manedsendring,1988M01,"Betalt husleie, bolig",Månedsendring (prosent),1988M01,
04.1.1,Manedsendring,1988M02,"Betalt husleie, bolig",Månedsendring (prosent),1988M02,
04.1.1,Manedsendring,1988M03,"Betalt husleie, bolig",Månedsendring (prosent),1988M03,
04.1.1,Manedsendring,1988M04,"Betalt husleie, bolig",Månedsendring (prosent),1988M04,
04.1.1,Manedsendring,1988M05,"Betalt husleie, bolig",Månedsendring (prosent),1988M05,
04.1.1,Manedsendring,1988M06,"Betalt husleie, bolig",Månedsendring (prosent),1988M06,
04.1.1,Manedsendring,1988M07,"Betalt husleie, bolig",Månedsendring (prosent),1988M07,
04.1.1,Manedsendring,1988M08,"Betalt husleie, bolig",Månedsendring (prosent),1988M08,
04.1.1,Manedsendring,1988M09,"Betalt husleie, bolig",Månedsendring (prosent),1988M09,
04.1.1,Manedsendring,1988M10,"Betalt husleie, bolig",Månedsendring (prosent),1988M10,
04.1.1,Manedsendring,1988M11,"Betalt husleie, bolig",Månedsendring (prosent),1988M11,
04.1.1,Manedsendring,1988M12,"Betalt husleie, bolig",Månedsendring (prosent),1988M12,
04.1.1,Manedsendring,1989M01,"Betalt husleie, bolig",Månedsendring (prosent),1989M01,
04.1.1,Manedsendring,1989M02,"Betalt husleie, bolig",Månedsendring (prosent),1989M02,
04.1.1,Manedsendring,1989M03,"Betalt husleie, bolig",Månedsendring (prosent),1989M03,
04.1.1,Manedsendring,1989M04,"Betalt husleie, bolig",Månedsendring (prosent),1989M04,
04.1.1,Manedsendring,1989M05,"Betalt husleie, bolig",Månedsendring (prosent),1989M05,
04.1.1,Manedsendring,1989M06,"Betalt husleie, bolig",Månedsendring (prosent),1989M06,
04.1.1,Manedsendring,1989M07,"Betalt husleie, bolig",Månedsendring (prosent),1989M07,
04.1.1,Manedsendring,1989M08,"Betalt husleie, bolig",Månedsendring (prosent),1989M08,
04.1.1,Manedsendring,1989M09,"Betalt husleie, bolig",Månedsendring (prosent),1989M09,
04.1.1,Manedsendring,1989M10,"Betalt husleie, bolig",Månedsendring (prosent),1989M10,
04.1.1,Manedsendring,1989M11,"Betalt husleie, bolig",Månedsendring (prosent),1989M11,
04.1.1,Manedsendring,1989M12,"Betalt husleie, bolig",Månedsendring (prosent),1989M12,
04.1.1,Manedsendring,1990M01,"Betalt husleie, bolig",Månedsendring (prosent),1990M01,
04.1.1,Manedsendring,1990M02,"Betalt husleie, bolig",Månedsendring (prosent),1990M02,
04.1.1,Manedsendring,1990M03,"Betalt husleie, bolig",Månedsendring (prosent),1990M03,
04.1.1,Manedsendring,1990M04,"Betalt husleie, bolig",Månedsendring (prosent),1990M04,
04.1.1,Manedsendring,1990M05,"Betalt husleie, bolig",Månedsendring (prosent),1990M05,
04.1.1,Manedsendring,1990M06,"Betalt husleie, bolig",Månedsendring (prosent),1990M06,
04.1.1,Manedsendring,1990M07,"Betalt husleie, bolig",Månedsendring (prosent),1990M07,
04.1.1,Manedsendring,1990M08,"Betalt husleie, bolig",Månedsendring (prosent),1990M08,
04.1.1,Manedsendring,1990M09,"Betalt husleie, bolig",Månedsendring (prosent),1990M09,
04.1.1,Manedsendring,1990M10,"Betalt husleie, bolig",Månedsendring (prosent),1990M10,
04.1.1,Manedsendring,1990M11,"Betalt husleie, bolig",Månedsendring (prosent),1990M11,
04.1.1,Manedsendring,1990M12,"Betalt husleie, bolig",Månedsendring (prosent),1990M12,
04.1.1,Manedsendring,1991M01,"Betalt husleie, bolig",Månedsendring (prosent),1991M01,
04.1.1,Manedsendring,1991M02,"Betalt husleie, bolig",Månedsendring (prosent),1991M02,
04.1.1,Manedsendring,1991M03,"Betalt husleie, bolig",Månedsendring (prosent),1991M03,
04.1.1,Manedsendring,1991M04,"Betalt husleie, bolig",Månedsendring (prosent),1991M04,
04.1.1,Manedsendring,1991M05,"Betalt husleie, bolig",Månedsendring (prosent),1991M05,
04.1.1,Manedsendring,1991M06,"Betalt husleie, bolig",Månedsendring (prosent),1991M06,
04.1.1,Manedsendring,1991M07,"Betalt husleie, bolig",Månedsendring (prosent),1991M07,
04.1.1,Manedsendring,1991M08,"Betalt husleie, bolig",Månedsendring (prosent),1991M08,
04.1.1,Manedsendring,1991M09,"Betalt husleie, bolig",Månedsendring (prosent),1991M09,
04.1.1,Manedsendring,1991M10,"Betalt husleie, bolig",Månedsendring (prosent),1991M10,
04.1.1,Manedsendring,1991M11,"Betalt husleie, bolig",Månedsendring (prosent),1991M11,
04.1.1,Manedsendring,1991M12,"Betalt husleie, bolig",Månedsendring (prosent),1991M12,
04.1.1,Manedsendring,1992M01,"Betalt husleie, bolig",Månedsendring (prosent),1992M01,
04.1.1,Manedsendring,1992M02,"Betalt husleie, bolig",Månedsendring (prosent),1992M02,
04.1.1,Manedsendring,1992M03,"Betalt husleie, bolig",Månedsendring (prosent),1992M03,
04.1.1,Manedsendring,1992M04,"Betalt husleie, bolig",Månedsendring (prosent),1992M04,
04.1.1,Manedsendring,1992M05,"Betalt husleie, bolig",Månedsendring (prosent),1992M05,
04.1.1,Manedsendring,1992M06,"Betalt husleie, bolig",Månedsendring (prosent),1992M06,
04.1.1,Manedsendring,1992M07,"Betalt husleie, bolig",Månedsendring (prosent),1992M07,
04.1.1,Manedsendring,1992M08,"Betalt husleie, bolig",Månedsendring (prosent),1992M08,
04.1.1,Manedsendring,1992M09,"Betalt husleie, bolig",Månedsendring (prosent),1992M09,
04.1.1,Manedsendring,1992M10,"Betalt husleie, bolig",Månedsendring (prosent),1992M10,
04.1.1,Manedsendring,1992M11,"Betalt husleie, bolig",Månedsendring (prosent),1992M11,
04.1.1,Manedsendring,1992M12,"Betalt husleie, bolig",Månedsendring (prosent),1992M12,
04.1.1,Manedsendring,1993M01,"Betalt husleie, bolig",Månedsendring (prosent),1993M01,
04.1.1,Manedsendring,1993M02,"Betalt husleie, bolig",Månedsendring (prosent),1993M02,
04.1.1,Manedsendring,1993M03,"Betalt husleie, bolig",Månedsendring (prosent),1993M03,
04.1.1,Manedsendring,1993M04,"Betalt husleie, bolig",Månedsendring (prosent),1993M04,
04.1.1,Manedsendring,1993M05,"Betalt husleie, bolig",Månedsendring (prosent),1993M05,
04.1.1,Manedsendring,1993M06,"Betalt husleie, bolig",Månedsendring (prosent),1993M06,
04.1.1,Manedsendring,1993M07,"Betalt husleie, bolig",Månedsendring (prosent),1993M07,
04.1.1,Manedsendring,1993M08,"Betalt husleie, bolig",Månedsendring (prosent),1993M08,
04.1.1,Manedsendring,1993M09,"Betalt husleie, bolig",Månedsendring (prosent),1993M09,
04.1.1,Manedsendring,1993M10,"Betalt husleie, bolig",Månedsendring (prosent),1993M10,
04.1.1,Manedsendring,1993M11,"Betalt husleie, bolig",Månedsendring (prosent),1993M11,
04.1.1,Manedsendring,1993M12,"Betalt husleie, bolig",Månedsendring (prosent),1993M12,
04.1.1,Manedsendring,1994M01,"Betalt husleie, bolig",Månedsendring (prosent),1994M01,
04.1.1,Manedsendring,1994M02,"Betalt husleie, bolig",Månedsendring (prosent),1994M02,
04.1.1,Manedsendring,1994M03,"Betalt husleie, bolig",Månedsendring (prosent),1994M03,
04.1.1,Manedsendring,1994M04,"Betalt husleie, bolig",Månedsendring (prosent),1994M04,
04.1.1,Manedsendring,1994M05,"Betalt husleie, bolig",Månedsendring (prosent),1994M05,
04.1.1,Manedsendring,1994M06,"Betalt husleie, bolig",Månedsendring (prosent),1994M06,
04.1.1,Manedsendring,1994M07,"Betalt husleie, bolig",Månedsendring (prosent),1994M07,
04.1.1,Manedsendring,1994M08,"Betalt husleie, bolig",Månedsendring (prosent),1994M08,
04.1.1,Manedsendring,1994M09,"Betalt husleie, bolig",Månedsendring (prosent),1994M09,
04.1.1,Manedsendring,1994M10,"Betalt husleie, bolig",Månedsendring (prosent),1994M10,
04.1.1,Manedsendring,1994M11,"Betalt husleie, bolig",Månedsendring (prosent),1994M11,
04.1.1,Manedsendring,1994M12,"Betalt husleie, bolig",Månedsendring (prosent),1994M12,
04.1.1,Manedsendring,1995M01,"Betalt husleie, bolig",Månedsendring (prosent),1995M01,
04.1.1,Manedsendring,1995M02,"Betalt husleie, bolig",Månedsendring (prosent),1995M02,
04.1.1,Manedsendring,1995M03,"Betalt husleie, bolig",Månedsendring (prosent),1995M03,
04.1.1,Manedsendring,1995M04,"Betalt husleie, bolig",Månedsendring (prosent),1995M04,
04.1.1,Manedsendring,1995M05,"Betalt husleie, bolig",Månedsendring (prosent),1995M05,
04.1.1,Manedsendring,1995M06,"Betalt husleie, bolig",Månedsendring (prosent),1995M06,
04.1.1,Manedsendring,1995M07,"Betalt husleie, bolig",Månedsendring (prosent),1995M07,
04.1.1,Manedsendring,1995M08,"Betalt husleie, bolig",Månedsendring (prosent),1995M08,
04.1.1,Manedsendring,1995M09,"Betalt husleie, bolig",Månedsendring (prosent),1995M09,
04.1.1,Manedsendring,1995M10,"Betalt husleie, bolig",Månedsendring (prosent),1995M10,
04.1.1,Manedsendring,1995M11,"Betalt husleie, bolig",Månedsendring (prosent),1995M11,
04.1.1,Manedsendring,1995M12,"Betalt husleie, bolig",Månedsendring (prosent),1995M12,
04.1.1,Manedsendring,1996M01,"Betalt husleie, bolig",Månedsendring (prosent),1996M01,
04.1.1,Manedsendring,1996M02,"Betalt husleie, bolig",Månedsendring (prosent),1996M02,
04.1.1,Manedsendring,1996M03,"Betalt husleie, bolig",Månedsendring (prosent),1996M03,
04.1.1,Manedsendring,1996M04,"Betalt husleie, bolig",Månedsendring (prosent),1996M04,
04.1.1,Manedsendring,1996M05,"Betalt husleie, bolig",Månedsendring (prosent),1996M05,
04.1.1,Manedsendring,1996M06,"Betalt husleie, bolig",Månedsendring (prosent),1996M06,
04.1.1,Manedsendring,1996M07,"Betalt husleie, bolig",Månedsendring (prosent),1996M07,
04.1.1,Manedsendring,1996M08,"Betalt husleie, bolig",Månedsendring (prosent),1996M08,
04.1.1,Manedsendring,1996M09,"Betalt husleie, bolig",Månedsendring (prosent),1996M09,
04.1.1,Manedsendring,1996M10,"Betalt husleie, bolig",Månedsendring (prosent),1996M10,
04.1.1,Manedsendring,1996M11,"Betalt husleie, bolig",Månedsendring (prosent),1996M11,
04.1.1,Manedsendring,1996M12,"Betalt husleie, bolig",Månedsendring (prosent),1996M12,
04.1.1,Manedsendring,1997M01,"Betalt husleie, bolig",Månedsendring (prosent),1997M01,
04.1.1,Manedsendring,1997M02,"Betalt husleie, bolig",Månedsendring (prosent),1997M02,
04.1.1,Manedsendring,1997M03,"Betalt husleie, bolig",Månedsendring (prosent),1997M03,
04.1.1,Manedsendring,1997M04,"Betalt husleie, bolig",Månedsendring (prosent),1997M04,
04.1.1,Manedsendring,1997M05,"Betalt husleie, bolig",Månedsendring (prosent),1997M05,
04.1.1,Manedsendring,1997M06,"Betalt husleie, bolig",Månedsendring (prosent),1997M06,
04.1.1,Manedsendring,1997M07,"Betalt husleie, bolig",Månedsendring (prosent),1997M07,
04.1.1,Manedsendring,1997M08,"Betalt husleie, bolig",Månedsendring (prosent),1997M08,
04.1.1,Manedsendring,1997M09,"Betalt husleie, bolig",Månedsendring (prosent),1997M09,
04.1.1,Manedsendring,1997M10,"Betalt husleie, bolig",Månedsendring (prosent),1997M10,
04.1.1,Manedsendring,1997M11,"Betalt husleie, bolig",Månedsendring (prosent),1997M11,
04.1.1,Manedsendring,1997M12,"Betalt husleie, bolig",Månedsendring (prosent),1997M12,
04.1.1,Manedsendring,1998M01,"Betalt husleie, bolig",Månedsendring (prosent),1998M01,
04.1.1,Manedsendring,1998M02,"Betalt husleie, bolig",Månedsendring (prosent),1998M02,
04.1.1,Manedsendring,1998M03,"Betalt husleie, bolig",Månedsendring (prosent),1998M03,
04.1.1,Manedsendring,1998M04,"Betalt husleie, bolig",Månedsendring (prosent),1998M04,
04.1.1,Manedsendring,1998M05,"Betalt husleie, bolig",Månedsendring (prosent),1998M05,
04.1.1,Manedsendring,1998M06,"Betalt husleie, bolig",Månedsendring (prosent),1998M06,
04.1.1,Manedsendring,1998M07,"Betalt husleie, bolig",Månedsendring (prosent),1998M07,
04.1.1,Manedsendring,1998M08,"Betalt husleie, bolig",Månedsendring (prosent),1998M08,
04.1.1,Manedsendring,1998M09,"Betalt husleie, bolig",Månedsendring (prosent),1998M09,
04.1.1,Manedsendring,1998M10,"Betalt husleie, bolig",Månedsendring (prosent),1998M10,
04.1.1,Manedsendring,1998M11,"Betalt husleie, bolig",Månedsendring (prosent),1998M11,
04.1.1,Manedsendring,1998M12,"Betalt husleie, bolig",Månedsendring (prosent),1998M12,
04.1.1,Manedsendring,1999M01,"Betalt husleie, bolig",Månedsendring (prosent),1999M01,
04.1.1,Manedsendring,1999M02,"Betalt husleie, bolig",Månedsendring (prosent),1999M02,
04.1.1,Manedsendring,1999M03,"Betalt husleie, bolig",Månedsendring (prosent),1999M03,
04.1.1,Manedsendring,1999M04,"Betalt husleie, bolig",Månedsendring (prosent),1999M04,
04.1.1,Manedsendring,1999M05,"Betalt husleie, bolig",Månedsendring (prosent),1999M05,
04.1.1,Manedsendring,1999M06,"Betalt husleie, bolig",Månedsendring (prosent),1999M06,
04.1.1,Manedsendring,1999M07,"Betalt husleie, bolig",Månedsendring (prosent),1999M07,
04.1.1,Manedsendring,1999M08,"Betalt husleie, bolig",Månedsendring (prosent),1999M08,
04.1.1,Manedsendring,1999M09,"Betalt husleie, bolig",Månedsendring (prosent),1999M09,
04.1.1,Manedsendring,1999M10,"Betalt husleie, bolig",Månedsendring (prosent),1999M10,
04.1.1,Manedsendring,1999M11,"Betalt husleie, bolig",Månedsendring (prosent),1999M11,
04.1.1,Manedsendring,1999M12,"Betalt husleie, bolig",Månedsendring (prosent),1999M12,
04.1.1,Manedsendring,2000M01,"Betalt husleie, bolig",Månedsendring (prosent),2000M01,
04.1.1,Manedsendring,2000M02,"Betalt husleie, bolig",Månedsendring (prosent),2000M02,0
04.1.1,Manedsendring,2000M03,"Betalt husleie, bolig",Månedsendring (prosent),2000M03,0.3
04.1.1,Manedsendring,2000M04,"Betalt husleie, bolig",Månedsendring (prosent),2000M04,0.5
04.1.1,Manedsendring,2000M05,"Betalt husleie, bolig",Månedsendring (prosent),2000M05,0
04.1.1,Manedsendring,2000M06,"Betalt husleie, bolig",Månedsendring (prosent),2000M06,0.5
04.1.1,Manedsendring,2000M07,"Betalt husleie, bolig",Månedsendring (prosent),2000M07,0.3
04.1.1,Manedsendring,2000M08,"Betalt husleie, bolig",Månedsendring (prosent),2000M08,0.6
04.1.1,Manedsendring,2000M09,"Betalt husleie, bolig",Månedsendring (prosent),2000M09,0.5
04.1.1,Manedsendring,2000M10,"Betalt husleie, bolig",Månedsendring (prosent),2000M10,-0.2
04.1.1,Manedsendring,2000M11,"Betalt husleie, bolig",Månedsendring (prosent),2000M11,0.5
04.1.1,Manedsendring,2000M12,"Betalt husleie, bolig",Månedsendring (prosent),2000M12,0
04.1.1,Manedsendring,2001M01,"Betalt husleie, bolig",Månedsendring (prosent),2001M01,1.4
04.1.1,Manedsendring,2001M02,"Betalt husleie, bolig",Månedsendring (prosent),2001M02,0
04.1.1,Manedsendring,2001M03,"Betalt husleie, bolig",Månedsendring (prosent),2001M03,0.2
04.1.1,Manedsendring,2001M04,"Betalt husleie, bolig",Månedsendring (prosent),2001M04,0.3
04.1.1,Manedsendring,2001M05,"Betalt husleie, bolig",Månedsendring (prosent),2001M05,0.2
04.1.1,Manedsendring,2001M06,"Betalt husleie, bolig",Månedsendring (prosent),2001M06,0.2
04.1.1,Manedsendring,2001M07,"Betalt husleie, bolig",Månedsendring (prosent),2001M07,0.2
04.1.1,Manedsendring,2001M08,"Betalt husleie, bolig",Månedsendring (prosent),2001M08,0.2
04.1.1,Manedsendring,2001M09,"Betalt husleie, bolig",Månedsendring (prosent),2001M09,0.7
04.1.1,Manedsendring,2001M10,"Betalt husleie, bolig",Månedsendring (prosent),2001M10,0.1
04.1.1,Manedsendring,2001M11,"Betalt husleie, bolig",Månedsendring (prosent),2001M11,0.3
04.1.1,Manedsendring,2001M12,"Betalt husleie, bolig",Månedsendring (prosent),2001M12,0.7
04.1.1,Manedsendring,2002M01,"Betalt husleie, bolig",Månedsendring (prosent),2002M01,1.2
04.1.1,Manedsendring,2002M02,"Betalt husleie, bolig",Månedsendring (prosent),2002M02,-0.3
04.1.1,Manedsendring,2002M03,"Betalt husleie, bolig",Månedsendring (prosent),2002M03,0.7
04.1.1,Manedsendring,2002M04,"Betalt husleie, bolig",Månedsendring (prosent),2002M04,0.3
04.1.1,Manedsendring,2002M05,"Betalt husleie, bolig",Månedsendring (prosent),2002M05,0.4
04.1.1,Manedsendring,2002M06,"Betalt husleie, bolig",Månedsendring (prosent),2002M06,0.3
04.1.1,Manedsendring,2002M07,"Betalt husleie, bolig",Månedsendring (prosent),2002M07,0.4
04.1.1,Manedsendring,2002M08,"Betalt husleie, bolig",Månedsendring (prosent),2002M08,-0.1
04.1.1,Manedsendring,2002M09,"Betalt husleie, bolig",Månedsendring (prosent),2002M09,0.1
04.1.1,Manedsendring,2002M10,"Betalt husleie, bolig",Månedsendring (prosent),2002M10,0
04.1.1,Manedsendring,2002M11,"Betalt husleie, bolig",Månedsendring (prosent),2002M11,0.3
04.1.1,Manedsendring,2002M12,"Betalt husleie, bolig",Månedsendring (prosent),2002M12,0.1
04.1.1,Manedsendring,2003M01,"Betalt husleie, bolig",Månedsendring (prosent),2003M01,1.3
04.1.1,Manedsendring,2003M02,"Betalt husleie, bolig",Månedsendring (prosent),2003M02,0.3
04.1.1,Manedsendring,2003M03,"Betalt husleie, bolig",Månedsendring (prosent),2003M03,0.4
04.1.1,Manedsendring,2003M04,"Betalt husleie, bolig",Månedsendring (prosent),2003M04,0.8
04.1.1,Manedsendring,2003M05,"Betalt husleie, bolig",Månedsendring (prosent),2003M05,0.1
04.1.1,Manedsendring,2003M06,"Betalt husleie, bolig",Månedsendring (prosent),2003M06,0.1
04.1.1,Manedsendring,2003M07,"Betalt husleie, bolig",Månedsendring (prosent),2003M07,0.1
04.1.1,Manedsendring,2003M08,"Betalt husleie, bolig",Månedsendring (prosent),2003M08,0
04.1.1,Manedsendring,2003M09,"Betalt husleie, bolig",Månedsendring (prosent),2003M09,0.3
04.1.1,Manedsendring,2003M10,"Betalt husleie, bolig",Månedsendring (prosent),2003M10,0
04.1.1,Manedsendring,2003M11,"Betalt husleie, bolig",Månedsendring (prosent),2003M11,0.3
04.1.1,Manedsendring,2003M12,"Betalt husleie, bolig",Månedsendring (prosent),2003M12,0.1
04.1.1,Manedsendring,2004M01,"Betalt husleie, bolig",Månedsendring (prosent),2004M01,0
04.1.1,Manedsendring,2004M02,"Betalt husleie, bolig",Månedsendring (prosent),2004M02,0.3
04.1.1,Manedsendring,2004M03,"Betalt husleie, bolig",Månedsendring (prosent),2004M03,0.3
04.1.1,Manedsendring,2004M04,"Betalt husleie, bolig",Månedsendring (prosent),2004M04,0.1
04.1.1,Manedsendring,2004M05,"Betalt husleie, bolig",Månedsendring (prosent),2004M05,0
04.1.1,Manedsendring,2004M06,"Betalt husleie, bolig",Månedsendring (prosent),2004M06,0.4
04.1.1,Manedsendring,2004M07,"Betalt husleie, bolig",Månedsendring (prosent),2004M07,-0.1
04.1.1,Manedsendring,2004M08,"Betalt husleie, bolig",Månedsendring (prosent),2004M08,0.1
04.1.1,Manedsendring,2004M09,"Betalt husleie, bolig",Månedsendring (prosent),2004M09,0.4
04.1.1,Manedsendring,2004M10,"Betalt husleie, bolig",Månedsendring (prosent),2004M10,0
04.1.1,Manedsendring,2004M11,"Betalt husleie, bolig",Månedsendring (prosent),2004M11,0.1
04.1.1,Manedsendring,2004M12,"Betalt husleie, bolig",Månedsendring (prosent),2004M12,0.1
04.1.1,Manedsendring,2005M01,"Betalt husleie, bolig",Månedsendring (prosent),2005M01,0.5
04.1.1,Manedsendring,2005M02,"Betalt husleie, bolig",Månedsendring (prosent),2005M02,0.1
04.1.1,Manedsendring,2005M03,"Betalt husleie, bolig",Månedsendring (prosent),2005M03,0
04.1.1,Manedsendring,2005M04,"Betalt husleie, bolig",Månedsendring (prosent),2005M04,0.5
04.1.1,Manedsendring,2005M05,"Betalt husleie, bolig",Månedsendring (prosent),2005M05,0.1
04.1.1,Manedsendring,2005M06,"Betalt husleie, bolig",Månedsendring (prosent),2005M06,0.1
04.1.1,Manedsendring,2005M07,"Betalt husleie, bolig",Månedsendring (prosent),2005M07,0.1
04.1.1,Manedsendring,2005M08,"Betalt husleie, bolig",Månedsendring (prosent),2005M08,0.1
04.1.1,Manedsendring,2005M09,"Betalt husleie, bolig",Månedsendring (prosent),2005M09,0.3
04.1.1,Manedsendring,2005M10,"Betalt husleie, bolig",Månedsendring (prosent),2005M10,-0.1
04.1.1,Manedsendring,2005M11,"Betalt husleie, bolig",Månedsendring (prosent),2005M11,0.3
04.1.1,Manedsendring,2005M12,"Betalt husleie, bolig",Månedsendring (prosent),2005M12,0.1
04.1.1,Manedsendring,2006M01,"Betalt husleie, bolig",Månedsendring (prosent),2006M01,0.7
04.1.1,Manedsendring,2006M02,"Betalt husleie, bolig",Månedsendring (prosent),2006M02,0.1
04.1.1,Manedsendring,2006M03,"Betalt husleie, bolig",Månedsendring (prosent),2006M03,0.4
04.1.1,Manedsendring,2006M04,"Betalt husleie, bolig",Månedsendring (prosent),2006M04,0.1
04.1.1,Manedsendring,2006M05,"Betalt husleie, bolig",Månedsendring (prosent),2006M05,0.1
04.1.1,Manedsendring,2006M06,"Betalt husleie, bolig",Månedsendring (prosent),2006M06,0.3
04.1.1,Manedsendring,2006M07,"Betalt husleie, bolig",Månedsendring (prosent),2006M07,0.3
04.1.1,Manedsendring,2006M08,"Betalt husleie, bolig",Månedsendring (prosent),2006M08,-0.1
04.1.1,Manedsendring,2006M09,"Betalt husleie, bolig",Månedsendring (prosent),2006M09,0
04.1.1,Manedsendring,2006M10,"Betalt husleie, bolig",Månedsendring (prosent),2006M10,0.5
04.1.1,Manedsendring,2006M11,"Betalt husleie, bolig",Månedsendring (prosent),2006M11,-0.1
04.1.1,Manedsendring,2006M12,"Betalt husleie, bolig",Månedsendring (prosent),2006M12,0.1
04.1.1,Manedsendring,2007M01,"Betalt husleie, bolig",Månedsendring (prosent),2007M01,0.6
04.1.1,Manedsendring,2007M02,"Betalt husleie, bolig",Månedsendring (prosent),2007M02,-0.1
04.1.1,Manedsendring,2007M03,"Betalt husleie, bolig",Månedsendring (prosent),2007M03,0.1
04.1.1,Manedsendring,2007M04,"Betalt husleie, bolig",Månedsendring (prosent),2007M04,0.1
04.1.1,Manedsendring,2007M05,"Betalt husleie, bolig",Månedsendring (prosent),2007M05,0.3
04.1.1,Manedsendring,2007M06,"Betalt husleie, bolig",Månedsendring (prosent),2007M06,-0.1
04.1.1,Manedsendring,2007M07,"Betalt husleie, bolig",Månedsendring (prosent),2007M07,0.5
04.1.1,Manedsendring,2007M08,"Betalt husleie, bolig",Månedsendring (prosent),2007M08,0
04.1.1,Manedsendring,2007M09,"Betalt husleie, bolig",Månedsendring (prosent),2007M09,0.1
04.1.1,Manedsendring,2007M10,"Betalt husleie, bolig",Månedsendring (prosent),2007M10,0.3
04.1.1,Manedsendring,2007M11,"Betalt husleie, bolig",Månedsendring (prosent),2007M11,0.4
04.1.1,Manedsendring,2007M12,"Betalt husleie, bolig",Månedsendring (prosent),2007M12,0.5
04.1.1,Manedsendring,2008M01,"Betalt husleie, bolig",Månedsendring (prosent),2008M01,0.4
04.1.1,Manedsendring,2008M02,"Betalt husleie, bolig",Månedsendring (prosent),2008M02,-0.1
04.1.1,Manedsendring,2008M03,"Betalt husleie, bolig",Månedsendring (prosent),2008M03,1.2
04.1.1,Manedsendring,2008M04,"Betalt husleie, bolig",Månedsendring (prosent),2008M04,0.2
04.1.1,Manedsendring,2008M05,"Betalt husleie, bolig",Månedsendring (prosent),2008M05,0
04.1.1,Manedsendring,2008M06,"Betalt husleie, bolig",Månedsendring (prosent),2008M06,0.1
04.1.1,Manedsendring,2008M07,"Betalt husleie, bolig",Månedsendring (prosent),2008M07,0.5
04.1.1,Manedsendring,2008M08,"Betalt husleie, bolig",Månedsendring (prosent),2008M08,0.2
04.1.1,Manedsendring,2008M09,"Betalt husleie, bolig",Månedsendring (prosent),2008M09,0.1
04.1.1,Manedsendring,2008M10,"Betalt husleie, bolig",Månedsendring (prosent),2008M10,0.2
04.1.1,Manedsendring,2008M11,"Betalt husleie, bolig",Månedsendring (prosent),2008M11,0.2
04.1.1,Manedsendring,2008M12,"Betalt husleie, bolig",Månedsendring (prosent),2008M12,0.4
04.1.1,Manedsendring,2009M01,"Betalt husleie, bolig",Månedsendring (prosent),2009M01,1.2
04.1.1,Manedsendring,2009M02,"Betalt husleie, bolig",Månedsendring (prosent),2009M02,0.2
04.1.1,Manedsendring,2009M03,"Betalt husleie, bolig",Månedsendring (prosent),2009M03,0.4
04.1.1,Manedsendring,2009M04,"Betalt husleie, bolig",Månedsendring (prosent),2009M04,0.1
04.1.1,Manedsendring,2009M05,"Betalt husleie, bolig",Månedsendring (prosent),2009M05,0.1
04.1.1,Manedsendring,2009M06,"Betalt husleie, bolig",Månedsendring (prosent),2009M06,0
04.1.1,Manedsendring,2009M07,"Betalt husleie, bolig",Månedsendring (prosent),2009M07,0.1
04.1.1,Manedsendring,2009M08,"Betalt husleie, bolig",Månedsendring (prosent),2009M08,0
04.1.1,Manedsendring,2009M09,"Betalt husleie, bolig",Månedsendring (prosent),2009M09,-0.2
04.1.1,Manedsendring,2009M10,"Betalt husleie, bolig",Månedsendring (prosent),2009M10,0.1
04.1.1,Manedsendring,2009M11,"Betalt husleie, bolig",Månedsendring (prosent),2009M11,0.2
04.1.1,Manedsendring,2009M12,"Betalt husleie, bolig",Månedsendring (prosent),2009M12,-0.1
04.1.1,Manedsendring,2010M01,"Betalt husleie, bolig",Månedsendring (prosent),2010M01,1.7
04.1.1,Manedsendring,2010M02,"Betalt husleie, bolig",Månedsendring (prosent),2010M02,0.3
04.1.1,Manedsendring,2010M03,"Betalt husleie, bolig",Månedsendring (prosent),2010M03,0.2
04.1.1,Manedsendring,2010M04,"Betalt husleie, bolig",Månedsendring (prosent),2010M04,0
04.1.1,Manedsendring,2010M05,"Betalt husleie, bolig",Månedsendring (prosent),2010M05,0
04.1.1,Manedsendring,2010M06,"Betalt husleie, bolig",Månedsendring (prosent),2010M06,0.2
04.1.1,Manedsendring,2010M07,"Betalt husleie, bolig",Månedsendring (prosent),2010M07,0.2
04.1.1,Manedsendring,2010M08,"Betalt husleie, bolig",Månedsendring (prosent),2010M08,0.2
04.1.1,Manedsendring,2010M09,"Betalt husleie, bolig",Månedsendring (prosent),2010M09,0.2
04.1.1,Manedsendring,2010M10,"Betalt husleie, bolig",Månedsendring (prosent),2010M10,0.2
04.1.1,Manedsendring,2010M11,"Betalt husleie, bolig",Månedsendring (prosent),2010M11,0
04.1.1,Manedsendring,2010M12,"Betalt husleie, bolig",Månedsendring (prosent),2010M12,0.1
04.1.1,Manedsendring,2011M01,"Betalt husleie, bolig",Månedsendring (prosent),2011M01,0.6
04.1.1,Manedsendring,2011M02,"Betalt husleie, bolig",Månedsendring (prosent),2011M02,0.2
04.1.1,Manedsendring,2011M03,"Betalt husleie, bolig",Månedsendring (prosent),2011M03,0.1
04.1.1,Manedsendring,2011M04,"Betalt husleie, bolig",Månedsendring (prosent),2011M04,0
04.1.1,Manedsendring,2011M05,"Betalt husleie, bolig",Månedsendring (prosent),2011M05,0.1
04.1.1,Manedsendring,2011M06,"Betalt husleie, bolig",Månedsendring (prosent),2011M06,0.1
04.1.1,Manedsendring,2011M07,"Betalt husleie, bolig",Månedsendring (prosent),2011M07,0.1
04.1.1,Manedsendring,2011M08,"Betalt husleie, bolig",Månedsendring (prosent),2011M08,0.2
04.1.1,Manedsendring,2011M09,"Betalt husleie, bolig",Månedsendring (prosent),2011M09,0.3
04.1.1,Manedsendring,2011M10,"Betalt husleie, bolig",Månedsendring (prosent),2011M10,0
04.1.1,Manedsendring,2011M11,"Betalt husleie, bolig",Månedsendring (prosent),2011M11,0.2
04.1.1,Manedsendring,2011M12,"Betalt husleie, bolig",Månedsendring (prosent),2011M12,0
04.1.1,Manedsendring,2012M01,"Betalt husleie, bolig",Månedsendring (prosent),2012M01,0.6
04.1.1,Manedsendring,2012M02,"Betalt husleie, bolig",Månedsendring (prosent),2012M02,0.2
04.1.1,Manedsendring,2012M03,"Betalt husleie, bolig",Månedsendring (prosent),2012M03,0.1
04.1.1,Manedsendring,2012M04,"Betalt husleie, bolig",Månedsendring (prosent),2012M04,0.1
04.1.1,Manedsendring,2012M05,"Betalt husleie, bolig",Månedsendring (prosent),2012M05,0.1
04.1.1,Manedsendring,2012M06,"Betalt husleie, bolig",Månedsendring (prosent),2012M06,0.2
04.1.1,Manedsendring,2012M07,"Betalt husleie, bolig",Månedsendring (prosent),2012M07,0.1
04.1.1,Manedsendring,2012M08,"Betalt husleie, bolig",Månedsendring (prosent),2012M08,0.1
04.1.1,Manedsendring,2012M09,"Betalt husleie, bolig",Månedsendring (prosent),2012M09,0.1
04.1.1,Manedsendring,2012M10,"Betalt husleie, bolig",Månedsendring (prosent),2012M10,0.2
04.1.1,Manedsendring,2012M11,"Betalt husleie, bolig",Månedsendring (prosent),2012M11,0.4
04.1.1,Manedsendring,2012M12,"Betalt husleie, bolig",Månedsendring (prosent),2012M12,0.1
04.1.1,Manedsendring,2013M01,"Betalt husleie, bolig",Månedsendring (prosent),2013M01,0.8
04.1.1,Manedsendring,2013M02,"Betalt husleie, bolig",Månedsendring (prosent),2013M02,0.5
04.1.1,Manedsendring,2013M03,"Betalt husleie, bolig",Månedsendring (prosent),2013M03,0.2
04.1.1,Manedsendring,2013M04,"Betalt husleie, bolig",Månedsendring (prosent),2013M04,0.1
04.1.1,Manedsendring,2013M05,"Betalt husleie, bolig",Månedsendring (prosent),2013M05,0.5
04.1.1,Manedsendring,2013M06,"Betalt husleie, bolig",Månedsendring (prosent),2013M06,0.3
04.1.1,Manedsendring,2013M07,"Betalt husleie, bolig",Månedsendring (prosent),2013M07,0.4
04.1.1,Manedsendring,2013M08,"Betalt husleie, bolig",Månedsendring (prosent),2013M08,0.2
04.1.1,Manedsendring,2013M09,"Betalt husleie, bolig",Månedsendring (prosent),2013M09,0.4
04.1.1,Manedsendring,2013M10,"Betalt husleie, bolig",Månedsendring (prosent),2013M10,0.3
04.1.1,Manedsendring,2013M11,"Betalt husleie, bolig",Månedsendring (prosent),2013M11,0.1
04.1.1,Manedsendring,2013M12,"Betalt husleie, bolig",Månedsendring (prosent),2013M12,0
04.1.1,Manedsendring,2014M01,"Betalt husleie, bolig",Månedsendring (prosent),2014M01,0.6
04.1.1,Manedsendring,2014M02,"Betalt husleie, bolig",Månedsendring (prosent),2014M02,0.3
04.1.1,Manedsendring,2014M03,"Betalt husleie, bolig",Månedsendring (prosent),2014M03,0.1
04.1.1,Manedsendring,2014M04,"Betalt husleie, bolig",Månedsendring (prosent),2014M04,0.2
04.1.1,Manedsendring,2014M05,"Betalt husleie, bolig",Månedsendring (prosent),2014M05,0.3
04.1.1,Manedsendring,2014M06,"Betalt husleie, bolig",Månedsendring (prosent),2014M06,0.1
04.1.1,Manedsendring,2014M07,"Betalt husleie, bolig",Månedsendring (prosent),2014M07,0.3
04.1.1,Manedsendring,2014M08,"Betalt husleie, bolig",Månedsendring (prosent),2014M08,0.1
04.1.1,Manedsendring,2014M09,"Betalt husleie, bolig",Månedsendring (prosent),2014M09,0.5
04.1.1,Manedsendring,2014M10,"Betalt husleie, bolig",Månedsendring (prosent),2014M10,0.2
04.1.1,Manedsendring,2014M11,"Betalt husleie, bolig",Månedsendring (prosent),2014M11,0
04.1.1,Manedsendring,2014M12,"Betalt husleie, bolig",Månedsendring (prosent),2014M12,0.1
04.1.1,Manedsendring,2015M01,"Betalt husleie, bolig",Månedsendring (prosent),2015M01,0.8
04.1.1,Manedsendring,2015M02,"Betalt husleie, bolig",Månedsendring (prosent),2015M02,0.2
04.1.1,Manedsendring,2015M03,"Betalt husleie, bolig",Månedsendring (prosent),2015M03,0
04.1.1,Manedsendring,2015M04,"Betalt husleie, bolig",Månedsendring (prosent),2015M04,0.3
04.1.1,Manedsendring,2015M05,"Betalt husleie, bolig",Månedsendring (prosent),2015M05,0.1
04.1.1,Manedsendring,2015M06,"Betalt husleie, bolig",Månedsendring (prosent),2015M06,0.3
04.1.1,Manedsendring,2015M07,"Betalt husleie, bolig",Månedsendring (prosent),2015M07,0.3
04.1.1,Manedsendring,2015M08,"Betalt husleie, bolig",Månedsendring (prosent),2015M08,0.1
04.1.1,Manedsendring,2015M09,"Betalt husleie, bolig",Månedsendring (prosent),2015M09,0.1
04.1.1,Manedsendring,2015M10,"Betalt husleie, bolig",Månedsendring (prosent),2015M10,0.1
04.1.1,Manedsendring,2015M11,"Betalt husleie, bolig",Månedsendring (prosent),2015M11,0
04.1.1,Manedsendring,2015M12,"Betalt husleie, bolig",Månedsendring (prosent),2015M12,0
04.1.1,Manedsendring,2016M01,"Betalt husleie, bolig",Månedsendring (prosent),2016M01,0.4
04.1.1,Manedsendring,2016M02,"Betalt husleie, bolig",Månedsendring (prosent),2016M02,0
04.1.1,Manedsendring,2016M03,"Betalt husleie, bolig",Månedsendring (prosent),2016M03,0.3
04.1.1,Manedsendring,2016M04,"Betalt husleie, bolig",Månedsendring (prosent),2016M04,0.2
04.1.1,Manedsendring,2016M05,"Betalt husleie, bolig",Månedsendring (prosent),2016M05,0
04.1.1,Manedsendring,2016M06,"Betalt husleie, bolig",Månedsendring (prosent),2016M06,0.4
04.1.1,Manedsendring,2016M07,"Betalt husleie, bolig",Månedsendring (prosent),2016M07,0.2
04.1.1,Manedsendring,2016M08,"Betalt husleie, bolig",Månedsendring (prosent),2016M08,0.1
04.1.1,Manedsendring,2016M09,"Betalt husleie, bolig",Månedsendring (prosent),2016M09,0.1
04.1.1,Manedsendring,2016M10,"Betalt husleie, bolig",Månedsendring (prosent),2016M10,0.2
04.1.1,Manedsendring,2016M11,"Betalt husleie, bolig",Månedsendring (prosent),2016M11,0.2
04.1.1,Manedsendring,2016M12,"Betalt husleie, bolig",Månedsendring (prosent),2016M12,0
04.1.1,Manedsendring,2017M01,"Betalt husleie, bolig",Månedsendring (prosent),2017M01,0.4
04.1.1,Manedsendring,2017M02,"Betalt husleie, bolig",Månedsendring (prosent),2017M02,0.2
04.1.1,Manedsendring,2017M03,"Betalt husleie, bolig",Månedsendring (prosent),2017M03,0.2
04.1.1,Manedsendring,2017M04,"Betalt husleie, bolig",Månedsendring (prosent),2017M04,0.1
04.1.1,Manedsendring,2017M05,"Betalt husleie, bolig",Månedsendring (prosent),2017M05,0.1
04.1.1,Manedsendring,2017M06,"Betalt husleie, bolig",Månedsendring (prosent),2017M06,0.1
04.1.1,Manedsendring,2017M07,"Betalt husleie, bolig",Månedsendring (prosent),2017M07,0.2
04.1.1,Manedsendring,2017M08,"Betalt husleie, bolig",Månedsendring (prosent),2017M08,0.1
04.1.1,Manedsendring,2017M09,"Betalt husleie, bolig",Månedsendring (prosent),2017M09,0
04.1.1,Manedsendring,2017M10,"Betalt husleie, bolig",Månedsendring (prosent),2017M10,0.2
04.1.1,Manedsendring,2017M11,"Betalt husleie, bolig",Månedsendring (prosent),2017M11,0.2
04.1.1,Manedsendring,2017M12,"Betalt husleie, bolig",Månedsendring (prosent),2017M12,0.1
04.1.1,Manedsendring,2018M01,"Betalt husleie, bolig",Månedsendring (prosent),2018M01,0.3
04.1.1,Manedsendring,2018M02,"Betalt husleie, bolig",Månedsendring (prosent),2018M02,0.2
04.1.1,Manedsendring,2018M03,"Betalt husleie, bolig",Månedsendring (prosent),2018M03,0.1
04.1.1,Manedsendring,2018M04,"Betalt husleie, bolig",Månedsendring (prosent),2018M04,0.1
04.1.1,Manedsendring,2018M05,"Betalt husleie, bolig",Månedsendring (prosent),2018M05,0.2
04.1.1,Manedsendring,2018M06,"Betalt husleie, bolig",Månedsendring (prosent),2018M06,0.2
04.1.1,Manedsendring,2018M07,"Betalt husleie, bolig",Månedsendring (prosent),2018M07,0
04.1.1,Manedsendring,2018M08,"Betalt husleie, bolig",Månedsendring (prosent),2018M08,0.1
04.1.1,Manedsendring,2018M09,"Betalt husleie, bolig",Månedsendring (prosent),2018M09,0.3
04.1.1,Manedsendring,2018M10,"Betalt husleie, bolig",Månedsendring (prosent),2018M10,0
04.1.1,Manedsendring,2018M11,"Betalt husleie, bolig",Månedsendring (prosent),2018M11,0.1
04.1.1,Manedsendring,2018M12,"Betalt husleie, bolig",Månedsendring (prosent),2018M12,0.1
04.1.1,Manedsendring,2019M01,"Betalt husleie, bolig",Månedsendring (prosent),2019M01,0.2
04.1.1,Manedsendring,2019M02,"Betalt husleie, bolig",Månedsendring (prosent),2019M02,0.3
04.1.1,Manedsendring,2019M03,"Betalt husleie, bolig",Månedsendring (prosent),2019M03,0.2
04.1.1,Manedsendring,2019M04,"Betalt husleie, bolig",Månedsendring (prosent),2019M04,0.1
04.1.1,Manedsendring,2019M05,"Betalt husleie, bolig",Månedsendring (prosent),2019M05,0.2
04.1.1,Manedsendring,2019M06,"Betalt husleie, bolig",Månedsendring (prosent),2019M06,0
04.1.1,Manedsendring,2019M07,"Betalt husleie, bolig",Månedsendring (prosent),2019M07,0.1
04.1.1,Manedsendring,2019M08,"Betalt husleie, bolig",Månedsendring (prosent),2019M08,0.3
04.1.1,Manedsendring,2019M09,"Betalt husleie, bolig",Månedsendring (prosent),2019M09,0.2
04.1.1,Manedsendring,2019M10,"Betalt husleie, bolig",Månedsendring (prosent),2019M10,0.2
04.1.1,Manedsendring,2019M11,"Betalt husleie, bolig",Månedsendring (prosent),2019M11,0.1
04.1.1,Manedsendring,2019M12,"Betalt husleie, bolig",Månedsendring (prosent),2019M12,0.2
04.1.1,Manedsendring,2020M01,"Betalt husleie, bolig",Månedsendring (prosent),2020M01,0.2
04.1.1,Manedsendring,2020M02,"Betalt husleie, bolig",Månedsendring (prosent),2020M02,0.1
04.1.1,Manedsendring,2020M03,"Betalt husleie, bolig",Månedsendring (prosent),2020M03,0.2
04.1.1,Manedsendring,2020M04,"Betalt husleie, bolig",Månedsendring (prosent),2020M04,-0.1
04.1.1,Manedsendring,2020M05,"Betalt husleie, bolig",Månedsendring (prosent),2020M05,-0.2
04.1.1,Manedsendring,2020M06,"Betalt husleie, bolig",Månedsendring (prosent),2020M06,0.1
04.1.1,Manedsendring,2020M07,"Betalt husleie, bolig",Månedsendring (prosent),2020M07,0.1
04.1.1,Manedsendring,2020M08,"Betalt husleie, bolig",Månedsendring (prosent),2020M08,0.4
04.1.1,Manedsendring,2020M09,"Betalt husleie, bolig",Månedsendring (prosent),2020M09,0.1
04.1.1,Manedsendring,2020M10,"Betalt husleie, bolig",Månedsendring (prosent),2020M10,0.1
04.1.1,Manedsendring,2020M11,"Betalt husleie, bolig",Månedsendring (prosent),2020M11,0.2
04.1.1,Manedsendring,2020M12,"Betalt husleie, bolig",Månedsendring (prosent),2020M12,0.1
04.1.1,Manedsendring,2021M01,"Betalt husleie, bolig",Månedsendring (prosent),2021M01,0.2
04.1.1,Manedsendring,2021M02,"Betalt husleie, bolig",Månedsendring (prosent),2021M02,0
04.1.1,Manedsendring,2021M03,"Betalt husleie, bolig",Månedsendring (prosent),2021M03,0.1
04.1.1,Manedsendring,2021M04,"Betalt husleie, bolig",Månedsendring (prosent),2021M04,-0.1
04.1.1,Manedsendring,2021M05,"Betalt husleie, bolig",Månedsendring (prosent),2021M05,0.3
04.1.1,Manedsendring,2021M06,"Betalt husleie, bolig",Månedsendring (prosent),2021M06,0
04.1.1,Manedsendring,2021M07,"Betalt husleie, bolig",Månedsendring (prosent),2021M07,0.1
04.1.1,Manedsendring,2021M08,"Betalt husleie, bolig",Månedsendring (prosent),2021M08,0.2
04.1.1,Manedsendring,2021M09,"Betalt husleie, bolig",Månedsendring (prosent),2021M09,0.3
04.1.1,Manedsendring,2021M10,"Betalt husleie, bolig",Månedsendring (prosent),2021M10,0.2
04.1.1,Manedsendring,2021M11,"Betalt husleie, bolig",Månedsendring (prosent),2021M11,0.1
04.1.1,Manedsendring,2021M12,"Betalt husleie, bolig",Månedsendring (prosent),2021M12,0
04.1.1,Manedsendring,2022M01,"Betalt husleie, bolig",Månedsendring (prosent),2022M01,0.4
04.1.1,Manedsendring,2022M02,"Betalt husleie, bolig",Månedsendring (prosent),2022M02,0.1
04.1.1,Manedsendring,2022M03,"Betalt husleie, bolig",Månedsendring (prosent),2022M03,0.2
04.1.1,Manedsendring,2022M04,"Betalt husleie, bolig",Månedsendring (prosent),2022M04,0.1
04.1.1,Manedsendring,2022M05,"Betalt husleie, bolig",Månedsendring (prosent),2022M05,0
04.1.1,Manedsendring,2022M06,"Betalt husleie, bolig",Månedsendring (prosent),2022M06,0.2
04.1.1,Manedsendring,2022M07,"Betalt husleie, bolig",Månedsendring (prosent),2022M07,0.4
04.1.1,Manedsendring,2022M08,"Betalt husleie, bolig",Månedsendring (prosent),2022M08,0.4
04.1.1,Manedsendring,2022M09,"Betalt husleie, bolig",Månedsendring (prosent),2022M09,0.4
04.1.1,Manedsendring,2022M10,"Betalt husleie, bolig",Månedsendring (prosent),2022M10,0.2
04.1.1,Manedsendring,2022M11,"Betalt husleie, bolig",Månedsendring (prosent),2022M11,0
04.1.1,Manedsendring,2022M12,"Betalt husleie, bolig",Månedsendring (prosent),2022M12,0.2
04.1.1,Manedsendring,2023M01,"Betalt husleie, bolig",Månedsendring (prosent),2023M01,0.7
04.1.1,Manedsendring,2023M02,"Betalt husleie, bolig",Månedsendring (prosent),2023M02,0.3
04.1.1,Manedsendring,2023M03,"Betalt husleie, bolig",Månedsendring (prosent),2023M03,0.4
04.1.1,Manedsendring,2023M04,"Betalt husleie, bolig",Månedsendring (prosent),2023M04,0.2
04.1.1,Manedsendring,2023M05,"Betalt husleie, bolig",Månedsendring (prosent),2023M05,0.4
04.1.1,Manedsendring,2023M06,"Betalt husleie, bolig",Månedsendring (prosent),2023M06,0.3
04.1.1,Manedsendring,2023M07,"Betalt husleie, bolig",Månedsendring (prosent),2023M07,0.3
04.1.1,Manedsendring,2023M08,"Betalt husleie, bolig",Månedsendring (prosent),2023M08,0.3
04.1.1,Manedsendring,2023M09,"Betalt husleie, bolig",Månedsendring (prosent),2023M09,0.5
04.1.1,Manedsendring,2023M10,"Betalt husleie, bolig",Månedsendring (prosent),2023M10,0.4
04.1.1,Manedsendring,2023M11,"Betalt husleie, bolig",Månedsendring (prosent),2023M11,0.2
04.1.1,Manedsendring,2023M12,"Betalt husleie, bolig",Månedsendring (prosent),2023M12,0.1
04.1.1,Manedsendring,2024M01,"Betalt husleie, bolig",Månedsendring (prosent),2024M01,0.6
04.1.1,Manedsendring,2024M02,"Betalt husleie, bolig",Månedsendring (prosent),2024M02,0.3
04.1.1,Manedsendring,2024M03,"Betalt husleie, bolig",Månedsendring (prosent),2024M03,0.5
04.1.1,Manedsendring,2024M04,"Betalt husleie, bolig",Månedsendring (prosent),2024M04,0.4
04.1.1,Manedsendring,2024M05,"Betalt husleie, bolig",Månedsendring (prosent),2024M05,0.2
04.1.1,Manedsendring,2024M06,"Betalt husleie, bolig",Månedsendring (prosent),2024M06,0.2
04.1.1,Manedsendring,2024M07,"Betalt husleie, bolig",Månedsendring (prosent),2024M07,0.3
04.1.1,Manedsendring,2024M08,"Betalt husleie, bolig",Månedsendring (prosent),2024M08,0.6
04.1.1,Manedsendring,2024M09,"Betalt husleie, bolig",Månedsendring (prosent),2024M09,0.4
04.1.1,Manedsendring,2024M10,"Betalt husleie, bolig",Månedsendring (prosent),2024M10,0.2
04.1.1,Manedsendring,2024M11,"Betalt husleie, bolig",Månedsendring (prosent),2024M11,0.2
04.1.1,Manedsendring,2024M12,"Betalt husleie, bolig",Månedsendring (prosent),2024M12,0.2
04.1.1,Manedsendring,2025M01,"Betalt husleie, bolig",Månedsendring (prosent),2025M01,0.3
04.1.1,Manedsendring,2025M02,"Betalt husleie, bolig",Månedsendring (prosent),2025M02,0.4
04.1.1,Manedsendring,2025M03,"Betalt husleie, bolig",Månedsendring (prosent),2025M03,0.2
04.1.1,Manedsendring,2025M04,"Betalt husleie, bolig",Månedsendring (prosent),2025M04,0.2
04.1.1,Manedsendring,2025M05,"Betalt husleie, bolig",Månedsendring (prosent),2025M05,0.2
04.1.1,Manedsendring,2025M06,"Betalt husleie, bolig",Månedsendring (prosent),2025M06,0.4
04.1.1,Manedsendring,2025M07,"Betalt husleie, bolig",Månedsendring (prosent),2025M07,0.2
04.1.1,Manedsendring,2025M08,"Betalt husleie, bolig",Månedsendring (prosent),2025M08,0.7
04.1.1,Manedsendring,2025M09,"Betalt husleie, bolig",Månedsendring (prosent),2025M09,0.2
04.1.1,Manedsendring,2025M10,"Betalt husleie, bolig",Månedsendring (prosent),2025M10,0.4
04.1.1,Manedsendring,2025M11,"Betalt husleie, bolig",Månedsendring (prosent),2025M11,0.2
04.1.1,Manedsendring,2025M12,"Betalt husleie, bolig",Månedsendring (prosent),2025M12,0.2
04.1.1,Tolvmanedersendring,1979M01,"Betalt husleie, bolig",12-måneders endring (prosent),1979M01,
04.1.1,Tolvmanedersendring,1979M02,"Betalt husleie, bolig",12-måneders endring (prosent),1979M02,
04.1.1,Tolvmanedersendring,1979M03,"Betalt husleie, bolig",12-måneders endring (prosent),1979M03,
04.1.1,Tolvmanedersendring,1979M04,"Betalt husleie, bolig",12-måneders endring (prosent),1979M04,
04.1.1,Tolvmanedersendring,1979M05,"Betalt husleie, bolig",12-måneders endring (prosent),1979M05,
04.1.1,Tolvmanedersendring,1979M06,"Betalt husleie, bolig",12-måneders endring (prosent),1979M06,
04.1.1,Tolvmanedersendring,1979M07,"Betalt husleie, bolig",12-måneders endring (prosent),1979M07,
04.1.1,Tolvmanedersendring,1979M08,"Betalt husleie, bolig",12-måneders endring (prosent),1979M08,
04.1.1,Tolvmanedersendring,1979M09,"Betalt husleie, bolig",12-måneders endring (prosent),1979M09,
04.1.1,Tolvmanedersendring,1979M10,"Betalt husleie, bolig",12-måneders endring (prosent),1979M10,
04.1.1,Tolvmanedersendring,1979M11,"Betalt husleie, bolig",12-måneders endring (prosent),1979M11,
04.1.1,Tolvmanedersendring,1979M12,"Betalt husleie, bolig",12-måneders endring (prosent),1979M12,
04.1.1,Tolvmanedersendring,1980M01,"Betalt husleie, bolig",12-måneders endring (prosent),1980M01,
04.1.1,Tolvmanedersendring,1980M02,"Betalt husleie, bolig",12-måneders endring (prosent),1980M02,
04.1.1,Tolvmanedersendring,1980M03,"Betalt husleie, bolig",12-måneders endring (prosent),1980M03,
04.1.1,Tolvmanedersendring,1980M04,"Betalt husleie, bolig",12-måneders endring (prosent),1980M04,
04.1.1,Tolvmanedersendring,1980M05,"Betalt husleie, bolig",12-måneders endring (prosent),1980M05,
04.1.1,Tolvmanedersendring,1980M06,"Betalt husleie, bolig",12-måneders endring (prosent),1980M06,
04.1.1,Tolvmanedersendring,1980M07,"Betalt husleie, bolig",12-måneders endring (prosent),1980M07,
04.1.1,Tolvmanedersendring,1980M08,"Betalt husleie, bolig",12-måneders endring (prosent),1980M08,
04.1.1,Tolvmanedersendring,1980M09,"Betalt husleie, bolig",12-måneders endring (prosent),1980M09,
04.1.1,Tolvmanedersendring,1980M10,"Betalt husleie, bolig",12-måneders endring (prosent),1980M10,
04.1.1,Tolvmanedersendring,1980M11,"Betalt husleie, bolig",12-måneders endring (prosent),1980M11,
04.1.1,Tolvmanedersendring,1980M12,"Betalt husleie, bolig",12-måneders endring (prosent),1980M12,
04.1.1,Tolvmanedersendring,1981M01,"Betalt husleie, bolig",12-måneders endring (prosent),1981M01,
04.1.1,Tolvmanedersendring,1981M02,"Betalt husleie, bolig",12-måneders endring (prosent),1981M02,
04.1.1,Tolvmanedersendring,1981M03,"Betalt husleie, bolig",12-måneders endring (prosent),1981M03,
04.1.1,Tolvmanedersendring,1981M04,"Betalt husleie, bolig",12-måneders endring (prosent),1981M04,
04.1.1,Tolvmanedersendring,1981M05,"Betalt husleie, bolig",12-måneders endring (prosent),1981M05,
04.1.1,Tolvmanedersendring,1981M06,"Betalt husleie, bolig",12-måneders endring (prosent),1981M06,
04.1.1,Tolvmanedersendring,1981M07,"Betalt husleie, bolig",12-måneders endring (prosent),1981M07,
04.1.1,Tolvmanedersendring,1981M08,"Betalt husleie, bolig",12-måneders endring (prosent),1981M08,
04.1.1,Tolvmanedersendring,1981M09,"Betalt husleie, bolig",12-måneders endring (prosent),1981M09,
04.1.1,Tolvmanedersendring,1981M10,"Betalt husleie, bolig",12-måneders endring (prosent),1981M10,
04.1.1,Tolvmanedersendring,1981M11,"Betalt husleie, bolig",12-måneders endring (prosent),1981M11,
04.1.1,Tolvmanedersendring,1981M12,"Betalt husleie, bolig",12-måneders endring (prosent),1981M12,
04.1.1,Tolvmanedersendring,1982M01,"Betalt husleie, bolig",12-måneders endring (prosent),1982M01,
04.1.1,Tolvmanedersendring,1982M02,"Betalt husleie, bolig",12-måneders endring (prosent),1982M02,
04.1.1,Tolvmanedersendring,1982M03,"Betalt husleie, bolig",12-måneders endring (prosent),1982M03,
04.1.1,Tolvmanedersendring,1982M04,"Betalt husleie, bolig",12-måneders endring (prosent),1982M04,
04.1.1,Tolvmanedersendring,1982M05,"Betalt husleie, bolig",12-måneders endring (prosent),1982M05,
04.1.1,Tolvmanedersendring,1982M06,"Betalt husleie, bolig",12-måneders endring (prosent),1982M06,
04.1.1,Tolvmanedersendring,1982M07,"Betalt husleie, bolig",12-måneders endring (prosent),1982M07,
04.1.1,Tolvmanedersendring,1982M08,"Betalt husleie, bolig",12-måneders endring (prosent),1982M08,
04.1.1,Tolvmanedersendring,1982M09,"Betalt husleie, bolig",12-måneders endring (prosent),1982M09,
04.1.1,Tolvmanedersendring,1982M10,"Betalt husleie, bolig",12-måneders endring (prosent),1982M10,
04.1.1,Tolvmanedersendring,1982M11,"Betalt husleie, bolig",12-måneders endring (prosent),1982M11,
04.1.1,Tolvmanedersendring,1982M12,"Betalt husleie, bolig",12-måneders endring (prosent),1982M12,
04.1.1,Tolvmanedersendring,1983M01,"Betalt husleie, bolig",12-måneders endring (prosent),1983M01,
04.1.1,Tolvmanedersendring,1983M02,"Betalt husleie, bolig",12-måneders endring (prosent),1983M02,
04.1.1,Tolvmanedersendring,1983M03,"Betalt husleie, bolig",12-måneders endring (prosent),1983M03,
04.1.1,Tolvmanedersendring,1983M04,"Betalt husleie, bolig",12-måneders endring (prosent),1983M04,
04.1.1,Tolvmanedersendring,1983M05,"Betalt husleie, bolig",12-måneders endring (prosent),1983M05,
04.1.1,Tolvmanedersendring,1983M06,"Betalt husleie, bolig",12-måneders endring (prosent),1983M06,
04.1.1,Tolvmanedersendring,1983M07,"Betalt husleie, bolig",12-måneders endring (prosent),1983M07,
04.1.1,Tolvmanedersendring,1983M08,"Betalt husleie, bolig",12-måneders endring (prosent),1983M08,
04.1.1,Tolvmanedersendring,1983M09,"Betalt husleie, bolig",12-måneders endring (prosent),1983M09,
04.1.1,Tolvmanedersendring,1983M10,"Betalt husleie, bolig",12-måneders endring (prosent),1983M10,
04.1.1,Tolvmanedersendring,1983M11,"Betalt husleie, bolig",12-måneders endring (prosent),1983M11,
04.1.1,Tolvmanedersendring,1983M12,"Betalt husleie, bolig",12-måneders endring (prosent),1983M12,
04.1.1,Tolvmanedersendring,1984M01,"Betalt husleie, bolig",12-måneders endring (prosent),1984M01,
04.1.1,Tolvmanedersendring,1984M02,"Betalt husleie, bolig",12-måneders endring (prosent),1984M02,
04.1.1,Tolvmanedersendring,1984M03,"Betalt husleie, bolig",12-måneders endring (prosent),1984M03,
04.1.1,Tolvmanedersendring,1984M04,"Betalt husleie, bolig",12-måneders endring (prosent),1984M04,
04.1.1,Tolvmanedersendring,1984M05,"Betalt husleie, bolig",12-måneders endring (prosent),1984M05,
04.1.1,Tolvmanedersendring,1984M06,"Betalt husleie, bolig",12-måneders endring (prosent),1984M06,
04.1.1,Tolvmanedersendring,1984M07,"Betalt husleie, bolig",12-måneders endring (prosent),1984M07,
04.1.1,Tolvmanedersendring,1984M08,"Betalt husleie, bolig",12-måneders endring (prosent),1984M08,
04.1.1,Tolvmanedersendring,1984M09,"Betalt husleie, bolig",12-måneders endring (prosent),1984M09,
04.1.1,Tolvmanedersendring,1984M10,"Betalt husleie, bolig",12-måneders endring (prosent),1984M10,
04.1.1,Tolvmanedersendring,1984M11,"Betalt husleie, bolig",12-måneders endring (prosent),1984M11,
04.1.1,Tolvmanedersendring,1984M12,"Betalt husleie, bolig",12-måneders endring (prosent),1984M12,
04.1.1,Tolvmanedersendring,1985M01,"Betalt husleie, bolig",12-måneders endring (prosent),1985M01,
04.1.1,Tolvmanedersendring,1985M02,"Betalt husleie, bolig",12-måneders endring (prosent),1985M02,
04.1.1,Tolvmanedersendring,1985M03,"Betalt husleie, bolig",12-måneders endring (prosent),1985M03,
04.1.1,Tolvmanedersendring,1985M04,"Betalt husleie, bolig",12-måneders endring (prosent),1985M04,
04.1.1,Tolvmanedersendring,1985M05,"Betalt husleie, bolig",12-måneders endring (prosent),1985M05,
04.1.1,Tolvmanedersendring,1985M06,"Betalt husleie, bolig",12-måneders endring (prosent),1985M06,
04.1.1,Tolvmanedersendring,1985M07,"Betalt husleie, bolig",12-måneders endring (prosent),1985M07,
04.1.1,Tolvmanedersendring,1985M08,"Betalt husleie, bolig",12-måneders endring (prosent),1985M08,
04.1.1,Tolvmanedersendring,1985M09,"Betalt husleie, bolig",12-måneders endring (prosent),1985M09,
04.1.1,Tolvmanedersendring,1985M10,"Betalt husleie, bolig",12-måneders endring (prosent),1985M10,
04.1.1,Tolvmanedersendring,1985M11,"Betalt husleie, bolig",12-måneders endring (prosent),1985M11,
04.1.1,Tolvmanedersendring,1985M12,"Betalt husleie, bolig",12-måneders endring (prosent),1985M12,
04.1.1,Tolvmanedersendring,1986M01,"Betalt husleie, bolig",12-måneders endring (prosent),1986M01,
04.1.1,Tolvmanedersendring,1986M02,"Betalt husleie, bolig",12-måneders endring (prosent),1986M02,
04.1.1,Tolvmanedersendring,1986M03,"Betalt husleie, bolig",12-måneders endring (prosent),1986M03,
04.1.1,Tolvmanedersendring,1986M04,"Betalt husleie, bolig",12-måneders endring (prosent),1986M04,
04.1.1,Tolvmanedersendring,1986M05,"Betalt husleie, bolig",12-måneders endring (prosent),1986M05,
04.1.1,Tolvmanedersendring,1986M06,"Betalt husleie, bolig",12-måneders endring (prosent),1986M06,
04.1.1,Tolvmanedersendring,1986M07,"Betalt husleie, bolig",12-måneders endring (prosent),1986M07,
04.1.1,Tolvmanedersendring,1986M08,"Betalt husleie, bolig",12-måneders endring (prosent),1986M08,
04.1.1,Tolvmanedersendring,1986M09,"Betalt husleie, bolig",12-måneders endring (prosent),1986M09,
04.1.1,Tolvmanedersendring,1986M10,"Betalt husleie, bolig",12-måneders endring (prosent),1986M10,
04.1.1,Tolvmanedersendring,1986M11,"Betalt husleie, bolig",12-måneders endring (prosent),1986M11,
04.1.1,Tolvmanedersendring,1986M12,"Betalt husleie, bolig",12-måneders endring (prosent),1986M12,
04.1.1,Tolvmanedersendring,1987M01,"Betalt husleie, bolig",12-måneders endring (prosent),1987M01,
04.1.1,Tolvmanedersendring,1987M02,"Betalt husleie, bolig",12-måneders endring (prosent),1987M02,
04.1.1,Tolvmanedersendring,1987M03,"Betalt husleie, bolig",12-måneders endring (prosent),1987M03,
04.1.1,Tolvmanedersendring,1987M04,"Betalt husleie, bolig",12-måneders endring (prosent),1987M04,
04.1.1,Tolvmanedersendring,1987M05,"Betalt husleie, bolig",12-måneders endring (prosent),1987M05,
04.1.1,Tolvmanedersendring,1987M06,"Betalt husleie, bolig",12-måneders endring (prosent),1987M06,
04.1.1,Tolvmanedersendring,1987M07,"Betalt husleie, bolig",12-måneders endring (prosent),1987M07,
04.1.1,Tolvmanedersendring,1987M08,"Betalt husleie, bolig",12-måneders endring (prosent),1987M08,
04.1.1,Tolvmanedersendring,1987M09,"Betalt husleie, bolig",12-måneders endring (prosent),1987M09,
04.1.1,Tolvmanedersendring,1987M10,"Betalt husleie, bolig",12-måneders endring (prosent),1987M10,
04.1.1,Tolvmanedersendring,1987M11,"Betalt husleie, bolig",12-måneders endring (prosent),1987M11,
04.1.1,Tolvmanedersendring,1987M12,"Betalt husleie, bolig",12-måneders endring (prosent),1987M12,
04.1.1,Tolvmanedersendring,1988M01,"Betalt husleie, bolig",12-måneders endring (prosent),1988M01,
04.1.1,Tolvmanedersendring,1988M02,"Betalt husleie, bolig",12-måneders endring (prosent),1988M02,
04.1.1,Tolvmanedersendring,1988M03,"Betalt husleie, bolig",12-måneders endring (prosent),1988M03,
04.1.1,Tolvmanedersendring,1988M04,"Betalt husleie, bolig",12-måneders endring (prosent),1988M04,
04.1.1,Tolvmanedersendring,1988M05,"Betalt husleie, bolig",12-måneders endring (prosent),1988M05,
04.1.1,Tolvmanedersendring,1988M06,"Betalt husleie, bolig",12-måneders endring (prosent),1988M06,
04.1.1,Tolvmanedersendring,1988M07,"Betalt husleie, bolig",12-måneders endring (prosent),1988M07,
04.1.1,Tolvmanedersendring,1988M08,"Betalt husleie, bolig",12-måneders endring (prosent),1988M08,
04.1.1,Tolvmanedersendring,1988M09,"Betalt husleie, bolig",12-måneders endring (prosent),1988M09,
04.1.1,Tolvmanedersendring,1988M10,"Betalt husleie, bolig",12-måneders endring (prosent),1988M10,
04.1.1,Tolvmanedersendring,1988M11,"Betalt husleie, bolig",12-måneders endring (prosent),1988M11,
04.1.1,Tolvmanedersendring,1988M12,"Betalt husleie, bolig",12-måneders endring (prosent),1988M12,
04.1.1,Tolvmanedersendring,1989M01,"Betalt husleie, bolig",12-måneders endring (prosent),1989M01,
04.1.1,Tolvmanedersendring,1989M02,"Betalt husleie, bolig",12-måneders endring (prosent),1989M02,
04.1.1,Tolvmanedersendring,1989M03,"Betalt husleie, bolig",12-måneders endring (prosent),1989M03,
04.1.1,Tolvmanedersendring,1989M04,"Betalt husleie, bolig",12-måneders endring (prosent),1989M04,
04.1.1,Tolvmanedersendring,1989M05,"Betalt husleie, bolig",12-måneders endring (prosent),1989M05,
04.1.1,Tolvmanedersendring,1989M06,"Betalt husleie, bolig",12-måneders endring (prosent),1989M06,
04.1.1,Tolvmanedersendring,1989M07,"Betalt husleie, bolig",12-måneders endring (prosent),1989M07,
04.1.1,Tolvmanedersendring,1989M08,"Betalt husleie, bolig",12-måneders endring (prosent),1989M08,
04.1.1,Tolvmanedersendring,1989M09,"Betalt husleie, bolig",12-måneders endring (prosent),1989M09,
04.1.1,Tolvmanedersendring,1989M10,"Betalt husleie, bolig",12-måneders endring (prosent),1989M10,
04.1.1,Tolvmanedersendring,1989M11,"Betalt husleie, bolig",12-måneders endring (prosent),1989M11,
04.1.1,Tolvmanedersendring,1989M12,"Betalt husleie, bolig",12-måneders endring (prosent),1989M12,
04.1.1,Tolvmanedersendring,1990M01,"Betalt husleie, bolig",12-måneders endring (prosent),1990M01,
04.1.1,Tolvmanedersendring,1990M02,"Betalt husleie, bolig",12-måneders endring (prosent),1990M02,
04.1.1,Tolvmanedersendring,1990M03,"Betalt husleie, bolig",12-måneders endring (prosent),1990M03,
04.1.1,Tolvmanedersendring,1990M04,"Betalt husleie, bolig",12-måneders endring (prosent),1990M04,
04.1.1,Tolvmanedersendring,1990M05,"Betalt husleie, bolig",12-måneders endring (prosent),1990M05,
04.1.1,Tolvmanedersendring,1990M06,"Betalt husleie, bolig",12-måneders endring (prosent),1990M06,
04.1.1,Tolvmanedersendring,1990M07,"Betalt husleie, bolig",12-måneders endring (prosent),1990M07,
04.1.1,Tolvmanedersendring,1990M08,"Betalt husleie, bolig",12-måneders endring (prosent),1990M08,
04.1.1,Tolvmanedersendring,1990M09,"Betalt husleie, bolig",12-måneders endring (prosent),1990M09,
04.1.1,Tolvmanedersendring,1990M10,"Betalt husleie, bolig",12-måneders endring (prosent),1990M10,
04.1.1,Tolvmanedersendring,1990M11,"Betalt husleie, bolig",12-måneders endring (prosent),1990M11,
04.1.1,Tolvmanedersendring,1990M12,"Betalt husleie, bolig",12-måneders endring (prosent),1990M12,
04.1.1,Tolvmanedersendring,1991M01,"Betalt husleie, bolig",12-måneders endring (prosent),1991M01,
04.1.1,Tolvmanedersendring,1991M02,"Betalt husleie, bolig",12-måneders endring (prosent),1991M02,
04.1.1,Tolvmanedersendring,1991M03,"Betalt husleie, bolig",12-måneders endring (prosent),1991M03,
04.1.1,Tolvmanedersendring,1991M04,"Betalt husleie, bolig",12-måneders endring (prosent),1991M04,
04.1.1,Tolvmanedersendring,1991M05,"Betalt husleie, bolig",12-måneders endring (prosent),1991M05,
04.1.1,Tolvmanedersendring,1991M06,"Betalt husleie, bolig",12-måneders endring (prosent),1991M06,
04.1.1,Tolvmanedersendring,1991M07,"Betalt husleie, bolig",12-måneders endring (prosent),1991M07,
04.1.1,Tolvmanedersendring,1991M08,"Betalt husleie, bolig",12-måneders endring (prosent),1991M08,
04.1.1,Tolvmanedersendring,1991M09,"Betalt husleie, bolig",12-måneders endring (prosent),1991M09,
04.1.1,Tolvmanedersendring,1991M10,"Betalt husleie, bolig",12-måneders endring (prosent),1991M10,
04.1.1,Tolvmanedersendring,1991M11,"Betalt husleie, bolig",12-måneders endring (prosent),1991M11,
04.1.1,Tolvmanedersendring,1991M12,"Betalt husleie, bolig",12-måneders endring (prosent),1991M12,
04.1.1,Tolvmanedersendring,1992M01,"Betalt husleie, bolig",12-måneders endring (prosent),1992M01,
04.1.1,Tolvmanedersendring,1992M02,"Betalt husleie, bolig",12-måneders endring (prosent),1992M02,
04.1.1,Tolvmanedersendring,1992M03,"Betalt husleie, bolig",12-måneders endring (prosent),1992M03,
04.1.1,Tolvmanedersendring,1992M04,"Betalt husleie, bolig",12-måneders endring (prosent),1992M04,
04.1.1,Tolvmanedersendring,1992M05,"Betalt husleie, bolig",12-måneders endring (prosent),1992M05,
04.1.1,Tolvmanedersendring,1992M06,"Betalt husleie, bolig",12-måneders endring (prosent),1992M06,
04.1.1,Tolvmanedersendring,1992M07,"Betalt husleie, bolig",12-måneders endring (prosent),1992M07,
04.1.1,Tolvmanedersendring,1992M08,"Betalt husleie, bolig",12-måneders endring (prosent),1992M08,
04.1.1,Tolvmanedersendring,1992M09,"Betalt husleie, bolig",12-måneders endring (prosent),1992M09,
04.1.1,Tolvmanedersendring,1992M10,"Betalt husleie, bolig",12-måneders endring (prosent),1992M10,
04.1.1,Tolvmanedersendring,1992M11,"Betalt husleie, bolig",12-måneders endring (prosent),1992M11,
04.1.1,Tolvmanedersendring,1992M12,"Betalt husleie, bolig",12-måneders endring (prosent),1992M12,
04.1.1,Tolvmanedersendring,1993M01,"Betalt husleie, bolig",12-måneders endring (prosent),1993M01,
04.1.1,Tolvmanedersendring,1993M02,"Betalt husleie, bolig",12-måneders endring (prosent),1993M02,
04.1.1,Tolvmanedersendring,1993M03,"Betalt husleie, bolig",12-måneders endring (prosent),1993M03,
04.1.1,Tolvmanedersendring,1993M04,"Betalt husleie, bolig",12-måneders endring (prosent),1993M04,
04.1.1,Tolvmanedersendring,1993M05,"Betalt husleie, bolig",12-måneders endring (prosent),1993M05,
04.1.1,Tolvmanedersendring,1993M06,"Betalt husleie, bolig",12-måneders endring (prosent),1993M06,
04.1.1,Tolvmanedersendring,1993M07,"Betalt husleie, bolig",12-måneders endring (prosent),1993M07,
04.1.1,Tolvmanedersendring,1993M08,"Betalt husleie, bolig",12-måneders endring (prosent),1993M08,
04.1.1,Tolvmanedersendring,1993M09,"Betalt husleie, bolig",12-måneders endring (prosent),1993M09,
04.1.1,Tolvmanedersendring,1993M10,"Betalt husleie, bolig",12-måneders endring (prosent),1993M10,
04.1.1,Tolvmanedersendring,1993M11,"Betalt husleie, bolig",12-måneders endring (prosent),1993M11,
04.1.1,Tolvmanedersendring,1993M12,"Betalt husleie, bolig",12-måneders endring (prosent),1993M12,
04.1.1,Tolvmanedersendring,1994M01,"Betalt husleie, bolig",12-måneders endring (prosent),1994M01,
04.1.1,Tolvmanedersendring,1994M02,"Betalt husleie, bolig",12-måneders endring (prosent),1994M02,
04.1.1,Tolvmanedersendring,1994M03,"Betalt husleie, bolig",12-måneders endring (prosent),1994M03,
04.1.1,Tolvmanedersendring,1994M04,"Betalt husleie, bolig",12-måneders endring (prosent),1994M04,
04.1.1,Tolvmanedersendring,1994M05,"Betalt husleie, bolig",12-måneders endring (prosent),1994M05,
04.1.1,Tolvmanedersendring,1994M06,"Betalt husleie, bolig",12-måneders endring (prosent),1994M06,
04.1.1,Tolvmanedersendring,1994M07,"Betalt husleie, bolig",12-måneders endring (prosent),1994M07,
04.1.1,Tolvmanedersendring,1994M08,"Betalt husleie, bolig",12-måneders endring (prosent),1994M08,
04.1.1,Tolvmanedersendring,1994M09,"Betalt husleie, bolig",12-måneders endring (prosent),1994M09,
04.1.1,Tolvmanedersendring,1994M10,"Betalt husleie, bolig",12-måneders endring (prosent),1994M10,
04.1.1,Tolvmanedersendring,1994M11,"Betalt husleie, bolig",12-måneders endring (prosent),1994M11,
04.1.1,Tolvmanedersendring,1994M12,"Betalt husleie, bolig",12-måneders endring (prosent),1994M12,
04.1.1,Tolvmanedersendring,1995M01,"Betalt husleie, bolig",12-måneders endring (prosent),1995M01,
04.1.1,Tolvmanedersendring,1995M02,"Betalt husleie, bolig",12-måneders endring (prosent),1995M02,
04.1.1,Tolvmanedersendring,1995M03,"Betalt husleie, bolig",12-måneders endring (prosent),1995M03,
04.1.1,Tolvmanedersendring,1995M04,"Betalt husleie, bolig",12-måneders endring (prosent),1995M04,
04.1.1,Tolvmanedersendring,1995M05,"Betalt husleie, bolig",12-måneders endring (prosent),1995M05,
04.1.1,Tolvmanedersendring,1995M06,"Betalt husleie, bolig",12-måneders endring (prosent),1995M06,
04.1.1,Tolvmanedersendring,1995M07,"Betalt husleie, bolig",12-måneders endring (prosent),1995M07,
04.1.1,Tolvmanedersendring,1995M08,"Betalt husleie, bolig",12-måneders endring (prosent),1995M08,
04.1.1,Tolvmanedersendring,1995M09,"Betalt husleie, bolig",12-måneders endring (prosent),1995M09,
04.1.1,Tolvmanedersendring,1995M10,"Betalt husleie, bolig",12-måneders endring (prosent),1995M10,
04.1.1,Tolvmanedersendring,1995M11,"Betalt husleie, bolig",12-måneders endring (prosent),1995M11,
04.1.1,Tolvmanedersendring,1995M12,"Betalt husleie, bolig",12-måneders endring (prosent),1995M12,
04.1.1,Tolvmanedersendring,1996M01,"Betalt husleie, bolig",12-måneders endring (prosent),1996M01,
04.1.1,Tolvmanedersendring,1996M02,"Betalt husleie, bolig",12-måneders endring (prosent),1996M02,
04.1.1,Tolvmanedersendring,1996M03,"Betalt husleie, bolig",12-måneders endring (prosent),1996M03,
04.1.1,Tolvmanedersendring,1996M04,"Betalt husleie, bolig",12-måneders endring (prosent),1996M04,
04.1.1,Tolvmanedersendring,1996M05,"Betalt husleie, bolig",12-måneders endring (prosent),1996M05,
04.1.1,Tolvmanedersendring,1996M06,"Betalt husleie, bolig",12-måneders endring (prosent),1996M06,
04.1.1,Tolvmanedersendring,1996M07,"Betalt husleie, bolig",12-måneders endring (prosent),1996M07,
04.1.1,Tolvmanedersendring,1996M08,"Betalt husleie, bolig",12-måneders endring (prosent),1996M08,
04.1.1,Tolvmanedersendring,1996M09,"Betalt husleie, bolig",12-måneders endring (prosent),1996M09,
04.1.1,Tolvmanedersendring,1996M10,"Betalt husleie, bolig",12-måneders endring (prosent),1996M10,
04.1.1,Tolvmanedersendring,1996M11,"Betalt husleie, bolig",12-måneders endring (prosent),1996M11,
04.1.1,Tolvmanedersendring,1996M12,"Betalt husleie, bolig",12-måneders endring (prosent),1996M12,
04.1.1,Tolvmanedersendring,1997M01,"Betalt husleie, bolig",12-måneders endring (prosent),1997M01,
04.1.1,Tolvmanedersendring,1997M02,"Betalt husleie, bolig",12-måneders endring (prosent),1997M02,
04.1.1,Tolvmanedersendring,1997M03,"Betalt husleie, bolig",12-måneders endring (prosent),1997M03,
04.1.1,Tolvmanedersendring,1997M04,"Betalt husleie, bolig",12-måneders endring (prosent),1997M04,
04.1.1,Tolvmanedersendring,1997M05,"Betalt husleie, bolig",12-måneders endring (prosent),1997M05,
04.1.1,Tolvmanedersendring,1997M06,"Betalt husleie, bolig",12-måneders endring (prosent),1997M06,
04.1.1,Tolvmanedersendring,1997M07,"Betalt husleie, bolig",12-måneders endring (prosent),1997M07,
04.1.1,Tolvmanedersendring,1997M08,"Betalt husleie, bolig",12-måneders endring (prosent),1997M08,
04.1.1,Tolvmanedersendring,1997M09,"Betalt husleie, bolig",12-måneders endring (prosent),1997M09,
04.1.1,Tolvmanedersendring,1997M10,"Betalt husleie, bolig",12-måneders endring (prosent),1997M10,
04.1.1,Tolvmanedersendring,1997M11,"Betalt husleie, bolig",12-måneders endring (prosent),1997M11,
04.1.1,Tolvmanedersendring,1997M12,"Betalt husleie, bolig",12-måneders endring (prosent),1997M12,
04.1.1,Tolvmanedersendring,1998M01,"Betalt husleie, bolig",12-måneders endring (prosent),1998M01,
04.1.1,Tolvmanedersendring,1998M02,"Betalt husleie, bolig",12-måneders endring (prosent),1998M02,
04.1.1,Tolvmanedersendring,1998M03,"Betalt husleie, bolig",12-måneders endring (prosent),1998M03,
04.1.1,Tolvmanedersendring,1998M04,"Betalt husleie, bolig",12-måneders endring (prosent),1998M04,
04.1.1,Tolvmanedersendring,1998M05,"Betalt husleie, bolig",12-måneders endring (prosent),1998M05,
04.1.1,Tolvmanedersendring,1998M06,"Betalt husleie, bolig",12-måneders endring (prosent),1998M06,
04.1.1,Tolvmanedersendring,1998M07,"Betalt husleie, bolig",12-måneders endring (prosent),1998M07,
04.1.1,Tolvmanedersendring,1998M08,"Betalt husleie, bolig",12-måneders endring (prosent),1998M08,
04.1.1,Tolvmanedersendring,1998M09,"Betalt husleie, bolig",12-måneders endring (prosent),1998M09,
04.1.1,Tolvmanedersendring,1998M10,"Betalt husleie, bolig",12-måneders endring (prosent),1998M10,
04.1.1,Tolvmanedersendring,1998M11,"Betalt husleie, bolig",12-måneders endring (prosent),1998M11,
04.1.1,Tolvmanedersendring,1998M12,"Betalt husleie, bolig",12-måneders endring (prosent),1998M12,
04.1.1,Tolvmanedersendring,1999M01,"Betalt husleie, bolig",12-måneders endring (prosent),1999M01,
04.1.1,Tolvmanedersendring,1999M02,"Betalt husleie, bolig",12-måneders endring (prosent),1999M02,
04.1.1,Tolvmanedersendring,1999M03,"Betalt husleie, bolig",12-måneders endring (prosent),1999M03,
04.1.1,Tolvmanedersendring,1999M04,"Betalt husleie, bolig",12-måneders endring (prosent),1999M04,
04.1.1,Tolvmanedersendring,1999M05,"Betalt husleie, bolig",12-måneders endring (prosent),1999M05,
04.1.1,Tolvmanedersendring,1999M06,"Betalt husleie, bolig",12-måneders endring (prosent),1999M06,
04.1.1,Tolvmanedersendring,1999M07,"Betalt husleie, bolig",12-måneders endring (prosent),1999M07,
04.1.1,Tolvmanedersendring,1999M08,"Betalt husleie, bolig",12-måneders endring (prosent),1999M08,
04.1.1,Tolvmanedersendring,1999M09,"Betalt husleie, bolig",12-måneders endring (prosent),1999M09,
04.1.1,Tolvmanedersendring,1999M10,"Betalt husleie, bolig",12-måneders endring (prosent),1999M10,
04.1.1,Tolvmanedersendring,1999M11,"Betalt husleie, bolig",12-måneders endring (prosent),1999M11,
04.1.1,Tolvmanedersendring,1999M12,"Betalt husleie, bolig",12-måneders endring (prosent),1999M12,
04.1.1,Tolvmanedersendring,2000M01,"Betalt husleie, bolig",12-måneders endring (prosent),2000M01,
04.1.1,Tolvmanedersendring,2000M02,"Betalt husleie, bolig",12-måneders endring (prosent),2000M02,
04.1.1,Tolvmanedersendring,2000M03,"Betalt husleie, bolig",12-måneders endring (prosent),2000M03,
04.1.1,Tolvmanedersendring,2000M04,"Betalt husleie, bolig",12-måneders endring (prosent),2000M04,
04.1.1,Tolvmanedersendring,2000M05,"Betalt husleie, bolig",12-måneders endring (prosent),2000M05,
04.1.1,Tolvmanedersendring,2000M06,"Betalt husleie, bolig",12-måneders endring (prosent),2000M06,
04.1.1,Tolvmanedersendring,2000M07,"Betalt husleie, bolig",12-måneders endring (prosent),2000M07,
04.1.1,Tolvmanedersendring,2000M08,"Betalt husleie, bolig",12-måneders endring (prosent),2000M08,
04.1.1,Tolvmanedersendring,2000M09,"Betalt husleie, bolig",12-måneders endring (prosent),2000M09,
04.1.1,Tolvmanedersendring,2000M10,"Betalt husleie, bolig",12-måneders endring (prosent),2000M10,
04.1.1,Tolvmanedersendring,2000M11,"Betalt husleie, bolig",12-måneders endring (prosent),2000M11,
04.1.1,Tolvmanedersendring,2000M12,"Betalt husleie, bolig",12-måneders endring (prosent),2000M12,
04.1.1,Tolvmanedersendring,2001M01,"Betalt husleie, bolig",12-måneders endring (prosent),2001M01,4.4
04.1.1,Tolvmanedersendring,2001M02,"Betalt husleie, bolig",12-måneders endring (prosent),2001M02,4.4
04.1.1,Tolvmanedersendring,2001M03,"Betalt husleie, bolig",12-måneders endring (prosent),2001M03,4.3
04.1.1,Tolvmanedersendring,2001M04,"Betalt husleie, bolig",12-måneders endring (prosent),2001M04,4.1
04.1.1,Tolvmanedersendring,2001M05,"Betalt husleie, bolig",12-måneders endring (prosent),2001M05,4.2
04.1.1,Tolvmanedersendring,2001M06,"Betalt husleie, bolig",12-måneders endring (prosent),2001M06,3.9
04.1.1,Tolvmanedersendring,2001M07,"Betalt husleie, bolig",12-måneders endring (prosent),2001M07,3.7
04.1.1,Tolvmanedersendring,2001M08,"Betalt husleie, bolig",12-måneders endring (prosent),2001M08,3.3
04.1.1,Tolvmanedersendring,2001M09,"Betalt husleie, bolig",12-måneders endring (prosent),2001M09,3.5
04.1.1,Tolvmanedersendring,2001M10,"Betalt husleie, bolig",12-måneders endring (prosent),2001M10,3.9
04.1.1,Tolvmanedersendring,2001M11,"Betalt husleie, bolig",12-måneders endring (prosent),2001M11,3.7
04.1.1,Tolvmanedersendring,2001M12,"Betalt husleie, bolig",12-måneders endring (prosent),2001M12,4.5
04.1.1,Tolvmanedersendring,2002M01,"Betalt husleie, bolig",12-måneders endring (prosent),2002M01,4.2
04.1.1,Tolvmanedersendring,2002M02,"Betalt husleie, bolig",12-måneders endring (prosent),2002M02,3.9
04.1.1,Tolvmanedersendring,2002M03,"Betalt husleie, bolig",12-måneders endring (prosent),2002M03,4.5
04.1.1,Tolvmanedersendring,2002M04,"Betalt husleie, bolig",12-måneders endring (prosent),2002M04,4.5
04.1.1,Tolvmanedersendring,2002M05,"Betalt husleie, bolig",12-måneders endring (prosent),2002M05,4.8
04.1.1,Tolvmanedersendring,2002M06,"Betalt husleie, bolig",12-måneders endring (prosent),2002M06,5
04.1.1,Tolvmanedersendring,2002M07,"Betalt husleie, bolig",12-måneders endring (prosent),2002M07,5.3
04.1.1,Tolvmanedersendring,2002M08,"Betalt husleie, bolig",12-måneders endring (prosent),2002M08,4.9
04.1.1,Tolvmanedersendring,2002M09,"Betalt husleie, bolig",12-måneders endring (prosent),2002M09,4.3
04.1.1,Tolvmanedersendring,2002M10,"Betalt husleie, bolig",12-måneders endring (prosent),2002M10,4.2
04.1.1,Tolvmanedersendring,2002M11,"Betalt husleie, bolig",12-måneders endring (prosent),2002M11,4.1
04.1.1,Tolvmanedersendring,2002M12,"Betalt husleie, bolig",12-måneders endring (prosent),2002M12,3.5
04.1.1,Tolvmanedersendring,2003M01,"Betalt husleie, bolig",12-måneders endring (prosent),2003M01,3.6
04.1.1,Tolvmanedersendring,2003M02,"Betalt husleie, bolig",12-måneders endring (prosent),2003M02,4.2
04.1.1,Tolvmanedersendring,2003M03,"Betalt husleie, bolig",12-måneders endring (prosent),2003M03,3.9
04.1.1,Tolvmanedersendring,2003M04,"Betalt husleie, bolig",12-måneders endring (prosent),2003M04,4.5
04.1.1,Tolvmanedersendring,2003M05,"Betalt husleie, bolig",12-måneders endring (prosent),2003M05,4.2
04.1.1,Tolvmanedersendring,2003M06,"Betalt husleie, bolig",12-måneders endring (prosent),2003M06,4
04.1.1,Tolvmanedersendring,2003M07,"Betalt husleie, bolig",12-måneders endring (prosent),2003M07,3.7
04.1.1,Tolvmanedersendring,2003M08,"Betalt husleie, bolig",12-måneders endring (prosent),2003M08,3.9
04.1.1,Tolvmanedersendring,2003M09,"Betalt husleie, bolig",12-måneders endring (prosent),2003M09,4
04.1.1,Tolvmanedersendring,2003M10,"Betalt husleie, bolig",12-måneders endring (prosent),2003M10,4
04.1.1,Tolvmanedersendring,2003M11,"Betalt husleie, bolig",12-måneders endring (prosent),2003M11,4
04.1.1,Tolvmanedersendring,2003M12,"Betalt husleie, bolig",12-måneders endring (prosent),2003M12,4
04.1.1,Tolvmanedersendring,2004M01,"Betalt husleie, bolig",12-måneders endring (prosent),2004M01,2.7
04.1.1,Tolvmanedersendring,2004M02,"Betalt husleie, bolig",12-måneders endring (prosent),2004M02,2.7
04.1.1,Tolvmanedersendring,2004M03,"Betalt husleie, bolig",12-måneders endring (prosent),2004M03,2.5
04.1.1,Tolvmanedersendring,2004M04,"Betalt husleie, bolig",12-måneders endring (prosent),2004M04,1.8
04.1.1,Tolvmanedersendring,2004M05,"Betalt husleie, bolig",12-måneders endring (prosent),2004M05,1.7
04.1.1,Tolvmanedersendring,2004M06,"Betalt husleie, bolig",12-måneders endring (prosent),2004M06,1.9
04.1.1,Tolvmanedersendring,2004M07,"Betalt husleie, bolig",12-måneders endring (prosent),2004M07,1.7
04.1.1,Tolvmanedersendring,2004M08,"Betalt husleie, bolig",12-måneders endring (prosent),2004M08,1.8
04.1.1,Tolvmanedersendring,2004M09,"Betalt husleie, bolig",12-måneders endring (prosent),2004M09,1.9
04.1.1,Tolvmanedersendring,2004M10,"Betalt husleie, bolig",12-måneders endring (prosent),2004M10,1.9
04.1.1,Tolvmanedersendring,2004M11,"Betalt husleie, bolig",12-måneders endring (prosent),2004M11,1.8
04.1.1,Tolvmanedersendring,2004M12,"Betalt husleie, bolig",12-måneders endring (prosent),2004M12,1.8
04.1.1,Tolvmanedersendring,2005M01,"Betalt husleie, bolig",12-måneders endring (prosent),2005M01,2.3
04.1.1,Tolvmanedersendring,2005M02,"Betalt husleie, bolig",12-måneders endring (prosent),2005M02,2.2
04.1.1,Tolvmanedersendring,2005M03,"Betalt husleie, bolig",12-måneders endring (prosent),2005M03,1.9
04.1.1,Tolvmanedersendring,2005M04,"Betalt husleie, bolig",12-måneders endring (prosent),2005M04,2.3
04.1.1,Tolvmanedersendring,2005M05,"Betalt husleie, bolig",12-måneders endring (prosent),2005M05,2.4
04.1.1,Tolvmanedersendring,2005M06,"Betalt husleie, bolig",12-måneders endring (prosent),2005M06,2.2
04.1.1,Tolvmanedersendring,2005M07,"Betalt husleie, bolig",12-måneders endring (prosent),2005M07,2.4
04.1.1,Tolvmanedersendring,2005M08,"Betalt husleie, bolig",12-måneders endring (prosent),2005M08,2.4
04.1.1,Tolvmanedersendring,2005M09,"Betalt husleie, bolig",12-måneders endring (prosent),2005M09,2.3
04.1.1,Tolvmanedersendring,2005M10,"Betalt husleie, bolig",12-måneders endring (prosent),2005M10,2.2
04.1.1,Tolvmanedersendring,2005M11,"Betalt husleie, bolig",12-måneders endring (prosent),2005M11,2.3
04.1.1,Tolvmanedersendring,2005M12,"Betalt husleie, bolig",12-måneders endring (prosent),2005M12,2.3
04.1.1,Tolvmanedersendring,2006M01,"Betalt husleie, bolig",12-måneders endring (prosent),2006M01,2.4
04.1.1,Tolvmanedersendring,2006M02,"Betalt husleie, bolig",12-måneders endring (prosent),2006M02,2.4
04.1.1,Tolvmanedersendring,2006M03,"Betalt husleie, bolig",12-måneders endring (prosent),2006M03,2.8
04.1.1,Tolvmanedersendring,2006M04,"Betalt husleie, bolig",12-måneders endring (prosent),2006M04,2.4
04.1.1,Tolvmanedersendring,2006M05,"Betalt husleie, bolig",12-måneders endring (prosent),2006M05,2.4
04.1.1,Tolvmanedersendring,2006M06,"Betalt husleie, bolig",12-måneders endring (prosent),2006M06,2.5
04.1.1,Tolvmanedersendring,2006M07,"Betalt husleie, bolig",12-måneders endring (prosent),2006M07,2.6
04.1.1,Tolvmanedersendring,2006M08,"Betalt husleie, bolig",12-måneders endring (prosent),2006M08,2.4
04.1.1,Tolvmanedersendring,2006M09,"Betalt husleie, bolig",12-måneders endring (prosent),2006M09,2.1
04.1.1,Tolvmanedersendring,2006M10,"Betalt husleie, bolig",12-måneders endring (prosent),2006M10,2.8
04.1.1,Tolvmanedersendring,2006M11,"Betalt husleie, bolig",12-måneders endring (prosent),2006M11,2.4
04.1.1,Tolvmanedersendring,2006M12,"Betalt husleie, bolig",12-måneders endring (prosent),2006M12,2.4
04.1.1,Tolvmanedersendring,2007M01,"Betalt husleie, bolig",12-måneders endring (prosent),2007M01,2.3
04.1.1,Tolvmanedersendring,2007M02,"Betalt husleie, bolig",12-måneders endring (prosent),2007M02,2.1
04.1.1,Tolvmanedersendring,2007M03,"Betalt husleie, bolig",12-måneders endring (prosent),2007M03,1.8
04.1.1,Tolvmanedersendring,2007M04,"Betalt husleie, bolig",12-måneders endring (prosent),2007M04,1.8
04.1.1,Tolvmanedersendring,2007M05,"Betalt husleie, bolig",12-måneders endring (prosent),2007M05,1.9
04.1.1,Tolvmanedersendring,2007M06,"Betalt husleie, bolig",12-måneders endring (prosent),2007M06,1.5
04.1.1,Tolvmanedersendring,2007M07,"Betalt husleie, bolig",12-måneders endring (prosent),2007M07,1.8
04.1.1,Tolvmanedersendring,2007M08,"Betalt husleie, bolig",12-måneders endring (prosent),2007M08,1.9
04.1.1,Tolvmanedersendring,2007M09,"Betalt husleie, bolig",12-måneders endring (prosent),2007M09,2.1
04.1.1,Tolvmanedersendring,2007M10,"Betalt husleie, bolig",12-måneders endring (prosent),2007M10,1.8
04.1.1,Tolvmanedersendring,2007M11,"Betalt husleie, bolig",12-måneders endring (prosent),2007M11,2.3
04.1.1,Tolvmanedersendring,2007M12,"Betalt husleie, bolig",12-måneders endring (prosent),2007M12,2.7
04.1.1,Tolvmanedersendring,2008M01,"Betalt husleie, bolig",12-måneders endring (prosent),2008M01,2.4
04.1.1,Tolvmanedersendring,2008M02,"Betalt husleie, bolig",12-måneders endring (prosent),2008M02,2.4
04.1.1,Tolvmanedersendring,2008M03,"Betalt husleie, bolig",12-måneders endring (prosent),2008M03,3.6
04.1.1,Tolvmanedersendring,2008M04,"Betalt husleie, bolig",12-måneders endring (prosent),2008M04,3.7
04.1.1,Tolvmanedersendring,2008M05,"Betalt husleie, bolig",12-måneders endring (prosent),2008M05,3.4
04.1.1,Tolvmanedersendring,2008M06,"Betalt husleie, bolig",12-måneders endring (prosent),2008M06,3.7
04.1.1,Tolvmanedersendring,2008M07,"Betalt husleie, bolig",12-måneders endring (prosent),2008M07,3.7
04.1.1,Tolvmanedersendring,2008M08,"Betalt husleie, bolig",12-måneders endring (prosent),2008M08,3.9
04.1.1,Tolvmanedersendring,2008M09,"Betalt husleie, bolig",12-måneders endring (prosent),2008M09,3.9
04.1.1,Tolvmanedersendring,2008M10,"Betalt husleie, bolig",12-måneders endring (prosent),2008M10,3.9
04.1.1,Tolvmanedersendring,2008M11,"Betalt husleie, bolig",12-måneders endring (prosent),2008M11,3.8
04.1.1,Tolvmanedersendring,2008M12,"Betalt husleie, bolig",12-måneders endring (prosent),2008M12,3.6
04.1.1,Tolvmanedersendring,2009M01,"Betalt husleie, bolig",12-måneders endring (prosent),2009M01,4.5
04.1.1,Tolvmanedersendring,2009M02,"Betalt husleie, bolig",12-måneders endring (prosent),2009M02,4.9
04.1.1,Tolvmanedersendring,2009M03,"Betalt husleie, bolig",12-måneders endring (prosent),2009M03,3.9
04.1.1,Tolvmanedersendring,2009M04,"Betalt husleie, bolig",12-måneders endring (prosent),2009M04,3.8
04.1.1,Tolvmanedersendring,2009M05,"Betalt husleie, bolig",12-måneders endring (prosent),2009M05,3.9
04.1.1,Tolvmanedersendring,2009M06,"Betalt husleie, bolig",12-måneders endring (prosent),2009M06,3.8
04.1.1,Tolvmanedersendring,2009M07,"Betalt husleie, bolig",12-måneders endring (prosent),2009M07,3.4
04.1.1,Tolvmanedersendring,2009M08,"Betalt husleie, bolig",12-måneders endring (prosent),2009M08,3.2
04.1.1,Tolvmanedersendring,2009M09,"Betalt husleie, bolig",12-måneders endring (prosent),2009M09,2.8
04.1.1,Tolvmanedersendring,2009M10,"Betalt husleie, bolig",12-måneders endring (prosent),2009M10,2.7
04.1.1,Tolvmanedersendring,2009M11,"Betalt husleie, bolig",12-måneders endring (prosent),2009M11,2.7
04.1.1,Tolvmanedersendring,2009M12,"Betalt husleie, bolig",12-måneders endring (prosent),2009M12,2.2
04.1.1,Tolvmanedersendring,2010M01,"Betalt husleie, bolig",12-måneders endring (prosent),2010M01,2.6
04.1.1,Tolvmanedersendring,2010M02,"Betalt husleie, bolig",12-måneders endring (prosent),2010M02,2.7
04.1.1,Tolvmanedersendring,2010M03,"Betalt husleie, bolig",12-måneders endring (prosent),2010M03,2.6
04.1.1,Tolvmanedersendring,2010M04,"Betalt husleie, bolig",12-måneders endring (prosent),2010M04,2.5
04.1.1,Tolvmanedersendring,2010M05,"Betalt husleie, bolig",12-måneders endring (prosent),2010M05,2.4
04.1.1,Tolvmanedersendring,2010M06,"Betalt husleie, bolig",12-måneders endring (prosent),2010M06,2.6
04.1.1,Tolvmanedersendring,2010M07,"Betalt husleie, bolig",12-måneders endring (prosent),2010M07,2.7
04.1.1,Tolvmanedersendring,2010M08,"Betalt husleie, bolig",12-måneders endring (prosent),2010M08,2.9
04.1.1,Tolvmanedersendring,2010M09,"Betalt husleie, bolig",12-måneders endring (prosent),2010M09,3.4
04.1.1,Tolvmanedersendring,2010M10,"Betalt husleie, bolig",12-måneders endring (prosent),2010M10,3.5
04.1.1,Tolvmanedersendring,2010M11,"Betalt husleie, bolig",12-måneders endring (prosent),2010M11,3.3
04.1.1,Tolvmanedersendring,2010M12,"Betalt husleie, bolig",12-måneders endring (prosent),2010M12,3.5
04.1.1,Tolvmanedersendring,2011M01,"Betalt husleie, bolig",12-måneders endring (prosent),2011M01,2.4
04.1.1,Tolvmanedersendring,2011M02,"Betalt husleie, bolig",12-måneders endring (prosent),2011M02,2.3
04.1.1,Tolvmanedersendring,2011M03,"Betalt husleie, bolig",12-måneders endring (prosent),2011M03,2.2
04.1.1,Tolvmanedersendring,2011M04,"Betalt husleie, bolig",12-måneders endring (prosent),2011M04,2.2
04.1.1,Tolvmanedersendring,2011M05,"Betalt husleie, bolig",12-måneders endring (prosent),2011M05,2.3
04.1.1,Tolvmanedersendring,2011M06,"Betalt husleie, bolig",12-måneders endring (prosent),2011M06,2.2
04.1.1,Tolvmanedersendring,2011M07,"Betalt husleie, bolig",12-måneders endring (prosent),2011M07,2.1
04.1.1,Tolvmanedersendring,2011M08,"Betalt husleie, bolig",12-måneders endring (prosent),2011M08,2.1
04.1.1,Tolvmanedersendring,2011M09,"Betalt husleie, bolig",12-måneders endring (prosent),2011M09,2.2
04.1.1,Tolvmanedersendring,2011M10,"Betalt husleie, bolig",12-måneders endring (prosent),2011M10,1.9
04.1.1,Tolvmanedersendring,2011M11,"Betalt husleie, bolig",12-måneders endring (prosent),2011M11,2.2
04.1.1,Tolvmanedersendring,2011M12,"Betalt husleie, bolig",12-måneders endring (prosent),2011M12,2.1
04.1.1,Tolvmanedersendring,2012M01,"Betalt husleie, bolig",12-måneders endring (prosent),2012M01,2
04.1.1,Tolvmanedersendring,2012M02,"Betalt husleie, bolig",12-måneders endring (prosent),2012M02,2
04.1.1,Tolvmanedersendring,2012M03,"Betalt husleie, bolig",12-måneders endring (prosent),2012M03,2
04.1.1,Tolvmanedersendring,2012M04,"Betalt husleie, bolig",12-måneders endring (prosent),2012M04,2.1
04.1.1,Tolvmanedersendring,2012M05,"Betalt husleie, bolig",12-måneders endring (prosent),2012M05,2.1
04.1.1,Tolvmanedersendring,2012M06,"Betalt husleie, bolig",12-måneders endring (prosent),2012M06,2.3
04.1.1,Tolvmanedersendring,2012M07,"Betalt husleie, bolig",12-måneders endring (prosent),2012M07,2.2
04.1.1,Tolvmanedersendring,2012M08,"Betalt husleie, bolig",12-måneders endring (prosent),2012M08,2.1
04.1.1,Tolvmanedersendring,2012M09,"Betalt husleie, bolig",12-måneders endring (prosent),2012M09,1.9
04.1.1,Tolvmanedersendring,2012M10,"Betalt husleie, bolig",12-måneders endring (prosent),2012M10,2.1
04.1.1,Tolvmanedersendring,2012M11,"Betalt husleie, bolig",12-måneders endring (prosent),2012M11,2.3
04.1.1,Tolvmanedersendring,2012M12,"Betalt husleie, bolig",12-måneders endring (prosent),2012M12,2.5
04.1.1,Tolvmanedersendring,2013M01,"Betalt husleie, bolig",12-måneders endring (prosent),2013M01,2.7
04.1.1,Tolvmanedersendring,2013M02,"Betalt husleie, bolig",12-måneders endring (prosent),2013M02,3
04.1.1,Tolvmanedersendring,2013M03,"Betalt husleie, bolig",12-måneders endring (prosent),2013M03,3.1
04.1.1,Tolvmanedersendring,2013M04,"Betalt husleie, bolig",12-måneders endring (prosent),2013M04,3.1
04.1.1,Tolvmanedersendring,2013M05,"Betalt husleie, bolig",12-måneders endring (prosent),2013M05,3.5
04.1.1,Tolvmanedersendring,2013M06,"Betalt husleie, bolig",12-måneders endring (prosent),2013M06,3.6
04.1.1,Tolvmanedersendring,2013M07,"Betalt husleie, bolig",12-måneders endring (prosent),2013M07,4
04.1.1,Tolvmanedersendring,2013M08,"Betalt husleie, bolig",12-måneders endring (prosent),2013M08,4.1
04.1.1,Tolvmanedersendring,2013M09,"Betalt husleie, bolig",12-måneders endring (prosent),2013M09,4.4
04.1.1,Tolvmanedersendring,2013M10,"Betalt husleie, bolig",12-måneders endring (prosent),2013M10,4.5
04.1.1,Tolvmanedersendring,2013M11,"Betalt husleie, bolig",12-måneders endring (prosent),2013M11,4.1
04.1.1,Tolvmanedersendring,2013M12,"Betalt husleie, bolig",12-måneders endring (prosent),2013M12,4
04.1.1,Tolvmanedersendring,2014M01,"Betalt husleie, bolig",12-måneders endring (prosent),2014M01,3.9
04.1.1,Tolvmanedersendring,2014M02,"Betalt husleie, bolig",12-måneders endring (prosent),2014M02,3.7
04.1.1,Tolvmanedersendring,2014M03,"Betalt husleie, bolig",12-måneders endring (prosent),2014M03,3.5
04.1.1,Tolvmanedersendring,2014M04,"Betalt husleie, bolig",12-måneders endring (prosent),2014M04,3.6
04.1.1,Tolvmanedersendring,2014M05,"Betalt husleie, bolig",12-måneders endring (prosent),2014M05,3.4
04.1.1,Tolvmanedersendring,2014M06,"Betalt husleie, bolig",12-måneders endring (prosent),2014M06,3.2
04.1.1,Tolvmanedersendring,2014M07,"Betalt husleie, bolig",12-måneders endring (prosent),2014M07,3.1
04.1.1,Tolvmanedersendring,2014M08,"Betalt husleie, bolig",12-måneders endring (prosent),2014M08,3
04.1.1,Tolvmanedersendring,2014M09,"Betalt husleie, bolig",12-måneders endring (prosent),2014M09,3
04.1.1,Tolvmanedersendring,2014M10,"Betalt husleie, bolig",12-måneders endring (prosent),2014M10,2.9
04.1.1,Tolvmanedersendring,2014M11,"Betalt husleie, bolig",12-måneders endring (prosent),2014M11,2.8
04.1.1,Tolvmanedersendring,2014M12,"Betalt husleie, bolig",12-måneders endring (prosent),2014M12,2.9
04.1.1,Tolvmanedersendring,2015M01,"Betalt husleie, bolig",12-måneders endring (prosent),2015M01,3.1
04.1.1,Tolvmanedersendring,2015M02,"Betalt husleie, bolig",12-måneders endring (prosent),2015M02,3
04.1.1,Tolvmanedersendring,2015M03,"Betalt husleie, bolig",12-måneders endring (prosent),2015M03,2.9
04.1.1,Tolvmanedersendring,2015M04,"Betalt husleie, bolig",12-måneders endring (prosent),2015M04,3
04.1.1,Tolvmanedersendring,2015M05,"Betalt husleie, bolig",12-måneders endring (prosent),2015M05,2.8
04.1.1,Tolvmanedersendring,2015M06,"Betalt husleie, bolig",12-måneders endring (prosent),2015M06,3
04.1.1,Tolvmanedersendring,2015M07,"Betalt husleie, bolig",12-måneders endring (prosent),2015M07,3
04.1.1,Tolvmanedersendring,2015M08,"Betalt husleie, bolig",12-måneders endring (prosent),2015M08,3
04.1.1,Tolvmanedersendring,2015M09,"Betalt husleie, bolig",12-måneders endring (prosent),2015M09,2.6
04.1.1,Tolvmanedersendring,2015M10,"Betalt husleie, bolig",12-måneders endring (prosent),2015M10,2.4
04.1.1,Tolvmanedersendring,2015M11,"Betalt husleie, bolig",12-måneders endring (prosent),2015M11,2.4
04.1.1,Tolvmanedersendring,2015M12,"Betalt husleie, bolig",12-måneders endring (prosent),2015M12,2.3
04.1.1,Tolvmanedersendring,2016M01,"Betalt husleie, bolig",12-måneders endring (prosent),2016M01,1.9
04.1.1,Tolvmanedersendring,2016M02,"Betalt husleie, bolig",12-måneders endring (prosent),2016M02,1.7
04.1.1,Tolvmanedersendring,2016M03,"Betalt husleie, bolig",12-måneders endring (prosent),2016M03,2
04.1.1,Tolvmanedersendring,2016M04,"Betalt husleie, bolig",12-måneders endring (prosent),2016M04,1.9
04.1.1,Tolvmanedersendring,2016M05,"Betalt husleie, bolig",12-måneders endring (prosent),2016M05,1.8
04.1.1,Tolvmanedersendring,2016M06,"Betalt husleie, bolig",12-måneders endring (prosent),2016M06,1.9
04.1.1,Tolvmanedersendring,2016M07,"Betalt husleie, bolig",12-måneders endring (prosent),2016M07,1.8
04.1.1,Tolvmanedersendring,2016M08,"Betalt husleie, bolig",12-måneders endring (prosent),2016M08,1.8
04.1.1,Tolvmanedersendring,2016M09,"Betalt husleie, bolig",12-måneders endring (prosent),2016M09,1.8
04.1.1,Tolvmanedersendring,2016M10,"Betalt husleie, bolig",12-måneders endring (prosent),2016M10,1.9
04.1.1,Tolvmanedersendring,2016M11,"Betalt husleie, bolig",12-måneders endring (prosent),2016M11,2.1
04.1.1,Tolvmanedersendring,2016M12,"Betalt husleie, bolig",12-måneders endring (prosent),2016M12,2.1
04.1.1,Tolvmanedersendring,2017M01,"Betalt husleie, bolig",12-måneders endring (prosent),2017M01,2.1
04.1.1,Tolvmanedersendring,2017M02,"Betalt husleie, bolig",12-måneders endring (prosent),2017M02,2.3
04.1.1,Tolvmanedersendring,2017M03,"Betalt husleie, bolig",12-måneders endring (prosent),2017M03,2.2
04.1.1,Tolvmanedersendring,2017M04,"Betalt husleie, bolig",12-måneders endring (prosent),2017M04,2.1
04.1.1,Tolvmanedersendring,2017M05,"Betalt husleie, bolig",12-måneders endring (prosent),2017M05,2.2
04.1.1,Tolvmanedersendring,2017M06,"Betalt husleie, bolig",12-måneders endring (prosent),2017M06,1.9
04.1.1,Tolvmanedersendring,2017M07,"Betalt husleie, bolig",12-måneders endring (prosent),2017M07,1.9
04.1.1,Tolvmanedersendring,2017M08,"Betalt husleie, bolig",12-måneders endring (prosent),2017M08,1.9
04.1.1,Tolvmanedersendring,2017M09,"Betalt husleie, bolig",12-måneders endring (prosent),2017M09,1.8
04.1.1,Tolvmanedersendring,2017M10,"Betalt husleie, bolig",12-måneders endring (prosent),2017M10,1.8
04.1.1,Tolvmanedersendring,2017M11,"Betalt husleie, bolig",12-måneders endring (prosent),2017M11,1.8
04.1.1,Tolvmanedersendring,2017M12,"Betalt husleie, bolig",12-måneders endring (prosent),2017M12,1.9
04.1.1,Tolvmanedersendring,2018M01,"Betalt husleie, bolig",12-måneders endring (prosent),2018M01,1.7
04.1.1,Tolvmanedersendring,2018M02,"Betalt husleie, bolig",12-måneders endring (prosent),2018M02,1.7
04.1.1,Tolvmanedersendring,2018M03,"Betalt husleie, bolig",12-måneders endring (prosent),2018M03,1.6
04.1.1,Tolvmanedersendring,2018M04,"Betalt husleie, bolig",12-måneders endring (prosent),2018M04,1.6
04.1.1,Tolvmanedersendring,2018M05,"Betalt husleie, bolig",12-måneders endring (prosent),2018M05,1.7
04.1.1,Tolvmanedersendring,2018M06,"Betalt husleie, bolig",12-måneders endring (prosent),2018M06,1.8
04.1.1,Tolvmanedersendring,2018M07,"Betalt husleie, bolig",12-måneders endring (prosent),2018M07,1.6
04.1.1,Tolvmanedersendring,2018M08,"Betalt husleie, bolig",12-måneders endring (prosent),2018M08,1.6
04.1.1,Tolvmanedersendring,2018M09,"Betalt husleie, bolig",12-måneders endring (prosent),2018M09,1.9
04.1.1,Tolvmanedersendring,2018M10,"Betalt husleie, bolig",12-måneders endring (prosent),2018M10,1.7
04.1.1,Tolvmanedersendring,2018M11,"Betalt husleie, bolig",12-måneders endring (prosent),2018M11,1.6
04.1.1,Tolvmanedersendring,2018M12,"Betalt husleie, bolig",12-måneders endring (prosent),2018M12,1.6
04.1.1,Tolvmanedersendring,2019M01,"Betalt husleie, bolig",12-måneders endring (prosent),2019M01,1.5
04.1.1,Tolvmanedersendring,2019M02,"Betalt husleie, bolig",12-måneders endring (prosent),2019M02,1.6
04.1.1,Tolvmanedersendring,2019M03,"Betalt husleie, bolig",12-måneders endring (prosent),2019M03,1.7
04.1.1,Tolvmanedersendring,2019M04,"Betalt husleie, bolig",12-måneders endring (prosent),2019M04,1.7
04.1.1,Tolvmanedersendring,2019M05,"Betalt husleie, bolig",12-måneders endring (prosent),2019M05,1.7
04.1.1,Tolvmanedersendring,2019M06,"Betalt husleie, bolig",12-måneders endring (prosent),2019M06,1.5
04.1.1,Tolvmanedersendring,2019M07,"Betalt husleie, bolig",12-måneders endring (prosent),2019M07,1.6
04.1.1,Tolvmanedersendring,2019M08,"Betalt husleie, bolig",12-måneders endring (prosent),2019M08,1.8
04.1.1,Tolvmanedersendring,2019M09,"Betalt husleie, bolig",12-måneders endring (prosent),2019M09,1.7
04.1.1,Tolvmanedersendring,2019M10,"Betalt husleie, bolig",12-måneders endring (prosent),2019M10,1.9
04.1.1,Tolvmanedersendring,2019M11,"Betalt husleie, bolig",12-måneders endring (prosent),2019M11,1.9
04.1.1,Tolvmanedersendring,2019M12,"Betalt husleie, bolig",12-måneders endring (prosent),2019M12,2
04.1.1,Tolvmanedersendring,2020M01,"Betalt husleie, bolig",12-måneders endring (prosent),2020M01,2
04.1.1,Tolvmanedersendring,2020M02,"Betalt husleie, bolig",12-måneders endring (prosent),2020M02,1.8
04.1.1,Tolvmanedersendring,2020M03,"Betalt husleie, bolig",12-måneders endring (prosent),2020M03,1.8
04.1.1,Tolvmanedersendring,2020M04,"Betalt husleie, bolig",12-måneders endring (prosent),2020M04,1.6
04.1.1,Tolvmanedersendring,2020M05,"Betalt husleie, bolig",12-måneders endring (prosent),2020M05,1.2
04.1.1,Tolvmanedersendring,2020M06,"Betalt husleie, bolig",12-måneders endring (prosent),2020M06,1.3
04.1.1,Tolvmanedersendring,2020M07,"Betalt husleie, bolig",12-måneders endring (prosent),2020M07,1.3
04.1.1,Tolvmanedersendring,2020M08,"Betalt husleie, bolig",12-måneders endring (prosent),2020M08,1.4
04.1.1,Tolvmanedersendring,2020M09,"Betalt husleie, bolig",12-måneders endring (prosent),2020M09,1.3
04.1.1,Tolvmanedersendring,2020M10,"Betalt husleie, bolig",12-måneders endring (prosent),2020M10,1.2
04.1.1,Tolvmanedersendring,2020M11,"Betalt husleie, bolig",12-måneders endring (prosent),2020M11,1.3
04.1.1,Tolvmanedersendring,2020M12,"Betalt husleie, bolig",12-måneders endring (prosent),2020M12,1.2
04.1.1,Tolvmanedersendring,2021M01,"Betalt husleie, bolig",12-måneders endring (prosent),2021M01,1.2
04.1.1,Tolvmanedersendring,2021M02,"Betalt husleie, bolig",12-måneders endring (prosent),2021M02,1.1
04.1.1,Tolvmanedersendring,2021M03,"Betalt husleie, bolig",12-måneders endring (prosent),2021M03,1
04.1.1,Tolvmanedersendring,2021M04,"Betalt husleie, bolig",12-måneders endring (prosent),2021M04,1
04.1.1,Tolvmanedersendring,2021M05,"Betalt husleie, bolig",12-måneders endring (prosent),2021M05,1.5
04.1.1,Tolvmanedersendring,2021M06,"Betalt husleie, bolig",12-måneders endring (prosent),2021M06,1.4
04.1.1,Tolvmanedersendring,2021M07,"Betalt husleie, bolig",12-måneders endring (prosent),2021M07,1.4
04.1.1,Tolvmanedersendring,2021M08,"Betalt husleie, bolig",12-måneders endring (prosent),2021M08,1.2
04.1.1,Tolvmanedersendring,2021M09,"Betalt husleie, bolig",12-måneders endring (prosent),2021M09,1.4
04.1.1,Tolvmanedersendring,2021M10,"Betalt husleie, bolig",12-måneders endring (prosent),2021M10,1.5
04.1.1,Tolvmanedersendring,2021M11,"Betalt husleie, bolig",12-måneders endring (prosent),2021M11,1.4
04.1.1,Tolvmanedersendring,2021M12,"Betalt husleie, bolig",12-måneders endring (prosent),2021M12,1.3
04.1.1,Tolvmanedersendring,2022M01,"Betalt husleie, bolig",12-måneders endring (prosent),2022M01,1.5
04.1.1,Tolvmanedersendring,2022M02,"Betalt husleie, bolig",12-måneders endring (prosent),2022M02,1.5
04.1.1,Tolvmanedersendring,2022M03,"Betalt husleie, bolig",12-måneders endring (prosent),2022M03,1.6
04.1.1,Tolvmanedersendring,2022M04,"Betalt husleie, bolig",12-måneders endring (prosent),2022M04,1.8
04.1.1,Tolvmanedersendring,2022M05,"Betalt husleie, bolig",12-måneders endring (prosent),2022M05,1.5
04.1.1,Tolvmanedersendring,2022M06,"Betalt husleie, bolig",12-måneders endring (prosent),2022M06,1.7
04.1.1,Tolvmanedersendring,2022M07,"Betalt husleie, bolig",12-måneders endring (prosent),2022M07,2.1
04.1.1,Tolvmanedersendring,2022M08,"Betalt husleie, bolig",12-måneders endring (prosent),2022M08,2.3
04.1.1,Tolvmanedersendring,2022M09,"Betalt husleie, bolig",12-måneders endring (prosent),2022M09,2.4
04.1.1,Tolvmanedersendring,2022M10,"Betalt husleie, bolig",12-måneders endring (prosent),2022M10,2.4
04.1.1,Tolvmanedersendring,2022M11,"Betalt husleie, bolig",12-måneders endring (prosent),2022M11,2.3
04.1.1,Tolvmanedersendring,2022M12,"Betalt husleie, bolig",12-måneders endring (prosent),2022M12,2.5
04.1.1,Tolvmanedersendring,2023M01,"Betalt husleie, bolig",12-måneders endring (prosent),2023M01,2.9
04.1.1,Tolvmanedersendring,2023M02,"Betalt husleie, bolig",12-måneders endring (prosent),2023M02,3.1
04.1.1,Tolvmanedersendring,2023M03,"Betalt husleie, bolig",12-måneders endring (prosent),2023M03,3.4
04.1.1,Tolvmanedersendring,2023M04,"Betalt husleie, bolig",12-måneders endring (prosent),2023M04,3.5
04.1.1,Tolvmanedersendring,2023M05,"Betalt husleie, bolig",12-måneders endring (prosent),2023M05,3.9
04.1.1,Tolvmanedersendring,2023M06,"Betalt husleie, bolig",12-måneders endring (prosent),2023M06,4.1
04.1.1,Tolvmanedersendring,2023M07,"Betalt husleie, bolig",12-måneders endring (prosent),2023M07,4
04.1.1,Tolvmanedersendring,2023M08,"Betalt husleie, bolig",12-måneders endring (prosent),2023M08,4
04.1.1,Tolvmanedersendring,2023M09,"Betalt husleie, bolig",12-måneders endring (prosent),2023M09,4.1
04.1.1,Tolvmanedersendring,2023M10,"Betalt husleie, bolig",12-måneders endring (prosent),2023M10,4.3
04.1.1,Tolvmanedersendring,2023M11,"Betalt husleie, bolig",12-måneders endring (prosent),2023M11,4.5
04.1.1,Tolvmanedersendring,2023M12,"Betalt husleie, bolig",12-måneders endring (prosent),2023M12,4.4
04.1.1,Tolvmanedersendring,2024M01,"Betalt husleie, bolig",12-måneders endring (prosent),2024M01,4.3
04.1.1,Tolvmanedersendring,2024M02,"Betalt husleie, bolig",12-måneders endring (prosent),2024M02,4.3
04.1.1,Tolvmanedersendring,2024M03,"Betalt husleie, bolig",12-måneders endring (prosent),2024M03,4.3
04.1.1,Tolvmanedersendring,2024M04,"Betalt husleie, bolig",12-måneders endring (prosent),2024M04,4.6
04.1.1,Tolvmanedersendring,2024M05,"Betalt husleie, bolig",12-måneders endring (prosent),2024M05,4.4
04.1.1,Tolvmanedersendring,2024M06,"Betalt husleie, bolig",12-måneders endring (prosent),2024M06,4.2
04.1.1,Tolvmanedersendring,2024M07,"Betalt husleie, bolig",12-måneders endring (prosent),2024M07,4.2
04.1.1,Tolvmanedersendring,2024M08,"Betalt husleie, bolig",12-måneders endring (prosent),2024M08,4.4
04.1.1,Tolvmanedersendring,2024M09,"Betalt husleie, bolig",12-måneders endring (prosent),2024M09,4.3
04.1.1,Tolvmanedersendring,2024M10,"Betalt husleie, bolig",12-måneders endring (prosent),2024M10,4.1
04.1.1,Tolvmanedersendring,2024M11,"Betalt husleie, bolig",12-måneders endring (prosent),2024M11,4.2
04.1.1,Tolvmanedersendring,2024M12,"Betalt husleie, bolig",12-måneders endring (prosent),2024M12,4.3
04.1.1,Tolvmanedersendring,2025M01,"Betalt husleie, bolig",12-måneders endring (prosent),2025M01,4
04.1.1,Tolvmanedersendring,2025M02,"Betalt husleie, bolig",12-måneders endring (prosent),2025M02,4.1
04.1.1,Tolvmanedersendring,2025M03,"Betalt husleie, bolig",12-måneders endring (prosent),2025M03,3.7
04.1.1,Tolvmanedersendring,2025M04,"Betalt husleie, bolig",12-måneders endring (prosent),2025M04,3.5
04.1.1,Tolvmanedersendring,2025M05,"Betalt husleie, bolig",12-måneders endring (prosent),2025M05,3.4
04.1.1,Tolvmanedersendring,2025M06,"Betalt husleie, bolig",12-måneders endring (prosent),2025M06,3.6
04.1.1,Tolvmanedersendring,2025M07,"Betalt husleie, bolig",12-måneders endring (prosent),2025M07,3.5
04.1.1,Tolvmanedersendring,2025M08,"Betalt husleie, bolig",12-måneders endring (prosent),2025M08,3.7
04.1.1,Tolvmanedersendring,2025M09,"Betalt husleie, bolig",12-måneders endring (prosent),2025M09,3.4
04.1.1,Tolvmanedersendring,2025M10,"Betalt husleie, bolig",12-måneders endring (prosent),2025M10,3.6
04.1.1,Tolvmanedersendring,2025M11,"Betalt husleie, bolig",12-måneders endring (prosent),2025M11,3.5
04.1.1,Tolvmanedersendring,2025M12,"Betalt husleie, bolig",12-måneders endring (prosent),2025M12,3.5
04.1.1,KpiVektMnd,1979M01,"Betalt husleie, bolig",Vekter,1979M01,38.4
04.1.1,KpiVektMnd,1979M02,"Betalt husleie, bolig",Vekter,1979M02,38.4
04.1.1,KpiVektMnd,1979M03,"Betalt husleie, bolig",Vekter,1979M03,38.4
04.1.1,KpiVektMnd,1979M04,"Betalt husleie, bolig",Vekter,1979M04,38.4
04.1.1,KpiVektMnd,1979M05,"Betalt husleie, bolig",Vekter,1979M05,38.4
04.1.1,KpiVektMnd,1979M06,"Betalt husleie, bolig",Vekter,1979M06,38.4
04.1.1,KpiVektMnd,1979M07,"Betalt husleie, bolig",Vekter,1979M07,38.4
04.1.1,KpiVektMnd,1979M08,"Betalt husleie, bolig",Vekter,1979M08,38.4
04.1.1,KpiVektMnd,1979M09,"Betalt husleie, bolig",Vekter,1979M09,38.4
04.1.1,KpiVektMnd,1979M10,"Betalt husleie, bolig",Vekter,1979M10,38.4
04.1.1,KpiVektMnd,1979M11,"Betalt husleie, bolig",Vekter,1979M11,38.4
04.1.1,KpiVektMnd,1979M12,"Betalt husleie, bolig",Vekter,1979M12,38.4
04.1.1,KpiVektMnd,1980M01,"Betalt husleie, bolig",Vekter,1980M01,38.4
04.1.1,KpiVektMnd,1980M02,"Betalt husleie, bolig",Vekter,1980M02,38.4
04.1.1,KpiVektMnd,1980M03,"Betalt husleie, bolig",Vekter,1980M03,38.4
04.1.1,KpiVektMnd,1980M04,"Betalt husleie, bolig",Vekter,1980M04,38.4
04.1.1,KpiVektMnd,1980M05,"Betalt husleie, bolig",Vekter,1980M05,38.4
04.1.1,KpiVektMnd,1980M06,"Betalt husleie, bolig",Vekter,1980M06,38.4
04.1.1,KpiVektMnd,1980M07,"Betalt husleie, bolig",Vekter,1980M07,38.4
04.1.1,KpiVektMnd,1980M08,"Betalt husleie, bolig",Vekter,1980M08,38.4
04.1.1,KpiVektMnd,1980M09,"Betalt husleie, bolig",Vekter,1980M09,38.4
04.1.1,KpiVektMnd,1980M10,"Betalt husleie, bolig",Vekter,1980M10,38.4
04.1.1,KpiVektMnd,1980M11,"Betalt husleie, bolig",Vekter,1980M11,38.4
04.1.1,KpiVektMnd,1980M12,"Betalt husleie, bolig",Vekter,1980M12,38.4
04.1.1,KpiVektMnd,1981M01,"Betalt husleie, bolig",Vekter,1981M01,38.4
04.1.1,KpiVektMnd,1981M02,"Betalt husleie, bolig",Vekter,1981M02,38.4
04.1.1,KpiVektMnd,1981M03,"Betalt husleie, bolig",Vekter,1981M03,38.4
04.1.1,KpiVektMnd,1981M04,"Betalt husleie, bolig",Vekter,1981M04,38.4
04.1.1,KpiVektMnd,1981M05,"Betalt husleie, bolig",Vekter,1981M05,38.4
04.1.1,KpiVektMnd,1981M06,"Betalt husleie, bolig",Vekter,1981M06,38.4
04.1.1,KpiVektMnd,1981M07,"Betalt husleie, bolig",Vekter,1981M07,38.4
04.1.1,KpiVektMnd,1981M08,"Betalt husleie, bolig",Vekter,1981M08,38.4
04.1.1,KpiVektMnd,1981M09,"Betalt husleie, bolig",Vekter,1981M09,38.4
04.1.1,KpiVektMnd,1981M10,"Betalt husleie, bolig",Vekter,1981M10,38.4
04.1.1,KpiVektMnd,1981M11,"Betalt husleie, bolig",Vekter,1981M11,38.4
04.1.1,KpiVektMnd,1981M12,"Betalt husleie, bolig",Vekter,1981M12,38.4
04.1.1,KpiVektMnd,1982M01,"Betalt husleie, bolig",Vekter,1982M01,38.4
04.1.1,KpiVektMnd,1982M02,"Betalt husleie, bolig",Vekter,1982M02,38.4
04.1.1,KpiVektMnd,1982M03,"Betalt husleie, bolig",Vekter,1982M03,38.4
04.1.1,KpiVektMnd,1982M04,"Betalt husleie, bolig",Vekter,1982M04,38.4
04.1.1,KpiVektMnd,1982M05,"Betalt husleie, bolig",Vekter,1982M05,38.4
04.1.1,KpiVektMnd,1982M06,"Betalt husleie, bolig",Vekter,1982M06,38.4
04.1.1,KpiVektMnd,1982M07,"Betalt husleie, bolig",Vekter,1982M07,38.4
04.1.1,KpiVektMnd,1982M08,"Betalt husleie, bolig",Vekter,1982M08,43.9
04.1.1,KpiVektMnd,1982M09,"Betalt husleie, bolig",Vekter,1982M09,43.9
04.1.1,KpiVektMnd,1982M10,"Betalt husleie, bolig",Vekter,1982M10,43.9
04.1.1,KpiVektMnd,1982M11,"Betalt husleie, bolig",Vekter,1982M11,43.9
04.1.1,KpiVektMnd,1982M12,"Betalt husleie, bolig",Vekter,1982M12,43.9
04.1.1,KpiVektMnd,1983M01,"Betalt husleie, bolig",Vekter,1983M01,43.9
04.1.1,KpiVektMnd,1983M02,"Betalt husleie, bolig",Vekter,1983M02,43.9
04.1.1,KpiVektMnd,1983M03,"Betalt husleie, bolig",Vekter,1983M03,43.9
04.1.1,KpiVektMnd,1983M04,"Betalt husleie, bolig",Vekter,1983M04,43.9
04.1.1,KpiVektMnd,1983M05,"Betalt husleie, bolig",Vekter,1983M05,43.9
04.1.1,KpiVektMnd,1983M06,"Betalt husleie, bolig",Vekter,1983M06,43.9
04.1.1,KpiVektMnd,1983M07,"Betalt husleie, bolig",Vekter,1983M07,43.9
04.1.1,KpiVektMnd,1983M08,"Betalt husleie, bolig",Vekter,1983M08,43.3
04.1.1,KpiVektMnd,1983M09,"Betalt husleie, bolig",Vekter,1983M09,43.3
04.1.1,KpiVektMnd,1983M10,"Betalt husleie, bolig",Vekter,1983M10,43.3
04.1.1,KpiVektMnd,1983M11,"Betalt husleie, bolig",Vekter,1983M11,43.3
04.1.1,KpiVektMnd,1983M12,"Betalt husleie, bolig",Vekter,1983M12,43.3
04.1.1,KpiVektMnd,1984M01,"Betalt husleie, bolig",Vekter,1984M01,43.3
04.1.1,KpiVektMnd,1984M02,"Betalt husleie, bolig",Vekter,1984M02,43.3
04.1.1,KpiVektMnd,1984M03,"Betalt husleie, bolig",Vekter,1984M03,43.3
04.1.1,KpiVektMnd,1984M04,"Betalt husleie, bolig",Vekter,1984M04,43.3
04.1.1,KpiVektMnd,1984M05,"Betalt husleie, bolig",Vekter,1984M05,43.3
04.1.1,KpiVektMnd,1984M06,"Betalt husleie, bolig",Vekter,1984M06,43.3
04.1.1,KpiVektMnd,1984M07,"Betalt husleie, bolig",Vekter,1984M07,43.3
04.1.1,KpiVektMnd,1984M08,"Betalt husleie, bolig",Vekter,1984M08,44
04.1.1,KpiVektMnd,1984M09,"Betalt husleie, bolig",Vekter,1984M09,44
04.1.1,KpiVektMnd,1984M10,"Betalt husleie, bolig",Vekter,1984M10,44
04.1.1,KpiVektMnd,1984M11,"Betalt husleie, bolig",Vekter,1984M11,44
04.1.1,KpiVektMnd,1984M12,"Betalt husleie, bolig",Vekter,1984M12,44
04.1.1,KpiVektMnd,1985M01,"Betalt husleie, bolig",Vekter,1985M01,44
04.1.1,KpiVektMnd,1985M02,"Betalt husleie, bolig",Vekter,1985M02,44
04.1.1,KpiVektMnd,1985M03,"Betalt husleie, bolig",Vekter,1985M03,44
04.1.1,KpiVektMnd,1985M04,"Betalt husleie, bolig",Vekter,1985M04,44
04.1.1,KpiVektMnd,1985M05,"Betalt husleie, bolig",Vekter,1985M05,44
04.1.1,KpiVektMnd,1985M06,"Betalt husleie, bolig",Vekter,1985M06,44
04.1.1,KpiVektMnd,1985M07,"Betalt husleie, bolig",Vekter,1985M07,44
04.1.1,KpiVektMnd,1985M08,"Betalt husleie, bolig",Vekter,1985M08,43.1
04.1.1,KpiVektMnd,1985M09,"Betalt husleie, bolig",Vekter,1985M09,43.1
04.1.1,KpiVektMnd,1985M10,"Betalt husleie, bolig",Vekter,1985M10,43.1
04.1.1,KpiVektMnd,1985M11,"Betalt husleie, bolig",Vekter,1985M11,43.1
04.1.1,KpiVektMnd,1985M12,"Betalt husleie, bolig",Vekter,1985M12,43.1
04.1.1,KpiVektMnd,1986M01,"Betalt husleie, bolig",Vekter,1986M01,43.1
04.1.1,KpiVektMnd,1986M02,"Betalt husleie, bolig",Vekter,1986M02,43.1
04.1.1,KpiVektMnd,1986M03,"Betalt husleie, bolig",Vekter,1986M03,43.1
04.1.1,KpiVektMnd,1986M04,"Betalt husleie, bolig",Vekter,1986M04,43.1
04.1.1,KpiVektMnd,1986M05,"Betalt husleie, bolig",Vekter,1986M05,43.1
04.1.1,KpiVektMnd,1986M06,"Betalt husleie, bolig",Vekter,1986M06,43.1
04.1.1,KpiVektMnd,1986M07,"Betalt husleie, bolig",Vekter,1986M07,43.1
04.1.1,KpiVektMnd,1986M08,"Betalt husleie, bolig",Vekter,1986M08,43.7
04.1.1,KpiVektMnd,1986M09,"Betalt husleie, bolig",Vekter,1986M09,43.7
04.1.1,KpiVektMnd,1986M10,"Betalt husleie, bolig",Vekter,1986M10,43.7
04.1.1,KpiVektMnd,1986M11,"Betalt husleie, bolig",Vekter,1986M11,43.7
04.1.1,KpiVektMnd,1986M12,"Betalt husleie, bolig",Vekter,1986M12,43.7
04.1.1,KpiVektMnd,1987M01,"Betalt husleie, bolig",Vekter,1987M01,43.7
04.1.1,KpiVektMnd,1987M02,"Betalt husleie, bolig",Vekter,1987M02,43.7
04.1.1,KpiVektMnd,1987M03,"Betalt husleie, bolig",Vekter,1987M03,43.7
04.1.1,KpiVektMnd,1987M04,"Betalt husleie, bolig",Vekter,1987M04,43.7
04.1.1,KpiVektMnd,1987M05,"Betalt husleie, bolig",Vekter,1987M05,43.7
04.1.1,KpiVektMnd,1987M06,"Betalt husleie, bolig",Vekter,1987M06,43.7
04.1.1,KpiVektMnd,1987M07,"Betalt husleie, bolig",Vekter,1987M07,43.7
04.1.1,KpiVektMnd,1987M08,"Betalt husleie, bolig",Vekter,1987M08,41.8
04.1.1,KpiVektMnd,1987M09,"Betalt husleie, bolig",Vekter,1987M09,41.8
04.1.1,KpiVektMnd,1987M10,"Betalt husleie, bolig",Vekter,1987M10,41.8
04.1.1,KpiVektMnd,1987M11,"Betalt husleie, bolig",Vekter,1987M11,41.8
04.1.1,KpiVektMnd,1987M12,"Betalt husleie, bolig",Vekter,1987M12,41.8
04.1.1,KpiVektMnd,1988M01,"Betalt husleie, bolig",Vekter,1988M01,41.8
04.1.1,KpiVektMnd,1988M02,"Betalt husleie, bolig",Vekter,1988M02,41.8
04.1.1,KpiVektMnd,1988M03,"Betalt husleie, bolig",Vekter,1988M03,41.8
04.1.1,KpiVektMnd,1988M04,"Betalt husleie, bolig",Vekter,1988M04,41.8
04.1.1,KpiVektMnd,1988M05,"Betalt husleie, bolig",Vekter,1988M05,41.8
04.1.1,KpiVektMnd,1988M06,"Betalt husleie, bolig",Vekter,1988M06,41.8
04.1.1,KpiVektMnd,1988M07,"Betalt husleie, bolig",Vekter,1988M07,41.8
04.1.1,KpiVektMnd,1988M08,"Betalt husleie, bolig",Vekter,1988M08,40
04.1.1,KpiVektMnd,1988M09,"Betalt husleie, bolig",Vekter,1988M09,40
04.1.1,KpiVektMnd,1988M10,"Betalt husleie, bolig",Vekter,1988M10,40
04.1.1,KpiVektMnd,1988M11,"Betalt husleie, bolig",Vekter,1988M11,40
04.1.1,KpiVektMnd,1988M12,"Betalt husleie, bolig",Vekter,1988M12,40
04.1.1,KpiVektMnd,1989M01,"Betalt husleie, bolig",Vekter,1989M01,40
04.1.1,KpiVektMnd,1989M02,"Betalt husleie, bolig",Vekter,1989M02,40
04.1.1,KpiVektMnd,1989M03,"Betalt husleie, bolig",Vekter,1989M03,40
04.1.1,KpiVektMnd,1989M04,"Betalt husleie, bolig",Vekter,1989M04,40
04.1.1,KpiVektMnd,1989M05,"Betalt husleie, bolig",Vekter,1989M05,40
04.1.1,KpiVektMnd,1989M06,"Betalt husleie, bolig",Vekter,1989M06,40
04.1.1,KpiVektMnd,1989M07,"Betalt husleie, bolig",Vekter,1989M07,40
04.1.1,KpiVektMnd,1989M08,"Betalt husleie, bolig",Vekter,1989M08,38.5
04.1.1,KpiVektMnd,1989M09,"Betalt husleie, bolig",Vekter,1989M09,38.5
04.1.1,KpiVektMnd,1989M10,"Betalt husleie, bolig",Vekter,1989M10,38.5
04.1.1,KpiVektMnd,1989M11,"Betalt husleie, bolig",Vekter,1989M11,38.5
04.1.1,KpiVektMnd,1989M12,"Betalt husleie, bolig",Vekter,1989M12,38.5
04.1.1,KpiVektMnd,1990M01,"Betalt husleie, bolig",Vekter,1990M01,38.5
04.1.1,KpiVektMnd,1990M02,"Betalt husleie, bolig",Vekter,1990M02,38.5
04.1.1,KpiVektMnd,1990M03,"Betalt husleie, bolig",Vekter,1990M03,38.5
04.1.1,KpiVektMnd,1990M04,"Betalt husleie, bolig",Vekter,1990M04,38.5
04.1.1,KpiVektMnd,1990M05,"Betalt husleie, bolig",Vekter,1990M05,38.5
04.1.1,KpiVektMnd,1990M06,"Betalt husleie, bolig",Vekter,1990M06,38.5
04.1.1,KpiVektMnd,1990M07,"Betalt husleie, bolig",Vekter,1990M07,38.5
04.1.1,KpiVektMnd,1990M08,"Betalt husleie, bolig",Vekter,1990M08,41.8
04.1.1,KpiVektMnd,1990M09,"Betalt husleie, bolig",Vekter,1990M09,41.8
04.1.1,KpiVektMnd,1990M10,"Betalt husleie, bolig",Vekter,1990M10,41.8
04.1.1,KpiVektMnd,1990M11,"Betalt husleie, bolig",Vekter,1990M11,41.8
04.1.1,KpiVektMnd,1990M12,"Betalt husleie, bolig",Vekter,1990M12,41.8
04.1.1,KpiVektMnd,1991M01,"Betalt husleie, bolig",Vekter,1991M01,41.8
04.1.1,KpiVektMnd,1991M02,"Betalt husleie, bolig",Vekter,1991M02,41.8
04.1.1,KpiVektMnd,1991M03,"Betalt husleie, bolig",Vekter,1991M03,41.8
04.1.1,KpiVektMnd,1991M04,"Betalt husleie, bolig",Vekter,1991M04,41.8
04.1.1,KpiVektMnd,1991M05,"Betalt husleie, bolig",Vekter,1991M05,41.8
04.1.1,KpiVektMnd,1991M06,"Betalt husleie, bolig",Vekter,1991M06,41.8
04.1.1,KpiVektMnd,1991M07,"Betalt husleie, bolig",Vekter,1991M07,41.8
04.1.1,KpiVektMnd,1991M08,"Betalt husleie, bolig",Vekter,1991M08,46.4
04.1.1,KpiVektMnd,1991M09,"Betalt husleie, bolig",Vekter,1991M09,46.4
04.1.1,KpiVektMnd,1991M10,"Betalt husleie, bolig",Vekter,1991M10,46.4
04.1.1,KpiVektMnd,1991M11,"Betalt husleie, bolig",Vekter,1991M11,46.4
04.1.1,KpiVektMnd,1991M12,"Betalt husleie, bolig",Vekter,1991M12,46.4
04.1.1,KpiVektMnd,1992M01,"Betalt husleie, bolig",Vekter,1992M01,46.4
04.1.1,KpiVektMnd,1992M02,"Betalt husleie, bolig",Vekter,1992M02,46.4
04.1.1,KpiVektMnd,1992M03,"Betalt husleie, bolig",Vekter,1992M03,46.4
04.1.1,KpiVektMnd,1992M04,"Betalt husleie, bolig",Vekter,1992M04,46.4
04.1.1,KpiVektMnd,1992M05,"Betalt husleie, bolig",Vekter,1992M05,46.4
04.1.1,KpiVektMnd,1992M06,"Betalt husleie, bolig",Vekter,1992M06,46.4
04.1.1,KpiVektMnd,1992M07,"Betalt husleie, bolig",Vekter,1992M07,46.4
04.1.1,KpiVektMnd,1992M08,"Betalt husleie, bolig",Vekter,1992M08,50.1
04.1.1,KpiVektMnd,1992M09,"Betalt husleie, bolig",Vekter,1992M09,50.1
04.1.1,KpiVektMnd,1992M10,"Betalt husleie, bolig",Vekter,1992M10,50.1
04.1.1,KpiVektMnd,1992M11,"Betalt husleie, bolig",Vekter,1992M11,50.1
04.1.1,KpiVektMnd,1992M12,"Betalt husleie, bolig",Vekter,1992M12,50.1
04.1.1,KpiVektMnd,1993M01,"Betalt husleie, bolig",Vekter,1993M01,50.1
04.1.1,KpiVektMnd,1993M02,"Betalt husleie, bolig",Vekter,1993M02,50.1
04.1.1,KpiVektMnd,1993M03,"Betalt husleie, bolig",Vekter,1993M03,50.1
04.1.1,KpiVektMnd,1993M04,"Betalt husleie, bolig",Vekter,1993M04,50.1
04.1.1,KpiVektMnd,1993M05,"Betalt husleie, bolig",Vekter,1993M05,50.1
04.1.1,KpiVektMnd,1993M06,"Betalt husleie, bolig",Vekter,1993M06,50.1
04.1.1,KpiVektMnd,1993M07,"Betalt husleie, bolig",Vekter,1993M07,50.1
04.1.1,KpiVektMnd,1993M08,"Betalt husleie, bolig",Vekter,1993M08,49.9
04.1.1,KpiVektMnd,1993M09,"Betalt husleie, bolig",Vekter,1993M09,49.9
04.1.1,KpiVektMnd,1993M10,"Betalt husleie, bolig",Vekter,1993M10,49.9
04.1.1,KpiVektMnd,1993M11,"Betalt husleie, bolig",Vekter,1993M11,49.9
04.1.1,KpiVektMnd,1993M12,"Betalt husleie, bolig",Vekter,1993M12,49.9
04.1.1,KpiVektMnd,1994M01,"Betalt husleie, bolig",Vekter,1994M01,49.9
04.1.1,KpiVektMnd,1994M02,"Betalt husleie, bolig",Vekter,1994M02,49.9
04.1.1,KpiVektMnd,1994M03,"Betalt husleie, bolig",Vekter,1994M03,49.9
04.1.1,KpiVektMnd,1994M04,"Betalt husleie, bolig",Vekter,1994M04,49.9
04.1.1,KpiVektMnd,1994M05,"Betalt husleie, bolig",Vekter,1994M05,49.9
04.1.1,KpiVektMnd,1994M06,"Betalt husleie, bolig",Vekter,1994M06,49.9
04.1.1,KpiVektMnd,1994M07,"Betalt husleie, bolig",Vekter,1994M07,49.9
04.1.1,KpiVektMnd,1994M08,"Betalt husleie, bolig",Vekter,1994M08,52.3
04.1.1,KpiVektMnd,1994M09,"Betalt husleie, bolig",Vekter,1994M09,52.3
04.1.1,KpiVektMnd,1994M10,"Betalt husleie, bolig",Vekter,1994M10,52.3
04.1.1,KpiVektMnd,1994M11,"Betalt husleie, bolig",Vekter,1994M11,52.3
04.1.1,KpiVektMnd,1994M12,"Betalt husleie, bolig",Vekter,1994M12,52.3
04.1.1,KpiVektMnd,1995M01,"Betalt husleie, bolig",Vekter,1995M01,52.3
04.1.1,KpiVektMnd,1995M02,"Betalt husleie, bolig",Vekter,1995M02,52.3
04.1.1,KpiVektMnd,1995M03,"Betalt husleie, bolig",Vekter,1995M03,52.3
04.1.1,KpiVektMnd,1995M04,"Betalt husleie, bolig",Vekter,1995M04,52.3
04.1.1,KpiVektMnd,1995M05,"Betalt husleie, bolig",Vekter,1995M05,52.3
04.1.1,KpiVektMnd,1995M06,"Betalt husleie, bolig",Vekter,1995M06,52.3
04.1.1,KpiVektMnd,1995M07,"Betalt husleie, bolig",Vekter,1995M07,52.3
04.1.1,KpiVektMnd,1995M08,"Betalt husleie, bolig",Vekter,1995M08,55.8
04.1.1,KpiVektMnd,1995M09,"Betalt husleie, bolig",Vekter,1995M09,55.8
04.1.1,KpiVektMnd,1995M10,"Betalt husleie, bolig",Vekter,1995M10,55.8
04.1.1,KpiVektMnd,1995M11,"Betalt husleie, bolig",Vekter,1995M11,55.8
04.1.1,KpiVektMnd,1995M12,"Betalt husleie, bolig",Vekter,1995M12,55.8
04.1.1,KpiVektMnd,1996M01,"Betalt husleie, bolig",Vekter,1996M01,55.8
04.1.1,KpiVektMnd,1996M02,"Betalt husleie, bolig",Vekter,1996M02,55.8
04.1.1,KpiVektMnd,1996M03,"Betalt husleie, bolig",Vekter,1996M03,55.8
04.1.1,KpiVektMnd,1996M04,"Betalt husleie, bolig",Vekter,1996M04,55.8
04.1.1,KpiVektMnd,1996M05,"Betalt husleie, bolig",Vekter,1996M05,55.8
04.1.1,KpiVektMnd,1996M06,"Betalt husleie, bolig",Vekter,1996M06,55.8
04.1.1,KpiVektMnd,1996M07,"Betalt husleie, bolig",Vekter,1996M07,55.8
04.1.1,KpiVektMnd,1996M08,"Betalt husleie, bolig",Vekter,1996M08,56.1
04.1.1,KpiVektMnd,1996M09,"Betalt husleie, bolig",Vekter,1996M09,56.1
04.1.1,KpiVektMnd,1996M10,"Betalt husleie, bolig",Vekter,1996M10,56.1
04.1.1,KpiVektMnd,1996M11,"Betalt husleie, bolig",Vekter,1996M11,56.1
04.1.1,KpiVektMnd,1996M12,"Betalt husleie, bolig",Vekter,1996M12,56.1
04.1.1,KpiVektMnd,1997M01,"Betalt husleie, bolig",Vekter,1997M01,56.1
04.1.1,KpiVektMnd,1997M02,"Betalt husleie, bolig",Vekter,1997M02,56.1
04.1.1,KpiVektMnd,1997M03,"Betalt husleie, bolig",Vekter,1997M03,56.1
04.1.1,KpiVektMnd,1997M04,"Betalt husleie, bolig",Vekter,1997M04,56.1
04.1.1,KpiVektMnd,1997M05,"Betalt husleie, bolig",Vekter,1997M05,56.1
04.1.1,KpiVektMnd,1997M06,"Betalt husleie, bolig",Vekter,1997M06,56.1
04.1.1,KpiVektMnd,1997M07,"Betalt husleie, bolig",Vekter,1997M07,56.1
04.1.1,KpiVektMnd,1997M08,"Betalt husleie, bolig",Vekter,1997M08,54.4
04.1.1,KpiVektMnd,1997M09,"Betalt husleie, bolig",Vekter,1997M09,54.4
04.1.1,KpiVektMnd,1997M10,"Betalt husleie, bolig",Vekter,1997M10,54.4
04.1.1,KpiVektMnd,1997M11,"Betalt husleie, bolig",Vekter,1997M11,54.4
04.1.1,KpiVektMnd,1997M12,"Betalt husleie, bolig",Vekter,1997M12,54.4
04.1.1,KpiVektMnd,1998M01,"Betalt husleie, bolig",Vekter,1998M01,54.4
04.1.1,KpiVektMnd,1998M02,"Betalt husleie, bolig",Vekter,1998M02,54.4
04.1.1,KpiVektMnd,1998M03,"Betalt husleie, bolig",Vekter,1998M03,54.4
04.1.1,KpiVektMnd,1998M04,"Betalt husleie, bolig",Vekter,1998M04,54.4
04.1.1,KpiVektMnd,1998M05,"Betalt husleie, bolig",Vekter,1998M05,54.4
04.1.1,KpiVektMnd,1998M06,"Betalt husleie, bolig",Vekter,1998M06,54.4
04.1.1,KpiVektMnd,1998M07,"Betalt husleie, bolig",Vekter,1998M07,54.4
04.1.1,KpiVektMnd,1998M08,"Betalt husleie, bolig",Vekter,1998M08,50.4
04.1.1,KpiVektMnd,1998M09,"Betalt husleie, bolig",Vekter,1998M09,50.4
04.1.1,KpiVektMnd,1998M10,"Betalt husleie, bolig",Vekter,1998M10,50.4
04.1.1,KpiVektMnd,1998M11,"Betalt husleie, bolig",Vekter,1998M11,50.4
04.1.1,KpiVektMnd,1998M12,"Betalt husleie, bolig",Vekter,1998M12,50.4
04.1.1,KpiVektMnd,1999M01,"Betalt husleie, bolig",Vekter,1999M01,50.4
04.1.1,KpiVektMnd,1999M02,"Betalt husleie, bolig",Vekter,1999M02,50.4
04.1.1,KpiVektMnd,1999M03,"Betalt husleie, bolig",Vekter,1999M03,50.4
04.1.1,KpiVektMnd,1999M04,"Betalt husleie, bolig",Vekter,1999M04,50.4
04.1.1,KpiVektMnd,1999M05,"Betalt husleie, bolig",Vekter,1999M05,50.4
04.1.1,KpiVektMnd,1999M06,"Betalt husleie, bolig",Vekter,1999M06,50.4
04.1.1,KpiVektMnd,1999M07,"Betalt husleie, bolig",Vekter,1999M07,50.4
04.1.1,KpiVektMnd,1999M08,"Betalt husleie, bolig",Vekter,1999M08,38.7
04.1.1,KpiVektMnd,1999M09,"Betalt husleie, bolig",Vekter,1999M09,38.7
04.1.1,KpiVektMnd,1999M10,"Betalt husleie, bolig",Vekter,1999M10,38.7
04.1.1,KpiVektMnd,1999M11,"Betalt husleie, bolig",Vekter,1999M11,38.7
04.1.1,KpiVektMnd,1999M12,"Betalt husleie, bolig",Vekter,1999M12,38.7
04.1.1,KpiVektMnd,2000M01,"Betalt husleie, bolig",Vekter,2000M01,38.7
04.1.1,KpiVektMnd,2000M02,"Betalt husleie, bolig",Vekter,2000M02,38.7
04.1.1,KpiVektMnd,2000M03,"Betalt husleie, bolig",Vekter,2000M03,38.7
04.1.1,KpiVektMnd,2000M04,"Betalt husleie, bolig",Vekter,2000M04,38.7
04.1.1,KpiVektMnd,2000M05,"Betalt husleie, bolig",Vekter,2000M05,38.7
04.1.1,KpiVektMnd,2000M06,"Betalt husleie, bolig",Vekter,2000M06,38.7
04.1.1,KpiVektMnd,2000M07,"Betalt husleie, bolig",Vekter,2000M07,38.7
04.1.1,KpiVektMnd,2000M08,"Betalt husleie, bolig",Vekter,2000M08,38.4
04.1.1,KpiVektMnd,2000M09,"Betalt husleie, bolig",Vekter,2000M09,38.4
04.1.1,KpiVektMnd,2000M10,"Betalt husleie, bolig",Vekter,2000M10,38.4
04.1.1,KpiVektMnd,2000M11,"Betalt husleie, bolig",Vekter,2000M11,38.4
04.1.1,KpiVektMnd,2000M12,"Betalt husleie, bolig",Vekter,2000M12,38.4
04.1.1,KpiVektMnd,2001M01,"Betalt husleie, bolig",Vekter,2001M01,38.4
04.1.1,KpiVektMnd,2001M02,"Betalt husleie, bolig",Vekter,2001M02,38.4
04.1.1,KpiVektMnd,2001M03,"Betalt husleie, bolig",Vekter,2001M03,38.4
04.1.1,KpiVektMnd,2001M04,"Betalt husleie, bolig",Vekter,2001M04,38.4
04.1.1,KpiVektMnd,2001M05,"Betalt husleie, bolig",Vekter,2001M05,38.4
04.1.1,KpiVektMnd,2001M06,"Betalt husleie, bolig",Vekter,2001M06,38.4
04.1.1,KpiVektMnd,2001M07,"Betalt husleie, bolig",Vekter,2001M07,38.4
04.1.1,KpiVektMnd,2001M08,"Betalt husleie, bolig",Vekter,2001M08,36.9
04.1.1,KpiVektMnd,2001M09,"Betalt husleie, bolig",Vekter,2001M09,36.9
04.1.1,KpiVektMnd,2001M10,"Betalt husleie, bolig",Vekter,2001M10,36.9
04.1.1,KpiVektMnd,2001M11,"Betalt husleie, bolig",Vekter,2001M11,36.9
04.1.1,KpiVektMnd,2001M12,"Betalt husleie, bolig",Vekter,2001M12,36.9
04.1.1,KpiVektMnd,2002M01,"Betalt husleie, bolig",Vekter,2002M01,36.9
04.1.1,KpiVektMnd,2002M02,"Betalt husleie, bolig",Vekter,2002M02,36.9
04.1.1,KpiVektMnd,2002M03,"Betalt husleie, bolig",Vekter,2002M03,36.9
04.1.1,KpiVektMnd,2002M04,"Betalt husleie, bolig",Vekter,2002M04,36.9
04.1.1,KpiVektMnd,2002M05,"Betalt husleie, bolig",Vekter,2002M05,36.9
04.1.1,KpiVektMnd,2002M06,"Betalt husleie, bolig",Vekter,2002M06,36.9
04.1.1,KpiVektMnd,2002M07,"Betalt husleie, bolig",Vekter,2002M07,36.9
04.1.1,KpiVektMnd,2002M08,"Betalt husleie, bolig",Vekter,2002M08,30.9
04.1.1,KpiVektMnd,2002M09,"Betalt husleie, bolig",Vekter,2002M09,30.9
04.1.1,KpiVektMnd,2002M10,"Betalt husleie, bolig",Vekter,2002M10,30.9
04.1.1,KpiVektMnd,2002M11,"Betalt husleie, bolig",Vekter,2002M11,30.9
04.1.1,KpiVektMnd,2002M12,"Betalt husleie, bolig",Vekter,2002M12,30.9
04.1.1,KpiVektMnd,2003M01,"Betalt husleie, bolig",Vekter,2003M01,30.9
04.1.1,KpiVektMnd,2003M02,"Betalt husleie, bolig",Vekter,2003M02,30.9
04.1.1,KpiVektMnd,2003M03,"Betalt husleie, bolig",Vekter,2003M03,30.9
04.1.1,KpiVektMnd,2003M04,"Betalt husleie, bolig",Vekter,2003M04,30.9
04.1.1,KpiVektMnd,2003M05,"Betalt husleie, bolig",Vekter,2003M05,30.9
04.1.1,KpiVektMnd,2003M06,"Betalt husleie, bolig",Vekter,2003M06,30.9
04.1.1,KpiVektMnd,2003M07,"Betalt husleie, bolig",Vekter,2003M07,30.9
04.1.1,KpiVektMnd,2003M08,"Betalt husleie, bolig",Vekter,2003M08,26.6
04.1.1,KpiVektMnd,2003M09,"Betalt husleie, bolig",Vekter,2003M09,26.6
04.1.1,KpiVektMnd,2003M10,"Betalt husleie, bolig",Vekter,2003M10,26.6
04.1.1,KpiVektMnd,2003M11,"Betalt husleie, bolig",Vekter,2003M11,26.6
04.1.1,KpiVektMnd,2003M12,"Betalt husleie, bolig",Vekter,2003M12,26.6
04.1.1,KpiVektMnd,2004M01,"Betalt husleie, bolig",Vekter,2004M01,26.6
04.1.1,KpiVektMnd,2004M02,"Betalt husleie, bolig",Vekter,2004M02,26.6
04.1.1,KpiVektMnd,2004M03,"Betalt husleie, bolig",Vekter,2004M03,26.6
04.1.1,KpiVektMnd,2004M04,"Betalt husleie, bolig",Vekter,2004M04,26.6
04.1.1,KpiVektMnd,2004M05,"Betalt husleie, bolig",Vekter,2004M05,26.6
04.1.1,KpiVektMnd,2004M06,"Betalt husleie, bolig",Vekter,2004M06,26.6
04.1.1,KpiVektMnd,2004M07,"Betalt husleie, bolig",Vekter,2004M07,26.6
04.1.1,KpiVektMnd,2004M08,"Betalt husleie, bolig",Vekter,2004M08,28.2
04.1.1,KpiVektMnd,2004M09,"Betalt husleie, bolig",Vekter,2004M09,28.2
04.1.1,KpiVektMnd,2004M10,"Betalt husleie, bolig",Vekter,2004M10,28.2
04.1.1,KpiVektMnd,2004M11,"Betalt husleie, bolig",Vekter,2004M11,28.2
04.1.1,KpiVektMnd,2004M12,"Betalt husleie, bolig",Vekter,2004M12,28.2
04.1.1,KpiVektMnd,2005M01,"Betalt husleie, bolig",Vekter,2005M01,28.2
04.1.1,KpiVektMnd,2005M02,"Betalt husleie, bolig",Vekter,2005M02,28.2
04.1.1,KpiVektMnd,2005M03,"Betalt husleie, bolig",Vekter,2005M03,28.2
04.1.1,KpiVektMnd,2005M04,"Betalt husleie, bolig",Vekter,2005M04,28.2
04.1.1,KpiVektMnd,2005M05,"Betalt husleie, bolig",Vekter,2005M05,28.2
04.1.1,KpiVektMnd,2005M06,"Betalt husleie, bolig",Vekter,2005M06,28.2
04.1.1,KpiVektMnd,2005M07,"Betalt husleie, bolig",Vekter,2005M07,28.2
04.1.1,KpiVektMnd,2005M08,"Betalt husleie, bolig",Vekter,2005M08,27.9
04.1.1,KpiVektMnd,2005M09,"Betalt husleie, bolig",Vekter,2005M09,27.9
04.1.1,KpiVektMnd,2005M10,"Betalt husleie, bolig",Vekter,2005M10,27.9
04.1.1,KpiVektMnd,2005M11,"Betalt husleie, bolig",Vekter,2005M11,27.9
04.1.1,KpiVektMnd,2005M12,"Betalt husleie, bolig",Vekter,2005M12,27.9
04.1.1,KpiVektMnd,2006M01,"Betalt husleie, bolig",Vekter,2006M01,27.9
04.1.1,KpiVektMnd,2006M02,"Betalt husleie, bolig",Vekter,2006M02,27.9
04.1.1,KpiVektMnd,2006M03,"Betalt husleie, bolig",Vekter,2006M03,27.9
04.1.1,KpiVektMnd,2006M04,"Betalt husleie, bolig",Vekter,2006M04,27.9
04.1.1,KpiVektMnd,2006M05,"Betalt husleie, bolig",Vekter,2006M05,27.9
04.1.1,KpiVektMnd,2006M06,"Betalt husleie, bolig",Vekter,2006M06,27.9
04.1.1,KpiVektMnd,2006M07,"Betalt husleie, bolig",Vekter,2006M07,27.9
04.1.1,KpiVektMnd,2006M08,"Betalt husleie, bolig",Vekter,2006M08,27.3
04.1.1,KpiVektMnd,2006M09,"Betalt husleie, bolig",Vekter,2006M09,27.3
04.1.1,KpiVektMnd,2006M10,"Betalt husleie, bolig",Vekter,2006M10,27.3
04.1.1,KpiVektMnd,2006M11,"Betalt husleie, bolig",Vekter,2006M11,27.3
04.1.1,KpiVektMnd,2006M12,"Betalt husleie, bolig",Vekter,2006M12,27.3
04.1.1,KpiVektMnd,2007M01,"Betalt husleie, bolig",Vekter,2007M01,27.3
04.1.1,KpiVektMnd,2007M02,"Betalt husleie, bolig",Vekter,2007M02,27.3
04.1.1,KpiVektMnd,2007M03,"Betalt husleie, bolig",Vekter,2007M03,27.3
04.1.1,KpiVektMnd,2007M04,"Betalt husleie, bolig",Vekter,2007M04,27.3
04.1.1,KpiVektMnd,2007M05,"Betalt husleie, bolig",Vekter,2007M05,27.3
04.1.1,KpiVektMnd,2007M06,"Betalt husleie, bolig",Vekter,2007M06,27.3
04.1.1,KpiVektMnd,2007M07,"Betalt husleie, bolig",Vekter,2007M07,27.3
04.1.1,KpiVektMnd,2007M08,"Betalt husleie, bolig",Vekter,2007M08,25.2
04.1.1,KpiVektMnd,2007M09,"Betalt husleie, bolig",Vekter,2007M09,25.2
04.1.1,KpiVektMnd,2007M10,"Betalt husleie, bolig",Vekter,2007M10,25.2
04.1.1,KpiVektMnd,2007M11,"Betalt husleie, bolig",Vekter,2007M11,25.2
04.1.1,KpiVektMnd,2007M12,"Betalt husleie, bolig",Vekter,2007M12,25.2
04.1.1,KpiVektMnd,2008M01,"Betalt husleie, bolig",Vekter,2008M01,25.2
04.1.1,KpiVektMnd,2008M02,"Betalt husleie, bolig",Vekter,2008M02,25.2
04.1.1,KpiVektMnd,2008M03,"Betalt husleie, bolig",Vekter,2008M03,25.2
04.1.1,KpiVektMnd,2008M04,"Betalt husleie, bolig",Vekter,2008M04,25.2
04.1.1,KpiVektMnd,2008M05,"Betalt husleie, bolig",Vekter,2008M05,25.2
04.1.1,KpiVektMnd,2008M06,"Betalt husleie, bolig",Vekter,2008M06,25.2
04.1.1,KpiVektMnd,2008M07,"Betalt husleie, bolig",Vekter,2008M07,25.2
04.1.1,KpiVektMnd,2008M08,"Betalt husleie, bolig",Vekter,2008M08,22.4
04.1.1,KpiVektMnd,2008M09,"Betalt husleie, bolig",Vekter,2008M09,22.4
04.1.1,KpiVektMnd,2008M10,"Betalt husleie, bolig",Vekter,2008M10,22.4
04.1.1,KpiVektMnd,2008M11,"Betalt husleie, bolig",Vekter,2008M11,22.4
04.1.1,KpiVektMnd,2008M12,"Betalt husleie, bolig",Vekter,2008M12,22.4
04.1.1,KpiVektMnd,2009M01,"Betalt husleie, bolig",Vekter,2009M01,22.4
04.1.1,KpiVektMnd,2009M02,"Betalt husleie, bolig",Vekter,2009M02,22.4
04.1.1,KpiVektMnd,2009M03,"Betalt husleie, bolig",Vekter,2009M03,22.4
04.1.1,KpiVektMnd,2009M04,"Betalt husleie, bolig",Vekter,2009M04,22.4
04.1.1,KpiVektMnd,2009M05,"Betalt husleie, bolig",Vekter,2009M05,22.4
04.1.1,KpiVektMnd,2009M06,"Betalt husleie, bolig",Vekter,2009M06,22.4
04.1.1,KpiVektMnd,2009M07,"Betalt husleie, bolig",Vekter,2009M07,22.4
04.1.1,KpiVektMnd,2009M08,"Betalt husleie, bolig",Vekter,2009M08,22.5
04.1.1,KpiVektMnd,2009M09,"Betalt husleie, bolig",Vekter,2009M09,22.5
04.1.1,KpiVektMnd,2009M10,"Betalt husleie, bolig",Vekter,2009M10,22.5
04.1.1,KpiVektMnd,2009M11,"Betalt husleie, bolig",Vekter,2009M11,22.5
04.1.1,KpiVektMnd,2009M12,"Betalt husleie, bolig",Vekter,2009M12,22.5
04.1.1,KpiVektMnd,2010M01,"Betalt husleie, bolig",Vekter,2010M01,22.5
04.1.1,KpiVektMnd,2010M02,"Betalt husleie, bolig",Vekter,2010M02,22.5
04.1.1,KpiVektMnd,2010M03,"Betalt husleie, bolig",Vekter,2010M03,22.5
04.1.1,KpiVektMnd,2010M04,"Betalt husleie, bolig",Vekter,2010M04,22.5
04.1.1,KpiVektMnd,2010M05,"Betalt husleie, bolig",Vekter,2010M05,22.5
04.1.1,KpiVektMnd,2010M06,"Betalt husleie, bolig",Vekter,2010M06,22.5
04.1.1,KpiVektMnd,2010M07,"Betalt husleie, bolig",Vekter,2010M07,22.5
04.1.1,KpiVektMnd,2010M08,"Betalt husleie, bolig",Vekter,2010M08,22.5
04.1.1,KpiVektMnd,2010M09,"Betalt husleie, bolig",Vekter,2010M09,22.5
04.1.1,KpiVektMnd,2010M10,"Betalt husleie, bolig",Vekter,2010M10,22.5
04.1.1,KpiVektMnd,2010M11,"Betalt husleie, bolig",Vekter,2010M11,22.5
04.1.1,KpiVektMnd,2010M12,"Betalt husleie, bolig",Vekter,2010M12,22.5
04.1.1,KpiVektMnd,2011M01,"Betalt husleie, bolig",Vekter,2011M01,29.1
04.1.1,KpiVektMnd,2011M02,"Betalt husleie, bolig",Vekter,2011M02,29.1
04.1.1,KpiVektMnd,2011M03,"Betalt husleie, bolig",Vekter,2011M03,29.1
04.1.1,KpiVektMnd,2011M04,"Betalt husleie, bolig",Vekter,2011M04,29.1
04.1.1,KpiVektMnd,2011M05,"Betalt husleie, bolig",Vekter,2011M05,29.1
04.1.1,KpiVektMnd,2011M06,"Betalt husleie, bolig",Vekter,2011M06,29.1
04.1.1,KpiVektMnd,2011M07,"Betalt husleie, bolig",Vekter,2011M07,29.1
04.1.1,KpiVektMnd,2011M08,"Betalt husleie, bolig",Vekter,2011M08,29.1
04.1.1,KpiVektMnd,2011M09,"Betalt husleie, bolig",Vekter,2011M09,29.1
04.1.1,KpiVektMnd,2011M10,"Betalt husleie, bolig",Vekter,2011M10,29.1
04.1.1,KpiVektMnd,2011M11,"Betalt husleie, bolig",Vekter,2011M11,29.1
04.1.1,KpiVektMnd,2011M12,"Betalt husleie, bolig",Vekter,2011M12,29.1
04.1.1,KpiVektMnd,2012M01,"Betalt husleie, bolig",Vekter,2012M01,30
04.1.1,KpiVektMnd,2012M02,"Betalt husleie, bolig",Vekter,2012M02,30
04.1.1,KpiVektMnd,2012M03,"Betalt husleie, bolig",Vekter,2012M03,30
04.1.1,KpiVektMnd,2012M04,"Betalt husleie, bolig",Vekter,2012M04,30
04.1.1,KpiVektMnd,2012M05,"Betalt husleie, bolig",Vekter,2012M05,30
04.1.1,KpiVektMnd,2012M06,"Betalt husleie, bolig",Vekter,2012M06,30
04.1.1,KpiVektMnd,2012M07,"Betalt husleie, bolig",Vekter,2012M07,30
04.1.1,KpiVektMnd,2012M08,"Betalt husleie, bolig",Vekter,2012M08,30
04.1.1,KpiVektMnd,2012M09,"Betalt husleie, bolig",Vekter,2012M09,30
04.1.1,KpiVektMnd,2012M10,"Betalt husleie, bolig",Vekter,2012M10,30
04.1.1,KpiVektMnd,2012M11,"Betalt husleie, bolig",Vekter,2012M11,30
04.1.1,KpiVektMnd,2012M12,"Betalt husleie, bolig",Vekter,2012M12,30
04.1.1,KpiVektMnd,2013M01,"Betalt husleie, bolig",Vekter,2013M01,31.2
04.1.1,KpiVektMnd,2013M02,"Betalt husleie, bolig",Vekter,2013M02,31.2
04.1.1,KpiVektMnd,2013M03,"Betalt husleie, bolig",Vekter,2013M03,31.2
04.1.1,KpiVektMnd,2013M04,"Betalt husleie, bolig",Vekter,2013M04,31.2
04.1.1,KpiVektMnd,2013M05,"Betalt husleie, bolig",Vekter,2013M05,31.2
04.1.1,KpiVektMnd,2013M06,"Betalt husleie, bolig",Vekter,2013M06,31.2
04.1.1,KpiVektMnd,2013M07,"Betalt husleie, bolig",Vekter,2013M07,31.2
04.1.1,KpiVektMnd,2013M08,"Betalt husleie, bolig",Vekter,2013M08,31.2
04.1.1,KpiVektMnd,2013M09,"Betalt husleie, bolig",Vekter,2013M09,31.2
04.1.1,KpiVektMnd,2013M10,"Betalt husleie, bolig",Vekter,2013M10,31.2
04.1.1,KpiVektMnd,2013M11,"Betalt husleie, bolig",Vekter,2013M11,31.2
04.1.1,KpiVektMnd,2013M12,"Betalt husleie, bolig",Vekter,2013M12,31.2
04.1.1,KpiVektMnd,2014M01,"Betalt husleie, bolig",Vekter,2014M01,31.4
04.1.1,KpiVektMnd,2014M02,"Betalt husleie, bolig",Vekter,2014M02,31.4
04.1.1,KpiVektMnd,2014M03,"Betalt husleie, bolig",Vekter,2014M03,31.4
04.1.1,KpiVektMnd,2014M04,"Betalt husleie, bolig",Vekter,2014M04,31.4
04.1.1,KpiVektMnd,2014M05,"Betalt husleie, bolig",Vekter,2014M05,31.4
04.1.1,KpiVektMnd,2014M06,"Betalt husleie, bolig",Vekter,2014M06,31.4
04.1.1,KpiVektMnd,2014M07,"Betalt husleie, bolig",Vekter,2014M07,31.4
04.1.1,KpiVektMnd,2014M08,"Betalt husleie, bolig",Vekter,2014M08,31.4
04.1.1,KpiVektMnd,2014M09,"Betalt husleie, bolig",Vekter,2014M09,31.4
04.1.1,KpiVektMnd,2014M10,"Betalt husleie, bolig",Vekter,2014M10,31.4
04.1.1,KpiVektMnd,2014M11,"Betalt husleie, bolig",Vekter,2014M11,31.4
04.1.1,KpiVektMnd,2014M12,"Betalt husleie, bolig",Vekter,2014M12,31.4
04.1.1,KpiVektMnd,2015M01,"Betalt husleie, bolig",Vekter,2015M01,38.9
04.1.1,KpiVektMnd,2015M02,"Betalt husleie, bolig",Vekter,2015M02,38.9
04.1.1,KpiVektMnd,2015M03,"Betalt husleie, bolig",Vekter,2015M03,38.9
04.1.1,KpiVektMnd,2015M04,"Betalt husleie, bolig",Vekter,2015M04,38.9
04.1.1,KpiVektMnd,2015M05,"Betalt husleie, bolig",Vekter,2015M05,38.9
04.1.1,KpiVektMnd,2015M06,"Betalt husleie, bolig",Vekter,2015M06,38.9
04.1.1,KpiVektMnd,2015M07,"Betalt husleie, bolig",Vekter,2015M07,38.9
04.1.1,KpiVektMnd,2015M08,"Betalt husleie, bolig",Vekter,2015M08,38.9
04.1.1,KpiVektMnd,2015M09,"Betalt husleie, bolig",Vekter,2015M09,38.9
04.1.1,KpiVektMnd,2015M10,"Betalt husleie, bolig",Vekter,2015M10,38.9
04.1.1,KpiVektMnd,2015M11,"Betalt husleie, bolig",Vekter,2015M11,38.9
04.1.1,KpiVektMnd,2015M12,"Betalt husleie, bolig",Vekter,2015M12,38.9
04.1.1,KpiVektMnd,2016M01,"Betalt husleie, bolig",Vekter,2016M01,40.7
04.1.1,KpiVektMnd,2016M02,"Betalt husleie, bolig",Vekter,2016M02,40.7
04.1.1,KpiVektMnd,2016M03,"Betalt husleie, bolig",Vekter,2016M03,40.7
04.1.1,KpiVektMnd,2016M04,"Betalt husleie, bolig",Vekter,2016M04,40.7
04.1.1,KpiVektMnd,2016M05,"Betalt husleie, bolig",Vekter,2016M05,40.7
04.1.1,KpiVektMnd,2016M06,"Betalt husleie, bolig",Vekter,2016M06,40.7
04.1.1,KpiVektMnd,2016M07,"Betalt husleie, bolig",Vekter,2016M07,40.7
04.1.1,KpiVektMnd,2016M08,"Betalt husleie, bolig",Vekter,2016M08,40.7
04.1.1,KpiVektMnd,2016M09,"Betalt husleie, bolig",Vekter,2016M09,40.7
04.1.1,KpiVektMnd,2016M10,"Betalt husleie, bolig",Vekter,2016M10,40.7
04.1.1,KpiVektMnd,2016M11,"Betalt husleie, bolig",Vekter,2016M11,40.7
04.1.1,KpiVektMnd,2016M12,"Betalt husleie, bolig",Vekter,2016M12,40.7
04.1.1,KpiVektMnd,2017M01,"Betalt husleie, bolig",Vekter,2017M01,40.8
04.1.1,KpiVektMnd,2017M02,"Betalt husleie, bolig",Vekter,2017M02,40.8
04.1.1,KpiVektMnd,2017M03,"Betalt husleie, bolig",Vekter,2017M03,40.8
04.1.1,KpiVektMnd,2017M04,"Betalt husleie, bolig",Vekter,2017M04,40.8
04.1.1,KpiVektMnd,2017M05,"Betalt husleie, bolig",Vekter,2017M05,40.8
04.1.1,KpiVektMnd,2017M06,"Betalt husleie, bolig",Vekter,2017M06,40.8
04.1.1,KpiVektMnd,2017M07,"Betalt husleie, bolig",Vekter,2017M07,40.8
04.1.1,KpiVektMnd,2017M08,"Betalt husleie, bolig",Vekter,2017M08,40.8
04.1.1,KpiVektMnd,2017M09,"Betalt husleie, bolig",Vekter,2017M09,40.8
04.1.1,KpiVektMnd,2017M10,"Betalt husleie, bolig",Vekter,2017M10,40.8
04.1.1,KpiVektMnd,2017M11,"Betalt husleie, bolig",Vekter,2017M11,40.8
04.1.1,KpiVektMnd,2017M12,"Betalt husleie, bolig",Vekter,2017M12,40.8
04.1.1,KpiVektMnd,2018M01,"Betalt husleie, bolig",Vekter,2018M01,41.4
04.1.1,KpiVektMnd,2018M02,"Betalt husleie, bolig",Vekter,2018M02,41.4
04.1.1,KpiVektMnd,2018M03,"Betalt husleie, bolig",Vekter,2018M03,41.4
04.1.1,KpiVektMnd,2018M04,"Betalt husleie, bolig",Vekter,2018M04,41.4
04.1.1,KpiVektMnd,2018M05,"Betalt husleie, bolig",Vekter,2018M05,41.4
04.1.1,KpiVektMnd,2018M06,"Betalt husleie, bolig",Vekter,2018M06,41.4
04.1.1,KpiVektMnd,2018M07,"Betalt husleie, bolig",Vekter,2018M07,41.4
04.1.1,KpiVektMnd,2018M08,"Betalt husleie, bolig",Vekter,2018M08,41.4
04.1.1,KpiVektMnd,2018M09,"Betalt husleie, bolig",Vekter,2018M09,41.4
04.1.1,KpiVektMnd,2018M10,"Betalt husleie, bolig",Vekter,2018M10,41.4
04.1.1,KpiVektMnd,2018M11,"Betalt husleie, bolig",Vekter,2018M11,41.4
04.1.1,KpiVektMnd,2018M12,"Betalt husleie, bolig",Vekter,2018M12,41.4
04.1.1,KpiVektMnd,2019M01,"Betalt husleie, bolig",Vekter,2019M01,41.5
04.1.1,KpiVektMnd,2019M02,"Betalt husleie, bolig",Vekter,2019M02,41.5
04.1.1,KpiVektMnd,2019M03,"Betalt husleie, bolig",Vekter,2019M03,41.5
04.1.1,KpiVektMnd,2019M04,"Betalt husleie, bolig",Vekter,2019M04,41.5
04.1.1,KpiVektMnd,2019M05,"Betalt husleie, bolig",Vekter,2019M05,41.5
04.1.1,KpiVektMnd,2019M06,"Betalt husleie, bolig",Vekter,2019M06,41.5
04.1.1,KpiVektMnd,2019M07,"Betalt husleie, bolig",Vekter,2019M07,41.5
04.1.1,KpiVektMnd,2019M08,"Betalt husleie, bolig",Vekter,2019M08,41.5
04.1.1,KpiVektMnd,2019M09,"Betalt husleie, bolig",Vekter,2019M09,41.5
04.1.1,KpiVektMnd,2019M10,"Betalt husleie, bolig",Vekter,2019M10,41.5
04.1.1,KpiVektMnd,2019M11,"Betalt husleie, bolig",Vekter,2019M11,41.5
04.1.1,KpiVektMnd,2019M12,"Betalt husleie, bolig",Vekter,2019M12,41.5
04.1.1,KpiVektMnd,2020M01,"Betalt husleie, bolig",Vekter,2020M01,41.2
04.1.1,KpiVektMnd,2020M02,"Betalt husleie, bolig",Vekter,2020M02,41.2
04.1.1,KpiVektMnd,2020M03,"Betalt husleie, bolig",Vekter,2020M03,41.2
04.1.1,KpiVektMnd,2020M04,"Betalt husleie, bolig",Vekter,2020M04,41.2
04.1.1,KpiVektMnd,2020M05,"Betalt husleie, bolig",Vekter,2020M05,41.2
04.1.1,KpiVektMnd,2020M06,"Betalt husleie, bolig",Vekter,2020M06,41.2
04.1.1,KpiVektMnd,2020M07,"Betalt husleie, bolig",Vekter,2020M07,41.2
04.1.1,KpiVektMnd,2020M08,"Betalt husleie, bolig",Vekter,2020M08,41.2
04.1.1,KpiVektMnd,2020M09,"Betalt husleie, bolig",Vekter,2020M09,41.2
04.1.1,KpiVektMnd,2020M10,"Betalt husleie, bolig",Vekter,2020M10,41.2
04.1.1,KpiVektMnd,2020M11,"Betalt husleie, bolig",Vekter,2020M11,41.2
04.1.1,KpiVektMnd,2020M12,"Betalt husleie, bolig",Vekter,2020M12,41.2
04.1.1,KpiVektMnd,2021M01,"Betalt husleie, bolig",Vekter,2021M01,41.3
04.1.1,KpiVektMnd,2021M02,"Betalt husleie, bolig",Vekter,2021M02,41.3
04.1.1,KpiVektMnd,2021M03,"Betalt husleie, bolig",Vekter,2021M03,41.3
04.1.1,KpiVektMnd,2021M04,"Betalt husleie, bolig",Vekter,2021M04,41.3
04.1.1,KpiVektMnd,2021M05,"Betalt husleie, bolig",Vekter,2021M05,41.3
04.1.1,KpiVektMnd,2021M06,"Betalt husleie, bolig",Vekter,2021M06,41.3
04.1.1,KpiVektMnd,2021M07,"Betalt husleie, bolig",Vekter,2021M07,41.3
04.1.1,KpiVektMnd,2021M08,"Betalt husleie, bolig",Vekter,2021M08,41.3
04.1.1,KpiVektMnd,2021M09,"Betalt husleie, bolig",Vekter,2021M09,41.3
04.1.1,KpiVektMnd,2021M10,"Betalt husleie, bolig",Vekter,2021M10,41.3
04.1.1,KpiVektMnd,2021M11,"Betalt husleie, bolig",Vekter,2021M11,41.3
04.1.1,KpiVektMnd,2021M12,"Betalt husleie, bolig",Vekter,2021M12,41.3
04.1.1,KpiVektMnd,2022M01,"Betalt husleie, bolig",Vekter,2022M01,40.7
04.1.1,KpiVektMnd,2022M02,"Betalt husleie, bolig",Vekter,2022M02,40.7
04.1.1,KpiVektMnd,2022M03,"Betalt husleie, bolig",Vekter,2022M03,40.7
04.1.1,KpiVektMnd,2022M04,"Betalt husleie, bolig",Vekter,2022M04,40.7
04.1.1,KpiVektMnd,2022M05,"Betalt husleie, bolig",Vekter,2022M05,40.7
04.1.1,KpiVektMnd,2022M06,"Betalt husleie, bolig",Vekter,2022M06,40.7
04.1.1,KpiVektMnd,2022M07,"Betalt husleie, bolig",Vekter,2022M07,40.7
04.1.1,KpiVektMnd,2022M08,"Betalt husleie, bolig",Vekter,2022M08,40.7
04.1.1,KpiVektMnd,2022M09,"Betalt husleie, bolig",Vekter,2022M09,40.7
04.1.1,KpiVektMnd,2022M10,"Betalt husleie, bolig",Vekter,2022M10,40.7
04.1.1,KpiVektMnd,2022M11,"Betalt husleie, bolig",Vekter,2022M11,40.7
04.1.1,KpiVektMnd,2022M12,"Betalt husleie, bolig",Vekter,2022M12,40.7
04.1.1,KpiVektMnd,2023M01,"Betalt husleie, bolig",Vekter,2023M01,40.1
04.1.1,KpiVektMnd,2023M02,"Betalt husleie, bolig",Vekter,2023M02,40.1
04.1.1,KpiVektMnd,2023M03,"Betalt husleie, bolig",Vekter,2023M03,40.1
04.1.1,KpiVektMnd,2023M04,"Betalt husleie, bolig",Vekter,2023M04,40.1
04.1.1,KpiVektMnd,2023M05,"Betalt husleie, bolig",Vekter,2023M05,40.1
04.1.1,KpiVektMnd,2023M06,"Betalt husleie, bolig",Vekter,2023M06,40.1
04.1.1,KpiVektMnd,2023M07,"Betalt husleie, bolig",Vekter,2023M07,40.1
04.1.1,KpiVektMnd,2023M08,"Betalt husleie, bolig",Vekter,2023M08,40.1
04.1.1,KpiVektMnd,2023M09,"Betalt husleie, bolig",Vekter,2023M09,40.1
04.1.1,KpiVektMnd,2023M10,"Betalt husleie, bolig",Vekter,2023M10,40.1
04.1.1,KpiVektMnd,2023M11,"Betalt husleie, bolig",Vekter,2023M11,40.1
04.1.1,KpiVektMnd,2023M12,"Betalt husleie, bolig",Vekter,2023M12,40.1
04.1.1,KpiVektMnd,2024M01,"Betalt husleie, bolig",Vekter,2024M01,40.2
04.1.1,KpiVektMnd,2024M02,"Betalt husleie, bolig",Vekter,2024M02,40.2
04.1.1,KpiVektMnd,2024M03,"Betalt husleie, bolig",Vekter,2024M03,40.2
04.1.1,KpiVektMnd,2024M04,"Betalt husleie, bolig",Vekter,2024M04,40.2
04.1.1,KpiVektMnd,2024M05,"Betalt husleie, bolig",Vekter,2024M05,40.2
04.1.1,KpiVektMnd,2024M06,"Betalt husleie, bolig",Vekter,2024M06,40.2
04.1.1,KpiVektMnd,2024M07,"Betalt husleie, bolig",Vekter,2024M07,40.2
04.1.1,KpiVektMnd,2024M08,"Betalt husleie, bolig",Vekter,2024M08,40.2
04.1.1,KpiVektMnd,2024M09,"Betalt husleie, bolig",Vekter,2024M09,40.2
04.1.1,KpiVektMnd,2024M10,"Betalt husleie, bolig",Vekter,2024M10,40.2
04.1.1,KpiVektMnd,2024M11,"Betalt husleie, bolig",Vekter,2024M11,40.2
04.1.1,KpiVektMnd,2024M12,"Betalt husleie, bolig",Vekter,2024M12,40.2
04.1.1,KpiVektMnd,2025M01,"Betalt husleie, bolig",Vekter,2025M01,42.2
04.1.1,KpiVektMnd,2025M02,"Betalt husleie, bolig",Vekter,2025M02,42.2
04.1.1,KpiVektMnd,2025M03,"Betalt husleie, bolig",Vekter,2025M03,42.2
04.1.1,KpiVektMnd,2025M04,"Betalt husleie, bolig",Vekter,2025M04,42.2
04.1.1,KpiVektMnd,2025M05,"Betalt husleie, bolig",Vekter,2025M05,42.2
04.1.1,KpiVektMnd,2025M06,"Betalt husleie, bolig",Vekter,2025M06,42.2
04.1.1,KpiVektMnd,2025M07,"Betalt husleie, bolig",Vekter,2025M07,42.2
04.1.1,KpiVektMnd,2025M08,"Betalt husleie, bolig",Vekter,2025M08,42.2
04.1.1,KpiVektMnd,2025M09,"Betalt husleie, bolig",Vekter,2025M09,42.2
04.1.1,KpiVektMnd,2025M10,"Betalt husleie, bolig",Vekter,2025M10,42.2
04.1.1,KpiVektMnd,2025M11,"Betalt husleie, bolig",Vekter,2025M11,42.2
04.1.1,KpiVektMnd,2025M12,"Betalt husleie, bolig",Vekter,2025M12,42.2
04.1.2,KpiIndMnd,1979M01,"Betalt husleie, fritidsbolig",Konsumprisindeks (2015=100),1979M01,
04.1.2,KpiIndMnd,1979M02,"Betalt husleie, fritidsbolig",Konsumprisindeks (2015=100),1979M02,
04.1.2,KpiIndMnd,1979M03,"Betalt husleie, fritidsbolig",Konsumprisindeks (2015=100),1979M03,
04.1.2,KpiIndMnd,1979M04,"Betalt husleie, fritidsbolig",Konsumprisindeks (2015=100),1979M04,
04.1.2,KpiIndMnd,1979M05,"Betalt husleie, fritidsbolig",Konsumprisindeks (2015=100),1979M05,
04.1.2,KpiIndMnd,1979M06,"Betalt husleie, fritidsbolig",Konsumprisindeks (2015=100),1979M06,
04.1.2,KpiIndMnd,1979M07,"Betalt husleie, fritidsbolig",Konsumprisindeks (2015=100),1979M07,
04.1.2,KpiIndMnd,1979M08,"Betalt husleie, fritidsbolig",Konsumprisindeks (2015=100),1979M08,
04.1.2,KpiIndMnd,1979M09,"Betalt husleie, fritidsbolig",Konsumprisindeks (2015=100),1979M09,
04.1.2,KpiIndMnd,1979M10,"Betalt husleie, fritidsbolig",Konsumprisindeks (2015=100),1979M10,
04.1.2,KpiIndMnd,1979M11,"Betalt husleie, fritidsbolig",Konsumprisindeks (2015=100),1979M11,
04.1.2,KpiIndMnd,1979M12,"Betalt husleie, fritidsbolig",Konsumprisindeks (2015=100),1979M12,
04.1.2,KpiIndMnd,1980M01,"Betalt husleie, fritidsbolig",Konsumprisindeks (2015=100),1980M01,
04.1.2,KpiIndMnd,1980M02,"Betalt husleie, fritidsbolig",Konsumprisindeks (2015=100),1980M02,
04.1.2,KpiIndMnd,1980M03,"Betalt husleie, fritidsbolig",Konsumprisindeks (2015=100),1980M03,
04.1.2,KpiIndMnd,1980M04,"Betalt husleie, fritidsbolig",Konsumprisindeks (2015=100),1980M04,
04.1.2,KpiIndMnd,1980M05,"Betalt husleie, fritidsbolig",Konsumprisindeks (2015=100),1980M05,
04.1.2,KpiIndMnd,1980M06,"Betalt husleie, fritidsbolig",Konsumprisindeks (2015=100),1980M06,
04.1.2,KpiIndMnd,1980M07,"Betalt husleie, fritidsbolig",Konsumprisindeks (2015=100),1980M07,
04.1.2,KpiIndMnd,1980M08,"Betalt husleie, fritidsbolig",Konsumprisindeks (2015=100),1980M08,
04.1.2,KpiIndMnd,1980M09,"Betalt husleie, fritidsbolig",Konsumprisindeks (2015=100),1980M09,
04.1.2,KpiIndMnd,1980M10,"Betalt husleie, fritidsbolig",Konsumprisindeks (2015=100),1980M10,
04.1.2,KpiIndMnd,1980M11,"Betalt husleie, fritidsbolig",Konsumprisindeks (2015=100),1980M11,
04.1.2,KpiIndMnd,1980M12,"Betalt husleie, fritidsbolig",Konsumprisindeks (2015=100),1980M12,
04.1.2,KpiIndMnd,1981M01,"Betalt husleie, fritidsbolig",Konsumprisindeks (2015=100),1981M01,
04.1.2,KpiIndMnd,1981M02,"Betalt husleie, fritidsbolig",Konsumprisindeks (2015=100),1981M02,
04.1.2,KpiIndMnd,1981M03,"Betalt husleie, fritidsbolig",Konsumprisindeks (2015=100),1981M03,
04.1.2,KpiIndMnd,1981M04,"Betalt husleie, fritidsbolig",Konsumprisindeks (2015=100),1981M04,
04.1.2,KpiIndMnd,1981M05,"Betalt husleie, fritidsbolig",Konsumprisindeks (2015=100),1981M05,
04.1.2,KpiIndMnd,1981M06,"Betalt husleie, fritidsbolig",Konsumprisindeks (2015=100),1981M06,
04.1.2,KpiIndMnd,1981M07,"Betalt husleie, fritidsbolig",Konsumprisindeks (2015=100),1981M07,
04.1.2,KpiIndMnd,1981M08,"Betalt husleie, fritidsbolig",Konsumprisindeks (2015=100),1981M08,
04.1.2,KpiIndMnd,1981M09,"Betalt husleie, fritidsbolig",Konsumprisindeks (2015=100),1981M09,
04.1.2,KpiIndMnd,1981M10,"Betalt husleie, fritidsbolig",Konsumprisindeks (2015=100),1981M10,
04.1.2,KpiIndMnd,1981M11,"Betalt husleie, fritidsbolig",Konsumprisindeks (2015=100),1981M11,
04.1.2,KpiIndMnd,1981M12,"Betalt husleie, fritidsbolig",Konsumprisindeks (2015=100),1981M12,
04.1.2,KpiIndMnd,1982M01,"Betalt husleie, fritidsbolig",Konsumprisindeks (2015=100),1982M01,
04.1.2,KpiIndMnd,1982M02,"Betalt husleie, fritidsbolig",Konsumprisindeks (2015=100),1982M02,
04.1.2,KpiIndMnd,1982M03,"Betalt husleie, fritidsbolig",Konsumprisindeks (2015=100),1982M03,
04.1.2,KpiIndMnd,1982M04,"Betalt husleie, fritidsbolig",Konsumprisindeks (2015=100),1982M04,
04.1.2,KpiIndMnd,1982M05,"Betalt husleie, fritidsbolig",Konsumprisindeks (2015=100),1982M05,
04.1.2,KpiIndMnd,1982M06,"Betalt husleie, fritidsbolig",Konsumprisindeks (2015=100),1982M06,
04.1.2,KpiIndMnd,1982M07,"Betalt husleie, fritidsbolig",Konsumprisindeks (2015=100),1982M07,
04.1.2,KpiIndMnd,1982M08,"Betalt husleie, fritidsbolig",Konsumprisindeks (2015=100),1982M08,
04.1.2,KpiIndMnd,1982M09,"Betalt husleie, fritidsbolig",Konsumprisindeks (2015=100),1982M09,
04.1.2,KpiIndMnd,1982M10,"Betalt husleie, fritidsbolig",Konsumprisindeks (2015=100),1982M10,
04.1.2,KpiIndMnd,1982M11,"Betalt husleie, fritidsbolig",Konsumprisindeks (2015=100),1982M11,
04.1.2,KpiIndMnd,1982M12,"Betalt husleie, fritidsbolig",Konsumprisindeks (2015=100),1982M12,
04.1.2,KpiIndMnd,1983M01,"Betalt husleie, fritidsbolig",Konsumprisindeks (2015=100),1983M01,
04.1.2,KpiIndMnd,1983M02,"Betalt husleie, fritidsbolig",Konsumprisindeks (2015=100),1983M02,
04.1.2,KpiIndMnd,1983M03,"Betalt husleie, fritidsbolig",Konsumprisindeks (2015=100),1983M03,
04.1.2,KpiIndMnd,1983M04,"Betalt husleie, fritidsbolig",Konsumprisindeks (2015=100),1983M04,
04.1.2,KpiIndMnd,1983M05,"Betalt husleie, fritidsbolig",Konsumprisindeks (2015=100),1983M05,
04.1.2,KpiIndMnd,1983M06,"Betalt husleie, fritidsbolig",Konsumprisindeks (2015=100),1983M06,
04.1.2,KpiIndMnd,1983M07,"Betalt husleie, fritidsbolig",Konsumprisindeks (2015=100),1983M07,
04.1.2,KpiIndMnd,1983M08,"Betalt husleie, fritidsbolig",Konsumprisindeks (2015=100),1983M08,
04.1.2,KpiIndMnd,1983M09,"Betalt husleie, fritidsbolig",Konsumprisindeks (2015=100),1983M09,
04.1.2,KpiIndMnd,1983M10,"Betalt husleie, fritidsbolig",Konsumprisindeks (2015=100),1983M10,
04.1.2,KpiIndMnd,1983M11,"Betalt husleie, fritidsbolig",Konsumprisindeks (2015=100),1983M11,
04.1.2,KpiIndMnd,1983M12,"Betalt husleie, fritidsbolig",Konsumprisindeks (2015=100),1983M12,
04.1.2,KpiIndMnd,1984M01,"Betalt husleie, fritidsbolig",Konsumprisindeks (2015=100),1984M01,
04.1.2,KpiIndMnd,1984M02,"Betalt husleie, fritidsbolig",Konsumprisindeks (2015=100),1984M02,
04.1.2,KpiIndMnd,1984M03,"Betalt husleie, fritidsbolig",Konsumprisindeks (2015=100),1984M03,
04.1.2,KpiIndMnd,1984M04,"Betalt husleie, fritidsbolig",Konsumprisindeks (2015=100),1984M04,
04.1.2,KpiIndMnd,1984M05,"Betalt husleie, fritidsbolig",Konsumprisindeks (2015=100),1984M05,
04.1.2,KpiIndMnd,1984M06,"Betalt husleie, fritidsbolig",Konsumprisindeks (2015=100),1984M06,
04.1.2,KpiIndMnd,1984M07,"Betalt husleie, fritidsbolig",Konsumprisindeks (2015=100),1984M07,
04.1.2,KpiIndMnd,1984M08,"Betalt husleie, fritidsbolig",Konsumprisindeks (2015=100),1984M08,
04.1.2,KpiIndMnd,1984M09,"Betalt husleie, fritidsbolig",Konsumprisindeks (2015=100),1984M09,
04.1.2,KpiIndMnd,1984M10,"Betalt husleie, fritidsbolig",Konsumprisindeks (2015=100),1984M10,
04.1.2,KpiIndMnd,1984M11,"Betalt husleie, fritidsbolig",Konsumprisindeks (2015=100),1984M11,
04.1.2,KpiIndMnd,1984M12,"Betalt husleie, fritidsbolig",Konsumprisindeks (2015=100),1984M12,
04.1.2,KpiIndMnd,1985M01,"Betalt husleie, fritidsbolig",Konsumprisindeks (2015=100),1985M01,
04.1.2,KpiIndMnd,1985M02,"Betalt husleie, fritidsbolig",Konsumprisindeks (2015=100),1985M02,
04.1.2,KpiIndMnd,1985M03,"Betalt husleie, fritidsbolig",Konsumprisindeks (2015=100),1985M03,
04.1.2,KpiIndMnd,1985M04,"Betalt husleie, fritidsbolig",Konsumprisindeks (2015=100),1985M04,
04.1.2,KpiIndMnd,1985M05,"Betalt husleie, fritidsbolig",Konsumprisindeks (2015=100),1985M05,
04.1.2,KpiIndMnd,1985M06,"Betalt husleie, fritidsbolig",Konsumprisindeks (2015=100),1985M06,
04.1.2,KpiIndMnd,1985M07,"Betalt husleie, fritidsbolig",Konsumprisindeks (2015=100),1985M07,
04.1.2,KpiIndMnd,1985M08,"Betalt husleie, fritidsbolig",Konsumprisindeks (2015=100),1985M08,
04.1.2,KpiIndMnd,1985M09,"Betalt husleie, fritidsbolig",Konsumprisindeks (2015=100),1985M09,
04.1.2,KpiIndMnd,1985M10,"Betalt husleie, fritidsbolig",Konsumprisindeks (2015=100),1985M10,
04.1.2,KpiIndMnd,1985M11,"Betalt husleie, fritidsbolig",Konsumprisindeks (2015=100),1985M11,
04.1.2,KpiIndMnd,1985M12,"Betalt husleie, fritidsbolig",Konsumprisindeks (2015=100),1985M12,
04.1.2,KpiIndMnd,1986M01,"Betalt husleie, fritidsbolig",Konsumprisindeks (2015=100),1986M01,
04.1.2,KpiIndMnd,1986M02,"Betalt husleie, fritidsbolig",Konsumprisindeks (2015=100),1986M02,
04.1.2,KpiIndMnd,1986M03,"Betalt husleie, fritidsbolig",Konsumprisindeks (2015=100),1986M03,
04.1.2,KpiIndMnd,1986M04,"Betalt husleie, fritidsbolig",Konsumprisindeks (2015=100),1986M04,
04.1.2,KpiIndMnd,1986M05,"Betalt husleie, fritidsbolig",Konsumprisindeks (2015=100),1986M05,
04.1.2,KpiIndMnd,1986M06,"Betalt husleie, fritidsbolig",Konsumprisindeks (2015=100),1986M06,
04.1.2,KpiIndMnd,1986M07,"Betalt husleie, fritidsbolig",Konsumprisindeks (2015=100),1986M07,
04.1.2,KpiIndMnd,1986M08,"Betalt husleie, fritidsbolig",Konsumprisindeks (2015=100),1986M08,
04.1.2,KpiIndMnd,1986M09,"Betalt husleie, fritidsbolig",Konsumprisindeks (2015=100),1986M09,
04.1.2,KpiIndMnd,1986M10,"Betalt husleie, fritidsbolig",Konsumprisindeks (2015=100),1986M10,
04.1.2,KpiIndMnd,1986M11,"Betalt husleie, fritidsbolig",Konsumprisindeks (2015=100),1986M11,
04.1.2,KpiIndMnd,1986M12,"Betalt husleie, fritidsbolig",Konsumprisindeks (2015=100),1986M12,
04.1.2,KpiIndMnd,1987M01,"Betalt husleie, fritidsbolig",Konsumprisindeks (2015=100),1987M01,
04.1.2,KpiIndMnd,1987M02,"Betalt husleie, fritidsbolig",Konsumprisindeks (2015=100),1987M02,
04.1.2,KpiIndMnd,1987M03,"Betalt husleie, fritidsbolig",Konsumprisindeks (2015=100),1987M03,
04.1.2,KpiIndMnd,1987M04,"Betalt husleie, fritidsbolig",Konsumprisindeks (2015=100),1987M04,
04.1.2,KpiIndMnd,1987M05,"Betalt husleie, fritidsbolig",Konsumprisindeks (2015=100),1987M05,
04.1.2,KpiIndMnd,1987M06,"Betalt husleie, fritidsbolig",Konsumprisindeks (2015=100),1987M06,
04.1.2,KpiIndMnd,1987M07,"Betalt husleie, fritidsbolig",Konsumprisindeks (2015=100),1987M07,
04.1.2,KpiIndMnd,1987M08,"Betalt husleie, fritidsbolig",Konsumprisindeks (2015=100),1987M08,
04.1.2,KpiIndMnd,1987M09,"Betalt husleie, fritidsbolig",Konsumprisindeks (2015=100),1987M09,
04.1.2,KpiIndMnd,1987M10,"Betalt husleie, fritidsbolig",Konsumprisindeks (2015=100),1987M10,
04.1.2,KpiIndMnd,1987M11,"Betalt husleie, fritidsbolig",Konsumprisindeks (2015=100),1987M11,
04.1.2,KpiIndMnd,1987M12,"Betalt husleie, fritidsbolig",Konsumprisindeks (2015=100),1987M12,
04.1.2,KpiIndMnd,1988M01,"Betalt husleie, fritidsbolig",Konsumprisindeks (2015=100),1988M01,
04.1.2,KpiIndMnd,1988M02,"Betalt husleie, fritidsbolig",Konsumprisindeks (2015=100),1988M02,
04.1.2,KpiIndMnd,1988M03,"Betalt husleie, fritidsbolig",Konsumprisindeks (2015=100),1988M03,
04.1.2,KpiIndMnd,1988M04,"Betalt husleie, fritidsbolig",Konsumprisindeks (2015=100),1988M04,
04.1.2,KpiIndMnd,1988M05,"Betalt husleie, fritidsbolig",Konsumprisindeks (2015=100),1988M05,
04.1.2,KpiIndMnd,1988M06,"Betalt husleie, fritidsbolig",Konsumprisindeks (2015=100),1988M06,
04.1.2,KpiIndMnd,1988M07,"Betalt husleie, fritidsbolig",Konsumprisindeks (2015=100),1988M07,
04.1.2,KpiIndMnd,1988M08,"Betalt husleie, fritidsbolig",Konsumprisindeks (2015=100),1988M08,
04.1.2,KpiIndMnd,1988M09,"Betalt husleie, fritidsbolig",Konsumprisindeks (2015=100),1988M09,
04.1.2,KpiIndMnd,1988M10,"Betalt husleie, fritidsbolig",Konsumprisindeks (2015=100),1988M10,
04.1.2,KpiIndMnd,1988M11,"Betalt husleie, fritidsbolig",Konsumprisindeks (2015=100),1988M11,
04.1.2,KpiIndMnd,1988M12,"Betalt husleie, fritidsbolig",Konsumprisindeks (2015=100),1988M12,
04.1.2,KpiIndMnd,1989M01,"Betalt husleie, fritidsbolig",Konsumprisindeks (2015=100),1989M01,
04.1.2,KpiIndMnd,1989M02,"Betalt husleie, fritidsbolig",Konsumprisindeks (2015=100),1989M02,
04.1.2,KpiIndMnd,1989M03,"Betalt husleie, fritidsbolig",Konsumprisindeks (2015=100),1989M03,
04.1.2,KpiIndMnd,1989M04,"Betalt husleie, fritidsbolig",Konsumprisindeks (2015=100),1989M04,
04.1.2,KpiIndMnd,1989M05,"Betalt husleie, fritidsbolig",Konsumprisindeks (2015=100),1989M05,
04.1.2,KpiIndMnd,1989M06,"Betalt husleie, fritidsbolig",Konsumprisindeks (2015=100),1989M06,
04.1.2,KpiIndMnd,1989M07,"Betalt husleie, fritidsbolig",Konsumprisindeks (2015=100),1989M07,
04.1.2,KpiIndMnd,1989M08,"Betalt husleie, fritidsbolig",Konsumprisindeks (2015=100),1989M08,
04.1.2,KpiIndMnd,1989M09,"Betalt husleie, fritidsbolig",Konsumprisindeks (2015=100),1989M09,
04.1.2,KpiIndMnd,1989M10,"Betalt husleie, fritidsbolig",Konsumprisindeks (2015=100),1989M10,
04.1.2,KpiIndMnd,1989M11,"Betalt husleie, fritidsbolig",Konsumprisindeks (2015=100),1989M11,
04.1.2,KpiIndMnd,1989M12,"Betalt husleie, fritidsbolig",Konsumprisindeks (2015=100),1989M12,
04.1.2,KpiIndMnd,1990M01,"Betalt husleie, fritidsbolig",Konsumprisindeks (2015=100),1990M01,
04.1.2,KpiIndMnd,1990M02,"Betalt husleie, fritidsbolig",Konsumprisindeks (2015=100),1990M02,
04.1.2,KpiIndMnd,1990M03,"Betalt husleie, fritidsbolig",Konsumprisindeks (2015=100),1990M03,
04.1.2,KpiIndMnd,1990M04,"Betalt husleie, fritidsbolig",Konsumprisindeks (2015=100),1990M04,
04.1.2,KpiIndMnd,1990M05,"Betalt husleie, fritidsbolig",Konsumprisindeks (2015=100),1990M05,
04.1.2,KpiIndMnd,1990M06,"Betalt husleie, fritidsbolig",Konsumprisindeks (2015=100),1990M06,
04.1.2,KpiIndMnd,1990M07,"Betalt husleie, fritidsbolig",Konsumprisindeks (2015=100),1990M07,
04.1.2,KpiIndMnd,1990M08,"Betalt husleie, fritidsbolig",Konsumprisindeks (2015=100),1990M08,
04.1.2,KpiIndMnd,1990M09,"Betalt husleie, fritidsbolig",Konsumprisindeks (2015=100),1990M09,
04.1.2,KpiIndMnd,1990M10,"Betalt husleie, fritidsbolig",Konsumprisindeks (2015=100),1990M10,
04.1.2,KpiIndMnd,1990M11,"Betalt husleie, fritidsbolig",Konsumprisindeks (2015=100),1990M11,
04.1.2,KpiIndMnd,1990M12,"Betalt husleie, fritidsbolig",Konsumprisindeks (2015=100),1990M12,
04.1.2,KpiIndMnd,1991M01,"Betalt husleie, fritidsbolig",Konsumprisindeks (2015=100),1991M01,
04.1.2,KpiIndMnd,1991M02,"Betalt husleie, fritidsbolig",Konsumprisindeks (2015=100),1991M02,
04.1.2,KpiIndMnd,1991M03,"Betalt husleie, fritidsbolig",Konsumprisindeks (2015=100),1991M03,
04.1.2,KpiIndMnd,1991M04,"Betalt husleie, fritidsbolig",Konsumprisindeks (2015=100),1991M04,
04.1.2,KpiIndMnd,1991M05,"Betalt husleie, fritidsbolig",Konsumprisindeks (2015=100),1991M05,
04.1.2,KpiIndMnd,1991M06,"Betalt husleie, fritidsbolig",Konsumprisindeks (2015=100),1991M06,
04.1.2,KpiIndMnd,1991M07,"Betalt husleie, fritidsbolig",Konsumprisindeks (2015=100),1991M07,
04.1.2,KpiIndMnd,1991M08,"Betalt husleie, fritidsbolig",Konsumprisindeks (2015=100),1991M08,
04.1.2,KpiIndMnd,1991M09,"Betalt husleie, fritidsbolig",Konsumprisindeks (2015=100),1991M09,
04.1.2,KpiIndMnd,1991M10,"Betalt husleie, fritidsbolig",Konsumprisindeks (2015=100),1991M10,
04.1.2,KpiIndMnd,1991M11,"Betalt husleie, fritidsbolig",Konsumprisindeks (2015=100),1991M11,
04.1.2,KpiIndMnd,1991M12,"Betalt husleie, fritidsbolig",Konsumprisindeks (2015=100),1991M12,
04.1.2,KpiIndMnd,1992M01,"Betalt husleie, fritidsbolig",Konsumprisindeks (2015=100),1992M01,
04.1.2,KpiIndMnd,1992M02,"Betalt husleie, fritidsbolig",Konsumprisindeks (2015=100),1992M02,
04.1.2,KpiIndMnd,1992M03,"Betalt husleie, fritidsbolig",Konsumprisindeks (2015=100),1992M03,
04.1.2,KpiIndMnd,1992M04,"Betalt husleie, fritidsbolig",Konsumprisindeks (2015=100),1992M04,
04.1.2,KpiIndMnd,1992M05,"Betalt husleie, fritidsbolig",Konsumprisindeks (2015=100),1992M05,
04.1.2,KpiIndMnd,1992M06,"Betalt husleie, fritidsbolig",Konsumprisindeks (2015=100),1992M06,
04.1.2,KpiIndMnd,1992M07,"Betalt husleie, fritidsbolig",Konsumprisindeks (2015=100),1992M07,
04.1.2,KpiIndMnd,1992M08,"Betalt husleie, fritidsbolig",Konsumprisindeks (2015=100),1992M08,
04.1.2,KpiIndMnd,1992M09,"Betalt husleie, fritidsbolig",Konsumprisindeks (2015=100),1992M09,
04.1.2,KpiIndMnd,1992M10,"Betalt husleie, fritidsbolig",Konsumprisindeks (2015=100),1992M10,
04.1.2,KpiIndMnd,1992M11,"Betalt husleie, fritidsbolig",Konsumprisindeks (2015=100),1992M11,
04.1.2,KpiIndMnd,1992M12,"Betalt husleie, fritidsbolig",Konsumprisindeks (2015=100),1992M12,
04.1.2,KpiIndMnd,1993M01,"Betalt husleie, fritidsbolig",Konsumprisindeks (2015=100),1993M01,
04.1.2,KpiIndMnd,1993M02,"Betalt husleie, fritidsbolig",Konsumprisindeks (2015=100),1993M02,
04.1.2,KpiIndMnd,1993M03,"Betalt husleie, fritidsbolig",Konsumprisindeks (2015=100),1993M03,
04.1.2,KpiIndMnd,1993M04,"Betalt husleie, fritidsbolig",Konsumprisindeks (2015=100),1993M04,
04.1.2,KpiIndMnd,1993M05,"Betalt husleie, fritidsbolig",Konsumprisindeks (2015=100),1993M05,
04.1.2,KpiIndMnd,1993M06,"Betalt husleie, fritidsbolig",Konsumprisindeks (2015=100),1993M06,
04.1.2,KpiIndMnd,1993M07,"Betalt husleie, fritidsbolig",Konsumprisindeks (2015=100),1993M07,
04.1.2,KpiIndMnd,1993M08,"Betalt husleie, fritidsbolig",Konsumprisindeks (2015=100),1993M08,
04.1.2,KpiIndMnd,1993M09,"Betalt husleie, fritidsbolig",Konsumprisindeks (2015=100),1993M09,
04.1.2,KpiIndMnd,1993M10,"Betalt husleie, fritidsbolig",Konsumprisindeks (2015=100),1993M10,
04.1.2,KpiIndMnd,1993M11,"Betalt husleie, fritidsbolig",Konsumprisindeks (2015=100),1993M11,
04.1.2,KpiIndMnd,1993M12,"Betalt husleie, fritidsbolig",Konsumprisindeks (2015=100),1993M12,
04.1.2,KpiIndMnd,1994M01,"Betalt husleie, fritidsbolig",Konsumprisindeks (2015=100),1994M01,
04.1.2,KpiIndMnd,1994M02,"Betalt husleie, fritidsbolig",Konsumprisindeks (2015=100),1994M02,
04.1.2,KpiIndMnd,1994M03,"Betalt husleie, fritidsbolig",Konsumprisindeks (2015=100),1994M03,
04.1.2,KpiIndMnd,1994M04,"Betalt husleie, fritidsbolig",Konsumprisindeks (2015=100),1994M04,
04.1.2,KpiIndMnd,1994M05,"Betalt husleie, fritidsbolig",Konsumprisindeks (2015=100),1994M05,
04.1.2,KpiIndMnd,1994M06,"Betalt husleie, fritidsbolig",Konsumprisindeks (2015=100),1994M06,
04.1.2,KpiIndMnd,1994M07,"Betalt husleie, fritidsbolig",Konsumprisindeks (2015=100),1994M07,
04.1.2,KpiIndMnd,1994M08,"Betalt husleie, fritidsbolig",Konsumprisindeks (2015=100),1994M08,
04.1.2,KpiIndMnd,1994M09,"Betalt husleie, fritidsbolig",Konsumprisindeks (2015=100),1994M09,
04.1.2,KpiIndMnd,1994M10,"Betalt husleie, fritidsbolig",Konsumprisindeks (2015=100),1994M10,
04.1.2,KpiIndMnd,1994M11,"Betalt husleie, fritidsbolig",Konsumprisindeks (2015=100),1994M11,
04.1.2,KpiIndMnd,1994M12,"Betalt husleie, fritidsbolig",Konsumprisindeks (2015=100),1994M12,
04.1.2,KpiIndMnd,1995M01,"Betalt husleie, fritidsbolig",Konsumprisindeks (2015=100),1995M01,
04.1.2,KpiIndMnd,1995M02,"Betalt husleie, fritidsbolig",Konsumprisindeks (2015=100),1995M02,
04.1.2,KpiIndMnd,1995M03,"Betalt husleie, fritidsbolig",Konsumprisindeks (2015=100),1995M03,
04.1.2,KpiIndMnd,1995M04,"Betalt husleie, fritidsbolig",Konsumprisindeks (2015=100),1995M04,
04.1.2,KpiIndMnd,1995M05,"Betalt husleie, fritidsbolig",Konsumprisindeks (2015=100),1995M05,
04.1.2,KpiIndMnd,1995M06,"Betalt husleie, fritidsbolig",Konsumprisindeks (2015=100),1995M06,
04.1.2,KpiIndMnd,1995M07,"Betalt husleie, fritidsbolig",Konsumprisindeks (2015=100),1995M07,
04.1.2,KpiIndMnd,1995M08,"Betalt husleie, fritidsbolig",Konsumprisindeks (2015=100),1995M08,
04.1.2,KpiIndMnd,1995M09,"Betalt husleie, fritidsbolig",Konsumprisindeks (2015=100),1995M09,
04.1.2,KpiIndMnd,1995M10,"Betalt husleie, fritidsbolig",Konsumprisindeks (2015=100),1995M10,
04.1.2,KpiIndMnd,1995M11,"Betalt husleie, fritidsbolig",Konsumprisindeks (2015=100),1995M11,
04.1.2,KpiIndMnd,1995M12,"Betalt husleie, fritidsbolig",Konsumprisindeks (2015=100),1995M12,
04.1.2,KpiIndMnd,1996M01,"Betalt husleie, fritidsbolig",Konsumprisindeks (2015=100),1996M01,
04.1.2,KpiIndMnd,1996M02,"Betalt husleie, fritidsbolig",Konsumprisindeks (2015=100),1996M02,
04.1.2,KpiIndMnd,1996M03,"Betalt husleie, fritidsbolig",Konsumprisindeks (2015=100),1996M03,
04.1.2,KpiIndMnd,1996M04,"Betalt husleie, fritidsbolig",Konsumprisindeks (2015=100),1996M04,
04.1.2,KpiIndMnd,1996M05,"Betalt husleie, fritidsbolig",Konsumprisindeks (2015=100),1996M05,
04.1.2,KpiIndMnd,1996M06,"Betalt husleie, fritidsbolig",Konsumprisindeks (2015=100),1996M06,
04.1.2,KpiIndMnd,1996M07,"Betalt husleie, fritidsbolig",Konsumprisindeks (2015=100),1996M07,
04.1.2,KpiIndMnd,1996M08,"Betalt husleie, fritidsbolig",Konsumprisindeks (2015=100),1996M08,
04.1.2,KpiIndMnd,1996M09,"Betalt husleie, fritidsbolig",Konsumprisindeks (2015=100),1996M09,
04.1.2,KpiIndMnd,1996M10,"Betalt husleie, fritidsbolig",Konsumprisindeks (2015=100),1996M10,
04.1.2,KpiIndMnd,1996M11,"Betalt husleie, fritidsbolig",Konsumprisindeks (2015=100),1996M11,
04.1.2,KpiIndMnd,1996M12,"Betalt husleie, fritidsbolig",Konsumprisindeks (2015=100),1996M12,
04.1.2,KpiIndMnd,1997M01,"Betalt husleie, fritidsbolig",Konsumprisindeks (2015=100),1997M01,
04.1.2,KpiIndMnd,1997M02,"Betalt husleie, fritidsbolig",Konsumprisindeks (2015=100),1997M02,
04.1.2,KpiIndMnd,1997M03,"Betalt husleie, fritidsbolig",Konsumprisindeks (2015=100),1997M03,
04.1.2,KpiIndMnd,1997M04,"Betalt husleie, fritidsbolig",Konsumprisindeks (2015=100),1997M04,
04.1.2,KpiIndMnd,1997M05,"Betalt husleie, fritidsbolig",Konsumprisindeks (2015=100),1997M05,
04.1.2,KpiIndMnd,1997M06,"Betalt husleie, fritidsbolig",Konsumprisindeks (2015=100),1997M06,
04.1.2,KpiIndMnd,1997M07,"Betalt husleie, fritidsbolig",Konsumprisindeks (2015=100),1997M07,
04.1.2,KpiIndMnd,1997M08,"Betalt husleie, fritidsbolig",Konsumprisindeks (2015=100),1997M08,
04.1.2,KpiIndMnd,1997M09,"Betalt husleie, fritidsbolig",Konsumprisindeks (2015=100),1997M09,
04.1.2,KpiIndMnd,1997M10,"Betalt husleie, fritidsbolig",Konsumprisindeks (2015=100),1997M10,
04.1.2,KpiIndMnd,1997M11,"Betalt husleie, fritidsbolig",Konsumprisindeks (2015=100),1997M11,
04.1.2,KpiIndMnd,1997M12,"Betalt husleie, fritidsbolig",Konsumprisindeks (2015=100),1997M12,
04.1.2,KpiIndMnd,1998M01,"Betalt husleie, fritidsbolig",Konsumprisindeks (2015=100),1998M01,
04.1.2,KpiIndMnd,1998M02,"Betalt husleie, fritidsbolig",Konsumprisindeks (2015=100),1998M02,
04.1.2,KpiIndMnd,1998M03,"Betalt husleie, fritidsbolig",Konsumprisindeks (2015=100),1998M03,
04.1.2,KpiIndMnd,1998M04,"Betalt husleie, fritidsbolig",Konsumprisindeks (2015=100),1998M04,
04.1.2,KpiIndMnd,1998M05,"Betalt husleie, fritidsbolig",Konsumprisindeks (2015=100),1998M05,
04.1.2,KpiIndMnd,1998M06,"Betalt husleie, fritidsbolig",Konsumprisindeks (2015=100),1998M06,
04.1.2,KpiIndMnd,1998M07,"Betalt husleie, fritidsbolig",Konsumprisindeks (2015=100),1998M07,
04.1.2,KpiIndMnd,1998M08,"Betalt husleie, fritidsbolig",Konsumprisindeks (2015=100),1998M08,
04.1.2,KpiIndMnd,1998M09,"Betalt husleie, fritidsbolig",Konsumprisindeks (2015=100),1998M09,
04.1.2,KpiIndMnd,1998M10,"Betalt husleie, fritidsbolig",Konsumprisindeks (2015=100),1998M10,
04.1.2,KpiIndMnd,1998M11,"Betalt husleie, fritidsbolig",Konsumprisindeks (2015=100),1998M11,
04.1.2,KpiIndMnd,1998M12,"Betalt husleie, fritidsbolig",Konsumprisindeks (2015=100),1998M12,
04.1.2,KpiIndMnd,1999M01,"Betalt husleie, fritidsbolig",Konsumprisindeks (2015=100),1999M01,
04.1.2,KpiIndMnd,1999M02,"Betalt husleie, fritidsbolig",Konsumprisindeks (2015=100),1999M02,
04.1.2,KpiIndMnd,1999M03,"Betalt husleie, fritidsbolig",Konsumprisindeks (2015=100),1999M03,
04.1.2,KpiIndMnd,1999M04,"Betalt husleie, fritidsbolig",Konsumprisindeks (2015=100),1999M04,
04.1.2,KpiIndMnd,1999M05,"Betalt husleie, fritidsbolig",Konsumprisindeks (2015=100),1999M05,
04.1.2,KpiIndMnd,1999M06,"Betalt husleie, fritidsbolig",Konsumprisindeks (2015=100),1999M06,
04.1.2,KpiIndMnd,1999M07,"Betalt husleie, fritidsbolig",Konsumprisindeks (2015=100),1999M07,
04.1.2,KpiIndMnd,1999M08,"Betalt husleie, fritidsbolig",Konsumprisindeks (2015=100),1999M08,
04.1.2,KpiIndMnd,1999M09,"Betalt husleie, fritidsbolig",Konsumprisindeks (2015=100),1999M09,
04.1.2,KpiIndMnd,1999M10,"Betalt husleie, fritidsbolig",Konsumprisindeks (2015=100),1999M10,
04.1.2,KpiIndMnd,1999M11,"Betalt husleie, fritidsbolig",Konsumprisindeks (2015=100),1999M11,
04.1.2,KpiIndMnd,1999M12,"Betalt husleie, fritidsbolig",Konsumprisindeks (2015=100),1999M12,
04.1.2,KpiIndMnd,2000M01,"Betalt husleie, fritidsbolig",Konsumprisindeks (2015=100),2000M01,
04.1.2,KpiIndMnd,2000M02,"Betalt husleie, fritidsbolig",Konsumprisindeks (2015=100),2000M02,
04.1.2,KpiIndMnd,2000M03,"Betalt husleie, fritidsbolig",Konsumprisindeks (2015=100),2000M03,
04.1.2,KpiIndMnd,2000M04,"Betalt husleie, fritidsbolig",Konsumprisindeks (2015=100),2000M04,
04.1.2,KpiIndMnd,2000M05,"Betalt husleie, fritidsbolig",Konsumprisindeks (2015=100),2000M05,
04.1.2,KpiIndMnd,2000M06,"Betalt husleie, fritidsbolig",Konsumprisindeks (2015=100),2000M06,
04.1.2,KpiIndMnd,2000M07,"Betalt husleie, fritidsbolig",Konsumprisindeks (2015=100),2000M07,
04.1.2,KpiIndMnd,2000M08,"Betalt husleie, fritidsbolig",Konsumprisindeks (2015=100),2000M08,
04.1.2,KpiIndMnd,2000M09,"Betalt husleie, fritidsbolig",Konsumprisindeks (2015=100),2000M09,
04.1.2,KpiIndMnd,2000M10,"Betalt husleie, fritidsbolig",Konsumprisindeks (2015=100),2000M10,
04.1.2,KpiIndMnd,2000M11,"Betalt husleie, fritidsbolig",Konsumprisindeks (2015=100),2000M11,
04.1.2,KpiIndMnd,2000M12,"Betalt husleie, fritidsbolig",Konsumprisindeks (2015=100),2000M12,
04.1.2,KpiIndMnd,2001M01,"Betalt husleie, fritidsbolig",Konsumprisindeks (2015=100),2001M01,
04.1.2,KpiIndMnd,2001M02,"Betalt husleie, fritidsbolig",Konsumprisindeks (2015=100),2001M02,
04.1.2,KpiIndMnd,2001M03,"Betalt husleie, fritidsbolig",Konsumprisindeks (2015=100),2001M03,
04.1.2,KpiIndMnd,2001M04,"Betalt husleie, fritidsbolig",Konsumprisindeks (2015=100),2001M04,
04.1.2,KpiIndMnd,2001M05,"Betalt husleie, fritidsbolig",Konsumprisindeks (2015=100),2001M05,
04.1.2,KpiIndMnd,2001M06,"Betalt husleie, fritidsbolig",Konsumprisindeks (2015=100),2001M06,
04.1.2,KpiIndMnd,2001M07,"Betalt husleie, fritidsbolig",Konsumprisindeks (2015=100),2001M07,
04.1.2,KpiIndMnd,2001M08,"Betalt husleie, fritidsbolig",Konsumprisindeks (2015=100),2001M08,
04.1.2,KpiIndMnd,2001M09,"Betalt husleie, fritidsbolig",Konsumprisindeks (2015=100),2001M09,
04.1.2,KpiIndMnd,2001M10,"Betalt husleie, fritidsbolig",Konsumprisindeks (2015=100),2001M10,
04.1.2,KpiIndMnd,2001M11,"Betalt husleie, fritidsbolig",Konsumprisindeks (2015=100),2001M11,
04.1.2,KpiIndMnd,2001M12,"Betalt husleie, fritidsbolig",Konsumprisindeks (2015=100),2001M12,
04.1.2,KpiIndMnd,2002M01,"Betalt husleie, fritidsbolig",Konsumprisindeks (2015=100),2002M01,
04.1.2,KpiIndMnd,2002M02,"Betalt husleie, fritidsbolig",Konsumprisindeks (2015=100),2002M02,
04.1.2,KpiIndMnd,2002M03,"Betalt husleie, fritidsbolig",Konsumprisindeks (2015=100),2002M03,
04.1.2,KpiIndMnd,2002M04,"Betalt husleie, fritidsbolig",Konsumprisindeks (2015=100),2002M04,
04.1.2,KpiIndMnd,2002M05,"Betalt husleie, fritidsbolig",Konsumprisindeks (2015=100),2002M05,
04.1.2,KpiIndMnd,2002M06,"Betalt husleie, fritidsbolig",Konsumprisindeks (2015=100),2002M06,
04.1.2,KpiIndMnd,2002M07,"Betalt husleie, fritidsbolig",Konsumprisindeks (2015=100),2002M07,
04.1.2,KpiIndMnd,2002M08,"Betalt husleie, fritidsbolig",Konsumprisindeks (2015=100),2002M08,
04.1.2,KpiIndMnd,2002M09,"Betalt husleie, fritidsbolig",Konsumprisindeks (2015=100),2002M09,
04.1.2,KpiIndMnd,2002M10,"Betalt husleie, fritidsbolig",Konsumprisindeks (2015=100),2002M10,
04.1.2,KpiIndMnd,2002M11,"Betalt husleie, fritidsbolig",Konsumprisindeks (2015=100),2002M11,
04.1.2,KpiIndMnd,2002M12,"Betalt husleie, fritidsbolig",Konsumprisindeks (2015=100),2002M12,
04.1.2,KpiIndMnd,2003M01,"Betalt husleie, fritidsbolig",Konsumprisindeks (2015=100),2003M01,
04.1.2,KpiIndMnd,2003M02,"Betalt husleie, fritidsbolig",Konsumprisindeks (2015=100),2003M02,
04.1.2,KpiIndMnd,2003M03,"Betalt husleie, fritidsbolig",Konsumprisindeks (2015=100),2003M03,
04.1.2,KpiIndMnd,2003M04,"Betalt husleie, fritidsbolig",Konsumprisindeks (2015=100),2003M04,
04.1.2,KpiIndMnd,2003M05,"Betalt husleie, fritidsbolig",Konsumprisindeks (2015=100),2003M05,
04.1.2,KpiIndMnd,2003M06,"Betalt husleie, fritidsbolig",Konsumprisindeks (2015=100),2003M06,
04.1.2,KpiIndMnd,2003M07,"Betalt husleie, fritidsbolig",Konsumprisindeks (2015=100),2003M07,
04.1.2,KpiIndMnd,2003M08,"Betalt husleie, fritidsbolig",Konsumprisindeks (2015=100),2003M08,
04.1.2,KpiIndMnd,2003M09,"Betalt husleie, fritidsbolig",Konsumprisindeks (2015=100),2003M09,
04.1.2,KpiIndMnd,2003M10,"Betalt husleie, fritidsbolig",Konsumprisindeks (2015=100),2003M10,
04.1.2,KpiIndMnd,2003M11,"Betalt husleie, fritidsbolig",Konsumprisindeks (2015=100),2003M11,
04.1.2,KpiIndMnd,2003M12,"Betalt husleie, fritidsbolig",Konsumprisindeks (2015=100),2003M12,
04.1.2,KpiIndMnd,2004M01,"Betalt husleie, fritidsbolig",Konsumprisindeks (2015=100),2004M01,
04.1.2,KpiIndMnd,2004M02,"Betalt husleie, fritidsbolig",Konsumprisindeks (2015=100),2004M02,
04.1.2,KpiIndMnd,2004M03,"Betalt husleie, fritidsbolig",Konsumprisindeks (2015=100),2004M03,
04.1.2,KpiIndMnd,2004M04,"Betalt husleie, fritidsbolig",Konsumprisindeks (2015=100),2004M04,
04.1.2,KpiIndMnd,2004M05,"Betalt husleie, fritidsbolig",Konsumprisindeks (2015=100),2004M05,
04.1.2,KpiIndMnd,2004M06,"Betalt husleie, fritidsbolig",Konsumprisindeks (2015=100),2004M06,
04.1.2,KpiIndMnd,2004M07,"Betalt husleie, fritidsbolig",Konsumprisindeks (2015=100),2004M07,
04.1.2,KpiIndMnd,2004M08,"Betalt husleie, fritidsbolig",Konsumprisindeks (2015=100),2004M08,
04.1.2,KpiIndMnd,2004M09,"Betalt husleie, fritidsbolig",Konsumprisindeks (2015=100),2004M09,
04.1.2,KpiIndMnd,2004M10,"Betalt husleie, fritidsbolig",Konsumprisindeks (2015=100),2004M10,
04.1.2,KpiIndMnd,2004M11,"Betalt husleie, fritidsbolig",Konsumprisindeks (2015=100),2004M11,
04.1.2,KpiIndMnd,2004M12,"Betalt husleie, fritidsbolig",Konsumprisindeks (2015=100),2004M12,
04.1.2,KpiIndMnd,2005M01,"Betalt husleie, fritidsbolig",Konsumprisindeks (2015=100),2005M01,
04.1.2,KpiIndMnd,2005M02,"Betalt husleie, fritidsbolig",Konsumprisindeks (2015=100),2005M02,
04.1.2,KpiIndMnd,2005M03,"Betalt husleie, fritidsbolig",Konsumprisindeks (2015=100),2005M03,
04.1.2,KpiIndMnd,2005M04,"Betalt husleie, fritidsbolig",Konsumprisindeks (2015=100),2005M04,
04.1.2,KpiIndMnd,2005M05,"Betalt husleie, fritidsbolig",Konsumprisindeks (2015=100),2005M05,
04.1.2,KpiIndMnd,2005M06,"Betalt husleie, fritidsbolig",Konsumprisindeks (2015=100),2005M06,
04.1.2,KpiIndMnd,2005M07,"Betalt husleie, fritidsbolig",Konsumprisindeks (2015=100),2005M07,
04.1.2,KpiIndMnd,2005M08,"Betalt husleie, fritidsbolig",Konsumprisindeks (2015=100),2005M08,
04.1.2,KpiIndMnd,2005M09,"Betalt husleie, fritidsbolig",Konsumprisindeks (2015=100),2005M09,
04.1.2,KpiIndMnd,2005M10,"Betalt husleie, fritidsbolig",Konsumprisindeks (2015=100),2005M10,
04.1.2,KpiIndMnd,2005M11,"Betalt husleie, fritidsbolig",Konsumprisindeks (2015=100),2005M11,
04.1.2,KpiIndMnd,2005M12,"Betalt husleie, fritidsbolig",Konsumprisindeks (2015=100),2005M12,
04.1.2,KpiIndMnd,2006M01,"Betalt husleie, fritidsbolig",Konsumprisindeks (2015=100),2006M01,
04.1.2,KpiIndMnd,2006M02,"Betalt husleie, fritidsbolig",Konsumprisindeks (2015=100),2006M02,
04.1.2,KpiIndMnd,2006M03,"Betalt husleie, fritidsbolig",Konsumprisindeks (2015=100),2006M03,
04.1.2,KpiIndMnd,2006M04,"Betalt husleie, fritidsbolig",Konsumprisindeks (2015=100),2006M04,
04.1.2,KpiIndMnd,2006M05,"Betalt husleie, fritidsbolig",Konsumprisindeks (2015=100),2006M05,
04.1.2,KpiIndMnd,2006M06,"Betalt husleie, fritidsbolig",Konsumprisindeks (2015=100),2006M06,
04.1.2,KpiIndMnd,2006M07,"Betalt husleie, fritidsbolig",Konsumprisindeks (2015=100),2006M07,
04.1.2,KpiIndMnd,2006M08,"Betalt husleie, fritidsbolig",Konsumprisindeks (2015=100),2006M08,
04.1.2,KpiIndMnd,2006M09,"Betalt husleie, fritidsbolig",Konsumprisindeks (2015=100),2006M09,
04.1.2,KpiIndMnd,2006M10,"Betalt husleie, fritidsbolig",Konsumprisindeks (2015=100),2006M10,
04.1.2,KpiIndMnd,2006M11,"Betalt husleie, fritidsbolig",Konsumprisindeks (2015=100),2006M11,
04.1.2,KpiIndMnd,2006M12,"Betalt husleie, fritidsbolig",Konsumprisindeks (2015=100),2006M12,
04.1.2,KpiIndMnd,2007M01,"Betalt husleie, fritidsbolig",Konsumprisindeks (2015=100),2007M01,
04.1.2,KpiIndMnd,2007M02,"Betalt husleie, fritidsbolig",Konsumprisindeks (2015=100),2007M02,
04.1.2,KpiIndMnd,2007M03,"Betalt husleie, fritidsbolig",Konsumprisindeks (2015=100),2007M03,
04.1.2,KpiIndMnd,2007M04,"Betalt husleie, fritidsbolig",Konsumprisindeks (2015=100),2007M04,
04.1.2,KpiIndMnd,2007M05,"Betalt husleie, fritidsbolig",Konsumprisindeks (2015=100),2007M05,
04.1.2,KpiIndMnd,2007M06,"Betalt husleie, fritidsbolig",Konsumprisindeks (2015=100),2007M06,
04.1.2,KpiIndMnd,2007M07,"Betalt husleie, fritidsbolig",Konsumprisindeks (2015=100),2007M07,
04.1.2,KpiIndMnd,2007M08,"Betalt husleie, fritidsbolig",Konsumprisindeks (2015=100),2007M08,
04.1.2,KpiIndMnd,2007M09,"Betalt husleie, fritidsbolig",Konsumprisindeks (2015=100),2007M09,
04.1.2,KpiIndMnd,2007M10,"Betalt husleie, fritidsbolig",Konsumprisindeks (2015=100),2007M10,
04.1.2,KpiIndMnd,2007M11,"Betalt husleie, fritidsbolig",Konsumprisindeks (2015=100),2007M11,
04.1.2,KpiIndMnd,2007M12,"Betalt husleie, fritidsbolig",Konsumprisindeks (2015=100),2007M12,
04.1.2,KpiIndMnd,2008M01,"Betalt husleie, fritidsbolig",Konsumprisindeks (2015=100),2008M01,
04.1.2,KpiIndMnd,2008M02,"Betalt husleie, fritidsbolig",Konsumprisindeks (2015=100),2008M02,
04.1.2,KpiIndMnd,2008M03,"Betalt husleie, fritidsbolig",Konsumprisindeks (2015=100),2008M03,
04.1.2,KpiIndMnd,2008M04,"Betalt husleie, fritidsbolig",Konsumprisindeks (2015=100),2008M04,
04.1.2,KpiIndMnd,2008M05,"Betalt husleie, fritidsbolig",Konsumprisindeks (2015=100),2008M05,
04.1.2,KpiIndMnd,2008M06,"Betalt husleie, fritidsbolig",Konsumprisindeks (2015=100),2008M06,
04.1.2,KpiIndMnd,2008M07,"Betalt husleie, fritidsbolig",Konsumprisindeks (2015=100),2008M07,
04.1.2,KpiIndMnd,2008M08,"Betalt husleie, fritidsbolig",Konsumprisindeks (2015=100),2008M08,
04.1.2,KpiIndMnd,2008M09,"Betalt husleie, fritidsbolig",Konsumprisindeks (2015=100),2008M09,
04.1.2,KpiIndMnd,2008M10,"Betalt husleie, fritidsbolig",Konsumprisindeks (2015=100),2008M10,
04.1.2,KpiIndMnd,2008M11,"Betalt husleie, fritidsbolig",Konsumprisindeks (2015=100),2008M11,
04.1.2,KpiIndMnd,2008M12,"Betalt husleie, fritidsbolig",Konsumprisindeks (2015=100),2008M12,
04.1.2,KpiIndMnd,2009M01,"Betalt husleie, fritidsbolig",Konsumprisindeks (2015=100),2009M01,
04.1.2,KpiIndMnd,2009M02,"Betalt husleie, fritidsbolig",Konsumprisindeks (2015=100),2009M02,
04.1.2,KpiIndMnd,2009M03,"Betalt husleie, fritidsbolig",Konsumprisindeks (2015=100),2009M03,
04.1.2,KpiIndMnd,2009M04,"Betalt husleie, fritidsbolig",Konsumprisindeks (2015=100),2009M04,
04.1.2,KpiIndMnd,2009M05,"Betalt husleie, fritidsbolig",Konsumprisindeks (2015=100),2009M05,
04.1.2,KpiIndMnd,2009M06,"Betalt husleie, fritidsbolig",Konsumprisindeks (2015=100),2009M06,
04.1.2,KpiIndMnd,2009M07,"Betalt husleie, fritidsbolig",Konsumprisindeks (2015=100),2009M07,
04.1.2,KpiIndMnd,2009M08,"Betalt husleie, fritidsbolig",Konsumprisindeks (2015=100),2009M08,
04.1.2,KpiIndMnd,2009M09,"Betalt husleie, fritidsbolig",Konsumprisindeks (2015=100),2009M09,
04.1.2,KpiIndMnd,2009M10,"Betalt husleie, fritidsbolig",Konsumprisindeks (2015=100),2009M10,
04.1.2,KpiIndMnd,2009M11,"Betalt husleie, fritidsbolig",Konsumprisindeks (2015=100),2009M11,
04.1.2,KpiIndMnd,2009M12,"Betalt husleie, fritidsbolig",Konsumprisindeks (2015=100),2009M12,
04.1.2,KpiIndMnd,2010M01,"Betalt husleie, fritidsbolig",Konsumprisindeks (2015=100),2010M01,
04.1.2,KpiIndMnd,2010M02,"Betalt husleie, fritidsbolig",Konsumprisindeks (2015=100),2010M02,
04.1.2,KpiIndMnd,2010M03,"Betalt husleie, fritidsbolig",Konsumprisindeks (2015=100),2010M03,
04.1.2,KpiIndMnd,2010M04,"Betalt husleie, fritidsbolig",Konsumprisindeks (2015=100),2010M04,
04.1.2,KpiIndMnd,2010M05,"Betalt husleie, fritidsbolig",Konsumprisindeks (2015=100),2010M05,
04.1.2,KpiIndMnd,2010M06,"Betalt husleie, fritidsbolig",Konsumprisindeks (2015=100),2010M06,
04.1.2,KpiIndMnd,2010M07,"Betalt husleie, fritidsbolig",Konsumprisindeks (2015=100),2010M07,
04.1.2,KpiIndMnd,2010M08,"Betalt husleie, fritidsbolig",Konsumprisindeks (2015=100),2010M08,
04.1.2,KpiIndMnd,2010M09,"Betalt husleie, fritidsbolig",Konsumprisindeks (2015=100),2010M09,
04.1.2,KpiIndMnd,2010M10,"Betalt husleie, fritidsbolig",Konsumprisindeks (2015=100),2010M10,
04.1.2,KpiIndMnd,2010M11,"Betalt husleie, fritidsbolig",Konsumprisindeks (2015=100),2010M11,
04.1.2,KpiIndMnd,2010M12,"Betalt husleie, fritidsbolig",Konsumprisindeks (2015=100),2010M12,
04.1.2,KpiIndMnd,2011M01,"Betalt husleie, fritidsbolig",Konsumprisindeks (2015=100),2011M01,
04.1.2,KpiIndMnd,2011M02,"Betalt husleie, fritidsbolig",Konsumprisindeks (2015=100),2011M02,
04.1.2,KpiIndMnd,2011M03,"Betalt husleie, fritidsbolig",Konsumprisindeks (2015=100),2011M03,
04.1.2,KpiIndMnd,2011M04,"Betalt husleie, fritidsbolig",Konsumprisindeks (2015=100),2011M04,
04.1.2,KpiIndMnd,2011M05,"Betalt husleie, fritidsbolig",Konsumprisindeks (2015=100),2011M05,
04.1.2,KpiIndMnd,2011M06,"Betalt husleie, fritidsbolig",Konsumprisindeks (2015=100),2011M06,
04.1.2,KpiIndMnd,2011M07,"Betalt husleie, fritidsbolig",Konsumprisindeks (2015=100),2011M07,
04.1.2,KpiIndMnd,2011M08,"Betalt husleie, fritidsbolig",Konsumprisindeks (2015=100),2011M08,
04.1.2,KpiIndMnd,2011M09,"Betalt husleie, fritidsbolig",Konsumprisindeks (2015=100),2011M09,
04.1.2,KpiIndMnd,2011M10,"Betalt husleie, fritidsbolig",Konsumprisindeks (2015=100),2011M10,
04.1.2,KpiIndMnd,2011M11,"Betalt husleie, fritidsbolig",Konsumprisindeks (2015=100),2011M11,
04.1.2,KpiIndMnd,2011M12,"Betalt husleie, fritidsbolig",Konsumprisindeks (2015=100),2011M12,
04.1.2,KpiIndMnd,2012M01,"Betalt husleie, fritidsbolig",Konsumprisindeks (2015=100),2012M01,
04.1.2,KpiIndMnd,2012M02,"Betalt husleie, fritidsbolig",Konsumprisindeks (2015=100),2012M02,
04.1.2,KpiIndMnd,2012M03,"Betalt husleie, fritidsbolig",Konsumprisindeks (2015=100),2012M03,
04.1.2,KpiIndMnd,2012M04,"Betalt husleie, fritidsbolig",Konsumprisindeks (2015=100),2012M04,
04.1.2,KpiIndMnd,2012M05,"Betalt husleie, fritidsbolig",Konsumprisindeks (2015=100),2012M05,
04.1.2,KpiIndMnd,2012M06,"Betalt husleie, fritidsbolig",Konsumprisindeks (2015=100),2012M06,
04.1.2,KpiIndMnd,2012M07,"Betalt husleie, fritidsbolig",Konsumprisindeks (2015=100),2012M07,
04.1.2,KpiIndMnd,2012M08,"Betalt husleie, fritidsbolig",Konsumprisindeks (2015=100),2012M08,
04.1.2,KpiIndMnd,2012M09,"Betalt husleie, fritidsbolig",Konsumprisindeks (2015=100),2012M09,
04.1.2,KpiIndMnd,2012M10,"Betalt husleie, fritidsbolig",Konsumprisindeks (2015=100),2012M10,
04.1.2,KpiIndMnd,2012M11,"Betalt husleie, fritidsbolig",Konsumprisindeks (2015=100),2012M11,
04.1.2,KpiIndMnd,2012M12,"Betalt husleie, fritidsbolig",Konsumprisindeks (2015=100),2012M12,
04.1.2,KpiIndMnd,2013M01,"Betalt husleie, fritidsbolig",Konsumprisindeks (2015=100),2013M01,
04.1.2,KpiIndMnd,2013M02,"Betalt husleie, fritidsbolig",Konsumprisindeks (2015=100),2013M02,
04.1.2,KpiIndMnd,2013M03,"Betalt husleie, fritidsbolig",Konsumprisindeks (2015=100),2013M03,
04.1.2,KpiIndMnd,2013M04,"Betalt husleie, fritidsbolig",Konsumprisindeks (2015=100),2013M04,
04.1.2,KpiIndMnd,2013M05,"Betalt husleie, fritidsbolig",Konsumprisindeks (2015=100),2013M05,
04.1.2,KpiIndMnd,2013M06,"Betalt husleie, fritidsbolig",Konsumprisindeks (2015=100),2013M06,
04.1.2,KpiIndMnd,2013M07,"Betalt husleie, fritidsbolig",Konsumprisindeks (2015=100),2013M07,
04.1.2,KpiIndMnd,2013M08,"Betalt husleie, fritidsbolig",Konsumprisindeks (2015=100),2013M08,
04.1.2,KpiIndMnd,2013M09,"Betalt husleie, fritidsbolig",Konsumprisindeks (2015=100),2013M09,
04.1.2,KpiIndMnd,2013M10,"Betalt husleie, fritidsbolig",Konsumprisindeks (2015=100),2013M10,
04.1.2,KpiIndMnd,2013M11,"Betalt husleie, fritidsbolig",Konsumprisindeks (2015=100),2013M11,
04.1.2,KpiIndMnd,2013M12,"Betalt husleie, fritidsbolig",Konsumprisindeks (2015=100),2013M12,
04.1.2,KpiIndMnd,2014M01,"Betalt husleie, fritidsbolig",Konsumprisindeks (2015=100),2014M01,
04.1.2,KpiIndMnd,2014M02,"Betalt husleie, fritidsbolig",Konsumprisindeks (2015=100),2014M02,
04.1.2,KpiIndMnd,2014M03,"Betalt husleie, fritidsbolig",Konsumprisindeks (2015=100),2014M03,
04.1.2,KpiIndMnd,2014M04,"Betalt husleie, fritidsbolig",Konsumprisindeks (2015=100),2014M04,
04.1.2,KpiIndMnd,2014M05,"Betalt husleie, fritidsbolig",Konsumprisindeks (2015=100),2014M05,
04.1.2,KpiIndMnd,2014M06,"Betalt husleie, fritidsbolig",Konsumprisindeks (2015=100),2014M06,
04.1.2,KpiIndMnd,2014M07,"Betalt husleie, fritidsbolig",Konsumprisindeks (2015=100),2014M07,
04.1.2,KpiIndMnd,2014M08,"Betalt husleie, fritidsbolig",Konsumprisindeks (2015=100),2014M08,
04.1.2,KpiIndMnd,2014M09,"Betalt husleie, fritidsbolig",Konsumprisindeks (2015=100),2014M09,
04.1.2,KpiIndMnd,2014M10,"Betalt husleie, fritidsbolig",Konsumprisindeks (2015=100),2014M10,
04.1.2,KpiIndMnd,2014M11,"Betalt husleie, fritidsbolig",Konsumprisindeks (2015=100),2014M11,
04.1.2,KpiIndMnd,2014M12,"Betalt husleie, fritidsbolig",Konsumprisindeks (2015=100),2014M12,
04.1.2,KpiIndMnd,2015M01,"Betalt husleie, fritidsbolig",Konsumprisindeks (2015=100),2015M01,
04.1.2,KpiIndMnd,2015M02,"Betalt husleie, fritidsbolig",Konsumprisindeks (2015=100),2015M02,
04.1.2,KpiIndMnd,2015M03,"Betalt husleie, fritidsbolig",Konsumprisindeks (2015=100),2015M03,
04.1.2,KpiIndMnd,2015M04,"Betalt husleie, fritidsbolig",Konsumprisindeks (2015=100),2015M04,
04.1.2,KpiIndMnd,2015M05,"Betalt husleie, fritidsbolig",Konsumprisindeks (2015=100),2015M05,
04.1.2,KpiIndMnd,2015M06,"Betalt husleie, fritidsbolig",Konsumprisindeks (2015=100),2015M06,
04.1.2,KpiIndMnd,2015M07,"Betalt husleie, fritidsbolig",Konsumprisindeks (2015=100),2015M07,
04.1.2,KpiIndMnd,2015M08,"Betalt husleie, fritidsbolig",Konsumprisindeks (2015=100),2015M08,
04.1.2,KpiIndMnd,2015M09,"Betalt husleie, fritidsbolig",Konsumprisindeks (2015=100),2015M09,
04.1.2,KpiIndMnd,2015M10,"Betalt husleie, fritidsbolig",Konsumprisindeks (2015=100),2015M10,
04.1.2,KpiIndMnd,2015M11,"Betalt husleie, fritidsbolig",Konsumprisindeks (2015=100),2015M11,
04.1.2,KpiIndMnd,2015M12,"Betalt husleie, fritidsbolig",Konsumprisindeks (2015=100),2015M12,
04.1.2,KpiIndMnd,2016M01,"Betalt husleie, fritidsbolig",Konsumprisindeks (2015=100),2016M01,
04.1.2,KpiIndMnd,2016M02,"Betalt husleie, fritidsbolig",Konsumprisindeks (2015=100),2016M02,
04.1.2,KpiIndMnd,2016M03,"Betalt husleie, fritidsbolig",Konsumprisindeks (2015=100),2016M03,
04.1.2,KpiIndMnd,2016M04,"Betalt husleie, fritidsbolig",Konsumprisindeks (2015=100),2016M04,
04.1.2,KpiIndMnd,2016M05,"Betalt husleie, fritidsbolig",Konsumprisindeks (2015=100),2016M05,
04.1.2,KpiIndMnd,2016M06,"Betalt husleie, fritidsbolig",Konsumprisindeks (2015=100),2016M06,
04.1.2,KpiIndMnd,2016M07,"Betalt husleie, fritidsbolig",Konsumprisindeks (2015=100),2016M07,
04.1.2,KpiIndMnd,2016M08,"Betalt husleie, fritidsbolig",Konsumprisindeks (2015=100),2016M08,
04.1.2,KpiIndMnd,2016M09,"Betalt husleie, fritidsbolig",Konsumprisindeks (2015=100),2016M09,
04.1.2,KpiIndMnd,2016M10,"Betalt husleie, fritidsbolig",Konsumprisindeks (2015=100),2016M10,
04.1.2,KpiIndMnd,2016M11,"Betalt husleie, fritidsbolig",Konsumprisindeks (2015=100),2016M11,
04.1.2,KpiIndMnd,2016M12,"Betalt husleie, fritidsbolig",Konsumprisindeks (2015=100),2016M12,
04.1.2,KpiIndMnd,2017M01,"Betalt husleie, fritidsbolig",Konsumprisindeks (2015=100),2017M01,
04.1.2,KpiIndMnd,2017M02,"Betalt husleie, fritidsbolig",Konsumprisindeks (2015=100),2017M02,
04.1.2,KpiIndMnd,2017M03,"Betalt husleie, fritidsbolig",Konsumprisindeks (2015=100),2017M03,
04.1.2,KpiIndMnd,2017M04,"Betalt husleie, fritidsbolig",Konsumprisindeks (2015=100),2017M04,
04.1.2,KpiIndMnd,2017M05,"Betalt husleie, fritidsbolig",Konsumprisindeks (2015=100),2017M05,
04.1.2,KpiIndMnd,2017M06,"Betalt husleie, fritidsbolig",Konsumprisindeks (2015=100),2017M06,
04.1.2,KpiIndMnd,2017M07,"Betalt husleie, fritidsbolig",Konsumprisindeks (2015=100),2017M07,
04.1.2,KpiIndMnd,2017M08,"Betalt husleie, fritidsbolig",Konsumprisindeks (2015=100),2017M08,
04.1.2,KpiIndMnd,2017M09,"Betalt husleie, fritidsbolig",Konsumprisindeks (2015=100),2017M09,
04.1.2,KpiIndMnd,2017M10,"Betalt husleie, fritidsbolig",Konsumprisindeks (2015=100),2017M10,
04.1.2,KpiIndMnd,2017M11,"Betalt husleie, fritidsbolig",Konsumprisindeks (2015=100),2017M11,
04.1.2,KpiIndMnd,2017M12,"Betalt husleie, fritidsbolig",Konsumprisindeks (2015=100),2017M12,
04.1.2,KpiIndMnd,2018M01,"Betalt husleie, fritidsbolig",Konsumprisindeks (2015=100),2018M01,
04.1.2,KpiIndMnd,2018M02,"Betalt husleie, fritidsbolig",Konsumprisindeks (2015=100),2018M02,
04.1.2,KpiIndMnd,2018M03,"Betalt husleie, fritidsbolig",Konsumprisindeks (2015=100),2018M03,
04.1.2,KpiIndMnd,2018M04,"Betalt husleie, fritidsbolig",Konsumprisindeks (2015=100),2018M04,
04.1.2,KpiIndMnd,2018M05,"Betalt husleie, fritidsbolig",Konsumprisindeks (2015=100),2018M05,
04.1.2,KpiIndMnd,2018M06,"Betalt husleie, fritidsbolig",Konsumprisindeks (2015=100),2018M06,
04.1.2,KpiIndMnd,2018M07,"Betalt husleie, fritidsbolig",Konsumprisindeks (2015=100),2018M07,
04.1.2,KpiIndMnd,2018M08,"Betalt husleie, fritidsbolig",Konsumprisindeks (2015=100),2018M08,
04.1.2,KpiIndMnd,2018M09,"Betalt husleie, fritidsbolig",Konsumprisindeks (2015=100),2018M09,
04.1.2,KpiIndMnd,2018M10,"Betalt husleie, fritidsbolig",Konsumprisindeks (2015=100),2018M10,
04.1.2,KpiIndMnd,2018M11,"Betalt husleie, fritidsbolig",Konsumprisindeks (2015=100),2018M11,
04.1.2,KpiIndMnd,2018M12,"Betalt husleie, fritidsbolig",Konsumprisindeks (2015=100),2018M12,
04.1.2,KpiIndMnd,2019M01,"Betalt husleie, fritidsbolig",Konsumprisindeks (2015=100),2019M01,
04.1.2,KpiIndMnd,2019M02,"Betalt husleie, fritidsbolig",Konsumprisindeks (2015=100),2019M02,
04.1.2,KpiIndMnd,2019M03,"Betalt husleie, fritidsbolig",Konsumprisindeks (2015=100),2019M03,
04.1.2,KpiIndMnd,2019M04,"Betalt husleie, fritidsbolig",Konsumprisindeks (2015=100),2019M04,
04.1.2,KpiIndMnd,2019M05,"Betalt husleie, fritidsbolig",Konsumprisindeks (2015=100),2019M05,
04.1.2,KpiIndMnd,2019M06,"Betalt husleie, fritidsbolig",Konsumprisindeks (2015=100),2019M06,
04.1.2,KpiIndMnd,2019M07,"Betalt husleie, fritidsbolig",Konsumprisindeks (2015=100),2019M07,
04.1.2,KpiIndMnd,2019M08,"Betalt husleie, fritidsbolig",Konsumprisindeks (2015=100),2019M08,
04.1.2,KpiIndMnd,2019M09,"Betalt husleie, fritidsbolig",Konsumprisindeks (2015=100),2019M09,
04.1.2,KpiIndMnd,2019M10,"Betalt husleie, fritidsbolig",Konsumprisindeks (2015=100),2019M10,
04.1.2,KpiIndMnd,2019M11,"Betalt husleie, fritidsbolig",Konsumprisindeks (2015=100),2019M11,
04.1.2,KpiIndMnd,2019M12,"Betalt husleie, fritidsbolig",Konsumprisindeks (2015=100),2019M12,
04.1.2,KpiIndMnd,2020M01,"Betalt husleie, fritidsbolig",Konsumprisindeks (2015=100),2020M01,
04.1.2,KpiIndMnd,2020M02,"Betalt husleie, fritidsbolig",Konsumprisindeks (2015=100),2020M02,
04.1.2,KpiIndMnd,2020M03,"Betalt husleie, fritidsbolig",Konsumprisindeks (2015=100),2020M03,
04.1.2,KpiIndMnd,2020M04,"Betalt husleie, fritidsbolig",Konsumprisindeks (2015=100),2020M04,
04.1.2,KpiIndMnd,2020M05,"Betalt husleie, fritidsbolig",Konsumprisindeks (2015=100),2020M05,
04.1.2,KpiIndMnd,2020M06,"Betalt husleie, fritidsbolig",Konsumprisindeks (2015=100),2020M06,
04.1.2,KpiIndMnd,2020M07,"Betalt husleie, fritidsbolig",Konsumprisindeks (2015=100),2020M07,
04.1.2,KpiIndMnd,2020M08,"Betalt husleie, fritidsbolig",Konsumprisindeks (2015=100),2020M08,
04.1.2,KpiIndMnd,2020M09,"Betalt husleie, fritidsbolig",Konsumprisindeks (2015=100),2020M09,
04.1.2,KpiIndMnd,2020M10,"Betalt husleie, fritidsbolig",Konsumprisindeks (2015=100),2020M10,
04.1.2,KpiIndMnd,2020M11,"Betalt husleie, fritidsbolig",Konsumprisindeks (2015=100),2020M11,
04.1.2,KpiIndMnd,2020M12,"Betalt husleie, fritidsbolig",Konsumprisindeks (2015=100),2020M12,
04.1.2,KpiIndMnd,2021M01,"Betalt husleie, fritidsbolig",Konsumprisindeks (2015=100),2021M01,
04.1.2,KpiIndMnd,2021M02,"Betalt husleie, fritidsbolig",Konsumprisindeks (2015=100),2021M02,
04.1.2,KpiIndMnd,2021M03,"Betalt husleie, fritidsbolig",Konsumprisindeks (2015=100),2021M03,
04.1.2,KpiIndMnd,2021M04,"Betalt husleie, fritidsbolig",Konsumprisindeks (2015=100),2021M04,
04.1.2,KpiIndMnd,2021M05,"Betalt husleie, fritidsbolig",Konsumprisindeks (2015=100),2021M05,
04.1.2,KpiIndMnd,2021M06,"Betalt husleie, fritidsbolig",Konsumprisindeks (2015=100),2021M06,
04.1.2,KpiIndMnd,2021M07,"Betalt husleie, fritidsbolig",Konsumprisindeks (2015=100),2021M07,
04.1.2,KpiIndMnd,2021M08,"Betalt husleie, fritidsbolig",Konsumprisindeks (2015=100),2021M08,
04.1.2,KpiIndMnd,2021M09,"Betalt husleie, fritidsbolig",Konsumprisindeks (2015=100),2021M09,
04.1.2,KpiIndMnd,2021M10,"Betalt husleie, fritidsbolig",Konsumprisindeks (2015=100),2021M10,
04.1.2,KpiIndMnd,2021M11,"Betalt husleie, fritidsbolig",Konsumprisindeks (2015=100),2021M11,
04.1.2,KpiIndMnd,2021M12,"Betalt husleie, fritidsbolig",Konsumprisindeks (2015=100),2021M12,
04.1.2,KpiIndMnd,2022M01,"Betalt husleie, fritidsbolig",Konsumprisindeks (2015=100),2022M01,
04.1.2,KpiIndMnd,2022M02,"Betalt husleie, fritidsbolig",Konsumprisindeks (2015=100),2022M02,
04.1.2,KpiIndMnd,2022M03,"Betalt husleie, fritidsbolig",Konsumprisindeks (2015=100),2022M03,
04.1.2,KpiIndMnd,2022M04,"Betalt husleie, fritidsbolig",Konsumprisindeks (2015=100),2022M04,
04.1.2,KpiIndMnd,2022M05,"Betalt husleie, fritidsbolig",Konsumprisindeks (2015=100),2022M05,
04.1.2,KpiIndMnd,2022M06,"Betalt husleie, fritidsbolig",Konsumprisindeks (2015=100),2022M06,
04.1.2,KpiIndMnd,2022M07,"Betalt husleie, fritidsbolig",Konsumprisindeks (2015=100),2022M07,
04.1.2,KpiIndMnd,2022M08,"Betalt husleie, fritidsbolig",Konsumprisindeks (2015=100),2022M08,
04.1.2,KpiIndMnd,2022M09,"Betalt husleie, fritidsbolig",Konsumprisindeks (2015=100),2022M09,
04.1.2,KpiIndMnd,2022M10,"Betalt husleie, fritidsbolig",Konsumprisindeks (2015=100),2022M10,
04.1.2,KpiIndMnd,2022M11,"Betalt husleie, fritidsbolig",Konsumprisindeks (2015=100),2022M11,
04.1.2,KpiIndMnd,2022M12,"Betalt husleie, fritidsbolig",Konsumprisindeks (2015=100),2022M12,
04.1.2,KpiIndMnd,2023M01,"Betalt husleie, fritidsbolig",Konsumprisindeks (2015=100),2023M01,
04.1.2,KpiIndMnd,2023M02,"Betalt husleie, fritidsbolig",Konsumprisindeks (2015=100),2023M02,
04.1.2,KpiIndMnd,2023M03,"Betalt husleie, fritidsbolig",Konsumprisindeks (2015=100),2023M03,
04.1.2,KpiIndMnd,2023M04,"Betalt husleie, fritidsbolig",Konsumprisindeks (2015=100),2023M04,
04.1.2,KpiIndMnd,2023M05,"Betalt husleie, fritidsbolig",Konsumprisindeks (2015=100),2023M05,
04.1.2,KpiIndMnd,2023M06,"Betalt husleie, fritidsbolig",Konsumprisindeks (2015=100),2023M06,
04.1.2,KpiIndMnd,2023M07,"Betalt husleie, fritidsbolig",Konsumprisindeks (2015=100),2023M07,
04.1.2,KpiIndMnd,2023M08,"Betalt husleie, fritidsbolig",Konsumprisindeks (2015=100),2023M08,
04.1.2,KpiIndMnd,2023M09,"Betalt husleie, fritidsbolig",Konsumprisindeks (2015=100),2023M09,
04.1.2,KpiIndMnd,2023M10,"Betalt husleie, fritidsbolig",Konsumprisindeks (2015=100),2023M10,
04.1.2,KpiIndMnd,2023M11,"Betalt husleie, fritidsbolig",Konsumprisindeks (2015=100),2023M11,
04.1.2,KpiIndMnd,2023M12,"Betalt husleie, fritidsbolig",Konsumprisindeks (2015=100),2023M12,
04.1.2,KpiIndMnd,2024M01,"Betalt husleie, fritidsbolig",Konsumprisindeks (2015=100),2024M01,
04.1.2,KpiIndMnd,2024M02,"Betalt husleie, fritidsbolig",Konsumprisindeks (2015=100),2024M02,
04.1.2,KpiIndMnd,2024M03,"Betalt husleie, fritidsbolig",Konsumprisindeks (2015=100),2024M03,
04.1.2,KpiIndMnd,2024M04,"Betalt husleie, fritidsbolig",Konsumprisindeks (2015=100),2024M04,
04.1.2,KpiIndMnd,2024M05,"Betalt husleie, fritidsbolig",Konsumprisindeks (2015=100),2024M05,
04.1.2,KpiIndMnd,2024M06,"Betalt husleie, fritidsbolig",Konsumprisindeks (2015=100),2024M06,
04.1.2,KpiIndMnd,2024M07,"Betalt husleie, fritidsbolig",Konsumprisindeks (2015=100),2024M07,
04.1.2,KpiIndMnd,2024M08,"Betalt husleie, fritidsbolig",Konsumprisindeks (2015=100),2024M08,
04.1.2,KpiIndMnd,2024M09,"Betalt husleie, fritidsbolig",Konsumprisindeks (2015=100),2024M09,
04.1.2,KpiIndMnd,2024M10,"Betalt husleie, fritidsbolig",Konsumprisindeks (2015=100),2024M10,
04.1.2,KpiIndMnd,2024M11,"Betalt husleie, fritidsbolig",Konsumprisindeks (2015=100),2024M11,
04.1.2,KpiIndMnd,2024M12,"Betalt husleie, fritidsbolig",Konsumprisindeks (2015=100),2024M12,
04.1.2,KpiIndMnd,2025M01,"Betalt husleie, fritidsbolig",Konsumprisindeks (2015=100),2025M01,
04.1.2,KpiIndMnd,2025M02,"Betalt husleie, fritidsbolig",Konsumprisindeks (2015=100),2025M02,
04.1.2,KpiIndMnd,2025M03,"Betalt husleie, fritidsbolig",Konsumprisindeks (2015=100),2025M03,
04.1.2,KpiIndMnd,2025M04,"Betalt husleie, fritidsbolig",Konsumprisindeks (2015=100),2025M04,
04.1.2,KpiIndMnd,2025M05,"Betalt husleie, fritidsbolig",Konsumprisindeks (2015=100),2025M05,
04.1.2,KpiIndMnd,2025M06,"Betalt husleie, fritidsbolig",Konsumprisindeks (2015=100),2025M06,
04.1.2,KpiIndMnd,2025M07,"Betalt husleie, fritidsbolig",Konsumprisindeks (2015=100),2025M07,
04.1.2,KpiIndMnd,2025M08,"Betalt husleie, fritidsbolig",Konsumprisindeks (2015=100),2025M08,
04.1.2,KpiIndMnd,2025M09,"Betalt husleie, fritidsbolig",Konsumprisindeks (2015=100),2025M09,
04.1.2,KpiIndMnd,2025M10,"Betalt husleie, fritidsbolig",Konsumprisindeks (2015=100),2025M10,
04.1.2,KpiIndMnd,2025M11,"Betalt husleie, fritidsbolig",Konsumprisindeks (2015=100),2025M11,
04.1.2,KpiIndMnd,2025M12,"Betalt husleie, fritidsbolig",Konsumprisindeks (2015=100),2025M12,
04.1.2,Manedsendring,1979M01,"Betalt husleie, fritidsbolig",Månedsendring (prosent),1979M01,
04.1.2,Manedsendring,1979M02,"Betalt husleie, fritidsbolig",Månedsendring (prosent),1979M02,
04.1.2,Manedsendring,1979M03,"Betalt husleie, fritidsbolig",Månedsendring (prosent),1979M03,
04.1.2,Manedsendring,1979M04,"Betalt husleie, fritidsbolig",Månedsendring (prosent),1979M04,
04.1.2,Manedsendring,1979M05,"Betalt husleie, fritidsbolig",Månedsendring (prosent),1979M05,
04.1.2,Manedsendring,1979M06,"Betalt husleie, fritidsbolig",Månedsendring (prosent),1979M06,
04.1.2,Manedsendring,1979M07,"Betalt husleie, fritidsbolig",Månedsendring (prosent),1979M07,
04.1.2,Manedsendring,1979M08,"Betalt husleie, fritidsbolig",Månedsendring (prosent),1979M08,
04.1.2,Manedsendring,1979M09,"Betalt husleie, fritidsbolig",Månedsendring (prosent),1979M09,
04.1.2,Manedsendring,1979M10,"Betalt husleie, fritidsbolig",Månedsendring (prosent),1979M10,
04.1.2,Manedsendring,1979M11,"Betalt husleie, fritidsbolig",Månedsendring (prosent),1979M11,
04.1.2,Manedsendring,1979M12,"Betalt husleie, fritidsbolig",Månedsendring (prosent),1979M12,
04.1.2,Manedsendring,1980M01,"Betalt husleie, fritidsbolig",Månedsendring (prosent),1980M01,
04.1.2,Manedsendring,1980M02,"Betalt husleie, fritidsbolig",Månedsendring (prosent),1980M02,
04.1.2,Manedsendring,1980M03,"Betalt husleie, fritidsbolig",Månedsendring (prosent),1980M03,
04.1.2,Manedsendring,1980M04,"Betalt husleie, fritidsbolig",Månedsendring (prosent),1980M04,
04.1.2,Manedsendring,1980M05,"Betalt husleie, fritidsbolig",Månedsendring (prosent),1980M05,
04.1.2,Manedsendring,1980M06,"Betalt husleie, fritidsbolig",Månedsendring (prosent),1980M06,
04.1.2,Manedsendring,1980M07,"Betalt husleie, fritidsbolig",Månedsendring (prosent),1980M07,
04.1.2,Manedsendring,1980M08,"Betalt husleie, fritidsbolig",Månedsendring (prosent),1980M08,
04.1.2,Manedsendring,1980M09,"Betalt husleie, fritidsbolig",Månedsendring (prosent),1980M09,
04.1.2,Manedsendring,1980M10,"Betalt husleie, fritidsbolig",Månedsendring (prosent),1980M10,
04.1.2,Manedsendring,1980M11,"Betalt husleie, fritidsbolig",Månedsendring (prosent),1980M11,
04.1.2,Manedsendring,1980M12,"Betalt husleie, fritidsbolig",Månedsendring (prosent),1980M12,
04.1.2,Manedsendring,1981M01,"Betalt husleie, fritidsbolig",Månedsendring (prosent),1981M01,
04.1.2,Manedsendring,1981M02,"Betalt husleie, fritidsbolig",Månedsendring (prosent),1981M02,
04.1.2,Manedsendring,1981M03,"Betalt husleie, fritidsbolig",Månedsendring (prosent),1981M03,
04.1.2,Manedsendring,1981M04,"Betalt husleie, fritidsbolig",Månedsendring (prosent),1981M04,
04.1.2,Manedsendring,1981M05,"Betalt husleie, fritidsbolig",Månedsendring (prosent),1981M05,
04.1.2,Manedsendring,1981M06,"Betalt husleie, fritidsbolig",Månedsendring (prosent),1981M06,
04.1.2,Manedsendring,1981M07,"Betalt husleie, fritidsbolig",Månedsendring (prosent),1981M07,
04.1.2,Manedsendring,1981M08,"Betalt husleie, fritidsbolig",Månedsendring (prosent),1981M08,
04.1.2,Manedsendring,1981M09,"Betalt husleie, fritidsbolig",Månedsendring (prosent),1981M09,
04.1.2,Manedsendring,1981M10,"Betalt husleie, fritidsbolig",Månedsendring (prosent),1981M10,
04.1.2,Manedsendring,1981M11,"Betalt husleie, fritidsbolig",Månedsendring (prosent),1981M11,
04.1.2,Manedsendring,1981M12,"Betalt husleie, fritidsbolig",Månedsendring (prosent),1981M12,
04.1.2,Manedsendring,1982M01,"Betalt husleie, fritidsbolig",Månedsendring (prosent),1982M01,
04.1.2,Manedsendring,1982M02,"Betalt husleie, fritidsbolig",Månedsendring (prosent),1982M02,
04.1.2,Manedsendring,1982M03,"Betalt husleie, fritidsbolig",Månedsendring (prosent),1982M03,
04.1.2,Manedsendring,1982M04,"Betalt husleie, fritidsbolig",Månedsendring (prosent),1982M04,
04.1.2,Manedsendring,1982M05,"Betalt husleie, fritidsbolig",Månedsendring (prosent),1982M05,
04.1.2,Manedsendring,1982M06,"Betalt husleie, fritidsbolig",Månedsendring (prosent),1982M06,
04.1.2,Manedsendring,1982M07,"Betalt husleie, fritidsbolig",Månedsendring (prosent),1982M07,
04.1.2,Manedsendring,1982M08,"Betalt husleie, fritidsbolig",Månedsendring (prosent),1982M08,
04.1.2,Manedsendring,1982M09,"Betalt husleie, fritidsbolig",Månedsendring (prosent),1982M09,
04.1.2,Manedsendring,1982M10,"Betalt husleie, fritidsbolig",Månedsendring (prosent),1982M10,
04.1.2,Manedsendring,1982M11,"Betalt husleie, fritidsbolig",Månedsendring (prosent),1982M11,
04.1.2,Manedsendring,1982M12,"Betalt husleie, fritidsbolig",Månedsendring (prosent),1982M12,
04.1.2,Manedsendring,1983M01,"Betalt husleie, fritidsbolig",Månedsendring (prosent),1983M01,
04.1.2,Manedsendring,1983M02,"Betalt husleie, fritidsbolig",Månedsendring (prosent),1983M02,
04.1.2,Manedsendring,1983M03,"Betalt husleie, fritidsbolig",Månedsendring (prosent),1983M03,
04.1.2,Manedsendring,1983M04,"Betalt husleie, fritidsbolig",Månedsendring (prosent),1983M04,
04.1.2,Manedsendring,1983M05,"Betalt husleie, fritidsbolig",Månedsendring (prosent),1983M05,
04.1.2,Manedsendring,1983M06,"Betalt husleie, fritidsbolig",Månedsendring (prosent),1983M06,
04.1.2,Manedsendring,1983M07,"Betalt husleie, fritidsbolig",Månedsendring (prosent),1983M07,
04.1.2,Manedsendring,1983M08,"Betalt husleie, fritidsbolig",Månedsendring (prosent),1983M08,
04.1.2,Manedsendring,1983M09,"Betalt husleie, fritidsbolig",Månedsendring (prosent),1983M09,
04.1.2,Manedsendring,1983M10,"Betalt husleie, fritidsbolig",Månedsendring (prosent),1983M10,
04.1.2,Manedsendring,1983M11,"Betalt husleie, fritidsbolig",Månedsendring (prosent),1983M11,
04.1.2,Manedsendring,1983M12,"Betalt husleie, fritidsbolig",Månedsendring (prosent),1983M12,
04.1.2,Manedsendring,1984M01,"Betalt husleie, fritidsbolig",Månedsendring (prosent),1984M01,
04.1.2,Manedsendring,1984M02,"Betalt husleie, fritidsbolig",Månedsendring (prosent),1984M02,
04.1.2,Manedsendring,1984M03,"Betalt husleie, fritidsbolig",Månedsendring (prosent),1984M03,
04.1.2,Manedsendring,1984M04,"Betalt husleie, fritidsbolig",Månedsendring (prosent),1984M04,
04.1.2,Manedsendring,1984M05,"Betalt husleie, fritidsbolig",Månedsendring (prosent),1984M05,
04.1.2,Manedsendring,1984M06,"Betalt husleie, fritidsbolig",Månedsendring (prosent),1984M06,
04.1.2,Manedsendring,1984M07,"Betalt husleie, fritidsbolig",Månedsendring (prosent),1984M07,
04.1.2,Manedsendring,1984M08,"Betalt husleie, fritidsbolig",Månedsendring (prosent),1984M08,
04.1.2,Manedsendring,1984M09,"Betalt husleie, fritidsbolig",Månedsendring (prosent),1984M09,
04.1.2,Manedsendring,1984M10,"Betalt husleie, fritidsbolig",Månedsendring (prosent),1984M10,
04.1.2,Manedsendring,1984M11,"Betalt husleie, fritidsbolig",Månedsendring (prosent),1984M11,
04.1.2,Manedsendring,1984M12,"Betalt husleie, fritidsbolig",Månedsendring (prosent),1984M12,
04.1.2,Manedsendring,1985M01,"Betalt husleie, fritidsbolig",Månedsendring (prosent),1985M01,
04.1.2,Manedsendring,1985M02,"Betalt husleie, fritidsbolig",Månedsendring (prosent),1985M02,
04.1.2,Manedsendring,1985M03,"Betalt husleie, fritidsbolig",Månedsendring (prosent),1985M03,
04.1.2,Manedsendring,1985M04,"Betalt husleie, fritidsbolig",Månedsendring (prosent),1985M04,
04.1.2,Manedsendring,1985M05,"Betalt husleie, fritidsbolig",Månedsendring (prosent),1985M05,
04.1.2,Manedsendring,1985M06,"Betalt husleie, fritidsbolig",Månedsendring (prosent),1985M06,
04.1.2,Manedsendring,1985M07,"Betalt husleie, fritidsbolig",Månedsendring (prosent),1985M07,
04.1.2,Manedsendring,1985M08,"Betalt husleie, fritidsbolig",Månedsendring (prosent),1985M08,
04.1.2,Manedsendring,1985M09,"Betalt husleie, fritidsbolig",Månedsendring (prosent),1985M09,
04.1.2,Manedsendring,1985M10,"Betalt husleie, fritidsbolig",Månedsendring (prosent),1985M10,
04.1.2,Manedsendring,1985M11,"Betalt husleie, fritidsbolig",Månedsendring (prosent),1985M11,
04.1.2,Manedsendring,1985M12,"Betalt husleie, fritidsbolig",Månedsendring (prosent),1985M12,
04.1.2,Manedsendring,1986M01,"Betalt husleie, fritidsbolig",Månedsendring (prosent),1986M01,
04.1.2,Manedsendring,1986M02,"Betalt husleie, fritidsbolig",Månedsendring (prosent),1986M02,
04.1.2,Manedsendring,1986M03,"Betalt husleie, fritidsbolig",Månedsendring (prosent),1986M03,
04.1.2,Manedsendring,1986M04,"Betalt husleie, fritidsbolig",Månedsendring (prosent),1986M04,
04.1.2,Manedsendring,1986M05,"Betalt husleie, fritidsbolig",Månedsendring (prosent),1986M05,
04.1.2,Manedsendring,1986M06,"Betalt husleie, fritidsbolig",Månedsendring (prosent),1986M06,
04.1.2,Manedsendring,1986M07,"Betalt husleie, fritidsbolig",Månedsendring (prosent),1986M07,
04.1.2,Manedsendring,1986M08,"Betalt husleie, fritidsbolig",Månedsendring (prosent),1986M08,
04.1.2,Manedsendring,1986M09,"Betalt husleie, fritidsbolig",Månedsendring (prosent),1986M09,
04.1.2,Manedsendring,1986M10,"Betalt husleie, fritidsbolig",Månedsendring (prosent),1986M10,
04.1.2,Manedsendring,1986M11,"Betalt husleie, fritidsbolig",Månedsendring (prosent),1986M11,
04.1.2,Manedsendring,1986M12,"Betalt husleie, fritidsbolig",Månedsendring (prosent),1986M12,
04.1.2,Manedsendring,1987M01,"Betalt husleie, fritidsbolig",Månedsendring (prosent),1987M01,
04.1.2,Manedsendring,1987M02,"Betalt husleie, fritidsbolig",Månedsendring (prosent),1987M02,
04.1.2,Manedsendring,1987M03,"Betalt husleie, fritidsbolig",Månedsendring (prosent),1987M03,
04.1.2,Manedsendring,1987M04,"Betalt husleie, fritidsbolig",Månedsendring (prosent),1987M04,
04.1.2,Manedsendring,1987M05,"Betalt husleie, fritidsbolig",Månedsendring (prosent),1987M05,
04.1.2,Manedsendring,1987M06,"Betalt husleie, fritidsbolig",Månedsendring (prosent),1987M06,
04.1.2,Manedsendring,1987M07,"Betalt husleie, fritidsbolig",Månedsendring (prosent),1987M07,
04.1.2,Manedsendring,1987M08,"Betalt husleie, fritidsbolig",Månedsendring (prosent),1987M08,
04.1.2,Manedsendring,1987M09,"Betalt husleie, fritidsbolig",Månedsendring (prosent),1987M09,
04.1.2,Manedsendring,1987M10,"Betalt husleie, fritidsbolig",Månedsendring (prosent),1987M10,
04.1.2,Manedsendring,1987M11,"Betalt husleie, fritidsbolig",Månedsendring (prosent),1987M11,
04.1.2,Manedsendring,1987M12,"Betalt husleie, fritidsbolig",Månedsendring (prosent),1987M12,
04.1.2,Manedsendring,1988M01,"Betalt husleie, fritidsbolig",Månedsendring (prosent),1988M01,
04.1.2,Manedsendring,1988M02,"Betalt husleie, fritidsbolig",Månedsendring (prosent),1988M02,
04.1.2,Manedsendring,1988M03,"Betalt husleie, fritidsbolig",Månedsendring (prosent),1988M03,
04.1.2,Manedsendring,1988M04,"Betalt husleie, fritidsbolig",Månedsendring (prosent),1988M04,
04.1.2,Manedsendring,1988M05,"Betalt husleie, fritidsbolig",Månedsendring (prosent),1988M05,
04.1.2,Manedsendring,1988M06,"Betalt husleie, fritidsbolig",Månedsendring (prosent),1988M06,
04.1.2,Manedsendring,1988M07,"Betalt husleie, fritidsbolig",Månedsendring (prosent),1988M07,
04.1.2,Manedsendring,1988M08,"Betalt husleie, fritidsbolig",Månedsendring (prosent),1988M08,
04.1.2,Manedsendring,1988M09,"Betalt husleie, fritidsbolig",Månedsendring (prosent),1988M09,
04.1.2,Manedsendring,1988M10,"Betalt husleie, fritidsbolig",Månedsendring (prosent),1988M10,
04.1.2,Manedsendring,1988M11,"Betalt husleie, fritidsbolig",Månedsendring (prosent),1988M11,
04.1.2,Manedsendring,1988M12,"Betalt husleie, fritidsbolig",Månedsendring (prosent),1988M12,
04.1.2,Manedsendring,1989M01,"Betalt husleie, fritidsbolig",Månedsendring (prosent),1989M01,
04.1.2,Manedsendring,1989M02,"Betalt husleie, fritidsbolig",Månedsendring (prosent),1989M02,
04.1.2,Manedsendring,1989M03,"Betalt husleie, fritidsbolig",Månedsendring (prosent),1989M03,
04.1.2,Manedsendring,1989M04,"Betalt husleie, fritidsbolig",Månedsendring (prosent),1989M04,
04.1.2,Manedsendring,1989M05,"Betalt husleie, fritidsbolig",Månedsendring (prosent),1989M05,
04.1.2,Manedsendring,1989M06,"Betalt husleie, fritidsbolig",Månedsendring (prosent),1989M06,
04.1.2,Manedsendring,1989M07,"Betalt husleie, fritidsbolig",Månedsendring (prosent),1989M07,
04.1.2,Manedsendring,1989M08,"Betalt husleie, fritidsbolig",Månedsendring (prosent),1989M08,
04.1.2,Manedsendring,1989M09,"Betalt husleie, fritidsbolig",Månedsendring (prosent),1989M09,
04.1.2,Manedsendring,1989M10,"Betalt husleie, fritidsbolig",Månedsendring (prosent),1989M10,
04.1.2,Manedsendring,1989M11,"Betalt husleie, fritidsbolig",Månedsendring (prosent),1989M11,
04.1.2,Manedsendring,1989M12,"Betalt husleie, fritidsbolig",Månedsendring (prosent),1989M12,
04.1.2,Manedsendring,1990M01,"Betalt husleie, fritidsbolig",Månedsendring (prosent),1990M01,
04.1.2,Manedsendring,1990M02,"Betalt husleie, fritidsbolig",Månedsendring (prosent),1990M02,
04.1.2,Manedsendring,1990M03,"Betalt husleie, fritidsbolig",Månedsendring (prosent),1990M03,
04.1.2,Manedsendring,1990M04,"Betalt husleie, fritidsbolig",Månedsendring (prosent),1990M04,
04.1.2,Manedsendring,1990M05,"Betalt husleie, fritidsbolig",Månedsendring (prosent),1990M05,
04.1.2,Manedsendring,1990M06,"Betalt husleie, fritidsbolig",Månedsendring (prosent),1990M06,
04.1.2,Manedsendring,1990M07,"Betalt husleie, fritidsbolig",Månedsendring (prosent),1990M07,
04.1.2,Manedsendring,1990M08,"Betalt husleie, fritidsbolig",Månedsendring (prosent),1990M08,
04.1.2,Manedsendring,1990M09,"Betalt husleie, fritidsbolig",Månedsendring (prosent),1990M09,
04.1.2,Manedsendring,1990M10,"Betalt husleie, fritidsbolig",Månedsendring (prosent),1990M10,
04.1.2,Manedsendring,1990M11,"Betalt husleie, fritidsbolig",Månedsendring (prosent),1990M11,
04.1.2,Manedsendring,1990M12,"Betalt husleie, fritidsbolig",Månedsendring (prosent),1990M12,
04.1.2,Manedsendring,1991M01,"Betalt husleie, fritidsbolig",Månedsendring (prosent),1991M01,
04.1.2,Manedsendring,1991M02,"Betalt husleie, fritidsbolig",Månedsendring (prosent),1991M02,
04.1.2,Manedsendring,1991M03,"Betalt husleie, fritidsbolig",Månedsendring (prosent),1991M03,
04.1.2,Manedsendring,1991M04,"Betalt husleie, fritidsbolig",Månedsendring (prosent),1991M04,
04.1.2,Manedsendring,1991M05,"Betalt husleie, fritidsbolig",Månedsendring (prosent),1991M05,
04.1.2,Manedsendring,1991M06,"Betalt husleie, fritidsbolig",Månedsendring (prosent),1991M06,
04.1.2,Manedsendring,1991M07,"Betalt husleie, fritidsbolig",Månedsendring (prosent),1991M07,
04.1.2,Manedsendring,1991M08,"Betalt husleie, fritidsbolig",Månedsendring (prosent),1991M08,
04.1.2,Manedsendring,1991M09,"Betalt husleie, fritidsbolig",Månedsendring (prosent),1991M09,
04.1.2,Manedsendring,1991M10,"Betalt husleie, fritidsbolig",Månedsendring (prosent),1991M10,
04.1.2,Manedsendring,1991M11,"Betalt husleie, fritidsbolig",Månedsendring (prosent),1991M11,
04.1.2,Manedsendring,1991M12,"Betalt husleie, fritidsbolig",Månedsendring (prosent),1991M12,
04.1.2,Manedsendring,1992M01,"Betalt husleie, fritidsbolig",Månedsendring (prosent),1992M01,
04.1.2,Manedsendring,1992M02,"Betalt husleie, fritidsbolig",Månedsendring (prosent),1992M02,
04.1.2,Manedsendring,1992M03,"Betalt husleie, fritidsbolig",Månedsendring (prosent),1992M03,
04.1.2,Manedsendring,1992M04,"Betalt husleie, fritidsbolig",Månedsendring (prosent),1992M04,
04.1.2,Manedsendring,1992M05,"Betalt husleie, fritidsbolig",Månedsendring (prosent),1992M05,
04.1.2,Manedsendring,1992M06,"Betalt husleie, fritidsbolig",Månedsendring (prosent),1992M06,
04.1.2,Manedsendring,1992M07,"Betalt husleie, fritidsbolig",Månedsendring (prosent),1992M07,
04.1.2,Manedsendring,1992M08,"Betalt husleie, fritidsbolig",Månedsendring (prosent),1992M08,
04.1.2,Manedsendring,1992M09,"Betalt husleie, fritidsbolig",Månedsendring (prosent),1992M09,
04.1.2,Manedsendring,1992M10,"Betalt husleie, fritidsbolig",Månedsendring (prosent),1992M10,
04.1.2,Manedsendring,1992M11,"Betalt husleie, fritidsbolig",Månedsendring (prosent),1992M11,
04.1.2,Manedsendring,1992M12,"Betalt husleie, fritidsbolig",Månedsendring (prosent),1992M12,
04.1.2,Manedsendring,1993M01,"Betalt husleie, fritidsbolig",Månedsendring (prosent),1993M01,
04.1.2,Manedsendring,1993M02,"Betalt husleie, fritidsbolig",Månedsendring (prosent),1993M02,
04.1.2,Manedsendring,1993M03,"Betalt husleie, fritidsbolig",Månedsendring (prosent),1993M03,
04.1.2,Manedsendring,1993M04,"Betalt husleie, fritidsbolig",Månedsendring (prosent),1993M04,
04.1.2,Manedsendring,1993M05,"Betalt husleie, fritidsbolig",Månedsendring (prosent),1993M05,
04.1.2,Manedsendring,1993M06,"Betalt husleie, fritidsbolig",Månedsendring (prosent),1993M06,
04.1.2,Manedsendring,1993M07,"Betalt husleie, fritidsbolig",Månedsendring (prosent),1993M07,
04.1.2,Manedsendring,1993M08,"Betalt husleie, fritidsbolig",Månedsendring (prosent),1993M08,
04.1.2,Manedsendring,1993M09,"Betalt husleie, fritidsbolig",Månedsendring (prosent),1993M09,
04.1.2,Manedsendring,1993M10,"Betalt husleie, fritidsbolig",Månedsendring (prosent),1993M10,
04.1.2,Manedsendring,1993M11,"Betalt husleie, fritidsbolig",Månedsendring (prosent),1993M11,
04.1.2,Manedsendring,1993M12,"Betalt husleie, fritidsbolig",Månedsendring (prosent),1993M12,
04.1.2,Manedsendring,1994M01,"Betalt husleie, fritidsbolig",Månedsendring (prosent),1994M01,
04.1.2,Manedsendring,1994M02,"Betalt husleie, fritidsbolig",Månedsendring (prosent),1994M02,
04.1.2,Manedsendring,1994M03,"Betalt husleie, fritidsbolig",Månedsendring (prosent),1994M03,
04.1.2,Manedsendring,1994M04,"Betalt husleie, fritidsbolig",Månedsendring (prosent),1994M04,
04.1.2,Manedsendring,1994M05,"Betalt husleie, fritidsbolig",Månedsendring (prosent),1994M05,
04.1.2,Manedsendring,1994M06,"Betalt husleie, fritidsbolig",Månedsendring (prosent),1994M06,
04.1.2,Manedsendring,1994M07,"Betalt husleie, fritidsbolig",Månedsendring (prosent),1994M07,
04.1.2,Manedsendring,1994M08,"Betalt husleie, fritidsbolig",Månedsendring (prosent),1994M08,
04.1.2,Manedsendring,1994M09,"Betalt husleie, fritidsbolig",Månedsendring (prosent),1994M09,
04.1.2,Manedsendring,1994M10,"Betalt husleie, fritidsbolig",Månedsendring (prosent),1994M10,
04.1.2,Manedsendring,1994M11,"Betalt husleie, fritidsbolig",Månedsendring (prosent),1994M11,
04.1.2,Manedsendring,1994M12,"Betalt husleie, fritidsbolig",Månedsendring (prosent),1994M12,
04.1.2,Manedsendring,1995M01,"Betalt husleie, fritidsbolig",Månedsendring (prosent),1995M01,
04.1.2,Manedsendring,1995M02,"Betalt husleie, fritidsbolig",Månedsendring (prosent),1995M02,
04.1.2,Manedsendring,1995M03,"Betalt husleie, fritidsbolig",Månedsendring (prosent),1995M03,
04.1.2,Manedsendring,1995M04,"Betalt husleie, fritidsbolig",Månedsendring (prosent),1995M04,
04.1.2,Manedsendring,1995M05,"Betalt husleie, fritidsbolig",Månedsendring (prosent),1995M05,
04.1.2,Manedsendring,1995M06,"Betalt husleie, fritidsbolig",Månedsendring (prosent),1995M06,
04.1.2,Manedsendring,1995M07,"Betalt husleie, fritidsbolig",Månedsendring (prosent),1995M07,
04.1.2,Manedsendring,1995M08,"Betalt husleie, fritidsbolig",Månedsendring (prosent),1995M08,
04.1.2,Manedsendring,1995M09,"Betalt husleie, fritidsbolig",Månedsendring (prosent),1995M09,
04.1.2,Manedsendring,1995M10,"Betalt husleie, fritidsbolig",Månedsendring (prosent),1995M10,
04.1.2,Manedsendring,1995M11,"Betalt husleie, fritidsbolig",Månedsendring (prosent),1995M11,
04.1.2,Manedsendring,1995M12,"Betalt husleie, fritidsbolig",Månedsendring (prosent),1995M12,
04.1.2,Manedsendring,1996M01,"Betalt husleie, fritidsbolig",Månedsendring (prosent),1996M01,
04.1.2,Manedsendring,1996M02,"Betalt husleie, fritidsbolig",Månedsendring (prosent),1996M02,
04.1.2,Manedsendring,1996M03,"Betalt husleie, fritidsbolig",Månedsendring (prosent),1996M03,
04.1.2,Manedsendring,1996M04,"Betalt husleie, fritidsbolig",Månedsendring (prosent),1996M04,
04.1.2,Manedsendring,1996M05,"Betalt husleie, fritidsbolig",Månedsendring (prosent),1996M05,
04.1.2,Manedsendring,1996M06,"Betalt husleie, fritidsbolig",Månedsendring (prosent),1996M06,
04.1.2,Manedsendring,1996M07,"Betalt husleie, fritidsbolig",Månedsendring (prosent),1996M07,
04.1.2,Manedsendring,1996M08,"Betalt husleie, fritidsbolig",Månedsendring (prosent),1996M08,
04.1.2,Manedsendring,1996M09,"Betalt husleie, fritidsbolig",Månedsendring (prosent),1996M09,
04.1.2,Manedsendring,1996M10,"Betalt husleie, fritidsbolig",Månedsendring (prosent),1996M10,
04.1.2,Manedsendring,1996M11,"Betalt husleie, fritidsbolig",Månedsendring (prosent),1996M11,
04.1.2,Manedsendring,1996M12,"Betalt husleie, fritidsbolig",Månedsendring (prosent),1996M12,
04.1.2,Manedsendring,1997M01,"Betalt husleie, fritidsbolig",Månedsendring (prosent),1997M01,
04.1.2,Manedsendring,1997M02,"Betalt husleie, fritidsbolig",Månedsendring (prosent),1997M02,
04.1.2,Manedsendring,1997M03,"Betalt husleie, fritidsbolig",Månedsendring (prosent),1997M03,
04.1.2,Manedsendring,1997M04,"Betalt husleie, fritidsbolig",Månedsendring (prosent),1997M04,
04.1.2,Manedsendring,1997M05,"Betalt husleie, fritidsbolig",Månedsendring (prosent),1997M05,
04.1.2,Manedsendring,1997M06,"Betalt husleie, fritidsbolig",Månedsendring (prosent),1997M06,
04.1.2,Manedsendring,1997M07,"Betalt husleie, fritidsbolig",Månedsendring (prosent),1997M07,
04.1.2,Manedsendring,1997M08,"Betalt husleie, fritidsbolig",Månedsendring (prosent),1997M08,
04.1.2,Manedsendring,1997M09,"Betalt husleie, fritidsbolig",Månedsendring (prosent),1997M09,
04.1.2,Manedsendring,1997M10,"Betalt husleie, fritidsbolig",Månedsendring (prosent),1997M10,
04.1.2,Manedsendring,1997M11,"Betalt husleie, fritidsbolig",Månedsendring (prosent),1997M11,
04.1.2,Manedsendring,1997M12,"Betalt husleie, fritidsbolig",Månedsendring (prosent),1997M12,
04.1.2,Manedsendring,1998M01,"Betalt husleie, fritidsbolig",Månedsendring (prosent),1998M01,
04.1.2,Manedsendring,1998M02,"Betalt husleie, fritidsbolig",Månedsendring (prosent),1998M02,
04.1.2,Manedsendring,1998M03,"Betalt husleie, fritidsbolig",Månedsendring (prosent),1998M03,
04.1.2,Manedsendring,1998M04,"Betalt husleie, fritidsbolig",Månedsendring (prosent),1998M04,
04.1.2,Manedsendring,1998M05,"Betalt husleie, fritidsbolig",Månedsendring (prosent),1998M05,
04.1.2,Manedsendring,1998M06,"Betalt husleie, fritidsbolig",Månedsendring (prosent),1998M06,
04.1.2,Manedsendring,1998M07,"Betalt husleie, fritidsbolig",Månedsendring (prosent),1998M07,
04.1.2,Manedsendring,1998M08,"Betalt husleie, fritidsbolig",Månedsendring (prosent),1998M08,
04.1.2,Manedsendring,1998M09,"Betalt husleie, fritidsbolig",Månedsendring (prosent),1998M09,
04.1.2,Manedsendring,1998M10,"Betalt husleie, fritidsbolig",Månedsendring (prosent),1998M10,
04.1.2,Manedsendring,1998M11,"Betalt husleie, fritidsbolig",Månedsendring (prosent),1998M11,
04.1.2,Manedsendring,1998M12,"Betalt husleie, fritidsbolig",Månedsendring (prosent),1998M12,
04.1.2,Manedsendring,1999M01,"Betalt husleie, fritidsbolig",Månedsendring (prosent),1999M01,
04.1.2,Manedsendring,1999M02,"Betalt husleie, fritidsbolig",Månedsendring (prosent),1999M02,
04.1.2,Manedsendring,1999M03,"Betalt husleie, fritidsbolig",Månedsendring (prosent),1999M03,
04.1.2,Manedsendring,1999M04,"Betalt husleie, fritidsbolig",Månedsendring (prosent),1999M04,
04.1.2,Manedsendring,1999M05,"Betalt husleie, fritidsbolig",Månedsendring (prosent),1999M05,
04.1.2,Manedsendring,1999M06,"Betalt husleie, fritidsbolig",Månedsendring (prosent),1999M06,
04.1.2,Manedsendring,1999M07,"Betalt husleie, fritidsbolig",Månedsendring (prosent),1999M07,
04.1.2,Manedsendring,1999M08,"Betalt husleie, fritidsbolig",Månedsendring (prosent),1999M08,
04.1.2,Manedsendring,1999M09,"Betalt husleie, fritidsbolig",Månedsendring (prosent),1999M09,
04.1.2,Manedsendring,1999M10,"Betalt husleie, fritidsbolig",Månedsendring (prosent),1999M10,
04.1.2,Manedsendring,1999M11,"Betalt husleie, fritidsbolig",Månedsendring (prosent),1999M11,
04.1.2,Manedsendring,1999M12,"Betalt husleie, fritidsbolig",Månedsendring (prosent),1999M12,
04.1.2,Manedsendring,2000M01,"Betalt husleie, fritidsbolig",Månedsendring (prosent),2000M01,
04.1.2,Manedsendring,2000M02,"Betalt husleie, fritidsbolig",Månedsendring (prosent),2000M02,
04.1.2,Manedsendring,2000M03,"Betalt husleie, fritidsbolig",Månedsendring (prosent),2000M03,
04.1.2,Manedsendring,2000M04,"Betalt husleie, fritidsbolig",Månedsendring (prosent),2000M04,
04.1.2,Manedsendring,2000M05,"Betalt husleie, fritidsbolig",Månedsendring (prosent),2000M05,
04.1.2,Manedsendring,2000M06,"Betalt husleie, fritidsbolig",Månedsendring (prosent),2000M06,
04.1.2,Manedsendring,2000M07,"Betalt husleie, fritidsbolig",Månedsendring (prosent),2000M07,
04.1.2,Manedsendring,2000M08,"Betalt husleie, fritidsbolig",Månedsendring (prosent),2000M08,
04.1.2,Manedsendring,2000M09,"Betalt husleie, fritidsbolig",Månedsendring (prosent),2000M09,
04.1.2,Manedsendring,2000M10,"Betalt husleie, fritidsbolig",Månedsendring (prosent),2000M10,
04.1.2,Manedsendring,2000M11,"Betalt husleie, fritidsbolig",Månedsendring (prosent),2000M11,
04.1.2,Manedsendring,2000M12,"Betalt husleie, fritidsbolig",Månedsendring (prosent),2000M12,
04.1.2,Manedsendring,2001M01,"Betalt husleie, fritidsbolig",Månedsendring (prosent),2001M01,
04.1.2,Manedsendring,2001M02,"Betalt husleie, fritidsbolig",Månedsendring (prosent),2001M02,
04.1.2,Manedsendring,2001M03,"Betalt husleie, fritidsbolig",Månedsendring (prosent),2001M03,
04.1.2,Manedsendring,2001M04,"Betalt husleie, fritidsbolig",Månedsendring (prosent),2001M04,
04.1.2,Manedsendring,2001M05,"Betalt husleie, fritidsbolig",Månedsendring (prosent),2001M05,
04.1.2,Manedsendring,2001M06,"Betalt husleie, fritidsbolig",Månedsendring (prosent),2001M06,
04.1.2,Manedsendring,2001M07,"Betalt husleie, fritidsbolig",Månedsendring (prosent),2001M07,
04.1.2,Manedsendring,2001M08,"Betalt husleie, fritidsbolig",Månedsendring (prosent),2001M08,
04.1.2,Manedsendring,2001M09,"Betalt husleie, fritidsbolig",Månedsendring (prosent),2001M09,
04.1.2,Manedsendring,2001M10,"Betalt husleie, fritidsbolig",Månedsendring (prosent),2001M10,
04.1.2,Manedsendring,2001M11,"Betalt husleie, fritidsbolig",Månedsendring (prosent),2001M11,
04.1.2,Manedsendring,2001M12,"Betalt husleie, fritidsbolig",Månedsendring (prosent),2001M12,
04.1.2,Manedsendring,2002M01,"Betalt husleie, fritidsbolig",Månedsendring (prosent),2002M01,
04.1.2,Manedsendring,2002M02,"Betalt husleie, fritidsbolig",Månedsendring (prosent),2002M02,
04.1.2,Manedsendring,2002M03,"Betalt husleie, fritidsbolig",Månedsendring (prosent),2002M03,
04.1.2,Manedsendring,2002M04,"Betalt husleie, fritidsbolig",Månedsendring (prosent),2002M04,
04.1.2,Manedsendring,2002M05,"Betalt husleie, fritidsbolig",Månedsendring (prosent),2002M05,
04.1.2,Manedsendring,2002M06,"Betalt husleie, fritidsbolig",Månedsendring (prosent),2002M06,
04.1.2,Manedsendring,2002M07,"Betalt husleie, fritidsbolig",Månedsendring (prosent),2002M07,
04.1.2,Manedsendring,2002M08,"Betalt husleie, fritidsbolig",Månedsendring (prosent),2002M08,
04.1.2,Manedsendring,2002M09,"Betalt husleie, fritidsbolig",Månedsendring (prosent),2002M09,
04.1.2,Manedsendring,2002M10,"Betalt husleie, fritidsbolig",Månedsendring (prosent),2002M10,
04.1.2,Manedsendring,2002M11,"Betalt husleie, fritidsbolig",Månedsendring (prosent),2002M11,
04.1.2,Manedsendring,2002M12,"Betalt husleie, fritidsbolig",Månedsendring (prosent),2002M12,
04.1.2,Manedsendring,2003M01,"Betalt husleie, fritidsbolig",Månedsendring (prosent),2003M01,
04.1.2,Manedsendring,2003M02,"Betalt husleie, fritidsbolig",Månedsendring (prosent),2003M02,
04.1.2,Manedsendring,2003M03,"Betalt husleie, fritidsbolig",Månedsendring (prosent),2003M03,
04.1.2,Manedsendring,2003M04,"Betalt husleie, fritidsbolig",Månedsendring (prosent),2003M04,
04.1.2,Manedsendring,2003M05,"Betalt husleie, fritidsbolig",Månedsendring (prosent),2003M05,
04.1.2,Manedsendring,2003M06,"Betalt husleie, fritidsbolig",Månedsendring (prosent),2003M06,
04.1.2,Manedsendring,2003M07,"Betalt husleie, fritidsbolig",Månedsendring (prosent),2003M07,
04.1.2,Manedsendring,2003M08,"Betalt husleie, fritidsbolig",Månedsendring (prosent),2003M08,
04.1.2,Manedsendring,2003M09,"Betalt husleie, fritidsbolig",Månedsendring (prosent),2003M09,
04.1.2,Manedsendring,2003M10,"Betalt husleie, fritidsbolig",Månedsendring (prosent),2003M10,
04.1.2,Manedsendring,2003M11,"Betalt husleie, fritidsbolig",Månedsendring (prosent),2003M11,
04.1.2,Manedsendring,2003M12,"Betalt husleie, fritidsbolig",Månedsendring (prosent),2003M12,
04.1.2,Manedsendring,2004M01,"Betalt husleie, fritidsbolig",Månedsendring (prosent),2004M01,
04.1.2,Manedsendring,2004M02,"Betalt husleie, fritidsbolig",Månedsendring (prosent),2004M02,
04.1.2,Manedsendring,2004M03,"Betalt husleie, fritidsbolig",Månedsendring (prosent),2004M03,
04.1.2,Manedsendring,2004M04,"Betalt husleie, fritidsbolig",Månedsendring (prosent),2004M04,
04.1.2,Manedsendring,2004M05,"Betalt husleie, fritidsbolig",Månedsendring (prosent),2004M05,
04.1.2,Manedsendring,2004M06,"Betalt husleie, fritidsbolig",Månedsendring (prosent),2004M06,
04.1.2,Manedsendring,2004M07,"Betalt husleie, fritidsbolig",Månedsendring (prosent),2004M07,
04.1.2,Manedsendring,2004M08,"Betalt husleie, fritidsbolig",Månedsendring (prosent),2004M08,
04.1.2,Manedsendring,2004M09,"Betalt husleie, fritidsbolig",Månedsendring (prosent),2004M09,
04.1.2,Manedsendring,2004M10,"Betalt husleie, fritidsbolig",Månedsendring (prosent),2004M10,
04.1.2,Manedsendring,2004M11,"Betalt husleie, fritidsbolig",Månedsendring (prosent),2004M11,
04.1.2,Manedsendring,2004M12,"Betalt husleie, fritidsbolig",Månedsendring (prosent),2004M12,
04.1.2,Manedsendring,2005M01,"Betalt husleie, fritidsbolig",Månedsendring (prosent),2005M01,
04.1.2,Manedsendring,2005M02,"Betalt husleie, fritidsbolig",Månedsendring (prosent),2005M02,
04.1.2,Manedsendring,2005M03,"Betalt husleie, fritidsbolig",Månedsendring (prosent),2005M03,
04.1.2,Manedsendring,2005M04,"Betalt husleie, fritidsbolig",Månedsendring (prosent),2005M04,
04.1.2,Manedsendring,2005M05,"Betalt husleie, fritidsbolig",Månedsendring (prosent),2005M05,
04.1.2,Manedsendring,2005M06,"Betalt husleie, fritidsbolig",Månedsendring (prosent),2005M06,
04.1.2,Manedsendring,2005M07,"Betalt husleie, fritidsbolig",Månedsendring (prosent),2005M07,
04.1.2,Manedsendring,2005M08,"Betalt husleie, fritidsbolig",Månedsendring (prosent),2005M08,
04.1.2,Manedsendring,2005M09,"Betalt husleie, fritidsbolig",Månedsendring (prosent),2005M09,
04.1.2,Manedsendring,2005M10,"Betalt husleie, fritidsbolig",Månedsendring (prosent),2005M10,
04.1.2,Manedsendring,2005M11,"Betalt husleie, fritidsbolig",Månedsendring (prosent),2005M11,
04.1.2,Manedsendring,2005M12,"Betalt husleie, fritidsbolig",Månedsendring (prosent),2005M12,
04.1.2,Manedsendring,2006M01,"Betalt husleie, fritidsbolig",Månedsendring (prosent),2006M01,
04.1.2,Manedsendring,2006M02,"Betalt husleie, fritidsbolig",Månedsendring (prosent),2006M02,
04.1.2,Manedsendring,2006M03,"Betalt husleie, fritidsbolig",Månedsendring (prosent),2006M03,
04.1.2,Manedsendring,2006M04,"Betalt husleie, fritidsbolig",Månedsendring (prosent),2006M04,
04.1.2,Manedsendring,2006M05,"Betalt husleie, fritidsbolig",Månedsendring (prosent),2006M05,
04.1.2,Manedsendring,2006M06,"Betalt husleie, fritidsbolig",Månedsendring (prosent),2006M06,
04.1.2,Manedsendring,2006M07,"Betalt husleie, fritidsbolig",Månedsendring (prosent),2006M07,
04.1.2,Manedsendring,2006M08,"Betalt husleie, fritidsbolig",Månedsendring (prosent),2006M08,
04.1.2,Manedsendring,2006M09,"Betalt husleie, fritidsbolig",Månedsendring (prosent),2006M09,
04.1.2,Manedsendring,2006M10,"Betalt husleie, fritidsbolig",Månedsendring (prosent),2006M10,
04.1.2,Manedsendring,2006M11,"Betalt husleie, fritidsbolig",Månedsendring (prosent),2006M11,
04.1.2,Manedsendring,2006M12,"Betalt husleie, fritidsbolig",Månedsendring (prosent),2006M12,
04.1.2,Manedsendring,2007M01,"Betalt husleie, fritidsbolig",Månedsendring (prosent),2007M01,
04.1.2,Manedsendring,2007M02,"Betalt husleie, fritidsbolig",Månedsendring (prosent),2007M02,
04.1.2,Manedsendring,2007M03,"Betalt husleie, fritidsbolig",Månedsendring (prosent),2007M03,
04.1.2,Manedsendring,2007M04,"Betalt husleie, fritidsbolig",Månedsendring (prosent),2007M04,
04.1.2,Manedsendring,2007M05,"Betalt husleie, fritidsbolig",Månedsendring (prosent),2007M05,
04.1.2,Manedsendring,2007M06,"Betalt husleie, fritidsbolig",Månedsendring (prosent),2007M06,
04.1.2,Manedsendring,2007M07,"Betalt husleie, fritidsbolig",Månedsendring (prosent),2007M07,
04.1.2,Manedsendring,2007M08,"Betalt husleie, fritidsbolig",Månedsendring (prosent),2007M08,
04.1.2,Manedsendring,2007M09,"Betalt husleie, fritidsbolig",Månedsendring (prosent),2007M09,
04.1.2,Manedsendring,2007M10,"Betalt husleie, fritidsbolig",Månedsendring (prosent),2007M10,
04.1.2,Manedsendring,2007M11,"Betalt husleie, fritidsbolig",Månedsendring (prosent),2007M11,
04.1.2,Manedsendring,2007M12,"Betalt husleie, fritidsbolig",Månedsendring (prosent),2007M12,
04.1.2,Manedsendring,2008M01,"Betalt husleie, fritidsbolig",Månedsendring (prosent),2008M01,
04.1.2,Manedsendring,2008M02,"Betalt husleie, fritidsbolig",Månedsendring (prosent),2008M02,
04.1.2,Manedsendring,2008M03,"Betalt husleie, fritidsbolig",Månedsendring (prosent),2008M03,
04.1.2,Manedsendring,2008M04,"Betalt husleie, fritidsbolig",Månedsendring (prosent),2008M04,
04.1.2,Manedsendring,2008M05,"Betalt husleie, fritidsbolig",Månedsendring (prosent),2008M05,
04.1.2,Manedsendring,2008M06,"Betalt husleie, fritidsbolig",Månedsendring (prosent),2008M06,
04.1.2,Manedsendring,2008M07,"Betalt husleie, fritidsbolig",Månedsendring (prosent),2008M07,
04.1.2,Manedsendring,2008M08,"Betalt husleie, fritidsbolig",Månedsendring (prosent),2008M08,
04.1.2,Manedsendring,2008M09,"Betalt husleie, fritidsbolig",Månedsendring (prosent),2008M09,
04.1.2,Manedsendring,2008M10,"Betalt husleie, fritidsbolig",Månedsendring (prosent),2008M10,
04.1.2,Manedsendring,2008M11,"Betalt husleie, fritidsbolig",Månedsendring (prosent),2008M11,
04.1.2,Manedsendring,2008M12,"Betalt husleie, fritidsbolig",Månedsendring (prosent),2008M12,
04.1.2,Manedsendring,2009M01,"Betalt husleie, fritidsbolig",Månedsendring (prosent),2009M01,
04.1.2,Manedsendring,2009M02,"Betalt husleie, fritidsbolig",Månedsendring (prosent),2009M02,
04.1.2,Manedsendring,2009M03,"Betalt husleie, fritidsbolig",Månedsendring (prosent),2009M03,
04.1.2,Manedsendring,2009M04,"Betalt husleie, fritidsbolig",Månedsendring (prosent),2009M04,
04.1.2,Manedsendring,2009M05,"Betalt husleie, fritidsbolig",Månedsendring (prosent),2009M05,
04.1.2,Manedsendring,2009M06,"Betalt husleie, fritidsbolig",Månedsendring (prosent),2009M06,
04.1.2,Manedsendring,2009M07,"Betalt husleie, fritidsbolig",Månedsendring (prosent),2009M07,
04.1.2,Manedsendring,2009M08,"Betalt husleie, fritidsbolig",Månedsendring (prosent),2009M08,
04.1.2,Manedsendring,2009M09,"Betalt husleie, fritidsbolig",Månedsendring (prosent),2009M09,
04.1.2,Manedsendring,2009M10,"Betalt husleie, fritidsbolig",Månedsendring (prosent),2009M10,
04.1.2,Manedsendring,2009M11,"Betalt husleie, fritidsbolig",Månedsendring (prosent),2009M11,
04.1.2,Manedsendring,2009M12,"Betalt husleie, fritidsbolig",Månedsendring (prosent),2009M12,
04.1.2,Manedsendring,2010M01,"Betalt husleie, fritidsbolig",Månedsendring (prosent),2010M01,
04.1.2,Manedsendring,2010M02,"Betalt husleie, fritidsbolig",Månedsendring (prosent),2010M02,
04.1.2,Manedsendring,2010M03,"Betalt husleie, fritidsbolig",Månedsendring (prosent),2010M03,
04.1.2,Manedsendring,2010M04,"Betalt husleie, fritidsbolig",Månedsendring (prosent),2010M04,
04.1.2,Manedsendring,2010M05,"Betalt husleie, fritidsbolig",Månedsendring (prosent),2010M05,
04.1.2,Manedsendring,2010M06,"Betalt husleie, fritidsbolig",Månedsendring (prosent),2010M06,
04.1.2,Manedsendring,2010M07,"Betalt husleie, fritidsbolig",Månedsendring (prosent),2010M07,
04.1.2,Manedsendring,2010M08,"Betalt husleie, fritidsbolig",Månedsendring (prosent),2010M08,
04.1.2,Manedsendring,2010M09,"Betalt husleie, fritidsbolig",Månedsendring (prosent),2010M09,
04.1.2,Manedsendring,2010M10,"Betalt husleie, fritidsbolig",Månedsendring (prosent),2010M10,
04.1.2,Manedsendring,2010M11,"Betalt husleie, fritidsbolig",Månedsendring (prosent),2010M11,
04.1.2,Manedsendring,2010M12,"Betalt husleie, fritidsbolig",Månedsendring (prosent),2010M12,
04.1.2,Manedsendring,2011M01,"Betalt husleie, fritidsbolig",Månedsendring (prosent),2011M01,
04.1.2,Manedsendring,2011M02,"Betalt husleie, fritidsbolig",Månedsendring (prosent),2011M02,
04.1.2,Manedsendring,2011M03,"Betalt husleie, fritidsbolig",Månedsendring (prosent),2011M03,
04.1.2,Manedsendring,2011M04,"Betalt husleie, fritidsbolig",Månedsendring (prosent),2011M04,
04.1.2,Manedsendring,2011M05,"Betalt husleie, fritidsbolig",Månedsendring (prosent),2011M05,
04.1.2,Manedsendring,2011M06,"Betalt husleie, fritidsbolig",Månedsendring (prosent),2011M06,
04.1.2,Manedsendring,2011M07,"Betalt husleie, fritidsbolig",Månedsendring (prosent),2011M07,
04.1.2,Manedsendring,2011M08,"Betalt husleie, fritidsbolig",Månedsendring (prosent),2011M08,
04.1.2,Manedsendring,2011M09,"Betalt husleie, fritidsbolig",Månedsendring (prosent),2011M09,
04.1.2,Manedsendring,2011M10,"Betalt husleie, fritidsbolig",Månedsendring (prosent),2011M10,
04.1.2,Manedsendring,2011M11,"Betalt husleie, fritidsbolig",Månedsendring (prosent),2011M11,
04.1.2,Manedsendring,2011M12,"Betalt husleie, fritidsbolig",Månedsendring (prosent),2011M12,
04.1.2,Manedsendring,2012M01,"Betalt husleie, fritidsbolig",Månedsendring (prosent),2012M01,
04.1.2,Manedsendring,2012M02,"Betalt husleie, fritidsbolig",Månedsendring (prosent),2012M02,
04.1.2,Manedsendring,2012M03,"Betalt husleie, fritidsbolig",Månedsendring (prosent),2012M03,
04.1.2,Manedsendring,2012M04,"Betalt husleie, fritidsbolig",Månedsendring (prosent),2012M04,
04.1.2,Manedsendring,2012M05,"Betalt husleie, fritidsbolig",Månedsendring (prosent),2012M05,
04.1.2,Manedsendring,2012M06,"Betalt husleie, fritidsbolig",Månedsendring (prosent),2012M06,
04.1.2,Manedsendring,2012M07,"Betalt husleie, fritidsbolig",Månedsendring (prosent),2012M07,
04.1.2,Manedsendring,2012M08,"Betalt husleie, fritidsbolig",Månedsendring (prosent),2012M08,
04.1.2,Manedsendring,2012M09,"Betalt husleie, fritidsbolig",Månedsendring (prosent),2012M09,
04.1.2,Manedsendring,2012M10,"Betalt husleie, fritidsbolig",Månedsendring (prosent),2012M10,
04.1.2,Manedsendring,2012M11,"Betalt husleie, fritidsbolig",Månedsendring (prosent),2012M11,
04.1.2,Manedsendring,2012M12,"Betalt husleie, fritidsbolig",Månedsendring (prosent),2012M12,
04.1.2,Manedsendring,2013M01,"Betalt husleie, fritidsbolig",Månedsendring (prosent),2013M01,
04.1.2,Manedsendring,2013M02,"Betalt husleie, fritidsbolig",Månedsendring (prosent),2013M02,
04.1.2,Manedsendring,2013M03,"Betalt husleie, fritidsbolig",Månedsendring (prosent),2013M03,
04.1.2,Manedsendring,2013M04,"Betalt husleie, fritidsbolig",Månedsendring (prosent),2013M04,
04.1.2,Manedsendring,2013M05,"Betalt husleie, fritidsbolig",Månedsendring (prosent),2013M05,
04.1.2,Manedsendring,2013M06,"Betalt husleie, fritidsbolig",Månedsendring (prosent),2013M06,
04.1.2,Manedsendring,2013M07,"Betalt husleie, fritidsbolig",Månedsendring (prosent),2013M07,
04.1.2,Manedsendring,2013M08,"Betalt husleie, fritidsbolig",Månedsendring (prosent),2013M08,
04.1.2,Manedsendring,2013M09,"Betalt husleie, fritidsbolig",Månedsendring (prosent),2013M09,
04.1.2,Manedsendring,2013M10,"Betalt husleie, fritidsbolig",Månedsendring (prosent),2013M10,
04.1.2,Manedsendring,2013M11,"Betalt husleie, fritidsbolig",Månedsendring (prosent),2013M11,
04.1.2,Manedsendring,2013M12,"Betalt husleie, fritidsbolig",Månedsendring (prosent),2013M12,
04.1.2,Manedsendring,2014M01,"Betalt husleie, fritidsbolig",Månedsendring (prosent),2014M01,
04.1.2,Manedsendring,2014M02,"Betalt husleie, fritidsbolig",Månedsendring (prosent),2014M02,
04.1.2,Manedsendring,2014M03,"Betalt husleie, fritidsbolig",Månedsendring (prosent),2014M03,
04.1.2,Manedsendring,2014M04,"Betalt husleie, fritidsbolig",Månedsendring (prosent),2014M04,
04.1.2,Manedsendring,2014M05,"Betalt husleie, fritidsbolig",Månedsendring (prosent),2014M05,
04.1.2,Manedsendring,2014M06,"Betalt husleie, fritidsbolig",Månedsendring (prosent),2014M06,
04.1.2,Manedsendring,2014M07,"Betalt husleie, fritidsbolig",Månedsendring (prosent),2014M07,
04.1.2,Manedsendring,2014M08,"Betalt husleie, fritidsbolig",Månedsendring (prosent),2014M08,
04.1.2,Manedsendring,2014M09,"Betalt husleie, fritidsbolig",Månedsendring (prosent),2014M09,
04.1.2,Manedsendring,2014M10,"Betalt husleie, fritidsbolig",Månedsendring (prosent),2014M10,
04.1.2,Manedsendring,2014M11,"Betalt husleie, fritidsbolig",Månedsendring (prosent),2014M11,
04.1.2,Manedsendring,2014M12,"Betalt husleie, fritidsbolig",Månedsendring (prosent),2014M12,
04.1.2,Manedsendring,2015M01,"Betalt husleie, fritidsbolig",Månedsendring (prosent),2015M01,
04.1.2,Manedsendring,2015M02,"Betalt husleie, fritidsbolig",Månedsendring (prosent),2015M02,
04.1.2,Manedsendring,2015M03,"Betalt husleie, fritidsbolig",Månedsendring (prosent),2015M03,
04.1.2,Manedsendring,2015M04,"Betalt husleie, fritidsbolig",Månedsendring (prosent),2015M04,
04.1.2,Manedsendring,2015M05,"Betalt husleie, fritidsbolig",Månedsendring (prosent),2015M05,
04.1.2,Manedsendring,2015M06,"Betalt husleie, fritidsbolig",Månedsendring (prosent),2015M06,
04.1.2,Manedsendring,2015M07,"Betalt husleie, fritidsbolig",Månedsendring (prosent),2015M07,
04.1.2,Manedsendring,2015M08,"Betalt husleie, fritidsbolig",Månedsendring (prosent),2015M08,
04.1.2,Manedsendring,2015M09,"Betalt husleie, fritidsbolig",Månedsendring (prosent),2015M09,
04.1.2,Manedsendring,2015M10,"Betalt husleie, fritidsbolig",Månedsendring (prosent),2015M10,
04.1.2,Manedsendring,2015M11,"Betalt husleie, fritidsbolig",Månedsendring (prosent),2015M11,
04.1.2,Manedsendring,2015M12,"Betalt husleie, fritidsbolig",Månedsendring (prosent),2015M12,
04.1.2,Manedsendring,2016M01,"Betalt husleie, fritidsbolig",Månedsendring (prosent),2016M01,
04.1.2,Manedsendring,2016M02,"Betalt husleie, fritidsbolig",Månedsendring (prosent),2016M02,
04.1.2,Manedsendring,2016M03,"Betalt husleie, fritidsbolig",Månedsendring (prosent),2016M03,
04.1.2,Manedsendring,2016M04,"Betalt husleie, fritidsbolig",Månedsendring (prosent),2016M04,
04.1.2,Manedsendring,2016M05,"Betalt husleie, fritidsbolig",Månedsendring (prosent),2016M05,
04.1.2,Manedsendring,2016M06,"Betalt husleie, fritidsbolig",Månedsendring (prosent),2016M06,
04.1.2,Manedsendring,2016M07,"Betalt husleie, fritidsbolig",Månedsendring (prosent),2016M07,
04.1.2,Manedsendring,2016M08,"Betalt husleie, fritidsbolig",Månedsendring (prosent),2016M08,
04.1.2,Manedsendring,2016M09,"Betalt husleie, fritidsbolig",Månedsendring (prosent),2016M09,
04.1.2,Manedsendring,2016M10,"Betalt husleie, fritidsbolig",Månedsendring (prosent),2016M10,
04.1.2,Manedsendring,2016M11,"Betalt husleie, fritidsbolig",Månedsendring (prosent),2016M11,
04.1.2,Manedsendring,2016M12,"Betalt husleie, fritidsbolig",Månedsendring (prosent),2016M12,
04.1.2,Manedsendring,2017M01,"Betalt husleie, fritidsbolig",Månedsendring (prosent),2017M01,
04.1.2,Manedsendring,2017M02,"Betalt husleie, fritidsbolig",Månedsendring (prosent),2017M02,
04.1.2,Manedsendring,2017M03,"Betalt husleie, fritidsbolig",Månedsendring (prosent),2017M03,
04.1.2,Manedsendring,2017M04,"Betalt husleie, fritidsbolig",Månedsendring (prosent),2017M04,
04.1.2,Manedsendring,2017M05,"Betalt husleie, fritidsbolig",Månedsendring (prosent),2017M05,
04.1.2,Manedsendring,2017M06,"Betalt husleie, fritidsbolig",Månedsendring (prosent),2017M06,
04.1.2,Manedsendring,2017M07,"Betalt husleie, fritidsbolig",Månedsendring (prosent),2017M07,
04.1.2,Manedsendring,2017M08,"Betalt husleie, fritidsbolig",Månedsendring (prosent),2017M08,
04.1.2,Manedsendring,2017M09,"Betalt husleie, fritidsbolig",Månedsendring (prosent),2017M09,
04.1.2,Manedsendring,2017M10,"Betalt husleie, fritidsbolig",Månedsendring (prosent),2017M10,
04.1.2,Manedsendring,2017M11,"Betalt husleie, fritidsbolig",Månedsendring (prosent),2017M11,
04.1.2,Manedsendring,2017M12,"Betalt husleie, fritidsbolig",Månedsendring (prosent),2017M12,
04.1.2,Manedsendring,2018M01,"Betalt husleie, fritidsbolig",Månedsendring (prosent),2018M01,
04.1.2,Manedsendring,2018M02,"Betalt husleie, fritidsbolig",Månedsendring (prosent),2018M02,
04.1.2,Manedsendring,2018M03,"Betalt husleie, fritidsbolig",Månedsendring (prosent),2018M03,
04.1.2,Manedsendring,2018M04,"Betalt husleie, fritidsbolig",Månedsendring (prosent),2018M04,
04.1.2,Manedsendring,2018M05,"Betalt husleie, fritidsbolig",Månedsendring (prosent),2018M05,
04.1.2,Manedsendring,2018M06,"Betalt husleie, fritidsbolig",Månedsendring (prosent),2018M06,
04.1.2,Manedsendring,2018M07,"Betalt husleie, fritidsbolig",Månedsendring (prosent),2018M07,
04.1.2,Manedsendring,2018M08,"Betalt husleie, fritidsbolig",Månedsendring (prosent),2018M08,
04.1.2,Manedsendring,2018M09,"Betalt husleie, fritidsbolig",Månedsendring (prosent),2018M09,
04.1.2,Manedsendring,2018M10,"Betalt husleie, fritidsbolig",Månedsendring (prosent),2018M10,
04.1.2,Manedsendring,2018M11,"Betalt husleie, fritidsbolig",Månedsendring (prosent),2018M11,
04.1.2,Manedsendring,2018M12,"Betalt husleie, fritidsbolig",Månedsendring (prosent),2018M12,
04.1.2,Manedsendring,2019M01,"Betalt husleie, fritidsbolig",Månedsendring (prosent),2019M01,
04.1.2,Manedsendring,2019M02,"Betalt husleie, fritidsbolig",Månedsendring (prosent),2019M02,
04.1.2,Manedsendring,2019M03,"Betalt husleie, fritidsbolig",Månedsendring (prosent),2019M03,
04.1.2,Manedsendring,2019M04,"Betalt husleie, fritidsbolig",Månedsendring (prosent),2019M04,
04.1.2,Manedsendring,2019M05,"Betalt husleie, fritidsbolig",Månedsendring (prosent),2019M05,
04.1.2,Manedsendring,2019M06,"Betalt husleie, fritidsbolig",Månedsendring (prosent),2019M06,
04.1.2,Manedsendring,2019M07,"Betalt husleie, fritidsbolig",Månedsendring (prosent),2019M07,
04.1.2,Manedsendring,2019M08,"Betalt husleie, fritidsbolig",Månedsendring (prosent),2019M08,
04.1.2,Manedsendring,2019M09,"Betalt husleie, fritidsbolig",Månedsendring (prosent),2019M09,
04.1.2,Manedsendring,2019M10,"Betalt husleie, fritidsbolig",Månedsendring (prosent),2019M10,
04.1.2,Manedsendring,2019M11,"Betalt husleie, fritidsbolig",Månedsendring (prosent),2019M11,
04.1.2,Manedsendring,2019M12,"Betalt husleie, fritidsbolig",Månedsendring (prosent),2019M12,
04.1.2,Manedsendring,2020M01,"Betalt husleie, fritidsbolig",Månedsendring (prosent),2020M01,
04.1.2,Manedsendring,2020M02,"Betalt husleie, fritidsbolig",Månedsendring (prosent),2020M02,
04.1.2,Manedsendring,2020M03,"Betalt husleie, fritidsbolig",Månedsendring (prosent),2020M03,
04.1.2,Manedsendring,2020M04,"Betalt husleie, fritidsbolig",Månedsendring (prosent),2020M04,
04.1.2,Manedsendring,2020M05,"Betalt husleie, fritidsbolig",Månedsendring (prosent),2020M05,
04.1.2,Manedsendring,2020M06,"Betalt husleie, fritidsbolig",Månedsendring (prosent),2020M06,
04.1.2,Manedsendring,2020M07,"Betalt husleie, fritidsbolig",Månedsendring (prosent),2020M07,
04.1.2,Manedsendring,2020M08,"Betalt husleie, fritidsbolig",Månedsendring (prosent),2020M08,
04.1.2,Manedsendring,2020M09,"Betalt husleie, fritidsbolig",Månedsendring (prosent),2020M09,
04.1.2,Manedsendring,2020M10,"Betalt husleie, fritidsbolig",Månedsendring (prosent),2020M10,
04.1.2,Manedsendring,2020M11,"Betalt husleie, fritidsbolig",Månedsendring (prosent),2020M11,
04.1.2,Manedsendring,2020M12,"Betalt husleie, fritidsbolig",Månedsendring (prosent),2020M12,
04.1.2,Manedsendring,2021M01,"Betalt husleie, fritidsbolig",Månedsendring (prosent),2021M01,
04.1.2,Manedsendring,2021M02,"Betalt husleie, fritidsbolig",Månedsendring (prosent),2021M02,
04.1.2,Manedsendring,2021M03,"Betalt husleie, fritidsbolig",Månedsendring (prosent),2021M03,
04.1.2,Manedsendring,2021M04,"Betalt husleie, fritidsbolig",Månedsendring (prosent),2021M04,
04.1.2,Manedsendring,2021M05,"Betalt husleie, fritidsbolig",Månedsendring (prosent),2021M05,
04.1.2,Manedsendring,2021M06,"Betalt husleie, fritidsbolig",Månedsendring (prosent),2021M06,
04.1.2,Manedsendring,2021M07,"Betalt husleie, fritidsbolig",Månedsendring (prosent),2021M07,
04.1.2,Manedsendring,2021M08,"Betalt husleie, fritidsbolig",Månedsendring (prosent),2021M08,
04.1.2,Manedsendring,2021M09,"Betalt husleie, fritidsbolig",Månedsendring (prosent),2021M09,
04.1.2,Manedsendring,2021M10,"Betalt husleie, fritidsbolig",Månedsendring (prosent),2021M10,
04.1.2,Manedsendring,2021M11,"Betalt husleie, fritidsbolig",Månedsendring (prosent),2021M11,
04.1.2,Manedsendring,2021M12,"Betalt husleie, fritidsbolig",Månedsendring (prosent),2021M12,
04.1.2,Manedsendring,2022M01,"Betalt husleie, fritidsbolig",Månedsendring (prosent),2022M01,
04.1.2,Manedsendring,2022M02,"Betalt husleie, fritidsbolig",Månedsendring (prosent),2022M02,
04.1.2,Manedsendring,2022M03,"Betalt husleie, fritidsbolig",Månedsendring (prosent),2022M03,
04.1.2,Manedsendring,2022M04,"Betalt husleie, fritidsbolig",Månedsendring (prosent),2022M04,
04.1.2,Manedsendring,2022M05,"Betalt husleie, fritidsbolig",Månedsendring (prosent),2022M05,
04.1.2,Manedsendring,2022M06,"Betalt husleie, fritidsbolig",Månedsendring (prosent),2022M06,
04.1.2,Manedsendring,2022M07,"Betalt husleie, fritidsbolig",Månedsendring (prosent),2022M07,
04.1.2,Manedsendring,2022M08,"Betalt husleie, fritidsbolig",Månedsendring (prosent),2022M08,
04.1.2,Manedsendring,2022M09,"Betalt husleie, fritidsbolig",Månedsendring (prosent),2022M09,
04.1.2,Manedsendring,2022M10,"Betalt husleie, fritidsbolig",Månedsendring (prosent),2022M10,
04.1.2,Manedsendring,2022M11,"Betalt husleie, fritidsbolig",Månedsendring (prosent),2022M11,
04.1.2,Manedsendring,2022M12,"Betalt husleie, fritidsbolig",Månedsendring (prosent),2022M12,
04.1.2,Manedsendring,2023M01,"Betalt husleie, fritidsbolig",Månedsendring (prosent),2023M01,
04.1.2,Manedsendring,2023M02,"Betalt husleie, fritidsbolig",Månedsendring (prosent),2023M02,
04.1.2,Manedsendring,2023M03,"Betalt husleie, fritidsbolig",Månedsendring (prosent),2023M03,
04.1.2,Manedsendring,2023M04,"Betalt husleie, fritidsbolig",Månedsendring (prosent),2023M04,
04.1.2,Manedsendring,2023M05,"Betalt husleie, fritidsbolig",Månedsendring (prosent),2023M05,
04.1.2,Manedsendring,2023M06,"Betalt husleie, fritidsbolig",Månedsendring (prosent),2023M06,
04.1.2,Manedsendring,2023M07,"Betalt husleie, fritidsbolig",Månedsendring (prosent),2023M07,
04.1.2,Manedsendring,2023M08,"Betalt husleie, fritidsbolig",Månedsendring (prosent),2023M08,
04.1.2,Manedsendring,2023M09,"Betalt husleie, fritidsbolig",Månedsendring (prosent),2023M09,
04.1.2,Manedsendring,2023M10,"Betalt husleie, fritidsbolig",Månedsendring (prosent),2023M10,
04.1.2,Manedsendring,2023M11,"Betalt husleie, fritidsbolig",Månedsendring (prosent),2023M11,
04.1.2,Manedsendring,2023M12,"Betalt husleie, fritidsbolig",Månedsendring (prosent),2023M12,
04.1.2,Manedsendring,2024M01,"Betalt husleie, fritidsbolig",Månedsendring (prosent),2024M01,
04.1.2,Manedsendring,2024M02,"Betalt husleie, fritidsbolig",Månedsendring (prosent),2024M02,
04.1.2,Manedsendring,2024M03,"Betalt husleie, fritidsbolig",Månedsendring (prosent),2024M03,
04.1.2,Manedsendring,2024M04,"Betalt husleie, fritidsbolig",Månedsendring (prosent),2024M04,
04.1.2,Manedsendring,2024M05,"Betalt husleie, fritidsbolig",Månedsendring (prosent),2024M05,
04.1.2,Manedsendring,2024M06,"Betalt husleie, fritidsbolig",Månedsendring (prosent),2024M06,
04.1.2,Manedsendring,2024M07,"Betalt husleie, fritidsbolig",Månedsendring (prosent),2024M07,
04.1.2,Manedsendring,2024M08,"Betalt husleie, fritidsbolig",Månedsendring (prosent),2024M08,
04.1.2,Manedsendring,2024M09,"Betalt husleie, fritidsbolig",Månedsendring (prosent),2024M09,
04.1.2,Manedsendring,2024M10,"Betalt husleie, fritidsbolig",Månedsendring (prosent),2024M10,
04.1.2,Manedsendring,2024M11,"Betalt husleie, fritidsbolig",Månedsendring (prosent),2024M11,
04.1.2,Manedsendring,2024M12,"Betalt husleie, fritidsbolig",Månedsendring (prosent),2024M12,
04.1.2,Manedsendring,2025M01,"Betalt husleie, fritidsbolig",Månedsendring (prosent),2025M01,
04.1.2,Manedsendring,2025M02,"Betalt husleie, fritidsbolig",Månedsendring (prosent),2025M02,
04.1.2,Manedsendring,2025M03,"Betalt husleie, fritidsbolig",Månedsendring (prosent),2025M03,
04.1.2,Manedsendring,2025M04,"Betalt husleie, fritidsbolig",Månedsendring (prosent),2025M04,
04.1.2,Manedsendring,2025M05,"Betalt husleie, fritidsbolig",Månedsendring (prosent),2025M05,
04.1.2,Manedsendring,2025M06,"Betalt husleie, fritidsbolig",Månedsendring (prosent),2025M06,
04.1.2,Manedsendring,2025M07,"Betalt husleie, fritidsbolig",Månedsendring (prosent),2025M07,
04.1.2,Manedsendring,2025M08,"Betalt husleie, fritidsbolig",Månedsendring (prosent),2025M08,
04.1.2,Manedsendring,2025M09,"Betalt husleie, fritidsbolig",Månedsendring (prosent),2025M09,
04.1.2,Manedsendring,2025M10,"Betalt husleie, fritidsbolig",Månedsendring (prosent),2025M10,
04.1.2,Manedsendring,2025M11,"Betalt husleie, fritidsbolig",Månedsendring (prosent),2025M11,
04.1.2,Manedsendring,2025M12,"Betalt husleie, fritidsbolig",Månedsendring (prosent),2025M12,
04.1.2,Tolvmanedersendring,1979M01,"Betalt husleie, fritidsbolig",12-måneders endring (prosent),1979M01,
04.1.2,Tolvmanedersendring,1979M02,"Betalt husleie, fritidsbolig",12-måneders endring (prosent),1979M02,
04.1.2,Tolvmanedersendring,1979M03,"Betalt husleie, fritidsbolig",12-måneders endring (prosent),1979M03,
04.1.2,Tolvmanedersendring,1979M04,"Betalt husleie, fritidsbolig",12-måneders endring (prosent),1979M04,
04.1.2,Tolvmanedersendring,1979M05,"Betalt husleie, fritidsbolig",12-måneders endring (prosent),1979M05,
04.1.2,Tolvmanedersendring,1979M06,"Betalt husleie, fritidsbolig",12-måneders endring (prosent),1979M06,
04.1.2,Tolvmanedersendring,1979M07,"Betalt husleie, fritidsbolig",12-måneders endring (prosent),1979M07,
04.1.2,Tolvmanedersendring,1979M08,"Betalt husleie, fritidsbolig",12-måneders endring (prosent),1979M08,
04.1.2,Tolvmanedersendring,1979M09,"Betalt husleie, fritidsbolig",12-måneders endring (prosent),1979M09,
04.1.2,Tolvmanedersendring,1979M10,"Betalt husleie, fritidsbolig",12-måneders endring (prosent),1979M10,
04.1.2,Tolvmanedersendring,1979M11,"Betalt husleie, fritidsbolig",12-måneders endring (prosent),1979M11,
04.1.2,Tolvmanedersendring,1979M12,"Betalt husleie, fritidsbolig",12-måneders endring (prosent),1979M12,
04.1.2,Tolvmanedersendring,1980M01,"Betalt husleie, fritidsbolig",12-måneders endring (prosent),1980M01,
04.1.2,Tolvmanedersendring,1980M02,"Betalt husleie, fritidsbolig",12-måneders endring (prosent),1980M02,
04.1.2,Tolvmanedersendring,1980M03,"Betalt husleie, fritidsbolig",12-måneders endring (prosent),1980M03,
04.1.2,Tolvmanedersendring,1980M04,"Betalt husleie, fritidsbolig",12-måneders endring (prosent),1980M04,
04.1.2,Tolvmanedersendring,1980M05,"Betalt husleie, fritidsbolig",12-måneders endring (prosent),1980M05,
04.1.2,Tolvmanedersendring,1980M06,"Betalt husleie, fritidsbolig",12-måneders endring (prosent),1980M06,
04.1.2,Tolvmanedersendring,1980M07,"Betalt husleie, fritidsbolig",12-måneders endring (prosent),1980M07,
04.1.2,Tolvmanedersendring,1980M08,"Betalt husleie, fritidsbolig",12-måneders endring (prosent),1980M08,
04.1.2,Tolvmanedersendring,1980M09,"Betalt husleie, fritidsbolig",12-måneders endring (prosent),1980M09,
04.1.2,Tolvmanedersendring,1980M10,"Betalt husleie, fritidsbolig",12-måneders endring (prosent),1980M10,
04.1.2,Tolvmanedersendring,1980M11,"Betalt husleie, fritidsbolig",12-måneders endring (prosent),1980M11,
04.1.2,Tolvmanedersendring,1980M12,"Betalt husleie, fritidsbolig",12-måneders endring (prosent),1980M12,
04.1.2,Tolvmanedersendring,1981M01,"Betalt husleie, fritidsbolig",12-måneders endring (prosent),1981M01,
04.1.2,Tolvmanedersendring,1981M02,"Betalt husleie, fritidsbolig",12-måneders endring (prosent),1981M02,
04.1.2,Tolvmanedersendring,1981M03,"Betalt husleie, fritidsbolig",12-måneders endring (prosent),1981M03,
04.1.2,Tolvmanedersendring,1981M04,"Betalt husleie, fritidsbolig",12-måneders endring (prosent),1981M04,
04.1.2,Tolvmanedersendring,1981M05,"Betalt husleie, fritidsbolig",12-måneders endring (prosent),1981M05,
04.1.2,Tolvmanedersendring,1981M06,"Betalt husleie, fritidsbolig",12-måneders endring (prosent),1981M06,
04.1.2,Tolvmanedersendring,1981M07,"Betalt husleie, fritidsbolig",12-måneders endring (prosent),1981M07,
04.1.2,Tolvmanedersendring,1981M08,"Betalt husleie, fritidsbolig",12-måneders endring (prosent),1981M08,
04.1.2,Tolvmanedersendring,1981M09,"Betalt husleie, fritidsbolig",12-måneders endring (prosent),1981M09,
04.1.2,Tolvmanedersendring,1981M10,"Betalt husleie, fritidsbolig",12-måneders endring (prosent),1981M10,
04.1.2,Tolvmanedersendring,1981M11,"Betalt husleie, fritidsbolig",12-måneders endring (prosent),1981M11,
04.1.2,Tolvmanedersendring,1981M12,"Betalt husleie, fritidsbolig",12-måneders endring (prosent),1981M12,
04.1.2,Tolvmanedersendring,1982M01,"Betalt husleie, fritidsbolig",12-måneders endring (prosent),1982M01,
04.1.2,Tolvmanedersendring,1982M02,"Betalt husleie, fritidsbolig",12-måneders endring (prosent),1982M02,
04.1.2,Tolvmanedersendring,1982M03,"Betalt husleie, fritidsbolig",12-måneders endring (prosent),1982M03,
04.1.2,Tolvmanedersendring,1982M04,"Betalt husleie, fritidsbolig",12-måneders endring (prosent),1982M04,
04.1.2,Tolvmanedersendring,1982M05,"Betalt husleie, fritidsbolig",12-måneders endring (prosent),1982M05,
04.1.2,Tolvmanedersendring,1982M06,"Betalt husleie, fritidsbolig",12-måneders endring (prosent),1982M06,
04.1.2,Tolvmanedersendring,1982M07,"Betalt husleie, fritidsbolig",12-måneders endring (prosent),1982M07,
04.1.2,Tolvmanedersendring,1982M08,"Betalt husleie, fritidsbolig",12-måneders endring (prosent),1982M08,
04.1.2,Tolvmanedersendring,1982M09,"Betalt husleie, fritidsbolig",12-måneders endring (prosent),1982M09,
04.1.2,Tolvmanedersendring,1982M10,"Betalt husleie, fritidsbolig",12-måneders endring (prosent),1982M10,
04.1.2,Tolvmanedersendring,1982M11,"Betalt husleie, fritidsbolig",12-måneders endring (prosent),1982M11,
04.1.2,Tolvmanedersendring,1982M12,"Betalt husleie, fritidsbolig",12-måneders endring (prosent),1982M12,
04.1.2,Tolvmanedersendring,1983M01,"Betalt husleie, fritidsbolig",12-måneders endring (prosent),1983M01,
04.1.2,Tolvmanedersendring,1983M02,"Betalt husleie, fritidsbolig",12-måneders endring (prosent),1983M02,
04.1.2,Tolvmanedersendring,1983M03,"Betalt husleie, fritidsbolig",12-måneders endring (prosent),1983M03,
04.1.2,Tolvmanedersendring,1983M04,"Betalt husleie, fritidsbolig",12-måneders endring (prosent),1983M04,
04.1.2,Tolvmanedersendring,1983M05,"Betalt husleie, fritidsbolig",12-måneders endring (prosent),1983M05,
04.1.2,Tolvmanedersendring,1983M06,"Betalt husleie, fritidsbolig",12-måneders endring (prosent),1983M06,
04.1.2,Tolvmanedersendring,1983M07,"Betalt husleie, fritidsbolig",12-måneders endring (prosent),1983M07,
04.1.2,Tolvmanedersendring,1983M08,"Betalt husleie, fritidsbolig",12-måneders endring (prosent),1983M08,
04.1.2,Tolvmanedersendring,1983M09,"Betalt husleie, fritidsbolig",12-måneders endring (prosent),1983M09,
04.1.2,Tolvmanedersendring,1983M10,"Betalt husleie, fritidsbolig",12-måneders endring (prosent),1983M10,
04.1.2,Tolvmanedersendring,1983M11,"Betalt husleie, fritidsbolig",12-måneders endring (prosent),1983M11,
04.1.2,Tolvmanedersendring,1983M12,"Betalt husleie, fritidsbolig",12-måneders endring (prosent),1983M12,
04.1.2,Tolvmanedersendring,1984M01,"Betalt husleie, fritidsbolig",12-måneders endring (prosent),1984M01,
04.1.2,Tolvmanedersendring,1984M02,"Betalt husleie, fritidsbolig",12-måneders endring (prosent),1984M02,
04.1.2,Tolvmanedersendring,1984M03,"Betalt husleie, fritidsbolig",12-måneders endring (prosent),1984M03,
04.1.2,Tolvmanedersendring,1984M04,"Betalt husleie, fritidsbolig",12-måneders endring (prosent),1984M04,
04.1.2,Tolvmanedersendring,1984M05,"Betalt husleie, fritidsbolig",12-måneders endring (prosent),1984M05,
04.1.2,Tolvmanedersendring,1984M06,"Betalt husleie, fritidsbolig",12-måneders endring (prosent),1984M06,
04.1.2,Tolvmanedersendring,1984M07,"Betalt husleie, fritidsbolig",12-måneders endring (prosent),1984M07,
04.1.2,Tolvmanedersendring,1984M08,"Betalt husleie, fritidsbolig",12-måneders endring (prosent),1984M08,
04.1.2,Tolvmanedersendring,1984M09,"Betalt husleie, fritidsbolig",12-måneders endring (prosent),1984M09,
04.1.2,Tolvmanedersendring,1984M10,"Betalt husleie, fritidsbolig",12-måneders endring (prosent),1984M10,
04.1.2,Tolvmanedersendring,1984M11,"Betalt husleie, fritidsbolig",12-måneders endring (prosent),1984M11,
04.1.2,Tolvmanedersendring,1984M12,"Betalt husleie, fritidsbolig",12-måneders endring (prosent),1984M12,
04.1.2,Tolvmanedersendring,1985M01,"Betalt husleie, fritidsbolig",12-måneders endring (prosent),1985M01,
04.1.2,Tolvmanedersendring,1985M02,"Betalt husleie, fritidsbolig",12-måneders endring (prosent),1985M02,
04.1.2,Tolvmanedersendring,1985M03,"Betalt husleie, fritidsbolig",12-måneders endring (prosent),1985M03,
04.1.2,Tolvmanedersendring,1985M04,"Betalt husleie, fritidsbolig",12-måneders endring (prosent),1985M04,
04.1.2,Tolvmanedersendring,1985M05,"Betalt husleie, fritidsbolig",12-måneders endring (prosent),1985M05,
04.1.2,Tolvmanedersendring,1985M06,"Betalt husleie, fritidsbolig",12-måneders endring (prosent),1985M06,
04.1.2,Tolvmanedersendring,1985M07,"Betalt husleie, fritidsbolig",12-måneders endring (prosent),1985M07,
04.1.2,Tolvmanedersendring,1985M08,"Betalt husleie, fritidsbolig",12-måneders endring (prosent),1985M08,
04.1.2,Tolvmanedersendring,1985M09,"Betalt husleie, fritidsbolig",12-måneders endring (prosent),1985M09,
04.1.2,Tolvmanedersendring,1985M10,"Betalt husleie, fritidsbolig",12-måneders endring (prosent),1985M10,
04.1.2,Tolvmanedersendring,1985M11,"Betalt husleie, fritidsbolig",12-måneders endring (prosent),1985M11,
04.1.2,Tolvmanedersendring,1985M12,"Betalt husleie, fritidsbolig",12-måneders endring (prosent),1985M12,
04.1.2,Tolvmanedersendring,1986M01,"Betalt husleie, fritidsbolig",12-måneders endring (prosent),1986M01,
04.1.2,Tolvmanedersendring,1986M02,"Betalt husleie, fritidsbolig",12-måneders endring (prosent),1986M02,
04.1.2,Tolvmanedersendring,1986M03,"Betalt husleie, fritidsbolig",12-måneders endring (prosent),1986M03,
04.1.2,Tolvmanedersendring,1986M04,"Betalt husleie, fritidsbolig",12-måneders endring (prosent),1986M04,
04.1.2,Tolvmanedersendring,1986M05,"Betalt husleie, fritidsbolig",12-måneders endring (prosent),1986M05,
04.1.2,Tolvmanedersendring,1986M06,"Betalt husleie, fritidsbolig",12-måneders endring (prosent),1986M06,
04.1.2,Tolvmanedersendring,1986M07,"Betalt husleie, fritidsbolig",12-måneders endring (prosent),1986M07,
04.1.2,Tolvmanedersendring,1986M08,"Betalt husleie, fritidsbolig",12-måneders endring (prosent),1986M08,
04.1.2,Tolvmanedersendring,1986M09,"Betalt husleie, fritidsbolig",12-måneders endring (prosent),1986M09,
04.1.2,Tolvmanedersendring,1986M10,"Betalt husleie, fritidsbolig",12-måneders endring (prosent),1986M10,
04.1.2,Tolvmanedersendring,1986M11,"Betalt husleie, fritidsbolig",12-måneders endring (prosent),1986M11,
04.1.2,Tolvmanedersendring,1986M12,"Betalt husleie, fritidsbolig",12-måneders endring (prosent),1986M12,
04.1.2,Tolvmanedersendring,1987M01,"Betalt husleie, fritidsbolig",12-måneders endring (prosent),1987M01,
04.1.2,Tolvmanedersendring,1987M02,"Betalt husleie, fritidsbolig",12-måneders endring (prosent),1987M02,
04.1.2,Tolvmanedersendring,1987M03,"Betalt husleie, fritidsbolig",12-måneders endring (prosent),1987M03,
04.1.2,Tolvmanedersendring,1987M04,"Betalt husleie, fritidsbolig",12-måneders endring (prosent),1987M04,
04.1.2,Tolvmanedersendring,1987M05,"Betalt husleie, fritidsbolig",12-måneders endring (prosent),1987M05,
04.1.2,Tolvmanedersendring,1987M06,"Betalt husleie, fritidsbolig",12-måneders endring (prosent),1987M06,
04.1.2,Tolvmanedersendring,1987M07,"Betalt husleie, fritidsbolig",12-måneders endring (prosent),1987M07,
04.1.2,Tolvmanedersendring,1987M08,"Betalt husleie, fritidsbolig",12-måneders endring (prosent),1987M08,
04.1.2,Tolvmanedersendring,1987M09,"Betalt husleie, fritidsbolig",12-måneders endring (prosent),1987M09,
04.1.2,Tolvmanedersendring,1987M10,"Betalt husleie, fritidsbolig",12-måneders endring (prosent),1987M10,
04.1.2,Tolvmanedersendring,1987M11,"Betalt husleie, fritidsbolig",12-måneders endring (prosent),1987M11,
04.1.2,Tolvmanedersendring,1987M12,"Betalt husleie, fritidsbolig",12-måneders endring (prosent),1987M12,
04.1.2,Tolvmanedersendring,1988M01,"Betalt husleie, fritidsbolig",12-måneders endring (prosent),1988M01,
04.1.2,Tolvmanedersendring,1988M02,"Betalt husleie, fritidsbolig",12-måneders endring (prosent),1988M02,
04.1.2,Tolvmanedersendring,1988M03,"Betalt husleie, fritidsbolig",12-måneders endring (prosent),1988M03,
04.1.2,Tolvmanedersendring,1988M04,"Betalt husleie, fritidsbolig",12-måneders endring (prosent),1988M04,
04.1.2,Tolvmanedersendring,1988M05,"Betalt husleie, fritidsbolig",12-måneders endring (prosent),1988M05,
04.1.2,Tolvmanedersendring,1988M06,"Betalt husleie, fritidsbolig",12-måneders endring (prosent),1988M06,
04.1.2,Tolvmanedersendring,1988M07,"Betalt husleie, fritidsbolig",12-måneders endring (prosent),1988M07,
04.1.2,Tolvmanedersendring,1988M08,"Betalt husleie, fritidsbolig",12-måneders endring (prosent),1988M08,
04.1.2,Tolvmanedersendring,1988M09,"Betalt husleie, fritidsbolig",12-måneders endring (prosent),1988M09,
04.1.2,Tolvmanedersendring,1988M10,"Betalt husleie, fritidsbolig",12-måneders endring (prosent),1988M10,
04.1.2,Tolvmanedersendring,1988M11,"Betalt husleie, fritidsbolig",12-måneders endring (prosent),1988M11,
04.1.2,Tolvmanedersendring,1988M12,"Betalt husleie, fritidsbolig",12-måneders endring (prosent),1988M12,
04.1.2,Tolvmanedersendring,1989M01,"Betalt husleie, fritidsbolig",12-måneders endring (prosent),1989M01,
04.1.2,Tolvmanedersendring,1989M02,"Betalt husleie, fritidsbolig",12-måneders endring (prosent),1989M02,
04.1.2,Tolvmanedersendring,1989M03,"Betalt husleie, fritidsbolig",12-måneders endring (prosent),1989M03,
04.1.2,Tolvmanedersendring,1989M04,"Betalt husleie, fritidsbolig",12-måneders endring (prosent),1989M04,
04.1.2,Tolvmanedersendring,1989M05,"Betalt husleie, fritidsbolig",12-måneders endring (prosent),1989M05,
04.1.2,Tolvmanedersendring,1989M06,"Betalt husleie, fritidsbolig",12-måneders endring (prosent),1989M06,
04.1.2,Tolvmanedersendring,1989M07,"Betalt husleie, fritidsbolig",12-måneders endring (prosent),1989M07,
04.1.2,Tolvmanedersendring,1989M08,"Betalt husleie, fritidsbolig",12-måneders endring (prosent),1989M08,
04.1.2,Tolvmanedersendring,1989M09,"Betalt husleie, fritidsbolig",12-måneders endring (prosent),1989M09,
04.1.2,Tolvmanedersendring,1989M10,"Betalt husleie, fritidsbolig",12-måneders endring (prosent),1989M10,
04.1.2,Tolvmanedersendring,1989M11,"Betalt husleie, fritidsbolig",12-måneders endring (prosent),1989M11,
04.1.2,Tolvmanedersendring,1989M12,"Betalt husleie, fritidsbolig",12-måneders endring (prosent),1989M12,
04.1.2,Tolvmanedersendring,1990M01,"Betalt husleie, fritidsbolig",12-måneders endring (prosent),1990M01,
04.1.2,Tolvmanedersendring,1990M02,"Betalt husleie, fritidsbolig",12-måneders endring (prosent),1990M02,
04.1.2,Tolvmanedersendring,1990M03,"Betalt husleie, fritidsbolig",12-måneders endring (prosent),1990M03,
04.1.2,Tolvmanedersendring,1990M04,"Betalt husleie, fritidsbolig",12-måneders endring (prosent),1990M04,
04.1.2,Tolvmanedersendring,1990M05,"Betalt husleie, fritidsbolig",12-måneders endring (prosent),1990M05,
04.1.2,Tolvmanedersendring,1990M06,"Betalt husleie, fritidsbolig",12-måneders endring (prosent),1990M06,
04.1.2,Tolvmanedersendring,1990M07,"Betalt husleie, fritidsbolig",12-måneders endring (prosent),1990M07,
04.1.2,Tolvmanedersendring,1990M08,"Betalt husleie, fritidsbolig",12-måneders endring (prosent),1990M08,
04.1.2,Tolvmanedersendring,1990M09,"Betalt husleie, fritidsbolig",12-måneders endring (prosent),1990M09,
04.1.2,Tolvmanedersendring,1990M10,"Betalt husleie, fritidsbolig",12-måneders endring (prosent),1990M10,
04.1.2,Tolvmanedersendring,1990M11,"Betalt husleie, fritidsbolig",12-måneders endring (prosent),1990M11,
04.1.2,Tolvmanedersendring,1990M12,"Betalt husleie, fritidsbolig",12-måneders endring (prosent),1990M12,
04.1.2,Tolvmanedersendring,1991M01,"Betalt husleie, fritidsbolig",12-måneders endring (prosent),1991M01,
04.1.2,Tolvmanedersendring,1991M02,"Betalt husleie, fritidsbolig",12-måneders endring (prosent),1991M02,
04.1.2,Tolvmanedersendring,1991M03,"Betalt husleie, fritidsbolig",12-måneders endring (prosent),1991M03,
04.1.2,Tolvmanedersendring,1991M04,"Betalt husleie, fritidsbolig",12-måneders endring (prosent),1991M04,
04.1.2,Tolvmanedersendring,1991M05,"Betalt husleie, fritidsbolig",12-måneders endring (prosent),1991M05,
04.1.2,Tolvmanedersendring,1991M06,"Betalt husleie, fritidsbolig",12-måneders endring (prosent),1991M06,
04.1.2,Tolvmanedersendring,1991M07,"Betalt husleie, fritidsbolig",12-måneders endring (prosent),1991M07,
04.1.2,Tolvmanedersendring,1991M08,"Betalt husleie, fritidsbolig",12-måneders endring (prosent),1991M08,
04.1.2,Tolvmanedersendring,1991M09,"Betalt husleie, fritidsbolig",12-måneders endring (prosent),1991M09,
04.1.2,Tolvmanedersendring,1991M10,"Betalt husleie, fritidsbolig",12-måneders endring (prosent),1991M10,
04.1.2,Tolvmanedersendring,1991M11,"Betalt husleie, fritidsbolig",12-måneders endring (prosent),1991M11,
04.1.2,Tolvmanedersendring,1991M12,"Betalt husleie, fritidsbolig",12-måneders endring (prosent),1991M12,
04.1.2,Tolvmanedersendring,1992M01,"Betalt husleie, fritidsbolig",12-måneders endring (prosent),1992M01,
04.1.2,Tolvmanedersendring,1992M02,"Betalt husleie, fritidsbolig",12-måneders endring (prosent),1992M02,
04.1.2,Tolvmanedersendring,1992M03,"Betalt husleie, fritidsbolig",12-måneders endring (prosent),1992M03,
04.1.2,Tolvmanedersendring,1992M04,"Betalt husleie, fritidsbolig",12-måneders endring (prosent),1992M04,
04.1.2,Tolvmanedersendring,1992M05,"Betalt husleie, fritidsbolig",12-måneders endring (prosent),1992M05,
04.1.2,Tolvmanedersendring,1992M06,"Betalt husleie, fritidsbolig",12-måneders endring (prosent),1992M06,
04.1.2,Tolvmanedersendring,1992M07,"Betalt husleie, fritidsbolig",12-måneders endring (prosent),1992M07,
04.1.2,Tolvmanedersendring,1992M08,"Betalt husleie, fritidsbolig",12-måneders endring (prosent),1992M08,
04.1.2,Tolvmanedersendring,1992M09,"Betalt husleie, fritidsbolig",12-måneders endring (prosent),1992M09,
04.1.2,Tolvmanedersendring,1992M10,"Betalt husleie, fritidsbolig",12-måneders endring (prosent),1992M10,
04.1.2,Tolvmanedersendring,1992M11,"Betalt husleie, fritidsbolig",12-måneders endring (prosent),1992M11,
04.1.2,Tolvmanedersendring,1992M12,"Betalt husleie, fritidsbolig",12-måneders endring (prosent),1992M12,
04.1.2,Tolvmanedersendring,1993M01,"Betalt husleie, fritidsbolig",12-måneders endring (prosent),1993M01,
04.1.2,Tolvmanedersendring,1993M02,"Betalt husleie, fritidsbolig",12-måneders endring (prosent),1993M02,
04.1.2,Tolvmanedersendring,1993M03,"Betalt husleie, fritidsbolig",12-måneders endring (prosent),1993M03,
04.1.2,Tolvmanedersendring,1993M04,"Betalt husleie, fritidsbolig",12-måneders endring (prosent),1993M04,
04.1.2,Tolvmanedersendring,1993M05,"Betalt husleie, fritidsbolig",12-måneders endring (prosent),1993M05,
04.1.2,Tolvmanedersendring,1993M06,"Betalt husleie, fritidsbolig",12-måneders endring (prosent),1993M06,
04.1.2,Tolvmanedersendring,1993M07,"Betalt husleie, fritidsbolig",12-måneders endring (prosent),1993M07,
04.1.2,Tolvmanedersendring,1993M08,"Betalt husleie, fritidsbolig",12-måneders endring (prosent),1993M08,
04.1.2,Tolvmanedersendring,1993M09,"Betalt husleie, fritidsbolig",12-måneders endring (prosent),1993M09,
04.1.2,Tolvmanedersendring,1993M10,"Betalt husleie, fritidsbolig",12-måneders endring (prosent),1993M10,
04.1.2,Tolvmanedersendring,1993M11,"Betalt husleie, fritidsbolig",12-måneders endring (prosent),1993M11,
04.1.2,Tolvmanedersendring,1993M12,"Betalt husleie, fritidsbolig",12-måneders endring (prosent),1993M12,
04.1.2,Tolvmanedersendring,1994M01,"Betalt husleie, fritidsbolig",12-måneders endring (prosent),1994M01,
04.1.2,Tolvmanedersendring,1994M02,"Betalt husleie, fritidsbolig",12-måneders endring (prosent),1994M02,
04.1.2,Tolvmanedersendring,1994M03,"Betalt husleie, fritidsbolig",12-måneders endring (prosent),1994M03,
04.1.2,Tolvmanedersendring,1994M04,"Betalt husleie, fritidsbolig",12-måneders endring (prosent),1994M04,
04.1.2,Tolvmanedersendring,1994M05,"Betalt husleie, fritidsbolig",12-måneders endring (prosent),1994M05,
04.1.2,Tolvmanedersendring,1994M06,"Betalt husleie, fritidsbolig",12-måneders endring (prosent),1994M06,
04.1.2,Tolvmanedersendring,1994M07,"Betalt husleie, fritidsbolig",12-måneders endring (prosent),1994M07,
04.1.2,Tolvmanedersendring,1994M08,"Betalt husleie, fritidsbolig",12-måneders endring (prosent),1994M08,
04.1.2,Tolvmanedersendring,1994M09,"Betalt husleie, fritidsbolig",12-måneders endring (prosent),1994M09,
04.1.2,Tolvmanedersendring,1994M10,"Betalt husleie, fritidsbolig",12-måneders endring (prosent),1994M10,
04.1.2,Tolvmanedersendring,1994M11,"Betalt husleie, fritidsbolig",12-måneders endring (prosent),1994M11,
04.1.2,Tolvmanedersendring,1994M12,"Betalt husleie, fritidsbolig",12-måneders endring (prosent),1994M12,
04.1.2,Tolvmanedersendring,1995M01,"Betalt husleie, fritidsbolig",12-måneders endring (prosent),1995M01,
04.1.2,Tolvmanedersendring,1995M02,"Betalt husleie, fritidsbolig",12-måneders endring (prosent),1995M02,
04.1.2,Tolvmanedersendring,1995M03,"Betalt husleie, fritidsbolig",12-måneders endring (prosent),1995M03,
04.1.2,Tolvmanedersendring,1995M04,"Betalt husleie, fritidsbolig",12-måneders endring (prosent),1995M04,
04.1.2,Tolvmanedersendring,1995M05,"Betalt husleie, fritidsbolig",12-måneders endring (prosent),1995M05,
04.1.2,Tolvmanedersendring,1995M06,"Betalt husleie, fritidsbolig",12-måneders endring (prosent),1995M06,
04.1.2,Tolvmanedersendring,1995M07,"Betalt husleie, fritidsbolig",12-måneders endring (prosent),1995M07,
04.1.2,Tolvmanedersendring,1995M08,"Betalt husleie, fritidsbolig",12-måneders endring (prosent),1995M08,
04.1.2,Tolvmanedersendring,1995M09,"Betalt husleie, fritidsbolig",12-måneders endring (prosent),1995M09,
04.1.2,Tolvmanedersendring,1995M10,"Betalt husleie, fritidsbolig",12-måneders endring (prosent),1995M10,
04.1.2,Tolvmanedersendring,1995M11,"Betalt husleie, fritidsbolig",12-måneders endring (prosent),1995M11,
04.1.2,Tolvmanedersendring,1995M12,"Betalt husleie, fritidsbolig",12-måneders endring (prosent),1995M12,
04.1.2,Tolvmanedersendring,1996M01,"Betalt husleie, fritidsbolig",12-måneders endring (prosent),1996M01,
04.1.2,Tolvmanedersendring,1996M02,"Betalt husleie, fritidsbolig",12-måneders endring (prosent),1996M02,
04.1.2,Tolvmanedersendring,1996M03,"Betalt husleie, fritidsbolig",12-måneders endring (prosent),1996M03,
04.1.2,Tolvmanedersendring,1996M04,"Betalt husleie, fritidsbolig",12-måneders endring (prosent),1996M04,
04.1.2,Tolvmanedersendring,1996M05,"Betalt husleie, fritidsbolig",12-måneders endring (prosent),1996M05,
04.1.2,Tolvmanedersendring,1996M06,"Betalt husleie, fritidsbolig",12-måneders endring (prosent),1996M06,
04.1.2,Tolvmanedersendring,1996M07,"Betalt husleie, fritidsbolig",12-måneders endring (prosent),1996M07,
04.1.2,Tolvmanedersendring,1996M08,"Betalt husleie, fritidsbolig",12-måneders endring (prosent),1996M08,
04.1.2,Tolvmanedersendring,1996M09,"Betalt husleie, fritidsbolig",12-måneders endring (prosent),1996M09,
04.1.2,Tolvmanedersendring,1996M10,"Betalt husleie, fritidsbolig",12-måneders endring (prosent),1996M10,
04.1.2,Tolvmanedersendring,1996M11,"Betalt husleie, fritidsbolig",12-måneders endring (prosent),1996M11,
04.1.2,Tolvmanedersendring,1996M12,"Betalt husleie, fritidsbolig",12-måneders endring (prosent),1996M12,
04.1.2,Tolvmanedersendring,1997M01,"Betalt husleie, fritidsbolig",12-måneders endring (prosent),1997M01,
04.1.2,Tolvmanedersendring,1997M02,"Betalt husleie, fritidsbolig",12-måneders endring (prosent),1997M02,
04.1.2,Tolvmanedersendring,1997M03,"Betalt husleie, fritidsbolig",12-måneders endring (prosent),1997M03,
04.1.2,Tolvmanedersendring,1997M04,"Betalt husleie, fritidsbolig",12-måneders endring (prosent),1997M04,
04.1.2,Tolvmanedersendring,1997M05,"Betalt husleie, fritidsbolig",12-måneders endring (prosent),1997M05,
04.1.2,Tolvmanedersendring,1997M06,"Betalt husleie, fritidsbolig",12-måneders endring (prosent),1997M06,
04.1.2,Tolvmanedersendring,1997M07,"Betalt husleie, fritidsbolig",12-måneders endring (prosent),1997M07,
04.1.2,Tolvmanedersendring,1997M08,"Betalt husleie, fritidsbolig",12-måneders endring (prosent),1997M08,
04.1.2,Tolvmanedersendring,1997M09,"Betalt husleie, fritidsbolig",12-måneders endring (prosent),1997M09,
04.1.2,Tolvmanedersendring,1997M10,"Betalt husleie, fritidsbolig",12-måneders endring (prosent),1997M10,
04.1.2,Tolvmanedersendring,1997M11,"Betalt husleie, fritidsbolig",12-måneders endring (prosent),1997M11,
04.1.2,Tolvmanedersendring,1997M12,"Betalt husleie, fritidsbolig",12-måneders endring (prosent),1997M12,
04.1.2,Tolvmanedersendring,1998M01,"Betalt husleie, fritidsbolig",12-måneders endring (prosent),1998M01,
04.1.2,Tolvmanedersendring,1998M02,"Betalt husleie, fritidsbolig",12-måneders endring (prosent),1998M02,
04.1.2,Tolvmanedersendring,1998M03,"Betalt husleie, fritidsbolig",12-måneders endring (prosent),1998M03,
04.1.2,Tolvmanedersendring,1998M04,"Betalt husleie, fritidsbolig",12-måneders endring (prosent),1998M04,
04.1.2,Tolvmanedersendring,1998M05,"Betalt husleie, fritidsbolig",12-måneders endring (prosent),1998M05,
04.1.2,Tolvmanedersendring,1998M06,"Betalt husleie, fritidsbolig",12-måneders endring (prosent),1998M06,
04.1.2,Tolvmanedersendring,1998M07,"Betalt husleie, fritidsbolig",12-måneders endring (prosent),1998M07,
04.1.2,Tolvmanedersendring,1998M08,"Betalt husleie, fritidsbolig",12-måneders endring (prosent),1998M08,
04.1.2,Tolvmanedersendring,1998M09,"Betalt husleie, fritidsbolig",12-måneders endring (prosent),1998M09,
04.1.2,Tolvmanedersendring,1998M10,"Betalt husleie, fritidsbolig",12-måneders endring (prosent),1998M10,
04.1.2,Tolvmanedersendring,1998M11,"Betalt husleie, fritidsbolig",12-måneders endring (prosent),1998M11,
04.1.2,Tolvmanedersendring,1998M12,"Betalt husleie, fritidsbolig",12-måneders endring (prosent),1998M12,
04.1.2,Tolvmanedersendring,1999M01,"Betalt husleie, fritidsbolig",12-måneders endring (prosent),1999M01,
04.1.2,Tolvmanedersendring,1999M02,"Betalt husleie, fritidsbolig",12-måneders endring (prosent),1999M02,
04.1.2,Tolvmanedersendring,1999M03,"Betalt husleie, fritidsbolig",12-måneders endring (prosent),1999M03,
04.1.2,Tolvmanedersendring,1999M04,"Betalt husleie, fritidsbolig",12-måneders endring (prosent),1999M04,
04.1.2,Tolvmanedersendring,1999M05,"Betalt husleie, fritidsbolig",12-måneders endring (prosent),1999M05,
04.1.2,Tolvmanedersendring,1999M06,"Betalt husleie, fritidsbolig",12-måneders endring (prosent),1999M06,
04.1.2,Tolvmanedersendring,1999M07,"Betalt husleie, fritidsbolig",12-måneders endring (prosent),1999M07,
04.1.2,Tolvmanedersendring,1999M08,"Betalt husleie, fritidsbolig",12-måneders endring (prosent),1999M08,
04.1.2,Tolvmanedersendring,1999M09,"Betalt husleie, fritidsbolig",12-måneders endring (prosent),1999M09,
04.1.2,Tolvmanedersendring,1999M10,"Betalt husleie, fritidsbolig",12-måneders endring (prosent),1999M10,
04.1.2,Tolvmanedersendring,1999M11,"Betalt husleie, fritidsbolig",12-måneders endring (prosent),1999M11,
04.1.2,Tolvmanedersendring,1999M12,"Betalt husleie, fritidsbolig",12-måneders endring (prosent),1999M12,
04.1.2,Tolvmanedersendring,2000M01,"Betalt husleie, fritidsbolig",12-måneders endring (prosent),2000M01,
04.1.2,Tolvmanedersendring,2000M02,"Betalt husleie, fritidsbolig",12-måneders endring (prosent),2000M02,
04.1.2,Tolvmanedersendring,2000M03,"Betalt husleie, fritidsbolig",12-måneders endring (prosent),2000M03,
04.1.2,Tolvmanedersendring,2000M04,"Betalt husleie, fritidsbolig",12-måneders endring (prosent),2000M04,
04.1.2,Tolvmanedersendring,2000M05,"Betalt husleie, fritidsbolig",12-måneders endring (prosent),2000M05,
04.1.2,Tolvmanedersendring,2000M06,"Betalt husleie, fritidsbolig",12-måneders endring (prosent),2000M06,
04.1.2,Tolvmanedersendring,2000M07,"Betalt husleie, fritidsbolig",12-måneders endring (prosent),2000M07,
04.1.2,Tolvmanedersendring,2000M08,"Betalt husleie, fritidsbolig",12-måneders endring (prosent),2000M08,
04.1.2,Tolvmanedersendring,2000M09,"Betalt husleie, fritidsbolig",12-måneders endring (prosent),2000M09,
04.1.2,Tolvmanedersendring,2000M10,"Betalt husleie, fritidsbolig",12-måneders endring (prosent),2000M10,
04.1.2,Tolvmanedersendring,2000M11,"Betalt husleie, fritidsbolig",12-måneders endring (prosent),2000M11,
04.1.2,Tolvmanedersendring,2000M12,"Betalt husleie, fritidsbolig",12-måneders endring (prosent),2000M12,
04.1.2,Tolvmanedersendring,2001M01,"Betalt husleie, fritidsbolig",12-måneders endring (prosent),2001M01,
04.1.2,Tolvmanedersendring,2001M02,"Betalt husleie, fritidsbolig",12-måneders endring (prosent),2001M02,
04.1.2,Tolvmanedersendring,2001M03,"Betalt husleie, fritidsbolig",12-måneders endring (prosent),2001M03,
04.1.2,Tolvmanedersendring,2001M04,"Betalt husleie, fritidsbolig",12-måneders endring (prosent),2001M04,
04.1.2,Tolvmanedersendring,2001M05,"Betalt husleie, fritidsbolig",12-måneders endring (prosent),2001M05,
04.1.2,Tolvmanedersendring,2001M06,"Betalt husleie, fritidsbolig",12-måneders endring (prosent),2001M06,
04.1.2,Tolvmanedersendring,2001M07,"Betalt husleie, fritidsbolig",12-måneders endring (prosent),2001M07,
04.1.2,Tolvmanedersendring,2001M08,"Betalt husleie, fritidsbolig",12-måneders endring (prosent),2001M08,
04.1.2,Tolvmanedersendring,2001M09,"Betalt husleie, fritidsbolig",12-måneders endring (prosent),2001M09,
04.1.2,Tolvmanedersendring,2001M10,"Betalt husleie, fritidsbolig",12-måneders endring (prosent),2001M10,
04.1.2,Tolvmanedersendring,2001M11,"Betalt husleie, fritidsbolig",12-måneders endring (prosent),2001M11,
04.1.2,Tolvmanedersendring,2001M12,"Betalt husleie, fritidsbolig",12-måneders endring (prosent),2001M12,
04.1.2,Tolvmanedersendring,2002M01,"Betalt husleie, fritidsbolig",12-måneders endring (prosent),2002M01,
04.1.2,Tolvmanedersendring,2002M02,"Betalt husleie, fritidsbolig",12-måneders endring (prosent),2002M02,
04.1.2,Tolvmanedersendring,2002M03,"Betalt husleie, fritidsbolig",12-måneders endring (prosent),2002M03,
04.1.2,Tolvmanedersendring,2002M04,"Betalt husleie, fritidsbolig",12-måneders endring (prosent),2002M04,
04.1.2,Tolvmanedersendring,2002M05,"Betalt husleie, fritidsbolig",12-måneders endring (prosent),2002M05,
04.1.2,Tolvmanedersendring,2002M06,"Betalt husleie, fritidsbolig",12-måneders endring (prosent),2002M06,
04.1.2,Tolvmanedersendring,2002M07,"Betalt husleie, fritidsbolig",12-måneders endring (prosent),2002M07,
04.1.2,Tolvmanedersendring,2002M08,"Betalt husleie, fritidsbolig",12-måneders endring (prosent),2002M08,
04.1.2,Tolvmanedersendring,2002M09,"Betalt husleie, fritidsbolig",12-måneders endring (prosent),2002M09,
04.1.2,Tolvmanedersendring,2002M10,"Betalt husleie, fritidsbolig",12-måneders endring (prosent),2002M10,
04.1.2,Tolvmanedersendring,2002M11,"Betalt husleie, fritidsbolig",12-måneders endring (prosent),2002M11,
04.1.2,Tolvmanedersendring,2002M12,"Betalt husleie, fritidsbolig",12-måneders endring (prosent),2002M12,
04.1.2,Tolvmanedersendring,2003M01,"Betalt husleie, fritidsbolig",12-måneders endring (prosent),2003M01,
04.1.2,Tolvmanedersendring,2003M02,"Betalt husleie, fritidsbolig",12-måneders endring (prosent),2003M02,
04.1.2,Tolvmanedersendring,2003M03,"Betalt husleie, fritidsbolig",12-måneders endring (prosent),2003M03,
04.1.2,Tolvmanedersendring,2003M04,"Betalt husleie, fritidsbolig",12-måneders endring (prosent),2003M04,
04.1.2,Tolvmanedersendring,2003M05,"Betalt husleie, fritidsbolig",12-måneders endring (prosent),2003M05,
04.1.2,Tolvmanedersendring,2003M06,"Betalt husleie, fritidsbolig",12-måneders endring (prosent),2003M06,
04.1.2,Tolvmanedersendring,2003M07,"Betalt husleie, fritidsbolig",12-måneders endring (prosent),2003M07,
04.1.2,Tolvmanedersendring,2003M08,"Betalt husleie, fritidsbolig",12-måneders endring (prosent),2003M08,
04.1.2,Tolvmanedersendring,2003M09,"Betalt husleie, fritidsbolig",12-måneders endring (prosent),2003M09,
04.1.2,Tolvmanedersendring,2003M10,"Betalt husleie, fritidsbolig",12-måneders endring (prosent),2003M10,
04.1.2,Tolvmanedersendring,2003M11,"Betalt husleie, fritidsbolig",12-måneders endring (prosent),2003M11,
04.1.2,Tolvmanedersendring,2003M12,"Betalt husleie, fritidsbolig",12-måneders endring (prosent),2003M12,
04.1.2,Tolvmanedersendring,2004M01,"Betalt husleie, fritidsbolig",12-måneders endring (prosent),2004M01,
04.1.2,Tolvmanedersendring,2004M02,"Betalt husleie, fritidsbolig",12-måneders endring (prosent),2004M02,
04.1.2,Tolvmanedersendring,2004M03,"Betalt husleie, fritidsbolig",12-måneders endring (prosent),2004M03,
04.1.2,Tolvmanedersendring,2004M04,"Betalt husleie, fritidsbolig",12-måneders endring (prosent),2004M04,
04.1.2,Tolvmanedersendring,2004M05,"Betalt husleie, fritidsbolig",12-måneders endring (prosent),2004M05,
04.1.2,Tolvmanedersendring,2004M06,"Betalt husleie, fritidsbolig",12-måneders endring (prosent),2004M06,
04.1.2,Tolvmanedersendring,2004M07,"Betalt husleie, fritidsbolig",12-måneders endring (prosent),2004M07,
04.1.2,Tolvmanedersendring,2004M08,"Betalt husleie, fritidsbolig",12-måneders endring (prosent),2004M08,
04.1.2,Tolvmanedersendring,2004M09,"Betalt husleie, fritidsbolig",12-måneders endring (prosent),2004M09,
04.1.2,Tolvmanedersendring,2004M10,"Betalt husleie, fritidsbolig",12-måneders endring (prosent),2004M10,
04.1.2,Tolvmanedersendring,2004M11,"Betalt husleie, fritidsbolig",12-måneders endring (prosent),2004M11,
04.1.2,Tolvmanedersendring,2004M12,"Betalt husleie, fritidsbolig",12-måneders endring (prosent),2004M12,
04.1.2,Tolvmanedersendring,2005M01,"Betalt husleie, fritidsbolig",12-måneders endring (prosent),2005M01,
04.1.2,Tolvmanedersendring,2005M02,"Betalt husleie, fritidsbolig",12-måneders endring (prosent),2005M02,
04.1.2,Tolvmanedersendring,2005M03,"Betalt husleie, fritidsbolig",12-måneders endring (prosent),2005M03,
04.1.2,Tolvmanedersendring,2005M04,"Betalt husleie, fritidsbolig",12-måneders endring (prosent),2005M04,
04.1.2,Tolvmanedersendring,2005M05,"Betalt husleie, fritidsbolig",12-måneders endring (prosent),2005M05,
04.1.2,Tolvmanedersendring,2005M06,"Betalt husleie, fritidsbolig",12-måneders endring (prosent),2005M06,
04.1.2,Tolvmanedersendring,2005M07,"Betalt husleie, fritidsbolig",12-måneders endring (prosent),2005M07,
04.1.2,Tolvmanedersendring,2005M08,"Betalt husleie, fritidsbolig",12-måneders endring (prosent),2005M08,
04.1.2,Tolvmanedersendring,2005M09,"Betalt husleie, fritidsbolig",12-måneders endring (prosent),2005M09,
04.1.2,Tolvmanedersendring,2005M10,"Betalt husleie, fritidsbolig",12-måneders endring (prosent),2005M10,
04.1.2,Tolvmanedersendring,2005M11,"Betalt husleie, fritidsbolig",12-måneders endring (prosent),2005M11,
04.1.2,Tolvmanedersendring,2005M12,"Betalt husleie, fritidsbolig",12-måneders endring (prosent),2005M12,
04.1.2,Tolvmanedersendring,2006M01,"Betalt husleie, fritidsbolig",12-måneders endring (prosent),2006M01,
04.1.2,Tolvmanedersendring,2006M02,"Betalt husleie, fritidsbolig",12-måneders endring (prosent),2006M02,
04.1.2,Tolvmanedersendring,2006M03,"Betalt husleie, fritidsbolig",12-måneders endring (prosent),2006M03,
04.1.2,Tolvmanedersendring,2006M04,"Betalt husleie, fritidsbolig",12-måneders endring (prosent),2006M04,
04.1.2,Tolvmanedersendring,2006M05,"Betalt husleie, fritidsbolig",12-måneders endring (prosent),2006M05,
04.1.2,Tolvmanedersendring,2006M06,"Betalt husleie, fritidsbolig",12-måneders endring (prosent),2006M06,
04.1.2,Tolvmanedersendring,2006M07,"Betalt husleie, fritidsbolig",12-måneders endring (prosent),2006M07,
04.1.2,Tolvmanedersendring,2006M08,"Betalt husleie, fritidsbolig",12-måneders endring (prosent),2006M08,
04.1.2,Tolvmanedersendring,2006M09,"Betalt husleie, fritidsbolig",12-måneders endring (prosent),2006M09,
04.1.2,Tolvmanedersendring,2006M10,"Betalt husleie, fritidsbolig",12-måneders endring (prosent),2006M10,
04.1.2,Tolvmanedersendring,2006M11,"Betalt husleie, fritidsbolig",12-måneders endring (prosent),2006M11,
04.1.2,Tolvmanedersendring,2006M12,"Betalt husleie, fritidsbolig",12-måneders endring (prosent),2006M12,
04.1.2,Tolvmanedersendring,2007M01,"Betalt husleie, fritidsbolig",12-måneders endring (prosent),2007M01,
04.1.2,Tolvmanedersendring,2007M02,"Betalt husleie, fritidsbolig",12-måneders endring (prosent),2007M02,
04.1.2,Tolvmanedersendring,2007M03,"Betalt husleie, fritidsbolig",12-måneders endring (prosent),2007M03,
04.1.2,Tolvmanedersendring,2007M04,"Betalt husleie, fritidsbolig",12-måneders endring (prosent),2007M04,
04.1.2,Tolvmanedersendring,2007M05,"Betalt husleie, fritidsbolig",12-måneders endring (prosent),2007M05,
04.1.2,Tolvmanedersendring,2007M06,"Betalt husleie, fritidsbolig",12-måneders endring (prosent),2007M06,
04.1.2,Tolvmanedersendring,2007M07,"Betalt husleie, fritidsbolig",12-måneders endring (prosent),2007M07,
04.1.2,Tolvmanedersendring,2007M08,"Betalt husleie, fritidsbolig",12-måneders endring (prosent),2007M08,
04.1.2,Tolvmanedersendring,2007M09,"Betalt husleie, fritidsbolig",12-måneders endring (prosent),2007M09,
04.1.2,Tolvmanedersendring,2007M10,"Betalt husleie, fritidsbolig",12-måneders endring (prosent),2007M10,
04.1.2,Tolvmanedersendring,2007M11,"Betalt husleie, fritidsbolig",12-måneders endring (prosent),2007M11,
04.1.2,Tolvmanedersendring,2007M12,"Betalt husleie, fritidsbolig",12-måneders endring (prosent),2007M12,
04.1.2,Tolvmanedersendring,2008M01,"Betalt husleie, fritidsbolig",12-måneders endring (prosent),2008M01,
04.1.2,Tolvmanedersendring,2008M02,"Betalt husleie, fritidsbolig",12-måneders endring (prosent),2008M02,
04.1.2,Tolvmanedersendring,2008M03,"Betalt husleie, fritidsbolig",12-måneders endring (prosent),2008M03,
04.1.2,Tolvmanedersendring,2008M04,"Betalt husleie, fritidsbolig",12-måneders endring (prosent),2008M04,
04.1.2,Tolvmanedersendring,2008M05,"Betalt husleie, fritidsbolig",12-måneders endring (prosent),2008M05,
04.1.2,Tolvmanedersendring,2008M06,"Betalt husleie, fritidsbolig",12-måneders endring (prosent),2008M06,
04.1.2,Tolvmanedersendring,2008M07,"Betalt husleie, fritidsbolig",12-måneders endring (prosent),2008M07,
04.1.2,Tolvmanedersendring,2008M08,"Betalt husleie, fritidsbolig",12-måneders endring (prosent),2008M08,
04.1.2,Tolvmanedersendring,2008M09,"Betalt husleie, fritidsbolig",12-måneders endring (prosent),2008M09,
04.1.2,Tolvmanedersendring,2008M10,"Betalt husleie, fritidsbolig",12-måneders endring (prosent),2008M10,
04.1.2,Tolvmanedersendring,2008M11,"Betalt husleie, fritidsbolig",12-måneders endring (prosent),2008M11,
04.1.2,Tolvmanedersendring,2008M12,"Betalt husleie, fritidsbolig",12-måneders endring (prosent),2008M12,
04.1.2,Tolvmanedersendring,2009M01,"Betalt husleie, fritidsbolig",12-måneders endring (prosent),2009M01,
04.1.2,Tolvmanedersendring,2009M02,"Betalt husleie, fritidsbolig",12-måneders endring (prosent),2009M02,
04.1.2,Tolvmanedersendring,2009M03,"Betalt husleie, fritidsbolig",12-måneders endring (prosent),2009M03,
04.1.2,Tolvmanedersendring,2009M04,"Betalt husleie, fritidsbolig",12-måneders endring (prosent),2009M04,
04.1.2,Tolvmanedersendring,2009M05,"Betalt husleie, fritidsbolig",12-måneders endring (prosent),2009M05,
04.1.2,Tolvmanedersendring,2009M06,"Betalt husleie, fritidsbolig",12-måneders endring (prosent),2009M06,
04.1.2,Tolvmanedersendring,2009M07,"Betalt husleie, fritidsbolig",12-måneders endring (prosent),2009M07,
04.1.2,Tolvmanedersendring,2009M08,"Betalt husleie, fritidsbolig",12-måneders endring (prosent),2009M08,
04.1.2,Tolvmanedersendring,2009M09,"Betalt husleie, fritidsbolig",12-måneders endring (prosent),2009M09,
04.1.2,Tolvmanedersendring,2009M10,"Betalt husleie, fritidsbolig",12-måneders endring (prosent),2009M10,
04.1.2,Tolvmanedersendring,2009M11,"Betalt husleie, fritidsbolig",12-måneders endring (prosent),2009M11,
04.1.2,Tolvmanedersendring,2009M12,"Betalt husleie, fritidsbolig",12-måneders endring (prosent),2009M12,
04.1.2,Tolvmanedersendring,2010M01,"Betalt husleie, fritidsbolig",12-måneders endring (prosent),2010M01,
04.1.2,Tolvmanedersendring,2010M02,"Betalt husleie, fritidsbolig",12-måneders endring (prosent),2010M02,
04.1.2,Tolvmanedersendring,2010M03,"Betalt husleie, fritidsbolig",12-måneders endring (prosent),2010M03,
04.1.2,Tolvmanedersendring,2010M04,"Betalt husleie, fritidsbolig",12-måneders endring (prosent),2010M04,
04.1.2,Tolvmanedersendring,2010M05,"Betalt husleie, fritidsbolig",12-måneders endring (prosent),2010M05,
04.1.2,Tolvmanedersendring,2010M06,"Betalt husleie, fritidsbolig",12-måneders endring (prosent),2010M06,
04.1.2,Tolvmanedersendring,2010M07,"Betalt husleie, fritidsbolig",12-måneders endring (prosent),2010M07,
04.1.2,Tolvmanedersendring,2010M08,"Betalt husleie, fritidsbolig",12-måneders endring (prosent),2010M08,
04.1.2,Tolvmanedersendring,2010M09,"Betalt husleie, fritidsbolig",12-måneders endring (prosent),2010M09,
04.1.2,Tolvmanedersendring,2010M10,"Betalt husleie, fritidsbolig",12-måneders endring (prosent),2010M10,
04.1.2,Tolvmanedersendring,2010M11,"Betalt husleie, fritidsbolig",12-måneders endring (prosent),2010M11,
04.1.2,Tolvmanedersendring,2010M12,"Betalt husleie, fritidsbolig",12-måneders endring (prosent),2010M12,
04.1.2,Tolvmanedersendring,2011M01,"Betalt husleie, fritidsbolig",12-måneders endring (prosent),2011M01,
04.1.2,Tolvmanedersendring,2011M02,"Betalt husleie, fritidsbolig",12-måneders endring (prosent),2011M02,
04.1.2,Tolvmanedersendring,2011M03,"Betalt husleie, fritidsbolig",12-måneders endring (prosent),2011M03,
04.1.2,Tolvmanedersendring,2011M04,"Betalt husleie, fritidsbolig",12-måneders endring (prosent),2011M04,
04.1.2,Tolvmanedersendring,2011M05,"Betalt husleie, fritidsbolig",12-måneders endring (prosent),2011M05,
04.1.2,Tolvmanedersendring,2011M06,"Betalt husleie, fritidsbolig",12-måneders endring (prosent),2011M06,
04.1.2,Tolvmanedersendring,2011M07,"Betalt husleie, fritidsbolig",12-måneders endring (prosent),2011M07,
04.1.2,Tolvmanedersendring,2011M08,"Betalt husleie, fritidsbolig",12-måneders endring (prosent),2011M08,
04.1.2,Tolvmanedersendring,2011M09,"Betalt husleie, fritidsbolig",12-måneders endring (prosent),2011M09,
04.1.2,Tolvmanedersendring,2011M10,"Betalt husleie, fritidsbolig",12-måneders endring (prosent),2011M10,
04.1.2,Tolvmanedersendring,2011M11,"Betalt husleie, fritidsbolig",12-måneders endring (prosent),2011M11,
04.1.2,Tolvmanedersendring,2011M12,"Betalt husleie, fritidsbolig",12-måneders endring (prosent),2011M12,
04.1.2,Tolvmanedersendring,2012M01,"Betalt husleie, fritidsbolig",12-måneders endring (prosent),2012M01,
04.1.2,Tolvmanedersendring,2012M02,"Betalt husleie, fritidsbolig",12-måneders endring (prosent),2012M02,
04.1.2,Tolvmanedersendring,2012M03,"Betalt husleie, fritidsbolig",12-måneders endring (prosent),2012M03,
04.1.2,Tolvmanedersendring,2012M04,"Betalt husleie, fritidsbolig",12-måneders endring (prosent),2012M04,
04.1.2,Tolvmanedersendring,2012M05,"Betalt husleie, fritidsbolig",12-måneders endring (prosent),2012M05,
04.1.2,Tolvmanedersendring,2012M06,"Betalt husleie, fritidsbolig",12-måneders endring (prosent),2012M06,
04.1.2,Tolvmanedersendring,2012M07,"Betalt husleie, fritidsbolig",12-måneders endring (prosent),2012M07,
04.1.2,Tolvmanedersendring,2012M08,"Betalt husleie, fritidsbolig",12-måneders endring (prosent),2012M08,
04.1.2,Tolvmanedersendring,2012M09,"Betalt husleie, fritidsbolig",12-måneders endring (prosent),2012M09,
04.1.2,Tolvmanedersendring,2012M10,"Betalt husleie, fritidsbolig",12-måneders endring (prosent),2012M10,
04.1.2,Tolvmanedersendring,2012M11,"Betalt husleie, fritidsbolig",12-måneders endring (prosent),2012M11,
04.1.2,Tolvmanedersendring,2012M12,"Betalt husleie, fritidsbolig",12-måneders endring (prosent),2012M12,
04.1.2,Tolvmanedersendring,2013M01,"Betalt husleie, fritidsbolig",12-måneders endring (prosent),2013M01,
04.1.2,Tolvmanedersendring,2013M02,"Betalt husleie, fritidsbolig",12-måneders endring (prosent),2013M02,
04.1.2,Tolvmanedersendring,2013M03,"Betalt husleie, fritidsbolig",12-måneders endring (prosent),2013M03,
04.1.2,Tolvmanedersendring,2013M04,"Betalt husleie, fritidsbolig",12-måneders endring (prosent),2013M04,
04.1.2,Tolvmanedersendring,2013M05,"Betalt husleie, fritidsbolig",12-måneders endring (prosent),2013M05,
04.1.2,Tolvmanedersendring,2013M06,"Betalt husleie, fritidsbolig",12-måneders endring (prosent),2013M06,
04.1.2,Tolvmanedersendring,2013M07,"Betalt husleie, fritidsbolig",12-måneders endring (prosent),2013M07,
04.1.2,Tolvmanedersendring,2013M08,"Betalt husleie, fritidsbolig",12-måneders endring (prosent),2013M08,
04.1.2,Tolvmanedersendring,2013M09,"Betalt husleie, fritidsbolig",12-måneders endring (prosent),2013M09,
04.1.2,Tolvmanedersendring,2013M10,"Betalt husleie, fritidsbolig",12-måneders endring (prosent),2013M10,
04.1.2,Tolvmanedersendring,2013M11,"Betalt husleie, fritidsbolig",12-måneders endring (prosent),2013M11,
04.1.2,Tolvmanedersendring,2013M12,"Betalt husleie, fritidsbolig",12-måneders endring (prosent),2013M12,
04.1.2,Tolvmanedersendring,2014M01,"Betalt husleie, fritidsbolig",12-måneders endring (prosent),2014M01,
04.1.2,Tolvmanedersendring,2014M02,"Betalt husleie, fritidsbolig",12-måneders endring (prosent),2014M02,
04.1.2,Tolvmanedersendring,2014M03,"Betalt husleie, fritidsbolig",12-måneders endring (prosent),2014M03,
04.1.2,Tolvmanedersendring,2014M04,"Betalt husleie, fritidsbolig",12-måneders endring (prosent),2014M04,
04.1.2,Tolvmanedersendring,2014M05,"Betalt husleie, fritidsbolig",12-måneders endring (prosent),2014M05,
04.1.2,Tolvmanedersendring,2014M06,"Betalt husleie, fritidsbolig",12-måneders endring (prosent),2014M06,
04.1.2,Tolvmanedersendring,2014M07,"Betalt husleie, fritidsbolig",12-måneders endring (prosent),2014M07,
04.1.2,Tolvmanedersendring,2014M08,"Betalt husleie, fritidsbolig",12-måneders endring (prosent),2014M08,
04.1.2,Tolvmanedersendring,2014M09,"Betalt husleie, fritidsbolig",12-måneders endring (prosent),2014M09,
04.1.2,Tolvmanedersendring,2014M10,"Betalt husleie, fritidsbolig",12-måneders endring (prosent),2014M10,
04.1.2,Tolvmanedersendring,2014M11,"Betalt husleie, fritidsbolig",12-måneders endring (prosent),2014M11,
04.1.2,Tolvmanedersendring,2014M12,"Betalt husleie, fritidsbolig",12-måneders endring (prosent),2014M12,
04.1.2,Tolvmanedersendring,2015M01,"Betalt husleie, fritidsbolig",12-måneders endring (prosent),2015M01,
04.1.2,Tolvmanedersendring,2015M02,"Betalt husleie, fritidsbolig",12-måneders endring (prosent),2015M02,
04.1.2,Tolvmanedersendring,2015M03,"Betalt husleie, fritidsbolig",12-måneders endring (prosent),2015M03,
04.1.2,Tolvmanedersendring,2015M04,"Betalt husleie, fritidsbolig",12-måneders endring (prosent),2015M04,
04.1.2,Tolvmanedersendring,2015M05,"Betalt husleie, fritidsbolig",12-måneders endring (prosent),2015M05,
04.1.2,Tolvmanedersendring,2015M06,"Betalt husleie, fritidsbolig",12-måneders endring (prosent),2015M06,
04.1.2,Tolvmanedersendring,2015M07,"Betalt husleie, fritidsbolig",12-måneders endring (prosent),2015M07,
04.1.2,Tolvmanedersendring,2015M08,"Betalt husleie, fritidsbolig",12-måneders endring (prosent),2015M08,
04.1.2,Tolvmanedersendring,2015M09,"Betalt husleie, fritidsbolig",12-måneders endring (prosent),2015M09,
04.1.2,Tolvmanedersendring,2015M10,"Betalt husleie, fritidsbolig",12-måneders endring (prosent),2015M10,
04.1.2,Tolvmanedersendring,2015M11,"Betalt husleie, fritidsbolig",12-måneders endring (prosent),2015M11,
04.1.2,Tolvmanedersendring,2015M12,"Betalt husleie, fritidsbolig",12-måneders endring (prosent),2015M12,
04.1.2,Tolvmanedersendring,2016M01,"Betalt husleie, fritidsbolig",12-måneders endring (prosent),2016M01,
04.1.2,Tolvmanedersendring,2016M02,"Betalt husleie, fritidsbolig",12-måneders endring (prosent),2016M02,
04.1.2,Tolvmanedersendring,2016M03,"Betalt husleie, fritidsbolig",12-måneders endring (prosent),2016M03,
04.1.2,Tolvmanedersendring,2016M04,"Betalt husleie, fritidsbolig",12-måneders endring (prosent),2016M04,
04.1.2,Tolvmanedersendring,2016M05,"Betalt husleie, fritidsbolig",12-måneders endring (prosent),2016M05,
04.1.2,Tolvmanedersendring,2016M06,"Betalt husleie, fritidsbolig",12-måneders endring (prosent),2016M06,
04.1.2,Tolvmanedersendring,2016M07,"Betalt husleie, fritidsbolig",12-måneders endring (prosent),2016M07,
04.1.2,Tolvmanedersendring,2016M08,"Betalt husleie, fritidsbolig",12-måneders endring (prosent),2016M08,
04.1.2,Tolvmanedersendring,2016M09,"Betalt husleie, fritidsbolig",12-måneders endring (prosent),2016M09,
04.1.2,Tolvmanedersendring,2016M10,"Betalt husleie, fritidsbolig",12-måneders endring (prosent),2016M10,
04.1.2,Tolvmanedersendring,2016M11,"Betalt husleie, fritidsbolig",12-måneders endring (prosent),2016M11,
04.1.2,Tolvmanedersendring,2016M12,"Betalt husleie, fritidsbolig",12-måneders endring (prosent),2016M12,
04.1.2,Tolvmanedersendring,2017M01,"Betalt husleie, fritidsbolig",12-måneders endring (prosent),2017M01,
04.1.2,Tolvmanedersendring,2017M02,"Betalt husleie, fritidsbolig",12-måneders endring (prosent),2017M02,
04.1.2,Tolvmanedersendring,2017M03,"Betalt husleie, fritidsbolig",12-måneders endring (prosent),2017M03,
04.1.2,Tolvmanedersendring,2017M04,"Betalt husleie, fritidsbolig",12-måneders endring (prosent),2017M04,
04.1.2,Tolvmanedersendring,2017M05,"Betalt husleie, fritidsbolig",12-måneders endring (prosent),2017M05,
04.1.2,Tolvmanedersendring,2017M06,"Betalt husleie, fritidsbolig",12-måneders endring (prosent),2017M06,
04.1.2,Tolvmanedersendring,2017M07,"Betalt husleie, fritidsbolig",12-måneders endring (prosent),2017M07,
04.1.2,Tolvmanedersendring,2017M08,"Betalt husleie, fritidsbolig",12-måneders endring (prosent),2017M08,
04.1.2,Tolvmanedersendring,2017M09,"Betalt husleie, fritidsbolig",12-måneders endring (prosent),2017M09,
04.1.2,Tolvmanedersendring,2017M10,"Betalt husleie, fritidsbolig",12-måneders endring (prosent),2017M10,
04.1.2,Tolvmanedersendring,2017M11,"Betalt husleie, fritidsbolig",12-måneders endring (prosent),2017M11,
04.1.2,Tolvmanedersendring,2017M12,"Betalt husleie, fritidsbolig",12-måneders endring (prosent),2017M12,
04.1.2,Tolvmanedersendring,2018M01,"Betalt husleie, fritidsbolig",12-måneders endring (prosent),2018M01,
04.1.2,Tolvmanedersendring,2018M02,"Betalt husleie, fritidsbolig",12-måneders endring (prosent),2018M02,
04.1.2,Tolvmanedersendring,2018M03,"Betalt husleie, fritidsbolig",12-måneders endring (prosent),2018M03,
04.1.2,Tolvmanedersendring,2018M04,"Betalt husleie, fritidsbolig",12-måneders endring (prosent),2018M04,
04.1.2,Tolvmanedersendring,2018M05,"Betalt husleie, fritidsbolig",12-måneders endring (prosent),2018M05,
04.1.2,Tolvmanedersendring,2018M06,"Betalt husleie, fritidsbolig",12-måneders endring (prosent),2018M06,
04.1.2,Tolvmanedersendring,2018M07,"Betalt husleie, fritidsbolig",12-måneders endring (prosent),2018M07,
04.1.2,Tolvmanedersendring,2018M08,"Betalt husleie, fritidsbolig",12-måneders endring (prosent),2018M08,
04.1.2,Tolvmanedersendring,2018M09,"Betalt husleie, fritidsbolig",12-måneders endring (prosent),2018M09,
04.1.2,Tolvmanedersendring,2018M10,"Betalt husleie, fritidsbolig",12-måneders endring (prosent),2018M10,
04.1.2,Tolvmanedersendring,2018M11,"Betalt husleie, fritidsbolig",12-måneders endring (prosent),2018M11,
04.1.2,Tolvmanedersendring,2018M12,"Betalt husleie, fritidsbolig",12-måneders endring (prosent),2018M12,
04.1.2,Tolvmanedersendring,2019M01,"Betalt husleie, fritidsbolig",12-måneders endring (prosent),2019M01,
04.1.2,Tolvmanedersendring,2019M02,"Betalt husleie, fritidsbolig",12-måneders endring (prosent),2019M02,
04.1.2,Tolvmanedersendring,2019M03,"Betalt husleie, fritidsbolig",12-måneders endring (prosent),2019M03,
04.1.2,Tolvmanedersendring,2019M04,"Betalt husleie, fritidsbolig",12-måneders endring (prosent),2019M04,
04.1.2,Tolvmanedersendring,2019M05,"Betalt husleie, fritidsbolig",12-måneders endring (prosent),2019M05,
04.1.2,Tolvmanedersendring,2019M06,"Betalt husleie, fritidsbolig",12-måneders endring (prosent),2019M06,
04.1.2,Tolvmanedersendring,2019M07,"Betalt husleie, fritidsbolig",12-måneders endring (prosent),2019M07,
04.1.2,Tolvmanedersendring,2019M08,"Betalt husleie, fritidsbolig",12-måneders endring (prosent),2019M08,
04.1.2,Tolvmanedersendring,2019M09,"Betalt husleie, fritidsbolig",12-måneders endring (prosent),2019M09,
04.1.2,Tolvmanedersendring,2019M10,"Betalt husleie, fritidsbolig",12-måneders endring (prosent),2019M10,
04.1.2,Tolvmanedersendring,2019M11,"Betalt husleie, fritidsbolig",12-måneders endring (prosent),2019M11,
04.1.2,Tolvmanedersendring,2019M12,"Betalt husleie, fritidsbolig",12-måneders endring (prosent),2019M12,
04.1.2,Tolvmanedersendring,2020M01,"Betalt husleie, fritidsbolig",12-måneders endring (prosent),2020M01,
04.1.2,Tolvmanedersendring,2020M02,"Betalt husleie, fritidsbolig",12-måneders endring (prosent),2020M02,
04.1.2,Tolvmanedersendring,2020M03,"Betalt husleie, fritidsbolig",12-måneders endring (prosent),2020M03,
04.1.2,Tolvmanedersendring,2020M04,"Betalt husleie, fritidsbolig",12-måneders endring (prosent),2020M04,
04.1.2,Tolvmanedersendring,2020M05,"Betalt husleie, fritidsbolig",12-måneders endring (prosent),2020M05,
04.1.2,Tolvmanedersendring,2020M06,"Betalt husleie, fritidsbolig",12-måneders endring (prosent),2020M06,
04.1.2,Tolvmanedersendring,2020M07,"Betalt husleie, fritidsbolig",12-måneders endring (prosent),2020M07,
04.1.2,Tolvmanedersendring,2020M08,"Betalt husleie, fritidsbolig",12-måneders endring (prosent),2020M08,
04.1.2,Tolvmanedersendring,2020M09,"Betalt husleie, fritidsbolig",12-måneders endring (prosent),2020M09,
04.1.2,Tolvmanedersendring,2020M10,"Betalt husleie, fritidsbolig",12-måneders endring (prosent),2020M10,
04.1.2,Tolvmanedersendring,2020M11,"Betalt husleie, fritidsbolig",12-måneders endring (prosent),2020M11,
04.1.2,Tolvmanedersendring,2020M12,"Betalt husleie, fritidsbolig",12-måneders endring (prosent),2020M12,
04.1.2,Tolvmanedersendring,2021M01,"Betalt husleie, fritidsbolig",12-måneders endring (prosent),2021M01,
04.1.2,Tolvmanedersendring,2021M02,"Betalt husleie, fritidsbolig",12-måneders endring (prosent),2021M02,
04.1.2,Tolvmanedersendring,2021M03,"Betalt husleie, fritidsbolig",12-måneders endring (prosent),2021M03,
04.1.2,Tolvmanedersendring,2021M04,"Betalt husleie, fritidsbolig",12-måneders endring (prosent),2021M04,
04.1.2,Tolvmanedersendring,2021M05,"Betalt husleie, fritidsbolig",12-måneders endring (prosent),2021M05,
04.1.2,Tolvmanedersendring,2021M06,"Betalt husleie, fritidsbolig",12-måneders endring (prosent),2021M06,
04.1.2,Tolvmanedersendring,2021M07,"Betalt husleie, fritidsbolig",12-måneders endring (prosent),2021M07,
04.1.2,Tolvmanedersendring,2021M08,"Betalt husleie, fritidsbolig",12-måneders endring (prosent),2021M08,
04.1.2,Tolvmanedersendring,2021M09,"Betalt husleie, fritidsbolig",12-måneders endring (prosent),2021M09,
04.1.2,Tolvmanedersendring,2021M10,"Betalt husleie, fritidsbolig",12-måneders endring (prosent),2021M10,
04.1.2,Tolvmanedersendring,2021M11,"Betalt husleie, fritidsbolig",12-måneders endring (prosent),2021M11,
04.1.2,Tolvmanedersendring,2021M12,"Betalt husleie, fritidsbolig",12-måneders endring (prosent),2021M12,
04.1.2,Tolvmanedersendring,2022M01,"Betalt husleie, fritidsbolig",12-måneders endring (prosent),2022M01,
04.1.2,Tolvmanedersendring,2022M02,"Betalt husleie, fritidsbolig",12-måneders endring (prosent),2022M02,
04.1.2,Tolvmanedersendring,2022M03,"Betalt husleie, fritidsbolig",12-måneders endring (prosent),2022M03,
04.1.2,Tolvmanedersendring,2022M04,"Betalt husleie, fritidsbolig",12-måneders endring (prosent),2022M04,
04.1.2,Tolvmanedersendring,2022M05,"Betalt husleie, fritidsbolig",12-måneders endring (prosent),2022M05,
04.1.2,Tolvmanedersendring,2022M06,"Betalt husleie, fritidsbolig",12-måneders endring (prosent),2022M06,
04.1.2,Tolvmanedersendring,2022M07,"Betalt husleie, fritidsbolig",12-måneders endring (prosent),2022M07,
04.1.2,Tolvmanedersendring,2022M08,"Betalt husleie, fritidsbolig",12-måneders endring (prosent),2022M08,
04.1.2,Tolvmanedersendring,2022M09,"Betalt husleie, fritidsbolig",12-måneders endring (prosent),2022M09,
04.1.2,Tolvmanedersendring,2022M10,"Betalt husleie, fritidsbolig",12-måneders endring (prosent),2022M10,
04.1.2,Tolvmanedersendring,2022M11,"Betalt husleie, fritidsbolig",12-måneders endring (prosent),2022M11,
04.1.2,Tolvmanedersendring,2022M12,"Betalt husleie, fritidsbolig",12-måneders endring (prosent),2022M12,
04.1.2,Tolvmanedersendring,2023M01,"Betalt husleie, fritidsbolig",12-måneders endring (prosent),2023M01,
04.1.2,Tolvmanedersendring,2023M02,"Betalt husleie, fritidsbolig",12-måneders endring (prosent),2023M02,
04.1.2,Tolvmanedersendring,2023M03,"Betalt husleie, fritidsbolig",12-måneders endring (prosent),2023M03,
04.1.2,Tolvmanedersendring,2023M04,"Betalt husleie, fritidsbolig",12-måneders endring (prosent),2023M04,
04.1.2,Tolvmanedersendring,2023M05,"Betalt husleie, fritidsbolig",12-måneders endring (prosent),2023M05,
04.1.2,Tolvmanedersendring,2023M06,"Betalt husleie, fritidsbolig",12-måneders endring (prosent),2023M06,
04.1.2,Tolvmanedersendring,2023M07,"Betalt husleie, fritidsbolig",12-måneders endring (prosent),2023M07,
04.1.2,Tolvmanedersendring,2023M08,"Betalt husleie, fritidsbolig",12-måneders endring (prosent),2023M08,
04.1.2,Tolvmanedersendring,2023M09,"Betalt husleie, fritidsbolig",12-måneders endring (prosent),2023M09,
04.1.2,Tolvmanedersendring,2023M10,"Betalt husleie, fritidsbolig",12-måneders endring (prosent),2023M10,
04.1.2,Tolvmanedersendring,2023M11,"Betalt husleie, fritidsbolig",12-måneders endring (prosent),2023M11,
04.1.2,Tolvmanedersendring,2023M12,"Betalt husleie, fritidsbolig",12-måneders endring (prosent),2023M12,
04.1.2,Tolvmanedersendring,2024M01,"Betalt husleie, fritidsbolig",12-måneders endring (prosent),2024M01,
04.1.2,Tolvmanedersendring,2024M02,"Betalt husleie, fritidsbolig",12-måneders endring (prosent),2024M02,
04.1.2,Tolvmanedersendring,2024M03,"Betalt husleie, fritidsbolig",12-måneders endring (prosent),2024M03,
04.1.2,Tolvmanedersendring,2024M04,"Betalt husleie, fritidsbolig",12-måneders endring (prosent),2024M04,
04.1.2,Tolvmanedersendring,2024M05,"Betalt husleie, fritidsbolig",12-måneders endring (prosent),2024M05,
04.1.2,Tolvmanedersendring,2024M06,"Betalt husleie, fritidsbolig",12-måneders endring (prosent),2024M06,
04.1.2,Tolvmanedersendring,2024M07,"Betalt husleie, fritidsbolig",12-måneders endring (prosent),2024M07,
04.1.2,Tolvmanedersendring,2024M08,"Betalt husleie, fritidsbolig",12-måneders endring (prosent),2024M08,
04.1.2,Tolvmanedersendring,2024M09,"Betalt husleie, fritidsbolig",12-måneders endring (prosent),2024M09,
04.1.2,Tolvmanedersendring,2024M10,"Betalt husleie, fritidsbolig",12-måneders endring (prosent),2024M10,
04.1.2,Tolvmanedersendring,2024M11,"Betalt husleie, fritidsbolig",12-måneders endring (prosent),2024M11,
04.1.2,Tolvmanedersendring,2024M12,"Betalt husleie, fritidsbolig",12-måneders endring (prosent),2024M12,
04.1.2,Tolvmanedersendring,2025M01,"Betalt husleie, fritidsbolig",12-måneders endring (prosent),2025M01,
04.1.2,Tolvmanedersendring,2025M02,"Betalt husleie, fritidsbolig",12-måneders endring (prosent),2025M02,
04.1.2,Tolvmanedersendring,2025M03,"Betalt husleie, fritidsbolig",12-måneders endring (prosent),2025M03,
04.1.2,Tolvmanedersendring,2025M04,"Betalt husleie, fritidsbolig",12-måneders endring (prosent),2025M04,
04.1.2,Tolvmanedersendring,2025M05,"Betalt husleie, fritidsbolig",12-måneders endring (prosent),2025M05,
04.1.2,Tolvmanedersendring,2025M06,"Betalt husleie, fritidsbolig",12-måneders endring (prosent),2025M06,
04.1.2,Tolvmanedersendring,2025M07,"Betalt husleie, fritidsbolig",12-måneders endring (prosent),2025M07,
04.1.2,Tolvmanedersendring,2025M08,"Betalt husleie, fritidsbolig",12-måneders endring (prosent),2025M08,
04.1.2,Tolvmanedersendring,2025M09,"Betalt husleie, fritidsbolig",12-måneders endring (prosent),2025M09,
04.1.2,Tolvmanedersendring,2025M10,"Betalt husleie, fritidsbolig",12-måneders endring (prosent),2025M10,
04.1.2,Tolvmanedersendring,2025M11,"Betalt husleie, fritidsbolig",12-måneders endring (prosent),2025M11,
04.1.2,Tolvmanedersendring,2025M12,"Betalt husleie, fritidsbolig",12-måneders endring (prosent),2025M12,
04.1.2,KpiVektMnd,1979M01,"Betalt husleie, fritidsbolig",Vekter,1979M01,1
04.1.2,KpiVektMnd,1979M02,"Betalt husleie, fritidsbolig",Vekter,1979M02,1
04.1.2,KpiVektMnd,1979M03,"Betalt husleie, fritidsbolig",Vekter,1979M03,1
04.1.2,KpiVektMnd,1979M04,"Betalt husleie, fritidsbolig",Vekter,1979M04,1
04.1.2,KpiVektMnd,1979M05,"Betalt husleie, fritidsbolig",Vekter,1979M05,1
04.1.2,KpiVektMnd,1979M06,"Betalt husleie, fritidsbolig",Vekter,1979M06,1
04.1.2,KpiVektMnd,1979M07,"Betalt husleie, fritidsbolig",Vekter,1979M07,1
04.1.2,KpiVektMnd,1979M08,"Betalt husleie, fritidsbolig",Vekter,1979M08,1
04.1.2,KpiVektMnd,1979M09,"Betalt husleie, fritidsbolig",Vekter,1979M09,1
04.1.2,KpiVektMnd,1979M10,"Betalt husleie, fritidsbolig",Vekter,1979M10,1
04.1.2,KpiVektMnd,1979M11,"Betalt husleie, fritidsbolig",Vekter,1979M11,1
04.1.2,KpiVektMnd,1979M12,"Betalt husleie, fritidsbolig",Vekter,1979M12,1
04.1.2,KpiVektMnd,1980M01,"Betalt husleie, fritidsbolig",Vekter,1980M01,1
04.1.2,KpiVektMnd,1980M02,"Betalt husleie, fritidsbolig",Vekter,1980M02,1
04.1.2,KpiVektMnd,1980M03,"Betalt husleie, fritidsbolig",Vekter,1980M03,1
04.1.2,KpiVektMnd,1980M04,"Betalt husleie, fritidsbolig",Vekter,1980M04,1
04.1.2,KpiVektMnd,1980M05,"Betalt husleie, fritidsbolig",Vekter,1980M05,1
04.1.2,KpiVektMnd,1980M06,"Betalt husleie, fritidsbolig",Vekter,1980M06,1
04.1.2,KpiVektMnd,1980M07,"Betalt husleie, fritidsbolig",Vekter,1980M07,1
04.1.2,KpiVektMnd,1980M08,"Betalt husleie, fritidsbolig",Vekter,1980M08,1
04.1.2,KpiVektMnd,1980M09,"Betalt husleie, fritidsbolig",Vekter,1980M09,1
04.1.2,KpiVektMnd,1980M10,"Betalt husleie, fritidsbolig",Vekter,1980M10,1
04.1.2,KpiVektMnd,1980M11,"Betalt husleie, fritidsbolig",Vekter,1980M11,1
04.1.2,KpiVektMnd,1980M12,"Betalt husleie, fritidsbolig",Vekter,1980M12,1
04.1.2,KpiVektMnd,1981M01,"Betalt husleie, fritidsbolig",Vekter,1981M01,1
04.1.2,KpiVektMnd,1981M02,"Betalt husleie, fritidsbolig",Vekter,1981M02,1
04.1.2,KpiVektMnd,1981M03,"Betalt husleie, fritidsbolig",Vekter,1981M03,1
04.1.2,KpiVektMnd,1981M04,"Betalt husleie, fritidsbolig",Vekter,1981M04,1
04.1.2,KpiVektMnd,1981M05,"Betalt husleie, fritidsbolig",Vekter,1981M05,1
04.1.2,KpiVektMnd,1981M06,"Betalt husleie, fritidsbolig",Vekter,1981M06,1
04.1.2,KpiVektMnd,1981M07,"Betalt husleie, fritidsbolig",Vekter,1981M07,1
04.1.2,KpiVektMnd,1981M08,"Betalt husleie, fritidsbolig",Vekter,1981M08,1
04.1.2,KpiVektMnd,1981M09,"Betalt husleie, fritidsbolig",Vekter,1981M09,1
04.1.2,KpiVektMnd,1981M10,"Betalt husleie, fritidsbolig",Vekter,1981M10,1
04.1.2,KpiVektMnd,1981M11,"Betalt husleie, fritidsbolig",Vekter,1981M11,1
04.1.2,KpiVektMnd,1981M12,"Betalt husleie, fritidsbolig",Vekter,1981M12,1
04.1.2,KpiVektMnd,1982M01,"Betalt husleie, fritidsbolig",Vekter,1982M01,1
04.1.2,KpiVektMnd,1982M02,"Betalt husleie, fritidsbolig",Vekter,1982M02,1
04.1.2,KpiVektMnd,1982M03,"Betalt husleie, fritidsbolig",Vekter,1982M03,1
04.1.2,KpiVektMnd,1982M04,"Betalt husleie, fritidsbolig",Vekter,1982M04,1
04.1.2,KpiVektMnd,1982M05,"Betalt husleie, fritidsbolig",Vekter,1982M05,1
04.1.2,KpiVektMnd,1982M06,"Betalt husleie, fritidsbolig",Vekter,1982M06,1
04.1.2,KpiVektMnd,1982M07,"Betalt husleie, fritidsbolig",Vekter,1982M07,1
04.1.2,KpiVektMnd,1982M08,"Betalt husleie, fritidsbolig",Vekter,1982M08,1.1
04.1.2,KpiVektMnd,1982M09,"Betalt husleie, fritidsbolig",Vekter,1982M09,1.1
04.1.2,KpiVektMnd,1982M10,"Betalt husleie, fritidsbolig",Vekter,1982M10,1.1
04.1.2,KpiVektMnd,1982M11,"Betalt husleie, fritidsbolig",Vekter,1982M11,1.1
04.1.2,KpiVektMnd,1982M12,"Betalt husleie, fritidsbolig",Vekter,1982M12,1.1
04.1.2,KpiVektMnd,1983M01,"Betalt husleie, fritidsbolig",Vekter,1983M01,1.1
04.1.2,KpiVektMnd,1983M02,"Betalt husleie, fritidsbolig",Vekter,1983M02,1.1
04.1.2,KpiVektMnd,1983M03,"Betalt husleie, fritidsbolig",Vekter,1983M03,1.1
04.1.2,KpiVektMnd,1983M04,"Betalt husleie, fritidsbolig",Vekter,1983M04,1.1
04.1.2,KpiVektMnd,1983M05,"Betalt husleie, fritidsbolig",Vekter,1983M05,1.1
04.1.2,KpiVektMnd,1983M06,"Betalt husleie, fritidsbolig",Vekter,1983M06,1.1
04.1.2,KpiVektMnd,1983M07,"Betalt husleie, fritidsbolig",Vekter,1983M07,1.1
04.1.2,KpiVektMnd,1983M08,"Betalt husleie, fritidsbolig",Vekter,1983M08,1.1
04.1.2,KpiVektMnd,1983M09,"Betalt husleie, fritidsbolig",Vekter,1983M09,1.1
04.1.2,KpiVektMnd,1983M10,"Betalt husleie, fritidsbolig",Vekter,1983M10,1.1
04.1.2,KpiVektMnd,1983M11,"Betalt husleie, fritidsbolig",Vekter,1983M11,1.1
04.1.2,KpiVektMnd,1983M12,"Betalt husleie, fritidsbolig",Vekter,1983M12,1.1
04.1.2,KpiVektMnd,1984M01,"Betalt husleie, fritidsbolig",Vekter,1984M01,1.1
04.1.2,KpiVektMnd,1984M02,"Betalt husleie, fritidsbolig",Vekter,1984M02,1.1
04.1.2,KpiVektMnd,1984M03,"Betalt husleie, fritidsbolig",Vekter,1984M03,1.1
04.1.2,KpiVektMnd,1984M04,"Betalt husleie, fritidsbolig",Vekter,1984M04,1.1
04.1.2,KpiVektMnd,1984M05,"Betalt husleie, fritidsbolig",Vekter,1984M05,1.1
04.1.2,KpiVektMnd,1984M06,"Betalt husleie, fritidsbolig",Vekter,1984M06,1.1
04.1.2,KpiVektMnd,1984M07,"Betalt husleie, fritidsbolig",Vekter,1984M07,1.1
04.1.2,KpiVektMnd,1984M08,"Betalt husleie, fritidsbolig",Vekter,1984M08,1.1
04.1.2,KpiVektMnd,1984M09,"Betalt husleie, fritidsbolig",Vekter,1984M09,1.1
04.1.2,KpiVektMnd,1984M10,"Betalt husleie, fritidsbolig",Vekter,1984M10,1.1
04.1.2,KpiVektMnd,1984M11,"Betalt husleie, fritidsbolig",Vekter,1984M11,1.1
04.1.2,KpiVektMnd,1984M12,"Betalt husleie, fritidsbolig",Vekter,1984M12,1.1
04.1.2,KpiVektMnd,1985M01,"Betalt husleie, fritidsbolig",Vekter,1985M01,1.1
04.1.2,KpiVektMnd,1985M02,"Betalt husleie, fritidsbolig",Vekter,1985M02,1.1
04.1.2,KpiVektMnd,1985M03,"Betalt husleie, fritidsbolig",Vekter,1985M03,1.1
04.1.2,KpiVektMnd,1985M04,"Betalt husleie, fritidsbolig",Vekter,1985M04,1.1
04.1.2,KpiVektMnd,1985M05,"Betalt husleie, fritidsbolig",Vekter,1985M05,1.1
04.1.2,KpiVektMnd,1985M06,"Betalt husleie, fritidsbolig",Vekter,1985M06,1.1
04.1.2,KpiVektMnd,1985M07,"Betalt husleie, fritidsbolig",Vekter,1985M07,1.1
04.1.2,KpiVektMnd,1985M08,"Betalt husleie, fritidsbolig",Vekter,1985M08,1.1
04.1.2,KpiVektMnd,1985M09,"Betalt husleie, fritidsbolig",Vekter,1985M09,1.1
04.1.2,KpiVektMnd,1985M10,"Betalt husleie, fritidsbolig",Vekter,1985M10,1.1
04.1.2,KpiVektMnd,1985M11,"Betalt husleie, fritidsbolig",Vekter,1985M11,1.1
04.1.2,KpiVektMnd,1985M12,"Betalt husleie, fritidsbolig",Vekter,1985M12,1.1
04.1.2,KpiVektMnd,1986M01,"Betalt husleie, fritidsbolig",Vekter,1986M01,1.1
04.1.2,KpiVektMnd,1986M02,"Betalt husleie, fritidsbolig",Vekter,1986M02,1.1
04.1.2,KpiVektMnd,1986M03,"Betalt husleie, fritidsbolig",Vekter,1986M03,1.1
04.1.2,KpiVektMnd,1986M04,"Betalt husleie, fritidsbolig",Vekter,1986M04,1.1
04.1.2,KpiVektMnd,1986M05,"Betalt husleie, fritidsbolig",Vekter,1986M05,1.1
04.1.2,KpiVektMnd,1986M06,"Betalt husleie, fritidsbolig",Vekter,1986M06,1.1
04.1.2,KpiVektMnd,1986M07,"Betalt husleie, fritidsbolig",Vekter,1986M07,1.1
04.1.2,KpiVektMnd,1986M08,"Betalt husleie, fritidsbolig",Vekter,1986M08,1.1
04.1.2,KpiVektMnd,1986M09,"Betalt husleie, fritidsbolig",Vekter,1986M09,1.1
04.1.2,KpiVektMnd,1986M10,"Betalt husleie, fritidsbolig",Vekter,1986M10,1.1
04.1.2,KpiVektMnd,1986M11,"Betalt husleie, fritidsbolig",Vekter,1986M11,1.1
04.1.2,KpiVektMnd,1986M12,"Betalt husleie, fritidsbolig",Vekter,1986M12,1.1
04.1.2,KpiVektMnd,1987M01,"Betalt husleie, fritidsbolig",Vekter,1987M01,1.1
04.1.2,KpiVektMnd,1987M02,"Betalt husleie, fritidsbolig",Vekter,1987M02,1.1
04.1.2,KpiVektMnd,1987M03,"Betalt husleie, fritidsbolig",Vekter,1987M03,1.1
04.1.2,KpiVektMnd,1987M04,"Betalt husleie, fritidsbolig",Vekter,1987M04,1.1
04.1.2,KpiVektMnd,1987M05,"Betalt husleie, fritidsbolig",Vekter,1987M05,1.1
04.1.2,KpiVektMnd,1987M06,"Betalt husleie, fritidsbolig",Vekter,1987M06,1.1
04.1.2,KpiVektMnd,1987M07,"Betalt husleie, fritidsbolig",Vekter,1987M07,1.1
04.1.2,KpiVektMnd,1987M08,"Betalt husleie, fritidsbolig",Vekter,1987M08,1.1
04.1.2,KpiVektMnd,1987M09,"Betalt husleie, fritidsbolig",Vekter,1987M09,1.1
04.1.2,KpiVektMnd,1987M10,"Betalt husleie, fritidsbolig",Vekter,1987M10,1.1
04.1.2,KpiVektMnd,1987M11,"Betalt husleie, fritidsbolig",Vekter,1987M11,1.1
04.1.2,KpiVektMnd,1987M12,"Betalt husleie, fritidsbolig",Vekter,1987M12,1.1
04.1.2,KpiVektMnd,1988M01,"Betalt husleie, fritidsbolig",Vekter,1988M01,1.1
04.1.2,KpiVektMnd,1988M02,"Betalt husleie, fritidsbolig",Vekter,1988M02,1.1
04.1.2,KpiVektMnd,1988M03,"Betalt husleie, fritidsbolig",Vekter,1988M03,1.1
04.1.2,KpiVektMnd,1988M04,"Betalt husleie, fritidsbolig",Vekter,1988M04,1.1
04.1.2,KpiVektMnd,1988M05,"Betalt husleie, fritidsbolig",Vekter,1988M05,1.1
04.1.2,KpiVektMnd,1988M06,"Betalt husleie, fritidsbolig",Vekter,1988M06,1.1
04.1.2,KpiVektMnd,1988M07,"Betalt husleie, fritidsbolig",Vekter,1988M07,1.1
04.1.2,KpiVektMnd,1988M08,"Betalt husleie, fritidsbolig",Vekter,1988M08,1
04.1.2,KpiVektMnd,1988M09,"Betalt husleie, fritidsbolig",Vekter,1988M09,1
04.1.2,KpiVektMnd,1988M10,"Betalt husleie, fritidsbolig",Vekter,1988M10,1
04.1.2,KpiVektMnd,1988M11,"Betalt husleie, fritidsbolig",Vekter,1988M11,1
04.1.2,KpiVektMnd,1988M12,"Betalt husleie, fritidsbolig",Vekter,1988M12,1
04.1.2,KpiVektMnd,1989M01,"Betalt husleie, fritidsbolig",Vekter,1989M01,1
04.1.2,KpiVektMnd,1989M02,"Betalt husleie, fritidsbolig",Vekter,1989M02,1
04.1.2,KpiVektMnd,1989M03,"Betalt husleie, fritidsbolig",Vekter,1989M03,1
04.1.2,KpiVektMnd,1989M04,"Betalt husleie, fritidsbolig",Vekter,1989M04,1
04.1.2,KpiVektMnd,1989M05,"Betalt husleie, fritidsbolig",Vekter,1989M05,1
04.1.2,KpiVektMnd,1989M06,"Betalt husleie, fritidsbolig",Vekter,1989M06,1
04.1.2,KpiVektMnd,1989M07,"Betalt husleie, fritidsbolig",Vekter,1989M07,1
04.1.2,KpiVektMnd,1989M08,"Betalt husleie, fritidsbolig",Vekter,1989M08,1
04.1.2,KpiVektMnd,1989M09,"Betalt husleie, fritidsbolig",Vekter,1989M09,1
04.1.2,KpiVektMnd,1989M10,"Betalt husleie, fritidsbolig",Vekter,1989M10,1
04.1.2,KpiVektMnd,1989M11,"Betalt husleie, fritidsbolig",Vekter,1989M11,1
04.1.2,KpiVektMnd,1989M12,"Betalt husleie, fritidsbolig",Vekter,1989M12,1
04.1.2,KpiVektMnd,1990M01,"Betalt husleie, fritidsbolig",Vekter,1990M01,1
04.1.2,KpiVektMnd,1990M02,"Betalt husleie, fritidsbolig",Vekter,1990M02,1
04.1.2,KpiVektMnd,1990M03,"Betalt husleie, fritidsbolig",Vekter,1990M03,1
04.1.2,KpiVektMnd,1990M04,"Betalt husleie, fritidsbolig",Vekter,1990M04,1
04.1.2,KpiVektMnd,1990M05,"Betalt husleie, fritidsbolig",Vekter,1990M05,1
04.1.2,KpiVektMnd,1990M06,"Betalt husleie, fritidsbolig",Vekter,1990M06,1
04.1.2,KpiVektMnd,1990M07,"Betalt husleie, fritidsbolig",Vekter,1990M07,1
04.1.2,KpiVektMnd,1990M08,"Betalt husleie, fritidsbolig",Vekter,1990M08,1.1
04.1.2,KpiVektMnd,1990M09,"Betalt husleie, fritidsbolig",Vekter,1990M09,1.1
04.1.2,KpiVektMnd,1990M10,"Betalt husleie, fritidsbolig",Vekter,1990M10,1.1
04.1.2,KpiVektMnd,1990M11,"Betalt husleie, fritidsbolig",Vekter,1990M11,1.1
04.1.2,KpiVektMnd,1990M12,"Betalt husleie, fritidsbolig",Vekter,1990M12,1.1
04.1.2,KpiVektMnd,1991M01,"Betalt husleie, fritidsbolig",Vekter,1991M01,1.1
04.1.2,KpiVektMnd,1991M02,"Betalt husleie, fritidsbolig",Vekter,1991M02,1.1
04.1.2,KpiVektMnd,1991M03,"Betalt husleie, fritidsbolig",Vekter,1991M03,1.1
04.1.2,KpiVektMnd,1991M04,"Betalt husleie, fritidsbolig",Vekter,1991M04,1.1
04.1.2,KpiVektMnd,1991M05,"Betalt husleie, fritidsbolig",Vekter,1991M05,1.1
04.1.2,KpiVektMnd,1991M06,"Betalt husleie, fritidsbolig",Vekter,1991M06,1.1
04.1.2,KpiVektMnd,1991M07,"Betalt husleie, fritidsbolig",Vekter,1991M07,1.1
04.1.2,KpiVektMnd,1991M08,"Betalt husleie, fritidsbolig",Vekter,1991M08,1.2
04.1.2,KpiVektMnd,1991M09,"Betalt husleie, fritidsbolig",Vekter,1991M09,1.2
04.1.2,KpiVektMnd,1991M10,"Betalt husleie, fritidsbolig",Vekter,1991M10,1.2
04.1.2,KpiVektMnd,1991M11,"Betalt husleie, fritidsbolig",Vekter,1991M11,1.2
04.1.2,KpiVektMnd,1991M12,"Betalt husleie, fritidsbolig",Vekter,1991M12,1.2
04.1.2,KpiVektMnd,1992M01,"Betalt husleie, fritidsbolig",Vekter,1992M01,1.2
04.1.2,KpiVektMnd,1992M02,"Betalt husleie, fritidsbolig",Vekter,1992M02,1.2
04.1.2,KpiVektMnd,1992M03,"Betalt husleie, fritidsbolig",Vekter,1992M03,1.2
04.1.2,KpiVektMnd,1992M04,"Betalt husleie, fritidsbolig",Vekter,1992M04,1.2
04.1.2,KpiVektMnd,1992M05,"Betalt husleie, fritidsbolig",Vekter,1992M05,1.2
04.1.2,KpiVektMnd,1992M06,"Betalt husleie, fritidsbolig",Vekter,1992M06,1.2
04.1.2,KpiVektMnd,1992M07,"Betalt husleie, fritidsbolig",Vekter,1992M07,1.2
04.1.2,KpiVektMnd,1992M08,"Betalt husleie, fritidsbolig",Vekter,1992M08,1.3
04.1.2,KpiVektMnd,1992M09,"Betalt husleie, fritidsbolig",Vekter,1992M09,1.3
04.1.2,KpiVektMnd,1992M10,"Betalt husleie, fritidsbolig",Vekter,1992M10,1.3
04.1.2,KpiVektMnd,1992M11,"Betalt husleie, fritidsbolig",Vekter,1992M11,1.3
04.1.2,KpiVektMnd,1992M12,"Betalt husleie, fritidsbolig",Vekter,1992M12,1.3
04.1.2,KpiVektMnd,1993M01,"Betalt husleie, fritidsbolig",Vekter,1993M01,1.3
04.1.2,KpiVektMnd,1993M02,"Betalt husleie, fritidsbolig",Vekter,1993M02,1.3
04.1.2,KpiVektMnd,1993M03,"Betalt husleie, fritidsbolig",Vekter,1993M03,1.3
04.1.2,KpiVektMnd,1993M04,"Betalt husleie, fritidsbolig",Vekter,1993M04,1.3
04.1.2,KpiVektMnd,1993M05,"Betalt husleie, fritidsbolig",Vekter,1993M05,1.3
04.1.2,KpiVektMnd,1993M06,"Betalt husleie, fritidsbolig",Vekter,1993M06,1.3
04.1.2,KpiVektMnd,1993M07,"Betalt husleie, fritidsbolig",Vekter,1993M07,1.3
04.1.2,KpiVektMnd,1993M08,"Betalt husleie, fritidsbolig",Vekter,1993M08,1.3
04.1.2,KpiVektMnd,1993M09,"Betalt husleie, fritidsbolig",Vekter,1993M09,1.3
04.1.2,KpiVektMnd,1993M10,"Betalt husleie, fritidsbolig",Vekter,1993M10,1.3
04.1.2,KpiVektMnd,1993M11,"Betalt husleie, fritidsbolig",Vekter,1993M11,1.3
04.1.2,KpiVektMnd,1993M12,"Betalt husleie, fritidsbolig",Vekter,1993M12,1.3
04.1.2,KpiVektMnd,1994M01,"Betalt husleie, fritidsbolig",Vekter,1994M01,1.3
04.1.2,KpiVektMnd,1994M02,"Betalt husleie, fritidsbolig",Vekter,1994M02,1.3
04.1.2,KpiVektMnd,1994M03,"Betalt husleie, fritidsbolig",Vekter,1994M03,1.3
04.1.2,KpiVektMnd,1994M04,"Betalt husleie, fritidsbolig",Vekter,1994M04,1.3
04.1.2,KpiVektMnd,1994M05,"Betalt husleie, fritidsbolig",Vekter,1994M05,1.3
04.1.2,KpiVektMnd,1994M06,"Betalt husleie, fritidsbolig",Vekter,1994M06,1.3
04.1.2,KpiVektMnd,1994M07,"Betalt husleie, fritidsbolig",Vekter,1994M07,1.3
04.1.2,KpiVektMnd,1994M08,"Betalt husleie, fritidsbolig",Vekter,1994M08,1.4
04.1.2,KpiVektMnd,1994M09,"Betalt husleie, fritidsbolig",Vekter,1994M09,1.4
04.1.2,KpiVektMnd,1994M10,"Betalt husleie, fritidsbolig",Vekter,1994M10,1.4
04.1.2,KpiVektMnd,1994M11,"Betalt husleie, fritidsbolig",Vekter,1994M11,1.4
04.1.2,KpiVektMnd,1994M12,"Betalt husleie, fritidsbolig",Vekter,1994M12,1.4
04.1.2,KpiVektMnd,1995M01,"Betalt husleie, fritidsbolig",Vekter,1995M01,1.4
04.1.2,KpiVektMnd,1995M02,"Betalt husleie, fritidsbolig",Vekter,1995M02,1.4
04.1.2,KpiVektMnd,1995M03,"Betalt husleie, fritidsbolig",Vekter,1995M03,1.4
04.1.2,KpiVektMnd,1995M04,"Betalt husleie, fritidsbolig",Vekter,1995M04,1.4
04.1.2,KpiVektMnd,1995M05,"Betalt husleie, fritidsbolig",Vekter,1995M05,1.4
04.1.2,KpiVektMnd,1995M06,"Betalt husleie, fritidsbolig",Vekter,1995M06,1.4
04.1.2,KpiVektMnd,1995M07,"Betalt husleie, fritidsbolig",Vekter,1995M07,1.4
04.1.2,KpiVektMnd,1995M08,"Betalt husleie, fritidsbolig",Vekter,1995M08,1.5
04.1.2,KpiVektMnd,1995M09,"Betalt husleie, fritidsbolig",Vekter,1995M09,1.5
04.1.2,KpiVektMnd,1995M10,"Betalt husleie, fritidsbolig",Vekter,1995M10,1.5
04.1.2,KpiVektMnd,1995M11,"Betalt husleie, fritidsbolig",Vekter,1995M11,1.5
04.1.2,KpiVektMnd,1995M12,"Betalt husleie, fritidsbolig",Vekter,1995M12,1.5
04.1.2,KpiVektMnd,1996M01,"Betalt husleie, fritidsbolig",Vekter,1996M01,1.5
04.1.2,KpiVektMnd,1996M02,"Betalt husleie, fritidsbolig",Vekter,1996M02,1.5
04.1.2,KpiVektMnd,1996M03,"Betalt husleie, fritidsbolig",Vekter,1996M03,1.5
04.1.2,KpiVektMnd,1996M04,"Betalt husleie, fritidsbolig",Vekter,1996M04,1.5
04.1.2,KpiVektMnd,1996M05,"Betalt husleie, fritidsbolig",Vekter,1996M05,1.5
04.1.2,KpiVektMnd,1996M06,"Betalt husleie, fritidsbolig",Vekter,1996M06,1.5
04.1.2,KpiVektMnd,1996M07,"Betalt husleie, fritidsbolig",Vekter,1996M07,1.5
04.1.2,KpiVektMnd,1996M08,"Betalt husleie, fritidsbolig",Vekter,1996M08,2
04.1.2,KpiVektMnd,1996M09,"Betalt husleie, fritidsbolig",Vekter,1996M09,2
04.1.2,KpiVektMnd,1996M10,"Betalt husleie, fritidsbolig",Vekter,1996M10,2
04.1.2,KpiVektMnd,1996M11,"Betalt husleie, fritidsbolig",Vekter,1996M11,2
04.1.2,KpiVektMnd,1996M12,"Betalt husleie, fritidsbolig",Vekter,1996M12,2
04.1.2,KpiVektMnd,1997M01,"Betalt husleie, fritidsbolig",Vekter,1997M01,2
04.1.2,KpiVektMnd,1997M02,"Betalt husleie, fritidsbolig",Vekter,1997M02,2
04.1.2,KpiVektMnd,1997M03,"Betalt husleie, fritidsbolig",Vekter,1997M03,2
04.1.2,KpiVektMnd,1997M04,"Betalt husleie, fritidsbolig",Vekter,1997M04,2
04.1.2,KpiVektMnd,1997M05,"Betalt husleie, fritidsbolig",Vekter,1997M05,2
04.1.2,KpiVektMnd,1997M06,"Betalt husleie, fritidsbolig",Vekter,1997M06,2
04.1.2,KpiVektMnd,1997M07,"Betalt husleie, fritidsbolig",Vekter,1997M07,2
04.1.2,KpiVektMnd,1997M08,"Betalt husleie, fritidsbolig",Vekter,1997M08,1.9
04.1.2,KpiVektMnd,1997M09,"Betalt husleie, fritidsbolig",Vekter,1997M09,1.9
04.1.2,KpiVektMnd,1997M10,"Betalt husleie, fritidsbolig",Vekter,1997M10,1.9
04.1.2,KpiVektMnd,1997M11,"Betalt husleie, fritidsbolig",Vekter,1997M11,1.9
04.1.2,KpiVektMnd,1997M12,"Betalt husleie, fritidsbolig",Vekter,1997M12,1.9
04.1.2,KpiVektMnd,1998M01,"Betalt husleie, fritidsbolig",Vekter,1998M01,1.9
04.1.2,KpiVektMnd,1998M02,"Betalt husleie, fritidsbolig",Vekter,1998M02,1.9
04.1.2,KpiVektMnd,1998M03,"Betalt husleie, fritidsbolig",Vekter,1998M03,1.9
04.1.2,KpiVektMnd,1998M04,"Betalt husleie, fritidsbolig",Vekter,1998M04,1.9
04.1.2,KpiVektMnd,1998M05,"Betalt husleie, fritidsbolig",Vekter,1998M05,1.9
04.1.2,KpiVektMnd,1998M06,"Betalt husleie, fritidsbolig",Vekter,1998M06,1.9
04.1.2,KpiVektMnd,1998M07,"Betalt husleie, fritidsbolig",Vekter,1998M07,1.9
04.1.2,KpiVektMnd,1998M08,"Betalt husleie, fritidsbolig",Vekter,1998M08,1.8
04.1.2,KpiVektMnd,1998M09,"Betalt husleie, fritidsbolig",Vekter,1998M09,1.8
04.1.2,KpiVektMnd,1998M10,"Betalt husleie, fritidsbolig",Vekter,1998M10,1.8
04.1.2,KpiVektMnd,1998M11,"Betalt husleie, fritidsbolig",Vekter,1998M11,1.8
04.1.2,KpiVektMnd,1998M12,"Betalt husleie, fritidsbolig",Vekter,1998M12,1.8
04.1.2,KpiVektMnd,1999M01,"Betalt husleie, fritidsbolig",Vekter,1999M01,1.8
04.1.2,KpiVektMnd,1999M02,"Betalt husleie, fritidsbolig",Vekter,1999M02,1.8
04.1.2,KpiVektMnd,1999M03,"Betalt husleie, fritidsbolig",Vekter,1999M03,1.8
04.1.2,KpiVektMnd,1999M04,"Betalt husleie, fritidsbolig",Vekter,1999M04,1.8
04.1.2,KpiVektMnd,1999M05,"Betalt husleie, fritidsbolig",Vekter,1999M05,1.8
04.1.2,KpiVektMnd,1999M06,"Betalt husleie, fritidsbolig",Vekter,1999M06,1.8
04.1.2,KpiVektMnd,1999M07,"Betalt husleie, fritidsbolig",Vekter,1999M07,1.8
04.1.2,KpiVektMnd,1999M08,"Betalt husleie, fritidsbolig",Vekter,1999M08,2.1
04.1.2,KpiVektMnd,1999M09,"Betalt husleie, fritidsbolig",Vekter,1999M09,2.1
04.1.2,KpiVektMnd,1999M10,"Betalt husleie, fritidsbolig",Vekter,1999M10,2.1
04.1.2,KpiVektMnd,1999M11,"Betalt husleie, fritidsbolig",Vekter,1999M11,2.1
04.1.2,KpiVektMnd,1999M12,"Betalt husleie, fritidsbolig",Vekter,1999M12,2.1
04.1.2,KpiVektMnd,2000M01,"Betalt husleie, fritidsbolig",Vekter,2000M01,2.1
04.1.2,KpiVektMnd,2000M02,"Betalt husleie, fritidsbolig",Vekter,2000M02,2.1
04.1.2,KpiVektMnd,2000M03,"Betalt husleie, fritidsbolig",Vekter,2000M03,2.1
04.1.2,KpiVektMnd,2000M04,"Betalt husleie, fritidsbolig",Vekter,2000M04,2.1
04.1.2,KpiVektMnd,2000M05,"Betalt husleie, fritidsbolig",Vekter,2000M05,2.1
04.1.2,KpiVektMnd,2000M06,"Betalt husleie, fritidsbolig",Vekter,2000M06,2.1
04.1.2,KpiVektMnd,2000M07,"Betalt husleie, fritidsbolig",Vekter,2000M07,2.1
04.1.2,KpiVektMnd,2000M08,"Betalt husleie, fritidsbolig",Vekter,2000M08,2.1
04.1.2,KpiVektMnd,2000M09,"Betalt husleie, fritidsbolig",Vekter,2000M09,2.1
04.1.2,KpiVektMnd,2000M10,"Betalt husleie, fritidsbolig",Vekter,2000M10,2.1
04.1.2,KpiVektMnd,2000M11,"Betalt husleie, fritidsbolig",Vekter,2000M11,2.1
04.1.2,KpiVektMnd,2000M12,"Betalt husleie, fritidsbolig",Vekter,2000M12,2.1
04.1.2,KpiVektMnd,2001M01,"Betalt husleie, fritidsbolig",Vekter,2001M01,2.1
04.1.2,KpiVektMnd,2001M02,"Betalt husleie, fritidsbolig",Vekter,2001M02,2.1
04.1.2,KpiVektMnd,2001M03,"Betalt husleie, fritidsbolig",Vekter,2001M03,2.1
04.1.2,KpiVektMnd,2001M04,"Betalt husleie, fritidsbolig",Vekter,2001M04,2.1
04.1.2,KpiVektMnd,2001M05,"Betalt husleie, fritidsbolig",Vekter,2001M05,2.1
04.1.2,KpiVektMnd,2001M06,"Betalt husleie, fritidsbolig",Vekter,2001M06,2.1
04.1.2,KpiVektMnd,2001M07,"Betalt husleie, fritidsbolig",Vekter,2001M07,2.1
04.1.2,KpiVektMnd,2001M08,"Betalt husleie, fritidsbolig",Vekter,2001M08,2.3
04.1.2,KpiVektMnd,2001M09,"Betalt husleie, fritidsbolig",Vekter,2001M09,2.3
04.1.2,KpiVektMnd,2001M10,"Betalt husleie, fritidsbolig",Vekter,2001M10,2.3
04.1.2,KpiVektMnd,2001M11,"Betalt husleie, fritidsbolig",Vekter,2001M11,2.3
04.1.2,KpiVektMnd,2001M12,"Betalt husleie, fritidsbolig",Vekter,2001M12,2.3
04.1.2,KpiVektMnd,2002M01,"Betalt husleie, fritidsbolig",Vekter,2002M01,2.3
04.1.2,KpiVektMnd,2002M02,"Betalt husleie, fritidsbolig",Vekter,2002M02,2.3
04.1.2,KpiVektMnd,2002M03,"Betalt husleie, fritidsbolig",Vekter,2002M03,2.3
04.1.2,KpiVektMnd,2002M04,"Betalt husleie, fritidsbolig",Vekter,2002M04,2.3
04.1.2,KpiVektMnd,2002M05,"Betalt husleie, fritidsbolig",Vekter,2002M05,2.3
04.1.2,KpiVektMnd,2002M06,"Betalt husleie, fritidsbolig",Vekter,2002M06,2.3
04.1.2,KpiVektMnd,2002M07,"Betalt husleie, fritidsbolig",Vekter,2002M07,2.3
04.1.2,KpiVektMnd,2002M08,"Betalt husleie, fritidsbolig",Vekter,2002M08,2.4
04.1.2,KpiVektMnd,2002M09,"Betalt husleie, fritidsbolig",Vekter,2002M09,2.4
04.1.2,KpiVektMnd,2002M10,"Betalt husleie, fritidsbolig",Vekter,2002M10,2.4
04.1.2,KpiVektMnd,2002M11,"Betalt husleie, fritidsbolig",Vekter,2002M11,2.4
04.1.2,KpiVektMnd,2002M12,"Betalt husleie, fritidsbolig",Vekter,2002M12,2.4
04.1.2,KpiVektMnd,2003M01,"Betalt husleie, fritidsbolig",Vekter,2003M01,2.4
04.1.2,KpiVektMnd,2003M02,"Betalt husleie, fritidsbolig",Vekter,2003M02,2.4
04.1.2,KpiVektMnd,2003M03,"Betalt husleie, fritidsbolig",Vekter,2003M03,2.4
04.1.2,KpiVektMnd,2003M04,"Betalt husleie, fritidsbolig",Vekter,2003M04,2.4
04.1.2,KpiVektMnd,2003M05,"Betalt husleie, fritidsbolig",Vekter,2003M05,2.4
04.1.2,KpiVektMnd,2003M06,"Betalt husleie, fritidsbolig",Vekter,2003M06,2.4
04.1.2,KpiVektMnd,2003M07,"Betalt husleie, fritidsbolig",Vekter,2003M07,2.4
04.1.2,KpiVektMnd,2003M08,"Betalt husleie, fritidsbolig",Vekter,2003M08,2.6
04.1.2,KpiVektMnd,2003M09,"Betalt husleie, fritidsbolig",Vekter,2003M09,2.6
04.1.2,KpiVektMnd,2003M10,"Betalt husleie, fritidsbolig",Vekter,2003M10,2.6
04.1.2,KpiVektMnd,2003M11,"Betalt husleie, fritidsbolig",Vekter,2003M11,2.6
04.1.2,KpiVektMnd,2003M12,"Betalt husleie, fritidsbolig",Vekter,2003M12,2.6
04.1.2,KpiVektMnd,2004M01,"Betalt husleie, fritidsbolig",Vekter,2004M01,2.6
04.1.2,KpiVektMnd,2004M02,"Betalt husleie, fritidsbolig",Vekter,2004M02,2.6
04.1.2,KpiVektMnd,2004M03,"Betalt husleie, fritidsbolig",Vekter,2004M03,2.6
04.1.2,KpiVektMnd,2004M04,"Betalt husleie, fritidsbolig",Vekter,2004M04,2.6
04.1.2,KpiVektMnd,2004M05,"Betalt husleie, fritidsbolig",Vekter,2004M05,2.6
04.1.2,KpiVektMnd,2004M06,"Betalt husleie, fritidsbolig",Vekter,2004M06,2.6
04.1.2,KpiVektMnd,2004M07,"Betalt husleie, fritidsbolig",Vekter,2004M07,2.6
04.1.2,KpiVektMnd,2004M08,"Betalt husleie, fritidsbolig",Vekter,2004M08,2.5
04.1.2,KpiVektMnd,2004M09,"Betalt husleie, fritidsbolig",Vekter,2004M09,2.5
04.1.2,KpiVektMnd,2004M10,"Betalt husleie, fritidsbolig",Vekter,2004M10,2.5
04.1.2,KpiVektMnd,2004M11,"Betalt husleie, fritidsbolig",Vekter,2004M11,2.5
04.1.2,KpiVektMnd,2004M12,"Betalt husleie, fritidsbolig",Vekter,2004M12,2.5
04.1.2,KpiVektMnd,2005M01,"Betalt husleie, fritidsbolig",Vekter,2005M01,2.5
04.1.2,KpiVektMnd,2005M02,"Betalt husleie, fritidsbolig",Vekter,2005M02,2.5
04.1.2,KpiVektMnd,2005M03,"Betalt husleie, fritidsbolig",Vekter,2005M03,2.5
04.1.2,KpiVektMnd,2005M04,"Betalt husleie, fritidsbolig",Vekter,2005M04,2.5
04.1.2,KpiVektMnd,2005M05,"Betalt husleie, fritidsbolig",Vekter,2005M05,2.5
04.1.2,KpiVektMnd,2005M06,"Betalt husleie, fritidsbolig",Vekter,2005M06,2.5
04.1.2,KpiVektMnd,2005M07,"Betalt husleie, fritidsbolig",Vekter,2005M07,2.5
04.1.2,KpiVektMnd,2005M08,"Betalt husleie, fritidsbolig",Vekter,2005M08,3.1
04.1.2,KpiVektMnd,2005M09,"Betalt husleie, fritidsbolig",Vekter,2005M09,3.1
04.1.2,KpiVektMnd,2005M10,"Betalt husleie, fritidsbolig",Vekter,2005M10,3.1
04.1.2,KpiVektMnd,2005M11,"Betalt husleie, fritidsbolig",Vekter,2005M11,3.1
04.1.2,KpiVektMnd,2005M12,"Betalt husleie, fritidsbolig",Vekter,2005M12,3.1
04.1.2,KpiVektMnd,2006M01,"Betalt husleie, fritidsbolig",Vekter,2006M01,3.1
04.1.2,KpiVektMnd,2006M02,"Betalt husleie, fritidsbolig",Vekter,2006M02,3.1
04.1.2,KpiVektMnd,2006M03,"Betalt husleie, fritidsbolig",Vekter,2006M03,3.1
04.1.2,KpiVektMnd,2006M04,"Betalt husleie, fritidsbolig",Vekter,2006M04,3.1
04.1.2,KpiVektMnd,2006M05,"Betalt husleie, fritidsbolig",Vekter,2006M05,3.1
04.1.2,KpiVektMnd,2006M06,"Betalt husleie, fritidsbolig",Vekter,2006M06,3.1
04.1.2,KpiVektMnd,2006M07,"Betalt husleie, fritidsbolig",Vekter,2006M07,3.1
04.1.2,KpiVektMnd,2006M08,"Betalt husleie, fritidsbolig",Vekter,2006M08,3.1
04.1.2,KpiVektMnd,2006M09,"Betalt husleie, fritidsbolig",Vekter,2006M09,3.1
04.1.2,KpiVektMnd,2006M10,"Betalt husleie, fritidsbolig",Vekter,2006M10,3.1
04.1.2,KpiVektMnd,2006M11,"Betalt husleie, fritidsbolig",Vekter,2006M11,3.1
04.1.2,KpiVektMnd,2006M12,"Betalt husleie, fritidsbolig",Vekter,2006M12,3.1
04.1.2,KpiVektMnd,2007M01,"Betalt husleie, fritidsbolig",Vekter,2007M01,3.1
04.1.2,KpiVektMnd,2007M02,"Betalt husleie, fritidsbolig",Vekter,2007M02,3.1
04.1.2,KpiVektMnd,2007M03,"Betalt husleie, fritidsbolig",Vekter,2007M03,3.1
04.1.2,KpiVektMnd,2007M04,"Betalt husleie, fritidsbolig",Vekter,2007M04,3.1
04.1.2,KpiVektMnd,2007M05,"Betalt husleie, fritidsbolig",Vekter,2007M05,3.1
04.1.2,KpiVektMnd,2007M06,"Betalt husleie, fritidsbolig",Vekter,2007M06,3.1
04.1.2,KpiVektMnd,2007M07,"Betalt husleie, fritidsbolig",Vekter,2007M07,3.1
04.1.2,KpiVektMnd,2007M08,"Betalt husleie, fritidsbolig",Vekter,2007M08,3.2
04.1.2,KpiVektMnd,2007M09,"Betalt husleie, fritidsbolig",Vekter,2007M09,3.2
04.1.2,KpiVektMnd,2007M10,"Betalt husleie, fritidsbolig",Vekter,2007M10,3.2
04.1.2,KpiVektMnd,2007M11,"Betalt husleie, fritidsbolig",Vekter,2007M11,3.2
04.1.2,KpiVektMnd,2007M12,"Betalt husleie, fritidsbolig",Vekter,2007M12,3.2
04.1.2,KpiVektMnd,2008M01,"Betalt husleie, fritidsbolig",Vekter,2008M01,3.2
04.1.2,KpiVektMnd,2008M02,"Betalt husleie, fritidsbolig",Vekter,2008M02,3.2
04.1.2,KpiVektMnd,2008M03,"Betalt husleie, fritidsbolig",Vekter,2008M03,3.2
04.1.2,KpiVektMnd,2008M04,"Betalt husleie, fritidsbolig",Vekter,2008M04,3.2
04.1.2,KpiVektMnd,2008M05,"Betalt husleie, fritidsbolig",Vekter,2008M05,3.2
04.1.2,KpiVektMnd,2008M06,"Betalt husleie, fritidsbolig",Vekter,2008M06,3.2
04.1.2,KpiVektMnd,2008M07,"Betalt husleie, fritidsbolig",Vekter,2008M07,3.2
04.1.2,KpiVektMnd,2008M08,"Betalt husleie, fritidsbolig",Vekter,2008M08,2.7
04.1.2,KpiVektMnd,2008M09,"Betalt husleie, fritidsbolig",Vekter,2008M09,2.7
04.1.2,KpiVektMnd,2008M10,"Betalt husleie, fritidsbolig",Vekter,2008M10,2.7
04.1.2,KpiVektMnd,2008M11,"Betalt husleie, fritidsbolig",Vekter,2008M11,2.7
04.1.2,KpiVektMnd,2008M12,"Betalt husleie, fritidsbolig",Vekter,2008M12,2.7
04.1.2,KpiVektMnd,2009M01,"Betalt husleie, fritidsbolig",Vekter,2009M01,2.7
04.1.2,KpiVektMnd,2009M02,"Betalt husleie, fritidsbolig",Vekter,2009M02,2.7
04.1.2,KpiVektMnd,2009M03,"Betalt husleie, fritidsbolig",Vekter,2009M03,2.7
04.1.2,KpiVektMnd,2009M04,"Betalt husleie, fritidsbolig",Vekter,2009M04,2.7
04.1.2,KpiVektMnd,2009M05,"Betalt husleie, fritidsbolig",Vekter,2009M05,2.7
04.1.2,KpiVektMnd,2009M06,"Betalt husleie, fritidsbolig",Vekter,2009M06,2.7
04.1.2,KpiVektMnd,2009M07,"Betalt husleie, fritidsbolig",Vekter,2009M07,2.7
04.1.2,KpiVektMnd,2009M08,"Betalt husleie, fritidsbolig",Vekter,2009M08,2.6
04.1.2,KpiVektMnd,2009M09,"Betalt husleie, fritidsbolig",Vekter,2009M09,2.6
04.1.2,KpiVektMnd,2009M10,"Betalt husleie, fritidsbolig",Vekter,2009M10,2.6
04.1.2,KpiVektMnd,2009M11,"Betalt husleie, fritidsbolig",Vekter,2009M11,2.6
04.1.2,KpiVektMnd,2009M12,"Betalt husleie, fritidsbolig",Vekter,2009M12,2.6
04.1.2,KpiVektMnd,2010M01,"Betalt husleie, fritidsbolig",Vekter,2010M01,2.6
04.1.2,KpiVektMnd,2010M02,"Betalt husleie, fritidsbolig",Vekter,2010M02,2.6
04.1.2,KpiVektMnd,2010M03,"Betalt husleie, fritidsbolig",Vekter,2010M03,2.6
04.1.2,KpiVektMnd,2010M04,"Betalt husleie, fritidsbolig",Vekter,2010M04,2.6
04.1.2,KpiVektMnd,2010M05,"Betalt husleie, fritidsbolig",Vekter,2010M05,2.6
04.1.2,KpiVektMnd,2010M06,"Betalt husleie, fritidsbolig",Vekter,2010M06,2.6
04.1.2,KpiVektMnd,2010M07,"Betalt husleie, fritidsbolig",Vekter,2010M07,2.6
04.1.2,KpiVektMnd,2010M08,"Betalt husleie, fritidsbolig",Vekter,2010M08,2.6
04.1.2,KpiVektMnd,2010M09,"Betalt husleie, fritidsbolig",Vekter,2010M09,2.6
04.1.2,KpiVektMnd,2010M10,"Betalt husleie, fritidsbolig",Vekter,2010M10,2.6
04.1.2,KpiVektMnd,2010M11,"Betalt husleie, fritidsbolig",Vekter,2010M11,2.6
04.1.2,KpiVektMnd,2010M12,"Betalt husleie, fritidsbolig",Vekter,2010M12,2.6
04.1.2,KpiVektMnd,2011M01,"Betalt husleie, fritidsbolig",Vekter,2011M01,3.4
04.1.2,KpiVektMnd,2011M02,"Betalt husleie, fritidsbolig",Vekter,2011M02,3.4
04.1.2,KpiVektMnd,2011M03,"Betalt husleie, fritidsbolig",Vekter,2011M03,3.4
04.1.2,KpiVektMnd,2011M04,"Betalt husleie, fritidsbolig",Vekter,2011M04,3.4
04.1.2,KpiVektMnd,2011M05,"Betalt husleie, fritidsbolig",Vekter,2011M05,3.4
04.1.2,KpiVektMnd,2011M06,"Betalt husleie, fritidsbolig",Vekter,2011M06,3.4
04.1.2,KpiVektMnd,2011M07,"Betalt husleie, fritidsbolig",Vekter,2011M07,3.4
04.1.2,KpiVektMnd,2011M08,"Betalt husleie, fritidsbolig",Vekter,2011M08,3.4
04.1.2,KpiVektMnd,2011M09,"Betalt husleie, fritidsbolig",Vekter,2011M09,3.4
04.1.2,KpiVektMnd,2011M10,"Betalt husleie, fritidsbolig",Vekter,2011M10,3.4
04.1.2,KpiVektMnd,2011M11,"Betalt husleie, fritidsbolig",Vekter,2011M11,3.4
04.1.2,KpiVektMnd,2011M12,"Betalt husleie, fritidsbolig",Vekter,2011M12,3.4
04.1.2,KpiVektMnd,2012M01,"Betalt husleie, fritidsbolig",Vekter,2012M01,3.7
04.1.2,KpiVektMnd,2012M02,"Betalt husleie, fritidsbolig",Vekter,2012M02,3.7
04.1.2,KpiVektMnd,2012M03,"Betalt husleie, fritidsbolig",Vekter,2012M03,3.7
04.1.2,KpiVektMnd,2012M04,"Betalt husleie, fritidsbolig",Vekter,2012M04,3.7
04.1.2,KpiVektMnd,2012M05,"Betalt husleie, fritidsbolig",Vekter,2012M05,3.7
04.1.2,KpiVektMnd,2012M06,"Betalt husleie, fritidsbolig",Vekter,2012M06,3.7
04.1.2,KpiVektMnd,2012M07,"Betalt husleie, fritidsbolig",Vekter,2012M07,3.7
04.1.2,KpiVektMnd,2012M08,"Betalt husleie, fritidsbolig",Vekter,2012M08,3.7
04.1.2,KpiVektMnd,2012M09,"Betalt husleie, fritidsbolig",Vekter,2012M09,3.7
04.1.2,KpiVektMnd,2012M10,"Betalt husleie, fritidsbolig",Vekter,2012M10,3.7
04.1.2,KpiVektMnd,2012M11,"Betalt husleie, fritidsbolig",Vekter,2012M11,3.7
04.1.2,KpiVektMnd,2012M12,"Betalt husleie, fritidsbolig",Vekter,2012M12,3.7
04.1.2,KpiVektMnd,2013M01,"Betalt husleie, fritidsbolig",Vekter,2013M01,3.8
04.1.2,KpiVektMnd,2013M02,"Betalt husleie, fritidsbolig",Vekter,2013M02,3.8
04.1.2,KpiVektMnd,2013M03,"Betalt husleie, fritidsbolig",Vekter,2013M03,3.8
04.1.2,KpiVektMnd,2013M04,"Betalt husleie, fritidsbolig",Vekter,2013M04,3.8
04.1.2,KpiVektMnd,2013M05,"Betalt husleie, fritidsbolig",Vekter,2013M05,3.8
04.1.2,KpiVektMnd,2013M06,"Betalt husleie, fritidsbolig",Vekter,2013M06,3.8
04.1.2,KpiVektMnd,2013M07,"Betalt husleie, fritidsbolig",Vekter,2013M07,3.8
04.1.2,KpiVektMnd,2013M08,"Betalt husleie, fritidsbolig",Vekter,2013M08,3.8
04.1.2,KpiVektMnd,2013M09,"Betalt husleie, fritidsbolig",Vekter,2013M09,3.8
04.1.2,KpiVektMnd,2013M10,"Betalt husleie, fritidsbolig",Vekter,2013M10,3.8
04.1.2,KpiVektMnd,2013M11,"Betalt husleie, fritidsbolig",Vekter,2013M11,3.8
04.1.2,KpiVektMnd,2013M12,"Betalt husleie, fritidsbolig",Vekter,2013M12,3.8
04.1.2,KpiVektMnd,2014M01,"Betalt husleie, fritidsbolig",Vekter,2014M01,3.8
04.1.2,KpiVektMnd,2014M02,"Betalt husleie, fritidsbolig",Vekter,2014M02,3.8
04.1.2,KpiVektMnd,2014M03,"Betalt husleie, fritidsbolig",Vekter,2014M03,3.8
04.1.2,KpiVektMnd,2014M04,"Betalt husleie, fritidsbolig",Vekter,2014M04,3.8
04.1.2,KpiVektMnd,2014M05,"Betalt husleie, fritidsbolig",Vekter,2014M05,3.8
04.1.2,KpiVektMnd,2014M06,"Betalt husleie, fritidsbolig",Vekter,2014M06,3.8
04.1.2,KpiVektMnd,2014M07,"Betalt husleie, fritidsbolig",Vekter,2014M07,3.8
04.1.2,KpiVektMnd,2014M08,"Betalt husleie, fritidsbolig",Vekter,2014M08,3.8
04.1.2,KpiVektMnd,2014M09,"Betalt husleie, fritidsbolig",Vekter,2014M09,3.8
04.1.2,KpiVektMnd,2014M10,"Betalt husleie, fritidsbolig",Vekter,2014M10,3.8
04.1.2,KpiVektMnd,2014M11,"Betalt husleie, fritidsbolig",Vekter,2014M11,3.8
04.1.2,KpiVektMnd,2014M12,"Betalt husleie, fritidsbolig",Vekter,2014M12,3.8
04.1.2,KpiVektMnd,2015M01,"Betalt husleie, fritidsbolig",Vekter,2015M01,4.7
04.1.2,KpiVektMnd,2015M02,"Betalt husleie, fritidsbolig",Vekter,2015M02,4.7
04.1.2,KpiVektMnd,2015M03,"Betalt husleie, fritidsbolig",Vekter,2015M03,4.7
04.1.2,KpiVektMnd,2015M04,"Betalt husleie, fritidsbolig",Vekter,2015M04,4.7
04.1.2,KpiVektMnd,2015M05,"Betalt husleie, fritidsbolig",Vekter,2015M05,4.7
04.1.2,KpiVektMnd,2015M06,"Betalt husleie, fritidsbolig",Vekter,2015M06,4.7
04.1.2,KpiVektMnd,2015M07,"Betalt husleie, fritidsbolig",Vekter,2015M07,4.7
04.1.2,KpiVektMnd,2015M08,"Betalt husleie, fritidsbolig",Vekter,2015M08,4.7
04.1.2,KpiVektMnd,2015M09,"Betalt husleie, fritidsbolig",Vekter,2015M09,4.7
04.1.2,KpiVektMnd,2015M10,"Betalt husleie, fritidsbolig",Vekter,2015M10,4.7
04.1.2,KpiVektMnd,2015M11,"Betalt husleie, fritidsbolig",Vekter,2015M11,4.7
04.1.2,KpiVektMnd,2015M12,"Betalt husleie, fritidsbolig",Vekter,2015M12,4.7
04.1.2,KpiVektMnd,2016M01,"Betalt husleie, fritidsbolig",Vekter,2016M01,4.9
04.1.2,KpiVektMnd,2016M02,"Betalt husleie, fritidsbolig",Vekter,2016M02,4.9
04.1.2,KpiVektMnd,2016M03,"Betalt husleie, fritidsbolig",Vekter,2016M03,4.9
04.1.2,KpiVektMnd,2016M04,"Betalt husleie, fritidsbolig",Vekter,2016M04,4.9
04.1.2,KpiVektMnd,2016M05,"Betalt husleie, fritidsbolig",Vekter,2016M05,4.9
04.1.2,KpiVektMnd,2016M06,"Betalt husleie, fritidsbolig",Vekter,2016M06,4.9
04.1.2,KpiVektMnd,2016M07,"Betalt husleie, fritidsbolig",Vekter,2016M07,4.9
04.1.2,KpiVektMnd,2016M08,"Betalt husleie, fritidsbolig",Vekter,2016M08,4.9
04.1.2,KpiVektMnd,2016M09,"Betalt husleie, fritidsbolig",Vekter,2016M09,4.9
04.1.2,KpiVektMnd,2016M10,"Betalt husleie, fritidsbolig",Vekter,2016M10,4.9
04.1.2,KpiVektMnd,2016M11,"Betalt husleie, fritidsbolig",Vekter,2016M11,4.9
04.1.2,KpiVektMnd,2016M12,"Betalt husleie, fritidsbolig",Vekter,2016M12,4.9
04.1.2,KpiVektMnd,2017M01,"Betalt husleie, fritidsbolig",Vekter,2017M01,4.9
04.1.2,KpiVektMnd,2017M02,"Betalt husleie, fritidsbolig",Vekter,2017M02,4.9
04.1.2,KpiVektMnd,2017M03,"Betalt husleie, fritidsbolig",Vekter,2017M03,4.9
04.1.2,KpiVektMnd,2017M04,"Betalt husleie, fritidsbolig",Vekter,2017M04,4.9
04.1.2,KpiVektMnd,2017M05,"Betalt husleie, fritidsbolig",Vekter,2017M05,4.9
04.1.2,KpiVektMnd,2017M06,"Betalt husleie, fritidsbolig",Vekter,2017M06,4.9
04.1.2,KpiVektMnd,2017M07,"Betalt husleie, fritidsbolig",Vekter,2017M07,4.9
04.1.2,KpiVektMnd,2017M08,"Betalt husleie, fritidsbolig",Vekter,2017M08,4.9
04.1.2,KpiVektMnd,2017M09,"Betalt husleie, fritidsbolig",Vekter,2017M09,4.9
04.1.2,KpiVektMnd,2017M10,"Betalt husleie, fritidsbolig",Vekter,2017M10,4.9
04.1.2,KpiVektMnd,2017M11,"Betalt husleie, fritidsbolig",Vekter,2017M11,4.9
04.1.2,KpiVektMnd,2017M12,"Betalt husleie, fritidsbolig",Vekter,2017M12,4.9
04.1.2,KpiVektMnd,2018M01,"Betalt husleie, fritidsbolig",Vekter,2018M01,4.8
04.1.2,KpiVektMnd,2018M02,"Betalt husleie, fritidsbolig",Vekter,2018M02,4.8
04.1.2,KpiVektMnd,2018M03,"Betalt husleie, fritidsbolig",Vekter,2018M03,4.8
04.1.2,KpiVektMnd,2018M04,"Betalt husleie, fritidsbolig",Vekter,2018M04,4.8
04.1.2,KpiVektMnd,2018M05,"Betalt husleie, fritidsbolig",Vekter,2018M05,4.8
04.1.2,KpiVektMnd,2018M06,"Betalt husleie, fritidsbolig",Vekter,2018M06,4.8
04.1.2,KpiVektMnd,2018M07,"Betalt husleie, fritidsbolig",Vekter,2018M07,4.8
04.1.2,KpiVektMnd,2018M08,"Betalt husleie, fritidsbolig",Vekter,2018M08,4.8
04.1.2,KpiVektMnd,2018M09,"Betalt husleie, fritidsbolig",Vekter,2018M09,4.8
04.1.2,KpiVektMnd,2018M10,"Betalt husleie, fritidsbolig",Vekter,2018M10,4.8
04.1.2,KpiVektMnd,2018M11,"Betalt husleie, fritidsbolig",Vekter,2018M11,4.8
04.1.2,KpiVektMnd,2018M12,"Betalt husleie, fritidsbolig",Vekter,2018M12,4.8
04.1.2,KpiVektMnd,2019M01,"Betalt husleie, fritidsbolig",Vekter,2019M01,4.5
04.1.2,KpiVektMnd,2019M02,"Betalt husleie, fritidsbolig",Vekter,2019M02,4.5
04.1.2,KpiVektMnd,2019M03,"Betalt husleie, fritidsbolig",Vekter,2019M03,4.5
04.1.2,KpiVektMnd,2019M04,"Betalt husleie, fritidsbolig",Vekter,2019M04,4.5
04.1.2,KpiVektMnd,2019M05,"Betalt husleie, fritidsbolig",Vekter,2019M05,4.5
04.1.2,KpiVektMnd,2019M06,"Betalt husleie, fritidsbolig",Vekter,2019M06,4.5
04.1.2,KpiVektMnd,2019M07,"Betalt husleie, fritidsbolig",Vekter,2019M07,4.5
04.1.2,KpiVektMnd,2019M08,"Betalt husleie, fritidsbolig",Vekter,2019M08,4.5
04.1.2,KpiVektMnd,2019M09,"Betalt husleie, fritidsbolig",Vekter,2019M09,4.5
04.1.2,KpiVektMnd,2019M10,"Betalt husleie, fritidsbolig",Vekter,2019M10,4.5
04.1.2,KpiVektMnd,2019M11,"Betalt husleie, fritidsbolig",Vekter,2019M11,4.5
04.1.2,KpiVektMnd,2019M12,"Betalt husleie, fritidsbolig",Vekter,2019M12,4.5
04.1.2,KpiVektMnd,2020M01,"Betalt husleie, fritidsbolig",Vekter,2020M01,4.3
04.1.2,KpiVektMnd,2020M02,"Betalt husleie, fritidsbolig",Vekter,2020M02,4.3
04.1.2,KpiVektMnd,2020M03,"Betalt husleie, fritidsbolig",Vekter,2020M03,4.3
04.1.2,KpiVektMnd,2020M04,"Betalt husleie, fritidsbolig",Vekter,2020M04,4.3
04.1.2,KpiVektMnd,2020M05,"Betalt husleie, fritidsbolig",Vekter,2020M05,4.3
04.1.2,KpiVektMnd,2020M06,"Betalt husleie, fritidsbolig",Vekter,2020M06,4.3
04.1.2,KpiVektMnd,2020M07,"Betalt husleie, fritidsbolig",Vekter,2020M07,4.3
04.1.2,KpiVektMnd,2020M08,"Betalt husleie, fritidsbolig",Vekter,2020M08,4.3
04.1.2,KpiVektMnd,2020M09,"Betalt husleie, fritidsbolig",Vekter,2020M09,4.3
04.1.2,KpiVektMnd,2020M10,"Betalt husleie, fritidsbolig",Vekter,2020M10,4.3
04.1.2,KpiVektMnd,2020M11,"Betalt husleie, fritidsbolig",Vekter,2020M11,4.3
04.1.2,KpiVektMnd,2020M12,"Betalt husleie, fritidsbolig",Vekter,2020M12,4.3
04.1.2,KpiVektMnd,2021M01,"Betalt husleie, fritidsbolig",Vekter,2021M01,4.3
04.1.2,KpiVektMnd,2021M02,"Betalt husleie, fritidsbolig",Vekter,2021M02,4.3
04.1.2,KpiVektMnd,2021M03,"Betalt husleie, fritidsbolig",Vekter,2021M03,4.3
04.1.2,KpiVektMnd,2021M04,"Betalt husleie, fritidsbolig",Vekter,2021M04,4.3
04.1.2,KpiVektMnd,2021M05,"Betalt husleie, fritidsbolig",Vekter,2021M05,4.3
04.1.2,KpiVektMnd,2021M06,"Betalt husleie, fritidsbolig",Vekter,2021M06,4.3
04.1.2,KpiVektMnd,2021M07,"Betalt husleie, fritidsbolig",Vekter,2021M07,4.3
04.1.2,KpiVektMnd,2021M08,"Betalt husleie, fritidsbolig",Vekter,2021M08,4.3
04.1.2,KpiVektMnd,2021M09,"Betalt husleie, fritidsbolig",Vekter,2021M09,4.3
04.1.2,KpiVektMnd,2021M10,"Betalt husleie, fritidsbolig",Vekter,2021M10,4.3
04.1.2,KpiVektMnd,2021M11,"Betalt husleie, fritidsbolig",Vekter,2021M11,4.3
04.1.2,KpiVektMnd,2021M12,"Betalt husleie, fritidsbolig",Vekter,2021M12,4.3
04.1.2,KpiVektMnd,2022M01,"Betalt husleie, fritidsbolig",Vekter,2022M01,4.2
04.1.2,KpiVektMnd,2022M02,"Betalt husleie, fritidsbolig",Vekter,2022M02,4.2
04.1.2,KpiVektMnd,2022M03,"Betalt husleie, fritidsbolig",Vekter,2022M03,4.2
04.1.2,KpiVektMnd,2022M04,"Betalt husleie, fritidsbolig",Vekter,2022M04,4.2
04.1.2,KpiVektMnd,2022M05,"Betalt husleie, fritidsbolig",Vekter,2022M05,4.2
04.1.2,KpiVektMnd,2022M06,"Betalt husleie, fritidsbolig",Vekter,2022M06,4.2
04.1.2,KpiVektMnd,2022M07,"Betalt husleie, fritidsbolig",Vekter,2022M07,4.2
04.1.2,KpiVektMnd,2022M08,"Betalt husleie, fritidsbolig",Vekter,2022M08,4.2
04.1.2,KpiVektMnd,2022M09,"Betalt husleie, fritidsbolig",Vekter,2022M09,4.2
04.1.2,KpiVektMnd,2022M10,"Betalt husleie, fritidsbolig",Vekter,2022M10,4.2
04.1.2,KpiVektMnd,2022M11,"Betalt husleie, fritidsbolig",Vekter,2022M11,4.2
04.1.2,KpiVektMnd,2022M12,"Betalt husleie, fritidsbolig",Vekter,2022M12,4.2
04.1.2,KpiVektMnd,2023M01,"Betalt husleie, fritidsbolig",Vekter,2023M01,4
04.1.2,KpiVektMnd,2023M02,"Betalt husleie, fritidsbolig",Vekter,2023M02,4
04.1.2,KpiVektMnd,2023M03,"Betalt husleie, fritidsbolig",Vekter,2023M03,4
04.1.2,KpiVektMnd,2023M04,"Betalt husleie, fritidsbolig",Vekter,2023M04,4
04.1.2,KpiVektMnd,2023M05,"Betalt husleie, fritidsbolig",Vekter,2023M05,4
04.1.2,KpiVektMnd,2023M06,"Betalt husleie, fritidsbolig",Vekter,2023M06,4
04.1.2,KpiVektMnd,2023M07,"Betalt husleie, fritidsbolig",Vekter,2023M07,4
04.1.2,KpiVektMnd,2023M08,"Betalt husleie, fritidsbolig",Vekter,2023M08,4
04.1.2,KpiVektMnd,2023M09,"Betalt husleie, fritidsbolig",Vekter,2023M09,4
04.1.2,KpiVektMnd,2023M10,"Betalt husleie, fritidsbolig",Vekter,2023M10,4
04.1.2,KpiVektMnd,2023M11,"Betalt husleie, fritidsbolig",Vekter,2023M11,4
04.1.2,KpiVektMnd,2023M12,"Betalt husleie, fritidsbolig",Vekter,2023M12,4
04.1.2,KpiVektMnd,2024M01,"Betalt husleie, fritidsbolig",Vekter,2024M01,4.1
04.1.2,KpiVektMnd,2024M02,"Betalt husleie, fritidsbolig",Vekter,2024M02,4.1
04.1.2,KpiVektMnd,2024M03,"Betalt husleie, fritidsbolig",Vekter,2024M03,4.1
04.1.2,KpiVektMnd,2024M04,"Betalt husleie, fritidsbolig",Vekter,2024M04,4.1
04.1.2,KpiVektMnd,2024M05,"Betalt husleie, fritidsbolig",Vekter,2024M05,4.1
04.1.2,KpiVektMnd,2024M06,"Betalt husleie, fritidsbolig",Vekter,2024M06,4.1
04.1.2,KpiVektMnd,2024M07,"Betalt husleie, fritidsbolig",Vekter,2024M07,4.1
04.1.2,KpiVektMnd,2024M08,"Betalt husleie, fritidsbolig",Vekter,2024M08,4.1
04.1.2,KpiVektMnd,2024M09,"Betalt husleie, fritidsbolig",Vekter,2024M09,4.1
04.1.2,KpiVektMnd,2024M10,"Betalt husleie, fritidsbolig",Vekter,2024M10,4.1
04.1.2,KpiVektMnd,2024M11,"Betalt husleie, fritidsbolig",Vekter,2024M11,4.1
04.1.2,KpiVektMnd,2024M12,"Betalt husleie, fritidsbolig",Vekter,2024M12,4.1
04.1.2,KpiVektMnd,2025M01,"Betalt husleie, fritidsbolig",Vekter,2025M01,4.3
04.1.2,KpiVektMnd,2025M02,"Betalt husleie, fritidsbolig",Vekter,2025M02,4.3
04.1.2,KpiVektMnd,2025M03,"Betalt husleie, fritidsbolig",Vekter,2025M03,4.3
04.1.2,KpiVektMnd,2025M04,"Betalt husleie, fritidsbolig",Vekter,2025M04,4.3
04.1.2,KpiVektMnd,2025M05,"Betalt husleie, fritidsbolig",Vekter,2025M05,4.3
04.1.2,KpiVektMnd,2025M06,"Betalt husleie, fritidsbolig",Vekter,2025M06,4.3
04.1.2,KpiVektMnd,2025M07,"Betalt husleie, fritidsbolig",Vekter,2025M07,4.3
04.1.2,KpiVektMnd,2025M08,"Betalt husleie, fritidsbolig",Vekter,2025M08,4.3
04.1.2,KpiVektMnd,2025M09,"Betalt husleie, fritidsbolig",Vekter,2025M09,4.3
04.1.2,KpiVektMnd,2025M10,"Betalt husleie, fritidsbolig",Vekter,2025M10,4.3
04.1.2,KpiVektMnd,2025M11,"Betalt husleie, fritidsbolig",Vekter,2025M11,4.3
04.1.2,KpiVektMnd,2025M12,"Betalt husleie, fritidsbolig",Vekter,2025M12,4.3
