kommunenr,bydel,aar,manedsnr,ant_husstander_utbetaling,ant_husstander_termin,ant_soknader,ant_avslag,utbetalt_belop,gjsnitt_bostotte,gjsnitt_inntekt_mnd,gjsnitt_boutgift_mnd,ant_over_tak
0301,Oslo,2014,8,0,1,1,0,0,,,,0
0301,Oslo,2014,9,1,0,0,0,4474,4474,0,15000,1
0301,Oslo,2014,10,0,0,1,1,0,,,,0
0301,Oslo,2015,9,0,1,1,0,0,,,,0
0301,Oslo,2015,10,1,1,1,0,4090,4090,14554.67,14000,1
0301,Oslo,2015,11,1,1,1,0,4090,4090,14554.67,14000,1
0301,Oslo,2015,12,1,1,1,0,4090,4090,14554.67,14000,1
0301,Oslo,2016,1,1,2,2,0,4090,4090,14554.67,14000,1
0301,Oslo,2016,2,2,3,3,0,7263,3631.5,14548.92,12500,2
0301,Oslo,2016,3,3,2,2,0,8347,2782.33,15455.28,11000,3
0301,Oslo,2016,4,2,0,0,0,7263,3631.5,14548.92,12500,2
0301,Oslo,2017,1,0,1,1,0,0,,,,0
0301,Oslo,2017,2,1,1,1,0,3182,3182,21966,15500,1
0301,Oslo,2017,3,1,0,1,1,2513,2513,23351,15500,1
0301,Oslo,2017,4,0,0,1,1,0,,,,0
0301,Oslo,2017,5,0,1,1,0,0,,,,0
0301,Oslo,2017,6,1,0,1,1,3841,3841,20506,15500,1
0301,Oslo,2017,7,0,1,1,0,0,,,,0
0301,Oslo,2017,8,1,1,1,0,5629,5629,2011,15500,1
0301,Oslo,2017,9,1,2,2,0,5629,5629,0,15500,1
0301,Oslo,2017,10,2,1,1,0,11184,5592,10950,16250,2
0301,Oslo,2017,11,1,1,1,0,5629,5629,0,15500,1
0301,Oslo,2017,12,1,1,1,0,5629,5629,0,15500,1
0301,Oslo,2018,1,1,1,1,0,5629,5629,0,15500,1
0301,Oslo,2018,2,1,1,1,0,5629,5629,0,15500,1
0301,Oslo,2018,3,1,1,1,0,5629,5629,0,15500,1
0301,Oslo,2018,4,1,1,1,0,5629,5629,0,15500,1
0301,Oslo,2018,5,1,1,1,0,5629,5629,0,15500,1
0301,Oslo,2018,6,1,1,1,0,5629,5629,0,15500,1
0301,Oslo,2018,7,1,1,1,0,3420,3420,22772,15500,1
0301,Oslo,2018,8,1,1,2,1,5730,5730,0,15500,1
0301,Oslo,2018,9,1,0,2,2,5730,5730,0,15500,1
0301,Oslo,2024,7,0,0,1,1,0,,,,0
0301,Oslo,2024,9,0,0,1,1,0,,,,0
0301,Oslo,2025,6,0,1,2,1,0,,,,0
0301,Oslo,2025,7,1,1,1,0,4029,4029,4606,7613,0
0301,Oslo,2025,8,1,0,0,0,4029,4029,0,7613,0
0311,Gamle Oslo,2010,1,0,2153,2288,135,0,,,,0
0311,Gamle Oslo,2010,2,2153,2240,2306,66,7275167,3379.08,9099.06,10936.92,1316
0311,Gamle Oslo,2010,3,2240,2287,2368,81,7557250,3373.77,9074.68,10878.04,1384
0311,Gamle Oslo,2010,4,2287,2316,2390,74,7696466,3365.31,9078.77,10818.83,1417
0311,Gamle Oslo,2010,5,2316,2358,2442,84,7786872,3362.21,9025.71,10782.01,1438
0311,Gamle Oslo,2010,6,2358,2374,2465,91,7914934,3356.63,9012.93,10737.47,1466
0311,Gamle Oslo,2010,7,2374,2269,2482,213,7970278,3357.32,8972.22,10713.27,1479
0311,Gamle Oslo,2010,8,2269,2312,2387,75,7623754,3359.96,9191.73,10848.23,1419
0311,Gamle Oslo,2010,9,2312,2351,2432,81,7780215,3365.14,9158.61,7787.19,1463
0311,Gamle Oslo,2010,10,2351,2332,2473,141,7886082,3354.35,9206.52,7809.47,1506
0311,Gamle Oslo,2010,11,2332,2384,2468,84,7770415,3332.08,9379.76,7819.07,1506
0311,Gamle Oslo,2010,12,2384,2422,2494,72,7927193,3325.16,9372.68,7831.49,1550
0311,Gamle Oslo,2011,1,2422,2397,2538,141,8051373,3324.27,9331.22,7855.31,1587
0311,Gamle Oslo,2011,2,2397,2477,2576,99,7989497,3333.12,9293.65,7880.99,1583
0311,Gamle Oslo,2011,3,2477,2502,2603,101,8244907,3328.59,9295.28,7900.05,1650
0311,Gamle Oslo,2011,4,2502,2517,2656,139,8328115,3328.58,9293.3,7923.06,1677
0311,Gamle Oslo,2011,5,2517,2554,2654,100,8374167,3327.04,9294.98,7958.7,1696
0311,Gamle Oslo,2011,6,2554,2573,2659,86,8491117,3324.63,9333.3,7969.97,1731
0311,Gamle Oslo,2011,7,2573,2453,2671,218,8574718,3332.58,9255.23,8049.27,1760
0311,Gamle Oslo,2011,8,2453,2467,2570,103,8233632,3356.56,10063.82,8004.36,1585
0311,Gamle Oslo,2011,9,2467,2515,2630,115,8285622,3358.58,10076.66,8035.5,1610
0311,Gamle Oslo,2011,10,2515,2513,2653,140,8459702,3363.7,10066.5,8065.65,1665
0311,Gamle Oslo,2011,11,2513,2533,2632,99,8445034,3360.54,10040.48,8085.31,1676
0311,Gamle Oslo,2011,12,2533,2567,2644,77,8516086,3362.06,10052.48,8112.99,1698
0311,Gamle Oslo,2012,1,2567,2524,2662,138,8636627,3364.48,10021.31,8136.24,1730
0311,Gamle Oslo,2012,2,2524,2568,2667,99,8472989,3356.97,9989.23,8138.88,1700
0311,Gamle Oslo,2012,3,2568,2614,2712,98,8626771,3359.33,9971.83,8180.79,1747
0311,Gamle Oslo,2012,4,2614,2627,2714,87,8780356,3358.97,9984.75,8216.53,1786
0311,Gamle Oslo,2012,5,2627,2684,2760,76,8849195,3368.56,9953.94,8254.66,1808
0311,Gamle Oslo,2012,6,2684,2704,2774,70,9051493,3372.39,9906.68,8291.5,1858
0311,Gamle Oslo,2012,7,2704,2453,2793,340,9122998,3373.89,9883.03,8320.97,1881
0311,Gamle Oslo,2012,8,2453,2489,2600,111,8064520,3287.62,10348.93,8349.8,1721
0311,Gamle Oslo,2012,9,2489,2469,2596,127,8199073,3294.12,10336.95,8378.62,1761
0311,Gamle Oslo,2012,10,2469,2510,2616,106,8094698,3278.53,10418.68,8431.14,1766
0311,Gamle Oslo,2012,11,2510,2527,2645,118,8215456,3273.09,10481.59,8468.61,1814
0311,Gamle Oslo,2012,12,2527,2563,2663,100,8276240,3275.12,10453.63,8498.13,1840
0311,Gamle Oslo,2013,1,2563,2515,2645,130,8400984,3277.79,10409.16,8528.03,1881
0311,Gamle Oslo,2013,2,2515,2395,2665,270,8268294,3287.59,10313.02,8549.26,1854
0311,Gamle Oslo,2013,3,2395,2444,2551,107,7923272,3308.26,10340.8,8628.05,1789
0311,Gamle Oslo,2013,4,2444,2489,2576,87,8138326,3329.92,10259.7,8686.13,1843
0311,Gamle Oslo,2013,5,2489,2543,2630,87,8297102,3333.51,10187.26,8698.57,1880
0311,Gamle Oslo,2013,6,2543,2552,2643,91,8465486,3328.94,10191.05,8742.86,1928
0311,Gamle Oslo,2013,7,2552,2399,2643,244,8502254,3331.6,10195.15,8770.26,1944
0311,Gamle Oslo,2013,8,2399,2385,2506,121,7738087,3225.55,10723.82,8842.31,1851
0311,Gamle Oslo,2013,9,2385,2407,2526,119,7675127,3218.08,10713.26,8856.35,1848
0311,Gamle Oslo,2013,10,2407,2416,2519,103,7727352,3210.37,10720.88,8871.59,1870
0311,Gamle Oslo,2013,11,2416,2462,2569,107,7739361,3203.38,10688.86,8874.79,1878
0311,Gamle Oslo,2013,12,2462,2494,2592,98,7879772,3200.56,10731.4,8907.11,1923
0311,Gamle Oslo,2014,1,2494,2476,2597,121,8014897,3213.67,10663.06,8958.62,1966
0311,Gamle Oslo,2014,2,2476,2503,2623,120,8148339,3290.93,10814.36,8970.65,1918
0311,Gamle Oslo,2014,3,2503,2586,2682,96,8266019,3302.44,10765.17,9012.97,1951
0311,Gamle Oslo,2014,4,2586,2599,2706,107,8552883,3307.38,10707.68,9064.1,2038
0311,Gamle Oslo,2014,5,2599,2631,2715,84,8631972,3321.27,10633.94,9088.13,2056
0311,Gamle Oslo,2014,6,2631,2645,2732,87,8756678,3328.27,10605.75,9123.29,2089
0311,Gamle Oslo,2014,7,2645,2485,2744,259,8801650,3327.66,10535.72,9135.45,2100
0311,Gamle Oslo,2014,8,2485,2457,2587,130,8135753,3273.94,10756.7,9179.3,1991
0311,Gamle Oslo,2014,9,2457,2488,2597,109,8052433,3277.34,10757.06,9238.21,1981
0311,Gamle Oslo,2014,10,2488,2513,2629,116,8181070,3288.21,10774.78,9281.47,2020
0311,Gamle Oslo,2014,11,2513,2551,2650,99,8276008,3293.28,10708.96,9320.79,2044
0311,Gamle Oslo,2014,12,2551,2573,2672,99,8396204,3291.34,10672.83,9358.23,2090
0311,Gamle Oslo,2015,1,2573,2494,2671,177,8485373,3297.85,10638.3,9395.0,2113
0311,Gamle Oslo,2015,2,2494,2534,2612,78,8365576,3354.28,10651.02,9432.2,2008
0311,Gamle Oslo,2015,3,2534,2574,2675,101,8540351,3370.3,10596.07,9471.49,2054
0311,Gamle Oslo,2015,4,2574,2589,2684,95,8714045,3385.41,10512.27,9508.33,2091
0311,Gamle Oslo,2015,5,2589,2601,2703,102,8770982,3387.79,10480.35,9538.75,2113
0311,Gamle Oslo,2015,6,2601,2617,2723,106,8814361,3388.84,10472.55,9550.77,2125
0311,Gamle Oslo,2015,7,2617,2464,2717,253,8889196,3396.71,10403.75,9567.64,2143
0311,Gamle Oslo,2015,8,2464,2494,2575,81,8223992,3337.66,10586.49,9639.71,2036
0311,Gamle Oslo,2015,9,2494,2471,2622,151,8341889,3344.78,10554.92,9685.28,2073
0311,Gamle Oslo,2015,10,2471,2480,2597,117,8220212,3326.67,10562.07,9695.09,2059
0311,Gamle Oslo,2015,11,2480,2512,2613,101,8261322,3331.18,10523.26,9711.49,2072
0311,Gamle Oslo,2015,12,2512,2537,2631,94,8386646,3338.63,10485.21,9723.51,2106
0311,Gamle Oslo,2016,1,2537,2465,2645,180,8481507,3343.12,10474.51,9772.32,2140
0311,Gamle Oslo,2016,2,2465,2528,2627,99,8514916,3454.33,10665.88,9791.52,2045
0311,Gamle Oslo,2016,3,2528,2551,2651,100,8769261,3468.85,10575.92,9830.8,2108
0311,Gamle Oslo,2016,4,2551,2566,2662,96,8863971,3474.7,10604.67,9851.66,2123
0311,Gamle Oslo,2016,5,2566,2591,2676,85,8918852,3475.78,10577.09,9877.28,2140
0311,Gamle Oslo,2016,6,2591,2583,2686,103,9066049,3499.05,10504.8,9981.55,2185
0311,Gamle Oslo,2016,7,2583,2426,2683,257,9047501,3502.71,10467.71,9987.9,2184
0311,Gamle Oslo,2016,8,2426,2490,2600,110,8382702,3455.36,10492.9,9992.19,2056
0311,Gamle Oslo,2016,9,2490,2512,2629,117,8699290,3493.69,10278.6,10035.35,2120
0311,Gamle Oslo,2016,10,2512,2553,2655,102,8745760,3481.59,10287.89,10073.08,2144
0311,Gamle Oslo,2016,11,2553,2576,2668,92,8872170,3475.19,10322.38,10088.51,2185
0311,Gamle Oslo,2016,12,2576,2599,2685,86,8953281,3475.65,10280.98,10087.22,2213
0311,Gamle Oslo,2017,1,2599,2207,2756,549,9067477,3488.83,10204.41,10133.01,2242
0311,Gamle Oslo,2017,2,2207,2353,2804,451,7921708,3589.36,9565.06,10214.44,1922
0311,Gamle Oslo,2017,3,2353,2344,2881,537,8396697,3568.51,9897.83,10207.04,2041
0311,Gamle Oslo,2017,4,2344,2381,2734,353,8392554,3580.44,9869.02,10242.72,2039
0311,Gamle Oslo,2017,5,2381,2229,2725,496,8553289,3592.31,9848.65,10268.8,2077
0311,Gamle Oslo,2017,6,2229,2298,2697,399,7989429,3584.31,9760.9,10344.67,1956
0311,Gamle Oslo,2017,7,2298,2269,2663,394,8439882,3672.71,9994.63,10279.23,1991
0311,Gamle Oslo,2017,8,2269,2307,2665,358,8340254,3675.74,9767.22,10331.65,1980
0311,Gamle Oslo,2017,9,2307,2374,2692,318,8564331,3712.32,9572.48,10348.06,2003
0311,Gamle Oslo,2017,10,2374,2300,2721,421,8750371,3685.92,9730.52,10379.16,2072
0311,Gamle Oslo,2017,11,2300,2351,2726,375,8417305,3659.7,9641.89,10433.87,2016
0311,Gamle Oslo,2017,12,2351,2416,2718,302,8630508,3670.99,9764.01,10435.15,2066
0311,Gamle Oslo,2018,1,2416,2287,2760,473,8835928,3657.25,9827.6,10455.01,2125
0311,Gamle Oslo,2018,2,2287,2436,2751,315,8400017,3672.94,9451.15,10523.46,2022
0311,Gamle Oslo,2018,3,2436,2392,2770,378,8952318,3675.01,9744.61,10510.44,2139
0311,Gamle Oslo,2018,4,2392,2329,2761,432,8792991,3676.0,9693.36,10543.63,2098
0311,Gamle Oslo,2018,5,2329,2335,2754,419,8525693,3660.67,9635.0,10585.24,2049
0311,Gamle Oslo,2018,6,2335,2258,2719,461,8606012,3685.66,9664.48,10606.19,2062
0311,Gamle Oslo,2018,7,2258,2221,2699,478,8272000,3663.42,9942.73,10636.41,1965
0311,Gamle Oslo,2018,8,2221,2279,2682,403,8358748,3763.51,9299.2,10701.71,1939
0311,Gamle Oslo,2018,9,2279,2288,2670,382,8604323,3775.48,9422.83,10758.8,1997
0311,Gamle Oslo,2018,10,2288,2206,2729,523,8588274,3753.62,9578.1,10735.36,2003
0311,Gamle Oslo,2018,11,2206,2290,2695,405,8265652,3746.9,9659.83,10816.01,1944
0311,Gamle Oslo,2018,12,2290,2181,2646,465,8530450,3725.09,9751.05,10797.25,2013
0311,Gamle Oslo,2019,1,2181,2280,2699,419,8142563,3733.41,9580.86,10816.64,1921
0311,Gamle Oslo,2019,2,2280,2307,2694,387,8680812,3807.37,9767.6,10925.85,2009
0311,Gamle Oslo,2019,3,2307,2321,2662,341,8835972,3830.07,9844.14,10976.49,2042
0311,Gamle Oslo,2019,4,2321,2165,2645,480,8841473,3809.34,9936.69,10961.78,2054
0311,Gamle Oslo,2019,5,2165,2217,2621,404,8220229,3796.87,9733.9,11016.76,1919
0311,Gamle Oslo,2019,6,2217,2135,2579,444,8417990,3797.02,9930.71,11010.25,1970
0311,Gamle Oslo,2019,7,2135,2085,2526,441,8078045,3783.63,10369.18,11033.61,1867
0311,Gamle Oslo,2019,8,2085,2175,2516,341,8533494,4092.8,9936.48,11123.53,1796
0311,Gamle Oslo,2019,9,2175,2086,2505,419,8928345,4104.99,10085.89,11110.67,1869
0311,Gamle Oslo,2019,10,2086,2104,2466,362,8527774,4088.1,10177.73,11200.0,1796
0311,Gamle Oslo,2019,11,2104,2119,2468,349,8574087,4075.14,10434.65,11185.41,1802
0311,Gamle Oslo,2019,12,2119,2015,2428,413,8595551,4056.42,10503.41,11126.81,1805
0311,Gamle Oslo,2020,1,2015,2108,2470,362,8236225,4087.46,10299.79,11232.04,1729
0311,Gamle Oslo,2020,2,2108,2144,2465,321,8515346,4039.54,10570.43,11264.36,1805
0311,Gamle Oslo,2020,3,2144,2092,2515,423,8772826,4091.8,10394.42,11269.69,1834
0311,Gamle Oslo,2020,4,2092,2272,2546,274,8508148,4066.99,10319.39,11287.0,1789
0311,Gamle Oslo,2020,5,2272,2263,2605,342,10748718,4730.95,10709.69,11287.06,1636
0311,Gamle Oslo,2020,6,2263,2181,2639,458,10658825,4710.04,10758.57,11363.11,1647
0311,Gamle Oslo,2020,7,2181,2307,2657,350,10296652,4721.07,11417.49,11357.86,1528
0311,Gamle Oslo,2020,8,2307,2268,2636,368,10917953,4732.53,11327.64,11341.57,1599
0311,Gamle Oslo,2020,9,2268,2327,2594,267,10639928,4691.33,11468.11,11402.98,1595
0311,Gamle Oslo,2020,10,2327,2321,2619,298,10978938,4718.07,11367.85,11409.35,1638
0311,Gamle Oslo,2020,11,2321,2122,2620,498,10896683,4694.82,11637.7,11411.21,1645
0311,Gamle Oslo,2020,12,2122,2194,2619,425,8730138,4114.11,10741.52,11428.25,1817
0311,Gamle Oslo,2021,1,2194,2269,2738,469,8972652,4089.63,11046.92,11425.34,1889
0311,Gamle Oslo,2021,2,2269,2302,2620,318,8902779,3923.66,11655.76,11437.96,1946
0311,Gamle Oslo,2021,3,2302,2161,2668,507,9113274,3958.85,11677.84,11518.32,1989
0311,Gamle Oslo,2021,4,2161,2279,2629,350,8517560,3941.49,11616.14,11597.57,1875
0311,Gamle Oslo,2021,5,2279,2083,2600,517,9036278,3965.02,11566.49,11506.16,1982
0311,Gamle Oslo,2021,6,2083,1965,2527,562,8089657,3883.66,11673.35,11633.05,1825
0311,Gamle Oslo,2021,7,1965,2067,2450,383,7968062,4054.99,12021.53,11684.58,1655
0311,Gamle Oslo,2021,8,2067,1948,2435,487,8500296,4112.38,12071.32,11712.81,1744
0311,Gamle Oslo,2021,9,1948,2009,2347,338,7998839,4106.18,11956.31,11788.1,1649
0311,Gamle Oslo,2021,10,2009,1992,2352,360,8263355,4113.17,12096.4,11759.93,1703
0311,Gamle Oslo,2021,11,1992,1897,2312,415,8189096,4110.99,12181.03,11808.11,1695
0311,Gamle Oslo,2021,12,1897,2102,2422,320,7784259,4103.46,12212.99,11906.29,1626
0311,Gamle Oslo,2022,1,2102,2162,2537,375,8696475,4137.24,13637.4,11875.32,1803
0311,Gamle Oslo,2022,2,2162,2239,2596,357,9017395,4170.86,14218.17,11920.53,1842
0311,Gamle Oslo,2022,3,2239,2212,2616,404,9513142,4248.84,13940.19,11922.89,1899
0311,Gamle Oslo,2022,4,2212,2226,2607,381,9305204,4206.69,14339.49,12020.86,1902
0311,Gamle Oslo,2022,5,2226,2183,2528,345,9430021,4236.31,14295.82,12056.97,1916
0311,Gamle Oslo,2022,6,2183,2035,2538,503,8953652,4101.54,14586.85,12123.93,1897
0311,Gamle Oslo,2022,7,2035,2166,2504,338,8268870,4063.33,15575.01,12120.13,1769
0311,Gamle Oslo,2022,8,2166,2141,2505,364,9073072,4188.86,14946.26,12170.21,1884
0311,Gamle Oslo,2022,9,2141,2145,2543,398,8747442,4085.68,15254.58,12202.11,1866
0311,Gamle Oslo,2022,10,2145,2195,2562,367,8871488,4135.89,15258.17,12202.87,1866
0311,Gamle Oslo,2022,11,2195,2273,2651,378,8814514,4015.72,15789.34,12288.48,1919
0311,Gamle Oslo,2022,12,2273,2270,2718,448,9203222,4048.93,15644.95,12301.68,1997
0311,Gamle Oslo,2023,1,2270,2325,2816,491,9116136,4015.92,15989.86,12356.55,2009
0311,Gamle Oslo,2023,2,2325,2425,2859,434,9028518,3883.23,16529.38,12453.85,2075
0311,Gamle Oslo,2023,3,2425,2464,2885,421,9621385,3967.58,16483.09,12542.51,2165
0311,Gamle Oslo,2023,4,2464,2460,2902,442,9679657,3928.43,16695.07,12587.63,2212
0311,Gamle Oslo,2023,5,2460,2346,2848,502,9674916,3932.89,16723.02,12631.88,2218
0311,Gamle Oslo,2023,6,2346,2325,2830,505,9032528,3850.18,16902.85,12675.42,2127
0311,Gamle Oslo,2023,7,2325,2352,2799,447,9488492,4081.07,16599.76,12719.83,2062
0311,Gamle Oslo,2023,8,2352,2389,2747,358,9097333,3867.91,17544.57,12743.32,2090
0311,Gamle Oslo,2023,9,2389,2379,2753,374,9383853,3927.94,17458.75,12778.03,2121
0311,Gamle Oslo,2023,10,2379,2313,2742,429,9319718,3917.49,17615.73,12811.58,2118
0311,Gamle Oslo,2023,11,2313,2365,2723,358,8882426,3840.22,17970.71,12923.35,2072
0311,Gamle Oslo,2023,12,2365,2389,2722,333,9231669,3903.45,17913.08,12988.44,2113
0311,Gamle Oslo,2024,1,2389,2338,2784,446,9232246,3864.48,18133.7,13072.64,2148
0311,Gamle Oslo,2024,2,2338,2455,2756,301,8852512,3786.36,18398.03,13152.71,2109
0311,Gamle Oslo,2024,3,2455,2458,2774,316,9516700,3876.46,18269.2,13236.21,2215
0311,Gamle Oslo,2024,4,2458,1892,2773,881,9558046,3888.55,18153.89,13292.73,2221
0311,Gamle Oslo,2024,5,1892,1967,2733,766,7783785,4114.05,15608.14,13402.8,1703
0311,Gamle Oslo,2024,6,1967,1930,2749,819,8093669,4114.73,15735.89,13440.73,1778
0311,Gamle Oslo,2024,7,1930,2134,2747,613,8528618,4418.97,15551.57,13556.25,1727
0311,Gamle Oslo,2024,8,2134,2141,2458,317,9087814,4258.58,17431.18,13527.97,1875
0311,Gamle Oslo,2024,9,2141,2055,2524,469,9140060,4269.06,17373.2,13565.42,1889
0311,Gamle Oslo,2024,10,2055,2174,2624,450,8620679,4194.98,17692.71,13822.54,1835
0311,Gamle Oslo,2024,11,2174,2190,2545,355,9372882,4311.35,17638.74,13995.11,1951
0311,Gamle Oslo,2024,12,2190,2091,2514,423,9370396,4278.72,17790.97,14071.16,1975
0311,Gamle Oslo,2025,1,2091,2206,2576,370,8817339,4216.8,18052.27,14169.7,1894
0311,Gamle Oslo,2025,2,2206,2211,2526,315,9409294,4265.32,17902.08,14229.04,2007
0311,Gamle Oslo,2025,3,2211,2225,2538,313,9404685,4253.59,18057.02,14279.99,2014
0311,Gamle Oslo,2025,4,2225,2208,2504,296,9414683,4231.32,18181.44,14286.95,2019
0311,Gamle Oslo,2025,5,2208,2147,2479,332,9383963,4249.98,18017.16,14311.1,2008
0311,Gamle Oslo,2025,6,2147,1924,2478,554,9126960,4251.03,18041.89,14395.16,1956
0311,Gamle Oslo,2025,7,1924,1971,2427,456,9294322,4830.73,16854.05,14513.05,1703
0311,Gamle Oslo,2025,8,1971,1974,2409,435,9415741,4777.14,17612.1,14657.72,1756
0311,Gamle Oslo,2025,9,1974,1971,2312,341,9344009,4733.54,17510.71,14672.07,1761
0311,Gamle Oslo,2025,10,1971,1974,2286,312,9220280,4677.97,17930.2,14762.78,1762
0311,Gamle Oslo,2025,11,1974,1963,2290,327,9281229,4701.74,18069.24,14845.22,1770
0311,Gamle Oslo,2025,12,1963,1950,2251,301,9178143,4675.57,18276.54,14906.56,1763
0311,Gamle Oslo,2026,1,1950,1962,2287,325,9150244,4692.43,18289.36,14970.72,1754
0311,Gamle Oslo,2026,2,1962,1954,2246,292,9189568,4683.78,18346.46,15285.91,1774
0311,Gamle Oslo,2026,3,1954,1938,2239,301,9153165,4684.32,18249.44,15333.06,1773
0311,Gamle Oslo,2026,4,1938,1933,2220,287,9102534,4696.87,18361.08,15390.04,1758
0311,Gamle Oslo,2026,5,1933,1924,2255,331,9073007,4693.74,18332.97,15454.65,1756
0311,Gamle Oslo,2026,6,1924,1843,2271,428,9075368,4716.93,18224.32,15516.59,1750
0311,Gamle Oslo,2026,7,1843,0,0,0,9043841,4907.13,18266.54,15329.17,1640
0312,Grunerløkka,2010,1,0,2042,2152,110,0,,,,0
0312,Grunerløkka,2010,2,2042,2117,2205,88,6530766,3198.22,9160.37,7279.56,1105
0312,Grunerløkka,2010,3,2117,2171,2232,61,6776922,3201.19,9131.9,7324.6,1166
0312,Grunerløkka,2010,4,2171,2210,2275,65,6964650,3208.04,9098.24,7397.02,1219
0312,Grunerløkka,2010,5,2210,2248,2309,61,7086703,3206.65,9102.28,7374.97,1262
0312,Grunerløkka,2010,6,2248,2249,2334,85,7210374,3207.46,9055.03,7389.02,1291
0312,Grunerløkka,2010,7,2249,2162,2336,174,7216317,3208.68,9025.61,7398.61,1295
0312,Grunerløkka,2010,8,2162,2197,2271,74,6878763,3181.67,9468.62,7428.5,1260
0312,Grunerløkka,2010,9,2197,2214,2334,120,7002258,3187.19,9442.77,7459.97,1294
0312,Grunerløkka,2010,10,2214,2195,2313,118,7063854,3190.54,9413.24,7477.23,1306
0312,Grunerløkka,2010,11,2195,2227,2312,85,6976706,3178.45,9485.53,7478.37,1293
0312,Grunerløkka,2010,12,2227,2264,2341,77,7071233,3175.23,9511.85,7507.82,1326
0312,Grunerløkka,2011,1,2264,2271,2359,88,7183398,3172.88,9481.09,7507.07,1356
0312,Grunerløkka,2011,2,2271,2322,2398,76,7219169,3178.85,9443.44,7524.97,1375
0312,Grunerløkka,2011,3,2322,2347,2422,75,7392702,3183.76,9368.44,7526.94,1420
0312,Grunerløkka,2011,4,2347,2370,2464,94,7474098,3184.53,9356.62,7530.39,1436
0312,Grunerløkka,2011,5,2370,2360,2439,79,7534753,3179.22,9397.8,7555.83,1459
0312,Grunerløkka,2011,6,2360,2349,2412,63,7510190,3182.28,9412.06,7574.82,1458
0312,Grunerløkka,2011,7,2349,2226,2466,240,7475743,3182.52,9427.74,7592.09,1459
0312,Grunerløkka,2011,8,2226,2236,2317,81,7110276,3194.19,10068.2,7627.58,1295
0312,Grunerløkka,2011,9,2236,2239,2327,88,7137508,3192.09,10087.12,7662.94,1317
0312,Grunerløkka,2011,10,2239,2207,2351,144,7169878,3202.27,10098.01,7706.71,1340
0312,Grunerløkka,2011,11,2207,2231,2315,84,7095407,3214.96,10094.49,7732.38,1343
0312,Grunerløkka,2011,12,2231,2254,2333,79,7170837,3214.18,10168.43,7781.07,1369
0312,Grunerløkka,2012,1,2254,2243,2361,118,7263197,3222.36,10152.64,7832.59,1408
0312,Grunerløkka,2012,2,2243,2270,2363,93,7192112,3206.47,10194.85,7850.1,1415
0312,Grunerløkka,2012,3,2270,2302,2390,88,7300029,3215.87,10121.25,7870.81,1449
0312,Grunerløkka,2012,4,2302,2323,2401,78,7413178,3220.32,10153.67,7892.57,1484
0312,Grunerløkka,2012,5,2323,2333,2415,82,7489928,3224.25,10139.14,7936.38,1515
0312,Grunerløkka,2012,6,2333,2346,2426,80,7537577,3230.85,10095.55,7964.24,1537
0312,Grunerløkka,2012,7,2346,2168,2440,272,7591072,3235.75,10093.48,8003.67,1561
0312,Grunerløkka,2012,8,2168,2178,2269,91,6835817,3153.05,10909.66,8068.32,1475
0312,Grunerløkka,2012,9,2178,2200,2307,107,6859681,3149.53,10911.13,8098.85,1495
0312,Grunerløkka,2012,10,2200,2219,2323,104,6950358,3159.25,10836.14,8133.52,1526
0312,Grunerløkka,2012,11,2219,2241,2344,103,7014183,3160.97,10852.61,8146.96,1548
0312,Grunerløkka,2012,12,2241,2269,2350,81,7094913,3165.96,10793.33,8201.58,1578
0312,Grunerløkka,2013,1,2269,2243,2347,104,7204773,3175.31,10796.2,8248.61,1615
0312,Grunerløkka,2013,2,2243,2185,2392,207,7155686,3190.23,10760.79,8310.54,1617
0312,Grunerløkka,2013,3,2185,2243,2320,77,7021289,3213.4,10763.26,8371.13,1601
0312,Grunerløkka,2013,4,2243,2288,2356,68,7237348,3226.64,10638.89,8421.59,1651
0312,Grunerløkka,2013,5,2288,2301,2382,81,7409374,3238.36,10587.3,8458.51,1690
0312,Grunerløkka,2013,6,2301,2304,2391,87,7461724,3242.82,10536.07,8480.28,1713
0312,Grunerløkka,2013,7,2304,2193,2413,220,7476362,3244.95,10502.48,8501.16,1726
0312,Grunerløkka,2013,8,2193,2162,2307,145,6876206,3135.52,11058.33,8586.45,1672
0312,Grunerløkka,2013,9,2162,2170,2296,126,6770047,3131.38,11083.09,8615.74,1662
0312,Grunerløkka,2013,10,2170,2184,2289,105,6776417,3122.77,11081.38,8652.65,1681
0312,Grunerløkka,2013,11,2184,2240,2322,82,6816218,3120.98,11074.34,8711.9,1705
0312,Grunerløkka,2013,12,2240,2255,2334,79,6997632,3123.94,11073.98,8736.15,1766
0312,Grunerløkka,2014,1,2255,2218,2341,123,7068616,3134.64,11014.52,8754.91,1785
0312,Grunerløkka,2014,2,2218,2266,2350,84,7136904,3217.72,11087.62,8792.83,1747
0312,Grunerløkka,2014,3,2266,2290,2387,97,7299632,3221.37,11083.86,8842.29,1798
0312,Grunerløkka,2014,4,2290,2317,2407,90,7404460,3233.39,10991.64,8889.98,1826
0312,Grunerløkka,2014,5,2317,2345,2417,72,7510212,3241.35,10958.41,8913.76,1853
0312,Grunerløkka,2014,6,2345,2343,2452,109,7616692,3248.06,10904.82,8953.12,1887
0312,Grunerløkka,2014,7,2343,2194,2448,254,7608468,3247.32,10871.51,8960.75,1889
0312,Grunerløkka,2014,8,2194,2174,2327,153,6972697,3178.08,11248.4,8991.94,1778
0312,Grunerløkka,2014,9,2174,2158,2290,132,6920182,3183.16,11263.2,9043.79,1776
0312,Grunerløkka,2014,10,2158,2181,2271,90,6858391,3178.12,11285.98,9087.86,1773
0312,Grunerløkka,2014,11,2181,2220,2304,84,6935495,3179.96,11234.89,9096.4,1792
0312,Grunerløkka,2014,12,2220,2240,2325,85,7066931,3183.3,11160.63,9121.1,1830
0312,Grunerløkka,2015,1,2240,2163,2340,177,7158953,3195.96,11058.49,9156.27,1856
0312,Grunerløkka,2015,2,2163,2213,2310,97,6984924,3229.28,11248.41,9208.06,1755
0312,Grunerløkka,2015,3,2213,2234,2343,109,7165431,3237.88,11109.58,9216.99,1797
0312,Grunerløkka,2015,4,2234,2242,2330,88,7257173,3248.51,11018.66,9237.68,1820
0312,Grunerløkka,2015,5,2242,2279,2344,65,7322186,3265.92,10937.28,9269.57,1836
0312,Grunerløkka,2015,6,2279,2296,2401,105,7470069,3277.78,10826.21,9297.92,1873
0312,Grunerløkka,2015,7,2296,2152,2390,238,7527101,3278.35,10726.89,9293.85,1886
0312,Grunerløkka,2015,8,2152,2181,2268,87,6860832,3188.12,10967.98,9370.03,1790
0312,Grunerløkka,2015,9,2181,2163,2300,137,6966641,3194.24,10977.86,9403.9,1821
0312,Grunerløkka,2015,10,2163,2207,2299,92,6903345,3191.56,10914.09,9457.87,1822
0312,Grunerløkka,2015,11,2207,2224,2304,80,7056736,3197.43,10977.81,9509.42,1868
0312,Grunerløkka,2015,12,2224,2238,2331,93,7140217,3210.53,10869.88,9537.45,1893
0312,Grunerløkka,2016,1,2238,2208,2353,145,7184037,3210.03,10837.99,9549.23,1905
0312,Grunerløkka,2016,2,2208,2244,2333,89,7293138,3303.05,10986.63,9548.42,1855
0312,Grunerløkka,2016,3,2244,2263,2351,88,7422883,3307.88,10905.12,9571.99,1899
0312,Grunerløkka,2016,4,2263,2292,2383,91,7535913,3330.05,10861.28,9630.96,1924
0312,Grunerløkka,2016,5,2292,2299,2369,70,7649765,3337.59,10797.85,9635.92,1949
0312,Grunerløkka,2016,6,2299,2292,2394,102,7707944,3352.74,10693.86,9687.04,1963
0312,Grunerløkka,2016,7,2292,2111,2392,281,7708620,3363.27,10653.07,9712.75,1955
0312,Grunerløkka,2016,8,2111,2111,2182,71,6982868,3307.85,10683.49,9726.99,1807
0312,Grunerløkka,2016,9,2111,2109,2238,129,6994444,3313.33,10651.79,9774.81,1815
0312,Grunerløkka,2016,10,2109,2149,2266,117,6983397,3311.24,10575.9,9767.69,1808
0312,Grunerløkka,2016,11,2149,2167,2260,93,7083809,3296.33,10659.49,9803.81,1840
0312,Grunerløkka,2016,12,2167,2175,2270,95,7148792,3298.93,10645.8,9803.84,1856
0312,Grunerløkka,2017,1,2175,1782,2297,515,7206783,3313.46,10508.13,9818.9,1863
0312,Grunerløkka,2017,2,1782,1960,2375,415,5921929,3323.19,10661.88,9882.41,1551
0312,Grunerløkka,2017,3,1960,1947,2429,482,6557698,3345.76,10721.19,9881.96,1687
0312,Grunerløkka,2017,4,1947,1995,2299,304,6472357,3324.27,10758.42,9855.55,1672
0312,Grunerløkka,2017,5,1995,1834,2313,479,6640737,3328.69,10789.66,9900.89,1704
0312,Grunerløkka,2017,6,1834,1931,2302,371,6126102,3340.3,10546.85,9944.19,1579
0312,Grunerløkka,2017,7,1931,1878,2281,403,6589470,3412.47,10984.39,9906.21,1637
0312,Grunerløkka,2017,8,1878,1901,2274,373,6461460,3440.61,10591.58,9959.34,1594
0312,Grunerløkka,2017,9,1901,1931,2257,326,6577793,3460.18,10631.56,9976.26,1607
0312,Grunerløkka,2017,10,1931,1832,2272,440,6683851,3461.34,10695.19,10001.77,1647
0312,Grunerløkka,2017,11,1832,1960,2267,307,6245346,3409.03,10808.64,10046.75,1569
0312,Grunerløkka,2017,12,1960,1958,2253,295,6658864,3397.38,11086.61,10050.61,1673
0312,Grunerløkka,2018,1,1958,1856,2294,438,6659769,3401.31,10983.95,10060.91,1679
0312,Grunerløkka,2018,2,1856,2024,2323,299,6269610,3378.02,10689.14,10117.92,1595
0312,Grunerløkka,2018,3,2024,2009,2349,340,6867962,3393.26,10989.81,10126.06,1740
0312,Grunerløkka,2018,4,2009,1910,2366,456,6814176,3391.82,10846.34,10131.06,1719
0312,Grunerløkka,2018,5,1910,1970,2334,364,6554559,3431.71,10594.23,10243.34,1652
0312,Grunerløkka,2018,6,1970,1855,2336,481,6677495,3389.59,10958.18,10228.91,1700
0312,Grunerløkka,2018,7,1855,1808,2317,509,6278139,3384.44,11143.01,10264.52,1589
0312,Grunerløkka,2018,8,1808,1905,2310,405,6267695,3466.65,10709.41,10369.55,1548
0312,Grunerløkka,2018,9,1905,1931,2266,335,6664237,3498.29,10765.03,10376.99,1634
0312,Grunerløkka,2018,10,1931,1802,2342,540,6741797,3491.35,10871.08,10377.83,1653
0312,Grunerløkka,2018,11,1802,1888,2285,397,6274107,3481.75,10886.62,10481.73,1559
0312,Grunerløkka,2018,12,1888,1802,2268,466,6501376,3443.53,11150.24,10445.28,1618
0312,Grunerløkka,2019,1,1802,1899,2284,385,6276185,3482.9,10825.9,10473.84,1548
0312,Grunerløkka,2019,2,1899,1922,2272,350,6778772,3569.65,10597.58,10512.61,1638
0312,Grunerløkka,2019,3,1922,1933,2250,317,6837416,3557.45,10887.08,10533.61,1662
0312,Grunerløkka,2019,4,1933,1799,2230,431,6872200,3555.2,10868.01,10559.93,1673
0312,Grunerløkka,2019,5,1799,1845,2225,380,6421161,3569.29,10448.9,10600.21,1558
0312,Grunerløkka,2019,6,1845,1764,2210,446,6523827,3535.95,10777.02,10610.6,1601
0312,Grunerløkka,2019,7,1764,1747,2191,444,6246910,3541.33,10961.48,10664.22,1513
0312,Grunerløkka,2019,8,1747,1840,2175,335,6649216,3806.08,10319.05,10726.92,1464
0312,Grunerløkka,2019,9,1840,1764,2183,419,7023501,3817.12,10430.12,10699.77,1536
0312,Grunerløkka,2019,10,1764,1818,2172,354,6708353,3802.92,10595.55,10818.67,1483
0312,Grunerløkka,2019,11,1818,1827,2158,331,6898630,3794.63,10730.93,10769.08,1524
0312,Grunerløkka,2019,12,1827,1716,2128,412,6940040,3798.6,10671.9,10781.18,1539
0312,Grunerløkka,2020,1,1716,1806,2135,329,6430059,3747.12,10719.71,10841.65,1449
0312,Grunerløkka,2020,2,1806,1833,2168,335,6859114,3797.96,10695.68,10861.03,1524
0312,Grunerløkka,2020,3,1833,1776,2209,433,6934514,3783.15,10914.14,10880.94,1550
0312,Grunerløkka,2020,4,1776,2005,2276,271,6735595,3792.56,10847.11,10916.58,1502
0312,Grunerløkka,2020,5,2005,2002,2341,339,8916899,4447.33,11372.96,10874.53,1425
0312,Grunerløkka,2020,6,2002,1897,2368,471,8797024,4394.12,11349.56,10899.96,1432
0312,Grunerløkka,2020,7,1897,2048,2364,316,8446457,4452.53,11723.35,10884.25,1315
0312,Grunerløkka,2020,8,2048,2016,2391,375,9167255,4476.2,11724.39,10887.42,1420
0312,Grunerløkka,2020,9,2016,2075,2389,314,8912841,4421.05,11993.24,10946.36,1405
0312,Grunerløkka,2020,10,2075,2079,2412,333,9178917,4423.57,12089.54,10953.08,1456
0312,Grunerløkka,2020,11,2079,1865,2425,560,9175616,4413.48,12176.93,10978.99,1464
0312,Grunerløkka,2020,12,1865,1943,2398,455,7111992,3813.4,11122.73,11015.88,1571
0312,Grunerløkka,2021,1,1943,2050,2504,454,7423817,3820.8,11369.5,11002.58,1639
0312,Grunerløkka,2021,2,2050,2071,2390,319,7536375,3676.28,11784.66,11025.13,1736
0312,Grunerløkka,2021,3,2071,1917,2433,516,7663859,3700.56,11767.87,11039.22,1757
0312,Grunerløkka,2021,4,1917,2056,2423,367,6984134,3643.26,11850.39,11059.56,1626
0312,Grunerløkka,2021,5,2056,1848,2391,543,7502760,3649.2,11983.11,11030.74,1745
0312,Grunerløkka,2021,6,1848,1714,2337,623,6519340,3527.78,12032.96,11139.12,1593
0312,Grunerløkka,2021,7,1714,1831,2285,454,6440708,3757.71,12296.45,11196.31,1414
0312,Grunerløkka,2021,8,1831,1684,2225,541,7012533,3829.89,12186.39,11175.94,1517
0312,Grunerløkka,2021,9,1684,1758,2111,353,6472274,3843.39,12099.31,11250.79,1408
0312,Grunerløkka,2021,10,1758,1748,2096,348,6744483,3836.45,12239.03,11202.63,1453
0312,Grunerløkka,2021,11,1748,1615,2085,470,6718223,3843.38,12187.69,11254.3,1459
0312,Grunerløkka,2021,12,1615,1853,2201,348,6191137,3833.52,12000.24,11315.01,1358
0312,Grunerløkka,2022,1,1853,1952,2332,380,7103041,3833.27,13691.04,11329.94,1551
0312,Grunerløkka,2022,2,1952,2077,2442,365,7640546,3914.21,13984.84,11404.88,1621
0312,Grunerløkka,2022,3,2077,2093,2496,403,8159575,3928.54,14066.68,11397.93,1725
0312,Grunerløkka,2022,4,2093,2107,2564,457,8100320,3870.2,14554.96,11473.44,1761
0312,Grunerløkka,2022,5,2107,2019,2481,462,8178302,3881.49,14364.71,11501.14,1783
0312,Grunerløkka,2022,6,2019,1896,2470,574,7630901,3779.54,14562.2,11553.73,1728
0312,Grunerløkka,2022,7,1896,2068,2399,331,7070142,3728.98,15479.87,11506.66,1609
0312,Grunerløkka,2022,8,2068,2007,2428,421,7990424,3863.84,14785.54,11560.94,1759
0312,Grunerløkka,2022,9,2007,2047,2458,411,7695114,3834.14,14844.13,11687.16,1735
0312,Grunerløkka,2022,10,2047,2050,2503,453,7907878,3863.15,15043.24,11702.03,1770
0312,Grunerløkka,2022,11,2050,2115,2611,496,7629989,3721.95,15660.74,11794.68,1793
0312,Grunerløkka,2022,12,2115,2147,2688,541,7894849,3732.79,15922.45,11852.04,1860
0312,Grunerløkka,2023,1,2147,2158,2703,545,7963180,3708.98,15930.38,11894.8,1886
0312,Grunerløkka,2023,2,2158,2283,2737,454,7880991,3651.99,16073.59,11970.66,1914
0312,Grunerløkka,2023,3,2283,2326,2731,405,8417962,3687.24,16257.08,11967.22,2005
0312,Grunerløkka,2023,4,2326,2310,2736,426,8538161,3670.75,16441.35,12031.16,2048
0312,Grunerløkka,2023,5,2310,2181,2719,538,8613134,3728.63,16148.37,12084.09,2042
0312,Grunerløkka,2023,6,2181,2187,2722,535,7772466,3563.72,16641.95,12146.98,1943
0312,Grunerløkka,2023,7,2187,2214,2701,487,8396001,3839.05,16767.51,12221.26,1896
0312,Grunerløkka,2023,8,2214,2301,2658,357,8075218,3647.34,17650.84,12309.63,1931
0312,Grunerløkka,2023,9,2301,2241,2648,407,8572211,3725.43,17336.51,12390.34,2017
0312,Grunerløkka,2023,10,2241,2160,2623,463,8316918,3711.25,17615.29,12466.4,1981
0312,Grunerløkka,2023,11,2160,2265,2627,362,7716328,3572.37,18079.42,12505.26,1911
0312,Grunerløkka,2023,12,2265,2278,2614,336,8381790,3700.57,17775.88,12519.61,2008
0312,Grunerløkka,2024,1,2278,2233,2678,445,8477738,3721.57,17646.62,12605.51,2026
0312,Grunerløkka,2024,2,2233,2346,2673,327,8144251,3647.22,17849.1,12739.83,1996
0312,Grunerløkka,2024,3,2346,2375,2701,326,8744700,3727.49,17496.72,12736.06,2085
0312,Grunerløkka,2024,4,2375,1757,2677,920,8850567,3726.55,17481.84,12808.2,2111
0312,Grunerløkka,2024,5,1757,1796,2650,854,6929582,3943.99,14831.89,12895.87,1557
0312,Grunerløkka,2024,6,1796,1803,2705,902,7185748,4000.97,14706.98,12900.11,1589
0312,Grunerløkka,2024,7,1803,2011,2720,709,7753822,4300.51,14802.23,13024.57,1582
0312,Grunerløkka,2024,8,2011,2029,2409,380,8322851,4138.66,16545.8,13107.91,1726
0312,Grunerløkka,2024,9,2029,1876,2478,602,8407622,4143.73,16511.71,13148.85,1748
0312,Grunerløkka,2024,10,1876,1995,2504,509,7706041,4107.7,16479.57,13386.35,1643
0312,Grunerløkka,2024,11,1995,2014,2387,373,8222600,4121.6,16575.76,13422.42,1753
0312,Grunerløkka,2024,12,2014,1897,2407,510,8388586,4165.14,16357.54,13504.07,1775
0312,Grunerløkka,2025,1,1897,2099,2438,339,7904494,4166.84,16254.0,13670.31,1676
0312,Grunerløkka,2025,2,2099,2110,2442,332,8789669,4187.55,16231.56,13629.66,1850
0312,Grunerløkka,2025,3,2110,2142,2460,318,8797215,4169.3,16285.85,13675.03,1860
0312,Grunerløkka,2025,4,2142,2121,2485,364,8981216,4192.91,16252.15,13791.83,1893
0312,Grunerløkka,2025,5,2121,2070,2476,406,8873329,4183.56,16402.62,13849.48,1882
0312,Grunerløkka,2025,6,2070,1878,2486,608,8574443,4142.24,16260.06,13747.09,1824
0312,Grunerløkka,2025,7,1878,1979,2450,471,8677712,4620.72,15751.72,13846.38,1600
0312,Grunerløkka,2025,8,1979,1965,2446,481,8872606,4483.38,16323.89,13878.55,1689
0312,Grunerløkka,2025,9,1965,1962,2342,380,8976929,4568.41,15983.5,13994.82,1691
0312,Grunerløkka,2025,10,1962,1955,2329,374,8898869,4535.61,16155.47,14042.34,1698
0312,Grunerløkka,2025,11,1955,1973,2319,346,8849116,4526.4,16330.62,14161.97,1704
0312,Grunerløkka,2025,12,1973,1987,2313,326,8914535,4518.26,16385.68,14222.4,1722
0312,Grunerløkka,2026,1,1987,2023,2363,340,9055846,4557.55,16229.38,14257.86,1732
0312,Grunerløkka,2026,2,2023,2063,2403,340,9168123,4531.94,16137.31,14236.1,1756
0312,Grunerløkka,2026,3,2063,2111,2459,348,9352112,4533.26,16099.52,14351.52,1796
0312,Grunerløkka,2026,4,2111,2106,2488,382,9509469,4504.72,16163.87,14397.54,1839
0312,Grunerløkka,2026,5,2106,2100,2576,476,9557779,4538.36,15832.7,14362.64,1840
0312,Grunerløkka,2026,6,2100,2020,2597,577,9470302,4509.67,15759.95,14363.33,1827
0312,Grunerløkka,2026,7,2020,0,0,0,9531749,4718.69,15722.05,14389.03,1701
0313,Sagene,2010,1,0,1809,1905,96,0,,,,0
0313,Sagene,2010,2,1809,1858,1927,69,5696986,3149.25,9951.2,6856.87,864
0313,Sagene,2010,3,1858,1900,1950,50,5851992,3149.62,9892.46,6882.25,906
0313,Sagene,2010,4,1900,1931,1992,61,5969272,3141.72,9900.6,6908.24,938
0313,Sagene,2010,5,1931,1954,2000,46,6100257,3159.12,9837.25,6935.39,969
0313,Sagene,2010,6,1954,1972,2020,48,6189159,3167.43,9780.07,6970.32,999
0313,Sagene,2010,7,1972,1896,2036,140,6260570,3174.73,9677.42,6986.75,1018
0313,Sagene,2010,8,1896,1921,1970,49,5906351,3115.16,10568.35,7022.74,1002
0313,Sagene,2010,9,1921,1959,2019,60,5997980,3122.32,10498.71,7042.79,1029
0313,Sagene,2010,10,1959,1953,2064,111,6125918,3127.06,10504.91,7078.36,1070
0313,Sagene,2010,11,1953,1997,2061,64,6075155,3110.68,10618.85,7108.52,1076
0313,Sagene,2010,12,1997,2018,2065,47,6210949,3110.14,10620.18,7133.92,1116
0313,Sagene,2011,1,2018,2013,2123,110,6301019,3122.41,10574.48,7168.57,1148
0313,Sagene,2011,2,2013,2061,2130,69,6292648,3126.0,10577.24,7190.88,1155
0313,Sagene,2011,3,2061,2090,2141,51,6451963,3130.5,10547.53,7203.82,1191
0313,Sagene,2011,4,2090,2123,2184,61,6568594,3142.87,10476.52,7242.89,1230
0313,Sagene,2011,5,2123,2137,2194,57,6694802,3153.46,10442.05,7273.64,1268
0313,Sagene,2011,6,2137,2135,2198,63,6759772,3163.21,10382.51,7290.7,1292
0313,Sagene,2011,7,2135,2055,2210,155,6768986,3170.49,10354.63,7338.49,1314
0313,Sagene,2011,8,2055,2047,2115,68,6564205,3194.26,10779.61,7376.29,1186
0313,Sagene,2011,9,2047,2049,2121,72,6557974,3203.7,10805.17,7418.83,1202
0313,Sagene,2011,10,2049,2039,2113,74,6580612,3211.62,10825.97,7438.56,1220
0313,Sagene,2011,11,2039,2069,2129,60,6552360,3213.52,10864.71,7470.51,1231
0313,Sagene,2011,12,2069,2087,2139,52,6689402,3233.16,10789.08,7513.8,1273
0313,Sagene,2012,1,2087,2088,2153,65,6776044,3246.79,10771.75,7562.86,1309
0313,Sagene,2012,2,2088,2113,2161,48,6758019,3236.6,10848.58,7610.67,1337
0313,Sagene,2012,3,2113,2136,2201,65,6859354,3246.26,10794.22,7647.13,1366
0313,Sagene,2012,4,2136,2169,2216,47,6995008,3274.82,10731.04,7707.12,1418
0313,Sagene,2012,5,2169,2179,2246,67,7122309,3283.68,10691.64,7752.08,1454
0313,Sagene,2012,6,2179,2203,2248,45,7182819,3296.38,10690.95,7799.73,1485
0313,Sagene,2012,7,2203,2087,2260,173,7283247,3306.06,10630.93,7824.0,1513
0313,Sagene,2012,8,2087,2099,2165,66,6705175,3212.83,11135.33,7876.77,1460
0313,Sagene,2012,9,2099,2101,2174,73,6773919,3227.21,11091.68,7923.51,1487
0313,Sagene,2012,10,2101,2102,2174,72,6764610,3219.71,11192.02,7974.74,1512
0313,Sagene,2012,11,2102,2131,2197,66,6783319,3227.08,11173.45,8011.01,1530
0313,Sagene,2012,12,2131,2144,2207,63,6889912,3233.18,11104.56,8049.73,1567
0313,Sagene,2013,1,2144,2133,2199,66,6958507,3245.57,11078.3,8104.78,1600
0313,Sagene,2013,2,2133,2069,2223,154,6936433,3251.96,11111.24,8139.92,1602
0313,Sagene,2013,3,2069,2115,2173,58,6722808,3249.3,11136.68,8196.4,1573
0313,Sagene,2013,4,2115,2139,2199,60,6899134,3262.0,11097.42,8236.94,1621
0313,Sagene,2013,5,2139,2160,2220,60,7007989,3276.29,11059.87,8264.62,1653
0313,Sagene,2013,6,2160,2173,2222,49,7107603,3290.56,10939.66,8282.83,1675
0313,Sagene,2013,7,2173,2064,2244,180,7164041,3296.84,10920.17,8311.49,1699
0313,Sagene,2013,8,2064,2040,2145,105,6528635,3163.1,11618.6,8400.28,1648
0313,Sagene,2013,9,2040,2057,2131,74,6432717,3153.29,11619.61,8431.08,1641
0313,Sagene,2013,10,2057,2064,2132,68,6473543,3147.08,11648.13,8446.01,1660
0313,Sagene,2013,11,2064,2082,2147,65,6487832,3143.33,11644.35,8463.74,1667
0313,Sagene,2013,12,2082,2101,2159,58,6571720,3156.45,11595.48,8509.29,1700
0313,Sagene,2014,1,2101,2097,2195,98,6656078,3168.05,11524.24,8547.68,1725
0313,Sagene,2014,2,2097,2124,2180,56,6789278,3237.61,11571.39,8581.05,1704
0313,Sagene,2014,3,2124,2150,2205,55,6899726,3248.46,11556.75,8635.97,1741
0313,Sagene,2014,4,2150,2161,2218,57,6994291,3253.16,11547.81,8689.18,1778
0313,Sagene,2014,5,2161,2171,2217,46,7072388,3272.74,11413.99,8704.83,1792
0313,Sagene,2014,6,2171,2165,2226,61,7113810,3276.74,11392.17,8741.64,1809
0313,Sagene,2014,7,2165,2056,2223,167,7111860,3284.92,11368.86,8788.7,1819
0313,Sagene,2014,8,2056,2028,2128,100,6511521,3167.08,11764.7,8822.83,1742
0313,Sagene,2014,9,2028,2049,2102,53,6425500,3168.39,11806.97,8858.81,1729
0313,Sagene,2014,10,2049,2068,2143,75,6461993,3153.73,11875.42,8905.65,1750
0313,Sagene,2014,11,2068,2089,2145,56,6517030,3151.37,11838.37,8943.24,1776
0313,Sagene,2014,12,2089,2105,2157,52,6581757,3150.67,11778.42,8973.25,1805
0313,Sagene,2015,1,2105,2054,2164,110,6669161,3168.25,11680.6,9005.46,1829
0313,Sagene,2015,2,2054,2080,2135,55,6541794,3184.9,11669.03,9057.0,1762
0313,Sagene,2015,3,2080,2078,2148,70,6647215,3195.78,11569.27,9069.75,1790
0313,Sagene,2015,4,2078,2087,2138,51,6653331,3201.8,11514.25,9116.08,1792
0313,Sagene,2015,5,2087,2100,2151,51,6710402,3215.33,11458.65,9157.89,1803
0313,Sagene,2015,6,2100,2106,2152,46,6776400,3226.86,11418.39,9193.41,1830
0313,Sagene,2015,7,2106,2000,2160,160,6813591,3235.32,11311.96,9203.36,1828
0313,Sagene,2015,8,2000,2011,2062,51,6238220,3119.11,11715.23,9318.48,1789
0313,Sagene,2015,9,2011,2009,2089,80,6295471,3130.52,11617.95,9337.06,1803
0313,Sagene,2015,10,2009,2044,2107,63,6250386,3111.19,11707.96,9365.96,1808
0313,Sagene,2015,11,2044,2073,2121,48,6365781,3114.37,11672.01,9372.46,1837
0313,Sagene,2015,12,2073,2079,2129,50,6461658,3117.06,11609.99,9387.44,1865
0313,Sagene,2016,1,2079,2040,2141,101,6487331,3120.41,11611.66,9422.33,1876
0313,Sagene,2016,2,2040,2057,2112,55,6455120,3164.27,11653.26,9452.53,1823
0313,Sagene,2016,3,2057,2075,2120,45,6528124,3173.61,11623.79,9480.39,1838
0313,Sagene,2016,4,2075,2097,2149,52,6610598,3185.83,11560.46,9521.33,1864
0313,Sagene,2016,5,2097,2106,2163,57,6698224,3194.19,11481.41,9553.44,1887
0313,Sagene,2016,6,2106,2133,2194,61,6757918,3208.89,11436.86,9593.74,1904
0313,Sagene,2016,7,2133,2019,2198,179,6875098,3223.21,11335.26,9613.94,1924
0313,Sagene,2016,8,2019,2055,2117,62,6273467,3107.21,11646.33,9714.15,1844
0313,Sagene,2016,9,2055,2050,2132,82,6424879,3126.46,11607.7,9749.21,1877
0313,Sagene,2016,10,2050,2046,2110,64,6401767,3122.81,11648.56,9806.99,1875
0313,Sagene,2016,11,2046,2068,2119,51,6397154,3126.66,11596.41,9819.25,1874
0313,Sagene,2016,12,2068,2070,2134,64,6489380,3138.0,11496.27,9834.11,1897
0313,Sagene,2017,1,2070,1742,2158,416,6541481,3160.14,11424.21,9889.89,1907
0313,Sagene,2017,2,1742,1881,2193,312,5628078,3230.81,10930.35,9976.71,1620
0313,Sagene,2017,3,1881,1876,2226,350,6130217,3259.02,11112.42,9990.44,1743
0313,Sagene,2017,4,1876,1904,2094,190,6126050,3265.49,11016.75,10107.69,1751
0313,Sagene,2017,5,1904,1740,2103,363,6220070,3266.84,11007.89,10112.98,1779
0313,Sagene,2017,6,1740,1805,2085,280,5650003,3247.13,10875.63,10202.04,1634
0313,Sagene,2017,7,1805,1777,2074,297,6083364,3370.28,11108.97,10172.96,1676
0313,Sagene,2017,8,1777,1828,2051,223,6019307,3387.34,10726.8,10229.07,1655
0313,Sagene,2017,9,1828,1841,2066,225,6234287,3410.44,10751.53,10283.79,1710
0313,Sagene,2017,10,1841,1741,2058,317,6243875,3391.57,10884.25,10278.78,1725
0313,Sagene,2017,11,1741,1809,2050,241,5848180,3359.09,10770.63,10332.08,1639
0313,Sagene,2017,12,1809,1852,2038,186,6153693,3401.71,10726.13,10371.68,1703
0313,Sagene,2018,1,1852,1745,2070,325,6286738,3394.57,10741.59,10385.99,1743
0313,Sagene,2018,2,1745,1865,2087,222,5844961,3349.55,10446.67,10426.28,1650
0313,Sagene,2018,3,1865,1902,2113,211,6342872,3401.0,10686.17,10460.53,1764
0313,Sagene,2018,4,1902,1800,2092,292,6460200,3396.53,10585.58,10469.68,1792
0313,Sagene,2018,5,1800,1832,2089,257,6089407,3383.0,10416.91,10524.0,1707
0313,Sagene,2018,6,1832,1755,2083,328,6193640,3380.81,10419.64,10509.71,1734
0313,Sagene,2018,7,1755,1705,2071,366,5860349,3339.23,10794.59,10534.95,1654
0313,Sagene,2018,8,1705,1779,2058,279,5837459,3423.73,10602.96,10585.84,1611
0313,Sagene,2018,9,1779,1822,2016,194,6097996,3427.77,10694.15,10583.81,1679
0313,Sagene,2018,10,1822,1718,2044,326,6221299,3414.54,10745.91,10611.91,1720
0313,Sagene,2018,11,1718,1793,2024,231,5837686,3397.95,10649.41,10644.78,1621
0313,Sagene,2018,12,1793,1702,1997,295,6108225,3406.71,10874.1,10652.61,1690
0313,Sagene,2019,1,1702,1774,2016,242,5797574,3406.33,10634.85,10754.47,1606
0313,Sagene,2019,2,1774,1797,2019,222,6063789,3418.14,10673.83,10777.12,1677
0313,Sagene,2019,3,1797,1776,1996,220,6194559,3447.17,10864.71,10790.49,1689
0313,Sagene,2019,4,1776,1671,1978,307,6142413,3458.57,10816.85,10815.8,1675
0313,Sagene,2019,5,1671,1728,1977,249,5814507,3479.66,10584.87,10908.79,1585
0313,Sagene,2019,6,1728,1710,1964,254,5964801,3451.85,10751.67,10856.59,1625
0313,Sagene,2019,7,1710,1684,1956,272,5907279,3454.55,11097.75,10880.74,1603
0313,Sagene,2019,8,1684,1729,1944,215,6133079,3641.97,10783.59,11018.0,1566
0313,Sagene,2019,9,1729,1661,1945,284,6313689,3651.64,10860.03,10982.04,1600
0313,Sagene,2019,10,1661,1716,1950,234,6121070,3685.17,10745.78,11054.43,1541
0313,Sagene,2019,11,1716,1730,1944,214,6277633,3658.29,10884.85,11020.09,1581
0313,Sagene,2019,12,1730,1629,1948,319,6332366,3660.33,10900.69,11010.71,1592
0313,Sagene,2020,1,1629,1727,1947,220,5893393,3617.8,10860.39,11070.27,1506
0313,Sagene,2020,2,1727,1763,1958,195,6251889,3620.09,10825.13,11042.01,1597
0313,Sagene,2020,3,1763,1667,1983,316,6477073,3673.89,10733.36,11085.4,1627
0313,Sagene,2020,4,1667,1847,2018,171,6090546,3653.6,10875.53,11164.9,1544
0313,Sagene,2020,5,1847,1857,2061,204,8241967,4462.35,11487.9,11180.03,1533
0313,Sagene,2020,6,1857,1805,2080,275,8124234,4374.92,11673.14,11236.26,1562
0313,Sagene,2020,7,1805,1905,2087,182,8136624,4507.82,11838.75,11223.18,1466
0313,Sagene,2020,8,1905,1864,2110,246,8639810,4535.33,11728.94,11244.24,1543
0313,Sagene,2020,9,1864,1926,2102,176,8377004,4494.1,11740.09,11240.34,1515
0313,Sagene,2020,10,1926,1966,2129,163,8690882,4512.4,11717.33,11248.29,1561
0313,Sagene,2020,11,1966,1753,2114,361,8840300,4496.59,11798.99,11259.0,1598
0313,Sagene,2020,12,1753,1823,2117,294,6573995,3750.14,10720.28,11277.45,1636
0313,Sagene,2021,1,1823,1896,2171,275,6834584,3749.09,10901.43,11265.89,1702
0313,Sagene,2021,2,1896,1913,2110,197,6780241,3576.08,11659.8,11321.96,1775
0313,Sagene,2021,3,1913,1763,2133,370,6893933,3603.73,11653.3,11285.38,1783
0313,Sagene,2021,4,1763,1871,2113,242,6312865,3580.75,11727.05,11355.7,1652
0313,Sagene,2021,5,1871,1688,2076,388,6712465,3587.63,11950.04,11364.06,1756
0313,Sagene,2021,6,1688,1579,2035,456,5677052,3363.18,11969.01,11366.2,1590
0313,Sagene,2021,7,1579,1709,1986,277,5764551,3650.76,11926.83,11361.8,1456
0313,Sagene,2021,8,1709,1595,1954,359,6295676,3683.84,12196.7,11388.07,1578
0313,Sagene,2021,9,1595,1652,1900,248,5914619,3708.23,11976.69,11445.2,1476
0313,Sagene,2021,10,1652,1666,1909,243,6064137,3670.79,12278.71,11432.73,1529
0313,Sagene,2021,11,1666,1550,1892,342,6121015,3674.08,12206.74,11454.8,1541
0313,Sagene,2021,12,1550,1763,2001,238,5681929,3665.76,12125.82,11525.63,1441
0313,Sagene,2022,1,1763,1829,2095,266,6598684,3742.87,13550.36,11554.37,1630
0313,Sagene,2022,2,1829,1907,2137,230,6861695,3751.61,14245.18,11648.67,1685
0313,Sagene,2022,3,1907,1911,2183,272,7266054,3810.2,14016.41,11651.12,1760
0313,Sagene,2022,4,1911,1920,2233,313,7236731,3786.88,14381.02,11722.64,1773
0313,Sagene,2022,5,1920,1866,2166,300,7344087,3825.05,14230.86,11796.86,1796
0313,Sagene,2022,6,1866,1810,2178,368,6832828,3661.75,14529.16,11813.76,1753
0313,Sagene,2022,7,1810,1918,2149,231,6576614,3633.49,15445.03,11810.84,1682
0313,Sagene,2022,8,1918,1893,2150,257,7208300,3758.24,14941.85,11853.36,1782
0313,Sagene,2022,9,1893,1925,2198,273,6934365,3663.16,15037.48,11918.66,1769
0313,Sagene,2022,10,1925,1916,2188,272,7193011,3736.63,15133.23,11897.07,1795
0313,Sagene,2022,11,1916,1980,2252,272,6964166,3634.74,15413.77,11922.09,1783
0313,Sagene,2022,12,1980,1969,2303,334,7277527,3675.52,15447.17,12004.91,1849
0313,Sagene,2023,1,1969,2015,2346,331,7166324,3639.58,15620.65,12044.74,1840
0313,Sagene,2023,2,2015,2097,2394,297,7081129,3514.21,15972.03,12170.26,1897
0313,Sagene,2023,3,2097,2128,2393,265,7597056,3622.82,15804.2,12224.82,1971
0313,Sagene,2023,4,2128,2167,2442,275,7637498,3589.05,16182.82,12231.22,2007
0313,Sagene,2023,5,2167,2070,2449,379,7788792,3594.27,16057.07,12272.7,2034
0313,Sagene,2023,6,2070,2107,2444,337,7090309,3425.27,16530.24,12347.64,1951
0313,Sagene,2023,7,2107,2113,2458,345,7954417,3775.23,15647.56,12439.37,1958
0313,Sagene,2023,8,2113,2178,2426,248,7365391,3485.75,17240.73,12470.76,1963
0313,Sagene,2023,9,2178,2181,2432,251,7890667,3622.9,16710.87,12619.85,2035
0313,Sagene,2023,10,2181,2126,2426,300,7934061,3637.81,16780.94,12676.88,2039
0313,Sagene,2023,11,2126,2178,2434,256,7326128,3445.97,17654.62,12736.24,1983
0313,Sagene,2023,12,2178,2216,2442,226,7764293,3564.87,17336.03,12818.79,2029
0313,Sagene,2024,1,2216,2174,2468,294,7923679,3575.67,17353.63,12863.67,2069
0313,Sagene,2024,2,2174,2278,2469,191,7503524,3451.48,17624.82,12933.93,2044
0313,Sagene,2024,3,2278,2267,2473,206,8210838,3604.41,17326.02,12998.03,2135
0313,Sagene,2024,4,2267,1681,2471,790,8160518,3599.7,17246.12,13135.58,2127
0313,Sagene,2024,5,1681,1762,2458,696,6298205,3746.7,14666.99,13254.8,1572
0313,Sagene,2024,6,1762,1801,2481,680,6651088,3774.74,14787.54,13275.92,1653
0313,Sagene,2024,7,1801,1995,2489,494,7437487,4129.64,14073.68,13372.72,1667
0313,Sagene,2024,8,1995,2002,2271,269,7788805,3904.16,16775.85,13606.31,1824
0313,Sagene,2024,9,2002,1867,2299,432,7768624,3880.43,16747.01,13676.74,1833
0313,Sagene,2024,10,1867,1979,2334,355,7175662,3843.42,16740.98,13988.36,1735
0313,Sagene,2024,11,1979,1997,2251,254,7732685,3907.37,16878.22,14112.64,1849
0313,Sagene,2024,12,1997,1871,2231,360,7839180,3925.48,16961.19,14187.27,1867
0313,Sagene,2025,1,1871,2009,2236,227,7192054,3843.96,17065.29,14267.4,1748
0313,Sagene,2025,2,2009,2022,2234,212,7963472,3963.9,16693.9,14334.61,1885
0313,Sagene,2025,3,2022,2065,2257,192,7948845,3931.18,16959.6,14431.69,1898
0313,Sagene,2025,4,2065,2048,2269,221,8112248,3928.45,16971.03,14492.23,1936
0313,Sagene,2025,5,2048,2012,2242,230,8024587,3918.26,16967.7,14589.78,1928
0313,Sagene,2025,6,2012,1794,2231,437,7891820,3922.38,16890.78,14659.95,1899
0313,Sagene,2025,7,1794,1843,2226,383,8066843,4496.57,15429.33,14704.71,1664
0313,Sagene,2025,8,1843,1849,2219,370,7905904,4289.69,17036.16,14874.19,1722
0313,Sagene,2025,9,1849,1842,2096,254,7933019,4290.44,17035.35,14999.47,1736
0313,Sagene,2025,10,1842,1818,2080,262,7901966,4289.88,17116.75,15016.73,1730
0313,Sagene,2025,11,1818,1831,2088,257,7829501,4306.66,17208.16,15153.51,1712
0313,Sagene,2025,12,1831,1796,2063,267,7845153,4284.63,17143.92,15269.14,1726
0313,Sagene,2026,1,1796,1816,2041,225,7754260,4317.52,17215.8,15383.74,1691
0313,Sagene,2026,2,1816,1817,2039,222,7867525,4332.34,16928.92,15491.03,1713
0313,Sagene,2026,3,1817,1824,2037,213,7858449,4324.96,17008.9,15540.37,1713
0313,Sagene,2026,4,1824,1829,2043,214,7885797,4323.35,17146.3,15661.89,1716
0313,Sagene,2026,5,1829,1779,2050,271,7851042,4292.53,17211.15,15795.05,1723
0313,Sagene,2026,6,1779,1717,2048,331,7739797,4350.64,16851.58,15891.87,1685
0313,Sagene,2026,7,1717,0,0,0,7913745,4609.05,16636.54,16001.98,1606
0314,St. Hanshaugen,2010,1,0,962,1019,57,0,,,,0
0314,St. Hanshaugen,2010,2,962,995,1068,73,3153319,3277.88,9643.25,7566.71,590
0314,St. Hanshaugen,2010,3,995,1059,1116,57,3264057,3280.46,9512.11,7588.31,621
0314,St. Hanshaugen,2010,4,1059,1103,1157,54,3486999,3292.73,9273.3,7603.64,671
0314,St. Hanshaugen,2010,5,1103,1118,1182,64,3645991,3305.52,9117.35,7597.52,705
0314,St. Hanshaugen,2010,6,1118,1140,1180,40,3694851,3304.88,9094.04,7646.26,722
0314,St. Hanshaugen,2010,7,1140,1112,1217,105,3743961,3284.18,9093.81,7629.82,734
0314,St. Hanshaugen,2010,8,1112,1139,1184,45,3596561,3234.32,9649.67,7633.21,720
0314,St. Hanshaugen,2010,9,1139,1141,1208,67,3682485,3233.09,9600.51,7632.53,746
0314,St. Hanshaugen,2010,10,1141,1136,1228,92,3683081,3227.94,9574.66,7636.81,744
0314,St. Hanshaugen,2010,11,1136,1161,1220,59,3647181,3210.55,9655.11,7633.76,745
0314,St. Hanshaugen,2010,12,1161,1186,1240,54,3738873,3220.39,9579.51,7657.56,771
0314,St. Hanshaugen,2011,1,1186,1148,1247,99,3814614,3216.37,9579.66,7702.48,795
0314,St. Hanshaugen,2011,2,1148,1181,1230,49,3708256,3230.19,9529.8,7735.54,779
0314,St. Hanshaugen,2011,3,1181,1202,1258,56,3797375,3215.39,9517.38,7718.08,803
0314,St. Hanshaugen,2011,4,1202,1244,1291,47,3842524,3196.78,9575.06,7732.83,824
0314,St. Hanshaugen,2011,5,1244,1246,1284,38,3983424,3202.11,9419.71,7754.37,859
0314,St. Hanshaugen,2011,6,1246,1280,1327,47,3982084,3195.89,9385.03,7759.84,864
0314,St. Hanshaugen,2011,7,1280,1215,1336,121,4098615,3202.04,9334.42,7842.7,893
0314,St. Hanshaugen,2011,8,1215,1228,1268,40,3917512,3224.29,9757.11,7804.1,788
0314,St. Hanshaugen,2011,9,1228,1232,1299,67,3977221,3238.78,9678.75,7862.1,809
0314,St. Hanshaugen,2011,10,1232,1206,1305,99,3971645,3223.74,9804.27,7889.66,815
0314,St. Hanshaugen,2011,11,1206,1223,1255,32,3907526,3240.07,9820.78,7928.97,807
0314,St. Hanshaugen,2011,12,1223,1230,1279,49,3950390,3230.08,9805.98,7930.61,820
0314,St. Hanshaugen,2012,1,1230,1220,1301,81,3978187,3234.3,9761.54,7936.12,827
0314,St. Hanshaugen,2012,2,1220,1253,1296,43,3946400,3234.75,9752.44,7969.36,837
0314,St. Hanshaugen,2012,3,1253,1271,1321,50,4053749,3235.23,9667.89,7986.61,864
0314,St. Hanshaugen,2012,4,1271,1284,1328,44,4131994,3250.98,9570.7,7987.55,882
0314,St. Hanshaugen,2012,5,1284,1286,1344,58,4168519,3246.51,9570.63,8004.44,899
0314,St. Hanshaugen,2012,6,1286,1297,1346,49,4190254,3258.36,9534.55,8020.92,910
0314,St. Hanshaugen,2012,7,1297,1225,1367,142,4229150,3260.72,9488.3,8054.67,926
0314,St. Hanshaugen,2012,8,1225,1231,1308,77,3843370,3137.44,10328.87,8085.82,877
0314,St. Hanshaugen,2012,9,1231,1233,1329,96,3871774,3145.23,10342.7,8112.32,888
0314,St. Hanshaugen,2012,10,1233,1258,1323,65,3870029,3138.71,10299.63,8122.49,893
0314,St. Hanshaugen,2012,11,1258,1274,1335,61,3963207,3150.4,10235.06,8152.33,922
0314,St. Hanshaugen,2012,12,1274,1275,1331,56,4019722,3155.2,10213.5,8193.46,943
0314,St. Hanshaugen,2013,1,1275,1267,1342,75,4024518,3156.48,10197.58,8224.4,952
0314,St. Hanshaugen,2013,2,1267,1175,1336,161,3971815,3134.82,10259.71,8235.49,949
0314,St. Hanshaugen,2013,3,1175,1231,1286,55,3705511,3153.63,10242.04,8313.81,885
0314,St. Hanshaugen,2013,4,1231,1262,1324,62,3879281,3151.32,10140.59,8317.29,929
0314,St. Hanshaugen,2013,5,1262,1309,1371,62,3996328,3166.66,9964.74,8317.68,957
0314,St. Hanshaugen,2013,6,1309,1331,1382,51,4168868,3184.77,9888.29,8409.88,1003
0314,St. Hanshaugen,2013,7,1331,1254,1379,125,4246428,3190.4,9851.91,8435.02,1023
0314,St. Hanshaugen,2013,8,1254,1254,1331,77,3882133,3095.8,10375.85,8434.92,972
0314,St. Hanshaugen,2013,9,1254,1272,1318,46,3866161,3083.06,10349.51,8458.46,976
0314,St. Hanshaugen,2013,10,1272,1268,1339,71,3918801,3080.82,10343.64,8462.3,998
0314,St. Hanshaugen,2013,11,1268,1309,1360,51,3905861,3080.33,10439.53,8500.04,993
0314,St. Hanshaugen,2013,12,1309,1319,1373,54,4027916,3077.09,10383.3,8522.06,1034
0314,St. Hanshaugen,2014,1,1319,1289,1377,88,4059603,3077.79,10320.37,8548.9,1047
0314,St. Hanshaugen,2014,2,1289,1297,1358,61,4093733,3175.9,10282.7,8591.31,1023
0314,St. Hanshaugen,2014,3,1297,1311,1370,59,4125872,3181.09,10207.21,8579.78,1028
0314,St. Hanshaugen,2014,4,1311,1312,1369,57,4158987,3172.38,10238.22,8593.24,1040
0314,St. Hanshaugen,2014,5,1312,1330,1378,48,4158483,3169.58,10212.34,8646.19,1046
0314,St. Hanshaugen,2014,6,1330,1352,1410,58,4219734,3172.73,10218.57,8668.15,1064
0314,St. Hanshaugen,2014,7,1352,1270,1400,130,4286353,3170.38,10066.08,8637.24,1079
0314,St. Hanshaugen,2014,8,1270,1269,1336,67,3873763,3050.21,10532.2,8689.53,1019
0314,St. Hanshaugen,2014,9,1269,1279,1344,65,3884510,3061.08,10483.11,8701.25,1025
0314,St. Hanshaugen,2014,10,1279,1269,1340,71,3923708,3067.79,10392.12,8746.03,1041
0314,St. Hanshaugen,2014,11,1269,1300,1348,48,3877175,3055.3,10445.86,8776.1,1036
0314,St. Hanshaugen,2014,12,1300,1283,1338,55,3993651,3072.04,10331.68,8820.1,1067
0314,St. Hanshaugen,2015,1,1283,1206,1330,124,3940297,3071.16,10321.98,8853.95,1056
0314,St. Hanshaugen,2015,2,1206,1240,1291,51,3769080,3125.27,10420.73,8842.81,955
0314,St. Hanshaugen,2015,3,1240,1268,1325,57,3890134,3137.2,10377.02,8886.22,988
0314,St. Hanshaugen,2015,4,1268,1278,1336,58,3987845,3144.99,10318.0,8881.39,1012
0314,St. Hanshaugen,2015,5,1278,1278,1333,55,4017659,3143.71,10281.75,8866.67,1019
0314,St. Hanshaugen,2015,6,1278,1273,1337,64,4024523,3149.08,10205.62,8882.72,1018
0314,St. Hanshaugen,2015,7,1273,1177,1315,138,4022593,3159.93,10086.18,8897.1,1013
0314,St. Hanshaugen,2015,8,1177,1208,1263,55,3631404,3085.31,10458.93,8895.93,941
0314,St. Hanshaugen,2015,9,1208,1194,1280,86,3743568,3098.98,10399.76,8944.35,969
0314,St. Hanshaugen,2015,10,1194,1200,1250,50,3694749,3094.43,10392.65,8953.76,957
0314,St. Hanshaugen,2015,11,1200,1194,1256,62,3730598,3108.83,10359.87,8977.06,969
0314,St. Hanshaugen,2015,12,1194,1213,1260,47,3724347,3119.22,10325.36,9029.16,974
0314,St. Hanshaugen,2016,1,1213,1162,1276,114,3793212,3127.13,10305.73,9094.47,995
0314,St. Hanshaugen,2016,2,1162,1188,1245,57,3736728,3215.77,10373.86,9126.35,949
0314,St. Hanshaugen,2016,3,1188,1218,1255,37,3833645,3226.97,10301.23,9105.84,970
0314,St. Hanshaugen,2016,4,1218,1237,1294,57,3934799,3230.54,10317.81,9101.6,990
0314,St. Hanshaugen,2016,5,1237,1258,1306,48,4017059,3247.42,10276.11,9161.62,1011
0314,St. Hanshaugen,2016,6,1258,1262,1318,56,4115117,3271.16,10121.26,9213.57,1029
0314,St. Hanshaugen,2016,7,1262,1169,1326,157,4125054,3268.66,10149.63,9236.24,1031
0314,St. Hanshaugen,2016,8,1169,1178,1239,61,3755679,3212.73,10167.17,9240.48,955
0314,St. Hanshaugen,2016,9,1178,1200,1277,77,3803745,3228.99,10023.01,9296.4,966
0314,St. Hanshaugen,2016,10,1200,1217,1265,48,3893467,3244.56,10045.2,9375.86,994
0314,St. Hanshaugen,2016,11,1217,1227,1281,54,3973584,3265.06,9898.01,9441.26,1016
0314,St. Hanshaugen,2016,12,1227,1234,1280,46,4003528,3262.86,9938.79,9435.8,1024
0314,St. Hanshaugen,2017,1,1234,930,1303,373,4041152,3274.84,9869.94,9409.0,1031
0314,St. Hanshaugen,2017,2,930,1069,1357,288,3162382,3400.41,9303.7,9501.57,776
0314,St. Hanshaugen,2017,3,1069,1095,1404,309,3603223,3370.65,9762.96,9459.34,894
0314,St. Hanshaugen,2017,4,1095,1119,1295,176,3599783,3287.47,9973.63,9400.71,906
0314,St. Hanshaugen,2017,5,1119,1010,1287,277,3686944,3294.86,9869.12,9390.9,924
0314,St. Hanshaugen,2017,6,1010,1075,1299,224,3339760,3306.69,9502.35,9453.28,833
0314,St. Hanshaugen,2017,7,1075,1043,1280,237,3622314,3369.59,10076.65,9387.41,865
0314,St. Hanshaugen,2017,8,1043,1081,1313,232,3561246,3414.43,9697.3,9495.23,837
0314,St. Hanshaugen,2017,9,1081,1116,1314,198,3670345,3395.32,9807.84,9480.6,863
0314,St. Hanshaugen,2017,10,1116,1056,1318,262,3789289,3395.42,9914.23,9495.93,896
0314,St. Hanshaugen,2017,11,1056,1121,1322,201,3591788,3401.31,9719.39,9628.72,862
0314,St. Hanshaugen,2017,12,1121,1146,1311,165,3742938,3338.93,10254.71,9520.23,906
0314,St. Hanshaugen,2018,1,1146,1081,1353,272,3849222,3358.83,10166.67,9600.65,937
0314,St. Hanshaugen,2018,2,1081,1179,1355,176,3620865,3349.55,9822.17,9658.76,885
0314,St. Hanshaugen,2018,3,1179,1195,1381,186,3942334,3343.79,10268.88,9654.52,969
0314,St. Hanshaugen,2018,4,1195,1134,1392,258,4010049,3355.69,10275.62,9642.64,986
0314,St. Hanshaugen,2018,5,1134,1167,1423,256,3786918,3339.43,10023.1,9770.28,938
0314,St. Hanshaugen,2018,6,1167,1131,1405,274,3915616,3355.28,10055.71,9744.96,970
0314,St. Hanshaugen,2018,7,1131,1086,1418,332,3720652,3289.7,10614.46,9742.82,923
0314,St. Hanshaugen,2018,8,1086,1154,1406,252,3741621,3445.32,9785.37,9847.0,892
0314,St. Hanshaugen,2018,9,1154,1169,1390,221,3923762,3400.14,10178.39,9763.98,947
0314,St. Hanshaugen,2018,10,1169,1067,1430,363,3998523,3420.46,9920.27,9784.8,966
0314,St. Hanshaugen,2018,11,1067,1155,1403,248,3663487,3433.45,9711.12,9961.88,885
0314,St. Hanshaugen,2018,12,1155,1078,1371,293,3969175,3436.52,9984.58,9881.59,961
0314,St. Hanshaugen,2019,1,1078,1149,1379,230,3732551,3462.48,9559.86,10007.92,904
0314,St. Hanshaugen,2019,2,1149,1132,1365,233,4007066,3487.44,9721.7,9940.66,948
0314,St. Hanshaugen,2019,3,1132,1129,1344,215,3953077,3492.12,9971.96,10033.3,953
0314,St. Hanshaugen,2019,4,1129,1032,1327,295,3915256,3467.9,10027.32,9989.29,944
0314,St. Hanshaugen,2019,5,1032,1089,1321,232,3636767,3524.0,9409.98,10090.45,870
0314,St. Hanshaugen,2019,6,1089,1070,1294,224,3733571,3428.44,9960.16,9973.38,911
0314,St. Hanshaugen,2019,7,1070,1034,1277,243,3647096,3408.5,10385.85,9910.94,865
0314,St. Hanshaugen,2019,8,1034,1091,1286,195,3733847,3611.07,9886.36,10028.65,833
0314,St. Hanshaugen,2019,9,1091,1041,1307,266,3888448,3564.11,10283.8,10031.91,886
0314,St. Hanshaugen,2019,10,1041,1072,1301,229,3730964,3584.02,10210.07,10114.94,850
0314,St. Hanshaugen,2019,11,1072,1104,1298,194,3779000,3525.19,10609.56,10069.85,877
0314,St. Hanshaugen,2019,12,1104,1018,1272,254,3925453,3555.66,10558.19,10047.72,903
0314,St. Hanshaugen,2020,1,1018,1096,1279,183,3623419,3559.35,10200.79,10042.34,830
0314,St. Hanshaugen,2020,2,1096,1092,1280,188,3892361,3551.42,10420.56,10070.34,896
0314,St. Hanshaugen,2020,3,1092,1028,1293,265,3916670,3586.69,10496.49,10202.67,907
0314,St. Hanshaugen,2020,4,1028,1173,1344,171,3728468,3626.91,9966.41,10284.86,860
0314,St. Hanshaugen,2020,5,1173,1160,1396,236,5058249,4312.23,10628.52,10344.7,756
0314,St. Hanshaugen,2020,6,1160,1111,1416,305,4946287,4264.04,10763.68,10407.4,757
0314,St. Hanshaugen,2020,7,1111,1199,1413,214,4744495,4270.47,11318.91,10310.85,674
0314,St. Hanshaugen,2020,8,1199,1176,1418,242,5169265,4311.31,11230.31,10338.32,725
0314,St. Hanshaugen,2020,9,1176,1230,1422,192,4915400,4179.76,11890.89,10402.88,722
0314,St. Hanshaugen,2020,10,1230,1247,1430,183,5200192,4227.8,11877.08,10385.41,758
0314,St. Hanshaugen,2020,11,1247,1079,1444,365,5211139,4178.94,12011.55,10385.32,765
0314,St. Hanshaugen,2020,12,1079,1146,1432,286,3948827,3659.71,10753.33,10304.66,879
0314,St. Hanshaugen,2021,1,1146,1211,1511,300,4134118,3607.43,11018.69,10236.42,923
0314,St. Hanshaugen,2021,2,1211,1213,1424,211,4215090,3480.67,11487.41,10305.35,986
0314,St. Hanshaugen,2021,3,1213,1102,1445,343,4221363,3480.1,11468.67,10341.93,989
0314,St. Hanshaugen,2021,4,1102,1217,1442,225,3778836,3429.07,11455.74,10338.61,903
0314,St. Hanshaugen,2021,5,1217,1052,1434,382,4202551,3453.21,11850.55,10356.1,1002
0314,St. Hanshaugen,2021,6,1052,1005,1392,387,3500495,3327.47,11888.73,10475.06,878
0314,St. Hanshaugen,2021,7,1005,1101,1362,261,3563788,3546.06,12118.86,10345.34,786
0314,St. Hanshaugen,2021,8,1101,1000,1336,336,3953663,3590.97,11940.16,10290.11,849
0314,St. Hanshaugen,2021,9,1000,1073,1283,210,3566322,3566.32,11820.8,10347.32,773
0314,St. Hanshaugen,2021,10,1073,1066,1281,215,3836747,3575.72,12213.81,10391.81,835
0314,St. Hanshaugen,2021,11,1066,989,1278,289,3825401,3588.56,12187.01,10460.72,837
0314,St. Hanshaugen,2021,12,989,1137,1334,197,3525480,3564.69,12146.8,10584.93,791
0314,St. Hanshaugen,2022,1,1137,1194,1399,205,4111804,3616.36,13619.64,10639.53,922
0314,St. Hanshaugen,2022,2,1194,1247,1454,207,4274472,3579.96,14170.89,10729.79,955
0314,St. Hanshaugen,2022,3,1247,1243,1487,244,4591977,3682.42,13886.17,10734.87,1003
0314,St. Hanshaugen,2022,4,1243,1262,1512,250,4448976,3579.22,14152.69,10728.17,1001
0314,St. Hanshaugen,2022,5,1262,1217,1499,282,4577908,3627.5,13790.36,10732.89,1020
0314,St. Hanshaugen,2022,6,1217,1149,1482,333,4266404,3505.67,14147.97,10782.95,996
0314,St. Hanshaugen,2022,7,1149,1261,1467,206,4010954,3490.82,15239.2,10829.77,941
0314,St. Hanshaugen,2022,8,1261,1215,1495,280,4491688,3562.0,14712.8,10837.91,1020
0314,St. Hanshaugen,2022,9,1215,1260,1489,229,4195116,3452.77,14985.51,10924.56,1002
0314,St. Hanshaugen,2022,10,1260,1261,1517,256,4522363,3589.18,14670.34,10884.4,1031
0314,St. Hanshaugen,2022,11,1261,1317,1544,227,4389143,3480.68,15195.49,10974.36,1046
0314,St. Hanshaugen,2022,12,1317,1333,1597,264,4683539,3556.22,15093.85,11072.11,1091
0314,St. Hanshaugen,2023,1,1333,1299,1606,307,4701593,3527.08,15181.02,11080.32,1099
0314,St. Hanshaugen,2023,2,1299,1386,1629,243,4469428,3440.67,15327.71,11240.39,1096
0314,St. Hanshaugen,2023,3,1386,1381,1632,251,4880502,3521.29,15427.5,11250.14,1162
0314,St. Hanshaugen,2023,4,1381,1421,1652,231,4858716,3518.26,15485.7,11266.73,1163
0314,St. Hanshaugen,2023,5,1421,1310,1639,329,4985363,3508.35,15552.59,11313.79,1194
0314,St. Hanshaugen,2023,6,1310,1303,1617,314,4390096,3351.22,16208.96,11408.38,1117
0314,St. Hanshaugen,2023,7,1303,1329,1623,294,4739831,3637.63,15923.05,11434.62,1080
0314,St. Hanshaugen,2023,8,1329,1400,1584,184,4505372,3390.05,16971.64,11657.19,1111
0314,St. Hanshaugen,2023,9,1400,1385,1594,209,4961538,3543.96,16420.67,11648.56,1178
0314,St. Hanshaugen,2023,10,1385,1334,1620,286,4911396,3546.13,16499.57,11670.68,1156
0314,St. Hanshaugen,2023,11,1334,1420,1622,202,4536957,3401.02,16981.73,11714.06,1119
0314,St. Hanshaugen,2023,12,1420,1428,1630,202,4944095,3481.76,16828.35,11732.93,1186
0314,St. Hanshaugen,2024,1,1428,1410,1671,261,4966259,3477.77,16952.72,11855.45,1200
0314,St. Hanshaugen,2024,2,1410,1512,1690,178,4632504,3285.46,17470.3,11911.9,1188
0314,St. Hanshaugen,2024,3,1512,1534,1720,186,5286382,3496.28,16789.62,11926.81,1268
0314,St. Hanshaugen,2024,4,1534,1113,1722,609,5384233,3509.93,16728.32,11994.93,1293
0314,St. Hanshaugen,2024,5,1113,1209,1715,506,4099352,3683.16,14332.75,11967.4,930
0314,St. Hanshaugen,2024,6,1209,1178,1740,562,4347799,3596.19,14634.76,11904.3,995
0314,St. Hanshaugen,2024,7,1178,1283,1739,456,4610206,3913.59,14405.64,11978.92,943
0314,St. Hanshaugen,2024,8,1283,1311,1549,238,4763206,3712.55,16296.55,12077.03,989
0314,St. Hanshaugen,2024,9,1311,1209,1609,400,4932360,3762.29,16269.46,12162.2,1023
0314,St. Hanshaugen,2024,10,1209,1283,1619,336,4594858,3800.54,15858.6,12460.87,965
0314,St. Hanshaugen,2024,11,1283,1304,1535,231,4888206,3809.98,16210.3,12509.42,1033
0314,St. Hanshaugen,2024,12,1304,1198,1493,295,4953846,3798.96,16239.27,12473.25,1046
0314,St. Hanshaugen,2025,1,1198,1335,1537,202,4559208,3805.68,16064.78,12516.49,962
0314,St. Hanshaugen,2025,2,1335,1351,1527,176,5134752,3846.26,15902.92,12586.11,1075
0314,St. Hanshaugen,2025,3,1351,1357,1557,200,5195263,3845.49,15978.88,12642.97,1096
0314,St. Hanshaugen,2025,4,1357,1366,1564,198,5182955,3819.42,15900.75,12656.55,1107
0314,St. Hanshaugen,2025,5,1366,1319,1567,248,5240932,3836.7,15890.84,12718.13,1116
0314,St. Hanshaugen,2025,6,1319,1191,1553,362,5066197,3840.94,15780.05,12771.39,1078
0314,St. Hanshaugen,2025,7,1191,1218,1547,329,5171342,4342.02,14691.73,12869.0,921
0314,St. Hanshaugen,2025,8,1218,1216,1520,304,5082785,4173.06,15555.75,12976.79,956
0314,St. Hanshaugen,2025,9,1216,1204,1454,250,5143867,4230.15,15195.72,13001.25,958
0314,St. Hanshaugen,2025,10,1204,1201,1452,251,5075442,4215.48,15589.0,13077.51,955
0314,St. Hanshaugen,2025,11,1201,1202,1446,244,5019675,4179.58,15702.15,13054.98,948
0314,St. Hanshaugen,2025,12,1202,1188,1410,222,5032139,4186.47,15832.45,13140.39,958
0314,St. Hanshaugen,2026,1,1188,1221,1411,190,5006810,4214.49,15574.26,13163.74,942
0314,St. Hanshaugen,2026,2,1221,1223,1417,194,5201599,4260.11,15471.36,13279.88,976
0314,St. Hanshaugen,2026,3,1223,1247,1445,198,5204703,4255.69,15476.47,13359.49,985
0314,St. Hanshaugen,2026,4,1247,1234,1441,207,5270420,4226.48,15511.31,13360.8,1002
0314,St. Hanshaugen,2026,5,1234,1189,1505,316,5207553,4220.06,15433.67,13428.74,991
0314,St. Hanshaugen,2026,6,1189,1153,1546,393,5047753,4245.38,15583.6,13469.89,959
0314,St. Hanshaugen,2026,7,1153,0,0,0,5210862,4519.39,15211.09,13641.85,905
0315,Frogner,2010,1,0,1075,1160,85,0,,,,0
0315,Frogner,2010,2,1075,1133,1186,53,3376118,3140.57,9301.05,7408.27,615
0315,Frogner,2010,3,1133,1130,1170,40,3539651,3124.14,9275.88,7441.01,657
0315,Frogner,2010,4,1130,1134,1174,40,3551302,3142.75,9199.66,7488.93,662
0315,Frogner,2010,5,1134,1160,1201,41,3571674,3149.62,9186.98,7530.0,676
0315,Frogner,2010,6,1160,1179,1208,29,3652207,3148.45,9147.51,7565.58,701
0315,Frogner,2010,7,1179,1123,1207,84,3708913,3145.81,9192.08,7598.6,720
0315,Frogner,2010,8,1123,1149,1185,36,3409189,3035.79,10482.25,7599.43,688
0315,Frogner,2010,9,1149,1158,1204,46,3484490,3032.63,10492.91,7649.74,714
0315,Frogner,2010,10,1158,1133,1217,84,3507212,3028.68,10467.01,7658.59,723
0315,Frogner,2010,11,1133,1151,1190,39,3400789,3001.58,10695.58,7657.64,712
0315,Frogner,2010,12,1151,1149,1185,36,3450134,2997.51,10715.07,7670.86,730
0315,Frogner,2011,1,1149,1128,1216,88,3442229,2995.85,10666.49,7694.73,735
0315,Frogner,2011,2,1128,1177,1261,84,3380391,2996.8,10612.51,7809.89,724
0315,Frogner,2011,3,1177,1206,1258,52,3528138,2997.57,10621.57,7910.95,778
0315,Frogner,2011,4,1206,1218,1257,39,3611519,2994.63,10602.4,7930.53,804
0315,Frogner,2011,5,1218,1224,1267,43,3658734,3003.89,10584.68,7950.32,816
0315,Frogner,2011,6,1224,1224,1266,42,3683017,3009.0,10514.29,7868.99,819
0315,Frogner,2011,7,1224,1146,1279,133,3676399,3003.59,10561.53,7895.69,821
0315,Frogner,2011,8,1146,1166,1218,52,3450367,3010.79,11032.99,7903.94,741
0315,Frogner,2011,9,1166,1184,1240,56,3507656,3008.28,10999.63,7946.27,761
0315,Frogner,2011,10,1184,1182,1256,74,3557392,3004.55,11006.77,7991.33,782
0315,Frogner,2011,11,1182,1185,1246,61,3561308,3012.95,10874.41,7976.32,788
0315,Frogner,2011,12,1185,1216,1252,36,3582579,3023.27,10835.47,7987.04,794
0315,Frogner,2012,1,1216,1186,1266,80,3664097,3013.24,10837.65,8013.07,823
0315,Frogner,2012,2,1186,1216,1258,42,3597648,3033.43,10818.39,8082.47,816
0315,Frogner,2012,3,1216,1236,1290,54,3699860,3042.65,10719.67,8113.53,845
0315,Frogner,2012,4,1236,1252,1292,40,3773187,3052.74,10645.9,8160.48,866
0315,Frogner,2012,5,1252,1239,1299,60,3833622,3062.0,10579.59,8192.44,885
0315,Frogner,2012,6,1239,1265,1302,37,3806768,3072.45,10544.22,8230.36,882
0315,Frogner,2012,7,1265,1158,1305,147,3886715,3072.5,10523.47,8254.31,901
0315,Frogner,2012,8,1158,1178,1219,41,3415917,2949.84,11244.86,8329.05,837
0315,Frogner,2012,9,1178,1174,1226,52,3472611,2947.89,11270.21,8368.77,858
0315,Frogner,2012,10,1174,1176,1214,38,3480515,2964.66,11191.17,8347.81,858
0315,Frogner,2012,11,1176,1198,1244,46,3485892,2964.19,11225.54,8399.38,865
0315,Frogner,2012,12,1198,1204,1237,33,3560668,2972.18,11180.0,8460.64,892
0315,Frogner,2013,1,1204,1193,1257,64,3580914,2974.18,11188.33,8527.07,902
0315,Frogner,2013,2,1193,1106,1238,132,3567500,2990.36,11048.92,8565.89,904
0315,Frogner,2013,3,1106,1137,1169,32,3300585,2984.25,11220.43,8583.27,840
0315,Frogner,2013,4,1137,1177,1218,41,3403247,2993.18,11121.06,8614.04,875
0315,Frogner,2013,5,1177,1194,1233,39,3544590,3011.55,10963.96,8616.77,909
0315,Frogner,2013,6,1194,1212,1249,37,3609500,3023.03,10852.26,8641.52,926
0315,Frogner,2013,7,1212,1120,1244,124,3667669,3026.13,10819.21,8677.51,942
0315,Frogner,2013,8,1120,1114,1189,75,3257621,2908.59,11534.56,8717.97,879
0315,Frogner,2013,9,1114,1141,1186,45,3258108,2924.69,11398.12,8707.52,879
0315,Frogner,2013,10,1141,1144,1208,64,3336982,2924.61,11389.29,8699.44,902
0315,Frogner,2013,11,1144,1178,1222,44,3358016,2935.33,11312.09,8738.18,907
0315,Frogner,2013,12,1178,1197,1245,48,3481157,2955.14,11156.21,8793.12,941
0315,Frogner,2014,1,1197,1179,1250,71,3548088,2964.15,11126.25,8843.71,967
0315,Frogner,2014,2,1179,1217,1274,57,3572815,3030.38,11162.29,8860.16,943
0315,Frogner,2014,3,1217,1233,1281,48,3694803,3035.99,11135.65,8880.49,980
0315,Frogner,2014,4,1233,1276,1325,49,3761232,3050.47,11041.16,8895.75,997
0315,Frogner,2014,5,1276,1301,1350,49,3899328,3055.9,10982.7,8943.79,1038
0315,Frogner,2014,6,1301,1328,1383,55,3993175,3069.31,10946.83,8948.87,1056
0315,Frogner,2014,7,1328,1241,1365,124,4088705,3078.84,10809.67,8961.38,1082
0315,Frogner,2014,8,1241,1249,1315,66,3653714,2944.17,11367.59,9034.88,1030
0315,Frogner,2014,9,1249,1266,1319,53,3703100,2964.85,11207.91,9070.75,1046
0315,Frogner,2014,10,1266,1285,1360,75,3760380,2970.28,11137.34,9130.62,1063
0315,Frogner,2014,11,1285,1310,1364,54,3836305,2985.45,11122.45,9226.06,1086
0315,Frogner,2014,12,1310,1302,1354,52,3912231,2986.44,10978.88,9242.76,1105
0315,Frogner,2015,1,1302,1246,1354,108,3896892,2993.0,10945.54,9266.19,1101
0315,Frogner,2015,2,1246,1272,1333,61,3842381,3083.77,11055.48,9352.77,1020
0315,Frogner,2015,3,1272,1301,1353,52,3922382,3083.63,10994.74,9366.3,1045
0315,Frogner,2015,4,1301,1312,1363,51,4035638,3101.95,10826.13,9415.09,1076
0315,Frogner,2015,5,1312,1329,1362,33,4085067,3113.62,10714.5,9462.34,1096
0315,Frogner,2015,6,1329,1334,1383,49,4153468,3125.26,10650.74,9522.57,1116
0315,Frogner,2015,7,1334,1234,1370,136,4160054,3118.48,10637.94,9530.99,1118
0315,Frogner,2015,8,1234,1256,1304,48,3776416,3060.3,10862.05,9589.44,1043
0315,Frogner,2015,9,1256,1247,1323,76,3854005,3068.48,10857.8,9651.66,1068
0315,Frogner,2015,10,1247,1253,1319,66,3838724,3078.37,10789.6,9633.2,1063
0315,Frogner,2015,11,1253,1281,1331,50,3847710,3070.8,10794.43,9599.14,1068
0315,Frogner,2015,12,1281,1281,1329,48,3962143,3093.01,10594.98,9580.97,1085
0315,Frogner,2016,1,1281,1262,1353,91,3953781,3086.48,10635.03,9570.57,1084
0315,Frogner,2016,2,1262,1288,1341,53,4087970,3239.28,10579.16,9627.6,1066
0315,Frogner,2016,3,1288,1312,1364,52,4182399,3247.2,10474.72,9635.37,1088
0315,Frogner,2016,4,1312,1337,1385,48,4283356,3264.75,10381.31,9658.86,1113
0315,Frogner,2016,5,1337,1347,1394,47,4361647,3262.26,10332.41,9699.24,1137
0315,Frogner,2016,6,1347,1364,1415,51,4420032,3281.39,10195.16,9704.34,1149
0315,Frogner,2016,7,1364,1240,1424,184,4470776,3277.7,10087.1,9683.38,1164
0315,Frogner,2016,8,1240,1290,1367,77,3935990,3174.19,10502.23,9646.72,1059
0315,Frogner,2016,9,1290,1301,1377,76,4120203,3193.96,10444.15,9786.13,1113
0315,Frogner,2016,10,1301,1310,1371,61,4164516,3201.01,10415.27,9833.83,1123
0315,Frogner,2016,11,1310,1334,1394,60,4201900,3207.56,10430.08,9893.6,1133
0315,Frogner,2016,12,1334,1355,1411,56,4307582,3229.07,10200.88,9913.01,1160
0315,Frogner,2017,1,1355,1093,1452,359,4403614,3249.9,10120.91,9953.98,1180
0315,Frogner,2017,2,1093,1198,1503,305,3595934,3289.97,9991.98,9992.07,943
0315,Frogner,2017,3,1198,1220,1555,335,3943751,3291.95,10143.4,9984.08,1043
0315,Frogner,2017,4,1220,1244,1455,211,4055393,3324.09,9986.17,9932.03,1057
0315,Frogner,2017,5,1244,1132,1431,299,4110178,3304.0,10097.67,9952.14,1073
0315,Frogner,2017,6,1132,1211,1447,236,3731985,3296.81,9679.84,10031.58,978
0315,Frogner,2017,7,1211,1175,1449,274,4110217,3394.07,10285.5,9991.96,1031
0315,Frogner,2017,8,1175,1223,1454,231,3998435,3402.92,10081.94,10026.17,997
0315,Frogner,2017,9,1223,1239,1439,200,4198989,3433.35,10080.49,10027.32,1042
0315,Frogner,2017,10,1239,1148,1455,307,4170272,3365.84,10604.25,10060.0,1063
0315,Frogner,2017,11,1148,1237,1457,220,3855984,3358.87,10427.88,10140.97,984
0315,Frogner,2017,12,1237,1254,1449,195,4158727,3361.95,10485.68,10113.51,1058
0315,Frogner,2018,1,1254,1193,1463,270,4238895,3380.3,10492.03,10133.08,1075
0315,Frogner,2018,2,1193,1277,1474,197,3996340,3349.82,10329.89,10186.85,1024
0315,Frogner,2018,3,1277,1300,1497,197,4269521,3343.4,10711.79,10170.55,1097
0315,Frogner,2018,4,1300,1207,1512,305,4389125,3376.25,10449.72,10169.21,1111
0315,Frogner,2018,5,1207,1295,1530,235,4050985,3356.24,10229.65,10182.01,1032
0315,Frogner,2018,6,1295,1200,1527,327,4302924,3322.72,10602.46,10163.74,1109
0315,Frogner,2018,7,1200,1165,1500,335,3969678,3308.07,10712.44,10194.04,1023
0315,Frogner,2018,8,1165,1233,1490,257,4012332,3444.06,9948.4,10208.8,988
0315,Frogner,2018,9,1233,1265,1473,208,4266666,3460.39,10048.39,10177.69,1047
0315,Frogner,2018,10,1265,1124,1508,384,4347753,3436.96,10360.52,10233.21,1074
0315,Frogner,2018,11,1124,1249,1466,217,3922474,3489.75,9632.18,10217.21,945
0315,Frogner,2018,12,1249,1170,1454,284,4295921,3439.49,10111.52,10190.61,1051
0315,Frogner,2019,1,1170,1272,1474,202,4044832,3457.12,9727.12,10180.63,983
0315,Frogner,2019,2,1272,1285,1512,227,4433854,3485.73,9918.56,10270.35,1082
0315,Frogner,2019,3,1285,1331,1511,180,4477698,3484.59,10011.4,10243.85,1087
0315,Frogner,2019,4,1331,1194,1517,323,4622337,3472.83,10099.9,10278.09,1128
0315,Frogner,2019,5,1194,1278,1526,248,4232822,3545.08,9492.43,10363.14,1020
0315,Frogner,2019,6,1278,1238,1511,273,4436283,3471.27,9943.42,10343.46,1095
0315,Frogner,2019,7,1238,1176,1471,295,4319454,3489.06,10085.72,10292.76,1028
0315,Frogner,2019,8,1176,1239,1448,209,4355291,3703.48,9634.45,10349.46,969
0315,Frogner,2019,9,1239,1166,1472,306,4566625,3685.73,9926.23,10369.57,1024
0315,Frogner,2019,10,1166,1202,1441,239,4284245,3674.31,10075.41,10516.48,975
0315,Frogner,2019,11,1202,1227,1461,234,4388755,3651.21,10257.29,10486.58,1002
0315,Frogner,2019,12,1227,1132,1444,312,4501866,3669.0,10417.59,10482.07,1031
0315,Frogner,2020,1,1132,1233,1433,200,4204347,3714.09,9957.86,10571.06,960
0315,Frogner,2020,2,1233,1211,1433,222,4488505,3640.31,10364.93,10532.7,1035
0315,Frogner,2020,3,1211,1148,1476,328,4452689,3676.87,10267.38,10548.9,1014
0315,Frogner,2020,4,1148,1330,1517,187,4212585,3669.5,10085.45,10665.38,966
0315,Frogner,2020,5,1330,1320,1585,265,5833021,4385.73,10584.65,10676.59,902
0315,Frogner,2020,6,1320,1246,1597,351,5696522,4315.55,10674.53,10708.19,904
0315,Frogner,2020,7,1246,1379,1618,239,5468555,4388.89,11027.91,10697.39,800
0315,Frogner,2020,8,1379,1339,1626,287,5991128,4344.55,11217.16,10636.21,878
0315,Frogner,2020,9,1339,1380,1609,229,5686043,4246.48,11370.76,10718.66,861
0315,Frogner,2020,10,1380,1391,1624,233,5881570,4262.01,11426.04,10707.84,902
0315,Frogner,2020,11,1391,1203,1615,412,5873174,4222.27,11718.76,10695.37,903
0315,Frogner,2020,12,1203,1249,1584,335,4434829,3686.47,10333.94,10639.74,1001
0315,Frogner,2021,1,1249,1295,1630,335,4572397,3660.85,10584.89,10621.08,1038
0315,Frogner,2021,2,1295,1325,1564,239,4522264,3492.1,11495.97,10651.81,1088
0315,Frogner,2021,3,1325,1184,1582,398,4610983,3479.99,11618.74,10647.18,1106
0315,Frogner,2021,4,1184,1330,1568,238,4113217,3474.0,11486.95,10822.26,993
0315,Frogner,2021,5,1330,1104,1528,424,4573686,3438.86,12027.17,10732.46,1116
0315,Frogner,2021,6,1104,1074,1488,414,3691553,3343.8,11899.95,10820.1,934
0315,Frogner,2021,7,1074,1180,1456,276,3783917,3523.2,12395.75,10795.17,862
0315,Frogner,2021,8,1180,1065,1442,377,4222068,3578.02,12415.65,10785.17,948
0315,Frogner,2021,9,1065,1118,1378,260,3820033,3586.89,11953.41,10842.54,858
0315,Frogner,2021,10,1118,1130,1349,219,4001107,3578.81,12323.81,10740.55,907
0315,Frogner,2021,11,1130,1012,1346,334,4040115,3575.32,12342.79,10764.16,910
0315,Frogner,2021,12,1012,1215,1423,208,3689378,3645.63,11893.89,10852.2,818
0315,Frogner,2022,1,1215,1284,1539,255,4344838,3576.0,13745.45,10872.29,996
0315,Frogner,2022,2,1284,1356,1607,251,4571938,3560.7,14247.98,10974.31,1041
0315,Frogner,2022,3,1356,1343,1637,294,4920926,3629.0,14248.92,10963.69,1093
0315,Frogner,2022,4,1343,1384,1681,297,4837139,3601.74,14430.16,11033.36,1090
0315,Frogner,2022,5,1384,1329,1636,307,5034723,3637.81,14378.1,11112.09,1137
0315,Frogner,2022,6,1329,1291,1652,361,4656180,3503.52,14521.1,11115.13,1108
0315,Frogner,2022,7,1291,1394,1622,228,4395455,3404.69,15607.2,11116.03,1063
0315,Frogner,2022,8,1394,1363,1691,328,5032257,3609.94,14883.53,11241.01,1157
0315,Frogner,2022,9,1363,1399,1713,314,4715351,3459.54,15237.9,11365.39,1144
0315,Frogner,2022,10,1399,1374,1694,320,5004405,3577.13,15062.01,11323.78,1163
0315,Frogner,2022,11,1374,1470,1751,281,4795818,3490.41,15764.29,11446.96,1165
0315,Frogner,2022,12,1470,1491,1797,306,5134287,3492.71,15997.58,11483.24,1240
0315,Frogner,2023,1,1491,1493,1810,317,5207602,3492.69,15979.25,11472.92,1254
0315,Frogner,2023,2,1493,1571,1831,260,5041543,3376.79,16216.45,11613.17,1271
0315,Frogner,2023,3,1571,1580,1832,252,5471052,3482.53,16171.39,11655.73,1333
0315,Frogner,2023,4,1580,1581,1851,270,5554080,3515.24,16113.72,11719.9,1343
0315,Frogner,2023,5,1581,1454,1848,394,5538395,3503.1,16118.67,11713.0,1340
0315,Frogner,2023,6,1454,1482,1830,348,4862005,3343.88,16669.37,11861.36,1248
0315,Frogner,2023,7,1482,1492,1827,335,5449694,3677.26,15575.7,11840.75,1219
0315,Frogner,2023,8,1492,1559,1793,234,5106248,3422.42,17200.22,11957.1,1241
0315,Frogner,2023,9,1559,1531,1783,252,5518214,3539.59,16808.32,11923.74,1288
0315,Frogner,2023,10,1531,1456,1773,317,5388768,3519.77,16893.46,11972.64,1270
0315,Frogner,2023,11,1456,1545,1807,262,4905585,3369.22,17571.49,12126.02,1222
0315,Frogner,2023,12,1545,1552,1798,246,5440874,3521.6,17003.71,12098.75,1283
0315,Frogner,2024,1,1552,1536,1854,318,5508753,3549.45,16803.45,12144.33,1295
0315,Frogner,2024,2,1536,1621,1851,230,5271612,3432.04,16998.21,12216.85,1289
0315,Frogner,2024,3,1621,1661,1871,210,5669800,3497.72,16961.94,12202.01,1350
0315,Frogner,2024,4,1661,1182,1856,674,5839382,3515.58,16881.29,12315.65,1386
0315,Frogner,2024,5,1182,1260,1832,572,4519962,3823.99,13534.92,12515.42,985
0315,Frogner,2024,6,1260,1294,1881,587,4780721,3794.22,13891.54,12403.47,1042
0315,Frogner,2024,7,1294,1426,1920,494,5393333,4167.95,13338.79,12564.93,1045
0315,Frogner,2024,8,1426,1440,1704,264,5563910,3901.76,15601.16,12478.86,1121
0315,Frogner,2024,9,1440,1313,1767,454,5673043,3939.61,15500.83,12534.2,1146
0315,Frogner,2024,10,1313,1425,1814,389,5180237,3945.34,15426.61,12922.42,1077
0315,Frogner,2024,11,1425,1433,1735,302,5587460,3921.02,15846.3,12951.04,1169
0315,Frogner,2024,12,1433,1328,1710,382,5610575,3915.27,15974.53,12978.33,1184
0315,Frogner,2025,1,1328,1473,1708,235,5245053,3949.59,15892.94,13076.2,1105
0315,Frogner,2025,2,1473,1498,1709,211,5814354,3947.29,16008.24,13123.24,1234
0315,Frogner,2025,3,1498,1509,1724,215,5905118,3942.0,15908.61,13184.05,1261
0315,Frogner,2025,4,1509,1495,1729,234,5921037,3923.82,16022.08,13333.26,1280
0315,Frogner,2025,5,1495,1433,1702,269,5903567,3948.87,15802.21,13315.01,1268
0315,Frogner,2025,6,1433,1293,1692,399,5609124,3914.25,15784.16,13315.5,1215
0315,Frogner,2025,7,1293,1325,1673,348,5855910,4528.93,14272.8,13455.43,1047
0315,Frogner,2025,8,1325,1337,1677,340,5715990,4313.95,15351.57,13543.27,1082
0315,Frogner,2025,9,1337,1332,1624,292,5768076,4314.19,15469.49,13619.09,1091
0315,Frogner,2025,10,1332,1340,1609,269,5725690,4298.57,15676.69,13684.84,1091
0315,Frogner,2025,11,1340,1342,1624,282,5753661,4293.78,15670.79,13754.1,1104
0315,Frogner,2025,12,1342,1333,1593,260,5719610,4262.0,15711.91,13722.7,1098
0315,Frogner,2026,1,1333,1338,1598,260,5690891,4269.24,15766.41,13808.14,1102
0315,Frogner,2026,2,1338,1357,1589,232,5804424,4338.13,15383.05,13894.69,1113
0315,Frogner,2026,3,1357,1348,1564,216,5904253,4350.96,15367.97,14022.88,1143
0315,Frogner,2026,4,1348,1340,1552,212,5802808,4304.75,15456.53,14082.28,1136
0315,Frogner,2026,5,1340,1324,1574,250,5810204,4335.97,15396.14,14123.27,1130
0315,Frogner,2026,6,1324,1265,1592,327,5706205,4309.82,15664.61,14133.56,1119
0315,Frogner,2026,7,1265,0,0,0,5851687,4625.84,15177.89,14206.19,1035
0316,Ullern,2010,1,0,284,315,31,0,,,,0
0316,Ullern,2010,2,284,299,314,15,876907,3087.7,10365.99,7088.95,136
0316,Ullern,2010,3,299,310,320,10,916293,3064.53,10400.43,7155.56,146
0316,Ullern,2010,4,310,324,334,10,942493,3040.3,10469.6,7192.68,154
0316,Ullern,2010,5,324,331,342,11,986036,3043.32,10443.7,7165.94,160
0316,Ullern,2010,6,331,336,347,11,1002906,3029.93,10380.42,7149.96,165
0316,Ullern,2010,7,336,305,347,42,1016983,3026.74,10359.25,7193.89,167
0316,Ullern,2010,8,305,309,317,8,906696,2972.77,11118.29,7189.6,155
0316,Ullern,2010,9,309,309,325,16,918217,2971.58,11153.49,7249.16,158
0316,Ullern,2010,10,309,309,330,21,916548,2966.17,11044.54,7256.06,159
0316,Ullern,2010,11,309,323,343,20,910414,2946.32,11229.3,7256.29,158
0316,Ullern,2010,12,323,329,339,10,951248,2945.04,11245.47,7291.75,164
0316,Ullern,2011,1,329,323,342,19,973584,2959.22,11010.06,7293.47,168
0316,Ullern,2011,2,323,328,340,12,960774,2974.53,10965.76,7353.93,170
0316,Ullern,2011,3,328,333,344,11,974175,2970.05,10994.08,7362.02,174
0316,Ullern,2011,4,333,337,350,13,990542,2974.6,10927.93,7370.21,177
0316,Ullern,2011,5,337,355,364,9,995584,2954.26,11015.04,7442.04,184
0316,Ullern,2011,6,355,361,371,10,1037054,2921.28,11005.31,7414.03,190
0316,Ullern,2011,7,361,331,376,45,1061303,2939.9,10867.93,7467.77,195
0316,Ullern,2011,8,331,333,354,21,981833,2966.26,11404.27,7490.59,165
0316,Ullern,2011,9,333,340,350,10,977695,2936.02,11501.25,7518.09,169
0316,Ullern,2011,10,340,344,366,22,999220,2938.88,11449.05,7593.12,175
0316,Ullern,2011,11,344,348,360,12,1017161,2956.86,11395.71,7573.73,179
0316,Ullern,2011,12,348,341,355,14,1043479,2998.5,11281.35,7641.77,186
0316,Ullern,2012,1,341,332,361,29,1028972,3017.51,11258.55,7670.63,181
0316,Ullern,2012,2,332,328,348,20,1005207,3027.73,11169.7,7683.74,180
0316,Ullern,2012,3,328,341,364,23,1003038,3058.04,11167.75,7723.85,181
0316,Ullern,2012,4,341,348,367,19,1031538,3025.04,11195.46,7761.89,193
0316,Ullern,2012,5,348,347,365,18,1055003,3031.62,11066.21,7728.16,199
0316,Ullern,2012,6,347,352,362,10,1052339,3032.68,11076.09,7685.46,194
0316,Ullern,2012,7,352,318,369,51,1070657,3041.64,11040.6,7728.2,197
0316,Ullern,2012,8,318,326,340,14,919778,2892.38,11912.19,7645.89,176
0316,Ullern,2012,9,326,331,343,12,946272,2902.67,11624.58,7640.19,180
0316,Ullern,2012,10,331,334,349,15,958812,2896.71,11543.9,7714.14,188
0316,Ullern,2012,11,334,334,353,19,969436,2902.5,11561.54,7770.99,192
0316,Ullern,2012,12,334,337,352,15,974218,2916.82,11584.29,7868.38,193
0316,Ullern,2013,1,337,324,343,19,979276,2905.86,11574.76,7874.01,198
0316,Ullern,2013,2,324,305,346,41,944383,2914.76,11573.17,7909.24,189
0316,Ullern,2013,3,305,311,328,17,884763,2900.86,11454.74,7923.16,174
0316,Ullern,2013,4,311,324,342,18,905481,2911.51,11441.02,7984.89,181
0316,Ullern,2013,5,324,324,338,14,948682,2928.03,11314.94,7978.41,192
0316,Ullern,2013,6,324,332,346,14,950937,2934.99,11246.17,7951.19,193
0316,Ullern,2013,7,332,308,351,43,971570,2926.42,11167.16,7978.84,198
0316,Ullern,2013,8,308,306,327,21,881574,2862.25,11387.77,8093.41,187
0316,Ullern,2013,9,306,314,334,20,871244,2847.2,11792.89,8121.08,189
0316,Ullern,2013,10,314,318,335,17,895712,2852.59,11627.99,8180.08,196
0316,Ullern,2013,11,318,323,335,12,915642,2879.38,11687.79,8286.29,206
0316,Ullern,2013,12,323,329,341,12,934435,2892.99,11634.15,8354.06,214
0316,Ullern,2014,1,329,323,350,27,951795,2892.99,11624.14,8371.84,218
0316,Ullern,2014,2,323,325,347,22,956886,2962.5,11549.96,8386.58,211
0316,Ullern,2014,3,325,332,347,15,970475,2986.08,11434.03,8427.06,211
0316,Ullern,2014,4,332,344,355,11,983917,2963.61,11462.81,8412.73,214
0316,Ullern,2014,5,344,342,357,15,1020416,2966.33,11411.12,8513.23,225
0316,Ullern,2014,6,342,347,358,11,1022983,2991.18,11420.69,8613.74,226
0316,Ullern,2014,7,347,303,358,55,1039885,2996.79,11435.38,8663.91,233
0316,Ullern,2014,8,303,301,323,22,886575,2925.99,11629.27,8718.74,207
0316,Ullern,2014,9,301,313,330,17,882317,2931.29,11453.45,8630.23,204
0316,Ullern,2014,10,313,322,342,20,923734,2951.23,11561.58,8696.05,217
0316,Ullern,2014,11,322,329,351,22,953379,2960.8,11395.02,8711.98,221
0316,Ullern,2014,12,329,332,345,13,980307,2979.66,11327.42,8781.91,228
0316,Ullern,2015,1,332,305,350,45,997495,3004.5,11124.99,8821.42,231
0316,Ullern,2015,2,305,317,336,19,919784,3015.69,11359.55,8782.12,200
0316,Ullern,2015,3,317,332,350,18,959382,3026.44,11159.16,8824.18,210
0316,Ullern,2015,4,332,343,363,20,1010673,3044.2,10970.23,8874.69,222
0316,Ullern,2015,5,343,352,365,13,1060745,3092.55,10801.64,8952.65,231
0316,Ullern,2015,6,352,352,370,18,1094626,3109.73,10674.98,8940.88,237
0316,Ullern,2015,7,352,326,368,42,1094965,3110.7,10552.08,8858.44,233
0316,Ullern,2015,8,326,331,343,12,958862,2941.29,11214.32,8730.31,216
0316,Ullern,2015,9,331,322,347,25,985639,2977.76,11131.44,8852.27,225
0316,Ullern,2015,10,322,328,345,17,956598,2970.8,11356.01,9027.08,223
0316,Ullern,2015,11,328,323,333,10,990279,3019.14,11280.77,9146.39,233
0316,Ullern,2015,12,323,326,337,11,983666,3045.41,11193.99,9158.01,230
0316,Ullern,2016,1,326,314,343,29,993994,3049.06,10966.1,9119.93,230
0316,Ullern,2016,2,314,307,329,22,991490,3157.61,11255.09,9094.74,223
0316,Ullern,2016,3,307,333,349,16,964483,3141.64,11377.99,9077.17,223
0316,Ullern,2016,4,333,347,362,15,1059566,3181.88,11276.82,9218.71,245
0316,Ullern,2016,5,347,345,370,25,1116469,3217.49,11006.0,9243.78,258
0316,Ullern,2016,6,345,353,368,15,1123393,3256.21,10887.41,9319.58,264
0316,Ullern,2016,7,353,307,376,69,1151030,3260.71,10823.29,9336.84,268
0316,Ullern,2016,8,307,323,345,22,965701,3145.61,10913.94,9320.0,234
0316,Ullern,2016,9,323,327,348,21,1018356,3152.8,10693.71,9263.5,243
0316,Ullern,2016,10,327,326,350,24,1034225,3162.77,10580.43,9265.69,248
0316,Ullern,2016,11,326,329,343,14,1044889,3205.18,10518.5,9373.84,247
0316,Ullern,2016,12,329,338,349,11,1064830,3236.57,10404.52,9481.69,251
0316,Ullern,2017,1,338,277,379,102,1092088,3231.03,10304.11,9406.65,259
0316,Ullern,2017,2,277,325,405,80,884739,3194.0,11077.07,9275.96,209
0316,Ullern,2017,3,325,319,417,98,1045907,3218.18,11274.97,9326.19,245
0316,Ullern,2017,4,319,326,376,50,1024788,3212.5,10981.05,9357.72,242
0316,Ullern,2017,5,326,279,375,96,1060067,3251.74,11055.38,9463.99,247
0316,Ullern,2017,6,279,318,381,63,907853,3253.95,10387.34,9445.18,214
0316,Ullern,2017,7,318,311,384,73,1067804,3357.87,10477.43,9522.91,243
0316,Ullern,2017,8,311,339,391,52,1062477,3416.32,10059.34,9644.52,238
0316,Ullern,2017,9,339,339,396,57,1135594,3349.83,10474.2,9679.34,261
0316,Ullern,2017,10,339,309,403,94,1134525,3346.68,10744.18,9675.68,259
0316,Ullern,2017,11,309,345,405,60,1024418,3315.27,11268.97,9717.97,242
0316,Ullern,2017,12,345,346,414,68,1131779,3280.52,11365.13,9734.0,266
0316,Ullern,2018,1,346,330,415,85,1126991,3257.2,11657.68,9741.26,267
0316,Ullern,2018,2,330,354,409,55,1099944,3333.16,11129.54,9707.97,257
0316,Ullern,2018,3,354,363,415,52,1167010,3296.64,11506.9,9807.28,281
0316,Ullern,2018,4,363,334,420,86,1225887,3377.1,11259.3,9802.7,291
0316,Ullern,2018,5,334,356,425,69,1116132,3341.71,11441.76,9994.1,273
0316,Ullern,2018,6,356,348,424,76,1166513,3276.72,11459.69,9912.04,288
0316,Ullern,2018,7,348,329,432,103,1152947,3313.07,11428.3,9928.93,277
0316,Ullern,2018,8,329,346,422,76,1104778,3357.99,10919.37,10000.11,263
0316,Ullern,2018,9,346,362,410,48,1175816,3398.31,10983.32,10050.86,279
0316,Ullern,2018,10,362,321,429,108,1217259,3362.59,11220.46,10095.05,294
0316,Ullern,2018,11,321,360,421,61,1093126,3405.38,10433.45,10031.56,261
0316,Ullern,2018,12,360,353,433,80,1207907,3355.3,10813.43,9968.81,297
0316,Ullern,2019,1,353,377,426,49,1208328,3423.03,10426.11,10053.59,291
0316,Ullern,2019,2,377,372,443,71,1295275,3435.74,10668.33,9975.68,310
0316,Ullern,2019,3,372,361,430,69,1293050,3475.94,10872.22,10087.51,314
0316,Ullern,2019,4,361,335,443,108,1253316,3471.79,10561.27,10016.38,302
0316,Ullern,2019,5,335,337,415,78,1179339,3520.41,10237.14,10185.51,288
0316,Ullern,2019,6,337,342,409,67,1165834,3459.45,10752.92,10176.05,287
0316,Ullern,2019,7,342,340,417,77,1184192,3462.55,11122.55,10131.34,279
0316,Ullern,2019,8,340,359,421,62,1258876,3702.58,10371.75,10098.62,271
0316,Ullern,2019,9,359,322,415,93,1339023,3729.87,10414.43,10138.26,291
0316,Ullern,2019,10,322,345,417,72,1192635,3703.84,10366.99,10324.11,270
0316,Ullern,2019,11,345,351,421,70,1244850,3608.26,10865.99,10234.03,281
0316,Ullern,2019,12,351,333,417,84,1277397,3639.31,10877.91,10299.27,288
0316,Ullern,2020,1,333,354,423,69,1216074,3651.87,10492.41,10215.58,270
0316,Ullern,2020,2,354,358,415,57,1325021,3743.0,10544.73,10359.19,288
0316,Ullern,2020,3,358,347,431,84,1323325,3696.44,10654.47,10301.53,292
0316,Ullern,2020,4,347,385,455,70,1285491,3704.59,10489.22,10377.0,283
0316,Ullern,2020,5,385,399,472,73,1652156,4291.31,11316.77,10351.78,241
0316,Ullern,2020,6,399,381,477,96,1735915,4350.66,11073.05,10407.51,253
0316,Ullern,2020,7,381,406,483,77,1646590,4321.76,11285.64,10318.49,217
0316,Ullern,2020,8,406,392,482,90,1778021,4379.36,11248.35,10446.17,245
0316,Ullern,2020,9,392,415,481,66,1709194,4360.19,11271.28,10502.26,237
0316,Ullern,2020,10,415,419,488,69,1824604,4396.64,11218.57,10540.74,252
0316,Ullern,2020,11,419,388,498,110,1853738,4424.2,11302.43,10554.79,256
0316,Ullern,2020,12,388,413,492,79,1511099,3894.59,10005.55,10463.38,318
0316,Ullern,2021,1,413,406,499,93,1568118,3796.9,10484.86,10462.19,339
0316,Ullern,2021,2,406,412,484,72,1475264,3633.66,11289.26,10359.51,330
0316,Ullern,2021,3,412,366,489,123,1532751,3720.27,11409.49,10390.9,340
0316,Ullern,2021,4,366,410,475,65,1334039,3644.92,11407.34,10486.9,306
0316,Ullern,2021,5,410,346,457,111,1497959,3653.56,11759.59,10458.65,344
0316,Ullern,2021,6,346,342,446,104,1233097,3563.86,11354.52,10495.02,288
0316,Ullern,2021,7,342,366,441,75,1259463,3682.64,12449.88,10644.84,262
0316,Ullern,2021,8,366,336,435,99,1356902,3707.38,12470.97,10609.57,278
0316,Ullern,2021,9,336,351,423,72,1265815,3767.31,11809.3,10735.07,258
0316,Ullern,2021,10,351,356,420,64,1281176,3650.07,12524.93,10707.28,273
0316,Ullern,2021,11,356,317,414,97,1291223,3627.03,12487.33,10694.1,279
0316,Ullern,2021,12,317,372,437,65,1185088,3738.45,11728.44,10703.27,245
0316,Ullern,2022,1,372,389,462,73,1408036,3785.04,13453.6,10835.42,290
0316,Ullern,2022,2,389,407,468,61,1470732,3780.8,14171.09,10942.0,303
0316,Ullern,2022,3,407,392,473,81,1557088,3825.77,14179.96,10857.46,311
0316,Ullern,2022,4,392,401,497,96,1461034,3727.13,14766.68,10928.65,302
0316,Ullern,2022,5,401,386,478,92,1547584,3859.31,14102.88,11021.06,314
0316,Ullern,2022,6,386,377,496,119,1420229,3679.35,14582.67,10987.59,301
0316,Ullern,2022,7,377,422,490,68,1364272,3618.76,15279.81,10801.64,292
0316,Ullern,2022,8,422,419,495,76,1621668,3842.82,14820.78,11040.08,330
0316,Ullern,2022,9,419,440,507,67,1500560,3581.29,15777.98,11040.68,330
0316,Ullern,2022,10,440,424,514,90,1642596,3733.17,15495.09,11039.68,348
0316,Ullern,2022,11,424,448,523,75,1552166,3660.77,15786.77,11021.13,334
0316,Ullern,2022,12,448,454,540,86,1686434,3764.36,15639.47,11100.02,358
0316,Ullern,2023,1,454,440,543,103,1702499,3750.0,15750.09,11216.7,368
0316,Ullern,2023,2,440,464,548,84,1575013,3579.57,15916.85,11237.62,360
0316,Ullern,2023,3,464,475,547,72,1735423,3740.14,15744.45,11322.02,378
0316,Ullern,2023,4,475,477,555,78,1754736,3694.18,16083.06,11419.53,391
0316,Ullern,2023,5,477,471,549,78,1782876,3737.69,15848.44,11444.28,393
0316,Ullern,2023,6,471,470,547,77,1732005,3677.29,15782.12,11561.04,390
0316,Ullern,2023,7,470,464,546,82,1894587,4031.04,14169.9,11567.55,370
0316,Ullern,2023,8,464,482,541,59,1717324,3701.13,16266.82,11663.87,364
0316,Ullern,2023,9,482,484,549,65,1842211,3822.01,15869.16,11608.7,377
0316,Ullern,2023,10,484,481,545,64,1837953,3797.42,16152.2,11735.94,382
0316,Ullern,2023,11,481,473,557,84,1782041,3704.87,15802.93,11798.79,384
0316,Ullern,2023,12,473,494,556,62,1759918,3720.76,16422.26,11789.69,382
0316,Ullern,2024,1,494,497,563,66,1859780,3764.74,16560.0,11964.43,397
0316,Ullern,2024,2,497,503,555,52,1850977,3724.3,16693.27,12072.02,406
0316,Ullern,2024,3,503,508,566,58,1939412,3855.69,15885.92,12087.4,408
0316,Ullern,2024,4,508,385,574,189,1950921,3840.4,16067.74,12100.19,414
0316,Ullern,2024,5,385,403,575,172,1607131,4174.37,12886.23,12256.9,317
0316,Ullern,2024,6,403,420,589,169,1701079,4221.04,12452.25,12306.67,330
0316,Ullern,2024,7,420,445,586,141,1938510,4615.5,11087.7,12528.21,343
0316,Ullern,2024,8,445,447,528,81,1969239,4425.26,14075.28,12429.64,343
0316,Ullern,2024,9,447,414,535,121,1980904,4431.55,14079.53,12566.99,352
0316,Ullern,2024,10,414,445,534,89,1821109,4398.81,13872.22,12892.56,345
0316,Ullern,2024,11,445,442,505,63,1966937,4420.08,14344.51,12997.97,372
0316,Ullern,2024,12,442,417,498,81,1964793,4445.23,14584.35,13145.53,376
0316,Ullern,2025,1,417,439,511,72,1841977,4417.21,14366.2,13252.2,356
0316,Ullern,2025,2,439,446,504,58,1897301,4321.87,14533.0,13021.85,373
0316,Ullern,2025,3,446,443,509,66,1944506,4359.88,14525.55,13266.88,384
0316,Ullern,2025,4,443,435,497,62,1946480,4393.86,14325.64,13158.86,381
0316,Ullern,2025,5,435,428,490,62,1908810,4388.07,14331.89,13229.06,376
0316,Ullern,2025,6,428,408,486,78,1876227,4383.71,14801.96,13313.74,373
0316,Ullern,2025,7,408,399,482,83,2008334,4922.39,12609.85,13464.32,335
0316,Ullern,2025,8,399,397,480,83,1870712,4688.5,14811.11,13649.14,329
0316,Ullern,2025,9,397,394,456,62,1896351,4776.7,14399.34,13642.68,326
0316,Ullern,2025,10,394,399,460,61,1860937,4723.19,14716.05,13652.7,321
0316,Ullern,2025,11,399,402,465,63,1868373,4682.64,14956.33,13764.54,323
0316,Ullern,2025,12,402,403,469,66,1865638,4640.89,15260.09,13890.34,327
0316,Ullern,2026,1,403,419,474,55,1876229,4655.66,15115.41,13868.23,329
0316,Ullern,2026,2,419,416,470,54,1964222,4687.88,15020.34,14017.95,345
0316,Ullern,2026,3,416,411,484,73,1961361,4714.81,15012.22,14148.36,344
0316,Ullern,2026,4,411,414,474,60,1900044,4622.98,15281.9,14112.96,341
0316,Ullern,2026,5,414,405,474,69,1926298,4652.89,15499.98,14418.1,352
0316,Ullern,2026,6,405,391,473,82,1907494,4709.86,15500.86,14643.03,349
0316,Ullern,2026,7,391,0,0,0,1988598,5085.93,13653.69,14596.76,328
0317,Vestre Aker,2010,1,0,447,479,32,0,,,,0
0317,Vestre Aker,2010,2,447,457,478,21,1329708,2974.74,10680.39,7162.9,229
0317,Vestre Aker,2010,3,457,465,494,29,1352952,2960.51,10759.12,7217.13,241
0317,Vestre Aker,2010,4,465,466,486,20,1385071,2978.65,10568.94,7261.29,250
0317,Vestre Aker,2010,5,466,476,497,21,1394630,2992.77,10427.45,7298.82,254
0317,Vestre Aker,2010,6,476,487,501,14,1422610,2988.68,10417.97,7307.25,261
0317,Vestre Aker,2010,7,487,452,498,46,1458577,2995.02,10310.44,7308.02,269
0317,Vestre Aker,2010,8,452,464,476,12,1317882,2915.67,11337.65,7270.14,251
0317,Vestre Aker,2010,9,464,469,490,21,1348718,2906.72,11312.37,7326.07,261
0317,Vestre Aker,2010,10,469,460,490,30,1372543,2926.53,11218.86,7369.74,268
0317,Vestre Aker,2010,11,460,472,486,14,1339747,2912.49,11344.8,7363.21,264
0317,Vestre Aker,2010,12,472,476,508,32,1375788,2914.81,11161.64,7329.68,269
0317,Vestre Aker,2011,1,476,492,520,28,1377353,2893.6,11275.46,7345.19,274
0317,Vestre Aker,2011,2,492,507,526,19,1421888,2890.02,11346.78,7386.21,291
0317,Vestre Aker,2011,3,507,509,534,25,1473644,2906.6,11229.69,7404.24,302
0317,Vestre Aker,2011,4,509,510,531,21,1479493,2906.67,11237.34,7450.13,309
0317,Vestre Aker,2011,5,510,509,530,21,1495243,2931.85,11054.49,7488.87,312
0317,Vestre Aker,2011,6,509,506,530,24,1488751,2924.85,11072.55,7515.05,311
0317,Vestre Aker,2011,7,506,468,542,74,1486361,2937.47,11023.49,7542.8,312
0317,Vestre Aker,2011,8,468,468,487,19,1402559,2996.92,11462.7,7615.65,279
0317,Vestre Aker,2011,9,468,472,502,30,1402708,2997.24,11348.06,7615.4,281
0317,Vestre Aker,2011,10,472,474,510,36,1415449,2998.83,11271.4,7623.57,285
0317,Vestre Aker,2011,11,474,482,504,22,1397200,2947.68,11409.83,7574.92,283
0317,Vestre Aker,2011,12,482,487,507,20,1443848,2995.54,11319.57,7678.35,296
0317,Vestre Aker,2012,1,487,469,510,41,1469122,3016.68,11284.62,7711.7,304
0317,Vestre Aker,2012,2,469,488,509,21,1406979,2999.96,11288.51,7678.54,289
0317,Vestre Aker,2012,3,488,491,515,24,1466171,3004.45,11317.77,7740.04,306
0317,Vestre Aker,2012,4,491,499,514,15,1480055,3014.37,11252.76,7788.7,309
0317,Vestre Aker,2012,5,499,507,523,16,1509188,3024.42,11164.43,7804.3,316
0317,Vestre Aker,2012,6,507,513,534,21,1533146,3023.96,11114.96,7820.13,322
0317,Vestre Aker,2012,7,513,486,544,58,1559741,3040.43,11011.03,7828.33,328
0317,Vestre Aker,2012,8,486,476,510,34,1444828,2972.9,11747.14,7905.93,321
0317,Vestre Aker,2012,9,476,503,529,26,1423873,2991.33,11744.91,7919.78,317
0317,Vestre Aker,2012,10,503,498,535,37,1513934,3009.81,11504.22,7999.25,337
0317,Vestre Aker,2012,11,498,506,525,19,1500587,3013.23,11514.84,8021.81,332
0317,Vestre Aker,2012,12,506,518,538,20,1526183,3016.17,11471.78,8086.18,343
0317,Vestre Aker,2013,1,518,521,551,30,1558998,3009.65,11411.15,8095.76,350
0317,Vestre Aker,2013,2,521,485,541,56,1574994,3023.02,11272.57,8142.6,358
0317,Vestre Aker,2013,3,485,496,517,21,1469792,3030.5,11327.31,8191.36,340
0317,Vestre Aker,2013,4,496,501,523,22,1497758,3019.67,11222.24,8217.7,348
0317,Vestre Aker,2013,5,501,508,530,22,1512734,3019.43,11119.89,8222.37,352
0317,Vestre Aker,2013,6,508,516,531,15,1547820,3046.89,11092.33,8320.98,361
0317,Vestre Aker,2013,7,516,480,539,59,1583163,3068.15,11022.14,8381.7,372
0317,Vestre Aker,2013,8,480,466,500,34,1411825,2941.3,12007.93,8490.36,354
0317,Vestre Aker,2013,9,466,467,505,38,1362933,2924.75,12171.84,8505.92,346
0317,Vestre Aker,2013,10,467,481,508,27,1364658,2922.18,12051.08,8544.08,345
0317,Vestre Aker,2013,11,481,488,514,26,1418166,2948.37,11893.07,8571.44,359
0317,Vestre Aker,2013,12,488,493,520,27,1439910,2950.64,11820.23,8618.06,364
0317,Vestre Aker,2014,1,493,498,540,42,1478282,2998.54,11640.09,8709.93,374
0317,Vestre Aker,2014,2,498,502,526,24,1520448,3053.11,11673.09,8712.31,367
0317,Vestre Aker,2014,3,502,509,534,25,1536648,3061.05,11572.04,8692.56,368
0317,Vestre Aker,2014,4,509,515,550,35,1564143,3072.97,11516.95,8689.36,374
0317,Vestre Aker,2014,5,515,519,541,22,1598877,3104.62,11307.89,8704.53,379
0317,Vestre Aker,2014,6,519,529,550,21,1620576,3122.5,11273.08,8739.62,387
0317,Vestre Aker,2014,7,529,501,556,55,1655929,3130.3,11140.2,8721.53,394
0317,Vestre Aker,2014,8,501,495,529,34,1496160,2986.35,12031.89,8766.02,379
0317,Vestre Aker,2014,9,495,509,528,19,1485061,3000.12,11909.05,8805.69,378
0317,Vestre Aker,2014,10,509,512,538,26,1548570,3042.38,11595.35,8897.22,396
0317,Vestre Aker,2014,11,512,515,528,13,1562120,3051.02,11575.96,8945.79,399
0317,Vestre Aker,2014,12,515,531,545,14,1575149,3058.54,11542.01,8977.45,404
0317,Vestre Aker,2015,1,531,509,555,46,1641367,3091.09,11230.41,9017.94,419
0317,Vestre Aker,2015,2,509,527,552,25,1598531,3140.53,11164.87,9111.02,371
0317,Vestre Aker,2015,3,527,547,574,27,1658767,3147.57,11046.46,9158.1,386
0317,Vestre Aker,2015,4,547,541,560,19,1716731,3138.45,11042.38,9184.39,403
0317,Vestre Aker,2015,5,541,557,574,17,1693189,3129.74,11066.48,9188.27,396
0317,Vestre Aker,2015,6,557,562,588,26,1743136,3129.51,10933.2,9151.37,408
0317,Vestre Aker,2015,7,562,513,581,68,1758313,3128.67,10839.06,9123.98,416
0317,Vestre Aker,2015,8,513,522,543,21,1580728,3081.34,11162.8,9197.65,387
0317,Vestre Aker,2015,9,522,512,553,41,1613428,3090.86,11116.82,9221.35,396
0317,Vestre Aker,2015,10,512,509,542,33,1581886,3089.62,11096.29,9163.89,389
0317,Vestre Aker,2015,11,509,524,541,17,1586327,3116.56,10976.81,9201.55,390
0317,Vestre Aker,2015,12,524,533,554,21,1641901,3133.4,10772.7,9235.96,401
0317,Vestre Aker,2016,1,533,531,551,20,1671632,3136.27,10883.64,9262.27,409
0317,Vestre Aker,2016,2,531,557,572,15,1715367,3230.45,10966.42,9265.5,401
0317,Vestre Aker,2016,3,557,565,583,18,1800881,3233.18,10755.83,9254.5,424
0317,Vestre Aker,2016,4,565,573,586,13,1831016,3240.74,10670.07,9249.42,428
0317,Vestre Aker,2016,5,573,574,597,23,1870513,3264.42,10484.23,9281.51,438
0317,Vestre Aker,2016,6,574,572,600,28,1879992,3275.25,10422.78,9291.76,442
0317,Vestre Aker,2016,7,572,530,607,77,1884576,3294.71,10436.68,9269.74,438
0317,Vestre Aker,2016,8,530,540,568,28,1702434,3212.14,10427.85,9196.51,404
0317,Vestre Aker,2016,9,540,545,578,33,1744283,3230.15,10462.32,9262.33,415
0317,Vestre Aker,2016,10,545,541,571,30,1762404,3233.77,10384.01,9296.24,419
0317,Vestre Aker,2016,11,541,566,579,13,1753782,3241.74,10329.4,9300.04,413
0317,Vestre Aker,2016,12,566,582,603,21,1861692,3289.21,9976.88,9351.83,439
0317,Vestre Aker,2017,1,582,472,614,142,1913967,3288.6,9907.07,9393.25,450
0317,Vestre Aker,2017,2,472,515,630,115,1570662,3327.67,10120.32,9464.51,369
0317,Vestre Aker,2017,3,515,523,642,119,1710160,3320.7,10542.89,9486.01,405
0317,Vestre Aker,2017,4,523,518,605,87,1716790,3282.58,10715.45,9503.6,413
0317,Vestre Aker,2017,5,518,478,604,126,1722608,3325.5,10410.86,9500.9,409
0317,Vestre Aker,2017,6,478,504,597,93,1582698,3311.08,10171.57,9560.58,379
0317,Vestre Aker,2017,7,504,497,588,91,1709502,3391.87,10540.53,9520.04,397
0317,Vestre Aker,2017,8,497,507,598,91,1697352,3415.2,10388.9,9643.09,396
0317,Vestre Aker,2017,9,507,514,598,84,1764049,3479.39,10112.09,9682.34,407
0317,Vestre Aker,2017,10,514,467,603,136,1766632,3437.03,10366.58,9718.19,419
0317,Vestre Aker,2017,11,467,506,596,90,1608716,3444.79,10114.58,9783.76,377
0317,Vestre Aker,2017,12,506,506,599,93,1709204,3377.87,10919.46,9765.07,411
0317,Vestre Aker,2018,1,506,497,599,102,1705034,3369.63,10791.18,9736.64,413
0317,Vestre Aker,2018,2,497,526,608,82,1666063,3352.24,10524.02,9857.71,409
0317,Vestre Aker,2018,3,526,523,605,82,1762558,3350.87,10882.96,9789.94,429
0317,Vestre Aker,2018,4,523,489,613,124,1775904,3395.61,10419.21,9778.58,425
0317,Vestre Aker,2018,5,489,514,609,95,1650477,3375.21,9999.34,9782.48,399
0317,Vestre Aker,2018,6,514,481,607,126,1732256,3370.15,10305.04,9744.21,416
0317,Vestre Aker,2018,7,481,481,607,126,1600862,3328.2,10411.75,9906.29,394
0317,Vestre Aker,2018,8,481,510,604,94,1654179,3439.04,9618.14,9896.55,389
0317,Vestre Aker,2018,9,510,511,593,82,1771201,3472.94,9797.56,9920.65,410
0317,Vestre Aker,2018,10,511,472,611,139,1785055,3493.26,9807.28,9938.61,412
0317,Vestre Aker,2018,11,472,499,618,119,1642617,3480.12,9506.83,10025.28,384
0317,Vestre Aker,2018,12,499,476,604,128,1715645,3438.17,10154.33,9939.35,407
0317,Vestre Aker,2019,1,476,509,606,97,1641715,3448.98,10063.83,10075.61,388
0317,Vestre Aker,2019,2,509,501,607,106,1777344,3491.83,10081.97,10017.41,419
0317,Vestre Aker,2019,3,501,507,602,95,1758387,3509.75,10278.5,10050.33,415
0317,Vestre Aker,2019,4,507,476,591,115,1789175,3528.94,10090.64,10031.52,420
0317,Vestre Aker,2019,5,476,492,589,97,1680450,3530.36,9804.6,9965.37,387
0317,Vestre Aker,2019,6,492,462,593,131,1713603,3482.93,10345.69,10081.22,409
0317,Vestre Aker,2019,7,462,469,587,118,1627665,3523.08,10685.12,10130.13,370
0317,Vestre Aker,2019,8,469,488,587,99,1751291,3734.1,10250.0,10215.28,373
0317,Vestre Aker,2019,9,488,456,577,121,1839344,3769.15,10511.16,10211.11,390
0317,Vestre Aker,2019,10,456,468,578,110,1714097,3758.98,10235.46,10281.12,363
0317,Vestre Aker,2019,11,468,491,582,91,1757844,3756.08,10642.32,10398.79,378
0317,Vestre Aker,2019,12,491,447,591,144,1846156,3759.99,10684.42,10348.33,397
0317,Vestre Aker,2020,1,447,486,600,114,1688010,3776.31,10425.21,10519.89,362
0317,Vestre Aker,2020,2,486,511,609,98,1829785,3764.99,10543.73,10408.29,393
0317,Vestre Aker,2020,3,511,486,622,136,1946037,3808.29,10323.61,10438.06,414
0317,Vestre Aker,2020,4,486,540,631,91,1877559,3863.29,9862.93,10488.02,389
0317,Vestre Aker,2020,5,540,529,638,109,2401405,4447.05,10389.78,10491.19,342
0317,Vestre Aker,2020,6,529,490,626,136,2334577,4413.19,10580.76,10583.81,340
0317,Vestre Aker,2020,7,490,532,625,93,2145801,4379.19,11292.31,10622.23,300
0317,Vestre Aker,2020,8,532,525,626,101,2388440,4489.55,11090.2,10624.98,324
0317,Vestre Aker,2020,9,525,536,630,94,2331652,4441.24,11235.75,10603.01,321
0317,Vestre Aker,2020,10,536,538,620,82,2375056,4431.07,11040.99,10599.64,325
0317,Vestre Aker,2020,11,538,472,636,164,2356740,4380.56,11335.2,10510.52,324
0317,Vestre Aker,2020,12,472,495,619,124,1818127,3851.96,10311.95,10618.2,390
0317,Vestre Aker,2021,1,495,535,653,118,1897177,3832.68,10959.62,10575.26,407
0317,Vestre Aker,2021,2,535,540,627,87,1955349,3654.86,11853.31,10600.23,444
0317,Vestre Aker,2021,3,540,483,642,159,1957468,3624.94,12321.83,10597.52,451
0317,Vestre Aker,2021,4,483,540,642,102,1732620,3587.2,12162.49,10814.6,398
0317,Vestre Aker,2021,5,540,470,624,154,1948245,3607.86,12500.82,10688.26,447
0317,Vestre Aker,2021,6,470,436,619,183,1649613,3509.81,12462.1,10919.1,400
0317,Vestre Aker,2021,7,436,462,595,133,1632755,3744.85,12547.15,10764.29,334
0317,Vestre Aker,2021,8,462,427,568,141,1740609,3767.55,12658.74,10806.59,355
0317,Vestre Aker,2021,9,427,441,525,84,1597767,3741.84,12621.5,10879.72,331
0317,Vestre Aker,2021,10,441,428,528,100,1637617,3713.42,13395.57,10941.85,345
0317,Vestre Aker,2021,11,428,394,527,133,1614517,3772.24,13207.54,10923.93,334
0317,Vestre Aker,2021,12,394,475,568,93,1473986,3741.08,13134.38,11008.13,310
0317,Vestre Aker,2022,1,475,492,597,105,1767007,3720.01,14754.58,10873.27,374
0317,Vestre Aker,2022,2,492,523,612,89,1788065,3634.28,15384.29,10996.78,388
0317,Vestre Aker,2022,3,523,511,627,116,1959509,3746.67,15649.73,11032.61,415
0317,Vestre Aker,2022,4,511,523,647,124,1933855,3784.45,15377.28,11085.33,405
0317,Vestre Aker,2022,5,523,503,634,131,2002693,3829.24,15247.13,11129.26,421
0317,Vestre Aker,2022,6,503,475,654,179,1808665,3595.76,15891.31,11244.85,415
0317,Vestre Aker,2022,7,475,547,644,97,1749173,3682.47,16245.15,11181.44,382
0317,Vestre Aker,2022,8,547,539,650,111,2062498,3770.56,15619.1,11253.93,437
0317,Vestre Aker,2022,9,539,539,654,115,1946263,3610.88,16143.71,11290.82,435
0317,Vestre Aker,2022,10,539,542,666,124,2030031,3766.29,15796.6,11326.88,436
0317,Vestre Aker,2022,11,542,576,715,139,1941245,3581.63,16397.82,11486.56,444
0317,Vestre Aker,2022,12,576,578,739,161,2119094,3678.98,16696.61,11531.89,474
0317,Vestre Aker,2023,1,578,580,731,151,2118946,3666.0,16798.48,11535.75,476
0317,Vestre Aker,2023,2,580,610,732,122,2064051,3558.71,16898.21,11614.33,481
0317,Vestre Aker,2023,3,610,615,724,109,2288439,3751.54,16734.22,11557.82,502
0317,Vestre Aker,2023,4,615,613,727,114,2261618,3677.43,16790.09,11522.51,512
0317,Vestre Aker,2023,5,613,567,728,161,2223879,3627.86,17156.3,11566.24,510
0317,Vestre Aker,2023,6,567,584,751,167,2002024,3530.91,17182.47,11772.75,485
0317,Vestre Aker,2023,7,584,586,744,158,2268476,3884.38,16061.37,11835.03,476
0317,Vestre Aker,2023,8,586,626,731,105,2107692,3596.74,18134.57,11772.88,477
0317,Vestre Aker,2023,9,626,605,733,128,2299012,3672.54,17952.64,11810.24,511
0317,Vestre Aker,2023,10,605,596,729,133,2239290,3701.31,17660.41,11965.93,496
0317,Vestre Aker,2023,11,596,615,734,119,2109084,3538.73,18458.92,12118.88,499
0317,Vestre Aker,2023,12,615,632,725,93,2253838,3664.78,17877.68,12130.37,515
0317,Vestre Aker,2024,1,632,627,757,130,2359565,3733.49,17318.47,12066.85,521
0317,Vestre Aker,2024,2,627,649,743,94,2262341,3608.2,17634.74,12213.93,520
0317,Vestre Aker,2024,3,649,674,760,86,2403284,3703.06,17498.25,12285.35,548
0317,Vestre Aker,2024,4,674,481,747,266,2501420,3711.31,17615.57,12397.96,569
0317,Vestre Aker,2024,5,481,521,761,240,1924151,4000.31,14649.05,12672.17,414
0317,Vestre Aker,2024,6,521,519,770,251,2114719,4058.96,14233.3,12591.16,444
0317,Vestre Aker,2024,7,519,597,789,192,2312293,4455.29,12572.02,12582.3,429
0317,Vestre Aker,2024,8,597,583,704,121,2517927,4217.63,15693.15,12665.27,464
0317,Vestre Aker,2024,9,583,542,720,178,2517187,4317.64,15133.73,12739.31,460
0317,Vestre Aker,2024,10,542,595,737,142,2327332,4293.97,15741.51,13090.87,447
0317,Vestre Aker,2024,11,595,614,708,94,2536177,4262.48,16031.41,13032.8,488
0317,Vestre Aker,2024,12,614,580,719,139,2623677,4273.09,15885.8,13107.46,505
0317,Vestre Aker,2025,1,580,630,720,90,2451054,4225.96,16265.63,13144.6,480
0317,Vestre Aker,2025,2,630,633,731,98,2701065,4287.4,16044.5,13109.88,523
0317,Vestre Aker,2025,3,633,627,733,106,2697099,4260.82,16239.18,13151.34,525
0317,Vestre Aker,2025,4,627,629,744,115,2634106,4201.13,16408.29,13088.74,520
0317,Vestre Aker,2025,5,629,606,730,124,2616098,4159.14,16748.11,13224.01,532
0317,Vestre Aker,2025,6,606,574,738,164,2514870,4149.95,16490.6,13118.27,509
0317,Vestre Aker,2025,7,574,593,736,143,2698555,4701.32,14460.07,13363.46,467
0317,Vestre Aker,2025,8,593,620,735,115,2661398,4488.02,16264.96,13299.13,480
0317,Vestre Aker,2025,9,620,604,734,130,2727642,4399.42,16353.57,13269.94,499
0317,Vestre Aker,2025,10,604,608,722,114,2693973,4460.22,16209.18,13355.11,489
0317,Vestre Aker,2025,11,608,614,737,123,2670351,4392.02,16707.67,13470.18,499
0317,Vestre Aker,2025,12,614,609,718,109,2680631,4365.85,16966.09,13505.4,505
0317,Vestre Aker,2026,1,609,633,743,110,2668002,4380.96,16911.68,13575.35,505
0317,Vestre Aker,2026,2,633,627,735,108,2771381,4378.17,16566.62,13588.93,525
0317,Vestre Aker,2026,3,627,628,727,99,2788978,4448.13,16268.36,13588.04,514
0317,Vestre Aker,2026,4,628,626,729,103,2737876,4359.68,16640.91,13563.29,518
0317,Vestre Aker,2026,5,626,606,756,150,2722987,4349.82,16608.09,13559.15,516
0317,Vestre Aker,2026,6,606,583,776,193,2661449,4391.83,16445.67,13706.91,508
0317,Vestre Aker,2026,7,583,0,0,0,2805258,4811.76,14855.28,13591.63,471
0318,Nordre Aker,2010,1,0,735,773,38,0,,,,0
0318,Nordre Aker,2010,2,735,758,775,17,2140310,2911.99,9383.68,6427.67,277
0318,Nordre Aker,2010,3,758,777,798,21,2206743,2911.27,9395.88,6492.48,302
0318,Nordre Aker,2010,4,777,796,827,31,2256729,2904.41,9340.04,6489.6,309
0318,Nordre Aker,2010,5,796,805,826,21,2333120,2931.06,9127.58,6500.93,316
0318,Nordre Aker,2010,6,805,824,846,22,2342656,2910.13,9148.79,6478.94,319
0318,Nordre Aker,2010,7,824,785,851,66,2400563,2913.3,9039.62,6484.22,328
0318,Nordre Aker,2010,8,785,787,816,29,2265671,2886.21,9569.99,6520.9,316
0318,Nordre Aker,2010,9,787,793,824,31,2282213,2899.89,9508.02,6563.15,321
0318,Nordre Aker,2010,10,793,791,844,53,2293759,2892.51,9489.99,6601.64,332
0318,Nordre Aker,2010,11,791,797,831,34,2272066,2872.4,9650.95,6593.36,330
0318,Nordre Aker,2010,12,797,800,833,33,2304319,2891.24,9615.19,6585.1,334
0318,Nordre Aker,2011,1,800,799,831,32,2321358,2901.7,9549.48,6578.35,335
0318,Nordre Aker,2011,2,799,821,854,33,2307281,2887.71,9657.52,6616.65,338
0318,Nordre Aker,2011,3,821,840,889,49,2371813,2888.93,9668.74,6661.11,350
0318,Nordre Aker,2011,4,840,840,879,39,2444914,2910.61,9502.24,6666.45,357
0318,Nordre Aker,2011,5,840,850,882,32,2444051,2909.58,9473.5,6683.2,361
0318,Nordre Aker,2011,6,850,856,890,34,2469120,2904.85,9528.4,6737.69,373
0318,Nordre Aker,2011,7,856,807,885,78,2501888,2922.77,9439.73,6748.25,374
0318,Nordre Aker,2011,8,807,824,854,30,2324818,2880.82,10197.38,6806.06,322
0318,Nordre Aker,2011,9,824,850,891,41,2373877,2880.92,10209.98,6870.53,342
0318,Nordre Aker,2011,10,850,835,890,55,2449940,2882.28,10211.9,6874.5,350
0318,Nordre Aker,2011,11,835,845,880,35,2427775,2907.51,10150.92,6913.2,351
0318,Nordre Aker,2011,12,845,850,885,35,2462959,2914.74,10135.99,6929.92,355
0318,Nordre Aker,2012,1,850,812,884,72,2485387,2923.98,10040.78,6924.83,357
0318,Nordre Aker,2012,2,812,821,847,26,2367235,2915.31,10241.31,6928.26,341
0318,Nordre Aker,2012,3,821,814,859,45,2392789,2914.48,10135.56,6917.64,341
0318,Nordre Aker,2012,4,814,810,844,34,2368346,2909.52,10253.61,6998.04,347
0318,Nordre Aker,2012,5,810,813,846,33,2363544,2917.96,10251.08,7034.75,347
0318,Nordre Aker,2012,6,813,832,855,23,2378333,2925.38,10330.32,7069.72,349
0318,Nordre Aker,2012,7,832,764,855,91,2442848,2936.12,10214.58,7073.59,361
0318,Nordre Aker,2012,8,764,752,805,53,2199556,2879,10830.45,7155.73,346
0318,Nordre Aker,2012,9,752,750,784,34,2190072,2912.33,10776.73,7192.49,346
0318,Nordre Aker,2012,10,750,759,799,40,2184375,2912.5,10844.76,7235.86,350
0318,Nordre Aker,2012,11,759,763,793,30,2198000,2895.92,10831.05,7229.48,352
0318,Nordre Aker,2012,12,763,772,791,19,2225958,2917.38,10755.54,7273.43,360
0318,Nordre Aker,2013,1,772,758,818,60,2250770,2915.51,10781.87,7314.38,369
0318,Nordre Aker,2013,2,758,718,807,89,2203559,2907.07,10876.7,7317.98,361
0318,Nordre Aker,2013,3,718,743,777,34,2118054,2949.94,10780.72,7404.99,355
0318,Nordre Aker,2013,4,743,761,779,18,2208395,2972.27,10642.83,7467.65,374
0318,Nordre Aker,2013,5,761,782,792,10,2248101,2954.14,10578.48,7461.64,382
0318,Nordre Aker,2013,6,782,785,806,21,2306353,2949.3,10472.89,7449.84,392
0318,Nordre Aker,2013,7,785,722,810,88,2331731,2970.36,10447.99,7537.33,406
0318,Nordre Aker,2013,8,722,708,754,46,2084562,2887.2,11271.96,7690.1,396
0318,Nordre Aker,2013,9,708,706,744,38,2042852,2885.38,11307.1,7736.39,397
0318,Nordre Aker,2013,10,706,708,747,39,2047475,2900.11,11298.9,7777.59,399
0318,Nordre Aker,2013,11,708,718,742,24,2073627,2928.85,11098.71,7828.48,404
0318,Nordre Aker,2013,12,718,726,739,13,2110431,2939.32,11141.22,7855.57,413
0318,Nordre Aker,2014,1,726,694,752,58,2145404,2955.1,11029.4,7906.44,424
0318,Nordre Aker,2014,2,694,711,737,26,2096905,3021.48,11035.17,7925.4,404
0318,Nordre Aker,2014,3,711,736,763,27,2152609,3027.58,10886.02,7953.31,417
0318,Nordre Aker,2014,4,736,740,773,33,2231806,3032.35,10696.42,7975.31,430
0318,Nordre Aker,2014,5,740,753,782,29,2248473,3038.48,10630.11,7958.71,430
0318,Nordre Aker,2014,6,753,755,781,26,2287054,3037.26,10566.49,7953.91,440
0318,Nordre Aker,2014,7,755,690,785,95,2294452,3039.01,10548.51,7970.26,445
0318,Nordre Aker,2014,8,690,680,733,53,2051415,2973.07,10910.93,8059.96,419
0318,Nordre Aker,2014,9,680,695,721,26,2033382,2990.27,10917.57,8095.57,420
0318,Nordre Aker,2014,10,695,727,764,37,2087953,3004.25,10777.1,8150.75,434
0318,Nordre Aker,2014,11,727,749,772,23,2204058,3031.72,10517.72,8124.54,451
0318,Nordre Aker,2014,12,749,761,774,13,2287753,3054.41,10170.51,8138.04,465
0318,Nordre Aker,2015,1,761,726,789,63,2342764,3078.53,10062.56,8218.01,480
0318,Nordre Aker,2015,2,726,745,774,29,2244856,3092.09,10486.51,8190.8,424
0318,Nordre Aker,2015,3,745,765,793,28,2308543,3098.72,10327.47,8209.26,433
0318,Nordre Aker,2015,4,765,783,816,33,2386062,3119.04,10151.82,8244.88,447
0318,Nordre Aker,2015,5,783,784,817,33,2453503,3133.46,9985.77,8250.17,460
0318,Nordre Aker,2015,6,784,782,817,35,2464894,3144.0,9872.01,8237.54,464
0318,Nordre Aker,2015,7,782,734,814,80,2444704,3126.22,9946.4,8248.96,462
0318,Nordre Aker,2015,8,734,742,773,31,2231640,3040.38,10464.56,8306.6,440
0318,Nordre Aker,2015,9,742,733,773,40,2274830,3065.81,10434.28,8317.08,449
0318,Nordre Aker,2015,10,733,721,760,39,2263877,3088.51,10246.63,8351.1,449
0318,Nordre Aker,2015,11,721,745,772,27,2247114,3116.66,10226.69,8414.41,448
0318,Nordre Aker,2015,12,745,748,772,24,2344710,3147.26,10030.46,8392.87,462
0318,Nordre Aker,2016,1,748,729,784,55,2365418,3162.32,9954.89,8448.17,470
0318,Nordre Aker,2016,2,729,739,774,35,2349051,3222.29,10131.88,8448.51,448
0318,Nordre Aker,2016,3,739,752,785,33,2416533,3270.0,9827.46,8501.23,459
0318,Nordre Aker,2016,4,752,777,791,14,2467918,3281.81,9720.52,8551.12,475
0318,Nordre Aker,2016,5,777,765,785,20,2565768,3302.15,9500.4,8575.2,498
0318,Nordre Aker,2016,6,765,771,798,27,2542128,3323.04,9407.97,8650.9,497
0318,Nordre Aker,2016,7,771,698,797,99,2553446,3311.86,9412.18,8634.02,497
0318,Nordre Aker,2016,8,698,700,732,32,2243141,3213.67,10095.4,8689.12,458
0318,Nordre Aker,2016,9,700,705,750,45,2254386,3220.55,10088.1,8713.14,459
0318,Nordre Aker,2016,10,705,710,750,40,2272815,3223.85,9958.28,8737.27,462
0318,Nordre Aker,2016,11,710,721,743,22,2305090,3246.61,9970.43,8773.18,467
0318,Nordre Aker,2016,12,721,734,751,17,2343279,3250.04,9953.07,8821.56,479
0318,Nordre Aker,2017,1,734,591,787,196,2410935,3284.65,9691.48,8754.78,483
0318,Nordre Aker,2017,2,591,635,802,167,1875299,3173.09,10276.37,8713.35,390
0318,Nordre Aker,2017,3,635,655,840,185,2013752,3171.26,10469.94,8746.64,424
0318,Nordre Aker,2017,4,655,681,798,117,2095708,3199.55,10275.6,8749.87,435
0318,Nordre Aker,2017,5,681,620,794,174,2197685,3227.14,10111.94,8793.8,444
0318,Nordre Aker,2017,6,620,654,798,144,1991552,3212.18,9909.21,8830.64,403
0318,Nordre Aker,2017,7,654,668,811,143,2148580,3285.29,10331.65,8810.89,413
0318,Nordre Aker,2017,8,668,677,818,141,2232310,3341.78,9783.35,8862.41,425
0318,Nordre Aker,2017,9,677,698,838,140,2276340,3362.39,9981.35,8908.79,433
0318,Nordre Aker,2017,10,698,649,834,185,2332434,3341.6,10328.67,8976.6,448
0318,Nordre Aker,2017,11,649,694,839,145,2150311,3313.27,10247.49,9034.08,418
0318,Nordre Aker,2017,12,694,699,823,124,2306289,3323.18,10422.96,8986.1,448
0318,Nordre Aker,2018,1,699,660,820,160,2299258,3289.35,10700.91,8994.99,452
0318,Nordre Aker,2018,2,660,724,829,105,2190768,3319.35,10369.58,9056.89,427
0318,Nordre Aker,2018,3,724,723,852,129,2380363,3287.79,10747.36,8951.59,472
0318,Nordre Aker,2018,4,723,689,859,170,2368498,3275.93,10695.72,9028.07,480
0318,Nordre Aker,2018,5,689,691,851,160,2281339,3311.09,10426.14,9107.16,470
0318,Nordre Aker,2018,6,691,659,857,198,2288240,3311.49,10417.06,9037.01,467
0318,Nordre Aker,2018,7,659,651,851,200,2141747,3250.0,10700.12,9012.24,438
0318,Nordre Aker,2018,8,651,693,847,154,2185745,3357.52,9935.7,9104.18,434
0318,Nordre Aker,2018,9,693,707,837,130,2341617,3378.96,10319.58,9209.86,477
0318,Nordre Aker,2018,10,707,631,864,233,2383604,3371.43,10319.08,9183.5,487
0318,Nordre Aker,2018,11,631,692,839,147,2145330,3399.89,9952.78,9264.79,436
0318,Nordre Aker,2018,12,692,649,826,177,2367623,3421.42,9858.13,9176.8,475
0318,Nordre Aker,2019,1,649,681,815,134,2177705,3355.48,10032.69,9225.28,455
0318,Nordre Aker,2019,2,681,675,817,142,2357733,3462.16,9907.83,9283.49,473
0318,Nordre Aker,2019,3,675,701,828,127,2320540,3437.84,10290.77,9321.18,477
0318,Nordre Aker,2019,4,701,627,829,202,2393961,3415.07,10420.32,9362.64,496
0318,Nordre Aker,2019,5,627,660,813,153,2159164,3443.64,10062.0,9411.65,446
0318,Nordre Aker,2019,6,660,624,801,177,2245121,3401.7,10584.94,9342.21,467
0318,Nordre Aker,2019,7,624,638,799,161,2084412,3340.4,10989.25,9352.32,410
0318,Nordre Aker,2019,8,638,661,803,142,2283336,3578.9,10521.3,9405.45,401
0318,Nordre Aker,2019,9,661,614,814,200,2378499,3598.33,10831.39,9531.64,422
0318,Nordre Aker,2019,10,614,659,808,149,2206603,3593.82,10655.22,9552.46,388
0318,Nordre Aker,2019,11,659,662,803,141,2357227,3576.98,11275.1,9456.6,411
0318,Nordre Aker,2019,12,662,625,787,162,2340462,3535.44,11167.59,9377.92,412
0318,Nordre Aker,2020,1,625,666,803,137,2175380,3480.61,11260.39,9464.43,388
0318,Nordre Aker,2020,2,666,693,814,121,2340507,3514.27,11424.97,9479.09,422
0318,Nordre Aker,2020,3,693,633,842,209,2449491,3534.62,11655.56,9571.51,446
0318,Nordre Aker,2020,4,633,733,853,120,2276963,3597.1,11159.02,9615.61,405
0318,Nordre Aker,2020,5,733,744,883,139,3017322,4116.4,11644.37,9641.71,349
0318,Nordre Aker,2020,6,744,702,898,196,3006315,4040.75,11635.86,9642.57,364
0318,Nordre Aker,2020,7,702,779,899,120,2884260,4108.63,12144.25,9689.77,316
0318,Nordre Aker,2020,8,779,738,911,173,3194250,4100.45,12317.17,9730.74,355
0318,Nordre Aker,2020,9,738,802,929,127,2998651,4063.21,12301.77,9868.6,346
0318,Nordre Aker,2020,10,802,811,932,121,3300011,4114.73,11753.65,9803.42,370
0318,Nordre Aker,2020,11,811,709,936,227,3332438,4109.05,11911.29,9791.39,378
0318,Nordre Aker,2020,12,709,747,924,177,2669574,3765.27,10714.36,9836.8,475
0318,Nordre Aker,2021,1,747,775,937,162,2802587,3751.79,11080.18,9784.87,494
0318,Nordre Aker,2021,2,775,775,899,124,2704002,3489.03,11919.21,9750.63,517
0318,Nordre Aker,2021,3,775,712,922,210,2716340,3504.95,11756.95,9705.82,518
0318,Nordre Aker,2021,4,712,785,896,111,2458754,3453.31,11762.37,9667.27,460
0318,Nordre Aker,2021,5,785,656,887,231,2676708,3409.82,12364.41,9617.12,511
0318,Nordre Aker,2021,6,656,603,862,259,2197963,3350.55,11794.16,9563.57,431
0318,Nordre Aker,2021,7,603,647,849,202,2120018,3515.78,12515.03,9594.32,366
0318,Nordre Aker,2021,8,647,605,835,230,2314720,3577.62,12460.14,9596.06,381
0318,Nordre Aker,2021,9,605,637,789,152,2218526,3666.99,11930.38,9721.51,364
0318,Nordre Aker,2021,10,637,633,786,153,2284258,3585.96,12360.43,9639.62,387
0318,Nordre Aker,2021,11,633,574,785,211,2309720,3648.85,12302.52,9790.92,398
0318,Nordre Aker,2021,12,574,696,828,132,2100714,3659.78,12005.61,9900.09,371
0318,Nordre Aker,2022,1,696,733,869,136,2539337,3648.47,13874.66,9913.73,456
0318,Nordre Aker,2022,2,733,771,896,125,2688342,3667.59,14582.61,10064.38,468
0318,Nordre Aker,2022,3,771,762,916,154,2860239,3709.78,14487.96,10009.33,486
0318,Nordre Aker,2022,4,762,766,915,149,2862547,3756.62,14450.54,10127.48,490
0318,Nordre Aker,2022,5,766,732,890,158,2879090,3758.6,14555.85,10100.22,493
0318,Nordre Aker,2022,6,732,688,899,211,2650795,3621.3,14969.6,10183.16,481
0318,Nordre Aker,2022,7,688,747,876,129,2438247,3543.96,15998.44,10155.99,437
0318,Nordre Aker,2022,8,747,706,890,184,2758582,3692.88,15195.29,10238.23,483
0318,Nordre Aker,2022,9,706,733,904,171,2565018,3633.17,15142.74,10357.76,469
0318,Nordre Aker,2022,10,733,748,914,166,2682904,3660.17,15067.49,10294.23,478
0318,Nordre Aker,2022,11,748,782,945,163,2666436,3564.75,15864.71,10346.85,494
0318,Nordre Aker,2022,12,782,795,959,164,2844228,3637.12,15657.18,10387.79,516
0318,Nordre Aker,2023,1,795,780,960,180,2855116,3591.34,15861.28,10349.99,524
0318,Nordre Aker,2023,2,780,832,976,144,2776375,3559.46,15595.55,10482.7,530
0318,Nordre Aker,2023,3,832,844,984,140,3004397,3611.05,15641.14,10476.84,563
0318,Nordre Aker,2023,4,844,869,995,126,3041074,3603.17,15898.14,10554.13,574
0318,Nordre Aker,2023,5,869,800,990,190,3179532,3658.84,15792.81,10595.76,601
0318,Nordre Aker,2023,6,800,796,980,184,2822106,3527.63,16314.06,10749.11,577
0318,Nordre Aker,2023,7,796,798,982,184,3038040,3816.63,14769.43,10644.93,528
0318,Nordre Aker,2023,8,798,809,948,139,2847566,3568.38,16707.79,10841.48,551
0318,Nordre Aker,2023,9,809,824,946,122,2971563,3673.13,16701.47,10876.9,554
0318,Nordre Aker,2023,10,824,811,968,157,3021791,3667.22,16903.47,10957.17,563
0318,Nordre Aker,2023,11,811,849,983,134,2867586,3535.86,17400.39,11069.76,573
0318,Nordre Aker,2023,12,849,853,985,132,3130591,3687.39,16959.73,11071.22,596
0318,Nordre Aker,2024,1,853,868,1030,162,3134443,3674.61,16830.64,11117.43,601
0318,Nordre Aker,2024,2,868,922,1043,121,3177106,3660.26,16134.35,11127.98,615
0318,Nordre Aker,2024,3,922,927,1050,123,3502177,3798.46,15899.65,11179.11,653
0318,Nordre Aker,2024,4,927,676,1044,368,3507427,3783.63,16081.64,11243.16,657
0318,Nordre Aker,2024,5,676,709,1034,325,2759100,4081.51,12993.47,11463.2,479
0318,Nordre Aker,2024,6,709,697,1044,347,2897879,4087.28,13104.62,11386.73,499
0318,Nordre Aker,2024,7,697,773,1042,269,3131958,4493.48,11795.27,11568.55,478
0318,Nordre Aker,2024,8,773,760,909,149,3231212,4180.09,15284.43,11631.2,519
0318,Nordre Aker,2024,9,760,691,935,244,3181225,4185.82,15152.91,11662.24,517
0318,Nordre Aker,2024,10,691,750,951,201,2899308,4195.81,14997.59,12068.52,488
0318,Nordre Aker,2024,11,750,751,908,157,3092033,4122.71,15911.85,12017.43,536
0318,Nordre Aker,2024,12,751,707,872,165,3081105,4102.67,15956.67,12111.96,542
0318,Nordre Aker,2025,1,707,775,883,108,2889970,4087.65,15985.58,12202.56,508
0318,Nordre Aker,2025,2,775,765,873,108,3244071,4185.9,15720.96,12184.34,566
0318,Nordre Aker,2025,3,765,774,882,108,3219935,4209.07,15560.37,12236.52,558
0318,Nordre Aker,2025,4,774,774,890,116,3249162,4197.88,15964.92,12218.8,564
0318,Nordre Aker,2025,5,774,741,870,129,3269700,4224.42,15619.11,12252.83,576
0318,Nordre Aker,2025,6,741,685,867,182,3147699,4247.91,15579.61,12255.38,548
0318,Nordre Aker,2025,7,685,698,869,171,3312769,4836.16,12831.6,12378.83,473
0318,Nordre Aker,2025,8,698,720,875,155,3227596,4624.06,14795.7,12463.01,491
0318,Nordre Aker,2025,9,720,712,835,123,3302068,4586.21,14853.05,12387.76,503
0318,Nordre Aker,2025,10,712,704,828,124,3225838,4530.67,15514.96,12446.85,500
0318,Nordre Aker,2025,11,704,712,832,120,3232119,4591.08,15166.37,12498.91,500
0318,Nordre Aker,2025,12,712,714,828,114,3249094,4563.33,15384.03,12532.74,508
0318,Nordre Aker,2026,1,714,720,825,105,3241495,4539.91,15495.35,12582.23,513
0318,Nordre Aker,2026,2,720,717,839,122,3283458,4560.36,15621.85,12619.63,518
0318,Nordre Aker,2026,3,717,735,865,130,3224224,4496.83,15623.78,12703.26,520
0318,Nordre Aker,2026,4,735,740,866,126,3329086,4529.37,15185.34,12678.34,535
0318,Nordre Aker,2026,5,740,713,874,161,3347990,4524.31,15377.85,12735.54,534
0318,Nordre Aker,2026,6,713,663,865,202,3264067,4577.93,15255.88,12799.72,516
0318,Nordre Aker,2026,7,663,0,0,0,3265475,4925.3,13948.09,12989.79,448
0319,Bjerke,2010,1,0,963,1020,57,0,,,,0
0319,Bjerke,2010,2,963,985,1042,57,3171458,3293.31,8633.18,7405.2,571
0319,Bjerke,2010,3,985,1025,1062,37,3252188,3301.71,8583.22,7412.39,589
0319,Bjerke,2010,4,1025,1044,1092,48,3372526,3290.27,8520.9,7421.69,618
0319,Bjerke,2010,5,1044,1065,1116,51,3435832,3291.03,8436.05,7433.04,632
0319,Bjerke,2010,6,1065,1072,1125,53,3505248,3291.31,8376.13,7461.47,648
0319,Bjerke,2010,7,1072,1004,1124,120,3518241,3281.94,8371.18,7449.06,653
0319,Bjerke,2010,8,1004,1010,1068,58,3280525,3267.46,8659.82,7399.83,611
0319,Bjerke,2010,9,1010,1002,1062,60,3300325,3267.65,8662.23,7402.91,620
0319,Bjerke,2010,10,1002,982,1085,103,3260523,3254.01,8651.04,7422.09,615
0319,Bjerke,2010,11,982,1011,1068,57,3149525,3207.26,9015.01,7478.18,618
0319,Bjerke,2010,12,1011,1023,1071,48,3235347,3200.15,9097.19,7502.94,644
0319,Bjerke,2011,1,1023,1015,1095,80,3272360,3198.79,9065.21,7511.85,655
0319,Bjerke,2011,2,1015,1021,1085,64,3247221,3199.23,9026.98,7541.28,660
0319,Bjerke,2011,3,1021,1049,1106,57,3268641,3201.41,9021.68,7565.88,668
0319,Bjerke,2011,4,1049,1042,1114,72,3356166,3199.4,9017.73,7564.21,695
0319,Bjerke,2011,5,1042,1043,1092,49,3347870,3212.93,8985.66,7609.85,702
0319,Bjerke,2011,6,1043,1049,1091,42,3353496,3215.24,9007.58,7624.44,706
0319,Bjerke,2011,7,1049,981,1098,117,3369277,3211.89,9060.11,7673.86,713
0319,Bjerke,2011,8,981,961,1029,68,3259247,3322.37,9279.68,7715.07,607
0319,Bjerke,2011,9,961,958,1025,67,3194975,3324.64,9373.93,7736.31,598
0319,Bjerke,2011,10,958,954,1016,62,3182340,3321.86,9481.51,7788.89,601
0319,Bjerke,2011,11,954,978,1007,29,3157923,3310.19,9590.33,7829.28,602
0319,Bjerke,2011,12,978,993,1041,48,3239503,3312.38,9587.51,7868.87,624
0319,Bjerke,2012,1,993,975,1034,59,3282985,3306.13,9678.47,7890.32,630
0319,Bjerke,2012,2,975,975,1022,47,3210148,3292.46,9785.07,7929.61,624
0319,Bjerke,2012,3,975,974,1015,41,3212201,3294.57,9911.82,7960.7,625
0319,Bjerke,2012,4,974,969,1015,46,3207496,3293.12,9909.69,7982.97,629
0319,Bjerke,2012,5,969,960,1019,59,3210293,3313.0,9817.55,8006.24,623
0319,Bjerke,2012,6,960,972,1002,30,3184063,3316.73,9807.73,8052.59,618
0319,Bjerke,2012,7,972,903,997,94,3230318,3323.37,9796.08,8083.22,626
0319,Bjerke,2012,8,903,899,948,49,2886017,3196.03,10519.66,8174.3,594
0319,Bjerke,2012,9,899,914,950,36,2882623,3206.48,10594.42,8271.09,608
0319,Bjerke,2012,10,914,908,957,49,2962113,3240.82,10590.58,8327.86,626
0319,Bjerke,2012,11,908,905,940,35,2938136,3235.83,10647.94,8378.63,624
0319,Bjerke,2012,12,905,910,953,43,2940699,3249.39,10551.69,8412.19,629
0319,Bjerke,2013,1,910,885,936,51,2956579,3248.99,10601.42,8481.39,641
0319,Bjerke,2013,2,885,844,934,90,2883045,3257.68,10537.32,8521.21,625
0319,Bjerke,2013,3,844,871,910,39,2771402,3283.65,10659.18,8610.75,601
0319,Bjerke,2013,4,871,888,908,20,2868436,3293.27,10502.62,8659.02,622
0319,Bjerke,2013,5,888,903,925,22,2929428,3298.91,10452.66,8691.03,638
0319,Bjerke,2013,6,903,916,941,25,2978322,3298.25,10364.78,8693.12,653
0319,Bjerke,2013,7,916,846,944,98,3018736,3295.56,10395.41,8727.26,667
0319,Bjerke,2013,8,846,834,890,56,2726954,3223.35,10779.95,8795.38,622
0319,Bjerke,2013,9,834,853,896,43,2682737,3216.71,10893.64,8858.55,623
0319,Bjerke,2013,10,853,845,904,59,2745767,3218.95,10898.71,8900.23,638
0319,Bjerke,2013,11,845,855,903,48,2708788,3205.67,10997.66,8979.54,638
0319,Bjerke,2013,12,855,856,890,34,2747542,3213.5,10952.73,9008.72,644
0319,Bjerke,2014,1,856,825,894,69,2771861,3238.16,10822.19,9023.27,646
0319,Bjerke,2014,2,825,847,882,35,2772579,3360.7,10875.75,9009.85,606
0319,Bjerke,2014,3,847,865,899,34,2852067,3367.26,10833.07,9047.21,631
0319,Bjerke,2014,4,865,862,911,49,2913729,3368.47,10765.57,9104.03,651
0319,Bjerke,2014,5,862,880,910,30,2923055,3391.02,10691.29,9161.61,652
0319,Bjerke,2014,6,880,872,912,40,2993120,3401.27,10630.64,9206.55,672
0319,Bjerke,2014,7,872,804,918,114,2965947,3401.32,10527.48,9190.54,666
0319,Bjerke,2014,8,804,804,854,50,2729110,3394.42,10521.66,9277.33,623
0319,Bjerke,2014,9,804,794,840,46,2728132,3393.2,10627.07,9338.9,630
0319,Bjerke,2014,10,794,786,833,47,2693262,3392.02,10544.04,9350.54,628
0319,Bjerke,2014,11,786,798,839,41,2676625,3405.38,10514.92,9416.89,623
0319,Bjerke,2014,12,798,812,848,36,2727599,3418.04,10421.09,9458.97,639
0319,Bjerke,2015,1,812,760,853,93,2783944,3428.5,10345.45,9497.89,657
0319,Bjerke,2015,2,760,788,842,54,2648040,3484.26,10621.15,9552.77,596
0319,Bjerke,2015,3,788,786,826,40,2775154,3521.77,10434.45,9573.2,618
0319,Bjerke,2015,4,786,800,830,30,2788578,3547.81,10344.2,9637.1,623
0319,Bjerke,2015,5,800,807,843,36,2860058,3575.07,10156.12,9694.69,641
0319,Bjerke,2015,6,807,817,849,32,2889704,3580.8,10135.21,9746.27,650
0319,Bjerke,2015,7,817,749,852,103,2912098,3564.38,10212.88,9760.94,660
0319,Bjerke,2015,8,749,757,804,47,2657216,3547.68,10262.85,9838.24,609
0319,Bjerke,2015,9,757,768,814,46,2696068,3561.52,10200.49,9866.17,620
0319,Bjerke,2015,10,768,764,811,47,2721785,3543.99,10222.37,9882.12,629
0319,Bjerke,2015,11,764,773,811,38,2686980,3516.99,10336.37,9883.44,626
0319,Bjerke,2015,12,773,774,813,39,2723267,3522.98,10293.27,9935.68,637
0319,Bjerke,2016,1,774,736,826,90,2722932,3518,10227.91,9937.99,637
0319,Bjerke,2016,2,736,763,813,50,2730016,3709.26,10556.38,9939.26,596
0319,Bjerke,2016,3,763,777,827,50,2834516,3714.96,10678.05,10014.44,624
0319,Bjerke,2016,4,777,783,835,52,2873945,3698.77,10660.42,10026.22,640
0319,Bjerke,2016,5,783,798,840,42,2914919,3722.76,10592.35,10113.73,654
0319,Bjerke,2016,6,798,816,858,42,2960188,3709.51,10567.79,10136.4,669
0319,Bjerke,2016,7,816,755,871,116,3032843,3716.72,10452.23,10135.58,686
0319,Bjerke,2016,8,755,769,810,41,2817043,3731.18,10312.04,10217.69,642
0319,Bjerke,2016,9,769,769,828,59,2861722,3721.36,10389.46,10215.62,654
0319,Bjerke,2016,10,769,794,836,42,2872585,3735.48,10486.02,10339.39,663
0319,Bjerke,2016,11,794,800,836,36,2948838,3713.9,10621.83,10376.75,689
0319,Bjerke,2016,12,800,829,871,42,2967910,3709.89,10580.9,10386.67,696
0319,Bjerke,2017,1,829,707,898,191,3073608,3707.61,10403.4,10350.98,719
0319,Bjerke,2017,2,707,771,956,185,2651843,3750.84,9848.87,10375.46,611
0319,Bjerke,2017,3,771,776,985,209,2885922,3743.09,9920.54,10336.14,670
0319,Bjerke,2017,4,776,797,931,134,2915652,3757.28,10074.02,10384.33,674
0319,Bjerke,2017,5,797,747,920,173,2983373,3743.25,9949.29,10352.03,692
0319,Bjerke,2017,6,747,763,914,151,2805612,3755.84,9576.95,10381.26,645
0319,Bjerke,2017,7,763,788,926,138,2947574,3863.14,9609.25,10338.51,656
0319,Bjerke,2017,8,788,798,938,140,3078803,3907.11,9174.26,10407.14,680
0319,Bjerke,2017,9,798,806,975,169,3127477,3919.14,9038.48,10420.01,691
0319,Bjerke,2017,10,806,787,984,197,3102538,3849.3,9361.66,10377.84,694
0319,Bjerke,2017,11,787,838,1004,166,3028021,3847.55,9539.13,10511.32,688
0319,Bjerke,2017,12,838,825,987,162,3258438,3888.35,9204.74,10396.36,725
0319,Bjerke,2018,1,825,812,998,186,3197019,3875.17,9207.69,10408.25,714
0319,Bjerke,2018,2,812,849,1002,153,3111329,3831.69,9075.02,10474.33,710
0319,Bjerke,2018,3,849,851,1021,170,3294999,3881.04,9153.36,10493.24,740
0319,Bjerke,2018,4,851,831,1016,185,3284747,3859.87,9375.9,10571.91,749
0319,Bjerke,2018,5,831,850,1018,168,3199120,3849.72,9574.49,10642.22,739
0319,Bjerke,2018,6,850,810,1016,206,3291668,3872.55,9492.96,10587.78,747
0319,Bjerke,2018,7,810,798,997,199,3151634,3890.91,9645.37,10648.7,706
0319,Bjerke,2018,8,798,848,993,145,3119530,3909.19,9497.68,10773.04,698
0319,Bjerke,2018,9,848,850,991,141,3369041,3972.93,9391.02,10797.04,742
0319,Bjerke,2018,10,850,817,1031,214,3348972,3939.97,9746.85,10845.26,746
0319,Bjerke,2018,11,817,815,998,183,3181941,3894.66,9949.77,10854.94,712
0319,Bjerke,2018,12,815,785,967,182,3151454,3866.81,9984.8,10776.46,705
0319,Bjerke,2019,1,785,829,980,151,3045166,3879.19,9812.34,10874.61,680
0319,Bjerke,2019,2,829,831,977,146,3295428,3975.18,9807.25,10801.24,715
0319,Bjerke,2019,3,831,820,970,150,3283815,3951.64,10185.14,10818.26,711
0319,Bjerke,2019,4,820,775,960,185,3276896,3996.21,9966.52,10856.73,702
0319,Bjerke,2019,5,775,791,969,178,3063104,3952.39,10106.47,10898.62,669
0319,Bjerke,2019,6,791,791,956,165,3133502,3961.44,10138.22,10841.98,679
0319,Bjerke,2019,7,791,787,969,182,3174402,4013.15,10395.89,10910.41,671
0319,Bjerke,2019,8,787,845,994,149,3360342,4269.81,9937.26,11039.61,667
0319,Bjerke,2019,9,845,789,999,210,3628979,4294.65,10224.85,11059.02,712
0319,Bjerke,2019,10,789,827,1002,175,3384879,4290.09,10048.36,11073.13,661
0319,Bjerke,2019,11,827,863,1016,153,3518416,4254.43,10294.25,11035.81,698
0319,Bjerke,2019,12,863,823,1008,185,3632838,4209.55,10751.81,11085.59,729
0319,Bjerke,2020,1,823,856,1013,157,3395430,4125.67,10727.73,11046.92,690
0319,Bjerke,2020,2,856,869,1015,146,3579557,4181.73,10703.81,11091.51,720
0319,Bjerke,2020,3,869,841,1041,200,3634108,4181.94,10943.72,11170.4,738
0319,Bjerke,2020,4,841,940,1073,133,3489577,4149.32,10741.87,11168.27,712
0319,Bjerke,2020,5,940,919,1094,175,4522483,4811.15,10949.47,11138.89,657
0319,Bjerke,2020,6,919,886,1108,222,4399607,4787.39,11083.02,11210.29,652
0319,Bjerke,2020,7,886,976,1131,155,4227407,4771.34,11391.08,11129.17,603
0319,Bjerke,2020,8,976,946,1130,184,4718168,4834.19,11329.69,11203.71,668
0319,Bjerke,2020,9,946,977,1133,156,4531100,4789.75,11498.49,11215.79,642
0319,Bjerke,2020,10,977,993,1129,136,4687015,4797.35,11691.53,11240.94,678
0319,Bjerke,2020,11,993,907,1149,242,4729822,4763.16,11766.15,11270.08,699
0319,Bjerke,2020,12,907,931,1143,212,3785268,4173.39,10907.48,11283.2,775
0319,Bjerke,2021,1,931,951,1191,240,3942082,4234.24,10627.21,11195.4,794
0319,Bjerke,2021,2,951,950,1140,190,3906647,4107.94,11390.16,11205.24,810
0319,Bjerke,2021,3,950,889,1142,253,3908640,4114.36,11396.47,11211.82,809
0319,Bjerke,2021,4,889,932,1118,186,3595035,4043.91,11616.71,11350.0,764
0319,Bjerke,2021,5,932,823,1082,259,3788462,4064.87,11908.94,11324.11,797
0319,Bjerke,2021,6,823,780,1049,269,3288029,3995.17,11860.33,11410.84,710
0319,Bjerke,2021,7,780,853,1024,171,3204139,4107.87,12078.36,11294.86,643
0319,Bjerke,2021,8,853,782,1005,223,3545889,4156.96,12416.14,11428.55,708
0319,Bjerke,2021,9,782,814,993,179,3260758,4169.77,12088.55,11485.83,653
0319,Bjerke,2021,10,814,795,995,200,3418764,4199.96,12237.11,11435.44,676
0319,Bjerke,2021,11,795,735,979,244,3299379,4150.16,12449.63,11441.8,666
0319,Bjerke,2021,12,735,862,1021,159,2988893,4066.52,12686.25,11564.27,617
0319,Bjerke,2022,1,862,906,1088,182,3539973,4106.7,14454.0,11563.74,728
0319,Bjerke,2022,2,906,940,1122,182,3753136,4142.53,15174.33,11573.14,760
0319,Bjerke,2022,3,940,952,1165,213,3925587,4176.16,15169.34,11567.26,785
0319,Bjerke,2022,4,952,959,1192,233,3941425,4140.15,15498.78,11679.83,807
0319,Bjerke,2022,5,959,929,1159,230,4046888,4219.9,15185.19,11695.38,815
0319,Bjerke,2022,6,929,904,1156,252,3765153,4052.91,15723.21,11772.51,794
0319,Bjerke,2022,7,904,971,1127,156,3681945,4072.95,16268.28,11680.64,754
0319,Bjerke,2022,8,971,920,1126,206,4055557,4176.68,15637.7,11777.86,821
0319,Bjerke,2022,9,920,945,1135,190,3805637,4136.56,15733.25,11848.91,782
0319,Bjerke,2022,10,945,930,1169,239,3930703,4159.47,15781.12,11798.22,796
0319,Bjerke,2022,11,930,968,1222,254,3740753,4022.32,16305.43,11858.36,792
0319,Bjerke,2022,12,968,965,1253,288,3929265,4059.16,16275.23,11818.25,820
0319,Bjerke,2023,1,965,980,1254,274,3915698,4057.72,16576.33,11934.72,822
0319,Bjerke,2023,2,980,1042,1264,222,3875619,3954.71,16751.03,12059.11,846
0319,Bjerke,2023,3,1042,1049,1254,205,4239500,4068.62,16523.36,12044.08,890
0319,Bjerke,2023,4,1049,1047,1262,215,4232823,4035.1,16838.85,12092.38,898
0319,Bjerke,2023,5,1047,977,1268,291,4233391,4043.35,16829.3,12156.72,895
0319,Bjerke,2023,6,977,988,1254,266,3778607,3867.56,17327.48,12165.85,840
0319,Bjerke,2023,7,988,984,1236,252,4266981,4318.81,16223.55,12265.68,816
0319,Bjerke,2023,8,984,1007,1186,179,3952063,4016.32,17867.13,12372.38,809
0319,Bjerke,2023,9,1007,1000,1197,197,4142243,4113.45,17415.27,12458.26,831
0319,Bjerke,2023,10,1000,948,1178,230,4043829,4043.83,17867.55,12531.56,821
0319,Bjerke,2023,11,948,1002,1178,176,3760792,3967.08,18610.08,12622.5,790
0319,Bjerke,2023,12,1002,1008,1211,203,4010472,4002.47,18503.74,12669.33,833
0319,Bjerke,2024,1,1008,1002,1235,233,4029339,3997.36,18493.27,12686.03,839
0319,Bjerke,2024,2,1002,1030,1218,188,4022469,4014.44,17574.29,12703.62,825
0319,Bjerke,2024,3,1030,1053,1233,180,4110679,3990.95,18001.34,12683.93,844
0319,Bjerke,2024,4,1053,821,1229,408,4307792,4090.97,17794.29,12835.29,877
0319,Bjerke,2024,5,821,878,1229,351,3455089,4208.39,15363.36,12907.31,675
0319,Bjerke,2024,6,878,877,1272,395,3772188,4296.34,14693.38,12767.43,708
0319,Bjerke,2024,7,877,968,1289,321,4007345,4569.38,14979.55,12868.43,683
0319,Bjerke,2024,8,968,970,1140,170,4317990,4460.73,16804.82,13022.3,756
0319,Bjerke,2024,9,970,915,1185,270,4338044,4472.21,16666.42,13036.26,752
0319,Bjerke,2024,10,915,977,1213,236,4004920,4376.96,17127.86,13353.02,727
0319,Bjerke,2024,11,977,983,1211,228,4394003,4497.44,17206.36,13446.55,780
0319,Bjerke,2024,12,983,925,1165,240,4372450,4448.07,17149.05,13498.82,787
0319,Bjerke,2025,1,925,999,1168,169,4151401,4488.0,16925.09,13549.78,746
0319,Bjerke,2025,2,999,1003,1176,173,4493648,4498.15,17050.3,13616.04,806
0319,Bjerke,2025,3,1003,1007,1191,184,4523718,4510.19,17142.3,13759.38,815
0319,Bjerke,2025,4,1007,993,1186,193,4598941,4566.97,16638.42,13883.11,829
0319,Bjerke,2025,5,993,969,1193,224,4553878,4585.98,16602.51,13965.84,822
0319,Bjerke,2025,6,969,947,1186,239,4438895,4580.9,16324.59,13985.37,803
0319,Bjerke,2025,7,947,964,1188,224,4768186,5035.04,14924.85,14178.79,763
0319,Bjerke,2025,8,964,984,1177,193,4731400,4908.09,16110.37,14276.23,781
0319,Bjerke,2025,9,984,976,1170,194,4841072,4919.79,15968.15,14340.99,801
0319,Bjerke,2025,10,976,961,1183,222,4797097,4915.06,16045.07,14363.15,796
0319,Bjerke,2025,11,961,1004,1225,221,4676381,4866.16,16397.35,14384.09,787
0319,Bjerke,2025,12,1004,1013,1208,195,4843037,4823.74,16601.11,14570.15,829
0319,Bjerke,2026,1,1013,1035,1213,178,4868478,4806,16624.95,14628.92,844
0319,Bjerke,2026,2,1035,1046,1226,180,5023817,4853.93,16554.85,14724.45,868
0319,Bjerke,2026,3,1046,1038,1230,192,5017729,4797.06,16645.46,14797.84,878
0319,Bjerke,2026,4,1038,1057,1227,170,5053771,4868.76,16389.36,14849.25,870
0319,Bjerke,2026,5,1057,1014,1231,217,5093724,4819.04,16655.1,14895.57,889
0319,Bjerke,2026,6,1014,993,1215,222,4985858,4917.02,16107.79,14905.46,852
0319,Bjerke,2026,7,993,0,0,0,5119641,5155.73,15549.88,14948.69,805
0320,Grorud,2010,1,0,876,922,46,0,,,,0
0320,Grorud,2010,2,876,897,947,50,2583863,2949.62,10025.64,6599.97,365
0320,Grorud,2010,3,897,913,951,38,2635775,2938.43,10037.75,6622.91,378
0320,Grorud,2010,4,913,929,960,31,2683897,2939.65,10024.03,6675.0,396
0320,Grorud,2010,5,929,961,988,27,2733132,2942.02,9921.66,6690.38,405
0320,Grorud,2010,6,961,963,1001,38,2834053,2949.07,9868.41,6722.46,426
0320,Grorud,2010,7,963,910,1000,90,2846108,2955.46,9870.04,6734.84,427
0320,Grorud,2010,8,910,932,968,36,2644265,2905.79,10748.85,6737.28,404
0320,Grorud,2010,9,932,949,992,43,2715022,2913.11,10694.73,6804.5,430
0320,Grorud,2010,10,949,950,999,49,2770726,2919.63,10597.92,6851.1,449
0320,Grorud,2010,11,950,970,1002,32,2756130,2901.19,10714.23,6875.19,457
0320,Grorud,2010,12,970,982,1011,29,2814141,2901.18,10699.65,6919.03,477
0320,Grorud,2011,1,982,972,1042,70,2851253,2903.52,10629.86,6914.31,484
0320,Grorud,2011,2,972,995,1038,43,2802186,2882.91,10750.58,6924.86,483
0320,Grorud,2011,3,995,999,1046,47,2891829,2906.36,10714.6,6993.0,506
0320,Grorud,2011,4,999,1010,1051,41,2906211,2909.12,10728.23,7025.5,517
0320,Grorud,2011,5,1010,1022,1052,30,2937833,2908.75,10685.02,7053.45,533
0320,Grorud,2011,6,1022,1033,1061,28,2969966,2906.03,10657.09,7055.04,538
0320,Grorud,2011,7,1033,963,1076,113,3005278,2909.27,10627.9,7055.53,542
0320,Grorud,2011,8,963,982,1023,41,2873648,2984.06,11126.46,7117.73,475
0320,Grorud,2011,9,982,999,1037,38,2931371,2985.1,11160.5,7169.96,495
0320,Grorud,2011,10,999,994,1044,50,2984326,2987.31,11150.63,7196.75,506
0320,Grorud,2011,11,994,1014,1049,35,2962807,2980.69,11148.98,7208.22,510
0320,Grorud,2011,12,1014,1016,1055,39,3023821,2982.07,11259.49,7263.83,530
0320,Grorud,2012,1,1016,1016,1066,50,3045989,2998.02,11178.46,7287.89,537
0320,Grorud,2012,2,1016,1020,1050,30,3019868,2972.31,11229.0,7299.04,540
0320,Grorud,2012,3,1020,1018,1055,37,3029188,2969.79,11308.08,7309.87,542
0320,Grorud,2012,4,1018,1023,1045,22,3049199,2995.28,11239.34,7333.2,546
0320,Grorud,2012,5,1023,1010,1053,43,3054158,2985.49,11272.36,7356.44,552
0320,Grorud,2012,6,1010,1031,1053,22,3010606,2980.8,11346.59,7386.56,549
0320,Grorud,2012,7,1031,953,1054,101,3075993,2983.5,11277.73,7391.62,561
0320,Grorud,2012,8,953,960,991,31,2765966,2902.38,11619.36,7441.47,529
0320,Grorud,2012,9,960,958,998,40,2786883,2903.0,11652.01,7489.16,543
0320,Grorud,2012,10,958,954,997,43,2793790,2916.27,11603.03,7510.49,546
0320,Grorud,2012,11,954,968,999,31,2769212,2902.74,11693.09,7529.34,549
0320,Grorud,2012,12,968,972,1007,35,2813192,2906.19,11703.25,7561.44,560
0320,Grorud,2013,1,972,947,1012,65,2819404,2900.62,11681.81,7590.35,559
0320,Grorud,2013,2,947,926,1007,81,2751619,2905.62,11745.13,7624.22,548
0320,Grorud,2013,3,926,941,975,34,2724431,2942.15,11615.86,7696.85,547
0320,Grorud,2013,4,941,960,989,29,2766571,2940.03,11615.43,7719.49,560
0320,Grorud,2013,5,960,976,1008,32,2830122,2948.04,11544.25,7813.53,576
0320,Grorud,2013,6,976,982,1017,35,2889293,2960.34,11456.88,7843.2,594
0320,Grorud,2013,7,982,933,1030,97,2902292,2955.49,11495.63,7862.95,604
0320,Grorud,2013,8,933,927,978,51,2719001,2914.26,11603.0,7951.0,592
0320,Grorud,2013,9,927,949,999,50,2699906,2912.52,11546.74,7977.09,597
0320,Grorud,2013,10,949,955,1005,50,2767740,2916.48,11536.16,8024.08,614
0320,Grorud,2013,11,955,977,1016,39,2794452,2926.13,11453.4,8049.93,618
0320,Grorud,2013,12,977,990,1029,39,2892975,2961.08,11344.05,8156.89,648
0320,Grorud,2014,1,990,972,1045,73,2921218,2950.73,11393.24,8113.27,658
0320,Grorud,2014,2,972,997,1036,39,2940754,3025.47,11464.92,8117.9,617
0320,Grorud,2014,3,997,1015,1057,42,3020639,3029.73,11359.86,8150.58,639
0320,Grorud,2014,4,1015,1032,1075,43,3078179,3032.69,11449.4,8240.28,660
0320,Grorud,2014,5,1032,1037,1087,50,3146579,3049.01,11388.44,8273.41,679
0320,Grorud,2014,6,1037,1063,1103,40,3169352,3056.27,11328.26,8293.03,685
0320,Grorud,2014,7,1063,1003,1099,96,3263713,3070.29,11308.41,8338.03,710
0320,Grorud,2014,8,1003,1010,1058,48,2998726,2989.76,11610.16,8386.68,680
0320,Grorud,2014,9,1010,1010,1067,57,3026455,2996.49,11605.65,8399.0,685
0320,Grorud,2014,10,1010,1010,1058,48,3030735,3000.73,11621.47,8439.97,687
0320,Grorud,2014,11,1010,1032,1078,46,3025355,2995.4,11681.95,8472.73,689
0320,Grorud,2014,12,1032,1033,1083,50,3094359,2998.41,11690.63,8521.12,709
0320,Grorud,2015,1,1033,993,1088,95,3111440,3012.04,11563.91,8547.43,713
0320,Grorud,2015,2,993,1002,1053,51,3050783,3072.29,11609.5,8617.96,660
0320,Grorud,2015,3,1002,1001,1053,52,3091108,3084.94,11537.91,8638.84,666
0320,Grorud,2015,4,1001,1008,1047,39,3098075,3094.98,11500.93,8637.36,664
0320,Grorud,2015,5,1008,1019,1067,48,3125945,3101.14,11501.39,8667.69,673
0320,Grorud,2015,6,1019,1034,1076,42,3174614,3115.42,11431.02,8689.37,685
0320,Grorud,2015,7,1034,962,1063,101,3232961,3126.65,11345.21,8699.44,693
0320,Grorud,2015,8,962,981,1010,29,2944914,3061.24,11347.48,8760.82,657
0320,Grorud,2015,9,981,975,1029,54,3023616,3082.18,11263.27,8807.03,675
0320,Grorud,2015,10,975,990,1035,45,3001438,3078.4,11307.22,8843.4,677
0320,Grorud,2015,11,990,994,1036,42,3053715,3084.56,11281.27,8836.92,684
0320,Grorud,2015,12,994,993,1033,40,3086204,3104.83,11196.58,8892.16,689
0320,Grorud,2016,1,993,967,1036,69,3085422,3107.17,11283.2,8931.17,693
0320,Grorud,2016,2,967,993,1027,34,3095314,3200.95,11466.61,8916.25,652
0320,Grorud,2016,3,993,1002,1044,42,3188419,3210.9,11382.45,8932.77,674
0320,Grorud,2016,4,1002,1003,1045,42,3228948,3222.5,11301.99,8950.24,682
0320,Grorud,2016,5,1003,1002,1048,46,3237532,3227.85,11271.57,8954.64,680
0320,Grorud,2016,6,1002,1010,1050,40,3253684,3247.19,11311.79,9019.7,683
0320,Grorud,2016,7,1010,930,1054,124,3277000,3244.55,11250.82,9020.0,688
0320,Grorud,2016,8,930,937,976,39,2952510,3174.74,11372.02,9045.26,636
0320,Grorud,2016,9,937,936,997,61,2970026,3169.72,11389.14,9035.28,638
0320,Grorud,2016,10,936,928,987,59,2974303,3177.67,11374.36,9046.44,637
0320,Grorud,2016,11,928,943,974,31,2989027,3220.93,11195.15,9083.3,638
0320,Grorud,2016,12,943,955,995,40,3044402,3228.42,11079.73,9100.97,650
0320,Grorud,2017,1,955,826,1011,185,3076144,3221.09,10984.66,9074.86,656
0320,Grorud,2017,2,826,885,1050,165,2659843,3220.15,10777.03,9052.01,571
0320,Grorud,2017,3,885,874,1075,201,2849402,3219.66,11173.73,9126.53,617
0320,Grorud,2017,4,874,892,1032,140,2792670,3195.27,11382.3,9181.81,612
0320,Grorud,2017,5,892,836,1026,190,2865027,3211.91,11267.57,9226.2,631
0320,Grorud,2017,6,836,850,1006,156,2674972,3199.73,11185.26,9207.31,590
0320,Grorud,2017,7,850,874,996,122,2819001,3316.47,11330.03,9168.08,588
0320,Grorud,2017,8,874,876,1014,138,2882928,3298.54,11164.11,9219.88,611
0320,Grorud,2017,9,876,890,1011,121,2978095,3399.65,10903.83,9278.76,617
0320,Grorud,2017,10,890,875,1027,152,3030765,3405.35,11019.84,9391.24,638
0320,Grorud,2017,11,875,885,1016,131,2969277,3393.46,11065.94,9361.05,629
0320,Grorud,2017,12,885,892,1010,118,2994102,3383.17,11029.43,9369.0,639
0320,Grorud,2018,1,892,863,1016,153,2993498,3355.94,11067.74,9351.11,641
0320,Grorud,2018,2,863,898,1021,123,2876505,3333.15,10853.99,9343.42,619
0320,Grorud,2018,3,898,906,1036,130,3040853,3386.25,11088.52,9422.33,650
0320,Grorud,2018,4,906,892,1043,151,3050045,3366.5,11093.32,9430.86,661
0320,Grorud,2018,5,892,902,1041,139,3007615,3371.77,10912.34,9458.24,661
0320,Grorud,2018,6,902,855,1044,189,2989218,3313.99,11190.04,9486.96,672
0320,Grorud,2018,7,855,877,1045,168,2872275,3359.39,11114.33,9476.91,619
0320,Grorud,2018,8,877,869,1046,177,2980900,3398.97,10975.42,9591.51,638
0320,Grorud,2018,9,869,887,1024,137,2981963,3431.49,10941.02,9607.83,635
0320,Grorud,2018,10,887,854,1040,186,3032126,3418.41,10981.18,9627.37,646
0320,Grorud,2018,11,854,874,1020,146,2950697,3455.15,10849.7,9613.75,621
0320,Grorud,2018,12,874,843,1015,172,2972535,3401.07,11066.21,9597.78,638
0320,Grorud,2019,1,843,867,1022,155,2816857,3341.47,11341.93,9617.21,614
0320,Grorud,2019,2,867,857,1012,155,3016310,3479.02,11113.67,9718.47,635
0320,Grorud,2019,3,857,882,1001,119,3021002,3525.09,11246.96,9728.78,632
0320,Grorud,2019,4,882,831,987,156,3083220,3495.71,11312.38,9791.32,650
0320,Grorud,2019,5,831,845,989,144,2876333,3461.29,11424.36,9828.51,620
0320,Grorud,2019,6,845,811,988,177,2912857,3447.17,11461.94,9795.74,628
0320,Grorud,2019,7,811,809,961,152,2802791,3455.97,11702.48,9864.52,599
0320,Grorud,2019,8,809,824,942,118,2972374,3674.13,11409.21,9916.66,582
0320,Grorud,2019,9,824,791,951,160,3054825,3707.31,11477.48,9943.61,589
0320,Grorud,2019,10,791,827,954,127,2942230,3719.63,11498.71,10010.17,574
0320,Grorud,2019,11,827,812,951,139,3068253,3710.1,11535.4,9966.03,595
0320,Grorud,2019,12,812,808,938,130,2999255,3693.66,11708.33,9994.49,584
0320,Grorud,2020,1,808,814,939,125,2936564,3634.36,11855.1,9999.91,581
0320,Grorud,2020,2,814,824,951,127,3037651,3731.76,11524.82,10084.54,591
0320,Grorud,2020,3,824,820,972,152,3047164,3698.01,11708.07,10037.3,593
0320,Grorud,2020,4,820,872,985,113,3051937,3721.87,11864.06,10148.94,599
0320,Grorud,2020,5,872,857,985,128,3730384,4277.96,12223.18,10120.05,481
0320,Grorud,2020,6,857,841,1004,163,3635993,4242.7,12273.37,10168.63,476
0320,Grorud,2020,7,841,880,1013,133,3604612,4286.1,12578.6,10140.54,441
0320,Grorud,2020,8,880,865,1003,138,3808129,4327.42,12489.18,10244.14,470
0320,Grorud,2020,9,865,893,996,103,3727182,4308.88,12292.87,10230.56,466
0320,Grorud,2020,10,893,903,998,95,3876378,4340.85,12120.95,10277.91,487
0320,Grorud,2020,11,903,821,1004,183,3863187,4278.17,12513.09,10305.77,499
0320,Grorud,2020,12,821,846,996,150,3123380,3804.36,11727.73,10323.57,609
0320,Grorud,2021,1,846,875,1037,162,3180283,3759.2,11954.22,10331.03,635
0320,Grorud,2021,2,875,870,985,115,3166661,3619.04,12499.1,10322.26,661
0320,Grorud,2021,3,870,825,994,169,3160703,3632.99,12357.56,10322.04,659
0320,Grorud,2021,4,825,853,982,129,3008264,3646.38,12411.62,10423.75,628
0320,Grorud,2021,5,853,796,979,183,3096846,3630.53,12565.24,10402.5,656
0320,Grorud,2021,6,796,720,960,240,2775531,3486.85,12852.73,10547.15,625
0320,Grorud,2021,7,720,797,946,149,2638855,3665.08,12874.39,10452.92,518
0320,Grorud,2021,8,797,746,928,182,2918346,3661.66,13117.28,10449.46,575
0320,Grorud,2021,9,746,773,894,121,2719630,3645.62,12971.0,10478.23,534
0320,Grorud,2021,10,773,776,908,132,2812783,3638.79,13183.23,10435.84,555
0320,Grorud,2021,11,776,723,907,184,2851122,3674.13,12972.7,10427.12,551
0320,Grorud,2021,12,723,835,959,124,2556139,3535.46,13455.94,10467.52,522
0320,Grorud,2022,1,835,869,1016,147,3102345,3715.38,14982.46,10490.87,601
0320,Grorud,2022,2,869,916,1033,117,3268693,3761.44,15539.7,10532.92,602
0320,Grorud,2022,3,916,915,1066,151,3484670,3804.22,15509.28,10581.1,642
0320,Grorud,2022,4,915,918,1089,171,3442454,3762.24,15961.85,10638.13,643
0320,Grorud,2022,5,918,881,1070,189,3451181,3759.46,15765.37,10649.68,650
0320,Grorud,2022,6,881,855,1081,226,3260590,3701.01,15968.34,10696.88,628
0320,Grorud,2022,7,855,915,1042,127,3127340,3657.71,16668.94,10706.63,599
0320,Grorud,2022,8,915,909,1070,161,3374960,3688.48,16301.77,10697.43,639
0320,Grorud,2022,9,909,935,1074,139,3339994,3674.36,16330.35,10803.34,649
0320,Grorud,2022,10,935,916,1071,155,3489503,3732.09,16299.87,10799.72,663
0320,Grorud,2022,11,916,941,1100,159,3348577,3655.65,16858.09,10855.69,654
0320,Grorud,2022,12,941,954,1141,187,3452691,3669.17,17103.45,10952.24,688
0320,Grorud,2023,1,954,962,1153,191,3492628,3661.04,17197.15,11045.85,709
0320,Grorud,2023,2,962,1017,1178,161,3445064,3581.15,17350.04,11058.88,712
0320,Grorud,2023,3,1017,1021,1180,159,3682254,3620.7,17421.15,11111.72,763
0320,Grorud,2023,4,1021,1057,1201,144,3710491,3634.17,17680.68,11227.62,778
0320,Grorud,2023,5,1057,1008,1219,211,3849714,3642.11,17658.6,11275.64,810
0320,Grorud,2023,6,1008,992,1214,222,3573032,3544.67,17954.29,11350.91,784
0320,Grorud,2023,7,992,1020,1227,207,3721429,3751.44,17494.05,11366.5,739
0320,Grorud,2023,8,1020,1046,1192,146,3609370,3538.6,18960.83,11428.47,763
0320,Grorud,2023,9,1046,1041,1176,135,3841651,3672.71,18397.74,11449.85,791
0320,Grorud,2023,10,1041,1010,1187,177,3706649,3560.66,18904.85,11482.25,789
0320,Grorud,2023,11,1010,1047,1188,141,3567541,3532.22,19004.97,11596.6,767
0320,Grorud,2023,12,1047,1052,1187,135,3762283,3593.39,18760.31,11650.03,807
0320,Grorud,2024,1,1052,1043,1209,166,3776140,3589.49,18889.32,11698.69,810
0320,Grorud,2024,2,1043,1078,1200,122,3682551,3530.73,19052.34,11805.05,816
0320,Grorud,2024,3,1078,1077,1214,137,3844458,3566.29,19129.02,11817.85,839
0320,Grorud,2024,4,1077,795,1203,408,3845201,3570.29,19282.13,11973.95,850
0320,Grorud,2024,5,795,834,1199,365,2971357,3737.56,15883.92,11993.79,616
0320,Grorud,2024,6,834,831,1201,370,3144729,3770.66,15791.96,11991.07,659
0320,Grorud,2024,7,831,902,1202,300,3308883,3981.81,15906.65,12049.21,624
0320,Grorud,2024,8,902,909,1052,143,3541739,3926.54,17735.61,12160.39,648
0320,Grorud,2024,9,909,869,1087,218,3597818,3958.0,17699.01,12182.19,658
0320,Grorud,2024,10,869,921,1116,195,3476834,4000.96,17437.57,12477.49,656
0320,Grorud,2024,11,921,918,1064,146,3673162,3988.23,17902.44,12522.53,695
0320,Grorud,2024,12,918,885,1057,172,3604326,3926.28,18211.36,12607.93,700
0320,Grorud,2025,1,885,932,1074,142,3425883,3871.05,18163.64,12545.35,675
0320,Grorud,2025,2,932,933,1066,133,3651823,3918.27,18248.29,12757.64,728
0320,Grorud,2025,3,933,921,1060,139,3681939,3946.34,18318.12,12828.74,731
0320,Grorud,2025,4,921,912,1050,138,3634669,3946.44,18395.13,12923.36,727
0320,Grorud,2025,5,912,895,1038,143,3633854,3984.49,18223.94,12983.45,728
0320,Grorud,2025,6,895,821,1024,203,3532091,3946.47,18371.31,12949.98,715
0320,Grorud,2025,7,821,837,1010,173,3542775,4315.19,17324.55,13033.19,610
0320,Grorud,2025,8,837,848,1015,167,3579188,4276.21,17850.82,13135.38,629
0320,Grorud,2025,9,848,862,994,132,3634783,4286.3,17959.6,13252.41,640
0320,Grorud,2025,10,862,853,1001,148,3707978,4301.6,18309.76,13354.72,658
0320,Grorud,2025,11,853,853,1008,155,3687987,4323.55,18132.7,13370.77,655
0320,Grorud,2025,12,853,841,985,144,3617133,4240.48,18541.57,13471.41,656
0320,Grorud,2026,1,841,836,987,151,3611451,4294.23,18223.36,13465.77,645
0320,Grorud,2026,2,836,830,983,153,3618412,4328.24,18092.08,13618.76,648
0320,Grorud,2026,3,830,828,961,133,3585625,4320.03,18140.67,13677.56,644
0320,Grorud,2026,4,828,838,966,128,3561712,4301.58,18173.45,13756.95,646
0320,Grorud,2026,5,838,836,979,143,3645924,4350.74,18141.78,13884.21,659
0320,Grorud,2026,6,836,792,989,197,3621046,4331.39,18171.54,13867.04,661
0320,Grorud,2026,7,792,0,0,0,3608396,4556.06,17872.0,14037.3,603
0321,Stovner,2010,1,0,793,843,50,0,,,,0
0321,Stovner,2010,2,793,828,865,37,2428290,3062.16,10122.5,7425.93,409
0321,Stovner,2010,3,828,850,890,40,2542104,3070.17,9983.11,7449.45,432
0321,Stovner,2010,4,850,873,913,40,2616063,3077.72,9899.69,7466.11,445
0321,Stovner,2010,5,873,894,917,23,2684141,3074.62,9887.36,7504.93,458
0321,Stovner,2010,6,894,920,949,29,2756585,3083.43,9845.19,7513.36,473
0321,Stovner,2010,7,920,891,968,77,2844427,3091.77,9779.63,7530.59,490
0321,Stovner,2010,8,891,901,948,47,2744997,3080.8,10366.01,7578.83,477
0321,Stovner,2010,9,901,921,961,40,2770639,3075.07,10326.25,7588.31,488
0321,Stovner,2010,10,921,910,978,68,2841434,3085.16,10195.94,7592.48,501
0321,Stovner,2010,11,910,937,968,31,2830550,3110.49,10109.94,7632.35,501
0321,Stovner,2010,12,937,945,977,32,2917993,3114.19,10112.05,7685.39,523
0321,Stovner,2011,1,945,930,993,63,2944005,3115.35,10062.87,7734.85,535
0321,Stovner,2011,2,930,954,999,45,2897125,3115.19,10017.13,7735.47,524
0321,Stovner,2011,3,954,981,1019,38,2961310,3104.1,10098.34,7763.11,545
0321,Stovner,2011,4,981,990,1019,29,3049210,3108.27,10020.43,7808.81,563
0321,Stovner,2011,5,990,998,1029,31,3073503,3104.55,10029.24,7831.27,574
0321,Stovner,2011,6,998,1017,1048,31,3098756,3104.97,9978.51,7829.63,582
0321,Stovner,2011,7,1017,994,1064,70,3160561,3107.73,9923.88,7838.38,596
0321,Stovner,2011,8,994,997,1035,38,3140039,3158.99,10420.25,7851.95,544
0321,Stovner,2011,9,997,1017,1046,29,3162218,3171.73,10406.67,7889.6,549
0321,Stovner,2011,10,1017,1016,1053,37,3237384,3183.27,10374.82,7955.68,571
0321,Stovner,2011,11,1016,1024,1049,25,3242622,3191.56,10407.28,7976.97,573
0321,Stovner,2011,12,1024,1036,1054,18,3281625,3204.71,10398.26,8004.89,583
0321,Stovner,2012,1,1036,1036,1074,38,3314668,3199.49,10397.9,7998.35,591
0321,Stovner,2012,2,1036,1049,1078,29,3285323,3171.16,10537.32,8065.32,599
0321,Stovner,2012,3,1049,1074,1090,16,3352437,3195.84,10437.73,8071.65,609
0321,Stovner,2012,4,1074,1091,1114,23,3430863,3194.47,10490.45,8125.85,633
0321,Stovner,2012,5,1091,1080,1120,40,3506970,3214.45,10417.84,8169.21,650
0321,Stovner,2012,6,1080,1101,1126,25,3472900,3215.65,10426.71,8201.2,653
0321,Stovner,2012,7,1101,1005,1116,111,3539143,3214.48,10377.22,8200.3,665
0321,Stovner,2012,8,1005,1008,1051,43,3156223,3140.52,10917.2,8281.97,615
0321,Stovner,2012,9,1008,1023,1059,36,3160570,3135.49,10998.96,8384.86,629
0321,Stovner,2012,10,1023,1022,1054,32,3232979,3160.29,10913.78,8391.68,641
0321,Stovner,2012,11,1022,1029,1064,35,3196732,3127.92,11172.87,8374.03,639
0321,Stovner,2012,12,1029,1039,1065,26,3223582,3132.73,11191.7,8356.38,652
0321,Stovner,2013,1,1039,1019,1072,53,3253536,3131.41,11125.98,8357.74,667
0321,Stovner,2013,2,1019,1025,1082,57,3217395,3157.4,10971.03,8410.43,662
0321,Stovner,2013,3,1025,1045,1078,33,3236452,3157.51,10886.06,8420.17,667
0321,Stovner,2013,4,1045,1063,1089,26,3325406,3182.21,10814.69,8488.03,688
0321,Stovner,2013,5,1063,1073,1100,27,3393923,3192.78,10710.36,8526.09,706
0321,Stovner,2013,6,1073,1093,1122,29,3426096,3193.01,10735.2,8549.47,719
0321,Stovner,2013,7,1093,1030,1133,103,3494518,3197.18,10774.68,8579.04,741
0321,Stovner,2013,8,1030,1035,1080,45,3209270,3115.8,11196.61,8654.37,712
0321,Stovner,2013,9,1035,1056,1089,33,3230620,3121.37,11201.01,8714.28,719
0321,Stovner,2013,10,1056,1060,1102,42,3298676,3123.75,11105.96,8760.65,742
0321,Stovner,2013,11,1060,1078,1102,24,3313399,3125.85,11032.04,8799.11,751
0321,Stovner,2013,12,1078,1083,1106,23,3367853,3124.17,11008.55,8815.19,766
0321,Stovner,2014,1,1083,1058,1113,55,3418091,3156.13,10774.68,8822.04,774
0321,Stovner,2014,2,1058,1084,1118,34,3433341,3245.12,10865.04,8786.72,742
0321,Stovner,2014,3,1084,1107,1131,24,3526247,3253.0,10886.78,8850.43,769
0321,Stovner,2014,4,1107,1123,1154,31,3592440,3245.2,10880.84,8861.59,790
0321,Stovner,2014,5,1123,1132,1170,38,3647474,3247.97,10875.03,8875.51,805
0321,Stovner,2014,6,1132,1132,1169,37,3668017,3240.3,10919.84,8906.08,812
0321,Stovner,2014,7,1132,1053,1171,118,3675894,3247.26,10901.52,8957.76,817
0321,Stovner,2014,8,1053,1054,1095,41,3400743,3229.58,10959.89,9044.13,781
0321,Stovner,2014,9,1054,1063,1099,36,3411029,3236.27,10878.57,9075.53,789
0321,Stovner,2014,10,1063,1079,1121,42,3450511,3246.01,10863.64,9107.61,804
0321,Stovner,2014,11,1079,1096,1136,40,3498636,3242.48,10826.01,9115.0,820
0321,Stovner,2014,12,1096,1101,1135,34,3579761,3266.21,10746.61,9167.49,839
0321,Stovner,2015,1,1101,1059,1142,83,3605064,3274.35,10687.55,9230.93,846
0321,Stovner,2015,2,1059,1080,1111,31,3547257,3349.63,10838.95,9281.35,778
0321,Stovner,2015,3,1080,1096,1130,34,3644555,3374.59,10735.34,9296.25,796
0321,Stovner,2015,4,1096,1106,1144,38,3709351,3384.44,10690.44,9323.54,816
0321,Stovner,2015,5,1106,1110,1134,24,3750894,3391.41,10610.02,9362.57,825
0321,Stovner,2015,6,1110,1114,1152,38,3772131,3398.32,10558.29,9367.0,829
0321,Stovner,2015,7,1114,1035,1154,119,3796884,3408.33,10602.83,9421.38,836
0321,Stovner,2015,8,1035,1064,1089,25,3505307,3386.77,10596.34,9531.4,794
0321,Stovner,2015,9,1064,1057,1107,50,3618549,3400.89,10533.53,9585.42,825
0321,Stovner,2015,10,1057,1064,1108,44,3606148,3411.68,10312.03,9595.14,825
0321,Stovner,2015,11,1064,1071,1103,32,3629110,3410.82,10299.17,9624.37,833
0321,Stovner,2015,12,1071,1074,1110,36,3673374,3429.85,10252.45,9653.27,841
0321,Stovner,2016,1,1074,1062,1117,55,3683363,3429.57,10294.39,9686.4,850
0321,Stovner,2016,2,1062,1090,1135,45,3855657,3630.56,10332.34,9750.53,822
0321,Stovner,2016,3,1090,1109,1132,23,3959637,3632.69,10379.79,9785.54,850
0321,Stovner,2016,4,1109,1122,1146,24,4024574,3629.01,10391.64,9815.17,869
0321,Stovner,2016,5,1122,1131,1154,23,4083873,3639.82,10320.12,9824.07,876
0321,Stovner,2016,6,1131,1150,1176,26,4147384,3667.01,10291.47,9958.9,908
0321,Stovner,2016,7,1150,1072,1189,117,4234518,3682.19,10213.86,9994.95,930
0321,Stovner,2016,8,1072,1100,1123,23,3910587,3647.94,10392.87,10078.71,879
0321,Stovner,2016,9,1100,1094,1137,43,4022865,3657.15,10307.02,10121.04,906
0321,Stovner,2016,10,1094,1099,1141,42,4014767,3669.81,10264.59,10126.79,899
0321,Stovner,2016,11,1099,1115,1145,30,4028764,3665.85,10340.84,10183.11,906
0321,Stovner,2016,12,1115,1127,1170,43,4098500,3675.78,10235.25,10176.82,918
0321,Stovner,2017,1,1127,924,1161,237,4165992,3696.53,10176.0,10178.82,936
0321,Stovner,2017,2,924,965,1197,232,3412941,3693.66,10221.82,10234.51,776
0321,Stovner,2017,3,965,964,1217,253,3549785,3678.53,10478.83,10172.73,808
0321,Stovner,2017,4,964,982,1130,148,3552976,3685.66,10599.46,10246.84,807
0321,Stovner,2017,5,982,913,1117,204,3611373,3677.57,10546.73,10240.49,819
0321,Stovner,2017,6,913,946,1109,163,3350852,3670.16,10476.55,10296.25,760
0321,Stovner,2017,7,946,954,1118,164,3577055,3781.24,10689.4,10335.6,796
0321,Stovner,2017,8,954,988,1118,130,3620782,3795.37,10298.43,10327.26,800
0321,Stovner,2017,9,988,1001,1126,125,3776363,3822.23,10498.78,10449.76,837
0321,Stovner,2017,10,1001,961,1153,192,3765197,3761.44,10780.16,10414.71,845
0321,Stovner,2017,11,961,997,1151,154,3640753,3788.5,10554.66,10463.47,810
0321,Stovner,2017,12,997,1003,1143,140,3752805,3764.1,10757.08,10441.79,843
0321,Stovner,2018,1,1003,963,1154,191,3749036,3737.82,10869.76,10426.97,847
0321,Stovner,2018,2,963,1011,1153,142,3659157,3799.75,10410.5,10514.96,814
0321,Stovner,2018,3,1011,1001,1169,168,3767218,3726.23,10779.94,10435.75,852
0321,Stovner,2018,4,1001,972,1160,188,3742879,3739.14,10742.68,10473.89,853
0321,Stovner,2018,5,972,1003,1160,157,3605215,3709.07,10716.5,10542.39,828
0321,Stovner,2018,6,1003,943,1155,212,3718893,3707.77,10704.98,10520.14,851
0321,Stovner,2018,7,943,960,1154,194,3557099,3772.11,11032.5,10594.34,791
0321,Stovner,2018,8,960,963,1158,195,3662751,3815.37,10774.91,10685.45,809
0321,Stovner,2018,9,963,965,1132,167,3663405,3804.16,10650.46,10632.57,812
0321,Stovner,2018,10,965,929,1152,223,3629215,3760.84,10864.54,10592.29,810
0321,Stovner,2018,11,929,969,1146,177,3490526,3757.29,10847.14,10696.29,780
0321,Stovner,2018,12,969,946,1133,187,3650900,3767.7,10998.45,10664.56,818
0321,Stovner,2019,1,946,986,1148,162,3530173,3731.68,11028.02,10767.87,806
0321,Stovner,2019,2,986,998,1153,155,3857057,3911.82,11038.06,10837.72,840
0321,Stovner,2019,3,998,1011,1157,146,3876846,3884.62,11132.87,10765.83,841
0321,Stovner,2019,4,1011,963,1169,206,3913781,3871.2,10990.8,10788.82,855
0321,Stovner,2019,5,963,964,1153,189,3737614,3881.22,10953.84,10864.02,821
0321,Stovner,2019,6,964,936,1144,208,3713860,3852.55,11056.86,10814.16,820
0321,Stovner,2019,7,936,956,1129,173,3602827,3849.17,11445.91,10837.83,782
0321,Stovner,2019,8,956,988,1149,161,3956535,4138.63,11320.55,10923.13,780
0321,Stovner,2019,9,988,934,1163,229,4146150,4196.51,11216.4,10929.98,811
0321,Stovner,2019,10,934,978,1159,181,3882929,4157.31,11467.03,10988.31,768
0321,Stovner,2019,11,978,970,1148,178,4068266,4159.78,11596.67,11060.03,813
0321,Stovner,2019,12,970,935,1118,183,3992888,4116.38,11899.21,11063.41,806
0321,Stovner,2020,1,935,971,1139,168,3873314,4142.58,11642.98,11074.76,771
0321,Stovner,2020,2,971,978,1136,158,4026431,4146.68,11599.73,11020.77,803
0321,Stovner,2020,3,978,943,1145,202,4081695,4173.51,11544.91,11037.58,821
0321,Stovner,2020,4,943,1030,1165,135,3951089,4189.91,11552.62,11141.69,795
0321,Stovner,2020,5,1030,1050,1195,145,4933595,4789.9,12091.09,11147.47,716
0321,Stovner,2020,6,1050,1006,1215,209,4975073,4738.16,12262.4,11187.78,734
0321,Stovner,2020,7,1006,1074,1217,143,4803402,4774.75,12575.97,11152.55,661
0321,Stovner,2020,8,1074,1054,1224,170,5221506,4861.74,12348.42,11238.69,702
0321,Stovner,2020,9,1054,1095,1213,118,4943484,4690.21,12724.95,11213.17,686
0321,Stovner,2020,10,1095,1096,1227,131,5260912,4804.49,12506.0,11249.3,718
0321,Stovner,2020,11,1096,1002,1243,241,5210859,4754.43,12868.59,11267.01,726
0321,Stovner,2020,12,1002,1037,1228,191,4220652,4212.23,11991.77,11240.98,840
0321,Stovner,2021,1,1037,1069,1259,190,4396719,4239.84,12041.45,11277.49,878
0321,Stovner,2021,2,1069,1058,1218,160,4258999,3984.1,12845.99,11186.24,903
0321,Stovner,2021,3,1058,999,1237,238,4254903,4021.65,12895.83,11208.55,896
0321,Stovner,2021,4,999,1068,1244,176,3990086,3994.08,12814.55,11246.66,848
0321,Stovner,2021,5,1068,978,1213,235,4241982,3971.89,13051.79,11243.49,898
0321,Stovner,2021,6,978,917,1202,285,3733866,3817.86,13096.52,11208.93,831
0321,Stovner,2021,7,917,982,1177,195,3668755,4000.82,13229.53,11212.04,740
0321,Stovner,2021,8,982,896,1163,267,4024214,4097.98,12970.25,11311.03,799
0321,Stovner,2021,9,896,961,1130,169,3695709,4124.68,12741.56,11328.88,731
0321,Stovner,2021,10,961,977,1136,159,3911294,4070.02,13141.81,11346.01,789
0321,Stovner,2021,11,977,930,1148,218,3947821,4040.76,13328.23,11347.73,797
0321,Stovner,2021,12,930,1076,1220,144,3694803,3972.91,13533.59,11332.69,765
0321,Stovner,2022,1,1076,1120,1311,191,4339476,4032.97,15221.05,11449.21,897
0321,Stovner,2022,2,1120,1176,1354,178,4597964,4105.32,15707.94,11576.52,932
0321,Stovner,2022,3,1176,1177,1380,203,4915322,4179.7,15633.92,11570.81,972
0321,Stovner,2022,4,1177,1200,1408,208,4803546,4081.18,15953.38,11626.67,977
0321,Stovner,2022,5,1200,1141,1357,216,4979018,4149.18,15739.84,11616.8,998
0321,Stovner,2022,6,1141,1093,1361,268,4610443,4040.7,16007.1,11631.02,951
0321,Stovner,2022,7,1093,1183,1345,162,4370377,3998.52,16746.29,11648.12,900
0321,Stovner,2022,8,1183,1165,1352,187,4870569,4117.13,16429.63,11709.38,971
0321,Stovner,2022,9,1165,1204,1389,185,4637204,3980.43,16896.49,11753.92,967
0321,Stovner,2022,10,1204,1190,1400,210,4907856,4076.29,16815.0,11760.67,991
0321,Stovner,2022,11,1190,1218,1427,209,4729385,3974.27,17264.77,11763.91,987
0321,Stovner,2022,12,1218,1224,1454,230,4951386,4065.18,17250.1,11829.68,1014
0321,Stovner,2023,1,1224,1204,1451,247,4922640,4021.76,17448.06,11895.11,1031
0321,Stovner,2023,2,1204,1275,1459,184,4714170,3915.42,17698.63,11938.04,1022
0321,Stovner,2023,3,1275,1292,1480,188,5220733,4094.69,17845.73,12120.29,1089
0321,Stovner,2023,4,1292,1302,1487,185,5244061,4058.87,17987.73,12206.33,1109
0321,Stovner,2023,5,1302,1219,1473,254,5298930,4069.84,18067.46,12243.78,1124
0321,Stovner,2023,6,1219,1223,1482,259,4766158,3909.89,18388.27,12183.87,1053
0321,Stovner,2023,7,1223,1250,1509,259,5184272,4238.98,17488.58,12259.98,1027
0321,Stovner,2023,8,1250,1294,1471,177,4914577,3931.66,19078.69,12239.64,1051
0321,Stovner,2023,9,1294,1277,1486,209,5179831,4002.96,18881.16,12332.91,1094
0321,Stovner,2023,10,1277,1263,1479,216,5179658,4056.11,18809.53,12377.92,1089
0321,Stovner,2023,11,1263,1312,1503,191,4976984,3940.6,19179.85,12499.88,1088
0321,Stovner,2023,12,1312,1330,1515,185,5294031,4035.08,18942.14,12483.36,1130
0321,Stovner,2024,1,1330,1275,1525,250,5370783,4038.18,18982.38,12644.17,1151
0321,Stovner,2024,2,1275,1362,1528,166,4970708,3898.59,19188.5,12642.82,1106
0321,Stovner,2024,3,1362,1360,1544,184,5455418,4005.45,19137.69,12740.15,1182
0321,Stovner,2024,4,1360,1036,1539,503,5467328,4020.09,19002.5,12840.57,1187
0321,Stovner,2024,5,1036,1106,1537,431,4364072,4212.42,15957.77,12894.14,907
0321,Stovner,2024,6,1106,1112,1547,435,4644901,4199.73,15959.73,12921.41,973
0321,Stovner,2024,7,1112,1214,1570,356,5016530,4511.27,15659.44,13023.1,952
0321,Stovner,2024,8,1214,1205,1405,200,5416488,4461.69,17526.11,13177.38,1000
0321,Stovner,2024,9,1205,1146,1448,302,5503007,4566.81,17271.08,13173.79,999
0321,Stovner,2024,10,1146,1206,1493,287,5111611,4460.39,17657.37,13546.0,971
0321,Stovner,2024,11,1206,1233,1428,195,5356658,4441.67,18188.95,13636.53,1025
0321,Stovner,2024,12,1233,1151,1410,259,5507763,4466.96,18183.63,13685.11,1059
0321,Stovner,2025,1,1151,1220,1431,211,5063379,4399.11,18289.3,13710.34,982
0321,Stovner,2025,2,1220,1256,1424,168,5444376,4462.6,17966.95,13682.47,1040
0321,Stovner,2025,3,1256,1251,1427,176,5577425,4440.62,18162.41,13807.79,1075
0321,Stovner,2025,4,1251,1232,1431,199,5587061,4466.08,18248.04,13922.08,1075
0321,Stovner,2025,5,1232,1231,1412,181,5527888,4486.92,18190.28,14059.41,1062
0321,Stovner,2025,6,1231,1133,1417,284,5554641,4512.3,18222.57,14091.79,1059
0321,Stovner,2025,7,1133,1163,1417,254,5561300,4908.47,17227.22,14152.58,938
0321,Stovner,2025,8,1163,1179,1404,225,5669434,4874.84,18315.5,14272.07,967
0321,Stovner,2025,9,1179,1168,1364,196,5792555,4913.11,17913.69,14343.46,984
0321,Stovner,2025,10,1168,1171,1371,200,5718836,4896.26,18321.33,14427.29,982
0321,Stovner,2025,11,1171,1172,1376,204,5690230,4859.29,18411.07,14481.51,987
0321,Stovner,2025,12,1172,1161,1355,194,5644565,4816.18,18740.05,14560.8,989
0321,Stovner,2026,1,1161,1169,1368,199,5609362,4831.49,18825.59,14716.68,997
0321,Stovner,2026,2,1169,1174,1366,192,5691597,4868.77,18430.04,14736.9,1001
0321,Stovner,2026,3,1174,1189,1369,180,5731492,4882.02,18457.84,14734.2,1003
0321,Stovner,2026,4,1189,1172,1352,180,5768241,4851.34,18849.4,14832.48,1023
0321,Stovner,2026,5,1172,1155,1362,207,5653177,4823.53,18933.06,14871.47,1011
0321,Stovner,2026,6,1155,1117,1383,266,5656456,4897.36,18522.29,14871.23,1000
0321,Stovner,2026,7,1117,0,0,0,5656524,5064.03,18339.04,14951.07,940
0322,Alna,2010,1,0,1246,1308,62,0,,,,0
0322,Alna,2010,2,1246,1271,1323,52,3645980,2926.15,10535.44,7020.07,607
0322,Alna,2010,3,1271,1300,1350,50,3716265,2923.89,10571.9,7073.78,629
0322,Alna,2010,4,1300,1328,1369,41,3833400,2948.77,10491.53,7129.71,653
0322,Alna,2010,5,1328,1342,1385,43,3920724,2952.35,10421.45,7153.89,677
0322,Alna,2010,6,1342,1354,1396,42,3980730,2966.27,10396.02,7201.02,697
0322,Alna,2010,7,1354,1265,1404,139,4025417,2972.98,10391.27,7227.19,711
0322,Alna,2010,8,1265,1276,1316,40,3707562,2930.88,10921.65,7227.36,658
0322,Alna,2010,9,1276,1288,1327,39,3728631,2922.12,10941.18,7234.24,670
0322,Alna,2010,10,1288,1295,1343,48,3767906,2925.39,10945.69,7272.1,688
0322,Alna,2010,11,1295,1321,1368,47,3762345,2905.29,11076.69,7277.7,693
0322,Alna,2010,12,1321,1331,1366,35,3843885,2909.83,10993.69,7327.5,715
0322,Alna,2011,1,1331,1310,1386,76,3884590,2918.55,10986.65,7373.41,726
0322,Alna,2011,2,1310,1341,1384,43,3805916,2905.28,11092.0,7404.73,719
0322,Alna,2011,3,1341,1364,1406,42,3916483,2920.57,11047.09,7436.85,742
0322,Alna,2011,4,1364,1374,1418,44,3992813,2927.28,11007.49,7465.82,765
0322,Alna,2011,5,1374,1383,1417,34,4020961,2926.46,11021.67,7487.53,776
0322,Alna,2011,6,1383,1378,1422,44,4048653,2927.44,11029.57,7506.18,785
0322,Alna,2011,7,1378,1289,1429,140,4000085,2902.82,11096.23,7498.74,780
0322,Alna,2011,8,1289,1306,1352,46,3848788,2985.87,11698.15,7581.42,701
0322,Alna,2011,9,1306,1312,1361,49,3912372,2995.69,11617.08,7627.49,720
0322,Alna,2011,10,1312,1308,1368,60,3916779,2985.35,11744.07,7658.6,729
0322,Alna,2011,11,1308,1318,1360,42,3906229,2986.41,11787.08,7678.25,730
0322,Alna,2011,12,1318,1329,1366,37,3928567,2980.7,11734.67,7679.67,738
0322,Alna,2012,1,1329,1328,1387,59,3976552,2992.14,11734.95,7738.75,757
0322,Alna,2012,2,1328,1348,1390,42,3958566,2980.85,11686.98,7733.19,749
0322,Alna,2012,3,1348,1359,1403,44,4030239,2989.79,11641.97,7792.8,775
0322,Alna,2012,4,1359,1362,1399,37,4084951,3005.85,11571.12,7840.47,791
0322,Alna,2012,5,1362,1372,1411,39,4082790,2997.64,11560.03,7845.29,793
0322,Alna,2012,6,1372,1386,1424,38,4119534,3002.58,11543.69,7852.24,802
0322,Alna,2012,7,1386,1281,1434,153,4181891,3017.24,11466.28,7882.3,817
0322,Alna,2012,8,1281,1288,1349,61,3736799,2917.1,12070.99,15130.29,767
0322,Alna,2012,9,1288,1291,1355,64,3781490,2935.94,12085.3,15149.67,779
0322,Alna,2012,10,1291,1288,1351,63,3809110,2950.51,12084.77,15164.23,782
0322,Alna,2012,11,1288,1309,1357,48,3799790,2950.15,12091.38,15184.13,781
0322,Alna,2012,12,1309,1325,1371,46,3878860,2963.22,12033.4,8095.43,798
0322,Alna,2013,1,1325,1316,1374,58,3952641,2983.13,11947.08,8113.22,810
0322,Alna,2013,2,1316,1305,1388,83,3929267,2985.77,11875.41,8166.86,812
0322,Alna,2013,3,1305,1329,1378,49,3906018,2993.12,11875.41,8201.59,819
0322,Alna,2013,4,1329,1358,1395,37,3972972,2989.44,11849.35,8205.54,834
0322,Alna,2013,5,1358,1364,1413,49,4053874,2985.18,11877.96,8221.25,857
0322,Alna,2013,6,1364,1368,1413,45,4065166,2980.33,11844.52,8200.01,856
0322,Alna,2013,7,1368,1239,1411,172,4084725,2985.91,11830.77,8216.7,862
0322,Alna,2013,8,1239,1234,1304,70,3654122,2949.25,12085.4,8384.78,813
0322,Alna,2013,9,1234,1248,1303,55,3658066,2964.4,12072.53,8447.43,821
0322,Alna,2013,10,1248,1250,1309,59,3690852,2957.41,12099.72,8471.6,833
0322,Alna,2013,11,1250,1265,1308,43,3701928,2961.54,12016.41,8456.51,834
0322,Alna,2013,12,1265,1281,1329,48,3772045,2981.85,12039.68,8513.51,852
0322,Alna,2014,1,1281,1248,1342,94,3818112,2980.57,12035.96,8564.67,872
0322,Alna,2014,2,1248,1276,1338,62,3848433,3083.68,12063.16,8609.06,835
0322,Alna,2014,3,1276,1297,1335,38,3939324,3087.24,12055.36,8648.44,860
0322,Alna,2014,4,1297,1306,1362,56,4018013,3097.93,12021.68,8705.86,880
0322,Alna,2014,5,1306,1309,1353,44,4051768,3102.43,12043.42,8737.8,895
0322,Alna,2014,6,1309,1325,1384,59,4075514,3113.46,11954.9,8743.6,898
0322,Alna,2014,7,1325,1218,1377,159,4139818,3124.39,11862.82,8759.57,913
0322,Alna,2014,8,1218,1219,1286,67,3756937,3084.51,12309.15,8947.0,876
0322,Alna,2014,9,1219,1240,1283,43,3743977,3071.35,12366.04,8943.73,874
0322,Alna,2014,10,1240,1266,1319,53,3812964,3074.97,12344.82,8961.99,890
0322,Alna,2014,11,1266,1282,1329,47,3882975,3067.12,12465.11,8998.32,909
0322,Alna,2014,12,1282,1296,1344,48,3940786,3073.94,12392.83,9009.31,921
0322,Alna,2015,1,1296,1237,1359,122,3984497,3074.46,12362.67,9057.35,935
0322,Alna,2015,2,1237,1266,1313,47,3867559,3126.56,12257.61,9100.79,871
0322,Alna,2015,3,1266,1293,1337,44,3962483,3129.92,12195.18,9131.79,897
0322,Alna,2015,4,1293,1312,1353,41,4053064,3134.62,12120.54,9177.49,923
0322,Alna,2015,5,1312,1318,1357,39,4118878,3139.39,12041.58,9199.25,942
0322,Alna,2015,6,1318,1324,1371,47,4155774,3153.09,12021.93,9207.89,953
0322,Alna,2015,7,1324,1218,1376,158,4189582,3164.34,11986.05,9255.73,967
0322,Alna,2015,8,1218,1224,1266,42,3749019,3078.01,12160.44,9323.11,909
0322,Alna,2015,9,1224,1213,1276,63,3777992,3086.59,12148.38,9328.87,914
0322,Alna,2015,10,1213,1217,1282,65,3758206,3098.27,12142.07,9349.78,912
0322,Alna,2015,11,1217,1248,1294,46,3754523,3085.06,12218.09,9373.28,916
0322,Alna,2015,12,1248,1281,1309,28,3874539,3104.6,11949.94,9378.05,938
0322,Alna,2016,1,1281,1255,1333,78,4013155,3132.83,11815.99,9424.33,962
0322,Alna,2016,2,1255,1292,1331,39,4128811,3289.89,11931.94,9462.49,934
0322,Alna,2016,3,1292,1321,1361,40,4256800,3294.74,12003.65,9548.57,971
0322,Alna,2016,4,1321,1347,1380,33,4372246,3309.8,12004.2,9579.49,994
0322,Alna,2016,5,1347,1368,1403,35,4465212,3314.93,12004.47,9622.09,1018
0322,Alna,2016,6,1368,1372,1414,42,4571422,3341.68,11909.92,9690.89,1047
0322,Alna,2016,7,1372,1244,1415,171,4572334,3332.6,11916.72,9729.47,1050
0322,Alna,2016,8,1244,1261,1299,38,4101514,3297.04,12260.17,9818.42,963
0322,Alna,2016,9,1261,1273,1326,53,4163907,3302.07,12249.9,9830.39,978
0322,Alna,2016,10,1273,1276,1321,45,4211069,3307.99,12122.7,9859.4,991
0322,Alna,2016,11,1276,1277,1318,41,4193885,3286.74,12257.34,9844.29,995
0322,Alna,2016,12,1277,1282,1322,40,4218271,3303.27,12198.48,9887.96,996
0322,Alna,2017,1,1282,1036,1343,307,4262634,3324.99,12119.78,9914.18,1004
0322,Alna,2017,2,1036,1140,1395,255,3485055,3363.95,12218.02,10023.7,823
0322,Alna,2017,3,1140,1104,1410,306,3868867,3393.74,12362.41,9936.46,897
0322,Alna,2017,4,1104,1132,1333,201,3753192,3399.63,12364.82,9994.94,875
0322,Alna,2017,5,1132,1045,1318,273,3863554,3413.03,12359.25,9987.49,900
0322,Alna,2017,6,1045,1086,1290,204,3568832,3415.15,12160.94,10108.77,838
0322,Alna,2017,7,1086,1043,1274,231,3775668,3476.67,12561.29,10017.94,849
0322,Alna,2017,8,1043,1072,1265,193,3657475,3506.69,12323.59,10181.34,836
0322,Alna,2017,9,1072,1101,1292,191,3820505,3563.9,12164.57,10189.27,860
0322,Alna,2017,10,1101,1042,1298,256,3928681,3568.28,12215.67,10227.81,882
0322,Alna,2017,11,1042,1097,1297,200,3637967,3491.33,12540.06,10346.08,842
0322,Alna,2017,12,1097,1114,1277,163,3878599,3535.64,12496.11,10320.9,886
0322,Alna,2018,1,1114,1073,1315,242,3932852,3530.39,12737.96,10308.24,902
0322,Alna,2018,2,1073,1164,1323,159,3767602,3511.28,12512.08,10440.99,882
0322,Alna,2018,3,1164,1155,1359,204,4090841,3514.47,12703.62,10357.38,949
0322,Alna,2018,4,1155,1068,1349,281,4082603,3534.72,12570.44,10413.45,948
0322,Alna,2018,5,1068,1099,1334,235,3705184,3469.27,12644.54,10422.69,873
0322,Alna,2018,6,1099,1040,1303,263,3880900,3531.3,12574.02,10432.43,899
0322,Alna,2018,7,1040,1032,1285,253,3669099,3527.98,12863.62,10513.03,840
0322,Alna,2018,8,1032,1040,1283,243,3679558,3565.46,12495.08,10532.53,836
0322,Alna,2018,9,1040,1084,1273,189,3720411,3577.32,12566.13,10473.1,840
0322,Alna,2018,10,1084,983,1318,335,3893429,3591.72,12636.38,10537.95,876
0322,Alna,2018,11,983,1054,1276,222,3450291,3509.96,12618.09,10543.87,790
0322,Alna,2018,12,1054,1002,1256,254,3714465,3524.16,12890.94,10561.1,847
0322,Alna,2019,1,1002,1069,1272,203,3479960,3473.01,12948.6,10600.52,815
0322,Alna,2019,2,1069,1078,1274,196,3899335,3647.65,12820.24,10708.22,873
0322,Alna,2019,3,1078,1101,1285,184,3956837,3670.54,12883.79,10736.54,878
0322,Alna,2019,4,1101,1031,1275,244,4029011,3659.41,12792.04,10779.45,896
0322,Alna,2019,5,1031,1057,1266,209,3729853,3617.7,12852.5,10819.79,835
0322,Alna,2019,6,1057,1010,1263,253,3818444,3612.53,12779.46,10765.12,852
0322,Alna,2019,7,1010,1020,1249,229,3649780,3613.64,13242.53,10796.86,801
0322,Alna,2019,8,1020,1054,1242,188,4008122,3929.53,12839.1,10879.78,792
0322,Alna,2019,9,1054,999,1243,244,4192114,3977.34,12910.72,10857.2,808
0322,Alna,2019,10,999,1019,1228,209,3911029,3914.94,13128.62,10838.79,767
0322,Alna,2019,11,1019,1037,1212,175,3972920,3898.84,13188.7,10870.0,789
0322,Alna,2019,12,1037,963,1200,237,4107001,3960.46,13158.64,10895.79,806
0322,Alna,2020,1,963,1023,1212,189,3765530,3910.21,13053.38,10910.27,753
0322,Alna,2020,2,1023,1050,1235,185,4040265,3949.43,12975.43,10950.8,803
0322,Alna,2020,3,1050,995,1242,247,4167301,3968.86,13073.4,11031.2,824
0322,Alna,2020,4,995,1120,1258,138,3962474,3982.39,13037.32,11043.71,781
0322,Alna,2020,5,1120,1130,1305,175,5101151,4554.6,13408.83,11131.05,738
0322,Alna,2020,6,1130,1112,1334,222,5120259,4531.2,13348.52,11220.17,768
0322,Alna,2020,7,1112,1175,1329,154,5089268,4576.68,13763.39,11194.91,726
0322,Alna,2020,8,1175,1136,1338,202,5396285,4592.58,13759.43,11256.39,779
0322,Alna,2020,9,1136,1191,1337,146,5093167,4483.42,14037.09,11218.88,750
0322,Alna,2020,10,1191,1172,1354,182,5401899,4535.6,13928.72,11273.85,785
0322,Alna,2020,11,1172,1073,1345,272,5339135,4555.58,13834.52,11255.18,775
0322,Alna,2020,12,1073,1093,1332,239,4342285,4046.86,13026.79,11223.48,850
0322,Alna,2021,1,1093,1135,1394,259,4434555,4057.23,13152.21,11210.86,861
0322,Alna,2021,2,1135,1148,1332,184,4491873,3957.6,13784.21,11304.44,913
0322,Alna,2021,3,1148,1076,1357,281,4535945,3951.17,13772.33,11255.28,918
0322,Alna,2021,4,1076,1128,1330,202,4143571,3850.9,14103.31,11275.99,857
0322,Alna,2021,5,1128,1027,1306,279,4411681,3911.06,13942.09,11301.77,906
0322,Alna,2021,6,1027,977,1288,311,3890140,3787.87,14031.16,11415.76,844
0322,Alna,2021,7,977,1062,1268,206,3791129,3880.38,14321.43,11382.01,764
0322,Alna,2021,8,1062,1008,1249,241,4283844,4033.75,14143.45,11442.39,831
0322,Alna,2021,9,1008,1048,1221,173,4042471,4010.39,13885.03,11378.96,781
0322,Alna,2021,10,1048,1043,1253,210,4199219,4006.89,14044.76,11295.14,814
0322,Alna,2021,11,1043,957,1233,276,4169319,3997.43,13995.82,11370.41,816
0322,Alna,2021,12,957,1144,1364,220,3768583,3937.91,14101.74,11466.2,757
0322,Alna,2022,1,1144,1195,1459,264,4524094,3954.63,15868.89,11406.74,907
0322,Alna,2022,2,1195,1271,1511,240,4813880,4028.35,16695.87,11535.72,931
0322,Alna,2022,3,1271,1259,1523,264,5159540,4059.43,16612.73,11526.64,983
0322,Alna,2022,4,1259,1275,1569,294,5087527,4040.93,16879.58,11599.23,988
0322,Alna,2022,5,1275,1212,1510,298,5135779,4028.06,16735.19,11613.26,999
0322,Alna,2022,6,1212,1152,1492,340,4773396,3938.45,16988.2,11632.25,955
0322,Alna,2022,7,1152,1274,1464,190,4446930,3860.18,17737.15,11584.64,893
0322,Alna,2022,8,1274,1227,1483,256,5073196,3982.1,17392.14,11667.2,986
0322,Alna,2022,9,1227,1284,1495,211,4866111,3965.86,17252.92,11737.42,954
0322,Alna,2022,10,1284,1240,1517,277,5021614,3910.91,17457.3,11718.94,1000
0322,Alna,2022,11,1240,1280,1537,257,4753293,3833.3,18029.62,11776.2,967
0322,Alna,2022,12,1280,1297,1594,297,4990111,3898.52,17861.79,11826.09,1005
0322,Alna,2023,1,1297,1297,1664,367,4962843,3826.4,18199.47,11913.52,1024
0322,Alna,2023,2,1297,1365,1668,303,4926026,3798.02,18444.73,12013.69,1040
0322,Alna,2023,3,1365,1381,1692,311,5277365,3866.2,18575.03,12090.37,1103
0322,Alna,2023,4,1381,1393,1699,306,5327380,3857.62,18771.23,12153.51,1130
0322,Alna,2023,5,1393,1305,1665,360,5354738,3844.03,18748.52,12132.85,1138
0322,Alna,2023,6,1305,1319,1642,323,4900498,3755.17,19143.88,12283.72,1076
0322,Alna,2023,7,1319,1334,1628,294,5269185,3994.83,18801.13,12291.66,1058
0322,Alna,2023,8,1334,1369,1586,217,5068641,3799.58,20010.86,12347.4,1076
0322,Alna,2023,9,1369,1371,1594,223,5272058,3851.03,19672.25,12452.73,1103
0322,Alna,2023,10,1371,1327,1619,292,5211955,3801.57,19917.74,12471.3,1108
0322,Alna,2023,11,1327,1393,1619,226,5036364,3795.3,19797.75,12584.9,1077
0322,Alna,2023,12,1393,1391,1607,216,5273713,3785.87,19965.0,12589.43,1127
0322,Alna,2024,1,1391,1357,1651,294,5228621,3758.89,20040.09,12608.94,1130
0322,Alna,2024,2,1357,1402,1639,237,5071304,3737.14,20084.05,12689.12,1115
0322,Alna,2024,3,1402,1415,1645,230,5340431,3809.15,19877.45,12736.4,1154
0322,Alna,2024,4,1415,1039,1635,596,5423622,3832.95,19865.02,12814.29,1171
0322,Alna,2024,5,1039,1072,1595,523,4245837,4086.46,16935.97,13000.16,872
0322,Alna,2024,6,1072,1082,1603,521,4349925,4057.77,17001.97,13017.55,904
0322,Alna,2024,7,1082,1177,1620,443,4696252,4340.34,16750.03,13065.46,885
0322,Alna,2024,8,1177,1179,1394,215,5030930,4274.37,18645.1,13127.57,935
0322,Alna,2024,9,1179,1116,1446,330,5050424,4283.65,18702.71,13208.7,939
0322,Alna,2024,10,1116,1191,1475,284,4754332,4260.15,18754.55,13517.8,909
0322,Alna,2024,11,1191,1196,1431,235,5136094,4312.42,18807.77,13704.11,976
0322,Alna,2024,12,1196,1150,1419,269,5198789,4346.81,18630.43,13680.36,980
0322,Alna,2025,1,1150,1211,1430,219,4968084,4320.07,18626.77,13708.08,941
0322,Alna,2025,2,1211,1231,1413,182,5303890,4379.76,18570.71,13872.19,1004
0322,Alna,2025,3,1231,1225,1410,185,5380025,4370.45,18709.48,13949.7,1019
0322,Alna,2025,4,1225,1211,1413,202,5322415,4344.83,18873.68,14013.68,1019
0322,Alna,2025,5,1211,1193,1410,217,5343051,4412.1,19045.24,14115.76,1017
0322,Alna,2025,6,1193,1102,1409,307,5161144,4326.19,19133.47,14104.46,999
0322,Alna,2025,7,1102,1134,1390,256,5306444,4815.28,18286.47,14261.22,872
0322,Alna,2025,8,1134,1142,1394,252,5314333,4686.36,19572.46,14413.98,907
0322,Alna,2025,9,1142,1132,1346,214,5352497,4686.95,19416.54,14418.98,911
0322,Alna,2025,10,1132,1114,1343,229,5284011,4667.85,19543.91,14469.1,904
0322,Alna,2025,11,1114,1125,1364,239,5182105,4651.8,19599.44,14381.07,890
0322,Alna,2025,12,1125,1117,1337,220,5208530,4629.8,19615.9,14377.0,900
0322,Alna,2026,1,1117,1132,1343,211,5223771,4676.61,19589.93,14550.89,904
0322,Alna,2026,2,1132,1151,1360,209,5315984,4696.1,19448.85,14676.46,918
0322,Alna,2026,3,1151,1166,1364,198,5381434,4675.44,19475.34,14703.81,935
0322,Alna,2026,4,1166,1169,1378,209,5455128,4678.5,19349.32,14779.2,956
0322,Alna,2026,5,1169,1163,1406,243,5485537,4692.5,19279.49,14897.85,961
0322,Alna,2026,6,1163,1106,1446,340,5404886,4647.37,19331.29,14940.78,962
0322,Alna,2026,7,1106,0,0,0,5487471,4961.55,19110.34,15049.68,896
0323,Østensjø,2010,1,0,1029,1081,52,0,,,,0
0323,Østensjø,2010,2,1029,1054,1101,47,2837286,2757.32,10514.2,6610.51,466
0323,Østensjø,2010,3,1054,1070,1119,49,2917574,2768.1,10427.32,6622.43,484
0323,Østensjø,2010,4,1070,1087,1125,38,2978206,2783.37,10378.76,6676.66,504
0323,Østensjø,2010,5,1087,1096,1143,47,3037664,2794.54,10275.06,6698.32,517
0323,Østensjø,2010,6,1096,1114,1153,39,3066565,2797.96,10312.25,6789.78,528
0323,Østensjø,2010,7,1114,1069,1163,94,3109446,2791.24,10275.24,6744.59,543
0323,Østensjø,2010,8,1069,1084,1129,45,2904338,2716.87,11039.82,6726.51,511
0323,Østensjø,2010,9,1084,1093,1152,59,2949203,2720.67,11039.79,6746.21,522
0323,Østensjø,2010,10,1093,1106,1153,47,2970245,2717.52,11105.53,6776.43,531
0323,Østensjø,2010,11,1106,1108,1159,51,3017587,2728.38,11072.06,6808.45,546
0323,Østensjø,2010,12,1108,1120,1157,37,3037307,2741.25,11069.81,6873.39,559
0323,Østensjø,2011,1,1120,1114,1174,60,3072675,2743.46,11066.75,6902.01,572
0323,Østensjø,2011,2,1114,1142,1208,66,3040284,2729.16,11193.99,6918.78,572
0323,Østensjø,2011,3,1142,1158,1201,43,3124927,2736.36,11102.31,6948.9,598
0323,Østensjø,2011,4,1158,1181,1227,46,3183076,2748.77,11030.45,6984.49,614
0323,Østensjø,2011,5,1181,1204,1233,29,3251714,2753.36,11029.99,6998.45,631
0323,Østensjø,2011,6,1204,1213,1241,28,3328050,2764.16,11018.43,7044.74,653
0323,Østensjø,2011,7,1213,1133,1258,125,3344578,2757.28,11061.24,7071.8,663
0323,Østensjø,2011,8,1133,1151,1189,38,3180884,2807.49,11589.67,7589.54,577
0323,Østensjø,2011,9,1151,1169,1207,38,3252435,2825.75,11530.91,7604.25,593
0323,Østensjø,2011,10,1169,1170,1227,57,3317407,2837.82,11464.55,7634.59,608
0323,Østensjø,2011,11,1170,1174,1219,45,3329307,2845.56,11522.92,7674.5,610
0323,Østensjø,2011,12,1174,1178,1211,33,3338426,2843.63,11504.47,7695.66,622
0323,Østensjø,2012,1,1178,1184,1232,48,3361754,2853.78,11456.9,7745.63,632
0323,Østensjø,2012,2,1184,1184,1226,42,3371983,2847.96,11576.81,7802.31,646
0323,Østensjø,2012,3,1184,1189,1239,50,3390330,2863.45,11533.63,7814.67,651
0323,Østensjø,2012,4,1189,1197,1237,40,3413153,2870.61,11454.34,7832.88,655
0323,Østensjø,2012,5,1197,1179,1232,53,3464668,2894.46,11375.29,7877.28,667
0323,Østensjø,2012,6,1179,1187,1222,35,3439143,2917,11248.44,7899.81,661
0323,Østensjø,2012,7,1187,1072,1227,155,3478903,2930.84,11230.11,7955.83,677
0323,Østensjø,2012,8,1072,1088,1121,33,3053605,2848.51,11853.54,8089.26,623
0323,Østensjø,2012,9,1088,1097,1130,33,3106660,2855.39,11866.95,8136.14,645
0323,Østensjø,2012,10,1097,1091,1138,47,3142493,2864.62,11908.31,8180.08,659
0323,Østensjø,2012,11,1091,1099,1140,41,3109423,2850.07,12022.94,8295.53,655
0323,Østensjø,2012,12,1099,1112,1140,28,3151556,2867.66,12009.17,8244.57,675
0323,Østensjø,2013,1,1112,1088,1148,60,3217220,2893.18,11883.6,8253.99,683
0323,Østensjø,2013,2,1088,1074,1145,71,3158624,2903.15,11911.1,8296.75,669
0323,Østensjø,2013,3,1074,1092,1130,38,3131146,2915.41,11889.17,8305.97,660
0323,Østensjø,2013,4,1092,1104,1141,37,3186588,2918.12,11785.51,8327.93,672
0323,Østensjø,2013,5,1104,1122,1164,42,3213494,2910.77,11789.63,7851.66,679
0323,Østensjø,2013,6,1122,1115,1153,38,3270324,2914.73,11778.54,7914.51,701
0323,Østensjø,2013,7,1115,1035,1147,112,3258949,2922.82,11829.21,7964.17,704
0323,Østensjø,2013,8,1035,1034,1090,56,2973857,2873.29,12398.18,8164.49,683
0323,Østensjø,2013,9,1034,1041,1085,44,2999400,2900.77,12375.89,8240.31,693
0323,Østensjø,2013,10,1041,1049,1094,45,3028549,2909.27,12399.44,8271.05,701
0323,Østensjø,2013,11,1049,1066,1101,35,3067318,2924.04,12337.97,8318.95,720
0323,Østensjø,2013,12,1066,1068,1110,42,3127597,2933.96,12149.48,8352.2,735
0323,Østensjø,2014,1,1068,1043,1106,63,3149439,2948.91,12025.87,8388.84,738
0323,Østensjø,2014,2,1043,1073,1108,35,3167343,3036.76,12151.95,8436.38,712
0323,Østensjø,2014,3,1073,1076,1115,39,3255064,3033.61,12143.13,8477.7,743
0323,Østensjø,2014,4,1076,1086,1122,36,3264560,3033.98,12085.04,8507.01,745
0323,Østensjø,2014,5,1086,1092,1129,37,3312433,3050.12,12032.69,8532.95,754
0323,Østensjø,2014,6,1092,1101,1127,26,3354983,3072.33,11883.14,8554.88,759
0323,Østensjø,2014,7,1101,1006,1131,125,3398359,3086.61,11785.69,8600.13,769
0323,Østensjø,2014,8,1006,1005,1054,49,3028769,3010.7,12140.96,8707.7,721
0323,Østensjø,2014,9,1005,1003,1052,49,3022312,3007.28,12175.57,8707.44,720
0323,Østensjø,2014,10,1003,1021,1061,40,3010089,3001.09,12136.06,8714.63,716
0323,Østensjø,2014,11,1021,1027,1065,38,3056487,2993.62,12096.32,8754.04,734
0323,Østensjø,2014,12,1027,1043,1075,32,3099619,3018.13,12033.36,8774.42,747
0323,Østensjø,2015,1,1043,1000,1082,82,3146760,3017.03,11957.57,8773.13,758
0323,Østensjø,2015,2,1000,1021,1065,44,3049434,3049.43,12193.23,8843.47,718
0323,Østensjø,2015,3,1021,1031,1065,34,3146678,3081.96,11981.65,8899.12,741
0323,Østensjø,2015,4,1031,1037,1083,46,3176094,3080.6,11948.5,8918.7,749
0323,Østensjø,2015,5,1037,1044,1072,28,3223652,3108.63,11806.37,8955.08,752
0323,Østensjø,2015,6,1044,1039,1071,32,3260928,3123.49,11742.03,8973.79,760
0323,Østensjø,2015,7,1039,961,1085,124,3258496,3136.18,11668.09,9016.22,764
0323,Østensjø,2015,8,961,973,1004,31,2992195,3113.63,12131.14,9118.97,725
0323,Østensjø,2015,9,973,967,1020,53,3038642,3122.96,12012.97,9146.31,738
0323,Østensjø,2015,10,967,990,1024,34,3024551,3127.77,11886.95,9166.4,735
0323,Østensjø,2015,11,990,1011,1038,27,3107245,3138.63,11828.13,9208.42,758
0323,Østensjø,2015,12,1011,1018,1063,45,3205093,3170.22,11665.96,9213.92,773
0323,Østensjø,2016,1,1018,984,1058,74,3237597,3180.35,11641.99,9204.27,781
0323,Østensjø,2016,2,984,1003,1032,29,3198582,3250.59,11743.03,9148.33,728
0323,Østensjø,2016,3,1003,1036,1076,40,3280330,3270.52,11638.33,9187.67,745
0323,Østensjø,2016,4,1036,1050,1084,34,3413743,3295.12,11516.8,9218.02,769
0323,Østensjø,2016,5,1050,1061,1092,31,3479567,3313.87,11433.57,9246.59,782
0323,Østensjø,2016,6,1061,1073,1100,27,3542270,3338.61,11358.51,9319.93,803
0323,Østensjø,2016,7,1073,983,1111,128,3581017,3337.39,11310.34,9349.97,813
0323,Østensjø,2016,8,983,991,1040,49,3228138,3283.97,11417.15,9389.38,754
0323,Østensjø,2016,9,991,995,1058,63,3277089,3306.85,11387.12,9440.15,766
0323,Østensjø,2016,10,995,1006,1047,41,3292985,3309.53,11364.68,9505.24,777
0323,Østensjø,2016,11,1006,1024,1051,27,3323260,3303.44,11370.89,9531.8,786
0323,Østensjø,2016,12,1024,1025,1062,37,3392648,3313.13,11290.87,9542.03,799
0323,Østensjø,2017,1,1025,871,1095,224,3406518,3323.43,11160.55,9544.28,801
0323,Østensjø,2017,2,871,928,1139,211,2910362,3341.4,10956.21,9471.23,675
0323,Østensjø,2017,3,928,934,1147,213,3118998,3360.99,10942.78,9427.46,704
0323,Østensjø,2017,4,934,932,1068,136,3109469,3329.2,11125.85,9446.28,715
0323,Østensjø,2017,5,932,864,1049,185,3110152,3337.07,10861.19,9437.28,711
0323,Østensjø,2017,6,864,878,1050,172,2880068,3333.41,10691.76,9478.57,667
0323,Østensjø,2017,7,878,898,1056,158,2988110,3403.31,10987.57,9480.05,667
0323,Østensjø,2017,8,898,913,1057,144,3096852,3448.61,10605.52,9478.95,681
0323,Østensjø,2017,9,913,920,1062,142,3160190,3461.33,10804.67,9558.91,697
0323,Østensjø,2017,10,920,885,1060,175,3182447,3459.18,10749.51,9586.98,712
0323,Østensjø,2017,11,885,919,1062,143,3043941,3439.48,10911.47,9671.38,696
0323,Østensjø,2017,12,919,915,1058,143,3159414,3437.88,10975.22,9614.39,717
0323,Østensjø,2018,1,915,886,1067,181,3109438,3398.29,11151.62,9658.39,717
0323,Østensjø,2018,2,886,937,1058,121,3001843,3388.08,10799.65,9635.96,690
0323,Østensjø,2018,3,937,927,1068,141,3219541,3436.01,10886.8,9665.17,736
0323,Østensjø,2018,4,927,894,1070,176,3172169,3421.97,11029.94,9737.71,737
0323,Østensjø,2018,5,894,934,1082,148,3106261,3474.56,10556.5,9770.0,706
0323,Østensjø,2018,6,934,864,1068,204,3222579,3450.3,10736.96,9841.3,755
0323,Østensjø,2018,7,864,878,1057,179,2998472,3470.45,10643.35,9888.2,692
0323,Østensjø,2018,8,878,916,1078,162,3101886,3532.9,10439.19,9885.45,702
0323,Østensjø,2018,9,916,902,1057,155,3234742,3531.38,10527.21,9872.9,729
0323,Østensjø,2018,10,902,875,1083,208,3153868,3496.53,10561.39,9857.54,715
0323,Østensjø,2018,11,875,894,1064,170,3046296,3481.48,10721.11,9979.0,707
0323,Østensjø,2018,12,894,871,1076,205,3114163,3483.4,10819.87,9978.78,723
0323,Østensjø,2019,1,871,909,1082,173,3053787,3506.07,10431.13,9965.79,705
0323,Østensjø,2019,2,909,929,1071,142,3242322,3566.91,10565.85,10025.8,732
0323,Østensjø,2019,3,929,918,1071,153,3351773,3607.94,10533.86,10055.54,749
0323,Østensjø,2019,4,918,907,1079,172,3308978,3604.55,10555.18,10054.16,738
0323,Østensjø,2019,5,907,915,1064,149,3239375,3571.53,10507.59,10042.28,731
0323,Østensjø,2019,6,915,863,1047,184,3285038,3590.21,10501.27,10109.89,747
0323,Østensjø,2019,7,863,887,1037,150,3076328,3564.69,10928.24,10139.97,695
0323,Østensjø,2019,8,887,887,1043,156,3411111,3845.67,10995.7,10219.41,697
0323,Østensjø,2019,9,887,866,1036,170,3446705,3885.8,10796.91,10214.29,705
0323,Østensjø,2019,10,866,901,1039,138,3324539,3838.96,11088.88,10243.65,691
0323,Østensjø,2019,11,901,898,1028,130,3500614,3885.25,11006.1,10344.22,723
0323,Østensjø,2019,12,898,871,1018,147,3487562,3883.7,10966.47,10316.74,717
0323,Østensjø,2020,1,871,888,1026,138,3355170,3852.09,11022.19,10341.53,698
0323,Østensjø,2020,2,888,890,1022,132,3426697,3858.89,11139.55,10431.0,717
0323,Østensjø,2020,3,890,880,1040,160,3434963,3859.51,11226.49,10399.08,718
0323,Østensjø,2020,4,880,945,1060,115,3344194,3800.22,11482.76,10449.0,707
0323,Østensjø,2020,5,945,942,1069,127,4220650,4466.3,11752.09,10560.15,617
0323,Østensjø,2020,6,942,890,1077,187,4145493,4400.74,11884.71,10530.3,613
0323,Østensjø,2020,7,890,944,1074,130,3925979,4411.21,12222.49,10466.19,553
0323,Østensjø,2020,8,944,925,1082,157,4213951,4463.93,12259.36,10531.07,587
0323,Østensjø,2020,9,925,944,1061,117,4046678,4374.79,12678.84,10618.73,582
0323,Østensjø,2020,10,944,939,1061,122,4238146,4489.56,12282.84,10658.99,599
0323,Østensjø,2020,11,939,863,1062,199,4146439,4415.8,12465.15,10627.94,591
0323,Østensjø,2020,12,863,871,1049,178,3296868,3820.24,11977.09,10624.33,695
0323,Østensjø,2021,1,871,897,1074,177,3374452,3874.23,11884.19,10524.52,699
0323,Østensjø,2021,2,897,907,1024,117,3266212,3641.26,12733.63,10578.78,725
0323,Østensjø,2021,3,907,861,1037,176,3337943,3680.2,12746.04,10563.28,729
0323,Østensjø,2021,4,861,901,1023,122,3134291,3640.29,12771.71,10592.17,702
0323,Østensjø,2021,5,901,818,1016,198,3334041,3700.38,12673.71,10619.6,739
0323,Østensjø,2021,6,818,739,998,259,2881015,3522.02,12946.09,10704.59,670
0323,Østensjø,2021,7,739,818,985,167,2821716,3818.29,12461.49,10610.88,571
0323,Østensjø,2021,8,818,789,995,206,3096844,3785.87,12782.38,10657.98,641
0323,Østensjø,2021,9,789,818,945,127,2975176,3770.82,12621.8,10636.1,614
0323,Østensjø,2021,10,818,807,958,151,3070109,3753.19,12875.81,10666.43,640
0323,Østensjø,2021,11,807,761,957,196,3061230,3793.35,12666.48,10627.0,624
0323,Østensjø,2021,12,761,902,1040,138,2867292,3767.8,12609.55,10692.07,593
0323,Østensjø,2022,1,902,925,1095,170,3388269,3756.4,14335.68,10678.7,702
0323,Østensjø,2022,2,925,976,1135,159,3519999,3805.4,14509.84,10672.7,697
0323,Østensjø,2022,3,976,973,1172,199,3789889,3883.08,14345.62,10718.36,736
0323,Østensjø,2022,4,973,960,1187,227,3720908,3824.16,14864.34,10797.5,752
0323,Østensjø,2022,5,960,931,1136,205,3706596,3861.04,14644.34,10837.27,747
0323,Østensjø,2022,6,931,915,1153,238,3513829,3774.25,14750.97,10878.61,730
0323,Østensjø,2022,7,915,979,1148,169,3346171,3657.02,15545.29,10780.59,705
0323,Østensjø,2022,8,979,977,1163,186,3705667,3785.16,15208.41,10853.22,755
0323,Østensjø,2022,9,977,994,1176,182,3707591,3794.87,15148.66,10966.41,772
0323,Østensjø,2022,10,994,1002,1189,187,3773412,3796.19,15372.29,11609.85,776
0323,Østensjø,2022,11,1002,1044,1249,205,3705414,3698.02,15918.96,11065.01,790
0323,Østensjø,2022,12,1044,1036,1288,252,3897629,3733.36,15987.04,11703.25,821
0323,Østensjø,2023,1,1036,1027,1274,247,3834484,3701.24,16060.97,11694.79,819
0323,Østensjø,2023,2,1027,1094,1299,205,3735777,3637.56,16369.06,11793.68,823
0323,Østensjø,2023,3,1094,1103,1268,165,4103894,3751.27,16309.23,11849.64,877
0323,Østensjø,2023,4,1103,1115,1266,151,4106078,3722.65,16461.0,11906.75,889
0323,Østensjø,2023,5,1115,1050,1259,209,4173455,3743.01,16564.75,11952.01,903
0323,Østensjø,2023,6,1050,1044,1240,196,3874346,3689.85,16665.24,11448.35,865
0323,Østensjø,2023,7,1044,1044,1249,205,4128495,3954.5,15902.88,11484.99,824
0323,Østensjø,2023,8,1044,1103,1241,138,3847881,3685.71,17588.32,12114.67,830
0323,Østensjø,2023,9,1103,1112,1262,150,4136639,3750.35,17065.6,12086.22,868
0323,Østensjø,2023,10,1112,1087,1280,193,4161334,3742.21,17041.93,12152.18,880
0323,Østensjø,2023,11,1087,1140,1301,161,3931334,3616.68,17962.92,11665.36,864
0323,Østensjø,2023,12,1140,1120,1287,167,4175711,3662.9,17609.8,12186.09,897
0323,Østensjø,2024,1,1120,1125,1298,173,4139594,3696.07,17532.46,12257.83,879
0323,Østensjø,2024,2,1125,1171,1300,129,4072837,3620.3,17858.7,11796.08,892
0323,Østensjø,2024,3,1171,1203,1347,144,4398634,3756.31,17234.05,11822.73,917
0323,Østensjø,2024,4,1203,933,1348,415,4497035,3738.18,17076.86,11802.18,931
0323,Østensjø,2024,5,933,988,1332,344,3643392,3905.03,14042.53,11782.47,716
0323,Østensjø,2024,6,988,991,1348,357,3871118,3918.14,14467.1,11841.27,756
0323,Østensjø,2024,7,991,1083,1375,292,4245711,4284.27,13308.97,11960.78,724
0323,Østensjø,2024,8,1083,1093,1250,157,4401169,4063.87,16286.39,12041.81,772
0323,Østensjø,2024,9,1093,1026,1268,242,4512985,4128.99,16106.99,12125.2,790
0323,Østensjø,2024,10,1026,1075,1298,223,4224488,4117.43,15869.73,12359.11,763
0323,Østensjø,2024,11,1075,1071,1240,169,4425151,4116.42,16008.85,12342.69,794
0323,Østensjø,2024,12,1071,1021,1222,201,4364663,4075.32,16354.03,12395.84,796
0323,Østensjø,2025,1,1021,1081,1218,137,4149878,4064.52,16515.45,12542.75,768
0323,Østensjø,2025,2,1081,1072,1211,139,4433884,4101.65,16531.35,12633.34,827
0323,Østensjø,2025,3,1072,1068,1208,140,4404257,4108.45,16441.3,12652.83,825
0323,Østensjø,2025,4,1068,1068,1196,128,4408295,4127.62,16461.47,12719.61,827
0323,Østensjø,2025,5,1068,1036,1184,148,4381096,4102.15,16351.85,12727.47,827
0323,Østensjø,2025,6,1036,948,1179,231,4235724,4088.54,16257.47,12780.51,804
0323,Østensjø,2025,7,948,946,1157,211,4424560,4667.26,14169.14,12867.89,687
0323,Østensjø,2025,8,946,947,1155,208,4209786,4450.09,16105.63,12935.76,693
0323,Østensjø,2025,9,947,956,1100,144,4248955,4486.75,16285.37,13142.93,711
0323,Østensjø,2025,10,956,945,1113,168,4250938,4446.59,16598.9,13268.4,724
0323,Østensjø,2025,11,945,951,1091,140,4204447,4449.15,16509.51,13256.04,718
0323,Østensjø,2025,12,951,948,1077,129,4225433,4443.15,16707.84,13329.03,722
0323,Østensjø,2026,1,948,934,1086,152,4160588,4388.81,16880.16,13431.0,730
0323,Østensjø,2026,2,934,948,1087,139,4133213,4425.28,16540.59,13486.01,720
0323,Østensjø,2026,3,948,932,1079,147,4195349,4425.47,16672.39,13517.97,729
0323,Østensjø,2026,4,932,934,1074,140,4133263,4434.83,16861.82,13600.62,725
0323,Østensjø,2026,5,934,920,1126,206,4163192,4457.38,16707.24,13749.05,740
0323,Østensjø,2026,6,920,908,1118,210,4091241,4447.0,16556.34,13687.15,726
0323,Østensjø,2026,7,908,0,0,0,4384897,4829.18,15432.1,13812.99,688
0324,Nordstrand,2010,1,0,742,801,59,0,,,,0
0324,Nordstrand,2010,2,742,766,802,36,2143641,2889.0,10372.64,6785.8,340
0324,Nordstrand,2010,3,766,786,809,23,2207733,2882.16,10298.64,6790.93,357
0324,Nordstrand,2010,4,786,796,824,28,2249510,2861.97,10356.62,6841.35,376
0324,Nordstrand,2010,5,796,807,834,27,2285146,2870.79,10351.44,6847.02,382
0324,Nordstrand,2010,6,807,815,834,19,2321610,2876.84,10376.56,6884.2,389
0324,Nordstrand,2010,7,815,788,857,69,2362925,2899.29,10286.84,6926.99,399
0324,Nordstrand,2010,8,788,795,824,29,2281626,2895.46,10849.64,6995.79,396
0324,Nordstrand,2010,9,795,803,847,44,2294987,2886.78,10931.68,7008.11,400
0324,Nordstrand,2010,10,803,803,845,42,2310105,2876.84,10863.09,6999.7,398
0324,Nordstrand,2010,11,803,808,847,39,2319786,2888.9,10787.42,6996.83,398
0324,Nordstrand,2010,12,808,811,837,26,2331274,2885.24,10868.65,7053.27,409
0324,Nordstrand,2011,1,811,797,851,54,2348939,2896.35,10803.61,7080.4,414
0324,Nordstrand,2011,2,797,803,842,39,2310017,2898.39,10760.29,7053.1,407
0324,Nordstrand,2011,3,803,822,856,34,2332930,2905.27,10821.04,7127.34,425
0324,Nordstrand,2011,4,822,833,867,34,2376302,2890.88,10889.2,7144.9,443
0324,Nordstrand,2011,5,833,841,859,18,2412037,2895.6,10833.15,7160.66,445
0324,Nordstrand,2011,6,841,848,870,22,2452124,2915.72,10751.87,7190.78,456
0324,Nordstrand,2011,7,848,804,901,97,2472888,2916.14,10781.11,7219.52,465
0324,Nordstrand,2011,8,804,807,846,39,2361320,2936.97,11506.92,7315.76,417
0324,Nordstrand,2011,9,807,820,846,26,2381351,2950.87,11438.64,7355.82,422
0324,Nordstrand,2011,10,820,825,860,35,2431146,2964.81,11339.66,7393.22,434
0324,Nordstrand,2011,11,825,839,875,36,2465036,2987.92,11293.44,7430.23,447
0324,Nordstrand,2011,12,839,835,858,23,2523668,3007.95,11212.56,7470.87,457
0324,Nordstrand,2012,1,835,813,866,53,2499810,2993.78,11301.5,7462.57,460
0324,Nordstrand,2012,2,813,816,850,34,2429960,2988.88,11471.41,7505.28,455
0324,Nordstrand,2012,3,816,827,862,35,2456487,3010.4,11415.88,7553.85,464
0324,Nordstrand,2012,4,827,839,864,25,2479355,2998.01,11466.03,7591.8,478
0324,Nordstrand,2012,5,839,839,869,30,2514933,2997.54,11400.86,7612.83,489
0324,Nordstrand,2012,6,839,841,865,24,2518751,3002.09,11369.57,7641.38,492
0324,Nordstrand,2012,7,841,760,865,105,2536807,3016.42,11324.97,7698.2,501
0324,Nordstrand,2012,8,760,760,790,30,2197792,2891.83,12241.34,7720.95,458
0324,Nordstrand,2012,9,760,754,799,45,2209255,2906.91,12157.04,7755.96,461
0324,Nordstrand,2012,10,754,746,788,42,2203823,2922.84,12109.74,7766.83,460
0324,Nordstrand,2012,11,746,757,793,36,2188757,2933.99,12133.99,7793.15,459
0324,Nordstrand,2012,12,757,762,793,31,2217484,2929.31,12143.77,7885.18,478
0324,Nordstrand,2013,1,762,750,792,42,2240540,2940.34,12020.77,7904.71,483
0324,Nordstrand,2013,2,750,736,807,71,2217431,2956.57,11982.43,7945.91,482
0324,Nordstrand,2013,3,736,752,796,44,2183955,2967.33,11966.83,7981.49,481
0324,Nordstrand,2013,4,752,772,801,29,2244974,2985.34,11793.93,8002.44,495
0324,Nordstrand,2013,5,772,778,799,21,2327459,3014.84,11590.92,8039.17,516
0324,Nordstrand,2013,6,778,783,814,31,2343414,3012.1,11542.65,8058.83,524
0324,Nordstrand,2013,7,783,731,818,87,2358333,3011.92,11436.76,8073.79,527
0324,Nordstrand,2013,8,731,731,765,34,2164165,2960.55,11798.08,8202.57,511
0324,Nordstrand,2013,9,731,725,776,51,2140509,2928.19,12016.44,8236.93,516
0324,Nordstrand,2013,10,725,724,769,45,2117740,2921.02,12022.89,8255.16,512
0324,Nordstrand,2013,11,724,742,778,36,2133933,2947.42,11895.69,8335.27,522
0324,Nordstrand,2013,12,742,743,766,23,2203581,2969.79,11705.83,8353.56,536
0324,Nordstrand,2014,1,743,735,789,54,2214248,2980.15,11641.43,8336.14,537
0324,Nordstrand,2014,2,735,751,790,39,2251347,3063.06,11735.08,8412.61,527
0324,Nordstrand,2014,3,751,768,804,36,2309898,3075.76,11628.2,8466.73,546
0324,Nordstrand,2014,4,768,776,817,41,2380523,3099.64,11543.22,8534.37,565
0324,Nordstrand,2014,5,776,795,816,21,2418014,3116.0,11421.38,8603.69,575
0324,Nordstrand,2014,6,795,808,824,16,2497605,3141.64,11226.65,8645.34,590
0324,Nordstrand,2014,7,808,745,842,97,2548320,3153.86,11137.16,8656.24,604
0324,Nordstrand,2014,8,745,744,792,48,2305008,3093.97,11524.25,8759.4,571
0324,Nordstrand,2014,9,744,741,790,49,2297588,3088.16,11410.18,8749.81,567
0324,Nordstrand,2014,10,741,750,802,52,2287910,3087.6,11232.24,8707.13,567
0324,Nordstrand,2014,11,750,760,789,29,2304542,3072.72,11367.35,8737.88,580
0324,Nordstrand,2014,12,760,763,803,40,2347759,3089.16,11263.87,8738.33,589
0324,Nordstrand,2015,1,763,732,807,75,2360426,3093.61,11160.84,8762.69,597
0324,Nordstrand,2015,2,732,751,784,33,2328135,3180.51,11083.24,8805.96,538
0324,Nordstrand,2015,3,751,761,795,34,2403706,3200.67,11027.11,8847.29,552
0324,Nordstrand,2015,4,761,776,817,41,2451283,3221.13,11005.19,8929.15,565
0324,Nordstrand,2015,5,776,784,818,34,2498424,3219.62,10919.56,8910.34,576
0324,Nordstrand,2015,6,784,779,813,34,2518747,3212.69,11011.98,8936.63,582
0324,Nordstrand,2015,7,779,731,826,95,2514561,3227.93,10964.18,8955.7,581
0324,Nordstrand,2015,8,731,734,765,31,2360779,3229.52,10912.8,9055.71,552
0324,Nordstrand,2015,9,734,738,776,38,2367304,3225.21,10998.59,9061.24,555
0324,Nordstrand,2015,10,738,744,791,47,2367920,3208.56,10965.65,9056.57,565
0324,Nordstrand,2015,11,744,748,783,35,2386214,3207.28,10964.03,9068.66,565
0324,Nordstrand,2015,12,748,774,791,17,2400754,3209.56,10821.29,9069.56,571
0324,Nordstrand,2016,1,774,748,811,63,2481677,3206.3,10775.56,9107.56,592
0324,Nordstrand,2016,2,748,764,801,37,2487848,3326,10701.16,9135.14,571
0324,Nordstrand,2016,3,764,769,793,24,2541788,3326.95,10494.03,9119.21,580
0324,Nordstrand,2016,4,769,786,815,29,2578032,3352.45,10339.24,9135.43,585
0324,Nordstrand,2016,5,786,791,827,36,2637666,3355.81,10172.95,9121.93,602
0324,Nordstrand,2016,6,791,795,823,28,2674321,3380.94,9984.5,9150.76,612
0324,Nordstrand,2016,7,795,729,824,95,2698668,3394.55,9870.05,9172.57,618
0324,Nordstrand,2016,8,729,727,766,39,2381273,3266.49,10402.23,9142.09,567
0324,Nordstrand,2016,9,727,720,775,55,2384902,3280.47,10298.15,9138.44,562
0324,Nordstrand,2016,10,720,711,754,43,2341787,3252.48,10624.31,9165.55,563
0324,Nordstrand,2016,11,711,733,769,36,2311658,3251.28,10717.59,9220.05,561
0324,Nordstrand,2016,12,733,743,775,32,2401676,3276.5,10455.81,9213.67,582
0324,Nordstrand,2017,1,743,614,818,204,2455053,3304.24,10357.62,9280.82,595
0324,Nordstrand,2017,2,614,680,853,173,1967774,3204.84,11693.18,9346.31,497
0324,Nordstrand,2017,3,680,676,873,197,2200406,3235.89,11546.34,9294.43,546
0324,Nordstrand,2017,4,676,694,822,128,2158429,3192.94,11580.49,9286.35,545
0324,Nordstrand,2017,5,694,637,821,184,2214740,3191.27,11544.63,9296.97,564
0324,Nordstrand,2017,6,637,681,824,143,2027444,3182.8,11445.96,9391.73,518
0324,Nordstrand,2017,7,681,653,805,152,2203555,3235.76,11987.28,9279.0,543
0324,Nordstrand,2017,8,653,682,805,123,2131481,3264.14,11572.04,9410.32,526
0324,Nordstrand,2017,9,682,706,836,130,2240728,3285.52,11577.07,9379.51,545
0324,Nordstrand,2017,10,706,657,841,184,2282442,3232.92,11968.84,9399.08,565
0324,Nordstrand,2017,11,657,703,852,149,2117708,3223.3,11803.51,9470.45,531
0324,Nordstrand,2017,12,703,714,836,122,2286646,3252.7,11842.17,9377.62,559
0324,Nordstrand,2018,1,714,673,847,174,2325435,3256.91,11782.76,9454.36,572
0324,Nordstrand,2018,2,673,737,852,115,2159525,3208.8,11612.42,9446.86,537
0324,Nordstrand,2018,3,737,743,864,121,2388587,3240.96,11785.39,9419.69,582
0324,Nordstrand,2018,4,743,685,872,187,2421673,3259.32,11606.17,9465.37,594
0324,Nordstrand,2018,5,685,727,854,127,2222696,3244.81,11411.89,9501.47,554
0324,Nordstrand,2018,6,727,668,849,181,2343521,3223.55,11524.69,9472.39,576
0324,Nordstrand,2018,7,668,670,842,172,2170902,3249.85,11608.06,9563.47,530
0324,Nordstrand,2018,8,670,700,868,168,2209647,3297.98,11552.52,9593.25,529
0324,Nordstrand,2018,9,700,711,836,125,2311607,3302.3,11519.5,9541.48,554
0324,Nordstrand,2018,10,711,662,866,204,2348696,3303.37,11486.92,9619.71,570
0324,Nordstrand,2018,11,662,695,839,144,2196022,3317.25,11260.08,9710.09,537
0324,Nordstrand,2018,12,695,657,842,185,2319311,3337.14,11221.63,9681.77,561
0324,Nordstrand,2019,1,657,691,851,160,2182409,3321.78,11054.96,9702.31,531
0324,Nordstrand,2019,2,691,690,833,143,2344317,3392.64,11007.51,9756.68,556
0324,Nordstrand,2019,3,690,696,835,139,2327557,3373.27,11337.73,9756.31,553
0324,Nordstrand,2019,4,696,634,835,201,2353316,3381.2,11591.74,9795.86,558
0324,Nordstrand,2019,5,634,677,832,155,2169111,3421.31,11307.65,9890.59,513
0324,Nordstrand,2019,6,677,638,817,179,2244713,3315.68,11670.44,9766.22,542
0324,Nordstrand,2019,7,638,638,814,176,2150242,3370.29,11619.36,9817.29,495
0324,Nordstrand,2019,8,638,682,813,131,2259802,3542.01,11679.06,9890.58,493
0324,Nordstrand,2019,9,682,647,807,160,2439857,3577.5,11292.91,9777.87,523
0324,Nordstrand,2019,10,647,673,814,141,2310022,3570.36,11490.48,9877.29,496
0324,Nordstrand,2019,11,673,667,809,142,2352960,3496.23,11978.39,9883.32,525
0324,Nordstrand,2019,12,667,615,793,178,2367404,3549.33,12007.08,9901.37,520
0324,Nordstrand,2020,1,615,675,788,113,2189694,3560.48,11796.88,10024.72,483
0324,Nordstrand,2020,2,675,667,778,111,2386785,3535.98,12110.73,9981.79,533
0324,Nordstrand,2020,3,667,623,800,177,2360585,3539.11,12322.57,10014.6,528
0324,Nordstrand,2020,4,623,709,817,108,2201428,3533.59,12212.24,9964.37,493
0324,Nordstrand,2020,5,709,690,828,138,2905248,4097.67,13016.93,10072.68,439
0324,Nordstrand,2020,6,690,655,838,183,2803646,4063.26,12934.6,10054.97,428
0324,Nordstrand,2020,7,655,718,835,117,2665291,4069.15,13384.32,9976.25,359
0324,Nordstrand,2020,8,718,686,827,141,2972609,4140.12,13260.44,10127.54,411
0324,Nordstrand,2020,9,686,729,837,108,2812379,4099.68,13199.21,10160.94,399
0324,Nordstrand,2020,10,729,742,840,98,3015811,4136.91,13044.31,10143.83,421
0324,Nordstrand,2020,11,742,636,857,221,3090123,4164.59,12897.75,10200.07,432
0324,Nordstrand,2020,12,636,662,825,163,2317547,3643.94,11922.72,10183.61,501
0324,Nordstrand,2021,1,662,701,863,162,2432513,3674.49,12206.84,10233.54,528
0324,Nordstrand,2021,2,701,704,839,135,2445333,3488.35,12888.25,10256.67,564
0324,Nordstrand,2021,3,704,650,843,193,2450753,3481.18,13048.35,10277.49,562
0324,Nordstrand,2021,4,650,701,839,138,2201458,3386.86,13136.48,10293.75,519
0324,Nordstrand,2021,5,701,639,836,197,2423901,3457.78,13187.82,10315.23,560
0324,Nordstrand,2021,6,639,571,802,231,2094799,3278.25,13304.72,10332.2,521
0324,Nordstrand,2021,7,571,624,779,155,2044442,3580.46,13363.82,10360.88,431
0324,Nordstrand,2021,8,624,568,775,207,2262575,3625.92,13307.41,10349.16,469
0324,Nordstrand,2021,9,568,595,737,142,2033374,3579.88,13387.96,10446.61,434
0324,Nordstrand,2021,10,595,607,747,140,2121059,3564.81,13923.78,10457.24,460
0324,Nordstrand,2021,11,607,537,721,184,2122573,3496.83,14231.45,10431.16,470
0324,Nordstrand,2021,12,537,643,776,133,1862792,3468.89,14225.28,10581.83,422
0324,Nordstrand,2022,1,643,663,821,158,2296028,3570.81,15651.12,10623.0,515
0324,Nordstrand,2022,2,663,702,842,140,2320755,3500.38,16353.71,10625.43,518
0324,Nordstrand,2022,3,702,687,849,162,2557675,3643.41,15669.42,10611.81,548
0324,Nordstrand,2022,4,687,702,891,189,2452513,3569.89,16464.72,10682.43,541
0324,Nordstrand,2022,5,702,678,849,171,2521158,3591.39,16412.11,10720.62,556
0324,Nordstrand,2022,6,678,643,841,198,2293729,3383.08,17121.15,10813.04,545
0324,Nordstrand,2022,7,643,714,829,115,2167827,3371.43,18061.78,10738.16,504
0324,Nordstrand,2022,8,714,698,849,151,2483015,3477.61,17624.13,10841.44,564
0324,Nordstrand,2022,9,698,722,869,147,2389463,3423.3,17628.34,10917.06,559
0324,Nordstrand,2022,10,722,731,890,159,2512221,3479.53,17578.25,10907.5,572
0324,Nordstrand,2022,11,731,747,925,178,2446147,3346.3,18012.15,10971.97,585
0324,Nordstrand,2022,12,747,764,956,192,2547115,3409.79,17418.89,10957.67,594
0324,Nordstrand,2023,1,764,762,952,190,2626694,3438.08,17391.68,10999.14,611
0324,Nordstrand,2023,2,762,810,978,168,2523897,3312.2,17584.08,10998.34,613
0324,Nordstrand,2023,3,810,825,995,170,2864076,3535.9,17126.59,11087.53,658
0324,Nordstrand,2023,4,825,853,1006,153,2878946,3489.63,17421.47,11190.31,673
0324,Nordstrand,2023,5,853,806,997,191,2966188,3477.36,17536.54,11223.84,700
0324,Nordstrand,2023,6,806,809,1008,199,2703295,3353.96,17772.16,11342.75,675
0324,Nordstrand,2023,7,809,805,997,192,3030206,3745.62,16206.49,11457.96,658
0324,Nordstrand,2023,8,805,834,989,155,2728019,3388.84,18723.82,11406.17,656
0324,Nordstrand,2023,9,834,831,991,160,2861786,3431.4,18511.57,11374.46,671
0324,Nordstrand,2023,10,831,810,1025,215,2901502,3491.58,18521.3,11510.95,682
0324,Nordstrand,2023,11,810,846,1044,198,2736996,3379.01,18748.18,11636.09,671
0324,Nordstrand,2023,12,846,877,1053,176,2949209,3486.06,18434.79,11748.86,708
0324,Nordstrand,2024,1,877,858,1056,198,3056892,3485.62,18426.52,11838.4,744
0324,Nordstrand,2024,2,858,900,1038,138,2883399,3360.6,18604.34,11891.64,729
0324,Nordstrand,2024,3,900,913,1056,143,3218552,3576.17,17714.61,11902.74,759
0324,Nordstrand,2024,4,913,668,1045,377,3264215,3575.26,17729.36,11938.63,768
0324,Nordstrand,2024,5,668,688,1044,356,2609856,3906.97,14318.56,12046.17,561
0324,Nordstrand,2024,6,688,709,1053,344,2689991,3909.87,14211.48,12101.88,580
0324,Nordstrand,2024,7,709,775,1076,301,3021829,4262.1,13424.56,12264.63,592
0324,Nordstrand,2024,8,775,770,919,149,3080513,3974.86,16645.2,12243.41,614
0324,Nordstrand,2024,9,770,717,944,227,3098587,4024.14,16202.01,12264.89,616
0324,Nordstrand,2024,10,717,759,968,209,2893697,4035.84,16246.18,12507.42,586
0324,Nordstrand,2024,11,759,765,926,161,3061432,4033.51,16519.88,12564.59,619
0324,Nordstrand,2024,12,765,720,914,194,3103162,4056.42,16540.79,12663.22,630
0324,Nordstrand,2025,1,720,773,921,148,2869164,3984.95,16662.28,12918.59,609
0324,Nordstrand,2025,2,773,766,916,150,3114222,4028.75,16516.41,12806.31,642
0324,Nordstrand,2025,3,766,770,918,148,3101163,4048.52,16828.19,12905.32,642
0324,Nordstrand,2025,4,770,763,909,146,3126616,4060.54,16931.05,12966.45,649
0324,Nordstrand,2025,5,763,761,905,144,3108447,4073.98,16907.54,13096.27,647
0324,Nordstrand,2025,6,761,692,898,206,3055277,4014.82,17089.87,13140.35,646
0324,Nordstrand,2025,7,692,683,885,202,3209384,4637.84,14803.47,13273.01,551
0324,Nordstrand,2025,8,683,691,884,193,3018499,4419.47,16542.58,13286.57,550
0324,Nordstrand,2025,9,691,696,860,164,3106657,4495.89,16435.57,13334.1,554
0324,Nordstrand,2025,10,696,703,858,155,3097712,4450.74,16717.23,13333.71,557
0324,Nordstrand,2025,11,703,707,860,153,3127731,4449.12,16676.34,13415.17,567
0324,Nordstrand,2025,12,707,711,862,151,3201341,4528.06,16183.58,13456.93,576
0324,Nordstrand,2026,1,711,726,876,150,3176506,4467.66,16530.22,13490.85,574
0324,Nordstrand,2026,2,726,745,871,126,3285485,4525.46,16179.74,13463.08,587
0324,Nordstrand,2026,3,745,739,890,151,3408618,4575.33,15906.94,13517.35,608
0324,Nordstrand,2026,4,739,752,891,139,3322680,4496.18,16412.9,13519.4,604
0324,Nordstrand,2026,5,752,739,940,201,3412870,4538.39,16112.07,13503.95,620
0324,Nordstrand,2026,6,739,701,943,242,3393806,4592.43,15605.42,13591.28,611
0324,Nordstrand,2026,7,701,0,0,0,3432468,4896.53,14847.16,13660.5,552
0325,Søndre Nordstrand,2010,1,0,1082,1129,47,0,,,,0
0325,Søndre Nordstrand,2010,2,1082,1086,1155,69,3511895,3245.74,9916.78,7658.33,613
0325,Søndre Nordstrand,2010,3,1086,1109,1151,42,3519986,3241.24,9932.37,7658.94,614
0325,Søndre Nordstrand,2010,4,1109,1116,1161,45,3593308,3240.13,9876.92,7709.62,636
0325,Søndre Nordstrand,2010,5,1116,1111,1163,52,3611304,3235.94,9866.97,7737.48,648
0325,Søndre Nordstrand,2010,6,1111,1105,1165,60,3604645,3244.5,9831.65,7749.68,648
0325,Søndre Nordstrand,2010,7,1105,1045,1168,123,3582496,3242.08,9820.08,7761.33,648
0325,Søndre Nordstrand,2010,8,1045,1062,1105,43,3301960,3159.77,10790.88,7771.88,615
0325,Søndre Nordstrand,2010,9,1062,1083,1139,56,3357880,3161.85,10845.09,7846.41,636
0325,Søndre Nordstrand,2010,10,1083,1074,1162,88,3410297,3148.94,10878.46,7854.22,653
0325,Søndre Nordstrand,2010,11,1074,1088,1143,55,3366705,3134.73,10948.66,7894.54,651
0325,Søndre Nordstrand,2010,12,1088,1104,1149,45,3402089,3126.92,10992.75,7913.54,663
0325,Søndre Nordstrand,2011,1,1104,1093,1171,78,3460010,3134.07,10957.58,7951.44,683
0325,Søndre Nordstrand,2011,2,1093,1121,1173,52,3414547,3124.01,10960.54,7979.27,677
0325,Søndre Nordstrand,2011,3,1121,1144,1204,60,3497341,3119.84,10921.32,8003.97,704
0325,Søndre Nordstrand,2011,4,1144,1143,1208,65,3569748,3120.41,10878.76,8024.59,719
0325,Søndre Nordstrand,2011,5,1143,1158,1203,45,3575513,3128.18,10898.57,8049.18,718
0325,Søndre Nordstrand,2011,6,1158,1166,1210,44,3629529,3134.31,10789.7,8073.72,729
0325,Søndre Nordstrand,2011,7,1166,1069,1201,132,3652210,3132.26,10783.57,8095.47,739
0325,Søndre Nordstrand,2011,8,1069,1075,1132,57,3423082,3202.13,11484.27,8121.55,659
0325,Søndre Nordstrand,2011,9,1075,1078,1139,61,3442054,3201.91,11488.29,8154.6,667
0325,Søndre Nordstrand,2011,10,1078,1062,1149,87,3440570,3191.62,11515.32,8163.6,677
0325,Søndre Nordstrand,2011,11,1062,1082,1124,42,3403857,3205.14,11540.15,8207.18,673
0325,Søndre Nordstrand,2011,12,1082,1080,1134,54,3473003,3209.8,11575.93,8280.32,693
0325,Søndre Nordstrand,2012,1,1080,1088,1149,61,3486877,3228.59,11564.79,8329.28,702
0325,Søndre Nordstrand,2012,2,1088,1093,1146,53,3510610,3226.66,11543.75,8343.86,707
0325,Søndre Nordstrand,2012,3,1093,1108,1175,67,3537222,3236.25,11469.19,8381.37,722
0325,Søndre Nordstrand,2012,4,1108,1128,1170,42,3594030,3243.71,11382.45,8428.71,732
0325,Søndre Nordstrand,2012,5,1128,1124,1180,56,3672792,3256.02,11366.84,8487.82,750
0325,Søndre Nordstrand,2012,6,1124,1127,1185,58,3652855,3249.87,11364.99,8500.35,750
0325,Søndre Nordstrand,2012,7,1127,1045,1185,140,3675559,3261.37,11362.05,8533.72,755
0325,Søndre Nordstrand,2012,8,1045,1053,1121,68,3339922,3196.1,11637.91,8567.22,696
0325,Søndre Nordstrand,2012,9,1053,1067,1132,65,3360596,3191.45,11569.52,8598.24,701
0325,Søndre Nordstrand,2012,10,1067,1080,1129,49,3391160,3178.22,11632.74,8655.77,721
0325,Søndre Nordstrand,2012,11,1080,1071,1141,70,3455365,3199.41,11489.7,8695.12,732
0325,Søndre Nordstrand,2012,12,1071,1081,1119,38,3425544,3198.45,11518.18,8687.65,729
0325,Søndre Nordstrand,2013,1,1081,1061,1130,69,3455142,3196.25,11524.47,8733.29,739
0325,Søndre Nordstrand,2013,2,1061,1036,1134,98,3385784,3191.13,11498.92,8738.78,731
0325,Søndre Nordstrand,2013,3,1036,1070,1124,54,3304162,3189.35,11618.2,8801.25,720
0325,Søndre Nordstrand,2013,4,1070,1093,1146,53,3430470,3206.05,11512.54,8869.43,749
0325,Søndre Nordstrand,2013,5,1093,1094,1150,56,3526703,3226.63,11415.42,8917.63,771
0325,Søndre Nordstrand,2013,6,1094,1090,1128,38,3540890,3236.65,11299.02,8962.93,776
0325,Søndre Nordstrand,2013,7,1090,1020,1154,134,3529839,3238.38,11351.97,8999.74,776
0325,Søndre Nordstrand,2013,8,1020,1025,1099,74,3223728,3160.52,11705.8,9009.17,733
0325,Søndre Nordstrand,2013,9,1025,1053,1112,59,3262305,3182.74,11538.36,9062.5,741
0325,Søndre Nordstrand,2013,10,1053,1053,1110,57,3375302,3205.42,11445.86,9139.35,774
0325,Søndre Nordstrand,2013,11,1053,1082,1128,46,3360506,3191.36,11444.78,9177.72,778
0325,Søndre Nordstrand,2013,12,1082,1081,1136,55,3473548,3210.3,11359.73,9220.76,805
0325,Søndre Nordstrand,2014,1,1081,1082,1141,59,3466469,3206.72,11428.85,9251.81,806
0325,Søndre Nordstrand,2014,2,1082,1100,1150,50,3571558,3300.89,11579.8,9296.1,798
0325,Søndre Nordstrand,2014,3,1100,1099,1148,49,3665262,3332.06,11507.29,9348.29,817
0325,Søndre Nordstrand,2014,4,1099,1104,1160,56,3655944,3326.61,11458.45,9339.32,815
0325,Søndre Nordstrand,2014,5,1104,1124,1187,63,3666894,3321.46,11380.87,9341.28,815
0325,Søndre Nordstrand,2014,6,1124,1153,1230,77,3735895,3323.75,11354.36,9373.7,838
0325,Søndre Nordstrand,2014,7,1153,1098,1223,125,3856038,3344.35,11272.97,9457.67,873
0325,Søndre Nordstrand,2014,8,1098,1118,1199,81,3523936,3209.41,11888.09,9550.87,839
0325,Søndre Nordstrand,2014,9,1118,1142,1220,78,3603871,3223.5,11783.84,9632.61,864
0325,Søndre Nordstrand,2014,10,1142,1162,1237,75,3717671,3255.4,11578.31,9697.16,883
0325,Søndre Nordstrand,2014,11,1162,1180,1273,93,3798329,3268.79,11501.35,9751.08,906
0325,Søndre Nordstrand,2014,12,1180,1168,1232,64,3845039,3258.51,11454.7,9730.13,918
0325,Søndre Nordstrand,2015,1,1168,1139,1267,128,3817969,3268.81,11375.02,9744.21,908
0325,Søndre Nordstrand,2015,2,1139,1175,1256,81,3817959,3352.03,11348.99,9787.08,873
0325,Søndre Nordstrand,2015,3,1175,1209,1286,77,3971656,3380.13,11405.73,9899.61,916
0325,Søndre Nordstrand,2015,4,1209,1232,1279,47,4106700,3396.77,11388.4,9940.83,943
0325,Søndre Nordstrand,2015,5,1232,1237,1310,73,4184643,3396.63,11397.02,9984.79,966
0325,Søndre Nordstrand,2015,6,1237,1262,1313,51,4189417,3386.76,11433.73,10006.12,973
0325,Søndre Nordstrand,2015,7,1262,1157,1320,163,4284515,3395.02,11341.79,10036.48,995
0325,Søndre Nordstrand,2015,8,1157,1162,1233,71,3927487,3394.54,11264.51,10125.55,924
0325,Søndre Nordstrand,2015,9,1162,1149,1245,96,3972623,3418.78,11230.93,10170.55,934
0325,Søndre Nordstrand,2015,10,1149,1173,1230,57,3937946,3427.28,11046.27,10176.27,930
0325,Søndre Nordstrand,2015,11,1173,1174,1233,59,4012310,3420.55,11093.52,10166.96,947
0325,Søndre Nordstrand,2015,12,1174,1189,1245,56,4017156,3421.77,11016.01,10171.07,950
0325,Søndre Nordstrand,2016,1,1189,1144,1266,122,4091123,3440.81,10954.97,10200.79,965
0325,Søndre Nordstrand,2016,2,1144,1180,1234,54,4185113,3658.32,10927.76,10181.28,920
0325,Søndre Nordstrand,2016,3,1180,1204,1270,66,4331739,3670.97,10981.29,10234.62,956
0325,Søndre Nordstrand,2016,4,1204,1225,1309,84,4402815,3656.82,10959.13,10249.81,979
0325,Søndre Nordstrand,2016,5,1225,1235,1294,59,4480863,3657.85,10964.65,10283.81,999
0325,Søndre Nordstrand,2016,6,1235,1261,1316,55,4536477,3673.26,10901.84,10348.51,1016
0325,Søndre Nordstrand,2016,7,1261,1154,1314,160,4646456,3684.74,10740.35,10345.78,1040
0325,Søndre Nordstrand,2016,8,1154,1163,1236,73,4176879,3619.48,10787.15,10433.41,965
0325,Søndre Nordstrand,2016,9,1163,1176,1233,57,4234503,3641.02,10789.8,10478.38,980
0325,Søndre Nordstrand,2016,10,1176,1182,1242,60,4276123,3636.16,10754.72,10510.42,996
0325,Søndre Nordstrand,2016,11,1182,1203,1258,55,4301102,3638.83,10687.69,10481.7,999
0325,Søndre Nordstrand,2016,12,1203,1228,1272,44,4374256,3636.12,10610.57,10493.9,1012
0325,Søndre Nordstrand,2017,1,1228,1044,1310,266,4484598,3651.95,10497.09,10515.16,1031
0325,Søndre Nordstrand,2017,2,1044,1119,1352,233,3832972,3671.43,10063.5,10479.14,880
0325,Søndre Nordstrand,2017,3,1119,1157,1414,257,4169073,3725.71,9850.87,10454.19,935
0325,Søndre Nordstrand,2017,4,1157,1181,1346,165,4230683,3656.6,10278.53,10497.67,964
0325,Søndre Nordstrand,2017,5,1181,1102,1353,251,4333822,3669.62,10188.82,10462.58,986
0325,Søndre Nordstrand,2017,6,1102,1128,1347,219,4046537,3671.99,10166.9,10564.63,930
0325,Søndre Nordstrand,2017,7,1128,1135,1356,221,4227372,3747.67,10485.58,10600.03,946
0325,Søndre Nordstrand,2017,8,1135,1181,1391,210,4298042,3786.82,10379.2,10713.36,959
0325,Søndre Nordstrand,2017,9,1181,1169,1372,203,4524032,3830.68,10462.31,10786.76,1004
0325,Søndre Nordstrand,2017,10,1169,1116,1375,259,4484472,3836.16,10412.53,10791.21,993
0325,Søndre Nordstrand,2017,11,1116,1152,1354,202,4238666,3798.09,10557.22,10839.59,955
0325,Søndre Nordstrand,2017,12,1152,1173,1366,193,4382187,3803.98,10551.09,10822.29,992
0325,Søndre Nordstrand,2018,1,1173,1144,1376,232,4438996,3784.31,10693.19,10817.76,1008
0325,Søndre Nordstrand,2018,2,1144,1196,1383,187,4343977,3797.18,10575.98,10930.89,999
0325,Søndre Nordstrand,2018,3,1196,1207,1395,188,4575598,3825.75,10520.05,10859.44,1029
0325,Søndre Nordstrand,2018,4,1207,1189,1385,196,4586830,3800.19,10595.93,10859.7,1038
0325,Søndre Nordstrand,2018,5,1189,1192,1380,188,4470195,3759.63,10591.39,10915.96,1030
0325,Søndre Nordstrand,2018,6,1192,1123,1357,234,4476559,3755.5,10712.17,10900.73,1036
0325,Søndre Nordstrand,2018,7,1123,1103,1357,254,4256442,3790.24,10684.95,10911.71,971
0325,Søndre Nordstrand,2018,8,1103,1138,1363,225,4266560,3868.14,10258.52,10994.4,960
0325,Søndre Nordstrand,2018,9,1138,1132,1314,182,4417911,3882.17,10396.18,10961.17,985
0325,Søndre Nordstrand,2018,10,1132,1067,1351,284,4395316,3882.79,10524.27,11006.83,988
0325,Søndre Nordstrand,2018,11,1067,1139,1353,214,4086147,3829.57,10720.18,11065.15,934
0325,Søndre Nordstrand,2018,12,1139,1098,1350,252,4385079,3849.94,10875.87,11103.23,999
0325,Søndre Nordstrand,2019,1,1098,1122,1337,215,4213487,3837.42,10765.76,11171.53,977
0325,Søndre Nordstrand,2019,2,1122,1145,1310,165,4487765,3999.79,10670.09,11283.75,989
0325,Søndre Nordstrand,2019,3,1145,1138,1303,165,4592318,4010.76,10892.53,11237.17,1010
0325,Søndre Nordstrand,2019,4,1138,1087,1294,207,4573628,4019.01,10824.26,11282.83,1005
0325,Søndre Nordstrand,2019,5,1087,1093,1303,210,4324669,3978.54,10779.77,11289.47,957
0325,Søndre Nordstrand,2019,6,1093,1086,1280,194,4338388,3969.25,10919.63,11255.44,963
0325,Søndre Nordstrand,2019,7,1086,1070,1275,205,4254001,3917.13,11184.0,11301.93,942
0325,Søndre Nordstrand,2019,8,1070,1079,1267,188,4572740,4273.59,11122.27,11474.7,918
0325,Søndre Nordstrand,2019,9,1079,1075,1271,196,4695767,4351.96,10856.14,11420.72,918
0325,Søndre Nordstrand,2019,10,1075,1091,1283,192,4604358,4283.12,11006.48,11502.82,923
0325,Søndre Nordstrand,2019,11,1091,1119,1283,164,4666239,4277.03,11120.28,11444.49,932
0325,Søndre Nordstrand,2019,12,1119,1059,1278,219,4757022,4251.14,11373.22,11444.05,946
0325,Søndre Nordstrand,2020,1,1059,1107,1281,174,4520564,4268.71,11220.37,11511.5,906
0325,Søndre Nordstrand,2020,2,1107,1126,1302,176,4696094,4242.18,11349.18,11515.92,942
0325,Søndre Nordstrand,2020,3,1126,1105,1317,212,4806392,4268.55,11279.37,11477.19,956
0325,Søndre Nordstrand,2020,4,1105,1198,1333,135,4695760,4249.56,11441.58,11589.4,943
0325,Søndre Nordstrand,2020,5,1198,1175,1357,182,5802838,4843.77,11854.55,11574.99,864
0325,Søndre Nordstrand,2020,6,1175,1130,1356,226,5644543,4803.87,11926.88,11561.29,857
0325,Søndre Nordstrand,2020,7,1130,1222,1363,141,5557705,4918.32,12563.51,11696.32,799
0325,Søndre Nordstrand,2020,8,1222,1222,1376,154,6032464,4936.55,12368.47,11664.67,853
0325,Søndre Nordstrand,2020,9,1222,1245,1382,137,5916070,4841.3,12882.35,11780.11,870
0325,Søndre Nordstrand,2020,10,1245,1261,1395,134,6146496,4936.94,12217.08,11742.92,882
0325,Søndre Nordstrand,2020,11,1261,1164,1403,239,6243579,4951.29,12422.26,11826.95,900
0325,Søndre Nordstrand,2020,12,1164,1216,1421,205,5083331,4367.12,11723.04,11864.41,1011
0325,Søndre Nordstrand,2021,1,1216,1230,1461,231,5360429,4408.25,11632.59,11851.34,1061
0325,Søndre Nordstrand,2021,2,1230,1245,1410,165,5218224,4242.46,12151.67,11826.27,1075
0325,Søndre Nordstrand,2021,3,1245,1156,1427,271,5292227,4250.78,12265.38,11825.32,1087
0325,Søndre Nordstrand,2021,4,1156,1229,1407,178,4852316,4197.51,12215.71,11864.13,1018
0325,Søndre Nordstrand,2021,5,1229,1117,1387,270,5159636,4198.24,12529.51,11858.39,1081
0325,Søndre Nordstrand,2021,6,1117,1062,1349,287,4614090,4130.79,12541.37,11993.46,995
0325,Søndre Nordstrand,2021,7,1062,1136,1331,195,4473604,4212.43,12837.7,11932.34,907
0325,Søndre Nordstrand,2021,8,1136,1066,1309,243,4907134,4319.66,12672.34,11964.69,967
0325,Søndre Nordstrand,2021,9,1066,1085,1302,217,4468552,4191.89,12786.13,11984.9,911
0325,Søndre Nordstrand,2021,10,1085,1091,1310,219,4706487,4337.78,12523.43,11975.14,927
0325,Søndre Nordstrand,2021,11,1091,1037,1300,263,4688549,4297.48,12661.17,11979.09,936
0325,Søndre Nordstrand,2021,12,1037,1144,1336,192,4416218,4258.65,12612.03,12006.63,888
0325,Søndre Nordstrand,2022,1,1144,1200,1400,200,4991220,4362.95,14004.69,12093.93,991
0325,Søndre Nordstrand,2022,2,1200,1250,1418,168,5245470,4371.23,15012.89,12117.26,997
0325,Søndre Nordstrand,2022,3,1250,1246,1447,201,5573462,4458.77,14975.6,12119.91,1036
0325,Søndre Nordstrand,2022,4,1246,1260,1479,219,5487292,4403.93,15342.21,12236.19,1047
0325,Søndre Nordstrand,2022,5,1260,1243,1465,222,5602363,4446.32,15133.86,12268.34,1063
0325,Søndre Nordstrand,2022,6,1243,1160,1468,308,5338065,4294.5,15600.61,12296.88,1057
0325,Søndre Nordstrand,2022,7,1160,1259,1459,200,4917468,4239.2,16527.74,12283.3,987
0325,Søndre Nordstrand,2022,8,1259,1234,1464,230,5524726,4388.19,15577.46,12195.69,1051
0325,Søndre Nordstrand,2022,9,1234,1250,1484,234,5203831,4217.04,16310.56,12259.89,1039
0325,Søndre Nordstrand,2022,10,1250,1248,1485,237,5386936,4309.55,16255.15,12317.38,1055
0325,Søndre Nordstrand,2022,11,1248,1277,1497,220,5284765,4234.59,16897.66,12467.09,1068
0325,Søndre Nordstrand,2022,12,1277,1252,1505,253,5383939,4216.08,16931.36,12415.06,1089
0325,Søndre Nordstrand,2023,1,1252,1274,1521,247,5200603,4153.84,17403.09,12480.57,1073
0325,Søndre Nordstrand,2023,2,1274,1336,1526,190,5168843,4057.18,17956.23,12596.04,1097
0325,Søndre Nordstrand,2023,3,1336,1329,1548,219,5656157,4233.65,17482.05,12625.04,1144
0325,Søndre Nordstrand,2023,4,1329,1351,1543,192,5584852,4202.3,17385.99,12635.1,1142
0325,Søndre Nordstrand,2023,5,1351,1269,1547,278,5660469,4189.84,17642.45,12775.41,1170
0325,Søndre Nordstrand,2023,6,1269,1270,1528,258,5187712,4088.03,18010.38,12775.22,1111
0325,Søndre Nordstrand,2023,7,1270,1303,1551,248,5481753,4316.34,17904.33,12863.22,1075
0325,Søndre Nordstrand,2023,8,1303,1340,1523,183,5362343,4115.38,18800.72,12925.94,1117
0325,Søndre Nordstrand,2023,9,1340,1329,1537,208,5668227,4230.02,18415.93,13026.97,1149
0325,Søndre Nordstrand,2023,10,1329,1310,1525,215,5640825,4244.41,18240.41,13053.55,1136
0325,Søndre Nordstrand,2023,11,1310,1359,1557,198,5369542,4098.89,18897.99,13097.14,1127
0325,Søndre Nordstrand,2023,12,1359,1365,1567,202,5736875,4221.39,18444.06,13246.9,1174
0325,Søndre Nordstrand,2024,1,1365,1361,1589,228,5732707,4199.79,18305.54,13193.52,1178
0325,Søndre Nordstrand,2024,2,1361,1405,1585,180,5519735,4055.65,19230.64,13374.74,1188
0325,Søndre Nordstrand,2024,3,1405,1424,1590,166,5911451,4207.44,18717.02,13396.73,1225
0325,Søndre Nordstrand,2024,4,1424,1129,1594,465,5985666,4203.42,18772.06,13517.6,1247
0325,Søndre Nordstrand,2024,5,1129,1160,1593,433,4930915,4367.51,15671.07,13632.41,988
0325,Søndre Nordstrand,2024,6,1160,1131,1627,496,5048652,4352.29,15902.67,13730.0,1016
0325,Søndre Nordstrand,2024,7,1131,1278,1642,364,5250572,4642.42,15530.47,13792.15,967
0325,Søndre Nordstrand,2024,8,1278,1275,1492,217,5817480,4552.02,17643.3,13843.16,1079
0325,Søndre Nordstrand,2024,9,1275,1226,1577,351,5841943,4581.92,17633.34,13946.88,1093
0325,Søndre Nordstrand,2024,10,1226,1328,1610,282,5656115,4613.47,17690.26,14270.04,1060
0325,Søndre Nordstrand,2024,11,1328,1299,1537,238,6167280,4644.04,17921.11,14318.09,1143
0325,Søndre Nordstrand,2024,12,1299,1246,1498,252,6011998,4628.17,18033.13,14350.58,1119
0325,Søndre Nordstrand,2025,1,1246,1311,1525,214,5738192,4605.29,18255.08,14533.0,1081
0325,Søndre Nordstrand,2025,2,1311,1317,1508,191,6150151,4691.19,17930.95,14535.93,1141
0325,Søndre Nordstrand,2025,3,1317,1324,1511,187,6192921,4702.29,18061.0,14665.38,1157
0325,Søndre Nordstrand,2025,4,1324,1310,1509,199,6261938,4729.56,17952.02,14686.72,1163
0325,Søndre Nordstrand,2025,5,1310,1289,1494,205,6159641,4702.02,18115.04,14753.15,1153
0325,Søndre Nordstrand,2025,6,1289,1199,1495,296,6004837,4658.52,18167.98,14761.6,1135
0325,Søndre Nordstrand,2025,7,1199,1239,1494,255,6121863,5105.81,17291.38,14898.51,1026
0325,Søndre Nordstrand,2025,8,1239,1262,1485,223,6133811,4950.61,18575.09,14920.76,1055
0325,Søndre Nordstrand,2025,9,1262,1249,1429,180,6357633,5037.74,18118.0,15068.1,1081
0325,Søndre Nordstrand,2025,10,1249,1246,1443,197,6227069,4985.64,18426.86,15050.77,1071
0325,Søndre Nordstrand,2025,11,1246,1264,1476,212,6241607,5009.32,18413.33,15102.84,1070
0325,Søndre Nordstrand,2025,12,1264,1250,1464,214,6349507,5023.34,18594.4,15225.45,1094
0325,Søndre Nordstrand,2026,1,1250,1259,1467,208,6282441,5025.95,18493.07,15239.0,1091
0325,Søndre Nordstrand,2026,2,1259,1268,1456,188,6299488,5003.56,18459.52,15307.67,1103
0325,Søndre Nordstrand,2026,3,1268,1271,1476,205,6382459,5033.49,18509.29,15377.31,1114
0325,Søndre Nordstrand,2026,4,1271,1259,1466,207,6452614,5076.8,18528.82,15380.59,1113
0325,Søndre Nordstrand,2026,5,1259,1208,1461,253,6372436,5061.51,18748.01,15490.72,1109
0325,Søndre Nordstrand,2026,6,1208,1176,1464,288,6118668,5065.12,18388.57,15498.69,1071
0325,Søndre Nordstrand,2026,7,1176,0,0,0,6241362,5307.28,17993.78,15544.99,1013
